# 光路映射: input_x input_y -> output_x output_y
# 有效光线数: 16302
# columns: in_x in_y out_x out_y
-1.630000 -1.630000 -1.630000 -1.630000
-1.587008 -1.630000 -1.587008 -1.630000
-1.544016 -1.630000 -1.544016 -1.630000
-1.501024 -1.630000 -1.501024 -1.630000
-1.458031 -1.630000 -1.458031 -1.630000
-1.415039 -1.630000 -1.415039 -1.630000
-1.372047 -1.630000 -1.372047 -1.630000
-1.329055 -1.630000 -1.329055 -1.630000
-1.286063 -1.630000 -1.286063 -1.630000
-1.243071 -1.630000 -1.243071 -1.630000
-1.200079 -1.630000 -1.200079 -1.630000
-1.157087 -1.630000 -1.157087 -1.630000
-1.114094 -1.630000 -1.114094 -1.630000
-1.071102 -1.630000 -1.071102 -1.630000
-1.028110 -1.630000 -1.028110 -1.630000
-0.985118 -1.630000 -0.985118 -1.630000
-0.942126 -1.630000 -0.942126 -1.630000
-0.899134 -1.630000 -0.899134 -1.630000
-0.856142 -1.630000 -0.856142 -1.630000
-0.813150 -1.630000 -0.813150 -1.630000
-0.770157 -1.630000 -0.770157 -1.630000
-0.727165 -1.630000 -0.727165 -1.630000
-0.684173 -1.630000 -0.684173 -1.630000
-0.641181 -1.630000 -0.641181 -1.630000
-0.598189 -1.630000 -0.598189 -1.630000
-0.555197 -1.630000 -0.555197 -1.630000
-0.512205 -1.630000 -0.512205 -1.630000
-0.469213 -1.630000 -0.469213 -1.630000
-0.426220 -1.630000 -0.426220 -1.630000
-0.383228 -1.630000 -0.383228 -1.630000
-0.340236 -1.630000 -0.340236 -1.630000
-0.297244 -1.630000 -0.297244 -1.630000
-0.254252 -1.630000 -0.254252 -1.630000
-0.211260 -1.630000 -0.211260 -1.630000
-0.168268 -1.630000 -0.168268 -1.630000
-0.125276 -1.630000 -0.125276 -1.630000
-0.082283 -1.630000 -0.082283 -1.630000
-0.039291 -1.630000 -0.039291 -1.630000
0.003701 -1.630000 0.003701 -1.630000
0.046693 -1.630000 0.046693 -1.630000
0.089685 -1.630000 0.089685 -1.630000
0.132677 -1.630000 0.132677 -1.630000
0.175669 -1.630000 0.175669 -1.630000
0.218661 -1.630000 0.218661 -1.630000
0.261654 -1.630000 0.261654 -1.630000
0.304646 -1.630000 0.304646 -1.630000
0.347638 -1.630000 0.347638 -1.630000
0.390630 -1.630000 0.390630 -1.630000
0.433622 -1.630000 0.433622 -1.630000
0.476614 -1.630000 0.476614 -1.630000
0.519606 -1.630000 0.519606 -1.630000
0.562598 -1.630000 0.562598 -1.630000
0.605591 -1.630000 0.605591 -1.630000
0.648583 -1.630000 0.648583 -1.630000
0.691575 -1.630000 0.691575 -1.630000
0.734567 -1.630000 0.734567 -1.630000
0.777559 -1.630000 0.777559 -1.630000
0.820551 -1.630000 0.820551 -1.630000
0.863543 -1.630000 0.863543 -1.630000
0.906535 -1.630000 0.906535 -1.630000
0.949528 -1.630000 0.949528 -1.630000
0.992520 -1.630000 0.992520 -1.630000
1.035512 -1.630000 1.035512 -1.630000
1.078504 -1.630000 1.078504 -1.630000
1.121496 -1.630000 1.121496 -1.630000
1.164488 -1.630000 1.164488 -1.630000
1.207480 -1.630000 1.207480 -1.630000
1.250472 -1.630000 1.250472 -1.630000
1.293465 -1.630000 1.293465 -1.630000
1.336457 -1.630000 1.336457 -1.630000
1.379449 -1.630000 1.379449 -1.630000
1.422441 -1.630000 1.422441 -1.630000
1.465433 -1.630000 1.465433 -1.630000
1.508425 -1.630000 1.508425 -1.630000
1.551417 -1.630000 1.551417 -1.630000
1.594409 -1.630000 1.594409 -1.630000
1.637402 -1.630000 1.637402 -1.630000
1.680394 -1.630000 1.680394 -1.630000
1.723386 -1.630000 1.723386 -1.630000
1.766378 -1.630000 1.766378 -1.630000
1.809370 -1.630000 1.809370 -1.630000
1.852362 -1.630000 1.852362 -1.630000
1.895354 -1.630000 1.895354 -1.630000
1.938346 -1.630000 1.938346 -1.630000
1.981339 -1.630000 1.981339 -1.630000
2.024331 -1.630000 2.024331 -1.630000
2.067323 -1.630000 2.067323 -1.630000
2.110315 -1.630000 2.110315 -1.630000
2.153307 -1.630000 2.153307 -1.630000
2.196299 -1.630000 2.196299 -1.630000
2.239291 -1.630000 2.239291 -1.630000
2.282283 -1.630000 2.282283 -1.630000
2.325276 -1.630000 2.325276 -1.630000
2.368268 -1.630000 2.368268 -1.630000
2.411260 -1.630000 2.411260 -1.630000
2.454252 -1.630000 2.454252 -1.630000
2.497244 -1.630000 2.497244 -1.630000
2.540236 -1.630000 2.540236 -1.630000
2.583228 -1.630000 2.583228 -1.630000
2.626220 -1.630000 2.626220 -1.630000
2.669213 -1.630000 2.669213 -1.630000
2.712205 -1.630000 2.712205 -1.630000
2.755197 -1.630000 2.755197 -1.630000
2.798189 -1.630000 2.798189 -1.630000
2.841181 -1.630000 2.841181 -1.630000
2.884173 -1.630000 2.884173 -1.630000
2.927165 -1.630000 2.927165 -1.630000
2.970157 -1.630000 2.970157 -1.630000
3.013150 -1.630000 3.013150 -1.630000
3.056142 -1.630000 3.056142 -1.630000
3.099134 -1.630000 3.099134 -1.630000
3.142126 -1.630000 3.142126 -1.630000
3.185118 -1.630000 3.185118 -1.630000
3.228110 -1.630000 3.228110 -1.630000
3.271102 -1.630000 3.271102 -1.630000
3.314094 -1.630000 3.314094 -1.630000
3.357087 -1.630000 3.357087 -1.630000
3.400079 -1.630000 3.400079 -1.630000
3.443071 -1.630000 3.443071 -1.630000
3.486063 -1.630000 3.486063 -1.630000
3.529055 -1.630000 3.529055 -1.630000
3.572047 -1.630000 3.572047 -1.630000
3.615039 -1.630000 3.615039 -1.630000
3.658031 -1.630000 3.658031 -1.630000
3.701024 -1.630000 3.701024 -1.630000
3.744016 -1.630000 3.744016 -1.630000
3.787008 -1.630000 3.787008 -1.630000
3.830000 -1.630000 3.830000 -1.630000
-1.630000 -1.604331 -1.630000 -1.604331
-1.587008 -1.604331 -1.587008 -1.604331
-1.544016 -1.604331 -1.544016 -1.604331
-1.501024 -1.604331 -1.501024 -1.604331
-1.458031 -1.604331 -1.458031 -1.604331
-1.415039 -1.604331 -1.415039 -1.604331
-1.372047 -1.604331 -1.372047 -1.604331
-1.329055 -1.604331 -1.329055 -1.604331
-1.286063 -1.604331 -1.286063 -1.604331
-1.243071 -1.604331 -1.243071 -1.604331
-1.200079 -1.604331 -1.200079 -1.604331
-1.157087 -1.604331 -1.157087 -1.604331
-1.114094 -1.604331 -1.114094 -1.604331
-1.071102 -1.604331 -1.071102 -1.604331
-1.028110 -1.604331 -1.028110 -1.604331
-0.985118 -1.604331 -0.985118 -1.604331
-0.942126 -1.604331 -0.942126 -1.604331
-0.899134 -1.604331 -0.899134 -1.604331
-0.856142 -1.604331 -0.856142 -1.604331
-0.813150 -1.604331 -0.813150 -1.604331
-0.770157 -1.604331 -0.770157 -1.604331
-0.727165 -1.604331 -0.727165 -1.604331
-0.684173 -1.604331 -0.684173 -1.604331
-0.641181 -1.604331 -0.641181 -1.604331
-0.598189 -1.604331 -0.598189 -1.604331
-0.555197 -1.604331 -0.555197 -1.604331
-0.512205 -1.604331 -0.512205 -1.604331
-0.469213 -1.604331 -0.469213 -1.604331
-0.426220 -1.604331 -0.426220 -1.604331
-0.383228 -1.604331 -0.383228 -1.604331
-0.340236 -1.604331 -0.340236 -1.604331
-0.297244 -1.604331 -0.297244 -1.604331
-0.254252 -1.604331 -0.254252 -1.604331
-0.211260 -1.604331 -0.211260 -1.604331
-0.168268 -1.604331 -0.168268 -1.604331
-0.125276 -1.604331 -0.125276 -1.604331
-0.082283 -1.604331 -0.082283 -1.604331
-0.039291 -1.604331 -0.039291 -1.604331
0.003701 -1.604331 0.003701 -1.604331
0.046693 -1.604331 0.046693 -1.604331
0.089685 -1.604331 0.089685 -1.604331
0.132677 -1.604331 0.132677 -1.604331
0.175669 -1.604331 0.175669 -1.604331
0.218661 -1.604331 0.218661 -1.604331
0.261654 -1.604331 0.261654 -1.604331
0.304646 -1.604331 0.304646 -1.604331
0.347638 -1.604331 0.347638 -1.604331
0.390630 -1.604331 0.390630 -1.604331
0.433622 -1.604331 0.433622 -1.604331
0.476614 -1.604331 0.476614 -1.604331
0.519606 -1.604331 0.519606 -1.604331
0.562598 -1.604331 0.562598 -1.604331
0.605591 -1.604331 0.605591 -1.604331
0.648583 -1.604331 0.648583 -1.604331
0.691575 -1.604331 0.691575 -1.604331
0.734567 -1.604331 0.734567 -1.604331
0.777559 -1.604331 0.777559 -1.604331
0.820551 -1.604331 0.820551 -1.604331
0.863543 -1.604331 0.863543 -1.604331
0.906535 -1.604331 0.906535 -1.604331
0.949528 -1.604331 0.949528 -1.604331
0.992520 -1.604331 0.992520 -1.604331
1.035512 -1.604331 1.035512 -1.604331
1.078504 -1.604331 1.078504 -1.604331
1.121496 -1.604331 1.121496 -1.604331
1.164488 -1.604331 1.164488 -1.604331
1.207480 -1.604331 1.207480 -1.604331
1.250472 -1.604331 1.250472 -1.604331
1.293465 -1.604331 1.293465 -1.604331
1.336457 -1.604331 1.336457 -1.604331
1.379449 -1.604331 1.379449 -1.604331
1.422441 -1.604331 1.422441 -1.604331
1.465433 -1.604331 1.465433 -1.604331
1.508425 -1.604331 1.508425 -1.604331
1.551417 -1.604331 1.551417 -1.604331
1.594409 -1.604331 1.594409 -1.604331
1.637402 -1.604331 1.637402 -1.604331
1.680394 -1.604331 1.680394 -1.604331
1.723386 -1.604331 1.723386 -1.604331
1.766378 -1.604331 1.766378 -1.604331
1.809370 -1.604331 1.809370 -1.604331
1.852362 -1.604331 1.852362 -1.604331
1.895354 -1.604331 1.895354 -1.604331
1.938346 -1.604331 1.938346 -1.604331
1.981339 -1.604331 1.981339 -1.604331
2.024331 -1.604331 2.024331 -1.604331
2.067323 -1.604331 2.067323 -1.604331
2.110315 -1.604331 2.110315 -1.604331
2.153307 -1.604331 2.153307 -1.604331
2.196299 -1.604331 2.196299 -1.604331
2.239291 -1.604331 2.239291 -1.604331
2.282283 -1.604331 2.282283 -1.604331
2.325276 -1.604331 2.325276 -1.604331
2.368268 -1.604331 2.368268 -1.604331
2.411260 -1.604331 2.411260 -1.604331
2.454252 -1.604331 2.454252 -1.604331
2.497244 -1.604331 2.497244 -1.604331
2.540236 -1.604331 2.540236 -1.604331
2.583228 -1.604331 2.583228 -1.604331
2.626220 -1.604331 2.626220 -1.604331
2.669213 -1.604331 2.669213 -1.604331
2.712205 -1.604331 2.712205 -1.604331
2.755197 -1.604331 2.755197 -1.604331
2.798189 -1.604331 2.798189 -1.604331
2.841181 -1.604331 2.841181 -1.604331
2.884173 -1.604331 2.884173 -1.604331
2.927165 -1.604331 2.927165 -1.604331
2.970157 -1.604331 2.970157 -1.604331
3.013150 -1.604331 3.013150 -1.604331
3.056142 -1.604331 3.056142 -1.604331
3.099134 -1.604331 3.099134 -1.604331
3.142126 -1.604331 3.142126 -1.604331
3.185118 -1.604331 3.185118 -1.604331
3.228110 -1.604331 3.228110 -1.604331
3.271102 -1.604331 3.271102 -1.604331
3.314094 -1.604331 3.314094 -1.604331
3.357087 -1.604331 3.357087 -1.604331
3.400079 -1.604331 3.400079 -1.604331
3.443071 -1.604331 3.443071 -1.604331
3.486063 -1.604331 3.486063 -1.604331
3.529055 -1.604331 3.529055 -1.604331
3.572047 -1.604331 3.572047 -1.604331
3.615039 -1.604331 3.615039 -1.604331
3.658031 -1.604331 3.658031 -1.604331
3.701024 -1.604331 3.701024 -1.604331
3.744016 -1.604331 3.744016 -1.604331
3.787008 -1.604331 3.787008 -1.604331
3.830000 -1.604331 3.830000 -1.604331
-1.630000 -1.578661 -1.630000 -1.578661
-1.587008 -1.578661 -1.587008 -1.578661
-1.544016 -1.578661 -1.544016 -1.578661
-1.501024 -1.578661 -1.501024 -1.578661
-1.458031 -1.578661 -1.458031 -1.578661
-1.415039 -1.578661 -1.415039 -1.578661
-1.372047 -1.578661 -1.372047 -1.578661
-1.329055 -1.578661 -1.329055 -1.578661
-1.286063 -1.578661 -1.286063 -1.578661
-1.243071 -1.578661 -1.243071 -1.578661
-1.200079 -1.578661 -1.200079 -1.578661
-1.157087 -1.578661 -1.157087 -1.578661
-1.114094 -1.578661 -1.114094 -1.578661
-1.071102 -1.578661 -1.071102 -1.578661
-1.028110 -1.578661 -1.028110 -1.578661
-0.985118 -1.578661 -0.985118 -1.578661
-0.942126 -1.578661 -0.942126 -1.578661
-0.899134 -1.578661 -0.899134 -1.578661
-0.856142 -1.578661 -0.856142 -1.578661
-0.813150 -1.578661 -0.813150 -1.578661
-0.770157 -1.578661 -0.770157 -1.578661
-0.727165 -1.578661 -0.727165 -1.578661
-0.684173 -1.578661 -0.684173 -1.578661
-0.641181 -1.578661 -0.641181 -1.578661
-0.598189 -1.578661 -0.598189 -1.578661
-0.555197 -1.578661 -0.555197 -1.578661
-0.512205 -1.578661 -0.512205 -1.578661
-0.469213 -1.578661 -0.469213 -1.578661
-0.426220 -1.578661 -0.426220 -1.578661
-0.383228 -1.578661 -0.383228 -1.578661
-0.340236 -1.578661 -0.340236 -1.578661
-0.297244 -1.578661 -0.297244 -1.578661
-0.254252 -1.578661 -0.254252 -1.578661
-0.211260 -1.578661 -0.211260 -1.578661
-0.168268 -1.578661 -0.168268 -1.578661
-0.125276 -1.578661 -0.125276 -1.578661
-0.082283 -1.578661 -0.082283 -1.578661
-0.039291 -1.578661 -0.039291 -1.578661
0.003701 -1.578661 0.003701 -1.578661
0.046693 -1.578661 0.046693 -1.578661
0.089685 -1.578661 0.089685 -1.578661
0.132677 -1.578661 0.132677 -1.578661
0.175669 -1.578661 0.175669 -1.578661
0.218661 -1.578661 0.218661 -1.578661
0.261654 -1.578661 0.261654 -1.578661
0.304646 -1.578661 0.304646 -1.578661
0.347638 -1.578661 0.347638 -1.578661
0.390630 -1.578661 0.390630 -1.578661
0.433622 -1.578661 0.433622 -1.578661
0.476614 -1.578661 0.476614 -1.578661
0.519606 -1.578661 0.519606 -1.578661
0.562598 -1.578661 0.562598 -1.578661
0.605591 -1.578661 0.605591 -1.578661
0.648583 -1.578661 0.648583 -1.578661
0.691575 -1.578661 0.691575 -1.578661
0.734567 -1.578661 0.734567 -1.578661
0.777559 -1.578661 0.777559 -1.578661
0.820551 -1.578661 0.820551 -1.578661
0.863543 -1.578661 0.863543 -1.578661
0.906535 -1.578661 0.906535 -1.578661
0.949528 -1.578661 0.949528 -1.578661
0.992520 -1.578661 0.992520 -1.578661
1.035512 -1.578661 1.035512 -1.578661
1.078504 -1.578661 1.078504 -1.578661
1.121496 -1.578661 1.121496 -1.578661
1.164488 -1.578661 1.164488 -1.578661
1.207480 -1.578661 1.207480 -1.578661
1.250472 -1.578661 1.250472 -1.578661
1.293465 -1.578661 1.293465 -1.578661
1.336457 -1.578661 1.336457 -1.578661
1.379449 -1.578661 1.379449 -1.578661
1.422441 -1.578661 1.422441 -1.578661
1.465433 -1.578661 1.465433 -1.578661
1.508425 -1.578661 1.508425 -1.578661
1.551417 -1.578661 1.551417 -1.578661
1.594409 -1.578661 1.594409 -1.578661
1.637402 -1.578661 1.637402 -1.578661
1.680394 -1.578661 1.680394 -1.578661
1.723386 -1.578661 1.723386 -1.578661
1.766378 -1.578661 1.766378 -1.578661
1.809370 -1.578661 1.809370 -1.578661
1.852362 -1.578661 1.852362 -1.578661
1.895354 -1.578661 1.895354 -1.578661
1.938346 -1.578661 1.938346 -1.578661
1.981339 -1.578661 1.981339 -1.578661
2.024331 -1.578661 2.024331 -1.578661
2.067323 -1.578661 2.067323 -1.578661
2.110315 -1.578661 2.110315 -1.578661
2.153307 -1.578661 2.153307 -1.578661
2.196299 -1.578661 2.196299 -1.578661
2.239291 -1.578661 2.239291 -1.578661
2.282283 -1.578661 2.282283 -1.578661
2.325276 -1.578661 2.325276 -1.578661
2.368268 -1.578661 2.368268 -1.578661
2.411260 -1.578661 2.411260 -1.578661
2.454252 -1.578661 2.454252 -1.578661
2.497244 -1.578661 2.497244 -1.578661
2.540236 -1.578661 2.540236 -1.578661
2.583228 -1.578661 2.583228 -1.578661
2.626220 -1.578661 2.626220 -1.578661
2.669213 -1.578661 2.669213 -1.578661
2.712205 -1.578661 2.712205 -1.578661
2.755197 -1.578661 2.755197 -1.578661
2.798189 -1.578661 2.798189 -1.578661
2.841181 -1.578661 2.841181 -1.578661
2.884173 -1.578661 2.884173 -1.578661
2.927165 -1.578661 2.927165 -1.578661
2.970157 -1.578661 2.970157 -1.578661
3.013150 -1.578661 3.013150 -1.578661
3.056142 -1.578661 3.056142 -1.578661
3.099134 -1.578661 3.099134 -1.578661
3.142126 -1.578661 3.142126 -1.578661
3.185118 -1.578661 3.185118 -1.578661
3.228110 -1.578661 3.228110 -1.578661
3.271102 -1.578661 3.271102 -1.578661
3.314094 -1.578661 3.314094 -1.578661
3.357087 -1.578661 3.357087 -1.578661
3.400079 -1.578661 3.400079 -1.578661
3.443071 -1.578661 3.443071 -1.578661
3.486063 -1.578661 3.486063 -1.578661
3.529055 -1.578661 3.529055 -1.578661
3.572047 -1.578661 3.572047 -1.578661
3.615039 -1.578661 3.615039 -1.578661
3.658031 -1.578661 3.658031 -1.578661
3.701024 -1.578661 3.701024 -1.578661
3.744016 -1.578661 3.744016 -1.578661
3.787008 -1.578661 3.787008 -1.578661
3.830000 -1.578661 3.830000 -1.578661
-1.630000 -1.552992 -1.630000 -1.552992
-1.587008 -1.552992 -1.587008 -1.552992
-1.544016 -1.552992 -1.544016 -1.552992
-1.501024 -1.552992 -1.501024 -1.552992
-1.458031 -1.552992 -1.458031 -1.552992
-1.415039 -1.552992 -1.415039 -1.552992
-1.372047 -1.552992 -1.372047 -1.552992
-1.329055 -1.552992 -1.329055 -1.552992
-1.286063 -1.552992 -1.286063 -1.552992
-1.243071 -1.552992 -1.243071 -1.552992
-1.200079 -1.552992 -1.200079 -1.552992
-1.157087 -1.552992 -1.157087 -1.552992
-1.114094 -1.552992 -1.114094 -1.552992
-1.071102 -1.552992 -1.071102 -1.552992
-1.028110 -1.552992 -1.028110 -1.552992
-0.985118 -1.552992 -0.985118 -1.552992
-0.942126 -1.552992 -0.942126 -1.552992
-0.899134 -1.552992 -0.899134 -1.552992
-0.856142 -1.552992 -0.856142 -1.552992
-0.813150 -1.552992 -0.813150 -1.552992
-0.770157 -1.552992 -0.770157 -1.552992
-0.727165 -1.552992 -0.727165 -1.552992
-0.684173 -1.552992 -0.684173 -1.552992
-0.641181 -1.552992 -0.641181 -1.552992
-0.598189 -1.552992 -0.598189 -1.552992
-0.555197 -1.552992 -0.555197 -1.552992
-0.512205 -1.552992 -0.512205 -1.552992
-0.469213 -1.552992 -0.469213 -1.552992
-0.426220 -1.552992 -0.426220 -1.552992
-0.383228 -1.552992 -0.383228 -1.552992
-0.340236 -1.552992 -0.340236 -1.552992
-0.297244 -1.552992 -0.297244 -1.552992
-0.254252 -1.552992 -0.254252 -1.552992
-0.211260 -1.552992 -0.211260 -1.552992
-0.168268 -1.552992 -0.168268 -1.552992
-0.125276 -1.552992 -0.125276 -1.552992
-0.082283 -1.552992 -0.082283 -1.552992
-0.039291 -1.552992 -0.039291 -1.552992
0.003701 -1.552992 0.003701 -1.552992
0.046693 -1.552992 0.046693 -1.552992
0.089685 -1.552992 0.089685 -1.552992
0.132677 -1.552992 0.132677 -1.552992
0.175669 -1.552992 0.175669 -1.552992
0.218661 -1.552992 0.218661 -1.552992
0.261654 -1.552992 0.261654 -1.552992
0.304646 -1.552992 0.304646 -1.552992
0.347638 -1.552992 0.347638 -1.552992
0.390630 -1.552992 0.390630 -1.552992
0.433622 -1.552992 0.433622 -1.552992
0.476614 -1.552992 0.476614 -1.552992
0.519606 -1.552992 0.519606 -1.552992
0.562598 -1.552992 0.562598 -1.552992
0.605591 -1.552992 0.605591 -1.552992
0.648583 -1.552992 0.648583 -1.552992
0.691575 -1.552992 0.691575 -1.552992
0.734567 -1.552992 0.734567 -1.552992
0.777559 -1.552992 0.777559 -1.552992
0.820551 -1.552992 0.820551 -1.552992
0.863543 -1.552992 0.863543 -1.552992
0.906535 -1.552992 0.906535 -1.552992
0.949528 -1.552992 0.949528 -1.552992
0.992520 -1.552992 0.992520 -1.552992
1.035512 -1.552992 1.035512 -1.552992
1.078504 -1.552992 1.078504 -1.552992
1.121496 -1.552992 1.121496 -1.552992
1.164488 -1.552992 1.164488 -1.552992
1.207480 -1.552992 1.207480 -1.552992
1.250472 -1.552992 1.250472 -1.552992
1.293465 -1.552992 1.293465 -1.552992
1.336457 -1.552992 1.336457 -1.552992
1.379449 -1.552992 1.379449 -1.552992
1.422441 -1.552992 1.422441 -1.552992
1.465433 -1.552992 1.465433 -1.552992
1.508425 -1.552992 1.508425 -1.552992
1.551417 -1.552992 1.551417 -1.552992
1.594409 -1.552992 1.594409 -1.552992
1.637402 -1.552992 1.637402 -1.552992
1.680394 -1.552992 1.680394 -1.552992
1.723386 -1.552992 1.723386 -1.552992
1.766378 -1.552992 1.766378 -1.552992
1.809370 -1.552992 1.809370 -1.552992
1.852362 -1.552992 1.852362 -1.552992
1.895354 -1.552992 1.895354 -1.552992
1.938346 -1.552992 1.938346 -1.552992
1.981339 -1.552992 1.981339 -1.552992
2.024331 -1.552992 2.024331 -1.552992
2.067323 -1.552992 2.067323 -1.552992
2.110315 -1.552992 2.110315 -1.552992
2.153307 -1.552992 2.153307 -1.552992
2.196299 -1.552992 2.196299 -1.552992
2.239291 -1.552992 2.239291 -1.552992
2.282283 -1.552992 2.282283 -1.552992
2.325276 -1.552992 2.325276 -1.552992
2.368268 -1.552992 2.368268 -1.552992
2.411260 -1.552992 2.411260 -1.552992
2.454252 -1.552992 2.454252 -1.552992
2.497244 -1.552992 2.497244 -1.552992
2.540236 -1.552992 2.540236 -1.552992
2.583228 -1.552992 2.583228 -1.552992
2.626220 -1.552992 2.626220 -1.552992
2.669213 -1.552992 2.669213 -1.552992
2.712205 -1.552992 2.712205 -1.552992
2.755197 -1.552992 2.755197 -1.552992
2.798189 -1.552992 2.798189 -1.552992
2.841181 -1.552992 2.841181 -1.552992
2.884173 -1.552992 2.884173 -1.552992
2.927165 -1.552992 2.927165 -1.552992
2.970157 -1.552992 2.970157 -1.552992
3.013150 -1.552992 3.013150 -1.552992
3.056142 -1.552992 3.056142 -1.552992
3.099134 -1.552992 3.099134 -1.552992
3.142126 -1.552992 3.142126 -1.552992
3.185118 -1.552992 3.185118 -1.552992
3.228110 -1.552992 3.228110 -1.552992
3.271102 -1.552992 3.271102 -1.552992
3.314094 -1.552992 3.314094 -1.552992
3.357087 -1.552992 3.357087 -1.552992
3.400079 -1.552992 3.400079 -1.552992
3.443071 -1.552992 3.443071 -1.552992
3.486063 -1.552992 3.486063 -1.552992
3.529055 -1.552992 3.529055 -1.552992
3.572047 -1.552992 3.572047 -1.552992
3.615039 -1.552992 3.615039 -1.552992
3.658031 -1.552992 3.658031 -1.552992
3.701024 -1.552992 3.701024 -1.552992
3.744016 -1.552992 3.744016 -1.552992
3.787008 -1.552992 3.787008 -1.552992
3.830000 -1.552992 3.830000 -1.552992
-1.630000 -1.527323 -1.630000 -1.527323
-1.587008 -1.527323 -1.587008 -1.527323
-1.544016 -1.527323 -1.544016 -1.527323
-1.501024 -1.527323 -1.501024 -1.527323
-1.458031 -1.527323 -1.458031 -1.527323
-1.415039 -1.527323 -1.415039 -1.527323
-1.372047 -1.527323 -1.372047 -1.527323
-1.329055 -1.527323 -1.329055 -1.527323
-1.286063 -1.527323 -1.286063 -1.527323
-1.243071 -1.527323 -1.243071 -1.527323
-1.200079 -1.527323 -1.200079 -1.527323
-1.157087 -1.527323 -1.157087 -1.527323
-1.114094 -1.527323 -1.114094 -1.527323
-1.071102 -1.527323 -1.071102 -1.527323
-1.028110 -1.527323 -1.028110 -1.527323
-0.985118 -1.527323 -0.985118 -1.527323
-0.942126 -1.527323 -0.942126 -1.527323
-0.899134 -1.527323 -0.899134 -1.527323
-0.856142 -1.527323 -0.856142 -1.527323
-0.813150 -1.527323 -0.813150 -1.527323
-0.770157 -1.527323 -0.770157 -1.527323
-0.727165 -1.527323 -0.727165 -1.527323
-0.684173 -1.527323 -0.684173 -1.527323
-0.641181 -1.527323 -0.641181 -1.527323
-0.598189 -1.527323 -0.598189 -1.527323
-0.555197 -1.527323 -0.555197 -1.527323
-0.512205 -1.527323 -0.512205 -1.527323
-0.469213 -1.527323 -0.469213 -1.527323
-0.426220 -1.527323 -0.426220 -1.527323
-0.383228 -1.527323 -0.383228 -1.527323
-0.340236 -1.527323 -0.340236 -1.527323
-0.297244 -1.527323 -0.297244 -1.527323
-0.254252 -1.527323 -0.254252 -1.527323
-0.211260 -1.527323 -0.211260 -1.527323
-0.168268 -1.527323 -0.168268 -1.527323
-0.125276 -1.527323 -0.125276 -1.527323
-0.082283 -1.527323 -0.082283 -1.527323
-0.039291 -1.527323 -0.039291 -1.527323
0.003701 -1.527323 0.003701 -1.527323
0.046693 -1.527323 0.046693 -1.527323
0.089685 -1.527323 0.089685 -1.527323
0.132677 -1.527323 0.132677 -1.527323
0.175669 -1.527323 0.175669 -1.527323
0.218661 -1.527323 0.218661 -1.527323
0.261654 -1.527323 0.261654 -1.527323
0.304646 -1.527323 0.304646 -1.527323
0.347638 -1.527323 0.347638 -1.527323
0.390630 -1.527323 0.390630 -1.527323
0.433622 -1.527323 0.433622 -1.527323
0.476614 -1.527323 0.476614 -1.527323
0.519606 -1.527323 0.519606 -1.527323
0.562598 -1.527323 0.562598 -1.527323
0.605591 -1.527323 0.605591 -1.527323
0.648583 -1.527323 0.648583 -1.527323
0.691575 -1.527323 0.691575 -1.527323
0.734567 -1.527323 0.734567 -1.527323
0.777559 -1.527323 0.777559 -1.527323
0.820551 -1.527323 0.820551 -1.527323
0.863543 -1.527323 0.863543 -1.527323
0.906535 -1.527323 0.906535 -1.527323
0.949528 -1.527323 0.949528 -1.527323
0.992520 -1.527323 0.992520 -1.527323
1.035512 -1.527323 1.035512 -1.527323
1.078504 -1.527323 1.078504 -1.527323
1.121496 -1.527323 1.121496 -1.527323
1.164488 -1.527323 1.164488 -1.527323
1.207480 -1.527323 1.207480 -1.527323
1.250472 -1.527323 1.250472 -1.527323
1.293465 -1.527323 1.293465 -1.527323
1.336457 -1.527323 1.336457 -1.527323
1.379449 -1.527323 1.379449 -1.527323
1.422441 -1.527323 1.422441 -1.527323
1.465433 -1.527323 1.465433 -1.527323
1.508425 -1.527323 1.508425 -1.527323
1.551417 -1.527323 1.551417 -1.527323
1.594409 -1.527323 1.594409 -1.527323
1.637402 -1.527323 1.637402 -1.527323
1.680394 -1.527323 1.680394 -1.527323
1.723386 -1.527323 1.723386 -1.527323
1.766378 -1.527323 1.766378 -1.527323
1.809370 -1.527323 1.809370 -1.527323
1.852362 -1.527323 1.852362 -1.527323
1.895354 -1.527323 1.895354 -1.527323
1.938346 -1.527323 1.938346 -1.527323
1.981339 -1.527323 1.981339 -1.527323
2.024331 -1.527323 2.024331 -1.527323
2.067323 -1.527323 2.067323 -1.527323
2.110315 -1.527323 2.110315 -1.527323
2.153307 -1.527323 2.153307 -1.527323
2.196299 -1.527323 2.196299 -1.527323
2.239291 -1.527323 2.239291 -1.527323
2.282283 -1.527323 2.282283 -1.527323
2.325276 -1.527323 2.325276 -1.527323
2.368268 -1.527323 2.368268 -1.527323
2.411260 -1.527323 2.411260 -1.527323
2.454252 -1.527323 2.454252 -1.527323
2.497244 -1.527323 2.497244 -1.527323
2.540236 -1.527323 2.540236 -1.527323
2.583228 -1.527323 2.583228 -1.527323
2.626220 -1.527323 2.626220 -1.527323
2.669213 -1.527323 2.669213 -1.527323
2.712205 -1.527323 2.712205 -1.527323
2.755197 -1.527323 2.755197 -1.527323
2.798189 -1.527323 2.798189 -1.527323
2.841181 -1.527323 2.841181 -1.527323
2.884173 -1.527323 2.884173 -1.527323
2.927165 -1.527323 2.927165 -1.527323
2.970157 -1.527323 2.970157 -1.527323
3.013150 -1.527323 3.013150 -1.527323
3.056142 -1.527323 3.056142 -1.527323
3.099134 -1.527323 3.099134 -1.527323
3.142126 -1.527323 3.142126 -1.527323
3.185118 -1.527323 3.185118 -1.527323
3.228110 -1.527323 3.228110 -1.527323
3.271102 -1.527323 3.271102 -1.527323
3.314094 -1.527323 3.314094 -1.527323
3.357087 -1.527323 3.357087 -1.527323
3.400079 -1.527323 3.400079 -1.527323
3.443071 -1.527323 3.443071 -1.527323
3.486063 -1.527323 3.486063 -1.527323
3.529055 -1.527323 3.529055 -1.527323
3.572047 -1.527323 3.572047 -1.527323
3.615039 -1.527323 3.615039 -1.527323
3.658031 -1.527323 3.658031 -1.527323
3.701024 -1.527323 3.701024 -1.527323
3.744016 -1.527323 3.744016 -1.527323
3.787008 -1.527323 3.787008 -1.527323
3.830000 -1.527323 3.830000 -1.527323
-1.630000 -1.501654 -1.630000 -1.501654
-1.587008 -1.501654 -1.587008 -1.501654
-1.544016 -1.501654 -1.544016 -1.501654
-1.501024 -1.501654 -1.501024 -1.501654
-1.458031 -1.501654 -1.458031 -1.501654
-1.415039 -1.501654 -1.415039 -1.501654
-1.372047 -1.501654 -1.372047 -1.501654
-1.329055 -1.501654 -1.329055 -1.501654
-1.286063 -1.501654 -1.286063 -1.501654
-1.243071 -1.501654 -1.243071 -1.501654
-1.200079 -1.501654 -1.200079 -1.501654
-1.157087 -1.501654 -1.157087 -1.501654
-1.114094 -1.501654 -1.114094 -1.501654
-1.071102 -1.501654 -1.071102 -1.501654
-1.028110 -1.501654 -1.028110 -1.501654
-0.985118 -1.501654 -0.985118 -1.501654
-0.942126 -1.501654 -0.942126 -1.501654
-0.899134 -1.501654 -0.899134 -1.501654
-0.856142 -1.501654 -0.856142 -1.501654
-0.813150 -1.501654 -0.813150 -1.501654
-0.770157 -1.501654 -0.770157 -1.501654
-0.727165 -1.501654 -0.727165 -1.501654
-0.684173 -1.501654 -0.684173 -1.501654
-0.641181 -1.501654 -0.641181 -1.501654
-0.598189 -1.501654 -0.598189 -1.501654
-0.555197 -1.501654 -0.555197 -1.501654
-0.512205 -1.501654 -0.512205 -1.501654
-0.469213 -1.501654 -0.469213 -1.501654
-0.426220 -1.501654 -0.426220 -1.501654
-0.383228 -1.501654 -0.383228 -1.501654
-0.340236 -1.501654 -0.340236 -1.501654
-0.297244 -1.501654 -0.297244 -1.501654
-0.254252 -1.501654 -0.254252 -1.501654
-0.211260 -1.501654 -0.211260 -1.501654
-0.168268 -1.501654 -0.168268 -1.501654
-0.125276 -1.501654 -0.125276 -1.501654
-0.082283 -1.501654 -0.082283 -1.501654
-0.039291 -1.501654 -0.039291 -1.501654
0.003701 -1.501654 0.003701 -1.501654
0.046693 -1.501654 0.046693 -1.501654
0.089685 -1.501654 0.089685 -1.501654
0.132677 -1.501654 0.132677 -1.501654
0.175669 -1.501654 0.175669 -1.501654
0.218661 -1.501654 0.218661 -1.501654
0.261654 -1.501654 0.261654 -1.501654
0.304646 -1.501654 0.304646 -1.501654
0.347638 -1.501654 0.347638 -1.501654
0.390630 -1.501654 0.390630 -1.501654
0.433622 -1.501654 0.433622 -1.501654
0.476614 -1.501654 0.476614 -1.501654
0.519606 -1.501654 0.519606 -1.501654
0.562598 -1.501654 0.562598 -1.501654
0.605591 -1.501654 0.605591 -1.501654
0.648583 -1.501654 0.648583 -1.501654
0.691575 -1.501654 0.691575 -1.501654
0.734567 -1.501654 0.734567 -1.501654
0.777559 -1.501654 0.777559 -1.501654
0.820551 -1.501654 0.820551 -1.501654
0.863543 -1.501654 0.863543 -1.501654
0.906535 -1.501654 0.906535 -1.501654
0.949528 -1.501654 0.949528 -1.501654
0.992520 -1.501654 0.992520 -1.501654
1.035512 -1.501654 1.035512 -1.501654
1.078504 -1.501654 1.078504 -1.501654
1.121496 -1.501654 1.121496 -1.501654
1.164488 -1.501654 1.164488 -1.501654
1.207480 -1.501654 1.207480 -1.501654
1.250472 -1.501654 1.250472 -1.501654
1.293465 -1.501654 1.293465 -1.501654
1.336457 -1.501654 1.336457 -1.501654
1.379449 -1.501654 1.379449 -1.501654
1.422441 -1.501654 1.422441 -1.501654
1.465433 -1.501654 1.465433 -1.501654
1.508425 -1.501654 1.508425 -1.501654
1.551417 -1.501654 1.551417 -1.501654
1.594409 -1.501654 1.594409 -1.501654
1.637402 -1.501654 1.637402 -1.501654
1.680394 -1.501654 1.680394 -1.501654
1.723386 -1.501654 1.723386 -1.501654
1.766378 -1.501654 1.766378 -1.501654
1.809370 -1.501654 1.809370 -1.501654
1.852362 -1.501654 1.852362 -1.501654
1.895354 -1.501654 1.895354 -1.501654
1.938346 -1.501654 1.938346 -1.501654
1.981339 -1.501654 1.981339 -1.501654
2.024331 -1.501654 2.024331 -1.501654
2.067323 -1.501654 2.067323 -1.501654
2.110315 -1.501654 2.110315 -1.501654
2.153307 -1.501654 2.153307 -1.501654
2.196299 -1.501654 2.196299 -1.501654
2.239291 -1.501654 2.239291 -1.501654
2.282283 -1.501654 2.282283 -1.501654
2.325276 -1.501654 2.325276 -1.501654
2.368268 -1.501654 2.368268 -1.501654
2.411260 -1.501654 2.411260 -1.501654
2.454252 -1.501654 2.454252 -1.501654
2.497244 -1.501654 2.497244 -1.501654
2.540236 -1.501654 2.540236 -1.501654
2.583228 -1.501654 2.583228 -1.501654
2.626220 -1.501654 2.626220 -1.501654
2.669213 -1.501654 2.669213 -1.501654
2.712205 -1.501654 2.712205 -1.501654
2.755197 -1.501654 2.755197 -1.501654
2.798189 -1.501654 2.798189 -1.501654
2.841181 -1.501654 2.841181 -1.501654
2.884173 -1.501654 2.884173 -1.501654
2.927165 -1.501654 2.927165 -1.501654
2.970157 -1.501654 2.970157 -1.501654
3.013150 -1.501654 3.013150 -1.501654
3.056142 -1.501654 3.056142 -1.501654
3.099134 -1.501654 3.099134 -1.501654
3.142126 -1.501654 3.142126 -1.501654
3.185118 -1.501654 3.185118 -1.501654
3.228110 -1.501654 3.228110 -1.501654
3.271102 -1.501654 3.271102 -1.501654
3.314094 -1.501654 3.314094 -1.501654
3.357087 -1.501654 3.357087 -1.501654
3.400079 -1.501654 3.400079 -1.501654
3.443071 -1.501654 3.443071 -1.501654
3.486063 -1.501654 3.486063 -1.501654
3.529055 -1.501654 3.529055 -1.501654
3.572047 -1.501654 3.572047 -1.501654
3.615039 -1.501654 3.615039 -1.501654
3.658031 -1.501654 3.658031 -1.501654
3.701024 -1.501654 3.701024 -1.501654
3.744016 -1.501654 3.744016 -1.501654
3.787008 -1.501654 3.787008 -1.501654
3.830000 -1.501654 3.830000 -1.501654
-1.630000 -1.475984 -1.630000 -1.475984
-1.587008 -1.475984 -1.587008 -1.475984
-1.544016 -1.475984 -1.544016 -1.475984
-1.501024 -1.475984 -1.501024 -1.475984
-1.458031 -1.475984 -1.458031 -1.475984
-1.415039 -1.475984 -1.415039 -1.475984
-1.372047 -1.475984 -1.372047 -1.475984
-1.329055 -1.475984 -1.329055 -1.475984
-1.286063 -1.475984 -1.286063 -1.475984
-1.243071 -1.475984 -1.243071 -1.475984
-1.200079 -1.475984 -1.200079 -1.475984
-1.157087 -1.475984 -1.157087 -1.475984
-1.114094 -1.475984 -1.114094 -1.475984
-1.071102 -1.475984 -1.071102 -1.475984
-1.028110 -1.475984 -1.028110 -1.475984
-0.985118 -1.475984 -0.985118 -1.475984
-0.942126 -1.475984 -0.942126 -1.475984
-0.899134 -1.475984 -0.899134 -1.475984
-0.856142 -1.475984 -0.856142 -1.475984
-0.813150 -1.475984 -0.813150 -1.475984
-0.770157 -1.475984 -0.770157 -1.475984
-0.727165 -1.475984 -0.727165 -1.475984
-0.684173 -1.475984 -0.684173 -1.475984
-0.641181 -1.475984 -0.641181 -1.475984
-0.598189 -1.475984 -0.598189 -1.475984
-0.555197 -1.475984 -0.555197 -1.475984
-0.512205 -1.475984 -0.512205 -1.475984
-0.469213 -1.475984 -0.469213 -1.475984
-0.426220 -1.475984 -0.426220 -1.475984
-0.383228 -1.475984 -0.383228 -1.475984
-0.340236 -1.475984 -0.340236 -1.475984
-0.297244 -1.475984 -0.297244 -1.475984
-0.254252 -1.475984 -0.254252 -1.475984
-0.211260 -1.475984 -0.211260 -1.475984
-0.168268 -1.475984 -0.168268 -1.475984
-0.125276 -1.475984 -0.125276 -1.475984
-0.082283 -1.475984 -0.082283 -1.475984
-0.039291 -1.475984 -0.039291 -1.475984
0.003701 -1.475984 0.003701 -1.475984
0.046693 -1.475984 0.046693 -1.475984
0.089685 -1.475984 0.089685 -1.475984
0.132677 -1.475984 0.132677 -1.475984
0.175669 -1.475984 0.175669 -1.475984
0.218661 -1.475984 0.218661 -1.475984
0.261654 -1.475984 0.261654 -1.475984
0.304646 -1.475984 0.304646 -1.475984
0.347638 -1.475984 0.347638 -1.475984
0.390630 -1.475984 0.390630 -1.475984
0.433622 -1.475984 0.433622 -1.475984
0.476614 -1.475984 0.476614 -1.475984
0.519606 -1.475984 0.519606 -1.475984
0.562598 -1.475984 0.562598 -1.475984
0.605591 -1.475984 0.605591 -1.475984
0.648583 -1.475984 0.648583 -1.475984
0.691575 -1.475984 0.691575 -1.475984
0.734567 -1.475984 0.734567 -1.475984
0.777559 -1.475984 0.777559 -1.475984
0.820551 -1.475984 0.820551 -1.475984
0.863543 -1.475984 0.863543 -1.475984
0.906535 -1.475984 0.906535 -1.475984
0.949528 -1.475984 0.949528 -1.475984
0.992520 -1.475984 0.992520 -1.475984
1.035512 -1.475984 1.035512 -1.475984
1.078504 -1.475984 1.078504 -1.475984
1.121496 -1.475984 1.121496 -1.475984
1.164488 -1.475984 1.164488 -1.475984
1.207480 -1.475984 1.207480 -1.475984
1.250472 -1.475984 1.250472 -1.475984
1.293465 -1.475984 1.293465 -1.475984
1.336457 -1.475984 1.336457 -1.475984
1.379449 -1.475984 1.379449 -1.475984
1.422441 -1.475984 1.422441 -1.475984
1.465433 -1.475984 1.465433 -1.475984
1.508425 -1.475984 1.508425 -1.475984
1.551417 -1.475984 1.551417 -1.475984
1.594409 -1.475984 1.594409 -1.475984
1.637402 -1.475984 1.637402 -1.475984
1.680394 -1.475984 1.680394 -1.475984
1.723386 -1.475984 1.723386 -1.475984
1.766378 -1.475984 1.766378 -1.475984
1.809370 -1.475984 1.809370 -1.475984
1.852362 -1.475984 1.852362 -1.475984
1.895354 -1.475984 1.895354 -1.475984
1.938346 -1.475984 1.938346 -1.475984
1.981339 -1.475984 1.981339 -1.475984
2.024331 -1.475984 2.024331 -1.475984
2.067323 -1.475984 2.067323 -1.475984
2.110315 -1.475984 2.110315 -1.475984
2.153307 -1.475984 2.153307 -1.475984
2.196299 -1.475984 2.196299 -1.475984
2.239291 -1.475984 2.239291 -1.475984
2.282283 -1.475984 2.282283 -1.475984
2.325276 -1.475984 2.325276 -1.475984
2.368268 -1.475984 2.368268 -1.475984
2.411260 -1.475984 2.411260 -1.475984
2.454252 -1.475984 2.454252 -1.475984
2.497244 -1.475984 2.497244 -1.475984
2.540236 -1.475984 2.540236 -1.475984
2.583228 -1.475984 2.583228 -1.475984
2.626220 -1.475984 2.626220 -1.475984
2.669213 -1.475984 2.669213 -1.475984
2.712205 -1.475984 2.712205 -1.475984
2.755197 -1.475984 2.755197 -1.475984
2.798189 -1.475984 2.798189 -1.475984
2.841181 -1.475984 2.841181 -1.475984
2.884173 -1.475984 2.884173 -1.475984
2.927165 -1.475984 2.927165 -1.475984
2.970157 -1.475984 2.970157 -1.475984
3.013150 -1.475984 3.013150 -1.475984
3.056142 -1.475984 3.056142 -1.475984
3.099134 -1.475984 3.099134 -1.475984
3.142126 -1.475984 3.142126 -1.475984
3.185118 -1.475984 3.185118 -1.475984
3.228110 -1.475984 3.228110 -1.475984
3.271102 -1.475984 3.271102 -1.475984
3.314094 -1.475984 3.314094 -1.475984
3.357087 -1.475984 3.357087 -1.475984
3.400079 -1.475984 3.400079 -1.475984
3.443071 -1.475984 3.443071 -1.475984
3.486063 -1.475984 3.486063 -1.475984
3.529055 -1.475984 3.529055 -1.475984
3.572047 -1.475984 3.572047 -1.475984
3.615039 -1.475984 3.615039 -1.475984
3.658031 -1.475984 3.658031 -1.475984
3.701024 -1.475984 3.701024 -1.475984
3.744016 -1.475984 3.744016 -1.475984
3.787008 -1.475984 3.787008 -1.475984
3.830000 -1.475984 3.830000 -1.475984
-1.630000 -1.450315 -1.630000 -1.450315
-1.587008 -1.450315 -1.587008 -1.450315
-1.544016 -1.450315 -1.544016 -1.450315
-1.501024 -1.450315 -1.501024 -1.450315
-1.458031 -1.450315 -1.458031 -1.450315
-1.415039 -1.450315 -1.415039 -1.450315
-1.372047 -1.450315 -1.372047 -1.450315
-1.329055 -1.450315 -1.329055 -1.450315
-1.286063 -1.450315 -1.286063 -1.450315
-1.243071 -1.450315 -1.243071 -1.450315
-1.200079 -1.450315 -1.200079 -1.450315
-1.157087 -1.450315 -1.157087 -1.450315
-1.114094 -1.450315 -1.114094 -1.450315
-1.071102 -1.450315 -1.071102 -1.450315
-1.028110 -1.450315 -1.028110 -1.450315
-0.985118 -1.450315 -0.985118 -1.450315
-0.942126 -1.450315 -0.942126 -1.450315
-0.899134 -1.450315 -0.899134 -1.450315
-0.856142 -1.450315 -0.856142 -1.450315
-0.813150 -1.450315 -0.813150 -1.450315
-0.770157 -1.450315 -0.770157 -1.450315
-0.727165 -1.450315 -0.727165 -1.450315
-0.684173 -1.450315 -0.684173 -1.450315
-0.641181 -1.450315 -0.641181 -1.450315
-0.598189 -1.450315 -0.598189 -1.450315
-0.555197 -1.450315 -0.555197 -1.450315
-0.512205 -1.450315 -0.512205 -1.450315
-0.469213 -1.450315 -0.469213 -1.450315
-0.426220 -1.450315 -0.426220 -1.450315
-0.383228 -1.450315 -0.383228 -1.450315
-0.340236 -1.450315 -0.340236 -1.450315
-0.297244 -1.450315 -0.297244 -1.450315
-0.254252 -1.450315 -0.254252 -1.450315
-0.211260 -1.450315 -0.211260 -1.450315
-0.168268 -1.450315 -0.168268 -1.450315
-0.125276 -1.450315 -0.125276 -1.450315
-0.082283 -1.450315 -0.082283 -1.450315
-0.039291 -1.450315 -0.039291 -1.450315
0.003701 -1.450315 0.003701 -1.450315
0.046693 -1.450315 0.046693 -1.450315
0.089685 -1.450315 0.089685 -1.450315
0.132677 -1.450315 0.132677 -1.450315
0.175669 -1.450315 0.175669 -1.450315
0.218661 -1.450315 0.218661 -1.450315
0.261654 -1.450315 0.261654 -1.450315
0.304646 -1.450315 0.304646 -1.450315
0.347638 -1.450315 0.347638 -1.450315
0.390630 -1.450315 0.390630 -1.450315
0.433622 -1.450315 0.433622 -1.450315
0.476614 -1.450315 0.476614 -1.450315
0.519606 -1.450315 0.519606 -1.450315
0.562598 -1.450315 0.562598 -1.450315
0.605591 -1.450315 0.605591 -1.450315
0.648583 -1.450315 0.648583 -1.450315
0.691575 -1.450315 0.691575 -1.450315
0.734567 -1.450315 0.734567 -1.450315
0.777559 -1.450315 0.777559 -1.450315
0.820551 -1.450315 0.820551 -1.450315
0.863543 -1.450315 0.863543 -1.450315
0.906535 -1.450315 0.906535 -1.450315
0.949528 -1.450315 0.949528 -1.450315
0.992520 -1.450315 0.992520 -1.450315
1.035512 -1.450315 1.035512 -1.450315
1.078504 -1.450315 1.078504 -1.450315
1.121496 -1.450315 1.121496 -1.450315
1.164488 -1.450315 1.164488 -1.450315
1.207480 -1.450315 1.207480 -1.450315
1.250472 -1.450315 1.250472 -1.450315
1.293465 -1.450315 1.293465 -1.450315
1.336457 -1.450315 1.336457 -1.450315
1.379449 -1.450315 1.379449 -1.450315
1.422441 -1.450315 1.422441 -1.450315
1.465433 -1.450315 1.465433 -1.450315
1.508425 -1.450315 1.508425 -1.450315
1.551417 -1.450315 1.551417 -1.450315
1.594409 -1.450315 1.594409 -1.450315
1.637402 -1.450315 1.637402 -1.450315
1.680394 -1.450315 1.680394 -1.450315
1.723386 -1.450315 1.723386 -1.450315
1.766378 -1.450315 1.766378 -1.450315
1.809370 -1.450315 1.809370 -1.450315
1.852362 -1.450315 1.852362 -1.450315
1.895354 -1.450315 1.895354 -1.450315
1.938346 -1.450315 1.938346 -1.450315
1.981339 -1.450315 1.981339 -1.450315
2.024331 -1.450315 2.024331 -1.450315
2.067323 -1.450315 2.067323 -1.450315
2.110315 -1.450315 2.110315 -1.450315
2.153307 -1.450315 2.153307 -1.450315
2.196299 -1.450315 2.196299 -1.450315
2.239291 -1.450315 2.239291 -1.450315
2.282283 -1.450315 2.282283 -1.450315
2.325276 -1.450315 2.325276 -1.450315
2.368268 -1.450315 2.368268 -1.450315
2.411260 -1.450315 2.411260 -1.450315
2.454252 -1.450315 2.454252 -1.450315
2.497244 -1.450315 2.497244 -1.450315
2.540236 -1.450315 2.540236 -1.450315
2.583228 -1.450315 2.583228 -1.450315
2.626220 -1.450315 2.626220 -1.450315
2.669213 -1.450315 2.669213 -1.450315
2.712205 -1.450315 2.712205 -1.450315
2.755197 -1.450315 2.755197 -1.450315
2.798189 -1.450315 2.798189 -1.450315
2.841181 -1.450315 2.841181 -1.450315
2.884173 -1.450315 2.884173 -1.450315
2.927165 -1.450315 2.927165 -1.450315
2.970157 -1.450315 2.970157 -1.450315
3.013150 -1.450315 3.013150 -1.450315
3.056142 -1.450315 3.056142 -1.450315
3.099134 -1.450315 3.099134 -1.450315
3.142126 -1.450315 3.142126 -1.450315
3.185118 -1.450315 3.185118 -1.450315
3.228110 -1.450315 3.228110 -1.450315
3.271102 -1.450315 3.271102 -1.450315
3.314094 -1.450315 3.314094 -1.450315
3.357087 -1.450315 3.357087 -1.450315
3.400079 -1.450315 3.400079 -1.450315
3.443071 -1.450315 3.443071 -1.450315
3.486063 -1.450315 3.486063 -1.450315
3.529055 -1.450315 3.529055 -1.450315
3.572047 -1.450315 3.572047 -1.450315
3.615039 -1.450315 3.615039 -1.450315
3.658031 -1.450315 3.658031 -1.450315
3.701024 -1.450315 3.701024 -1.450315
3.744016 -1.450315 3.744016 -1.450315
3.787008 -1.450315 3.787008 -1.450315
3.830000 -1.450315 3.830000 -1.450315
-1.630000 -1.424646 -1.630000 -1.424646
-1.587008 -1.424646 -1.587008 -1.424646
-1.544016 -1.424646 -1.544016 -1.424646
-1.501024 -1.424646 -1.501024 -1.424646
-1.458031 -1.424646 -1.458031 -1.424646
-1.415039 -1.424646 -1.415039 -1.424646
-1.372047 -1.424646 -1.372047 -1.424646
-1.329055 -1.424646 -1.329055 -1.424646
-1.286063 -1.424646 -1.286063 -1.424646
-1.243071 -1.424646 -1.243071 -1.424646
-1.200079 -1.424646 -1.200079 -1.424646
-1.157087 -1.424646 -1.157087 -1.424646
-1.114094 -1.424646 -1.114094 -1.424646
-1.071102 -1.424646 -1.071102 -1.424646
-1.028110 -1.424646 -1.028110 -1.424646
-0.985118 -1.424646 -0.985118 -1.424646
-0.942126 -1.424646 -0.942126 -1.424646
-0.899134 -1.424646 -0.899134 -1.424646
-0.856142 -1.424646 -0.856142 -1.424646
-0.813150 -1.424646 -0.813150 -1.424646
-0.770157 -1.424646 -0.770157 -1.424646
-0.727165 -1.424646 -0.727165 -1.424646
-0.684173 -1.424646 -0.684173 -1.424646
-0.641181 -1.424646 -0.641181 -1.424646
-0.598189 -1.424646 -0.598189 -1.424646
-0.555197 -1.424646 -0.555197 -1.424646
-0.512205 -1.424646 -0.512205 -1.424646
-0.469213 -1.424646 -0.469213 -1.424646
-0.426220 -1.424646 -0.426220 -1.424646
-0.383228 -1.424646 -0.383228 -1.424646
-0.340236 -1.424646 -0.340236 -1.424646
-0.297244 -1.424646 -0.297244 -1.424646
-0.254252 -1.424646 -0.254252 -1.424646
-0.211260 -1.424646 -0.211260 -1.424646
-0.168268 -1.424646 -0.168268 -1.424646
-0.125276 -1.424646 -0.125276 -1.424646
-0.082283 -1.424646 -0.082283 -1.424646
-0.039291 -1.424646 -0.039291 -1.424646
0.003701 -1.424646 0.003701 -1.424646
0.046693 -1.424646 0.046693 -1.424646
0.089685 -1.424646 0.089685 -1.424646
0.132677 -1.424646 0.132677 -1.424646
0.175669 -1.424646 0.175669 -1.424646
0.218661 -1.424646 0.218661 -1.424646
0.261654 -1.424646 0.261654 -1.424646
0.304646 -1.424646 0.304646 -1.424646
0.347638 -1.424646 0.347638 -1.424646
0.390630 -1.424646 0.390630 -1.424646
0.433622 -1.424646 0.433622 -1.424646
0.476614 -1.424646 0.476614 -1.424646
0.519606 -1.424646 0.519606 -1.424646
0.562598 -1.424646 0.562598 -1.424646
0.605591 -1.424646 0.605591 -1.424646
0.648583 -1.424646 0.648583 -1.424646
0.691575 -1.424646 0.691575 -1.424646
0.734567 -1.424646 0.734567 -1.424646
0.777559 -1.424646 0.777559 -1.424646
0.820551 -1.424646 0.820551 -1.424646
0.863543 -1.424646 0.863543 -1.424646
0.906535 -1.424646 0.906535 -1.424646
0.949528 -1.424646 0.949528 -1.424646
0.992520 -1.424646 0.992520 -1.424646
1.035512 -1.424646 1.035512 -1.424646
1.078504 -1.424646 1.078504 -1.424646
1.121496 -1.424646 1.121496 -1.424646
1.164488 -1.424646 1.164488 -1.424646
1.207480 -1.424646 1.207480 -1.424646
1.250472 -1.424646 1.250472 -1.424646
1.293465 -1.424646 1.293465 -1.424646
1.336457 -1.424646 1.336457 -1.424646
1.379449 -1.424646 1.379449 -1.424646
1.422441 -1.424646 1.422441 -1.424646
1.465433 -1.424646 1.465433 -1.424646
1.508425 -1.424646 1.508425 -1.424646
1.551417 -1.424646 1.551417 -1.424646
1.594409 -1.424646 1.594409 -1.424646
1.637402 -1.424646 1.637402 -1.424646
1.680394 -1.424646 1.680394 -1.424646
1.723386 -1.424646 1.723386 -1.424646
1.766378 -1.424646 1.766378 -1.424646
1.809370 -1.424646 1.809370 -1.424646
1.852362 -1.424646 1.852362 -1.424646
1.895354 -1.424646 1.895354 -1.424646
1.938346 -1.424646 1.938346 -1.424646
1.981339 -1.424646 1.981339 -1.424646
2.024331 -1.424646 2.024331 -1.424646
2.067323 -1.424646 2.067323 -1.424646
2.110315 -1.424646 2.110315 -1.424646
2.153307 -1.424646 2.153307 -1.424646
2.196299 -1.424646 2.196299 -1.424646
2.239291 -1.424646 2.239291 -1.424646
2.282283 -1.424646 2.282283 -1.424646
2.325276 -1.424646 2.325276 -1.424646
2.368268 -1.424646 2.368268 -1.424646
2.411260 -1.424646 2.411260 -1.424646
2.454252 -1.424646 2.454252 -1.424646
2.497244 -1.424646 2.497244 -1.424646
2.540236 -1.424646 2.540236 -1.424646
2.583228 -1.424646 2.583228 -1.424646
2.626220 -1.424646 2.626220 -1.424646
2.669213 -1.424646 2.669213 -1.424646
2.712205 -1.424646 2.712205 -1.424646
2.755197 -1.424646 2.755197 -1.424646
2.798189 -1.424646 2.798189 -1.424646
2.841181 -1.424646 2.841181 -1.424646
2.884173 -1.424646 2.884173 -1.424646
2.927165 -1.424646 2.927165 -1.424646
2.970157 -1.424646 2.970157 -1.424646
3.013150 -1.424646 3.013150 -1.424646
3.056142 -1.424646 3.056142 -1.424646
3.099134 -1.424646 3.099134 -1.424646
3.142126 -1.424646 3.142126 -1.424646
3.185118 -1.424646 3.185118 -1.424646
3.228110 -1.424646 3.228110 -1.424646
3.271102 -1.424646 3.271102 -1.424646
3.314094 -1.424646 3.314094 -1.424646
3.357087 -1.424646 3.357087 -1.424646
3.400079 -1.424646 3.400079 -1.424646
3.443071 -1.424646 3.443071 -1.424646
3.486063 -1.424646 3.486063 -1.424646
3.529055 -1.424646 3.529055 -1.424646
3.572047 -1.424646 3.572047 -1.424646
3.615039 -1.424646 3.615039 -1.424646
3.658031 -1.424646 3.658031 -1.424646
3.701024 -1.424646 3.701024 -1.424646
3.744016 -1.424646 3.744016 -1.424646
3.787008 -1.424646 3.787008 -1.424646
3.830000 -1.424646 3.830000 -1.424646
-1.630000 -1.398976 -1.630000 -1.398976
-1.587008 -1.398976 -1.587008 -1.398976
-1.544016 -1.398976 -1.544016 -1.398976
-1.501024 -1.398976 -1.501024 -1.398976
-1.458031 -1.398976 -1.458031 -1.398976
-1.415039 -1.398976 -1.415039 -1.398976
-1.372047 -1.398976 -1.372047 -1.398976
-1.329055 -1.398976 -1.329055 -1.398976
-1.286063 -1.398976 -1.286063 -1.398976
-1.243071 -1.398976 -1.243071 -1.398976
-1.200079 -1.398976 -1.200079 -1.398976
-1.157087 -1.398976 -1.157087 -1.398976
-1.114094 -1.398976 -1.114094 -1.398976
-1.071102 -1.398976 -1.071102 -1.398976
-1.028110 -1.398976 -1.028110 -1.398976
-0.985118 -1.398976 -0.985118 -1.398976
-0.942126 -1.398976 -0.942126 -1.398976
-0.899134 -1.398976 -0.899134 -1.398976
-0.856142 -1.398976 -0.856142 -1.398976
-0.813150 -1.398976 -0.813150 -1.398976
-0.770157 -1.398976 -0.770157 -1.398976
-0.727165 -1.398976 -0.727165 -1.398976
-0.684173 -1.398976 -0.684173 -1.398976
-0.641181 -1.398976 -0.641181 -1.398976
-0.598189 -1.398976 -0.598189 -1.398976
-0.555197 -1.398976 -0.555197 -1.398976
-0.512205 -1.398976 -0.512205 -1.398976
-0.469213 -1.398976 -0.469213 -1.398976
-0.426220 -1.398976 -0.426220 -1.398976
-0.383228 -1.398976 -0.383228 -1.398976
-0.340236 -1.398976 -0.340236 -1.398976
-0.297244 -1.398976 -0.297244 -1.398976
-0.254252 -1.398976 -0.254252 -1.398976
-0.211260 -1.398976 -0.211260 -1.398976
-0.168268 -1.398976 -0.168268 -1.398976
-0.125276 -1.398976 -0.125276 -1.398976
-0.082283 -1.398976 -0.082283 -1.398976
-0.039291 -1.398976 -0.039291 -1.398976
0.003701 -1.398976 0.003701 -1.398976
0.046693 -1.398976 0.046693 -1.398976
0.089685 -1.398976 0.089685 -1.398976
0.132677 -1.398976 0.132677 -1.398976
0.175669 -1.398976 0.175669 -1.398976
0.218661 -1.398976 0.218661 -1.398976
0.261654 -1.398976 0.261654 -1.398976
0.304646 -1.398976 0.304646 -1.398976
0.347638 -1.398976 0.347638 -1.398976
0.390630 -1.398976 0.390630 -1.398976
0.433622 -1.398976 0.433622 -1.398976
0.476614 -1.398976 0.476614 -1.398976
0.519606 -1.398976 0.519606 -1.398976
0.562598 -1.398976 0.562598 -1.398976
0.605591 -1.398976 0.605591 -1.398976
0.648583 -1.398976 0.648583 -1.398976
0.691575 -1.398976 0.691575 -1.398976
0.734567 -1.398976 0.734567 -1.398976
0.777559 -1.398976 0.777559 -1.398976
0.820551 -1.398976 0.820551 -1.398976
0.863543 -1.398976 0.863543 -1.398976
0.906535 -1.398976 0.906535 -1.398976
0.949528 -1.398976 0.949528 -1.398976
0.992520 -1.398976 0.992520 -1.398976
1.035512 -1.398976 1.035512 -1.398976
1.078504 -1.398976 1.078504 -1.398976
1.121496 -1.398976 1.121496 -1.398976
1.164488 -1.398976 1.164488 -1.398976
1.207480 -1.398976 1.207480 -1.398976
1.250472 -1.398976 1.250472 -1.398976
1.293465 -1.398976 1.293465 -1.398976
1.336457 -1.398976 1.336457 -1.398976
1.379449 -1.398976 1.379449 -1.398976
1.422441 -1.398976 1.422441 -1.398976
1.465433 -1.398976 1.465433 -1.398976
1.508425 -1.398976 1.508425 -1.398976
1.551417 -1.398976 1.551417 -1.398976
1.594409 -1.398976 1.594409 -1.398976
1.637402 -1.398976 1.637402 -1.398976
1.680394 -1.398976 1.680394 -1.398976
1.723386 -1.398976 1.723386 -1.398976
1.766378 -1.398976 1.766378 -1.398976
1.809370 -1.398976 1.809370 -1.398976
1.852362 -1.398976 1.852362 -1.398976
1.895354 -1.398976 1.895354 -1.398976
1.938346 -1.398976 1.938346 -1.398976
1.981339 -1.398976 1.981339 -1.398976
2.024331 -1.398976 2.024331 -1.398976
2.067323 -1.398976 2.067323 -1.398976
2.110315 -1.398976 2.110315 -1.398976
2.153307 -1.398976 2.153307 -1.398976
2.196299 -1.398976 2.196299 -1.398976
2.239291 -1.398976 2.239291 -1.398976
2.282283 -1.398976 2.282283 -1.398976
2.325276 -1.398976 2.325276 -1.398976
2.368268 -1.398976 2.368268 -1.398976
2.411260 -1.398976 2.411260 -1.398976
2.454252 -1.398976 2.454252 -1.398976
2.497244 -1.398976 2.497244 -1.398976
2.540236 -1.398976 2.540236 -1.398976
2.583228 -1.398976 2.583228 -1.398976
2.626220 -1.398976 2.626220 -1.398976
2.669213 -1.398976 2.669213 -1.398976
2.712205 -1.398976 2.712205 -1.398976
2.755197 -1.398976 2.755197 -1.398976
2.798189 -1.398976 2.798189 -1.398976
2.841181 -1.398976 2.841181 -1.398976
2.884173 -1.398976 2.884173 -1.398976
2.927165 -1.398976 2.927165 -1.398976
2.970157 -1.398976 2.970157 -1.398976
3.013150 -1.398976 3.013150 -1.398976
3.056142 -1.398976 3.056142 -1.398976
3.099134 -1.398976 3.099134 -1.398976
3.142126 -1.398976 3.142126 -1.398976
3.185118 -1.398976 3.185118 -1.398976
3.228110 -1.398976 3.228110 -1.398976
3.271102 -1.398976 3.271102 -1.398976
3.314094 -1.398976 3.314094 -1.398976
3.357087 -1.398976 3.357087 -1.398976
3.400079 -1.398976 3.400079 -1.398976
3.443071 -1.398976 3.443071 -1.398976
3.486063 -1.398976 3.486063 -1.398976
3.529055 -1.398976 3.529055 -1.398976
3.572047 -1.398976 3.572047 -1.398976
3.615039 -1.398976 3.615039 -1.398976
3.658031 -1.398976 3.658031 -1.398976
3.701024 -1.398976 3.701024 -1.398976
3.744016 -1.398976 3.744016 -1.398976
3.787008 -1.398976 3.787008 -1.398976
3.830000 -1.398976 3.830000 -1.398976
-1.630000 -1.373307 -1.630000 -1.373307
-1.587008 -1.373307 -1.587008 -1.373307
-1.544016 -1.373307 -1.544016 -1.373307
-1.501024 -1.373307 -1.501024 -1.373307
-1.458031 -1.373307 -1.458031 -1.373307
-1.415039 -1.373307 -1.415039 -1.373307
-1.372047 -1.373307 -1.372047 -1.373307
-1.329055 -1.373307 -1.329055 -1.373307
-1.286063 -1.373307 -1.286063 -1.373307
-1.243071 -1.373307 -1.243071 -1.373307
-1.200079 -1.373307 -1.200079 -1.373307
-1.157087 -1.373307 -1.157087 -1.373307
-1.114094 -1.373307 -1.114094 -1.373307
-1.071102 -1.373307 -1.071102 -1.373307
-1.028110 -1.373307 -1.028110 -1.373307
-0.985118 -1.373307 -0.985118 -1.373307
-0.942126 -1.373307 -0.942126 -1.373307
-0.899134 -1.373307 -0.899134 -1.373307
-0.856142 -1.373307 -0.856142 -1.373307
-0.813150 -1.373307 -0.813150 -1.373307
-0.770157 -1.373307 -0.770157 -1.373307
-0.727165 -1.373307 -0.727165 -1.373307
-0.684173 -1.373307 -0.684173 -1.373307
-0.641181 -1.373307 -0.641181 -1.373307
-0.598189 -1.373307 -0.598189 -1.373307
-0.555197 -1.373307 -0.555197 -1.373307
-0.512205 -1.373307 -0.512205 -1.373307
-0.469213 -1.373307 -0.469213 -1.373307
-0.426220 -1.373307 -0.426220 -1.373307
-0.383228 -1.373307 -0.383228 -1.373307
-0.340236 -1.373307 -0.340236 -1.373307
-0.297244 -1.373307 -0.297244 -1.373307
-0.254252 -1.373307 -0.254252 -1.373307
-0.211260 -1.373307 -0.211260 -1.373307
-0.168268 -1.373307 -0.168268 -1.373307
-0.125276 -1.373307 -0.125276 -1.373307
-0.082283 -1.373307 -0.082283 -1.373307
-0.039291 -1.373307 -0.039291 -1.373307
0.003701 -1.373307 0.003701 -1.373307
0.046693 -1.373307 0.046693 -1.373307
0.089685 -1.373307 0.089685 -1.373307
0.132677 -1.373307 0.132677 -1.373307
0.175669 -1.373307 0.175669 -1.373307
0.218661 -1.373307 0.218661 -1.373307
0.261654 -1.373307 0.261654 -1.373307
0.304646 -1.373307 0.304646 -1.373307
0.347638 -1.373307 0.347638 -1.373307
0.390630 -1.373307 0.390630 -1.373307
0.433622 -1.373307 0.433622 -1.373307
0.476614 -1.373307 0.476614 -1.373307
0.519606 -1.373307 0.519606 -1.373307
0.562598 -1.373307 0.562598 -1.373307
0.605591 -1.373307 0.605591 -1.373307
0.648583 -1.373307 0.648583 -1.373307
0.691575 -1.373307 0.691575 -1.373307
0.734567 -1.373307 0.734567 -1.373307
0.777559 -1.373307 0.777559 -1.373307
0.820551 -1.373307 0.820551 -1.373307
0.863543 -1.373307 0.863543 -1.373307
0.906535 -1.373307 0.906535 -1.373307
0.949528 -1.373307 0.949528 -1.373307
0.992520 -1.373307 0.992520 -1.373307
1.035512 -1.373307 1.035512 -1.373307
1.078504 -1.373307 1.078504 -1.373307
1.121496 -1.373307 1.121496 -1.373307
1.164488 -1.373307 1.164488 -1.373307
1.207480 -1.373307 1.207480 -1.373307
1.250472 -1.373307 1.250472 -1.373307
1.293465 -1.373307 1.293465 -1.373307
1.336457 -1.373307 1.336457 -1.373307
1.379449 -1.373307 1.379449 -1.373307
1.422441 -1.373307 1.422441 -1.373307
1.465433 -1.373307 1.465433 -1.373307
1.508425 -1.373307 1.508425 -1.373307
1.551417 -1.373307 1.551417 -1.373307
1.594409 -1.373307 1.594409 -1.373307
1.637402 -1.373307 1.637402 -1.373307
1.680394 -1.373307 1.680394 -1.373307
1.723386 -1.373307 1.723386 -1.373307
1.766378 -1.373307 1.766378 -1.373307
1.809370 -1.373307 1.809370 -1.373307
1.852362 -1.373307 1.852362 -1.373307
1.895354 -1.373307 1.895354 -1.373307
1.938346 -1.373307 1.938346 -1.373307
1.981339 -1.373307 1.981339 -1.373307
2.024331 -1.373307 2.024331 -1.373307
2.067323 -1.373307 2.067323 -1.373307
2.110315 -1.373307 2.110315 -1.373307
2.153307 -1.373307 2.153307 -1.373307
2.196299 -1.373307 2.196299 -1.373307
2.239291 -1.373307 2.239291 -1.373307
2.282283 -1.373307 2.282283 -1.373307
2.325276 -1.373307 2.325276 -1.373307
2.368268 -1.373307 2.368268 -1.373307
2.411260 -1.373307 2.411260 -1.373307
2.454252 -1.373307 2.454252 -1.373307
2.497244 -1.373307 2.497244 -1.373307
2.540236 -1.373307 2.540236 -1.373307
2.583228 -1.373307 2.583228 -1.373307
2.626220 -1.373307 2.626220 -1.373307
2.669213 -1.373307 2.669213 -1.373307
2.712205 -1.373307 2.712205 -1.373307
2.755197 -1.373307 2.755197 -1.373307
2.798189 -1.373307 2.798189 -1.373307
2.841181 -1.373307 2.841181 -1.373307
2.884173 -1.373307 2.884173 -1.373307
2.927165 -1.373307 2.927165 -1.373307
2.970157 -1.373307 2.970157 -1.373307
3.013150 -1.373307 3.013150 -1.373307
3.056142 -1.373307 3.056142 -1.373307
3.099134 -1.373307 3.099134 -1.373307
3.142126 -1.373307 3.142126 -1.373307
3.185118 -1.373307 3.185118 -1.373307
3.228110 -1.373307 3.228110 -1.373307
3.271102 -1.373307 3.271102 -1.373307
3.314094 -1.373307 3.314094 -1.373307
3.357087 -1.373307 3.357087 -1.373307
3.400079 -1.373307 3.400079 -1.373307
3.443071 -1.373307 3.443071 -1.373307
3.486063 -1.373307 3.486063 -1.373307
3.529055 -1.373307 3.529055 -1.373307
3.572047 -1.373307 3.572047 -1.373307
3.615039 -1.373307 3.615039 -1.373307
3.658031 -1.373307 3.658031 -1.373307
3.701024 -1.373307 3.701024 -1.373307
3.744016 -1.373307 3.744016 -1.373307
3.787008 -1.373307 3.787008 -1.373307
3.830000 -1.373307 3.830000 -1.373307
-1.630000 -1.347638 -1.630000 -1.347638
-1.587008 -1.347638 -1.587008 -1.347638
-1.544016 -1.347638 -1.544016 -1.347638
-1.501024 -1.347638 -1.501024 -1.347638
-1.458031 -1.347638 -1.458031 -1.347638
-1.415039 -1.347638 -1.415039 -1.347638
-1.372047 -1.347638 -1.372047 -1.347638
-1.329055 -1.347638 -1.329055 -1.347638
-1.286063 -1.347638 -1.286063 -1.347638
-1.243071 -1.347638 -1.243071 -1.347638
-1.200079 -1.347638 -1.200079 -1.347638
-1.157087 -1.347638 -1.157087 -1.347638
-1.114094 -1.347638 -1.114094 -1.347638
-1.071102 -1.347638 -1.071102 -1.347638
-1.028110 -1.347638 -1.028110 -1.347638
-0.985118 -1.347638 -0.985118 -1.347638
-0.942126 -1.347638 -0.942126 -1.347638
-0.899134 -1.347638 -0.899134 -1.347638
-0.856142 -1.347638 -0.856142 -1.347638
-0.813150 -1.347638 -0.813150 -1.347638
-0.770157 -1.347638 -0.770157 -1.347638
-0.727165 -1.347638 -0.727165 -1.347638
-0.684173 -1.347638 -0.684173 -1.347638
-0.641181 -1.347638 -0.641181 -1.347638
-0.598189 -1.347638 -0.598189 -1.347638
-0.555197 -1.347638 -0.555197 -1.347638
-0.512205 -1.347638 -0.512205 -1.347638
-0.469213 -1.347638 -0.469213 -1.347638
-0.426220 -1.347638 -0.426220 -1.347638
-0.383228 -1.347638 -0.383228 -1.347638
-0.340236 -1.347638 -0.340236 -1.347638
-0.297244 -1.347638 -0.297244 -1.347638
-0.254252 -1.347638 -0.254252 -1.347638
-0.211260 -1.347638 -0.211260 -1.347638
-0.168268 -1.347638 -0.168268 -1.347638
-0.125276 -1.347638 -0.125276 -1.347638
-0.082283 -1.347638 -0.082283 -1.347638
-0.039291 -1.347638 -0.039291 -1.347638
0.003701 -1.347638 0.003701 -1.347638
0.046693 -1.347638 0.046693 -1.347638
0.089685 -1.347638 0.089685 -1.347638
0.132677 -1.347638 0.132677 -1.347638
0.175669 -1.347638 0.175669 -1.347638
0.218661 -1.347638 0.218661 -1.347638
0.261654 -1.347638 0.261654 -1.347638
0.304646 -1.347638 0.304646 -1.347638
0.347638 -1.347638 0.347638 -1.347638
0.390630 -1.347638 0.390630 -1.347638
0.433622 -1.347638 0.433622 -1.347638
0.476614 -1.347638 0.476614 -1.347638
0.519606 -1.347638 0.519606 -1.347638
0.562598 -1.347638 0.562598 -1.347638
0.605591 -1.347638 0.605591 -1.347638
0.648583 -1.347638 0.648583 -1.347638
0.691575 -1.347638 0.691575 -1.347638
0.734567 -1.347638 0.734567 -1.347638
0.777559 -1.347638 0.777559 -1.347638
0.820551 -1.347638 0.820551 -1.347638
0.863543 -1.347638 0.863543 -1.347638
0.906535 -1.347638 0.906535 -1.347638
0.949528 -1.347638 0.949528 -1.347638
0.992520 -1.347638 0.992520 -1.347638
1.035512 -1.347638 1.035512 -1.347638
1.078504 -1.347638 1.078504 -1.347638
1.121496 -1.347638 1.121496 -1.347638
1.164488 -1.347638 1.164488 -1.347638
1.207480 -1.347638 1.207480 -1.347638
1.250472 -1.347638 1.250472 -1.347638
1.293465 -1.347638 1.293465 -1.347638
1.336457 -1.347638 1.336457 -1.347638
1.379449 -1.347638 1.379449 -1.347638
1.422441 -1.347638 1.422441 -1.347638
1.465433 -1.347638 1.465433 -1.347638
1.508425 -1.347638 1.508425 -1.347638
1.551417 -1.347638 1.551417 -1.347638
1.594409 -1.347638 1.594409 -1.347638
1.637402 -1.347638 1.637402 -1.347638
1.680394 -1.347638 1.680394 -1.347638
1.723386 -1.347638 1.723386 -1.347638
1.766378 -1.347638 1.766378 -1.347638
1.809370 -1.347638 1.809370 -1.347638
1.852362 -1.347638 1.852362 -1.347638
1.895354 -1.347638 1.895354 -1.347638
1.938346 -1.347638 1.938346 -1.347638
1.981339 -1.347638 1.981339 -1.347638
2.024331 -1.347638 2.024331 -1.347638
2.067323 -1.347638 2.067323 -1.347638
2.110315 -1.347638 2.110315 -1.347638
2.153307 -1.347638 2.153307 -1.347638
2.196299 -1.347638 2.196299 -1.347638
2.239291 -1.347638 2.239291 -1.347638
2.282283 -1.347638 2.282283 -1.347638
2.325276 -1.347638 2.325276 -1.347638
2.368268 -1.347638 2.368268 -1.347638
2.411260 -1.347638 2.411260 -1.347638
2.454252 -1.347638 2.454252 -1.347638
2.497244 -1.347638 2.497244 -1.347638
2.540236 -1.347638 2.540236 -1.347638
2.583228 -1.347638 2.583228 -1.347638
2.626220 -1.347638 2.626220 -1.347638
2.669213 -1.347638 2.669213 -1.347638
2.712205 -1.347638 2.712205 -1.347638
2.755197 -1.347638 2.755197 -1.347638
2.798189 -1.347638 2.798189 -1.347638
2.841181 -1.347638 2.841181 -1.347638
2.884173 -1.347638 2.884173 -1.347638
2.927165 -1.347638 2.927165 -1.347638
2.970157 -1.347638 2.970157 -1.347638
3.013150 -1.347638 3.013150 -1.347638
3.056142 -1.347638 3.056142 -1.347638
3.099134 -1.347638 3.099134 -1.347638
3.142126 -1.347638 3.142126 -1.347638
3.185118 -1.347638 3.185118 -1.347638
3.228110 -1.347638 3.228110 -1.347638
3.271102 -1.347638 3.271102 -1.347638
3.314094 -1.347638 3.314094 -1.347638
3.357087 -1.347638 3.357087 -1.347638
3.400079 -1.347638 3.400079 -1.347638
3.443071 -1.347638 3.443071 -1.347638
3.486063 -1.347638 3.486063 -1.347638
3.529055 -1.347638 3.529055 -1.347638
3.572047 -1.347638 3.572047 -1.347638
3.615039 -1.347638 3.615039 -1.347638
3.658031 -1.347638 3.658031 -1.347638
3.701024 -1.347638 3.701024 -1.347638
3.744016 -1.347638 3.744016 -1.347638
3.787008 -1.347638 3.787008 -1.347638
3.830000 -1.347638 3.830000 -1.347638
-1.630000 -1.321969 -1.630000 -1.321969
-1.587008 -1.321969 -1.587008 -1.321969
-1.544016 -1.321969 -1.544016 -1.321969
-1.501024 -1.321969 -1.501024 -1.321969
-1.458031 -1.321969 -1.458031 -1.321969
-1.415039 -1.321969 -1.415039 -1.321969
-1.372047 -1.321969 -1.372047 -1.321969
-1.329055 -1.321969 -1.329055 -1.321969
-1.286063 -1.321969 -1.286063 -1.321969
-1.243071 -1.321969 -1.243071 -1.321969
-1.200079 -1.321969 -1.200079 -1.321969
-1.157087 -1.321969 -1.157087 -1.321969
-1.114094 -1.321969 -1.114094 -1.321969
-1.071102 -1.321969 -1.071102 -1.321969
-1.028110 -1.321969 -1.028110 -1.321969
-0.985118 -1.321969 -0.985118 -1.321969
-0.942126 -1.321969 -0.942126 -1.321969
-0.899134 -1.321969 -0.899134 -1.321969
-0.856142 -1.321969 -0.856142 -1.321969
-0.813150 -1.321969 -0.813150 -1.321969
-0.770157 -1.321969 -0.770157 -1.321969
-0.727165 -1.321969 -0.727165 -1.321969
-0.684173 -1.321969 -0.684173 -1.321969
-0.641181 -1.321969 -0.641181 -1.321969
-0.598189 -1.321969 -0.598189 -1.321969
-0.555197 -1.321969 -0.555197 -1.321969
-0.512205 -1.321969 -0.512205 -1.321969
-0.469213 -1.321969 -0.469213 -1.321969
-0.426220 -1.321969 -0.426220 -1.321969
-0.383228 -1.321969 -0.383228 -1.321969
-0.340236 -1.321969 -0.340236 -1.321969
-0.297244 -1.321969 -0.297244 -1.321969
-0.254252 -1.321969 -0.254252 -1.321969
-0.211260 -1.321969 -0.211260 -1.321969
-0.168268 -1.321969 -0.168268 -1.321969
-0.125276 -1.321969 -0.125276 -1.321969
-0.082283 -1.321969 -0.082283 -1.321969
-0.039291 -1.321969 -0.039291 -1.321969
0.003701 -1.321969 0.003701 -1.321969
0.046693 -1.321969 0.046693 -1.321969
0.089685 -1.321969 0.089685 -1.321969
0.132677 -1.321969 0.132677 -1.321969
0.175669 -1.321969 0.175669 -1.321969
0.218661 -1.321969 0.218661 -1.321969
0.261654 -1.321969 0.261654 -1.321969
0.304646 -1.321969 0.304646 -1.321969
0.347638 -1.321969 0.347638 -1.321969
0.390630 -1.321969 0.390630 -1.321969
0.433622 -1.321969 0.433622 -1.321969
0.476614 -1.321969 0.476614 -1.321969
0.519606 -1.321969 0.519606 -1.321969
0.562598 -1.321969 0.562598 -1.321969
0.605591 -1.321969 0.605591 -1.321969
0.648583 -1.321969 0.648583 -1.321969
0.691575 -1.321969 0.691575 -1.321969
0.734567 -1.321969 0.734567 -1.321969
0.777559 -1.321969 0.777559 -1.321969
0.820551 -1.321969 0.820551 -1.321969
0.863543 -1.321969 0.863543 -1.321969
0.906535 -1.321969 0.906535 -1.321969
0.949528 -1.321969 0.949528 -1.321969
0.992520 -1.321969 0.992520 -1.321969
1.035512 -1.321969 1.035512 -1.321969
1.078504 -1.321969 1.078504 -1.321969
1.121496 -1.321969 1.121496 -1.321969
1.164488 -1.321969 1.164488 -1.321969
1.207480 -1.321969 1.207480 -1.321969
1.250472 -1.321969 1.250472 -1.321969
1.293465 -1.321969 1.293465 -1.321969
1.336457 -1.321969 1.336457 -1.321969
1.379449 -1.321969 1.379449 -1.321969
1.422441 -1.321969 1.422441 -1.321969
1.465433 -1.321969 1.465433 -1.321969
1.508425 -1.321969 1.508425 -1.321969
1.551417 -1.321969 1.551417 -1.321969
1.594409 -1.321969 1.594409 -1.321969
1.637402 -1.321969 1.637402 -1.321969
1.680394 -1.321969 1.680394 -1.321969
1.723386 -1.321969 1.723386 -1.321969
1.766378 -1.321969 1.766378 -1.321969
1.809370 -1.321969 1.809370 -1.321969
1.852362 -1.321969 1.852362 -1.321969
1.895354 -1.321969 1.895354 -1.321969
1.938346 -1.321969 1.938346 -1.321969
1.981339 -1.321969 1.981339 -1.321969
2.024331 -1.321969 2.024331 -1.321969
2.067323 -1.321969 2.067323 -1.321969
2.110315 -1.321969 2.110315 -1.321969
2.153307 -1.321969 2.153307 -1.321969
2.196299 -1.321969 2.196299 -1.321969
2.239291 -1.321969 2.239291 -1.321969
2.282283 -1.321969 2.282283 -1.321969
2.325276 -1.321969 2.325276 -1.321969
2.368268 -1.321969 2.368268 -1.321969
2.411260 -1.321969 2.411260 -1.321969
2.454252 -1.321969 2.454252 -1.321969
2.497244 -1.321969 2.497244 -1.321969
2.540236 -1.321969 2.540236 -1.321969
2.583228 -1.321969 2.583228 -1.321969
2.626220 -1.321969 2.626220 -1.321969
2.669213 -1.321969 2.669213 -1.321969
2.712205 -1.321969 2.712205 -1.321969
2.755197 -1.321969 2.755197 -1.321969
2.798189 -1.321969 2.798189 -1.321969
2.841181 -1.321969 2.841181 -1.321969
2.884173 -1.321969 2.884173 -1.321969
2.927165 -1.321969 2.927165 -1.321969
2.970157 -1.321969 2.970157 -1.321969
3.013150 -1.321969 3.013150 -1.321969
3.056142 -1.321969 3.056142 -1.321969
3.099134 -1.321969 3.099134 -1.321969
3.142126 -1.321969 3.142126 -1.321969
3.185118 -1.321969 3.185118 -1.321969
3.228110 -1.321969 3.228110 -1.321969
3.271102 -1.321969 3.271102 -1.321969
3.314094 -1.321969 3.314094 -1.321969
3.357087 -1.321969 3.357087 -1.321969
3.400079 -1.321969 3.400079 -1.321969
3.443071 -1.321969 3.443071 -1.321969
3.486063 -1.321969 3.486063 -1.321969
3.529055 -1.321969 3.529055 -1.321969
3.572047 -1.321969 3.572047 -1.321969
3.615039 -1.321969 3.615039 -1.321969
3.658031 -1.321969 3.658031 -1.321969
3.701024 -1.321969 3.701024 -1.321969
3.744016 -1.321969 3.744016 -1.321969
3.787008 -1.321969 3.787008 -1.321969
3.830000 -1.321969 3.830000 -1.321969
-1.630000 -1.296299 -1.630000 -1.296299
-1.587008 -1.296299 -1.587008 -1.296299
-1.544016 -1.296299 -1.544016 -1.296299
-1.501024 -1.296299 -1.501024 -1.296299
-1.458031 -1.296299 -1.458031 -1.296299
-1.415039 -1.296299 -1.415039 -1.296299
-1.372047 -1.296299 -1.372047 -1.296299
-1.329055 -1.296299 -1.329055 -1.296299
-1.286063 -1.296299 -1.286063 -1.296299
-1.243071 -1.296299 -1.243071 -1.296299
-1.200079 -1.296299 -1.200079 -1.296299
-1.157087 -1.296299 -1.157087 -1.296299
-1.114094 -1.296299 -1.114094 -1.296299
-1.071102 -1.296299 -1.071102 -1.296299
-1.028110 -1.296299 -1.028110 -1.296299
-0.985118 -1.296299 -0.985118 -1.296299
-0.942126 -1.296299 -0.942126 -1.296299
-0.899134 -1.296299 -0.899134 -1.296299
-0.856142 -1.296299 -0.856142 -1.296299
-0.813150 -1.296299 -0.813150 -1.296299
-0.770157 -1.296299 -0.770157 -1.296299
-0.727165 -1.296299 -0.727165 -1.296299
-0.684173 -1.296299 -0.684173 -1.296299
-0.641181 -1.296299 -0.641181 -1.296299
-0.598189 -1.296299 -0.598189 -1.296299
-0.555197 -1.296299 -0.555197 -1.296299
-0.512205 -1.296299 -0.512205 -1.296299
-0.469213 -1.296299 -0.469213 -1.296299
-0.426220 -1.296299 -0.426220 -1.296299
-0.383228 -1.296299 -0.383228 -1.296299
-0.340236 -1.296299 -0.340236 -1.296299
-0.297244 -1.296299 -0.297244 -1.296299
-0.254252 -1.296299 -0.254252 -1.296299
-0.211260 -1.296299 -0.211260 -1.296299
-0.168268 -1.296299 -0.168268 -1.296299
-0.125276 -1.296299 -0.125276 -1.296299
-0.082283 -1.296299 -0.082283 -1.296299
-0.039291 -1.296299 -0.039291 -1.296299
0.003701 -1.296299 0.003701 -1.296299
0.046693 -1.296299 0.046693 -1.296299
0.089685 -1.296299 0.089685 -1.296299
0.132677 -1.296299 0.132677 -1.296299
0.175669 -1.296299 0.175669 -1.296299
0.218661 -1.296299 0.218661 -1.296299
0.261654 -1.296299 0.261654 -1.296299
0.304646 -1.296299 0.304646 -1.296299
0.347638 -1.296299 0.347638 -1.296299
0.390630 -1.296299 0.390630 -1.296299
0.433622 -1.296299 0.433622 -1.296299
0.476614 -1.296299 0.476614 -1.296299
0.519606 -1.296299 0.519606 -1.296299
0.562598 -1.296299 0.562598 -1.296299
0.605591 -1.296299 0.605591 -1.296299
0.648583 -1.296299 0.648583 -1.296299
0.691575 -1.296299 0.691575 -1.296299
0.734567 -1.296299 0.734567 -1.296299
0.777559 -1.296299 0.777559 -1.296299
0.820551 -1.296299 0.820551 -1.296299
0.863543 -1.296299 0.863543 -1.296299
0.906535 -1.296299 0.906535 -1.296299
0.949528 -1.296299 0.949528 -1.296299
0.992520 -1.296299 0.992520 -1.296299
1.035512 -1.296299 1.035512 -1.296299
1.078504 -1.296299 1.078504 -1.296299
1.121496 -1.296299 1.121496 -1.296299
1.164488 -1.296299 1.164488 -1.296299
1.207480 -1.296299 1.207480 -1.296299
1.250472 -1.296299 1.250472 -1.296299
1.293465 -1.296299 1.293465 -1.296299
1.336457 -1.296299 1.336457 -1.296299
1.379449 -1.296299 1.379449 -1.296299
1.422441 -1.296299 1.422441 -1.296299
1.465433 -1.296299 1.465433 -1.296299
1.508425 -1.296299 1.508425 -1.296299
1.551417 -1.296299 1.551417 -1.296299
1.594409 -1.296299 1.594409 -1.296299
1.637402 -1.296299 1.637402 -1.296299
1.680394 -1.296299 1.680394 -1.296299
1.723386 -1.296299 1.723386 -1.296299
1.766378 -1.296299 1.766378 -1.296299
1.809370 -1.296299 1.809370 -1.296299
1.852362 -1.296299 1.852362 -1.296299
1.895354 -1.296299 1.895354 -1.296299
1.938346 -1.296299 1.938346 -1.296299
1.981339 -1.296299 1.981339 -1.296299
2.024331 -1.296299 2.024331 -1.296299
2.067323 -1.296299 2.067323 -1.296299
2.110315 -1.296299 2.110315 -1.296299
2.153307 -1.296299 2.153307 -1.296299
2.196299 -1.296299 2.196299 -1.296299
2.239291 -1.296299 2.239291 -1.296299
2.282283 -1.296299 2.282283 -1.296299
2.325276 -1.296299 2.325276 -1.296299
2.368268 -1.296299 2.368268 -1.296299
2.411260 -1.296299 2.411260 -1.296299
2.454252 -1.296299 2.454252 -1.296299
2.497244 -1.296299 2.497244 -1.296299
2.540236 -1.296299 2.540236 -1.296299
2.583228 -1.296299 2.583228 -1.296299
2.626220 -1.296299 2.626220 -1.296299
2.669213 -1.296299 2.669213 -1.296299
2.712205 -1.296299 2.712205 -1.296299
2.755197 -1.296299 2.755197 -1.296299
2.798189 -1.296299 2.798189 -1.296299
2.841181 -1.296299 2.841181 -1.296299
2.884173 -1.296299 2.884173 -1.296299
2.927165 -1.296299 2.927165 -1.296299
2.970157 -1.296299 2.970157 -1.296299
3.013150 -1.296299 3.013150 -1.296299
3.056142 -1.296299 3.056142 -1.296299
3.099134 -1.296299 3.099134 -1.296299
3.142126 -1.296299 3.142126 -1.296299
3.185118 -1.296299 3.185118 -1.296299
3.228110 -1.296299 3.228110 -1.296299
3.271102 -1.296299 3.271102 -1.296299
3.314094 -1.296299 3.314094 -1.296299
3.357087 -1.296299 3.357087 -1.296299
3.400079 -1.296299 3.400079 -1.296299
3.443071 -1.296299 3.443071 -1.296299
3.486063 -1.296299 3.486063 -1.296299
3.529055 -1.296299 3.529055 -1.296299
3.572047 -1.296299 3.572047 -1.296299
3.615039 -1.296299 3.615039 -1.296299
3.658031 -1.296299 3.658031 -1.296299
3.701024 -1.296299 3.701024 -1.296299
3.744016 -1.296299 3.744016 -1.296299
3.787008 -1.296299 3.787008 -1.296299
3.830000 -1.296299 3.830000 -1.296299
-1.630000 -1.270630 -1.630000 -1.270630
-1.587008 -1.270630 -1.587008 -1.270630
-1.544016 -1.270630 -1.544016 -1.270630
-1.501024 -1.270630 -1.501024 -1.270630
-1.458031 -1.270630 -1.458031 -1.270630
-1.415039 -1.270630 -1.415039 -1.270630
-1.372047 -1.270630 -1.372047 -1.270630
-1.329055 -1.270630 -1.329055 -1.270630
-1.286063 -1.270630 -1.286063 -1.270630
-1.243071 -1.270630 -1.243071 -1.270630
-1.200079 -1.270630 -1.200079 -1.270630
-1.157087 -1.270630 -1.157087 -1.270630
-1.114094 -1.270630 -1.114094 -1.270630
-1.071102 -1.270630 -1.071102 -1.270630
-1.028110 -1.270630 -1.028110 -1.270630
-0.985118 -1.270630 -0.985118 -1.270630
-0.942126 -1.270630 -0.942126 -1.270630
-0.899134 -1.270630 -0.899134 -1.270630
-0.856142 -1.270630 -0.856142 -1.270630
-0.813150 -1.270630 -0.813150 -1.270630
-0.770157 -1.270630 -0.770157 -1.270630
-0.727165 -1.270630 -0.727165 -1.270630
-0.684173 -1.270630 -0.684173 -1.270630
-0.641181 -1.270630 -0.641181 -1.270630
-0.598189 -1.270630 -0.598189 -1.270630
-0.555197 -1.270630 -0.555197 -1.270630
-0.512205 -1.270630 -0.512205 -1.270630
-0.469213 -1.270630 -0.469213 -1.270630
-0.426220 -1.270630 -0.426220 -1.270630
-0.383228 -1.270630 -0.383228 -1.270630
-0.340236 -1.270630 -0.340236 -1.270630
-0.297244 -1.270630 -0.297244 -1.270630
-0.254252 -1.270630 -0.254252 -1.270630
-0.211260 -1.270630 -0.211260 -1.270630
-0.168268 -1.270630 -0.168268 -1.270630
-0.125276 -1.270630 -0.125276 -1.270630
-0.082283 -1.270630 -0.082283 -1.270630
-0.039291 -1.270630 -0.039291 -1.270630
0.003701 -1.270630 0.003701 -1.270630
0.046693 -1.270630 0.046693 -1.270630
0.089685 -1.270630 0.089685 -1.270630
0.132677 -1.270630 0.132677 -1.270630
0.175669 -1.270630 0.175669 -1.270630
0.218661 -1.270630 0.218661 -1.270630
0.261654 -1.270630 0.261654 -1.270630
0.304646 -1.270630 0.304646 -1.270630
0.347638 -1.270630 0.347638 -1.270630
0.390630 -1.270630 0.390630 -1.270630
0.433622 -1.270630 0.433622 -1.270630
0.476614 -1.270630 0.476614 -1.270630
0.519606 -1.270630 0.519606 -1.270630
0.562598 -1.270630 0.562598 -1.270630
0.605591 -1.270630 0.605591 -1.270630
0.648583 -1.270630 0.648583 -1.270630
0.691575 -1.270630 0.691575 -1.270630
0.734567 -1.270630 0.734567 -1.270630
0.777559 -1.270630 0.777559 -1.270630
0.820551 -1.270630 0.820551 -1.270630
0.863543 -1.270630 0.863543 -1.270630
0.906535 -1.270630 0.906535 -1.270630
0.949528 -1.270630 0.949528 -1.270630
0.992520 -1.270630 0.992520 -1.270630
1.035512 -1.270630 1.035512 -1.270630
1.078504 -1.270630 1.078504 -1.270630
1.121496 -1.270630 1.121496 -1.270630
1.164488 -1.270630 1.164488 -1.270630
1.207480 -1.270630 1.207480 -1.270630
1.250472 -1.270630 1.250472 -1.270630
1.293465 -1.270630 1.293465 -1.270630
1.336457 -1.270630 1.336457 -1.270630
1.379449 -1.270630 1.379449 -1.270630
1.422441 -1.270630 1.422441 -1.270630
1.465433 -1.270630 1.465433 -1.270630
1.508425 -1.270630 1.508425 -1.270630
1.551417 -1.270630 1.551417 -1.270630
1.594409 -1.270630 1.594409 -1.270630
1.637402 -1.270630 1.637402 -1.270630
1.680394 -1.270630 1.680394 -1.270630
1.723386 -1.270630 1.723386 -1.270630
1.766378 -1.270630 1.766378 -1.270630
1.809370 -1.270630 1.809370 -1.270630
1.852362 -1.270630 1.852362 -1.270630
1.895354 -1.270630 1.895354 -1.270630
1.938346 -1.270630 1.938346 -1.270630
1.981339 -1.270630 1.981339 -1.270630
2.024331 -1.270630 2.024331 -1.270630
2.067323 -1.270630 2.067323 -1.270630
2.110315 -1.270630 2.110315 -1.270630
2.153307 -1.270630 2.153307 -1.270630
2.196299 -1.270630 2.196299 -1.270630
2.239291 -1.270630 2.239291 -1.270630
2.282283 -1.270630 2.282283 -1.270630
2.325276 -1.270630 2.325276 -1.270630
2.368268 -1.270630 2.368268 -1.270630
2.411260 -1.270630 2.411260 -1.270630
2.454252 -1.270630 2.454252 -1.270630
2.497244 -1.270630 2.497244 -1.270630
2.540236 -1.270630 2.540236 -1.270630
2.583228 -1.270630 2.583228 -1.270630
2.626220 -1.270630 2.626220 -1.270630
2.669213 -1.270630 2.669213 -1.270630
2.712205 -1.270630 2.712205 -1.270630
2.755197 -1.270630 2.755197 -1.270630
2.798189 -1.270630 2.798189 -1.270630
2.841181 -1.270630 2.841181 -1.270630
2.884173 -1.270630 2.884173 -1.270630
2.927165 -1.270630 2.927165 -1.270630
2.970157 -1.270630 2.970157 -1.270630
3.013150 -1.270630 3.013150 -1.270630
3.056142 -1.270630 3.056142 -1.270630
3.099134 -1.270630 3.099134 -1.270630
3.142126 -1.270630 3.142126 -1.270630
3.185118 -1.270630 3.185118 -1.270630
3.228110 -1.270630 3.228110 -1.270630
3.271102 -1.270630 3.271102 -1.270630
3.314094 -1.270630 3.314094 -1.270630
3.357087 -1.270630 3.357087 -1.270630
3.400079 -1.270630 3.400079 -1.270630
3.443071 -1.270630 3.443071 -1.270630
3.486063 -1.270630 3.486063 -1.270630
3.529055 -1.270630 3.529055 -1.270630
3.572047 -1.270630 3.572047 -1.270630
3.615039 -1.270630 3.615039 -1.270630
3.658031 -1.270630 3.658031 -1.270630
3.701024 -1.270630 3.701024 -1.270630
3.744016 -1.270630 3.744016 -1.270630
3.787008 -1.270630 3.787008 -1.270630
3.830000 -1.270630 3.830000 -1.270630
-1.630000 -1.244961 -1.630000 -1.244961
-1.587008 -1.244961 -1.587008 -1.244961
-1.544016 -1.244961 -1.544016 -1.244961
-1.501024 -1.244961 -1.501024 -1.244961
-1.458031 -1.244961 -1.458031 -1.244961
-1.415039 -1.244961 -1.415039 -1.244961
-1.372047 -1.244961 -1.372047 -1.244961
-1.329055 -1.244961 -1.329055 -1.244961
-1.286063 -1.244961 -1.286063 -1.244961
-1.243071 -1.244961 -1.243071 -1.244961
-1.200079 -1.244961 -1.200079 -1.244961
-1.157087 -1.244961 -1.157087 -1.244961
-1.114094 -1.244961 -1.114094 -1.244961
-1.071102 -1.244961 -1.071102 -1.244961
-1.028110 -1.244961 -1.028110 -1.244961
-0.985118 -1.244961 -0.985118 -1.244961
-0.942126 -1.244961 -0.942126 -1.244961
-0.899134 -1.244961 -0.899134 -1.244961
-0.856142 -1.244961 -0.856142 -1.244961
-0.813150 -1.244961 -0.813150 -1.244961
-0.770157 -1.244961 -0.770157 -1.244961
-0.727165 -1.244961 -0.727165 -1.244961
-0.684173 -1.244961 -0.684173 -1.244961
-0.641181 -1.244961 -0.641181 -1.244961
-0.598189 -1.244961 -0.598189 -1.244961
-0.555197 -1.244961 -0.555197 -1.244961
-0.512205 -1.244961 -0.512205 -1.244961
-0.469213 -1.244961 -0.469213 -1.244961
-0.426220 -1.244961 -0.426220 -1.244961
-0.383228 -1.244961 -0.383228 -1.244961
-0.340236 -1.244961 -0.340236 -1.244961
-0.297244 -1.244961 -0.297244 -1.244961
-0.254252 -1.244961 -0.254252 -1.244961
-0.211260 -1.244961 -0.211260 -1.244961
-0.168268 -1.244961 -0.168268 -1.244961
-0.125276 -1.244961 -0.125276 -1.244961
-0.082283 -1.244961 -0.082283 -1.244961
-0.039291 -1.244961 -0.039291 -1.244961
0.003701 -1.244961 0.003701 -1.244961
0.046693 -1.244961 0.046693 -1.244961
0.089685 -1.244961 0.089685 -1.244961
0.132677 -1.244961 0.132677 -1.244961
0.175669 -1.244961 0.175669 -1.244961
0.218661 -1.244961 0.218661 -1.244961
0.261654 -1.244961 0.261654 -1.244961
0.304646 -1.244961 0.304646 -1.244961
0.347638 -1.244961 0.347638 -1.244961
0.390630 -1.244961 0.390630 -1.244961
0.433622 -1.244961 0.433622 -1.244961
0.476614 -1.244961 0.476614 -1.244961
0.519606 -1.244961 0.519606 -1.244961
0.562598 -1.244961 0.562598 -1.244961
0.605591 -1.244961 0.605591 -1.244961
0.648583 -1.244961 0.648583 -1.244961
0.691575 -1.244961 0.691575 -1.244961
0.734567 -1.244961 0.734567 -1.244961
0.777559 -1.244961 0.777559 -1.244961
0.820551 -1.244961 0.820551 -1.244961
0.863543 -1.244961 0.863543 -1.244961
0.906535 -1.244961 0.906535 -1.244961
0.949528 -1.244961 0.949528 -1.244961
0.992520 -1.244961 0.992520 -1.244961
1.035512 -1.244961 1.035512 -1.244961
1.078504 -1.244961 1.078504 -1.244961
1.121496 -1.244961 1.121496 -1.244961
1.164488 -1.244961 1.164488 -1.244961
1.207480 -1.244961 1.207480 -1.244961
1.250472 -1.244961 1.250472 -1.244961
1.293465 -1.244961 1.293465 -1.244961
1.336457 -1.244961 1.336457 -1.244961
1.379449 -1.244961 1.379449 -1.244961
1.422441 -1.244961 1.422441 -1.244961
1.465433 -1.244961 1.465433 -1.244961
1.508425 -1.244961 1.508425 -1.244961
1.551417 -1.244961 1.551417 -1.244961
1.594409 -1.244961 1.594409 -1.244961
1.637402 -1.244961 1.637402 -1.244961
1.680394 -1.244961 1.680394 -1.244961
1.723386 -1.244961 1.723386 -1.244961
1.766378 -1.244961 1.766378 -1.244961
1.809370 -1.244961 1.809370 -1.244961
1.852362 -1.244961 1.852362 -1.244961
1.895354 -1.244961 1.895354 -1.244961
1.938346 -1.244961 1.938346 -1.244961
1.981339 -1.244961 1.981339 -1.244961
2.024331 -1.244961 2.024331 -1.244961
2.067323 -1.244961 2.067323 -1.244961
2.110315 -1.244961 2.110315 -1.244961
2.153307 -1.244961 2.153307 -1.244961
2.196299 -1.244961 2.196299 -1.244961
2.239291 -1.244961 2.239291 -1.244961
2.282283 -1.244961 2.282283 -1.244961
2.325276 -1.244961 2.325276 -1.244961
2.368268 -1.244961 2.368268 -1.244961
2.411260 -1.244961 2.411260 -1.244961
2.454252 -1.244961 2.454252 -1.244961
2.497244 -1.244961 2.497244 -1.244961
2.540236 -1.244961 2.540236 -1.244961
2.583228 -1.244961 2.583228 -1.244961
2.626220 -1.244961 2.626220 -1.244961
2.669213 -1.244961 2.669213 -1.244961
2.712205 -1.244961 2.712205 -1.244961
2.755197 -1.244961 2.755197 -1.244961
2.798189 -1.244961 2.798189 -1.244961
2.841181 -1.244961 2.841181 -1.244961
2.884173 -1.244961 2.884173 -1.244961
2.927165 -1.244961 2.927165 -1.244961
2.970157 -1.244961 2.970157 -1.244961
3.013150 -1.244961 3.013150 -1.244961
3.056142 -1.244961 3.056142 -1.244961
3.099134 -1.244961 3.099134 -1.244961
3.142126 -1.244961 3.142126 -1.244961
3.185118 -1.244961 3.185118 -1.244961
3.228110 -1.244961 3.228110 -1.244961
3.271102 -1.244961 3.271102 -1.244961
3.314094 -1.244961 3.314094 -1.244961
3.357087 -1.244961 3.357087 -1.244961
3.400079 -1.244961 3.400079 -1.244961
3.443071 -1.244961 3.443071 -1.244961
3.486063 -1.244961 3.486063 -1.244961
3.529055 -1.244961 3.529055 -1.244961
3.572047 -1.244961 3.572047 -1.244961
3.615039 -1.244961 3.615039 -1.244961
3.658031 -1.244961 3.658031 -1.244961
3.701024 -1.244961 3.701024 -1.244961
3.744016 -1.244961 3.744016 -1.244961
3.787008 -1.244961 3.787008 -1.244961
3.830000 -1.244961 3.830000 -1.244961
-1.630000 -1.219291 -1.630000 -1.219291
-1.587008 -1.219291 -1.587008 -1.219291
-1.544016 -1.219291 -1.544016 -1.219291
-1.501024 -1.219291 -1.501024 -1.219291
-1.458031 -1.219291 -1.458031 -1.219291
-1.415039 -1.219291 -1.415039 -1.219291
-1.372047 -1.219291 -1.372047 -1.219291
-1.329055 -1.219291 -1.329055 -1.219291
-1.286063 -1.219291 -1.286063 -1.219291
-1.243071 -1.219291 -1.243071 -1.219291
-1.200079 -1.219291 -1.200079 -1.219291
-1.157087 -1.219291 -1.157087 -1.219291
-1.114094 -1.219291 -1.114094 -1.219291
-1.071102 -1.219291 -1.071102 -1.219291
-1.028110 -1.219291 -1.028110 -1.219291
-0.985118 -1.219291 -0.985118 -1.219291
-0.942126 -1.219291 -0.942126 -1.219291
-0.899134 -1.219291 -0.899134 -1.219291
-0.856142 -1.219291 -0.856142 -1.219291
-0.813150 -1.219291 -0.813150 -1.219291
-0.770157 -1.219291 -0.770157 -1.219291
-0.727165 -1.219291 -0.727165 -1.219291
-0.684173 -1.219291 -0.684173 -1.219291
-0.641181 -1.219291 -0.641181 -1.219291
-0.598189 -1.219291 -0.598189 -1.219291
-0.555197 -1.219291 -0.555197 -1.219291
-0.512205 -1.219291 -0.512205 -1.219291
-0.469213 -1.219291 -0.469213 -1.219291
-0.426220 -1.219291 -0.426220 -1.219291
-0.383228 -1.219291 -0.383228 -1.219291
-0.340236 -1.219291 -0.340236 -1.219291
-0.297244 -1.219291 -0.297244 -1.219291
-0.254252 -1.219291 -0.254252 -1.219291
-0.211260 -1.219291 -0.211260 -1.219291
-0.168268 -1.219291 -0.168268 -1.219291
-0.125276 -1.219291 -0.125276 -1.219291
-0.082283 -1.219291 -0.082283 -1.219291
-0.039291 -1.219291 -0.039291 -1.219291
0.003701 -1.219291 0.003701 -1.219291
0.046693 -1.219291 0.046693 -1.219291
0.089685 -1.219291 0.089685 -1.219291
0.132677 -1.219291 0.132677 -1.219291
0.175669 -1.219291 0.175669 -1.219291
0.218661 -1.219291 0.218661 -1.219291
0.261654 -1.219291 0.261654 -1.219291
0.304646 -1.219291 0.304646 -1.219291
0.347638 -1.219291 0.347638 -1.219291
0.390630 -1.219291 0.390630 -1.219291
0.433622 -1.219291 0.433622 -1.219291
0.476614 -1.219291 0.476614 -1.219291
0.519606 -1.219291 0.519606 -1.219291
0.562598 -1.219291 0.562598 -1.219291
0.605591 -1.219291 0.605591 -1.219291
0.648583 -1.219291 0.648583 -1.219291
0.691575 -1.219291 0.691575 -1.219291
0.734567 -1.219291 0.734567 -1.219291
0.777559 -1.219291 0.777559 -1.219291
0.820551 -1.219291 0.820551 -1.219291
0.863543 -1.219291 0.863543 -1.219291
0.906535 -1.219291 0.906535 -1.219291
0.949528 -1.219291 0.949528 -1.219291
0.992520 -1.219291 0.992520 -1.219291
1.035512 -1.219291 1.035512 -1.219291
1.078504 -1.219291 1.078504 -1.219291
1.121496 -1.219291 1.121496 -1.219291
1.164488 -1.219291 1.164488 -1.219291
1.207480 -1.219291 1.207480 -1.219291
1.250472 -1.219291 1.250472 -1.219291
1.293465 -1.219291 1.293465 -1.219291
1.336457 -1.219291 1.336457 -1.219291
1.379449 -1.219291 1.379449 -1.219291
1.422441 -1.219291 1.422441 -1.219291
1.465433 -1.219291 1.465433 -1.219291
1.508425 -1.219291 1.508425 -1.219291
1.551417 -1.219291 1.551417 -1.219291
1.594409 -1.219291 1.594409 -1.219291
1.637402 -1.219291 1.637402 -1.219291
1.680394 -1.219291 1.680394 -1.219291
1.723386 -1.219291 1.723386 -1.219291
1.766378 -1.219291 1.766378 -1.219291
1.809370 -1.219291 1.809370 -1.219291
1.852362 -1.219291 1.852362 -1.219291
1.895354 -1.219291 1.895354 -1.219291
1.938346 -1.219291 1.938346 -1.219291
1.981339 -1.219291 1.981339 -1.219291
2.024331 -1.219291 2.024331 -1.219291
2.067323 -1.219291 2.067323 -1.219291
2.110315 -1.219291 2.110315 -1.219291
2.153307 -1.219291 2.153307 -1.219291
2.196299 -1.219291 2.196299 -1.219291
2.239291 -1.219291 2.239291 -1.219291
2.282283 -1.219291 2.282283 -1.219291
2.325276 -1.219291 2.325276 -1.219291
2.368268 -1.219291 2.368268 -1.219291
2.411260 -1.219291 2.411260 -1.219291
2.454252 -1.219291 2.454252 -1.219291
2.497244 -1.219291 2.497244 -1.219291
2.540236 -1.219291 2.540236 -1.219291
2.583228 -1.219291 2.583228 -1.219291
2.626220 -1.219291 2.626220 -1.219291
2.669213 -1.219291 2.669213 -1.219291
2.712205 -1.219291 2.712205 -1.219291
2.755197 -1.219291 2.755197 -1.219291
2.798189 -1.219291 2.798189 -1.219291
2.841181 -1.219291 2.841181 -1.219291
2.884173 -1.219291 2.884173 -1.219291
2.927165 -1.219291 2.927165 -1.219291
2.970157 -1.219291 2.970157 -1.219291
3.013150 -1.219291 3.013150 -1.219291
3.056142 -1.219291 3.056142 -1.219291
3.099134 -1.219291 3.099134 -1.219291
3.142126 -1.219291 3.142126 -1.219291
3.185118 -1.219291 3.185118 -1.219291
3.228110 -1.219291 3.228110 -1.219291
3.271102 -1.219291 3.271102 -1.219291
3.314094 -1.219291 3.314094 -1.219291
3.357087 -1.219291 3.357087 -1.219291
3.400079 -1.219291 3.400079 -1.219291
3.443071 -1.219291 3.443071 -1.219291
3.486063 -1.219291 3.486063 -1.219291
3.529055 -1.219291 3.529055 -1.219291
3.572047 -1.219291 3.572047 -1.219291
3.615039 -1.219291 3.615039 -1.219291
3.658031 -1.219291 3.658031 -1.219291
3.701024 -1.219291 3.701024 -1.219291
3.744016 -1.219291 3.744016 -1.219291
3.787008 -1.219291 3.787008 -1.219291
3.830000 -1.219291 3.830000 -1.219291
-1.630000 -1.193622 -1.630000 -1.193622
-1.587008 -1.193622 -1.587008 -1.193622
-1.544016 -1.193622 -1.544016 -1.193622
-1.501024 -1.193622 -1.501024 -1.193622
-1.458031 -1.193622 -1.458031 -1.193622
-1.415039 -1.193622 -1.415039 -1.193622
-1.372047 -1.193622 -1.372047 -1.193622
-1.329055 -1.193622 -1.329055 -1.193622
-1.286063 -1.193622 -1.286063 -1.193622
-1.243071 -1.193622 -1.243071 -1.193622
-1.200079 -1.193622 -1.200079 -1.193622
-1.157087 -1.193622 -1.157087 -1.193622
-1.114094 -1.193622 -1.114094 -1.193622
-1.071102 -1.193622 -1.071102 -1.193622
-1.028110 -1.193622 -1.028110 -1.193622
-0.985118 -1.193622 -0.985118 -1.193622
-0.942126 -1.193622 -0.942126 -1.193622
-0.899134 -1.193622 -0.899134 -1.193622
-0.856142 -1.193622 -0.856142 -1.193622
-0.813150 -1.193622 -0.813150 -1.193622
-0.770157 -1.193622 -0.770157 -1.193622
-0.727165 -1.193622 -0.727165 -1.193622
-0.684173 -1.193622 -0.684173 -1.193622
-0.641181 -1.193622 -0.641181 -1.193622
-0.598189 -1.193622 -0.598189 -1.193622
-0.555197 -1.193622 -0.555197 -1.193622
-0.512205 -1.193622 -0.512205 -1.193622
-0.469213 -1.193622 -0.469213 -1.193622
-0.426220 -1.193622 -0.426220 -1.193622
-0.383228 -1.193622 -0.383228 -1.193622
-0.340236 -1.193622 -0.340236 -1.193622
-0.297244 -1.193622 -0.297244 -1.193622
-0.254252 -1.193622 -0.254252 -1.193622
-0.211260 -1.193622 -0.211260 -1.193622
-0.168268 -1.193622 -0.168268 -1.193622
-0.125276 -1.193622 -0.125276 -1.193622
-0.082283 -1.193622 -0.082283 -1.193622
-0.039291 -1.193622 -0.039291 -1.193622
0.003701 -1.193622 0.003701 -1.193622
0.046693 -1.193622 0.046693 -1.193622
0.089685 -1.193622 0.089685 -1.193622
0.132677 -1.193622 0.132677 -1.193622
0.175669 -1.193622 0.175669 -1.193622
0.218661 -1.193622 0.218661 -1.193622
0.261654 -1.193622 0.261654 -1.193622
0.304646 -1.193622 0.304646 -1.193622
0.347638 -1.193622 0.347638 -1.193622
0.390630 -1.193622 0.390630 -1.193622
0.433622 -1.193622 0.433622 -1.193622
0.476614 -1.193622 0.476614 -1.193622
0.519606 -1.193622 0.519606 -1.193622
0.562598 -1.193622 0.562598 -1.193622
0.605591 -1.193622 0.605591 -1.193622
0.648583 -1.193622 0.648583 -1.193622
0.691575 -1.193622 0.691575 -1.193622
0.734567 -1.193622 0.734567 -1.193622
0.777559 -1.193622 0.777559 -1.193622
0.820551 -1.193622 0.820551 -1.193622
0.863543 -1.193622 0.863543 -1.193622
0.906535 -1.193622 0.906535 -1.193622
0.949528 -1.193622 0.949528 -1.193622
0.992520 -1.193622 0.992520 -1.193622
1.035512 -1.193622 1.035512 -1.193622
1.078504 -1.193622 1.078504 -1.193622
1.121496 -1.193622 1.121496 -1.193622
1.164488 -1.193622 1.164488 -1.193622
1.207480 -1.193622 1.207480 -1.193622
1.250472 -1.193622 1.250472 -1.193622
1.293465 -1.193622 1.293465 -1.193622
1.336457 -1.193622 1.336457 -1.193622
1.379449 -1.193622 1.379449 -1.193622
1.422441 -1.193622 1.422441 -1.193622
1.465433 -1.193622 1.465433 -1.193622
1.508425 -1.193622 1.508425 -1.193622
1.551417 -1.193622 1.551417 -1.193622
1.594409 -1.193622 1.594409 -1.193622
1.637402 -1.193622 1.637402 -1.193622
1.680394 -1.193622 1.680394 -1.193622
1.723386 -1.193622 1.723386 -1.193622
1.766378 -1.193622 1.766378 -1.193622
1.809370 -1.193622 1.809370 -1.193622
1.852362 -1.193622 1.852362 -1.193622
1.895354 -1.193622 1.895354 -1.193622
1.938346 -1.193622 1.938346 -1.193622
1.981339 -1.193622 1.981339 -1.193622
2.024331 -1.193622 2.024331 -1.193622
2.067323 -1.193622 2.067323 -1.193622
2.110315 -1.193622 2.110315 -1.193622
2.153307 -1.193622 2.153307 -1.193622
2.196299 -1.193622 2.196299 -1.193622
2.239291 -1.193622 2.239291 -1.193622
2.282283 -1.193622 2.282283 -1.193622
2.325276 -1.193622 2.325276 -1.193622
2.368268 -1.193622 2.368268 -1.193622
2.411260 -1.193622 2.411260 -1.193622
2.454252 -1.193622 2.454252 -1.193622
2.497244 -1.193622 2.497244 -1.193622
2.540236 -1.193622 2.540236 -1.193622
2.583228 -1.193622 2.583228 -1.193622
2.626220 -1.193622 2.626220 -1.193622
2.669213 -1.193622 2.669213 -1.193622
2.712205 -1.193622 2.712205 -1.193622
2.755197 -1.193622 2.755197 -1.193622
2.798189 -1.193622 2.798189 -1.193622
2.841181 -1.193622 2.841181 -1.193622
2.884173 -1.193622 2.884173 -1.193622
2.927165 -1.193622 2.927165 -1.193622
2.970157 -1.193622 2.970157 -1.193622
3.013150 -1.193622 3.013150 -1.193622
3.056142 -1.193622 3.056142 -1.193622
3.099134 -1.193622 3.099134 -1.193622
3.142126 -1.193622 3.142126 -1.193622
3.185118 -1.193622 3.185118 -1.193622
3.228110 -1.193622 3.228110 -1.193622
3.271102 -1.193622 3.271102 -1.193622
3.314094 -1.193622 3.314094 -1.193622
3.357087 -1.193622 3.357087 -1.193622
3.400079 -1.193622 3.400079 -1.193622
3.443071 -1.193622 3.443071 -1.193622
3.486063 -1.193622 3.486063 -1.193622
3.529055 -1.193622 3.529055 -1.193622
3.572047 -1.193622 3.572047 -1.193622
3.615039 -1.193622 3.615039 -1.193622
3.658031 -1.193622 3.658031 -1.193622
3.701024 -1.193622 3.701024 -1.193622
3.744016 -1.193622 3.744016 -1.193622
3.787008 -1.193622 3.787008 -1.193622
3.830000 -1.193622 3.830000 -1.193622
-1.630000 -1.167953 -1.630000 -1.167953
-1.587008 -1.167953 -1.587008 -1.167953
-1.544016 -1.167953 -1.544016 -1.167953
-1.501024 -1.167953 -1.501024 -1.167953
-1.458031 -1.167953 -1.458031 -1.167953
-1.415039 -1.167953 -1.415039 -1.167953
-1.372047 -1.167953 -1.372047 -1.167953
-1.329055 -1.167953 -1.329055 -1.167953
-1.286063 -1.167953 -1.286063 -1.167953
-1.243071 -1.167953 -1.243071 -1.167953
-1.200079 -1.167953 -1.200079 -1.167953
-1.157087 -1.167953 -1.157087 -1.167953
-1.114094 -1.167953 -1.114094 -1.167953
-1.071102 -1.167953 -1.071102 -1.167953
-1.028110 -1.167953 -1.028110 -1.167953
-0.985118 -1.167953 -0.985118 -1.167953
-0.942126 -1.167953 -0.942126 -1.167953
-0.899134 -1.167953 -0.899134 -1.167953
-0.856142 -1.167953 -0.856142 -1.167953
-0.813150 -1.167953 -0.813150 -1.167953
-0.770157 -1.167953 -0.770157 -1.167953
-0.727165 -1.167953 -0.727165 -1.167953
-0.684173 -1.167953 -0.684173 -1.167953
-0.641181 -1.167953 -0.641181 -1.167953
-0.598189 -1.167953 -0.598189 -1.167953
-0.555197 -1.167953 -0.555197 -1.167953
-0.512205 -1.167953 -0.512205 -1.167953
-0.469213 -1.167953 -0.469213 -1.167953
-0.426220 -1.167953 -0.426220 -1.167953
-0.383228 -1.167953 -0.383228 -1.167953
-0.340236 -1.167953 -0.340236 -1.167953
-0.297244 -1.167953 -0.297244 -1.167953
-0.254252 -1.167953 -0.254252 -1.167953
-0.211260 -1.167953 -0.211260 -1.167953
-0.168268 -1.167953 -0.168268 -1.167953
-0.125276 -1.167953 -0.125276 -1.167953
-0.082283 -1.167953 -0.082283 -1.167953
-0.039291 -1.167953 -0.039291 -1.167953
0.003701 -1.167953 0.003701 -1.167953
0.046693 -1.167953 0.046693 -1.167953
0.089685 -1.167953 0.089685 -1.167953
0.132677 -1.167953 0.132677 -1.167953
0.175669 -1.167953 0.175669 -1.167953
0.218661 -1.167953 0.218661 -1.167953
0.261654 -1.167953 0.261654 -1.167953
0.304646 -1.167953 0.304646 -1.167953
0.347638 -1.167953 0.347638 -1.167953
0.390630 -1.167953 0.390630 -1.167953
0.433622 -1.167953 0.433622 -1.167953
0.476614 -1.167953 0.476614 -1.167953
0.519606 -1.167953 0.519606 -1.167953
0.562598 -1.167953 0.562598 -1.167953
0.605591 -1.167953 0.605591 -1.167953
0.648583 -1.167953 0.648583 -1.167953
0.691575 -1.167953 0.691575 -1.167953
0.734567 -1.167953 0.734567 -1.167953
0.777559 -1.167953 0.777559 -1.167953
0.820551 -1.167953 0.820551 -1.167953
0.863543 -1.167953 0.863543 -1.167953
0.906535 -1.167953 0.906535 -1.167953
0.949528 -1.167953 0.949528 -1.167953
0.992520 -1.167953 0.992520 -1.167953
1.035512 -1.167953 1.035512 -1.167953
1.078504 -1.167953 1.078504 -1.167953
1.121496 -1.167953 1.121496 -1.167953
1.164488 -1.167953 1.164488 -1.167953
1.207480 -1.167953 1.207480 -1.167953
1.250472 -1.167953 1.250472 -1.167953
1.293465 -1.167953 1.293465 -1.167953
1.336457 -1.167953 1.336457 -1.167953
1.379449 -1.167953 1.379449 -1.167953
1.422441 -1.167953 1.422441 -1.167953
1.465433 -1.167953 1.465433 -1.167953
1.508425 -1.167953 1.508425 -1.167953
1.551417 -1.167953 1.551417 -1.167953
1.594409 -1.167953 1.594409 -1.167953
1.637402 -1.167953 1.637402 -1.167953
1.680394 -1.167953 1.680394 -1.167953
1.723386 -1.167953 1.723386 -1.167953
1.766378 -1.167953 1.766378 -1.167953
1.809370 -1.167953 1.809370 -1.167953
1.852362 -1.167953 1.852362 -1.167953
1.895354 -1.167953 1.895354 -1.167953
1.938346 -1.167953 1.938346 -1.167953
1.981339 -1.167953 1.981339 -1.167953
2.024331 -1.167953 2.024331 -1.167953
2.067323 -1.167953 2.067323 -1.167953
2.110315 -1.167953 2.110315 -1.167953
2.153307 -1.167953 2.153307 -1.167953
2.196299 -1.167953 2.196299 -1.167953
2.239291 -1.167953 2.239291 -1.167953
2.282283 -1.167953 2.282283 -1.167953
2.325276 -1.167953 2.325276 -1.167953
2.368268 -1.167953 2.368268 -1.167953
2.411260 -1.167953 2.411260 -1.167953
2.454252 -1.167953 2.454252 -1.167953
2.497244 -1.167953 2.497244 -1.167953
2.540236 -1.167953 2.540236 -1.167953
2.583228 -1.167953 2.583228 -1.167953
2.626220 -1.167953 2.626220 -1.167953
2.669213 -1.167953 2.669213 -1.167953
2.712205 -1.167953 2.712205 -1.167953
2.755197 -1.167953 2.755197 -1.167953
2.798189 -1.167953 2.798189 -1.167953
2.841181 -1.167953 2.841181 -1.167953
2.884173 -1.167953 2.884173 -1.167953
2.927165 -1.167953 2.927165 -1.167953
2.970157 -1.167953 2.970157 -1.167953
3.013150 -1.167953 3.013150 -1.167953
3.056142 -1.167953 3.056142 -1.167953
3.099134 -1.167953 3.099134 -1.167953
3.142126 -1.167953 3.142126 -1.167953
3.185118 -1.167953 3.185118 -1.167953
3.228110 -1.167953 3.228110 -1.167953
3.271102 -1.167953 3.271102 -1.167953
3.314094 -1.167953 3.314094 -1.167953
3.357087 -1.167953 3.357087 -1.167953
3.400079 -1.167953 3.400079 -1.167953
3.443071 -1.167953 3.443071 -1.167953
3.486063 -1.167953 3.486063 -1.167953
3.529055 -1.167953 3.529055 -1.167953
3.572047 -1.167953 3.572047 -1.167953
3.615039 -1.167953 3.615039 -1.167953
3.658031 -1.167953 3.658031 -1.167953
3.701024 -1.167953 3.701024 -1.167953
3.744016 -1.167953 3.744016 -1.167953
3.787008 -1.167953 3.787008 -1.167953
3.830000 -1.167953 3.830000 -1.167953
-1.630000 -1.142283 -1.630000 -1.142283
-1.587008 -1.142283 -1.587008 -1.142283
-1.544016 -1.142283 -1.544016 -1.142283
-1.501024 -1.142283 -1.501024 -1.142283
-1.458031 -1.142283 -1.458031 -1.142283
-1.415039 -1.142283 -1.415039 -1.142283
-1.372047 -1.142283 -1.372047 -1.142283
-1.329055 -1.142283 -1.329055 -1.142283
-1.286063 -1.142283 -1.286063 -1.142283
-1.243071 -1.142283 -1.243071 -1.142283
-1.200079 -1.142283 -1.200079 -1.142283
-1.157087 -1.142283 -1.157087 -1.142283
-1.114094 -1.142283 -1.114094 -1.142283
-1.071102 -1.142283 -1.071102 -1.142283
-1.028110 -1.142283 -1.028110 -1.142283
-0.985118 -1.142283 -0.985118 -1.142283
-0.942126 -1.142283 -0.942126 -1.142283
-0.899134 -1.142283 -0.899134 -1.142283
-0.856142 -1.142283 -0.856142 -1.142283
-0.813150 -1.142283 -0.813150 -1.142283
-0.770157 -1.142283 -0.770157 -1.142283
-0.727165 -1.142283 -0.727165 -1.142283
-0.684173 -1.142283 -0.684173 -1.142283
-0.641181 -1.142283 -0.641181 -1.142283
-0.598189 -1.142283 -0.598189 -1.142283
-0.555197 -1.142283 -0.555197 -1.142283
-0.512205 -1.142283 -0.512205 -1.142283
-0.469213 -1.142283 -0.469213 -1.142283
-0.426220 -1.142283 -0.426220 -1.142283
-0.383228 -1.142283 -0.383228 -1.142283
-0.340236 -1.142283 -0.340236 -1.142283
-0.297244 -1.142283 -0.297244 -1.142283
-0.254252 -1.142283 -0.254252 -1.142283
-0.211260 -1.142283 -0.211260 -1.142283
-0.168268 -1.142283 -0.168268 -1.142283
-0.125276 -1.142283 -0.125276 -1.142283
-0.082283 -1.142283 -0.082283 -1.142283
-0.039291 -1.142283 -0.039291 -1.142283
0.003701 -1.142283 0.003701 -1.142283
0.046693 -1.142283 0.046693 -1.142283
0.089685 -1.142283 0.089685 -1.142283
0.132677 -1.142283 0.132677 -1.142283
0.175669 -1.142283 0.175669 -1.142283
0.218661 -1.142283 0.218661 -1.142283
0.261654 -1.142283 0.261654 -1.142283
0.304646 -1.142283 0.304646 -1.142283
0.347638 -1.142283 0.347638 -1.142283
0.390630 -1.142283 0.390630 -1.142283
0.433622 -1.142283 0.433622 -1.142283
0.476614 -1.142283 0.476614 -1.142283
0.519606 -1.142283 0.519606 -1.142283
0.562598 -1.142283 0.562598 -1.142283
0.605591 -1.142283 0.605591 -1.142283
0.648583 -1.142283 0.648583 -1.142283
0.691575 -1.142283 0.691575 -1.142283
0.734567 -1.142283 0.734567 -1.142283
0.777559 -1.142283 0.777559 -1.142283
0.820551 -1.142283 0.820551 -1.142283
0.863543 -1.142283 0.863543 -1.142283
0.906535 -1.142283 0.906535 -1.142283
0.949528 -1.142283 0.949528 -1.142283
0.992520 -1.142283 0.992520 -1.142283
1.035512 -1.142283 1.035512 -1.142283
1.078504 -1.142283 1.078504 -1.142283
1.121496 -1.142283 1.121496 -1.142283
1.164488 -1.142283 1.164488 -1.142283
1.207480 -1.142283 1.207480 -1.142283
1.250472 -1.142283 1.250472 -1.142283
1.293465 -1.142283 1.293465 -1.142283
1.336457 -1.142283 1.336457 -1.142283
1.379449 -1.142283 1.379449 -1.142283
1.422441 -1.142283 1.422441 -1.142283
1.465433 -1.142283 1.465433 -1.142283
1.508425 -1.142283 1.508425 -1.142283
1.551417 -1.142283 1.551417 -1.142283
1.594409 -1.142283 1.594409 -1.142283
1.637402 -1.142283 1.637402 -1.142283
1.680394 -1.142283 1.680394 -1.142283
1.723386 -1.142283 1.723386 -1.142283
1.766378 -1.142283 1.766378 -1.142283
1.809370 -1.142283 1.809370 -1.142283
1.852362 -1.142283 1.852362 -1.142283
1.895354 -1.142283 1.895354 -1.142283
1.938346 -1.142283 1.938346 -1.142283
1.981339 -1.142283 1.981339 -1.142283
2.024331 -1.142283 2.024331 -1.142283
2.067323 -1.142283 2.067323 -1.142283
2.110315 -1.142283 2.110315 -1.142283
2.153307 -1.142283 2.153307 -1.142283
2.196299 -1.142283 2.196299 -1.142283
2.239291 -1.142283 2.239291 -1.142283
2.282283 -1.142283 2.282283 -1.142283
2.325276 -1.142283 2.325276 -1.142283
2.368268 -1.142283 2.368268 -1.142283
2.411260 -1.142283 2.411260 -1.142283
2.454252 -1.142283 2.454252 -1.142283
2.497244 -1.142283 2.497244 -1.142283
2.540236 -1.142283 2.540236 -1.142283
2.583228 -1.142283 2.583228 -1.142283
2.626220 -1.142283 2.626220 -1.142283
2.669213 -1.142283 2.669213 -1.142283
2.712205 -1.142283 2.712205 -1.142283
2.755197 -1.142283 2.755197 -1.142283
2.798189 -1.142283 2.798189 -1.142283
2.841181 -1.142283 2.841181 -1.142283
2.884173 -1.142283 2.884173 -1.142283
2.927165 -1.142283 2.927165 -1.142283
2.970157 -1.142283 2.970157 -1.142283
3.013150 -1.142283 3.013150 -1.142283
3.056142 -1.142283 3.056142 -1.142283
3.099134 -1.142283 3.099134 -1.142283
3.142126 -1.142283 3.142126 -1.142283
3.185118 -1.142283 3.185118 -1.142283
3.228110 -1.142283 3.228110 -1.142283
3.271102 -1.142283 3.271102 -1.142283
3.314094 -1.142283 3.314094 -1.142283
3.357087 -1.142283 3.357087 -1.142283
3.400079 -1.142283 3.400079 -1.142283
3.443071 -1.142283 3.443071 -1.142283
3.486063 -1.142283 3.486063 -1.142283
3.529055 -1.142283 3.529055 -1.142283
3.572047 -1.142283 3.572047 -1.142283
3.615039 -1.142283 3.615039 -1.142283
3.658031 -1.142283 3.658031 -1.142283
3.701024 -1.142283 3.701024 -1.142283
3.744016 -1.142283 3.744016 -1.142283
3.787008 -1.142283 3.787008 -1.142283
3.830000 -1.142283 3.830000 -1.142283
-1.630000 -1.116614 -1.630000 -1.116614
-1.587008 -1.116614 -1.587008 -1.116614
-1.544016 -1.116614 -1.544016 -1.116614
-1.501024 -1.116614 -1.501024 -1.116614
-1.458031 -1.116614 -1.458031 -1.116614
-1.415039 -1.116614 -1.415039 -1.116614
-1.372047 -1.116614 -1.372047 -1.116614
-1.329055 -1.116614 -1.329055 -1.116614
-1.286063 -1.116614 -1.286063 -1.116614
-1.243071 -1.116614 -1.243071 -1.116614
-1.200079 -1.116614 -1.200079 -1.116614
-1.157087 -1.116614 -1.157087 -1.116614
-1.114094 -1.116614 -1.114094 -1.116614
-1.071102 -1.116614 -1.071102 -1.116614
-1.028110 -1.116614 -1.028110 -1.116614
-0.985118 -1.116614 -0.985118 -1.116614
-0.942126 -1.116614 -0.942126 -1.116614
-0.899134 -1.116614 -0.899134 -1.116614
-0.856142 -1.116614 -0.856142 -1.116614
-0.813150 -1.116614 -0.813150 -1.116614
-0.770157 -1.116614 -0.770157 -1.116614
-0.727165 -1.116614 -0.727165 -1.116614
-0.684173 -1.116614 -0.684173 -1.116614
-0.641181 -1.116614 -0.641181 -1.116614
-0.598189 -1.116614 -0.598189 -1.116614
-0.555197 -1.116614 -0.555197 -1.116614
-0.512205 -1.116614 -0.512205 -1.116614
-0.469213 -1.116614 -0.469213 -1.116614
-0.426220 -1.116614 -0.426220 -1.116614
-0.383228 -1.116614 -0.383228 -1.116614
-0.340236 -1.116614 -0.340236 -1.116614
-0.297244 -1.116614 -0.297244 -1.116614
-0.254252 -1.116614 -0.254252 -1.116614
-0.211260 -1.116614 -0.211260 -1.116614
-0.168268 -1.116614 -0.168268 -1.116614
-0.125276 -1.116614 -0.125276 -1.116614
-0.082283 -1.116614 -0.082283 -1.116614
-0.039291 -1.116614 -0.039291 -1.116614
0.003701 -1.116614 0.003701 -1.116614
0.046693 -1.116614 0.046693 -1.116614
0.089685 -1.116614 0.089685 -1.116614
0.132677 -1.116614 0.132677 -1.116614
0.175669 -1.116614 0.175669 -1.116614
0.218661 -1.116614 0.218661 -1.116614
0.261654 -1.116614 0.261654 -1.116614
0.304646 -1.116614 0.304646 -1.116614
0.347638 -1.116614 0.347638 -1.116614
0.390630 -1.116614 0.390630 -1.116614
0.433622 -1.116614 0.433622 -1.116614
0.476614 -1.116614 0.476614 -1.116614
0.519606 -1.116614 0.519606 -1.116614
0.562598 -1.116614 0.562598 -1.116614
0.605591 -1.116614 0.605591 -1.116614
0.648583 -1.116614 0.648583 -1.116614
0.691575 -1.116614 0.691575 -1.116614
0.734567 -1.116614 0.734567 -1.116614
0.777559 -1.116614 0.777559 -1.116614
0.820551 -1.116614 0.820551 -1.116614
0.863543 -1.116614 0.863543 -1.116614
0.906535 -1.116614 0.906535 -1.116614
0.949528 -1.116614 0.949528 -1.116614
0.992520 -1.116614 0.992520 -1.116614
1.035512 -1.116614 1.035512 -1.116614
1.078504 -1.116614 1.078504 -1.116614
1.121496 -1.116614 1.121496 -1.116614
1.164488 -1.116614 1.164488 -1.116614
1.207480 -1.116614 1.207480 -1.116614
1.250472 -1.116614 1.250472 -1.116614
1.293465 -1.116614 1.293465 -1.116614
1.336457 -1.116614 1.336457 -1.116614
1.379449 -1.116614 1.379449 -1.116614
1.422441 -1.116614 1.422441 -1.116614
1.465433 -1.116614 1.465433 -1.116614
1.508425 -1.116614 1.508425 -1.116614
1.551417 -1.116614 1.551417 -1.116614
1.594409 -1.116614 1.594409 -1.116614
1.637402 -1.116614 1.637402 -1.116614
1.680394 -1.116614 1.680394 -1.116614
1.723386 -1.116614 1.723386 -1.116614
1.766378 -1.116614 1.766378 -1.116614
1.809370 -1.116614 1.809370 -1.116614
1.852362 -1.116614 1.852362 -1.116614
1.895354 -1.116614 1.895354 -1.116614
1.938346 -1.116614 1.938346 -1.116614
1.981339 -1.116614 1.981339 -1.116614
2.024331 -1.116614 2.024331 -1.116614
2.067323 -1.116614 2.067323 -1.116614
2.110315 -1.116614 2.110315 -1.116614
2.153307 -1.116614 2.153307 -1.116614
2.196299 -1.116614 2.196299 -1.116614
2.239291 -1.116614 2.239291 -1.116614
2.282283 -1.116614 2.282283 -1.116614
2.325276 -1.116614 2.325276 -1.116614
2.368268 -1.116614 2.368268 -1.116614
2.411260 -1.116614 2.411260 -1.116614
2.454252 -1.116614 2.454252 -1.116614
2.497244 -1.116614 2.497244 -1.116614
2.540236 -1.116614 2.540236 -1.116614
2.583228 -1.116614 2.583228 -1.116614
2.626220 -1.116614 2.626220 -1.116614
2.669213 -1.116614 2.669213 -1.116614
2.712205 -1.116614 2.712205 -1.116614
2.755197 -1.116614 2.755197 -1.116614
2.798189 -1.116614 2.798189 -1.116614
2.841181 -1.116614 2.841181 -1.116614
2.884173 -1.116614 2.884173 -1.116614
2.927165 -1.116614 2.927165 -1.116614
2.970157 -1.116614 2.970157 -1.116614
3.013150 -1.116614 3.013150 -1.116614
3.056142 -1.116614 3.056142 -1.116614
3.099134 -1.116614 3.099134 -1.116614
3.142126 -1.116614 3.142126 -1.116614
3.185118 -1.116614 3.185118 -1.116614
3.228110 -1.116614 3.228110 -1.116614
3.271102 -1.116614 3.271102 -1.116614
3.314094 -1.116614 3.314094 -1.116614
3.357087 -1.116614 3.357087 -1.116614
3.400079 -1.116614 3.400079 -1.116614
3.443071 -1.116614 3.443071 -1.116614
3.486063 -1.116614 3.486063 -1.116614
3.529055 -1.116614 3.529055 -1.116614
3.572047 -1.116614 3.572047 -1.116614
3.615039 -1.116614 3.615039 -1.116614
3.658031 -1.116614 3.658031 -1.116614
3.701024 -1.116614 3.701024 -1.116614
3.744016 -1.116614 3.744016 -1.116614
3.787008 -1.116614 3.787008 -1.116614
3.830000 -1.116614 3.830000 -1.116614
-1.630000 -1.090945 -1.630000 -1.090945
-1.587008 -1.090945 -1.587008 -1.090945
-1.544016 -1.090945 -1.544016 -1.090945
-1.501024 -1.090945 -1.501024 -1.090945
-1.458031 -1.090945 -1.458031 -1.090945
-1.415039 -1.090945 -1.415039 -1.090945
-1.372047 -1.090945 -1.372047 -1.090945
-1.329055 -1.090945 -1.329055 -1.090945
-1.286063 -1.090945 -1.286063 -1.090945
-1.243071 -1.090945 -1.243071 -1.090945
-1.200079 -1.090945 -1.200079 -1.090945
-1.157087 -1.090945 -1.157087 -1.090945
-1.114094 -1.090945 -1.114094 -1.090945
-1.071102 -1.090945 -1.071102 -1.090945
-1.028110 -1.090945 -1.028110 -1.090945
-0.985118 -1.090945 -0.985118 -1.090945
-0.942126 -1.090945 -0.942126 -1.090945
-0.899134 -1.090945 -0.899134 -1.090945
-0.856142 -1.090945 -0.856142 -1.090945
-0.813150 -1.090945 -0.813150 -1.090945
-0.770157 -1.090945 -0.770157 -1.090945
-0.727165 -1.090945 -0.727165 -1.090945
-0.684173 -1.090945 -0.684173 -1.090945
-0.641181 -1.090945 -0.641181 -1.090945
-0.598189 -1.090945 -0.598189 -1.090945
-0.555197 -1.090945 -0.555197 -1.090945
-0.512205 -1.090945 -0.512205 -1.090945
-0.469213 -1.090945 -0.469213 -1.090945
-0.426220 -1.090945 -0.426220 -1.090945
-0.383228 -1.090945 -0.383228 -1.090945
-0.340236 -1.090945 -0.340236 -1.090945
-0.297244 -1.090945 -0.297244 -1.090945
-0.254252 -1.090945 -0.254252 -1.090945
-0.211260 -1.090945 -0.211260 -1.090945
-0.168268 -1.090945 -0.168268 -1.090945
-0.125276 -1.090945 -0.125276 -1.090945
-0.082283 -1.090945 -0.082283 -1.090945
-0.039291 -1.090945 -0.039291 -1.090945
0.003701 -1.090945 0.003701 -1.090945
0.046693 -1.090945 0.046693 -1.090945
0.089685 -1.090945 0.089685 -1.090945
0.132677 -1.090945 0.132677 -1.090945
0.175669 -1.090945 0.175669 -1.090945
0.218661 -1.090945 0.218661 -1.090945
0.261654 -1.090945 0.261654 -1.090945
0.304646 -1.090945 0.304646 -1.090945
0.347638 -1.090945 0.347638 -1.090945
0.390630 -1.090945 0.390630 -1.090945
0.433622 -1.090945 0.433622 -1.090945
0.476614 -1.090945 0.476614 -1.090945
0.519606 -1.090945 0.519606 -1.090945
0.562598 -1.090945 0.562598 -1.090945
0.605591 -1.090945 0.605591 -1.090945
0.648583 -1.090945 0.648583 -1.090945
0.691575 -1.090945 0.691575 -1.090945
0.734567 -1.090945 0.734567 -1.090945
0.777559 -1.090945 0.777559 -1.090945
0.820551 -1.090945 0.820551 -1.090945
0.863543 -1.090945 0.863543 -1.090945
0.906535 -1.090945 0.906535 -1.090945
0.949528 -1.090945 0.949528 -1.090945
0.992520 -1.090945 0.992520 -1.090945
1.035512 -1.090945 1.035512 -1.090945
1.078504 -1.090945 1.078504 -1.090945
1.121496 -1.090945 1.121496 -1.090945
1.164488 -1.090945 1.164488 -1.090945
1.207480 -1.090945 1.207480 -1.090945
1.250472 -1.090945 1.250472 -1.090945
1.293465 -1.090945 1.293465 -1.090945
1.336457 -1.090945 1.336457 -1.090945
1.379449 -1.090945 1.379449 -1.090945
1.422441 -1.090945 1.422441 -1.090945
1.465433 -1.090945 1.465433 -1.090945
1.508425 -1.090945 1.508425 -1.090945
1.551417 -1.090945 1.551417 -1.090945
1.594409 -1.090945 1.594409 -1.090945
1.637402 -1.090945 1.637402 -1.090945
1.680394 -1.090945 1.680394 -1.090945
1.723386 -1.090945 1.723386 -1.090945
1.766378 -1.090945 1.766378 -1.090945
1.809370 -1.090945 1.809370 -1.090945
1.852362 -1.090945 1.852362 -1.090945
1.895354 -1.090945 1.895354 -1.090945
1.938346 -1.090945 1.938346 -1.090945
1.981339 -1.090945 1.981339 -1.090945
2.024331 -1.090945 2.024331 -1.090945
2.067323 -1.090945 2.067323 -1.090945
2.110315 -1.090945 2.110315 -1.090945
2.153307 -1.090945 2.153307 -1.090945
2.196299 -1.090945 2.196299 -1.090945
2.239291 -1.090945 2.239291 -1.090945
2.282283 -1.090945 2.282283 -1.090945
2.325276 -1.090945 2.325276 -1.090945
2.368268 -1.090945 2.368268 -1.090945
2.411260 -1.090945 2.411260 -1.090945
2.454252 -1.090945 2.454252 -1.090945
2.497244 -1.090945 2.497244 -1.090945
2.540236 -1.090945 2.540236 -1.090945
2.583228 -1.090945 2.583228 -1.090945
2.626220 -1.090945 2.626220 -1.090945
2.669213 -1.090945 2.669213 -1.090945
2.712205 -1.090945 2.712205 -1.090945
2.755197 -1.090945 2.755197 -1.090945
2.798189 -1.090945 2.798189 -1.090945
2.841181 -1.090945 2.841181 -1.090945
2.884173 -1.090945 2.884173 -1.090945
2.927165 -1.090945 2.927165 -1.090945
2.970157 -1.090945 2.970157 -1.090945
3.013150 -1.090945 3.013150 -1.090945
3.056142 -1.090945 3.056142 -1.090945
3.099134 -1.090945 3.099134 -1.090945
3.142126 -1.090945 3.142126 -1.090945
3.185118 -1.090945 3.185118 -1.090945
3.228110 -1.090945 3.228110 -1.090945
3.271102 -1.090945 3.271102 -1.090945
3.314094 -1.090945 3.314094 -1.090945
3.357087 -1.090945 3.357087 -1.090945
3.400079 -1.090945 3.400079 -1.090945
3.443071 -1.090945 3.443071 -1.090945
3.486063 -1.090945 3.486063 -1.090945
3.529055 -1.090945 3.529055 -1.090945
3.572047 -1.090945 3.572047 -1.090945
3.615039 -1.090945 3.615039 -1.090945
3.658031 -1.090945 3.658031 -1.090945
3.701024 -1.090945 3.701024 -1.090945
3.744016 -1.090945 3.744016 -1.090945
3.787008 -1.090945 3.787008 -1.090945
3.830000 -1.090945 3.830000 -1.090945
-1.630000 -1.065276 -1.630000 -1.065276
-1.587008 -1.065276 -1.587008 -1.065276
-1.544016 -1.065276 -1.544016 -1.065276
-1.501024 -1.065276 -1.501024 -1.065276
-1.458031 -1.065276 -1.458031 -1.065276
-1.415039 -1.065276 -1.415039 -1.065276
-1.372047 -1.065276 -1.372047 -1.065276
-1.329055 -1.065276 -1.329055 -1.065276
-1.286063 -1.065276 -1.286063 -1.065276
-1.243071 -1.065276 -1.243071 -1.065276
-1.200079 -1.065276 -1.200079 -1.065276
-1.157087 -1.065276 -1.157087 -1.065276
-1.114094 -1.065276 -1.114094 -1.065276
-1.071102 -1.065276 -1.071102 -1.065276
-1.028110 -1.065276 -1.028110 -1.065276
-0.985118 -1.065276 -0.985118 -1.065276
-0.942126 -1.065276 -0.942126 -1.065276
-0.899134 -1.065276 -0.899134 -1.065276
-0.856142 -1.065276 -0.856142 -1.065276
-0.813150 -1.065276 -0.813150 -1.065276
-0.770157 -1.065276 -0.770157 -1.065276
-0.727165 -1.065276 -0.727165 -1.065276
-0.684173 -1.065276 -0.684173 -1.065276
-0.641181 -1.065276 -0.641181 -1.065276
-0.598189 -1.065276 -0.598189 -1.065276
-0.555197 -1.065276 -0.555197 -1.065276
-0.512205 -1.065276 -0.512205 -1.065276
-0.469213 -1.065276 -0.469213 -1.065276
-0.426220 -1.065276 -0.426220 -1.065276
-0.383228 -1.065276 -0.383228 -1.065276
-0.340236 -1.065276 -0.340236 -1.065276
-0.297244 -1.065276 -0.297244 -1.065276
-0.254252 -1.065276 -0.254252 -1.065276
-0.211260 -1.065276 -0.211260 -1.065276
-0.168268 -1.065276 -0.168268 -1.065276
-0.125276 -1.065276 -0.125276 -1.065276
-0.082283 -1.065276 -0.082283 -1.065276
-0.039291 -1.065276 -0.039291 -1.065276
0.003701 -1.065276 0.003701 -1.065276
0.046693 -1.065276 0.046693 -1.065276
0.089685 -1.065276 0.089685 -1.065276
0.132677 -1.065276 0.132677 -1.065276
0.175669 -1.065276 0.175669 -1.065276
0.218661 -1.065276 0.218661 -1.065276
0.261654 -1.065276 0.261654 -1.065276
0.304646 -1.065276 0.304646 -1.065276
0.347638 -1.065276 0.347638 -1.065276
0.390630 -1.065276 0.390630 -1.065276
0.433622 -1.065276 0.433622 -1.065276
0.476614 -1.065276 0.476614 -1.065276
0.519606 -1.065276 0.519606 -1.065276
0.562598 -1.065276 0.562598 -1.065276
0.605591 -1.065276 0.605591 -1.065276
0.648583 -1.065276 0.648583 -1.065276
0.691575 -1.065276 0.691575 -1.065276
0.734567 -1.065276 0.734567 -1.065276
0.777559 -1.065276 0.777559 -1.065276
0.820551 -1.065276 0.820551 -1.065276
0.863543 -1.065276 0.863543 -1.065276
0.906535 -1.065276 0.906535 -1.065276
0.949528 -1.065276 0.949528 -1.065276
0.992520 -1.065276 0.992520 -1.065276
1.035512 -1.065276 1.035512 -1.065276
1.078504 -1.065276 1.078504 -1.065276
1.121496 -1.065276 1.121496 -1.065276
1.164488 -1.065276 1.164488 -1.065276
1.207480 -1.065276 1.207480 -1.065276
1.250472 -1.065276 1.250472 -1.065276
1.293465 -1.065276 1.293465 -1.065276
1.336457 -1.065276 1.336457 -1.065276
1.379449 -1.065276 1.379449 -1.065276
1.422441 -1.065276 1.422441 -1.065276
1.465433 -1.065276 1.465433 -1.065276
1.508425 -1.065276 1.508425 -1.065276
1.551417 -1.065276 1.551417 -1.065276
1.594409 -1.065276 1.594409 -1.065276
1.637402 -1.065276 1.637402 -1.065276
1.680394 -1.065276 1.680394 -1.065276
1.723386 -1.065276 1.723386 -1.065276
1.766378 -1.065276 1.766378 -1.065276
1.809370 -1.065276 1.809370 -1.065276
1.852362 -1.065276 1.852362 -1.065276
1.895354 -1.065276 1.895354 -1.065276
1.938346 -1.065276 1.938346 -1.065276
1.981339 -1.065276 1.981339 -1.065276
2.024331 -1.065276 2.024331 -1.065276
2.067323 -1.065276 2.067323 -1.065276
2.110315 -1.065276 2.110315 -1.065276
2.153307 -1.065276 2.153307 -1.065276
2.196299 -1.065276 2.196299 -1.065276
2.239291 -1.065276 2.239291 -1.065276
2.282283 -1.065276 2.282283 -1.065276
2.325276 -1.065276 2.325276 -1.065276
2.368268 -1.065276 2.368268 -1.065276
2.411260 -1.065276 2.411260 -1.065276
2.454252 -1.065276 2.454252 -1.065276
2.497244 -1.065276 2.497244 -1.065276
2.540236 -1.065276 2.540236 -1.065276
2.583228 -1.065276 2.583228 -1.065276
2.626220 -1.065276 2.626220 -1.065276
2.669213 -1.065276 2.669213 -1.065276
2.712205 -1.065276 2.712205 -1.065276
2.755197 -1.065276 2.755197 -1.065276
2.798189 -1.065276 2.798189 -1.065276
2.841181 -1.065276 2.841181 -1.065276
2.884173 -1.065276 2.884173 -1.065276
2.927165 -1.065276 2.927165 -1.065276
2.970157 -1.065276 2.970157 -1.065276
3.013150 -1.065276 3.013150 -1.065276
3.056142 -1.065276 3.056142 -1.065276
3.099134 -1.065276 3.099134 -1.065276
3.142126 -1.065276 3.142126 -1.065276
3.185118 -1.065276 3.185118 -1.065276
3.228110 -1.065276 3.228110 -1.065276
3.271102 -1.065276 3.271102 -1.065276
3.314094 -1.065276 3.314094 -1.065276
3.357087 -1.065276 3.357087 -1.065276
3.400079 -1.065276 3.400079 -1.065276
3.443071 -1.065276 3.443071 -1.065276
3.486063 -1.065276 3.486063 -1.065276
3.529055 -1.065276 3.529055 -1.065276
3.572047 -1.065276 3.572047 -1.065276
3.615039 -1.065276 3.615039 -1.065276
3.658031 -1.065276 3.658031 -1.065276
3.701024 -1.065276 3.701024 -1.065276
3.744016 -1.065276 3.744016 -1.065276
3.787008 -1.065276 3.787008 -1.065276
3.830000 -1.065276 3.830000 -1.065276
-1.630000 -1.039606 -1.630000 -1.039606
-1.587008 -1.039606 -1.587008 -1.039606
-1.544016 -1.039606 -1.544016 -1.039606
-1.501024 -1.039606 -1.501024 -1.039606
-1.458031 -1.039606 -1.458031 -1.039606
-1.415039 -1.039606 -1.415039 -1.039606
-1.372047 -1.039606 -1.372047 -1.039606
-1.329055 -1.039606 -1.329055 -1.039606
-1.286063 -1.039606 -1.286063 -1.039606
-1.243071 -1.039606 -1.243071 -1.039606
-1.200079 -1.039606 -1.200079 -1.039606
-1.157087 -1.039606 -1.157087 -1.039606
-1.114094 -1.039606 -1.114094 -1.039606
-1.071102 -1.039606 -1.071102 -1.039606
-1.028110 -1.039606 -1.028110 -1.039606
-0.985118 -1.039606 -0.985118 -1.039606
-0.942126 -1.039606 -0.942126 -1.039606
-0.899134 -1.039606 -0.899134 -1.039606
-0.856142 -1.039606 -0.856142 -1.039606
-0.813150 -1.039606 -0.813150 -1.039606
-0.770157 -1.039606 -0.770157 -1.039606
-0.727165 -1.039606 -0.727165 -1.039606
-0.684173 -1.039606 -0.684173 -1.039606
-0.641181 -1.039606 -0.641181 -1.039606
-0.598189 -1.039606 -0.598189 -1.039606
-0.555197 -1.039606 -0.555197 -1.039606
-0.512205 -1.039606 -0.512205 -1.039606
-0.469213 -1.039606 -0.469213 -1.039606
-0.426220 -1.039606 -0.426220 -1.039606
-0.383228 -1.039606 -0.383228 -1.039606
-0.340236 -1.039606 -0.340236 -1.039606
-0.297244 -1.039606 -0.297244 -1.039606
-0.254252 -1.039606 -0.254252 -1.039606
-0.211260 -1.039606 -0.211260 -1.039606
-0.168268 -1.039606 -0.168268 -1.039606
-0.125276 -1.039606 -0.125276 -1.039606
-0.082283 -1.039606 -0.082283 -1.039606
-0.039291 -1.039606 -0.039291 -1.039606
0.003701 -1.039606 0.003701 -1.039606
0.046693 -1.039606 0.046693 -1.039606
0.089685 -1.039606 0.089685 -1.039606
0.132677 -1.039606 0.132677 -1.039606
0.175669 -1.039606 0.175669 -1.039606
0.218661 -1.039606 0.218661 -1.039606
0.261654 -1.039606 0.261654 -1.039606
0.304646 -1.039606 0.304646 -1.039606
0.347638 -1.039606 0.347638 -1.039606
0.390630 -1.039606 0.390630 -1.039606
0.433622 -1.039606 0.433622 -1.039606
0.476614 -1.039606 0.476614 -1.039606
0.519606 -1.039606 0.519606 -1.039606
0.562598 -1.039606 0.562598 -1.039606
0.605591 -1.039606 0.605591 -1.039606
0.648583 -1.039606 0.648583 -1.039606
0.691575 -1.039606 0.691575 -1.039606
0.734567 -1.039606 0.734567 -1.039606
0.777559 -1.039606 0.777559 -1.039606
0.820551 -1.039606 0.820551 -1.039606
0.863543 -1.039606 0.863543 -1.039606
0.906535 -1.039606 0.906535 -1.039606
0.949528 -1.039606 0.949528 -1.039606
0.992520 -1.039606 0.992520 -1.039606
1.035512 -1.039606 1.035512 -1.039606
1.078504 -1.039606 1.078504 -1.039606
1.121496 -1.039606 1.121496 -1.039606
1.164488 -1.039606 1.164488 -1.039606
1.207480 -1.039606 1.207480 -1.039606
1.250472 -1.039606 1.250472 -1.039606
1.293465 -1.039606 1.293465 -1.039606
1.336457 -1.039606 1.336457 -1.039606
1.379449 -1.039606 1.379449 -1.039606
1.422441 -1.039606 1.422441 -1.039606
1.465433 -1.039606 1.465433 -1.039606
1.508425 -1.039606 1.508425 -1.039606
1.551417 -1.039606 1.551417 -1.039606
1.594409 -1.039606 1.594409 -1.039606
1.637402 -1.039606 1.637402 -1.039606
1.680394 -1.039606 1.680394 -1.039606
1.723386 -1.039606 1.723386 -1.039606
1.766378 -1.039606 1.766378 -1.039606
1.809370 -1.039606 1.809370 -1.039606
1.852362 -1.039606 1.852362 -1.039606
1.895354 -1.039606 1.895354 -1.039606
1.938346 -1.039606 1.938346 -1.039606
1.981339 -1.039606 1.981339 -1.039606
2.024331 -1.039606 2.024331 -1.039606
2.067323 -1.039606 2.067323 -1.039606
2.110315 -1.039606 2.110315 -1.039606
2.153307 -1.039606 2.153307 -1.039606
2.196299 -1.039606 2.196299 -1.039606
2.239291 -1.039606 2.239291 -1.039606
2.282283 -1.039606 2.282283 -1.039606
2.325276 -1.039606 2.325276 -1.039606
2.368268 -1.039606 2.368268 -1.039606
2.411260 -1.039606 2.411260 -1.039606
2.454252 -1.039606 2.454252 -1.039606
2.497244 -1.039606 2.497244 -1.039606
2.540236 -1.039606 2.540236 -1.039606
2.583228 -1.039606 2.583228 -1.039606
2.626220 -1.039606 2.626220 -1.039606
2.669213 -1.039606 2.669213 -1.039606
2.712205 -1.039606 2.712205 -1.039606
2.755197 -1.039606 2.755197 -1.039606
2.798189 -1.039606 2.798189 -1.039606
2.841181 -1.039606 2.841181 -1.039606
2.884173 -1.039606 2.884173 -1.039606
2.927165 -1.039606 2.927165 -1.039606
2.970157 -1.039606 2.970157 -1.039606
3.013150 -1.039606 3.013150 -1.039606
3.056142 -1.039606 3.056142 -1.039606
3.099134 -1.039606 3.099134 -1.039606
3.142126 -1.039606 3.142126 -1.039606
3.185118 -1.039606 3.185118 -1.039606
3.228110 -1.039606 3.228110 -1.039606
3.271102 -1.039606 3.271102 -1.039606
3.314094 -1.039606 3.314094 -1.039606
3.357087 -1.039606 3.357087 -1.039606
3.400079 -1.039606 3.400079 -1.039606
3.443071 -1.039606 3.443071 -1.039606
3.486063 -1.039606 3.486063 -1.039606
3.529055 -1.039606 3.529055 -1.039606
3.572047 -1.039606 3.572047 -1.039606
3.615039 -1.039606 3.615039 -1.039606
3.658031 -1.039606 3.658031 -1.039606
3.701024 -1.039606 3.701024 -1.039606
3.744016 -1.039606 3.744016 -1.039606
3.787008 -1.039606 3.787008 -1.039606
3.830000 -1.039606 3.830000 -1.039606
-1.630000 -1.013937 -1.630000 -1.013937
-1.587008 -1.013937 -1.587008 -1.013937
-1.544016 -1.013937 -1.544016 -1.013937
-1.501024 -1.013937 -1.501024 -1.013937
-1.458031 -1.013937 -1.458031 -1.013937
-1.415039 -1.013937 -1.415039 -1.013937
-1.372047 -1.013937 -1.372047 -1.013937
-1.329055 -1.013937 -1.329055 -1.013937
-1.286063 -1.013937 -1.286063 -1.013937
-1.243071 -1.013937 -1.243071 -1.013937
-1.200079 -1.013937 -1.200079 -1.013937
-1.157087 -1.013937 -1.157087 -1.013937
-1.114094 -1.013937 -1.114094 -1.013937
-1.071102 -1.013937 -1.071102 -1.013937
-1.028110 -1.013937 -1.028110 -1.013937
-0.985118 -1.013937 -0.985118 -1.013937
-0.942126 -1.013937 -0.942126 -1.013937
-0.899134 -1.013937 -0.899134 -1.013937
-0.856142 -1.013937 -0.856142 -1.013937
-0.813150 -1.013937 -0.813150 -1.013937
-0.770157 -1.013937 -0.770157 -1.013937
-0.727165 -1.013937 -0.727165 -1.013937
-0.684173 -1.013937 -0.684173 -1.013937
-0.641181 -1.013937 -0.641181 -1.013937
-0.598189 -1.013937 -0.598189 -1.013937
-0.555197 -1.013937 -0.555197 -1.013937
-0.512205 -1.013937 -0.512205 -1.013937
-0.469213 -1.013937 -0.469213 -1.013937
-0.426220 -1.013937 -0.426220 -1.013937
-0.383228 -1.013937 -0.383228 -1.013937
-0.340236 -1.013937 -0.340236 -1.013937
-0.297244 -1.013937 -0.297244 -1.013937
-0.254252 -1.013937 -0.254252 -1.013937
-0.211260 -1.013937 -0.211260 -1.013937
-0.168268 -1.013937 -0.168268 -1.013937
-0.125276 -1.013937 -0.125276 -1.013937
-0.082283 -1.013937 -0.082283 -1.013937
-0.039291 -1.013937 -0.039291 -1.013937
0.003701 -1.013937 0.003701 -1.013937
0.046693 -1.013937 0.046693 -1.013937
0.089685 -1.013937 0.089685 -1.013937
0.132677 -1.013937 0.132677 -1.013937
0.175669 -1.013937 0.175669 -1.013937
0.218661 -1.013937 0.218661 -1.013937
0.261654 -1.013937 0.261654 -1.013937
0.304646 -1.013937 0.304646 -1.013937
0.347638 -1.013937 0.347638 -1.013937
0.390630 -1.013937 0.390630 -1.013937
0.433622 -1.013937 0.433622 -1.013937
0.476614 -1.013937 0.476614 -1.013937
0.519606 -1.013937 0.519606 -1.013937
0.562598 -1.013937 0.562598 -1.013937
0.605591 -1.013937 0.605591 -1.013937
0.648583 -1.013937 0.648583 -1.013937
0.691575 -1.013937 0.691575 -1.013937
0.734567 -1.013937 0.734567 -1.013937
0.777559 -1.013937 0.777559 -1.013937
0.820551 -1.013937 0.820551 -1.013937
0.863543 -1.013937 0.863543 -1.013937
0.906535 -1.013937 0.906535 -1.013937
0.949528 -1.013937 0.949528 -1.013937
0.992520 -1.013937 0.992520 -1.013937
1.035512 -1.013937 1.035512 -1.013937
1.078504 -1.013937 1.078504 -1.013937
1.121496 -1.013937 1.121496 -1.013937
1.164488 -1.013937 1.164488 -1.013937
1.207480 -1.013937 1.207480 -1.013937
1.250472 -1.013937 1.250472 -1.013937
1.293465 -1.013937 1.293465 -1.013937
1.336457 -1.013937 1.336457 -1.013937
1.379449 -1.013937 1.379449 -1.013937
1.422441 -1.013937 1.422441 -1.013937
1.465433 -1.013937 1.465433 -1.013937
1.508425 -1.013937 1.508425 -1.013937
1.551417 -1.013937 1.551417 -1.013937
1.594409 -1.013937 1.594409 -1.013937
1.637402 -1.013937 1.637402 -1.013937
1.680394 -1.013937 1.680394 -1.013937
1.723386 -1.013937 1.723386 -1.013937
1.766378 -1.013937 1.766378 -1.013937
1.809370 -1.013937 1.809370 -1.013937
1.852362 -1.013937 1.852362 -1.013937
1.895354 -1.013937 1.895354 -1.013937
1.938346 -1.013937 1.938346 -1.013937
1.981339 -1.013937 1.981339 -1.013937
2.024331 -1.013937 2.024331 -1.013937
2.067323 -1.013937 2.067323 -1.013937
2.110315 -1.013937 2.110315 -1.013937
2.153307 -1.013937 2.153307 -1.013937
2.196299 -1.013937 2.196299 -1.013937
2.239291 -1.013937 2.239291 -1.013937
2.282283 -1.013937 2.282283 -1.013937
2.325276 -1.013937 2.325276 -1.013937
2.368268 -1.013937 2.368268 -1.013937
2.411260 -1.013937 2.411260 -1.013937
2.454252 -1.013937 2.454252 -1.013937
2.497244 -1.013937 2.497244 -1.013937
2.540236 -1.013937 2.540236 -1.013937
2.583228 -1.013937 2.583228 -1.013937
2.626220 -1.013937 2.626220 -1.013937
2.669213 -1.013937 2.669213 -1.013937
2.712205 -1.013937 2.712205 -1.013937
2.755197 -1.013937 2.755197 -1.013937
2.798189 -1.013937 2.798189 -1.013937
2.841181 -1.013937 2.841181 -1.013937
2.884173 -1.013937 2.884173 -1.013937
2.927165 -1.013937 2.927165 -1.013937
2.970157 -1.013937 2.970157 -1.013937
3.013150 -1.013937 3.013150 -1.013937
3.056142 -1.013937 3.056142 -1.013937
3.099134 -1.013937 3.099134 -1.013937
3.142126 -1.013937 3.142126 -1.013937
3.185118 -1.013937 3.185118 -1.013937
3.228110 -1.013937 3.228110 -1.013937
3.271102 -1.013937 3.271102 -1.013937
3.314094 -1.013937 3.314094 -1.013937
3.357087 -1.013937 3.357087 -1.013937
3.400079 -1.013937 3.400079 -1.013937
3.443071 -1.013937 3.443071 -1.013937
3.486063 -1.013937 3.486063 -1.013937
3.529055 -1.013937 3.529055 -1.013937
3.572047 -1.013937 3.572047 -1.013937
3.615039 -1.013937 3.615039 -1.013937
3.658031 -1.013937 3.658031 -1.013937
3.701024 -1.013937 3.701024 -1.013937
3.744016 -1.013937 3.744016 -1.013937
3.787008 -1.013937 3.787008 -1.013937
3.830000 -1.013937 3.830000 -1.013937
-1.630000 -0.988268 -1.630000 -0.988268
-1.587008 -0.988268 -1.587008 -0.988268
-1.544016 -0.988268 -1.544016 -0.988268
-1.501024 -0.988268 -1.501024 -0.988268
-1.458031 -0.988268 -1.458031 -0.988268
-1.415039 -0.988268 -1.415039 -0.988268
-1.372047 -0.988268 -1.372047 -0.988268
-1.329055 -0.988268 -1.329055 -0.988268
-1.286063 -0.988268 -1.286063 -0.988268
-1.243071 -0.988268 -1.243071 -0.988268
-1.200079 -0.988268 -1.200079 -0.988268
-1.157087 -0.988268 -1.157087 -0.988268
-1.114094 -0.988268 -1.114094 -0.988268
-1.071102 -0.988268 -1.071102 -0.988268
-1.028110 -0.988268 -1.028110 -0.988268
-0.985118 -0.988268 -0.985118 -0.988268
-0.942126 -0.988268 -0.942126 -0.988268
-0.899134 -0.988268 -0.899134 -0.988268
-0.856142 -0.988268 -0.856142 -0.988268
-0.813150 -0.988268 -0.813150 -0.988268
-0.770157 -0.988268 -0.770157 -0.988268
-0.727165 -0.988268 -0.727165 -0.988268
-0.684173 -0.988268 -0.684173 -0.988268
-0.641181 -0.988268 -0.641181 -0.988268
-0.598189 -0.988268 -0.598189 -0.988268
-0.555197 -0.988268 -0.555197 -0.988268
-0.512205 -0.988268 -0.512205 -0.988268
-0.469213 -0.988268 -0.469213 -0.988268
-0.426220 -0.988268 -0.426220 -0.988268
-0.383228 -0.988268 -0.383228 -0.988268
-0.340236 -0.988268 -0.340236 -0.988268
-0.297244 -0.988268 -0.297244 -0.988268
-0.254252 -0.988268 -0.254252 -0.988268
-0.211260 -0.988268 -0.211260 -0.988268
-0.168268 -0.988268 -0.168268 -0.988268
-0.125276 -0.988268 -0.125276 -0.988268
0.132677 -0.988268 0.132677 -0.988268
0.175669 -0.988268 0.175669 -0.988268
0.218661 -0.988268 0.218661 -0.988268
0.261654 -0.988268 0.261654 -0.988268
0.304646 -0.988268 0.304646 -0.988268
0.347638 -0.988268 0.347638 -0.988268
0.390630 -0.988268 0.390630 -0.988268
0.433622 -0.988268 0.433622 -0.988268
0.476614 -0.988268 0.476614 -0.988268
0.519606 -0.988268 0.519606 -0.988268
0.562598 -0.988268 0.562598 -0.988268
0.605591 -0.988268 0.605591 -0.988268
0.648583 -0.988268 0.648583 -0.988268
0.691575 -0.988268 0.691575 -0.988268
0.734567 -0.988268 0.734567 -0.988268
0.777559 -0.988268 0.777559 -0.988268
0.820551 -0.988268 0.820551 -0.988268
0.863543 -0.988268 0.863543 -0.988268
0.906535 -0.988268 0.906535 -0.988268
0.949528 -0.988268 0.949528 -0.988268
0.992520 -0.988268 0.992520 -0.988268
1.035512 -0.988268 1.035512 -0.988268
1.078504 -0.988268 1.078504 -0.988268
1.121496 -0.988268 1.121496 -0.988268
1.164488 -0.988268 1.164488 -0.988268
1.207480 -0.988268 1.207480 -0.988268
1.250472 -0.988268 1.250472 -0.988268
1.293465 -0.988268 1.293465 -0.988268
1.336457 -0.988268 1.336457 -0.988268
1.379449 -0.988268 1.379449 -0.988268
1.422441 -0.988268 1.422441 -0.988268
1.465433 -0.988268 1.465433 -0.988268
1.508425 -0.988268 1.508425 -0.988268
1.551417 -0.988268 1.551417 -0.988268
1.594409 -0.988268 1.594409 -0.988268
1.637402 -0.988268 1.637402 -0.988268
1.680394 -0.988268 1.680394 -0.988268
1.723386 -0.988268 1.723386 -0.988268
1.766378 -0.988268 1.766378 -0.988268
1.809370 -0.988268 1.809370 -0.988268
1.852362 -0.988268 1.852362 -0.988268
1.895354 -0.988268 1.895354 -0.988268
1.938346 -0.988268 1.938346 -0.988268
1.981339 -0.988268 1.981339 -0.988268
2.024331 -0.988268 2.024331 -0.988268
2.067323 -0.988268 2.067323 -0.988268
2.110315 -0.988268 2.221665 -0.000000
2.153307 -0.988268 2.229256 0.000000
2.196299 -0.988268 2.230533 0.000000
2.239291 -0.988268 2.163323 -0.000000
2.282283 -0.988268 2.170932 -0.000000
2.325276 -0.988268 2.325276 -0.988268
2.368268 -0.988268 2.368268 -0.988268
2.411260 -0.988268 2.411260 -0.988268
2.454252 -0.988268 2.454252 -0.988268
2.497244 -0.988268 2.497244 -0.988268
2.540236 -0.988268 2.540236 -0.988268
2.583228 -0.988268 2.583228 -0.988268
2.626220 -0.988268 2.626220 -0.988268
2.669213 -0.988268 2.669213 -0.988268
2.712205 -0.988268 2.712205 -0.988268
2.755197 -0.988268 2.755197 -0.988268
2.798189 -0.988268 2.798189 -0.988268
2.841181 -0.988268 2.841181 -0.988268
2.884173 -0.988268 2.884173 -0.988268
2.927165 -0.988268 2.927165 -0.988268
2.970157 -0.988268 2.970157 -0.988268
3.013150 -0.988268 3.013150 -0.988268
3.056142 -0.988268 3.056142 -0.988268
3.099134 -0.988268 3.099134 -0.988268
3.142126 -0.988268 3.142126 -0.988268
3.185118 -0.988268 3.185118 -0.988268
3.228110 -0.988268 3.228110 -0.988268
3.271102 -0.988268 3.271102 -0.988268
3.314094 -0.988268 3.314094 -0.988268
3.357087 -0.988268 3.357087 -0.988268
3.400079 -0.988268 3.400079 -0.988268
3.443071 -0.988268 3.443071 -0.988268
3.486063 -0.988268 3.486063 -0.988268
3.529055 -0.988268 3.529055 -0.988268
3.572047 -0.988268 3.572047 -0.988268
3.615039 -0.988268 3.615039 -0.988268
3.658031 -0.988268 3.658031 -0.988268
3.701024 -0.988268 3.701024 -0.988268
3.744016 -0.988268 3.744016 -0.988268
3.787008 -0.988268 3.787008 -0.988268
3.830000 -0.988268 3.830000 -0.988268
-1.630000 -0.962598 -1.630000 -0.962598
-1.587008 -0.962598 -1.587008 -0.962598
-1.544016 -0.962598 -1.544016 -0.962598
-1.501024 -0.962598 -1.501024 -0.962598
-1.458031 -0.962598 -1.458031 -0.962598
-1.415039 -0.962598 -1.415039 -0.962598
-1.372047 -0.962598 -1.372047 -0.962598
-1.329055 -0.962598 -1.329055 -0.962598
-1.286063 -0.962598 -1.286063 -0.962598
-1.243071 -0.962598 -1.243071 -0.962598
-1.200079 -0.962598 -1.200079 -0.962598
-1.157087 -0.962598 -1.157087 -0.962598
-1.114094 -0.962598 -1.114094 -0.962598
-1.071102 -0.962598 -1.071102 -0.962598
-1.028110 -0.962598 -1.028110 -0.962598
-0.985118 -0.962598 -0.985118 -0.962598
-0.942126 -0.962598 -0.942126 -0.962598
-0.899134 -0.962598 -0.899134 -0.962598
-0.856142 -0.962598 -0.856142 -0.962598
-0.813150 -0.962598 -0.813150 -0.962598
-0.770157 -0.962598 -0.770157 -0.962598
-0.727165 -0.962598 -0.727165 -0.962598
-0.684173 -0.962598 -0.684173 -0.962598
-0.641181 -0.962598 -0.641181 -0.962598
-0.598189 -0.962598 -0.598189 -0.962598
-0.555197 -0.962598 -0.555197 -0.962598
-0.512205 -0.962598 -0.512205 -0.962598
-0.469213 -0.962598 -0.469213 -0.962598
-0.426220 -0.962598 -0.426220 -0.962598
-0.383228 -0.962598 -0.383228 -0.962598
-0.340236 -0.962598 -0.340236 -0.962598
-0.297244 -0.962598 -0.297244 -0.962598
-0.254252 -0.962598 0.014824 0.381502
-0.168268 -0.962598 -0.076485 -0.148021
-0.125276 -0.962598 0.087659 0.927226
-0.082283 -0.962598 0.126627 0.891518
-0.039291 -0.962598 0.023953 -0.401298
0.003701 -0.962598 -0.043360 -0.400675
0.046693 -0.962598 -0.016511 -0.401658
0.089685 -0.962598 -0.119919 0.897668
0.132677 -0.962598 0.039153 -0.132570
0.261654 -0.962598 0.261654 -0.962598
0.304646 -0.962598 0.304646 -0.962598
0.347638 -0.962598 0.347638 -0.962598
0.390630 -0.962598 0.390630 -0.962598
0.433622 -0.962598 0.433622 -0.962598
0.476614 -0.962598 0.476614 -0.962598
0.519606 -0.962598 0.519606 -0.962598
0.562598 -0.962598 0.562598 -0.962598
0.605591 -0.962598 0.605591 -0.962598
0.648583 -0.962598 0.648583 -0.962598
0.691575 -0.962598 0.691575 -0.962598
0.734567 -0.962598 0.734567 -0.962598
0.777559 -0.962598 0.777559 -0.962598
0.820551 -0.962598 0.820551 -0.962598
0.863543 -0.962598 0.863543 -0.962598
0.906535 -0.962598 0.906535 -0.962598
0.949528 -0.962598 0.949528 -0.962598
0.992520 -0.962598 0.992520 -0.962598
1.035512 -0.962598 1.035512 -0.962598
1.078504 -0.962598 1.078504 -0.962598
1.121496 -0.962598 1.121496 -0.962598
1.164488 -0.962598 1.164488 -0.962598
1.207480 -0.962598 1.207480 -0.962598
1.250472 -0.962598 1.250472 -0.962598
1.293465 -0.962598 1.293465 -0.962598
1.336457 -0.962598 1.336457 -0.962598
1.379449 -0.962598 1.379449 -0.962598
1.422441 -0.962598 1.422441 -0.962598
1.465433 -0.962598 1.465433 -0.962598
1.508425 -0.962598 1.508425 -0.962598
1.551417 -0.962598 1.551417 -0.962598
1.594409 -0.962598 1.594409 -0.962598
1.637402 -0.962598 1.637402 -0.962598
1.680394 -0.962598 1.680394 -0.962598
1.723386 -0.962598 1.723386 -0.962598
1.766378 -0.962598 1.766378 -0.962598
1.809370 -0.962598 1.809370 -0.962598
1.852362 -0.962598 1.852362 -0.962598
1.895354 -0.962598 1.895354 -0.962598
1.938346 -0.962598 1.938346 -0.962598
1.981339 -0.962598 2.165454 -0.000000
2.024331 -0.962598 2.171619 -0.000000
2.067323 -0.962598 2.160848 -0.132560
2.110315 -0.962598 2.319918 0.897666
2.153307 -0.962598 2.216511 -0.401655
2.196299 -0.962598 2.243359 -0.400674
2.239291 -0.962598 2.176047 -0.401301
2.282283 -0.962598 2.073372 0.891520
2.325276 -0.962598 2.112341 0.927228
2.368268 -0.962598 2.276486 -0.148030
2.411260 -0.962598 2.227206 -0.000000
2.454252 -0.962598 2.154934 -0.000000
2.497244 -0.962598 2.497244 -0.962598
2.540236 -0.962598 2.540236 -0.962598
2.583228 -0.962598 2.583228 -0.962598
2.626220 -0.962598 2.626220 -0.962598
2.669213 -0.962598 2.669213 -0.962598
2.712205 -0.962598 2.712205 -0.962598
2.755197 -0.962598 2.755197 -0.962598
2.798189 -0.962598 2.798189 -0.962598
2.841181 -0.962598 2.841181 -0.962598
2.884173 -0.962598 2.884173 -0.962598
2.927165 -0.962598 2.927165 -0.962598
2.970157 -0.962598 2.970157 -0.962598
3.013150 -0.962598 3.013150 -0.962598
3.056142 -0.962598 3.056142 -0.962598
3.099134 -0.962598 3.099134 -0.962598
3.142126 -0.962598 3.142126 -0.962598
3.185118 -0.962598 3.185118 -0.962598
3.228110 -0.962598 3.228110 -0.962598
3.271102 -0.962598 3.271102 -0.962598
3.314094 -0.962598 3.314094 -0.962598
3.357087 -0.962598 3.357087 -0.962598
3.400079 -0.962598 3.400079 -0.962598
3.443071 -0.962598 3.443071 -0.962598
3.486063 -0.962598 3.486063 -0.962598
3.529055 -0.962598 3.529055 -0.962598
3.572047 -0.962598 3.572047 -0.962598
3.615039 -0.962598 3.615039 -0.962598
3.658031 -0.962598 3.658031 -0.962598
3.701024 -0.962598 3.701024 -0.962598
3.744016 -0.962598 3.744016 -0.962598
3.787008 -0.962598 3.787008 -0.962598
3.830000 -0.962598 3.830000 -0.962598
-1.630000 -0.936929 -1.630000 -0.936929
-1.587008 -0.936929 -1.587008 -0.936929
-1.544016 -0.936929 -1.544016 -0.936929
-1.501024 -0.936929 -1.501024 -0.936929
-1.458031 -0.936929 -1.458031 -0.936929
-1.415039 -0.936929 -1.415039 -0.936929
-1.372047 -0.936929 -1.372047 -0.936929
-1.329055 -0.936929 -1.329055 -0.936929
-1.286063 -0.936929 -1.286063 -0.936929
-1.243071 -0.936929 -1.243071 -0.936929
-1.200079 -0.936929 -1.200079 -0.936929
-1.157087 -0.936929 -1.157087 -0.936929
-1.114094 -0.936929 -1.114094 -0.936929
-1.071102 -0.936929 -1.071102 -0.936929
-1.028110 -0.936929 -1.028110 -0.936929
-0.985118 -0.936929 -0.985118 -0.936929
-0.942126 -0.936929 -0.942126 -0.936929
-0.899134 -0.936929 -0.899134 -0.936929
-0.856142 -0.936929 -0.856142 -0.936929
-0.813150 -0.936929 -0.813150 -0.936929
-0.770157 -0.936929 -0.770157 -0.936929
-0.727165 -0.936929 -0.727165 -0.936929
-0.684173 -0.936929 -0.684173 -0.936929
-0.641181 -0.936929 -0.641181 -0.936929
-0.598189 -0.936929 -0.598189 -0.936929
-0.555197 -0.936929 -0.555197 -0.936929
-0.512205 -0.936929 -0.512205 -0.936929
-0.469213 -0.936929 -0.469213 -0.936929
-0.426220 -0.936929 -0.426220 -0.936929
-0.383228 -0.936929 -0.383228 -0.936929
-0.340236 -0.936929 -0.340236 -0.936929
-0.297244 -0.936929 1.213648 3.380954
-0.254252 -0.936929 0.281559 0.849305
-0.211260 -0.936929 -0.132007 -0.377608
-0.168268 -0.936929 -0.104486 -0.370861
-0.125276 -0.936929 -0.061260 -0.368788
-0.082283 -0.936929 -0.018036 -0.366718
-0.039291 -0.936929 0.025190 -0.364644
0.003701 -0.936929 -0.044873 -0.363956
0.046693 -0.936929 -0.017749 -0.365001
0.089685 -0.936929 0.025477 -0.367074
0.132677 -0.936929 0.068702 -0.369148
0.175669 -0.936929 0.111929 -0.371218
0.218661 -0.936929 0.047686 -0.399421
0.347638 -0.936929 0.347638 -0.936929
0.390630 -0.936929 0.390630 -0.936929
0.433622 -0.936929 0.433622 -0.936929
0.476614 -0.936929 0.476614 -0.936929
0.519606 -0.936929 0.519606 -0.936929
0.562598 -0.936929 0.562598 -0.936929
0.605591 -0.936929 0.605591 -0.936929
0.648583 -0.936929 0.648583 -0.936929
0.691575 -0.936929 0.691575 -0.936929
0.734567 -0.936929 0.734567 -0.936929
0.777559 -0.936929 0.777559 -0.936929
0.820551 -0.936929 0.820551 -0.936929
0.863543 -0.936929 0.863543 -0.936929
0.906535 -0.936929 0.906535 -0.936929
0.949528 -0.936929 0.949528 -0.936929
0.992520 -0.936929 0.992520 -0.936929
1.035512 -0.936929 1.035512 -0.936929
1.078504 -0.936929 1.078504 -0.936929
1.121496 -0.936929 1.121496 -0.936929
1.164488 -0.936929 1.164488 -0.936929
1.207480 -0.936929 1.207480 -0.936929
1.250472 -0.936929 1.250472 -0.936929
1.293465 -0.936929 1.293465 -0.936929
1.336457 -0.936929 1.336457 -0.936929
1.379449 -0.936929 1.379449 -0.936929
1.422441 -0.936929 1.422441 -0.936929
1.465433 -0.936929 1.465433 -0.936929
1.508425 -0.936929 1.508425 -0.936929
1.551417 -0.936929 1.551417 -0.936929
1.594409 -0.936929 1.594409 -0.936929
1.637402 -0.936929 1.637402 -0.936929
1.680394 -0.936929 1.680394 -0.936929
1.723386 -0.936929 1.723386 -0.936929
1.766378 -0.936929 1.766378 -0.936929
1.809370 -0.936929 1.809370 -0.936929
1.852362 -0.936929 1.852362 -0.936929
1.895354 -0.936929 2.223200 0.000000
1.981339 -0.936929 2.152313 -0.399422
2.024331 -0.936929 2.088072 -0.371218
2.067323 -0.936929 2.131298 -0.369145
2.110315 -0.936929 2.174522 -0.367075
2.153307 -0.936929 2.217748 -0.365001
2.196299 -0.936929 2.244872 -0.363956
2.239291 -0.936929 2.174809 -0.364644
2.282283 -0.936929 2.218035 -0.366717
2.325276 -0.936929 2.261261 -0.368791
2.368268 -0.936929 2.304487 -0.370861
2.411260 -0.936929 2.332008 -0.377609
2.454252 -0.936929 1.918441 0.849307
2.497244 -0.936929 2.169397 0.000000
2.540236 -0.936929 2.540236 -0.936929
2.583228 -0.936929 2.583228 -0.936929
2.626220 -0.936929 2.626220 -0.936929
2.669213 -0.936929 2.669213 -0.936929
2.712205 -0.936929 2.712205 -0.936929
2.755197 -0.936929 2.755197 -0.936929
2.798189 -0.936929 2.798189 -0.936929
2.841181 -0.936929 2.841181 -0.936929
2.884173 -0.936929 2.884173 -0.936929
2.927165 -0.936929 2.927165 -0.936929
2.970157 -0.936929 2.970157 -0.936929
3.013150 -0.936929 3.013150 -0.936929
3.056142 -0.936929 3.056142 -0.936929
3.099134 -0.936929 3.099134 -0.936929
3.142126 -0.936929 3.142126 -0.936929
3.185118 -0.936929 3.185118 -0.936929
3.228110 -0.936929 3.228110 -0.936929
3.271102 -0.936929 3.271102 -0.936929
3.314094 -0.936929 3.314094 -0.936929
3.357087 -0.936929 3.357087 -0.936929
3.400079 -0.936929 3.400079 -0.936929
3.443071 -0.936929 3.443071 -0.936929
3.486063 -0.936929 3.486063 -0.936929
3.529055 -0.936929 3.529055 -0.936929
3.572047 -0.936929 3.572047 -0.936929
3.615039 -0.936929 3.615039 -0.936929
3.658031 -0.936929 3.658031 -0.936929
3.701024 -0.936929 3.701024 -0.936929
3.744016 -0.936929 3.744016 -0.936929
3.787008 -0.936929 3.787008 -0.936929
3.830000 -0.936929 3.830000 -0.936929
-1.630000 -0.911260 -1.630000 -0.911260
-1.587008 -0.911260 -1.587008 -0.911260
-1.544016 -0.911260 -1.544016 -0.911260
-1.501024 -0.911260 -1.501024 -0.911260
-1.458031 -0.911260 -1.458031 -0.911260
-1.415039 -0.911260 -1.415039 -0.911260
-1.372047 -0.911260 -1.372047 -0.911260
-1.329055 -0.911260 -1.329055 -0.911260
-1.286063 -0.911260 -1.286063 -0.911260
-1.243071 -0.911260 -1.243071 -0.911260
-1.200079 -0.911260 -1.200079 -0.911260
-1.157087 -0.911260 -1.157087 -0.911260
-1.114094 -0.911260 -1.114094 -0.911260
-1.071102 -0.911260 -1.071102 -0.911260
-1.028110 -0.911260 -1.028110 -0.911260
-0.985118 -0.911260 -0.985118 -0.911260
-0.942126 -0.911260 -0.942126 -0.911260
-0.899134 -0.911260 -0.899134 -0.911260
-0.856142 -0.911260 -0.856142 -0.911260
-0.813150 -0.911260 -0.813150 -0.911260
-0.770157 -0.911260 -0.770157 -0.911260
-0.727165 -0.911260 -0.727165 -0.911260
-0.684173 -0.911260 -0.684173 -0.911260
-0.641181 -0.911260 -0.641181 -0.911260
-0.598189 -0.911260 -0.598189 -0.911260
-0.555197 -0.911260 -0.555197 -0.911260
-0.512205 -0.911260 -0.512205 -0.911260
-0.469213 -0.911260 -0.469213 -0.911260
-0.426220 -0.911260 -0.426220 -0.911260
-0.383228 -0.911260 1.450842 3.312588
-0.340236 -0.911260 -0.065775 -0.126888
-0.297244 -0.911260 -0.110307 -0.377020
-0.254252 -0.911260 -0.065282 -0.371211
-0.211260 -0.911260 -0.036164 -0.362811
-0.168268 -0.911260 -0.103248 -0.334203
-0.125276 -0.911260 -0.060024 -0.332133
-0.082283 -0.911260 -0.016798 -0.330060
-0.039291 -0.911260 0.026428 -0.327987
0.003701 -0.911260 -0.007738 0.797741
0.046693 -0.911260 -0.018986 -0.328340
0.089685 -0.911260 0.024240 -0.330414
0.132677 -0.911260 0.067465 -0.332487
0.175669 -0.911260 0.110691 -0.334560
0.218661 -0.911260 0.043978 -0.363947
0.261654 -0.911260 0.073033 -0.372211
0.304646 -0.911260 0.118059 -0.378022
0.347638 -0.911260 0.076327 -0.135892
0.390630 -0.911260 0.920664 -1.047623
0.433622 -0.911260 0.433622 -0.911260
0.476614 -0.911260 0.476614 -0.911260
0.519606 -0.911260 0.519606 -0.911260
0.562598 -0.911260 0.562598 -0.911260
0.605591 -0.911260 0.605591 -0.911260
0.648583 -0.911260 0.648583 -0.911260
0.691575 -0.911260 0.691575 -0.911260
0.734567 -0.911260 0.734567 -0.911260
0.777559 -0.911260 0.777559 -0.911260
0.820551 -0.911260 0.820551 -0.911260
0.863543 -0.911260 0.863543 -0.911260
0.906535 -0.911260 0.906535 -0.911260
0.949528 -0.911260 0.949528 -0.911260
0.992520 -0.911260 0.992520 -0.911260
1.035512 -0.911260 1.035512 -0.911260
1.078504 -0.911260 1.078504 -0.911260
1.121496 -0.911260 1.121496 -0.911260
1.164488 -0.911260 1.164488 -0.911260
1.207480 -0.911260 1.207480 -0.911260
1.250472 -0.911260 1.250472 -0.911260
1.293465 -0.911260 1.293465 -0.911260
1.336457 -0.911260 1.336457 -0.911260
1.379449 -0.911260 1.379449 -0.911260
1.422441 -0.911260 1.422441 -0.911260
1.465433 -0.911260 1.465433 -0.911260
1.508425 -0.911260 1.508425 -0.911260
1.551417 -0.911260 1.551417 -0.911260
1.594409 -0.911260 1.594409 -0.911260
1.637402 -0.911260 1.637402 -0.911260
1.680394 -0.911260 1.680394 -0.911260
1.723386 -0.911260 1.723386 -0.911260
1.766378 -0.911260 1.766378 -0.911260
1.809370 -0.911260 1.279343 -1.047628
1.852362 -0.911260 2.123672 -0.135896
1.895354 -0.911260 2.081942 -0.378020
1.938346 -0.911260 2.126966 -0.372211
1.981339 -0.911260 2.156021 -0.363947
2.024331 -0.911260 2.089310 -0.334560
2.067323 -0.911260 2.132534 -0.332490
2.110315 -0.911260 2.175760 -0.330417
2.153307 -0.911260 2.218986 -0.328344
2.196299 -0.911260 2.083228 5.515868
2.239291 -0.911260 2.173572 -0.327983
2.282283 -0.911260 2.216798 -0.330057
2.325276 -0.911260 2.260023 -0.332130
2.368268 -0.911260 2.303249 -0.334203
2.411260 -0.911260 2.236164 -0.362811
2.454252 -0.911260 2.265281 -0.371211
2.497244 -0.911260 2.310307 -0.377022
2.540236 -0.911260 2.265773 -0.126884
2.583228 -0.911260 2.228098 -0.000000
2.626220 -0.911260 2.626220 -0.911260
2.669213 -0.911260 2.669213 -0.911260
2.712205 -0.911260 2.712205 -0.911260
2.755197 -0.911260 2.755197 -0.911260
2.798189 -0.911260 2.798189 -0.911260
2.841181 -0.911260 2.841181 -0.911260
2.884173 -0.911260 2.884173 -0.911260
2.927165 -0.911260 2.927165 -0.911260
2.970157 -0.911260 2.970157 -0.911260
3.013150 -0.911260 3.013150 -0.911260
3.056142 -0.911260 3.056142 -0.911260
3.099134 -0.911260 3.099134 -0.911260
3.142126 -0.911260 3.142126 -0.911260
3.185118 -0.911260 3.185118 -0.911260
3.228110 -0.911260 3.228110 -0.911260
3.271102 -0.911260 3.271102 -0.911260
3.314094 -0.911260 3.314094 -0.911260
3.357087 -0.911260 3.357087 -0.911260
3.400079 -0.911260 3.400079 -0.911260
3.443071 -0.911260 3.443071 -0.911260
3.486063 -0.911260 3.486063 -0.911260
3.529055 -0.911260 3.529055 -0.911260
3.572047 -0.911260 3.572047 -0.911260
3.615039 -0.911260 3.615039 -0.911260
3.658031 -0.911260 3.658031 -0.911260
3.701024 -0.911260 3.701024 -0.911260
3.744016 -0.911260 3.744016 -0.911260
3.787008 -0.911260 3.787008 -0.911260
3.830000 -0.911260 3.830000 -0.911260
-1.630000 -0.885591 -1.630000 -0.885591
-1.587008 -0.885591 -1.587008 -0.885591
-1.544016 -0.885591 -1.544016 -0.885591
-1.501024 -0.885591 -1.501024 -0.885591
-1.458031 -0.885591 -1.458031 -0.885591
-1.415039 -0.885591 -1.415039 -0.885591
-1.372047 -0.885591 -1.372047 -0.885591
-1.329055 -0.885591 -1.329055 -0.885591
-1.286063 -0.885591 -1.286063 -0.885591
-1.243071 -0.885591 -1.243071 -0.885591
-1.200079 -0.885591 -1.200079 -0.885591
-1.157087 -0.885591 -1.157087 -0.885591
-1.114094 -0.885591 -1.114094 -0.885591
-1.071102 -0.885591 -1.071102 -0.885591
-1.028110 -0.885591 -1.028110 -0.885591
-0.985118 -0.885591 -0.985118 -0.885591
-0.942126 -0.885591 -0.942126 -0.885591
-0.899134 -0.885591 -0.899134 -0.885591
-0.856142 -0.885591 -0.856142 -0.885591
-0.813150 -0.885591 -0.813150 -0.885591
-0.770157 -0.885591 -0.770157 -0.885591
-0.727165 -0.885591 -0.727165 -0.885591
-0.684173 -0.885591 -0.684173 -0.885591
-0.641181 -0.885591 -0.641181 -0.885591
-0.598189 -0.885591 -0.598189 -0.885591
-0.555197 -0.885591 -0.555197 -0.885591
-0.512205 -0.885591 -0.512205 -0.885591
-0.469213 -0.885591 -0.469213 -0.885591
-0.426220 -0.885591 1.547357 3.189669
-0.383228 -0.885591 -0.196888 -0.353057
-0.340236 -0.885591 -0.151863 -0.347247
-0.297244 -0.885591 -0.106838 -0.341438
-0.254252 -0.885591 -0.061813 -0.335628
-0.211260 -0.885591 0.179859 0.765333
-0.168268 -0.885591 -0.134536 -0.586216
-0.125276 -0.885591 -0.091499 -0.585820
-0.082283 -0.885591 -0.048463 -0.585423
-0.039291 -0.885591 -0.005426 -0.585026
0.003701 -0.885591 -0.018405 -0.584875
0.046693 -0.885591 0.012835 -0.585094
0.089685 -0.885591 0.055872 -0.585490
0.132677 -0.885591 0.098909 -0.585887
0.175669 -0.885591 0.141945 -0.586284
0.218661 -0.885591 0.040271 -0.328471
0.261654 -0.885591 0.069564 -0.336627
0.304646 -0.885591 0.114590 -0.342439
0.347638 -0.885591 0.159615 -0.348249
0.390630 -0.885591 0.653741 -0.596184
0.476614 -0.885591 0.476614 -0.885591
0.519606 -0.885591 0.519606 -0.885591
0.562598 -0.885591 0.562598 -0.885591
0.605591 -0.885591 0.605591 -0.885591
0.648583 -0.885591 0.648583 -0.885591
0.691575 -0.885591 0.691575 -0.885591
0.734567 -0.885591 0.734567 -0.885591
0.777559 -0.885591 0.777559 -0.885591
0.820551 -0.885591 0.820551 -0.885591
0.863543 -0.885591 0.863543 -0.885591
0.906535 -0.885591 0.906535 -0.885591
0.949528 -0.885591 0.949528 -0.885591
0.992520 -0.885591 0.992520 -0.885591
1.035512 -0.885591 1.035512 -0.885591
1.078504 -0.885591 1.078504 -0.885591
1.121496 -0.885591 1.121496 -0.885591
1.164488 -0.885591 1.164488 -0.885591
1.207480 -0.885591 1.207480 -0.885591
1.250472 -0.885591 1.250472 -0.885591
1.293465 -0.885591 1.293465 -0.885591
1.336457 -0.885591 1.336457 -0.885591
1.379449 -0.885591 1.379449 -0.885591
1.422441 -0.885591 1.422441 -0.885591
1.465433 -0.885591 1.465433 -0.885591
1.508425 -0.885591 1.508425 -0.885591
1.551417 -0.885591 1.551417 -0.885591
1.594409 -0.885591 1.594409 -0.885591
1.637402 -0.885591 1.637402 -0.885591
1.680394 -0.885591 1.680394 -0.885591
1.723386 -0.885591 1.723386 -0.885591
1.766378 -0.885591 2.231008 0.000000
1.809370 -0.885591 1.546259 -0.596182
1.852362 -0.885591 2.040386 -0.348247
1.895354 -0.885591 2.085410 -0.342438
1.938346 -0.885591 2.130435 -0.336628
1.981339 -0.885591 2.159729 -0.328472
2.024331 -0.885591 2.058054 -0.586285
2.067323 -0.885591 2.101091 -0.585888
2.110315 -0.885591 2.144128 -0.585491
2.153307 -0.885591 2.187165 -0.585094
2.196299 -0.885591 2.218406 -0.584875
2.239291 -0.885591 2.205426 -0.585026
2.282283 -0.885591 2.248463 -0.585422
2.325276 -0.885591 2.291499 -0.585819
2.368268 -0.885591 2.334536 -0.586216
2.411260 -0.885591 0.563248 5.248935
2.454252 -0.885591 2.261812 -0.335627
2.497244 -0.885591 2.306838 -0.341439
2.540236 -0.885591 2.351863 -0.347249
2.583228 -0.885591 2.396889 -0.353059
2.626220 -0.885591 2.239470 0.000000
2.669213 -0.885591 2.669213 -0.885591
2.712205 -0.885591 2.712205 -0.885591
2.755197 -0.885591 2.755197 -0.885591
2.798189 -0.885591 2.798189 -0.885591
2.841181 -0.885591 2.841181 -0.885591
2.884173 -0.885591 2.884173 -0.885591
2.927165 -0.885591 2.927165 -0.885591
2.970157 -0.885591 2.970157 -0.885591
3.013150 -0.885591 3.013150 -0.885591
3.056142 -0.885591 3.056142 -0.885591
3.099134 -0.885591 3.099134 -0.885591
3.142126 -0.885591 3.142126 -0.885591
3.185118 -0.885591 3.185118 -0.885591
3.228110 -0.885591 3.228110 -0.885591
3.271102 -0.885591 3.271102 -0.885591
3.314094 -0.885591 3.314094 -0.885591
3.357087 -0.885591 3.357087 -0.885591
3.400079 -0.885591 3.400079 -0.885591
3.443071 -0.885591 3.443071 -0.885591
3.486063 -0.885591 3.486063 -0.885591
3.529055 -0.885591 3.529055 -0.885591
3.572047 -0.885591 3.572047 -0.885591
3.615039 -0.885591 3.615039 -0.885591
3.658031 -0.885591 3.658031 -0.885591
3.701024 -0.885591 3.701024 -0.885591
3.744016 -0.885591 3.744016 -0.885591
3.787008 -0.885591 3.787008 -0.885591
3.830000 -0.885591 3.830000 -0.885591
-1.630000 -0.859921 -1.630000 -0.859921
-1.587008 -0.859921 -1.587008 -0.859921
-1.544016 -0.859921 -1.544016 -0.859921
-1.501024 -0.859921 -1.501024 -0.859921
-1.458031 -0.859921 -1.458031 -0.859921
-1.415039 -0.859921 -1.415039 -0.859921
-1.372047 -0.859921 -1.372047 -0.859921
-1.329055 -0.859921 -1.329055 -0.859921
-1.286063 -0.859921 -1.286063 -0.859921
-1.243071 -0.859921 -1.243071 -0.859921
-1.200079 -0.859921 -1.200079 -0.859921
-1.157087 -0.859921 -1.157087 -0.859921
-1.114094 -0.859921 -1.114094 -0.859921
-1.071102 -0.859921 -1.071102 -0.859921
-1.028110 -0.859921 -1.028110 -0.859921
-0.985118 -0.859921 -0.985118 -0.859921
-0.942126 -0.859921 -0.942126 -0.859921
-0.899134 -0.859921 -0.899134 -0.859921
-0.856142 -0.859921 -0.856142 -0.859921
-0.813150 -0.859921 -0.813150 -0.859921
-0.770157 -0.859921 -0.770157 -0.859921
-0.727165 -0.859921 -0.727165 -0.859921
-0.684173 -0.859921 -0.684173 -0.859921
-0.641181 -0.859921 -0.641181 -0.859921
-0.598189 -0.859921 -0.598189 -0.859921
-0.555197 -0.859921 -0.555197 -0.859921
-0.512205 -0.859921 -0.512205 -0.859921
-0.469213 -0.859921 0.480256 0.862801
-0.426220 -0.859921 -0.139573 -0.373428
-0.383228 -0.859921 -0.193419 -0.317475
-0.340236 -0.859921 -0.148394 -0.311666
-0.297244 -0.859921 -0.103369 -0.305856
-0.254252 -0.859921 -0.154661 -0.575306
-0.211260 -0.859921 -0.111280 -0.574194
-0.168268 -0.859921 -0.134300 -0.558444
-0.125276 -0.859921 -0.091263 -0.558048
-0.082283 -0.859921 -0.048226 -0.557651
-0.039291 -0.859921 -0.005189 -0.557254
0.003701 -0.859921 -0.018779 -0.557096
0.046693 -0.859921 0.012598 -0.557322
0.089685 -0.859921 0.055635 -0.557718
0.132677 -0.859921 0.098672 -0.558116
0.175669 -0.859921 0.141708 -0.558512
0.218661 -0.859921 0.118749 -0.574386
0.261654 -0.859921 0.162130 -0.575498
0.304646 -0.859921 0.111120 -0.306854
0.347638 -0.859921 0.156146 -0.312665
0.390630 -0.859921 0.201171 -0.318475
0.433622 -0.859921 0.132612 -0.380868
0.519606 -0.859921 0.519606 -0.859921
0.562598 -0.859921 0.562598 -0.859921
0.605591 -0.859921 0.605591 -0.859921
0.648583 -0.859921 0.648583 -0.859921
0.691575 -0.859921 0.691575 -0.859921
0.734567 -0.859921 0.734567 -0.859921
0.777559 -0.859921 0.777559 -0.859921
0.820551 -0.859921 0.820551 -0.859921
0.863543 -0.859921 0.863543 -0.859921
0.906535 -0.859921 0.906535 -0.859921
0.949528 -0.859921 0.949528 -0.859921
0.992520 -0.859921 0.992520 -0.859921
1.035512 -0.859921 1.035512 -0.859921
1.078504 -0.859921 1.078504 -0.859921
1.121496 -0.859921 1.121496 -0.859921
1.164488 -0.859921 1.164488 -0.859921
1.207480 -0.859921 1.207480 -0.859921
1.250472 -0.859921 1.250472 -0.859921
1.293465 -0.859921 1.293465 -0.859921
1.336457 -0.859921 1.336457 -0.859921
1.379449 -0.859921 1.379449 -0.859921
1.422441 -0.859921 1.422441 -0.859921
1.465433 -0.859921 1.465433 -0.859921
1.508425 -0.859921 1.508425 -0.859921
1.551417 -0.859921 1.551417 -0.859921
1.594409 -0.859921 1.594409 -0.859921
1.637402 -0.859921 1.637402 -0.859921
1.680394 -0.859921 1.680394 -0.859921
1.723386 -0.859921 2.220533 0.000000
1.766378 -0.859921 2.067387 -0.380867
1.809370 -0.859921 1.998829 -0.318476
1.852362 -0.859921 2.043855 -0.312666
1.895354 -0.859921 2.088879 -0.306856
1.938346 -0.859921 2.037870 -0.575497
1.981339 -0.859921 2.081251 -0.574386
2.024331 -0.859921 2.058291 -0.558512
2.067323 -0.859921 2.101328 -0.558116
2.110315 -0.859921 2.144365 -0.557719
2.153307 -0.859921 2.187402 -0.557322
2.196299 -0.859921 2.218779 -0.557096
2.239291 -0.859921 2.205189 -0.557254
2.282283 -0.859921 2.248226 -0.557650
2.325276 -0.859921 2.291262 -0.558047
2.368268 -0.859921 2.334299 -0.558444
2.411260 -0.859921 2.311280 -0.574194
2.454252 -0.859921 2.354662 -0.575306
2.497244 -0.859921 2.303368 -0.305854
2.540236 -0.859921 2.348394 -0.311665
2.583228 -0.859921 2.393420 -0.317475
2.626220 -0.859921 2.339573 -0.373428
2.669213 -0.859921 2.175615 -0.000000
2.712205 -0.859921 2.712205 -0.859921
2.755197 -0.859921 2.755197 -0.859921
2.798189 -0.859921 2.798189 -0.859921
2.841181 -0.859921 2.841181 -0.859921
2.884173 -0.859921 2.884173 -0.859921
2.927165 -0.859921 2.927165 -0.859921
2.970157 -0.859921 2.970157 -0.859921
3.013150 -0.859921 3.013150 -0.859921
3.056142 -0.859921 3.056142 -0.859921
3.099134 -0.859921 3.099134 -0.859921
3.142126 -0.859921 3.142126 -0.859921
3.185118 -0.859921 3.185118 -0.859921
3.228110 -0.859921 3.228110 -0.859921
3.271102 -0.859921 3.271102 -0.859921
3.314094 -0.859921 3.314094 -0.859921
3.357087 -0.859921 3.357087 -0.859921
3.400079 -0.859921 3.400079 -0.859921
3.443071 -0.859921 3.443071 -0.859921
3.486063 -0.859921 3.486063 -0.859921
3.529055 -0.859921 3.529055 -0.859921
3.572047 -0.859921 3.572047 -0.859921
3.615039 -0.859921 3.615039 -0.859921
3.658031 -0.859921 3.658031 -0.859921
3.701024 -0.859921 3.701024 -0.859921
3.744016 -0.859921 3.744016 -0.859921
3.787008 -0.859921 3.787008 -0.859921
3.830000 -0.859921 3.830000 -0.859921
-1.630000 -0.834252 -1.630000 -0.834252
-1.587008 -0.834252 -1.587008 -0.834252
-1.544016 -0.834252 -1.544016 -0.834252
-1.501024 -0.834252 -1.501024 -0.834252
-1.458031 -0.834252 -1.458031 -0.834252
-1.415039 -0.834252 -1.415039 -0.834252
-1.372047 -0.834252 -1.372047 -0.834252
-1.329055 -0.834252 -1.329055 -0.834252
-1.286063 -0.834252 -1.286063 -0.834252
-1.243071 -0.834252 -1.243071 -0.834252
-1.200079 -0.834252 -1.200079 -0.834252
-1.157087 -0.834252 -1.157087 -0.834252
-1.114094 -0.834252 -1.114094 -0.834252
-1.071102 -0.834252 -1.071102 -0.834252
-1.028110 -0.834252 -1.028110 -0.834252
-0.985118 -0.834252 -0.985118 -0.834252
-0.942126 -0.834252 -0.942126 -0.834252
-0.899134 -0.834252 -0.899134 -0.834252
-0.856142 -0.834252 -0.856142 -0.834252
-0.813150 -0.834252 -0.813150 -0.834252
-0.770157 -0.834252 -0.770157 -0.834252
-0.727165 -0.834252 -0.727165 -0.834252
-0.684173 -0.834252 -0.684173 -0.834252
-0.641181 -0.834252 -0.641181 -0.834252
-0.598189 -0.834252 -0.598189 -0.834252
-0.555197 -0.834252 -0.555197 -0.834252
-0.512205 -0.834252 1.895459 2.997542
-0.469213 -0.834252 -0.167555 -0.354168
-0.426220 -0.834252 -0.119290 -0.345775
-0.383228 -0.834252 -0.176141 -0.289916
-0.340236 -0.834252 -0.240760 -0.549963
-0.297244 -0.834252 -0.197379 -0.548851
-0.254252 -0.834252 -0.153998 -0.547740
-0.211260 -0.834252 -0.110616 -0.546628
-0.168268 -0.834252 -0.134063 -0.530672
-0.125276 -0.834252 -0.091026 -0.530275
-0.082283 -0.834252 -0.047989 -0.529878
-0.039291 -0.834252 -0.004952 -0.529482
0.003701 -0.834252 -0.019153 -0.529316
0.046693 -0.834252 0.012361 -0.529550
0.089685 -0.834252 0.055398 -0.529947
0.132677 -0.834252 0.098435 -0.530344
0.175669 -0.834252 0.141472 -0.530741
0.218661 -0.834252 0.118085 -0.546819
0.261654 -0.834252 0.161466 -0.547931
0.304646 -0.834252 0.204848 -0.549043
0.347638 -0.834252 0.248229 -0.550155
0.390630 -0.834252 0.183820 -0.290815
0.433622 -0.834252 0.127599 -0.347221
0.476614 -0.834252 0.175866 -0.355616
0.519606 -0.834252 0.218039 -0.354312
0.562598 -0.834252 0.562598 -0.834252
0.605591 -0.834252 0.605591 -0.834252
0.648583 -0.834252 0.648583 -0.834252
0.691575 -0.834252 0.691575 -0.834252
0.734567 -0.834252 0.734567 -0.834252
0.777559 -0.834252 0.777559 -0.834252
0.820551 -0.834252 0.820551 -0.834252
0.863543 -0.834252 0.863543 -0.834252
0.906535 -0.834252 0.906535 -0.834252
0.949528 -0.834252 0.949528 -0.834252
0.992520 -0.834252 0.992520 -0.834252
1.035512 -0.834252 1.035512 -0.834252
1.078504 -0.834252 1.078504 -0.834252
1.121496 -0.834252 1.121496 -0.834252
1.164488 -0.834252 1.164488 -0.834252
1.207480 -0.834252 1.207480 -0.834252
1.250472 -0.834252 1.250472 -0.834252
1.293465 -0.834252 1.293465 -0.834252
1.336457 -0.834252 1.336457 -0.834252
1.379449 -0.834252 1.379449 -0.834252
1.422441 -0.834252 1.422441 -0.834252
1.465433 -0.834252 1.465433 -0.834252
1.508425 -0.834252 1.508425 -0.834252
1.551417 -0.834252 1.551417 -0.834252
1.594409 -0.834252 1.594409 -0.834252
1.637402 -0.834252 1.637402 -0.834252
1.680394 -0.834252 1.981961 -0.354313
1.723386 -0.834252 2.024135 -0.355614
1.766378 -0.834252 2.072400 -0.347220
1.809370 -0.834252 2.016180 -0.290815
1.852362 -0.834252 1.951771 -0.550155
1.895354 -0.834252 1.995153 -0.549043
1.938346 -0.834252 2.038534 -0.547931
1.981339 -0.834252 2.081915 -0.546819
2.024331 -0.834252 2.058528 -0.530740
2.067323 -0.834252 2.101565 -0.530344
2.110315 -0.834252 2.144602 -0.529946
2.153307 -0.834252 2.187639 -0.529550
2.196299 -0.834252 2.219153 -0.529316
2.239291 -0.834252 2.204952 -0.529482
2.282283 -0.834252 2.247989 -0.529879
2.325276 -0.834252 2.291025 -0.530275
2.368268 -0.834252 2.334062 -0.530672
2.411260 -0.834252 2.310616 -0.546628
2.454252 -0.834252 2.353997 -0.547740
2.497244 -0.834252 2.397379 -0.548852
2.540236 -0.834252 2.440760 -0.549964
2.583228 -0.834252 2.376142 -0.289916
2.626220 -0.834252 2.319289 -0.345775
2.669213 -0.834252 2.367557 -0.354171
2.712205 -0.834252 2.188009 -0.000000
2.755197 -0.834252 2.755197 -0.834252
2.798189 -0.834252 2.798189 -0.834252
2.841181 -0.834252 2.841181 -0.834252
2.884173 -0.834252 2.884173 -0.834252
2.927165 -0.834252 2.927165 -0.834252
2.970157 -0.834252 2.970157 -0.834252
3.013150 -0.834252 3.013150 -0.834252
3.056142 -0.834252 3.056142 -0.834252
3.099134 -0.834252 3.099134 -0.834252
3.142126 -0.834252 3.142126 -0.834252
3.185118 -0.834252 3.185118 -0.834252
3.228110 -0.834252 3.228110 -0.834252
3.271102 -0.834252 3.271102 -0.834252
3.314094 -0.834252 3.314094 -0.834252
3.357087 -0.834252 3.357087 -0.834252
3.400079 -0.834252 3.400079 -0.834252
3.443071 -0.834252 3.443071 -0.834252
3.486063 -0.834252 3.486063 -0.834252
3.529055 -0.834252 3.529055 -0.834252
3.572047 -0.834252 3.572047 -0.834252
3.615039 -0.834252 3.615039 -0.834252
3.658031 -0.834252 3.658031 -0.834252
3.701024 -0.834252 3.701024 -0.834252
3.744016 -0.834252 3.744016 -0.834252
3.787008 -0.834252 3.787008 -0.834252
3.830000 -0.834252 3.830000 -0.834252
-1.630000 -0.808583 -1.630000 -0.808583
-1.587008 -0.808583 -1.587008 -0.808583
-1.544016 -0.808583 -1.544016 -0.808583
-1.501024 -0.808583 -1.501024 -0.808583
-1.458031 -0.808583 -1.458031 -0.808583
-1.415039 -0.808583 -1.415039 -0.808583
-1.372047 -0.808583 -1.372047 -0.808583
-1.329055 -0.808583 -1.329055 -0.808583
-1.286063 -0.808583 -1.286063 -0.808583
-1.243071 -0.808583 -1.243071 -0.808583
-1.200079 -0.808583 -1.200079 -0.808583
-1.157087 -0.808583 -1.157087 -0.808583
-1.114094 -0.808583 -1.114094 -0.808583
-1.071102 -0.808583 -1.071102 -0.808583
-1.028110 -0.808583 -1.028110 -0.808583
-0.985118 -0.808583 -0.985118 -0.808583
-0.942126 -0.808583 -0.942126 -0.808583
-0.899134 -0.808583 -0.899134 -0.808583
-0.856142 -0.808583 -0.856142 -0.808583
-0.813150 -0.808583 -0.813150 -0.808583
-0.770157 -0.808583 -0.770157 -0.808583
-0.727165 -0.808583 -0.727165 -0.808583
-0.684173 -0.808583 -0.684173 -0.808583
-0.641181 -0.808583 -0.641181 -0.808583
-0.598189 -0.808583 -0.598189 -0.808583
-0.555197 -0.808583 1.860650 3.036224
-0.512205 -0.808583 -0.210810 -0.328917
-0.469213 -0.808583 -0.162545 -0.320523
-0.426220 -0.808583 -0.114277 -0.312128
-0.383228 -0.808583 -0.272890 -0.528827
-0.340236 -0.808583 -0.240096 -0.522398
-0.297244 -0.808583 -0.196715 -0.521285
-0.254252 -0.808583 -0.153334 -0.520173
-0.211260 -0.808583 -0.109953 -0.519062
-0.168268 -0.808583 -0.133826 -0.502900
-0.125276 -0.808583 -0.090789 -0.502503
-0.082283 -0.808583 -0.047752 -0.502106
-0.039291 -0.808583 -0.025307 -0.684469
0.003701 -0.808583 0.000097 -0.684555
0.046693 -0.808583 0.032708 -0.684459
0.089685 -0.808583 0.055161 -0.502175
0.132677 -0.808583 0.098198 -0.502572
0.175669 -0.808583 0.130079 -0.505727
0.218661 -0.808583 0.117421 -0.519253
0.261654 -0.808583 0.160802 -0.520365
0.304646 -0.808583 0.204184 -0.521477
0.347638 -0.808583 0.247565 -0.522589
0.390630 -0.808583 0.240818 -0.548038
0.433622 -0.808583 0.122585 -0.313570
0.476614 -0.808583 0.170854 -0.321969
0.519606 -0.808583 0.219121 -0.330365
0.562598 -0.808583 0.259823 -0.326720
0.605591 -0.808583 0.605591 -0.808583
0.648583 -0.808583 0.648583 -0.808583
0.691575 -0.808583 0.691575 -0.808583
0.734567 -0.808583 0.734567 -0.808583
0.777559 -0.808583 0.777559 -0.808583
0.820551 -0.808583 0.820551 -0.808583
0.863543 -0.808583 0.863543 -0.808583
0.906535 -0.808583 0.906535 -0.808583
0.949528 -0.808583 0.949528 -0.808583
0.992520 -0.808583 0.992520 -0.808583
1.035512 -0.808583 1.035512 -0.808583
1.078504 -0.808583 1.078504 -0.808583
1.121496 -0.808583 1.121496 -0.808583
1.164488 -0.808583 1.164488 -0.808583
1.207480 -0.808583 1.207480 -0.808583
1.250472 -0.808583 1.250472 -0.808583
1.293465 -0.808583 1.293465 -0.808583
1.336457 -0.808583 1.336457 -0.808583
1.379449 -0.808583 1.379449 -0.808583
1.422441 -0.808583 1.422441 -0.808583
1.465433 -0.808583 1.465433 -0.808583
1.508425 -0.808583 1.508425 -0.808583
1.551417 -0.808583 1.551417 -0.808583
1.594409 -0.808583 1.594409 -0.808583
1.637402 -0.808583 1.940177 -0.326720
1.680394 -0.808583 1.980880 -0.330362
1.723386 -0.808583 2.029145 -0.321969
1.766378 -0.808583 2.077413 -0.313573
1.809370 -0.808583 1.959182 -0.548038
1.852362 -0.808583 1.952435 -0.522589
1.895354 -0.808583 1.995817 -0.521477
1.938346 -0.808583 2.039198 -0.520365
1.981339 -0.808583 2.082579 -0.519253
2.024331 -0.808583 2.069920 -0.505727
2.067323 -0.808583 2.101802 -0.502571
2.110315 -0.808583 2.144839 -0.502175
2.153307 -0.808583 2.167293 -0.684459
2.196299 -0.808583 2.199903 -0.684555
2.239291 -0.808583 2.225307 -0.684469
2.282283 -0.808583 2.247752 -0.502107
2.325276 -0.808583 2.290789 -0.502504
2.368268 -0.808583 2.333825 -0.502900
2.411260 -0.808583 2.309952 -0.519062
2.454252 -0.808583 2.353334 -0.520173
2.497244 -0.808583 2.396715 -0.521286
2.540236 -0.808583 2.440096 -0.522397
2.583228 -0.808583 2.472890 -0.528827
2.626220 -0.808583 2.314276 -0.312125
2.669213 -0.808583 2.362544 -0.320524
2.712205 -0.808583 2.410811 -0.328919
2.755197 -0.808583 2.247130 -0.000000
2.798189 -0.808583 2.798189 -0.808583
2.841181 -0.808583 2.841181 -0.808583
2.884173 -0.808583 2.884173 -0.808583
2.927165 -0.808583 2.927165 -0.808583
2.970157 -0.808583 2.970157 -0.808583
3.013150 -0.808583 3.013150 -0.808583
3.056142 -0.808583 3.056142 -0.808583
3.099134 -0.808583 3.099134 -0.808583
3.142126 -0.808583 3.142126 -0.808583
3.185118 -0.808583 3.185118 -0.808583
3.228110 -0.808583 3.228110 -0.808583
3.271102 -0.808583 3.271102 -0.808583
3.314094 -0.808583 3.314094 -0.808583
3.357087 -0.808583 3.357087 -0.808583
3.400079 -0.808583 3.400079 -0.808583
3.443071 -0.808583 3.443071 -0.808583
3.486063 -0.808583 3.486063 -0.808583
3.529055 -0.808583 3.529055 -0.808583
3.572047 -0.808583 3.572047 -0.808583
3.615039 -0.808583 3.615039 -0.808583
3.658031 -0.808583 3.658031 -0.808583
3.701024 -0.808583 3.701024 -0.808583
3.744016 -0.808583 3.744016 -0.808583
3.787008 -0.808583 3.787008 -0.808583
3.830000 -0.808583 3.830000 -0.808583
-1.630000 -0.782913 -1.630000 -0.782913
-1.587008 -0.782913 -1.587008 -0.782913
-1.544016 -0.782913 -1.544016 -0.782913
-1.501024 -0.782913 -1.501024 -0.782913
-1.458031 -0.782913 -1.458031 -0.782913
-1.415039 -0.782913 -1.415039 -0.782913
-1.372047 -0.782913 -1.372047 -0.782913
-1.329055 -0.782913 -1.329055 -0.782913
-1.286063 -0.782913 -1.286063 -0.782913
-1.243071 -0.782913 -1.243071 -0.782913
-1.200079 -0.782913 -1.200079 -0.782913
-1.157087 -0.782913 -1.157087 -0.782913
-1.114094 -0.782913 -1.114094 -0.782913
-1.071102 -0.782913 -1.071102 -0.782913
-1.028110 -0.782913 -1.028110 -0.782913
-0.985118 -0.782913 -0.985118 -0.782913
-0.942126 -0.782913 -0.942126 -0.782913
-0.899134 -0.782913 -0.899134 -0.782913
-0.856142 -0.782913 -0.856142 -0.782913
-0.813150 -0.782913 -0.813150 -0.782913
-0.770157 -0.782913 -0.770157 -0.782913
-0.727165 -0.782913 -0.727165 -0.782913
-0.684173 -0.782913 -0.684173 -0.782913
-0.641181 -0.782913 -0.641181 -0.782913
-0.598189 -0.782913 2.268177 2.789809
-0.555197 -0.782913 -0.254064 -0.303665
-0.512205 -0.782913 -0.205797 -0.295270
-0.469213 -0.782913 -0.157532 -0.286876
-0.426220 -0.782913 -0.265531 -0.527177
-0.383228 -0.782913 -0.232174 -0.520656
-0.340236 -0.782913 -0.239432 -0.494831
-0.297244 -0.782913 -0.196051 -0.493719
-0.254252 -0.782913 -0.152670 -0.492608
-0.211260 -0.782913 -0.170005 -0.665013
-0.168268 -0.782913 -0.154298 -0.658931
-0.125276 -0.782913 -0.111313 -0.658988
-0.082283 -0.782913 -0.068327 -0.659046
-0.039291 -0.782913 -0.025341 -0.659103
0.003701 -0.782913 0.000025 -0.659189
0.046693 -0.782913 0.032742 -0.659093
0.089685 -0.782913 0.075727 -0.659036
0.132677 -0.782913 0.118713 -0.658979
0.175669 -0.782913 0.151617 -0.661257
0.218661 -0.782913 0.116757 -0.491687
0.261654 -0.782913 0.160138 -0.492799
0.304646 -0.782913 0.203520 -0.493911
0.347638 -0.782913 0.246901 -0.495022
0.390630 -0.782913 0.229104 -0.525846
0.433622 -0.782913 0.273106 -0.527453
0.476614 -0.782913 0.165840 -0.288319
0.519606 -0.782913 0.214107 -0.296714
0.562598 -0.782913 0.262376 -0.305113
0.605591 -0.782913 0.276936 -0.305569
0.648583 -0.782913 0.648583 -0.782913
0.691575 -0.782913 0.691575 -0.782913
0.734567 -0.782913 0.734567 -0.782913
0.777559 -0.782913 0.777559 -0.782913
0.820551 -0.782913 0.820551 -0.782913
0.863543 -0.782913 0.863543 -0.782913
0.906535 -0.782913 0.906535 -0.782913
0.949528 -0.782913 0.949528 -0.782913
0.992520 -0.782913 0.992520 -0.782913
1.035512 -0.782913 1.035512 -0.782913
1.078504 -0.782913 1.078504 -0.782913
1.121496 -0.782913 1.121496 -0.782913
1.164488 -0.782913 1.164488 -0.782913
1.207480 -0.782913 1.207480 -0.782913
1.250472 -0.782913 1.250472 -0.782913
1.293465 -0.782913 1.293465 -0.782913
1.336457 -0.782913 1.336457 -0.782913
1.379449 -0.782913 1.379449 -0.782913
1.422441 -0.782913 1.422441 -0.782913
1.465433 -0.782913 1.465433 -0.782913
1.508425 -0.782913 1.508425 -0.782913
1.551417 -0.782913 1.551417 -0.782913
1.594409 -0.782913 1.923064 -0.305569
1.637402 -0.782913 1.937626 -0.305111
1.680394 -0.782913 1.985893 -0.296715
1.723386 -0.782913 2.034158 -0.288321
1.766378 -0.782913 1.926894 -0.527454
1.809370 -0.782913 1.970896 -0.525847
1.852362 -0.782913 1.953099 -0.495023
1.895354 -0.782913 1.996480 -0.493911
1.938346 -0.782913 2.039862 -0.492799
1.981339 -0.782913 2.083243 -0.491687
2.024331 -0.782913 2.048383 -0.661257
2.067323 -0.782913 2.081287 -0.658978
2.110315 -0.782913 2.124273 -0.659036
2.153307 -0.782913 2.167258 -0.659093
2.196299 -0.782913 2.199974 -0.659189
2.239291 -0.782913 2.225341 -0.659103
2.282283 -0.782913 2.268327 -0.659046
2.325276 -0.782913 2.311312 -0.658988
2.368268 -0.782913 2.354298 -0.658931
2.411260 -0.782913 2.370005 -0.665013
2.454252 -0.782913 2.352670 -0.492607
2.497244 -0.782913 2.396051 -0.493719
2.540236 -0.782913 2.439432 -0.494831
2.583228 -0.782913 2.432174 -0.520656
2.626220 -0.782913 2.465530 -0.527176
2.669213 -0.782913 2.357530 -0.286873
2.712205 -0.782913 2.405798 -0.295269
2.755197 -0.782913 2.454066 -0.303668
2.798189 -0.782913 2.217970 0.000000
2.841181 -0.782913 2.841181 -0.782913
2.884173 -0.782913 2.884173 -0.782913
2.927165 -0.782913 2.927165 -0.782913
2.970157 -0.782913 2.970157 -0.782913
3.013150 -0.782913 3.013150 -0.782913
3.056142 -0.782913 3.056142 -0.782913
3.099134 -0.782913 3.099134 -0.782913
3.142126 -0.782913 3.142126 -0.782913
3.185118 -0.782913 3.185118 -0.782913
3.228110 -0.782913 3.228110 -0.782913
3.271102 -0.782913 3.271102 -0.782913
3.314094 -0.782913 3.314094 -0.782913
3.357087 -0.782913 3.357087 -0.782913
3.400079 -0.782913 3.400079 -0.782913
3.443071 -0.782913 3.443071 -0.782913
3.486063 -0.782913 3.486063 -0.782913
3.529055 -0.782913 3.529055 -0.782913
3.572047 -0.782913 3.572047 -0.782913
3.615039 -0.782913 3.615039 -0.782913
3.658031 -0.782913 3.658031 -0.782913
3.701024 -0.782913 3.701024 -0.782913
3.744016 -0.782913 3.744016 -0.782913
3.787008 -0.782913 3.787008 -0.782913
3.830000 -0.782913 3.830000 -0.782913
-1.630000 -0.757244 -1.630000 -0.757244
-1.587008 -0.757244 -1.587008 -0.757244
-1.544016 -0.757244 -1.544016 -0.757244
-1.501024 -0.757244 -1.501024 -0.757244
-1.458031 -0.757244 -1.458031 -0.757244
-1.415039 -0.757244 -1.415039 -0.757244
-1.372047 -0.757244 -1.372047 -0.757244
-1.329055 -0.757244 -1.329055 -0.757244
-1.286063 -0.757244 -1.286063 -0.757244
-1.243071 -0.757244 -1.243071 -0.757244
-1.200079 -0.757244 -1.200079 -0.757244
-1.157087 -0.757244 -1.157087 -0.757244
-1.114094 -0.757244 -1.114094 -0.757244
-1.071102 -0.757244 -1.071102 -0.757244
-1.028110 -0.757244 -1.028110 -0.757244
-0.985118 -0.757244 -0.985118 -0.757244
-0.942126 -0.757244 -0.942126 -0.757244
-0.899134 -0.757244 -0.899134 -0.757244
-0.856142 -0.757244 -0.856142 -0.757244
-0.813150 -0.757244 -0.813150 -0.757244
-0.770157 -0.757244 -0.770157 -0.757244
-0.727165 -0.757244 -0.727165 -0.757244
-0.684173 -0.757244 -0.684173 -0.757244
-0.641181 -0.757244 1.837299 2.104830
-0.598189 -0.757244 -0.285187 -0.289510
-0.555197 -0.757244 -0.249051 -0.270018
-0.512205 -0.757244 -0.200787 -0.261624
-0.469213 -0.757244 -0.308573 -0.501588
-0.426220 -0.757244 -0.264571 -0.499981
-0.383228 -0.757244 -0.220569 -0.498374
-0.340236 -0.757244 -0.238768 -0.467265
-0.297244 -0.757244 -0.195387 -0.466153
-0.254252 -0.757244 -0.213037 -0.639457
-0.211260 -0.757244 -0.170101 -0.639618
-0.168268 -0.757244 -0.154333 -0.633565
-0.125276 -0.757244 -0.111347 -0.633622
-0.082283 -0.757244 -0.068361 -0.633680
-0.039291 -0.757244 -0.025376 -0.633738
0.003701 -0.757244 -0.000046 -0.633822
0.046693 -0.757244 0.032776 -0.633728
0.089685 -0.757244 0.075762 -0.633671
0.132677 -0.757244 0.118747 -0.633612
0.175669 -0.757244 0.144553 -0.637502
0.218661 -0.757244 0.177492 -0.639590
0.261654 -0.757244 0.220429 -0.639430
0.304646 -0.757244 0.202856 -0.466344
0.347638 -0.757244 0.246237 -0.467456
0.390630 -0.757244 0.228145 -0.498651
0.433622 -0.757244 0.272147 -0.500257
0.476614 -0.757244 0.316148 -0.501864
0.519606 -0.757244 0.209095 -0.263067
0.562598 -0.757244 0.257362 -0.271463
0.605591 -0.757244 0.393581 -0.814448
0.648583 -0.757244 0.648583 -0.757244
0.691575 -0.757244 0.691575 -0.757244
0.734567 -0.757244 0.734567 -0.757244
0.777559 -0.757244 0.777559 -0.757244
0.820551 -0.757244 0.820551 -0.757244
0.863543 -0.757244 0.863543 -0.757244
0.906535 -0.757244 0.906535 -0.757244
0.949528 -0.757244 0.949528 -0.757244
0.992520 -0.757244 0.992520 -0.757244
1.035512 -0.757244 1.035512 -0.757244
1.078504 -0.757244 1.078504 -0.757244
1.121496 -0.757244 1.121496 -0.757244
1.164488 -0.757244 1.164488 -0.757244
1.207480 -0.757244 1.207480 -0.757244
1.250472 -0.757244 1.250472 -0.757244
1.293465 -0.757244 1.293465 -0.757244
1.336457 -0.757244 1.336457 -0.757244
1.379449 -0.757244 1.379449 -0.757244
1.422441 -0.757244 1.422441 -0.757244
1.465433 -0.757244 1.465433 -0.757244
1.508425 -0.757244 1.508425 -0.757244
1.551417 -0.757244 1.551417 -0.757244
1.594409 -0.757244 1.806425 -0.814442
1.637402 -0.757244 1.942639 -0.271463
1.680394 -0.757244 1.990903 -0.263070
1.723386 -0.757244 1.883851 -0.501864
1.766378 -0.757244 1.927854 -0.500257
1.809370 -0.757244 1.971855 -0.498651
1.852362 -0.757244 1.953763 -0.467456
1.895354 -0.757244 1.997144 -0.466344
1.938346 -0.757244 1.979571 -0.639430
1.981339 -0.757244 2.022507 -0.639590
2.024331 -0.757244 2.055447 -0.637502
2.067323 -0.757244 2.081253 -0.633612
2.110315 -0.757244 2.124238 -0.633670
2.153307 -0.757244 2.167224 -0.633728
2.196299 -0.757244 2.200046 -0.633822
2.239291 -0.757244 2.225376 -0.633738
2.282283 -0.757244 2.268361 -0.633680
2.325276 -0.757244 2.311347 -0.633622
2.368268 -0.757244 2.354333 -0.633565
2.411260 -0.757244 2.370100 -0.639617
2.454252 -0.757244 2.413037 -0.639457
2.497244 -0.757244 2.395387 -0.466153
2.540236 -0.757244 2.438769 -0.467265
2.583228 -0.757244 2.420570 -0.498374
2.626220 -0.757244 2.464571 -0.499981
2.669213 -0.757244 2.508573 -0.501587
2.712205 -0.757244 2.400785 -0.261622
2.755197 -0.757244 2.449052 -0.270017
2.798189 -0.757244 2.485187 -0.289509
2.841181 -0.757244 2.137865 -0.000000
2.884173 -0.757244 2.884173 -0.757244
2.927165 -0.757244 2.927165 -0.757244
2.970157 -0.757244 2.970157 -0.757244
3.013150 -0.757244 3.013150 -0.757244
3.056142 -0.757244 3.056142 -0.757244
3.099134 -0.757244 3.099134 -0.757244
3.142126 -0.757244 3.142126 -0.757244
3.185118 -0.757244 3.185118 -0.757244
3.228110 -0.757244 3.228110 -0.757244
3.271102 -0.757244 3.271102 -0.757244
3.314094 -0.757244 3.314094 -0.757244
3.357087 -0.757244 3.357087 -0.757244
3.400079 -0.757244 3.400079 -0.757244
3.443071 -0.757244 3.443071 -0.757244
3.486063 -0.757244 3.486063 -0.757244
3.529055 -0.757244 3.529055 -0.757244
3.572047 -0.757244 3.572047 -0.757244
3.615039 -0.757244 3.615039 -0.757244
3.658031 -0.757244 3.658031 -0.757244
3.701024 -0.757244 3.701024 -0.757244
3.744016 -0.757244 3.744016 -0.757244
3.787008 -0.757244 3.787008 -0.757244
3.830000 -0.757244 3.830000 -0.757244
-1.630000 -0.731575 -1.630000 -0.731575
-1.587008 -0.731575 -1.587008 -0.731575
-1.544016 -0.731575 -1.544016 -0.731575
-1.501024 -0.731575 -1.501024 -0.731575
-1.458031 -0.731575 -1.458031 -0.731575
-1.415039 -0.731575 -1.415039 -0.731575
-1.372047 -0.731575 -1.372047 -0.731575
-1.329055 -0.731575 -1.329055 -0.731575
-1.286063 -0.731575 -1.286063 -0.731575
-1.243071 -0.731575 -1.243071 -0.731575
-1.200079 -0.731575 -1.200079 -0.731575
-1.157087 -0.731575 -1.157087 -0.731575
-1.114094 -0.731575 -1.114094 -0.731575
-1.071102 -0.731575 -1.071102 -0.731575
-1.028110 -0.731575 -1.028110 -0.731575
-0.985118 -0.731575 -0.985118 -0.731575
-0.942126 -0.731575 -0.942126 -0.731575
-0.899134 -0.731575 -0.899134 -0.731575
-0.856142 -0.731575 -0.856142 -0.731575
-0.813150 -0.731575 -0.813150 -0.731575
-0.770157 -0.731575 -0.770157 -0.731575
-0.727165 -0.731575 -0.727165 -0.731575
-0.684173 -0.731575 -0.684173 -0.731575
-0.641181 -0.731575 0.627654 0.657146
-0.598189 -0.731575 -0.205862 -0.316668
-0.555197 -0.731575 -0.244039 -0.236371
-0.512205 -0.731575 -0.351616 -0.475999
-0.469213 -0.731575 -0.307614 -0.474392
-0.426220 -0.731575 -0.263612 -0.472785
-0.383228 -0.731575 -0.219610 -0.471178
-0.340236 -0.731575 -0.299005 -0.613742
-0.297244 -0.731575 -0.256069 -0.613902
-0.254252 -0.731575 -0.213133 -0.614063
-0.211260 -0.731575 -0.170196 -0.614222
-0.168268 -0.731575 -0.137148 -0.612151
-0.125276 -0.731575 -0.111381 -0.608257
-0.082283 -0.731575 -0.068396 -0.608314
-0.039291 -0.731575 -0.025410 -0.608372
0.003701 -0.731575 -0.009876 -0.696278
0.046693 -0.731575 0.032810 -0.608362
0.089685 -0.731575 0.075796 -0.608304
0.132677 -0.731575 0.118782 -0.608247
0.175669 -0.731575 0.134652 -0.614355
0.218661 -0.731575 0.177588 -0.614194
0.261654 -0.731575 0.220524 -0.614034
0.304646 -0.731575 0.263461 -0.613874
0.347638 -0.731575 0.306396 -0.613714
0.390630 -0.731575 0.227186 -0.471455
0.433622 -0.731575 0.271187 -0.473061
0.476614 -0.731575 0.315189 -0.474668
0.519606 -0.731575 0.359190 -0.476274
0.562598 -0.731575 0.240635 -0.248746
0.605591 -0.731575 0.214992 -0.318333
0.648583 -0.731575 0.957966 -2.288888
0.691575 -0.731575 0.691575 -0.731575
0.734567 -0.731575 0.734567 -0.731575
0.777559 -0.731575 0.777559 -0.731575
0.820551 -0.731575 0.820551 -0.731575
0.863543 -0.731575 0.863543 -0.731575
0.906535 -0.731575 0.906535 -0.731575
0.949528 -0.731575 0.949528 -0.731575
0.992520 -0.731575 0.992520 -0.731575
1.035512 -0.731575 1.035512 -0.731575
1.078504 -0.731575 1.078504 -0.731575
1.121496 -0.731575 1.121496 -0.731575
1.164488 -0.731575 1.164488 -0.731575
1.207480 -0.731575 1.207480 -0.731575
1.250472 -0.731575 1.250472 -0.731575
1.293465 -0.731575 1.293465 -0.731575
1.336457 -0.731575 1.336457 -0.731575
1.379449 -0.731575 1.379449 -0.731575
1.422441 -0.731575 1.422441 -0.731575
1.465433 -0.731575 1.465433 -0.731575
1.508425 -0.731575 1.508425 -0.731575
1.551417 -0.731575 1.242032 -2.288892
1.594409 -0.731575 1.985007 -0.318333
1.637402 -0.731575 1.959366 -0.248746
1.680394 -0.731575 1.840809 -0.476275
1.723386 -0.731575 1.884811 -0.474669
1.766378 -0.731575 1.928813 -0.473062
1.809370 -0.731575 1.972815 -0.471455
1.852362 -0.731575 1.893604 -0.613714
1.895354 -0.731575 1.936539 -0.613874
1.938346 -0.731575 1.979475 -0.614035
1.981339 -0.731575 2.022412 -0.614195
2.024331 -0.731575 2.065348 -0.614355
2.067323 -0.731575 2.081218 -0.608247
2.110315 -0.731575 2.124204 -0.608305
2.153307 -0.731575 2.167189 -0.608362
2.196299 -0.731575 2.209876 -0.696278
2.239291 -0.731575 2.225410 -0.608372
2.282283 -0.731575 2.268396 -0.608314
2.325276 -0.731575 2.311381 -0.608257
2.368268 -0.731575 2.337149 -0.612151
2.411260 -0.731575 2.370196 -0.614222
2.454252 -0.731575 2.413132 -0.614062
2.497244 -0.731575 2.456069 -0.613901
2.540236 -0.731575 2.499005 -0.613741
2.583228 -0.731575 2.419611 -0.471178
2.626220 -0.731575 2.463612 -0.472785
2.669213 -0.731575 2.507614 -0.474391
2.712205 -0.731575 2.551615 -0.475998
2.755197 -0.731575 2.444039 -0.236370
2.798189 -0.731575 2.405862 -0.316668
2.841181 -0.731575 1.572345 0.657146
2.884173 -0.731575 2.884173 -0.731575
2.927165 -0.731575 2.927165 -0.731575
2.970157 -0.731575 2.970157 -0.731575
3.013150 -0.731575 3.013150 -0.731575
3.056142 -0.731575 3.056142 -0.731575
3.099134 -0.731575 3.099134 -0.731575
3.142126 -0.731575 3.142126 -0.731575
3.185118 -0.731575 3.185118 -0.731575
3.228110 -0.731575 3.228110 -0.731575
3.271102 -0.731575 3.271102 -0.731575
3.314094 -0.731575 3.314094 -0.731575
3.357087 -0.731575 3.357087 -0.731575
3.400079 -0.731575 3.400079 -0.731575
3.443071 -0.731575 3.443071 -0.731575
3.486063 -0.731575 3.486063 -0.731575
3.529055 -0.731575 3.529055 -0.731575
3.572047 -0.731575 3.572047 -0.731575
3.615039 -0.731575 3.615039 -0.731575
3.658031 -0.731575 3.658031 -0.731575
3.701024 -0.731575 3.701024 -0.731575
3.744016 -0.731575 3.744016 -0.731575
3.787008 -0.731575 3.787008 -0.731575
3.830000 -0.731575 3.830000 -0.731575
-1.630000 -0.705906 -1.630000 -0.705906
-1.587008 -0.705906 -1.587008 -0.705906
-1.544016 -0.705906 -1.544016 -0.705906
-1.501024 -0.705906 -1.501024 -0.705906
-1.458031 -0.705906 -1.458031 -0.705906
-1.415039 -0.705906 -1.415039 -0.705906
-1.372047 -0.705906 -1.372047 -0.705906
-1.329055 -0.705906 -1.329055 -0.705906
-1.286063 -0.705906 -1.286063 -0.705906
-1.243071 -0.705906 -1.243071 -0.705906
-1.200079 -0.705906 -1.200079 -0.705906
-1.157087 -0.705906 -1.157087 -0.705906
-1.114094 -0.705906 -1.114094 -0.705906
-1.071102 -0.705906 -1.071102 -0.705906
-1.028110 -0.705906 -1.028110 -0.705906
-0.985118 -0.705906 -0.985118 -0.705906
-0.942126 -0.705906 -0.942126 -0.705906
-0.899134 -0.705906 -0.899134 -0.705906
-0.856142 -0.705906 -0.856142 -0.705906
-0.813150 -0.705906 -0.813150 -0.705906
-0.770157 -0.705906 -0.770157 -0.705906
-0.727165 -0.705906 -0.727165 -0.705906
-0.684173 -0.705906 2.554472 2.532740
-0.641181 -0.705906 -0.239192 -0.303916
-0.598189 -0.705906 -0.186881 -0.294597
-0.555197 -0.705906 -0.385509 -0.457965
-0.512205 -0.705906 -0.350656 -0.448803
-0.469213 -0.705906 -0.306655 -0.447196
-0.426220 -0.705906 -0.262652 -0.445589
-0.383228 -0.705906 -0.316818 -0.600215
-0.340236 -0.705906 -0.283235 -0.596008
-0.297244 -0.705906 -0.256164 -0.588507
-0.254252 -0.705906 -0.213229 -0.588667
-0.211260 -0.705906 -0.170292 -0.588827
-0.168268 -0.705906 -0.156530 -0.672362
-0.125276 -0.705906 -0.121297 -0.670592
-0.082283 -0.705906 -0.078305 -0.670592
-0.039291 -0.705906 -0.035313 -0.670592
0.003701 -0.705906 -0.009974 -0.670609
0.046693 -0.705906 0.042714 -0.670591
0.089685 -0.705906 0.085706 -0.670591
0.132677 -0.705906 0.128698 -0.670591
0.175669 -0.705906 0.163932 -0.672362
0.218661 -0.705906 0.177684 -0.588799
0.261654 -0.705906 0.220620 -0.588639
0.304646 -0.705906 0.263556 -0.588479
0.347638 -0.705906 0.281348 -0.600407
0.390630 -0.705906 0.324195 -0.600175
0.433622 -0.705906 0.270228 -0.445866
0.476614 -0.705906 0.314230 -0.447473
0.519606 -0.705906 0.358231 -0.449079
0.562598 -0.705906 0.393035 -0.458215
0.605591 -0.705906 0.195887 -0.296202
0.648583 -0.705906 0.248198 -0.305520
0.691575 -0.705906 0.283239 -0.297570
0.734567 -0.705906 0.734567 -0.705906
0.777559 -0.705906 0.777559 -0.705906
0.820551 -0.705906 0.820551 -0.705906
0.863543 -0.705906 0.863543 -0.705906
0.906535 -0.705906 0.906535 -0.705906
0.949528 -0.705906 0.949528 -0.705906
0.992520 -0.705906 0.992520 -0.705906
1.035512 -0.705906 1.035512 -0.705906
1.078504 -0.705906 1.078504 -0.705906
1.121496 -0.705906 1.121496 -0.705906
1.164488 -0.705906 1.164488 -0.705906
1.207480 -0.705906 1.207480 -0.705906
1.250472 -0.705906 1.250472 -0.705906
1.293465 -0.705906 1.293465 -0.705906
1.336457 -0.705906 1.336457 -0.705906
1.379449 -0.705906 1.379449 -0.705906
1.422441 -0.705906 1.422441 -0.705906
1.465433 -0.705906 1.465433 -0.705906
1.508425 -0.705906 1.916761 -0.297570
1.551417 -0.705906 1.951802 -0.305520
1.594409 -0.705906 2.004113 -0.296202
1.637402 -0.705906 1.806965 -0.458214
1.680394 -0.705906 1.841768 -0.449079
1.723386 -0.705906 1.885770 -0.447473
1.766378 -0.705906 1.929772 -0.445865
1.809370 -0.705906 1.875805 -0.600175
1.852362 -0.705906 1.918652 -0.600407
1.895354 -0.705906 1.936444 -0.588479
1.938346 -0.705906 1.979380 -0.588640
1.981339 -0.705906 2.022316 -0.588800
2.024331 -0.705906 2.036068 -0.672362
2.067323 -0.705906 2.071302 -0.670591
2.110315 -0.705906 2.114294 -0.670592
2.153307 -0.705906 2.157286 -0.670592
2.196299 -0.705906 2.209973 -0.670609
2.239291 -0.705906 2.235312 -0.670591
2.282283 -0.705906 2.278305 -0.670591
2.325276 -0.705906 2.321297 -0.670591
2.368268 -0.705906 2.356530 -0.672362
2.411260 -0.705906 2.370292 -0.588827
2.454252 -0.705906 2.413228 -0.588667
2.497244 -0.705906 2.456164 -0.588507
2.540236 -0.705906 2.483235 -0.596008
2.583228 -0.705906 2.516818 -0.600215
2.626220 -0.705906 2.462653 -0.445590
2.669213 -0.705906 2.506654 -0.447196
2.712205 -0.705906 2.550656 -0.448803
2.755197 -0.705906 2.585509 -0.457966
2.798189 -0.705906 2.386881 -0.294597
2.841181 -0.705906 2.439192 -0.303916
2.884173 -0.705906 -0.354472 -2.532740
2.927165 -0.705906 2.927165 -0.705906
2.970157 -0.705906 2.970157 -0.705906
3.013150 -0.705906 3.013150 -0.705906
3.056142 -0.705906 3.056142 -0.705906
3.099134 -0.705906 3.099134 -0.705906
3.142126 -0.705906 3.142126 -0.705906
3.185118 -0.705906 3.185118 -0.705906
3.228110 -0.705906 3.228110 -0.705906
3.271102 -0.705906 3.271102 -0.705906
3.314094 -0.705906 3.314094 -0.705906
3.357087 -0.705906 3.357087 -0.705906
3.400079 -0.705906 3.400079 -0.705906
3.443071 -0.705906 3.443071 -0.705906
3.486063 -0.705906 3.486063 -0.705906
3.529055 -0.705906 3.529055 -0.705906
3.572047 -0.705906 3.572047 -0.705906
3.615039 -0.705906 3.615039 -0.705906
3.658031 -0.705906 3.658031 -0.705906
3.701024 -0.705906 3.701024 -0.705906
3.744016 -0.705906 3.744016 -0.705906
3.787008 -0.705906 3.787008 -0.705906
3.830000 -0.705906 3.830000 -0.705906
-1.630000 -0.680236 -1.630000 -0.680236
-1.587008 -0.680236 -1.587008 -0.680236
-1.544016 -0.680236 -1.544016 -0.680236
-1.501024 -0.680236 -1.501024 -0.680236
-1.458031 -0.680236 -1.458031 -0.680236
-1.415039 -0.680236 -1.415039 -0.680236
-1.372047 -0.680236 -1.372047 -0.680236
-1.329055 -0.680236 -1.329055 -0.680236
-1.286063 -0.680236 -1.286063 -0.680236
-1.243071 -0.680236 -1.243071 -0.680236
-1.200079 -0.680236 -1.200079 -0.680236
-1.157087 -0.680236 -1.157087 -0.680236
-1.114094 -0.680236 -1.114094 -0.680236
-1.071102 -0.680236 -1.071102 -0.680236
-1.028110 -0.680236 -1.028110 -0.680236
-0.985118 -0.680236 -0.985118 -0.680236
-0.942126 -0.680236 -0.942126 -0.680236
-0.899134 -0.680236 -0.899134 -0.680236
-0.856142 -0.680236 -0.856142 -0.680236
-0.813150 -0.680236 -0.813150 -0.680236
-0.770157 -0.680236 -0.770157 -0.680236
-0.727165 -0.680236 -0.727165 -0.680236
-0.684173 -0.680236 0.630035 0.633972
-0.641181 -0.680236 -0.233628 -0.272683
-0.598189 -0.680236 -0.385460 -0.467508
-0.555197 -0.680236 -0.350025 -0.458575
-0.512205 -0.680236 -0.349697 -0.421607
-0.469213 -0.680236 -0.305695 -0.420000
-0.426220 -0.680236 -0.359803 -0.574534
-0.383228 -0.680236 -0.316957 -0.574766
-0.340236 -0.680236 -0.274110 -0.574998
-0.297244 -0.680236 -0.256260 -0.563111
-0.254252 -0.680236 -0.242514 -0.646692
-0.211260 -0.680236 -0.199522 -0.646692
-0.168268 -0.680236 -0.156530 -0.646692
-0.125276 -0.680236 -0.129254 -0.715550
-0.082283 -0.680236 -0.086262 -0.715550
-0.039291 -0.680236 -0.043270 -0.715550
0.003701 -0.680236 0.007680 -0.715550
0.046693 -0.680236 0.050672 -0.715550
0.089685 -0.680236 0.093664 -0.715550
0.132677 -0.680236 0.136656 -0.715550
0.175669 -0.680236 0.163932 -0.646693
0.218661 -0.680236 0.206924 -0.646693
0.261654 -0.680236 0.249916 -0.646693
0.304646 -0.680236 0.263652 -0.563084
0.347638 -0.680236 0.281487 -0.574958
0.390630 -0.680236 0.324333 -0.574726
0.433622 -0.680236 0.367180 -0.574494
0.476614 -0.680236 0.313271 -0.420277
0.519606 -0.680236 0.357272 -0.421884
0.562598 -0.680236 0.348394 -0.466032
0.605591 -0.680236 0.190323 -0.264969
0.648583 -0.680236 0.242634 -0.274287
0.691575 -0.680236 0.650207 -0.638868
0.734567 -0.680236 0.734567 -0.680236
0.777559 -0.680236 0.777559 -0.680236
0.820551 -0.680236 0.820551 -0.680236
0.863543 -0.680236 0.863543 -0.680236
0.906535 -0.680236 0.906535 -0.680236
0.949528 -0.680236 0.949528 -0.680236
0.992520 -0.680236 0.992520 -0.680236
1.035512 -0.680236 1.035512 -0.680236
1.078504 -0.680236 1.078504 -0.680236
1.121496 -0.680236 1.121496 -0.680236
1.164488 -0.680236 1.164488 -0.680236
1.207480 -0.680236 1.207480 -0.680236
1.250472 -0.680236 1.250472 -0.680236
1.293465 -0.680236 1.293465 -0.680236
1.336457 -0.680236 1.336457 -0.680236
1.379449 -0.680236 1.379449 -0.680236
1.422441 -0.680236 1.422441 -0.680236
1.465433 -0.680236 1.465433 -0.680236
1.508425 -0.680236 1.549793 -0.638868
1.551417 -0.680236 1.957366 -0.274287
1.594409 -0.680236 2.009677 -0.264969
1.637402 -0.680236 1.851606 -0.466032
1.680394 -0.680236 1.842727 -0.421883
1.723386 -0.680236 1.886730 -0.420276
1.766378 -0.680236 1.832821 -0.574494
1.809370 -0.680236 1.875667 -0.574726
1.852362 -0.680236 1.918513 -0.574958
1.895354 -0.680236 1.936348 -0.563084
1.938346 -0.680236 1.950084 -0.646692
1.981339 -0.680236 1.993076 -0.646692
2.024331 -0.680236 2.036068 -0.646692
2.067323 -0.680236 2.063344 -0.715550
2.110315 -0.680236 2.106336 -0.715550
2.153307 -0.680236 2.149328 -0.715550
2.196299 -0.680236 2.192320 -0.715550
2.239291 -0.680236 2.243270 -0.715550
2.282283 -0.680236 2.286262 -0.715550
2.325276 -0.680236 2.329254 -0.715550
2.368268 -0.680236 2.356530 -0.646693
2.411260 -0.680236 2.399522 -0.646693
2.454252 -0.680236 2.442515 -0.646693
2.497244 -0.680236 2.456260 -0.563111
2.540236 -0.680236 2.474110 -0.574998
2.583228 -0.680236 2.516957 -0.574766
2.626220 -0.680236 2.559803 -0.574534
2.669213 -0.680236 2.505695 -0.420001
2.712205 -0.680236 2.549697 -0.421607
2.755197 -0.680236 2.550025 -0.458575
2.798189 -0.680236 2.585460 -0.467508
2.841181 -0.680236 2.433628 -0.272683
2.884173 -0.680236 1.569965 0.633972
2.927165 -0.680236 2.927165 -0.680236
2.970157 -0.680236 2.970157 -0.680236
3.013150 -0.680236 3.013150 -0.680236
3.056142 -0.680236 3.056142 -0.680236
3.099134 -0.680236 3.099134 -0.680236
3.142126 -0.680236 3.142126 -0.680236
3.185118 -0.680236 3.185118 -0.680236
3.228110 -0.680236 3.228110 -0.680236
3.271102 -0.680236 3.271102 -0.680236
3.314094 -0.680236 3.314094 -0.680236
3.357087 -0.680236 3.357087 -0.680236
3.400079 -0.680236 3.400079 -0.680236
3.443071 -0.680236 3.443071 -0.680236
3.486063 -0.680236 3.486063 -0.680236
3.529055 -0.680236 3.529055 -0.680236
3.572047 -0.680236 3.572047 -0.680236
3.615039 -0.680236 3.615039 -0.680236
3.658031 -0.680236 3.658031 -0.680236
3.701024 -0.680236 3.701024 -0.680236
3.744016 -0.680236 3.744016 -0.680236
3.787008 -0.680236 3.787008 -0.680236
3.830000 -0.680236 3.830000 -0.680236
-1.630000 -0.654567 -1.630000 -0.654567
-1.587008 -0.654567 -1.587008 -0.654567
-1.544016 -0.654567 -1.544016 -0.654567
-1.501024 -0.654567 -1.501024 -0.654567
-1.458031 -0.654567 -1.458031 -0.654567
-1.415039 -0.654567 -1.415039 -0.654567
-1.372047 -0.654567 -1.372047 -0.654567
-1.329055 -0.654567 -1.329055 -0.654567
-1.286063 -0.654567 -1.286063 -0.654567
-1.243071 -0.654567 -1.243071 -0.654567
-1.200079 -0.654567 -1.200079 -0.654567
-1.157087 -0.654567 -1.157087 -0.654567
-1.114094 -0.654567 -1.114094 -0.654567
-1.071102 -0.654567 -1.071102 -0.654567
-1.028110 -0.654567 -1.028110 -0.654567
-0.985118 -0.654567 -0.985118 -0.654567
-0.942126 -0.654567 -0.942126 -0.654567
-0.899134 -0.654567 -0.899134 -0.654567
-0.856142 -0.654567 -0.856142 -0.654567
-0.813150 -0.654567 -0.813150 -0.654567
-0.770157 -0.654567 -0.770157 -0.654567
-0.727165 -0.654567 0.742096 0.654324
-0.684173 -0.654567 -0.280375 -0.250768
-0.641181 -0.654567 -0.228064 -0.241450
-0.598189 -0.654567 -0.384396 -0.440774
-0.555197 -0.654567 -0.339621 -0.438991
-0.512205 -0.654567 -0.339864 -0.401741
-0.469213 -0.654567 -0.402788 -0.548853
-0.426220 -0.654567 -0.359942 -0.549085
-0.383228 -0.654567 -0.317095 -0.549317
-0.340236 -0.654567 -0.274249 -0.549549
-0.297244 -0.654567 -0.285507 -0.621024
-0.254252 -0.654567 -0.242514 -0.621023
-0.211260 -0.654567 -0.222997 -0.688110
-0.168268 -0.654567 -0.180005 -0.688110
-0.125276 -0.654567 -0.129254 -0.689880
-0.082283 -0.654567 -0.096165 -0.777771
-0.039291 -0.654567 -0.053179 -0.777829
0.003701 -0.654567 0.017594 -0.777876
0.046693 -0.654567 0.060580 -0.777819
0.089685 -0.654567 0.093664 -0.689881
0.132677 -0.654567 0.136656 -0.689881
0.175669 -0.654567 0.187406 -0.688109
0.218661 -0.654567 0.230399 -0.688109
0.261654 -0.654567 0.249916 -0.621024
0.304646 -0.654567 0.292908 -0.621024
0.347638 -0.654567 0.281625 -0.549509
0.390630 -0.654567 0.324472 -0.549277
0.433622 -0.654567 0.367318 -0.549045
0.476614 -0.654567 0.410164 -0.548813
0.519606 -0.654567 0.347390 -0.401991
0.562598 -0.654567 0.347329 -0.439298
0.605591 -0.654567 0.392104 -0.441081
0.648583 -0.654567 0.237070 -0.243054
0.691575 -0.654567 0.289381 -0.252373
0.734567 -0.654567 7.251367 -0.730222
0.777559 -0.654567 0.777559 -0.654567
0.820551 -0.654567 0.820551 -0.654567
0.863543 -0.654567 0.863543 -0.654567
0.906535 -0.654567 0.906535 -0.654567
0.949528 -0.654567 0.949528 -0.654567
0.992520 -0.654567 0.992520 -0.654567
1.035512 -0.654567 1.035512 -0.654567
1.078504 -0.654567 1.078504 -0.654567
1.121496 -0.654567 1.121496 -0.654567
1.164488 -0.654567 1.164488 -0.654567
1.207480 -0.654567 1.207480 -0.654567
1.250472 -0.654567 1.250472 -0.654567
1.293465 -0.654567 1.293465 -0.654567
1.336457 -0.654567 1.336457 -0.654567
1.379449 -0.654567 1.379449 -0.654567
1.422441 -0.654567 1.422441 -0.654567
1.465433 -0.654567 1.735019 -0.269382
1.508425 -0.654567 1.910619 -0.252373
1.551417 -0.654567 1.962930 -0.243054
1.594409 -0.654567 1.807896 -0.441081
1.637402 -0.654567 1.852671 -0.439298
1.680394 -0.654567 1.852609 -0.401990
1.723386 -0.654567 1.789836 -0.548813
1.766378 -0.654567 1.832682 -0.549045
1.809370 -0.654567 1.875528 -0.549277
1.852362 -0.654567 1.918375 -0.549509
1.895354 -0.654567 1.907091 -0.621024
1.938346 -0.654567 1.950084 -0.621023
1.981339 -0.654567 1.969601 -0.688110
2.024331 -0.654567 2.012593 -0.688110
2.067323 -0.654567 2.063344 -0.689880
2.110315 -0.654567 2.106336 -0.689880
2.153307 -0.654567 2.139420 -0.777819
2.196299 -0.654567 2.182406 -0.777876
2.239291 -0.654567 2.253179 -0.777829
2.282283 -0.654567 2.296165 -0.777771
2.325276 -0.654567 2.329255 -0.689881
2.368268 -0.654567 2.380005 -0.688109
2.411260 -0.654567 2.422997 -0.688109
2.454252 -0.654567 2.442515 -0.621024
2.497244 -0.654567 2.485507 -0.621024
2.540236 -0.654567 2.474249 -0.549549
2.583228 -0.654567 2.517095 -0.549317
2.626220 -0.654567 2.559942 -0.549085
2.669213 -0.654567 2.602788 -0.548853
2.712205 -0.654567 2.539864 -0.401742
2.755197 -0.654567 2.539621 -0.438991
2.798189 -0.654567 2.584396 -0.440774
2.841181 -0.654567 2.428064 -0.241450
2.884173 -0.654567 2.480375 -0.250768
2.927165 -0.654567 1.457904 -0.654324
2.970157 -0.654567 2.970157 -0.654567
3.013150 -0.654567 3.013150 -0.654567
3.056142 -0.654567 3.056142 -0.654567
3.099134 -0.654567 3.099134 -0.654567
3.142126 -0.654567 3.142126 -0.654567
3.185118 -0.654567 3.185118 -0.654567
3.228110 -0.654567 3.228110 -0.654567
3.271102 -0.654567 3.271102 -0.654567
3.314094 -0.654567 3.314094 -0.654567
3.357087 -0.654567 3.357087 -0.654567
3.400079 -0.654567 3.400079 -0.654567
3.443071 -0.654567 3.443071 -0.654567
3.486063 -0.654567 3.486063 -0.654567
3.529055 -0.654567 3.529055 -0.654567
3.572047 -0.654567 3.572047 -0.654567
3.615039 -0.654567 3.615039 -0.654567
3.658031 -0.654567 3.658031 -0.654567
3.701024 -0.654567 3.701024 -0.654567
3.744016 -0.654567 3.744016 -0.654567
3.787008 -0.654567 3.787008 -0.654567
3.830000 -0.654567 3.830000 -0.654567
-1.630000 -0.628898 -1.630000 -0.628898
-1.587008 -0.628898 -1.587008 -0.628898
-1.544016 -0.628898 -1.544016 -0.628898
-1.501024 -0.628898 -1.501024 -0.628898
-1.458031 -0.628898 -1.458031 -0.628898
-1.415039 -0.628898 -1.415039 -0.628898
-1.372047 -0.628898 -1.372047 -0.628898
-1.329055 -0.628898 -1.329055 -0.628898
-1.286063 -0.628898 -1.286063 -0.628898
-1.243071 -0.628898 -1.243071 -0.628898
-1.200079 -0.628898 -1.200079 -0.628898
-1.157087 -0.628898 -1.157087 -0.628898
-1.114094 -0.628898 -1.114094 -0.628898
-1.071102 -0.628898 -1.071102 -0.628898
-1.028110 -0.628898 -1.028110 -0.628898
-0.985118 -0.628898 -0.985118 -0.628898
-0.942126 -0.628898 -0.942126 -0.628898
-0.899134 -0.628898 -0.899134 -0.628898
-0.856142 -0.628898 -0.856142 -0.628898
-0.813150 -0.628898 -0.813150 -0.628898
-0.770157 -0.628898 0.396314 0.200482
-0.727165 -0.628898 -0.327122 -0.228854
-0.684173 -0.628898 -0.274811 -0.219535
-0.641181 -0.628898 -0.428106 -0.415823
-0.598189 -0.628898 -0.383331 -0.414040
-0.555197 -0.628898 -0.338556 -0.412257
-0.512205 -0.628898 -0.423896 -0.540589
-0.469213 -0.628898 -0.402926 -0.523404
-0.426220 -0.628898 -0.360080 -0.523636
-0.383228 -0.628898 -0.317234 -0.523868
-0.340236 -0.628898 -0.321329 -0.598807
-0.297244 -0.628898 -0.308981 -0.662441
-0.254252 -0.628898 -0.265989 -0.662441
-0.211260 -0.628898 -0.222997 -0.662441
-0.168268 -0.628898 -0.209259 -0.746042
-0.125276 -0.628898 -0.139185 -0.752348
-0.082283 -0.628898 -0.096199 -0.752406
-0.039291 -0.628898 -0.053214 -0.752463
0.003701 -0.628898 0.017628 -0.752511
0.046693 -0.628898 0.060614 -0.752453
0.089685 -0.628898 0.103600 -0.752396
0.132677 -0.628898 0.146585 -0.752338
0.175669 -0.628898 0.216651 -0.746015
0.218661 -0.628898 0.230399 -0.662440
0.261654 -0.628898 0.273391 -0.662440
0.304646 -0.628898 0.323553 -0.658988
0.347638 -0.628898 0.328731 -0.598807
0.390630 -0.628898 0.324610 -0.523828
0.433622 -0.628898 0.367457 -0.523596
0.476614 -0.628898 0.410303 -0.523364
0.519606 -0.628898 0.301489 -0.410781
0.562598 -0.628898 0.346264 -0.412564
0.605591 -0.628898 0.391040 -0.414347
0.648583 -0.628898 0.435815 -0.416130
0.691575 -0.628898 0.283817 -0.221140
0.734567 -0.628898 77.650205 -23.568180
0.777559 -0.628898 0.777559 -0.628898
0.820551 -0.628898 0.820551 -0.628898
0.863543 -0.628898 0.863543 -0.628898
0.906535 -0.628898 0.906535 -0.628898
0.949528 -0.628898 0.949528 -0.628898
0.992520 -0.628898 0.992520 -0.628898
1.035512 -0.628898 1.035512 -0.628898
1.078504 -0.628898 1.078504 -0.628898
1.121496 -0.628898 1.121496 -0.628898
1.164488 -0.628898 1.164488 -0.628898
1.207480 -0.628898 1.207480 -0.628898
1.250472 -0.628898 1.250472 -0.628898
1.293465 -0.628898 1.293465 -0.628898
1.336457 -0.628898 1.336457 -0.628898
1.379449 -0.628898 1.379449 -0.628898
1.422441 -0.628898 1.422441 -0.628898
1.465433 -0.628898 1.351426 -0.255171
1.508425 -0.628898 1.916183 -0.221140
1.551417 -0.628898 1.764185 -0.416130
1.594409 -0.628898 1.808960 -0.414347
1.637402 -0.628898 1.853736 -0.412564
1.680394 -0.628898 1.898511 -0.410781
1.723386 -0.628898 1.789697 -0.523364
1.766378 -0.628898 1.832543 -0.523596
1.809370 -0.628898 1.875390 -0.523828
1.852362 -0.628898 1.871269 -0.598807
1.895354 -0.628898 1.876447 -0.658988
1.938346 -0.628898 1.926609 -0.662441
1.981339 -0.628898 1.969601 -0.662441
2.024331 -0.628898 1.983349 -0.746015
2.067323 -0.628898 2.053415 -0.752338
2.110315 -0.628898 2.096400 -0.752396
2.153307 -0.628898 2.139386 -0.752453
2.196299 -0.628898 2.182372 -0.752511
2.239291 -0.628898 2.253213 -0.752463
2.282283 -0.628898 2.296199 -0.752405
2.325276 -0.628898 2.339185 -0.752348
2.368268 -0.628898 2.409259 -0.746042
2.411260 -0.628898 2.422997 -0.662440
2.454252 -0.628898 2.465989 -0.662440
2.497244 -0.628898 2.508982 -0.662440
2.540236 -0.628898 2.521329 -0.598807
2.583228 -0.628898 2.517234 -0.523868
2.626220 -0.628898 2.560080 -0.523636
2.669213 -0.628898 2.602926 -0.523404
2.712205 -0.628898 2.623896 -0.540589
2.755197 -0.628898 2.538556 -0.412257
2.798189 -0.628898 2.583331 -0.414040
2.841181 -0.628898 2.628106 -0.415823
2.884173 -0.628898 2.474811 -0.219535
2.927165 -0.628898 2.527122 -0.228854
2.970157 -0.628898 1.510326 -0.451961
3.013150 -0.628898 3.013150 -0.628898
3.056142 -0.628898 3.056142 -0.628898
3.099134 -0.628898 3.099134 -0.628898
3.142126 -0.628898 3.142126 -0.628898
3.185118 -0.628898 3.185118 -0.628898
3.228110 -0.628898 3.228110 -0.628898
3.271102 -0.628898 3.271102 -0.628898
3.314094 -0.628898 3.314094 -0.628898
3.357087 -0.628898 3.357087 -0.628898
3.400079 -0.628898 3.400079 -0.628898
3.443071 -0.628898 3.443071 -0.628898
3.486063 -0.628898 3.486063 -0.628898
3.529055 -0.628898 3.529055 -0.628898
3.572047 -0.628898 3.572047 -0.628898
3.615039 -0.628898 3.615039 -0.628898
3.658031 -0.628898 3.658031 -0.628898
3.701024 -0.628898 3.701024 -0.628898
3.744016 -0.628898 3.744016 -0.628898
3.787008 -0.628898 3.787008 -0.628898
3.830000 -0.628898 3.830000 -0.628898
-1.630000 -0.603228 -1.630000 -0.603228
-1.587008 -0.603228 -1.587008 -0.603228
-1.544016 -0.603228 -1.544016 -0.603228
-1.501024 -0.603228 -1.501024 -0.603228
-1.458031 -0.603228 -1.458031 -0.603228
-1.415039 -0.603228 -1.415039 -0.603228
-1.372047 -0.603228 -1.372047 -0.603228
-1.329055 -0.603228 -1.329055 -0.603228
-1.286063 -0.603228 -1.286063 -0.603228
-1.243071 -0.603228 -1.243071 -0.603228
-1.200079 -0.603228 -1.200079 -0.603228
-1.157087 -0.603228 -1.157087 -0.603228
-1.114094 -0.603228 -1.114094 -0.603228
-1.071102 -0.603228 -1.071102 -0.603228
-1.028110 -0.603228 -1.028110 -0.603228
-0.985118 -0.603228 -0.985118 -0.603228
-0.942126 -0.603228 -0.942126 -0.603228
-0.899134 -0.603228 -0.899134 -0.603228
-0.856142 -0.603228 -0.856142 -0.603228
-0.813150 -0.603228 -0.813150 -0.603228
-0.770157 -0.603228 -0.306267 -0.302365
-0.727165 -0.603228 -0.312492 -0.211126
-0.684173 -0.603228 -0.269247 -0.188302
-0.641181 -0.603228 -0.427042 -0.389089
-0.598189 -0.603228 -0.382266 -0.387306
-0.555197 -0.603228 -0.337491 -0.385523
-0.512205 -0.603228 -0.424050 -0.515074
-0.469213 -0.603228 -0.403065 -0.497955
-0.426220 -0.603228 -0.360219 -0.498187
-0.383228 -0.603228 -0.364321 -0.573138
-0.340236 -0.603228 -0.359143 -0.633319
-0.297244 -0.603228 -0.316151 -0.633319
-0.254252 -0.603228 -0.295227 -0.720326
-0.211260 -0.603228 -0.252291 -0.720486
-0.168268 -0.603228 -0.209355 -0.720647
-0.125276 -0.603228 -0.139219 -0.726983
-0.082283 -0.603228 -0.096234 -0.727040
-0.039291 -0.603228 -0.053248 -0.727098
0.003701 -0.603228 0.017663 -0.727145
0.046693 -0.603228 0.060648 -0.727087
0.089685 -0.603228 0.103634 -0.727030
0.132677 -0.603228 0.146620 -0.726973
0.175669 -0.603228 0.216747 -0.720619
0.218661 -0.603228 0.259683 -0.720459
0.261654 -0.603228 0.302619 -0.720298
0.304646 -0.603228 0.323553 -0.633319
0.347638 -0.603228 0.328731 -0.573138
0.390630 -0.603228 0.371723 -0.573138
0.433622 -0.603228 0.367595 -0.498147
0.476614 -0.603228 0.402481 -0.504310
0.519606 -0.603228 0.431407 -0.515029
0.562598 -0.603228 0.345200 -0.385830
0.605591 -0.603228 0.389975 -0.387613
0.648583 -0.603228 0.434750 -0.389396
0.691575 -0.603228 0.278253 -0.189906
0.734567 -0.603228 0.321404 -0.212724
0.777559 -0.603228 1.081601 -0.794272
0.820551 -0.603228 0.820551 -0.603228
0.863543 -0.603228 0.863543 -0.603228
0.906535 -0.603228 0.906535 -0.603228
0.949528 -0.603228 0.949528 -0.603228
0.992520 -0.603228 0.992520 -0.603228
1.035512 -0.603228 1.035512 -0.603228
1.078504 -0.603228 1.078504 -0.603228
1.121496 -0.603228 1.121496 -0.603228
1.164488 -0.603228 1.164488 -0.603228
1.207480 -0.603228 1.207480 -0.603228
1.250472 -0.603228 1.250472 -0.603228
1.293465 -0.603228 1.293465 -0.603228
1.336457 -0.603228 1.336457 -0.603228
1.379449 -0.603228 1.379449 -0.603228
1.422441 -0.603228 1.891964 -0.282516
1.465433 -0.603228 1.878595 -0.212724
1.508425 -0.603228 1.921747 -0.189906
1.551417 -0.603228 1.765250 -0.389396
1.594409 -0.603228 1.810025 -0.387613
1.637402 -0.603228 1.854800 -0.385830
1.680394 -0.603228 1.768593 -0.515029
1.723386 -0.603228 1.797519 -0.504310
1.766378 -0.603228 1.832405 -0.498147
1.809370 -0.603228 1.828277 -0.573138
1.852362 -0.603228 1.871269 -0.573138
1.895354 -0.603228 1.876447 -0.633319
1.938346 -0.603228 1.897381 -0.720298
1.981339 -0.603228 1.940317 -0.720459
2.024331 -0.603228 1.983253 -0.720619
2.067323 -0.603228 2.053380 -0.726973
2.110315 -0.603228 2.096366 -0.727030
2.153307 -0.603228 2.139352 -0.727088
2.196299 -0.603228 2.182337 -0.727145
2.239291 -0.603228 2.253248 -0.727097
2.282283 -0.603228 2.296233 -0.727040
2.325276 -0.603228 2.339219 -0.726983
2.368268 -0.603228 2.409355 -0.720647
2.411260 -0.603228 2.452291 -0.720486
2.454252 -0.603228 2.495227 -0.720326
2.497244 -0.603228 2.516151 -0.633319
2.540236 -0.603228 2.559143 -0.633319
2.583228 -0.603228 2.564321 -0.573138
2.626220 -0.603228 2.560219 -0.498187
2.669213 -0.603228 2.603065 -0.497955
2.712205 -0.603228 2.624050 -0.515074
2.755197 -0.603228 2.537491 -0.385523
2.798189 -0.603228 2.582266 -0.387306
2.841181 -0.603228 2.627042 -0.389089
2.884173 -0.603228 2.469247 -0.188302
2.927165 -0.603228 2.512492 -0.211126
2.970157 -0.603228 2.257211 -0.174200
3.013150 -0.603228 3.013150 -0.603228
3.056142 -0.603228 3.056142 -0.603228
3.099134 -0.603228 3.099134 -0.603228
3.142126 -0.603228 3.142126 -0.603228
3.185118 -0.603228 3.185118 -0.603228
3.228110 -0.603228 3.228110 -0.603228
3.271102 -0.603228 3.271102 -0.603228
3.314094 -0.603228 3.314094 -0.603228
3.357087 -0.603228 3.357087 -0.603228
3.400079 -0.603228 3.400079 -0.603228
3.443071 -0.603228 3.443071 -0.603228
3.486063 -0.603228 3.486063 -0.603228
3.529055 -0.603228 3.529055 -0.603228
3.572047 -0.603228 3.572047 -0.603228
3.615039 -0.603228 3.615039 -0.603228
3.658031 -0.603228 3.658031 -0.603228
3.701024 -0.603228 3.701024 -0.603228
3.744016 -0.603228 3.744016 -0.603228
3.787008 -0.603228 3.787008 -0.603228
3.830000 -0.603228 3.830000 -0.603228
-1.630000 -0.577559 -1.630000 -0.577559
-1.587008 -0.577559 -1.587008 -0.577559
-1.544016 -0.577559 -1.544016 -0.577559
-1.501024 -0.577559 -1.501024 -0.577559
-1.458031 -0.577559 -1.458031 -0.577559
-1.415039 -0.577559 -1.415039 -0.577559
-1.372047 -0.577559 -1.372047 -0.577559
-1.329055 -0.577559 -1.329055 -0.577559
-1.286063 -0.577559 -1.286063 -0.577559
-1.243071 -0.577559 -1.243071 -0.577559
-1.200079 -0.577559 -1.200079 -0.577559
-1.157087 -0.577559 -1.157087 -0.577559
-1.114094 -0.577559 -1.114094 -0.577559
-1.071102 -0.577559 -1.071102 -0.577559
-1.028110 -0.577559 -1.028110 -0.577559
-0.985118 -0.577559 -0.985118 -0.577559
-0.942126 -0.577559 -0.942126 -0.577559
-0.899134 -0.577559 -0.899134 -0.577559
-0.856142 -0.577559 -0.856142 -0.577559
-0.813150 -0.577559 -0.813150 -0.577559
-0.770157 -0.577559 -0.291311 -0.276680
-0.727165 -0.577559 -0.245699 -0.256374
-0.684173 -0.577559 -0.470752 -0.364138
-0.641181 -0.577559 -0.425977 -0.362355
-0.598189 -0.577559 -0.381202 -0.360572
-0.555197 -0.577559 -0.466939 -0.489301
-0.512205 -0.577559 -0.424204 -0.489558
-0.469213 -0.577559 -0.381469 -0.489816
-0.426220 -0.577559 -0.407313 -0.547469
-0.383228 -0.577559 -0.402135 -0.607649
-0.340236 -0.577559 -0.359143 -0.607649
-0.297244 -0.577559 -0.363287 -0.682666
-0.254252 -0.577559 -0.295323 -0.694931
-0.211260 -0.577559 -0.252386 -0.695091
-0.168268 -0.577559 -0.209450 -0.695252
-0.125276 -0.577559 -0.139253 -0.701617
-0.082283 -0.577559 -0.096268 -0.701674
-0.039291 -0.577559 0.002190 -0.209397
0.003701 -0.577559 -0.037678 -0.210314
0.046693 -0.577559 0.005190 -0.209206
0.089685 -0.577559 0.103668 -0.701664
0.132677 -0.577559 0.173906 -0.695384
0.175669 -0.577559 0.216842 -0.695224
0.218661 -0.577559 0.259778 -0.695064
0.261654 -0.577559 0.302714 -0.694903
0.304646 -0.577559 0.370664 -0.682626
0.347638 -0.577559 0.366545 -0.607649
0.390630 -0.577559 0.371723 -0.547469
0.433622 -0.577559 0.414715 -0.547469
0.476614 -0.577559 0.388827 -0.489771
0.519606 -0.577559 0.431561 -0.489514
0.562598 -0.577559 0.474296 -0.489256
0.605591 -0.577559 0.388910 -0.360879
0.648583 -0.577559 0.433686 -0.362662
0.691575 -0.577559 0.478461 -0.364445
0.734567 -0.577559 0.255527 -0.257828
0.777559 -0.577559 0.436135 -0.768663
0.820551 -0.577559 0.820551 -0.577559
0.863543 -0.577559 0.863543 -0.577559
0.906535 -0.577559 0.906535 -0.577559
0.949528 -0.577559 0.949528 -0.577559
0.992520 -0.577559 0.992520 -0.577559
1.035512 -0.577559 1.035512 -0.577559
1.078504 -0.577559 1.078504 -0.577559
1.121496 -0.577559 1.121496 -0.577559
1.164488 -0.577559 1.164488 -0.577559
1.207480 -0.577559 1.207480 -0.577559
1.250472 -0.577559 1.250472 -0.577559
1.293465 -0.577559 1.293465 -0.577559
1.336457 -0.577559 1.336457 -0.577559
1.379449 -0.577559 1.379449 -0.577559
1.422441 -0.577559 1.763859 -0.768672
1.465433 -0.577559 1.944474 -0.257829
1.508425 -0.577559 1.721539 -0.364445
1.551417 -0.577559 1.766314 -0.362662
1.594409 -0.577559 1.811090 -0.360879
1.637402 -0.577559 1.725704 -0.489256
1.680394 -0.577559 1.768439 -0.489514
1.723386 -0.577559 1.811173 -0.489771
1.766378 -0.577559 1.785285 -0.547469
1.809370 -0.577559 1.828277 -0.547469
1.852362 -0.577559 1.833455 -0.607649
1.895354 -0.577559 1.829336 -0.682626
1.938346 -0.577559 1.897286 -0.694903
1.981339 -0.577559 1.940222 -0.695063
2.024331 -0.577559 1.983158 -0.695224
2.067323 -0.577559 2.026094 -0.695384
2.110315 -0.577559 2.096332 -0.701665
2.153307 -0.577559 2.194810 -0.209206
2.196299 -0.577559 2.237678 -0.210314
2.239291 -0.577559 2.197810 -0.209396
2.282283 -0.577559 2.296268 -0.701674
2.325276 -0.577559 2.339253 -0.701617
2.368268 -0.577559 2.409450 -0.695252
2.411260 -0.577559 2.452387 -0.695091
2.454252 -0.577559 2.495322 -0.694931
2.497244 -0.577559 2.563287 -0.682666
2.540236 -0.577559 2.559143 -0.607649
2.583228 -0.577559 2.602135 -0.607649
2.626220 -0.577559 2.607313 -0.547469
2.669213 -0.577559 2.581469 -0.489816
2.712205 -0.577559 2.624204 -0.489558
2.755197 -0.577559 2.666939 -0.489301
2.798189 -0.577559 2.581202 -0.360572
2.841181 -0.577559 2.625977 -0.362355
2.884173 -0.577559 2.670752 -0.364138
2.927165 -0.577559 2.445699 -0.256373
2.970157 -0.577559 2.491312 -0.276680
3.013150 -0.577559 3.013150 -0.577559
3.056142 -0.577559 3.056142 -0.577559
3.099134 -0.577559 3.099134 -0.577559
3.142126 -0.577559 3.142126 -0.577559
3.185118 -0.577559 3.185118 -0.577559
3.228110 -0.577559 3.228110 -0.577559
3.271102 -0.577559 3.271102 -0.577559
3.314094 -0.577559 3.314094 -0.577559
3.357087 -0.577559 3.357087 -0.577559
3.400079 -0.577559 3.400079 -0.577559
3.443071 -0.577559 3.443071 -0.577559
3.486063 -0.577559 3.486063 -0.577559
3.529055 -0.577559 3.529055 -0.577559
3.572047 -0.577559 3.572047 -0.577559
3.615039 -0.577559 3.615039 -0.577559
3.658031 -0.577559 3.658031 -0.577559
3.701024 -0.577559 3.701024 -0.577559
3.744016 -0.577559 3.744016 -0.577559
3.787008 -0.577559 3.787008 -0.577559
3.830000 -0.577559 3.830000 -0.577559
-1.630000 -0.551890 -1.630000 -0.551890
-1.587008 -0.551890 -1.587008 -0.551890
-1.544016 -0.551890 -1.544016 -0.551890
-1.501024 -0.551890 -1.501024 -0.551890
-1.458031 -0.551890 -1.458031 -0.551890
-1.415039 -0.551890 -1.415039 -0.551890
-1.372047 -0.551890 -1.372047 -0.551890
-1.329055 -0.551890 -1.329055 -0.551890
-1.286063 -0.551890 -1.286063 -0.551890
-1.243071 -0.551890 -1.243071 -0.551890
-1.200079 -0.551890 -1.200079 -0.551890
-1.157087 -0.551890 -1.157087 -0.551890
-1.114094 -0.551890 -1.114094 -0.551890
-1.071102 -0.551890 -1.071102 -0.551890
-1.028110 -0.551890 -1.028110 -0.551890
-0.985118 -0.551890 -0.985118 -0.551890
-0.942126 -0.551890 -0.942126 -0.551890
-0.899134 -0.551890 -0.899134 -0.551890
-0.856142 -0.551890 -0.856142 -0.551890
-0.813150 -0.551890 3.055815 1.879131
-0.770157 -0.551890 -0.286298 -0.247861
-0.727165 -0.551890 -0.229944 -0.239465
-0.684173 -0.551890 -0.462501 -0.346717
-0.641181 -0.551890 -0.424912 -0.335621
-0.598189 -0.551890 -0.380137 -0.333838
-0.555197 -0.551890 -0.467092 -0.463785
-0.512205 -0.551890 -0.424358 -0.464043
-0.469213 -0.551890 -0.407969 -0.490646
-0.426220 -0.551890 -0.445128 -0.581980
-0.383228 -0.551890 -0.402135 -0.581980
-0.340236 -0.551890 -0.406272 -0.656985
-0.297244 -0.551890 -0.363426 -0.657217
-0.254252 -0.551890 -0.295418 -0.669535
-0.211260 -0.551890 -0.252482 -0.669696
-0.168268 -0.551890 -0.046040 -0.202587
-0.125276 -0.551890 -0.084206 -0.187385
-0.082283 -0.551890 -0.041339 -0.188493
-0.039291 -0.551890 0.001529 -0.189602
0.003701 -0.551890 -0.037016 -0.190519
0.046693 -0.551890 0.005851 -0.189410
0.089685 -0.551890 0.048719 -0.188302
0.132677 -0.551890 0.234164 -0.841921
0.175669 -0.551890 0.277546 -0.843033
0.218661 -0.551890 0.259874 -0.669668
0.261654 -0.551890 0.302810 -0.669508
0.304646 -0.551890 0.370802 -0.657177
0.347638 -0.551890 0.413649 -0.656945
0.390630 -0.551890 0.409537 -0.581980
0.433622 -0.551890 0.414715 -0.521799
0.476614 -0.551890 0.451485 -0.526761
0.519606 -0.551890 0.431715 -0.463998
0.562598 -0.551890 0.474450 -0.463741
0.605591 -0.551890 0.387846 -0.334145
0.648583 -0.551890 0.432621 -0.335928
0.691575 -0.551890 0.470159 -0.347020
0.734567 -0.551890 0.239647 -0.240910
0.777559 -0.551890 0.296001 -0.249306
0.820551 -0.551890 1.108577 -0.732869
0.863543 -0.551890 0.863543 -0.551890
0.906535 -0.551890 0.906535 -0.551890
0.949528 -0.551890 0.949528 -0.551890
0.992520 -0.551890 0.992520 -0.551890
1.035512 -0.551890 1.035512 -0.551890
1.078504 -0.551890 1.078504 -0.551890
1.121496 -0.551890 1.121496 -0.551890
1.164488 -0.551890 1.164488 -0.551890
1.207480 -0.551890 1.207480 -0.551890
1.250472 -0.551890 1.250472 -0.551890
1.293465 -0.551890 1.293465 -0.551890
1.336457 -0.551890 1.336457 -0.551890
1.379449 -0.551890 1.868808 -0.244403
1.422441 -0.551890 1.904000 -0.249307
1.465433 -0.551890 1.960354 -0.240911
1.508425 -0.551890 1.729841 -0.347020
1.551417 -0.551890 1.767379 -0.335928
1.594409 -0.551890 1.812154 -0.334145
1.637402 -0.551890 1.725550 -0.463741
1.680394 -0.551890 1.768285 -0.463998
1.723386 -0.551890 1.748515 -0.526761
1.766378 -0.551890 1.785285 -0.521800
1.809370 -0.551890 1.790463 -0.581980
1.852362 -0.551890 1.786351 -0.656945
1.895354 -0.551890 1.829198 -0.657177
1.938346 -0.551890 1.897190 -0.669508
1.981339 -0.551890 1.940126 -0.669668
2.024331 -0.551890 1.922454 -0.843034
2.067323 -0.551890 1.965837 -0.841921
2.110315 -0.551890 2.151281 -0.188303
2.153307 -0.551890 2.194148 -0.189411
2.196299 -0.551890 2.237016 -0.190519
2.239291 -0.551890 2.198471 -0.189601
2.282283 -0.551890 2.241339 -0.188493
2.325276 -0.551890 2.284205 -0.187385
2.368268 -0.551890 2.246041 -0.202590
2.411260 -0.551890 2.452482 -0.669696
2.454252 -0.551890 2.495418 -0.669535
2.497244 -0.551890 2.563426 -0.657217
2.540236 -0.551890 2.606272 -0.656985
2.583228 -0.551890 2.602135 -0.581980
2.626220 -0.551890 2.645127 -0.581980
2.669213 -0.551890 2.644084 -0.526761
2.712205 -0.551890 2.624358 -0.464043
2.755197 -0.551890 2.667092 -0.463785
2.798189 -0.551890 2.580137 -0.333838
2.841181 -0.551890 2.624912 -0.335621
2.884173 -0.551890 2.662500 -0.346717
2.927165 -0.551890 2.429947 -0.239467
2.970157 -0.551890 2.486299 -0.247860
3.013150 -0.551890 -0.855813 -1.879133
3.056142 -0.551890 3.056142 -0.551890
3.099134 -0.551890 3.099134 -0.551890
3.142126 -0.551890 3.142126 -0.551890
3.185118 -0.551890 3.185118 -0.551890
3.228110 -0.551890 3.228110 -0.551890
3.271102 -0.551890 3.271102 -0.551890
3.314094 -0.551890 3.314094 -0.551890
3.357087 -0.551890 3.357087 -0.551890
3.400079 -0.551890 3.400079 -0.551890
3.443071 -0.551890 3.443071 -0.551890
3.486063 -0.551890 3.486063 -0.551890
3.529055 -0.551890 3.529055 -0.551890
3.572047 -0.551890 3.572047 -0.551890
3.615039 -0.551890 3.615039 -0.551890
3.658031 -0.551890 3.658031 -0.551890
3.701024 -0.551890 3.701024 -0.551890
3.744016 -0.551890 3.744016 -0.551890
3.787008 -0.551890 3.787008 -0.551890
3.830000 -0.551890 3.830000 -0.551890
-1.630000 -0.526220 -1.630000 -0.526220
-1.587008 -0.526220 -1.587008 -0.526220
-1.544016 -0.526220 -1.544016 -0.526220
-1.501024 -0.526220 -1.501024 -0.526220
-1.458031 -0.526220 -1.458031 -0.526220
-1.415039 -0.526220 -1.415039 -0.526220
-1.372047 -0.526220 -1.372047 -0.526220
-1.329055 -0.526220 -1.329055 -0.526220
-1.286063 -0.526220 -1.286063 -0.526220
-1.243071 -0.526220 -1.243071 -0.526220
-1.200079 -0.526220 -1.200079 -0.526220
-1.157087 -0.526220 -1.157087 -0.526220
-1.114094 -0.526220 -1.114094 -0.526220
-1.071102 -0.526220 -1.071102 -0.526220
-1.028110 -0.526220 -1.028110 -0.526220
-0.985118 -0.526220 -0.985118 -0.526220
-0.942126 -0.526220 -0.942126 -0.526220
-0.899134 -0.526220 -0.899134 -0.526220
-0.856142 -0.526220 -0.856142 -0.526220
-0.813150 -0.526220 0.783911 0.477281
-0.770157 -0.526220 -0.281285 -0.219042
-0.727165 -0.526220 -0.471850 -0.365795
-0.684173 -0.526220 -0.426302 -0.364189
-0.641181 -0.526220 -0.416861 -0.318026
-0.598189 -0.526220 -0.509981 -0.438012
-0.555197 -0.526220 -0.467246 -0.438270
-0.512205 -0.526220 -0.424511 -0.438527
-0.469213 -0.526220 -0.407708 -0.464716
-0.426220 -0.526220 -0.358700 -0.458700
-0.383228 -0.526220 -0.449257 -0.631304
-0.340236 -0.526220 -0.406410 -0.631536
-0.297244 -0.526220 -0.363564 -0.631768
-0.254252 -0.526220 -0.056830 -0.212022
-0.211260 -0.526220 -0.089800 -0.179112
-0.168268 -0.526220 -0.047895 -0.182218
-0.125276 -0.526220 -0.005992 -0.185326
-0.082283 -0.526220 -0.042000 -0.168698
-0.039291 -0.526220 0.000867 -0.169806
0.003701 -0.526220 -0.036354 -0.170723
0.046693 -0.526220 0.006513 -0.169615
0.089685 -0.526220 0.049380 -0.168507
0.132677 -0.526220 0.233500 -0.814355
0.175669 -0.526220 0.276882 -0.815466
0.218661 -0.526220 0.320263 -0.816578
0.261654 -0.526220 0.328094 -0.631961
0.304646 -0.526220 0.370941 -0.631729
0.347638 -0.526220 0.413787 -0.631497
0.390630 -0.526220 0.456633 -0.631265
0.433622 -0.526220 0.458751 -0.551349
0.476614 -0.526220 0.451485 -0.501092
0.519606 -0.526220 0.431869 -0.438483
0.562598 -0.526220 0.474603 -0.438225
0.605591 -0.526220 0.517338 -0.437968
0.648583 -0.526220 0.424520 -0.318329
0.691575 -0.526220 0.434143 -0.364466
0.734567 -0.526220 0.479692 -0.366072
0.777559 -0.526220 0.290988 -0.220487
0.820551 -0.526220 1.132648 -0.722324
0.863543 -0.526220 0.863543 -0.526220
0.906535 -0.526220 0.906535 -0.526220
0.949528 -0.526220 0.949528 -0.526220
0.992520 -0.526220 0.992520 -0.526220
1.035512 -0.526220 1.035512 -0.526220
1.078504 -0.526220 1.078504 -0.526220
1.121496 -0.526220 1.121496 -0.526220
1.164488 -0.526220 1.164488 -0.526220
1.207480 -0.526220 1.207480 -0.526220
1.250472 -0.526220 1.250472 -0.526220
1.293465 -0.526220 1.293465 -0.526220
1.336457 -0.526220 1.336457 -0.526220
1.379449 -0.526220 2.075647 -0.088769
1.422441 -0.526220 1.909013 -0.220488
1.465433 -0.526220 1.720309 -0.366072
1.508425 -0.526220 1.765856 -0.364465
1.551417 -0.526220 1.775480 -0.318329
1.594409 -0.526220 1.682662 -0.437968
1.637402 -0.526220 1.725397 -0.438225
1.680394 -0.526220 1.768131 -0.438483
1.723386 -0.526220 1.748515 -0.501092
1.766378 -0.526220 1.741249 -0.551349
1.809370 -0.526220 1.743367 -0.631265
1.852362 -0.526220 1.786213 -0.631497
1.895354 -0.526220 1.829059 -0.631728
1.938346 -0.526220 1.871906 -0.631960
1.981339 -0.526220 1.879737 -0.816579
2.024331 -0.526220 1.923118 -0.815467
2.067323 -0.526220 1.966501 -0.814355
2.110315 -0.526220 2.150619 -0.168507
2.153307 -0.526220 2.193487 -0.169615
2.196299 -0.526220 2.236354 -0.170723
2.239291 -0.526220 2.199133 -0.169806
2.282283 -0.526220 2.242000 -0.168698
2.325276 -0.526220 2.205990 -0.185326
2.368268 -0.526220 2.247896 -0.182220
2.411260 -0.526220 2.289801 -0.179114
2.454252 -0.526220 2.256829 -0.212022
2.497244 -0.526220 2.563564 -0.631769
2.540236 -0.526220 2.606411 -0.631537
2.583228 -0.526220 2.649257 -0.631305
2.626220 -0.526220 2.651349 -0.551349
2.669213 -0.526220 2.644084 -0.501092
2.712205 -0.526220 2.624511 -0.438527
2.755197 -0.526220 2.667246 -0.438270
2.798189 -0.526220 2.709981 -0.438012
2.841181 -0.526220 2.616861 -0.318026
2.884173 -0.526220 2.626302 -0.364189
2.927165 -0.526220 2.671851 -0.365796
2.970157 -0.526220 2.481286 -0.219041
3.013150 -0.526220 1.416089 0.477281
3.056142 -0.526220 3.056142 -0.526220
3.099134 -0.526220 3.099134 -0.526220
3.142126 -0.526220 3.142126 -0.526220
3.185118 -0.526220 3.185118 -0.526220
3.228110 -0.526220 3.228110 -0.526220
3.271102 -0.526220 3.271102 -0.526220
3.314094 -0.526220 3.314094 -0.526220
3.357087 -0.526220 3.357087 -0.526220
3.400079 -0.526220 3.400079 -0.526220
3.443071 -0.526220 3.443071 -0.526220
3.486063 -0.526220 3.486063 -0.526220
3.529055 -0.526220 3.529055 -0.526220
3.572047 -0.526220 3.572047 -0.526220
3.615039 -0.526220 3.615039 -0.526220
3.658031 -0.526220 3.658031 -0.526220
3.701024 -0.526220 3.701024 -0.526220
3.744016 -0.526220 3.744016 -0.526220
3.787008 -0.526220 3.787008 -0.526220
3.830000 -0.526220 3.830000 -0.526220
-1.630000 -0.500551 -1.630000 -0.500551
-1.587008 -0.500551 -1.587008 -0.500551
-1.544016 -0.500551 -1.544016 -0.500551
-1.501024 -0.500551 -1.501024 -0.500551
-1.458031 -0.500551 -1.458031 -0.500551
-1.415039 -0.500551 -1.415039 -0.500551
-1.372047 -0.500551 -1.372047 -0.500551
-1.329055 -0.500551 -1.329055 -0.500551
-1.286063 -0.500551 -1.286063 -0.500551
-1.243071 -0.500551 -1.243071 -0.500551
-1.200079 -0.500551 -1.200079 -0.500551
-1.157087 -0.500551 -1.157087 -0.500551
-1.114094 -0.500551 -1.114094 -0.500551
-1.071102 -0.500551 -1.071102 -0.500551
-1.028110 -0.500551 -1.028110 -0.500551
-0.985118 -0.500551 -0.985118 -0.500551
-0.942126 -0.500551 -0.942126 -0.500551
-0.899134 -0.500551 -0.899134 -0.500551
-0.856142 -0.500551 0.299672 0.225692
-0.813150 -0.500551 -0.332630 -0.198620
-0.770157 -0.500551 -0.276273 -0.190223
-0.727165 -0.500551 -0.470891 -0.339523
-0.684173 -0.500551 -0.425343 -0.337917
-0.641181 -0.500551 -0.535413 -0.434092
-0.598189 -0.500551 -0.510134 -0.412497
-0.555197 -0.500551 -0.467400 -0.412754
-0.512205 -0.500551 -0.450876 -0.439223
-0.469213 -0.500551 -0.401541 -0.432880
-0.426220 -0.500551 -0.358924 -0.433255
-0.383228 -0.500551 -0.449395 -0.605856
-0.340236 -0.500551 -0.406549 -0.606088
-0.297244 -0.500551 -0.363703 -0.606320
-0.254252 -0.500551 -0.059509 -0.190617
-0.211260 -0.500551 -0.091655 -0.158742
-0.168268 -0.500551 -0.049752 -0.161850
-0.125276 -0.500551 -0.007846 -0.164956
-0.082283 -0.500551 -0.042662 -0.148902
-0.039291 -0.500551 0.000205 -0.150010
0.003701 -0.500551 -0.035692 -0.150928
0.046693 -0.500551 0.007175 -0.149821
0.089685 -0.500551 0.050042 -0.148712
0.132677 -0.500551 0.232837 -0.786788
0.175669 -0.500551 0.276218 -0.787900
0.218661 -0.500551 0.319598 -0.789013
0.261654 -0.500551 0.425059 -0.760610
0.304646 -0.500551 0.371079 -0.606280
0.347638 -0.500551 0.413926 -0.606048
0.390630 -0.500551 0.456772 -0.605816
0.433622 -0.500551 0.458751 -0.525680
0.476614 -0.500551 0.501743 -0.525680
0.519606 -0.500551 0.494478 -0.475422
0.562598 -0.500551 0.474757 -0.412710
0.605591 -0.500551 0.517492 -0.412452
0.648583 -0.500551 0.387635 -0.336586
0.691575 -0.500551 0.433184 -0.338194
0.734567 -0.500551 0.478733 -0.339800
0.777559 -0.500551 0.285977 -0.191670
0.820551 -0.500551 0.342329 -0.200063
0.863543 -0.500551 0.863543 -0.500551
0.906535 -0.500551 0.906535 -0.500551
0.949528 -0.500551 0.949528 -0.500551
0.992520 -0.500551 0.992520 -0.500551
1.035512 -0.500551 1.035512 -0.500551
1.078504 -0.500551 1.078504 -0.500551
1.121496 -0.500551 1.121496 -0.500551
1.164488 -0.500551 1.164488 -0.500551
1.207480 -0.500551 1.207480 -0.500551
1.250472 -0.500551 1.250472 -0.500551
1.293465 -0.500551 1.293465 -0.500551
1.336457 -0.500551 1.336457 -0.500551
1.379449 -0.500551 1.857668 -0.200065
1.422441 -0.500551 1.914025 -0.191668
1.465433 -0.500551 1.721268 -0.339800
1.508425 -0.500551 1.766816 -0.338193
1.551417 -0.500551 1.812364 -0.336587
1.594409 -0.500551 1.682508 -0.412452
1.637402 -0.500551 1.725243 -0.412710
1.680394 -0.500551 1.705522 -0.475422
1.723386 -0.500551 1.698257 -0.525680
1.766378 -0.500551 1.741249 -0.525680
1.809370 -0.500551 1.743228 -0.605816
1.852362 -0.500551 1.786075 -0.606048
1.895354 -0.500551 1.828921 -0.606280
1.938346 -0.500551 1.774942 -0.760610
1.981339 -0.500551 1.880401 -0.789013
2.024331 -0.500551 1.923782 -0.787901
2.067323 -0.500551 1.967164 -0.786788
2.110315 -0.500551 2.149958 -0.148712
2.153307 -0.500551 2.192825 -0.149820
2.196299 -0.500551 2.235693 -0.150928
2.239291 -0.500551 2.199795 -0.150011
2.282283 -0.500551 2.242662 -0.148903
2.325276 -0.500551 2.207845 -0.164956
2.368268 -0.500551 2.249750 -0.161850
2.411260 -0.500551 2.291656 -0.158741
2.454252 -0.500551 2.259509 -0.190618
2.497244 -0.500551 2.563703 -0.606320
2.540236 -0.500551 2.606549 -0.606088
2.583228 -0.500551 2.649395 -0.605856
2.626220 -0.500551 2.713927 -0.588258
2.669213 -0.500551 2.694341 -0.525680
2.712205 -0.500551 2.687076 -0.475422
2.755197 -0.500551 2.667400 -0.412754
2.798189 -0.500551 2.710134 -0.412497
2.841181 -0.500551 2.735413 -0.434092
2.884173 -0.500551 2.625342 -0.337917
2.927165 -0.500551 2.670891 -0.339524
2.970157 -0.500551 2.476275 -0.190225
3.013150 -0.500551 2.532627 -0.198618
3.056142 -0.500551 1.526757 -0.460423
3.099134 -0.500551 3.099134 -0.500551
3.142126 -0.500551 3.142126 -0.500551
3.185118 -0.500551 3.185118 -0.500551
3.228110 -0.500551 3.228110 -0.500551
3.271102 -0.500551 3.271102 -0.500551
3.314094 -0.500551 3.314094 -0.500551
3.357087 -0.500551 3.357087 -0.500551
3.400079 -0.500551 3.400079 -0.500551
3.443071 -0.500551 3.443071 -0.500551
3.486063 -0.500551 3.486063 -0.500551
3.529055 -0.500551 3.529055 -0.500551
3.572047 -0.500551 3.572047 -0.500551
3.615039 -0.500551 3.615039 -0.500551
3.658031 -0.500551 3.658031 -0.500551
3.701024 -0.500551 3.701024 -0.500551
3.744016 -0.500551 3.744016 -0.500551
3.787008 -0.500551 3.787008 -0.500551
3.830000 -0.500551 3.830000 -0.500551
-1.630000 -0.474882 -1.630000 -0.474882
-1.587008 -0.474882 -1.587008 -0.474882
-1.544016 -0.474882 -1.544016 -0.474882
-1.501024 -0.474882 -1.501024 -0.474882
-1.458031 -0.474882 -1.458031 -0.474882
-1.415039 -0.474882 -1.415039 -0.474882
-1.372047 -0.474882 -1.372047 -0.474882
-1.329055 -0.474882 -1.329055 -0.474882
-1.286063 -0.474882 -1.286063 -0.474882
-1.243071 -0.474882 -1.243071 -0.474882
-1.200079 -0.474882 -1.200079 -0.474882
-1.157087 -0.474882 -1.157087 -0.474882
-1.114094 -0.474882 -1.114094 -0.474882
-1.071102 -0.474882 -1.071102 -0.474882
-1.028110 -0.474882 -1.028110 -0.474882
-0.985118 -0.474882 -0.985118 -0.474882
-0.942126 -0.474882 -0.942126 -0.474882
-0.899134 -0.474882 -0.899134 -0.474882
-0.813150 -0.474882 -0.327617 -0.169801
-0.770157 -0.474882 1.329500 0.844419
-0.727165 -0.474882 -0.469931 -0.313251
-0.684173 -0.474882 -0.424383 -0.311645
-0.641181 -0.474882 -0.535551 -0.408510
-0.598189 -0.474882 -0.499303 -0.400792
-0.555197 -0.474882 -0.494045 -0.413730
-0.512205 -0.474882 -0.450615 -0.413292
-0.469213 -0.474882 -0.401765 -0.407434
-0.426220 -0.474882 -0.359148 -0.407809
-0.383228 -0.474882 -0.316531 -0.408185
-0.340236 -0.474882 -0.406687 -0.580639
-0.297244 -0.474882 -0.102360 -0.164724
-0.254252 -0.474882 -0.062189 -0.169213
-0.211260 -0.474882 -0.093509 -0.138372
-0.168268 -0.474882 -0.051606 -0.141480
-0.125276 -0.474882 -0.009701 -0.144586
-0.082283 -0.474882 0.024627 0.473964
-0.039291 -0.474882 0.067619 0.473964
0.003701 -0.474882 -0.103208 0.473949
0.046693 -0.474882 -0.060216 0.473949
0.089685 -0.474882 -0.017227 0.473953
0.132677 -0.474882 0.232172 -0.759224
0.175669 -0.474882 0.275553 -0.760335
0.218661 -0.474882 0.318935 -0.761447
0.261654 -0.474882 0.424099 -0.733414
0.304646 -0.474882 0.468101 -0.735020
0.347638 -0.474882 0.414064 -0.580599
0.390630 -0.474882 0.478704 -0.562956
0.433622 -0.474882 0.521438 -0.562698
0.476614 -0.474882 0.501743 -0.500011
0.519606 -0.474882 0.494478 -0.449753
0.562598 -0.474882 0.474911 -0.387194
0.605591 -0.474882 0.500266 -0.408702
0.648583 -0.474882 0.542889 -0.408470
0.691575 -0.474882 0.432224 -0.311921
0.734567 -0.474882 0.477774 -0.313528
0.777559 -0.474882 0.280965 -0.162851
0.820551 -0.474882 0.337319 -0.171247
0.863543 -0.474882 1.159623 -0.660922
0.906535 -0.474882 0.906535 -0.474882
0.949528 -0.474882 0.949528 -0.474882
0.992520 -0.474882 0.992520 -0.474882
1.035512 -0.474882 1.035512 -0.474882
1.078504 -0.474882 1.078504 -0.474882
1.121496 -0.474882 1.121496 -0.474882
1.164488 -0.474882 1.164488 -0.474882
1.207480 -0.474882 1.207480 -0.474882
1.250472 -0.474882 1.250472 -0.474882
1.293465 -0.474882 1.293465 -0.474882
1.336457 -0.474882 0.633145 -0.276993
1.379449 -0.474882 1.862681 -0.171246
1.422441 -0.474882 1.919038 -0.162850
1.465433 -0.474882 1.722227 -0.313528
1.508425 -0.474882 1.767775 -0.311921
1.551417 -0.474882 1.657111 -0.408470
1.594409 -0.474882 1.699734 -0.408702
1.637402 -0.474882 1.725089 -0.387194
1.680394 -0.474882 1.705522 -0.449753
1.723386 -0.474882 1.698257 -0.500011
1.766378 -0.474882 1.678562 -0.562698
1.809370 -0.474882 1.721296 -0.562956
1.852362 -0.474882 1.785936 -0.580599
1.895354 -0.474882 1.731899 -0.735021
1.938346 -0.474882 1.775901 -0.733414
1.981339 -0.474882 1.881064 -0.761447
2.024331 -0.474882 1.924447 -0.760334
2.067323 -0.474882 1.967828 -0.759222
2.110315 -0.474882 2.378311 1.190027
2.153307 -0.474882 2.419376 1.179331
2.196299 -0.474882 2.460433 1.168674
2.239291 -0.474882 1.973549 1.177524
2.282283 -0.474882 2.014614 1.188220
2.325276 -0.474882 2.209700 -0.144584
2.368268 -0.474882 2.251605 -0.141478
2.411260 -0.474882 2.293510 -0.138372
2.454252 -0.474882 2.262188 -0.169213
2.497244 -0.474882 2.302360 -0.164725
2.540236 -0.474882 2.606688 -0.580639
2.583228 -0.474882 2.671346 -0.563000
2.626220 -0.474882 2.714081 -0.562742
2.669213 -0.474882 2.694341 -0.500011
2.712205 -0.474882 2.687076 -0.449753
2.755197 -0.474882 2.730068 -0.449753
2.798189 -0.474882 2.699303 -0.400792
2.841181 -0.474882 2.735551 -0.408510
2.884173 -0.474882 2.624383 -0.311644
2.927165 -0.474882 2.669932 -0.313252
2.970157 -0.474882 0.870475 0.844435
3.013150 -0.474882 2.527617 -0.169802
3.056142 -0.474882 1.332925 -0.474445
3.099134 -0.474882 3.099134 -0.474882
3.142126 -0.474882 3.142126 -0.474882
3.185118 -0.474882 3.185118 -0.474882
3.228110 -0.474882 3.228110 -0.474882
3.271102 -0.474882 3.271102 -0.474882
3.314094 -0.474882 3.314094 -0.474882
3.357087 -0.474882 3.357087 -0.474882
3.400079 -0.474882 3.400079 -0.474882
3.443071 -0.474882 3.443071 -0.474882
3.486063 -0.474882 3.486063 -0.474882
3.529055 -0.474882 3.529055 -0.474882
3.572047 -0.474882 3.572047 -0.474882
3.615039 -0.474882 3.615039 -0.474882
3.658031 -0.474882 3.658031 -0.474882
3.701024 -0.474882 3.701024 -0.474882
3.744016 -0.474882 3.744016 -0.474882
3.787008 -0.474882 3.787008 -0.474882
3.830000 -0.474882 3.830000 -0.474882
-1.630000 -0.449213 -1.630000 -0.449213
-1.587008 -0.449213 -1.587008 -0.449213
-1.544016 -0.449213 -1.544016 -0.449213
-1.501024 -0.449213 -1.501024 -0.449213
-1.458031 -0.449213 -1.458031 -0.449213
-1.415039 -0.449213 -1.415039 -0.449213
-1.372047 -0.449213 -1.372047 -0.449213
-1.329055 -0.449213 -1.329055 -0.449213
-1.286063 -0.449213 -1.286063 -0.449213
-1.243071 -0.449213 -1.243071 -0.449213
-1.200079 -0.449213 -1.200079 -0.449213
-1.157087 -0.449213 -1.157087 -0.449213
-1.114094 -0.449213 -1.114094 -0.449213
-1.071102 -0.449213 -1.071102 -0.449213
-1.028110 -0.449213 -1.028110 -0.449213
-0.985118 -0.449213 -0.985118 -0.449213
-0.942126 -0.449213 -0.942126 -0.449213
-0.899134 -0.449213 -0.899134 -0.449213
-0.856142 -0.449213 0.738841 0.454772
-0.813150 -0.449213 -0.322604 -0.140982
-0.770157 -0.449213 -0.514521 -0.288586
-0.727165 -0.449213 -0.468972 -0.286979
-0.684173 -0.449213 -0.423424 -0.285373
-0.641181 -0.449213 -0.535690 -0.382928
-0.598189 -0.449213 -0.493067 -0.383160
-0.555197 -0.449213 -0.493783 -0.387799
-0.512205 -0.449213 -0.444606 -0.381614
-0.469213 -0.449213 -0.401989 -0.381989
-0.426220 -0.449213 -0.359372 -0.382364
-0.383228 -0.449213 -0.316755 -0.382739
-0.340236 -0.449213 -0.145212 -0.138831
-0.297244 -0.449213 -0.105040 -0.143320
-0.254252 -0.449213 -0.064869 -0.147808
-0.211260 -0.449213 -0.095364 -0.118003
-0.168268 -0.449213 0.126286 0.392574
-0.125276 -0.449213 -0.020393 -0.149520
-0.082283 -0.449213 0.091116 1.089732
-0.039291 -0.449213 0.134320 1.091695
0.003701 -0.449213 -0.250229 1.804458
0.046693 -0.449213 -0.126889 1.091355
0.089685 -0.449213 -0.083667 1.089393
0.132677 -0.449213 0.324615 -0.997740
0.175669 -0.449213 0.369640 -1.003550
0.218661 -0.449213 0.379138 -0.704611
0.261654 -0.449213 0.423140 -0.706218
0.304646 -0.449213 0.467142 -0.707825
0.347638 -0.449213 0.511143 -0.709432
0.390630 -0.449213 0.478857 -0.537440
0.433622 -0.449213 0.521592 -0.537183
0.476614 -0.449213 0.564327 -0.536925
0.519606 -0.449213 0.544735 -0.474341
0.562598 -0.449213 0.543488 -0.416551
0.605591 -0.449213 0.500405 -0.383120
0.648583 -0.449213 0.543028 -0.382888
0.691575 -0.449213 0.431265 -0.285649
0.734567 -0.449213 0.476815 -0.287256
0.777559 -0.449213 0.522364 -0.288863
0.820551 -0.449213 0.332306 -0.142428
0.863543 -0.449213 82.075047 -5.774458
0.906535 -0.449213 0.906535 -0.449213
0.949528 -0.449213 0.949528 -0.449213
0.992520 -0.449213 0.992520 -0.449213
1.035512 -0.449213 1.035512 -0.449213
1.078504 -0.449213 1.078504 -0.449213
1.121496 -0.449213 1.121496 -0.449213
1.164488 -0.449213 1.164488 -0.449213
1.207480 -0.449213 1.207480 -0.449213
1.250472 -0.449213 1.250472 -0.449213
1.293465 -0.449213 1.293465 -0.449213
1.336457 -0.449213 1.325057 -0.056015
1.379449 -0.449213 1.867694 -0.142427
1.422441 -0.449213 1.677637 -0.288862
1.465433 -0.449213 1.723186 -0.287256
1.508425 -0.449213 1.768734 -0.285649
1.551417 -0.449213 1.656972 -0.382888
1.594409 -0.449213 1.699595 -0.383120
1.637402 -0.449213 1.656512 -0.416551
1.680394 -0.449213 1.655265 -0.474341
1.723386 -0.449213 1.635673 -0.536925
1.766378 -0.449213 1.678408 -0.537183
1.809370 -0.449213 1.721143 -0.537440
1.852362 -0.449213 1.688856 -0.709431
1.895354 -0.449213 1.732858 -0.707825
1.938346 -0.449213 1.776860 -0.706218
1.981339 -0.449213 1.820862 -0.704611
2.024331 -0.449213 2.814990 1.031724
2.067323 -0.449213 2.841207 1.004403
2.110315 -0.449213 2.368096 1.149395
2.153307 -0.449213 2.409154 1.138736
2.196299 -0.449213 2.450218 1.128041
2.239291 -0.449213 1.983765 1.136891
2.282283 -0.449213 2.024847 1.147553
2.325276 -0.449213 1.554295 0.999666
2.368268 -0.449213 1.580513 1.026987
2.411260 -0.449213 2.295365 -0.118002
2.454252 -0.449213 2.264868 -0.147809
2.497244 -0.449213 2.305040 -0.143319
2.540236 -0.449213 2.345212 -0.138831
2.583228 -0.449213 2.671500 -0.537484
2.626220 -0.449213 2.714235 -0.537227
2.669213 -0.449213 2.756969 -0.536969
2.712205 -0.449213 2.737333 -0.474341
2.755197 -0.449213 2.730068 -0.424084
2.798189 -0.449213 2.693067 -0.383160
2.841181 -0.449213 2.735690 -0.382928
2.884173 -0.449213 2.623423 -0.285372
2.927165 -0.449213 2.668972 -0.286979
2.970157 -0.449213 2.714522 -0.288586
3.013150 -0.449213 2.522604 -0.140983
3.056142 -0.449213 1.461156 0.454772
3.099134 -0.449213 3.099134 -0.449213
3.142126 -0.449213 3.142126 -0.449213
3.185118 -0.449213 3.185118 -0.449213
3.228110 -0.449213 3.228110 -0.449213
3.271102 -0.449213 3.271102 -0.449213
3.314094 -0.449213 3.314094 -0.449213
3.357087 -0.449213 3.357087 -0.449213
3.400079 -0.449213 3.400079 -0.449213
3.443071 -0.449213 3.443071 -0.449213
3.486063 -0.449213 3.486063 -0.449213
3.529055 -0.449213 3.529055 -0.449213
3.572047 -0.449213 3.572047 -0.449213
3.615039 -0.449213 3.615039 -0.449213
3.658031 -0.449213 3.658031 -0.449213
3.701024 -0.449213 3.701024 -0.449213
3.744016 -0.449213 3.744016 -0.449213
3.787008 -0.449213 3.787008 -0.449213
3.830000 -0.449213 3.830000 -0.449213
-1.630000 -0.423543 -1.630000 -0.423543
-1.587008 -0.423543 -1.587008 -0.423543
-1.544016 -0.423543 -1.544016 -0.423543
-1.501024 -0.423543 -1.501024 -0.423543
-1.458031 -0.423543 -1.458031 -0.423543
-1.415039 -0.423543 -1.415039 -0.423543
-1.372047 -0.423543 -1.372047 -0.423543
-1.329055 -0.423543 -1.329055 -0.423543
-1.286063 -0.423543 -1.286063 -0.423543
-1.243071 -0.423543 -1.243071 -0.423543
-1.200079 -0.423543 -1.200079 -0.423543
-1.157087 -0.423543 -1.157087 -0.423543
-1.114094 -0.423543 -1.114094 -0.423543
-1.071102 -0.423543 -1.071102 -0.423543
-1.028110 -0.423543 -1.028110 -0.423543
-0.985118 -0.423543 -0.985118 -0.423543
-0.942126 -0.423543 -0.942126 -0.423543
-0.899134 -0.423543 5.022495 0.505244
-0.856142 -0.423543 -0.367949 -0.135772
-0.813150 -0.423543 -0.317588 -0.112162
-0.770157 -0.423543 -0.513562 -0.262314
-0.727165 -0.423543 -0.468014 -0.260707
-0.684173 -0.423543 -0.578451 -0.357114
-0.641181 -0.423543 -0.535829 -0.357346
-0.598189 -0.423543 -0.493205 -0.357578
-0.555197 -0.423543 -0.474021 -0.372537
-0.512205 -0.423543 -0.444830 -0.356169
-0.469213 -0.423543 -0.402213 -0.356544
-0.426220 -0.423543 -0.359596 -0.356919
-0.383228 -0.423543 -0.122536 -0.162851
-0.340236 -0.423543 -0.084525 -0.167832
-0.297244 -0.423543 -0.107719 -0.121915
-0.254252 -0.423543 -0.067548 -0.126404
-0.211260 -0.423543 0.251951 0.313688
-0.168268 -0.423543 0.267455 0.821684
-0.125276 -0.423543 0.617092 1.697995
-0.082283 -0.423543 0.164950 1.770690
-0.039291 -0.423543 0.206008 1.753629
0.003701 -0.423543 -0.239997 1.739416
0.046693 -0.423543 -0.198933 1.756525
0.089685 -0.423543 -0.157868 1.773634
0.132677 -0.423543 0.321146 -0.962157
0.175669 -0.423543 0.366172 -0.967962
0.218661 -0.423543 0.529488 -0.918225
0.261654 -0.423543 0.422181 -0.679023
0.304646 -0.423543 0.466182 -0.680629
0.347638 -0.423543 0.563775 -0.639681
0.390630 -0.423543 0.608550 -0.641464
0.433622 -0.423543 0.521746 -0.511667
0.476614 -0.423543 0.564480 -0.511410
0.519606 -0.423543 0.544735 -0.448672
0.562598 -0.423543 0.532508 -0.404636
0.605591 -0.423543 0.500543 -0.357538
0.648583 -0.423543 0.543166 -0.357306
0.691575 -0.423543 0.430306 -0.259377
0.734567 -0.423543 0.475855 -0.260983
0.777559 -0.423543 0.521404 -0.262591
0.820551 -0.423543 0.327293 -0.113609
0.863543 -0.423543 0.377580 -0.137257
0.906535 -0.423543 0.906535 -0.423543
0.949528 -0.423543 0.949528 -0.423543
0.992520 -0.423543 0.992520 -0.423543
1.035512 -0.423543 1.035512 -0.423543
1.078504 -0.423543 1.078504 -0.423543
1.121496 -0.423543 1.121496 -0.423543
1.164488 -0.423543 1.164488 -0.423543
1.207480 -0.423543 1.207480 -0.423543
1.250472 -0.423543 1.250472 -0.423543
1.293465 -0.423543 1.293465 -0.423543
1.336457 -0.423543 1.822420 -0.137256
1.379449 -0.423543 1.872706 -0.113608
1.422441 -0.423543 1.678596 -0.262590
1.465433 -0.423543 1.724145 -0.260984
1.508425 -0.423543 1.769693 -0.259377
1.551417 -0.423543 1.656834 -0.357306
1.594409 -0.423543 1.699457 -0.357538
1.637402 -0.423543 1.667492 -0.404636
1.680394 -0.423543 1.655265 -0.448672
1.723386 -0.423543 1.635520 -0.511410
1.766378 -0.423543 1.678254 -0.511667
1.809370 -0.423543 1.591450 -0.641464
1.852362 -0.423543 1.636225 -0.639681
1.895354 -0.423543 1.733817 -0.680629
1.938346 -0.423543 1.777820 -0.679022
1.981339 -0.423543 1.670512 -0.918225
2.024331 -0.423543 2.786366 0.999734
2.067323 -0.423543 2.812578 0.972372
2.110315 -0.423543 2.357880 1.108763
2.153307 -0.423543 2.398938 1.098103
2.196299 -0.423543 2.440003 1.087408
2.239291 -0.423543 1.993998 1.096225
2.282283 -0.423543 2.035062 1.106921
2.325276 -0.423543 1.582919 0.967677
2.368268 -0.423543 1.609107 0.995026
2.411260 -0.423543 1.158564 0.629881
2.454252 -0.423543 2.267548 -0.126403
2.497244 -0.423543 2.307720 -0.121915
2.540236 -0.423543 2.284525 -0.167832
2.583228 -0.423543 2.322536 -0.162851
2.626220 -0.423543 2.714389 -0.511711
2.669213 -0.423543 2.757123 -0.511454
2.712205 -0.423543 2.737333 -0.448672
2.755197 -0.423543 2.674020 -0.372537
2.798189 -0.423543 2.693205 -0.357578
2.841181 -0.423543 2.735828 -0.357346
2.884173 -0.423543 2.778451 -0.357114
2.927165 -0.423543 2.668013 -0.260707
2.970157 -0.423543 2.713562 -0.262313
3.013150 -0.423543 2.517591 -0.112164
3.056142 -0.423543 2.567949 -0.135773
3.099134 -0.423543 1.485287 -0.424149
3.142126 -0.423543 3.142126 -0.423543
3.185118 -0.423543 3.185118 -0.423543
3.228110 -0.423543 3.228110 -0.423543
3.271102 -0.423543 3.271102 -0.423543
3.314094 -0.423543 3.314094 -0.423543
3.357087 -0.423543 3.357087 -0.423543
3.400079 -0.423543 3.400079 -0.423543
3.443071 -0.423543 3.443071 -0.423543
3.486063 -0.423543 3.486063 -0.423543
3.529055 -0.423543 3.529055 -0.423543
3.572047 -0.423543 3.572047 -0.423543
3.615039 -0.423543 3.615039 -0.423543
3.658031 -0.423543 3.658031 -0.423543
3.701024 -0.423543 3.701024 -0.423543
3.744016 -0.423543 3.744016 -0.423543
3.787008 -0.423543 3.787008 -0.423543
3.830000 -0.423543 3.830000 -0.423543
-1.630000 -0.397874 -1.630000 -0.397874
-1.587008 -0.397874 -1.587008 -0.397874
-1.544016 -0.397874 -1.544016 -0.397874
-1.501024 -0.397874 -1.501024 -0.397874
-1.458031 -0.397874 -1.458031 -0.397874
-1.415039 -0.397874 -1.415039 -0.397874
-1.372047 -0.397874 -1.372047 -0.397874
-1.329055 -0.397874 -1.329055 -0.397874
-1.286063 -0.397874 -1.286063 -0.397874
-1.243071 -0.397874 -1.243071 -0.397874
-1.200079 -0.397874 -1.200079 -0.397874
-1.157087 -0.397874 -1.157087 -0.397874
-1.114094 -0.397874 -1.114094 -0.397874
-1.071102 -0.397874 -1.071102 -0.397874
-1.028110 -0.397874 -1.028110 -0.397874
-0.985118 -0.397874 -0.985118 -0.397874
-0.942126 -0.397874 -0.942126 -0.397874
-0.856142 -0.397874 -0.322348 -0.194189
-0.813150 -0.397874 -0.553169 -0.248460
-0.770157 -0.397874 -0.512603 -0.236042
-0.727165 -0.397874 -0.467055 -0.234435
-0.684173 -0.397874 -0.578590 -0.331532
-0.641181 -0.397874 -0.535967 -0.331764
-0.598189 -0.397874 -0.524787 -0.351752
-0.555197 -0.397874 -0.474222 -0.346994
-0.512205 -0.397874 -0.431768 -0.347332
-0.469213 -0.397874 -0.402437 -0.331098
-0.426220 -0.397874 -0.359820 -0.331473
-0.383228 -0.397874 -0.125510 -0.140156
-0.340236 -0.397874 -0.087499 -0.145137
-0.297244 -0.397874 -0.110400 -0.100511
-0.254252 -0.397874 0.210455 0.341738
-0.211260 -0.397874 0.473310 0.691624
-0.168268 -0.397874 0.562251 1.689803
-0.125276 -0.397874 -0.003214 -0.049047
-0.082283 -0.397874 -0.043780 -0.056133
-0.039291 -0.397874 -0.001908 -0.066099
0.003701 -0.397874 0.003701 -0.397874
0.046693 -0.397874 0.009116 -0.064375
0.089685 -0.397874 0.050986 -0.054420
0.132677 -0.397874 0.008930 -0.044229
0.175669 -0.397874 0.362703 -0.932379
0.218661 -0.397874 0.524475 -0.884578
0.261654 -0.397874 0.572743 -0.892973
0.304646 -0.397874 0.465223 -0.653433
0.347638 -0.397874 0.562710 -0.612947
0.390630 -0.397874 0.607486 -0.614730
0.433622 -0.397874 0.521900 -0.486151
0.476614 -0.397874 0.564634 -0.485894
0.519606 -0.397874 0.624668 -0.463889
0.562598 -0.397874 0.592689 -0.416781
0.605591 -0.397874 0.575500 -0.378967
0.648583 -0.397874 0.543305 -0.331723
0.691575 -0.397874 0.585928 -0.331491
0.734567 -0.397874 0.474896 -0.234711
0.777559 -0.397874 0.520445 -0.236318
0.820551 -0.397874 0.316262 -0.099463
0.906535 -0.397874 1.230231 -0.511140
0.949528 -0.397874 0.949528 -0.397874
0.992520 -0.397874 0.992520 -0.397874
1.035512 -0.397874 1.035512 -0.397874
1.078504 -0.397874 1.078504 -0.397874
1.121496 -0.397874 1.121496 -0.397874
1.164488 -0.397874 1.164488 -0.397874
1.207480 -0.397874 1.207480 -0.397874
1.250472 -0.397874 1.250472 -0.397874
1.293465 -0.397874 1.156350 -0.928570
1.336457 -0.397874 1.867287 -0.195153
1.379449 -0.397874 1.883742 -0.099462
1.422441 -0.397874 1.679556 -0.236318
1.465433 -0.397874 1.725105 -0.234712
1.508425 -0.397874 1.614072 -0.331492
1.551417 -0.397874 1.656695 -0.331724
1.594409 -0.397874 1.624500 -0.378967
1.637402 -0.397874 1.607311 -0.416781
1.680394 -0.397874 1.575332 -0.463889
1.723386 -0.397874 1.635366 -0.485894
1.766378 -0.397874 1.678100 -0.486151
1.809370 -0.397874 1.592514 -0.614730
1.852362 -0.397874 1.637290 -0.612947
1.895354 -0.397874 1.734777 -0.653433
1.938346 -0.397874 1.627257 -0.892973
1.981339 -0.397874 1.675525 -0.884577
2.024331 -0.397874 2.757743 0.967744
2.067323 -0.397874 2.191065 -0.044244
2.110315 -0.397874 2.149012 -0.054420
2.153307 -0.397874 2.190883 -0.064385
2.196299 -0.397874 2.196299 -0.397874
2.239291 -0.397874 2.201907 -0.066089
2.282283 -0.397874 2.243778 -0.056134
2.325276 -0.397874 2.203209 -0.049032
2.368268 -0.397874 1.637731 0.963036
2.411260 -0.397874 1.199926 0.613770
2.454252 -0.397874 1.199390 0.641561
2.497244 -0.397874 2.310400 -0.100510
2.540236 -0.397874 2.287499 -0.145137
2.583228 -0.397874 2.325510 -0.140156
2.626220 -0.397874 2.714542 -0.486196
2.669213 -0.397874 2.757277 -0.485938
2.712205 -0.397874 2.631768 -0.347332
2.755197 -0.397874 2.674222 -0.346994
2.798189 -0.397874 2.724787 -0.351752
2.841181 -0.397874 2.735967 -0.331763
2.884173 -0.397874 2.778590 -0.331531
2.927165 -0.397874 2.667054 -0.234435
2.970157 -0.397874 2.712603 -0.236041
3.013150 -0.397874 2.753169 -0.248459
3.056142 -0.397874 2.522348 -0.194188
3.099134 -0.397874 -1.047775 -1.400702
3.142126 -0.397874 3.142126 -0.397874
3.185118 -0.397874 3.185118 -0.397874
3.228110 -0.397874 3.228110 -0.397874
3.271102 -0.397874 3.271102 -0.397874
3.314094 -0.397874 3.314094 -0.397874
3.357087 -0.397874 3.357087 -0.397874
3.400079 -0.397874 3.400079 -0.397874
3.443071 -0.397874 3.443071 -0.397874
3.486063 -0.397874 3.486063 -0.397874
3.529055 -0.397874 3.529055 -0.397874
3.572047 -0.397874 3.572047 -0.397874
3.615039 -0.397874 3.615039 -0.397874
3.658031 -0.397874 3.658031 -0.397874
3.701024 -0.397874 3.701024 -0.397874
3.744016 -0.397874 3.744016 -0.397874
3.787008 -0.397874 3.787008 -0.397874
3.830000 -0.397874 3.830000 -0.397874
-1.630000 -0.372205 -1.630000 -0.372205
-1.587008 -0.372205 -1.587008 -0.372205
-1.544016 -0.372205 -1.544016 -0.372205
-1.501024 -0.372205 -1.501024 -0.372205
-1.458031 -0.372205 -1.458031 -0.372205
-1.415039 -0.372205 -1.415039 -0.372205
-1.372047 -0.372205 -1.372047 -0.372205
-1.329055 -0.372205 -1.329055 -0.372205
-1.286063 -0.372205 -1.286063 -0.372205
-1.243071 -0.372205 -1.243071 -0.372205
-1.200079 -0.372205 -1.200079 -0.372205
-1.157087 -0.372205 -1.157087 -0.372205
-1.114094 -0.372205 -1.114094 -0.372205
-1.071102 -0.372205 -1.071102 -0.372205
-1.028110 -0.372205 -1.028110 -0.372205
-0.985118 -0.372205 -0.985118 -0.372205
-0.942126 -0.372205 -0.942126 -0.372205
-0.899134 -0.372205 -0.371801 -0.187684
-0.856142 -0.372205 -0.310746 -0.181364
-0.813150 -0.372205 -0.528128 -0.272472
-0.770157 -0.372205 -0.506727 -0.220315
-0.727165 -0.372205 -0.466096 -0.208163
-0.684173 -0.372205 -0.578728 -0.305949
-0.641181 -0.372205 -0.536106 -0.306181
-0.598189 -0.372205 -0.524551 -0.325935
-0.555197 -0.372205 -0.474424 -0.321452
-0.512205 -0.372205 -0.431969 -0.321790
-0.469213 -0.372205 -0.389515 -0.322128
-0.426220 -0.372205 -0.166495 -0.112479
-0.383228 -0.372205 -0.128484 -0.117461
-0.340236 -0.372205 -0.090474 -0.122442
-0.297244 -0.372205 0.412262 0.083604
-0.254252 -0.372205 0.433567 0.722465
-0.211260 -0.372205 0.958711 1.489808
-0.168268 -0.372205 -0.053101 -0.043080
-0.125276 -0.372205 -0.125276 -0.372205
-0.082283 -0.372205 -0.082283 -0.372205
-0.039291 -0.372205 -0.039291 -0.372205
0.003701 -0.372205 0.003701 -0.372205
0.046693 -0.372205 0.046693 -0.372205
0.089685 -0.372205 0.089685 -0.372205
0.132677 -0.372205 0.132677 -0.372205
0.175669 -0.372205 0.058825 -0.038277
0.218661 -0.372205 0.519462 -0.850930
0.261654 -0.372205 0.567730 -0.859326
0.304646 -0.372205 0.718875 -0.786434
0.347638 -0.372205 0.561646 -0.586213
0.390630 -0.372205 0.606421 -0.587996
0.433622 -0.372205 0.651196 -0.589779
0.476614 -0.372205 0.582184 -0.438538
0.519606 -0.372205 0.624807 -0.438306
0.562598 -0.372205 0.592689 -0.391112
0.605591 -0.372205 0.575500 -0.353298
0.648583 -0.372205 0.543443 -0.306141
0.691575 -0.372205 0.586066 -0.305909
0.734567 -0.372205 0.473937 -0.208439
0.777559 -0.372205 0.495111 -0.261105
0.820551 -0.372205 0.536077 -0.272663
0.906535 -0.372205 1.246886 -0.491298
0.949528 -0.372205 0.949528 -0.372205
0.992520 -0.372205 0.992520 -0.372205
1.035512 -0.372205 1.035512 -0.372205
1.078504 -0.372205 1.078504 -0.372205
1.121496 -0.372205 1.121496 -0.372205
1.164488 -0.372205 1.164488 -0.372205
1.207480 -0.372205 1.207480 -0.372205
1.250472 -0.372205 1.250472 -0.372205
1.293465 -0.372205 1.628051 -0.423383
1.336457 -0.372205 1.878994 -0.182364
1.379449 -0.372205 1.663923 -0.272664
1.422441 -0.372205 1.704889 -0.261105
1.465433 -0.372205 1.726064 -0.208440
1.508425 -0.372205 1.613934 -0.305909
1.551417 -0.372205 1.656556 -0.306141
1.594409 -0.372205 1.624500 -0.353298
1.637402 -0.372205 1.607311 -0.391112
1.680394 -0.372205 1.575193 -0.438306
1.723386 -0.372205 1.617816 -0.438538
1.766378 -0.372205 1.548804 -0.589779
1.809370 -0.372205 1.593579 -0.587996
1.852362 -0.372205 1.638354 -0.586213
1.895354 -0.372205 1.481125 -0.786434
1.938346 -0.372205 1.632270 -0.859326
1.981339 -0.372205 1.680537 -0.850931
2.024331 -0.372205 2.141178 -0.038277
2.067323 -0.372205 2.067323 -0.372205
2.110315 -0.372205 2.110315 -0.372205
2.153307 -0.372205 2.153307 -0.372205
2.196299 -0.372205 2.196299 -0.372205
2.239291 -0.372205 2.239291 -0.372205
2.282283 -0.372205 2.282283 -0.372205
2.325276 -0.372205 2.325276 -0.372205
2.368268 -0.372205 2.253104 -0.043079
2.411260 -0.372205 1.241288 0.597660
2.454252 -0.372205 1.240752 0.625451
2.497244 -0.372205 3.286402 1.161363
2.540236 -0.372205 2.290474 -0.122442
2.583228 -0.372205 2.328484 -0.117461
2.626220 -0.372205 2.366495 -0.112479
2.669213 -0.372205 2.589515 -0.322127
2.712205 -0.372205 2.631969 -0.321790
2.755197 -0.372205 2.674424 -0.321452
2.798189 -0.372205 2.724551 -0.325935
2.841181 -0.372205 2.736105 -0.306181
2.884173 -0.372205 2.778728 -0.305949
2.927165 -0.372205 2.666095 -0.208163
2.970157 -0.372205 2.706727 -0.220314
3.013150 -0.372205 2.728129 -0.272472
3.056142 -0.372205 2.510746 -0.181363
3.099134 -0.372205 2.571803 -0.187685
3.142126 -0.372205 3.142126 -0.372205
3.185118 -0.372205 3.185118 -0.372205
3.228110 -0.372205 3.228110 -0.372205
3.271102 -0.372205 3.271102 -0.372205
3.314094 -0.372205 3.314094 -0.372205
3.357087 -0.372205 3.357087 -0.372205
3.400079 -0.372205 3.400079 -0.372205
3.443071 -0.372205 3.443071 -0.372205
3.486063 -0.372205 3.486063 -0.372205
3.529055 -0.372205 3.529055 -0.372205
3.572047 -0.372205 3.572047 -0.372205
3.615039 -0.372205 3.615039 -0.372205
3.658031 -0.372205 3.658031 -0.372205
3.701024 -0.372205 3.701024 -0.372205
3.744016 -0.372205 3.744016 -0.372205
3.787008 -0.372205 3.787008 -0.372205
3.830000 -0.372205 3.830000 -0.372205
-1.630000 -0.346535 -1.630000 -0.346535
-1.587008 -0.346535 -1.587008 -0.346535
-1.544016 -0.346535 -1.544016 -0.346535
-1.501024 -0.346535 -1.501024 -0.346535
-1.458031 -0.346535 -1.458031 -0.346535
-1.415039 -0.346535 -1.415039 -0.346535
-1.372047 -0.346535 -1.372047 -0.346535
-1.329055 -0.346535 -1.329055 -0.346535
-1.286063 -0.346535 -1.286063 -0.346535
-1.243071 -0.346535 -1.243071 -0.346535
-1.200079 -0.346535 -1.200079 -0.346535
-1.157087 -0.346535 -1.157087 -0.346535
-1.114094 -0.346535 -1.114094 -0.346535
-1.071102 -0.346535 -1.071102 -0.346535
-1.028110 -0.346535 -1.028110 -0.346535
-0.985118 -0.346535 -0.985118 -0.346535
-0.942126 -0.346535 -0.942126 -0.346535
-0.899134 -0.346535 0.843498 0.263236
-0.856142 -0.346535 -0.307277 -0.154481
-0.813150 -0.346535 -0.527465 -0.246571
-0.770157 -0.346535 -0.481295 -0.245459
-0.727165 -0.346535 -0.613884 -0.295992
-0.684173 -0.346535 -0.578867 -0.280367
-0.641181 -0.346535 -0.567936 -0.300512
-0.598189 -0.346535 -0.517080 -0.295571
-0.555197 -0.346535 -0.474626 -0.295909
-0.512205 -0.346535 -0.432171 -0.296247
-0.469213 -0.346535 -0.389717 -0.296585
-0.426220 -0.346535 -0.169469 -0.089784
-0.383228 -0.346535 -0.131459 -0.094766
-0.340236 -0.346535 -0.093448 -0.099747
-0.297244 -0.346535 0.635118 0.585827
-0.254252 -0.346535 0.917885 1.518925
-0.211260 -0.346535 -0.026935 -0.053182
-0.168268 -0.346535 -0.168268 -0.346535
-0.125276 -0.346535 -0.125276 -0.346535
-0.082283 -0.346535 -0.082283 -0.346535
-0.039291 -0.346535 -0.039291 -0.346535
0.003701 -0.346535 0.003701 -0.346535
0.046693 -0.346535 0.046693 -0.346535
0.089685 -0.346535 0.089685 -0.346535
0.132677 -0.346535 0.132677 -0.346535
0.175669 -0.346535 0.175669 -0.346535
0.218661 -0.346535 0.518755 -0.824134
0.261654 -0.346535 0.562717 -0.825679
0.304646 -0.346535 0.713311 -0.755201
0.347638 -0.346535 0.560581 -0.559479
0.390630 -0.346535 0.605356 -0.561262
0.433622 -0.346535 0.650132 -0.563045
0.476614 -0.346535 0.582322 -0.412956
0.519606 -0.346535 0.624945 -0.412724
0.562598 -0.346535 0.592689 -0.365442
0.605591 -0.346535 0.575500 -0.327628
0.648583 -0.346535 0.543582 -0.280559
0.691575 -0.346535 0.586205 -0.280327
0.734567 -0.346535 0.616678 -0.305284
0.777559 -0.346535 0.489244 -0.245650
0.820551 -0.346535 0.535413 -0.246762
0.863543 -0.346535 1.637244 1.596583
0.906535 -0.346535 2.796526 -0.775228
0.949528 -0.346535 0.949528 -0.346535
0.992520 -0.346535 0.992520 -0.346535
1.035512 -0.346535 1.035512 -0.346535
1.078504 -0.346535 1.078504 -0.346535
1.121496 -0.346535 1.121496 -0.346535
1.164488 -0.346535 1.164488 -0.346535
1.207480 -0.346535 1.207480 -0.346535
1.250472 -0.346535 1.250472 -0.346535
1.293465 -0.346535 1.348910 -0.327134
1.336457 -0.346535 1.882463 -0.155481
1.379449 -0.346535 1.664587 -0.246762
1.422441 -0.346535 1.710756 -0.245650
1.465433 -0.346535 1.583323 -0.305284
1.508425 -0.346535 1.613795 -0.280327
1.551417 -0.346535 1.656418 -0.280559
1.594409 -0.346535 1.624500 -0.327628
1.637402 -0.346535 1.607311 -0.365442
1.680394 -0.346535 1.575055 -0.412724
1.723386 -0.346535 1.617678 -0.412956
1.766378 -0.346535 1.549868 -0.563045
1.809370 -0.346535 1.594644 -0.561262
1.852362 -0.346535 1.639419 -0.559479
1.895354 -0.346535 1.486689 -0.755201
1.938346 -0.346535 1.637283 -0.825679
1.981339 -0.346535 1.681245 -0.824134
2.024331 -0.346535 2.024331 -0.346535
2.067323 -0.346535 2.067323 -0.346535
2.110315 -0.346535 2.110315 -0.346535
2.153307 -0.346535 2.153307 -0.346535
2.196299 -0.346535 2.196299 -0.346535
2.239291 -0.346535 2.239291 -0.346535
2.282283 -0.346535 2.282283 -0.346535
2.325276 -0.346535 2.325276 -0.346535
2.368268 -0.346535 2.368268 -0.346535
2.411260 -0.346535 2.226934 -0.053181
2.454252 -0.346535 1.282114 0.609341
2.497244 -0.346535 1.564882 -0.585827
2.540236 -0.346535 2.293448 -0.099747
2.583228 -0.346535 2.331459 -0.094766
2.626220 -0.346535 2.369469 -0.089784
2.669213 -0.346535 2.589717 -0.296585
2.712205 -0.346535 2.632171 -0.296247
2.755197 -0.346535 2.674626 -0.295909
2.798189 -0.346535 2.717080 -0.295571
2.841181 -0.346535 2.767936 -0.300512
2.884173 -0.346535 2.778867 -0.280367
2.927165 -0.346535 2.813884 -0.295992
2.970157 -0.346535 2.681295 -0.245459
3.013150 -0.346535 2.727465 -0.246570
3.056142 -0.346535 2.507278 -0.154481
3.099134 -0.346535 1.356507 0.263234
3.142126 -0.346535 3.142126 -0.346535
3.185118 -0.346535 3.185118 -0.346535
3.228110 -0.346535 3.228110 -0.346535
3.271102 -0.346535 3.271102 -0.346535
3.314094 -0.346535 3.314094 -0.346535
3.357087 -0.346535 3.357087 -0.346535
3.400079 -0.346535 3.400079 -0.346535
3.443071 -0.346535 3.443071 -0.346535
3.486063 -0.346535 3.486063 -0.346535
3.529055 -0.346535 3.529055 -0.346535
3.572047 -0.346535 3.572047 -0.346535
3.615039 -0.346535 3.615039 -0.346535
3.658031 -0.346535 3.658031 -0.346535
3.701024 -0.346535 3.701024 -0.346535
3.744016 -0.346535 3.744016 -0.346535
3.787008 -0.346535 3.787008 -0.346535
3.830000 -0.346535 3.830000 -0.346535
-1.630000 -0.320866 -1.630000 -0.320866
-1.587008 -0.320866 -1.587008 -0.320866
-1.544016 -0.320866 -1.544016 -0.320866
-1.501024 -0.320866 -1.501024 -0.320866
-1.458031 -0.320866 -1.458031 -0.320866
-1.415039 -0.320866 -1.415039 -0.320866
-1.372047 -0.320866 -1.372047 -0.320866
-1.329055 -0.320866 -1.329055 -0.320866
-1.286063 -0.320866 -1.286063 -0.320866
-1.243071 -0.320866 -1.243071 -0.320866
-1.200079 -0.320866 -1.200079 -0.320866
-1.157087 -0.320866 -1.157087 -0.320866
-1.114094 -0.320866 -1.114094 -0.320866
-1.071102 -0.320866 -1.071102 -0.320866
-1.028110 -0.320866 -1.028110 -0.320866
-0.985118 -0.320866 -0.985118 -0.320866
-0.942126 -0.320866 -0.942126 -0.320866
-0.899134 -0.320866 -0.363405 -0.133408
-0.856142 -0.320866 -0.303807 -0.127597
-0.813150 -0.320866 -0.526801 -0.220669
-0.770157 -0.320866 -0.480632 -0.219557
-0.727165 -0.320866 -0.609451 -0.279676
-0.684173 -0.320866 -0.566918 -0.279837
-0.641181 -0.320866 -0.567700 -0.274695
-0.598189 -0.320866 -0.517282 -0.270029
-0.555197 -0.320866 -0.474828 -0.270367
-0.512205 -0.320866 -0.432373 -0.270705
-0.469213 -0.320866 -0.157532 -0.125025
-0.426220 -0.320866 -0.121681 -0.129513
-0.383228 -0.320866 -0.134433 -0.072071
-0.340236 -0.320866 0.677327 0.696697
-0.297244 -0.320866 1.281815 1.258193
-0.254252 -0.320866 -0.068666 -0.025506
-0.211260 -0.320866 -0.211260 -0.320866
-0.168268 -0.320866 -0.168268 -0.320866
-0.125276 -0.320866 -0.125276 -0.320866
-0.082283 -0.320866 -0.082283 -0.320866
-0.039291 -0.320866 -0.039291 -0.320866
0.003701 -0.320866 0.003701 -0.320866
0.046693 -0.320866 0.046693 -0.320866
0.089685 -0.320866 0.089685 -0.320866
0.132677 -0.320866 0.132677 -0.320866
0.175669 -0.320866 0.175669 -0.320866
0.218661 -0.320866 0.218661 -0.320866
0.261654 -0.320866 0.657468 -0.716680
0.304646 -0.320866 0.707747 -0.723968
0.347638 -0.320866 0.760058 -0.733286
0.390630 -0.320866 0.604292 -0.534528
0.433622 -0.320866 0.691913 -0.483161
0.476614 -0.320866 0.737462 -0.484767
0.519606 -0.320866 0.625084 -0.387142
0.562598 -0.320866 0.667706 -0.386910
0.605591 -0.320866 0.635681 -0.339773
0.648583 -0.320866 0.618492 -0.301959
0.691575 -0.320866 0.574241 -0.279809
0.734567 -0.320866 0.616774 -0.279649
0.777559 -0.320866 0.488580 -0.219748
0.820551 -0.320866 0.534749 -0.220860
0.863543 -0.320866 3.212459 0.215356
0.906535 -0.320866 3.293766 0.148807
0.949528 -0.320866 0.949528 -0.320866
0.992520 -0.320866 0.992520 -0.320866
1.035512 -0.320866 1.035512 -0.320866
1.078504 -0.320866 1.078504 -0.320866
1.121496 -0.320866 1.121496 -0.320866
1.164488 -0.320866 1.164488 -0.320866
1.207480 -0.320866 1.207480 -0.320866
1.250472 -0.320866 1.250472 -0.320866
1.293465 -0.320866 1.826335 -0.134408
1.336457 -0.320866 1.885932 -0.128598
1.379449 -0.320866 1.665251 -0.220860
1.422441 -0.320866 1.711420 -0.219749
1.465433 -0.320866 1.583227 -0.279649
1.508425 -0.320866 1.625759 -0.279809
1.551417 -0.320866 1.581508 -0.301959
1.594409 -0.320866 1.564319 -0.339773
1.637402 -0.320866 1.532294 -0.386910
1.680394 -0.320866 1.574916 -0.387142
1.723386 -0.320866 1.462538 -0.484767
1.766378 -0.320866 1.508086 -0.483160
1.809370 -0.320866 1.595708 -0.534528
1.852362 -0.320866 1.439942 -0.733286
1.895354 -0.320866 1.492253 -0.723968
1.938346 -0.320866 1.542532 -0.716680
1.981339 -0.320866 1.981339 -0.320866
2.024331 -0.320866 2.024331 -0.320866
2.067323 -0.320866 2.067323 -0.320866
2.110315 -0.320866 2.110315 -0.320866
2.153307 -0.320866 2.153307 -0.320866
2.196299 -0.320866 2.196299 -0.320866
2.239291 -0.320866 2.239291 -0.320866
2.282283 -0.320866 2.282283 -0.320866
2.325276 -0.320866 2.325276 -0.320866
2.368268 -0.320866 2.368268 -0.320866
2.411260 -0.320866 2.411260 -0.320866
2.454252 -0.320866 2.268666 -0.025506
2.497244 -0.320866 0.918185 -1.258193
2.540236 -0.320866 1.522673 -0.696697
2.583228 -0.320866 2.334433 -0.072071
2.626220 -0.320866 2.321681 -0.129512
2.669213 -0.320866 2.357531 -0.125024
2.712205 -0.320866 2.632373 -0.270705
2.755197 -0.320866 2.674827 -0.270367
2.798189 -0.320866 2.717282 -0.270029
2.841181 -0.320866 2.767700 -0.274695
2.884173 -0.320866 2.766918 -0.279837
2.927165 -0.320866 2.809451 -0.279676
2.970157 -0.320866 2.680632 -0.219557
3.013150 -0.320866 2.726800 -0.220669
3.056142 -0.320866 2.503809 -0.127597
3.099134 -0.320866 2.563403 -0.133407
3.142126 -0.320866 3.142126 -0.320866
3.185118 -0.320866 3.185118 -0.320866
3.228110 -0.320866 3.228110 -0.320866
3.271102 -0.320866 3.271102 -0.320866
3.314094 -0.320866 3.314094 -0.320866
3.357087 -0.320866 3.357087 -0.320866
3.400079 -0.320866 3.400079 -0.320866
3.443071 -0.320866 3.443071 -0.320866
3.486063 -0.320866 3.486063 -0.320866
3.529055 -0.320866 3.529055 -0.320866
3.572047 -0.320866 3.572047 -0.320866
3.615039 -0.320866 3.615039 -0.320866
3.658031 -0.320866 3.658031 -0.320866
3.701024 -0.320866 3.701024 -0.320866
3.744016 -0.320866 3.744016 -0.320866
3.787008 -0.320866 3.787008 -0.320866
3.830000 -0.320866 3.830000 -0.320866
-1.630000 -0.295197 -1.630000 -0.295197
-1.587008 -0.295197 -1.587008 -0.295197
-1.544016 -0.295197 -1.544016 -0.295197
-1.501024 -0.295197 -1.501024 -0.295197
-1.458031 -0.295197 -1.458031 -0.295197
-1.415039 -0.295197 -1.415039 -0.295197
-1.372047 -0.295197 -1.372047 -0.295197
-1.329055 -0.295197 -1.329055 -0.295197
-1.286063 -0.295197 -1.286063 -0.295197
-1.243071 -0.295197 -1.243071 -0.295197
-1.200079 -0.295197 -1.200079 -0.295197
-1.157087 -0.295197 -1.157087 -0.295197
-1.114094 -0.295197 -1.114094 -0.295197
-1.071102 -0.295197 -1.071102 -0.295197
-1.028110 -0.295197 -1.028110 -0.295197
-0.985118 -0.295197 -0.985118 -0.295197
-0.899134 -0.295197 -0.359936 -0.106524
-0.813150 -0.295197 -0.526137 -0.194767
-0.770157 -0.295197 -0.479967 -0.193655
-0.727165 -0.295197 -0.609547 -0.254041
-0.684173 -0.295197 -0.567014 -0.254200
-0.641181 -0.295197 -0.559059 -0.266461
-0.598189 -0.295197 -0.517484 -0.244486
-0.555197 -0.295197 -0.475029 -0.244824
-0.512205 -0.295197 -0.432575 -0.245162
-0.469213 -0.295197 -0.160211 -0.101039
-0.426220 -0.295197 -0.124361 -0.105527
-0.383228 -0.295197 0.792984 0.443860
-0.340236 -0.295197 0.569737 0.614777
-0.297244 -0.295197 -0.032979 -0.030932
-0.254252 -0.295197 -0.254252 -0.295197
-0.211260 -0.295197 -0.211260 -0.295197
-0.168268 -0.295197 -0.168268 -0.295197
-0.125276 -0.295197 -0.125276 -0.295197
-0.082283 -0.295197 -0.082283 -0.295197
-0.039291 -0.295197 -0.039291 -0.295197
0.003701 -0.295197 0.003701 -0.295197
0.046693 -0.295197 0.046693 -0.295197
0.089685 -0.295197 0.089685 -0.295197
0.132677 -0.295197 0.132677 -0.295197
0.175669 -0.295197 0.175669 -0.295197
0.218661 -0.295197 0.218661 -0.295197
0.261654 -0.295197 0.261654 -0.295197
0.304646 -0.295197 0.340820 -0.331371
0.347638 -0.295197 0.754494 -0.702053
0.390630 -0.295197 0.645405 -0.455281
0.433622 -0.295197 0.690954 -0.456889
0.476614 -0.295197 0.736503 -0.458495
0.519606 -0.295197 0.625222 -0.361559
0.562598 -0.295197 0.667845 -0.361327
0.605591 -0.295197 0.635681 -0.314104
0.648583 -0.295197 0.615039 -0.283460
0.691575 -0.295197 0.574337 -0.254173
0.734567 -0.295197 0.616870 -0.254013
0.777559 -0.295197 0.487916 -0.193847
0.820551 -0.295197 0.534085 -0.194959
0.863543 -0.295197 2.416560 -0.872467
0.906535 -0.295197 3.308009 0.212418
0.949528 -0.295197 0.949528 -0.295197
0.992520 -0.295197 0.992520 -0.295197
1.035512 -0.295197 1.035512 -0.295197
1.078504 -0.295197 1.078504 -0.295197
1.121496 -0.295197 1.121496 -0.295197
1.164488 -0.295197 1.164488 -0.295197
1.207480 -0.295197 1.207480 -0.295197
1.250472 -0.295197 1.250472 -0.295197
1.293465 -0.295197 1.829804 -0.107525
1.336457 -0.295197 1.889402 -0.101714
1.379449 -0.295197 1.665914 -0.194959
1.422441 -0.295197 1.712084 -0.193847
1.465433 -0.295197 1.583131 -0.254013
1.508425 -0.295197 1.625663 -0.254173
1.551417 -0.295197 1.584960 -0.283459
1.594409 -0.295197 1.564319 -0.314104
1.637402 -0.295197 1.532155 -0.361328
1.680394 -0.295197 1.574778 -0.361559
1.723386 -0.295197 1.463498 -0.458495
1.766378 -0.295197 1.509046 -0.456888
1.809370 -0.295197 1.554595 -0.455282
1.852362 -0.295197 1.445506 -0.702053
1.895354 -0.295197 1.859180 -0.331371
1.938346 -0.295197 1.938346 -0.295197
1.981339 -0.295197 1.981339 -0.295197
2.024331 -0.295197 2.024331 -0.295197
2.067323 -0.295197 2.067323 -0.295197
2.110315 -0.295197 2.110315 -0.295197
2.153307 -0.295197 2.153307 -0.295197
2.196299 -0.295197 2.196299 -0.295197
2.239291 -0.295197 2.239291 -0.295197
2.282283 -0.295197 2.282283 -0.295197
2.325276 -0.295197 2.325276 -0.295197
2.368268 -0.295197 2.368268 -0.295197
2.411260 -0.295197 2.411260 -0.295197
2.454252 -0.295197 2.454252 -0.295197
2.497244 -0.295197 2.232979 -0.030932
2.540236 -0.295197 1.630263 -0.614777
2.583228 -0.295197 1.407016 -0.443860
2.626220 -0.295197 2.324361 -0.105527
2.669213 -0.295197 2.360210 -0.101039
2.712205 -0.295197 2.632575 -0.245162
2.755197 -0.295197 2.675029 -0.244824
2.798189 -0.295197 2.717484 -0.244486
2.841181 -0.295197 2.759058 -0.266460
2.884173 -0.295197 2.767014 -0.254201
2.927165 -0.295197 2.809547 -0.254041
2.970157 -0.295197 2.679968 -0.193655
3.013150 -0.295197 2.726137 -0.194767
3.099134 -0.295197 2.559934 -0.106524
3.142126 -0.295197 -1.229805 -1.234612
3.185118 -0.295197 3.185118 -0.295197
3.228110 -0.295197 3.228110 -0.295197
3.271102 -0.295197 3.271102 -0.295197
3.314094 -0.295197 3.314094 -0.295197
3.357087 -0.295197 3.357087 -0.295197
3.400079 -0.295197 3.400079 -0.295197
3.443071 -0.295197 3.443071 -0.295197
3.486063 -0.295197 3.486063 -0.295197
3.529055 -0.295197 3.529055 -0.295197
3.572047 -0.295197 3.572047 -0.295197
3.615039 -0.295197 3.615039 -0.295197
3.658031 -0.295197 3.658031 -0.295197
3.701024 -0.295197 3.701024 -0.295197
3.744016 -0.295197 3.744016 -0.295197
3.787008 -0.295197 3.787008 -0.295197
3.830000 -0.295197 3.830000 -0.295197
-1.630000 -0.269528 -1.630000 -0.269528
-1.587008 -0.269528 -1.587008 -0.269528
-1.544016 -0.269528 -1.544016 -0.269528
-1.501024 -0.269528 -1.501024 -0.269528
-1.458031 -0.269528 -1.458031 -0.269528
-1.415039 -0.269528 -1.415039 -0.269528
-1.372047 -0.269528 -1.372047 -0.269528
-1.329055 -0.269528 -1.329055 -0.269528
-1.286063 -0.269528 -1.286063 -0.269528
-1.243071 -0.269528 -1.243071 -0.269528
-1.200079 -0.269528 -1.200079 -0.269528
-1.157087 -0.269528 -1.157087 -0.269528
-1.114094 -0.269528 -1.114094 -0.269528
-1.071102 -0.269528 -1.071102 -0.269528
-1.028110 -0.269528 -1.028110 -0.269528
-0.985118 -0.269528 -0.985118 -0.269528
-0.899134 -0.269528 -0.356466 -0.079641
-0.856142 -0.269528 -0.571643 -0.169978
-0.813150 -0.269528 -0.525473 -0.168865
-0.770157 -0.269528 -0.479304 -0.167754
-0.727165 -0.269528 -0.609642 -0.228405
-0.684173 -0.269528 -0.567110 -0.228565
-0.641181 -0.269528 -0.550710 -0.237870
-0.598189 -0.269528 -0.508386 -0.238104
-0.555197 -0.269528 -0.475231 -0.219282
-0.512205 -0.269528 -0.198740 -0.072566
-0.469213 -0.269528 -0.162891 -0.077054
-0.426220 -0.269528 -0.127040 -0.081542
-0.340236 -0.269528 1.533686 0.907926
-0.297244 -0.269528 -0.059692 -0.031976
-0.254252 -0.269528 -0.254252 -0.269528
-0.211260 -0.269528 -0.211260 -0.269528
-0.168268 -0.269528 -0.168268 -0.269528
-0.125276 -0.269528 -0.125276 -0.269528
-0.082283 -0.269528 -0.082283 -0.269528
-0.039291 -0.269528 -0.039291 -0.269528
0.003701 -0.269528 0.003701 -0.269528
0.046693 -0.269528 0.046693 -0.269528
0.089685 -0.269528 0.089685 -0.269528
0.132677 -0.269528 0.132677 -0.269528
0.175669 -0.269528 0.175669 -0.269528
0.218661 -0.269528 0.218661 -0.269528
0.261654 -0.269528 0.261654 -0.269528
0.304646 -0.269528 0.708787 -0.673669
0.347638 -0.269528 0.828662 -0.571773
0.390630 -0.269528 0.885015 -0.580168
0.433622 -0.269528 0.689995 -0.430616
0.476614 -0.269528 0.735543 -0.432222
0.519606 -0.269528 0.625361 -0.335977
0.562598 -0.269528 0.680073 -0.310634
0.605591 -0.269528 0.639134 -0.281265
0.648583 -0.269528 0.615039 -0.257790
0.691575 -0.269528 0.574432 -0.228538
0.734567 -0.269528 0.616966 -0.228377
0.777559 -0.269528 0.487253 -0.167945
0.820551 -0.269528 0.533421 -0.169057
0.863543 -0.269528 0.579591 -0.170169
0.949528 -0.269528 1.276784 -0.384039
0.992520 -0.269528 0.992520 -0.269528
1.035512 -0.269528 1.035512 -0.269528
1.078504 -0.269528 1.078504 -0.269528
1.121496 -0.269528 1.121496 -0.269528
1.164488 -0.269528 1.164488 -0.269528
1.207480 -0.269528 1.207480 -0.269528
1.250472 -0.269528 -1.711689 -0.341441
1.293465 -0.269528 1.833274 -0.080641
1.336457 -0.269528 1.620409 -0.170169
1.379449 -0.269528 1.666578 -0.169057
1.422441 -0.269528 1.712748 -0.167945
1.465433 -0.269528 1.583035 -0.228377
1.508425 -0.269528 1.625568 -0.228537
1.551417 -0.269528 1.584960 -0.257790
1.594409 -0.269528 1.560867 -0.281265
1.637402 -0.269528 1.519927 -0.310634
1.680394 -0.269528 1.574639 -0.335977
1.723386 -0.269528 1.464457 -0.432223
1.766378 -0.269528 1.510005 -0.430616
1.809370 -0.269528 1.314985 -0.580168
1.852362 -0.269528 1.371339 -0.571772
1.895354 -0.269528 1.491213 -0.673669
1.938346 -0.269528 1.938346 -0.269528
1.981339 -0.269528 1.981339 -0.269528
2.024331 -0.269528 2.024331 -0.269528
2.067323 -0.269528 2.067323 -0.269528
2.110315 -0.269528 2.110315 -0.269528
2.153307 -0.269528 2.153307 -0.269528
2.196299 -0.269528 2.196299 -0.269528
2.239291 -0.269528 2.239291 -0.269528
2.282283 -0.269528 2.282283 -0.269528
2.325276 -0.269528 2.325276 -0.269528
2.368268 -0.269528 2.368268 -0.269528
2.411260 -0.269528 2.411260 -0.269528
2.454252 -0.269528 2.454252 -0.269528
2.497244 -0.269528 2.259692 -0.031976
2.540236 -0.269528 0.666314 -0.907926
2.583228 -0.269528 1.364111 -0.496488
2.626220 -0.269528 2.327042 -0.081543
2.669213 -0.269528 2.362891 -0.077054
2.712205 -0.269528 2.398739 -0.072565
2.755197 -0.269528 2.675231 -0.219282
2.798189 -0.269528 2.708386 -0.238104
2.841181 -0.269528 2.750710 -0.237870
2.884173 -0.269528 2.767110 -0.228565
2.927165 -0.269528 2.809643 -0.228405
2.970157 -0.269528 2.679304 -0.167754
3.013150 -0.269528 2.725473 -0.168866
3.056142 -0.269528 2.771642 -0.169978
3.099134 -0.269528 2.556466 -0.079641
3.142126 -0.269528 1.251436 -0.272933
3.185118 -0.269528 3.185118 -0.269528
3.228110 -0.269528 3.228110 -0.269528
3.271102 -0.269528 3.271102 -0.269528
3.314094 -0.269528 3.314094 -0.269528
3.357087 -0.269528 3.357087 -0.269528
3.400079 -0.269528 3.400079 -0.269528
3.443071 -0.269528 3.443071 -0.269528
3.486063 -0.269528 3.486063 -0.269528
3.529055 -0.269528 3.529055 -0.269528
3.572047 -0.269528 3.572047 -0.269528
3.615039 -0.269528 3.615039 -0.269528
3.658031 -0.269528 3.658031 -0.269528
3.701024 -0.269528 3.701024 -0.269528
3.744016 -0.269528 3.744016 -0.269528
3.787008 -0.269528 3.787008 -0.269528
3.830000 -0.269528 3.830000 -0.269528
-1.630000 -0.243858 -1.630000 -0.243858
-1.587008 -0.243858 -1.587008 -0.243858
-1.544016 -0.243858 -1.544016 -0.243858
-1.501024 -0.243858 -1.501024 -0.243858
-1.458031 -0.243858 -1.458031 -0.243858
-1.415039 -0.243858 -1.415039 -0.243858
-1.372047 -0.243858 -1.372047 -0.243858
-1.329055 -0.243858 -1.329055 -0.243858
-1.286063 -0.243858 -1.286063 -0.243858
-1.243071 -0.243858 -1.243071 -0.243858
-1.200079 -0.243858 -1.200079 -0.243858
-1.157087 -0.243858 -1.157087 -0.243858
-1.114094 -0.243858 -1.114094 -0.243858
-1.071102 -0.243858 -1.071102 -0.243858
-1.028110 -0.243858 -1.028110 -0.243858
-0.985118 -0.243858 -0.985118 -0.243858
-0.942126 -0.243858 0.857347 0.296200
-0.899134 -0.243858 -0.352997 -0.052757
-0.856142 -0.243858 -0.570979 -0.144076
-0.813150 -0.243858 -0.524809 -0.142964
-0.770157 -0.243858 -0.652272 -0.202608
-0.727165 -0.243858 -0.609738 -0.202769
-0.684173 -0.243858 -0.602505 -0.215281
-0.641181 -0.243858 -0.550850 -0.212250
-0.598189 -0.243858 -0.508526 -0.212484
-0.555197 -0.243858 -0.466202 -0.212717
-0.512205 -0.243858 -0.165634 -0.122589
-0.469213 -0.243858 -0.165571 -0.053068
-0.426220 -0.243858 -0.129720 -0.057556
-0.383228 -0.243858 0.728723 0.454820
-0.340236 -0.243858 -0.025718 -0.046235
-0.297244 -0.243858 -0.297244 -0.243858
-0.254252 -0.243858 -0.254252 -0.243858
-0.211260 -0.243858 -0.211260 -0.243858
-0.168268 -0.243858 -0.168268 -0.243858
-0.125276 -0.243858 -0.125276 -0.243858
-0.082283 -0.243858 -0.082283 -0.243858
-0.039291 -0.243858 -0.039291 -0.243858
0.003701 -0.243858 0.003701 -0.243858
0.046693 -0.243858 0.046693 -0.243858
0.089685 -0.243858 0.089685 -0.243858
0.132677 -0.243858 0.132677 -0.243858
0.175669 -0.243858 0.175669 -0.243858
0.218661 -0.243858 0.218661 -0.243858
0.261654 -0.243858 0.261654 -0.243858
0.304646 -0.243858 0.304646 -0.243858
0.390630 -0.243858 0.880002 -0.551349
0.433622 -0.243858 0.689035 -0.404344
0.476614 -0.243858 0.734584 -0.405950
0.519606 -0.243858 0.810128 -0.345517
0.562598 -0.243858 0.680168 -0.284998
0.605591 -0.243858 0.722702 -0.284838
0.648583 -0.243858 0.682126 -0.255596
0.691575 -0.243858 0.574528 -0.202901
0.734567 -0.243858 0.617062 -0.202741
0.777559 -0.243858 0.486589 -0.142044
0.820551 -0.243858 0.532757 -0.143156
0.863543 -0.243858 0.578927 -0.144267
0.906535 -0.243858 2.431257 -0.907107
0.949528 -0.243858 1.293440 -0.364198
0.992520 -0.243858 0.992520 -0.243858
1.035512 -0.243858 1.035512 -0.243858
1.078504 -0.243858 1.078504 -0.243858
1.121496 -0.243858 1.121496 -0.243858
1.164488 -0.243858 1.164488 -0.243858
1.207480 -0.243858 1.207480 -0.243858
1.250472 -0.243858 -0.269986 0.036283
1.293465 -0.243858 1.836743 -0.053758
1.336457 -0.243858 1.621073 -0.144268
1.379449 -0.243858 1.667242 -0.143155
1.422441 -0.243858 1.713412 -0.142044
1.465433 -0.243858 1.582939 -0.202741
1.508425 -0.243858 1.625472 -0.202901
1.551417 -0.243858 1.517875 -0.255595
1.594409 -0.243858 1.477298 -0.284838
1.637402 -0.243858 1.519832 -0.284998
1.680394 -0.243858 1.389872 -0.345516
1.723386 -0.243858 1.465416 -0.405951
1.766378 -0.243858 1.510964 -0.404344
1.809370 -0.243858 1.319997 -0.551349
1.852362 -0.243858 1.808918 -0.271140
1.895354 -0.243858 1.895354 -0.243858
1.938346 -0.243858 1.938346 -0.243858
1.981339 -0.243858 1.981339 -0.243858
2.024331 -0.243858 2.024331 -0.243858
2.067323 -0.243858 2.067323 -0.243858
2.110315 -0.243858 2.110315 -0.243858
2.153307 -0.243858 2.153307 -0.243858
2.196299 -0.243858 2.196299 -0.243858
2.239291 -0.243858 2.239291 -0.243858
2.282283 -0.243858 2.282283 -0.243858
2.325276 -0.243858 2.325276 -0.243858
2.368268 -0.243858 2.368268 -0.243858
2.411260 -0.243858 2.411260 -0.243858
2.454252 -0.243858 2.454252 -0.243858
2.497244 -0.243858 2.497244 -0.243858
2.540236 -0.243858 2.225717 -0.046234
2.583228 -0.243858 1.471276 -0.454821
2.626220 -0.243858 2.329721 -0.057557
2.669213 -0.243858 2.365571 -0.053069
2.712205 -0.243858 2.365635 -0.122587
2.755197 -0.243858 2.666202 -0.212717
2.798189 -0.243858 2.708526 -0.212483
2.841181 -0.243858 2.750850 -0.212250
2.884173 -0.243858 2.802505 -0.215281
2.927165 -0.243858 2.809739 -0.202769
2.970157 -0.243858 2.852272 -0.202609
3.013150 -0.243858 2.724809 -0.142964
3.056142 -0.243858 2.770978 -0.144076
3.099134 -0.243858 2.552997 -0.052758
3.142126 -0.243858 1.342654 0.296200
3.185118 -0.243858 3.185118 -0.243858
3.228110 -0.243858 3.228110 -0.243858
3.271102 -0.243858 3.271102 -0.243858
3.314094 -0.243858 3.314094 -0.243858
3.357087 -0.243858 3.357087 -0.243858
3.400079 -0.243858 3.400079 -0.243858
3.443071 -0.243858 3.443071 -0.243858
3.486063 -0.243858 3.486063 -0.243858
3.529055 -0.243858 3.529055 -0.243858
3.572047 -0.243858 3.572047 -0.243858
3.615039 -0.243858 3.615039 -0.243858
3.658031 -0.243858 3.658031 -0.243858
3.701024 -0.243858 3.701024 -0.243858
3.744016 -0.243858 3.744016 -0.243858
3.787008 -0.243858 3.787008 -0.243858
3.830000 -0.243858 3.830000 -0.243858
-1.630000 -0.218189 -1.630000 -0.218189
-1.587008 -0.218189 -1.587008 -0.218189
-1.544016 -0.218189 -1.544016 -0.218189
-1.501024 -0.218189 -1.501024 -0.218189
-1.458031 -0.218189 -1.458031 -0.218189
-1.415039 -0.218189 -1.415039 -0.218189
-1.372047 -0.218189 -1.372047 -0.218189
-1.329055 -0.218189 -1.329055 -0.218189
-1.286063 -0.218189 -1.286063 -0.218189
-1.243071 -0.218189 -1.243071 -0.218189
-1.200079 -0.218189 -1.200079 -0.218189
-1.157087 -0.218189 -1.157087 -0.218189
-1.114094 -0.218189 -1.114094 -0.218189
-1.071102 -0.218189 -1.071102 -0.218189
-1.028110 -0.218189 -1.028110 -0.218189
-0.985118 -0.218189 -0.985118 -0.218189
-0.942126 -0.218189 0.896746 0.129994
-0.899134 -0.218189 -0.347116 -0.041728
-0.856142 -0.218189 -0.570315 -0.118174
-0.813150 -0.218189 -0.524145 -0.117062
-0.770157 -0.218189 -0.652367 -0.176972
-0.727165 -0.218189 -0.609834 -0.177133
-0.684173 -0.218189 -0.602342 -0.189555
-0.641181 -0.218189 -0.550990 -0.186629
-0.598189 -0.218189 -0.508666 -0.186863
-0.555197 -0.218189 -0.466342 -0.187097
-0.512205 -0.218189 -0.167488 -0.097568
-0.469213 -0.218189 -0.133372 -0.100674
-0.383228 -0.218189 1.518221 0.976561
-0.340236 -0.218189 -0.049785 -0.035687
-0.297244 -0.218189 -0.297244 -0.218189
-0.254252 -0.218189 -0.254252 -0.218189
-0.211260 -0.218189 -0.211260 -0.218189
-0.168268 -0.218189 -0.168268 -0.218189
-0.125276 -0.218189 -0.125276 -0.218189
-0.082283 -0.218189 -0.082283 -0.218189
-0.039291 -0.218189 -0.039291 -0.218189
0.003701 -0.218189 0.003701 -0.218189
0.046693 -0.218189 0.046693 -0.218189
0.089685 -0.218189 0.089685 -0.218189
0.132677 -0.218189 0.132677 -0.218189
0.175669 -0.218189 0.175669 -0.218189
0.218661 -0.218189 0.218661 -0.218189
0.261654 -0.218189 0.261654 -0.218189
0.304646 -0.218189 0.304646 -0.218189
0.390630 -0.218189 0.874990 -0.522530
0.433622 -0.218189 0.931343 -0.530926
0.476614 -0.218189 0.763295 -0.318504
0.519606 -0.218189 0.809464 -0.319615
0.562598 -0.218189 0.680264 -0.259362
0.605591 -0.218189 0.722798 -0.259202
0.648583 -0.218189 0.682126 -0.229926
0.691575 -0.218189 0.658031 -0.206451
0.734567 -0.218189 0.617157 -0.177105
0.777559 -0.218189 0.659690 -0.176945
0.820551 -0.218189 0.532094 -0.117254
0.863543 -0.218189 0.578263 -0.118366
0.906535 -0.218189 2.437967 -0.888801
0.949528 -0.218189 2.383208 -0.961229
0.992520 -0.218189 0.992520 -0.218189
1.035512 -0.218189 1.035512 -0.218189
1.078504 -0.218189 1.078504 -0.218189
1.121496 -0.218189 1.121496 -0.218189
1.164488 -0.218189 1.164488 -0.218189
1.207480 -0.218189 1.207480 -0.218189
1.250472 -0.218189 1.302301 -0.001465
1.293465 -0.218189 1.842655 -0.042797
1.336457 -0.218189 1.621737 -0.118365
1.379449 -0.218189 1.667906 -0.117254
1.422441 -0.218189 1.540310 -0.176945
1.465433 -0.218189 1.582844 -0.177105
1.508425 -0.218189 1.541968 -0.206452
1.551417 -0.218189 1.517875 -0.229926
1.594409 -0.218189 1.477203 -0.259202
1.637402 -0.218189 1.519736 -0.259362
1.680394 -0.218189 1.390537 -0.319615
1.723386 -0.218189 1.436705 -0.318503
1.766378 -0.218189 1.268656 -0.530926
1.809370 -0.218189 1.325010 -0.522530
1.852362 -0.218189 1.375916 -0.517558
1.895354 -0.218189 1.895354 -0.218189
1.938346 -0.218189 1.938346 -0.218189
1.981339 -0.218189 1.981339 -0.218189
2.024331 -0.218189 2.024331 -0.218189
2.067323 -0.218189 2.067323 -0.218189
2.110315 -0.218189 2.110315 -0.218189
2.153307 -0.218189 2.153307 -0.218189
2.196299 -0.218189 2.196299 -0.218189
2.239291 -0.218189 2.239291 -0.218189
2.282283 -0.218189 2.282283 -0.218189
2.325276 -0.218189 2.325276 -0.218189
2.368268 -0.218189 2.368268 -0.218189
2.411260 -0.218189 2.411260 -0.218189
2.454252 -0.218189 2.454252 -0.218189
2.497244 -0.218189 2.497244 -0.218189
2.540236 -0.218189 2.249785 -0.035688
2.583228 -0.218189 0.681780 -0.976561
2.626220 -0.218189 3.578815 0.816771
2.669213 -0.218189 2.333373 -0.100673
2.712205 -0.218189 2.367489 -0.097567
2.755197 -0.218189 2.666342 -0.187097
2.798189 -0.218189 2.708666 -0.186863
2.841181 -0.218189 2.750990 -0.186629
2.884173 -0.218189 2.802342 -0.189554
2.927165 -0.218189 2.809834 -0.177133
2.970157 -0.218189 2.852368 -0.176973
3.013150 -0.218189 2.724145 -0.117063
3.056142 -0.218189 2.770314 -0.118174
3.099134 -0.218189 2.547116 -0.041729
3.142126 -0.218189 1.303249 0.129995
3.185118 -0.218189 3.185118 -0.218189
3.228110 -0.218189 3.228110 -0.218189
3.271102 -0.218189 3.271102 -0.218189
3.314094 -0.218189 3.314094 -0.218189
3.357087 -0.218189 3.357087 -0.218189
3.400079 -0.218189 3.400079 -0.218189
3.443071 -0.218189 3.443071 -0.218189
3.486063 -0.218189 3.486063 -0.218189
3.529055 -0.218189 3.529055 -0.218189
3.572047 -0.218189 3.572047 -0.218189
3.615039 -0.218189 3.615039 -0.218189
3.658031 -0.218189 3.658031 -0.218189
3.701024 -0.218189 3.701024 -0.218189
3.744016 -0.218189 3.744016 -0.218189
3.787008 -0.218189 3.787008 -0.218189
3.830000 -0.218189 3.830000 -0.218189
-1.630000 -0.192520 -1.630000 -0.192520
-1.587008 -0.192520 -1.587008 -0.192520
-1.544016 -0.192520 -1.544016 -0.192520
-1.501024 -0.192520 -1.501024 -0.192520
-1.458031 -0.192520 -1.458031 -0.192520
-1.415039 -0.192520 -1.415039 -0.192520
-1.372047 -0.192520 -1.372047 -0.192520
-1.329055 -0.192520 -1.329055 -0.192520
-1.286063 -0.192520 -1.286063 -0.192520
-1.243071 -0.192520 -1.243071 -0.192520
-1.200079 -0.192520 -1.200079 -0.192520
-1.157087 -0.192520 -1.157087 -0.192520
-1.114094 -0.192520 -1.114094 -0.192520
-1.071102 -0.192520 -1.071102 -0.192520
-1.028110 -0.192520 -1.028110 -0.192520
-0.985118 -0.192520 -0.985118 -0.192520
-0.942126 -0.192520 -0.379452 -0.129121
-0.899134 -0.192520 -0.322729 -0.111773
-0.856142 -0.192520 -0.557357 -0.147120
-0.813150 -0.192520 -0.521102 -0.102446
-0.770157 -0.192520 -0.652463 -0.151337
-0.727165 -0.192520 -0.609930 -0.151497
-0.684173 -0.192520 -0.602179 -0.163828
-0.641181 -0.192520 -0.551129 -0.161009
-0.598189 -0.192520 -0.508805 -0.161243
-0.555197 -0.192520 -0.466481 -0.161477
-0.512205 -0.192520 -0.169346 -0.072547
-0.469213 -0.192520 -0.135227 -0.075654
-0.426220 -0.192520 35.207054 -6.850456
-0.383228 -0.192520 1.476858 0.976240
-0.340236 -0.192520 -0.340236 -0.192520
-0.297244 -0.192520 -0.297244 -0.192520
-0.254252 -0.192520 -0.254252 -0.192520
-0.211260 -0.192520 -0.211260 -0.192520
-0.168268 -0.192520 -0.168268 -0.192520
-0.125276 -0.192520 -0.125276 -0.192520
-0.082283 -0.192520 -0.082283 -0.192520
-0.039291 -0.192520 -0.039291 -0.192520
0.003701 -0.192520 0.003701 -0.192520
0.046693 -0.192520 0.046693 -0.192520
0.089685 -0.192520 0.089685 -0.192520
0.132677 -0.192520 0.132677 -0.192520
0.175669 -0.192520 0.175669 -0.192520
0.218661 -0.192520 0.218661 -0.192520
0.261654 -0.192520 0.261654 -0.192520
0.304646 -0.192520 0.304646 -0.192520
0.347638 -0.192520 0.347638 -0.192520
0.390630 -0.192520 0.869977 -0.493711
0.433622 -0.192520 0.984212 -0.385179
0.476614 -0.192520 0.762631 -0.292602
0.519606 -0.192520 0.808800 -0.293714
0.562598 -0.192520 0.680360 -0.233727
0.605591 -0.192520 0.722893 -0.233566
0.648583 -0.192520 0.682126 -0.204257
0.691575 -0.192520 0.658031 -0.180782
0.734567 -0.192520 0.617252 -0.151469
0.777559 -0.192520 0.659786 -0.151309
0.820551 -0.192520 0.529029 -0.102671
0.863543 -0.192520 0.565391 -0.147154
0.906535 -0.192520 5.291867 -0.904896
0.949528 -0.192520 4.538174 -0.440696
0.992520 -0.192520 0.992520 -0.192520
1.035512 -0.192520 1.035512 -0.192520
1.078504 -0.192520 1.078504 -0.192520
1.121496 -0.192520 1.121496 -0.192520
1.164488 -0.192520 1.164488 -0.192520
1.207480 -0.192520 1.207480 -0.192520
1.250472 -0.192520 1.479329 -0.511092
1.293465 -0.192520 1.866634 -0.112063
1.336457 -0.192520 1.634609 -0.147154
1.379449 -0.192520 1.670970 -0.102671
1.422441 -0.192520 1.540214 -0.151309
1.465433 -0.192520 1.582748 -0.151470
1.508425 -0.192520 1.541968 -0.180782
1.551417 -0.192520 1.517875 -0.204257
1.594409 -0.192520 1.477107 -0.233566
1.637402 -0.192520 1.519640 -0.233727
1.680394 -0.192520 1.391201 -0.293714
1.723386 -0.192520 1.437369 -0.292601
1.766378 -0.192520 1.215789 -0.385181
1.809370 -0.192520 1.330023 -0.493711
1.852362 -0.192520 1.852362 -0.192520
1.895354 -0.192520 1.895354 -0.192520
1.938346 -0.192520 1.938346 -0.192520
1.981339 -0.192520 1.981339 -0.192520
2.024331 -0.192520 2.024331 -0.192520
2.067323 -0.192520 2.067323 -0.192520
2.110315 -0.192520 2.110315 -0.192520
2.153307 -0.192520 2.153307 -0.192520
2.196299 -0.192520 2.196299 -0.192520
2.239291 -0.192520 2.239291 -0.192520
2.282283 -0.192520 2.282283 -0.192520
2.325276 -0.192520 2.325276 -0.192520
2.368268 -0.192520 2.368268 -0.192520
2.411260 -0.192520 2.411260 -0.192520
2.454252 -0.192520 2.454252 -0.192520
2.497244 -0.192520 2.497244 -0.192520
2.540236 -0.192520 2.540236 -0.192520
2.583228 -0.192520 0.723142 -0.976240
2.626220 -0.192520 7.054467 1.742018
2.669213 -0.192520 2.335230 -0.075655
2.712205 -0.192520 2.369344 -0.072546
2.755197 -0.192520 2.666481 -0.161477
2.798189 -0.192520 2.708805 -0.161243
2.841181 -0.192520 2.751129 -0.161009
2.884173 -0.192520 2.802179 -0.163828
2.927165 -0.192520 2.809930 -0.151497
2.970157 -0.192520 2.852463 -0.151336
3.013150 -0.192520 2.721102 -0.102446
3.056142 -0.192520 2.757357 -0.147121
3.099134 -0.192520 2.522730 -0.111773
3.142126 -0.192520 2.579452 -0.129121
3.185118 -0.192520 3.185118 -0.192520
3.228110 -0.192520 3.228110 -0.192520
3.271102 -0.192520 3.271102 -0.192520
3.314094 -0.192520 3.314094 -0.192520
3.357087 -0.192520 3.357087 -0.192520
3.400079 -0.192520 3.400079 -0.192520
3.443071 -0.192520 3.443071 -0.192520
3.486063 -0.192520 3.486063 -0.192520
3.529055 -0.192520 3.529055 -0.192520
3.572047 -0.192520 3.572047 -0.192520
3.615039 -0.192520 3.615039 -0.192520
3.658031 -0.192520 3.658031 -0.192520
3.701024 -0.192520 3.701024 -0.192520
3.744016 -0.192520 3.744016 -0.192520
3.787008 -0.192520 3.787008 -0.192520
3.830000 -0.192520 3.830000 -0.192520
-1.630000 -0.166850 -1.630000 -0.166850
-1.587008 -0.166850 -1.587008 -0.166850
-1.544016 -0.166850 -1.544016 -0.166850
-1.501024 -0.166850 -1.501024 -0.166850
-1.458031 -0.166850 -1.458031 -0.166850
-1.415039 -0.166850 -1.415039 -0.166850
-1.372047 -0.166850 -1.372047 -0.166850
-1.329055 -0.166850 -1.329055 -0.166850
-1.286063 -0.166850 -1.286063 -0.166850
-1.243071 -0.166850 -1.243071 -0.166850
-1.200079 -0.166850 -1.200079 -0.166850
-1.157087 -0.166850 -1.157087 -0.166850
-1.114094 -0.166850 -1.114094 -0.166850
-1.071102 -0.166850 -1.071102 -0.166850
-1.028110 -0.166850 -1.028110 -0.166850
-0.985118 -0.166850 -0.985118 -0.166850
-0.942126 -0.166850 -0.378214 -0.103313
-0.899134 -0.166850 -0.316818 -0.101239
-0.856142 -0.166850 -0.554342 -0.132845
-0.813150 -0.166850 -0.507828 -0.132449
-0.770157 -0.166850 -0.646328 -0.152898
-0.727165 -0.166850 -0.607796 -0.135730
-0.684173 -0.166850 -0.602016 -0.138102
-0.641181 -0.166850 -0.551269 -0.135388
-0.598189 -0.166850 -0.508945 -0.135622
-0.555197 -0.166850 -0.205316 -0.044421
-0.512205 -0.166850 -0.171200 -0.047527
-0.469213 -0.166850 -0.137081 -0.050633
-0.426220 -0.166850 33.437927 -6.398132
-0.383228 -0.166850 -0.034567 -0.044847
-0.340236 -0.166850 -0.340236 -0.166850
-0.297244 -0.166850 -0.297244 -0.166850
-0.254252 -0.166850 -0.254252 -0.166850
-0.211260 -0.166850 -0.211260 -0.166850
-0.168268 -0.166850 -0.168268 -0.166850
-0.125276 -0.166850 -0.125276 -0.166850
-0.082283 -0.166850 -0.082283 -0.166850
-0.039291 -0.166850 -0.039291 -0.166850
0.003701 -0.166850 0.003701 -0.166850
0.046693 -0.166850 0.046693 -0.166850
0.089685 -0.166850 0.089685 -0.166850
0.132677 -0.166850 0.132677 -0.166850
0.175669 -0.166850 0.175669 -0.166850
0.218661 -0.166850 0.218661 -0.166850
0.261654 -0.166850 0.261654 -0.166850
0.304646 -0.166850 0.304646 -0.166850
0.347638 -0.166850 0.347638 -0.166850
0.433622 -0.166850 0.980743 -0.358296
0.476614 -0.166850 0.761966 -0.266699
0.519606 -0.166850 0.808136 -0.267812
0.562598 -0.166850 0.680456 -0.208091
0.605591 -0.166850 0.722989 -0.207930
0.648583 -0.166850 0.682126 -0.178588
0.691575 -0.166850 0.658031 -0.155113
0.734567 -0.166850 0.613437 -0.143057
0.777559 -0.166850 0.653642 -0.152888
0.820551 -0.166850 0.515836 -0.132517
0.863543 -0.166850 0.562350 -0.132914
0.906535 -0.166850 2.813788 -0.566434
0.949528 -0.166850 2.726453 -0.542600
0.992520 -0.166850 0.992520 -0.166850
1.035512 -0.166850 1.035512 -0.166850
1.078504 -0.166850 1.078504 -0.166850
1.121496 -0.166850 1.121496 -0.166850
1.164488 -0.166850 1.164488 -0.166850
1.207480 -0.166850 1.207480 -0.166850
1.250472 -0.166850 1.811213 -0.103669
1.293465 -0.166850 1.872612 -0.101596
1.336457 -0.166850 1.637650 -0.132914
1.379449 -0.166850 1.684164 -0.132517
1.422441 -0.166850 1.546358 -0.152888
1.465433 -0.166850 1.586563 -0.143058
1.508425 -0.166850 1.541969 -0.155113
1.551417 -0.166850 1.517875 -0.178588
1.594409 -0.166850 1.477011 -0.207930
1.637402 -0.166850 1.519544 -0.208091
1.680394 -0.166850 1.391865 -0.267812
1.723386 -0.166850 1.438032 -0.266700
1.766378 -0.166850 1.219253 -0.358297
1.809370 -0.166850 1.760297 -0.184038
1.852362 -0.166850 1.852362 -0.166850
1.895354 -0.166850 1.895354 -0.166850
1.938346 -0.166850 1.938346 -0.166850
1.981339 -0.166850 1.981339 -0.166850
2.024331 -0.166850 2.024331 -0.166850
2.067323 -0.166850 2.067323 -0.166850
2.110315 -0.166850 2.110315 -0.166850
2.153307 -0.166850 2.153307 -0.166850
2.196299 -0.166850 2.196299 -0.166850
2.239291 -0.166850 2.239291 -0.166850
2.282283 -0.166850 2.282283 -0.166850
2.325276 -0.166850 2.325276 -0.166850
2.368268 -0.166850 2.368268 -0.166850
2.411260 -0.166850 2.411260 -0.166850
2.454252 -0.166850 2.454252 -0.166850
2.497244 -0.166850 2.497244 -0.166850
2.540236 -0.166850 2.540236 -0.166850
2.583228 -0.166850 2.234582 -0.044852
2.626220 -0.166850 1.370568 -0.272519
2.669213 -0.166850 2.337084 -0.050634
2.712205 -0.166850 2.371198 -0.047526
2.755197 -0.166850 2.405314 -0.044420
2.798189 -0.166850 2.708945 -0.135622
2.841181 -0.166850 2.751269 -0.135388
2.884173 -0.166850 2.802016 -0.138102
2.927165 -0.166850 2.807796 -0.135730
2.970157 -0.166850 2.846328 -0.152898
3.013150 -0.166850 2.707828 -0.132449
3.056142 -0.166850 2.754342 -0.132846
3.099134 -0.166850 2.516822 -0.101240
3.142126 -0.166850 2.578215 -0.103312
3.185118 -0.166850 3.185118 -0.166850
3.228110 -0.166850 3.228110 -0.166850
3.271102 -0.166850 3.271102 -0.166850
3.314094 -0.166850 3.314094 -0.166850
3.357087 -0.166850 3.357087 -0.166850
3.400079 -0.166850 3.400079 -0.166850
3.443071 -0.166850 3.443071 -0.166850
3.486063 -0.166850 3.486063 -0.166850
3.529055 -0.166850 3.529055 -0.166850
3.572047 -0.166850 3.572047 -0.166850
3.615039 -0.166850 3.615039 -0.166850
3.658031 -0.166850 3.658031 -0.166850
3.701024 -0.166850 3.701024 -0.166850
3.744016 -0.166850 3.744016 -0.166850
3.787008 -0.166850 3.787008 -0.166850
3.830000 -0.166850 3.830000 -0.166850
-1.630000 -0.141181 -1.630000 -0.141181
-1.587008 -0.141181 -1.587008 -0.141181
-1.544016 -0.141181 -1.544016 -0.141181
-1.501024 -0.141181 -1.501024 -0.141181
-1.458031 -0.141181 -1.458031 -0.141181
-1.415039 -0.141181 -1.415039 -0.141181
-1.372047 -0.141181 -1.372047 -0.141181
-1.329055 -0.141181 -1.329055 -0.141181
-1.286063 -0.141181 -1.286063 -0.141181
-1.243071 -0.141181 -1.243071 -0.141181
-1.200079 -0.141181 -1.200079 -0.141181
-1.157087 -0.141181 -1.157087 -0.141181
-1.114094 -0.141181 -1.114094 -0.141181
-1.071102 -0.141181 -1.071102 -0.141181
-1.028110 -0.141181 -1.028110 -0.141181
-0.985118 -0.141181 -0.985118 -0.141181
-0.942126 -0.141181 -0.376979 -0.077503
-0.899134 -0.141181 -0.315581 -0.075431
-0.856142 -0.141181 -0.554105 -0.107149
-0.813150 -0.141181 -0.507592 -0.106753
-0.770157 -0.141181 -0.646362 -0.127233
-0.727165 -0.141181 -0.603878 -0.127290
-0.684173 -0.141181 -0.597573 -0.131424
-0.641181 -0.141181 -0.546650 -0.130530
-0.598189 -0.141181 -0.509085 -0.110002
-0.555197 -0.141181 -0.207171 -0.019401
-0.512205 -0.141181 -0.173055 -0.022506
-0.469213 -0.141181 -0.138936 -0.025613
-0.426220 -0.141181 2.954243 -0.091978
-0.383228 -0.141181 -0.051236 -0.025014
-0.340236 -0.141181 -0.340236 -0.141181
-0.297244 -0.141181 -0.297244 -0.141181
-0.254252 -0.141181 -0.254252 -0.141181
-0.211260 -0.141181 -0.211260 -0.141181
-0.168268 -0.141181 -0.168268 -0.141181
-0.125276 -0.141181 -0.125276 -0.141181
-0.082283 -0.141181 -0.082283 -0.141181
-0.039291 -0.141181 -0.039291 -0.141181
0.003701 -0.141181 0.003701 -0.141181
0.046693 -0.141181 0.046693 -0.141181
0.089685 -0.141181 0.089685 -0.141181
0.132677 -0.141181 0.132677 -0.141181
0.175669 -0.141181 0.175669 -0.141181
0.218661 -0.141181 0.218661 -0.141181
0.261654 -0.141181 0.261654 -0.141181
0.304646 -0.141181 0.304646 -0.141181
0.347638 -0.141181 0.347638 -0.141181
0.390630 -0.141181 9.296514 1.192154
0.433622 -0.141181 0.977277 -0.331417
0.476614 -0.141181 0.761302 -0.240798
0.519606 -0.141181 0.807472 -0.241909
0.562598 -0.141181 0.853642 -0.243023
0.605591 -0.141181 0.723085 -0.182295
0.648583 -0.141181 0.683896 -0.145160
0.691575 -0.141181 0.656261 -0.137202
0.734567 -0.141181 0.611192 -0.127280
0.777559 -0.141181 0.653676 -0.127223
0.820551 -0.141181 0.515599 -0.106821
0.863543 -0.141181 0.562113 -0.107218
0.906535 -0.141181 2.821436 -0.542733
0.949528 -0.141181 2.734055 -0.518897
0.992520 -0.141181 0.992520 -0.141181
1.035512 -0.141181 1.035512 -0.141181
1.078504 -0.141181 1.078504 -0.141181
1.121496 -0.141181 1.121496 -0.141181
1.164488 -0.141181 1.164488 -0.141181
1.207480 -0.141181 1.207480 -0.141181
1.250472 -0.141181 1.812451 -0.077860
1.293465 -0.141181 1.873850 -0.075787
1.336457 -0.141181 1.637887 -0.107218
1.379449 -0.141181 1.684401 -0.106821
1.422441 -0.141181 1.546324 -0.127223
1.465433 -0.141181 1.588808 -0.127280
1.508425 -0.141181 1.543740 -0.137202
1.551417 -0.141181 1.516104 -0.145160
1.594409 -0.141181 1.476915 -0.182295
1.637402 -0.141181 1.346359 -0.243022
1.680394 -0.141181 1.392528 -0.241910
1.723386 -0.141181 1.438696 -0.240798
1.766378 -0.141181 1.222722 -0.331414
1.809370 -0.141181 3.272363 0.370723
1.852362 -0.141181 1.852362 -0.141181
1.895354 -0.141181 1.895354 -0.141181
1.938346 -0.141181 1.938346 -0.141181
1.981339 -0.141181 1.981339 -0.141181
2.024331 -0.141181 2.024331 -0.141181
2.067323 -0.141181 2.067323 -0.141181
2.110315 -0.141181 2.110315 -0.141181
2.153307 -0.141181 2.153307 -0.141181
2.196299 -0.141181 2.196299 -0.141181
2.239291 -0.141181 2.239291 -0.141181
2.282283 -0.141181 2.282283 -0.141181
2.325276 -0.141181 2.325276 -0.141181
2.368268 -0.141181 2.368268 -0.141181
2.411260 -0.141181 2.411260 -0.141181
2.454252 -0.141181 2.454252 -0.141181
2.497244 -0.141181 2.497244 -0.141181
2.540236 -0.141181 2.540236 -0.141181
2.583228 -0.141181 2.251238 -0.025011
2.626220 -0.141181 1.413542 -0.283162
2.669213 -0.141181 2.338938 -0.025614
2.712205 -0.141181 2.373054 -0.022508
2.755197 -0.141181 2.407168 -0.019400
2.798189 -0.141181 2.709085 -0.110002
2.841181 -0.141181 2.746650 -0.130530
2.884173 -0.141181 2.797573 -0.131424
2.927165 -0.141181 2.803878 -0.127290
2.970157 -0.141181 2.846362 -0.127233
3.013150 -0.141181 2.707591 -0.106753
3.056142 -0.141181 2.754105 -0.107150
3.099134 -0.141181 2.515584 -0.075431
3.142126 -0.141181 2.576977 -0.077503
3.185118 -0.141181 3.185118 -0.141181
3.228110 -0.141181 3.228110 -0.141181
3.271102 -0.141181 3.271102 -0.141181
3.314094 -0.141181 3.314094 -0.141181
3.357087 -0.141181 3.357087 -0.141181
3.400079 -0.141181 3.400079 -0.141181
3.443071 -0.141181 3.443071 -0.141181
3.486063 -0.141181 3.486063 -0.141181
3.529055 -0.141181 3.529055 -0.141181
3.572047 -0.141181 3.572047 -0.141181
3.615039 -0.141181 3.615039 -0.141181
3.658031 -0.141181 3.658031 -0.141181
3.701024 -0.141181 3.701024 -0.141181
3.744016 -0.141181 3.744016 -0.141181
3.787008 -0.141181 3.787008 -0.141181
3.830000 -0.141181 3.830000 -0.141181
-1.630000 -0.115512 -1.630000 -0.115512
-1.587008 -0.115512 -1.587008 -0.115512
-1.544016 -0.115512 -1.544016 -0.115512
-1.501024 -0.115512 -1.501024 -0.115512
-1.458031 -0.115512 -1.458031 -0.115512
-1.415039 -0.115512 -1.415039 -0.115512
-1.372047 -0.115512 -1.372047 -0.115512
-1.329055 -0.115512 -1.329055 -0.115512
-1.286063 -0.115512 -1.286063 -0.115512
-1.243071 -0.115512 -1.243071 -0.115512
-1.200079 -0.115512 -1.200079 -0.115512
-1.157087 -0.115512 -1.157087 -0.115512
-1.114094 -0.115512 -1.114094 -0.115512
-1.071102 -0.115512 -1.071102 -0.115512
-1.028110 -0.115512 -1.028110 -0.115512
-0.985118 -0.115512 7.000606 0.402368
-0.942126 -0.115512 -0.375741 -0.051694
-0.899134 -0.115512 -0.314343 -0.049622
-0.856142 -0.115512 -0.553868 -0.081453
-0.813150 -0.115512 -0.507355 -0.081057
-0.770157 -0.115512 -0.646396 -0.101567
-0.727165 -0.115512 -0.603913 -0.101625
-0.684173 -0.115512 -0.588950 -0.104783
-0.641181 -0.115512 -0.546699 -0.104866
-0.598189 -0.115512 -0.504448 -0.104950
-0.555197 -0.115512 -0.190187 -0.074385
-0.512205 -0.115512 -0.157033 -0.075493
-0.469213 -0.115512 3.427335 1.247941
-0.426220 -0.115512 1.692969 0.626020
-0.383228 -0.115512 -0.067891 -0.005173
-0.340236 -0.115512 -0.340236 -0.115512
-0.297244 -0.115512 -0.297244 -0.115512
-0.254252 -0.115512 -0.254252 -0.115512
-0.211260 -0.115512 -0.211260 -0.115512
-0.168268 -0.115512 -0.168268 -0.115512
-0.125276 -0.115512 -0.125276 -0.115512
-0.082283 -0.115512 -0.082283 -0.115512
-0.039291 -0.115512 -0.039291 -0.115512
0.003701 -0.115512 0.003701 -0.115512
0.046693 -0.115512 0.046693 -0.115512
0.089685 -0.115512 0.089685 -0.115512
0.132677 -0.115512 0.132677 -0.115512
0.175669 -0.115512 0.175669 -0.115512
0.218661 -0.115512 0.218661 -0.115512
0.261654 -0.115512 0.261654 -0.115512
0.304646 -0.115512 0.304646 -0.115512
0.347638 -0.115512 0.347638 -0.115512
0.433622 -0.115512 0.973808 -0.304533
0.476614 -0.115512 0.760639 -0.214896
0.519606 -0.115512 0.822025 -0.149586
0.562598 -0.115512 0.868539 -0.149983
0.605591 -0.115512 0.729330 -0.129454
0.648583 -0.115512 0.771814 -0.129396
0.691575 -0.115512 0.656261 -0.111533
0.734567 -0.115512 0.611226 -0.101615
0.777559 -0.115512 0.653710 -0.101557
0.820551 -0.115512 0.515362 -0.081125
0.863543 -0.115512 0.561876 -0.081522
0.906535 -0.115512 2.829038 -0.519031
0.949528 -0.115512 2.741657 -0.495195
0.992520 -0.115512 0.992520 -0.115512
1.035512 -0.115512 1.035512 -0.115512
1.078504 -0.115512 1.078504 -0.115512
1.121496 -0.115512 1.121496 -0.115512
1.164488 -0.115512 1.164488 -0.115512
1.207480 -0.115512 1.207480 -0.115512
1.250472 -0.115512 1.813689 -0.052051
1.293465 -0.115512 1.875087 -0.049979
1.336457 -0.115512 1.638124 -0.081522
1.379449 -0.115512 1.684637 -0.081125
1.422441 -0.115512 1.546290 -0.101557
1.465433 -0.115512 1.588773 -0.101615
1.508425 -0.115512 1.543740 -0.111533
1.551417 -0.115512 1.428187 -0.129396
1.594409 -0.115512 1.470670 -0.129454
1.637402 -0.115512 1.331461 -0.149983
1.680394 -0.115512 1.377975 -0.149586
1.723386 -0.115512 1.439360 -0.214896
1.766378 -0.115512 1.226191 -0.304531
1.809370 -0.115512 1.271517 -0.303717
1.852362 -0.115512 1.852362 -0.115512
1.895354 -0.115512 1.895354 -0.115512
1.938346 -0.115512 1.938346 -0.115512
1.981339 -0.115512 1.981339 -0.115512
2.024331 -0.115512 2.024331 -0.115512
2.067323 -0.115512 2.067323 -0.115512
2.110315 -0.115512 2.110315 -0.115512
2.153307 -0.115512 2.153307 -0.115512
2.196299 -0.115512 2.196299 -0.115512
2.239291 -0.115512 2.239291 -0.115512
2.282283 -0.115512 2.282283 -0.115512
2.325276 -0.115512 2.325276 -0.115512
2.368268 -0.115512 2.368268 -0.115512
2.411260 -0.115512 2.411260 -0.115512
2.454252 -0.115512 2.454252 -0.115512
2.497244 -0.115512 2.497244 -0.115512
2.540236 -0.115512 2.540236 -0.115512
2.583228 -0.115512 2.267877 -0.005168
2.626220 -0.115512 0.507039 -0.626031
2.669213 -0.115512 1.358974 -0.342958
2.712205 -0.115512 2.357033 -0.075494
2.755197 -0.115512 2.390187 -0.074385
2.798189 -0.115512 2.704448 -0.104950
2.841181 -0.115512 2.746699 -0.104867
2.884173 -0.115512 2.788951 -0.104783
2.927165 -0.115512 2.803912 -0.101625
2.970157 -0.115512 2.846396 -0.101567
3.013150 -0.115512 2.707354 -0.081057
3.056142 -0.115512 2.753868 -0.081454
3.099134 -0.115512 2.514346 -0.049622
3.142126 -0.115512 2.575738 -0.051694
3.185118 -0.115512 1.397063 -0.085952
3.228110 -0.115512 3.228110 -0.115512
3.271102 -0.115512 3.271102 -0.115512
3.314094 -0.115512 3.314094 -0.115512
3.357087 -0.115512 3.357087 -0.115512
3.400079 -0.115512 3.400079 -0.115512
3.443071 -0.115512 3.443071 -0.115512
3.486063 -0.115512 3.486063 -0.115512
3.529055 -0.115512 3.529055 -0.115512
3.572047 -0.115512 3.572047 -0.115512
3.615039 -0.115512 3.615039 -0.115512
3.658031 -0.115512 3.658031 -0.115512
3.701024 -0.115512 3.701024 -0.115512
3.744016 -0.115512 3.744016 -0.115512
3.787008 -0.115512 3.787008 -0.115512
3.830000 -0.115512 3.830000 -0.115512
-1.630000 -0.089843 -1.630000 -0.089843
-1.587008 -0.089843 -1.587008 -0.089843
-1.544016 -0.089843 -1.544016 -0.089843
-1.501024 -0.089843 -1.501024 -0.089843
-1.458031 -0.089843 -1.458031 -0.089843
-1.415039 -0.089843 -1.415039 -0.089843
-1.372047 -0.089843 -1.372047 -0.089843
-1.329055 -0.089843 -1.329055 -0.089843
-1.286063 -0.089843 -1.286063 -0.089843
-1.243071 -0.089843 -1.243071 -0.089843
-1.200079 -0.089843 -1.200079 -0.089843
-1.157087 -0.089843 -1.157087 -0.089843
-1.114094 -0.089843 -1.114094 -0.089843
-1.071102 -0.089843 -1.071102 -0.089843
-1.028110 -0.089843 -1.028110 -0.089843
-0.985118 -0.089843 14.177940 2.925247
-0.942126 -0.089843 -0.374503 -0.025886
-0.899134 -0.089843 -0.600144 -0.056154
-0.856142 -0.089843 -0.553631 -0.055758
-0.813150 -0.089843 -0.507118 -0.055361
-0.770157 -0.089843 -0.646431 -0.075902
-0.727165 -0.089843 -0.603947 -0.075960
-0.684173 -0.089843 -0.589000 -0.079119
-0.641181 -0.089843 -0.546749 -0.079203
-0.598189 -0.089843 -0.504498 -0.079286
-0.555197 -0.089843 -0.190848 -0.048790
-0.512205 -0.089843 -0.157695 -0.049898
-0.426220 -0.089843 1.780475 0.158783
-0.383228 -0.089843 -0.383228 -0.089843
-0.340236 -0.089843 -0.340236 -0.089843
-0.297244 -0.089843 -0.297244 -0.089843
-0.254252 -0.089843 -0.254252 -0.089843
-0.211260 -0.089843 -0.211260 -0.089843
-0.168268 -0.089843 -0.168268 -0.089843
-0.125276 -0.089843 -0.125276 -0.089843
-0.082283 -0.089843 -0.082283 -0.089843
-0.039291 -0.089843 -0.039291 -0.089843
0.003701 -0.089843 0.003701 -0.089843
0.046693 -0.089843 0.046693 -0.089843
0.089685 -0.089843 0.089685 -0.089843
0.132677 -0.089843 0.132677 -0.089843
0.175669 -0.089843 0.175669 -0.089843
0.218661 -0.089843 0.218661 -0.089843
0.261654 -0.089843 0.261654 -0.089843
0.304646 -0.089843 0.304646 -0.089843
0.347638 -0.089843 0.347638 -0.089843
0.390630 -0.089843 4.935995 -0.562056
0.433622 -0.089843 0.999532 -0.153606
0.476614 -0.089843 1.060928 -0.155679
0.519606 -0.089843 0.821788 -0.123890
0.562598 -0.089843 0.868302 -0.124287
0.605591 -0.089843 0.729364 -0.103788
0.648583 -0.089843 0.771848 -0.103731
0.691575 -0.089843 0.656261 -0.085864
0.734567 -0.089843 0.611261 -0.075950
0.777559 -0.089843 0.653744 -0.075892
0.820551 -0.089843 0.515125 -0.055429
0.863543 -0.089843 0.561639 -0.055826
0.906535 -0.089843 2.836641 -0.495328
0.949528 -0.089843 2.749259 -0.471492
0.992520 -0.089843 0.992520 -0.089843
1.035512 -0.089843 1.035512 -0.089843
1.078504 -0.089843 1.078504 -0.089843
1.121496 -0.089843 1.121496 -0.089843
1.164488 -0.089843 1.164488 -0.089843
1.207480 -0.089843 1.207480 -0.089843
1.250472 -0.089843 1.814927 -0.026243
1.293465 -0.089843 1.876325 -0.024170
1.336457 -0.089843 1.638361 -0.055826
1.379449 -0.089843 1.684874 -0.055429
1.422441 -0.089843 1.546255 -0.075892
1.465433 -0.089843 1.588739 -0.075950
1.508425 -0.089843 1.543740 -0.085864
1.551417 -0.089843 1.428152 -0.103731
1.594409 -0.089843 1.470636 -0.103788
1.637402 -0.089843 1.331698 -0.124287
1.680394 -0.089843 1.378212 -0.123890
1.723386 -0.089843 1.139076 -0.155679
1.766378 -0.089843 1.200467 -0.153603
1.809370 -0.089843 1.255549 -0.283635
1.852362 -0.089843 1.852362 -0.089843
1.895354 -0.089843 1.895354 -0.089843
1.938346 -0.089843 1.938346 -0.089843
1.981339 -0.089843 1.981339 -0.089843
2.024331 -0.089843 2.024331 -0.089843
2.067323 -0.089843 2.067323 -0.089843
2.110315 -0.089843 2.110315 -0.089843
2.153307 -0.089843 2.153307 -0.089843
2.196299 -0.089843 2.196299 -0.089843
2.239291 -0.089843 2.239291 -0.089843
2.282283 -0.089843 2.282283 -0.089843
2.325276 -0.089843 2.325276 -0.089843
2.368268 -0.089843 2.368268 -0.089843
2.411260 -0.089843 2.411260 -0.089843
2.454252 -0.089843 2.454252 -0.089843
2.497244 -0.089843 2.497244 -0.089843
2.540236 -0.089843 2.540236 -0.089843
2.583228 -0.089843 2.583228 -0.089843
2.626220 -0.089843 0.419523 -0.158795
2.712205 -0.089843 2.357695 -0.049899
2.755197 -0.089843 2.390849 -0.048790
2.798189 -0.089843 2.704497 -0.079286
2.841181 -0.089843 2.746749 -0.079203
2.884173 -0.089843 2.789001 -0.079119
2.927165 -0.089843 2.803947 -0.075960
2.970157 -0.089843 2.846430 -0.075902
3.013150 -0.089843 2.707117 -0.055361
3.056142 -0.089843 2.753632 -0.055758
3.099134 -0.089843 2.800145 -0.056155
3.142126 -0.089843 2.574500 -0.025885
3.185118 -0.089843 -7.104020 -1.069465
3.228110 -0.089843 3.228110 -0.089843
3.271102 -0.089843 3.271102 -0.089843
3.314094 -0.089843 3.314094 -0.089843
3.357087 -0.089843 3.357087 -0.089843
3.400079 -0.089843 3.400079 -0.089843
3.443071 -0.089843 3.443071 -0.089843
3.486063 -0.089843 3.486063 -0.089843
3.529055 -0.089843 3.529055 -0.089843
3.572047 -0.089843 3.572047 -0.089843
3.615039 -0.089843 3.615039 -0.089843
3.658031 -0.089843 3.658031 -0.089843
3.701024 -0.089843 3.701024 -0.089843
3.744016 -0.089843 3.744016 -0.089843
3.787008 -0.089843 3.787008 -0.089843
3.830000 -0.089843 3.830000 -0.089843
-1.630000 -0.064173 -1.630000 -0.064173
-1.587008 -0.064173 -1.587008 -0.064173
-1.544016 -0.064173 -1.544016 -0.064173
-1.501024 -0.064173 -1.501024 -0.064173
-1.458031 -0.064173 -1.458031 -0.064173
-1.415039 -0.064173 -1.415039 -0.064173
-1.372047 -0.064173 -1.372047 -0.064173
-1.329055 -0.064173 -1.329055 -0.064173
-1.286063 -0.064173 -1.286063 -0.064173
-1.243071 -0.064173 -1.243071 -0.064173
-1.200079 -0.064173 -1.200079 -0.064173
-1.157087 -0.064173 -1.157087 -0.064173
-1.114094 -0.064173 -1.114094 -0.064173
-1.071102 -0.064173 -1.071102 -0.064173
-1.028110 -0.064173 -1.028110 -0.064173
-0.942126 -0.064173 -0.373266 -0.000077
-0.899134 -0.064173 -0.599908 -0.030458
-0.856142 -0.064173 -0.553394 -0.030062
-0.813150 -0.064173 -0.506881 -0.029665
-0.770157 -0.064173 -0.646465 -0.050237
-0.727165 -0.064173 -0.641255 -0.054494
-0.684173 -0.064173 -0.589050 -0.053456
-0.641181 -0.064173 -0.546799 -0.053539
-0.598189 -0.064173 -0.504548 -0.053622
-0.555197 -0.064173 -0.191510 -0.023196
-0.512205 -0.064173 -0.158357 -0.024304
-0.426220 -0.064173 1.770260 0.183301
-0.383228 -0.064173 -0.383228 -0.064173
-0.340236 -0.064173 -0.340236 -0.064173
-0.297244 -0.064173 -0.297244 -0.064173
-0.254252 -0.064173 -0.254252 -0.064173
-0.211260 -0.064173 -0.211260 -0.064173
-0.168268 -0.064173 -0.168268 -0.064173
-0.125276 -0.064173 -0.125276 -0.064173
-0.082283 -0.064173 -0.082283 -0.064173
-0.039291 -0.064173 -0.039291 -0.064173
0.003701 -0.064173 0.003701 -0.064173
0.046693 -0.064173 0.046693 -0.064173
0.089685 -0.064173 0.089685 -0.064173
0.132677 -0.064173 0.132677 -0.064173
0.175669 -0.064173 0.175669 -0.064173
0.218661 -0.064173 0.218661 -0.064173
0.261654 -0.064173 0.261654 -0.064173
0.304646 -0.064173 0.304646 -0.064173
0.347638 -0.064173 0.347638 -0.064173
0.390630 -0.064173 0.390630 -0.064173
0.433622 -0.064173 0.998290 -0.127794
0.476614 -0.064173 1.059690 -0.129870
0.519606 -0.064173 0.821552 -0.098195
0.562598 -0.064173 0.868065 -0.098591
0.605591 -0.064173 0.729399 -0.078123
0.648583 -0.064173 0.771882 -0.078065
0.691575 -0.064173 0.726888 -0.068152
0.734567 -0.064173 0.611295 -0.050284
0.777559 -0.064173 0.653779 -0.050226
0.820551 -0.064173 0.514888 -0.029733
0.863543 -0.064173 0.561402 -0.030130
0.906535 -0.064173 2.844243 -0.471625
0.949528 -0.064173 2.756862 -0.447789
0.992520 -0.064173 1.320088 -0.101081
1.035512 -0.064173 1.035512 -0.064173
1.078504 -0.064173 1.078504 -0.064173
1.121496 -0.064173 1.121496 -0.064173
1.164488 -0.064173 1.164488 -0.064173
1.207480 -0.064173 0.879921 -0.101080
1.250472 -0.064173 1.816165 -0.000434
1.293465 -0.064173 1.877563 0.001639
1.336457 -0.064173 1.638598 -0.030130
1.379449 -0.064173 1.685111 -0.029733
1.422441 -0.064173 1.546221 -0.050227
1.465433 -0.064173 1.588704 -0.050284
1.508425 -0.064173 1.473111 -0.068152
1.551417 -0.064173 1.428118 -0.078065
1.594409 -0.064173 1.470602 -0.078123
1.637402 -0.064173 1.331935 -0.098591
1.680394 -0.064173 1.378449 -0.098195
1.723386 -0.064173 1.140314 -0.129870
1.766378 -0.064173 1.201705 -0.127795
1.809370 -0.064173 1.809370 -0.064173
1.852362 -0.064173 1.852362 -0.064173
1.895354 -0.064173 1.895354 -0.064173
1.938346 -0.064173 1.938346 -0.064173
1.981339 -0.064173 1.981339 -0.064173
2.024331 -0.064173 2.024331 -0.064173
2.067323 -0.064173 2.067323 -0.064173
2.110315 -0.064173 2.110315 -0.064173
2.153307 -0.064173 2.153307 -0.064173
2.196299 -0.064173 2.196299 -0.064173
2.239291 -0.064173 2.239291 -0.064173
2.282283 -0.064173 2.282283 -0.064173
2.325276 -0.064173 2.325276 -0.064173
2.368268 -0.064173 2.368268 -0.064173
2.411260 -0.064173 2.411260 -0.064173
2.454252 -0.064173 2.454252 -0.064173
2.497244 -0.064173 2.497244 -0.064173
2.540236 -0.064173 2.540236 -0.064173
2.583228 -0.064173 2.583228 -0.064173
2.626220 -0.064173 0.429690 -0.183307
2.712205 -0.064173 2.358356 -0.024304
2.755197 -0.064173 2.391511 -0.023196
2.798189 -0.064173 2.704547 -0.053622
2.841181 -0.064173 2.746799 -0.053539
2.884173 -0.064173 2.789050 -0.053456
2.927165 -0.064173 2.841255 -0.054494
2.970157 -0.064173 2.846465 -0.050236
3.013150 -0.064173 2.706880 -0.029665
3.056142 -0.064173 2.753394 -0.030062
3.099134 -0.064173 2.799908 -0.030459
3.142126 -0.064173 2.573266 -0.000078
3.185118 -0.064173 -1.405357 -0.115560
3.228110 -0.064173 3.228110 -0.064173
3.271102 -0.064173 3.271102 -0.064173
3.314094 -0.064173 3.314094 -0.064173
3.357087 -0.064173 3.357087 -0.064173
3.400079 -0.064173 3.400079 -0.064173
3.443071 -0.064173 3.443071 -0.064173
3.486063 -0.064173 3.486063 -0.064173
3.529055 -0.064173 3.529055 -0.064173
3.572047 -0.064173 3.572047 -0.064173
3.615039 -0.064173 3.615039 -0.064173
3.658031 -0.064173 3.658031 -0.064173
3.701024 -0.064173 3.701024 -0.064173
3.744016 -0.064173 3.744016 -0.064173
3.787008 -0.064173 3.787008 -0.064173
3.830000 -0.064173 3.830000 -0.064173
-1.630000 -0.038504 -1.630000 -0.038504
-1.587008 -0.038504 -1.587008 -0.038504
-1.544016 -0.038504 -1.544016 -0.038504
-1.501024 -0.038504 -1.501024 -0.038504
-1.458031 -0.038504 -1.458031 -0.038504
-1.415039 -0.038504 -1.415039 -0.038504
-1.372047 -0.038504 -1.372047 -0.038504
-1.329055 -0.038504 -1.329055 -0.038504
-1.286063 -0.038504 -1.286063 -0.038504
-1.243071 -0.038504 -1.243071 -0.038504
-1.200079 -0.038504 -1.200079 -0.038504
-1.157087 -0.038504 -1.157087 -0.038504
-1.114094 -0.038504 -1.114094 -0.038504
-1.071102 -0.038504 -1.071102 -0.038504
-1.028110 -0.038504 -1.028110 -0.038504
-0.985118 -0.038504 4.972791 0.176142
-0.942126 -0.038504 -0.372028 0.025732
-0.899134 -0.038504 -0.599671 -0.004762
-0.856142 -0.038504 -0.553157 -0.004366
-0.813150 -0.038504 -0.506644 -0.003969
-0.770157 -0.038504 -0.646499 -0.024571
-0.727165 -0.038504 -0.641197 -0.028818
-0.684173 -0.038504 -0.589100 -0.027792
-0.641181 -0.038504 -0.546849 -0.027876
-0.598189 -0.038504 -0.504597 -0.027959
-0.555197 -0.038504 -0.192172 0.002399
-0.512205 -0.038504 -0.159019 0.001291
-0.426220 -0.038504 1.760045 0.207820
-0.383228 -0.038504 -0.383228 -0.038504
-0.340236 -0.038504 -0.340236 -0.038504
-0.297244 -0.038504 -0.297244 -0.038504
-0.254252 -0.038504 -0.254252 -0.038504
-0.211260 -0.038504 -0.211260 -0.038504
-0.168268 -0.038504 -0.168268 -0.038504
-0.125276 -0.038504 -0.125276 -0.038504
-0.082283 -0.038504 -0.082283 -0.038504
-0.039291 -0.038504 -0.039291 -0.038504
0.003701 -0.038504 0.003701 -0.038504
0.046693 -0.038504 0.046693 -0.038504
0.089685 -0.038504 0.089685 -0.038504
0.132677 -0.038504 0.132677 -0.038504
0.175669 -0.038504 0.175669 -0.038504
0.218661 -0.038504 0.218661 -0.038504
0.261654 -0.038504 0.261654 -0.038504
0.304646 -0.038504 0.304646 -0.038504
0.347638 -0.038504 0.347638 -0.038504
0.390630 -0.038504 0.390630 -0.038504
0.433622 -0.038504 0.997052 -0.101985
0.476614 -0.038504 1.058452 -0.104062
0.519606 -0.038504 0.821315 -0.072498
0.562598 -0.038504 0.867828 -0.072895
0.605591 -0.038504 0.729433 -0.052457
0.648583 -0.038504 0.771916 -0.052400
0.691575 -0.038504 0.726889 -0.042483
0.734567 -0.038504 0.611329 -0.024619
0.777559 -0.038504 0.653813 -0.024561
0.820551 -0.038504 0.514651 -0.004037
0.863543 -0.038504 0.561165 -0.004434
0.906535 -0.038504 0.571489 -0.130648
0.949528 -0.038504 2.764508 -0.424089
0.992520 -0.038504 1.326032 -0.076082
1.035512 -0.038504 1.035512 -0.038504
1.078504 -0.038504 1.078504 -0.038504
1.121496 -0.038504 1.121496 -0.038504
1.164488 -0.038504 1.164488 -0.038504
1.207480 -0.038504 0.873977 -0.076081
1.250472 -0.038504 1.817402 0.025375
1.293465 -0.038504 1.628505 -0.130649
1.336457 -0.038504 1.638835 -0.004434
1.379449 -0.038504 1.685348 -0.004037
1.422441 -0.038504 1.546187 -0.024561
1.465433 -0.038504 1.588670 -0.024619
1.508425 -0.038504 1.473111 -0.042483
1.551417 -0.038504 1.428084 -0.052400
1.594409 -0.038504 1.470567 -0.052458
1.637402 -0.038504 1.332172 -0.072895
1.680394 -0.038504 1.378685 -0.072498
1.723386 -0.038504 1.141552 -0.104061
1.766378 -0.038504 1.202943 -0.101986
1.809370 -0.038504 1.809370 -0.038504
1.852362 -0.038504 1.852362 -0.038504
1.895354 -0.038504 1.895354 -0.038504
1.938346 -0.038504 1.938346 -0.038504
1.981339 -0.038504 1.981339 -0.038504
2.024331 -0.038504 2.024331 -0.038504
2.067323 -0.038504 2.067323 -0.038504
2.110315 -0.038504 2.110315 -0.038504
2.153307 -0.038504 2.153307 -0.038504
2.196299 -0.038504 2.196299 -0.038504
2.239291 -0.038504 2.239291 -0.038504
2.282283 -0.038504 2.282283 -0.038504
2.325276 -0.038504 2.325276 -0.038504
2.368268 -0.038504 2.368268 -0.038504
2.411260 -0.038504 2.411260 -0.038504
2.454252 -0.038504 2.454252 -0.038504
2.497244 -0.038504 2.497244 -0.038504
2.540236 -0.038504 2.540236 -0.038504
2.583228 -0.038504 2.583228 -0.038504
2.626220 -0.038504 0.439906 -0.207825
2.712205 -0.038504 2.359018 0.001291
2.755197 -0.038504 2.392173 0.002399
2.798189 -0.038504 2.704597 -0.027959
2.841181 -0.038504 2.746848 -0.027875
2.884173 -0.038504 2.789100 -0.027792
2.927165 -0.038504 2.841197 -0.028818
2.970157 -0.038504 2.846499 -0.024571
3.013150 -0.038504 2.706643 -0.003969
3.056142 -0.038504 2.753157 -0.004366
3.099134 -0.038504 2.799671 -0.004763
3.142126 -0.038504 2.572028 0.025731
3.185118 -0.038504 -1.372213 -0.141036
3.228110 -0.038504 3.228110 -0.038504
3.271102 -0.038504 3.271102 -0.038504
3.314094 -0.038504 3.314094 -0.038504
3.357087 -0.038504 3.357087 -0.038504
3.400079 -0.038504 3.400079 -0.038504
3.443071 -0.038504 3.443071 -0.038504
3.486063 -0.038504 3.486063 -0.038504
3.529055 -0.038504 3.529055 -0.038504
3.572047 -0.038504 3.572047 -0.038504
3.615039 -0.038504 3.615039 -0.038504
3.658031 -0.038504 3.658031 -0.038504
3.701024 -0.038504 3.701024 -0.038504
3.744016 -0.038504 3.744016 -0.038504
3.787008 -0.038504 3.787008 -0.038504
3.830000 -0.038504 3.830000 -0.038504
-1.630000 -0.012835 -1.630000 -0.012835
-1.587008 -0.012835 -1.587008 -0.012835
-1.544016 -0.012835 -1.544016 -0.012835
-1.501024 -0.012835 -1.501024 -0.012835
-1.458031 -0.012835 -1.458031 -0.012835
-1.415039 -0.012835 -1.415039 -0.012835
-1.372047 -0.012835 -1.372047 -0.012835
-1.329055 -0.012835 -1.329055 -0.012835
-1.286063 -0.012835 -1.286063 -0.012835
-1.243071 -0.012835 -1.243071 -0.012835
-1.200079 -0.012835 -1.200079 -0.012835
-1.157087 -0.012835 -1.157087 -0.012835
-1.114094 -0.012835 -1.114094 -0.012835
-1.071102 -0.012835 -1.071102 -0.012835
-1.028110 -0.012835 -1.028110 -0.012835
-0.985118 -0.012835 4.950236 0.063460
-0.942126 -0.012835 -0.372010 0.035366
-0.899134 -0.012835 -0.599434 0.020933
-0.856142 -0.012835 -0.552920 0.021330
-0.813150 -0.012835 -0.689017 0.001152
-0.770157 -0.012835 -0.646534 0.001094
-0.727165 -0.012835 -0.641139 -0.003142
-0.684173 -0.012835 -0.589150 -0.002128
-0.641181 -0.012835 -0.546898 -0.002212
-0.598189 -0.012835 -0.504647 -0.002295
-0.555197 -0.012835 -0.192834 0.027994
-0.512205 -0.012835 -0.159679 0.026885
-0.469213 -0.012835 1.237181 0.179432
-0.426220 -0.012835 1.749830 0.232338
-0.383228 -0.012835 -0.383228 -0.012835
-0.340236 -0.012835 -0.340236 -0.012835
-0.297244 -0.012835 -0.297244 -0.012835
-0.254252 -0.012835 -0.254252 -0.012835
-0.211260 -0.012835 -0.211260 -0.012835
-0.168268 -0.012835 -0.168268 -0.012835
-0.125276 -0.012835 -0.125276 -0.012835
-0.082283 -0.012835 -0.082283 -0.012835
-0.039291 -0.012835 -0.039291 -0.012835
0.003701 -0.012835 0.003701 -0.012835
0.046693 -0.012835 0.046693 -0.012835
0.089685 -0.012835 0.089685 -0.012835
0.132677 -0.012835 0.132677 -0.012835
0.175669 -0.012835 0.175669 -0.012835
0.218661 -0.012835 0.218661 -0.012835
0.261654 -0.012835 0.261654 -0.012835
0.304646 -0.012835 0.304646 -0.012835
0.347638 -0.012835 0.347638 -0.012835
0.390630 -0.012835 0.390630 -0.012835
0.433622 -0.012835 0.995814 -0.076176
0.476614 -0.012835 1.057210 -0.078250
0.519606 -0.012835 0.821078 -0.046802
0.562598 -0.012835 0.867592 -0.047199
0.605591 -0.012835 0.729467 -0.026792
0.648583 -0.012835 0.771951 -0.026735
0.691575 -0.012835 0.726889 -0.016813
0.734567 -0.012835 0.611364 0.001047
0.777559 -0.012835 0.653848 0.001104
0.820551 -0.012835 0.514415 0.021659
0.863543 -0.012835 0.560928 0.021262
0.906535 -0.012835 0.607442 0.020865
0.949528 -0.012835 2.772110 -0.400386
0.992520 -0.012835 1.331967 -0.051082
1.035512 -0.012835 1.035512 -0.012835
1.078504 -0.012835 1.078504 -0.012835
1.121496 -0.012835 1.121496 -0.012835
1.164488 -0.012835 1.164488 -0.012835
1.207480 -0.012835 0.868033 -0.051081
1.250472 -0.012835 1.817402 -0.034930
1.293465 -0.012835 1.592558 0.020865
1.336457 -0.012835 1.639072 0.021262
1.379449 -0.012835 1.685585 0.021658
1.422441 -0.012835 1.546152 0.001104
1.465433 -0.012835 1.588636 0.001047
1.508425 -0.012835 1.473111 -0.016813
1.551417 -0.012835 1.428049 -0.026734
1.594409 -0.012835 1.470533 -0.026792
1.637402 -0.012835 1.332408 -0.047199
1.680394 -0.012835 1.378922 -0.046802
1.723386 -0.012835 1.142790 -0.078253
1.766378 -0.012835 1.204185 -0.076179
1.809370 -0.012835 1.809370 -0.012835
1.852362 -0.012835 1.852362 -0.012835
1.895354 -0.012835 1.895354 -0.012835
1.938346 -0.012835 1.938346 -0.012835
1.981339 -0.012835 1.981339 -0.012835
2.024331 -0.012835 2.024331 -0.012835
2.067323 -0.012835 2.067323 -0.012835
2.110315 -0.012835 2.110315 -0.012835
2.153307 -0.012835 2.153307 -0.012835
2.196299 -0.012835 2.196299 -0.012835
2.239291 -0.012835 2.239291 -0.012835
2.282283 -0.012835 2.282283 -0.012835
2.325276 -0.012835 2.325276 -0.012835
2.368268 -0.012835 2.368268 -0.012835
2.411260 -0.012835 2.411260 -0.012835
2.454252 -0.012835 2.454252 -0.012835
2.497244 -0.012835 2.497244 -0.012835
2.540236 -0.012835 2.540236 -0.012835
2.583228 -0.012835 2.583228 -0.012835
2.626220 -0.012835 0.450121 -0.232344
2.669213 -0.012835 0.962820 -0.179424
2.712205 -0.012835 2.359679 0.026886
2.755197 -0.012835 2.392834 0.027994
2.798189 -0.012835 2.704647 -0.002295
2.841181 -0.012835 2.746898 -0.002212
2.884173 -0.012835 2.789150 -0.002128
2.927165 -0.012835 2.841139 -0.003142
2.970157 -0.012835 2.846534 0.001094
3.013150 -0.012835 2.889017 0.001152
3.056142 -0.012835 2.752920 0.021330
3.099134 -0.012835 2.799434 0.020934
3.142126 -0.012835 2.572010 -0.035365
3.185118 -0.012835 -1.387565 0.025685
3.228110 -0.012835 3.228110 -0.012835
3.271102 -0.012835 3.271102 -0.012835
3.314094 -0.012835 3.314094 -0.012835
3.357087 -0.012835 3.357087 -0.012835
3.400079 -0.012835 3.400079 -0.012835
3.443071 -0.012835 3.443071 -0.012835
3.486063 -0.012835 3.486063 -0.012835
3.529055 -0.012835 3.529055 -0.012835
3.572047 -0.012835 3.572047 -0.012835
3.615039 -0.012835 3.615039 -0.012835
3.658031 -0.012835 3.658031 -0.012835
3.701024 -0.012835 3.701024 -0.012835
3.744016 -0.012835 3.744016 -0.012835
3.787008 -0.012835 3.787008 -0.012835
3.830000 -0.012835 3.830000 -0.012835
-1.630000 0.012835 -1.630000 0.012835
-1.587008 0.012835 -1.587008 0.012835
-1.544016 0.012835 -1.544016 0.012835
-1.501024 0.012835 -1.501024 0.012835
-1.458031 0.012835 -1.458031 0.012835
-1.415039 0.012835 -1.415039 0.012835
-1.372047 0.012835 -1.372047 0.012835
-1.329055 0.012835 -1.329055 0.012835
-1.286063 0.012835 -1.286063 0.012835
-1.243071 0.012835 -1.243071 0.012835
-1.200079 0.012835 -1.200079 0.012835
-1.157087 0.012835 -1.157087 0.012835
-1.114094 0.012835 -1.114094 0.012835
-1.071102 0.012835 -1.071102 0.012835
-1.028110 0.012835 -1.028110 0.012835
-0.985118 0.012835 4.950211 -0.063461
-0.942126 0.012835 -0.372010 -0.035365
-0.899134 0.012835 -0.599434 -0.020934
-0.856142 0.012835 -0.552920 -0.021330
-0.813150 0.012835 -0.689017 -0.001152
-0.770157 0.012835 -0.646534 -0.001094
-0.727165 0.012835 -0.641139 0.003142
-0.684173 0.012835 -0.589150 0.002128
-0.641181 0.012835 -0.546898 0.002212
-0.598189 0.012835 -0.504647 0.002295
-0.555197 0.012835 -0.192834 -0.027994
-0.512205 0.012835 -0.159679 -0.026886
-0.469213 0.012835 1.237180 -0.179424
-0.426220 0.012835 1.749879 -0.232344
-0.383228 0.012835 -0.383228 0.012835
-0.340236 0.012835 -0.340236 0.012835
-0.297244 0.012835 -0.297244 0.012835
-0.254252 0.012835 -0.254252 0.012835
-0.211260 0.012835 -0.211260 0.012835
-0.168268 0.012835 -0.168268 0.012835
-0.125276 0.012835 -0.125276 0.012835
-0.082283 0.012835 -0.082283 0.012835
-0.039291 0.012835 -0.039291 0.012835
0.003701 0.012835 0.003701 0.012835
0.046693 0.012835 0.046693 0.012835
0.089685 0.012835 0.089685 0.012835
0.132677 0.012835 0.132677 0.012835
0.175669 0.012835 0.175669 0.012835
0.218661 0.012835 0.218661 0.012835
0.261654 0.012835 0.261654 0.012835
0.304646 0.012835 0.304646 0.012835
0.347638 0.012835 0.347638 0.012835
0.390630 0.012835 0.390630 0.012835
0.433622 0.012835 0.995815 0.076179
0.476614 0.012835 1.057210 0.078253
0.519606 0.012835 0.821078 0.046802
0.562598 0.012835 0.867592 0.047199
0.605591 0.012835 0.729467 0.026792
0.648583 0.012835 0.771951 0.026734
0.691575 0.012835 0.726889 0.016813
0.734567 0.012835 0.611364 -0.001047
0.777559 0.012835 0.653848 -0.001104
0.820551 0.012835 0.514415 -0.021658
0.863543 0.012835 0.560928 -0.021262
0.906535 0.012835 0.607442 -0.020865
0.949528 0.012835 2.772107 0.400395
0.992520 0.012835 1.331967 0.051081
1.035512 0.012835 1.035512 0.012835
1.078504 0.012835 1.078504 0.012835
1.121496 0.012835 1.121496 0.012835
1.164488 0.012835 1.164488 0.012835
1.207480 0.012835 0.868033 0.051082
1.250472 0.012835 1.879052 -0.805607
1.293465 0.012835 1.592558 -0.020865
1.336457 0.012835 1.639072 -0.021262
1.379449 0.012835 1.685585 -0.021659
1.422441 0.012835 1.546152 -0.001104
1.465433 0.012835 1.588636 -0.001047
1.508425 0.012835 1.473111 0.016813
1.551417 0.012835 1.428049 0.026735
1.594409 0.012835 1.470533 0.026792
1.637402 0.012835 1.332408 0.047199
1.680394 0.012835 1.378922 0.046802
1.723386 0.012835 1.142790 0.078250
1.766378 0.012835 1.204186 0.076176
1.809370 0.012835 1.809370 0.012835
1.852362 0.012835 1.852362 0.012835
1.895354 0.012835 1.895354 0.012835
1.938346 0.012835 1.938346 0.012835
1.981339 0.012835 1.981339 0.012835
2.024331 0.012835 2.024331 0.012835
2.067323 0.012835 2.067323 0.012835
2.110315 0.012835 2.110315 0.012835
2.153307 0.012835 2.153307 0.012835
2.196299 0.012835 2.196299 0.012835
2.239291 0.012835 2.239291 0.012835
2.282283 0.012835 2.282283 0.012835
2.325276 0.012835 2.325276 0.012835
2.368268 0.012835 2.368268 0.012835
2.411260 0.012835 2.411260 0.012835
2.454252 0.012835 2.454252 0.012835
2.497244 0.012835 2.497244 0.012835
2.540236 0.012835 2.540236 0.012835
2.583228 0.012835 2.583228 0.012835
2.626220 0.012835 1.117009 -0.564491
2.669213 0.012835 1.070524 -0.571210
2.712205 0.012835 2.359679 -0.026885
2.755197 0.012835 2.392834 -0.027994
2.798189 0.012835 2.704647 0.002295
2.841181 0.012835 2.746898 0.002212
2.884173 0.012835 2.789150 0.002128
2.927165 0.012835 2.841139 0.003142
2.970157 0.012835 2.846534 -0.001094
3.013150 0.012835 2.889017 -0.001152
3.056142 0.012835 2.752920 -0.021330
3.099134 0.012835 2.799434 -0.020933
3.142126 0.012835 2.510951 -0.816678
3.185118 0.012835 2.318009 -0.907309
3.228110 0.012835 3.228110 0.012835
3.271102 0.012835 3.271102 0.012835
3.314094 0.012835 3.314094 0.012835
3.357087 0.012835 3.357087 0.012835
3.400079 0.012835 3.400079 0.012835
3.443071 0.012835 3.443071 0.012835
3.486063 0.012835 3.486063 0.012835
3.529055 0.012835 3.529055 0.012835
3.572047 0.012835 3.572047 0.012835
3.615039 0.012835 3.615039 0.012835
3.658031 0.012835 3.658031 0.012835
3.701024 0.012835 3.701024 0.012835
3.744016 0.012835 3.744016 0.012835
3.787008 0.012835 3.787008 0.012835
3.830000 0.012835 3.830000 0.012835
-1.630000 0.038504 -1.630000 0.038504
-1.587008 0.038504 -1.587008 0.038504
-1.544016 0.038504 -1.544016 0.038504
-1.501024 0.038504 -1.501024 0.038504
-1.458031 0.038504 -1.458031 0.038504
-1.415039 0.038504 -1.415039 0.038504
-1.372047 0.038504 -1.372047 0.038504
-1.329055 0.038504 -1.329055 0.038504
-1.286063 0.038504 -1.286063 0.038504
-1.243071 0.038504 -1.243071 0.038504
-1.200079 0.038504 -1.200079 0.038504
-1.157087 0.038504 -1.157087 0.038504
-1.114094 0.038504 -1.114094 0.038504
-1.071102 0.038504 -1.071102 0.038504
-1.028110 0.038504 -1.028110 0.038504
-0.985118 0.038504 4.972783 -0.176148
-0.942126 0.038504 -0.372028 -0.025731
-0.899134 0.038504 -0.599671 0.004763
-0.856142 0.038504 -0.553157 0.004366
-0.813150 0.038504 -0.506643 0.003969
-0.770157 0.038504 -0.646499 0.024571
-0.727165 0.038504 -0.641197 0.028818
-0.684173 0.038504 -0.589100 0.027792
-0.641181 0.038504 -0.546848 0.027875
-0.598189 0.038504 -0.504597 0.027959
-0.555197 0.038504 -0.192173 -0.002399
-0.512205 0.038504 -0.159018 -0.001291
-0.426220 0.038504 1.760094 -0.207825
-0.383228 0.038504 -0.383228 0.038504
-0.340236 0.038504 -0.340236 0.038504
-0.297244 0.038504 -0.297244 0.038504
-0.254252 0.038504 -0.254252 0.038504
-0.211260 0.038504 -0.211260 0.038504
-0.168268 0.038504 -0.168268 0.038504
-0.125276 0.038504 -0.125276 0.038504
-0.082283 0.038504 -0.082283 0.038504
-0.039291 0.038504 -0.039291 0.038504
0.003701 0.038504 0.003701 0.038504
0.046693 0.038504 0.046693 0.038504
0.089685 0.038504 0.089685 0.038504
0.132677 0.038504 0.132677 0.038504
0.175669 0.038504 0.175669 0.038504
0.218661 0.038504 0.218661 0.038504
0.261654 0.038504 0.261654 0.038504
0.304646 0.038504 0.304646 0.038504
0.347638 0.038504 0.347638 0.038504
0.390630 0.038504 0.390630 0.038504
0.433622 0.038504 0.997057 0.101986
0.476614 0.038504 1.058448 0.104061
0.519606 0.038504 0.821315 0.072498
0.562598 0.038504 0.867828 0.072895
0.605591 0.038504 0.729433 0.052458
0.648583 0.038504 0.771916 0.052400
0.691575 0.038504 0.726889 0.042483
0.734567 0.038504 0.611330 0.024619
0.777559 0.038504 0.653813 0.024561
0.820551 0.038504 0.514652 0.004037
0.863543 0.038504 0.561165 0.004434
0.906535 0.038504 0.488392 -0.699971
0.949528 0.038504 2.764505 0.424097
0.992520 0.038504 1.326023 0.076081
1.035512 0.038504 1.035512 0.038504
1.078504 0.038504 1.078504 0.038504
1.121496 0.038504 1.121496 0.038504
1.164488 0.038504 1.164488 0.038504
1.207480 0.038504 0.873968 0.076082
1.250472 0.038504 1.817402 -0.025374
1.293465 0.038504 1.711606 -0.699970
1.336457 0.038504 1.638835 0.004434
1.379449 0.038504 1.685349 0.004037
1.422441 0.038504 1.546187 0.024561
1.465433 0.038504 1.588671 0.024619
1.508425 0.038504 1.473111 0.042483
1.551417 0.038504 1.428084 0.052400
1.594409 0.038504 1.470567 0.052457
1.637402 0.038504 1.332172 0.072895
1.680394 0.038504 1.378685 0.072498
1.723386 0.038504 1.141548 0.104062
1.766378 0.038504 1.202948 0.101985
1.809370 0.038504 1.809370 0.038504
1.852362 0.038504 1.852362 0.038504
1.895354 0.038504 1.895354 0.038504
1.938346 0.038504 1.938346 0.038504
1.981339 0.038504 1.981339 0.038504
2.024331 0.038504 2.024331 0.038504
2.067323 0.038504 2.067323 0.038504
2.110315 0.038504 2.110315 0.038504
2.153307 0.038504 2.153307 0.038504
2.196299 0.038504 2.196299 0.038504
2.239291 0.038504 2.239291 0.038504
2.282283 0.038504 2.282283 0.038504
2.325276 0.038504 2.325276 0.038504
2.368268 0.038504 2.368268 0.038504
2.411260 0.038504 2.411260 0.038504
2.454252 0.038504 2.454252 0.038504
2.497244 0.038504 2.497244 0.038504
2.540236 0.038504 2.540236 0.038504
2.583228 0.038504 2.583228 0.038504
2.626220 0.038504 1.636299 -0.768636
2.669213 0.038504 1.671040 -0.779304
2.712205 0.038504 2.359019 -0.001291
2.755197 0.038504 2.392172 -0.002399
2.798189 0.038504 2.704597 0.027959
2.841181 0.038504 2.746849 0.027876
2.884173 0.038504 2.789100 0.027792
2.927165 0.038504 2.841197 0.028818
2.970157 0.038504 2.846499 0.024571
3.013150 0.038504 2.706644 0.003969
3.056142 0.038504 2.753157 0.004366
3.099134 0.038504 2.799671 0.004762
3.142126 0.038504 2.572028 -0.025732
3.185118 0.038504 -4.727056 -5.999109
3.228110 0.038504 3.228110 0.038504
3.271102 0.038504 3.271102 0.038504
3.314094 0.038504 3.314094 0.038504
3.357087 0.038504 3.357087 0.038504
3.400079 0.038504 3.400079 0.038504
3.443071 0.038504 3.443071 0.038504
3.486063 0.038504 3.486063 0.038504
3.529055 0.038504 3.529055 0.038504
3.572047 0.038504 3.572047 0.038504
3.615039 0.038504 3.615039 0.038504
3.658031 0.038504 3.658031 0.038504
3.701024 0.038504 3.701024 0.038504
3.744016 0.038504 3.744016 0.038504
3.787008 0.038504 3.787008 0.038504
3.830000 0.038504 3.830000 0.038504
-1.630000 0.064173 -1.630000 0.064173
-1.587008 0.064173 -1.587008 0.064173
-1.544016 0.064173 -1.544016 0.064173
-1.501024 0.064173 -1.501024 0.064173
-1.458031 0.064173 -1.458031 0.064173
-1.415039 0.064173 -1.415039 0.064173
-1.372047 0.064173 -1.372047 0.064173
-1.329055 0.064173 -1.329055 0.064173
-1.286063 0.064173 -1.286063 0.064173
-1.243071 0.064173 -1.243071 0.064173
-1.200079 0.064173 -1.200079 0.064173
-1.157087 0.064173 -1.157087 0.064173
-1.114094 0.064173 -1.114094 0.064173
-1.071102 0.064173 -1.071102 0.064173
-1.028110 0.064173 -1.028110 0.064173
-0.942126 0.064173 -0.373266 0.000078
-0.899134 0.064173 -0.599908 0.030459
-0.856142 0.064173 -0.553394 0.030062
-0.813150 0.064173 -0.506880 0.029665
-0.770157 0.064173 -0.646465 0.050236
-0.727165 0.064173 -0.641255 0.054494
-0.684173 0.064173 -0.589050 0.053456
-0.641181 0.064173 -0.546799 0.053539
-0.598189 0.064173 -0.504547 0.053622
-0.555197 0.064173 -0.191511 0.023196
-0.512205 0.064173 -0.158356 0.024304
-0.426220 0.064173 1.770310 -0.183307
-0.383228 0.064173 -0.383228 0.064173
-0.340236 0.064173 -0.340236 0.064173
-0.297244 0.064173 -0.297244 0.064173
-0.254252 0.064173 -0.254252 0.064173
-0.211260 0.064173 -0.211260 0.064173
-0.168268 0.064173 -0.168268 0.064173
-0.125276 0.064173 -0.125276 0.064173
-0.082283 0.064173 -0.082283 0.064173
-0.039291 0.064173 -0.039291 0.064173
0.003701 0.064173 0.003701 0.064173
0.046693 0.064173 0.046693 0.064173
0.089685 0.064173 0.089685 0.064173
0.132677 0.064173 0.132677 0.064173
0.175669 0.064173 0.175669 0.064173
0.218661 0.064173 0.218661 0.064173
0.261654 0.064173 0.261654 0.064173
0.304646 0.064173 0.304646 0.064173
0.347638 0.064173 0.347638 0.064173
0.390630 0.064173 0.390630 0.064173
0.433622 0.064173 0.998295 0.127795
0.476614 0.064173 1.059686 0.129870
0.519606 0.064173 0.821551 0.098195
0.562598 0.064173 0.868065 0.098591
0.605591 0.064173 0.729398 0.078123
0.648583 0.064173 0.771882 0.078065
0.691575 0.064173 0.726889 0.068152
0.734567 0.064173 0.611296 0.050284
0.777559 0.064173 0.653779 0.050227
0.820551 0.064173 0.514889 0.029733
0.863543 0.064173 0.561402 0.030130
0.906535 0.064173 2.844186 0.471615
0.949528 0.064173 2.756912 0.447799
0.992520 0.064173 1.320079 0.101080
1.035512 0.064173 1.035512 0.064173
1.078504 0.064173 1.078504 0.064173
1.121496 0.064173 1.121496 0.064173
1.164488 0.064173 1.164488 0.064173
1.207480 0.064173 0.879912 0.101081
1.250472 0.064173 1.816168 0.000433
1.293465 0.064173 1.877560 -0.001638
1.336457 0.064173 1.638598 0.030130
1.379449 0.064173 1.685112 0.029733
1.422441 0.064173 1.546221 0.050226
1.465433 0.064173 1.588705 0.050284
1.508425 0.064173 1.473112 0.068152
1.551417 0.064173 1.428118 0.078065
1.594409 0.064173 1.470601 0.078123
1.637402 0.064173 1.331935 0.098591
1.680394 0.064173 1.378448 0.098195
1.723386 0.064173 1.140310 0.129870
1.766378 0.064173 1.201710 0.127794
1.809370 0.064173 1.809370 0.064173
1.852362 0.064173 1.852362 0.064173
1.895354 0.064173 1.895354 0.064173
1.938346 0.064173 1.938346 0.064173
1.981339 0.064173 1.981339 0.064173
2.024331 0.064173 2.024331 0.064173
2.067323 0.064173 2.067323 0.064173
2.110315 0.064173 2.110315 0.064173
2.153307 0.064173 2.153307 0.064173
2.196299 0.064173 2.196299 0.064173
2.239291 0.064173 2.239291 0.064173
2.282283 0.064173 2.282283 0.064173
2.325276 0.064173 2.325276 0.064173
2.368268 0.064173 2.368268 0.064173
2.411260 0.064173 2.411260 0.064173
2.454252 0.064173 2.454252 0.064173
2.497244 0.064173 2.497244 0.064173
2.540236 0.064173 2.540236 0.064173
2.583228 0.064173 2.583228 0.064173
2.626220 0.064173 1.444439 -0.623932
2.669213 0.064173 1.503186 -0.654732
2.712205 0.064173 2.358357 0.024304
2.755197 0.064173 2.391510 0.023196
2.798189 0.064173 2.704548 0.053622
2.841181 0.064173 2.746799 0.053539
2.884173 0.064173 2.789050 0.053456
2.927165 0.064173 2.841255 0.054494
2.970157 0.064173 2.846465 0.050237
3.013150 0.064173 2.706881 0.029665
3.056142 0.064173 2.753394 0.030062
3.099134 0.064173 2.799908 0.030458
3.142126 0.064173 2.573266 0.000077
3.185118 0.064173 -41.663510 -29.600091
3.228110 0.064173 3.228110 0.064173
3.271102 0.064173 3.271102 0.064173
3.314094 0.064173 3.314094 0.064173
3.357087 0.064173 3.357087 0.064173
3.400079 0.064173 3.400079 0.064173
3.443071 0.064173 3.443071 0.064173
3.486063 0.064173 3.486063 0.064173
3.529055 0.064173 3.529055 0.064173
3.572047 0.064173 3.572047 0.064173
3.615039 0.064173 3.615039 0.064173
3.658031 0.064173 3.658031 0.064173
3.701024 0.064173 3.701024 0.064173
3.744016 0.064173 3.744016 0.064173
3.787008 0.064173 3.787008 0.064173
3.830000 0.064173 3.830000 0.064173
-1.630000 0.089843 -1.630000 0.089843
-1.587008 0.089843 -1.587008 0.089843
-1.544016 0.089843 -1.544016 0.089843
-1.501024 0.089843 -1.501024 0.089843
-1.458031 0.089843 -1.458031 0.089843
-1.415039 0.089843 -1.415039 0.089843
-1.372047 0.089843 -1.372047 0.089843
-1.329055 0.089843 -1.329055 0.089843
-1.286063 0.089843 -1.286063 0.089843
-1.243071 0.089843 -1.243071 0.089843
-1.200079 0.089843 -1.200079 0.089843
-1.157087 0.089843 -1.157087 0.089843
-1.114094 0.089843 -1.114094 0.089843
-1.071102 0.089843 -1.071102 0.089843
-1.028110 0.089843 -1.028110 0.089843
-0.985118 0.089843 14.178132 -2.925278
-0.942126 0.089843 -0.374500 0.025885
-0.899134 0.089843 -0.600145 0.056155
-0.856142 0.089843 -0.553632 0.055758
-0.813150 0.089843 -0.507117 0.055361
-0.770157 0.089843 -0.646430 0.075902
-0.727165 0.089843 -0.603947 0.075960
-0.684173 0.089843 -0.589001 0.079119
-0.641181 0.089843 -0.546749 0.079203
-0.598189 0.089843 -0.504497 0.079286
-0.555197 0.089843 -0.190849 0.048790
-0.512205 0.089843 -0.157695 0.049899
-0.426220 0.089843 1.780477 -0.158795
-0.383228 0.089843 -0.383228 0.089843
-0.340236 0.089843 -0.340236 0.089843
-0.297244 0.089843 -0.297244 0.089843
-0.254252 0.089843 -0.254252 0.089843
-0.211260 0.089843 -0.211260 0.089843
-0.168268 0.089843 -0.168268 0.089843
-0.125276 0.089843 -0.125276 0.089843
-0.082283 0.089843 -0.082283 0.089843
-0.039291 0.089843 -0.039291 0.089843
0.003701 0.089843 0.003701 0.089843
0.046693 0.089843 0.046693 0.089843
0.089685 0.089843 0.089685 0.089843
0.132677 0.089843 0.132677 0.089843
0.175669 0.089843 0.175669 0.089843
0.218661 0.089843 0.218661 0.089843
0.261654 0.089843 0.261654 0.089843
0.304646 0.089843 0.304646 0.089843
0.347638 0.089843 0.347638 0.089843
0.390630 0.089843 4.935981 0.562067
0.433622 0.089843 0.999533 0.153603
0.476614 0.089843 1.060924 0.155679
0.519606 0.089843 0.821788 0.123890
0.562598 0.089843 0.868302 0.124287
0.605591 0.089843 0.729364 0.103788
0.648583 0.089843 0.771848 0.103731
0.691575 0.089843 0.656260 0.085864
0.734567 0.089843 0.611261 0.075950
0.777559 0.089843 0.653745 0.075892
0.820551 0.089843 0.515126 0.055429
0.863543 0.089843 0.561639 0.055826
0.906535 0.089843 2.836584 0.495317
0.949528 0.089843 2.749309 0.471501
0.992520 0.089843 0.992520 0.089843
1.035512 0.089843 1.035512 0.089843
1.078504 0.089843 1.078504 0.089843
1.121496 0.089843 1.121496 0.089843
1.164488 0.089843 1.164488 0.089843
1.207480 0.089843 1.207480 0.089843
1.250472 0.089843 1.814930 0.026242
1.293465 0.089843 1.876322 0.024170
1.336457 0.089843 1.638361 0.055826
1.379449 0.089843 1.684875 0.055429
1.422441 0.089843 1.546256 0.075892
1.465433 0.089843 1.588739 0.075950
1.508425 0.089843 1.543739 0.085864
1.551417 0.089843 1.428152 0.103731
1.594409 0.089843 1.470636 0.103788
1.637402 0.089843 1.331698 0.124287
1.680394 0.089843 1.378212 0.123890
1.723386 0.089843 1.139072 0.155679
1.766378 0.089843 1.200468 0.153606
1.809370 0.089843 1.255547 0.283631
1.852362 0.089843 1.852362 0.089843
1.895354 0.089843 1.895354 0.089843
1.938346 0.089843 1.938346 0.089843
1.981339 0.089843 1.981339 0.089843
2.024331 0.089843 2.024331 0.089843
2.067323 0.089843 2.067323 0.089843
2.110315 0.089843 2.110315 0.089843
2.153307 0.089843 2.153307 0.089843
2.196299 0.089843 2.196299 0.089843
2.239291 0.089843 2.239291 0.089843
2.282283 0.089843 2.282283 0.089843
2.325276 0.089843 2.325276 0.089843
2.368268 0.089843 2.368268 0.089843
2.411260 0.089843 2.411260 0.089843
2.454252 0.089843 2.454252 0.089843
2.497244 0.089843 2.497244 0.089843
2.540236 0.089843 2.540236 0.089843
2.583228 0.089843 2.583228 0.089843
2.626220 0.089843 0.419525 -1.580957
2.669213 0.089843 1.369751 -0.437639
2.712205 0.089843 2.357695 0.049898
2.755197 0.089843 2.390848 0.048790
2.798189 0.089843 2.704498 0.079286
2.841181 0.089843 2.746749 0.079203
2.884173 0.089843 2.789000 0.079119
2.927165 0.089843 2.803947 0.075960
2.970157 0.089843 2.846431 0.075902
3.013150 0.089843 2.707118 0.055361
3.056142 0.089843 2.753631 0.055758
3.099134 0.089843 2.800144 0.056154
3.142126 0.089843 2.574503 0.025886
3.228110 0.089843 3.228110 0.089843
3.271102 0.089843 3.271102 0.089843
3.314094 0.089843 3.314094 0.089843
3.357087 0.089843 3.357087 0.089843
3.400079 0.089843 3.400079 0.089843
3.443071 0.089843 3.443071 0.089843
3.486063 0.089843 3.486063 0.089843
3.529055 0.089843 3.529055 0.089843
3.572047 0.089843 3.572047 0.089843
3.615039 0.089843 3.615039 0.089843
3.658031 0.089843 3.658031 0.089843
3.701024 0.089843 3.701024 0.089843
3.744016 0.089843 3.744016 0.089843
3.787008 0.089843 3.787008 0.089843
3.830000 0.089843 3.830000 0.089843
-1.630000 0.115512 -1.630000 0.115512
-1.587008 0.115512 -1.587008 0.115512
-1.544016 0.115512 -1.544016 0.115512
-1.501024 0.115512 -1.501024 0.115512
-1.458031 0.115512 -1.458031 0.115512
-1.415039 0.115512 -1.415039 0.115512
-1.372047 0.115512 -1.372047 0.115512
-1.329055 0.115512 -1.329055 0.115512
-1.286063 0.115512 -1.286063 0.115512
-1.243071 0.115512 -1.243071 0.115512
-1.200079 0.115512 -1.200079 0.115512
-1.157087 0.115512 -1.157087 0.115512
-1.114094 0.115512 -1.114094 0.115512
-1.071102 0.115512 -1.071102 0.115512
-1.028110 0.115512 -1.028110 0.115512
-0.985118 0.115512 7.000722 -0.402379
-0.942126 0.115512 -0.375738 0.051694
-0.899134 0.115512 -0.314346 0.049622
-0.856142 0.115512 -0.553868 0.081454
-0.813150 0.115512 -0.507354 0.081057
-0.770157 0.115512 -0.646396 0.101567
-0.727165 0.115512 -0.603912 0.101625
-0.684173 0.115512 -0.588951 0.104783
-0.641181 0.115512 -0.546699 0.104867
-0.598189 0.115512 -0.504448 0.104950
-0.555197 0.115512 -0.190187 0.074385
-0.512205 0.115512 -0.157033 0.075494
-0.469213 0.115512 3.427431 -1.247980
-0.426220 0.115512 1.692961 -0.626031
-0.383228 0.115512 -0.067877 0.005168
-0.340236 0.115512 -0.340236 0.115512
-0.297244 0.115512 -0.297244 0.115512
-0.254252 0.115512 -0.254252 0.115512
-0.211260 0.115512 -0.211260 0.115512
-0.168268 0.115512 -0.168268 0.115512
-0.125276 0.115512 -0.125276 0.115512
-0.082283 0.115512 -0.082283 0.115512
-0.039291 0.115512 -0.039291 0.115512
0.003701 0.115512 0.003701 0.115512
0.046693 0.115512 0.046693 0.115512
0.089685 0.115512 0.089685 0.115512
0.132677 0.115512 0.132677 0.115512
0.175669 0.115512 0.175669 0.115512
0.218661 0.115512 0.218661 0.115512
0.261654 0.115512 0.261654 0.115512
0.304646 0.115512 0.304646 0.115512
0.347638 0.115512 0.347638 0.115512
0.433622 0.115512 0.973809 0.304531
0.476614 0.115512 0.760640 0.214896
0.519606 0.115512 0.822025 0.149586
0.562598 0.115512 0.868539 0.149983
0.605591 0.115512 0.729330 0.129454
0.648583 0.115512 0.771813 0.129396
0.691575 0.115512 0.656260 0.111533
0.734567 0.115512 0.611227 0.101615
0.777559 0.115512 0.653710 0.101557
0.820551 0.115512 0.515363 0.081125
0.863543 0.115512 0.561876 0.081522
0.906535 0.115512 2.828992 0.519019
0.949528 0.115512 2.741707 0.495204
0.992520 0.115512 0.992520 0.115512
1.035512 0.115512 1.035512 0.115512
1.078504 0.115512 1.078504 0.115512
1.121496 0.115512 1.121496 0.115512
1.164488 0.115512 1.164488 0.115512
1.207480 0.115512 1.207480 0.115512
1.250472 0.115512 1.813692 0.052051
1.293465 0.115512 1.875084 0.049979
1.336457 0.115512 1.638124 0.081522
1.379449 0.115512 1.684638 0.081125
1.422441 0.115512 1.546290 0.101557
1.465433 0.115512 1.588774 0.101615
1.508425 0.115512 1.543739 0.111533
1.551417 0.115512 1.428186 0.129396
1.594409 0.115512 1.470670 0.129454
1.637402 0.115512 1.331461 0.149983
1.680394 0.115512 1.377975 0.149586
1.723386 0.115512 1.439361 0.214896
1.766378 0.115512 1.226192 0.304533
1.809370 0.115512 1.271516 0.303713
1.852362 0.115512 1.852362 0.115512
1.895354 0.115512 1.895354 0.115512
1.938346 0.115512 1.938346 0.115512
1.981339 0.115512 1.981339 0.115512
2.024331 0.115512 2.024331 0.115512
2.067323 0.115512 2.067323 0.115512
2.110315 0.115512 2.110315 0.115512
2.153307 0.115512 2.153307 0.115512
2.196299 0.115512 2.196299 0.115512
2.239291 0.115512 2.239291 0.115512
2.282283 0.115512 2.282283 0.115512
2.325276 0.115512 2.325276 0.115512
2.368268 0.115512 2.368268 0.115512
2.411260 0.115512 2.411260 0.115512
2.454252 0.115512 2.454252 0.115512
2.497244 0.115512 2.497244 0.115512
2.540236 0.115512 2.540236 0.115512
2.583228 0.115512 2.267891 0.005173
2.626220 0.115512 1.667962 -0.803853
2.669213 0.115512 1.044644 -1.146892
2.712205 0.115512 2.357033 0.075493
2.755197 0.115512 2.390187 0.074385
2.798189 0.115512 2.704448 0.104950
2.841181 0.115512 2.746699 0.104866
2.884173 0.115512 2.788950 0.104783
2.927165 0.115512 2.803913 0.101625
2.970157 0.115512 2.846396 0.101567
3.013150 0.115512 2.707355 0.081057
3.056142 0.115512 2.753868 0.081453
3.099134 0.115512 2.514343 0.049622
3.142126 0.115512 2.575741 0.051694
3.185118 0.115512 0.226795 -2.095902
3.228110 0.115512 3.228110 0.115512
3.271102 0.115512 3.271102 0.115512
3.314094 0.115512 3.314094 0.115512
3.357087 0.115512 3.357087 0.115512
3.400079 0.115512 3.400079 0.115512
3.443071 0.115512 3.443071 0.115512
3.486063 0.115512 3.486063 0.115512
3.529055 0.115512 3.529055 0.115512
3.572047 0.115512 3.572047 0.115512
3.615039 0.115512 3.615039 0.115512
3.658031 0.115512 3.658031 0.115512
3.701024 0.115512 3.701024 0.115512
3.744016 0.115512 3.744016 0.115512
3.787008 0.115512 3.787008 0.115512
3.830000 0.115512 3.830000 0.115512
-1.630000 0.141181 -1.630000 0.141181
-1.587008 0.141181 -1.587008 0.141181
-1.544016 0.141181 -1.544016 0.141181
-1.501024 0.141181 -1.501024 0.141181
-1.458031 0.141181 -1.458031 0.141181
-1.415039 0.141181 -1.415039 0.141181
-1.372047 0.141181 -1.372047 0.141181
-1.329055 0.141181 -1.329055 0.141181
-1.286063 0.141181 -1.286063 0.141181
-1.243071 0.141181 -1.243071 0.141181
-1.200079 0.141181 -1.200079 0.141181
-1.157087 0.141181 -1.157087 0.141181
-1.114094 0.141181 -1.114094 0.141181
-1.071102 0.141181 -1.071102 0.141181
-1.028110 0.141181 -1.028110 0.141181
-0.985118 0.141181 -0.985118 0.141181
-0.942126 0.141181 -0.376977 0.077503
-0.899134 0.141181 -0.315584 0.075431
-0.856142 0.141181 -0.554105 0.107150
-0.813150 0.141181 -0.507591 0.106753
-0.770157 0.141181 -0.646362 0.127233
-0.727165 0.141181 -0.603878 0.127290
-0.684173 0.141181 -0.597573 0.131424
-0.641181 0.141181 -0.546650 0.130530
-0.598189 0.141181 -0.509085 0.110002
-0.555197 0.141181 -0.207168 0.019400
-0.512205 0.141181 -0.173054 0.022508
-0.469213 0.141181 -0.138938 0.025614
-0.426220 0.141181 2.954230 0.091965
-0.383228 0.141181 -0.051238 0.025011
-0.340236 0.141181 -0.340236 0.141181
-0.297244 0.141181 -0.297244 0.141181
-0.254252 0.141181 -0.254252 0.141181
-0.211260 0.141181 -0.211260 0.141181
-0.168268 0.141181 -0.168268 0.141181
-0.125276 0.141181 -0.125276 0.141181
-0.082283 0.141181 -0.082283 0.141181
-0.039291 0.141181 -0.039291 0.141181
0.003701 0.141181 0.003701 0.141181
0.046693 0.141181 0.046693 0.141181
0.089685 0.141181 0.089685 0.141181
0.132677 0.141181 0.132677 0.141181
0.175669 0.141181 0.175669 0.141181
0.218661 0.141181 0.218661 0.141181
0.261654 0.141181 0.261654 0.141181
0.304646 0.141181 0.304646 0.141181
0.347638 0.141181 0.347638 0.141181
0.390630 0.141181 9.296695 -1.192191
0.433622 0.141181 0.977278 0.331414
0.476614 0.141181 0.761304 0.240798
0.519606 0.141181 0.807472 0.241910
0.562598 0.141181 0.853641 0.243022
0.605591 0.141181 0.723085 0.182295
0.648583 0.141181 0.683896 0.145160
0.691575 0.141181 0.656260 0.137202
0.734567 0.141181 0.611192 0.127280
0.777559 0.141181 0.653676 0.127223
0.820551 0.141181 0.515599 0.106821
0.863543 0.141181 0.562113 0.107218
0.906535 0.141181 2.821390 0.542722
0.949528 0.141181 2.734104 0.518907
0.992520 0.141181 0.992520 0.141181
1.035512 0.141181 1.035512 0.141181
1.078504 0.141181 1.078504 0.141181
1.121496 0.141181 1.121496 0.141181
1.164488 0.141181 1.164488 0.141181
1.207480 0.141181 1.207480 0.141181
1.250472 0.141181 1.812453 0.077860
1.293465 0.141181 1.873846 0.075788
1.336457 0.141181 1.637887 0.107218
1.379449 0.141181 1.684401 0.106821
1.422441 0.141181 1.546324 0.127223
1.465433 0.141181 1.588808 0.127280
1.508425 0.141181 1.543739 0.137202
1.551417 0.141181 1.516104 0.145160
1.594409 0.141181 1.476915 0.182295
1.637402 0.141181 1.346358 0.243023
1.680394 0.141181 1.392528 0.241909
1.723386 0.141181 1.438698 0.240798
1.766378 0.141181 1.222723 0.331417
1.809370 0.141181 3.272418 -0.370742
1.852362 0.141181 1.852362 0.141181
1.895354 0.141181 1.895354 0.141181
1.938346 0.141181 1.938346 0.141181
1.981339 0.141181 1.981339 0.141181
2.024331 0.141181 2.024331 0.141181
2.067323 0.141181 2.067323 0.141181
2.110315 0.141181 2.110315 0.141181
2.153307 0.141181 2.153307 0.141181
2.196299 0.141181 2.196299 0.141181
2.239291 0.141181 2.239291 0.141181
2.282283 0.141181 2.282283 0.141181
2.325276 0.141181 2.325276 0.141181
2.368268 0.141181 2.368268 0.141181
2.411260 0.141181 2.411260 0.141181
2.454252 0.141181 2.454252 0.141181
2.497244 0.141181 2.497244 0.141181
2.540236 0.141181 2.540236 0.141181
2.583228 0.141181 2.251236 0.025014
2.626220 0.141181 1.623748 -0.767172
2.669213 0.141181 2.338936 0.025613
2.712205 0.141181 2.373055 0.022506
2.755197 0.141181 2.407171 0.019401
2.798189 0.141181 2.709085 0.110002
2.841181 0.141181 2.746650 0.130530
2.884173 0.141181 2.797573 0.131424
2.927165 0.141181 2.803878 0.127290
2.970157 0.141181 2.846362 0.127233
3.013150 0.141181 2.707592 0.106753
3.056142 0.141181 2.754105 0.107149
3.099134 0.141181 2.515581 0.075431
3.142126 0.141181 2.576979 0.077503
3.185118 0.141181 3.185118 0.141181
3.228110 0.141181 3.228110 0.141181
3.271102 0.141181 3.271102 0.141181
3.314094 0.141181 3.314094 0.141181
3.357087 0.141181 3.357087 0.141181
3.400079 0.141181 3.400079 0.141181
3.443071 0.141181 3.443071 0.141181
3.486063 0.141181 3.486063 0.141181
3.529055 0.141181 3.529055 0.141181
3.572047 0.141181 3.572047 0.141181
3.615039 0.141181 3.615039 0.141181
3.658031 0.141181 3.658031 0.141181
3.701024 0.141181 3.701024 0.141181
3.744016 0.141181 3.744016 0.141181
3.787008 0.141181 3.787008 0.141181
3.830000 0.141181 3.830000 0.141181
-1.630000 0.166850 -1.630000 0.166850
-1.587008 0.166850 -1.587008 0.166850
-1.544016 0.166850 -1.544016 0.166850
-1.501024 0.166850 -1.501024 0.166850
-1.458031 0.166850 -1.458031 0.166850
-1.415039 0.166850 -1.415039 0.166850
-1.372047 0.166850 -1.372047 0.166850
-1.329055 0.166850 -1.329055 0.166850
-1.286063 0.166850 -1.286063 0.166850
-1.243071 0.166850 -1.243071 0.166850
-1.200079 0.166850 -1.200079 0.166850
-1.157087 0.166850 -1.157087 0.166850
-1.114094 0.166850 -1.114094 0.166850
-1.071102 0.166850 -1.071102 0.166850
-1.028110 0.166850 -1.028110 0.166850
-0.985118 0.166850 -0.985118 0.166850
-0.942126 0.166850 -0.378215 0.103312
-0.899134 0.166850 -0.316822 0.101240
-0.856142 0.166850 -0.554342 0.132846
-0.813150 0.166850 -0.507828 0.132449
-0.770157 0.166850 -0.646328 0.152898
-0.727165 0.166850 -0.607796 0.135730
-0.684173 0.166850 -0.602016 0.138102
-0.641181 0.166850 -0.551269 0.135388
-0.598189 0.166850 -0.508945 0.135622
-0.555197 0.166850 -0.205314 0.044420
-0.512205 0.166850 -0.171198 0.047526
-0.469213 0.166850 -0.137084 0.050634
-0.426220 0.166850 33.442418 6.399180
-0.383228 0.166850 -0.034582 0.044852
-0.340236 0.166850 -0.340236 0.166850
-0.297244 0.166850 -0.297244 0.166850
-0.254252 0.166850 -0.254252 0.166850
-0.211260 0.166850 -0.211260 0.166850
-0.168268 0.166850 -0.168268 0.166850
-0.125276 0.166850 -0.125276 0.166850
-0.082283 0.166850 -0.082283 0.166850
-0.039291 0.166850 -0.039291 0.166850
0.003701 0.166850 0.003701 0.166850
0.046693 0.166850 0.046693 0.166850
0.089685 0.166850 0.089685 0.166850
0.132677 0.166850 0.132677 0.166850
0.175669 0.166850 0.175669 0.166850
0.218661 0.166850 0.218661 0.166850
0.261654 0.166850 0.261654 0.166850
0.304646 0.166850 0.304646 0.166850
0.347638 0.166850 0.347638 0.166850
0.433622 0.166850 0.980747 0.358297
0.476614 0.166850 0.761968 0.266700
0.519606 0.166850 0.808135 0.267812
0.562598 0.166850 0.680456 0.208091
0.605591 0.166850 0.722989 0.207930
0.648583 0.166850 0.682125 0.178588
0.691575 0.166850 0.658031 0.155113
0.734567 0.166850 0.613437 0.143058
0.777559 0.166850 0.653642 0.152888
0.820551 0.166850 0.515836 0.132517
0.863543 0.166850 0.562350 0.132914
0.906535 0.166850 2.813787 0.566424
0.949528 0.166850 2.726502 0.542609
0.992520 0.166850 0.992520 0.166850
1.035512 0.166850 1.035512 0.166850
1.078504 0.166850 1.078504 0.166850
1.121496 0.166850 1.121496 0.166850
1.164488 0.166850 1.164488 0.166850
1.207480 0.166850 1.207480 0.166850
1.250472 0.166850 1.811215 0.103669
1.293465 0.166850 1.872612 0.101595
1.336457 0.166850 1.637650 0.132914
1.379449 0.166850 1.684164 0.132517
1.422441 0.166850 1.546358 0.152888
1.465433 0.166850 1.586563 0.143057
1.508425 0.166850 1.541969 0.155113
1.551417 0.166850 1.517874 0.178588
1.594409 0.166850 1.477011 0.207930
1.637402 0.166850 1.519544 0.208091
1.680394 0.166850 1.391864 0.267812
1.723386 0.166850 1.438034 0.266699
1.766378 0.166850 1.219257 0.358296
1.809370 0.166850 1.760283 0.184039
1.852362 0.166850 1.852362 0.166850
1.895354 0.166850 1.895354 0.166850
1.938346 0.166850 1.938346 0.166850
1.981339 0.166850 1.981339 0.166850
2.024331 0.166850 2.024331 0.166850
2.067323 0.166850 2.067323 0.166850
2.110315 0.166850 2.110315 0.166850
2.153307 0.166850 2.153307 0.166850
2.196299 0.166850 2.196299 0.166850
2.239291 0.166850 2.239291 0.166850
2.282283 0.166850 2.282283 0.166850
2.325276 0.166850 2.325276 0.166850
2.368268 0.166850 2.368268 0.166850
2.411260 0.166850 2.411260 0.166850
2.454252 0.166850 2.454252 0.166850
2.497244 0.166850 2.497244 0.166850
2.540236 0.166850 2.540236 0.166850
2.583228 0.166850 2.234567 0.044847
2.626220 0.166850 1.556195 -0.700966
2.669213 0.166850 2.337081 0.050633
2.712205 0.166850 2.371200 0.047527
2.755197 0.166850 2.405316 0.044421
2.798189 0.166850 2.708945 0.135622
2.841181 0.166850 2.751269 0.135388
2.884173 0.166850 2.802016 0.138102
2.927165 0.166850 2.807796 0.135730
2.970157 0.166850 2.846328 0.152898
3.013150 0.166850 2.707828 0.132449
3.056142 0.166850 2.754342 0.132845
3.099134 0.166850 2.516818 0.101239
3.142126 0.166850 2.578214 0.103313
3.185118 0.166850 3.185118 0.166850
3.228110 0.166850 3.228110 0.166850
3.271102 0.166850 3.271102 0.166850
3.314094 0.166850 3.314094 0.166850
3.357087 0.166850 3.357087 0.166850
3.400079 0.166850 3.400079 0.166850
3.443071 0.166850 3.443071 0.166850
3.486063 0.166850 3.486063 0.166850
3.529055 0.166850 3.529055 0.166850
3.572047 0.166850 3.572047 0.166850
3.615039 0.166850 3.615039 0.166850
3.658031 0.166850 3.658031 0.166850
3.701024 0.166850 3.701024 0.166850
3.744016 0.166850 3.744016 0.166850
3.787008 0.166850 3.787008 0.166850
3.830000 0.166850 3.830000 0.166850
-1.630000 0.192520 -1.630000 0.192520
-1.587008 0.192520 -1.587008 0.192520
-1.544016 0.192520 -1.544016 0.192520
-1.501024 0.192520 -1.501024 0.192520
-1.458031 0.192520 -1.458031 0.192520
-1.415039 0.192520 -1.415039 0.192520
-1.372047 0.192520 -1.372047 0.192520
-1.329055 0.192520 -1.329055 0.192520
-1.286063 0.192520 -1.286063 0.192520
-1.243071 0.192520 -1.243071 0.192520
-1.200079 0.192520 -1.200079 0.192520
-1.157087 0.192520 -1.157087 0.192520
-1.114094 0.192520 -1.114094 0.192520
-1.071102 0.192520 -1.071102 0.192520
-1.028110 0.192520 -1.028110 0.192520
-0.985118 0.192520 -0.985118 0.192520
-0.942126 0.192520 -0.379452 0.129121
-0.899134 0.192520 -0.322730 0.111773
-0.856142 0.192520 -0.557357 0.147121
-0.813150 0.192520 -0.521102 0.102446
-0.770157 0.192520 -0.652463 0.151336
-0.727165 0.192520 -0.609930 0.151497
-0.684173 0.192520 -0.602179 0.163828
-0.641181 0.192520 -0.551129 0.161009
-0.598189 0.192520 -0.508805 0.161243
-0.555197 0.192520 -0.466481 0.161477
-0.512205 0.192520 -0.169344 0.072546
-0.469213 0.192520 -0.135230 0.075655
-0.426220 0.192520 35.203028 6.849554
-0.383228 0.192520 1.476858 -0.976240
-0.340236 0.192520 -0.340236 0.192520
-0.297244 0.192520 -0.297244 0.192520
-0.254252 0.192520 -0.254252 0.192520
-0.211260 0.192520 -0.211260 0.192520
-0.168268 0.192520 -0.168268 0.192520
-0.125276 0.192520 -0.125276 0.192520
-0.082283 0.192520 -0.082283 0.192520
-0.039291 0.192520 -0.039291 0.192520
0.003701 0.192520 0.003701 0.192520
0.046693 0.192520 0.046693 0.192520
0.089685 0.192520 0.089685 0.192520
0.132677 0.192520 0.132677 0.192520
0.175669 0.192520 0.175669 0.192520
0.218661 0.192520 0.218661 0.192520
0.261654 0.192520 0.261654 0.192520
0.304646 0.192520 0.304646 0.192520
0.347638 0.192520 0.347638 0.192520
0.390630 0.192520 0.869977 0.493711
0.433622 0.192520 0.984211 0.385181
0.476614 0.192520 0.762631 0.292601
0.519606 0.192520 0.808799 0.293714
0.562598 0.192520 0.680360 0.233727
0.605591 0.192520 0.722893 0.233566
0.648583 0.192520 0.682125 0.204257
0.691575 0.192520 0.658032 0.180782
0.734567 0.192520 0.617252 0.151470
0.777559 0.192520 0.659786 0.151309
0.820551 0.192520 0.529030 0.102671
0.863543 0.192520 0.565391 0.147154
0.906535 0.192520 5.291859 0.904887
0.949528 0.192520 4.538296 0.440717
0.992520 0.192520 0.992520 0.192520
1.035512 0.192520 1.035512 0.192520
1.078504 0.192520 1.078504 0.192520
1.121496 0.192520 1.121496 0.192520
1.164488 0.192520 1.164488 0.192520
1.207480 0.192520 1.207480 0.192520
1.250472 0.192520 1.479333 0.511108
1.293465 0.192520 1.866634 0.112062
1.336457 0.192520 1.634609 0.147154
1.379449 0.192520 1.670971 0.102671
1.422441 0.192520 1.540214 0.151309
1.465433 0.192520 1.582748 0.151469
1.508425 0.192520 1.541969 0.180782
1.551417 0.192520 1.517874 0.204257
1.594409 0.192520 1.477107 0.233566
1.637402 0.192520 1.519640 0.233727
1.680394 0.192520 1.391200 0.293714
1.723386 0.192520 1.437369 0.292602
1.766378 0.192520 1.215788 0.385179
1.809370 0.192520 1.330023 0.493711
1.852362 0.192520 1.852362 0.192520
1.895354 0.192520 1.895354 0.192520
1.938346 0.192520 1.938346 0.192520
1.981339 0.192520 1.981339 0.192520
2.024331 0.192520 2.024331 0.192520
2.067323 0.192520 2.067323 0.192520
2.110315 0.192520 2.110315 0.192520
2.153307 0.192520 2.153307 0.192520
2.196299 0.192520 2.196299 0.192520
2.239291 0.192520 2.239291 0.192520
2.282283 0.192520 2.282283 0.192520
2.325276 0.192520 2.325276 0.192520
2.368268 0.192520 2.368268 0.192520
2.411260 0.192520 2.411260 0.192520
2.454252 0.192520 2.454252 0.192520
2.497244 0.192520 2.497244 0.192520
2.540236 0.192520 2.540236 0.192520
2.583228 0.192520 1.723051 -0.816354
2.626220 0.192520 1.518831 -0.657296
2.669213 0.192520 2.335227 0.075654
2.712205 0.192520 2.369346 0.072547
2.755197 0.192520 2.666481 0.161477
2.798189 0.192520 2.708805 0.161243
2.841181 0.192520 2.751129 0.161009
2.884173 0.192520 2.802179 0.163828
2.927165 0.192520 2.809930 0.151497
2.970157 0.192520 2.852463 0.151337
3.013150 0.192520 2.721102 0.102446
3.056142 0.192520 2.757357 0.147120
3.099134 0.192520 2.522729 0.111773
3.142126 0.192520 2.579452 0.129121
3.185118 0.192520 3.185118 0.192520
3.228110 0.192520 3.228110 0.192520
3.271102 0.192520 3.271102 0.192520
3.314094 0.192520 3.314094 0.192520
3.357087 0.192520 3.357087 0.192520
3.400079 0.192520 3.400079 0.192520
3.443071 0.192520 3.443071 0.192520
3.486063 0.192520 3.486063 0.192520
3.529055 0.192520 3.529055 0.192520
3.572047 0.192520 3.572047 0.192520
3.615039 0.192520 3.615039 0.192520
3.658031 0.192520 3.658031 0.192520
3.701024 0.192520 3.701024 0.192520
3.744016 0.192520 3.744016 0.192520
3.787008 0.192520 3.787008 0.192520
3.830000 0.192520 3.830000 0.192520
-1.630000 0.218189 -1.630000 0.218189
-1.587008 0.218189 -1.587008 0.218189
-1.544016 0.218189 -1.544016 0.218189
-1.501024 0.218189 -1.501024 0.218189
-1.458031 0.218189 -1.458031 0.218189
-1.415039 0.218189 -1.415039 0.218189
-1.372047 0.218189 -1.372047 0.218189
-1.329055 0.218189 -1.329055 0.218189
-1.286063 0.218189 -1.286063 0.218189
-1.243071 0.218189 -1.243071 0.218189
-1.200079 0.218189 -1.200079 0.218189
-1.157087 0.218189 -1.157087 0.218189
-1.114094 0.218189 -1.114094 0.218189
-1.071102 0.218189 -1.071102 0.218189
-1.028110 0.218189 -1.028110 0.218189
-0.985118 0.218189 -0.985118 0.218189
-0.942126 0.218189 0.896751 -0.129995
-0.899134 0.218189 -0.347116 0.041729
-0.856142 0.218189 -0.570314 0.118174
-0.813150 0.218189 -0.524145 0.117063
-0.770157 0.218189 -0.652368 0.176973
-0.727165 0.218189 -0.609834 0.177133
-0.684173 0.218189 -0.602342 0.189554
-0.641181 0.218189 -0.550990 0.186629
-0.598189 0.218189 -0.508666 0.186863
-0.555197 0.218189 -0.466342 0.187097
-0.512205 0.218189 -0.167489 0.097567
-0.469213 0.218189 -0.133373 0.100673
-0.383228 0.218189 1.518220 -0.976561
-0.340236 0.218189 -0.049785 0.035688
-0.297244 0.218189 -0.297244 0.218189
-0.254252 0.218189 -0.254252 0.218189
-0.211260 0.218189 -0.211260 0.218189
-0.168268 0.218189 -0.168268 0.218189
-0.125276 0.218189 -0.125276 0.218189
-0.082283 0.218189 -0.082283 0.218189
-0.039291 0.218189 -0.039291 0.218189
0.003701 0.218189 0.003701 0.218189
0.046693 0.218189 0.046693 0.218189
0.089685 0.218189 0.089685 0.218189
0.132677 0.218189 0.132677 0.218189
0.175669 0.218189 0.175669 0.218189
0.218661 0.218189 0.218661 0.218189
0.261654 0.218189 0.261654 0.218189
0.304646 0.218189 0.304646 0.218189
0.390630 0.218189 0.874990 0.522530
0.433622 0.218189 0.931344 0.530926
0.476614 0.218189 0.763295 0.318503
0.519606 0.218189 0.809463 0.319615
0.562598 0.218189 0.680264 0.259362
0.605591 0.218189 0.722797 0.259202
0.648583 0.218189 0.682125 0.229926
0.691575 0.218189 0.658032 0.206452
0.734567 0.218189 0.617156 0.177105
0.777559 0.218189 0.659690 0.176945
0.820551 0.218189 0.532094 0.117254
0.863543 0.218189 0.578263 0.118365
0.906535 0.218189 2.437969 0.888800
0.949528 0.218189 2.383210 0.961228
0.992520 0.218189 0.992520 0.218189
1.035512 0.218189 1.035512 0.218189
1.078504 0.218189 1.078504 0.218189
1.121496 0.218189 1.121496 0.218189
1.164488 0.218189 1.164488 0.218189
1.207480 0.218189 1.207480 0.218189
1.250472 0.218189 1.302289 0.001455
1.293465 0.218189 1.842655 0.042798
1.336457 0.218189 1.621737 0.118366
1.379449 0.218189 1.667906 0.117254
1.422441 0.218189 1.540310 0.176945
1.465433 0.218189 1.582843 0.177105
1.508425 0.218189 1.541969 0.206451
1.551417 0.218189 1.517874 0.229926
1.594409 0.218189 1.477202 0.259202
1.637402 0.218189 1.519736 0.259362
1.680394 0.218189 1.390536 0.319615
1.723386 0.218189 1.436705 0.318504
1.766378 0.218189 1.268657 0.530926
1.809370 0.218189 1.325010 0.522530
1.852362 0.218189 1.375916 0.517558
1.895354 0.218189 1.895354 0.218189
1.938346 0.218189 1.938346 0.218189
1.981339 0.218189 1.981339 0.218189
2.024331 0.218189 2.024331 0.218189
2.067323 0.218189 2.067323 0.218189
2.110315 0.218189 2.110315 0.218189
2.153307 0.218189 2.153307 0.218189
2.196299 0.218189 2.196299 0.218189
2.239291 0.218189 2.239291 0.218189
2.282283 0.218189 2.282283 0.218189
2.325276 0.218189 2.325276 0.218189
2.368268 0.218189 2.368268 0.218189
2.411260 0.218189 2.411260 0.218189
2.454252 0.218189 2.454252 0.218189
2.497244 0.218189 2.497244 0.218189
2.540236 0.218189 2.249785 0.035687
2.583228 0.218189 1.691585 -0.802973
2.626220 0.218189 1.166966 -1.263243
2.669213 0.218189 2.333372 0.100674
2.712205 0.218189 2.367488 0.097568
2.755197 0.218189 2.666342 0.187097
2.798189 0.218189 2.708666 0.186863
2.841181 0.218189 2.750990 0.186629
2.884173 0.218189 2.802342 0.189555
2.927165 0.218189 2.809834 0.177133
2.970157 0.218189 2.852367 0.176972
3.013150 0.218189 2.724145 0.117062
3.056142 0.218189 2.770315 0.118174
3.099134 0.218189 2.547116 0.041728
3.142126 0.218189 1.303254 -0.129994
3.185118 0.218189 3.185118 0.218189
3.228110 0.218189 3.228110 0.218189
3.271102 0.218189 3.271102 0.218189
3.314094 0.218189 3.314094 0.218189
3.357087 0.218189 3.357087 0.218189
3.400079 0.218189 3.400079 0.218189
3.443071 0.218189 3.443071 0.218189
3.486063 0.218189 3.486063 0.218189
3.529055 0.218189 3.529055 0.218189
3.572047 0.218189 3.572047 0.218189
3.615039 0.218189 3.615039 0.218189
3.658031 0.218189 3.658031 0.218189
3.701024 0.218189 3.701024 0.218189
3.744016 0.218189 3.744016 0.218189
3.787008 0.218189 3.787008 0.218189
3.830000 0.218189 3.830000 0.218189
-1.630000 0.243858 -1.630000 0.243858
-1.587008 0.243858 -1.587008 0.243858
-1.544016 0.243858 -1.544016 0.243858
-1.501024 0.243858 -1.501024 0.243858
-1.458031 0.243858 -1.458031 0.243858
-1.415039 0.243858 -1.415039 0.243858
-1.372047 0.243858 -1.372047 0.243858
-1.329055 0.243858 -1.329055 0.243858
-1.286063 0.243858 -1.286063 0.243858
-1.243071 0.243858 -1.243071 0.243858
-1.200079 0.243858 -1.200079 0.243858
-1.157087 0.243858 -1.157087 0.243858
-1.114094 0.243858 -1.114094 0.243858
-1.071102 0.243858 -1.071102 0.243858
-1.028110 0.243858 -1.028110 0.243858
-0.985118 0.243858 -0.985118 0.243858
-0.942126 0.243858 0.857346 -0.296200
-0.899134 0.243858 -0.352997 0.052758
-0.856142 0.243858 -0.570978 0.144076
-0.813150 0.243858 -0.524809 0.142964
-0.770157 0.243858 -0.652272 0.202609
-0.727165 0.243858 -0.609739 0.202769
-0.684173 0.243858 -0.602505 0.215281
-0.641181 0.243858 -0.550850 0.212250
-0.598189 0.243858 -0.508526 0.212483
-0.555197 0.243858 -0.466202 0.212717
-0.512205 0.243858 -0.165635 0.122587
-0.469213 0.243858 -0.165571 0.053069
-0.426220 0.243858 -0.129721 0.057557
-0.383228 0.243858 0.728722 -0.454819
-0.340236 0.243858 -0.025717 0.046234
-0.297244 0.243858 -0.297244 0.243858
-0.254252 0.243858 -0.254252 0.243858
-0.211260 0.243858 -0.211260 0.243858
-0.168268 0.243858 -0.168268 0.243858
-0.125276 0.243858 -0.125276 0.243858
-0.082283 0.243858 -0.082283 0.243858
-0.039291 0.243858 -0.039291 0.243858
0.003701 0.243858 0.003701 0.243858
0.046693 0.243858 0.046693 0.243858
0.089685 0.243858 0.089685 0.243858
0.132677 0.243858 0.132677 0.243858
0.175669 0.243858 0.175669 0.243858
0.218661 0.243858 0.218661 0.243858
0.261654 0.243858 0.261654 0.243858
0.304646 0.243858 0.304646 0.243858
0.390630 0.243858 0.880003 0.551349
0.433622 0.243858 0.689036 0.404344
0.476614 0.243858 0.734584 0.405951
0.519606 0.243858 0.810128 0.345516
0.562598 0.243858 0.680168 0.284998
0.605591 0.243858 0.722702 0.284838
0.648583 0.243858 0.682125 0.255595
0.691575 0.243858 0.574528 0.202901
0.734567 0.243858 0.617061 0.202741
0.777559 0.243858 0.486588 0.142044
0.820551 0.243858 0.532758 0.143155
0.863543 0.243858 0.578927 0.144268
0.906535 0.243858 2.431259 0.907106
0.949528 0.243858 1.293439 0.364198
0.992520 0.243858 0.992520 0.243858
1.035512 0.243858 1.035512 0.243858
1.078504 0.243858 1.078504 0.243858
1.121496 0.243858 1.121496 0.243858
1.164488 0.243858 1.164488 0.243858
1.207480 0.243858 1.207480 0.243858
1.250472 0.243858 -0.270080 -0.036275
1.293465 0.243858 1.836743 0.053758
1.336457 0.243858 1.621073 0.144267
1.379449 0.243858 1.667243 0.143156
1.422441 0.243858 1.713411 0.142044
1.465433 0.243858 1.582938 0.202741
1.508425 0.243858 1.625472 0.202901
1.551417 0.243858 1.517874 0.255596
1.594409 0.243858 1.477298 0.284838
1.637402 0.243858 1.519832 0.284998
1.680394 0.243858 1.389872 0.345517
1.723386 0.243858 1.465416 0.405950
1.766378 0.243858 1.510965 0.404344
1.809370 0.243858 1.319998 0.551349
1.852362 0.243858 1.808902 0.271150
1.895354 0.243858 1.895354 0.243858
1.938346 0.243858 1.938346 0.243858
1.981339 0.243858 1.981339 0.243858
2.024331 0.243858 2.024331 0.243858
2.067323 0.243858 2.067323 0.243858
2.110315 0.243858 2.110315 0.243858
2.153307 0.243858 2.153307 0.243858
2.196299 0.243858 2.196299 0.243858
2.239291 0.243858 2.239291 0.243858
2.282283 0.243858 2.282283 0.243858
2.325276 0.243858 2.325276 0.243858
2.368268 0.243858 2.368268 0.243858
2.411260 0.243858 2.411260 0.243858
2.454252 0.243858 2.454252 0.243858
2.497244 0.243858 2.497244 0.243858
2.540236 0.243858 2.225718 0.046235
2.583228 0.243858 1.660120 -0.789591
2.626220 0.243858 2.329720 0.057556
2.669213 0.243858 2.365571 0.053068
2.712205 0.243858 2.365634 0.122589
2.755197 0.243858 2.666202 0.212717
2.798189 0.243858 2.708526 0.212484
2.841181 0.243858 2.750850 0.212250
2.884173 0.243858 2.802505 0.215281
2.927165 0.243858 2.809738 0.202769
2.970157 0.243858 2.852272 0.202608
3.013150 0.243858 2.724809 0.142964
3.056142 0.243858 2.770979 0.144076
3.099134 0.243858 2.552997 0.052757
3.142126 0.243858 1.342653 -0.296200
3.185118 0.243858 3.185118 0.243858
3.228110 0.243858 3.228110 0.243858
3.271102 0.243858 3.271102 0.243858
3.314094 0.243858 3.314094 0.243858
3.357087 0.243858 3.357087 0.243858
3.400079 0.243858 3.400079 0.243858
3.443071 0.243858 3.443071 0.243858
3.486063 0.243858 3.486063 0.243858
3.529055 0.243858 3.529055 0.243858
3.572047 0.243858 3.572047 0.243858
3.615039 0.243858 3.615039 0.243858
3.658031 0.243858 3.658031 0.243858
3.701024 0.243858 3.701024 0.243858
3.744016 0.243858 3.744016 0.243858
3.787008 0.243858 3.787008 0.243858
3.830000 0.243858 3.830000 0.243858
-1.630000 0.269528 -1.630000 0.269528
-1.587008 0.269528 -1.587008 0.269528
-1.544016 0.269528 -1.544016 0.269528
-1.501024 0.269528 -1.501024 0.269528
-1.458031 0.269528 -1.458031 0.269528
-1.415039 0.269528 -1.415039 0.269528
-1.372047 0.269528 -1.372047 0.269528
-1.329055 0.269528 -1.329055 0.269528
-1.286063 0.269528 -1.286063 0.269528
-1.243071 0.269528 -1.243071 0.269528
-1.200079 0.269528 -1.200079 0.269528
-1.157087 0.269528 -1.157087 0.269528
-1.114094 0.269528 -1.114094 0.269528
-1.071102 0.269528 -1.071102 0.269528
-1.028110 0.269528 -1.028110 0.269528
-0.985118 0.269528 -0.985118 0.269528
-0.899134 0.269528 -0.356466 0.079641
-0.856142 0.269528 -0.571642 0.169978
-0.813150 0.269528 -0.525473 0.168866
-0.770157 0.269528 -0.479304 0.167754
-0.727165 0.269528 -0.609643 0.228405
-0.684173 0.269528 -0.567110 0.228565
-0.641181 0.269528 -0.550710 0.237870
-0.598189 0.269528 -0.508386 0.238104
-0.555197 0.269528 -0.475231 0.219282
-0.512205 0.269528 -0.198739 0.072565
-0.469213 0.269528 -0.162891 0.077054
-0.426220 0.269528 -0.127042 0.081543
-0.340236 0.269528 1.533686 -0.907926
-0.297244 0.269528 -0.059692 0.031976
-0.254252 0.269528 -0.254252 0.269528
-0.211260 0.269528 -0.211260 0.269528
-0.168268 0.269528 -0.168268 0.269528
-0.125276 0.269528 -0.125276 0.269528
-0.082283 0.269528 -0.082283 0.269528
-0.039291 0.269528 -0.039291 0.269528
0.003701 0.269528 0.003701 0.269528
0.046693 0.269528 0.046693 0.269528
0.089685 0.269528 0.089685 0.269528
0.132677 0.269528 0.132677 0.269528
0.175669 0.269528 0.175669 0.269528
0.218661 0.269528 0.218661 0.269528
0.261654 0.269528 0.261654 0.269528
0.304646 0.269528 0.708787 0.673669
0.347638 0.269528 0.828661 0.571772
0.390630 0.269528 0.885015 0.580168
0.433622 0.269528 0.689995 0.430616
0.476614 0.269528 0.735543 0.432223
0.519606 0.269528 0.625361 0.335977
0.562598 0.269528 0.680073 0.310634
0.605591 0.269528 0.639133 0.281265
0.648583 0.269528 0.615040 0.257790
0.691575 0.269528 0.574432 0.228537
0.734567 0.269528 0.616965 0.228377
0.777559 0.269528 0.487252 0.167945
0.820551 0.269528 0.533422 0.169057
0.863543 0.269528 0.579591 0.170169
0.949528 0.269528 1.276784 0.384039
0.992520 0.269528 0.992520 0.269528
1.035512 0.269528 1.035512 0.269528
1.078504 0.269528 1.078504 0.269528
1.121496 0.269528 1.121496 0.269528
1.164488 0.269528 1.164488 0.269528
1.207480 0.269528 1.207480 0.269528
1.250472 0.269528 1.234253 -0.901692
1.293465 0.269528 1.833274 0.080641
1.336457 0.269528 1.620409 0.170169
1.379449 0.269528 1.666579 0.169057
1.422441 0.269528 1.712747 0.167945
1.465433 0.269528 1.583034 0.228377
1.508425 0.269528 1.625568 0.228538
1.551417 0.269528 1.584961 0.257790
1.594409 0.269528 1.560866 0.281265
1.637402 0.269528 1.519927 0.310634
1.680394 0.269528 1.574639 0.335977
1.723386 0.269528 1.464457 0.432222
1.766378 0.269528 1.510005 0.430616
1.809370 0.269528 1.314985 0.580168
1.852362 0.269528 1.371338 0.571773
1.895354 0.269528 1.491213 0.673669
1.938346 0.269528 1.938346 0.269528
1.981339 0.269528 1.981339 0.269528
2.024331 0.269528 2.024331 0.269528
2.067323 0.269528 2.067323 0.269528
2.110315 0.269528 2.110315 0.269528
2.153307 0.269528 2.153307 0.269528
2.196299 0.269528 2.196299 0.269528
2.239291 0.269528 2.239291 0.269528
2.282283 0.269528 2.282283 0.269528
2.325276 0.269528 2.325276 0.269528
2.368268 0.269528 2.368268 0.269528
2.411260 0.269528 2.411260 0.269528
2.454252 0.269528 2.454252 0.269528
2.497244 0.269528 2.259692 0.031976
2.540236 0.269528 1.595823 -0.701304
2.583228 0.269528 1.595256 -0.756366
2.626220 0.269528 2.327040 0.081542
2.669213 0.269528 2.362891 0.077054
2.712205 0.269528 2.398740 0.072566
2.755197 0.269528 2.675231 0.219282
2.798189 0.269528 2.708386 0.238104
2.841181 0.269528 2.750710 0.237870
2.884173 0.269528 2.767110 0.228565
2.927165 0.269528 2.809642 0.228405
2.970157 0.269528 2.679304 0.167754
3.013150 0.269528 2.725473 0.168865
3.056142 0.269528 2.771643 0.169978
3.099134 0.269528 2.556466 0.079641
3.142126 0.269528 1.594042 -0.789479
3.185118 0.269528 3.185118 0.269528
3.228110 0.269528 3.228110 0.269528
3.271102 0.269528 3.271102 0.269528
3.314094 0.269528 3.314094 0.269528
3.357087 0.269528 3.357087 0.269528
3.400079 0.269528 3.400079 0.269528
3.443071 0.269528 3.443071 0.269528
3.486063 0.269528 3.486063 0.269528
3.529055 0.269528 3.529055 0.269528
3.572047 0.269528 3.572047 0.269528
3.615039 0.269528 3.615039 0.269528
3.658031 0.269528 3.658031 0.269528
3.701024 0.269528 3.701024 0.269528
3.744016 0.269528 3.744016 0.269528
3.787008 0.269528 3.787008 0.269528
3.830000 0.269528 3.830000 0.269528
-1.630000 0.295197 -1.630000 0.295197
-1.587008 0.295197 -1.587008 0.295197
-1.544016 0.295197 -1.544016 0.295197
-1.501024 0.295197 -1.501024 0.295197
-1.458031 0.295197 -1.458031 0.295197
-1.415039 0.295197 -1.415039 0.295197
-1.372047 0.295197 -1.372047 0.295197
-1.329055 0.295197 -1.329055 0.295197
-1.286063 0.295197 -1.286063 0.295197
-1.243071 0.295197 -1.243071 0.295197
-1.200079 0.295197 -1.200079 0.295197
-1.157087 0.295197 -1.157087 0.295197
-1.114094 0.295197 -1.114094 0.295197
-1.071102 0.295197 -1.071102 0.295197
-1.028110 0.295197 -1.028110 0.295197
-0.985118 0.295197 -0.985118 0.295197
-0.899134 0.295197 -0.359934 0.106524
-0.813150 0.295197 -0.526137 0.194767
-0.770157 0.295197 -0.479968 0.193655
-0.727165 0.295197 -0.609547 0.254041
-0.684173 0.295197 -0.567014 0.254201
-0.641181 0.295197 -0.559058 0.266460
-0.598189 0.295197 -0.517484 0.244486
-0.555197 0.295197 -0.475029 0.244824
-0.512205 0.295197 -0.432575 0.245162
-0.469213 0.295197 -0.160210 0.101039
-0.426220 0.295197 -0.124361 0.105527
-0.383228 0.295197 0.792984 -0.443860
-0.340236 0.295197 0.569737 -0.614777
-0.297244 0.295197 -0.032979 0.030932
-0.254252 0.295197 -0.254252 0.295197
-0.211260 0.295197 -0.211260 0.295197
-0.168268 0.295197 -0.168268 0.295197
-0.125276 0.295197 -0.125276 0.295197
-0.082283 0.295197 -0.082283 0.295197
-0.039291 0.295197 -0.039291 0.295197
0.003701 0.295197 0.003701 0.295197
0.046693 0.295197 0.046693 0.295197
0.089685 0.295197 0.089685 0.295197
0.132677 0.295197 0.132677 0.295197
0.175669 0.295197 0.175669 0.295197
0.218661 0.295197 0.218661 0.295197
0.261654 0.295197 0.261654 0.295197
0.304646 0.295197 0.340820 0.331371
0.347638 0.295197 0.754494 0.702053
0.390630 0.295197 0.645405 0.455282
0.433622 0.295197 0.690954 0.456888
0.476614 0.295197 0.736502 0.458495
0.519606 0.295197 0.625222 0.361559
0.562598 0.295197 0.667845 0.361328
0.605591 0.295197 0.635681 0.314104
0.648583 0.295197 0.615040 0.283459
0.691575 0.295197 0.574337 0.254173
0.734567 0.295197 0.616869 0.254013
0.777559 0.295197 0.487916 0.193847
0.820551 0.295197 0.534086 0.194959
0.863543 0.295197 2.416560 0.872467
0.906535 0.295197 3.308009 -0.212422
0.949528 0.295197 0.949528 0.295197
0.992520 0.295197 0.992520 0.295197
1.035512 0.295197 1.035512 0.295197
1.078504 0.295197 1.078504 0.295197
1.121496 0.295197 1.121496 0.295197
1.164488 0.295197 1.164488 0.295197
1.207480 0.295197 1.207480 0.295197
1.250472 0.295197 1.250472 0.295197
1.293465 0.295197 1.829805 0.107524
1.336457 0.295197 1.889400 0.101715
1.379449 0.295197 1.665915 0.194959
1.422441 0.295197 1.712084 0.193847
1.465433 0.295197 1.583130 0.254013
1.508425 0.295197 1.625663 0.254173
1.551417 0.295197 1.584961 0.283460
1.594409 0.295197 1.564319 0.314104
1.637402 0.295197 1.532155 0.361327
1.680394 0.295197 1.574778 0.361559
1.723386 0.295197 1.463497 0.458495
1.766378 0.295197 1.509046 0.456889
1.809370 0.295197 1.554595 0.455281
1.852362 0.295197 1.445506 0.702053
1.895354 0.295197 1.859180 0.331371
1.938346 0.295197 1.938346 0.295197
1.981339 0.295197 1.981339 0.295197
2.024331 0.295197 2.024331 0.295197
2.067323 0.295197 2.067323 0.295197
2.110315 0.295197 2.110315 0.295197
2.153307 0.295197 2.153307 0.295197
2.196299 0.295197 2.196299 0.295197
2.239291 0.295197 2.239291 0.295197
2.282283 0.295197 2.282283 0.295197
2.325276 0.295197 2.325276 0.295197
2.368268 0.295197 2.368268 0.295197
2.411260 0.295197 2.411260 0.295197
2.454252 0.295197 2.454252 0.295197
2.497244 0.295197 2.232979 0.030932
2.540236 0.295197 1.957956 -0.299733
2.583228 0.295197 1.566240 -0.737648
2.626220 0.295197 2.324361 0.105527
2.669213 0.295197 2.360211 0.101039
2.712205 0.295197 2.632575 0.245162
2.755197 0.295197 2.675029 0.244824
2.798189 0.295197 2.717484 0.244486
2.841181 0.295197 2.759059 0.266461
2.884173 0.295197 2.767014 0.254200
2.927165 0.295197 2.809547 0.254041
2.970157 0.295197 2.679967 0.193655
3.013150 0.295197 2.726137 0.194767
3.099134 0.295197 2.559936 0.106524
3.142126 0.295197 -1.493096 -4.544719
3.185118 0.295197 3.185118 0.295197
3.228110 0.295197 3.228110 0.295197
3.271102 0.295197 3.271102 0.295197
3.314094 0.295197 3.314094 0.295197
3.357087 0.295197 3.357087 0.295197
3.400079 0.295197 3.400079 0.295197
3.443071 0.295197 3.443071 0.295197
3.486063 0.295197 3.486063 0.295197
3.529055 0.295197 3.529055 0.295197
3.572047 0.295197 3.572047 0.295197
3.615039 0.295197 3.615039 0.295197
3.658031 0.295197 3.658031 0.295197
3.701024 0.295197 3.701024 0.295197
3.744016 0.295197 3.744016 0.295197
3.787008 0.295197 3.787008 0.295197
3.830000 0.295197 3.830000 0.295197
-1.630000 0.320866 -1.630000 0.320866
-1.587008 0.320866 -1.587008 0.320866
-1.544016 0.320866 -1.544016 0.320866
-1.501024 0.320866 -1.501024 0.320866
-1.458031 0.320866 -1.458031 0.320866
-1.415039 0.320866 -1.415039 0.320866
-1.372047 0.320866 -1.372047 0.320866
-1.329055 0.320866 -1.329055 0.320866
-1.286063 0.320866 -1.286063 0.320866
-1.243071 0.320866 -1.243071 0.320866
-1.200079 0.320866 -1.200079 0.320866
-1.157087 0.320866 -1.157087 0.320866
-1.114094 0.320866 -1.114094 0.320866
-1.071102 0.320866 -1.071102 0.320866
-1.028110 0.320866 -1.028110 0.320866
-0.985118 0.320866 -0.985118 0.320866
-0.942126 0.320866 -0.942126 0.320866
-0.899134 0.320866 -0.363403 0.133407
-0.856142 0.320866 -0.303809 0.127597
-0.813150 0.320866 -0.526800 0.220669
-0.770157 0.320866 -0.480632 0.219557
-0.727165 0.320866 -0.609451 0.279676
-0.684173 0.320866 -0.566918 0.279837
-0.641181 0.320866 -0.567700 0.274695
-0.598189 0.320866 -0.517282 0.270029
-0.555197 0.320866 -0.474827 0.270367
-0.512205 0.320866 -0.432373 0.270705
-0.469213 0.320866 -0.157531 0.125024
-0.426220 0.320866 -0.121681 0.129512
-0.383228 0.320866 -0.134433 0.072071
-0.340236 0.320866 0.677327 -0.696697
-0.297244 0.320866 1.281815 -1.258193
-0.254252 0.320866 -0.068666 0.025506
-0.211260 0.320866 -0.211260 0.320866
-0.168268 0.320866 -0.168268 0.320866
-0.125276 0.320866 -0.125276 0.320866
-0.082283 0.320866 -0.082283 0.320866
-0.039291 0.320866 -0.039291 0.320866
0.003701 0.320866 0.003701 0.320866
0.046693 0.320866 0.046693 0.320866
0.089685 0.320866 0.089685 0.320866
0.132677 0.320866 0.132677 0.320866
0.175669 0.320866 0.175669 0.320866
0.218661 0.320866 0.218661 0.320866
0.261654 0.320866 0.657468 0.716680
0.304646 0.320866 0.707747 0.723968
0.347638 0.320866 0.760058 0.733286
0.390630 0.320866 0.604292 0.534528
0.433622 0.320866 0.691914 0.483160
0.476614 0.320866 0.737462 0.484767
0.519606 0.320866 0.625084 0.387142
0.562598 0.320866 0.667706 0.386910
0.605591 0.320866 0.635681 0.339773
0.648583 0.320866 0.618492 0.301959
0.691575 0.320866 0.574241 0.279809
0.734567 0.320866 0.616773 0.279649
0.777559 0.320866 0.488580 0.219749
0.820551 0.320866 0.534749 0.220860
0.863543 0.320866 3.212449 -0.215357
0.906535 0.320866 3.293766 -0.148806
0.949528 0.320866 0.949528 0.320866
0.992520 0.320866 0.992520 0.320866
1.035512 0.320866 1.035512 0.320866
1.078504 0.320866 1.078504 0.320866
1.121496 0.320866 1.121496 0.320866
1.164488 0.320866 1.164488 0.320866
1.207480 0.320866 1.207480 0.320866
1.250472 0.320866 1.250472 0.320866
1.293465 0.320866 1.826337 0.134407
1.336457 0.320866 1.885931 0.128598
1.379449 0.320866 1.665251 0.220860
1.422441 0.320866 1.711420 0.219748
1.465433 0.320866 1.583226 0.279649
1.508425 0.320866 1.625759 0.279809
1.551417 0.320866 1.581508 0.301959
1.594409 0.320866 1.564319 0.339773
1.637402 0.320866 1.532294 0.386910
1.680394 0.320866 1.574916 0.387142
1.723386 0.320866 1.462538 0.484767
1.766378 0.320866 1.508087 0.483161
1.809370 0.320866 1.595708 0.534528
1.852362 0.320866 1.439942 0.733286
1.895354 0.320866 1.492253 0.723968
1.938346 0.320866 1.542532 0.716680
1.981339 0.320866 1.981339 0.320866
2.024331 0.320866 2.024331 0.320866
2.067323 0.320866 2.067323 0.320866
2.110315 0.320866 2.110315 0.320866
2.153307 0.320866 2.153307 0.320866
2.196299 0.320866 2.196299 0.320866
2.239291 0.320866 2.239291 0.320866
2.282283 0.320866 2.282283 0.320866
2.325276 0.320866 2.325276 0.320866
2.368268 0.320866 2.368268 0.320866
2.411260 0.320866 2.411260 0.320866
2.454252 0.320866 2.268666 0.025506
2.497244 0.320866 1.728301 -0.811228
2.540236 0.320866 1.743442 -0.859976
2.583228 0.320866 2.334433 0.072071
2.626220 0.320866 2.321681 0.129513
2.669213 0.320866 2.357532 0.125025
2.712205 0.320866 2.632373 0.270705
2.755197 0.320866 2.674828 0.270367
2.798189 0.320866 2.717282 0.270029
2.841181 0.320866 2.767700 0.274695
2.884173 0.320866 2.766918 0.279837
2.927165 0.320866 2.809451 0.279676
2.970157 0.320866 2.680632 0.219557
3.013150 0.320866 2.726801 0.220669
3.056142 0.320866 2.503807 0.127597
3.099134 0.320866 2.563405 0.133408
3.142126 0.320866 3.142126 0.320866
3.185118 0.320866 3.185118 0.320866
3.228110 0.320866 3.228110 0.320866
3.271102 0.320866 3.271102 0.320866
3.314094 0.320866 3.314094 0.320866
3.357087 0.320866 3.357087 0.320866
3.400079 0.320866 3.400079 0.320866
3.443071 0.320866 3.443071 0.320866
3.486063 0.320866 3.486063 0.320866
3.529055 0.320866 3.529055 0.320866
3.572047 0.320866 3.572047 0.320866
3.615039 0.320866 3.615039 0.320866
3.658031 0.320866 3.658031 0.320866
3.701024 0.320866 3.701024 0.320866
3.744016 0.320866 3.744016 0.320866
3.787008 0.320866 3.787008 0.320866
3.830000 0.320866 3.830000 0.320866
-1.630000 0.346535 -1.630000 0.346535
-1.587008 0.346535 -1.587008 0.346535
-1.544016 0.346535 -1.544016 0.346535
-1.501024 0.346535 -1.501024 0.346535
-1.458031 0.346535 -1.458031 0.346535
-1.415039 0.346535 -1.415039 0.346535
-1.372047 0.346535 -1.372047 0.346535
-1.329055 0.346535 -1.329055 0.346535
-1.286063 0.346535 -1.286063 0.346535
-1.243071 0.346535 -1.243071 0.346535
-1.200079 0.346535 -1.200079 0.346535
-1.157087 0.346535 -1.157087 0.346535
-1.114094 0.346535 -1.114094 0.346535
-1.071102 0.346535 -1.071102 0.346535
-1.028110 0.346535 -1.028110 0.346535
-0.985118 0.346535 -0.985118 0.346535
-0.942126 0.346535 -0.942126 0.346535
-0.899134 0.346535 0.843493 -0.263234
-0.856142 0.346535 -0.307278 0.154481
-0.813150 0.346535 -0.527465 0.246570
-0.770157 0.346535 -0.481295 0.245459
-0.727165 0.346535 -0.613884 0.295992
-0.684173 0.346535 -0.578867 0.280367
-0.641181 0.346535 -0.567936 0.300512
-0.598189 0.346535 -0.517080 0.295571
-0.555197 0.346535 -0.474626 0.295909
-0.512205 0.346535 -0.432171 0.296247
-0.469213 0.346535 -0.389717 0.296585
-0.426220 0.346535 -0.169469 0.089784
-0.383228 0.346535 -0.131459 0.094766
-0.340236 0.346535 -0.093448 0.099747
-0.297244 0.346535 0.635118 -0.585827
-0.254252 0.346535 0.917886 -1.518926
-0.211260 0.346535 -0.026934 0.053181
-0.168268 0.346535 -0.168268 0.346535
-0.125276 0.346535 -0.125276 0.346535
-0.082283 0.346535 -0.082283 0.346535
-0.039291 0.346535 -0.039291 0.346535
0.003701 0.346535 0.003701 0.346535
0.046693 0.346535 0.046693 0.346535
0.089685 0.346535 0.089685 0.346535
0.132677 0.346535 0.132677 0.346535
0.175669 0.346535 0.175669 0.346535
0.218661 0.346535 0.518755 0.824134
0.261654 0.346535 0.562717 0.825679
0.304646 0.346535 0.713311 0.755201
0.347638 0.346535 0.560581 0.559479
0.390630 0.346535 0.605356 0.561262
0.433622 0.346535 0.650132 0.563045
0.476614 0.346535 0.582322 0.412956
0.519606 0.346535 0.624945 0.412724
0.562598 0.346535 0.592689 0.365442
0.605591 0.346535 0.575500 0.327628
0.648583 0.346535 0.543582 0.280559
0.691575 0.346535 0.586205 0.280327
0.734567 0.346535 0.616677 0.305284
0.777559 0.346535 0.489244 0.245650
0.820551 0.346535 0.535413 0.246762
0.863543 0.346535 1.637246 -1.596582
0.906535 0.346535 2.796530 0.775227
0.949528 0.346535 0.949528 0.346535
0.992520 0.346535 0.992520 0.346535
1.035512 0.346535 1.035512 0.346535
1.078504 0.346535 1.078504 0.346535
1.121496 0.346535 1.121496 0.346535
1.164488 0.346535 1.164488 0.346535
1.207480 0.346535 1.207480 0.346535
1.250472 0.346535 1.250472 0.346535
1.293465 0.346535 1.348925 0.327147
1.336457 0.346535 1.882463 0.155480
1.379449 0.346535 1.664587 0.246762
1.422441 0.346535 1.710756 0.245650
1.465433 0.346535 1.583322 0.305284
1.508425 0.346535 1.613795 0.280327
1.551417 0.346535 1.656418 0.280559
1.594409 0.346535 1.624500 0.327628
1.637402 0.346535 1.607311 0.365442
1.680394 0.346535 1.575055 0.412724
1.723386 0.346535 1.617678 0.412956
1.766378 0.346535 1.549868 0.563045
1.809370 0.346535 1.594644 0.561262
1.852362 0.346535 1.639419 0.559479
1.895354 0.346535 1.486689 0.755201
1.938346 0.346535 1.637283 0.825679
1.981339 0.346535 1.681245 0.824134
2.024331 0.346535 2.024331 0.346535
2.067323 0.346535 2.067323 0.346535
2.110315 0.346535 2.110315 0.346535
2.153307 0.346535 2.153307 0.346535
2.196299 0.346535 2.196299 0.346535
2.239291 0.346535 2.239291 0.346535
2.282283 0.346535 2.282283 0.346535
2.325276 0.346535 2.325276 0.346535
2.368268 0.346535 2.368268 0.346535
2.411260 0.346535 2.226935 0.053182
2.454252 0.346535 2.077138 -0.365200
2.497244 0.346535 1.702213 -0.810765
2.540236 0.346535 2.293448 0.099747
2.583228 0.346535 2.331459 0.094766
2.626220 0.346535 2.369469 0.089784
2.669213 0.346535 2.589717 0.296585
2.712205 0.346535 2.632171 0.296247
2.755197 0.346535 2.674626 0.295909
2.798189 0.346535 2.717080 0.295571
2.841181 0.346535 2.767936 0.300512
2.884173 0.346535 2.778867 0.280367
2.927165 0.346535 2.813884 0.295992
2.970157 0.346535 2.681295 0.245459
3.013150 0.346535 2.727465 0.246571
3.056142 0.346535 2.507277 0.154481
3.099134 0.346535 1.356502 -0.263236
3.142126 0.346535 3.142126 0.346535
3.185118 0.346535 3.185118 0.346535
3.228110 0.346535 3.228110 0.346535
3.271102 0.346535 3.271102 0.346535
3.314094 0.346535 3.314094 0.346535
3.357087 0.346535 3.357087 0.346535
3.400079 0.346535 3.400079 0.346535
3.443071 0.346535 3.443071 0.346535
3.486063 0.346535 3.486063 0.346535
3.529055 0.346535 3.529055 0.346535
3.572047 0.346535 3.572047 0.346535
3.615039 0.346535 3.615039 0.346535
3.658031 0.346535 3.658031 0.346535
3.701024 0.346535 3.701024 0.346535
3.744016 0.346535 3.744016 0.346535
3.787008 0.346535 3.787008 0.346535
3.830000 0.346535 3.830000 0.346535
-1.630000 0.372205 -1.630000 0.372205
-1.587008 0.372205 -1.587008 0.372205
-1.544016 0.372205 -1.544016 0.372205
-1.501024 0.372205 -1.501024 0.372205
-1.458031 0.372205 -1.458031 0.372205
-1.415039 0.372205 -1.415039 0.372205
-1.372047 0.372205 -1.372047 0.372205
-1.329055 0.372205 -1.329055 0.372205
-1.286063 0.372205 -1.286063 0.372205
-1.243071 0.372205 -1.243071 0.372205
-1.200079 0.372205 -1.200079 0.372205
-1.157087 0.372205 -1.157087 0.372205
-1.114094 0.372205 -1.114094 0.372205
-1.071102 0.372205 -1.071102 0.372205
-1.028110 0.372205 -1.028110 0.372205
-0.985118 0.372205 -0.985118 0.372205
-0.942126 0.372205 -0.942126 0.372205
-0.899134 0.372205 -0.371803 0.187685
-0.856142 0.372205 -0.310746 0.181363
-0.813150 0.372205 -0.528129 0.272472
-0.770157 0.372205 -0.506727 0.220314
-0.727165 0.372205 -0.466095 0.208163
-0.684173 0.372205 -0.578728 0.305949
-0.641181 0.372205 -0.536105 0.306181
-0.598189 0.372205 -0.524551 0.325935
-0.555197 0.372205 -0.474424 0.321452
-0.512205 0.372205 -0.431969 0.321790
-0.469213 0.372205 -0.389515 0.322127
-0.426220 0.372205 -0.166495 0.112479
-0.383228 0.372205 -0.128484 0.117461
-0.340236 0.372205 -0.090474 0.122442
-0.297244 0.372205 0.412262 -0.083604
-0.254252 0.372205 0.433569 -0.722467
-0.211260 0.372205 0.958712 -1.489810
-0.168268 0.372205 -0.053104 0.043079
-0.125276 0.372205 -0.125276 0.372205
-0.082283 0.372205 -0.082283 0.372205
-0.039291 0.372205 -0.039291 0.372205
0.003701 0.372205 0.003701 0.372205
0.046693 0.372205 0.046693 0.372205
0.089685 0.372205 0.089685 0.372205
0.132677 0.372205 0.132677 0.372205
0.175669 0.372205 0.058822 0.038277
0.218661 0.372205 0.519463 0.850931
0.261654 0.372205 0.567730 0.859326
0.304646 0.372205 0.718875 0.786434
0.347638 0.372205 0.561646 0.586213
0.390630 0.372205 0.606421 0.587996
0.433622 0.372205 0.651196 0.589779
0.476614 0.372205 0.582184 0.438538
0.519606 0.372205 0.624807 0.438306
0.562598 0.372205 0.592689 0.391112
0.605591 0.372205 0.575500 0.353298
0.648583 0.372205 0.543444 0.306141
0.691575 0.372205 0.586066 0.305909
0.734567 0.372205 0.473936 0.208440
0.777559 0.372205 0.495111 0.261105
0.820551 0.372205 0.536077 0.272664
0.906535 0.372205 1.246886 0.491298
0.949528 0.372205 0.949528 0.372205
0.992520 0.372205 0.992520 0.372205
1.035512 0.372205 1.035512 0.372205
1.078504 0.372205 1.078504 0.372205
1.121496 0.372205 1.121496 0.372205
1.164488 0.372205 1.164488 0.372205
1.207480 0.372205 1.207480 0.372205
1.250472 0.372205 1.250472 0.372205
1.293465 0.372205 1.628053 0.423381
1.336457 0.372205 1.878994 0.182364
1.379449 0.372205 1.663923 0.272663
1.422441 0.372205 1.704889 0.261105
1.465433 0.372205 1.726063 0.208439
1.508425 0.372205 1.613934 0.305909
1.551417 0.372205 1.656557 0.306141
1.594409 0.372205 1.624500 0.353298
1.637402 0.372205 1.607311 0.391112
1.680394 0.372205 1.575193 0.438306
1.723386 0.372205 1.617816 0.438538
1.766378 0.372205 1.548804 0.589779
1.809370 0.372205 1.593579 0.587996
1.852362 0.372205 1.638354 0.586213
1.895354 0.372205 1.481125 0.786434
1.938346 0.372205 1.632270 0.859326
1.981339 0.372205 1.680538 0.850930
2.024331 0.372205 2.141175 0.038277
2.067323 0.372205 2.067323 0.372205
2.110315 0.372205 2.110315 0.372205
2.153307 0.372205 2.153307 0.372205
2.196299 0.372205 2.196299 0.372205
2.239291 0.372205 2.239291 0.372205
2.282283 0.372205 2.282283 0.372205
2.325276 0.372205 2.325276 0.372205
2.368268 0.372205 2.253101 0.043080
2.411260 0.372205 2.022193 -0.355197
2.454252 0.372205 2.069577 -0.340497
2.497244 0.372205 1.676126 -0.810302
2.540236 0.372205 2.290474 0.122442
2.583228 0.372205 2.328484 0.117461
2.626220 0.372205 2.366495 0.112479
2.669213 0.372205 2.589515 0.322128
2.712205 0.372205 2.631969 0.321790
2.755197 0.372205 2.674424 0.321452
2.798189 0.372205 2.724551 0.325935
2.841181 0.372205 2.736106 0.306181
2.884173 0.372205 2.778728 0.305949
2.927165 0.372205 2.666096 0.208163
2.970157 0.372205 2.706727 0.220315
3.013150 0.372205 2.728128 0.272472
3.056142 0.372205 2.510746 0.181364
3.099134 0.372205 2.571801 0.187684
3.142126 0.372205 3.142126 0.372205
3.185118 0.372205 3.185118 0.372205
3.228110 0.372205 3.228110 0.372205
3.271102 0.372205 3.271102 0.372205
3.314094 0.372205 3.314094 0.372205
3.357087 0.372205 3.357087 0.372205
3.400079 0.372205 3.400079 0.372205
3.443071 0.372205 3.443071 0.372205
3.486063 0.372205 3.486063 0.372205
3.529055 0.372205 3.529055 0.372205
3.572047 0.372205 3.572047 0.372205
3.615039 0.372205 3.615039 0.372205
3.658031 0.372205 3.658031 0.372205
3.701024 0.372205 3.701024 0.372205
3.744016 0.372205 3.744016 0.372205
3.787008 0.372205 3.787008 0.372205
3.830000 0.372205 3.830000 0.372205
-1.630000 0.397874 -1.630000 0.397874
-1.587008 0.397874 -1.587008 0.397874
-1.544016 0.397874 -1.544016 0.397874
-1.501024 0.397874 -1.501024 0.397874
-1.458031 0.397874 -1.458031 0.397874
-1.415039 0.397874 -1.415039 0.397874
-1.372047 0.397874 -1.372047 0.397874
-1.329055 0.397874 -1.329055 0.397874
-1.286063 0.397874 -1.286063 0.397874
-1.243071 0.397874 -1.243071 0.397874
-1.200079 0.397874 -1.200079 0.397874
-1.157087 0.397874 -1.157087 0.397874
-1.114094 0.397874 -1.114094 0.397874
-1.071102 0.397874 -1.071102 0.397874
-1.028110 0.397874 -1.028110 0.397874
-0.985118 0.397874 -0.985118 0.397874
-0.942126 0.397874 -0.942126 0.397874
-0.856142 0.397874 -0.322348 0.194188
-0.813150 0.397874 -0.553169 0.248459
-0.770157 0.397874 -0.512603 0.236041
-0.727165 0.397874 -0.467054 0.234435
-0.684173 0.397874 -0.578590 0.331531
-0.641181 0.397874 -0.535967 0.331763
-0.598189 0.397874 -0.524787 0.351752
-0.555197 0.397874 -0.474222 0.346994
-0.512205 0.397874 -0.431768 0.347332
-0.469213 0.397874 -0.402437 0.331098
-0.426220 0.397874 -0.359820 0.331473
-0.383228 0.397874 -0.125510 0.140156
-0.340236 0.397874 -0.087499 0.145137
-0.297244 0.397874 -0.110400 0.100510
-0.254252 0.397874 0.210461 -0.341747
-0.211260 0.397874 0.473312 -0.691626
-0.168268 0.397874 0.562269 -1.689854
-0.125276 0.397874 -0.003209 0.049032
-0.082283 0.397874 -0.043778 0.056134
-0.039291 0.397874 -0.001907 0.066089
0.003701 0.397874 0.003701 0.397874
0.046693 0.397874 0.009117 0.064385
0.089685 0.397874 0.050988 0.054420
0.132677 0.397874 0.008935 0.044244
0.175669 0.397874 0.362701 0.932381
0.218661 0.397874 0.524475 0.884577
0.261654 0.397874 0.572743 0.892973
0.304646 0.397874 0.465223 0.653433
0.347638 0.397874 0.562710 0.612947
0.390630 0.397874 0.607486 0.614730
0.433622 0.397874 0.521900 0.486151
0.476614 0.397874 0.564634 0.485894
0.519606 0.397874 0.624668 0.463889
0.562598 0.397874 0.592689 0.416781
0.605591 0.397874 0.575500 0.378967
0.648583 0.397874 0.543305 0.331724
0.691575 0.397874 0.585928 0.331492
0.734567 0.397874 0.474895 0.234712
0.777559 0.397874 0.520444 0.236318
0.820551 0.397874 0.316258 0.099462
0.906535 0.397874 1.230231 0.511139
0.949528 0.397874 0.949528 0.397874
0.992520 0.397874 0.992520 0.397874
1.035512 0.397874 1.035512 0.397874
1.078504 0.397874 1.078504 0.397874
1.121496 0.397874 1.121496 0.397874
1.164488 0.397874 1.164488 0.397874
1.207480 0.397874 1.207480 0.397874
1.250472 0.397874 1.250472 0.397874
1.293465 0.397874 1.156345 0.928563
1.336457 0.397874 1.867287 0.195153
1.379449 0.397874 1.883738 0.099463
1.422441 0.397874 1.679555 0.236318
1.465433 0.397874 1.725104 0.234711
1.508425 0.397874 1.614072 0.331491
1.551417 0.397874 1.656695 0.331723
1.594409 0.397874 1.624500 0.378967
1.637402 0.397874 1.607311 0.416781
1.680394 0.397874 1.575332 0.463889
1.723386 0.397874 1.635366 0.485894
1.766378 0.397874 1.678100 0.486151
1.809370 0.397874 1.592514 0.614730
1.852362 0.397874 1.637290 0.612947
1.895354 0.397874 1.734777 0.653433
1.938346 0.397874 1.627257 0.892973
1.981339 0.397874 1.675525 0.884578
2.024331 0.397874 2.325198 -0.370995
2.067323 0.397874 2.191070 0.044229
2.110315 0.397874 2.149014 0.054420
2.153307 0.397874 2.190884 0.064375
2.196299 0.397874 2.196299 0.397874
2.239291 0.397874 2.201908 0.066099
2.282283 0.397874 2.243780 0.056133
2.325276 0.397874 2.203214 0.049047
2.368268 0.397874 2.067350 -0.373528
2.411260 0.397874 2.014629 -0.330488
2.454252 0.397874 2.062013 -0.315787
2.497244 0.397874 2.310400 0.100511
2.540236 0.397874 2.287499 0.145137
2.583228 0.397874 2.325510 0.140156
2.626220 0.397874 2.714542 0.486196
2.669213 0.397874 2.757277 0.485938
2.712205 0.397874 2.631768 0.347332
2.755197 0.397874 2.674222 0.346994
2.798189 0.397874 2.724787 0.351752
2.841181 0.397874 2.735967 0.331764
2.884173 0.397874 2.778590 0.331532
2.927165 0.397874 2.667055 0.234435
2.970157 0.397874 2.712603 0.236042
3.013150 0.397874 2.753169 0.248460
3.056142 0.397874 2.522348 0.194189
3.099134 0.397874 -1.543215 -4.534438
3.142126 0.397874 3.142126 0.397874
3.185118 0.397874 3.185118 0.397874
3.228110 0.397874 3.228110 0.397874
3.271102 0.397874 3.271102 0.397874
3.314094 0.397874 3.314094 0.397874
3.357087 0.397874 3.357087 0.397874
3.400079 0.397874 3.400079 0.397874
3.443071 0.397874 3.443071 0.397874
3.486063 0.397874 3.486063 0.397874
3.529055 0.397874 3.529055 0.397874
3.572047 0.397874 3.572047 0.397874
3.615039 0.397874 3.615039 0.397874
3.658031 0.397874 3.658031 0.397874
3.701024 0.397874 3.701024 0.397874
3.744016 0.397874 3.744016 0.397874
3.787008 0.397874 3.787008 0.397874
3.830000 0.397874 3.830000 0.397874
-1.630000 0.423543 -1.630000 0.423543
-1.587008 0.423543 -1.587008 0.423543
-1.544016 0.423543 -1.544016 0.423543
-1.501024 0.423543 -1.501024 0.423543
-1.458031 0.423543 -1.458031 0.423543
-1.415039 0.423543 -1.415039 0.423543
-1.372047 0.423543 -1.372047 0.423543
-1.329055 0.423543 -1.329055 0.423543
-1.286063 0.423543 -1.286063 0.423543
-1.243071 0.423543 -1.243071 0.423543
-1.200079 0.423543 -1.200079 0.423543
-1.157087 0.423543 -1.157087 0.423543
-1.114094 0.423543 -1.114094 0.423543
-1.071102 0.423543 -1.071102 0.423543
-1.028110 0.423543 -1.028110 0.423543
-0.985118 0.423543 -0.985118 0.423543
-0.942126 0.423543 -0.942126 0.423543
-0.899134 0.423543 5.022497 -0.505252
-0.856142 0.423543 -0.367949 0.135773
-0.813150 0.423543 -0.317591 0.112164
-0.770157 0.423543 -0.513562 0.262313
-0.727165 0.423543 -0.468013 0.260707
-0.684173 0.423543 -0.578451 0.357114
-0.641181 0.423543 -0.535828 0.357346
-0.598189 0.423543 -0.493205 0.357578
-0.555197 0.423543 -0.474020 0.372537
-0.512205 0.423543 -0.444830 0.356169
-0.469213 0.423543 -0.402213 0.356544
-0.426220 0.423543 -0.359596 0.356919
-0.383228 0.423543 -0.122536 0.162851
-0.340236 0.423543 -0.084525 0.167832
-0.297244 0.423543 -0.107720 0.121915
-0.254252 0.423543 -0.067548 0.126403
-0.211260 0.423543 0.251956 -0.313692
-0.168268 0.423543 0.267463 -0.821681
-0.125276 0.423543 0.617081 -1.698002
-0.082283 0.423543 0.164938 -1.770688
-0.039291 0.423543 0.206002 -1.753579
0.003701 0.423543 -0.240003 -1.739465
0.046693 0.423543 -0.198938 -1.756574
0.089685 0.423543 -0.157880 -1.773636
0.132677 0.423543 0.321148 0.962157
0.175669 0.423543 0.366169 0.967964
0.218661 0.423543 0.529488 0.918225
0.261654 0.423543 0.422180 0.679022
0.304646 0.423543 0.466183 0.680629
0.347638 0.423543 0.563775 0.639681
0.390630 0.423543 0.608550 0.641464
0.433622 0.423543 0.521746 0.511667
0.476614 0.423543 0.564480 0.511410
0.519606 0.423543 0.544735 0.448672
0.562598 0.423543 0.532508 0.404636
0.605591 0.423543 0.500543 0.357538
0.648583 0.423543 0.543166 0.357306
0.691575 0.423543 0.430307 0.259377
0.734567 0.423543 0.475855 0.260984
0.777559 0.423543 0.521404 0.262590
0.820551 0.423543 0.327294 0.113608
0.863543 0.423543 0.377580 0.137256
0.906535 0.423543 0.906535 0.423543
0.949528 0.423543 0.949528 0.423543
0.992520 0.423543 0.992520 0.423543
1.035512 0.423543 1.035512 0.423543
1.078504 0.423543 1.078504 0.423543
1.121496 0.423543 1.121496 0.423543
1.164488 0.423543 1.164488 0.423543
1.207480 0.423543 1.207480 0.423543
1.250472 0.423543 1.250472 0.423543
1.293465 0.423543 1.293465 0.423543
1.336457 0.423543 1.822420 0.137257
1.379449 0.423543 1.872707 0.113609
1.422441 0.423543 1.678596 0.262591
1.465433 0.423543 1.724145 0.260983
1.508425 0.423543 1.769694 0.259377
1.551417 0.423543 1.656834 0.357306
1.594409 0.423543 1.699457 0.357538
1.637402 0.423543 1.667492 0.404636
1.680394 0.423543 1.655265 0.448672
1.723386 0.423543 1.635520 0.511410
1.766378 0.423543 1.678254 0.511667
1.809370 0.423543 1.591450 0.641464
1.852362 0.423543 1.636225 0.639681
1.895354 0.423543 1.733818 0.680629
1.938346 0.423543 1.777819 0.679023
1.981339 0.423543 1.670512 0.918225
2.024331 0.423543 2.332262 -0.345497
2.067323 0.423543 2.223738 -0.390798
2.110315 0.423543 2.314322 -0.404766
2.153307 0.423543 2.205749 -0.394587
2.196299 0.423543 2.249101 -0.395452
2.239291 0.423543 2.186788 -0.394731
2.282283 0.423543 2.230134 -0.393874
2.325276 0.423543 2.168317 -0.391087
2.368268 0.423543 2.060293 -0.348020
2.411260 0.423543 1.774053 -0.875461
2.454252 0.423543 2.267548 0.126404
2.497244 0.423543 2.307719 0.121915
2.540236 0.423543 2.284525 0.167832
2.583228 0.423543 2.322536 0.162851
2.626220 0.423543 2.714389 0.511711
2.669213 0.423543 2.757123 0.511454
2.712205 0.423543 2.737333 0.448672
2.755197 0.423543 2.674021 0.372537
2.798189 0.423543 2.693205 0.357578
2.841181 0.423543 2.735829 0.357346
2.884173 0.423543 2.778451 0.357114
2.927165 0.423543 2.668014 0.260707
2.970157 0.423543 2.713562 0.262314
3.013150 0.423543 2.517588 0.112162
3.056142 0.423543 2.567949 0.135772
3.099134 0.423543 0.424413 -2.244800
3.142126 0.423543 3.142126 0.423543
3.185118 0.423543 3.185118 0.423543
3.228110 0.423543 3.228110 0.423543
3.271102 0.423543 3.271102 0.423543
3.314094 0.423543 3.314094 0.423543
3.357087 0.423543 3.357087 0.423543
3.400079 0.423543 3.400079 0.423543
3.443071 0.423543 3.443071 0.423543
3.486063 0.423543 3.486063 0.423543
3.529055 0.423543 3.529055 0.423543
3.572047 0.423543 3.572047 0.423543
3.615039 0.423543 3.615039 0.423543
3.658031 0.423543 3.658031 0.423543
3.701024 0.423543 3.701024 0.423543
3.744016 0.423543 3.744016 0.423543
3.787008 0.423543 3.787008 0.423543
3.830000 0.423543 3.830000 0.423543
-1.630000 0.449213 -1.630000 0.449213
-1.587008 0.449213 -1.587008 0.449213
-1.544016 0.449213 -1.544016 0.449213
-1.501024 0.449213 -1.501024 0.449213
-1.458031 0.449213 -1.458031 0.449213
-1.415039 0.449213 -1.415039 0.449213
-1.372047 0.449213 -1.372047 0.449213
-1.329055 0.449213 -1.329055 0.449213
-1.286063 0.449213 -1.286063 0.449213
-1.243071 0.449213 -1.243071 0.449213
-1.200079 0.449213 -1.200079 0.449213
-1.157087 0.449213 -1.157087 0.449213
-1.114094 0.449213 -1.114094 0.449213
-1.071102 0.449213 -1.071102 0.449213
-1.028110 0.449213 -1.028110 0.449213
-0.985118 0.449213 -0.985118 0.449213
-0.942126 0.449213 -0.942126 0.449213
-0.899134 0.449213 -0.899134 0.449213
-0.856142 0.449213 0.738844 -0.454772
-0.813150 0.449213 -0.322604 0.140983
-0.770157 0.449213 -0.514522 0.288586
-0.727165 0.449213 -0.468972 0.286979
-0.684173 0.449213 -0.423423 0.285372
-0.641181 0.449213 -0.535690 0.382928
-0.598189 0.449213 -0.493067 0.383160
-0.555197 0.449213 -0.493783 0.387799
-0.512205 0.449213 -0.444606 0.381614
-0.469213 0.449213 -0.401989 0.381989
-0.426220 0.449213 -0.359372 0.382364
-0.383228 0.449213 -0.316755 0.382739
-0.340236 0.449213 -0.145212 0.138831
-0.297244 0.449213 -0.105040 0.143319
-0.254252 0.449213 -0.064868 0.147809
-0.211260 0.449213 -0.095365 0.118002
-0.168268 0.449213 0.126278 -0.392565
-0.125276 0.449213 -0.020400 0.149507
-0.082283 0.449213 0.091107 -1.089734
-0.039291 0.449213 0.134329 -1.091696
0.003701 0.449213 -0.250218 -1.804463
0.046693 0.449213 -0.126880 -1.091354
0.089685 0.449213 -0.083676 -1.089391
0.132677 0.449213 0.324613 0.997736
0.175669 0.449213 0.369638 1.003546
0.218661 0.449213 0.379138 0.704611
0.261654 0.449213 0.423140 0.706218
0.304646 0.449213 0.467142 0.707825
0.347638 0.449213 0.511144 0.709431
0.390630 0.449213 0.478857 0.537440
0.433622 0.449213 0.521592 0.537183
0.476614 0.449213 0.564327 0.536925
0.519606 0.449213 0.544735 0.474341
0.562598 0.449213 0.543488 0.416551
0.605591 0.449213 0.500405 0.383120
0.648583 0.449213 0.543028 0.382888
0.691575 0.449213 0.431266 0.285649
0.734567 0.449213 0.476814 0.287256
0.777559 0.449213 0.522363 0.288862
0.820551 0.449213 0.332306 0.142427
0.863543 0.449213 82.067941 5.774740
0.906535 0.449213 0.906535 0.449213
0.949528 0.449213 0.949528 0.449213
0.992520 0.449213 0.992520 0.449213
1.035512 0.449213 1.035512 0.449213
1.078504 0.449213 1.078504 0.449213
1.121496 0.449213 1.121496 0.449213
1.164488 0.449213 1.164488 0.449213
1.207480 0.449213 1.207480 0.449213
1.250472 0.449213 1.250472 0.449213
1.293465 0.449213 1.293465 0.449213
1.336457 0.449213 1.325043 0.055995
1.379449 0.449213 1.867694 0.142428
1.422441 0.449213 1.677636 0.288863
1.465433 0.449213 1.723185 0.287256
1.508425 0.449213 1.768735 0.285649
1.551417 0.449213 1.656972 0.382888
1.594409 0.449213 1.699595 0.383120
1.637402 0.449213 1.656512 0.416551
1.680394 0.449213 1.655265 0.474341
1.723386 0.449213 1.635673 0.536925
1.766378 0.449213 1.678408 0.537183
1.809370 0.449213 1.721143 0.537440
1.852362 0.449213 1.688857 0.709432
1.895354 0.449213 1.732858 0.707825
1.938346 0.449213 1.776860 0.706218
1.981339 0.449213 1.820862 0.704611
2.024331 0.449213 2.623712 -1.591738
2.067323 0.449213 2.222726 -0.364575
2.110315 0.449213 2.322156 -0.378909
2.153307 0.449213 2.205241 -0.367672
2.196299 0.449213 2.248590 -0.368533
2.239291 0.449213 2.187305 -0.367822
2.282283 0.449213 2.230650 -0.366965
2.325276 0.449213 2.169330 -0.364871
2.368268 0.449213 2.053230 -0.322523
2.411260 0.449213 2.295364 0.118003
2.454252 0.449213 2.264869 0.147808
2.497244 0.449213 2.305040 0.143320
2.540236 0.449213 2.345212 0.138831
2.583228 0.449213 2.671500 0.537484
2.626220 0.449213 2.714235 0.537227
2.669213 0.449213 2.756969 0.536969
2.712205 0.449213 2.737333 0.474341
2.755197 0.449213 2.730068 0.424084
2.798189 0.449213 2.693067 0.383160
2.841181 0.449213 2.735690 0.382928
2.884173 0.449213 2.623424 0.285373
2.927165 0.449213 2.668972 0.286979
2.970157 0.449213 2.714521 0.288586
3.013150 0.449213 2.522604 0.140982
3.056142 0.449213 1.461159 -0.454772
3.099134 0.449213 3.099134 0.449213
3.142126 0.449213 3.142126 0.449213
3.185118 0.449213 3.185118 0.449213
3.228110 0.449213 3.228110 0.449213
3.271102 0.449213 3.271102 0.449213
3.314094 0.449213 3.314094 0.449213
3.357087 0.449213 3.357087 0.449213
3.400079 0.449213 3.400079 0.449213
3.443071 0.449213 3.443071 0.449213
3.486063 0.449213 3.486063 0.449213
3.529055 0.449213 3.529055 0.449213
3.572047 0.449213 3.572047 0.449213
3.615039 0.449213 3.615039 0.449213
3.658031 0.449213 3.658031 0.449213
3.701024 0.449213 3.701024 0.449213
3.744016 0.449213 3.744016 0.449213
3.787008 0.449213 3.787008 0.449213
3.830000 0.449213 3.830000 0.449213
-1.630000 0.474882 -1.630000 0.474882
-1.587008 0.474882 -1.587008 0.474882
-1.544016 0.474882 -1.544016 0.474882
-1.501024 0.474882 -1.501024 0.474882
-1.458031 0.474882 -1.458031 0.474882
-1.415039 0.474882 -1.415039 0.474882
-1.372047 0.474882 -1.372047 0.474882
-1.329055 0.474882 -1.329055 0.474882
-1.286063 0.474882 -1.286063 0.474882
-1.243071 0.474882 -1.243071 0.474882
-1.200079 0.474882 -1.200079 0.474882
-1.157087 0.474882 -1.157087 0.474882
-1.114094 0.474882 -1.114094 0.474882
-1.071102 0.474882 -1.071102 0.474882
-1.028110 0.474882 -1.028110 0.474882
-0.985118 0.474882 -0.985118 0.474882
-0.942126 0.474882 -0.942126 0.474882
-0.899134 0.474882 -0.899134 0.474882
-0.813150 0.474882 -0.327617 0.169802
-0.770157 0.474882 1.329525 -0.844435
-0.727165 0.474882 -0.469932 0.313252
-0.684173 0.474882 -0.424383 0.311644
-0.641181 0.474882 -0.535551 0.408510
-0.598189 0.474882 -0.499303 0.400792
-0.555197 0.474882 -0.494045 0.413730
-0.512205 0.474882 -0.450615 0.413292
-0.469213 0.474882 -0.401765 0.407434
-0.426220 0.474882 -0.359148 0.407809
-0.383228 0.474882 -0.316531 0.408185
-0.340236 0.474882 -0.406688 0.580639
-0.297244 0.474882 -0.102360 0.164725
-0.254252 0.474882 -0.062188 0.169213
-0.211260 0.474882 -0.093510 0.138372
-0.168268 0.474882 -0.051605 0.141478
-0.125276 0.474882 -0.009700 0.144584
-0.082283 0.474882 0.024625 -0.473949
-0.039291 0.474882 0.067617 -0.473949
0.003701 0.474882 -0.103200 -0.473953
0.046693 0.474882 -0.060217 -0.473964
0.089685 0.474882 -0.017225 -0.473964
0.132677 0.474882 0.232172 0.759222
0.175669 0.474882 0.275553 0.760334
0.218661 0.474882 0.318936 0.761447
0.261654 0.474882 0.424099 0.733414
0.304646 0.474882 0.468101 0.735021
0.347638 0.474882 0.414064 0.580599
0.390630 0.474882 0.478704 0.562956
0.433622 0.474882 0.521438 0.562698
0.476614 0.474882 0.501743 0.500011
0.519606 0.474882 0.494478 0.449753
0.562598 0.474882 0.474911 0.387194
0.605591 0.474882 0.500266 0.408702
0.648583 0.474882 0.542889 0.408470
0.691575 0.474882 0.432225 0.311921
0.734567 0.474882 0.477773 0.313528
0.777559 0.474882 0.280962 0.162850
0.820551 0.474882 0.337319 0.171246
0.863543 0.474882 1.159623 0.660922
0.906535 0.474882 0.906535 0.474882
0.949528 0.474882 0.949528 0.474882
0.992520 0.474882 0.992520 0.474882
1.035512 0.474882 1.035512 0.474882
1.078504 0.474882 1.078504 0.474882
1.121496 0.474882 1.121496 0.474882
1.164488 0.474882 1.164488 0.474882
1.207480 0.474882 1.207480 0.474882
1.250472 0.474882 1.250472 0.474882
1.293465 0.474882 1.293465 0.474882
1.336457 0.474882 0.633142 0.276971
1.379449 0.474882 1.862681 0.171247
1.422441 0.474882 1.919035 0.162851
1.465433 0.474882 1.722226 0.313528
1.508425 0.474882 1.767776 0.311921
1.551417 0.474882 1.657111 0.408470
1.594409 0.474882 1.699734 0.408702
1.637402 0.474882 1.725089 0.387194
1.680394 0.474882 1.705522 0.449753
1.723386 0.474882 1.698257 0.500011
1.766378 0.474882 1.678562 0.562698
1.809370 0.474882 1.721296 0.562956
1.852362 0.474882 1.785936 0.580599
1.895354 0.474882 1.731899 0.735020
1.938346 0.474882 1.775901 0.733414
1.981339 0.474882 1.881065 0.761447
2.024331 0.474882 1.924447 0.760335
2.067323 0.474882 1.967828 0.759224
2.110315 0.474882 2.421534 -1.621144
2.153307 0.474882 2.204725 -0.340763
2.196299 0.474882 2.248077 -0.341629
2.239291 0.474882 2.187811 -0.340916
2.282283 0.474882 2.131219 -1.648623
2.325276 0.474882 2.209701 0.144586
2.368268 0.474882 2.251606 0.141480
2.411260 0.474882 2.293509 0.138372
2.454252 0.474882 2.262189 0.169213
2.497244 0.474882 2.302360 0.164724
2.540236 0.474882 2.606687 0.580639
2.583228 0.474882 2.671346 0.563000
2.626220 0.474882 2.714081 0.562742
2.669213 0.474882 2.694341 0.500011
2.712205 0.474882 2.687076 0.449753
2.755197 0.474882 2.730068 0.449753
2.798189 0.474882 2.699303 0.400792
2.841181 0.474882 2.735551 0.408510
2.884173 0.474882 2.624383 0.311645
2.927165 0.474882 2.669931 0.313251
2.970157 0.474882 0.870500 -0.844419
3.013150 0.474882 2.527617 0.169801
3.056142 0.474882 1.617470 -0.805090
3.099134 0.474882 3.099134 0.474882
3.142126 0.474882 3.142126 0.474882
3.185118 0.474882 3.185118 0.474882
3.228110 0.474882 3.228110 0.474882
3.271102 0.474882 3.271102 0.474882
3.314094 0.474882 3.314094 0.474882
3.357087 0.474882 3.357087 0.474882
3.400079 0.474882 3.400079 0.474882
3.443071 0.474882 3.443071 0.474882
3.486063 0.474882 3.486063 0.474882
3.529055 0.474882 3.529055 0.474882
3.572047 0.474882 3.572047 0.474882
3.615039 0.474882 3.615039 0.474882
3.658031 0.474882 3.658031 0.474882
3.701024 0.474882 3.701024 0.474882
3.744016 0.474882 3.744016 0.474882
3.787008 0.474882 3.787008 0.474882
3.830000 0.474882 3.830000 0.474882
-1.630000 0.500551 -1.630000 0.500551
-1.587008 0.500551 -1.587008 0.500551
-1.544016 0.500551 -1.544016 0.500551
-1.501024 0.500551 -1.501024 0.500551
-1.458031 0.500551 -1.458031 0.500551
-1.415039 0.500551 -1.415039 0.500551
-1.372047 0.500551 -1.372047 0.500551
-1.329055 0.500551 -1.329055 0.500551
-1.286063 0.500551 -1.286063 0.500551
-1.243071 0.500551 -1.243071 0.500551
-1.200079 0.500551 -1.200079 0.500551
-1.157087 0.500551 -1.157087 0.500551
-1.114094 0.500551 -1.114094 0.500551
-1.071102 0.500551 -1.071102 0.500551
-1.028110 0.500551 -1.028110 0.500551
-0.985118 0.500551 -0.985118 0.500551
-0.942126 0.500551 -0.942126 0.500551
-0.899134 0.500551 -0.899134 0.500551
-0.856142 0.500551 0.299644 -0.225675
-0.813150 0.500551 -0.332627 0.198618
-0.770157 0.500551 -0.276275 0.190225
-0.727165 0.500551 -0.470891 0.339524
-0.684173 0.500551 -0.425342 0.337917
-0.641181 0.500551 -0.535413 0.434092
-0.598189 0.500551 -0.510134 0.412497
-0.555197 0.500551 -0.467400 0.412754
-0.512205 0.500551 -0.450876 0.439223
-0.469213 0.500551 -0.401541 0.432880
-0.426220 0.500551 -0.358924 0.433255
-0.383228 0.500551 -0.449395 0.605856
-0.340236 0.500551 -0.406549 0.606088
-0.297244 0.500551 -0.363703 0.606320
-0.254252 0.500551 -0.059509 0.190618
-0.211260 0.500551 -0.091656 0.158741
-0.168268 0.500551 -0.049750 0.161850
-0.125276 0.500551 -0.007845 0.164956
-0.082283 0.500551 -0.042662 0.148903
-0.039291 0.500551 0.000205 0.150011
0.003701 0.500551 -0.035693 0.150928
0.046693 0.500551 0.007175 0.149820
0.089685 0.500551 0.050042 0.148712
0.132677 0.500551 0.232836 0.786788
0.175669 0.500551 0.276218 0.787901
0.218661 0.500551 0.319599 0.789013
0.261654 0.500551 0.425058 0.760610
0.304646 0.500551 0.371079 0.606280
0.347638 0.500551 0.413925 0.606048
0.390630 0.500551 0.456772 0.605816
0.433622 0.500551 0.458751 0.525680
0.476614 0.500551 0.501743 0.525680
0.519606 0.500551 0.494478 0.475422
0.562598 0.500551 0.474757 0.412710
0.605591 0.500551 0.517492 0.412452
0.648583 0.500551 0.387636 0.336587
0.691575 0.500551 0.433184 0.338193
0.734567 0.500551 0.478732 0.339800
0.777559 0.500551 0.285975 0.191668
0.820551 0.500551 0.342332 0.200065
0.863543 0.500551 0.863543 0.500551
0.906535 0.500551 0.906535 0.500551
0.949528 0.500551 0.949528 0.500551
0.992520 0.500551 0.992520 0.500551
1.035512 0.500551 1.035512 0.500551
1.078504 0.500551 1.078504 0.500551
1.121496 0.500551 1.121496 0.500551
1.164488 0.500551 1.164488 0.500551
1.207480 0.500551 1.207480 0.500551
1.250472 0.500551 1.250472 0.500551
1.293465 0.500551 1.293465 0.500551
1.336457 0.500551 1.336457 0.500551
1.379449 0.500551 1.857671 0.200063
1.422441 0.500551 1.914023 0.191670
1.465433 0.500551 1.721267 0.339800
1.508425 0.500551 1.766816 0.338194
1.551417 0.500551 1.812365 0.336586
1.594409 0.500551 1.682508 0.412452
1.637402 0.500551 1.725243 0.412710
1.680394 0.500551 1.705522 0.475422
1.723386 0.500551 1.698257 0.525680
1.766378 0.500551 1.741249 0.525680
1.809370 0.500551 1.743228 0.605816
1.852362 0.500551 1.786074 0.606048
1.895354 0.500551 1.828921 0.606280
1.938346 0.500551 1.774941 0.760610
1.981339 0.500551 1.880402 0.789013
2.024331 0.500551 1.923782 0.787900
2.067323 0.500551 1.967163 0.786788
2.110315 0.500551 2.149958 0.148712
2.153307 0.500551 2.192825 0.149821
2.196299 0.500551 2.235692 0.150928
2.239291 0.500551 2.199795 0.150010
2.282283 0.500551 2.242662 0.148902
2.325276 0.500551 2.207846 0.164956
2.368268 0.500551 2.249752 0.161850
2.411260 0.500551 2.291655 0.158742
2.454252 0.500551 2.259509 0.190617
2.497244 0.500551 2.563703 0.606320
2.540236 0.500551 2.606549 0.606088
2.583228 0.500551 2.649395 0.605856
2.626220 0.500551 2.713927 0.588258
2.669213 0.500551 2.694341 0.525680
2.712205 0.500551 2.687076 0.475422
2.755197 0.500551 2.667400 0.412754
2.798189 0.500551 2.710134 0.412497
2.841181 0.500551 2.735413 0.434092
2.884173 0.500551 2.625343 0.337917
2.927165 0.500551 2.670891 0.339523
2.970157 0.500551 2.476273 0.190223
3.013150 0.500551 2.532630 0.198620
3.056142 0.500551 0.595971 -2.348055
3.099134 0.500551 3.099134 0.500551
3.142126 0.500551 3.142126 0.500551
3.185118 0.500551 3.185118 0.500551
3.228110 0.500551 3.228110 0.500551
3.271102 0.500551 3.271102 0.500551
3.314094 0.500551 3.314094 0.500551
3.357087 0.500551 3.357087 0.500551
3.400079 0.500551 3.400079 0.500551
3.443071 0.500551 3.443071 0.500551
3.486063 0.500551 3.486063 0.500551
3.529055 0.500551 3.529055 0.500551
3.572047 0.500551 3.572047 0.500551
3.615039 0.500551 3.615039 0.500551
3.658031 0.500551 3.658031 0.500551
3.701024 0.500551 3.701024 0.500551
3.744016 0.500551 3.744016 0.500551
3.787008 0.500551 3.787008 0.500551
3.830000 0.500551 3.830000 0.500551
-1.630000 0.526220 -1.630000 0.526220
-1.587008 0.526220 -1.587008 0.526220
-1.544016 0.526220 -1.544016 0.526220
-1.501024 0.526220 -1.501024 0.526220
-1.458031 0.526220 -1.458031 0.526220
-1.415039 0.526220 -1.415039 0.526220
-1.372047 0.526220 -1.372047 0.526220
-1.329055 0.526220 -1.329055 0.526220
-1.286063 0.526220 -1.286063 0.526220
-1.243071 0.526220 -1.243071 0.526220
-1.200079 0.526220 -1.200079 0.526220
-1.157087 0.526220 -1.157087 0.526220
-1.114094 0.526220 -1.114094 0.526220
-1.071102 0.526220 -1.071102 0.526220
-1.028110 0.526220 -1.028110 0.526220
-0.985118 0.526220 -0.985118 0.526220
-0.942126 0.526220 -0.942126 0.526220
-0.899134 0.526220 -0.899134 0.526220
-0.856142 0.526220 -0.856142 0.526220
-0.813150 0.526220 0.783911 -0.477281
-0.770157 0.526220 -0.281286 0.219041
-0.727165 0.526220 -0.471851 0.365796
-0.684173 0.526220 -0.426302 0.364189
-0.641181 0.526220 -0.416861 0.318026
-0.598189 0.526220 -0.509981 0.438012
-0.555197 0.526220 -0.467246 0.438270
-0.512205 0.526220 -0.424511 0.438527
-0.469213 0.526220 -0.407708 0.464716
-0.426220 0.526220 -0.358700 0.458700
-0.383228 0.526220 -0.449257 0.631305
-0.340236 0.526220 -0.406411 0.631537
-0.297244 0.526220 -0.363564 0.631769
-0.254252 0.526220 -0.056829 0.212022
-0.211260 0.526220 -0.089801 0.179114
-0.168268 0.526220 -0.047896 0.182220
-0.125276 0.526220 -0.005990 0.185326
-0.082283 0.526220 -0.042000 0.168698
-0.039291 0.526220 0.000867 0.169806
0.003701 0.526220 -0.036354 0.170723
0.046693 0.526220 0.006513 0.169615
0.089685 0.526220 0.049381 0.168507
0.132677 0.526220 0.233499 0.814355
0.175669 0.526220 0.276882 0.815467
0.218661 0.526220 0.320263 0.816579
0.261654 0.526220 0.328094 0.631960
0.304646 0.526220 0.370941 0.631728
0.347638 0.526220 0.413787 0.631497
0.390630 0.526220 0.456633 0.631265
0.433622 0.526220 0.458751 0.551349
0.476614 0.526220 0.451485 0.501092
0.519606 0.526220 0.431869 0.438483
0.562598 0.526220 0.474603 0.438225
0.605591 0.526220 0.517338 0.437968
0.648583 0.526220 0.424520 0.318329
0.691575 0.526220 0.434144 0.364465
0.734567 0.526220 0.479691 0.366072
0.777559 0.526220 0.290987 0.220488
0.820551 0.526220 1.132644 0.722322
0.863543 0.526220 0.863543 0.526220
0.906535 0.526220 0.906535 0.526220
0.949528 0.526220 0.949528 0.526220
0.992520 0.526220 0.992520 0.526220
1.035512 0.526220 1.035512 0.526220
1.078504 0.526220 1.078504 0.526220
1.121496 0.526220 1.121496 0.526220
1.164488 0.526220 1.164488 0.526220
1.207480 0.526220 1.207480 0.526220
1.250472 0.526220 1.250472 0.526220
1.293465 0.526220 1.293465 0.526220
1.336457 0.526220 1.336457 0.526220
1.379449 0.526220 2.075644 0.088770
1.422441 0.526220 1.909012 0.220487
1.465433 0.526220 1.720308 0.366072
1.508425 0.526220 1.765857 0.364466
1.551417 0.526220 1.775480 0.318329
1.594409 0.526220 1.682662 0.437968
1.637402 0.526220 1.725397 0.438225
1.680394 0.526220 1.768131 0.438483
1.723386 0.526220 1.748515 0.501092
1.766378 0.526220 1.741249 0.551349
1.809370 0.526220 1.743367 0.631265
1.852362 0.526220 1.786213 0.631497
1.895354 0.526220 1.829059 0.631729
1.938346 0.526220 1.871906 0.631961
1.981339 0.526220 1.879737 0.816578
2.024331 0.526220 1.923118 0.815466
2.067323 0.526220 1.966500 0.814355
2.110315 0.526220 2.150620 0.168507
2.153307 0.526220 2.193487 0.169615
2.196299 0.526220 2.236354 0.170723
2.239291 0.526220 2.199133 0.169806
2.282283 0.526220 2.242000 0.168698
2.325276 0.526220 2.205992 0.185326
2.368268 0.526220 2.247895 0.182218
2.411260 0.526220 2.289800 0.179112
2.454252 0.526220 2.256830 0.212022
2.497244 0.526220 2.563564 0.631768
2.540236 0.526220 2.606410 0.631536
2.583228 0.526220 2.649257 0.631304
2.626220 0.526220 2.651349 0.551349
2.669213 0.526220 2.644084 0.501092
2.712205 0.526220 2.624511 0.438527
2.755197 0.526220 2.667246 0.438270
2.798189 0.526220 2.709981 0.438012
2.841181 0.526220 2.616861 0.318026
2.884173 0.526220 2.626302 0.364189
2.927165 0.526220 2.671850 0.365795
2.970157 0.526220 2.481285 0.219042
3.013150 0.526220 1.416089 -0.477281
3.056142 0.526220 3.056142 0.526220
3.099134 0.526220 3.099134 0.526220
3.142126 0.526220 3.142126 0.526220
3.185118 0.526220 3.185118 0.526220
3.228110 0.526220 3.228110 0.526220
3.271102 0.526220 3.271102 0.526220
3.314094 0.526220 3.314094 0.526220
3.357087 0.526220 3.357087 0.526220
3.400079 0.526220 3.400079 0.526220
3.443071 0.526220 3.443071 0.526220
3.486063 0.526220 3.486063 0.526220
3.529055 0.526220 3.529055 0.526220
3.572047 0.526220 3.572047 0.526220
3.615039 0.526220 3.615039 0.526220
3.658031 0.526220 3.658031 0.526220
3.701024 0.526220 3.701024 0.526220
3.744016 0.526220 3.744016 0.526220
3.787008 0.526220 3.787008 0.526220
3.830000 0.526220 3.830000 0.526220
-1.630000 0.551890 -1.630000 0.551890
-1.587008 0.551890 -1.587008 0.551890
-1.544016 0.551890 -1.544016 0.551890
-1.501024 0.551890 -1.501024 0.551890
-1.458031 0.551890 -1.458031 0.551890
-1.415039 0.551890 -1.415039 0.551890
-1.372047 0.551890 -1.372047 0.551890
-1.329055 0.551890 -1.329055 0.551890
-1.286063 0.551890 -1.286063 0.551890
-1.243071 0.551890 -1.243071 0.551890
-1.200079 0.551890 -1.200079 0.551890
-1.157087 0.551890 -1.157087 0.551890
-1.114094 0.551890 -1.114094 0.551890
-1.071102 0.551890 -1.071102 0.551890
-1.028110 0.551890 -1.028110 0.551890
-0.985118 0.551890 -0.985118 0.551890
-0.942126 0.551890 -0.942126 0.551890
-0.899134 0.551890 -0.899134 0.551890
-0.856142 0.551890 -0.856142 0.551890
-0.813150 0.551890 3.055811 -1.879135
-0.770157 0.551890 -0.286299 0.247860
-0.727165 0.551890 -0.229947 0.239467
-0.684173 0.551890 -0.462500 0.346717
-0.641181 0.551890 -0.424912 0.335621
-0.598189 0.551890 -0.380137 0.333838
-0.555197 0.551890 -0.467092 0.463785
-0.512205 0.551890 -0.424358 0.464043
-0.469213 0.551890 -0.407969 0.490646
-0.426220 0.551890 -0.445127 0.581980
-0.383228 0.551890 -0.402135 0.581980
-0.340236 0.551890 -0.406272 0.656985
-0.297244 0.551890 -0.363426 0.657217
-0.254252 0.551890 -0.295418 0.669535
-0.211260 0.551890 -0.252482 0.669696
-0.168268 0.551890 -0.046041 0.202590
-0.125276 0.551890 -0.084205 0.187385
-0.082283 0.551890 -0.041339 0.188493
-0.039291 0.551890 0.001529 0.189601
0.003701 0.551890 -0.037016 0.190519
0.046693 0.551890 0.005852 0.189411
0.089685 0.551890 0.048719 0.188303
0.132677 0.551890 0.234163 0.841921
0.175669 0.551890 0.277546 0.843034
0.218661 0.551890 0.259874 0.669668
0.261654 0.551890 0.302810 0.669508
0.304646 0.551890 0.370802 0.657177
0.347638 0.551890 0.413649 0.656945
0.390630 0.551890 0.409537 0.581980
0.433622 0.551890 0.414715 0.521800
0.476614 0.551890 0.451485 0.526761
0.519606 0.551890 0.431715 0.463998
0.562598 0.551890 0.474450 0.463741
0.605591 0.551890 0.387846 0.334145
0.648583 0.551890 0.432621 0.335928
0.691575 0.551890 0.470159 0.347020
0.734567 0.551890 0.239646 0.240911
0.777559 0.551890 0.296000 0.249307
0.820551 0.551890 1.108580 0.732871
0.863543 0.551890 0.863543 0.551890
0.906535 0.551890 0.906535 0.551890
0.949528 0.551890 0.949528 0.551890
0.992520 0.551890 0.992520 0.551890
1.035512 0.551890 1.035512 0.551890
1.078504 0.551890 1.078504 0.551890
1.121496 0.551890 1.121496 0.551890
1.164488 0.551890 1.164488 0.551890
1.207480 0.551890 1.207480 0.551890
1.250472 0.551890 1.250472 0.551890
1.293465 0.551890 1.293465 0.551890
1.336457 0.551890 1.336457 0.551890
1.379449 0.551890 1.868808 0.244404
1.422441 0.551890 1.903999 0.249306
1.465433 0.551890 1.960353 0.240910
1.508425 0.551890 1.729841 0.347020
1.551417 0.551890 1.767379 0.335928
1.594409 0.551890 1.812154 0.334145
1.637402 0.551890 1.725550 0.463741
1.680394 0.551890 1.768285 0.463998
1.723386 0.551890 1.748515 0.526761
1.766378 0.551890 1.785285 0.521799
1.809370 0.551890 1.790463 0.581980
1.852362 0.551890 1.786351 0.656945
1.895354 0.551890 1.829198 0.657177
1.938346 0.551890 1.897190 0.669508
1.981339 0.551890 1.940126 0.669668
2.024331 0.551890 1.922454 0.843033
2.067323 0.551890 1.965836 0.841921
2.110315 0.551890 2.151281 0.188302
2.153307 0.551890 2.194149 0.189410
2.196299 0.551890 2.237016 0.190519
2.239291 0.551890 2.198471 0.189602
2.282283 0.551890 2.241339 0.188493
2.325276 0.551890 2.284206 0.187385
2.368268 0.551890 2.246040 0.202587
2.411260 0.551890 2.452482 0.669696
2.454252 0.551890 2.495418 0.669535
2.497244 0.551890 2.563426 0.657217
2.540236 0.551890 2.606272 0.656985
2.583228 0.551890 2.602135 0.581980
2.626220 0.551890 2.645128 0.581980
2.669213 0.551890 2.644084 0.526761
2.712205 0.551890 2.624358 0.464043
2.755197 0.551890 2.667092 0.463785
2.798189 0.551890 2.580137 0.333838
2.841181 0.551890 2.624912 0.335621
2.884173 0.551890 2.662501 0.346717
2.927165 0.551890 2.429944 0.239465
2.970157 0.551890 2.486298 0.247861
3.013150 0.551890 -1.249575 -4.720863
3.056142 0.551890 3.056142 0.551890
3.099134 0.551890 3.099134 0.551890
3.142126 0.551890 3.142126 0.551890
3.185118 0.551890 3.185118 0.551890
3.228110 0.551890 3.228110 0.551890
3.271102 0.551890 3.271102 0.551890
3.314094 0.551890 3.314094 0.551890
3.357087 0.551890 3.357087 0.551890
3.400079 0.551890 3.400079 0.551890
3.443071 0.551890 3.443071 0.551890
3.486063 0.551890 3.486063 0.551890
3.529055 0.551890 3.529055 0.551890
3.572047 0.551890 3.572047 0.551890
3.615039 0.551890 3.615039 0.551890
3.658031 0.551890 3.658031 0.551890
3.701024 0.551890 3.701024 0.551890
3.744016 0.551890 3.744016 0.551890
3.787008 0.551890 3.787008 0.551890
3.830000 0.551890 3.830000 0.551890
-1.630000 0.577559 -1.630000 0.577559
-1.587008 0.577559 -1.587008 0.577559
-1.544016 0.577559 -1.544016 0.577559
-1.501024 0.577559 -1.501024 0.577559
-1.458031 0.577559 -1.458031 0.577559
-1.415039 0.577559 -1.415039 0.577559
-1.372047 0.577559 -1.372047 0.577559
-1.329055 0.577559 -1.329055 0.577559
-1.286063 0.577559 -1.286063 0.577559
-1.243071 0.577559 -1.243071 0.577559
-1.200079 0.577559 -1.200079 0.577559
-1.157087 0.577559 -1.157087 0.577559
-1.114094 0.577559 -1.114094 0.577559
-1.071102 0.577559 -1.071102 0.577559
-1.028110 0.577559 -1.028110 0.577559
-0.985118 0.577559 -0.985118 0.577559
-0.942126 0.577559 -0.942126 0.577559
-0.899134 0.577559 -0.899134 0.577559
-0.856142 0.577559 -0.856142 0.577559
-0.813150 0.577559 -0.813150 0.577559
-0.770157 0.577559 -0.291312 0.276680
-0.727165 0.577559 -0.245699 0.256373
-0.684173 0.577559 -0.470752 0.364138
-0.641181 0.577559 -0.425977 0.362355
-0.598189 0.577559 -0.381202 0.360572
-0.555197 0.577559 -0.466939 0.489301
-0.512205 0.577559 -0.424204 0.489558
-0.469213 0.577559 -0.381469 0.489816
-0.426220 0.577559 -0.407313 0.547469
-0.383228 0.577559 -0.402135 0.607649
-0.340236 0.577559 -0.359143 0.607649
-0.297244 0.577559 -0.363287 0.682666
-0.254252 0.577559 -0.295322 0.694931
-0.211260 0.577559 -0.252387 0.695091
-0.168268 0.577559 -0.209450 0.695252
-0.125276 0.577559 -0.139253 0.701617
-0.082283 0.577559 -0.096268 0.701674
-0.039291 0.577559 0.002190 0.209396
0.003701 0.577559 -0.037678 0.210314
0.046693 0.577559 0.005190 0.209206
0.089685 0.577559 0.103668 0.701665
0.132677 0.577559 0.173906 0.695384
0.175669 0.577559 0.216842 0.695224
0.218661 0.577559 0.259778 0.695063
0.261654 0.577559 0.302714 0.694903
0.304646 0.577559 0.370664 0.682626
0.347638 0.577559 0.366545 0.607649
0.390630 0.577559 0.371723 0.547469
0.433622 0.577559 0.414715 0.547469
0.476614 0.577559 0.388827 0.489771
0.519606 0.577559 0.431561 0.489514
0.562598 0.577559 0.474296 0.489256
0.605591 0.577559 0.388910 0.360879
0.648583 0.577559 0.433686 0.362662
0.691575 0.577559 0.478461 0.364445
0.734567 0.577559 0.255526 0.257829
0.777559 0.577559 0.436141 0.768672
0.820551 0.577559 0.820551 0.577559
0.863543 0.577559 0.863543 0.577559
0.906535 0.577559 0.906535 0.577559
0.949528 0.577559 0.949528 0.577559
0.992520 0.577559 0.992520 0.577559
1.035512 0.577559 1.035512 0.577559
1.078504 0.577559 1.078504 0.577559
1.121496 0.577559 1.121496 0.577559
1.164488 0.577559 1.164488 0.577559
1.207480 0.577559 1.207480 0.577559
1.250472 0.577559 1.250472 0.577559
1.293465 0.577559 1.293465 0.577559
1.336457 0.577559 1.336457 0.577559
1.379449 0.577559 1.379449 0.577559
1.422441 0.577559 1.763865 0.768663
1.465433 0.577559 1.944473 0.257828
1.508425 0.577559 1.721539 0.364445
1.551417 0.577559 1.766314 0.362662
1.594409 0.577559 1.811090 0.360879
1.637402 0.577559 1.725704 0.489256
1.680394 0.577559 1.768439 0.489514
1.723386 0.577559 1.811173 0.489771
1.766378 0.577559 1.785285 0.547469
1.809370 0.577559 1.828277 0.547469
1.852362 0.577559 1.833455 0.607649
1.895354 0.577559 1.829336 0.682626
1.938346 0.577559 1.897286 0.694903
1.981339 0.577559 1.940222 0.695064
2.024331 0.577559 1.983158 0.695224
2.067323 0.577559 2.026094 0.695384
2.110315 0.577559 2.096332 0.701664
2.153307 0.577559 2.194810 0.209206
2.196299 0.577559 2.237678 0.210314
2.239291 0.577559 2.197810 0.209397
2.282283 0.577559 2.296268 0.701674
2.325276 0.577559 2.339253 0.701617
2.368268 0.577559 2.409450 0.695252
2.411260 0.577559 2.452386 0.695091
2.454252 0.577559 2.495323 0.694931
2.497244 0.577559 2.563287 0.682666
2.540236 0.577559 2.559143 0.607649
2.583228 0.577559 2.602135 0.607649
2.626220 0.577559 2.607313 0.547469
2.669213 0.577559 2.581469 0.489816
2.712205 0.577559 2.624204 0.489558
2.755197 0.577559 2.666939 0.489301
2.798189 0.577559 2.581202 0.360572
2.841181 0.577559 2.625977 0.362355
2.884173 0.577559 2.670752 0.364138
2.927165 0.577559 2.445699 0.256374
2.970157 0.577559 2.491311 0.276680
3.013150 0.577559 3.013150 0.577559
3.056142 0.577559 3.056142 0.577559
3.099134 0.577559 3.099134 0.577559
3.142126 0.577559 3.142126 0.577559
3.185118 0.577559 3.185118 0.577559
3.228110 0.577559 3.228110 0.577559
3.271102 0.577559 3.271102 0.577559
3.314094 0.577559 3.314094 0.577559
3.357087 0.577559 3.357087 0.577559
3.400079 0.577559 3.400079 0.577559
3.443071 0.577559 3.443071 0.577559
3.486063 0.577559 3.486063 0.577559
3.529055 0.577559 3.529055 0.577559
3.572047 0.577559 3.572047 0.577559
3.615039 0.577559 3.615039 0.577559
3.658031 0.577559 3.658031 0.577559
3.701024 0.577559 3.701024 0.577559
3.744016 0.577559 3.744016 0.577559
3.787008 0.577559 3.787008 0.577559
3.830000 0.577559 3.830000 0.577559
-1.630000 0.603228 -1.630000 0.603228
-1.587008 0.603228 -1.587008 0.603228
-1.544016 0.603228 -1.544016 0.603228
-1.501024 0.603228 -1.501024 0.603228
-1.458031 0.603228 -1.458031 0.603228
-1.415039 0.603228 -1.415039 0.603228
-1.372047 0.603228 -1.372047 0.603228
-1.329055 0.603228 -1.329055 0.603228
-1.286063 0.603228 -1.286063 0.603228
-1.243071 0.603228 -1.243071 0.603228
-1.200079 0.603228 -1.200079 0.603228
-1.157087 0.603228 -1.157087 0.603228
-1.114094 0.603228 -1.114094 0.603228
-1.071102 0.603228 -1.071102 0.603228
-1.028110 0.603228 -1.028110 0.603228
-0.985118 0.603228 -0.985118 0.603228
-0.942126 0.603228 -0.942126 0.603228
-0.899134 0.603228 -0.899134 0.603228
-0.856142 0.603228 -0.856142 0.603228
-0.813150 0.603228 -0.813150 0.603228
-0.770157 0.603228 -0.306267 0.302365
-0.727165 0.603228 -0.312492 0.211126
-0.684173 0.603228 -0.269247 0.188302
-0.641181 0.603228 -0.427042 0.389089
-0.598189 0.603228 -0.382266 0.387306
-0.555197 0.603228 -0.337491 0.385523
-0.512205 0.603228 -0.424050 0.515074
-0.469213 0.603228 -0.403065 0.497955
-0.426220 0.603228 -0.360219 0.498187
-0.383228 0.603228 -0.364321 0.573138
-0.340236 0.603228 -0.359143 0.633319
-0.297244 0.603228 -0.316151 0.633319
-0.254252 0.603228 -0.295227 0.720326
-0.211260 0.603228 -0.252291 0.720486
-0.168268 0.603228 -0.209355 0.720647
-0.125276 0.603228 -0.139219 0.726983
-0.082283 0.603228 -0.096233 0.727040
-0.039291 0.603228 -0.053248 0.727097
0.003701 0.603228 0.017663 0.727145
0.046693 0.603228 0.060648 0.727088
0.089685 0.603228 0.103634 0.727030
0.132677 0.603228 0.146620 0.726973
0.175669 0.603228 0.216747 0.720619
0.218661 0.603228 0.259683 0.720459
0.261654 0.603228 0.302619 0.720298
0.304646 0.603228 0.323553 0.633319
0.347638 0.603228 0.328731 0.573138
0.390630 0.603228 0.371723 0.573138
0.433622 0.603228 0.367595 0.498147
0.476614 0.603228 0.402481 0.504310
0.519606 0.603228 0.431407 0.515029
0.562598 0.603228 0.345200 0.385830
0.605591 0.603228 0.389975 0.387613
0.648583 0.603228 0.434750 0.389396
0.691575 0.603228 0.278253 0.189906
0.734567 0.603228 0.321405 0.212724
0.777559 0.603228 1.081602 0.794272
0.820551 0.603228 0.820551 0.603228
0.863543 0.603228 0.863543 0.603228
0.906535 0.603228 0.906535 0.603228
0.949528 0.603228 0.949528 0.603228
0.992520 0.603228 0.992520 0.603228
1.035512 0.603228 1.035512 0.603228
1.078504 0.603228 1.078504 0.603228
1.121496 0.603228 1.121496 0.603228
1.164488 0.603228 1.164488 0.603228
1.207480 0.603228 1.207480 0.603228
1.250472 0.603228 1.250472 0.603228
1.293465 0.603228 1.293465 0.603228
1.336457 0.603228 1.336457 0.603228
1.379449 0.603228 1.379449 0.603228
1.422441 0.603228 1.891964 0.282515
1.465433 0.603228 1.878596 0.212724
1.508425 0.603228 1.921747 0.189906
1.551417 0.603228 1.765250 0.389396
1.594409 0.603228 1.810025 0.387613
1.637402 0.603228 1.854800 0.385830
1.680394 0.603228 1.768593 0.515029
1.723386 0.603228 1.797519 0.504310
1.766378 0.603228 1.832405 0.498147
1.809370 0.603228 1.828277 0.573138
1.852362 0.603228 1.871269 0.573138
1.895354 0.603228 1.876447 0.633319
1.938346 0.603228 1.897381 0.720298
1.981339 0.603228 1.940317 0.720459
2.024331 0.603228 1.983253 0.720619
2.067323 0.603228 2.053380 0.726973
2.110315 0.603228 2.096366 0.727030
2.153307 0.603228 2.139352 0.727087
2.196299 0.603228 2.182337 0.727145
2.239291 0.603228 2.253248 0.727098
2.282283 0.603228 2.296234 0.727040
2.325276 0.603228 2.339219 0.726983
2.368268 0.603228 2.409355 0.720647
2.411260 0.603228 2.452291 0.720486
2.454252 0.603228 2.495227 0.720326
2.497244 0.603228 2.516151 0.633319
2.540236 0.603228 2.559143 0.633319
2.583228 0.603228 2.564321 0.573138
2.626220 0.603228 2.560219 0.498187
2.669213 0.603228 2.603065 0.497955
2.712205 0.603228 2.624050 0.515074
2.755197 0.603228 2.537491 0.385523
2.798189 0.603228 2.582266 0.387306
2.841181 0.603228 2.627042 0.389089
2.884173 0.603228 2.469247 0.188302
2.927165 0.603228 2.512492 0.211126
2.970157 0.603228 2.257210 0.174201
3.013150 0.603228 3.013150 0.603228
3.056142 0.603228 3.056142 0.603228
3.099134 0.603228 3.099134 0.603228
3.142126 0.603228 3.142126 0.603228
3.185118 0.603228 3.185118 0.603228
3.228110 0.603228 3.228110 0.603228
3.271102 0.603228 3.271102 0.603228
3.314094 0.603228 3.314094 0.603228
3.357087 0.603228 3.357087 0.603228
3.400079 0.603228 3.400079 0.603228
3.443071 0.603228 3.443071 0.603228
3.486063 0.603228 3.486063 0.603228
3.529055 0.603228 3.529055 0.603228
3.572047 0.603228 3.572047 0.603228
3.615039 0.603228 3.615039 0.603228
3.658031 0.603228 3.658031 0.603228
3.701024 0.603228 3.701024 0.603228
3.744016 0.603228 3.744016 0.603228
3.787008 0.603228 3.787008 0.603228
3.830000 0.603228 3.830000 0.603228
-1.630000 0.628898 -1.630000 0.628898
-1.587008 0.628898 -1.587008 0.628898
-1.544016 0.628898 -1.544016 0.628898
-1.501024 0.628898 -1.501024 0.628898
-1.458031 0.628898 -1.458031 0.628898
-1.415039 0.628898 -1.415039 0.628898
-1.372047 0.628898 -1.372047 0.628898
-1.329055 0.628898 -1.329055 0.628898
-1.286063 0.628898 -1.286063 0.628898
-1.243071 0.628898 -1.243071 0.628898
-1.200079 0.628898 -1.200079 0.628898
-1.157087 0.628898 -1.157087 0.628898
-1.114094 0.628898 -1.114094 0.628898
-1.071102 0.628898 -1.071102 0.628898
-1.028110 0.628898 -1.028110 0.628898
-0.985118 0.628898 -0.985118 0.628898
-0.942126 0.628898 -0.942126 0.628898
-0.899134 0.628898 -0.899134 0.628898
-0.856142 0.628898 -0.856142 0.628898
-0.813150 0.628898 -0.813150 0.628898
-0.770157 0.628898 0.396311 -0.200479
-0.727165 0.628898 -0.327122 0.228854
-0.684173 0.628898 -0.274811 0.219535
-0.641181 0.628898 -0.428106 0.415823
-0.598189 0.628898 -0.383331 0.414040
-0.555197 0.628898 -0.338556 0.412257
-0.512205 0.628898 -0.423896 0.540589
-0.469213 0.628898 -0.402926 0.523404
-0.426220 0.628898 -0.360080 0.523636
-0.383228 0.628898 -0.317234 0.523868
-0.340236 0.628898 -0.321329 0.598807
-0.297244 0.628898 -0.308982 0.662440
-0.254252 0.628898 -0.265989 0.662440
-0.211260 0.628898 -0.222997 0.662440
-0.168268 0.628898 -0.209259 0.746042
-0.125276 0.628898 -0.139185 0.752348
-0.082283 0.628898 -0.096199 0.752405
-0.039291 0.628898 -0.053213 0.752463
0.003701 0.628898 0.017628 0.752511
0.046693 0.628898 0.060614 0.752453
0.089685 0.628898 0.103600 0.752396
0.132677 0.628898 0.146585 0.752338
0.175669 0.628898 0.216651 0.746015
0.218661 0.628898 0.230399 0.662441
0.261654 0.628898 0.273391 0.662441
0.304646 0.628898 0.323553 0.658988
0.347638 0.628898 0.328731 0.598807
0.390630 0.628898 0.324610 0.523828
0.433622 0.628898 0.367457 0.523596
0.476614 0.628898 0.410303 0.523364
0.519606 0.628898 0.301489 0.410781
0.562598 0.628898 0.346264 0.412564
0.605591 0.628898 0.391040 0.414347
0.648583 0.628898 0.435815 0.416130
0.691575 0.628898 0.283817 0.221140
0.734567 0.628898 77.646738 23.567137
0.777559 0.628898 0.777559 0.628898
0.820551 0.628898 0.820551 0.628898
0.863543 0.628898 0.863543 0.628898
0.906535 0.628898 0.906535 0.628898
0.949528 0.628898 0.949528 0.628898
0.992520 0.628898 0.992520 0.628898
1.035512 0.628898 1.035512 0.628898
1.078504 0.628898 1.078504 0.628898
1.121496 0.628898 1.121496 0.628898
1.164488 0.628898 1.164488 0.628898
1.207480 0.628898 1.207480 0.628898
1.250472 0.628898 1.250472 0.628898
1.293465 0.628898 1.293465 0.628898
1.336457 0.628898 1.336457 0.628898
1.379449 0.628898 1.379449 0.628898
1.422441 0.628898 1.422441 0.628898
1.465433 0.628898 1.351425 0.255171
1.508425 0.628898 1.916183 0.221140
1.551417 0.628898 1.764185 0.416130
1.594409 0.628898 1.808960 0.414347
1.637402 0.628898 1.853736 0.412564
1.680394 0.628898 1.898511 0.410781
1.723386 0.628898 1.789697 0.523364
1.766378 0.628898 1.832543 0.523596
1.809370 0.628898 1.875390 0.523828
1.852362 0.628898 1.871269 0.598807
1.895354 0.628898 1.876447 0.658988
1.938346 0.628898 1.926609 0.662440
1.981339 0.628898 1.969601 0.662440
2.024331 0.628898 1.983349 0.746015
2.067323 0.628898 2.053415 0.752338
2.110315 0.628898 2.096400 0.752396
2.153307 0.628898 2.139386 0.752453
2.196299 0.628898 2.182372 0.752511
2.239291 0.628898 2.253214 0.752463
2.282283 0.628898 2.296199 0.752406
2.325276 0.628898 2.339185 0.752348
2.368268 0.628898 2.409259 0.746042
2.411260 0.628898 2.422997 0.662441
2.454252 0.628898 2.465989 0.662441
2.497244 0.628898 2.508981 0.662441
2.540236 0.628898 2.521329 0.598807
2.583228 0.628898 2.517234 0.523868
2.626220 0.628898 2.560080 0.523636
2.669213 0.628898 2.602926 0.523404
2.712205 0.628898 2.623896 0.540589
2.755197 0.628898 2.538556 0.412257
2.798189 0.628898 2.583331 0.414040
2.841181 0.628898 2.628106 0.415823
2.884173 0.628898 2.474811 0.219535
2.927165 0.628898 2.527122 0.228854
2.970157 0.628898 0.669322 -2.435790
3.013150 0.628898 3.013150 0.628898
3.056142 0.628898 3.056142 0.628898
3.099134 0.628898 3.099134 0.628898
3.142126 0.628898 3.142126 0.628898
3.185118 0.628898 3.185118 0.628898
3.228110 0.628898 3.228110 0.628898
3.271102 0.628898 3.271102 0.628898
3.314094 0.628898 3.314094 0.628898
3.357087 0.628898 3.357087 0.628898
3.400079 0.628898 3.400079 0.628898
3.443071 0.628898 3.443071 0.628898
3.486063 0.628898 3.486063 0.628898
3.529055 0.628898 3.529055 0.628898
3.572047 0.628898 3.572047 0.628898
3.615039 0.628898 3.615039 0.628898
3.658031 0.628898 3.658031 0.628898
3.701024 0.628898 3.701024 0.628898
3.744016 0.628898 3.744016 0.628898
3.787008 0.628898 3.787008 0.628898
3.830000 0.628898 3.830000 0.628898
-1.630000 0.654567 -1.630000 0.654567
-1.587008 0.654567 -1.587008 0.654567
-1.544016 0.654567 -1.544016 0.654567
-1.501024 0.654567 -1.501024 0.654567
-1.458031 0.654567 -1.458031 0.654567
-1.415039 0.654567 -1.415039 0.654567
-1.372047 0.654567 -1.372047 0.654567
-1.329055 0.654567 -1.329055 0.654567
-1.286063 0.654567 -1.286063 0.654567
-1.243071 0.654567 -1.243071 0.654567
-1.200079 0.654567 -1.200079 0.654567
-1.157087 0.654567 -1.157087 0.654567
-1.114094 0.654567 -1.114094 0.654567
-1.071102 0.654567 -1.071102 0.654567
-1.028110 0.654567 -1.028110 0.654567
-0.985118 0.654567 -0.985118 0.654567
-0.942126 0.654567 -0.942126 0.654567
-0.899134 0.654567 -0.899134 0.654567
-0.856142 0.654567 -0.856142 0.654567
-0.813150 0.654567 -0.813150 0.654567
-0.770157 0.654567 -0.770157 0.654567
-0.727165 0.654567 0.742096 -0.654324
-0.684173 0.654567 -0.280375 0.250768
-0.641181 0.654567 -0.228064 0.241450
-0.598189 0.654567 -0.384396 0.440774
-0.555197 0.654567 -0.339621 0.438991
-0.512205 0.654567 -0.339864 0.401742
-0.469213 0.654567 -0.402788 0.548853
-0.426220 0.654567 -0.359942 0.549085
-0.383228 0.654567 -0.317095 0.549317
-0.340236 0.654567 -0.274249 0.549549
-0.297244 0.654567 -0.285507 0.621024
-0.254252 0.654567 -0.242515 0.621024
-0.211260 0.654567 -0.222997 0.688109
-0.168268 0.654567 -0.180005 0.688109
-0.125276 0.654567 -0.129255 0.689881
-0.082283 0.654567 -0.096165 0.777771
-0.039291 0.654567 -0.053179 0.777829
0.003701 0.654567 0.017594 0.777876
0.046693 0.654567 0.060580 0.777819
0.089685 0.654567 0.093664 0.689880
0.132677 0.654567 0.136656 0.689880
0.175669 0.654567 0.187407 0.688110
0.218661 0.654567 0.230399 0.688110
0.261654 0.654567 0.249916 0.621023
0.304646 0.654567 0.292909 0.621024
0.347638 0.654567 0.281625 0.549509
0.390630 0.654567 0.324472 0.549277
0.433622 0.654567 0.367318 0.549045
0.476614 0.654567 0.410164 0.548813
0.519606 0.654567 0.347391 0.401990
0.562598 0.654567 0.347329 0.439298
0.605591 0.654567 0.392104 0.441081
0.648583 0.654567 0.237070 0.243054
0.691575 0.654567 0.289381 0.252373
0.734567 0.654567 7.251353 0.730214
0.777559 0.654567 0.777559 0.654567
0.820551 0.654567 0.820551 0.654567
0.863543 0.654567 0.863543 0.654567
0.906535 0.654567 0.906535 0.654567
0.949528 0.654567 0.949528 0.654567
0.992520 0.654567 0.992520 0.654567
1.035512 0.654567 1.035512 0.654567
1.078504 0.654567 1.078504 0.654567
1.121496 0.654567 1.121496 0.654567
1.164488 0.654567 1.164488 0.654567
1.207480 0.654567 1.207480 0.654567
1.250472 0.654567 1.250472 0.654567
1.293465 0.654567 1.293465 0.654567
1.336457 0.654567 1.336457 0.654567
1.379449 0.654567 1.379449 0.654567
1.422441 0.654567 1.422441 0.654567
1.465433 0.654567 1.735018 0.269384
1.508425 0.654567 1.910619 0.252373
1.551417 0.654567 1.962930 0.243054
1.594409 0.654567 1.807896 0.441081
1.637402 0.654567 1.852671 0.439298
1.680394 0.654567 1.852610 0.401991
1.723386 0.654567 1.789836 0.548813
1.766378 0.654567 1.832682 0.549045
1.809370 0.654567 1.875528 0.549277
1.852362 0.654567 1.918375 0.549509
1.895354 0.654567 1.907092 0.621024
1.938346 0.654567 1.950084 0.621024
1.981339 0.654567 1.969601 0.688109
2.024331 0.654567 2.012594 0.688109
2.067323 0.654567 2.063344 0.689881
2.110315 0.654567 2.106336 0.689881
2.153307 0.654567 2.139420 0.777819
2.196299 0.654567 2.182406 0.777876
2.239291 0.654567 2.253179 0.777829
2.282283 0.654567 2.296165 0.777771
2.325276 0.654567 2.329254 0.689880
2.368268 0.654567 2.380005 0.688110
2.411260 0.654567 2.422997 0.688110
2.454252 0.654567 2.442514 0.621023
2.497244 0.654567 2.485507 0.621024
2.540236 0.654567 2.474249 0.549549
2.583228 0.654567 2.517095 0.549317
2.626220 0.654567 2.559942 0.549085
2.669213 0.654567 2.602788 0.548853
2.712205 0.654567 2.539864 0.401741
2.755197 0.654567 2.539621 0.438991
2.798189 0.654567 2.584396 0.440774
2.841181 0.654567 2.428064 0.241450
2.884173 0.654567 2.480375 0.250768
2.927165 0.654567 1.682358 -0.846755
2.970157 0.654567 2.970157 0.654567
3.013150 0.654567 3.013150 0.654567
3.056142 0.654567 3.056142 0.654567
3.099134 0.654567 3.099134 0.654567
3.142126 0.654567 3.142126 0.654567
3.185118 0.654567 3.185118 0.654567
3.228110 0.654567 3.228110 0.654567
3.271102 0.654567 3.271102 0.654567
3.314094 0.654567 3.314094 0.654567
3.357087 0.654567 3.357087 0.654567
3.400079 0.654567 3.400079 0.654567
3.443071 0.654567 3.443071 0.654567
3.486063 0.654567 3.486063 0.654567
3.529055 0.654567 3.529055 0.654567
3.572047 0.654567 3.572047 0.654567
3.615039 0.654567 3.615039 0.654567
3.658031 0.654567 3.658031 0.654567
3.701024 0.654567 3.701024 0.654567
3.744016 0.654567 3.744016 0.654567
3.787008 0.654567 3.787008 0.654567
3.830000 0.654567 3.830000 0.654567
-1.630000 0.680236 -1.630000 0.680236
-1.587008 0.680236 -1.587008 0.680236
-1.544016 0.680236 -1.544016 0.680236
-1.501024 0.680236 -1.501024 0.680236
-1.458031 0.680236 -1.458031 0.680236
-1.415039 0.680236 -1.415039 0.680236
-1.372047 0.680236 -1.372047 0.680236
-1.329055 0.680236 -1.329055 0.680236
-1.286063 0.680236 -1.286063 0.680236
-1.243071 0.680236 -1.243071 0.680236
-1.200079 0.680236 -1.200079 0.680236
-1.157087 0.680236 -1.157087 0.680236
-1.114094 0.680236 -1.114094 0.680236
-1.071102 0.680236 -1.071102 0.680236
-1.028110 0.680236 -1.028110 0.680236
-0.985118 0.680236 -0.985118 0.680236
-0.942126 0.680236 -0.942126 0.680236
-0.899134 0.680236 -0.899134 0.680236
-0.856142 0.680236 -0.856142 0.680236
-0.813150 0.680236 -0.813150 0.680236
-0.770157 0.680236 -0.770157 0.680236
-0.727165 0.680236 -0.727165 0.680236
-0.684173 0.680236 0.630035 -0.633972
-0.641181 0.680236 -0.233628 0.272683
-0.598189 0.680236 -0.385460 0.467508
-0.555197 0.680236 -0.350025 0.458575
-0.512205 0.680236 -0.349697 0.421607
-0.469213 0.680236 -0.305695 0.420001
-0.426220 0.680236 -0.359803 0.574534
-0.383228 0.680236 -0.316957 0.574766
-0.340236 0.680236 -0.274110 0.574998
-0.297244 0.680236 -0.256260 0.563111
-0.254252 0.680236 -0.242515 0.646693
-0.211260 0.680236 -0.199522 0.646693
-0.168268 0.680236 -0.156530 0.646693
-0.125276 0.680236 -0.129254 0.715550
-0.082283 0.680236 -0.086262 0.715550
-0.039291 0.680236 -0.043270 0.715550
0.003701 0.680236 0.007680 0.715550
0.046693 0.680236 0.050672 0.715550
0.089685 0.680236 0.093664 0.715550
0.132677 0.680236 0.136656 0.715550
0.175669 0.680236 0.163932 0.646692
0.218661 0.680236 0.206924 0.646692
0.261654 0.680236 0.249916 0.646692
0.304646 0.680236 0.263652 0.563084
0.347638 0.680236 0.281487 0.574958
0.390630 0.680236 0.324333 0.574726
0.433622 0.680236 0.367179 0.574494
0.476614 0.680236 0.313270 0.420276
0.519606 0.680236 0.357273 0.421883
0.562598 0.680236 0.348394 0.466032
0.605591 0.680236 0.190323 0.264969
0.648583 0.680236 0.242634 0.274287
0.691575 0.680236 0.650207 0.638868
0.734567 0.680236 0.734567 0.680236
0.777559 0.680236 0.777559 0.680236
0.820551 0.680236 0.820551 0.680236
0.863543 0.680236 0.863543 0.680236
0.906535 0.680236 0.906535 0.680236
0.949528 0.680236 0.949528 0.680236
0.992520 0.680236 0.992520 0.680236
1.035512 0.680236 1.035512 0.680236
1.078504 0.680236 1.078504 0.680236
1.121496 0.680236 1.121496 0.680236
1.164488 0.680236 1.164488 0.680236
1.207480 0.680236 1.207480 0.680236
1.250472 0.680236 1.250472 0.680236
1.293465 0.680236 1.293465 0.680236
1.336457 0.680236 1.336457 0.680236
1.379449 0.680236 1.379449 0.680236
1.422441 0.680236 1.422441 0.680236
1.465433 0.680236 1.465433 0.680236
1.508425 0.680236 1.549793 0.638868
1.551417 0.680236 1.957366 0.274287
1.594409 0.680236 2.009677 0.264969
1.637402 0.680236 1.851606 0.466032
1.680394 0.680236 1.842728 0.421884
1.723386 0.680236 1.886729 0.420277
1.766378 0.680236 1.832820 0.574494
1.809370 0.680236 1.875667 0.574726
1.852362 0.680236 1.918513 0.574958
1.895354 0.680236 1.936348 0.563084
1.938346 0.680236 1.950084 0.646693
1.981339 0.680236 1.993076 0.646693
2.024331 0.680236 2.036068 0.646693
2.067323 0.680236 2.063344 0.715550
2.110315 0.680236 2.106336 0.715550
2.153307 0.680236 2.149328 0.715550
2.196299 0.680236 2.192320 0.715550
2.239291 0.680236 2.243270 0.715550
2.282283 0.680236 2.286262 0.715550
2.325276 0.680236 2.329254 0.715550
2.368268 0.680236 2.356530 0.646692
2.411260 0.680236 2.399522 0.646692
2.454252 0.680236 2.442514 0.646692
2.497244 0.680236 2.456260 0.563111
2.540236 0.680236 2.474110 0.574998
2.583228 0.680236 2.516957 0.574766
2.626220 0.680236 2.559803 0.574534
2.669213 0.680236 2.505695 0.420000
2.712205 0.680236 2.549697 0.421607
2.755197 0.680236 2.550025 0.458575
2.798189 0.680236 2.585460 0.467508
2.841181 0.680236 2.433628 0.272683
2.884173 0.680236 1.569965 -0.633972
2.927165 0.680236 2.927165 0.680236
2.970157 0.680236 2.970157 0.680236
3.013150 0.680236 3.013150 0.680236
3.056142 0.680236 3.056142 0.680236
3.099134 0.680236 3.099134 0.680236
3.142126 0.680236 3.142126 0.680236
3.185118 0.680236 3.185118 0.680236
3.228110 0.680236 3.228110 0.680236
3.271102 0.680236 3.271102 0.680236
3.314094 0.680236 3.314094 0.680236
3.357087 0.680236 3.357087 0.680236
3.400079 0.680236 3.400079 0.680236
3.443071 0.680236 3.443071 0.680236
3.486063 0.680236 3.486063 0.680236
3.529055 0.680236 3.529055 0.680236
3.572047 0.680236 3.572047 0.680236
3.615039 0.680236 3.615039 0.680236
3.658031 0.680236 3.658031 0.680236
3.701024 0.680236 3.701024 0.680236
3.744016 0.680236 3.744016 0.680236
3.787008 0.680236 3.787008 0.680236
3.830000 0.680236 3.830000 0.680236
-1.630000 0.705906 -1.630000 0.705906
-1.587008 0.705906 -1.587008 0.705906
-1.544016 0.705906 -1.544016 0.705906
-1.501024 0.705906 -1.501024 0.705906
-1.458031 0.705906 -1.458031 0.705906
-1.415039 0.705906 -1.415039 0.705906
-1.372047 0.705906 -1.372047 0.705906
-1.329055 0.705906 -1.329055 0.705906
-1.286063 0.705906 -1.286063 0.705906
-1.243071 0.705906 -1.243071 0.705906
-1.200079 0.705906 -1.200079 0.705906
-1.157087 0.705906 -1.157087 0.705906
-1.114094 0.705906 -1.114094 0.705906
-1.071102 0.705906 -1.071102 0.705906
-1.028110 0.705906 -1.028110 0.705906
-0.985118 0.705906 -0.985118 0.705906
-0.942126 0.705906 -0.942126 0.705906
-0.899134 0.705906 -0.899134 0.705906
-0.856142 0.705906 -0.856142 0.705906
-0.813150 0.705906 -0.813150 0.705906
-0.770157 0.705906 -0.770157 0.705906
-0.727165 0.705906 -0.727165 0.705906
-0.684173 0.705906 2.554472 -2.532740
-0.641181 0.705906 -0.239192 0.303916
-0.598189 0.705906 -0.186881 0.294597
-0.555197 0.705906 -0.385509 0.457966
-0.512205 0.705906 -0.350656 0.448803
-0.469213 0.705906 -0.306654 0.447196
-0.426220 0.705906 -0.262653 0.445590
-0.383228 0.705906 -0.316818 0.600215
-0.340236 0.705906 -0.283235 0.596008
-0.297244 0.705906 -0.256164 0.588507
-0.254252 0.705906 -0.213228 0.588667
-0.211260 0.705906 -0.170292 0.588827
-0.168268 0.705906 -0.156530 0.672362
-0.125276 0.705906 -0.121297 0.670591
-0.082283 0.705906 -0.078305 0.670591
-0.039291 0.705906 -0.035312 0.670591
0.003701 0.705906 -0.009973 0.670609
0.046693 0.705906 0.042714 0.670592
0.089685 0.705906 0.085706 0.670592
0.132677 0.705906 0.128698 0.670591
0.175669 0.705906 0.163932 0.672362
0.218661 0.705906 0.177684 0.588800
0.261654 0.705906 0.220620 0.588640
0.304646 0.705906 0.263556 0.588479
0.347638 0.705906 0.281348 0.600407
0.390630 0.705906 0.324195 0.600175
0.433622 0.705906 0.270228 0.445865
0.476614 0.705906 0.314230 0.447473
0.519606 0.705906 0.358232 0.449079
0.562598 0.705906 0.393035 0.458214
0.605591 0.705906 0.195887 0.296202
0.648583 0.705906 0.248198 0.305520
0.691575 0.705906 0.283239 0.297570
0.734567 0.705906 0.734567 0.705906
0.777559 0.705906 0.777559 0.705906
0.820551 0.705906 0.820551 0.705906
0.863543 0.705906 0.863543 0.705906
0.906535 0.705906 0.906535 0.705906
0.949528 0.705906 0.949528 0.705906
0.992520 0.705906 0.992520 0.705906
1.035512 0.705906 1.035512 0.705906
1.078504 0.705906 1.078504 0.705906
1.121496 0.705906 1.121496 0.705906
1.164488 0.705906 1.164488 0.705906
1.207480 0.705906 1.207480 0.705906
1.250472 0.705906 1.250472 0.705906
1.293465 0.705906 1.293465 0.705906
1.336457 0.705906 1.336457 0.705906
1.379449 0.705906 1.379449 0.705906
1.422441 0.705906 1.422441 0.705906
1.465433 0.705906 1.465433 0.705906
1.508425 0.705906 1.916761 0.297570
1.551417 0.705906 1.951802 0.305520
1.594409 0.705906 2.004113 0.296202
1.637402 0.705906 1.806965 0.458215
1.680394 0.705906 1.841769 0.449079
1.723386 0.705906 1.885770 0.447473
1.766378 0.705906 1.929772 0.445866
1.809370 0.705906 1.875805 0.600175
1.852362 0.705906 1.918652 0.600407
1.895354 0.705906 1.936444 0.588479
1.938346 0.705906 1.979380 0.588639
1.981339 0.705906 2.022316 0.588799
2.024331 0.705906 2.036068 0.672362
2.067323 0.705906 2.071302 0.670591
2.110315 0.705906 2.114294 0.670591
2.153307 0.705906 2.157286 0.670591
2.196299 0.705906 2.209974 0.670609
2.239291 0.705906 2.235313 0.670592
2.282283 0.705906 2.278305 0.670592
2.325276 0.705906 2.321297 0.670592
2.368268 0.705906 2.356530 0.672362
2.411260 0.705906 2.370292 0.588827
2.454252 0.705906 2.413229 0.588667
2.497244 0.705906 2.456164 0.588507
2.540236 0.705906 2.483235 0.596008
2.583228 0.705906 2.516818 0.600215
2.626220 0.705906 2.462652 0.445589
2.669213 0.705906 2.506655 0.447196
2.712205 0.705906 2.550656 0.448803
2.755197 0.705906 2.585509 0.457965
2.798189 0.705906 2.386881 0.294597
2.841181 0.705906 2.439192 0.303916
2.884173 0.705906 -0.689653 -5.180550
2.927165 0.705906 2.927165 0.705906
2.970157 0.705906 2.970157 0.705906
3.013150 0.705906 3.013150 0.705906
3.056142 0.705906 3.056142 0.705906
3.099134 0.705906 3.099134 0.705906
3.142126 0.705906 3.142126 0.705906
3.185118 0.705906 3.185118 0.705906
3.228110 0.705906 3.228110 0.705906
3.271102 0.705906 3.271102 0.705906
3.314094 0.705906 3.314094 0.705906
3.357087 0.705906 3.357087 0.705906
3.400079 0.705906 3.400079 0.705906
3.443071 0.705906 3.443071 0.705906
3.486063 0.705906 3.486063 0.705906
3.529055 0.705906 3.529055 0.705906
3.572047 0.705906 3.572047 0.705906
3.615039 0.705906 3.615039 0.705906
3.658031 0.705906 3.658031 0.705906
3.701024 0.705906 3.701024 0.705906
3.744016 0.705906 3.744016 0.705906
3.787008 0.705906 3.787008 0.705906
3.830000 0.705906 3.830000 0.705906
-1.630000 0.731575 -1.630000 0.731575
-1.587008 0.731575 -1.587008 0.731575
-1.544016 0.731575 -1.544016 0.731575
-1.501024 0.731575 -1.501024 0.731575
-1.458031 0.731575 -1.458031 0.731575
-1.415039 0.731575 -1.415039 0.731575
-1.372047 0.731575 -1.372047 0.731575
-1.329055 0.731575 -1.329055 0.731575
-1.286063 0.731575 -1.286063 0.731575
-1.243071 0.731575 -1.243071 0.731575
-1.200079 0.731575 -1.200079 0.731575
-1.157087 0.731575 -1.157087 0.731575
-1.114094 0.731575 -1.114094 0.731575
-1.071102 0.731575 -1.071102 0.731575
-1.028110 0.731575 -1.028110 0.731575
-0.985118 0.731575 -0.985118 0.731575
-0.942126 0.731575 -0.942126 0.731575
-0.899134 0.731575 -0.899134 0.731575
-0.856142 0.731575 -0.856142 0.731575
-0.813150 0.731575 -0.813150 0.731575
-0.770157 0.731575 -0.770157 0.731575
-0.727165 0.731575 -0.727165 0.731575
-0.684173 0.731575 -0.684173 0.731575
-0.641181 0.731575 0.627655 -0.657146
-0.598189 0.731575 -0.205862 0.316668
-0.555197 0.731575 -0.244039 0.236370
-0.512205 0.731575 -0.351615 0.475998
-0.469213 0.731575 -0.307614 0.474391
-0.426220 0.731575 -0.263612 0.472785
-0.383228 0.731575 -0.219611 0.471178
-0.340236 0.731575 -0.299005 0.613741
-0.297244 0.731575 -0.256069 0.613901
-0.254252 0.731575 -0.213132 0.614062
-0.211260 0.731575 -0.170196 0.614222
-0.168268 0.731575 -0.137149 0.612151
-0.125276 0.731575 -0.111381 0.608257
-0.082283 0.731575 -0.068396 0.608314
-0.039291 0.731575 -0.025410 0.608372
0.003701 0.731575 -0.009876 0.696278
0.046693 0.731575 0.032811 0.608362
0.089685 0.731575 0.075796 0.608305
0.132677 0.731575 0.118782 0.608247
0.175669 0.731575 0.134652 0.614355
0.218661 0.731575 0.177588 0.614195
0.261654 0.731575 0.220525 0.614035
0.304646 0.731575 0.263461 0.613874
0.347638 0.731575 0.306396 0.613714
0.390630 0.731575 0.227185 0.471455
0.433622 0.731575 0.271187 0.473062
0.476614 0.731575 0.315189 0.474669
0.519606 0.731575 0.359191 0.476275
0.562598 0.731575 0.240634 0.248746
0.605591 0.731575 0.214993 0.318333
0.648583 0.731575 0.957968 2.288892
0.691575 0.731575 0.691575 0.731575
0.734567 0.731575 0.734567 0.731575
0.777559 0.731575 0.777559 0.731575
0.820551 0.731575 0.820551 0.731575
0.863543 0.731575 0.863543 0.731575
0.906535 0.731575 0.906535 0.731575
0.949528 0.731575 0.949528 0.731575
0.992520 0.731575 0.992520 0.731575
1.035512 0.731575 1.035512 0.731575
1.078504 0.731575 1.078504 0.731575
1.121496 0.731575 1.121496 0.731575
1.164488 0.731575 1.164488 0.731575
1.207480 0.731575 1.207480 0.731575
1.250472 0.731575 1.250472 0.731575
1.293465 0.731575 1.293465 0.731575
1.336457 0.731575 1.336457 0.731575
1.379449 0.731575 1.379449 0.731575
1.422441 0.731575 1.422441 0.731575
1.465433 0.731575 1.465433 0.731575
1.508425 0.731575 1.508425 0.731575
1.551417 0.731575 1.242034 2.288888
1.594409 0.731575 1.985008 0.318333
1.637402 0.731575 1.959365 0.248746
1.680394 0.731575 1.840810 0.476274
1.723386 0.731575 1.884811 0.474668
1.766378 0.731575 1.928813 0.473061
1.809370 0.731575 1.972814 0.471455
1.852362 0.731575 1.893604 0.613714
1.895354 0.731575 1.936539 0.613874
1.938346 0.731575 1.979476 0.614034
1.981339 0.731575 2.022412 0.614194
2.024331 0.731575 2.065348 0.614355
2.067323 0.731575 2.081218 0.608247
2.110315 0.731575 2.124204 0.608304
2.153307 0.731575 2.167190 0.608362
2.196299 0.731575 2.209876 0.696278
2.239291 0.731575 2.225410 0.608372
2.282283 0.731575 2.268396 0.608314
2.325276 0.731575 2.311381 0.608257
2.368268 0.731575 2.337148 0.612151
2.411260 0.731575 2.370196 0.614222
2.454252 0.731575 2.413133 0.614063
2.497244 0.731575 2.456069 0.613902
2.540236 0.731575 2.499005 0.613742
2.583228 0.731575 2.419610 0.471178
2.626220 0.731575 2.463612 0.472785
2.669213 0.731575 2.507614 0.474392
2.712205 0.731575 2.551616 0.475999
2.755197 0.731575 2.444039 0.236371
2.798189 0.731575 2.405862 0.316668
2.841181 0.731575 1.572346 -0.657146
2.884173 0.731575 2.884173 0.731575
2.927165 0.731575 2.927165 0.731575
2.970157 0.731575 2.970157 0.731575
3.013150 0.731575 3.013150 0.731575
3.056142 0.731575 3.056142 0.731575
3.099134 0.731575 3.099134 0.731575
3.142126 0.731575 3.142126 0.731575
3.185118 0.731575 3.185118 0.731575
3.228110 0.731575 3.228110 0.731575
3.271102 0.731575 3.271102 0.731575
3.314094 0.731575 3.314094 0.731575
3.357087 0.731575 3.357087 0.731575
3.400079 0.731575 3.400079 0.731575
3.443071 0.731575 3.443071 0.731575
3.486063 0.731575 3.486063 0.731575
3.529055 0.731575 3.529055 0.731575
3.572047 0.731575 3.572047 0.731575
3.615039 0.731575 3.615039 0.731575
3.658031 0.731575 3.658031 0.731575
3.701024 0.731575 3.701024 0.731575
3.744016 0.731575 3.744016 0.731575
3.787008 0.731575 3.787008 0.731575
3.830000 0.731575 3.830000 0.731575
-1.630000 0.757244 -1.630000 0.757244
-1.587008 0.757244 -1.587008 0.757244
-1.544016 0.757244 -1.544016 0.757244
-1.501024 0.757244 -1.501024 0.757244
-1.458031 0.757244 -1.458031 0.757244
-1.415039 0.757244 -1.415039 0.757244
-1.372047 0.757244 -1.372047 0.757244
-1.329055 0.757244 -1.329055 0.757244
-1.286063 0.757244 -1.286063 0.757244
-1.243071 0.757244 -1.243071 0.757244
-1.200079 0.757244 -1.200079 0.757244
-1.157087 0.757244 -1.157087 0.757244
-1.114094 0.757244 -1.114094 0.757244
-1.071102 0.757244 -1.071102 0.757244
-1.028110 0.757244 -1.028110 0.757244
-0.985118 0.757244 -0.985118 0.757244
-0.942126 0.757244 -0.942126 0.757244
-0.899134 0.757244 -0.899134 0.757244
-0.856142 0.757244 -0.856142 0.757244
-0.813150 0.757244 -0.813150 0.757244
-0.770157 0.757244 -0.770157 0.757244
-0.727165 0.757244 -0.727165 0.757244
-0.684173 0.757244 -0.684173 0.757244
-0.641181 0.757244 1.837298 -2.104831
-0.598189 0.757244 -0.285187 0.289509
-0.555197 0.757244 -0.249052 0.270017
-0.512205 0.757244 -0.200785 0.261622
-0.469213 0.757244 -0.308573 0.501587
-0.426220 0.757244 -0.264571 0.499981
-0.383228 0.757244 -0.220570 0.498374
-0.340236 0.757244 -0.238769 0.467265
-0.297244 0.757244 -0.195387 0.466153
-0.254252 0.757244 -0.213037 0.639457
-0.211260 0.757244 -0.170100 0.639617
-0.168268 0.757244 -0.154333 0.633565
-0.125276 0.757244 -0.111347 0.633622
-0.082283 0.757244 -0.068361 0.633680
-0.039291 0.757244 -0.025376 0.633738
0.003701 0.757244 -0.000046 0.633822
0.046693 0.757244 0.032776 0.633728
0.089685 0.757244 0.075762 0.633670
0.132677 0.757244 0.118747 0.633612
0.175669 0.757244 0.144553 0.637502
0.218661 0.757244 0.177493 0.639590
0.261654 0.757244 0.220429 0.639430
0.304646 0.757244 0.202856 0.466344
0.347638 0.757244 0.246237 0.467456
0.390630 0.757244 0.228145 0.498651
0.433622 0.757244 0.272146 0.500257
0.476614 0.757244 0.316149 0.501864
0.519606 0.757244 0.209097 0.263070
0.562598 0.757244 0.257361 0.271463
0.605591 0.757244 0.393575 0.814442
0.648583 0.757244 0.648583 0.757244
0.691575 0.757244 0.691575 0.757244
0.734567 0.757244 0.734567 0.757244
0.777559 0.757244 0.777559 0.757244
0.820551 0.757244 0.820551 0.757244
0.863543 0.757244 0.863543 0.757244
0.906535 0.757244 0.906535 0.757244
0.949528 0.757244 0.949528 0.757244
0.992520 0.757244 0.992520 0.757244
1.035512 0.757244 1.035512 0.757244
1.078504 0.757244 1.078504 0.757244
1.121496 0.757244 1.121496 0.757244
1.164488 0.757244 1.164488 0.757244
1.207480 0.757244 1.207480 0.757244
1.250472 0.757244 1.250472 0.757244
1.293465 0.757244 1.293465 0.757244
1.336457 0.757244 1.336457 0.757244
1.379449 0.757244 1.379449 0.757244
1.422441 0.757244 1.422441 0.757244
1.465433 0.757244 1.465433 0.757244
1.508425 0.757244 1.508425 0.757244
1.551417 0.757244 1.551417 0.757244
1.594409 0.757244 1.806419 0.814448
1.637402 0.757244 1.942638 0.271463
1.680394 0.757244 1.990905 0.263067
1.723386 0.757244 1.883852 0.501864
1.766378 0.757244 1.927853 0.500257
1.809370 0.757244 1.971855 0.498651
1.852362 0.757244 1.953763 0.467456
1.895354 0.757244 1.997144 0.466344
1.938346 0.757244 1.979571 0.639430
1.981339 0.757244 2.022508 0.639590
2.024331 0.757244 2.055447 0.637502
2.067323 0.757244 2.081253 0.633612
2.110315 0.757244 2.124238 0.633671
2.153307 0.757244 2.167224 0.633728
2.196299 0.757244 2.200046 0.633822
2.239291 0.757244 2.225376 0.633738
2.282283 0.757244 2.268361 0.633680
2.325276 0.757244 2.311347 0.633622
2.368268 0.757244 2.354333 0.633565
2.411260 0.757244 2.370101 0.639618
2.454252 0.757244 2.413037 0.639457
2.497244 0.757244 2.395387 0.466153
2.540236 0.757244 2.438768 0.467265
2.583228 0.757244 2.420569 0.498374
2.626220 0.757244 2.464571 0.499981
2.669213 0.757244 2.508573 0.501588
2.712205 0.757244 2.400787 0.261624
2.755197 0.757244 2.449051 0.270018
2.798189 0.757244 2.485187 0.289510
2.841181 0.757244 0.905562 -2.521797
2.884173 0.757244 2.884173 0.757244
2.927165 0.757244 2.927165 0.757244
2.970157 0.757244 2.970157 0.757244
3.013150 0.757244 3.013150 0.757244
3.056142 0.757244 3.056142 0.757244
3.099134 0.757244 3.099134 0.757244
3.142126 0.757244 3.142126 0.757244
3.185118 0.757244 3.185118 0.757244
3.228110 0.757244 3.228110 0.757244
3.271102 0.757244 3.271102 0.757244
3.314094 0.757244 3.314094 0.757244
3.357087 0.757244 3.357087 0.757244
3.400079 0.757244 3.400079 0.757244
3.443071 0.757244 3.443071 0.757244
3.486063 0.757244 3.486063 0.757244
3.529055 0.757244 3.529055 0.757244
3.572047 0.757244 3.572047 0.757244
3.615039 0.757244 3.615039 0.757244
3.658031 0.757244 3.658031 0.757244
3.701024 0.757244 3.701024 0.757244
3.744016 0.757244 3.744016 0.757244
3.787008 0.757244 3.787008 0.757244
3.830000 0.757244 3.830000 0.757244
-1.630000 0.782913 -1.630000 0.782913
-1.587008 0.782913 -1.587008 0.782913
-1.544016 0.782913 -1.544016 0.782913
-1.501024 0.782913 -1.501024 0.782913
-1.458031 0.782913 -1.458031 0.782913
-1.415039 0.782913 -1.415039 0.782913
-1.372047 0.782913 -1.372047 0.782913
-1.329055 0.782913 -1.329055 0.782913
-1.286063 0.782913 -1.286063 0.782913
-1.243071 0.782913 -1.243071 0.782913
-1.200079 0.782913 -1.200079 0.782913
-1.157087 0.782913 -1.157087 0.782913
-1.114094 0.782913 -1.114094 0.782913
-1.071102 0.782913 -1.071102 0.782913
-1.028110 0.782913 -1.028110 0.782913
-0.985118 0.782913 -0.985118 0.782913
-0.942126 0.782913 -0.942126 0.782913
-0.899134 0.782913 -0.899134 0.782913
-0.856142 0.782913 -0.856142 0.782913
-0.813150 0.782913 -0.813150 0.782913
-0.770157 0.782913 -0.770157 0.782913
-0.727165 0.782913 -0.727165 0.782913
-0.684173 0.782913 -0.684173 0.782913
-0.641181 0.782913 -0.641181 0.782913
-0.598189 0.782913 2.268178 -2.789809
-0.555197 0.782913 -0.254066 0.303668
-0.512205 0.782913 -0.205798 0.295269
-0.469213 0.782913 -0.157530 0.286873
-0.426220 0.782913 -0.265530 0.527176
-0.383228 0.782913 -0.232174 0.520656
-0.340236 0.782913 -0.239432 0.494831
-0.297244 0.782913 -0.196051 0.493719
-0.254252 0.782913 -0.152670 0.492607
-0.211260 0.782913 -0.170005 0.665013
-0.168268 0.782913 -0.154298 0.658931
-0.125276 0.782913 -0.111312 0.658988
-0.082283 0.782913 -0.068327 0.659046
-0.039291 0.782913 -0.025341 0.659103
0.003701 0.782913 0.000026 0.659189
0.046693 0.782913 0.032742 0.659093
0.089685 0.782913 0.075727 0.659036
0.132677 0.782913 0.118713 0.658978
0.175669 0.782913 0.151617 0.661257
0.218661 0.782913 0.116757 0.491687
0.261654 0.782913 0.160138 0.492799
0.304646 0.782913 0.203520 0.493911
0.347638 0.782913 0.246901 0.495023
0.390630 0.782913 0.229104 0.525847
0.433622 0.782913 0.273106 0.527454
0.476614 0.782913 0.165842 0.288321
0.519606 0.782913 0.214107 0.296715
0.562598 0.782913 0.262374 0.305111
0.605591 0.782913 0.276936 0.305569
0.648583 0.782913 0.648583 0.782913
0.691575 0.782913 0.691575 0.782913
0.734567 0.782913 0.734567 0.782913
0.777559 0.782913 0.777559 0.782913
0.820551 0.782913 0.820551 0.782913
0.863543 0.782913 0.863543 0.782913
0.906535 0.782913 0.906535 0.782913
0.949528 0.782913 0.949528 0.782913
0.992520 0.782913 0.992520 0.782913
1.035512 0.782913 1.035512 0.782913
1.078504 0.782913 1.078504 0.782913
1.121496 0.782913 1.121496 0.782913
1.164488 0.782913 1.164488 0.782913
1.207480 0.782913 1.207480 0.782913
1.250472 0.782913 1.250472 0.782913
1.293465 0.782913 1.293465 0.782913
1.336457 0.782913 1.336457 0.782913
1.379449 0.782913 1.379449 0.782913
1.422441 0.782913 1.422441 0.782913
1.465433 0.782913 1.465433 0.782913
1.508425 0.782913 1.508425 0.782913
1.551417 0.782913 1.551417 0.782913
1.594409 0.782913 1.923064 0.305569
1.637402 0.782913 1.937624 0.305113
1.680394 0.782913 1.985893 0.296714
1.723386 0.782913 2.034160 0.288319
1.766378 0.782913 1.926894 0.527453
1.809370 0.782913 1.970896 0.525846
1.852362 0.782913 1.953099 0.495022
1.895354 0.782913 1.996480 0.493911
1.938346 0.782913 2.039862 0.492799
1.981339 0.782913 2.083243 0.491687
2.024331 0.782913 2.048383 0.661257
2.067323 0.782913 2.081287 0.658979
2.110315 0.782913 2.124273 0.659036
2.153307 0.782913 2.167258 0.659093
2.196299 0.782913 2.199975 0.659189
2.239291 0.782913 2.225341 0.659103
2.282283 0.782913 2.268327 0.659046
2.325276 0.782913 2.311313 0.658988
2.368268 0.782913 2.354298 0.658931
2.411260 0.782913 2.370005 0.665013
2.454252 0.782913 2.352670 0.492608
2.497244 0.782913 2.396051 0.493719
2.540236 0.782913 2.439432 0.494831
2.583228 0.782913 2.432174 0.520656
2.626220 0.782913 2.465531 0.527177
2.669213 0.782913 2.357532 0.286876
2.712205 0.782913 2.405797 0.295270
2.755197 0.782913 2.454064 0.303665
2.841181 0.782913 2.841181 0.782913
2.884173 0.782913 2.884173 0.782913
2.927165 0.782913 2.927165 0.782913
2.970157 0.782913 2.970157 0.782913
3.013150 0.782913 3.013150 0.782913
3.056142 0.782913 3.056142 0.782913
3.099134 0.782913 3.099134 0.782913
3.142126 0.782913 3.142126 0.782913
3.185118 0.782913 3.185118 0.782913
3.228110 0.782913 3.228110 0.782913
3.271102 0.782913 3.271102 0.782913
3.314094 0.782913 3.314094 0.782913
3.357087 0.782913 3.357087 0.782913
3.400079 0.782913 3.400079 0.782913
3.443071 0.782913 3.443071 0.782913
3.486063 0.782913 3.486063 0.782913
3.529055 0.782913 3.529055 0.782913
3.572047 0.782913 3.572047 0.782913
3.615039 0.782913 3.615039 0.782913
3.658031 0.782913 3.658031 0.782913
3.701024 0.782913 3.701024 0.782913
3.744016 0.782913 3.744016 0.782913
3.787008 0.782913 3.787008 0.782913
3.830000 0.782913 3.830000 0.782913
-1.630000 0.808583 -1.630000 0.808583
-1.587008 0.808583 -1.587008 0.808583
-1.544016 0.808583 -1.544016 0.808583
-1.501024 0.808583 -1.501024 0.808583
-1.458031 0.808583 -1.458031 0.808583
-1.415039 0.808583 -1.415039 0.808583
-1.372047 0.808583 -1.372047 0.808583
-1.329055 0.808583 -1.329055 0.808583
-1.286063 0.808583 -1.286063 0.808583
-1.243071 0.808583 -1.243071 0.808583
-1.200079 0.808583 -1.200079 0.808583
-1.157087 0.808583 -1.157087 0.808583
-1.114094 0.808583 -1.114094 0.808583
-1.071102 0.808583 -1.071102 0.808583
-1.028110 0.808583 -1.028110 0.808583
-0.985118 0.808583 -0.985118 0.808583
-0.942126 0.808583 -0.942126 0.808583
-0.899134 0.808583 -0.899134 0.808583
-0.856142 0.808583 -0.856142 0.808583
-0.813150 0.808583 -0.813150 0.808583
-0.770157 0.808583 -0.770157 0.808583
-0.727165 0.808583 -0.727165 0.808583
-0.684173 0.808583 -0.684173 0.808583
-0.641181 0.808583 -0.641181 0.808583
-0.598189 0.808583 -0.598189 0.808583
-0.555197 0.808583 1.860648 -3.036230
-0.512205 0.808583 -0.210811 0.328919
-0.469213 0.808583 -0.162544 0.320524
-0.426220 0.808583 -0.114276 0.312125
-0.383228 0.808583 -0.272890 0.528827
-0.340236 0.808583 -0.240096 0.522397
-0.297244 0.808583 -0.196715 0.521286
-0.254252 0.808583 -0.153334 0.520173
-0.211260 0.808583 -0.109952 0.519062
-0.168268 0.808583 -0.133825 0.502900
-0.125276 0.808583 -0.090789 0.502504
-0.082283 0.808583 -0.047752 0.502107
-0.039291 0.808583 -0.025307 0.684469
0.003701 0.808583 0.000097 0.684555
0.046693 0.808583 0.032707 0.684459
0.089685 0.808583 0.055161 0.502175
0.132677 0.808583 0.098198 0.502571
0.175669 0.808583 0.130080 0.505727
0.218661 0.808583 0.117421 0.519253
0.261654 0.808583 0.160802 0.520365
0.304646 0.808583 0.204183 0.521477
0.347638 0.808583 0.247565 0.522589
0.390630 0.808583 0.240818 0.548038
0.433622 0.808583 0.122587 0.313573
0.476614 0.808583 0.170855 0.321969
0.519606 0.808583 0.219120 0.330362
0.562598 0.808583 0.259823 0.326720
0.605591 0.808583 0.605591 0.808583
0.648583 0.808583 0.648583 0.808583
0.691575 0.808583 0.691575 0.808583
0.734567 0.808583 0.734567 0.808583
0.777559 0.808583 0.777559 0.808583
0.820551 0.808583 0.820551 0.808583
0.863543 0.808583 0.863543 0.808583
0.906535 0.808583 0.906535 0.808583
0.949528 0.808583 0.949528 0.808583
0.992520 0.808583 0.992520 0.808583
1.035512 0.808583 1.035512 0.808583
1.078504 0.808583 1.078504 0.808583
1.121496 0.808583 1.121496 0.808583
1.164488 0.808583 1.164488 0.808583
1.207480 0.808583 1.207480 0.808583
1.250472 0.808583 1.250472 0.808583
1.293465 0.808583 1.293465 0.808583
1.336457 0.808583 1.336457 0.808583
1.379449 0.808583 1.379449 0.808583
1.422441 0.808583 1.422441 0.808583
1.465433 0.808583 1.465433 0.808583
1.508425 0.808583 1.508425 0.808583
1.551417 0.808583 1.551417 0.808583
1.594409 0.808583 1.594409 0.808583
1.637402 0.808583 1.940177 0.326720
1.680394 0.808583 1.980879 0.330365
1.723386 0.808583 2.029146 0.321969
1.766378 0.808583 2.077415 0.313570
1.809370 0.808583 1.959182 0.548038
1.852362 0.808583 1.952435 0.522589
1.895354 0.808583 1.995816 0.521477
1.938346 0.808583 2.039198 0.520365
1.981339 0.808583 2.082579 0.519253
2.024331 0.808583 2.069921 0.505727
2.067323 0.808583 2.101802 0.502572
2.110315 0.808583 2.144839 0.502175
2.153307 0.808583 2.167292 0.684459
2.196299 0.808583 2.199903 0.684555
2.239291 0.808583 2.225307 0.684469
2.282283 0.808583 2.247752 0.502106
2.325276 0.808583 2.290789 0.502503
2.368268 0.808583 2.333826 0.502900
2.411260 0.808583 2.309953 0.519062
2.454252 0.808583 2.353334 0.520173
2.497244 0.808583 2.396715 0.521285
2.540236 0.808583 2.440096 0.522398
2.583228 0.808583 2.472890 0.528827
2.626220 0.808583 2.314277 0.312128
2.669213 0.808583 2.362545 0.320523
2.712205 0.808583 2.410810 0.328917
2.755197 0.808583 2.089322 -0.404912
2.798189 0.808583 2.798189 0.808583
2.841181 0.808583 2.841181 0.808583
2.884173 0.808583 2.884173 0.808583
2.927165 0.808583 2.927165 0.808583
2.970157 0.808583 2.970157 0.808583
3.013150 0.808583 3.013150 0.808583
3.056142 0.808583 3.056142 0.808583
3.099134 0.808583 3.099134 0.808583
3.142126 0.808583 3.142126 0.808583
3.185118 0.808583 3.185118 0.808583
3.228110 0.808583 3.228110 0.808583
3.271102 0.808583 3.271102 0.808583
3.314094 0.808583 3.314094 0.808583
3.357087 0.808583 3.357087 0.808583
3.400079 0.808583 3.400079 0.808583
3.443071 0.808583 3.443071 0.808583
3.486063 0.808583 3.486063 0.808583
3.529055 0.808583 3.529055 0.808583
3.572047 0.808583 3.572047 0.808583
3.615039 0.808583 3.615039 0.808583
3.658031 0.808583 3.658031 0.808583
3.701024 0.808583 3.701024 0.808583
3.744016 0.808583 3.744016 0.808583
3.787008 0.808583 3.787008 0.808583
3.830000 0.808583 3.830000 0.808583
-1.630000 0.834252 -1.630000 0.834252
-1.587008 0.834252 -1.587008 0.834252
-1.544016 0.834252 -1.544016 0.834252
-1.501024 0.834252 -1.501024 0.834252
-1.458031 0.834252 -1.458031 0.834252
-1.415039 0.834252 -1.415039 0.834252
-1.372047 0.834252 -1.372047 0.834252
-1.329055 0.834252 -1.329055 0.834252
-1.286063 0.834252 -1.286063 0.834252
-1.243071 0.834252 -1.243071 0.834252
-1.200079 0.834252 -1.200079 0.834252
-1.157087 0.834252 -1.157087 0.834252
-1.114094 0.834252 -1.114094 0.834252
-1.071102 0.834252 -1.071102 0.834252
-1.028110 0.834252 -1.028110 0.834252
-0.985118 0.834252 -0.985118 0.834252
-0.942126 0.834252 -0.942126 0.834252
-0.899134 0.834252 -0.899134 0.834252
-0.856142 0.834252 -0.856142 0.834252
-0.813150 0.834252 -0.813150 0.834252
-0.770157 0.834252 -0.770157 0.834252
-0.727165 0.834252 -0.727165 0.834252
-0.684173 0.834252 -0.684173 0.834252
-0.641181 0.834252 -0.641181 0.834252
-0.598189 0.834252 -0.598189 0.834252
-0.555197 0.834252 -0.555197 0.834252
-0.512205 0.834252 1.895440 -2.997511
-0.469213 0.834252 -0.167557 0.354171
-0.426220 0.834252 -0.119289 0.345775
-0.383228 0.834252 -0.176142 0.289916
-0.340236 0.834252 -0.240760 0.549964
-0.297244 0.834252 -0.197379 0.548852
-0.254252 0.834252 -0.153997 0.547740
-0.211260 0.834252 -0.110616 0.546628
-0.168268 0.834252 -0.134062 0.530672
-0.125276 0.834252 -0.091025 0.530275
-0.082283 0.834252 -0.047989 0.529879
-0.039291 0.834252 -0.004952 0.529482
0.003701 0.834252 -0.019153 0.529316
0.046693 0.834252 0.012361 0.529550
0.089685 0.834252 0.055398 0.529946
0.132677 0.834252 0.098435 0.530344
0.175669 0.834252 0.141472 0.530740
0.218661 0.834252 0.118085 0.546819
0.261654 0.834252 0.161466 0.547931
0.304646 0.834252 0.204847 0.549043
0.347638 0.834252 0.248229 0.550155
0.390630 0.834252 0.183820 0.290815
0.433622 0.834252 0.127600 0.347220
0.476614 0.834252 0.175865 0.355614
0.519606 0.834252 0.218039 0.354313
0.562598 0.834252 0.562598 0.834252
0.605591 0.834252 0.605591 0.834252
0.648583 0.834252 0.648583 0.834252
0.691575 0.834252 0.691575 0.834252
0.734567 0.834252 0.734567 0.834252
0.777559 0.834252 0.777559 0.834252
0.820551 0.834252 0.820551 0.834252
0.863543 0.834252 0.863543 0.834252
0.906535 0.834252 0.906535 0.834252
0.949528 0.834252 0.949528 0.834252
0.992520 0.834252 0.992520 0.834252
1.035512 0.834252 1.035512 0.834252
1.078504 0.834252 1.078504 0.834252
1.121496 0.834252 1.121496 0.834252
1.164488 0.834252 1.164488 0.834252
1.207480 0.834252 1.207480 0.834252
1.250472 0.834252 1.250472 0.834252
1.293465 0.834252 1.293465 0.834252
1.336457 0.834252 1.336457 0.834252
1.379449 0.834252 1.379449 0.834252
1.422441 0.834252 1.422441 0.834252
1.465433 0.834252 1.465433 0.834252
1.508425 0.834252 1.508425 0.834252
1.551417 0.834252 1.551417 0.834252
1.594409 0.834252 1.594409 0.834252
1.637402 0.834252 1.637402 0.834252
1.680394 0.834252 1.981961 0.354312
1.723386 0.834252 2.024134 0.355616
1.766378 0.834252 2.072401 0.347221
1.809370 0.834252 2.016180 0.290815
1.852362 0.834252 1.951771 0.550155
1.895354 0.834252 1.995152 0.549043
1.938346 0.834252 2.038534 0.547931
1.981339 0.834252 2.081915 0.546819
2.024331 0.834252 2.058528 0.530741
2.067323 0.834252 2.101565 0.530344
2.110315 0.834252 2.144602 0.529947
2.153307 0.834252 2.187639 0.529550
2.196299 0.834252 2.219153 0.529316
2.239291 0.834252 2.204952 0.529482
2.282283 0.834252 2.247989 0.529878
2.325276 0.834252 2.291026 0.530275
2.368268 0.834252 2.334063 0.530672
2.411260 0.834252 2.310616 0.546628
2.454252 0.834252 2.353998 0.547740
2.497244 0.834252 2.397379 0.548851
2.540236 0.834252 2.440760 0.549963
2.583228 0.834252 2.376141 0.289916
2.626220 0.834252 2.319290 0.345775
2.669213 0.834252 2.367555 0.354168
2.712205 0.834252 2.037276 -0.386761
2.755197 0.834252 2.755197 0.834252
2.798189 0.834252 2.798189 0.834252
2.841181 0.834252 2.841181 0.834252
2.884173 0.834252 2.884173 0.834252
2.927165 0.834252 2.927165 0.834252
2.970157 0.834252 2.970157 0.834252
3.013150 0.834252 3.013150 0.834252
3.056142 0.834252 3.056142 0.834252
3.099134 0.834252 3.099134 0.834252
3.142126 0.834252 3.142126 0.834252
3.185118 0.834252 3.185118 0.834252
3.228110 0.834252 3.228110 0.834252
3.271102 0.834252 3.271102 0.834252
3.314094 0.834252 3.314094 0.834252
3.357087 0.834252 3.357087 0.834252
3.400079 0.834252 3.400079 0.834252
3.443071 0.834252 3.443071 0.834252
3.486063 0.834252 3.486063 0.834252
3.529055 0.834252 3.529055 0.834252
3.572047 0.834252 3.572047 0.834252
3.615039 0.834252 3.615039 0.834252
3.658031 0.834252 3.658031 0.834252
3.701024 0.834252 3.701024 0.834252
3.744016 0.834252 3.744016 0.834252
3.787008 0.834252 3.787008 0.834252
3.830000 0.834252 3.830000 0.834252
-1.630000 0.859921 -1.630000 0.859921
-1.587008 0.859921 -1.587008 0.859921
-1.544016 0.859921 -1.544016 0.859921
-1.501024 0.859921 -1.501024 0.859921
-1.458031 0.859921 -1.458031 0.859921
-1.415039 0.859921 -1.415039 0.859921
-1.372047 0.859921 -1.372047 0.859921
-1.329055 0.859921 -1.329055 0.859921
-1.286063 0.859921 -1.286063 0.859921
-1.243071 0.859921 -1.243071 0.859921
-1.200079 0.859921 -1.200079 0.859921
-1.157087 0.859921 -1.157087 0.859921
-1.114094 0.859921 -1.114094 0.859921
-1.071102 0.859921 -1.071102 0.859921
-1.028110 0.859921 -1.028110 0.859921
-0.985118 0.859921 -0.985118 0.859921
-0.942126 0.859921 -0.942126 0.859921
-0.899134 0.859921 -0.899134 0.859921
-0.856142 0.859921 -0.856142 0.859921
-0.813150 0.859921 -0.813150 0.859921
-0.770157 0.859921 -0.770157 0.859921
-0.727165 0.859921 -0.727165 0.859921
-0.684173 0.859921 -0.684173 0.859921
-0.641181 0.859921 -0.641181 0.859921
-0.598189 0.859921 -0.598189 0.859921
-0.555197 0.859921 -0.555197 0.859921
-0.512205 0.859921 -0.512205 0.859921
-0.469213 0.859921 0.480256 -0.862800
-0.426220 0.859921 -0.139573 0.373428
-0.383228 0.859921 -0.193420 0.317475
-0.340236 0.859921 -0.148394 0.311665
-0.297244 0.859921 -0.103368 0.305854
-0.254252 0.859921 -0.154662 0.575306
-0.211260 0.859921 -0.111280 0.574194
-0.168268 0.859921 -0.134299 0.558444
-0.125276 0.859921 -0.091262 0.558047
-0.082283 0.859921 -0.048226 0.557650
-0.039291 0.859921 -0.005189 0.557254
0.003701 0.859921 -0.018779 0.557096
0.046693 0.859921 0.012598 0.557322
0.089685 0.859921 0.055635 0.557719
0.132677 0.859921 0.098672 0.558116
0.175669 0.859921 0.141709 0.558512
0.218661 0.859921 0.118749 0.574386
0.261654 0.859921 0.162130 0.575497
0.304646 0.859921 0.111121 0.306856
0.347638 0.859921 0.156145 0.312666
0.390630 0.859921 0.201171 0.318476
0.433622 0.859921 0.132613 0.380867
0.519606 0.859921 0.519606 0.859921
0.562598 0.859921 0.562598 0.859921
0.605591 0.859921 0.605591 0.859921
0.648583 0.859921 0.648583 0.859921
0.691575 0.859921 0.691575 0.859921
0.734567 0.859921 0.734567 0.859921
0.777559 0.859921 0.777559 0.859921
0.820551 0.859921 0.820551 0.859921
0.863543 0.859921 0.863543 0.859921
0.906535 0.859921 0.906535 0.859921
0.949528 0.859921 0.949528 0.859921
0.992520 0.859921 0.992520 0.859921
1.035512 0.859921 1.035512 0.859921
1.078504 0.859921 1.078504 0.859921
1.121496 0.859921 1.121496 0.859921
1.164488 0.859921 1.164488 0.859921
1.207480 0.859921 1.207480 0.859921
1.250472 0.859921 1.250472 0.859921
1.293465 0.859921 1.293465 0.859921
1.336457 0.859921 1.336457 0.859921
1.379449 0.859921 1.379449 0.859921
1.422441 0.859921 1.422441 0.859921
1.465433 0.859921 1.465433 0.859921
1.508425 0.859921 1.508425 0.859921
1.551417 0.859921 1.551417 0.859921
1.594409 0.859921 1.594409 0.859921
1.637402 0.859921 1.637402 0.859921
1.680394 0.859921 1.680394 0.859921
1.766378 0.859921 2.067388 0.380868
1.809370 0.859921 1.998829 0.318475
1.852362 0.859921 2.043854 0.312665
1.895354 0.859921 2.088880 0.306854
1.938346 0.859921 2.037870 0.575498
1.981339 0.859921 2.081251 0.574386
2.024331 0.859921 2.058292 0.558512
2.067323 0.859921 2.101328 0.558116
2.110315 0.859921 2.144365 0.557718
2.153307 0.859921 2.187402 0.557322
2.196299 0.859921 2.218779 0.557096
2.239291 0.859921 2.205189 0.557254
2.282283 0.859921 2.248226 0.557651
2.325276 0.859921 2.291263 0.558048
2.368268 0.859921 2.334300 0.558444
2.411260 0.859921 2.311280 0.574194
2.454252 0.859921 2.354661 0.575306
2.497244 0.859921 2.303369 0.305856
2.540236 0.859921 2.348394 0.311666
2.583228 0.859921 2.393419 0.317475
2.626220 0.859921 2.339573 0.373428
2.669213 0.859921 2.049642 -0.378501
2.712205 0.859921 2.712205 0.859921
2.755197 0.859921 2.755197 0.859921
2.798189 0.859921 2.798189 0.859921
2.841181 0.859921 2.841181 0.859921
2.884173 0.859921 2.884173 0.859921
2.927165 0.859921 2.927165 0.859921
2.970157 0.859921 2.970157 0.859921
3.013150 0.859921 3.013150 0.859921
3.056142 0.859921 3.056142 0.859921
3.099134 0.859921 3.099134 0.859921
3.142126 0.859921 3.142126 0.859921
3.185118 0.859921 3.185118 0.859921
3.228110 0.859921 3.228110 0.859921
3.271102 0.859921 3.271102 0.859921
3.314094 0.859921 3.314094 0.859921
3.357087 0.859921 3.357087 0.859921
3.400079 0.859921 3.400079 0.859921
3.443071 0.859921 3.443071 0.859921
3.486063 0.859921 3.486063 0.859921
3.529055 0.859921 3.529055 0.859921
3.572047 0.859921 3.572047 0.859921
3.615039 0.859921 3.615039 0.859921
3.658031 0.859921 3.658031 0.859921
3.701024 0.859921 3.701024 0.859921
3.744016 0.859921 3.744016 0.859921
3.787008 0.859921 3.787008 0.859921
3.830000 0.859921 3.830000 0.859921
-1.630000 0.885591 -1.630000 0.885591
-1.587008 0.885591 -1.587008 0.885591
-1.544016 0.885591 -1.544016 0.885591
-1.501024 0.885591 -1.501024 0.885591
-1.458031 0.885591 -1.458031 0.885591
-1.415039 0.885591 -1.415039 0.885591
-1.372047 0.885591 -1.372047 0.885591
-1.329055 0.885591 -1.329055 0.885591
-1.286063 0.885591 -1.286063 0.885591
-1.243071 0.885591 -1.243071 0.885591
-1.200079 0.885591 -1.200079 0.885591
-1.157087 0.885591 -1.157087 0.885591
-1.114094 0.885591 -1.114094 0.885591
-1.071102 0.885591 -1.071102 0.885591
-1.028110 0.885591 -1.028110 0.885591
-0.985118 0.885591 -0.985118 0.885591
-0.942126 0.885591 -0.942126 0.885591
-0.899134 0.885591 -0.899134 0.885591
-0.856142 0.885591 -0.856142 0.885591
-0.813150 0.885591 -0.813150 0.885591
-0.770157 0.885591 -0.770157 0.885591
-0.727165 0.885591 -0.727165 0.885591
-0.684173 0.885591 -0.684173 0.885591
-0.641181 0.885591 -0.641181 0.885591
-0.598189 0.885591 -0.598189 0.885591
-0.555197 0.885591 -0.555197 0.885591
-0.512205 0.885591 -0.512205 0.885591
-0.469213 0.885591 -0.469213 0.885591
-0.426220 0.885591 1.547363 -3.189669
-0.383228 0.885591 -0.196889 0.353059
-0.340236 0.885591 -0.151863 0.347249
-0.297244 0.885591 -0.106838 0.341439
-0.254252 0.885591 -0.061812 0.335627
-0.211260 0.885591 0.179859 -0.765317
-0.168268 0.885591 -0.134536 0.586216
-0.125276 0.885591 -0.091499 0.585819
-0.082283 0.885591 -0.048463 0.585422
-0.039291 0.885591 -0.005426 0.585026
0.003701 0.885591 -0.018406 0.584875
0.046693 0.885591 0.012835 0.585094
0.089685 0.885591 0.055872 0.585491
0.132677 0.885591 0.098909 0.585888
0.175669 0.885591 0.141946 0.586285
0.218661 0.885591 0.040271 0.328472
0.261654 0.885591 0.069565 0.336628
0.304646 0.885591 0.114590 0.342438
0.347638 0.885591 0.159614 0.348247
0.390630 0.885591 0.653741 0.596182
0.476614 0.885591 0.476614 0.885591
0.519606 0.885591 0.519606 0.885591
0.562598 0.885591 0.562598 0.885591
0.605591 0.885591 0.605591 0.885591
0.648583 0.885591 0.648583 0.885591
0.691575 0.885591 0.691575 0.885591
0.734567 0.885591 0.734567 0.885591
0.777559 0.885591 0.777559 0.885591
0.820551 0.885591 0.820551 0.885591
0.863543 0.885591 0.863543 0.885591
0.906535 0.885591 0.906535 0.885591
0.949528 0.885591 0.949528 0.885591
0.992520 0.885591 0.992520 0.885591
1.035512 0.885591 1.035512 0.885591
1.078504 0.885591 1.078504 0.885591
1.121496 0.885591 1.121496 0.885591
1.164488 0.885591 1.164488 0.885591
1.207480 0.885591 1.207480 0.885591
1.250472 0.885591 1.250472 0.885591
1.293465 0.885591 1.293465 0.885591
1.336457 0.885591 1.336457 0.885591
1.379449 0.885591 1.379449 0.885591
1.422441 0.885591 1.422441 0.885591
1.465433 0.885591 1.465433 0.885591
1.508425 0.885591 1.508425 0.885591
1.551417 0.885591 1.551417 0.885591
1.594409 0.885591 1.594409 0.885591
1.637402 0.885591 1.637402 0.885591
1.680394 0.885591 1.680394 0.885591
1.723386 0.885591 1.723386 0.885591
1.809370 0.885591 1.546259 0.596184
1.852362 0.885591 2.040385 0.348249
1.895354 0.885591 2.085410 0.342439
1.938346 0.885591 2.130436 0.336627
1.981339 0.885591 2.159729 0.328471
2.024331 0.885591 2.058055 0.586284
2.067323 0.885591 2.101091 0.585887
2.110315 0.885591 2.144128 0.585490
2.153307 0.885591 2.187165 0.585094
2.196299 0.885591 2.218405 0.584875
2.239291 0.885591 2.205426 0.585026
2.282283 0.885591 2.248463 0.585423
2.325276 0.885591 2.291499 0.585820
2.368268 0.885591 2.334536 0.586216
2.411260 0.885591 2.094893 -0.811366
2.454252 0.885591 2.261813 0.335628
2.497244 0.885591 2.306838 0.341438
2.540236 0.885591 2.351863 0.347247
2.583228 0.885591 2.396888 0.353057
2.626220 0.885591 2.107125 -0.410915
2.669213 0.885591 2.669213 0.885591
2.712205 0.885591 2.712205 0.885591
2.755197 0.885591 2.755197 0.885591
2.798189 0.885591 2.798189 0.885591
2.841181 0.885591 2.841181 0.885591
2.884173 0.885591 2.884173 0.885591
2.927165 0.885591 2.927165 0.885591
2.970157 0.885591 2.970157 0.885591
3.013150 0.885591 3.013150 0.885591
3.056142 0.885591 3.056142 0.885591
3.099134 0.885591 3.099134 0.885591
3.142126 0.885591 3.142126 0.885591
3.185118 0.885591 3.185118 0.885591
3.228110 0.885591 3.228110 0.885591
3.271102 0.885591 3.271102 0.885591
3.314094 0.885591 3.314094 0.885591
3.357087 0.885591 3.357087 0.885591
3.400079 0.885591 3.400079 0.885591
3.443071 0.885591 3.443071 0.885591
3.486063 0.885591 3.486063 0.885591
3.529055 0.885591 3.529055 0.885591
3.572047 0.885591 3.572047 0.885591
3.615039 0.885591 3.615039 0.885591
3.658031 0.885591 3.658031 0.885591
3.701024 0.885591 3.701024 0.885591
3.744016 0.885591 3.744016 0.885591
3.787008 0.885591 3.787008 0.885591
3.830000 0.885591 3.830000 0.885591
-1.630000 0.911260 -1.630000 0.911260
-1.587008 0.911260 -1.587008 0.911260
-1.544016 0.911260 -1.544016 0.911260
-1.501024 0.911260 -1.501024 0.911260
-1.458031 0.911260 -1.458031 0.911260
-1.415039 0.911260 -1.415039 0.911260
-1.372047 0.911260 -1.372047 0.911260
-1.329055 0.911260 -1.329055 0.911260
-1.286063 0.911260 -1.286063 0.911260
-1.243071 0.911260 -1.243071 0.911260
-1.200079 0.911260 -1.200079 0.911260
-1.157087 0.911260 -1.157087 0.911260
-1.114094 0.911260 -1.114094 0.911260
-1.071102 0.911260 -1.071102 0.911260
-1.028110 0.911260 -1.028110 0.911260
-0.985118 0.911260 -0.985118 0.911260
-0.942126 0.911260 -0.942126 0.911260
-0.899134 0.911260 -0.899134 0.911260
-0.856142 0.911260 -0.856142 0.911260
-0.813150 0.911260 -0.813150 0.911260
-0.770157 0.911260 -0.770157 0.911260
-0.727165 0.911260 -0.727165 0.911260
-0.684173 0.911260 -0.684173 0.911260
-0.641181 0.911260 -0.641181 0.911260
-0.598189 0.911260 -0.598189 0.911260
-0.555197 0.911260 -0.555197 0.911260
-0.512205 0.911260 -0.512205 0.911260
-0.469213 0.911260 -0.469213 0.911260
-0.426220 0.911260 -0.426220 0.911260
-0.383228 0.911260 1.450850 -3.312624
-0.340236 0.911260 -0.065773 0.126884
-0.297244 0.911260 -0.110307 0.377022
-0.254252 0.911260 -0.065281 0.371211
-0.211260 0.911260 -0.036164 0.362811
-0.168268 0.911260 -0.103249 0.334203
-0.125276 0.911260 -0.060023 0.332130
-0.082283 0.911260 -0.016798 0.330057
-0.039291 0.911260 0.026428 0.327983
0.003701 0.911260 -0.007740 -0.797730
0.046693 0.911260 -0.018986 0.328344
0.089685 0.911260 0.024240 0.330417
0.132677 0.911260 0.067466 0.332490
0.175669 0.911260 0.110690 0.334560
0.218661 0.911260 0.043979 0.363947
0.261654 0.911260 0.073034 0.372211
0.304646 0.911260 0.118058 0.378020
0.347638 0.911260 0.076328 0.135896
0.390630 0.911260 0.920657 1.047628
0.433622 0.911260 0.433622 0.911260
0.476614 0.911260 0.476614 0.911260
0.519606 0.911260 0.519606 0.911260
0.562598 0.911260 0.562598 0.911260
0.605591 0.911260 0.605591 0.911260
0.648583 0.911260 0.648583 0.911260
0.691575 0.911260 0.691575 0.911260
0.734567 0.911260 0.734567 0.911260
0.777559 0.911260 0.777559 0.911260
0.820551 0.911260 0.820551 0.911260
0.863543 0.911260 0.863543 0.911260
0.906535 0.911260 0.906535 0.911260
0.949528 0.911260 0.949528 0.911260
0.992520 0.911260 0.992520 0.911260
1.035512 0.911260 1.035512 0.911260
1.078504 0.911260 1.078504 0.911260
1.121496 0.911260 1.121496 0.911260
1.164488 0.911260 1.164488 0.911260
1.207480 0.911260 1.207480 0.911260
1.250472 0.911260 1.250472 0.911260
1.293465 0.911260 1.293465 0.911260
1.336457 0.911260 1.336457 0.911260
1.379449 0.911260 1.379449 0.911260
1.422441 0.911260 1.422441 0.911260
1.465433 0.911260 1.465433 0.911260
1.508425 0.911260 1.508425 0.911260
1.551417 0.911260 1.551417 0.911260
1.594409 0.911260 1.594409 0.911260
1.637402 0.911260 1.637402 0.911260
1.680394 0.911260 1.680394 0.911260
1.723386 0.911260 1.723386 0.911260
1.766378 0.911260 1.766378 0.911260
1.809370 0.911260 1.279336 1.047623
1.852362 0.911260 2.123673 0.135892
1.895354 0.911260 2.081941 0.378022
1.938346 0.911260 2.126967 0.372211
1.981339 0.911260 2.156022 0.363947
2.024331 0.911260 2.089309 0.334560
2.067323 0.911260 2.132535 0.332487
2.110315 0.911260 2.175760 0.330414
2.153307 0.911260 2.218986 0.328340
2.196299 0.911260 2.206012 -0.822738
2.239291 0.911260 2.173572 0.327987
2.282283 0.911260 2.216798 0.330060
2.325276 0.911260 2.260024 0.332133
2.368268 0.911260 2.303248 0.334203
2.411260 0.911260 2.236164 0.362811
2.454252 0.911260 2.265282 0.371211
2.497244 0.911260 2.310307 0.377020
2.540236 0.911260 2.265775 0.126888
2.626220 0.911260 2.626220 0.911260
2.669213 0.911260 2.669213 0.911260
2.712205 0.911260 2.712205 0.911260
2.755197 0.911260 2.755197 0.911260
2.798189 0.911260 2.798189 0.911260
2.841181 0.911260 2.841181 0.911260
2.884173 0.911260 2.884173 0.911260
2.927165 0.911260 2.927165 0.911260
2.970157 0.911260 2.970157 0.911260
3.013150 0.911260 3.013150 0.911260
3.056142 0.911260 3.056142 0.911260
3.099134 0.911260 3.099134 0.911260
3.142126 0.911260 3.142126 0.911260
3.185118 0.911260 3.185118 0.911260
3.228110 0.911260 3.228110 0.911260
3.271102 0.911260 3.271102 0.911260
3.314094 0.911260 3.314094 0.911260
3.357087 0.911260 3.357087 0.911260
3.400079 0.911260 3.400079 0.911260
3.443071 0.911260 3.443071 0.911260
3.486063 0.911260 3.486063 0.911260
3.529055 0.911260 3.529055 0.911260
3.572047 0.911260 3.572047 0.911260
3.615039 0.911260 3.615039 0.911260
3.658031 0.911260 3.658031 0.911260
3.701024 0.911260 3.701024 0.911260
3.744016 0.911260 3.744016 0.911260
3.787008 0.911260 3.787008 0.911260
3.830000 0.911260 3.830000 0.911260
-1.630000 0.936929 -1.630000 0.936929
-1.587008 0.936929 -1.587008 0.936929
-1.544016 0.936929 -1.544016 0.936929
-1.501024 0.936929 -1.501024 0.936929
-1.458031 0.936929 -1.458031 0.936929
-1.415039 0.936929 -1.415039 0.936929
-1.372047 0.936929 -1.372047 0.936929
-1.329055 0.936929 -1.329055 0.936929
-1.286063 0.936929 -1.286063 0.936929
-1.243071 0.936929 -1.243071 0.936929
-1.200079 0.936929 -1.200079 0.936929
-1.157087 0.936929 -1.157087 0.936929
-1.114094 0.936929 -1.114094 0.936929
-1.071102 0.936929 -1.071102 0.936929
-1.028110 0.936929 -1.028110 0.936929
-0.985118 0.936929 -0.985118 0.936929
-0.942126 0.936929 -0.942126 0.936929
-0.899134 0.936929 -0.899134 0.936929
-0.856142 0.936929 -0.856142 0.936929
-0.813150 0.936929 -0.813150 0.936929
-0.770157 0.936929 -0.770157 0.936929
-0.727165 0.936929 -0.727165 0.936929
-0.684173 0.936929 -0.684173 0.936929
-0.641181 0.936929 -0.641181 0.936929
-0.598189 0.936929 -0.598189 0.936929
-0.555197 0.936929 -0.555197 0.936929
-0.512205 0.936929 -0.512205 0.936929
-0.469213 0.936929 -0.469213 0.936929
-0.426220 0.936929 -0.426220 0.936929
-0.383228 0.936929 -0.383228 0.936929
-0.340236 0.936929 -0.340236 0.936929
-0.297244 0.936929 1.213675 -3.380979
-0.254252 0.936929 0.281559 -0.849307
-0.211260 0.936929 -0.132008 0.377609
-0.168268 0.936929 -0.104487 0.370861
-0.125276 0.936929 -0.061261 0.368791
-0.082283 0.936929 -0.018035 0.366717
-0.039291 0.936929 0.025191 0.364644
0.003701 0.936929 -0.044872 0.363956
0.046693 0.936929 -0.017748 0.365001
0.089685 0.936929 0.025478 0.367075
0.132677 0.936929 0.068702 0.369145
0.175669 0.936929 0.111928 0.371218
0.218661 0.936929 0.047687 0.399422
0.347638 0.936929 0.347638 0.936929
0.390630 0.936929 0.390630 0.936929
0.433622 0.936929 0.433622 0.936929
0.476614 0.936929 0.476614 0.936929
0.519606 0.936929 0.519606 0.936929
0.562598 0.936929 0.562598 0.936929
0.605591 0.936929 0.605591 0.936929
0.648583 0.936929 0.648583 0.936929
0.691575 0.936929 0.691575 0.936929
0.734567 0.936929 0.734567 0.936929
0.777559 0.936929 0.777559 0.936929
0.820551 0.936929 0.820551 0.936929
0.863543 0.936929 0.863543 0.936929
0.906535 0.936929 0.906535 0.936929
0.949528 0.936929 0.949528 0.936929
0.992520 0.936929 0.992520 0.936929
1.035512 0.936929 1.035512 0.936929
1.078504 0.936929 1.078504 0.936929
1.121496 0.936929 1.121496 0.936929
1.164488 0.936929 1.164488 0.936929
1.207480 0.936929 1.207480 0.936929
1.250472 0.936929 1.250472 0.936929
1.293465 0.936929 1.293465 0.936929
1.336457 0.936929 1.336457 0.936929
1.379449 0.936929 1.379449 0.936929
1.422441 0.936929 1.422441 0.936929
1.465433 0.936929 1.465433 0.936929
1.508425 0.936929 1.508425 0.936929
1.551417 0.936929 1.551417 0.936929
1.594409 0.936929 1.594409 0.936929
1.637402 0.936929 1.637402 0.936929
1.680394 0.936929 1.680394 0.936929
1.723386 0.936929 1.723386 0.936929
1.766378 0.936929 1.766378 0.936929
1.809370 0.936929 1.809370 0.936929
1.852362 0.936929 1.852362 0.936929
1.981339 0.936929 2.152314 0.399421
2.024331 0.936929 2.088071 0.371218
2.067323 0.936929 2.131298 0.369148
2.110315 0.936929 2.174523 0.367074
2.153307 0.936929 2.217749 0.365001
2.196299 0.936929 2.244873 0.363956
2.239291 0.936929 2.174810 0.364644
2.282283 0.936929 2.218036 0.366718
2.325276 0.936929 2.261260 0.368788
2.368268 0.936929 2.304486 0.370861
2.411260 0.936929 2.332007 0.377608
2.454252 0.936929 1.918441 -0.849305
2.540236 0.936929 2.540236 0.936929
2.583228 0.936929 2.583228 0.936929
2.626220 0.936929 2.626220 0.936929
2.669213 0.936929 2.669213 0.936929
2.712205 0.936929 2.712205 0.936929
2.755197 0.936929 2.755197 0.936929
2.798189 0.936929 2.798189 0.936929
2.841181 0.936929 2.841181 0.936929
2.884173 0.936929 2.884173 0.936929
2.927165 0.936929 2.927165 0.936929
2.970157 0.936929 2.970157 0.936929
3.013150 0.936929 3.013150 0.936929
3.056142 0.936929 3.056142 0.936929
3.099134 0.936929 3.099134 0.936929
3.142126 0.936929 3.142126 0.936929
3.185118 0.936929 3.185118 0.936929
3.228110 0.936929 3.228110 0.936929
3.271102 0.936929 3.271102 0.936929
3.314094 0.936929 3.314094 0.936929
3.357087 0.936929 3.357087 0.936929
3.400079 0.936929 3.400079 0.936929
3.443071 0.936929 3.443071 0.936929
3.486063 0.936929 3.486063 0.936929
3.529055 0.936929 3.529055 0.936929
3.572047 0.936929 3.572047 0.936929
3.615039 0.936929 3.615039 0.936929
3.658031 0.936929 3.658031 0.936929
3.701024 0.936929 3.701024 0.936929
3.744016 0.936929 3.744016 0.936929
3.787008 0.936929 3.787008 0.936929
3.830000 0.936929 3.830000 0.936929
-1.630000 0.962598 -1.630000 0.962598
-1.587008 0.962598 -1.587008 0.962598
-1.544016 0.962598 -1.544016 0.962598
-1.501024 0.962598 -1.501024 0.962598
-1.458031 0.962598 -1.458031 0.962598
-1.415039 0.962598 -1.415039 0.962598
-1.372047 0.962598 -1.372047 0.962598
-1.329055 0.962598 -1.329055 0.962598
-1.286063 0.962598 -1.286063 0.962598
-1.243071 0.962598 -1.243071 0.962598
-1.200079 0.962598 -1.200079 0.962598
-1.157087 0.962598 -1.157087 0.962598
-1.114094 0.962598 -1.114094 0.962598
-1.071102 0.962598 -1.071102 0.962598
-1.028110 0.962598 -1.028110 0.962598
-0.985118 0.962598 -0.985118 0.962598
-0.942126 0.962598 -0.942126 0.962598
-0.899134 0.962598 -0.899134 0.962598
-0.856142 0.962598 -0.856142 0.962598
-0.813150 0.962598 -0.813150 0.962598
-0.770157 0.962598 -0.770157 0.962598
-0.727165 0.962598 -0.727165 0.962598
-0.684173 0.962598 -0.684173 0.962598
-0.641181 0.962598 -0.641181 0.962598
-0.598189 0.962598 -0.598189 0.962598
-0.555197 0.962598 -0.555197 0.962598
-0.512205 0.962598 -0.512205 0.962598
-0.469213 0.962598 -0.469213 0.962598
-0.426220 0.962598 -0.426220 0.962598
-0.383228 0.962598 -0.383228 0.962598
-0.340236 0.962598 -0.340236 0.962598
-0.297244 0.962598 -0.297244 0.962598
-0.254252 0.962598 0.014826 -0.381500
-0.168268 0.962598 -0.076486 0.148030
-0.125276 0.962598 0.087659 -0.927228
-0.082283 0.962598 0.126628 -0.891520
-0.039291 0.962598 0.023953 0.401301
0.003701 0.962598 -0.043359 0.400674
0.046693 0.962598 -0.016511 0.401655
0.089685 0.962598 -0.119918 -0.897666
0.132677 0.962598 0.039152 0.132560
0.261654 0.962598 0.261654 0.962598
0.304646 0.962598 0.304646 0.962598
0.347638 0.962598 0.347638 0.962598
0.390630 0.962598 0.390630 0.962598
0.433622 0.962598 0.433622 0.962598
0.476614 0.962598 0.476614 0.962598
0.519606 0.962598 0.519606 0.962598
0.562598 0.962598 0.562598 0.962598
0.605591 0.962598 0.605591 0.962598
0.648583 0.962598 0.648583 0.962598
0.691575 0.962598 0.691575 0.962598
0.734567 0.962598 0.734567 0.962598
0.777559 0.962598 0.777559 0.962598
0.820551 0.962598 0.820551 0.962598
0.863543 0.962598 0.863543 0.962598
0.906535 0.962598 0.906535 0.962598
0.949528 0.962598 0.949528 0.962598
0.992520 0.962598 0.992520 0.962598
1.035512 0.962598 1.035512 0.962598
1.078504 0.962598 1.078504 0.962598
1.121496 0.962598 1.121496 0.962598
1.164488 0.962598 1.164488 0.962598
1.207480 0.962598 1.207480 0.962598
1.250472 0.962598 1.250472 0.962598
1.293465 0.962598 1.293465 0.962598
1.336457 0.962598 1.336457 0.962598
1.379449 0.962598 1.379449 0.962598
1.422441 0.962598 1.422441 0.962598
1.465433 0.962598 1.465433 0.962598
1.508425 0.962598 1.508425 0.962598
1.551417 0.962598 1.551417 0.962598
1.594409 0.962598 1.594409 0.962598
1.637402 0.962598 1.637402 0.962598
1.680394 0.962598 1.680394 0.962598
1.723386 0.962598 1.723386 0.962598
1.766378 0.962598 1.766378 0.962598
1.809370 0.962598 1.809370 0.962598
1.852362 0.962598 1.852362 0.962598
1.895354 0.962598 1.895354 0.962598
1.938346 0.962598 1.938346 0.962598
2.024331 0.962598 2.229715 -0.408196
2.067323 0.962598 2.160847 0.132570
2.110315 0.962598 2.319919 -0.897668
2.153307 0.962598 2.216511 0.401658
2.196299 0.962598 2.243360 0.400675
2.239291 0.962598 2.176047 0.401298
2.282283 0.962598 2.073373 -0.891518
2.325276 0.962598 2.112341 -0.927226
2.368268 0.962598 2.276485 0.148021
2.497244 0.962598 2.497244 0.962598
2.540236 0.962598 2.540236 0.962598
2.583228 0.962598 2.583228 0.962598
2.626220 0.962598 2.626220 0.962598
2.669213 0.962598 2.669213 0.962598
2.712205 0.962598 2.712205 0.962598
2.755197 0.962598 2.755197 0.962598
2.798189 0.962598 2.798189 0.962598
2.841181 0.962598 2.841181 0.962598
2.884173 0.962598 2.884173 0.962598
2.927165 0.962598 2.927165 0.962598
2.970157 0.962598 2.970157 0.962598
3.013150 0.962598 3.013150 0.962598
3.056142 0.962598 3.056142 0.962598
3.099134 0.962598 3.099134 0.962598
3.142126 0.962598 3.142126 0.962598
3.185118 0.962598 3.185118 0.962598
3.228110 0.962598 3.228110 0.962598
3.271102 0.962598 3.271102 0.962598
3.314094 0.962598 3.314094 0.962598
3.357087 0.962598 3.357087 0.962598
3.400079 0.962598 3.400079 0.962598
3.443071 0.962598 3.443071 0.962598
3.486063 0.962598 3.486063 0.962598
3.529055 0.962598 3.529055 0.962598
3.572047 0.962598 3.572047 0.962598
3.615039 0.962598 3.615039 0.962598
3.658031 0.962598 3.658031 0.962598
3.701024 0.962598 3.701024 0.962598
3.744016 0.962598 3.744016 0.962598
3.787008 0.962598 3.787008 0.962598
3.830000 0.962598 3.830000 0.962598
-1.630000 0.988268 -1.630000 0.988268
-1.587008 0.988268 -1.587008 0.988268
-1.544016 0.988268 -1.544016 0.988268
-1.501024 0.988268 -1.501024 0.988268
-1.458031 0.988268 -1.458031 0.988268
-1.415039 0.988268 -1.415039 0.988268
-1.372047 0.988268 -1.372047 0.988268
-1.329055 0.988268 -1.329055 0.988268
-1.286063 0.988268 -1.286063 0.988268
-1.243071 0.988268 -1.243071 0.988268
-1.200079 0.988268 -1.200079 0.988268
-1.157087 0.988268 -1.157087 0.988268
-1.114094 0.988268 -1.114094 0.988268
-1.071102 0.988268 -1.071102 0.988268
-1.028110 0.988268 -1.028110 0.988268
-0.985118 0.988268 -0.985118 0.988268
-0.942126 0.988268 -0.942126 0.988268
-0.899134 0.988268 -0.899134 0.988268
-0.856142 0.988268 -0.856142 0.988268
-0.813150 0.988268 -0.813150 0.988268
-0.770157 0.988268 -0.770157 0.988268
-0.727165 0.988268 -0.727165 0.988268
-0.684173 0.988268 -0.684173 0.988268
-0.641181 0.988268 -0.641181 0.988268
-0.598189 0.988268 -0.598189 0.988268
-0.555197 0.988268 -0.555197 0.988268
-0.512205 0.988268 -0.512205 0.988268
-0.469213 0.988268 -0.469213 0.988268
-0.426220 0.988268 -0.426220 0.988268
-0.383228 0.988268 -0.383228 0.988268
-0.340236 0.988268 -0.340236 0.988268
-0.297244 0.988268 -0.297244 0.988268
-0.254252 0.988268 -0.254252 0.988268
-0.211260 0.988268 -0.211260 0.988268
-0.168268 0.988268 -0.168268 0.988268
-0.125276 0.988268 -0.125276 0.988268
0.132677 0.988268 0.132677 0.988268
0.175669 0.988268 0.175669 0.988268
0.218661 0.988268 0.218661 0.988268
0.261654 0.988268 0.261654 0.988268
0.304646 0.988268 0.304646 0.988268
0.347638 0.988268 0.347638 0.988268
0.390630 0.988268 0.390630 0.988268
0.433622 0.988268 0.433622 0.988268
0.476614 0.988268 0.476614 0.988268
0.519606 0.988268 0.519606 0.988268
0.562598 0.988268 0.562598 0.988268
0.605591 0.988268 0.605591 0.988268
0.648583 0.988268 0.648583 0.988268
0.691575 0.988268 0.691575 0.988268
0.734567 0.988268 0.734567 0.988268
0.777559 0.988268 0.777559 0.988268
0.820551 0.988268 0.820551 0.988268
0.863543 0.988268 0.863543 0.988268
0.906535 0.988268 0.906535 0.988268
0.949528 0.988268 0.949528 0.988268
0.992520 0.988268 0.992520 0.988268
1.035512 0.988268 1.035512 0.988268
1.078504 0.988268 1.078504 0.988268
1.121496 0.988268 1.121496 0.988268
1.164488 0.988268 1.164488 0.988268
1.207480 0.988268 1.207480 0.988268
1.250472 0.988268 1.250472 0.988268
1.293465 0.988268 1.293465 0.988268
1.336457 0.988268 1.336457 0.988268
1.379449 0.988268 1.379449 0.988268
1.422441 0.988268 1.422441 0.988268
1.465433 0.988268 1.465433 0.988268
1.508425 0.988268 1.508425 0.988268
1.551417 0.988268 1.551417 0.988268
1.594409 0.988268 1.594409 0.988268
1.637402 0.988268 1.637402 0.988268
1.680394 0.988268 1.680394 0.988268
1.723386 0.988268 1.723386 0.988268
1.766378 0.988268 1.766378 0.988268
1.809370 0.988268 1.809370 0.988268
1.852362 0.988268 1.852362 0.988268
1.895354 0.988268 1.895354 0.988268
1.938346 0.988268 1.938346 0.988268
1.981339 0.988268 1.981339 0.988268
2.024331 0.988268 2.024331 0.988268
2.067323 0.988268 2.067323 0.988268
2.325276 0.988268 2.325276 0.988268
2.368268 0.988268 2.368268 0.988268
2.411260 0.988268 2.411260 0.988268
2.454252 0.988268 2.454252 0.988268
2.497244 0.988268 2.497244 0.988268
2.540236 0.988268 2.540236 0.988268
2.583228 0.988268 2.583228 0.988268
2.626220 0.988268 2.626220 0.988268
2.669213 0.988268 2.669213 0.988268
2.712205 0.988268 2.712205 0.988268
2.755197 0.988268 2.755197 0.988268
2.798189 0.988268 2.798189 0.988268
2.841181 0.988268 2.841181 0.988268
2.884173 0.988268 2.884173 0.988268
2.927165 0.988268 2.927165 0.988268
2.970157 0.988268 2.970157 0.988268
3.013150 0.988268 3.013150 0.988268
3.056142 0.988268 3.056142 0.988268
3.099134 0.988268 3.099134 0.988268
3.142126 0.988268 3.142126 0.988268
3.185118 0.988268 3.185118 0.988268
3.228110 0.988268 3.228110 0.988268
3.271102 0.988268 3.271102 0.988268
3.314094 0.988268 3.314094 0.988268
3.357087 0.988268 3.357087 0.988268
3.400079 0.988268 3.400079 0.988268
3.443071 0.988268 3.443071 0.988268
3.486063 0.988268 3.486063 0.988268
3.529055 0.988268 3.529055 0.988268
3.572047 0.988268 3.572047 0.988268
3.615039 0.988268 3.615039 0.988268
3.658031 0.988268 3.658031 0.988268
3.701024 0.988268 3.701024 0.988268
3.744016 0.988268 3.744016 0.988268
3.787008 0.988268 3.787008 0.988268
3.830000 0.988268 3.830000 0.988268
-1.630000 1.013937 -1.630000 1.013937
-1.587008 1.013937 -1.587008 1.013937
-1.544016 1.013937 -1.544016 1.013937
-1.501024 1.013937 -1.501024 1.013937
-1.458031 1.013937 -1.458031 1.013937
-1.415039 1.013937 -1.415039 1.013937
-1.372047 1.013937 -1.372047 1.013937
-1.329055 1.013937 -1.329055 1.013937
-1.286063 1.013937 -1.286063 1.013937
-1.243071 1.013937 -1.243071 1.013937
-1.200079 1.013937 -1.200079 1.013937
-1.157087 1.013937 -1.157087 1.013937
-1.114094 1.013937 -1.114094 1.013937
-1.071102 1.013937 -1.071102 1.013937
-1.028110 1.013937 -1.028110 1.013937
-0.985118 1.013937 -0.985118 1.013937
-0.942126 1.013937 -0.942126 1.013937
-0.899134 1.013937 -0.899134 1.013937
-0.856142 1.013937 -0.856142 1.013937
-0.813150 1.013937 -0.813150 1.013937
-0.770157 1.013937 -0.770157 1.013937
-0.727165 1.013937 -0.727165 1.013937
-0.684173 1.013937 -0.684173 1.013937
-0.641181 1.013937 -0.641181 1.013937
-0.598189 1.013937 -0.598189 1.013937
-0.555197 1.013937 -0.555197 1.013937
-0.512205 1.013937 -0.512205 1.013937
-0.469213 1.013937 -0.469213 1.013937
-0.426220 1.013937 -0.426220 1.013937
-0.383228 1.013937 -0.383228 1.013937
-0.340236 1.013937 -0.340236 1.013937
-0.297244 1.013937 -0.297244 1.013937
-0.254252 1.013937 -0.254252 1.013937
-0.211260 1.013937 -0.211260 1.013937
-0.168268 1.013937 -0.168268 1.013937
-0.125276 1.013937 -0.125276 1.013937
-0.082283 1.013937 -0.082283 1.013937
-0.039291 1.013937 -0.039291 1.013937
0.003701 1.013937 0.003701 1.013937
0.046693 1.013937 0.046693 1.013937
0.089685 1.013937 0.089685 1.013937
0.132677 1.013937 0.132677 1.013937
0.175669 1.013937 0.175669 1.013937
0.218661 1.013937 0.218661 1.013937
0.261654 1.013937 0.261654 1.013937
0.304646 1.013937 0.304646 1.013937
0.347638 1.013937 0.347638 1.013937
0.390630 1.013937 0.390630 1.013937
0.433622 1.013937 0.433622 1.013937
0.476614 1.013937 0.476614 1.013937
0.519606 1.013937 0.519606 1.013937
0.562598 1.013937 0.562598 1.013937
0.605591 1.013937 0.605591 1.013937
0.648583 1.013937 0.648583 1.013937
0.691575 1.013937 0.691575 1.013937
0.734567 1.013937 0.734567 1.013937
0.777559 1.013937 0.777559 1.013937
0.820551 1.013937 0.820551 1.013937
0.863543 1.013937 0.863543 1.013937
0.906535 1.013937 0.906535 1.013937
0.949528 1.013937 0.949528 1.013937
0.992520 1.013937 0.992520 1.013937
1.035512 1.013937 1.035512 1.013937
1.078504 1.013937 1.078504 1.013937
1.121496 1.013937 1.121496 1.013937
1.164488 1.013937 1.164488 1.013937
1.207480 1.013937 1.207480 1.013937
1.250472 1.013937 1.250472 1.013937
1.293465 1.013937 1.293465 1.013937
1.336457 1.013937 1.336457 1.013937
1.379449 1.013937 1.379449 1.013937
1.422441 1.013937 1.422441 1.013937
1.465433 1.013937 1.465433 1.013937
1.508425 1.013937 1.508425 1.013937
1.551417 1.013937 1.551417 1.013937
1.594409 1.013937 1.594409 1.013937
1.637402 1.013937 1.637402 1.013937
1.680394 1.013937 1.680394 1.013937
1.723386 1.013937 1.723386 1.013937
1.766378 1.013937 1.766378 1.013937
1.809370 1.013937 1.809370 1.013937
1.852362 1.013937 1.852362 1.013937
1.895354 1.013937 1.895354 1.013937
1.938346 1.013937 1.938346 1.013937
1.981339 1.013937 1.981339 1.013937
2.024331 1.013937 2.024331 1.013937
2.067323 1.013937 2.067323 1.013937
2.110315 1.013937 2.110315 1.013937
2.153307 1.013937 2.153307 1.013937
2.196299 1.013937 2.196299 1.013937
2.239291 1.013937 2.239291 1.013937
2.282283 1.013937 2.282283 1.013937
2.325276 1.013937 2.325276 1.013937
2.368268 1.013937 2.368268 1.013937
2.411260 1.013937 2.411260 1.013937
2.454252 1.013937 2.454252 1.013937
2.497244 1.013937 2.497244 1.013937
2.540236 1.013937 2.540236 1.013937
2.583228 1.013937 2.583228 1.013937
2.626220 1.013937 2.626220 1.013937
2.669213 1.013937 2.669213 1.013937
2.712205 1.013937 2.712205 1.013937
2.755197 1.013937 2.755197 1.013937
2.798189 1.013937 2.798189 1.013937
2.841181 1.013937 2.841181 1.013937
2.884173 1.013937 2.884173 1.013937
2.927165 1.013937 2.927165 1.013937
2.970157 1.013937 2.970157 1.013937
3.013150 1.013937 3.013150 1.013937
3.056142 1.013937 3.056142 1.013937
3.099134 1.013937 3.099134 1.013937
3.142126 1.013937 3.142126 1.013937
3.185118 1.013937 3.185118 1.013937
3.228110 1.013937 3.228110 1.013937
3.271102 1.013937 3.271102 1.013937
3.314094 1.013937 3.314094 1.013937
3.357087 1.013937 3.357087 1.013937
3.400079 1.013937 3.400079 1.013937
3.443071 1.013937 3.443071 1.013937
3.486063 1.013937 3.486063 1.013937
3.529055 1.013937 3.529055 1.013937
3.572047 1.013937 3.572047 1.013937
3.615039 1.013937 3.615039 1.013937
3.658031 1.013937 3.658031 1.013937
3.701024 1.013937 3.701024 1.013937
3.744016 1.013937 3.744016 1.013937
3.787008 1.013937 3.787008 1.013937
3.830000 1.013937 3.830000 1.013937
-1.630000 1.039606 -1.630000 1.039606
-1.587008 1.039606 -1.587008 1.039606
-1.544016 1.039606 -1.544016 1.039606
-1.501024 1.039606 -1.501024 1.039606
-1.458031 1.039606 -1.458031 1.039606
-1.415039 1.039606 -1.415039 1.039606
-1.372047 1.039606 -1.372047 1.039606
-1.329055 1.039606 -1.329055 1.039606
-1.286063 1.039606 -1.286063 1.039606
-1.243071 1.039606 -1.243071 1.039606
-1.200079 1.039606 -1.200079 1.039606
-1.157087 1.039606 -1.157087 1.039606
-1.114094 1.039606 -1.114094 1.039606
-1.071102 1.039606 -1.071102 1.039606
-1.028110 1.039606 -1.028110 1.039606
-0.985118 1.039606 -0.985118 1.039606
-0.942126 1.039606 -0.942126 1.039606
-0.899134 1.039606 -0.899134 1.039606
-0.856142 1.039606 -0.856142 1.039606
-0.813150 1.039606 -0.813150 1.039606
-0.770157 1.039606 -0.770157 1.039606
-0.727165 1.039606 -0.727165 1.039606
-0.684173 1.039606 -0.684173 1.039606
-0.641181 1.039606 -0.641181 1.039606
-0.598189 1.039606 -0.598189 1.039606
-0.555197 1.039606 -0.555197 1.039606
-0.512205 1.039606 -0.512205 1.039606
-0.469213 1.039606 -0.469213 1.039606
-0.426220 1.039606 -0.426220 1.039606
-0.383228 1.039606 -0.383228 1.039606
-0.340236 1.039606 -0.340236 1.039606
-0.297244 1.039606 -0.297244 1.039606
-0.254252 1.039606 -0.254252 1.039606
-0.211260 1.039606 -0.211260 1.039606
-0.168268 1.039606 -0.168268 1.039606
-0.125276 1.039606 -0.125276 1.039606
-0.082283 1.039606 -0.082283 1.039606
-0.039291 1.039606 -0.039291 1.039606
0.003701 1.039606 0.003701 1.039606
0.046693 1.039606 0.046693 1.039606
0.089685 1.039606 0.089685 1.039606
0.132677 1.039606 0.132677 1.039606
0.175669 1.039606 0.175669 1.039606
0.218661 1.039606 0.218661 1.039606
0.261654 1.039606 0.261654 1.039606
0.304646 1.039606 0.304646 1.039606
0.347638 1.039606 0.347638 1.039606
0.390630 1.039606 0.390630 1.039606
0.433622 1.039606 0.433622 1.039606
0.476614 1.039606 0.476614 1.039606
0.519606 1.039606 0.519606 1.039606
0.562598 1.039606 0.562598 1.039606
0.605591 1.039606 0.605591 1.039606
0.648583 1.039606 0.648583 1.039606
0.691575 1.039606 0.691575 1.039606
0.734567 1.039606 0.734567 1.039606
0.777559 1.039606 0.777559 1.039606
0.820551 1.039606 0.820551 1.039606
0.863543 1.039606 0.863543 1.039606
0.906535 1.039606 0.906535 1.039606
0.949528 1.039606 0.949528 1.039606
0.992520 1.039606 0.992520 1.039606
1.035512 1.039606 1.035512 1.039606
1.078504 1.039606 1.078504 1.039606
1.121496 1.039606 1.121496 1.039606
1.164488 1.039606 1.164488 1.039606
1.207480 1.039606 1.207480 1.039606
1.250472 1.039606 1.250472 1.039606
1.293465 1.039606 1.293465 1.039606
1.336457 1.039606 1.336457 1.039606
1.379449 1.039606 1.379449 1.039606
1.422441 1.039606 1.422441 1.039606
1.465433 1.039606 1.465433 1.039606
1.508425 1.039606 1.508425 1.039606
1.551417 1.039606 1.551417 1.039606
1.594409 1.039606 1.594409 1.039606
1.637402 1.039606 1.637402 1.039606
1.680394 1.039606 1.680394 1.039606
1.723386 1.039606 1.723386 1.039606
1.766378 1.039606 1.766378 1.039606
1.809370 1.039606 1.809370 1.039606
1.852362 1.039606 1.852362 1.039606
1.895354 1.039606 1.895354 1.039606
1.938346 1.039606 1.938346 1.039606
1.981339 1.039606 1.981339 1.039606
2.024331 1.039606 2.024331 1.039606
2.067323 1.039606 2.067323 1.039606
2.110315 1.039606 2.110315 1.039606
2.153307 1.039606 2.153307 1.039606
2.196299 1.039606 2.196299 1.039606
2.239291 1.039606 2.239291 1.039606
2.282283 1.039606 2.282283 1.039606
2.325276 1.039606 2.325276 1.039606
2.368268 1.039606 2.368268 1.039606
2.411260 1.039606 2.411260 1.039606
2.454252 1.039606 2.454252 1.039606
2.497244 1.039606 2.497244 1.039606
2.540236 1.039606 2.540236 1.039606
2.583228 1.039606 2.583228 1.039606
2.626220 1.039606 2.626220 1.039606
2.669213 1.039606 2.669213 1.039606
2.712205 1.039606 2.712205 1.039606
2.755197 1.039606 2.755197 1.039606
2.798189 1.039606 2.798189 1.039606
2.841181 1.039606 2.841181 1.039606
2.884173 1.039606 2.884173 1.039606
2.927165 1.039606 2.927165 1.039606
2.970157 1.039606 2.970157 1.039606
3.013150 1.039606 3.013150 1.039606
3.056142 1.039606 3.056142 1.039606
3.099134 1.039606 3.099134 1.039606
3.142126 1.039606 3.142126 1.039606
3.185118 1.039606 3.185118 1.039606
3.228110 1.039606 3.228110 1.039606
3.271102 1.039606 3.271102 1.039606
3.314094 1.039606 3.314094 1.039606
3.357087 1.039606 3.357087 1.039606
3.400079 1.039606 3.400079 1.039606
3.443071 1.039606 3.443071 1.039606
3.486063 1.039606 3.486063 1.039606
3.529055 1.039606 3.529055 1.039606
3.572047 1.039606 3.572047 1.039606
3.615039 1.039606 3.615039 1.039606
3.658031 1.039606 3.658031 1.039606
3.701024 1.039606 3.701024 1.039606
3.744016 1.039606 3.744016 1.039606
3.787008 1.039606 3.787008 1.039606
3.830000 1.039606 3.830000 1.039606
-1.630000 1.065276 -1.630000 1.065276
-1.587008 1.065276 -1.587008 1.065276
-1.544016 1.065276 -1.544016 1.065276
-1.501024 1.065276 -1.501024 1.065276
-1.458031 1.065276 -1.458031 1.065276
-1.415039 1.065276 -1.415039 1.065276
-1.372047 1.065276 -1.372047 1.065276
-1.329055 1.065276 -1.329055 1.065276
-1.286063 1.065276 -1.286063 1.065276
-1.243071 1.065276 -1.243071 1.065276
-1.200079 1.065276 -1.200079 1.065276
-1.157087 1.065276 -1.157087 1.065276
-1.114094 1.065276 -1.114094 1.065276
-1.071102 1.065276 -1.071102 1.065276
-1.028110 1.065276 -1.028110 1.065276
-0.985118 1.065276 -0.985118 1.065276
-0.942126 1.065276 -0.942126 1.065276
-0.899134 1.065276 -0.899134 1.065276
-0.856142 1.065276 -0.856142 1.065276
-0.813150 1.065276 -0.813150 1.065276
-0.770157 1.065276 -0.770157 1.065276
-0.727165 1.065276 -0.727165 1.065276
-0.684173 1.065276 -0.684173 1.065276
-0.641181 1.065276 -0.641181 1.065276
-0.598189 1.065276 -0.598189 1.065276
-0.555197 1.065276 -0.555197 1.065276
-0.512205 1.065276 -0.512205 1.065276
-0.469213 1.065276 -0.469213 1.065276
-0.426220 1.065276 -0.426220 1.065276
-0.383228 1.065276 -0.383228 1.065276
-0.340236 1.065276 -0.340236 1.065276
-0.297244 1.065276 -0.297244 1.065276
-0.254252 1.065276 -0.254252 1.065276
-0.211260 1.065276 -0.211260 1.065276
-0.168268 1.065276 -0.168268 1.065276
-0.125276 1.065276 -0.125276 1.065276
-0.082283 1.065276 -0.082283 1.065276
-0.039291 1.065276 -0.039291 1.065276
0.003701 1.065276 0.003701 1.065276
0.046693 1.065276 0.046693 1.065276
0.089685 1.065276 0.089685 1.065276
0.132677 1.065276 0.132677 1.065276
0.175669 1.065276 0.175669 1.065276
0.218661 1.065276 0.218661 1.065276
0.261654 1.065276 0.261654 1.065276
0.304646 1.065276 0.304646 1.065276
0.347638 1.065276 0.347638 1.065276
0.390630 1.065276 0.390630 1.065276
0.433622 1.065276 0.433622 1.065276
0.476614 1.065276 0.476614 1.065276
0.519606 1.065276 0.519606 1.065276
0.562598 1.065276 0.562598 1.065276
0.605591 1.065276 0.605591 1.065276
0.648583 1.065276 0.648583 1.065276
0.691575 1.065276 0.691575 1.065276
0.734567 1.065276 0.734567 1.065276
0.777559 1.065276 0.777559 1.065276
0.820551 1.065276 0.820551 1.065276
0.863543 1.065276 0.863543 1.065276
0.906535 1.065276 0.906535 1.065276
0.949528 1.065276 0.949528 1.065276
0.992520 1.065276 0.992520 1.065276
1.035512 1.065276 1.035512 1.065276
1.078504 1.065276 1.078504 1.065276
1.121496 1.065276 1.121496 1.065276
1.164488 1.065276 1.164488 1.065276
1.207480 1.065276 1.207480 1.065276
1.250472 1.065276 1.250472 1.065276
1.293465 1.065276 1.293465 1.065276
1.336457 1.065276 1.336457 1.065276
1.379449 1.065276 1.379449 1.065276
1.422441 1.065276 1.422441 1.065276
1.465433 1.065276 1.465433 1.065276
1.508425 1.065276 1.508425 1.065276
1.551417 1.065276 1.551417 1.065276
1.594409 1.065276 1.594409 1.065276
1.637402 1.065276 1.637402 1.065276
1.680394 1.065276 1.680394 1.065276
1.723386 1.065276 1.723386 1.065276
1.766378 1.065276 1.766378 1.065276
1.809370 1.065276 1.809370 1.065276
1.852362 1.065276 1.852362 1.065276
1.895354 1.065276 1.895354 1.065276
1.938346 1.065276 1.938346 1.065276
1.981339 1.065276 1.981339 1.065276
2.024331 1.065276 2.024331 1.065276
2.067323 1.065276 2.067323 1.065276
2.110315 1.065276 2.110315 1.065276
2.153307 1.065276 2.153307 1.065276
2.196299 1.065276 2.196299 1.065276
2.239291 1.065276 2.239291 1.065276
2.282283 1.065276 2.282283 1.065276
2.325276 1.065276 2.325276 1.065276
2.368268 1.065276 2.368268 1.065276
2.411260 1.065276 2.411260 1.065276
2.454252 1.065276 2.454252 1.065276
2.497244 1.065276 2.497244 1.065276
2.540236 1.065276 2.540236 1.065276
2.583228 1.065276 2.583228 1.065276
2.626220 1.065276 2.626220 1.065276
2.669213 1.065276 2.669213 1.065276
2.712205 1.065276 2.712205 1.065276
2.755197 1.065276 2.755197 1.065276
2.798189 1.065276 2.798189 1.065276
2.841181 1.065276 2.841181 1.065276
2.884173 1.065276 2.884173 1.065276
2.927165 1.065276 2.927165 1.065276
2.970157 1.065276 2.970157 1.065276
3.013150 1.065276 3.013150 1.065276
3.056142 1.065276 3.056142 1.065276
3.099134 1.065276 3.099134 1.065276
3.142126 1.065276 3.142126 1.065276
3.185118 1.065276 3.185118 1.065276
3.228110 1.065276 3.228110 1.065276
3.271102 1.065276 3.271102 1.065276
3.314094 1.065276 3.314094 1.065276
3.357087 1.065276 3.357087 1.065276
3.400079 1.065276 3.400079 1.065276
3.443071 1.065276 3.443071 1.065276
3.486063 1.065276 3.486063 1.065276
3.529055 1.065276 3.529055 1.065276
3.572047 1.065276 3.572047 1.065276
3.615039 1.065276 3.615039 1.065276
3.658031 1.065276 3.658031 1.065276
3.701024 1.065276 3.701024 1.065276
3.744016 1.065276 3.744016 1.065276
3.787008 1.065276 3.787008 1.065276
3.830000 1.065276 3.830000 1.065276
-1.630000 1.090945 -1.630000 1.090945
-1.587008 1.090945 -1.587008 1.090945
-1.544016 1.090945 -1.544016 1.090945
-1.501024 1.090945 -1.501024 1.090945
-1.458031 1.090945 -1.458031 1.090945
-1.415039 1.090945 -1.415039 1.090945
-1.372047 1.090945 -1.372047 1.090945
-1.329055 1.090945 -1.329055 1.090945
-1.286063 1.090945 -1.286063 1.090945
-1.243071 1.090945 -1.243071 1.090945
-1.200079 1.090945 -1.200079 1.090945
-1.157087 1.090945 -1.157087 1.090945
-1.114094 1.090945 -1.114094 1.090945
-1.071102 1.090945 -1.071102 1.090945
-1.028110 1.090945 -1.028110 1.090945
-0.985118 1.090945 -0.985118 1.090945
-0.942126 1.090945 -0.942126 1.090945
-0.899134 1.090945 -0.899134 1.090945
-0.856142 1.090945 -0.856142 1.090945
-0.813150 1.090945 -0.813150 1.090945
-0.770157 1.090945 -0.770157 1.090945
-0.727165 1.090945 -0.727165 1.090945
-0.684173 1.090945 -0.684173 1.090945
-0.641181 1.090945 -0.641181 1.090945
-0.598189 1.090945 -0.598189 1.090945
-0.555197 1.090945 -0.555197 1.090945
-0.512205 1.090945 -0.512205 1.090945
-0.469213 1.090945 -0.469213 1.090945
-0.426220 1.090945 -0.426220 1.090945
-0.383228 1.090945 -0.383228 1.090945
-0.340236 1.090945 -0.340236 1.090945
-0.297244 1.090945 -0.297244 1.090945
-0.254252 1.090945 -0.254252 1.090945
-0.211260 1.090945 -0.211260 1.090945
-0.168268 1.090945 -0.168268 1.090945
-0.125276 1.090945 -0.125276 1.090945
-0.082283 1.090945 -0.082283 1.090945
-0.039291 1.090945 -0.039291 1.090945
0.003701 1.090945 0.003701 1.090945
0.046693 1.090945 0.046693 1.090945
0.089685 1.090945 0.089685 1.090945
0.132677 1.090945 0.132677 1.090945
0.175669 1.090945 0.175669 1.090945
0.218661 1.090945 0.218661 1.090945
0.261654 1.090945 0.261654 1.090945
0.304646 1.090945 0.304646 1.090945
0.347638 1.090945 0.347638 1.090945
0.390630 1.090945 0.390630 1.090945
0.433622 1.090945 0.433622 1.090945
0.476614 1.090945 0.476614 1.090945
0.519606 1.090945 0.519606 1.090945
0.562598 1.090945 0.562598 1.090945
0.605591 1.090945 0.605591 1.090945
0.648583 1.090945 0.648583 1.090945
0.691575 1.090945 0.691575 1.090945
0.734567 1.090945 0.734567 1.090945
0.777559 1.090945 0.777559 1.090945
0.820551 1.090945 0.820551 1.090945
0.863543 1.090945 0.863543 1.090945
0.906535 1.090945 0.906535 1.090945
0.949528 1.090945 0.949528 1.090945
0.992520 1.090945 0.992520 1.090945
1.035512 1.090945 1.035512 1.090945
1.078504 1.090945 1.078504 1.090945
1.121496 1.090945 1.121496 1.090945
1.164488 1.090945 1.164488 1.090945
1.207480 1.090945 1.207480 1.090945
1.250472 1.090945 1.250472 1.090945
1.293465 1.090945 1.293465 1.090945
1.336457 1.090945 1.336457 1.090945
1.379449 1.090945 1.379449 1.090945
1.422441 1.090945 1.422441 1.090945
1.465433 1.090945 1.465433 1.090945
1.508425 1.090945 1.508425 1.090945
1.551417 1.090945 1.551417 1.090945
1.594409 1.090945 1.594409 1.090945
1.637402 1.090945 1.637402 1.090945
1.680394 1.090945 1.680394 1.090945
1.723386 1.090945 1.723386 1.090945
1.766378 1.090945 1.766378 1.090945
1.809370 1.090945 1.809370 1.090945
1.852362 1.090945 1.852362 1.090945
1.895354 1.090945 1.895354 1.090945
1.938346 1.090945 1.938346 1.090945
1.981339 1.090945 1.981339 1.090945
2.024331 1.090945 2.024331 1.090945
2.067323 1.090945 2.067323 1.090945
2.110315 1.090945 2.110315 1.090945
2.153307 1.090945 2.153307 1.090945
2.196299 1.090945 2.196299 1.090945
2.239291 1.090945 2.239291 1.090945
2.282283 1.090945 2.282283 1.090945
2.325276 1.090945 2.325276 1.090945
2.368268 1.090945 2.368268 1.090945
2.411260 1.090945 2.411260 1.090945
2.454252 1.090945 2.454252 1.090945
2.497244 1.090945 2.497244 1.090945
2.540236 1.090945 2.540236 1.090945
2.583228 1.090945 2.583228 1.090945
2.626220 1.090945 2.626220 1.090945
2.669213 1.090945 2.669213 1.090945
2.712205 1.090945 2.712205 1.090945
2.755197 1.090945 2.755197 1.090945
2.798189 1.090945 2.798189 1.090945
2.841181 1.090945 2.841181 1.090945
2.884173 1.090945 2.884173 1.090945
2.927165 1.090945 2.927165 1.090945
2.970157 1.090945 2.970157 1.090945
3.013150 1.090945 3.013150 1.090945
3.056142 1.090945 3.056142 1.090945
3.099134 1.090945 3.099134 1.090945
3.142126 1.090945 3.142126 1.090945
3.185118 1.090945 3.185118 1.090945
3.228110 1.090945 3.228110 1.090945
3.271102 1.090945 3.271102 1.090945
3.314094 1.090945 3.314094 1.090945
3.357087 1.090945 3.357087 1.090945
3.400079 1.090945 3.400079 1.090945
3.443071 1.090945 3.443071 1.090945
3.486063 1.090945 3.486063 1.090945
3.529055 1.090945 3.529055 1.090945
3.572047 1.090945 3.572047 1.090945
3.615039 1.090945 3.615039 1.090945
3.658031 1.090945 3.658031 1.090945
3.701024 1.090945 3.701024 1.090945
3.744016 1.090945 3.744016 1.090945
3.787008 1.090945 3.787008 1.090945
3.830000 1.090945 3.830000 1.090945
-1.630000 1.116614 -1.630000 1.116614
-1.587008 1.116614 -1.587008 1.116614
-1.544016 1.116614 -1.544016 1.116614
-1.501024 1.116614 -1.501024 1.116614
-1.458031 1.116614 -1.458031 1.116614
-1.415039 1.116614 -1.415039 1.116614
-1.372047 1.116614 -1.372047 1.116614
-1.329055 1.116614 -1.329055 1.116614
-1.286063 1.116614 -1.286063 1.116614
-1.243071 1.116614 -1.243071 1.116614
-1.200079 1.116614 -1.200079 1.116614
-1.157087 1.116614 -1.157087 1.116614
-1.114094 1.116614 -1.114094 1.116614
-1.071102 1.116614 -1.071102 1.116614
-1.028110 1.116614 -1.028110 1.116614
-0.985118 1.116614 -0.985118 1.116614
-0.942126 1.116614 -0.942126 1.116614
-0.899134 1.116614 -0.899134 1.116614
-0.856142 1.116614 -0.856142 1.116614
-0.813150 1.116614 -0.813150 1.116614
-0.770157 1.116614 -0.770157 1.116614
-0.727165 1.116614 -0.727165 1.116614
-0.684173 1.116614 -0.684173 1.116614
-0.641181 1.116614 -0.641181 1.116614
-0.598189 1.116614 -0.598189 1.116614
-0.555197 1.116614 -0.555197 1.116614
-0.512205 1.116614 -0.512205 1.116614
-0.469213 1.116614 -0.469213 1.116614
-0.426220 1.116614 -0.426220 1.116614
-0.383228 1.116614 -0.383228 1.116614
-0.340236 1.116614 -0.340236 1.116614
-0.297244 1.116614 -0.297244 1.116614
-0.254252 1.116614 -0.254252 1.116614
-0.211260 1.116614 -0.211260 1.116614
-0.168268 1.116614 -0.168268 1.116614
-0.125276 1.116614 -0.125276 1.116614
-0.082283 1.116614 -0.082283 1.116614
-0.039291 1.116614 -0.039291 1.116614
0.003701 1.116614 0.003701 1.116614
0.046693 1.116614 0.046693 1.116614
0.089685 1.116614 0.089685 1.116614
0.132677 1.116614 0.132677 1.116614
0.175669 1.116614 0.175669 1.116614
0.218661 1.116614 0.218661 1.116614
0.261654 1.116614 0.261654 1.116614
0.304646 1.116614 0.304646 1.116614
0.347638 1.116614 0.347638 1.116614
0.390630 1.116614 0.390630 1.116614
0.433622 1.116614 0.433622 1.116614
0.476614 1.116614 0.476614 1.116614
0.519606 1.116614 0.519606 1.116614
0.562598 1.116614 0.562598 1.116614
0.605591 1.116614 0.605591 1.116614
0.648583 1.116614 0.648583 1.116614
0.691575 1.116614 0.691575 1.116614
0.734567 1.116614 0.734567 1.116614
0.777559 1.116614 0.777559 1.116614
0.820551 1.116614 0.820551 1.116614
0.863543 1.116614 0.863543 1.116614
0.906535 1.116614 0.906535 1.116614
0.949528 1.116614 0.949528 1.116614
0.992520 1.116614 0.992520 1.116614
1.035512 1.116614 1.035512 1.116614
1.078504 1.116614 1.078504 1.116614
1.121496 1.116614 1.121496 1.116614
1.164488 1.116614 1.164488 1.116614
1.207480 1.116614 1.207480 1.116614
1.250472 1.116614 1.250472 1.116614
1.293465 1.116614 1.293465 1.116614
1.336457 1.116614 1.336457 1.116614
1.379449 1.116614 1.379449 1.116614
1.422441 1.116614 1.422441 1.116614
1.465433 1.116614 1.465433 1.116614
1.508425 1.116614 1.508425 1.116614
1.551417 1.116614 1.551417 1.116614
1.594409 1.116614 1.594409 1.116614
1.637402 1.116614 1.637402 1.116614
1.680394 1.116614 1.680394 1.116614
1.723386 1.116614 1.723386 1.116614
1.766378 1.116614 1.766378 1.116614
1.809370 1.116614 1.809370 1.116614
1.852362 1.116614 1.852362 1.116614
1.895354 1.116614 1.895354 1.116614
1.938346 1.116614 1.938346 1.116614
1.981339 1.116614 1.981339 1.116614
2.024331 1.116614 2.024331 1.116614
2.067323 1.116614 2.067323 1.116614
2.110315 1.116614 2.110315 1.116614
2.153307 1.116614 2.153307 1.116614
2.196299 1.116614 2.196299 1.116614
2.239291 1.116614 2.239291 1.116614
2.282283 1.116614 2.282283 1.116614
2.325276 1.116614 2.325276 1.116614
2.368268 1.116614 2.368268 1.116614
2.411260 1.116614 2.411260 1.116614
2.454252 1.116614 2.454252 1.116614
2.497244 1.116614 2.497244 1.116614
2.540236 1.116614 2.540236 1.116614
2.583228 1.116614 2.583228 1.116614
2.626220 1.116614 2.626220 1.116614
2.669213 1.116614 2.669213 1.116614
2.712205 1.116614 2.712205 1.116614
2.755197 1.116614 2.755197 1.116614
2.798189 1.116614 2.798189 1.116614
2.841181 1.116614 2.841181 1.116614
2.884173 1.116614 2.884173 1.116614
2.927165 1.116614 2.927165 1.116614
2.970157 1.116614 2.970157 1.116614
3.013150 1.116614 3.013150 1.116614
3.056142 1.116614 3.056142 1.116614
3.099134 1.116614 3.099134 1.116614
3.142126 1.116614 3.142126 1.116614
3.185118 1.116614 3.185118 1.116614
3.228110 1.116614 3.228110 1.116614
3.271102 1.116614 3.271102 1.116614
3.314094 1.116614 3.314094 1.116614
3.357087 1.116614 3.357087 1.116614
3.400079 1.116614 3.400079 1.116614
3.443071 1.116614 3.443071 1.116614
3.486063 1.116614 3.486063 1.116614
3.529055 1.116614 3.529055 1.116614
3.572047 1.116614 3.572047 1.116614
3.615039 1.116614 3.615039 1.116614
3.658031 1.116614 3.658031 1.116614
3.701024 1.116614 3.701024 1.116614
3.744016 1.116614 3.744016 1.116614
3.787008 1.116614 3.787008 1.116614
3.830000 1.116614 3.830000 1.116614
-1.630000 1.142283 -1.630000 1.142283
-1.587008 1.142283 -1.587008 1.142283
-1.544016 1.142283 -1.544016 1.142283
-1.501024 1.142283 -1.501024 1.142283
-1.458031 1.142283 -1.458031 1.142283
-1.415039 1.142283 -1.415039 1.142283
-1.372047 1.142283 -1.372047 1.142283
-1.329055 1.142283 -1.329055 1.142283
-1.286063 1.142283 -1.286063 1.142283
-1.243071 1.142283 -1.243071 1.142283
-1.200079 1.142283 -1.200079 1.142283
-1.157087 1.142283 -1.157087 1.142283
-1.114094 1.142283 -1.114094 1.142283
-1.071102 1.142283 -1.071102 1.142283
-1.028110 1.142283 -1.028110 1.142283
-0.985118 1.142283 -0.985118 1.142283
-0.942126 1.142283 -0.942126 1.142283
-0.899134 1.142283 -0.899134 1.142283
-0.856142 1.142283 -0.856142 1.142283
-0.813150 1.142283 -0.813150 1.142283
-0.770157 1.142283 -0.770157 1.142283
-0.727165 1.142283 -0.727165 1.142283
-0.684173 1.142283 -0.684173 1.142283
-0.641181 1.142283 -0.641181 1.142283
-0.598189 1.142283 -0.598189 1.142283
-0.555197 1.142283 -0.555197 1.142283
-0.512205 1.142283 -0.512205 1.142283
-0.469213 1.142283 -0.469213 1.142283
-0.426220 1.142283 -0.426220 1.142283
-0.383228 1.142283 -0.383228 1.142283
-0.340236 1.142283 -0.340236 1.142283
-0.297244 1.142283 -0.297244 1.142283
-0.254252 1.142283 -0.254252 1.142283
-0.211260 1.142283 -0.211260 1.142283
-0.168268 1.142283 -0.168268 1.142283
-0.125276 1.142283 -0.125276 1.142283
-0.082283 1.142283 -0.082283 1.142283
-0.039291 1.142283 -0.039291 1.142283
0.003701 1.142283 0.003701 1.142283
0.046693 1.142283 0.046693 1.142283
0.089685 1.142283 0.089685 1.142283
0.132677 1.142283 0.132677 1.142283
0.175669 1.142283 0.175669 1.142283
0.218661 1.142283 0.218661 1.142283
0.261654 1.142283 0.261654 1.142283
0.304646 1.142283 0.304646 1.142283
0.347638 1.142283 0.347638 1.142283
0.390630 1.142283 0.390630 1.142283
0.433622 1.142283 0.433622 1.142283
0.476614 1.142283 0.476614 1.142283
0.519606 1.142283 0.519606 1.142283
0.562598 1.142283 0.562598 1.142283
0.605591 1.142283 0.605591 1.142283
0.648583 1.142283 0.648583 1.142283
0.691575 1.142283 0.691575 1.142283
0.734567 1.142283 0.734567 1.142283
0.777559 1.142283 0.777559 1.142283
0.820551 1.142283 0.820551 1.142283
0.863543 1.142283 0.863543 1.142283
0.906535 1.142283 0.906535 1.142283
0.949528 1.142283 0.949528 1.142283
0.992520 1.142283 0.992520 1.142283
1.035512 1.142283 1.035512 1.142283
1.078504 1.142283 1.078504 1.142283
1.121496 1.142283 1.121496 1.142283
1.164488 1.142283 1.164488 1.142283
1.207480 1.142283 1.207480 1.142283
1.250472 1.142283 1.250472 1.142283
1.293465 1.142283 1.293465 1.142283
1.336457 1.142283 1.336457 1.142283
1.379449 1.142283 1.379449 1.142283
1.422441 1.142283 1.422441 1.142283
1.465433 1.142283 1.465433 1.142283
1.508425 1.142283 1.508425 1.142283
1.551417 1.142283 1.551417 1.142283
1.594409 1.142283 1.594409 1.142283
1.637402 1.142283 1.637402 1.142283
1.680394 1.142283 1.680394 1.142283
1.723386 1.142283 1.723386 1.142283
1.766378 1.142283 1.766378 1.142283
1.809370 1.142283 1.809370 1.142283
1.852362 1.142283 1.852362 1.142283
1.895354 1.142283 1.895354 1.142283
1.938346 1.142283 1.938346 1.142283
1.981339 1.142283 1.981339 1.142283
2.024331 1.142283 2.024331 1.142283
2.067323 1.142283 2.067323 1.142283
2.110315 1.142283 2.110315 1.142283
2.153307 1.142283 2.153307 1.142283
2.196299 1.142283 2.196299 1.142283
2.239291 1.142283 2.239291 1.142283
2.282283 1.142283 2.282283 1.142283
2.325276 1.142283 2.325276 1.142283
2.368268 1.142283 2.368268 1.142283
2.411260 1.142283 2.411260 1.142283
2.454252 1.142283 2.454252 1.142283
2.497244 1.142283 2.497244 1.142283
2.540236 1.142283 2.540236 1.142283
2.583228 1.142283 2.583228 1.142283
2.626220 1.142283 2.626220 1.142283
2.669213 1.142283 2.669213 1.142283
2.712205 1.142283 2.712205 1.142283
2.755197 1.142283 2.755197 1.142283
2.798189 1.142283 2.798189 1.142283
2.841181 1.142283 2.841181 1.142283
2.884173 1.142283 2.884173 1.142283
2.927165 1.142283 2.927165 1.142283
2.970157 1.142283 2.970157 1.142283
3.013150 1.142283 3.013150 1.142283
3.056142 1.142283 3.056142 1.142283
3.099134 1.142283 3.099134 1.142283
3.142126 1.142283 3.142126 1.142283
3.185118 1.142283 3.185118 1.142283
3.228110 1.142283 3.228110 1.142283
3.271102 1.142283 3.271102 1.142283
3.314094 1.142283 3.314094 1.142283
3.357087 1.142283 3.357087 1.142283
3.400079 1.142283 3.400079 1.142283
3.443071 1.142283 3.443071 1.142283
3.486063 1.142283 3.486063 1.142283
3.529055 1.142283 3.529055 1.142283
3.572047 1.142283 3.572047 1.142283
3.615039 1.142283 3.615039 1.142283
3.658031 1.142283 3.658031 1.142283
3.701024 1.142283 3.701024 1.142283
3.744016 1.142283 3.744016 1.142283
3.787008 1.142283 3.787008 1.142283
3.830000 1.142283 3.830000 1.142283
-1.630000 1.167953 -1.630000 1.167953
-1.587008 1.167953 -1.587008 1.167953
-1.544016 1.167953 -1.544016 1.167953
-1.501024 1.167953 -1.501024 1.167953
-1.458031 1.167953 -1.458031 1.167953
-1.415039 1.167953 -1.415039 1.167953
-1.372047 1.167953 -1.372047 1.167953
-1.329055 1.167953 -1.329055 1.167953
-1.286063 1.167953 -1.286063 1.167953
-1.243071 1.167953 -1.243071 1.167953
-1.200079 1.167953 -1.200079 1.167953
-1.157087 1.167953 -1.157087 1.167953
-1.114094 1.167953 -1.114094 1.167953
-1.071102 1.167953 -1.071102 1.167953
-1.028110 1.167953 -1.028110 1.167953
-0.985118 1.167953 -0.985118 1.167953
-0.942126 1.167953 -0.942126 1.167953
-0.899134 1.167953 -0.899134 1.167953
-0.856142 1.167953 -0.856142 1.167953
-0.813150 1.167953 -0.813150 1.167953
-0.770157 1.167953 -0.770157 1.167953
-0.727165 1.167953 -0.727165 1.167953
-0.684173 1.167953 -0.684173 1.167953
-0.641181 1.167953 -0.641181 1.167953
-0.598189 1.167953 -0.598189 1.167953
-0.555197 1.167953 -0.555197 1.167953
-0.512205 1.167953 -0.512205 1.167953
-0.469213 1.167953 -0.469213 1.167953
-0.426220 1.167953 -0.426220 1.167953
-0.383228 1.167953 -0.383228 1.167953
-0.340236 1.167953 -0.340236 1.167953
-0.297244 1.167953 -0.297244 1.167953
-0.254252 1.167953 -0.254252 1.167953
-0.211260 1.167953 -0.211260 1.167953
-0.168268 1.167953 -0.168268 1.167953
-0.125276 1.167953 -0.125276 1.167953
-0.082283 1.167953 -0.082283 1.167953
-0.039291 1.167953 -0.039291 1.167953
0.003701 1.167953 0.003701 1.167953
0.046693 1.167953 0.046693 1.167953
0.089685 1.167953 0.089685 1.167953
0.132677 1.167953 0.132677 1.167953
0.175669 1.167953 0.175669 1.167953
0.218661 1.167953 0.218661 1.167953
0.261654 1.167953 0.261654 1.167953
0.304646 1.167953 0.304646 1.167953
0.347638 1.167953 0.347638 1.167953
0.390630 1.167953 0.390630 1.167953
0.433622 1.167953 0.433622 1.167953
0.476614 1.167953 0.476614 1.167953
0.519606 1.167953 0.519606 1.167953
0.562598 1.167953 0.562598 1.167953
0.605591 1.167953 0.605591 1.167953
0.648583 1.167953 0.648583 1.167953
0.691575 1.167953 0.691575 1.167953
0.734567 1.167953 0.734567 1.167953
0.777559 1.167953 0.777559 1.167953
0.820551 1.167953 0.820551 1.167953
0.863543 1.167953 0.863543 1.167953
0.906535 1.167953 0.906535 1.167953
0.949528 1.167953 0.949528 1.167953
0.992520 1.167953 0.992520 1.167953
1.035512 1.167953 1.035512 1.167953
1.078504 1.167953 1.078504 1.167953
1.121496 1.167953 1.121496 1.167953
1.164488 1.167953 1.164488 1.167953
1.207480 1.167953 1.207480 1.167953
1.250472 1.167953 1.250472 1.167953
1.293465 1.167953 1.293465 1.167953
1.336457 1.167953 1.336457 1.167953
1.379449 1.167953 1.379449 1.167953
1.422441 1.167953 1.422441 1.167953
1.465433 1.167953 1.465433 1.167953
1.508425 1.167953 1.508425 1.167953
1.551417 1.167953 1.551417 1.167953
1.594409 1.167953 1.594409 1.167953
1.637402 1.167953 1.637402 1.167953
1.680394 1.167953 1.680394 1.167953
1.723386 1.167953 1.723386 1.167953
1.766378 1.167953 1.766378 1.167953
1.809370 1.167953 1.809370 1.167953
1.852362 1.167953 1.852362 1.167953
1.895354 1.167953 1.895354 1.167953
1.938346 1.167953 1.938346 1.167953
1.981339 1.167953 1.981339 1.167953
2.024331 1.167953 2.024331 1.167953
2.067323 1.167953 2.067323 1.167953
2.110315 1.167953 2.110315 1.167953
2.153307 1.167953 2.153307 1.167953
2.196299 1.167953 2.196299 1.167953
2.239291 1.167953 2.239291 1.167953
2.282283 1.167953 2.282283 1.167953
2.325276 1.167953 2.325276 1.167953
2.368268 1.167953 2.368268 1.167953
2.411260 1.167953 2.411260 1.167953
2.454252 1.167953 2.454252 1.167953
2.497244 1.167953 2.497244 1.167953
2.540236 1.167953 2.540236 1.167953
2.583228 1.167953 2.583228 1.167953
2.626220 1.167953 2.626220 1.167953
2.669213 1.167953 2.669213 1.167953
2.712205 1.167953 2.712205 1.167953
2.755197 1.167953 2.755197 1.167953
2.798189 1.167953 2.798189 1.167953
2.841181 1.167953 2.841181 1.167953
2.884173 1.167953 2.884173 1.167953
2.927165 1.167953 2.927165 1.167953
2.970157 1.167953 2.970157 1.167953
3.013150 1.167953 3.013150 1.167953
3.056142 1.167953 3.056142 1.167953
3.099134 1.167953 3.099134 1.167953
3.142126 1.167953 3.142126 1.167953
3.185118 1.167953 3.185118 1.167953
3.228110 1.167953 3.228110 1.167953
3.271102 1.167953 3.271102 1.167953
3.314094 1.167953 3.314094 1.167953
3.357087 1.167953 3.357087 1.167953
3.400079 1.167953 3.400079 1.167953
3.443071 1.167953 3.443071 1.167953
3.486063 1.167953 3.486063 1.167953
3.529055 1.167953 3.529055 1.167953
3.572047 1.167953 3.572047 1.167953
3.615039 1.167953 3.615039 1.167953
3.658031 1.167953 3.658031 1.167953
3.701024 1.167953 3.701024 1.167953
3.744016 1.167953 3.744016 1.167953
3.787008 1.167953 3.787008 1.167953
3.830000 1.167953 3.830000 1.167953
-1.630000 1.193622 -1.630000 1.193622
-1.587008 1.193622 -1.587008 1.193622
-1.544016 1.193622 -1.544016 1.193622
-1.501024 1.193622 -1.501024 1.193622
-1.458031 1.193622 -1.458031 1.193622
-1.415039 1.193622 -1.415039 1.193622
-1.372047 1.193622 -1.372047 1.193622
-1.329055 1.193622 -1.329055 1.193622
-1.286063 1.193622 -1.286063 1.193622
-1.243071 1.193622 -1.243071 1.193622
-1.200079 1.193622 -1.200079 1.193622
-1.157087 1.193622 -1.157087 1.193622
-1.114094 1.193622 -1.114094 1.193622
-1.071102 1.193622 -1.071102 1.193622
-1.028110 1.193622 -1.028110 1.193622
-0.985118 1.193622 -0.985118 1.193622
-0.942126 1.193622 -0.942126 1.193622
-0.899134 1.193622 -0.899134 1.193622
-0.856142 1.193622 -0.856142 1.193622
-0.813150 1.193622 -0.813150 1.193622
-0.770157 1.193622 -0.770157 1.193622
-0.727165 1.193622 -0.727165 1.193622
-0.684173 1.193622 -0.684173 1.193622
-0.641181 1.193622 -0.641181 1.193622
-0.598189 1.193622 -0.598189 1.193622
-0.555197 1.193622 -0.555197 1.193622
-0.512205 1.193622 -0.512205 1.193622
-0.469213 1.193622 -0.469213 1.193622
-0.426220 1.193622 -0.426220 1.193622
-0.383228 1.193622 -0.383228 1.193622
-0.340236 1.193622 -0.340236 1.193622
-0.297244 1.193622 -0.297244 1.193622
-0.254252 1.193622 -0.254252 1.193622
-0.211260 1.193622 -0.211260 1.193622
-0.168268 1.193622 -0.168268 1.193622
-0.125276 1.193622 -0.125276 1.193622
-0.082283 1.193622 -0.082283 1.193622
-0.039291 1.193622 -0.039291 1.193622
0.003701 1.193622 0.003701 1.193622
0.046693 1.193622 0.046693 1.193622
0.089685 1.193622 0.089685 1.193622
0.132677 1.193622 0.132677 1.193622
0.175669 1.193622 0.175669 1.193622
0.218661 1.193622 0.218661 1.193622
0.261654 1.193622 0.261654 1.193622
0.304646 1.193622 0.304646 1.193622
0.347638 1.193622 0.347638 1.193622
0.390630 1.193622 0.390630 1.193622
0.433622 1.193622 0.433622 1.193622
0.476614 1.193622 0.476614 1.193622
0.519606 1.193622 0.519606 1.193622
0.562598 1.193622 0.562598 1.193622
0.605591 1.193622 0.605591 1.193622
0.648583 1.193622 0.648583 1.193622
0.691575 1.193622 0.691575 1.193622
0.734567 1.193622 0.734567 1.193622
0.777559 1.193622 0.777559 1.193622
0.820551 1.193622 0.820551 1.193622
0.863543 1.193622 0.863543 1.193622
0.906535 1.193622 0.906535 1.193622
0.949528 1.193622 0.949528 1.193622
0.992520 1.193622 0.992520 1.193622
1.035512 1.193622 1.035512 1.193622
1.078504 1.193622 1.078504 1.193622
1.121496 1.193622 1.121496 1.193622
1.164488 1.193622 1.164488 1.193622
1.207480 1.193622 1.207480 1.193622
1.250472 1.193622 1.250472 1.193622
1.293465 1.193622 1.293465 1.193622
1.336457 1.193622 1.336457 1.193622
1.379449 1.193622 1.379449 1.193622
1.422441 1.193622 1.422441 1.193622
1.465433 1.193622 1.465433 1.193622
1.508425 1.193622 1.508425 1.193622
1.551417 1.193622 1.551417 1.193622
1.594409 1.193622 1.594409 1.193622
1.637402 1.193622 1.637402 1.193622
1.680394 1.193622 1.680394 1.193622
1.723386 1.193622 1.723386 1.193622
1.766378 1.193622 1.766378 1.193622
1.809370 1.193622 1.809370 1.193622
1.852362 1.193622 1.852362 1.193622
1.895354 1.193622 1.895354 1.193622
1.938346 1.193622 1.938346 1.193622
1.981339 1.193622 1.981339 1.193622
2.024331 1.193622 2.024331 1.193622
2.067323 1.193622 2.067323 1.193622
2.110315 1.193622 2.110315 1.193622
2.153307 1.193622 2.153307 1.193622
2.196299 1.193622 2.196299 1.193622
2.239291 1.193622 2.239291 1.193622
2.282283 1.193622 2.282283 1.193622
2.325276 1.193622 2.325276 1.193622
2.368268 1.193622 2.368268 1.193622
2.411260 1.193622 2.411260 1.193622
2.454252 1.193622 2.454252 1.193622
2.497244 1.193622 2.497244 1.193622
2.540236 1.193622 2.540236 1.193622
2.583228 1.193622 2.583228 1.193622
2.626220 1.193622 2.626220 1.193622
2.669213 1.193622 2.669213 1.193622
2.712205 1.193622 2.712205 1.193622
2.755197 1.193622 2.755197 1.193622
2.798189 1.193622 2.798189 1.193622
2.841181 1.193622 2.841181 1.193622
2.884173 1.193622 2.884173 1.193622
2.927165 1.193622 2.927165 1.193622
2.970157 1.193622 2.970157 1.193622
3.013150 1.193622 3.013150 1.193622
3.056142 1.193622 3.056142 1.193622
3.099134 1.193622 3.099134 1.193622
3.142126 1.193622 3.142126 1.193622
3.185118 1.193622 3.185118 1.193622
3.228110 1.193622 3.228110 1.193622
3.271102 1.193622 3.271102 1.193622
3.314094 1.193622 3.314094 1.193622
3.357087 1.193622 3.357087 1.193622
3.400079 1.193622 3.400079 1.193622
3.443071 1.193622 3.443071 1.193622
3.486063 1.193622 3.486063 1.193622
3.529055 1.193622 3.529055 1.193622
3.572047 1.193622 3.572047 1.193622
3.615039 1.193622 3.615039 1.193622
3.658031 1.193622 3.658031 1.193622
3.701024 1.193622 3.701024 1.193622
3.744016 1.193622 3.744016 1.193622
3.787008 1.193622 3.787008 1.193622
3.830000 1.193622 3.830000 1.193622
-1.630000 1.219291 -1.630000 1.219291
-1.587008 1.219291 -1.587008 1.219291
-1.544016 1.219291 -1.544016 1.219291
-1.501024 1.219291 -1.501024 1.219291
-1.458031 1.219291 -1.458031 1.219291
-1.415039 1.219291 -1.415039 1.219291
-1.372047 1.219291 -1.372047 1.219291
-1.329055 1.219291 -1.329055 1.219291
-1.286063 1.219291 -1.286063 1.219291
-1.243071 1.219291 -1.243071 1.219291
-1.200079 1.219291 -1.200079 1.219291
-1.157087 1.219291 -1.157087 1.219291
-1.114094 1.219291 -1.114094 1.219291
-1.071102 1.219291 -1.071102 1.219291
-1.028110 1.219291 -1.028110 1.219291
-0.985118 1.219291 -0.985118 1.219291
-0.942126 1.219291 -0.942126 1.219291
-0.899134 1.219291 -0.899134 1.219291
-0.856142 1.219291 -0.856142 1.219291
-0.813150 1.219291 -0.813150 1.219291
-0.770157 1.219291 -0.770157 1.219291
-0.727165 1.219291 -0.727165 1.219291
-0.684173 1.219291 -0.684173 1.219291
-0.641181 1.219291 -0.641181 1.219291
-0.598189 1.219291 -0.598189 1.219291
-0.555197 1.219291 -0.555197 1.219291
-0.512205 1.219291 -0.512205 1.219291
-0.469213 1.219291 -0.469213 1.219291
-0.426220 1.219291 -0.426220 1.219291
-0.383228 1.219291 -0.383228 1.219291
-0.340236 1.219291 -0.340236 1.219291
-0.297244 1.219291 -0.297244 1.219291
-0.254252 1.219291 -0.254252 1.219291
-0.211260 1.219291 -0.211260 1.219291
-0.168268 1.219291 -0.168268 1.219291
-0.125276 1.219291 -0.125276 1.219291
-0.082283 1.219291 -0.082283 1.219291
-0.039291 1.219291 -0.039291 1.219291
0.003701 1.219291 0.003701 1.219291
0.046693 1.219291 0.046693 1.219291
0.089685 1.219291 0.089685 1.219291
0.132677 1.219291 0.132677 1.219291
0.175669 1.219291 0.175669 1.219291
0.218661 1.219291 0.218661 1.219291
0.261654 1.219291 0.261654 1.219291
0.304646 1.219291 0.304646 1.219291
0.347638 1.219291 0.347638 1.219291
0.390630 1.219291 0.390630 1.219291
0.433622 1.219291 0.433622 1.219291
0.476614 1.219291 0.476614 1.219291
0.519606 1.219291 0.519606 1.219291
0.562598 1.219291 0.562598 1.219291
0.605591 1.219291 0.605591 1.219291
0.648583 1.219291 0.648583 1.219291
0.691575 1.219291 0.691575 1.219291
0.734567 1.219291 0.734567 1.219291
0.777559 1.219291 0.777559 1.219291
0.820551 1.219291 0.820551 1.219291
0.863543 1.219291 0.863543 1.219291
0.906535 1.219291 0.906535 1.219291
0.949528 1.219291 0.949528 1.219291
0.992520 1.219291 0.992520 1.219291
1.035512 1.219291 1.035512 1.219291
1.078504 1.219291 1.078504 1.219291
1.121496 1.219291 1.121496 1.219291
1.164488 1.219291 1.164488 1.219291
1.207480 1.219291 1.207480 1.219291
1.250472 1.219291 1.250472 1.219291
1.293465 1.219291 1.293465 1.219291
1.336457 1.219291 1.336457 1.219291
1.379449 1.219291 1.379449 1.219291
1.422441 1.219291 1.422441 1.219291
1.465433 1.219291 1.465433 1.219291
1.508425 1.219291 1.508425 1.219291
1.551417 1.219291 1.551417 1.219291
1.594409 1.219291 1.594409 1.219291
1.637402 1.219291 1.637402 1.219291
1.680394 1.219291 1.680394 1.219291
1.723386 1.219291 1.723386 1.219291
1.766378 1.219291 1.766378 1.219291
1.809370 1.219291 1.809370 1.219291
1.852362 1.219291 1.852362 1.219291
1.895354 1.219291 1.895354 1.219291
1.938346 1.219291 1.938346 1.219291
1.981339 1.219291 1.981339 1.219291
2.024331 1.219291 2.024331 1.219291
2.067323 1.219291 2.067323 1.219291
2.110315 1.219291 2.110315 1.219291
2.153307 1.219291 2.153307 1.219291
2.196299 1.219291 2.196299 1.219291
2.239291 1.219291 2.239291 1.219291
2.282283 1.219291 2.282283 1.219291
2.325276 1.219291 2.325276 1.219291
2.368268 1.219291 2.368268 1.219291
2.411260 1.219291 2.411260 1.219291
2.454252 1.219291 2.454252 1.219291
2.497244 1.219291 2.497244 1.219291
2.540236 1.219291 2.540236 1.219291
2.583228 1.219291 2.583228 1.219291
2.626220 1.219291 2.626220 1.219291
2.669213 1.219291 2.669213 1.219291
2.712205 1.219291 2.712205 1.219291
2.755197 1.219291 2.755197 1.219291
2.798189 1.219291 2.798189 1.219291
2.841181 1.219291 2.841181 1.219291
2.884173 1.219291 2.884173 1.219291
2.927165 1.219291 2.927165 1.219291
2.970157 1.219291 2.970157 1.219291
3.013150 1.219291 3.013150 1.219291
3.056142 1.219291 3.056142 1.219291
3.099134 1.219291 3.099134 1.219291
3.142126 1.219291 3.142126 1.219291
3.185118 1.219291 3.185118 1.219291
3.228110 1.219291 3.228110 1.219291
3.271102 1.219291 3.271102 1.219291
3.314094 1.219291 3.314094 1.219291
3.357087 1.219291 3.357087 1.219291
3.400079 1.219291 3.400079 1.219291
3.443071 1.219291 3.443071 1.219291
3.486063 1.219291 3.486063 1.219291
3.529055 1.219291 3.529055 1.219291
3.572047 1.219291 3.572047 1.219291
3.615039 1.219291 3.615039 1.219291
3.658031 1.219291 3.658031 1.219291
3.701024 1.219291 3.701024 1.219291
3.744016 1.219291 3.744016 1.219291
3.787008 1.219291 3.787008 1.219291
3.830000 1.219291 3.830000 1.219291
-1.630000 1.244961 -1.630000 1.244961
-1.587008 1.244961 -1.587008 1.244961
-1.544016 1.244961 -1.544016 1.244961
-1.501024 1.244961 -1.501024 1.244961
-1.458031 1.244961 -1.458031 1.244961
-1.415039 1.244961 -1.415039 1.244961
-1.372047 1.244961 -1.372047 1.244961
-1.329055 1.244961 -1.329055 1.244961
-1.286063 1.244961 -1.286063 1.244961
-1.243071 1.244961 -1.243071 1.244961
-1.200079 1.244961 -1.200079 1.244961
-1.157087 1.244961 -1.157087 1.244961
-1.114094 1.244961 -1.114094 1.244961
-1.071102 1.244961 -1.071102 1.244961
-1.028110 1.244961 -1.028110 1.244961
-0.985118 1.244961 -0.985118 1.244961
-0.942126 1.244961 -0.942126 1.244961
-0.899134 1.244961 -0.899134 1.244961
-0.856142 1.244961 -0.856142 1.244961
-0.813150 1.244961 -0.813150 1.244961
-0.770157 1.244961 -0.770157 1.244961
-0.727165 1.244961 -0.727165 1.244961
-0.684173 1.244961 -0.684173 1.244961
-0.641181 1.244961 -0.641181 1.244961
-0.598189 1.244961 -0.598189 1.244961
-0.555197 1.244961 -0.555197 1.244961
-0.512205 1.244961 -0.512205 1.244961
-0.469213 1.244961 -0.469213 1.244961
-0.426220 1.244961 -0.426220 1.244961
-0.383228 1.244961 -0.383228 1.244961
-0.340236 1.244961 -0.340236 1.244961
-0.297244 1.244961 -0.297244 1.244961
-0.254252 1.244961 -0.254252 1.244961
-0.211260 1.244961 -0.211260 1.244961
-0.168268 1.244961 -0.168268 1.244961
-0.125276 1.244961 -0.125276 1.244961
-0.082283 1.244961 -0.082283 1.244961
-0.039291 1.244961 -0.039291 1.244961
0.003701 1.244961 0.003701 1.244961
0.046693 1.244961 0.046693 1.244961
0.089685 1.244961 0.089685 1.244961
0.132677 1.244961 0.132677 1.244961
0.175669 1.244961 0.175669 1.244961
0.218661 1.244961 0.218661 1.244961
0.261654 1.244961 0.261654 1.244961
0.304646 1.244961 0.304646 1.244961
0.347638 1.244961 0.347638 1.244961
0.390630 1.244961 0.390630 1.244961
0.433622 1.244961 0.433622 1.244961
0.476614 1.244961 0.476614 1.244961
0.519606 1.244961 0.519606 1.244961
0.562598 1.244961 0.562598 1.244961
0.605591 1.244961 0.605591 1.244961
0.648583 1.244961 0.648583 1.244961
0.691575 1.244961 0.691575 1.244961
0.734567 1.244961 0.734567 1.244961
0.777559 1.244961 0.777559 1.244961
0.820551 1.244961 0.820551 1.244961
0.863543 1.244961 0.863543 1.244961
0.906535 1.244961 0.906535 1.244961
0.949528 1.244961 0.949528 1.244961
0.992520 1.244961 0.992520 1.244961
1.035512 1.244961 1.035512 1.244961
1.078504 1.244961 1.078504 1.244961
1.121496 1.244961 1.121496 1.244961
1.164488 1.244961 1.164488 1.244961
1.207480 1.244961 1.207480 1.244961
1.250472 1.244961 1.250472 1.244961
1.293465 1.244961 1.293465 1.244961
1.336457 1.244961 1.336457 1.244961
1.379449 1.244961 1.379449 1.244961
1.422441 1.244961 1.422441 1.244961
1.465433 1.244961 1.465433 1.244961
1.508425 1.244961 1.508425 1.244961
1.551417 1.244961 1.551417 1.244961
1.594409 1.244961 1.594409 1.244961
1.637402 1.244961 1.637402 1.244961
1.680394 1.244961 1.680394 1.244961
1.723386 1.244961 1.723386 1.244961
1.766378 1.244961 1.766378 1.244961
1.809370 1.244961 1.809370 1.244961
1.852362 1.244961 1.852362 1.244961
1.895354 1.244961 1.895354 1.244961
1.938346 1.244961 1.938346 1.244961
1.981339 1.244961 1.981339 1.244961
2.024331 1.244961 2.024331 1.244961
2.067323 1.244961 2.067323 1.244961
2.110315 1.244961 2.110315 1.244961
2.153307 1.244961 2.153307 1.244961
2.196299 1.244961 2.196299 1.244961
2.239291 1.244961 2.239291 1.244961
2.282283 1.244961 2.282283 1.244961
2.325276 1.244961 2.325276 1.244961
2.368268 1.244961 2.368268 1.244961
2.411260 1.244961 2.411260 1.244961
2.454252 1.244961 2.454252 1.244961
2.497244 1.244961 2.497244 1.244961
2.540236 1.244961 2.540236 1.244961
2.583228 1.244961 2.583228 1.244961
2.626220 1.244961 2.626220 1.244961
2.669213 1.244961 2.669213 1.244961
2.712205 1.244961 2.712205 1.244961
2.755197 1.244961 2.755197 1.244961
2.798189 1.244961 2.798189 1.244961
2.841181 1.244961 2.841181 1.244961
2.884173 1.244961 2.884173 1.244961
2.927165 1.244961 2.927165 1.244961
2.970157 1.244961 2.970157 1.244961
3.013150 1.244961 3.013150 1.244961
3.056142 1.244961 3.056142 1.244961
3.099134 1.244961 3.099134 1.244961
3.142126 1.244961 3.142126 1.244961
3.185118 1.244961 3.185118 1.244961
3.228110 1.244961 3.228110 1.244961
3.271102 1.244961 3.271102 1.244961
3.314094 1.244961 3.314094 1.244961
3.357087 1.244961 3.357087 1.244961
3.400079 1.244961 3.400079 1.244961
3.443071 1.244961 3.443071 1.244961
3.486063 1.244961 3.486063 1.244961
3.529055 1.244961 3.529055 1.244961
3.572047 1.244961 3.572047 1.244961
3.615039 1.244961 3.615039 1.244961
3.658031 1.244961 3.658031 1.244961
3.701024 1.244961 3.701024 1.244961
3.744016 1.244961 3.744016 1.244961
3.787008 1.244961 3.787008 1.244961
3.830000 1.244961 3.830000 1.244961
-1.630000 1.270630 -1.630000 1.270630
-1.587008 1.270630 -1.587008 1.270630
-1.544016 1.270630 -1.544016 1.270630
-1.501024 1.270630 -1.501024 1.270630
-1.458031 1.270630 -1.458031 1.270630
-1.415039 1.270630 -1.415039 1.270630
-1.372047 1.270630 -1.372047 1.270630
-1.329055 1.270630 -1.329055 1.270630
-1.286063 1.270630 -1.286063 1.270630
-1.243071 1.270630 -1.243071 1.270630
-1.200079 1.270630 -1.200079 1.270630
-1.157087 1.270630 -1.157087 1.270630
-1.114094 1.270630 -1.114094 1.270630
-1.071102 1.270630 -1.071102 1.270630
-1.028110 1.270630 -1.028110 1.270630
-0.985118 1.270630 -0.985118 1.270630
-0.942126 1.270630 -0.942126 1.270630
-0.899134 1.270630 -0.899134 1.270630
-0.856142 1.270630 -0.856142 1.270630
-0.813150 1.270630 -0.813150 1.270630
-0.770157 1.270630 -0.770157 1.270630
-0.727165 1.270630 -0.727165 1.270630
-0.684173 1.270630 -0.684173 1.270630
-0.641181 1.270630 -0.641181 1.270630
-0.598189 1.270630 -0.598189 1.270630
-0.555197 1.270630 -0.555197 1.270630
-0.512205 1.270630 -0.512205 1.270630
-0.469213 1.270630 -0.469213 1.270630
-0.426220 1.270630 -0.426220 1.270630
-0.383228 1.270630 -0.383228 1.270630
-0.340236 1.270630 -0.340236 1.270630
-0.297244 1.270630 -0.297244 1.270630
-0.254252 1.270630 -0.254252 1.270630
-0.211260 1.270630 -0.211260 1.270630
-0.168268 1.270630 -0.168268 1.270630
-0.125276 1.270630 -0.125276 1.270630
-0.082283 1.270630 -0.082283 1.270630
-0.039291 1.270630 -0.039291 1.270630
0.003701 1.270630 0.003701 1.270630
0.046693 1.270630 0.046693 1.270630
0.089685 1.270630 0.089685 1.270630
0.132677 1.270630 0.132677 1.270630
0.175669 1.270630 0.175669 1.270630
0.218661 1.270630 0.218661 1.270630
0.261654 1.270630 0.261654 1.270630
0.304646 1.270630 0.304646 1.270630
0.347638 1.270630 0.347638 1.270630
0.390630 1.270630 0.390630 1.270630
0.433622 1.270630 0.433622 1.270630
0.476614 1.270630 0.476614 1.270630
0.519606 1.270630 0.519606 1.270630
0.562598 1.270630 0.562598 1.270630
0.605591 1.270630 0.605591 1.270630
0.648583 1.270630 0.648583 1.270630
0.691575 1.270630 0.691575 1.270630
0.734567 1.270630 0.734567 1.270630
0.777559 1.270630 0.777559 1.270630
0.820551 1.270630 0.820551 1.270630
0.863543 1.270630 0.863543 1.270630
0.906535 1.270630 0.906535 1.270630
0.949528 1.270630 0.949528 1.270630
0.992520 1.270630 0.992520 1.270630
1.035512 1.270630 1.035512 1.270630
1.078504 1.270630 1.078504 1.270630
1.121496 1.270630 1.121496 1.270630
1.164488 1.270630 1.164488 1.270630
1.207480 1.270630 1.207480 1.270630
1.250472 1.270630 1.250472 1.270630
1.293465 1.270630 1.293465 1.270630
1.336457 1.270630 1.336457 1.270630
1.379449 1.270630 1.379449 1.270630
1.422441 1.270630 1.422441 1.270630
1.465433 1.270630 1.465433 1.270630
1.508425 1.270630 1.508425 1.270630
1.551417 1.270630 1.551417 1.270630
1.594409 1.270630 1.594409 1.270630
1.637402 1.270630 1.637402 1.270630
1.680394 1.270630 1.680394 1.270630
1.723386 1.270630 1.723386 1.270630
1.766378 1.270630 1.766378 1.270630
1.809370 1.270630 1.809370 1.270630
1.852362 1.270630 1.852362 1.270630
1.895354 1.270630 1.895354 1.270630
1.938346 1.270630 1.938346 1.270630
1.981339 1.270630 1.981339 1.270630
2.024331 1.270630 2.024331 1.270630
2.067323 1.270630 2.067323 1.270630
2.110315 1.270630 2.110315 1.270630
2.153307 1.270630 2.153307 1.270630
2.196299 1.270630 2.196299 1.270630
2.239291 1.270630 2.239291 1.270630
2.282283 1.270630 2.282283 1.270630
2.325276 1.270630 2.325276 1.270630
2.368268 1.270630 2.368268 1.270630
2.411260 1.270630 2.411260 1.270630
2.454252 1.270630 2.454252 1.270630
2.497244 1.270630 2.497244 1.270630
2.540236 1.270630 2.540236 1.270630
2.583228 1.270630 2.583228 1.270630
2.626220 1.270630 2.626220 1.270630
2.669213 1.270630 2.669213 1.270630
2.712205 1.270630 2.712205 1.270630
2.755197 1.270630 2.755197 1.270630
2.798189 1.270630 2.798189 1.270630
2.841181 1.270630 2.841181 1.270630
2.884173 1.270630 2.884173 1.270630
2.927165 1.270630 2.927165 1.270630
2.970157 1.270630 2.970157 1.270630
3.013150 1.270630 3.013150 1.270630
3.056142 1.270630 3.056142 1.270630
3.099134 1.270630 3.099134 1.270630
3.142126 1.270630 3.142126 1.270630
3.185118 1.270630 3.185118 1.270630
3.228110 1.270630 3.228110 1.270630
3.271102 1.270630 3.271102 1.270630
3.314094 1.270630 3.314094 1.270630
3.357087 1.270630 3.357087 1.270630
3.400079 1.270630 3.400079 1.270630
3.443071 1.270630 3.443071 1.270630
3.486063 1.270630 3.486063 1.270630
3.529055 1.270630 3.529055 1.270630
3.572047 1.270630 3.572047 1.270630
3.615039 1.270630 3.615039 1.270630
3.658031 1.270630 3.658031 1.270630
3.701024 1.270630 3.701024 1.270630
3.744016 1.270630 3.744016 1.270630
3.787008 1.270630 3.787008 1.270630
3.830000 1.270630 3.830000 1.270630
-1.630000 1.296299 -1.630000 1.296299
-1.587008 1.296299 -1.587008 1.296299
-1.544016 1.296299 -1.544016 1.296299
-1.501024 1.296299 -1.501024 1.296299
-1.458031 1.296299 -1.458031 1.296299
-1.415039 1.296299 -1.415039 1.296299
-1.372047 1.296299 -1.372047 1.296299
-1.329055 1.296299 -1.329055 1.296299
-1.286063 1.296299 -1.286063 1.296299
-1.243071 1.296299 -1.243071 1.296299
-1.200079 1.296299 -1.200079 1.296299
-1.157087 1.296299 -1.157087 1.296299
-1.114094 1.296299 -1.114094 1.296299
-1.071102 1.296299 -1.071102 1.296299
-1.028110 1.296299 -1.028110 1.296299
-0.985118 1.296299 -0.985118 1.296299
-0.942126 1.296299 -0.942126 1.296299
-0.899134 1.296299 -0.899134 1.296299
-0.856142 1.296299 -0.856142 1.296299
-0.813150 1.296299 -0.813150 1.296299
-0.770157 1.296299 -0.770157 1.296299
-0.727165 1.296299 -0.727165 1.296299
-0.684173 1.296299 -0.684173 1.296299
-0.641181 1.296299 -0.641181 1.296299
-0.598189 1.296299 -0.598189 1.296299
-0.555197 1.296299 -0.555197 1.296299
-0.512205 1.296299 -0.512205 1.296299
-0.469213 1.296299 -0.469213 1.296299
-0.426220 1.296299 -0.426220 1.296299
-0.383228 1.296299 -0.383228 1.296299
-0.340236 1.296299 -0.340236 1.296299
-0.297244 1.296299 -0.297244 1.296299
-0.254252 1.296299 -0.254252 1.296299
-0.211260 1.296299 -0.211260 1.296299
-0.168268 1.296299 -0.168268 1.296299
-0.125276 1.296299 -0.125276 1.296299
-0.082283 1.296299 -0.082283 1.296299
-0.039291 1.296299 -0.039291 1.296299
0.003701 1.296299 0.003701 1.296299
0.046693 1.296299 0.046693 1.296299
0.089685 1.296299 0.089685 1.296299
0.132677 1.296299 0.132677 1.296299
0.175669 1.296299 0.175669 1.296299
0.218661 1.296299 0.218661 1.296299
0.261654 1.296299 0.261654 1.296299
0.304646 1.296299 0.304646 1.296299
0.347638 1.296299 0.347638 1.296299
0.390630 1.296299 0.390630 1.296299
0.433622 1.296299 0.433622 1.296299
0.476614 1.296299 0.476614 1.296299
0.519606 1.296299 0.519606 1.296299
0.562598 1.296299 0.562598 1.296299
0.605591 1.296299 0.605591 1.296299
0.648583 1.296299 0.648583 1.296299
0.691575 1.296299 0.691575 1.296299
0.734567 1.296299 0.734567 1.296299
0.777559 1.296299 0.777559 1.296299
0.820551 1.296299 0.820551 1.296299
0.863543 1.296299 0.863543 1.296299
0.906535 1.296299 0.906535 1.296299
0.949528 1.296299 0.949528 1.296299
0.992520 1.296299 0.992520 1.296299
1.035512 1.296299 1.035512 1.296299
1.078504 1.296299 1.078504 1.296299
1.121496 1.296299 1.121496 1.296299
1.164488 1.296299 1.164488 1.296299
1.207480 1.296299 1.207480 1.296299
1.250472 1.296299 1.250472 1.296299
1.293465 1.296299 1.293465 1.296299
1.336457 1.296299 1.336457 1.296299
1.379449 1.296299 1.379449 1.296299
1.422441 1.296299 1.422441 1.296299
1.465433 1.296299 1.465433 1.296299
1.508425 1.296299 1.508425 1.296299
1.551417 1.296299 1.551417 1.296299
1.594409 1.296299 1.594409 1.296299
1.637402 1.296299 1.637402 1.296299
1.680394 1.296299 1.680394 1.296299
1.723386 1.296299 1.723386 1.296299
1.766378 1.296299 1.766378 1.296299
1.809370 1.296299 1.809370 1.296299
1.852362 1.296299 1.852362 1.296299
1.895354 1.296299 1.895354 1.296299
1.938346 1.296299 1.938346 1.296299
1.981339 1.296299 1.981339 1.296299
2.024331 1.296299 2.024331 1.296299
2.067323 1.296299 2.067323 1.296299
2.110315 1.296299 2.110315 1.296299
2.153307 1.296299 2.153307 1.296299
2.196299 1.296299 2.196299 1.296299
2.239291 1.296299 2.239291 1.296299
2.282283 1.296299 2.282283 1.296299
2.325276 1.296299 2.325276 1.296299
2.368268 1.296299 2.368268 1.296299
2.411260 1.296299 2.411260 1.296299
2.454252 1.296299 2.454252 1.296299
2.497244 1.296299 2.497244 1.296299
2.540236 1.296299 2.540236 1.296299
2.583228 1.296299 2.583228 1.296299
2.626220 1.296299 2.626220 1.296299
2.669213 1.296299 2.669213 1.296299
2.712205 1.296299 2.712205 1.296299
2.755197 1.296299 2.755197 1.296299
2.798189 1.296299 2.798189 1.296299
2.841181 1.296299 2.841181 1.296299
2.884173 1.296299 2.884173 1.296299
2.927165 1.296299 2.927165 1.296299
2.970157 1.296299 2.970157 1.296299
3.013150 1.296299 3.013150 1.296299
3.056142 1.296299 3.056142 1.296299
3.099134 1.296299 3.099134 1.296299
3.142126 1.296299 3.142126 1.296299
3.185118 1.296299 3.185118 1.296299
3.228110 1.296299 3.228110 1.296299
3.271102 1.296299 3.271102 1.296299
3.314094 1.296299 3.314094 1.296299
3.357087 1.296299 3.357087 1.296299
3.400079 1.296299 3.400079 1.296299
3.443071 1.296299 3.443071 1.296299
3.486063 1.296299 3.486063 1.296299
3.529055 1.296299 3.529055 1.296299
3.572047 1.296299 3.572047 1.296299
3.615039 1.296299 3.615039 1.296299
3.658031 1.296299 3.658031 1.296299
3.701024 1.296299 3.701024 1.296299
3.744016 1.296299 3.744016 1.296299
3.787008 1.296299 3.787008 1.296299
3.830000 1.296299 3.830000 1.296299
-1.630000 1.321969 -1.630000 1.321969
-1.587008 1.321969 -1.587008 1.321969
-1.544016 1.321969 -1.544016 1.321969
-1.501024 1.321969 -1.501024 1.321969
-1.458031 1.321969 -1.458031 1.321969
-1.415039 1.321969 -1.415039 1.321969
-1.372047 1.321969 -1.372047 1.321969
-1.329055 1.321969 -1.329055 1.321969
-1.286063 1.321969 -1.286063 1.321969
-1.243071 1.321969 -1.243071 1.321969
-1.200079 1.321969 -1.200079 1.321969
-1.157087 1.321969 -1.157087 1.321969
-1.114094 1.321969 -1.114094 1.321969
-1.071102 1.321969 -1.071102 1.321969
-1.028110 1.321969 -1.028110 1.321969
-0.985118 1.321969 -0.985118 1.321969
-0.942126 1.321969 -0.942126 1.321969
-0.899134 1.321969 -0.899134 1.321969
-0.856142 1.321969 -0.856142 1.321969
-0.813150 1.321969 -0.813150 1.321969
-0.770157 1.321969 -0.770157 1.321969
-0.727165 1.321969 -0.727165 1.321969
-0.684173 1.321969 -0.684173 1.321969
-0.641181 1.321969 -0.641181 1.321969
-0.598189 1.321969 -0.598189 1.321969
-0.555197 1.321969 -0.555197 1.321969
-0.512205 1.321969 -0.512205 1.321969
-0.469213 1.321969 -0.469213 1.321969
-0.426220 1.321969 -0.426220 1.321969
-0.383228 1.321969 -0.383228 1.321969
-0.340236 1.321969 -0.340236 1.321969
-0.297244 1.321969 -0.297244 1.321969
-0.254252 1.321969 -0.254252 1.321969
-0.211260 1.321969 -0.211260 1.321969
-0.168268 1.321969 -0.168268 1.321969
-0.125276 1.321969 -0.125276 1.321969
-0.082283 1.321969 -0.082283 1.321969
-0.039291 1.321969 -0.039291 1.321969
0.003701 1.321969 0.003701 1.321969
0.046693 1.321969 0.046693 1.321969
0.089685 1.321969 0.089685 1.321969
0.132677 1.321969 0.132677 1.321969
0.175669 1.321969 0.175669 1.321969
0.218661 1.321969 0.218661 1.321969
0.261654 1.321969 0.261654 1.321969
0.304646 1.321969 0.304646 1.321969
0.347638 1.321969 0.347638 1.321969
0.390630 1.321969 0.390630 1.321969
0.433622 1.321969 0.433622 1.321969
0.476614 1.321969 0.476614 1.321969
0.519606 1.321969 0.519606 1.321969
0.562598 1.321969 0.562598 1.321969
0.605591 1.321969 0.605591 1.321969
0.648583 1.321969 0.648583 1.321969
0.691575 1.321969 0.691575 1.321969
0.734567 1.321969 0.734567 1.321969
0.777559 1.321969 0.777559 1.321969
0.820551 1.321969 0.820551 1.321969
0.863543 1.321969 0.863543 1.321969
0.906535 1.321969 0.906535 1.321969
0.949528 1.321969 0.949528 1.321969
0.992520 1.321969 0.992520 1.321969
1.035512 1.321969 1.035512 1.321969
1.078504 1.321969 1.078504 1.321969
1.121496 1.321969 1.121496 1.321969
1.164488 1.321969 1.164488 1.321969
1.207480 1.321969 1.207480 1.321969
1.250472 1.321969 1.250472 1.321969
1.293465 1.321969 1.293465 1.321969
1.336457 1.321969 1.336457 1.321969
1.379449 1.321969 1.379449 1.321969
1.422441 1.321969 1.422441 1.321969
1.465433 1.321969 1.465433 1.321969
1.508425 1.321969 1.508425 1.321969
1.551417 1.321969 1.551417 1.321969
1.594409 1.321969 1.594409 1.321969
1.637402 1.321969 1.637402 1.321969
1.680394 1.321969 1.680394 1.321969
1.723386 1.321969 1.723386 1.321969
1.766378 1.321969 1.766378 1.321969
1.809370 1.321969 1.809370 1.321969
1.852362 1.321969 1.852362 1.321969
1.895354 1.321969 1.895354 1.321969
1.938346 1.321969 1.938346 1.321969
1.981339 1.321969 1.981339 1.321969
2.024331 1.321969 2.024331 1.321969
2.067323 1.321969 2.067323 1.321969
2.110315 1.321969 2.110315 1.321969
2.153307 1.321969 2.153307 1.321969
2.196299 1.321969 2.196299 1.321969
2.239291 1.321969 2.239291 1.321969
2.282283 1.321969 2.282283 1.321969
2.325276 1.321969 2.325276 1.321969
2.368268 1.321969 2.368268 1.321969
2.411260 1.321969 2.411260 1.321969
2.454252 1.321969 2.454252 1.321969
2.497244 1.321969 2.497244 1.321969
2.540236 1.321969 2.540236 1.321969
2.583228 1.321969 2.583228 1.321969
2.626220 1.321969 2.626220 1.321969
2.669213 1.321969 2.669213 1.321969
2.712205 1.321969 2.712205 1.321969
2.755197 1.321969 2.755197 1.321969
2.798189 1.321969 2.798189 1.321969
2.841181 1.321969 2.841181 1.321969
2.884173 1.321969 2.884173 1.321969
2.927165 1.321969 2.927165 1.321969
2.970157 1.321969 2.970157 1.321969
3.013150 1.321969 3.013150 1.321969
3.056142 1.321969 3.056142 1.321969
3.099134 1.321969 3.099134 1.321969
3.142126 1.321969 3.142126 1.321969
3.185118 1.321969 3.185118 1.321969
3.228110 1.321969 3.228110 1.321969
3.271102 1.321969 3.271102 1.321969
3.314094 1.321969 3.314094 1.321969
3.357087 1.321969 3.357087 1.321969
3.400079 1.321969 3.400079 1.321969
3.443071 1.321969 3.443071 1.321969
3.486063 1.321969 3.486063 1.321969
3.529055 1.321969 3.529055 1.321969
3.572047 1.321969 3.572047 1.321969
3.615039 1.321969 3.615039 1.321969
3.658031 1.321969 3.658031 1.321969
3.701024 1.321969 3.701024 1.321969
3.744016 1.321969 3.744016 1.321969
3.787008 1.321969 3.787008 1.321969
3.830000 1.321969 3.830000 1.321969
-1.630000 1.347638 -1.630000 1.347638
-1.587008 1.347638 -1.587008 1.347638
-1.544016 1.347638 -1.544016 1.347638
-1.501024 1.347638 -1.501024 1.347638
-1.458031 1.347638 -1.458031 1.347638
-1.415039 1.347638 -1.415039 1.347638
-1.372047 1.347638 -1.372047 1.347638
-1.329055 1.347638 -1.329055 1.347638
-1.286063 1.347638 -1.286063 1.347638
-1.243071 1.347638 -1.243071 1.347638
-1.200079 1.347638 -1.200079 1.347638
-1.157087 1.347638 -1.157087 1.347638
-1.114094 1.347638 -1.114094 1.347638
-1.071102 1.347638 -1.071102 1.347638
-1.028110 1.347638 -1.028110 1.347638
-0.985118 1.347638 -0.985118 1.347638
-0.942126 1.347638 -0.942126 1.347638
-0.899134 1.347638 -0.899134 1.347638
-0.856142 1.347638 -0.856142 1.347638
-0.813150 1.347638 -0.813150 1.347638
-0.770157 1.347638 -0.770157 1.347638
-0.727165 1.347638 -0.727165 1.347638
-0.684173 1.347638 -0.684173 1.347638
-0.641181 1.347638 -0.641181 1.347638
-0.598189 1.347638 -0.598189 1.347638
-0.555197 1.347638 -0.555197 1.347638
-0.512205 1.347638 -0.512205 1.347638
-0.469213 1.347638 -0.469213 1.347638
-0.426220 1.347638 -0.426220 1.347638
-0.383228 1.347638 -0.383228 1.347638
-0.340236 1.347638 -0.340236 1.347638
-0.297244 1.347638 -0.297244 1.347638
-0.254252 1.347638 -0.254252 1.347638
-0.211260 1.347638 -0.211260 1.347638
-0.168268 1.347638 -0.168268 1.347638
-0.125276 1.347638 -0.125276 1.347638
-0.082283 1.347638 -0.082283 1.347638
-0.039291 1.347638 -0.039291 1.347638
0.003701 1.347638 0.003701 1.347638
0.046693 1.347638 0.046693 1.347638
0.089685 1.347638 0.089685 1.347638
0.132677 1.347638 0.132677 1.347638
0.175669 1.347638 0.175669 1.347638
0.218661 1.347638 0.218661 1.347638
0.261654 1.347638 0.261654 1.347638
0.304646 1.347638 0.304646 1.347638
0.347638 1.347638 0.347638 1.347638
0.390630 1.347638 0.390630 1.347638
0.433622 1.347638 0.433622 1.347638
0.476614 1.347638 0.476614 1.347638
0.519606 1.347638 0.519606 1.347638
0.562598 1.347638 0.562598 1.347638
0.605591 1.347638 0.605591 1.347638
0.648583 1.347638 0.648583 1.347638
0.691575 1.347638 0.691575 1.347638
0.734567 1.347638 0.734567 1.347638
0.777559 1.347638 0.777559 1.347638
0.820551 1.347638 0.820551 1.347638
0.863543 1.347638 0.863543 1.347638
0.906535 1.347638 0.906535 1.347638
0.949528 1.347638 0.949528 1.347638
0.992520 1.347638 0.992520 1.347638
1.035512 1.347638 1.035512 1.347638
1.078504 1.347638 1.078504 1.347638
1.121496 1.347638 1.121496 1.347638
1.164488 1.347638 1.164488 1.347638
1.207480 1.347638 1.207480 1.347638
1.250472 1.347638 1.250472 1.347638
1.293465 1.347638 1.293465 1.347638
1.336457 1.347638 1.336457 1.347638
1.379449 1.347638 1.379449 1.347638
1.422441 1.347638 1.422441 1.347638
1.465433 1.347638 1.465433 1.347638
1.508425 1.347638 1.508425 1.347638
1.551417 1.347638 1.551417 1.347638
1.594409 1.347638 1.594409 1.347638
1.637402 1.347638 1.637402 1.347638
1.680394 1.347638 1.680394 1.347638
1.723386 1.347638 1.723386 1.347638
1.766378 1.347638 1.766378 1.347638
1.809370 1.347638 1.809370 1.347638
1.852362 1.347638 1.852362 1.347638
1.895354 1.347638 1.895354 1.347638
1.938346 1.347638 1.938346 1.347638
1.981339 1.347638 1.981339 1.347638
2.024331 1.347638 2.024331 1.347638
2.067323 1.347638 2.067323 1.347638
2.110315 1.347638 2.110315 1.347638
2.153307 1.347638 2.153307 1.347638
2.196299 1.347638 2.196299 1.347638
2.239291 1.347638 2.239291 1.347638
2.282283 1.347638 2.282283 1.347638
2.325276 1.347638 2.325276 1.347638
2.368268 1.347638 2.368268 1.347638
2.411260 1.347638 2.411260 1.347638
2.454252 1.347638 2.454252 1.347638
2.497244 1.347638 2.497244 1.347638
2.540236 1.347638 2.540236 1.347638
2.583228 1.347638 2.583228 1.347638
2.626220 1.347638 2.626220 1.347638
2.669213 1.347638 2.669213 1.347638
2.712205 1.347638 2.712205 1.347638
2.755197 1.347638 2.755197 1.347638
2.798189 1.347638 2.798189 1.347638
2.841181 1.347638 2.841181 1.347638
2.884173 1.347638 2.884173 1.347638
2.927165 1.347638 2.927165 1.347638
2.970157 1.347638 2.970157 1.347638
3.013150 1.347638 3.013150 1.347638
3.056142 1.347638 3.056142 1.347638
3.099134 1.347638 3.099134 1.347638
3.142126 1.347638 3.142126 1.347638
3.185118 1.347638 3.185118 1.347638
3.228110 1.347638 3.228110 1.347638
3.271102 1.347638 3.271102 1.347638
3.314094 1.347638 3.314094 1.347638
3.357087 1.347638 3.357087 1.347638
3.400079 1.347638 3.400079 1.347638
3.443071 1.347638 3.443071 1.347638
3.486063 1.347638 3.486063 1.347638
3.529055 1.347638 3.529055 1.347638
3.572047 1.347638 3.572047 1.347638
3.615039 1.347638 3.615039 1.347638
3.658031 1.347638 3.658031 1.347638
3.701024 1.347638 3.701024 1.347638
3.744016 1.347638 3.744016 1.347638
3.787008 1.347638 3.787008 1.347638
3.830000 1.347638 3.830000 1.347638
-1.630000 1.373307 -1.630000 1.373307
-1.587008 1.373307 -1.587008 1.373307
-1.544016 1.373307 -1.544016 1.373307
-1.501024 1.373307 -1.501024 1.373307
-1.458031 1.373307 -1.458031 1.373307
-1.415039 1.373307 -1.415039 1.373307
-1.372047 1.373307 -1.372047 1.373307
-1.329055 1.373307 -1.329055 1.373307
-1.286063 1.373307 -1.286063 1.373307
-1.243071 1.373307 -1.243071 1.373307
-1.200079 1.373307 -1.200079 1.373307
-1.157087 1.373307 -1.157087 1.373307
-1.114094 1.373307 -1.114094 1.373307
-1.071102 1.373307 -1.071102 1.373307
-1.028110 1.373307 -1.028110 1.373307
-0.985118 1.373307 -0.985118 1.373307
-0.942126 1.373307 -0.942126 1.373307
-0.899134 1.373307 -0.899134 1.373307
-0.856142 1.373307 -0.856142 1.373307
-0.813150 1.373307 -0.813150 1.373307
-0.770157 1.373307 -0.770157 1.373307
-0.727165 1.373307 -0.727165 1.373307
-0.684173 1.373307 -0.684173 1.373307
-0.641181 1.373307 -0.641181 1.373307
-0.598189 1.373307 -0.598189 1.373307
-0.555197 1.373307 -0.555197 1.373307
-0.512205 1.373307 -0.512205 1.373307
-0.469213 1.373307 -0.469213 1.373307
-0.426220 1.373307 -0.426220 1.373307
-0.383228 1.373307 -0.383228 1.373307
-0.340236 1.373307 -0.340236 1.373307
-0.297244 1.373307 -0.297244 1.373307
-0.254252 1.373307 -0.254252 1.373307
-0.211260 1.373307 -0.211260 1.373307
-0.168268 1.373307 -0.168268 1.373307
-0.125276 1.373307 -0.125276 1.373307
-0.082283 1.373307 -0.082283 1.373307
-0.039291 1.373307 -0.039291 1.373307
0.003701 1.373307 0.003701 1.373307
0.046693 1.373307 0.046693 1.373307
0.089685 1.373307 0.089685 1.373307
0.132677 1.373307 0.132677 1.373307
0.175669 1.373307 0.175669 1.373307
0.218661 1.373307 0.218661 1.373307
0.261654 1.373307 0.261654 1.373307
0.304646 1.373307 0.304646 1.373307
0.347638 1.373307 0.347638 1.373307
0.390630 1.373307 0.390630 1.373307
0.433622 1.373307 0.433622 1.373307
0.476614 1.373307 0.476614 1.373307
0.519606 1.373307 0.519606 1.373307
0.562598 1.373307 0.562598 1.373307
0.605591 1.373307 0.605591 1.373307
0.648583 1.373307 0.648583 1.373307
0.691575 1.373307 0.691575 1.373307
0.734567 1.373307 0.734567 1.373307
0.777559 1.373307 0.777559 1.373307
0.820551 1.373307 0.820551 1.373307
0.863543 1.373307 0.863543 1.373307
0.906535 1.373307 0.906535 1.373307
0.949528 1.373307 0.949528 1.373307
0.992520 1.373307 0.992520 1.373307
1.035512 1.373307 1.035512 1.373307
1.078504 1.373307 1.078504 1.373307
1.121496 1.373307 1.121496 1.373307
1.164488 1.373307 1.164488 1.373307
1.207480 1.373307 1.207480 1.373307
1.250472 1.373307 1.250472 1.373307
1.293465 1.373307 1.293465 1.373307
1.336457 1.373307 1.336457 1.373307
1.379449 1.373307 1.379449 1.373307
1.422441 1.373307 1.422441 1.373307
1.465433 1.373307 1.465433 1.373307
1.508425 1.373307 1.508425 1.373307
1.551417 1.373307 1.551417 1.373307
1.594409 1.373307 1.594409 1.373307
1.637402 1.373307 1.637402 1.373307
1.680394 1.373307 1.680394 1.373307
1.723386 1.373307 1.723386 1.373307
1.766378 1.373307 1.766378 1.373307
1.809370 1.373307 1.809370 1.373307
1.852362 1.373307 1.852362 1.373307
1.895354 1.373307 1.895354 1.373307
1.938346 1.373307 1.938346 1.373307
1.981339 1.373307 1.981339 1.373307
2.024331 1.373307 2.024331 1.373307
2.067323 1.373307 2.067323 1.373307
2.110315 1.373307 2.110315 1.373307
2.153307 1.373307 2.153307 1.373307
2.196299 1.373307 2.196299 1.373307
2.239291 1.373307 2.239291 1.373307
2.282283 1.373307 2.282283 1.373307
2.325276 1.373307 2.325276 1.373307
2.368268 1.373307 2.368268 1.373307
2.411260 1.373307 2.411260 1.373307
2.454252 1.373307 2.454252 1.373307
2.497244 1.373307 2.497244 1.373307
2.540236 1.373307 2.540236 1.373307
2.583228 1.373307 2.583228 1.373307
2.626220 1.373307 2.626220 1.373307
2.669213 1.373307 2.669213 1.373307
2.712205 1.373307 2.712205 1.373307
2.755197 1.373307 2.755197 1.373307
2.798189 1.373307 2.798189 1.373307
2.841181 1.373307 2.841181 1.373307
2.884173 1.373307 2.884173 1.373307
2.927165 1.373307 2.927165 1.373307
2.970157 1.373307 2.970157 1.373307
3.013150 1.373307 3.013150 1.373307
3.056142 1.373307 3.056142 1.373307
3.099134 1.373307 3.099134 1.373307
3.142126 1.373307 3.142126 1.373307
3.185118 1.373307 3.185118 1.373307
3.228110 1.373307 3.228110 1.373307
3.271102 1.373307 3.271102 1.373307
3.314094 1.373307 3.314094 1.373307
3.357087 1.373307 3.357087 1.373307
3.400079 1.373307 3.400079 1.373307
3.443071 1.373307 3.443071 1.373307
3.486063 1.373307 3.486063 1.373307
3.529055 1.373307 3.529055 1.373307
3.572047 1.373307 3.572047 1.373307
3.615039 1.373307 3.615039 1.373307
3.658031 1.373307 3.658031 1.373307
3.701024 1.373307 3.701024 1.373307
3.744016 1.373307 3.744016 1.373307
3.787008 1.373307 3.787008 1.373307
3.830000 1.373307 3.830000 1.373307
-1.630000 1.398976 -1.630000 1.398976
-1.587008 1.398976 -1.587008 1.398976
-1.544016 1.398976 -1.544016 1.398976
-1.501024 1.398976 -1.501024 1.398976
-1.458031 1.398976 -1.458031 1.398976
-1.415039 1.398976 -1.415039 1.398976
-1.372047 1.398976 -1.372047 1.398976
-1.329055 1.398976 -1.329055 1.398976
-1.286063 1.398976 -1.286063 1.398976
-1.243071 1.398976 -1.243071 1.398976
-1.200079 1.398976 -1.200079 1.398976
-1.157087 1.398976 -1.157087 1.398976
-1.114094 1.398976 -1.114094 1.398976
-1.071102 1.398976 -1.071102 1.398976
-1.028110 1.398976 -1.028110 1.398976
-0.985118 1.398976 -0.985118 1.398976
-0.942126 1.398976 -0.942126 1.398976
-0.899134 1.398976 -0.899134 1.398976
-0.856142 1.398976 -0.856142 1.398976
-0.813150 1.398976 -0.813150 1.398976
-0.770157 1.398976 -0.770157 1.398976
-0.727165 1.398976 -0.727165 1.398976
-0.684173 1.398976 -0.684173 1.398976
-0.641181 1.398976 -0.641181 1.398976
-0.598189 1.398976 -0.598189 1.398976
-0.555197 1.398976 -0.555197 1.398976
-0.512205 1.398976 -0.512205 1.398976
-0.469213 1.398976 -0.469213 1.398976
-0.426220 1.398976 -0.426220 1.398976
-0.383228 1.398976 -0.383228 1.398976
-0.340236 1.398976 -0.340236 1.398976
-0.297244 1.398976 -0.297244 1.398976
-0.254252 1.398976 -0.254252 1.398976
-0.211260 1.398976 -0.211260 1.398976
-0.168268 1.398976 -0.168268 1.398976
-0.125276 1.398976 -0.125276 1.398976
-0.082283 1.398976 -0.082283 1.398976
-0.039291 1.398976 -0.039291 1.398976
0.003701 1.398976 0.003701 1.398976
0.046693 1.398976 0.046693 1.398976
0.089685 1.398976 0.089685 1.398976
0.132677 1.398976 0.132677 1.398976
0.175669 1.398976 0.175669 1.398976
0.218661 1.398976 0.218661 1.398976
0.261654 1.398976 0.261654 1.398976
0.304646 1.398976 0.304646 1.398976
0.347638 1.398976 0.347638 1.398976
0.390630 1.398976 0.390630 1.398976
0.433622 1.398976 0.433622 1.398976
0.476614 1.398976 0.476614 1.398976
0.519606 1.398976 0.519606 1.398976
0.562598 1.398976 0.562598 1.398976
0.605591 1.398976 0.605591 1.398976
0.648583 1.398976 0.648583 1.398976
0.691575 1.398976 0.691575 1.398976
0.734567 1.398976 0.734567 1.398976
0.777559 1.398976 0.777559 1.398976
0.820551 1.398976 0.820551 1.398976
0.863543 1.398976 0.863543 1.398976
0.906535 1.398976 0.906535 1.398976
0.949528 1.398976 0.949528 1.398976
0.992520 1.398976 0.992520 1.398976
1.035512 1.398976 1.035512 1.398976
1.078504 1.398976 1.078504 1.398976
1.121496 1.398976 1.121496 1.398976
1.164488 1.398976 1.164488 1.398976
1.207480 1.398976 1.207480 1.398976
1.250472 1.398976 1.250472 1.398976
1.293465 1.398976 1.293465 1.398976
1.336457 1.398976 1.336457 1.398976
1.379449 1.398976 1.379449 1.398976
1.422441 1.398976 1.422441 1.398976
1.465433 1.398976 1.465433 1.398976
1.508425 1.398976 1.508425 1.398976
1.551417 1.398976 1.551417 1.398976
1.594409 1.398976 1.594409 1.398976
1.637402 1.398976 1.637402 1.398976
1.680394 1.398976 1.680394 1.398976
1.723386 1.398976 1.723386 1.398976
1.766378 1.398976 1.766378 1.398976
1.809370 1.398976 1.809370 1.398976
1.852362 1.398976 1.852362 1.398976
1.895354 1.398976 1.895354 1.398976
1.938346 1.398976 1.938346 1.398976
1.981339 1.398976 1.981339 1.398976
2.024331 1.398976 2.024331 1.398976
2.067323 1.398976 2.067323 1.398976
2.110315 1.398976 2.110315 1.398976
2.153307 1.398976 2.153307 1.398976
2.196299 1.398976 2.196299 1.398976
2.239291 1.398976 2.239291 1.398976
2.282283 1.398976 2.282283 1.398976
2.325276 1.398976 2.325276 1.398976
2.368268 1.398976 2.368268 1.398976
2.411260 1.398976 2.411260 1.398976
2.454252 1.398976 2.454252 1.398976
2.497244 1.398976 2.497244 1.398976
2.540236 1.398976 2.540236 1.398976
2.583228 1.398976 2.583228 1.398976
2.626220 1.398976 2.626220 1.398976
2.669213 1.398976 2.669213 1.398976
2.712205 1.398976 2.712205 1.398976
2.755197 1.398976 2.755197 1.398976
2.798189 1.398976 2.798189 1.398976
2.841181 1.398976 2.841181 1.398976
2.884173 1.398976 2.884173 1.398976
2.927165 1.398976 2.927165 1.398976
2.970157 1.398976 2.970157 1.398976
3.013150 1.398976 3.013150 1.398976
3.056142 1.398976 3.056142 1.398976
3.099134 1.398976 3.099134 1.398976
3.142126 1.398976 3.142126 1.398976
3.185118 1.398976 3.185118 1.398976
3.228110 1.398976 3.228110 1.398976
3.271102 1.398976 3.271102 1.398976
3.314094 1.398976 3.314094 1.398976
3.357087 1.398976 3.357087 1.398976
3.400079 1.398976 3.400079 1.398976
3.443071 1.398976 3.443071 1.398976
3.486063 1.398976 3.486063 1.398976
3.529055 1.398976 3.529055 1.398976
3.572047 1.398976 3.572047 1.398976
3.615039 1.398976 3.615039 1.398976
3.658031 1.398976 3.658031 1.398976
3.701024 1.398976 3.701024 1.398976
3.744016 1.398976 3.744016 1.398976
3.787008 1.398976 3.787008 1.398976
3.830000 1.398976 3.830000 1.398976
-1.630000 1.424646 -1.630000 1.424646
-1.587008 1.424646 -1.587008 1.424646
-1.544016 1.424646 -1.544016 1.424646
-1.501024 1.424646 -1.501024 1.424646
-1.458031 1.424646 -1.458031 1.424646
-1.415039 1.424646 -1.415039 1.424646
-1.372047 1.424646 -1.372047 1.424646
-1.329055 1.424646 -1.329055 1.424646
-1.286063 1.424646 -1.286063 1.424646
-1.243071 1.424646 -1.243071 1.424646
-1.200079 1.424646 -1.200079 1.424646
-1.157087 1.424646 -1.157087 1.424646
-1.114094 1.424646 -1.114094 1.424646
-1.071102 1.424646 -1.071102 1.424646
-1.028110 1.424646 -1.028110 1.424646
-0.985118 1.424646 -0.985118 1.424646
-0.942126 1.424646 -0.942126 1.424646
-0.899134 1.424646 -0.899134 1.424646
-0.856142 1.424646 -0.856142 1.424646
-0.813150 1.424646 -0.813150 1.424646
-0.770157 1.424646 -0.770157 1.424646
-0.727165 1.424646 -0.727165 1.424646
-0.684173 1.424646 -0.684173 1.424646
-0.641181 1.424646 -0.641181 1.424646
-0.598189 1.424646 -0.598189 1.424646
-0.555197 1.424646 -0.555197 1.424646
-0.512205 1.424646 -0.512205 1.424646
-0.469213 1.424646 -0.469213 1.424646
-0.426220 1.424646 -0.426220 1.424646
-0.383228 1.424646 -0.383228 1.424646
-0.340236 1.424646 -0.340236 1.424646
-0.297244 1.424646 -0.297244 1.424646
-0.254252 1.424646 -0.254252 1.424646
-0.211260 1.424646 -0.211260 1.424646
-0.168268 1.424646 -0.168268 1.424646
-0.125276 1.424646 -0.125276 1.424646
-0.082283 1.424646 -0.082283 1.424646
-0.039291 1.424646 -0.039291 1.424646
0.003701 1.424646 0.003701 1.424646
0.046693 1.424646 0.046693 1.424646
0.089685 1.424646 0.089685 1.424646
0.132677 1.424646 0.132677 1.424646
0.175669 1.424646 0.175669 1.424646
0.218661 1.424646 0.218661 1.424646
0.261654 1.424646 0.261654 1.424646
0.304646 1.424646 0.304646 1.424646
0.347638 1.424646 0.347638 1.424646
0.390630 1.424646 0.390630 1.424646
0.433622 1.424646 0.433622 1.424646
0.476614 1.424646 0.476614 1.424646
0.519606 1.424646 0.519606 1.424646
0.562598 1.424646 0.562598 1.424646
0.605591 1.424646 0.605591 1.424646
0.648583 1.424646 0.648583 1.424646
0.691575 1.424646 0.691575 1.424646
0.734567 1.424646 0.734567 1.424646
0.777559 1.424646 0.777559 1.424646
0.820551 1.424646 0.820551 1.424646
0.863543 1.424646 0.863543 1.424646
0.906535 1.424646 0.906535 1.424646
0.949528 1.424646 0.949528 1.424646
0.992520 1.424646 0.992520 1.424646
1.035512 1.424646 1.035512 1.424646
1.078504 1.424646 1.078504 1.424646
1.121496 1.424646 1.121496 1.424646
1.164488 1.424646 1.164488 1.424646
1.207480 1.424646 1.207480 1.424646
1.250472 1.424646 1.250472 1.424646
1.293465 1.424646 1.293465 1.424646
1.336457 1.424646 1.336457 1.424646
1.379449 1.424646 1.379449 1.424646
1.422441 1.424646 1.422441 1.424646
1.465433 1.424646 1.465433 1.424646
1.508425 1.424646 1.508425 1.424646
1.551417 1.424646 1.551417 1.424646
1.594409 1.424646 1.594409 1.424646
1.637402 1.424646 1.637402 1.424646
1.680394 1.424646 1.680394 1.424646
1.723386 1.424646 1.723386 1.424646
1.766378 1.424646 1.766378 1.424646
1.809370 1.424646 1.809370 1.424646
1.852362 1.424646 1.852362 1.424646
1.895354 1.424646 1.895354 1.424646
1.938346 1.424646 1.938346 1.424646
1.981339 1.424646 1.981339 1.424646
2.024331 1.424646 2.024331 1.424646
2.067323 1.424646 2.067323 1.424646
2.110315 1.424646 2.110315 1.424646
2.153307 1.424646 2.153307 1.424646
2.196299 1.424646 2.196299 1.424646
2.239291 1.424646 2.239291 1.424646
2.282283 1.424646 2.282283 1.424646
2.325276 1.424646 2.325276 1.424646
2.368268 1.424646 2.368268 1.424646
2.411260 1.424646 2.411260 1.424646
2.454252 1.424646 2.454252 1.424646
2.497244 1.424646 2.497244 1.424646
2.540236 1.424646 2.540236 1.424646
2.583228 1.424646 2.583228 1.424646
2.626220 1.424646 2.626220 1.424646
2.669213 1.424646 2.669213 1.424646
2.712205 1.424646 2.712205 1.424646
2.755197 1.424646 2.755197 1.424646
2.798189 1.424646 2.798189 1.424646
2.841181 1.424646 2.841181 1.424646
2.884173 1.424646 2.884173 1.424646
2.927165 1.424646 2.927165 1.424646
2.970157 1.424646 2.970157 1.424646
3.013150 1.424646 3.013150 1.424646
3.056142 1.424646 3.056142 1.424646
3.099134 1.424646 3.099134 1.424646
3.142126 1.424646 3.142126 1.424646
3.185118 1.424646 3.185118 1.424646
3.228110 1.424646 3.228110 1.424646
3.271102 1.424646 3.271102 1.424646
3.314094 1.424646 3.314094 1.424646
3.357087 1.424646 3.357087 1.424646
3.400079 1.424646 3.400079 1.424646
3.443071 1.424646 3.443071 1.424646
3.486063 1.424646 3.486063 1.424646
3.529055 1.424646 3.529055 1.424646
3.572047 1.424646 3.572047 1.424646
3.615039 1.424646 3.615039 1.424646
3.658031 1.424646 3.658031 1.424646
3.701024 1.424646 3.701024 1.424646
3.744016 1.424646 3.744016 1.424646
3.787008 1.424646 3.787008 1.424646
3.830000 1.424646 3.830000 1.424646
-1.630000 1.450315 -1.630000 1.450315
-1.587008 1.450315 -1.587008 1.450315
-1.544016 1.450315 -1.544016 1.450315
-1.501024 1.450315 -1.501024 1.450315
-1.458031 1.450315 -1.458031 1.450315
-1.415039 1.450315 -1.415039 1.450315
-1.372047 1.450315 -1.372047 1.450315
-1.329055 1.450315 -1.329055 1.450315
-1.286063 1.450315 -1.286063 1.450315
-1.243071 1.450315 -1.243071 1.450315
-1.200079 1.450315 -1.200079 1.450315
-1.157087 1.450315 -1.157087 1.450315
-1.114094 1.450315 -1.114094 1.450315
-1.071102 1.450315 -1.071102 1.450315
-1.028110 1.450315 -1.028110 1.450315
-0.985118 1.450315 -0.985118 1.450315
-0.942126 1.450315 -0.942126 1.450315
-0.899134 1.450315 -0.899134 1.450315
-0.856142 1.450315 -0.856142 1.450315
-0.813150 1.450315 -0.813150 1.450315
-0.770157 1.450315 -0.770157 1.450315
-0.727165 1.450315 -0.727165 1.450315
-0.684173 1.450315 -0.684173 1.450315
-0.641181 1.450315 -0.641181 1.450315
-0.598189 1.450315 -0.598189 1.450315
-0.555197 1.450315 -0.555197 1.450315
-0.512205 1.450315 -0.512205 1.450315
-0.469213 1.450315 -0.469213 1.450315
-0.426220 1.450315 -0.426220 1.450315
-0.383228 1.450315 -0.383228 1.450315
-0.340236 1.450315 -0.340236 1.450315
-0.297244 1.450315 -0.297244 1.450315
-0.254252 1.450315 -0.254252 1.450315
-0.211260 1.450315 -0.211260 1.450315
-0.168268 1.450315 -0.168268 1.450315
-0.125276 1.450315 -0.125276 1.450315
-0.082283 1.450315 -0.082283 1.450315
-0.039291 1.450315 -0.039291 1.450315
0.003701 1.450315 0.003701 1.450315
0.046693 1.450315 0.046693 1.450315
0.089685 1.450315 0.089685 1.450315
0.132677 1.450315 0.132677 1.450315
0.175669 1.450315 0.175669 1.450315
0.218661 1.450315 0.218661 1.450315
0.261654 1.450315 0.261654 1.450315
0.304646 1.450315 0.304646 1.450315
0.347638 1.450315 0.347638 1.450315
0.390630 1.450315 0.390630 1.450315
0.433622 1.450315 0.433622 1.450315
0.476614 1.450315 0.476614 1.450315
0.519606 1.450315 0.519606 1.450315
0.562598 1.450315 0.562598 1.450315
0.605591 1.450315 0.605591 1.450315
0.648583 1.450315 0.648583 1.450315
0.691575 1.450315 0.691575 1.450315
0.734567 1.450315 0.734567 1.450315
0.777559 1.450315 0.777559 1.450315
0.820551 1.450315 0.820551 1.450315
0.863543 1.450315 0.863543 1.450315
0.906535 1.450315 0.906535 1.450315
0.949528 1.450315 0.949528 1.450315
0.992520 1.450315 0.992520 1.450315
1.035512 1.450315 1.035512 1.450315
1.078504 1.450315 1.078504 1.450315
1.121496 1.450315 1.121496 1.450315
1.164488 1.450315 1.164488 1.450315
1.207480 1.450315 1.207480 1.450315
1.250472 1.450315 1.250472 1.450315
1.293465 1.450315 1.293465 1.450315
1.336457 1.450315 1.336457 1.450315
1.379449 1.450315 1.379449 1.450315
1.422441 1.450315 1.422441 1.450315
1.465433 1.450315 1.465433 1.450315
1.508425 1.450315 1.508425 1.450315
1.551417 1.450315 1.551417 1.450315
1.594409 1.450315 1.594409 1.450315
1.637402 1.450315 1.637402 1.450315
1.680394 1.450315 1.680394 1.450315
1.723386 1.450315 1.723386 1.450315
1.766378 1.450315 1.766378 1.450315
1.809370 1.450315 1.809370 1.450315
1.852362 1.450315 1.852362 1.450315
1.895354 1.450315 1.895354 1.450315
1.938346 1.450315 1.938346 1.450315
1.981339 1.450315 1.981339 1.450315
2.024331 1.450315 2.024331 1.450315
2.067323 1.450315 2.067323 1.450315
2.110315 1.450315 2.110315 1.450315
2.153307 1.450315 2.153307 1.450315
2.196299 1.450315 2.196299 1.450315
2.239291 1.450315 2.239291 1.450315
2.282283 1.450315 2.282283 1.450315
2.325276 1.450315 2.325276 1.450315
2.368268 1.450315 2.368268 1.450315
2.411260 1.450315 2.411260 1.450315
2.454252 1.450315 2.454252 1.450315
2.497244 1.450315 2.497244 1.450315
2.540236 1.450315 2.540236 1.450315
2.583228 1.450315 2.583228 1.450315
2.626220 1.450315 2.626220 1.450315
2.669213 1.450315 2.669213 1.450315
2.712205 1.450315 2.712205 1.450315
2.755197 1.450315 2.755197 1.450315
2.798189 1.450315 2.798189 1.450315
2.841181 1.450315 2.841181 1.450315
2.884173 1.450315 2.884173 1.450315
2.927165 1.450315 2.927165 1.450315
2.970157 1.450315 2.970157 1.450315
3.013150 1.450315 3.013150 1.450315
3.056142 1.450315 3.056142 1.450315
3.099134 1.450315 3.099134 1.450315
3.142126 1.450315 3.142126 1.450315
3.185118 1.450315 3.185118 1.450315
3.228110 1.450315 3.228110 1.450315
3.271102 1.450315 3.271102 1.450315
3.314094 1.450315 3.314094 1.450315
3.357087 1.450315 3.357087 1.450315
3.400079 1.450315 3.400079 1.450315
3.443071 1.450315 3.443071 1.450315
3.486063 1.450315 3.486063 1.450315
3.529055 1.450315 3.529055 1.450315
3.572047 1.450315 3.572047 1.450315
3.615039 1.450315 3.615039 1.450315
3.658031 1.450315 3.658031 1.450315
3.701024 1.450315 3.701024 1.450315
3.744016 1.450315 3.744016 1.450315
3.787008 1.450315 3.787008 1.450315
3.830000 1.450315 3.830000 1.450315
-1.630000 1.475984 -1.630000 1.475984
-1.587008 1.475984 -1.587008 1.475984
-1.544016 1.475984 -1.544016 1.475984
-1.501024 1.475984 -1.501024 1.475984
-1.458031 1.475984 -1.458031 1.475984
-1.415039 1.475984 -1.415039 1.475984
-1.372047 1.475984 -1.372047 1.475984
-1.329055 1.475984 -1.329055 1.475984
-1.286063 1.475984 -1.286063 1.475984
-1.243071 1.475984 -1.243071 1.475984
-1.200079 1.475984 -1.200079 1.475984
-1.157087 1.475984 -1.157087 1.475984
-1.114094 1.475984 -1.114094 1.475984
-1.071102 1.475984 -1.071102 1.475984
-1.028110 1.475984 -1.028110 1.475984
-0.985118 1.475984 -0.985118 1.475984
-0.942126 1.475984 -0.942126 1.475984
-0.899134 1.475984 -0.899134 1.475984
-0.856142 1.475984 -0.856142 1.475984
-0.813150 1.475984 -0.813150 1.475984
-0.770157 1.475984 -0.770157 1.475984
-0.727165 1.475984 -0.727165 1.475984
-0.684173 1.475984 -0.684173 1.475984
-0.641181 1.475984 -0.641181 1.475984
-0.598189 1.475984 -0.598189 1.475984
-0.555197 1.475984 -0.555197 1.475984
-0.512205 1.475984 -0.512205 1.475984
-0.469213 1.475984 -0.469213 1.475984
-0.426220 1.475984 -0.426220 1.475984
-0.383228 1.475984 -0.383228 1.475984
-0.340236 1.475984 -0.340236 1.475984
-0.297244 1.475984 -0.297244 1.475984
-0.254252 1.475984 -0.254252 1.475984
-0.211260 1.475984 -0.211260 1.475984
-0.168268 1.475984 -0.168268 1.475984
-0.125276 1.475984 -0.125276 1.475984
-0.082283 1.475984 -0.082283 1.475984
-0.039291 1.475984 -0.039291 1.475984
0.003701 1.475984 0.003701 1.475984
0.046693 1.475984 0.046693 1.475984
0.089685 1.475984 0.089685 1.475984
0.132677 1.475984 0.132677 1.475984
0.175669 1.475984 0.175669 1.475984
0.218661 1.475984 0.218661 1.475984
0.261654 1.475984 0.261654 1.475984
0.304646 1.475984 0.304646 1.475984
0.347638 1.475984 0.347638 1.475984
0.390630 1.475984 0.390630 1.475984
0.433622 1.475984 0.433622 1.475984
0.476614 1.475984 0.476614 1.475984
0.519606 1.475984 0.519606 1.475984
0.562598 1.475984 0.562598 1.475984
0.605591 1.475984 0.605591 1.475984
0.648583 1.475984 0.648583 1.475984
0.691575 1.475984 0.691575 1.475984
0.734567 1.475984 0.734567 1.475984
0.777559 1.475984 0.777559 1.475984
0.820551 1.475984 0.820551 1.475984
0.863543 1.475984 0.863543 1.475984
0.906535 1.475984 0.906535 1.475984
0.949528 1.475984 0.949528 1.475984
0.992520 1.475984 0.992520 1.475984
1.035512 1.475984 1.035512 1.475984
1.078504 1.475984 1.078504 1.475984
1.121496 1.475984 1.121496 1.475984
1.164488 1.475984 1.164488 1.475984
1.207480 1.475984 1.207480 1.475984
1.250472 1.475984 1.250472 1.475984
1.293465 1.475984 1.293465 1.475984
1.336457 1.475984 1.336457 1.475984
1.379449 1.475984 1.379449 1.475984
1.422441 1.475984 1.422441 1.475984
1.465433 1.475984 1.465433 1.475984
1.508425 1.475984 1.508425 1.475984
1.551417 1.475984 1.551417 1.475984
1.594409 1.475984 1.594409 1.475984
1.637402 1.475984 1.637402 1.475984
1.680394 1.475984 1.680394 1.475984
1.723386 1.475984 1.723386 1.475984
1.766378 1.475984 1.766378 1.475984
1.809370 1.475984 1.809370 1.475984
1.852362 1.475984 1.852362 1.475984
1.895354 1.475984 1.895354 1.475984
1.938346 1.475984 1.938346 1.475984
1.981339 1.475984 1.981339 1.475984
2.024331 1.475984 2.024331 1.475984
2.067323 1.475984 2.067323 1.475984
2.110315 1.475984 2.110315 1.475984
2.153307 1.475984 2.153307 1.475984
2.196299 1.475984 2.196299 1.475984
2.239291 1.475984 2.239291 1.475984
2.282283 1.475984 2.282283 1.475984
2.325276 1.475984 2.325276 1.475984
2.368268 1.475984 2.368268 1.475984
2.411260 1.475984 2.411260 1.475984
2.454252 1.475984 2.454252 1.475984
2.497244 1.475984 2.497244 1.475984
2.540236 1.475984 2.540236 1.475984
2.583228 1.475984 2.583228 1.475984
2.626220 1.475984 2.626220 1.475984
2.669213 1.475984 2.669213 1.475984
2.712205 1.475984 2.712205 1.475984
2.755197 1.475984 2.755197 1.475984
2.798189 1.475984 2.798189 1.475984
2.841181 1.475984 2.841181 1.475984
2.884173 1.475984 2.884173 1.475984
2.927165 1.475984 2.927165 1.475984
2.970157 1.475984 2.970157 1.475984
3.013150 1.475984 3.013150 1.475984
3.056142 1.475984 3.056142 1.475984
3.099134 1.475984 3.099134 1.475984
3.142126 1.475984 3.142126 1.475984
3.185118 1.475984 3.185118 1.475984
3.228110 1.475984 3.228110 1.475984
3.271102 1.475984 3.271102 1.475984
3.314094 1.475984 3.314094 1.475984
3.357087 1.475984 3.357087 1.475984
3.400079 1.475984 3.400079 1.475984
3.443071 1.475984 3.443071 1.475984
3.486063 1.475984 3.486063 1.475984
3.529055 1.475984 3.529055 1.475984
3.572047 1.475984 3.572047 1.475984
3.615039 1.475984 3.615039 1.475984
3.658031 1.475984 3.658031 1.475984
3.701024 1.475984 3.701024 1.475984
3.744016 1.475984 3.744016 1.475984
3.787008 1.475984 3.787008 1.475984
3.830000 1.475984 3.830000 1.475984
-1.630000 1.501654 -1.630000 1.501654
-1.587008 1.501654 -1.587008 1.501654
-1.544016 1.501654 -1.544016 1.501654
-1.501024 1.501654 -1.501024 1.501654
-1.458031 1.501654 -1.458031 1.501654
-1.415039 1.501654 -1.415039 1.501654
-1.372047 1.501654 -1.372047 1.501654
-1.329055 1.501654 -1.329055 1.501654
-1.286063 1.501654 -1.286063 1.501654
-1.243071 1.501654 -1.243071 1.501654
-1.200079 1.501654 -1.200079 1.501654
-1.157087 1.501654 -1.157087 1.501654
-1.114094 1.501654 -1.114094 1.501654
-1.071102 1.501654 -1.071102 1.501654
-1.028110 1.501654 -1.028110 1.501654
-0.985118 1.501654 -0.985118 1.501654
-0.942126 1.501654 -0.942126 1.501654
-0.899134 1.501654 -0.899134 1.501654
-0.856142 1.501654 -0.856142 1.501654
-0.813150 1.501654 -0.813150 1.501654
-0.770157 1.501654 -0.770157 1.501654
-0.727165 1.501654 -0.727165 1.501654
-0.684173 1.501654 -0.684173 1.501654
-0.641181 1.501654 -0.641181 1.501654
-0.598189 1.501654 -0.598189 1.501654
-0.555197 1.501654 -0.555197 1.501654
-0.512205 1.501654 -0.512205 1.501654
-0.469213 1.501654 -0.469213 1.501654
-0.426220 1.501654 -0.426220 1.501654
-0.383228 1.501654 -0.383228 1.501654
-0.340236 1.501654 -0.340236 1.501654
-0.297244 1.501654 -0.297244 1.501654
-0.254252 1.501654 -0.254252 1.501654
-0.211260 1.501654 -0.211260 1.501654
-0.168268 1.501654 -0.168268 1.501654
-0.125276 1.501654 -0.125276 1.501654
-0.082283 1.501654 -0.082283 1.501654
-0.039291 1.501654 -0.039291 1.501654
0.003701 1.501654 0.003701 1.501654
0.046693 1.501654 0.046693 1.501654
0.089685 1.501654 0.089685 1.501654
0.132677 1.501654 0.132677 1.501654
0.175669 1.501654 0.175669 1.501654
0.218661 1.501654 0.218661 1.501654
0.261654 1.501654 0.261654 1.501654
0.304646 1.501654 0.304646 1.501654
0.347638 1.501654 0.347638 1.501654
0.390630 1.501654 0.390630 1.501654
0.433622 1.501654 0.433622 1.501654
0.476614 1.501654 0.476614 1.501654
0.519606 1.501654 0.519606 1.501654
0.562598 1.501654 0.562598 1.501654
0.605591 1.501654 0.605591 1.501654
0.648583 1.501654 0.648583 1.501654
0.691575 1.501654 0.691575 1.501654
0.734567 1.501654 0.734567 1.501654
0.777559 1.501654 0.777559 1.501654
0.820551 1.501654 0.820551 1.501654
0.863543 1.501654 0.863543 1.501654
0.906535 1.501654 0.906535 1.501654
0.949528 1.501654 0.949528 1.501654
0.992520 1.501654 0.992520 1.501654
1.035512 1.501654 1.035512 1.501654
1.078504 1.501654 1.078504 1.501654
1.121496 1.501654 1.121496 1.501654
1.164488 1.501654 1.164488 1.501654
1.207480 1.501654 1.207480 1.501654
1.250472 1.501654 1.250472 1.501654
1.293465 1.501654 1.293465 1.501654
1.336457 1.501654 1.336457 1.501654
1.379449 1.501654 1.379449 1.501654
1.422441 1.501654 1.422441 1.501654
1.465433 1.501654 1.465433 1.501654
1.508425 1.501654 1.508425 1.501654
1.551417 1.501654 1.551417 1.501654
1.594409 1.501654 1.594409 1.501654
1.637402 1.501654 1.637402 1.501654
1.680394 1.501654 1.680394 1.501654
1.723386 1.501654 1.723386 1.501654
1.766378 1.501654 1.766378 1.501654
1.809370 1.501654 1.809370 1.501654
1.852362 1.501654 1.852362 1.501654
1.895354 1.501654 1.895354 1.501654
1.938346 1.501654 1.938346 1.501654
1.981339 1.501654 1.981339 1.501654
2.024331 1.501654 2.024331 1.501654
2.067323 1.501654 2.067323 1.501654
2.110315 1.501654 2.110315 1.501654
2.153307 1.501654 2.153307 1.501654
2.196299 1.501654 2.196299 1.501654
2.239291 1.501654 2.239291 1.501654
2.282283 1.501654 2.282283 1.501654
2.325276 1.501654 2.325276 1.501654
2.368268 1.501654 2.368268 1.501654
2.411260 1.501654 2.411260 1.501654
2.454252 1.501654 2.454252 1.501654
2.497244 1.501654 2.497244 1.501654
2.540236 1.501654 2.540236 1.501654
2.583228 1.501654 2.583228 1.501654
2.626220 1.501654 2.626220 1.501654
2.669213 1.501654 2.669213 1.501654
2.712205 1.501654 2.712205 1.501654
2.755197 1.501654 2.755197 1.501654
2.798189 1.501654 2.798189 1.501654
2.841181 1.501654 2.841181 1.501654
2.884173 1.501654 2.884173 1.501654
2.927165 1.501654 2.927165 1.501654
2.970157 1.501654 2.970157 1.501654
3.013150 1.501654 3.013150 1.501654
3.056142 1.501654 3.056142 1.501654
3.099134 1.501654 3.099134 1.501654
3.142126 1.501654 3.142126 1.501654
3.185118 1.501654 3.185118 1.501654
3.228110 1.501654 3.228110 1.501654
3.271102 1.501654 3.271102 1.501654
3.314094 1.501654 3.314094 1.501654
3.357087 1.501654 3.357087 1.501654
3.400079 1.501654 3.400079 1.501654
3.443071 1.501654 3.443071 1.501654
3.486063 1.501654 3.486063 1.501654
3.529055 1.501654 3.529055 1.501654
3.572047 1.501654 3.572047 1.501654
3.615039 1.501654 3.615039 1.501654
3.658031 1.501654 3.658031 1.501654
3.701024 1.501654 3.701024 1.501654
3.744016 1.501654 3.744016 1.501654
3.787008 1.501654 3.787008 1.501654
3.830000 1.501654 3.830000 1.501654
-1.630000 1.527323 -1.630000 1.527323
-1.587008 1.527323 -1.587008 1.527323
-1.544016 1.527323 -1.544016 1.527323
-1.501024 1.527323 -1.501024 1.527323
-1.458031 1.527323 -1.458031 1.527323
-1.415039 1.527323 -1.415039 1.527323
-1.372047 1.527323 -1.372047 1.527323
-1.329055 1.527323 -1.329055 1.527323
-1.286063 1.527323 -1.286063 1.527323
-1.243071 1.527323 -1.243071 1.527323
-1.200079 1.527323 -1.200079 1.527323
-1.157087 1.527323 -1.157087 1.527323
-1.114094 1.527323 -1.114094 1.527323
-1.071102 1.527323 -1.071102 1.527323
-1.028110 1.527323 -1.028110 1.527323
-0.985118 1.527323 -0.985118 1.527323
-0.942126 1.527323 -0.942126 1.527323
-0.899134 1.527323 -0.899134 1.527323
-0.856142 1.527323 -0.856142 1.527323
-0.813150 1.527323 -0.813150 1.527323
-0.770157 1.527323 -0.770157 1.527323
-0.727165 1.527323 -0.727165 1.527323
-0.684173 1.527323 -0.684173 1.527323
-0.641181 1.527323 -0.641181 1.527323
-0.598189 1.527323 -0.598189 1.527323
-0.555197 1.527323 -0.555197 1.527323
-0.512205 1.527323 -0.512205 1.527323
-0.469213 1.527323 -0.469213 1.527323
-0.426220 1.527323 -0.426220 1.527323
-0.383228 1.527323 -0.383228 1.527323
-0.340236 1.527323 -0.340236 1.527323
-0.297244 1.527323 -0.297244 1.527323
-0.254252 1.527323 -0.254252 1.527323
-0.211260 1.527323 -0.211260 1.527323
-0.168268 1.527323 -0.168268 1.527323
-0.125276 1.527323 -0.125276 1.527323
-0.082283 1.527323 -0.082283 1.527323
-0.039291 1.527323 -0.039291 1.527323
0.003701 1.527323 0.003701 1.527323
0.046693 1.527323 0.046693 1.527323
0.089685 1.527323 0.089685 1.527323
0.132677 1.527323 0.132677 1.527323
0.175669 1.527323 0.175669 1.527323
0.218661 1.527323 0.218661 1.527323
0.261654 1.527323 0.261654 1.527323
0.304646 1.527323 0.304646 1.527323
0.347638 1.527323 0.347638 1.527323
0.390630 1.527323 0.390630 1.527323
0.433622 1.527323 0.433622 1.527323
0.476614 1.527323 0.476614 1.527323
0.519606 1.527323 0.519606 1.527323
0.562598 1.527323 0.562598 1.527323
0.605591 1.527323 0.605591 1.527323
0.648583 1.527323 0.648583 1.527323
0.691575 1.527323 0.691575 1.527323
0.734567 1.527323 0.734567 1.527323
0.777559 1.527323 0.777559 1.527323
0.820551 1.527323 0.820551 1.527323
0.863543 1.527323 0.863543 1.527323
0.906535 1.527323 0.906535 1.527323
0.949528 1.527323 0.949528 1.527323
0.992520 1.527323 0.992520 1.527323
1.035512 1.527323 1.035512 1.527323
1.078504 1.527323 1.078504 1.527323
1.121496 1.527323 1.121496 1.527323
1.164488 1.527323 1.164488 1.527323
1.207480 1.527323 1.207480 1.527323
1.250472 1.527323 1.250472 1.527323
1.293465 1.527323 1.293465 1.527323
1.336457 1.527323 1.336457 1.527323
1.379449 1.527323 1.379449 1.527323
1.422441 1.527323 1.422441 1.527323
1.465433 1.527323 1.465433 1.527323
1.508425 1.527323 1.508425 1.527323
1.551417 1.527323 1.551417 1.527323
1.594409 1.527323 1.594409 1.527323
1.637402 1.527323 1.637402 1.527323
1.680394 1.527323 1.680394 1.527323
1.723386 1.527323 1.723386 1.527323
1.766378 1.527323 1.766378 1.527323
1.809370 1.527323 1.809370 1.527323
1.852362 1.527323 1.852362 1.527323
1.895354 1.527323 1.895354 1.527323
1.938346 1.527323 1.938346 1.527323
1.981339 1.527323 1.981339 1.527323
2.024331 1.527323 2.024331 1.527323
2.067323 1.527323 2.067323 1.527323
2.110315 1.527323 2.110315 1.527323
2.153307 1.527323 2.153307 1.527323
2.196299 1.527323 2.196299 1.527323
2.239291 1.527323 2.239291 1.527323
2.282283 1.527323 2.282283 1.527323
2.325276 1.527323 2.325276 1.527323
2.368268 1.527323 2.368268 1.527323
2.411260 1.527323 2.411260 1.527323
2.454252 1.527323 2.454252 1.527323
2.497244 1.527323 2.497244 1.527323
2.540236 1.527323 2.540236 1.527323
2.583228 1.527323 2.583228 1.527323
2.626220 1.527323 2.626220 1.527323
2.669213 1.527323 2.669213 1.527323
2.712205 1.527323 2.712205 1.527323
2.755197 1.527323 2.755197 1.527323
2.798189 1.527323 2.798189 1.527323
2.841181 1.527323 2.841181 1.527323
2.884173 1.527323 2.884173 1.527323
2.927165 1.527323 2.927165 1.527323
2.970157 1.527323 2.970157 1.527323
3.013150 1.527323 3.013150 1.527323
3.056142 1.527323 3.056142 1.527323
3.099134 1.527323 3.099134 1.527323
3.142126 1.527323 3.142126 1.527323
3.185118 1.527323 3.185118 1.527323
3.228110 1.527323 3.228110 1.527323
3.271102 1.527323 3.271102 1.527323
3.314094 1.527323 3.314094 1.527323
3.357087 1.527323 3.357087 1.527323
3.400079 1.527323 3.400079 1.527323
3.443071 1.527323 3.443071 1.527323
3.486063 1.527323 3.486063 1.527323
3.529055 1.527323 3.529055 1.527323
3.572047 1.527323 3.572047 1.527323
3.615039 1.527323 3.615039 1.527323
3.658031 1.527323 3.658031 1.527323
3.701024 1.527323 3.701024 1.527323
3.744016 1.527323 3.744016 1.527323
3.787008 1.527323 3.787008 1.527323
3.830000 1.527323 3.830000 1.527323
-1.630000 1.552992 -1.630000 1.552992
-1.587008 1.552992 -1.587008 1.552992
-1.544016 1.552992 -1.544016 1.552992
-1.501024 1.552992 -1.501024 1.552992
-1.458031 1.552992 -1.458031 1.552992
-1.415039 1.552992 -1.415039 1.552992
-1.372047 1.552992 -1.372047 1.552992
-1.329055 1.552992 -1.329055 1.552992
-1.286063 1.552992 -1.286063 1.552992
-1.243071 1.552992 -1.243071 1.552992
-1.200079 1.552992 -1.200079 1.552992
-1.157087 1.552992 -1.157087 1.552992
-1.114094 1.552992 -1.114094 1.552992
-1.071102 1.552992 -1.071102 1.552992
-1.028110 1.552992 -1.028110 1.552992
-0.985118 1.552992 -0.985118 1.552992
-0.942126 1.552992 -0.942126 1.552992
-0.899134 1.552992 -0.899134 1.552992
-0.856142 1.552992 -0.856142 1.552992
-0.813150 1.552992 -0.813150 1.552992
-0.770157 1.552992 -0.770157 1.552992
-0.727165 1.552992 -0.727165 1.552992
-0.684173 1.552992 -0.684173 1.552992
-0.641181 1.552992 -0.641181 1.552992
-0.598189 1.552992 -0.598189 1.552992
-0.555197 1.552992 -0.555197 1.552992
-0.512205 1.552992 -0.512205 1.552992
-0.469213 1.552992 -0.469213 1.552992
-0.426220 1.552992 -0.426220 1.552992
-0.383228 1.552992 -0.383228 1.552992
-0.340236 1.552992 -0.340236 1.552992
-0.297244 1.552992 -0.297244 1.552992
-0.254252 1.552992 -0.254252 1.552992
-0.211260 1.552992 -0.211260 1.552992
-0.168268 1.552992 -0.168268 1.552992
-0.125276 1.552992 -0.125276 1.552992
-0.082283 1.552992 -0.082283 1.552992
-0.039291 1.552992 -0.039291 1.552992
0.003701 1.552992 0.003701 1.552992
0.046693 1.552992 0.046693 1.552992
0.089685 1.552992 0.089685 1.552992
0.132677 1.552992 0.132677 1.552992
0.175669 1.552992 0.175669 1.552992
0.218661 1.552992 0.218661 1.552992
0.261654 1.552992 0.261654 1.552992
0.304646 1.552992 0.304646 1.552992
0.347638 1.552992 0.347638 1.552992
0.390630 1.552992 0.390630 1.552992
0.433622 1.552992 0.433622 1.552992
0.476614 1.552992 0.476614 1.552992
0.519606 1.552992 0.519606 1.552992
0.562598 1.552992 0.562598 1.552992
0.605591 1.552992 0.605591 1.552992
0.648583 1.552992 0.648583 1.552992
0.691575 1.552992 0.691575 1.552992
0.734567 1.552992 0.734567 1.552992
0.777559 1.552992 0.777559 1.552992
0.820551 1.552992 0.820551 1.552992
0.863543 1.552992 0.863543 1.552992
0.906535 1.552992 0.906535 1.552992
0.949528 1.552992 0.949528 1.552992
0.992520 1.552992 0.992520 1.552992
1.035512 1.552992 1.035512 1.552992
1.078504 1.552992 1.078504 1.552992
1.121496 1.552992 1.121496 1.552992
1.164488 1.552992 1.164488 1.552992
1.207480 1.552992 1.207480 1.552992
1.250472 1.552992 1.250472 1.552992
1.293465 1.552992 1.293465 1.552992
1.336457 1.552992 1.336457 1.552992
1.379449 1.552992 1.379449 1.552992
1.422441 1.552992 1.422441 1.552992
1.465433 1.552992 1.465433 1.552992
1.508425 1.552992 1.508425 1.552992
1.551417 1.552992 1.551417 1.552992
1.594409 1.552992 1.594409 1.552992
1.637402 1.552992 1.637402 1.552992
1.680394 1.552992 1.680394 1.552992
1.723386 1.552992 1.723386 1.552992
1.766378 1.552992 1.766378 1.552992
1.809370 1.552992 1.809370 1.552992
1.852362 1.552992 1.852362 1.552992
1.895354 1.552992 1.895354 1.552992
1.938346 1.552992 1.938346 1.552992
1.981339 1.552992 1.981339 1.552992
2.024331 1.552992 2.024331 1.552992
2.067323 1.552992 2.067323 1.552992
2.110315 1.552992 2.110315 1.552992
2.153307 1.552992 2.153307 1.552992
2.196299 1.552992 2.196299 1.552992
2.239291 1.552992 2.239291 1.552992
2.282283 1.552992 2.282283 1.552992
2.325276 1.552992 2.325276 1.552992
2.368268 1.552992 2.368268 1.552992
2.411260 1.552992 2.411260 1.552992
2.454252 1.552992 2.454252 1.552992
2.497244 1.552992 2.497244 1.552992
2.540236 1.552992 2.540236 1.552992
2.583228 1.552992 2.583228 1.552992
2.626220 1.552992 2.626220 1.552992
2.669213 1.552992 2.669213 1.552992
2.712205 1.552992 2.712205 1.552992
2.755197 1.552992 2.755197 1.552992
2.798189 1.552992 2.798189 1.552992
2.841181 1.552992 2.841181 1.552992
2.884173 1.552992 2.884173 1.552992
2.927165 1.552992 2.927165 1.552992
2.970157 1.552992 2.970157 1.552992
3.013150 1.552992 3.013150 1.552992
3.056142 1.552992 3.056142 1.552992
3.099134 1.552992 3.099134 1.552992
3.142126 1.552992 3.142126 1.552992
3.185118 1.552992 3.185118 1.552992
3.228110 1.552992 3.228110 1.552992
3.271102 1.552992 3.271102 1.552992
3.314094 1.552992 3.314094 1.552992
3.357087 1.552992 3.357087 1.552992
3.400079 1.552992 3.400079 1.552992
3.443071 1.552992 3.443071 1.552992
3.486063 1.552992 3.486063 1.552992
3.529055 1.552992 3.529055 1.552992
3.572047 1.552992 3.572047 1.552992
3.615039 1.552992 3.615039 1.552992
3.658031 1.552992 3.658031 1.552992
3.701024 1.552992 3.701024 1.552992
3.744016 1.552992 3.744016 1.552992
3.787008 1.552992 3.787008 1.552992
3.830000 1.552992 3.830000 1.552992
-1.630000 1.578661 -1.630000 1.578661
-1.587008 1.578661 -1.587008 1.578661
-1.544016 1.578661 -1.544016 1.578661
-1.501024 1.578661 -1.501024 1.578661
-1.458031 1.578661 -1.458031 1.578661
-1.415039 1.578661 -1.415039 1.578661
-1.372047 1.578661 -1.372047 1.578661
-1.329055 1.578661 -1.329055 1.578661
-1.286063 1.578661 -1.286063 1.578661
-1.243071 1.578661 -1.243071 1.578661
-1.200079 1.578661 -1.200079 1.578661
-1.157087 1.578661 -1.157087 1.578661
-1.114094 1.578661 -1.114094 1.578661
-1.071102 1.578661 -1.071102 1.578661
-1.028110 1.578661 -1.028110 1.578661
-0.985118 1.578661 -0.985118 1.578661
-0.942126 1.578661 -0.942126 1.578661
-0.899134 1.578661 -0.899134 1.578661
-0.856142 1.578661 -0.856142 1.578661
-0.813150 1.578661 -0.813150 1.578661
-0.770157 1.578661 -0.770157 1.578661
-0.727165 1.578661 -0.727165 1.578661
-0.684173 1.578661 -0.684173 1.578661
-0.641181 1.578661 -0.641181 1.578661
-0.598189 1.578661 -0.598189 1.578661
-0.555197 1.578661 -0.555197 1.578661
-0.512205 1.578661 -0.512205 1.578661
-0.469213 1.578661 -0.469213 1.578661
-0.426220 1.578661 -0.426220 1.578661
-0.383228 1.578661 -0.383228 1.578661
-0.340236 1.578661 -0.340236 1.578661
-0.297244 1.578661 -0.297244 1.578661
-0.254252 1.578661 -0.254252 1.578661
-0.211260 1.578661 -0.211260 1.578661
-0.168268 1.578661 -0.168268 1.578661
-0.125276 1.578661 -0.125276 1.578661
-0.082283 1.578661 -0.082283 1.578661
-0.039291 1.578661 -0.039291 1.578661
0.003701 1.578661 0.003701 1.578661
0.046693 1.578661 0.046693 1.578661
0.089685 1.578661 0.089685 1.578661
0.132677 1.578661 0.132677 1.578661
0.175669 1.578661 0.175669 1.578661
0.218661 1.578661 0.218661 1.578661
0.261654 1.578661 0.261654 1.578661
0.304646 1.578661 0.304646 1.578661
0.347638 1.578661 0.347638 1.578661
0.390630 1.578661 0.390630 1.578661
0.433622 1.578661 0.433622 1.578661
0.476614 1.578661 0.476614 1.578661
0.519606 1.578661 0.519606 1.578661
0.562598 1.578661 0.562598 1.578661
0.605591 1.578661 0.605591 1.578661
0.648583 1.578661 0.648583 1.578661
0.691575 1.578661 0.691575 1.578661
0.734567 1.578661 0.734567 1.578661
0.777559 1.578661 0.777559 1.578661
0.820551 1.578661 0.820551 1.578661
0.863543 1.578661 0.863543 1.578661
0.906535 1.578661 0.906535 1.578661
0.949528 1.578661 0.949528 1.578661
0.992520 1.578661 0.992520 1.578661
1.035512 1.578661 1.035512 1.578661
1.078504 1.578661 1.078504 1.578661
1.121496 1.578661 1.121496 1.578661
1.164488 1.578661 1.164488 1.578661
1.207480 1.578661 1.207480 1.578661
1.250472 1.578661 1.250472 1.578661
1.293465 1.578661 1.293465 1.578661
1.336457 1.578661 1.336457 1.578661
1.379449 1.578661 1.379449 1.578661
1.422441 1.578661 1.422441 1.578661
1.465433 1.578661 1.465433 1.578661
1.508425 1.578661 1.508425 1.578661
1.551417 1.578661 1.551417 1.578661
1.594409 1.578661 1.594409 1.578661
1.637402 1.578661 1.637402 1.578661
1.680394 1.578661 1.680394 1.578661
1.723386 1.578661 1.723386 1.578661
1.766378 1.578661 1.766378 1.578661
1.809370 1.578661 1.809370 1.578661
1.852362 1.578661 1.852362 1.578661
1.895354 1.578661 1.895354 1.578661
1.938346 1.578661 1.938346 1.578661
1.981339 1.578661 1.981339 1.578661
2.024331 1.578661 2.024331 1.578661
2.067323 1.578661 2.067323 1.578661
2.110315 1.578661 2.110315 1.578661
2.153307 1.578661 2.153307 1.578661
2.196299 1.578661 2.196299 1.578661
2.239291 1.578661 2.239291 1.578661
2.282283 1.578661 2.282283 1.578661
2.325276 1.578661 2.325276 1.578661
2.368268 1.578661 2.368268 1.578661
2.411260 1.578661 2.411260 1.578661
2.454252 1.578661 2.454252 1.578661
2.497244 1.578661 2.497244 1.578661
2.540236 1.578661 2.540236 1.578661
2.583228 1.578661 2.583228 1.578661
2.626220 1.578661 2.626220 1.578661
2.669213 1.578661 2.669213 1.578661
2.712205 1.578661 2.712205 1.578661
2.755197 1.578661 2.755197 1.578661
2.798189 1.578661 2.798189 1.578661
2.841181 1.578661 2.841181 1.578661
2.884173 1.578661 2.884173 1.578661
2.927165 1.578661 2.927165 1.578661
2.970157 1.578661 2.970157 1.578661
3.013150 1.578661 3.013150 1.578661
3.056142 1.578661 3.056142 1.578661
3.099134 1.578661 3.099134 1.578661
3.142126 1.578661 3.142126 1.578661
3.185118 1.578661 3.185118 1.578661
3.228110 1.578661 3.228110 1.578661
3.271102 1.578661 3.271102 1.578661
3.314094 1.578661 3.314094 1.578661
3.357087 1.578661 3.357087 1.578661
3.400079 1.578661 3.400079 1.578661
3.443071 1.578661 3.443071 1.578661
3.486063 1.578661 3.486063 1.578661
3.529055 1.578661 3.529055 1.578661
3.572047 1.578661 3.572047 1.578661
3.615039 1.578661 3.615039 1.578661
3.658031 1.578661 3.658031 1.578661
3.701024 1.578661 3.701024 1.578661
3.744016 1.578661 3.744016 1.578661
3.787008 1.578661 3.787008 1.578661
3.830000 1.578661 3.830000 1.578661
-1.630000 1.604331 -1.630000 1.604331
-1.587008 1.604331 -1.587008 1.604331
-1.544016 1.604331 -1.544016 1.604331
-1.501024 1.604331 -1.501024 1.604331
-1.458031 1.604331 -1.458031 1.604331
-1.415039 1.604331 -1.415039 1.604331
-1.372047 1.604331 -1.372047 1.604331
-1.329055 1.604331 -1.329055 1.604331
-1.286063 1.604331 -1.286063 1.604331
-1.243071 1.604331 -1.243071 1.604331
-1.200079 1.604331 -1.200079 1.604331
-1.157087 1.604331 -1.157087 1.604331
-1.114094 1.604331 -1.114094 1.604331
-1.071102 1.604331 -1.071102 1.604331
-1.028110 1.604331 -1.028110 1.604331
-0.985118 1.604331 -0.985118 1.604331
-0.942126 1.604331 -0.942126 1.604331
-0.899134 1.604331 -0.899134 1.604331
-0.856142 1.604331 -0.856142 1.604331
-0.813150 1.604331 -0.813150 1.604331
-0.770157 1.604331 -0.770157 1.604331
-0.727165 1.604331 -0.727165 1.604331
-0.684173 1.604331 -0.684173 1.604331
-0.641181 1.604331 -0.641181 1.604331
-0.598189 1.604331 -0.598189 1.604331
-0.555197 1.604331 -0.555197 1.604331
-0.512205 1.604331 -0.512205 1.604331
-0.469213 1.604331 -0.469213 1.604331
-0.426220 1.604331 -0.426220 1.604331
-0.383228 1.604331 -0.383228 1.604331
-0.340236 1.604331 -0.340236 1.604331
-0.297244 1.604331 -0.297244 1.604331
-0.254252 1.604331 -0.254252 1.604331
-0.211260 1.604331 -0.211260 1.604331
-0.168268 1.604331 -0.168268 1.604331
-0.125276 1.604331 -0.125276 1.604331
-0.082283 1.604331 -0.082283 1.604331
-0.039291 1.604331 -0.039291 1.604331
0.003701 1.604331 0.003701 1.604331
0.046693 1.604331 0.046693 1.604331
0.089685 1.604331 0.089685 1.604331
0.132677 1.604331 0.132677 1.604331
0.175669 1.604331 0.175669 1.604331
0.218661 1.604331 0.218661 1.604331
0.261654 1.604331 0.261654 1.604331
0.304646 1.604331 0.304646 1.604331
0.347638 1.604331 0.347638 1.604331
0.390630 1.604331 0.390630 1.604331
0.433622 1.604331 0.433622 1.604331
0.476614 1.604331 0.476614 1.604331
0.519606 1.604331 0.519606 1.604331
0.562598 1.604331 0.562598 1.604331
0.605591 1.604331 0.605591 1.604331
0.648583 1.604331 0.648583 1.604331
0.691575 1.604331 0.691575 1.604331
0.734567 1.604331 0.734567 1.604331
0.777559 1.604331 0.777559 1.604331
0.820551 1.604331 0.820551 1.604331
0.863543 1.604331 0.863543 1.604331
0.906535 1.604331 0.906535 1.604331
0.949528 1.604331 0.949528 1.604331
0.992520 1.604331 0.992520 1.604331
1.035512 1.604331 1.035512 1.604331
1.078504 1.604331 1.078504 1.604331
1.121496 1.604331 1.121496 1.604331
1.164488 1.604331 1.164488 1.604331
1.207480 1.604331 1.207480 1.604331
1.250472 1.604331 1.250472 1.604331
1.293465 1.604331 1.293465 1.604331
1.336457 1.604331 1.336457 1.604331
1.379449 1.604331 1.379449 1.604331
1.422441 1.604331 1.422441 1.604331
1.465433 1.604331 1.465433 1.604331
1.508425 1.604331 1.508425 1.604331
1.551417 1.604331 1.551417 1.604331
1.594409 1.604331 1.594409 1.604331
1.637402 1.604331 1.637402 1.604331
1.680394 1.604331 1.680394 1.604331
1.723386 1.604331 1.723386 1.604331
1.766378 1.604331 1.766378 1.604331
1.809370 1.604331 1.809370 1.604331
1.852362 1.604331 1.852362 1.604331
1.895354 1.604331 1.895354 1.604331
1.938346 1.604331 1.938346 1.604331
1.981339 1.604331 1.981339 1.604331
2.024331 1.604331 2.024331 1.604331
2.067323 1.604331 2.067323 1.604331
2.110315 1.604331 2.110315 1.604331
2.153307 1.604331 2.153307 1.604331
2.196299 1.604331 2.196299 1.604331
2.239291 1.604331 2.239291 1.604331
2.282283 1.604331 2.282283 1.604331
2.325276 1.604331 2.325276 1.604331
2.368268 1.604331 2.368268 1.604331
2.411260 1.604331 2.411260 1.604331
2.454252 1.604331 2.454252 1.604331
2.497244 1.604331 2.497244 1.604331
2.540236 1.604331 2.540236 1.604331
2.583228 1.604331 2.583228 1.604331
2.626220 1.604331 2.626220 1.604331
2.669213 1.604331 2.669213 1.604331
2.712205 1.604331 2.712205 1.604331
2.755197 1.604331 2.755197 1.604331
2.798189 1.604331 2.798189 1.604331
2.841181 1.604331 2.841181 1.604331
2.884173 1.604331 2.884173 1.604331
2.927165 1.604331 2.927165 1.604331
2.970157 1.604331 2.970157 1.604331
3.013150 1.604331 3.013150 1.604331
3.056142 1.604331 3.056142 1.604331
3.099134 1.604331 3.099134 1.604331
3.142126 1.604331 3.142126 1.604331
3.185118 1.604331 3.185118 1.604331
3.228110 1.604331 3.228110 1.604331
3.271102 1.604331 3.271102 1.604331
3.314094 1.604331 3.314094 1.604331
3.357087 1.604331 3.357087 1.604331
3.400079 1.604331 3.400079 1.604331
3.443071 1.604331 3.443071 1.604331
3.486063 1.604331 3.486063 1.604331
3.529055 1.604331 3.529055 1.604331
3.572047 1.604331 3.572047 1.604331
3.615039 1.604331 3.615039 1.604331
3.658031 1.604331 3.658031 1.604331
3.701024 1.604331 3.701024 1.604331
3.744016 1.604331 3.744016 1.604331
3.787008 1.604331 3.787008 1.604331
3.830000 1.604331 3.830000 1.604331
-1.630000 1.630000 -1.630000 1.630000
-1.587008 1.630000 -1.587008 1.630000
-1.544016 1.630000 -1.544016 1.630000
-1.501024 1.630000 -1.501024 1.630000
-1.458031 1.630000 -1.458031 1.630000
-1.415039 1.630000 -1.415039 1.630000
-1.372047 1.630000 -1.372047 1.630000
-1.329055 1.630000 -1.329055 1.630000
-1.286063 1.630000 -1.286063 1.630000
-1.243071 1.630000 -1.243071 1.630000
-1.200079 1.630000 -1.200079 1.630000
-1.157087 1.630000 -1.157087 1.630000
-1.114094 1.630000 -1.114094 1.630000
-1.071102 1.630000 -1.071102 1.630000
-1.028110 1.630000 -1.028110 1.630000
-0.985118 1.630000 -0.985118 1.630000
-0.942126 1.630000 -0.942126 1.630000
-0.899134 1.630000 -0.899134 1.630000
-0.856142 1.630000 -0.856142 1.630000
-0.813150 1.630000 -0.813150 1.630000
-0.770157 1.630000 -0.770157 1.630000
-0.727165 1.630000 -0.727165 1.630000
-0.684173 1.630000 -0.684173 1.630000
-0.641181 1.630000 -0.641181 1.630000
-0.598189 1.630000 -0.598189 1.630000
-0.555197 1.630000 -0.555197 1.630000
-0.512205 1.630000 -0.512205 1.630000
-0.469213 1.630000 -0.469213 1.630000
-0.426220 1.630000 -0.426220 1.630000
-0.383228 1.630000 -0.383228 1.630000
-0.340236 1.630000 -0.340236 1.630000
-0.297244 1.630000 -0.297244 1.630000
-0.254252 1.630000 -0.254252 1.630000
-0.211260 1.630000 -0.211260 1.630000
-0.168268 1.630000 -0.168268 1.630000
-0.125276 1.630000 -0.125276 1.630000
-0.082283 1.630000 -0.082283 1.630000
-0.039291 1.630000 -0.039291 1.630000
0.003701 1.630000 0.003701 1.630000
0.046693 1.630000 0.046693 1.630000
0.089685 1.630000 0.089685 1.630000
0.132677 1.630000 0.132677 1.630000
0.175669 1.630000 0.175669 1.630000
0.218661 1.630000 0.218661 1.630000
0.261654 1.630000 0.261654 1.630000
0.304646 1.630000 0.304646 1.630000
0.347638 1.630000 0.347638 1.630000
0.390630 1.630000 0.390630 1.630000
0.433622 1.630000 0.433622 1.630000
0.476614 1.630000 0.476614 1.630000
0.519606 1.630000 0.519606 1.630000
0.562598 1.630000 0.562598 1.630000
0.605591 1.630000 0.605591 1.630000
0.648583 1.630000 0.648583 1.630000
0.691575 1.630000 0.691575 1.630000
0.734567 1.630000 0.734567 1.630000
0.777559 1.630000 0.777559 1.630000
0.820551 1.630000 0.820551 1.630000
0.863543 1.630000 0.863543 1.630000
0.906535 1.630000 0.906535 1.630000
0.949528 1.630000 0.949528 1.630000
0.992520 1.630000 0.992520 1.630000
1.035512 1.630000 1.035512 1.630000
1.078504 1.630000 1.078504 1.630000
1.121496 1.630000 1.121496 1.630000
1.164488 1.630000 1.164488 1.630000
1.207480 1.630000 1.207480 1.630000
1.250472 1.630000 1.250472 1.630000
1.293465 1.630000 1.293465 1.630000
1.336457 1.630000 1.336457 1.630000
1.379449 1.630000 1.379449 1.630000
1.422441 1.630000 1.422441 1.630000
1.465433 1.630000 1.465433 1.630000
1.508425 1.630000 1.508425 1.630000
1.551417 1.630000 1.551417 1.630000
1.594409 1.630000 1.594409 1.630000
1.637402 1.630000 1.637402 1.630000
1.680394 1.630000 1.680394 1.630000
1.723386 1.630000 1.723386 1.630000
1.766378 1.630000 1.766378 1.630000
1.809370 1.630000 1.809370 1.630000
1.852362 1.630000 1.852362 1.630000
1.895354 1.630000 1.895354 1.630000
1.938346 1.630000 1.938346 1.630000
1.981339 1.630000 1.981339 1.630000
2.024331 1.630000 2.024331 1.630000
2.067323 1.630000 2.067323 1.630000
2.110315 1.630000 2.110315 1.630000
2.153307 1.630000 2.153307 1.630000
2.196299 1.630000 2.196299 1.630000
2.239291 1.630000 2.239291 1.630000
2.282283 1.630000 2.282283 1.630000
2.325276 1.630000 2.325276 1.630000
2.368268 1.630000 2.368268 1.630000
2.411260 1.630000 2.411260 1.630000
2.454252 1.630000 2.454252 1.630000
2.497244 1.630000 2.497244 1.630000
2.540236 1.630000 2.540236 1.630000
2.583228 1.630000 2.583228 1.630000
2.626220 1.630000 2.626220 1.630000
2.669213 1.630000 2.669213 1.630000
2.712205 1.630000 2.712205 1.630000
2.755197 1.630000 2.755197 1.630000
2.798189 1.630000 2.798189 1.630000
2.841181 1.630000 2.841181 1.630000
2.884173 1.630000 2.884173 1.630000
2.927165 1.630000 2.927165 1.630000
2.970157 1.630000 2.970157 1.630000
3.013150 1.630000 3.013150 1.630000
3.056142 1.630000 3.056142 1.630000
3.099134 1.630000 3.099134 1.630000
3.142126 1.630000 3.142126 1.630000
3.185118 1.630000 3.185118 1.630000
3.228110 1.630000 3.228110 1.630000
3.271102 1.630000 3.271102 1.630000
3.314094 1.630000 3.314094 1.630000
3.357087 1.630000 3.357087 1.630000
3.400079 1.630000 3.400079 1.630000
3.443071 1.630000 3.443071 1.630000
3.486063 1.630000 3.486063 1.630000
3.529055 1.630000 3.529055 1.630000
3.572047 1.630000 3.572047 1.630000
3.615039 1.630000 3.615039 1.630000
3.658031 1.630000 3.658031 1.630000
3.701024 1.630000 3.701024 1.630000
3.744016 1.630000 3.744016 1.630000
3.787008 1.630000 3.787008 1.630000
3.830000 1.630000 3.830000 1.630000
