# 光路映射: input_x input_y -> output_x output_y
# 有效光线数: 16384
# columns: in_x in_y out_x out_y
-1.820000 -1.820000 -1.820000 -1.820000
-1.791339 -1.820000 -1.791339 -1.820000
-1.762677 -1.820000 -1.762677 -1.820000
-1.734016 -1.820000 -1.734016 -1.820000
-1.705354 -1.820000 -1.705354 -1.820000
-1.676693 -1.820000 -1.676693 -1.820000
-1.648031 -1.820000 -1.648031 -1.820000
-1.619370 -1.820000 -1.619370 -1.820000
-1.590709 -1.820000 -1.590709 -1.820000
-1.562047 -1.820000 -1.562047 -1.820000
-1.533386 -1.820000 -1.533386 -1.820000
-1.504724 -1.820000 -1.504724 -1.820000
-1.476063 -1.820000 -1.476063 -1.820000
-1.447402 -1.820000 -1.447402 -1.820000
-1.418740 -1.820000 -1.418740 -1.820000
-1.390079 -1.820000 -1.390079 -1.820000
-1.361417 -1.820000 -1.361417 -1.820000
-1.332756 -1.820000 -1.332756 -1.820000
-1.304094 -1.820000 -1.304094 -1.820000
-1.275433 -1.820000 -1.275433 -1.820000
-1.246772 -1.820000 -1.246772 -1.820000
-1.218110 -1.820000 -1.218110 -1.820000
-1.189449 -1.820000 -1.189449 -1.820000
-1.160787 -1.820000 -1.160787 -1.820000
-1.132126 -1.820000 -1.132126 -1.820000
-1.103465 -1.820000 -1.103465 -1.820000
-1.074803 -1.820000 -1.074803 -1.820000
-1.046142 -1.820000 -1.046142 -1.820000
-1.017480 -1.820000 -1.017480 -1.820000
-0.988819 -1.820000 -0.988819 -1.820000
-0.960157 -1.820000 -0.960157 -1.820000
-0.931496 -1.820000 -0.931496 -1.820000
-0.902835 -1.820000 -0.902835 -1.820000
-0.874173 -1.820000 -0.874173 -1.820000
-0.845512 -1.820000 -0.845512 -1.820000
-0.816850 -1.820000 -0.816850 -1.820000
-0.788189 -1.820000 -0.788189 -1.820000
-0.759528 -1.820000 -0.759528 -1.820000
-0.730866 -1.820000 -0.730866 -1.820000
-0.702205 -1.820000 -0.702205 -1.820000
-0.673543 -1.820000 -0.673543 -1.820000
-0.644882 -1.820000 -0.644882 -1.820000
-0.616220 -1.820000 -0.616220 -1.820000
-0.587559 -1.820000 -0.587559 -1.820000
-0.558898 -1.820000 -0.558898 -1.820000
-0.530236 -1.820000 -0.530236 -1.820000
-0.501575 -1.820000 -0.501575 -1.820000
-0.472913 -1.820000 -0.472913 -1.820000
-0.444252 -1.820000 -0.444252 -1.820000
-0.415591 -1.820000 -0.415591 -1.820000
-0.386929 -1.820000 -0.386929 -1.820000
-0.358268 -1.820000 -0.358268 -1.820000
-0.329606 -1.820000 -0.329606 -1.820000
-0.300945 -1.820000 -0.300945 -1.820000
-0.272283 -1.820000 -0.272283 -1.820000
-0.243622 -1.820000 -0.243622 -1.820000
-0.214961 -1.820000 -0.214961 -1.820000
-0.186299 -1.820000 -0.186299 -1.820000
-0.157638 -1.820000 -0.157638 -1.820000
-0.128976 -1.820000 -0.128976 -1.820000
-0.100315 -1.820000 -0.100315 -1.820000
-0.071654 -1.820000 -0.071654 -1.820000
-0.042992 -1.820000 -0.042992 -1.820000
-0.014331 -1.820000 -0.014331 -1.820000
0.014331 -1.820000 0.014331 -1.820000
0.042992 -1.820000 0.042992 -1.820000
0.071654 -1.820000 0.071654 -1.820000
0.100315 -1.820000 0.100315 -1.820000
0.128976 -1.820000 0.128976 -1.820000
0.157638 -1.820000 0.157638 -1.820000
0.186299 -1.820000 0.186299 -1.820000
0.214961 -1.820000 0.214961 -1.820000
0.243622 -1.820000 0.243622 -1.820000
0.272283 -1.820000 0.272283 -1.820000
0.300945 -1.820000 0.300945 -1.820000
0.329606 -1.820000 0.329606 -1.820000
0.358268 -1.820000 0.358268 -1.820000
0.386929 -1.820000 0.386929 -1.820000
0.415591 -1.820000 0.415591 -1.820000
0.444252 -1.820000 0.444252 -1.820000
0.472913 -1.820000 0.472913 -1.820000
0.501575 -1.820000 0.501575 -1.820000
0.530236 -1.820000 0.530236 -1.820000
0.558898 -1.820000 0.558898 -1.820000
0.587559 -1.820000 0.587559 -1.820000
0.616220 -1.820000 0.616220 -1.820000
0.644882 -1.820000 0.644882 -1.820000
0.673543 -1.820000 0.673543 -1.820000
0.702205 -1.820000 0.702205 -1.820000
0.730866 -1.820000 0.730866 -1.820000
0.759528 -1.820000 0.759528 -1.820000
0.788189 -1.820000 0.788189 -1.820000
0.816850 -1.820000 0.816850 -1.820000
0.845512 -1.820000 0.845512 -1.820000
0.874173 -1.820000 0.874173 -1.820000
0.902835 -1.820000 0.902835 -1.820000
0.931496 -1.820000 0.931496 -1.820000
0.960157 -1.820000 0.960157 -1.820000
0.988819 -1.820000 0.988819 -1.820000
1.017480 -1.820000 1.017480 -1.820000
1.046142 -1.820000 1.046142 -1.820000
1.074803 -1.820000 1.074803 -1.820000
1.103465 -1.820000 1.103465 -1.820000
1.132126 -1.820000 1.132126 -1.820000
1.160787 -1.820000 1.160787 -1.820000
1.189449 -1.820000 1.189449 -1.820000
1.218110 -1.820000 1.218110 -1.820000
1.246772 -1.820000 1.246772 -1.820000
1.275433 -1.820000 1.275433 -1.820000
1.304094 -1.820000 1.304094 -1.820000
1.332756 -1.820000 1.332756 -1.820000
1.361417 -1.820000 1.361417 -1.820000
1.390079 -1.820000 1.390079 -1.820000
1.418740 -1.820000 1.418740 -1.820000
1.447402 -1.820000 1.447402 -1.820000
1.476063 -1.820000 1.476063 -1.820000
1.504724 -1.820000 1.504724 -1.820000
1.533386 -1.820000 1.533386 -1.820000
1.562047 -1.820000 1.562047 -1.820000
1.590709 -1.820000 1.590709 -1.820000
1.619370 -1.820000 1.619370 -1.820000
1.648031 -1.820000 1.648031 -1.820000
1.676693 -1.820000 1.676693 -1.820000
1.705354 -1.820000 1.705354 -1.820000
1.734016 -1.820000 1.734016 -1.820000
1.762677 -1.820000 1.762677 -1.820000
1.791339 -1.820000 1.791339 -1.820000
1.820000 -1.820000 1.820000 -1.820000
-1.820000 -1.791339 -1.820000 -1.791339
-1.791339 -1.791339 -1.791339 -1.791339
-1.762677 -1.791339 -1.762677 -1.791339
-1.734016 -1.791339 -1.734016 -1.791339
-1.705354 -1.791339 -1.705354 -1.791339
-1.676693 -1.791339 -1.676693 -1.791339
-1.648031 -1.791339 -1.648031 -1.791339
-1.619370 -1.791339 -1.619370 -1.791339
-1.590709 -1.791339 -1.590709 -1.791339
-1.562047 -1.791339 -1.562047 -1.791339
-1.533386 -1.791339 -1.533386 -1.791339
-1.504724 -1.791339 -1.504724 -1.791339
-1.476063 -1.791339 -1.476063 -1.791339
-1.447402 -1.791339 -1.447402 -1.791339
-1.418740 -1.791339 -1.418740 -1.791339
-1.390079 -1.791339 -1.390079 -1.791339
-1.361417 -1.791339 -1.361417 -1.791339
-1.332756 -1.791339 -1.332756 -1.791339
-1.304094 -1.791339 -1.304094 -1.791339
-1.275433 -1.791339 -1.275433 -1.791339
-1.246772 -1.791339 -1.246772 -1.791339
-1.218110 -1.791339 -1.218110 -1.791339
-1.189449 -1.791339 -1.189449 -1.791339
-1.160787 -1.791339 -1.160787 -1.791339
-1.132126 -1.791339 -1.132126 -1.791339
-1.103465 -1.791339 -1.103465 -1.791339
-1.074803 -1.791339 -1.074803 -1.791339
-1.046142 -1.791339 -1.046142 -1.791339
-1.017480 -1.791339 -1.017480 -1.791339
-0.988819 -1.791339 -0.988819 -1.791339
-0.960157 -1.791339 -0.960157 -1.791339
-0.931496 -1.791339 -0.931496 -1.791339
-0.902835 -1.791339 -0.902835 -1.791339
-0.874173 -1.791339 -0.874173 -1.791339
-0.845512 -1.791339 -0.845512 -1.791339
-0.816850 -1.791339 -0.816850 -1.791339
-0.788189 -1.791339 -0.788189 -1.791339
-0.759528 -1.791339 -0.759528 -1.791339
-0.730866 -1.791339 -0.730866 -1.791339
-0.702205 -1.791339 -0.702205 -1.791339
-0.673543 -1.791339 -0.673543 -1.791339
-0.644882 -1.791339 -0.644882 -1.791339
-0.616220 -1.791339 -0.616220 -1.791339
-0.587559 -1.791339 -0.587559 -1.791339
-0.558898 -1.791339 -0.558898 -1.791339
-0.530236 -1.791339 -0.530236 -1.791339
-0.501575 -1.791339 -0.501575 -1.791339
-0.472913 -1.791339 -0.472913 -1.791339
-0.444252 -1.791339 -0.444252 -1.791339
-0.415591 -1.791339 -0.415591 -1.791339
-0.386929 -1.791339 -0.386929 -1.791339
-0.358268 -1.791339 -0.358268 -1.791339
-0.329606 -1.791339 -0.329606 -1.791339
-0.300945 -1.791339 -0.300945 -1.791339
-0.272283 -1.791339 -0.272283 -1.791339
-0.243622 -1.791339 -0.243622 -1.791339
-0.214961 -1.791339 -0.214961 -1.791339
-0.186299 -1.791339 -0.186299 -1.791339
-0.157638 -1.791339 -0.157638 -1.791339
-0.128976 -1.791339 -0.128976 -1.791339
-0.100315 -1.791339 -0.100315 -1.791339
-0.071654 -1.791339 -0.071654 -1.791339
-0.042992 -1.791339 -0.042992 -1.791339
-0.014331 -1.791339 -0.014331 -1.791339
0.014331 -1.791339 0.014331 -1.791339
0.042992 -1.791339 0.042992 -1.791339
0.071654 -1.791339 0.071654 -1.791339
0.100315 -1.791339 0.100315 -1.791339
0.128976 -1.791339 0.128976 -1.791339
0.157638 -1.791339 0.157638 -1.791339
0.186299 -1.791339 0.186299 -1.791339
0.214961 -1.791339 0.214961 -1.791339
0.243622 -1.791339 0.243622 -1.791339
0.272283 -1.791339 0.272283 -1.791339
0.300945 -1.791339 0.300945 -1.791339
0.329606 -1.791339 0.329606 -1.791339
0.358268 -1.791339 0.358268 -1.791339
0.386929 -1.791339 0.386929 -1.791339
0.415591 -1.791339 0.415591 -1.791339
0.444252 -1.791339 0.444252 -1.791339
0.472913 -1.791339 0.472913 -1.791339
0.501575 -1.791339 0.501575 -1.791339
0.530236 -1.791339 0.530236 -1.791339
0.558898 -1.791339 0.558898 -1.791339
0.587559 -1.791339 0.587559 -1.791339
0.616220 -1.791339 0.616220 -1.791339
0.644882 -1.791339 0.644882 -1.791339
0.673543 -1.791339 0.673543 -1.791339
0.702205 -1.791339 0.702205 -1.791339
0.730866 -1.791339 0.730866 -1.791339
0.759528 -1.791339 0.759528 -1.791339
0.788189 -1.791339 0.788189 -1.791339
0.816850 -1.791339 0.816850 -1.791339
0.845512 -1.791339 0.845512 -1.791339
0.874173 -1.791339 0.874173 -1.791339
0.902835 -1.791339 0.902835 -1.791339
0.931496 -1.791339 0.931496 -1.791339
0.960157 -1.791339 0.960157 -1.791339
0.988819 -1.791339 0.988819 -1.791339
1.017480 -1.791339 1.017480 -1.791339
1.046142 -1.791339 1.046142 -1.791339
1.074803 -1.791339 1.074803 -1.791339
1.103465 -1.791339 1.103465 -1.791339
1.132126 -1.791339 1.132126 -1.791339
1.160787 -1.791339 1.160787 -1.791339
1.189449 -1.791339 1.189449 -1.791339
1.218110 -1.791339 1.218110 -1.791339
1.246772 -1.791339 1.246772 -1.791339
1.275433 -1.791339 1.275433 -1.791339
1.304094 -1.791339 1.304094 -1.791339
1.332756 -1.791339 1.332756 -1.791339
1.361417 -1.791339 1.361417 -1.791339
1.390079 -1.791339 1.390079 -1.791339
1.418740 -1.791339 1.418740 -1.791339
1.447402 -1.791339 1.447402 -1.791339
1.476063 -1.791339 1.476063 -1.791339
1.504724 -1.791339 1.504724 -1.791339
1.533386 -1.791339 1.533386 -1.791339
1.562047 -1.791339 1.562047 -1.791339
1.590709 -1.791339 1.590709 -1.791339
1.619370 -1.791339 1.619370 -1.791339
1.648031 -1.791339 1.648031 -1.791339
1.676693 -1.791339 1.676693 -1.791339
1.705354 -1.791339 1.705354 -1.791339
1.734016 -1.791339 1.734016 -1.791339
1.762677 -1.791339 1.762677 -1.791339
1.791339 -1.791339 1.791339 -1.791339
1.820000 -1.791339 1.820000 -1.791339
-1.820000 -1.762677 -1.820000 -1.762677
-1.791339 -1.762677 -1.791339 -1.762677
-1.762677 -1.762677 -1.762677 -1.762677
-1.734016 -1.762677 -1.734016 -1.762677
-1.705354 -1.762677 -1.705354 -1.762677
-1.676693 -1.762677 -1.676693 -1.762677
-1.648031 -1.762677 -1.648031 -1.762677
-1.619370 -1.762677 -1.619370 -1.762677
-1.590709 -1.762677 -1.590709 -1.762677
-1.562047 -1.762677 -1.562047 -1.762677
-1.533386 -1.762677 -1.533386 -1.762677
-1.504724 -1.762677 -1.504724 -1.762677
-1.476063 -1.762677 -1.476063 -1.762677
-1.447402 -1.762677 -1.447402 -1.762677
-1.418740 -1.762677 -1.418740 -1.762677
-1.390079 -1.762677 -1.390079 -1.762677
-1.361417 -1.762677 -1.361417 -1.762677
-1.332756 -1.762677 -1.332756 -1.762677
-1.304094 -1.762677 -1.304094 -1.762677
-1.275433 -1.762677 -1.275433 -1.762677
-1.246772 -1.762677 -1.246772 -1.762677
-1.218110 -1.762677 -1.218110 -1.762677
-1.189449 -1.762677 -1.189449 -1.762677
-1.160787 -1.762677 -1.160787 -1.762677
-1.132126 -1.762677 -1.132126 -1.762677
-1.103465 -1.762677 -1.103465 -1.762677
-1.074803 -1.762677 -1.074803 -1.762677
-1.046142 -1.762677 -1.046142 -1.762677
-1.017480 -1.762677 -1.017480 -1.762677
-0.988819 -1.762677 -0.988819 -1.762677
-0.960157 -1.762677 -0.960157 -1.762677
-0.931496 -1.762677 -0.931496 -1.762677
-0.902835 -1.762677 -0.902835 -1.762677
-0.874173 -1.762677 -0.874173 -1.762677
-0.845512 -1.762677 -0.845512 -1.762677
-0.816850 -1.762677 -0.816850 -1.762677
-0.788189 -1.762677 -0.788189 -1.762677
-0.759528 -1.762677 -0.759528 -1.762677
-0.730866 -1.762677 -0.730866 -1.762677
-0.702205 -1.762677 -0.702205 -1.762677
-0.673543 -1.762677 -0.673543 -1.762677
-0.644882 -1.762677 -0.644882 -1.762677
-0.616220 -1.762677 -0.616220 -1.762677
-0.587559 -1.762677 -0.587559 -1.762677
-0.558898 -1.762677 -0.558898 -1.762677
-0.530236 -1.762677 -0.530236 -1.762677
-0.501575 -1.762677 -0.501575 -1.762677
-0.472913 -1.762677 -0.472913 -1.762677
-0.444252 -1.762677 -0.444252 -1.762677
-0.415591 -1.762677 -0.415591 -1.762677
-0.386929 -1.762677 -0.386929 -1.762677
-0.358268 -1.762677 -0.358268 -1.762677
-0.329606 -1.762677 -0.329606 -1.762677
-0.300945 -1.762677 -0.300945 -1.762677
-0.272283 -1.762677 -0.272283 -1.762677
-0.243622 -1.762677 -0.243622 -1.762677
-0.214961 -1.762677 -0.214961 -1.762677
-0.186299 -1.762677 -0.186299 -1.762677
-0.157638 -1.762677 -0.157638 -1.762677
-0.128976 -1.762677 -0.128976 -1.762677
-0.100315 -1.762677 -0.100315 -1.762677
-0.071654 -1.762677 -0.071654 -1.762677
-0.042992 -1.762677 -0.042992 -1.762677
-0.014331 -1.762677 -0.014331 -1.762677
0.014331 -1.762677 0.014331 -1.762677
0.042992 -1.762677 0.042992 -1.762677
0.071654 -1.762677 0.071654 -1.762677
0.100315 -1.762677 0.100315 -1.762677
0.128976 -1.762677 0.128976 -1.762677
0.157638 -1.762677 0.157638 -1.762677
0.186299 -1.762677 0.186299 -1.762677
0.214961 -1.762677 0.214961 -1.762677
0.243622 -1.762677 0.243622 -1.762677
0.272283 -1.762677 0.272283 -1.762677
0.300945 -1.762677 0.300945 -1.762677
0.329606 -1.762677 0.329606 -1.762677
0.358268 -1.762677 0.358268 -1.762677
0.386929 -1.762677 0.386929 -1.762677
0.415591 -1.762677 0.415591 -1.762677
0.444252 -1.762677 0.444252 -1.762677
0.472913 -1.762677 0.472913 -1.762677
0.501575 -1.762677 0.501575 -1.762677
0.530236 -1.762677 0.530236 -1.762677
0.558898 -1.762677 0.558898 -1.762677
0.587559 -1.762677 0.587559 -1.762677
0.616220 -1.762677 0.616220 -1.762677
0.644882 -1.762677 0.644882 -1.762677
0.673543 -1.762677 0.673543 -1.762677
0.702205 -1.762677 0.702205 -1.762677
0.730866 -1.762677 0.730866 -1.762677
0.759528 -1.762677 0.759528 -1.762677
0.788189 -1.762677 0.788189 -1.762677
0.816850 -1.762677 0.816850 -1.762677
0.845512 -1.762677 0.845512 -1.762677
0.874173 -1.762677 0.874173 -1.762677
0.902835 -1.762677 0.902835 -1.762677
0.931496 -1.762677 0.931496 -1.762677
0.960157 -1.762677 0.960157 -1.762677
0.988819 -1.762677 0.988819 -1.762677
1.017480 -1.762677 1.017480 -1.762677
1.046142 -1.762677 1.046142 -1.762677
1.074803 -1.762677 1.074803 -1.762677
1.103465 -1.762677 1.103465 -1.762677
1.132126 -1.762677 1.132126 -1.762677
1.160787 -1.762677 1.160787 -1.762677
1.189449 -1.762677 1.189449 -1.762677
1.218110 -1.762677 1.218110 -1.762677
1.246772 -1.762677 1.246772 -1.762677
1.275433 -1.762677 1.275433 -1.762677
1.304094 -1.762677 1.304094 -1.762677
1.332756 -1.762677 1.332756 -1.762677
1.361417 -1.762677 1.361417 -1.762677
1.390079 -1.762677 1.390079 -1.762677
1.418740 -1.762677 1.418740 -1.762677
1.447402 -1.762677 1.447402 -1.762677
1.476063 -1.762677 1.476063 -1.762677
1.504724 -1.762677 1.504724 -1.762677
1.533386 -1.762677 1.533386 -1.762677
1.562047 -1.762677 1.562047 -1.762677
1.590709 -1.762677 1.590709 -1.762677
1.619370 -1.762677 1.619370 -1.762677
1.648031 -1.762677 1.648031 -1.762677
1.676693 -1.762677 1.676693 -1.762677
1.705354 -1.762677 1.705354 -1.762677
1.734016 -1.762677 1.734016 -1.762677
1.762677 -1.762677 1.762677 -1.762677
1.791339 -1.762677 1.791339 -1.762677
1.820000 -1.762677 1.820000 -1.762677
-1.820000 -1.734016 -1.820000 -1.734016
-1.791339 -1.734016 -1.791339 -1.734016
-1.762677 -1.734016 -1.762677 -1.734016
-1.734016 -1.734016 -1.734016 -1.734016
-1.705354 -1.734016 -1.705354 -1.734016
-1.676693 -1.734016 -1.676693 -1.734016
-1.648031 -1.734016 -1.648031 -1.734016
-1.619370 -1.734016 -1.619370 -1.734016
-1.590709 -1.734016 -1.590709 -1.734016
-1.562047 -1.734016 -1.562047 -1.734016
-1.533386 -1.734016 -1.533386 -1.734016
-1.504724 -1.734016 -1.504724 -1.734016
-1.476063 -1.734016 -1.476063 -1.734016
-1.447402 -1.734016 -1.447402 -1.734016
-1.418740 -1.734016 -1.418740 -1.734016
-1.390079 -1.734016 -1.390079 -1.734016
-1.361417 -1.734016 -1.361417 -1.734016
-1.332756 -1.734016 -1.332756 -1.734016
-1.304094 -1.734016 -1.304094 -1.734016
-1.275433 -1.734016 -1.275433 -1.734016
-1.246772 -1.734016 -1.246772 -1.734016
-1.218110 -1.734016 -1.218110 -1.734016
-1.189449 -1.734016 -1.189449 -1.734016
-1.160787 -1.734016 -1.160787 -1.734016
-1.132126 -1.734016 -1.132126 -1.734016
-1.103465 -1.734016 -1.103465 -1.734016
-1.074803 -1.734016 -1.074803 -1.734016
-1.046142 -1.734016 -1.046142 -1.734016
-1.017480 -1.734016 -1.017480 -1.734016
-0.988819 -1.734016 -0.988819 -1.734016
-0.960157 -1.734016 -0.960157 -1.734016
-0.931496 -1.734016 -0.931496 -1.734016
-0.902835 -1.734016 -0.902835 -1.734016
-0.874173 -1.734016 -0.874173 -1.734016
-0.845512 -1.734016 -0.845512 -1.734016
-0.816850 -1.734016 -0.816850 -1.734016
-0.788189 -1.734016 -0.788189 -1.734016
-0.759528 -1.734016 -0.759528 -1.734016
-0.730866 -1.734016 -0.730866 -1.734016
-0.702205 -1.734016 -0.702205 -1.734016
-0.673543 -1.734016 -0.673543 -1.734016
-0.644882 -1.734016 -0.644882 -1.734016
-0.616220 -1.734016 -0.616220 -1.734016
-0.587559 -1.734016 -0.587559 -1.734016
-0.558898 -1.734016 -0.558898 -1.734016
-0.530236 -1.734016 -0.530236 -1.734016
-0.501575 -1.734016 -0.501575 -1.734016
-0.472913 -1.734016 -0.472913 -1.734016
-0.444252 -1.734016 -0.444252 -1.734016
-0.415591 -1.734016 -0.415591 -1.734016
-0.386929 -1.734016 -0.386929 -1.734016
-0.358268 -1.734016 -0.358268 -1.734016
-0.329606 -1.734016 -0.329606 -1.734016
-0.300945 -1.734016 -0.300945 -1.734016
-0.272283 -1.734016 -0.272283 -1.734016
-0.243622 -1.734016 -0.243622 -1.734016
-0.214961 -1.734016 -0.214961 -1.734016
-0.186299 -1.734016 -0.186299 -1.734016
-0.157638 -1.734016 -0.157638 -1.734016
-0.128976 -1.734016 -0.128976 -1.734016
-0.100315 -1.734016 -0.100315 -1.734016
-0.071654 -1.734016 -0.071654 -1.734016
-0.042992 -1.734016 -0.042992 -1.734016
-0.014331 -1.734016 -0.014331 -1.734016
0.014331 -1.734016 0.014331 -1.734016
0.042992 -1.734016 0.042992 -1.734016
0.071654 -1.734016 0.071654 -1.734016
0.100315 -1.734016 0.100315 -1.734016
0.128976 -1.734016 0.128976 -1.734016
0.157638 -1.734016 0.157638 -1.734016
0.186299 -1.734016 0.186299 -1.734016
0.214961 -1.734016 0.214961 -1.734016
0.243622 -1.734016 0.243622 -1.734016
0.272283 -1.734016 0.272283 -1.734016
0.300945 -1.734016 0.300945 -1.734016
0.329606 -1.734016 0.329606 -1.734016
0.358268 -1.734016 0.358268 -1.734016
0.386929 -1.734016 0.386929 -1.734016
0.415591 -1.734016 0.415591 -1.734016
0.444252 -1.734016 0.444252 -1.734016
0.472913 -1.734016 0.472913 -1.734016
0.501575 -1.734016 0.501575 -1.734016
0.530236 -1.734016 0.530236 -1.734016
0.558898 -1.734016 0.558898 -1.734016
0.587559 -1.734016 0.587559 -1.734016
0.616220 -1.734016 0.616220 -1.734016
0.644882 -1.734016 0.644882 -1.734016
0.673543 -1.734016 0.673543 -1.734016
0.702205 -1.734016 0.702205 -1.734016
0.730866 -1.734016 0.730866 -1.734016
0.759528 -1.734016 0.759528 -1.734016
0.788189 -1.734016 0.788189 -1.734016
0.816850 -1.734016 0.816850 -1.734016
0.845512 -1.734016 0.845512 -1.734016
0.874173 -1.734016 0.874173 -1.734016
0.902835 -1.734016 0.902835 -1.734016
0.931496 -1.734016 0.931496 -1.734016
0.960157 -1.734016 0.960157 -1.734016
0.988819 -1.734016 0.988819 -1.734016
1.017480 -1.734016 1.017480 -1.734016
1.046142 -1.734016 1.046142 -1.734016
1.074803 -1.734016 1.074803 -1.734016
1.103465 -1.734016 1.103465 -1.734016
1.132126 -1.734016 1.132126 -1.734016
1.160787 -1.734016 1.160787 -1.734016
1.189449 -1.734016 1.189449 -1.734016
1.218110 -1.734016 1.218110 -1.734016
1.246772 -1.734016 1.246772 -1.734016
1.275433 -1.734016 1.275433 -1.734016
1.304094 -1.734016 1.304094 -1.734016
1.332756 -1.734016 1.332756 -1.734016
1.361417 -1.734016 1.361417 -1.734016
1.390079 -1.734016 1.390079 -1.734016
1.418740 -1.734016 1.418740 -1.734016
1.447402 -1.734016 1.447402 -1.734016
1.476063 -1.734016 1.476063 -1.734016
1.504724 -1.734016 1.504724 -1.734016
1.533386 -1.734016 1.533386 -1.734016
1.562047 -1.734016 1.562047 -1.734016
1.590709 -1.734016 1.590709 -1.734016
1.619370 -1.734016 1.619370 -1.734016
1.648031 -1.734016 1.648031 -1.734016
1.676693 -1.734016 1.676693 -1.734016
1.705354 -1.734016 1.705354 -1.734016
1.734016 -1.734016 1.734016 -1.734016
1.762677 -1.734016 1.762677 -1.734016
1.791339 -1.734016 1.791339 -1.734016
1.820000 -1.734016 1.820000 -1.734016
-1.820000 -1.705354 -1.820000 -1.705354
-1.791339 -1.705354 -1.791339 -1.705354
-1.762677 -1.705354 -1.762677 -1.705354
-1.734016 -1.705354 -1.734016 -1.705354
-1.705354 -1.705354 -1.705354 -1.705354
-1.676693 -1.705354 -1.676693 -1.705354
-1.648031 -1.705354 -1.648031 -1.705354
-1.619370 -1.705354 -1.619370 -1.705354
-1.590709 -1.705354 -1.590709 -1.705354
-1.562047 -1.705354 -1.562047 -1.705354
-1.533386 -1.705354 -1.533386 -1.705354
-1.504724 -1.705354 -1.504724 -1.705354
-1.476063 -1.705354 -1.476063 -1.705354
-1.447402 -1.705354 -1.447402 -1.705354
-1.418740 -1.705354 -1.418740 -1.705354
-1.390079 -1.705354 -1.390079 -1.705354
-1.361417 -1.705354 -1.361417 -1.705354
-1.332756 -1.705354 -1.332756 -1.705354
-1.304094 -1.705354 -1.304094 -1.705354
-1.275433 -1.705354 -1.275433 -1.705354
-1.246772 -1.705354 -1.246772 -1.705354
-1.218110 -1.705354 -1.218110 -1.705354
-1.189449 -1.705354 -1.189449 -1.705354
-1.160787 -1.705354 -1.160787 -1.705354
-1.132126 -1.705354 -1.132126 -1.705354
-1.103465 -1.705354 -1.103465 -1.705354
-1.074803 -1.705354 -1.074803 -1.705354
-1.046142 -1.705354 -1.046142 -1.705354
-1.017480 -1.705354 -1.017480 -1.705354
-0.988819 -1.705354 -0.988819 -1.705354
-0.960157 -1.705354 -0.960157 -1.705354
-0.931496 -1.705354 -0.931496 -1.705354
-0.902835 -1.705354 -0.902835 -1.705354
-0.874173 -1.705354 -0.874173 -1.705354
-0.845512 -1.705354 -0.845512 -1.705354
-0.816850 -1.705354 -0.816850 -1.705354
-0.788189 -1.705354 -0.788189 -1.705354
-0.759528 -1.705354 -0.759528 -1.705354
-0.730866 -1.705354 -0.730866 -1.705354
-0.702205 -1.705354 -0.702205 -1.705354
-0.673543 -1.705354 -0.673543 -1.705354
-0.644882 -1.705354 -0.644882 -1.705354
-0.616220 -1.705354 -0.616220 -1.705354
-0.587559 -1.705354 -0.587559 -1.705354
-0.558898 -1.705354 -0.558898 -1.705354
-0.530236 -1.705354 -0.530236 -1.705354
-0.501575 -1.705354 -0.501575 -1.705354
-0.472913 -1.705354 -0.472913 -1.705354
-0.444252 -1.705354 -0.444252 -1.705354
-0.415591 -1.705354 -0.415591 -1.705354
-0.386929 -1.705354 -0.386929 -1.705354
-0.358268 -1.705354 -0.358268 -1.705354
-0.329606 -1.705354 -0.329606 -1.705354
-0.300945 -1.705354 -0.300945 -1.705354
-0.272283 -1.705354 -0.272283 -1.705354
-0.243622 -1.705354 -0.243622 -1.705354
-0.214961 -1.705354 -0.214961 -1.705354
-0.186299 -1.705354 -0.186299 -1.705354
-0.157638 -1.705354 -0.157638 -1.705354
-0.128976 -1.705354 -0.128976 -1.705354
-0.100315 -1.705354 -0.100315 -1.705354
-0.071654 -1.705354 -0.071654 -1.705354
-0.042992 -1.705354 -0.042992 -1.705354
-0.014331 -1.705354 -0.014331 -1.705354
0.014331 -1.705354 0.014331 -1.705354
0.042992 -1.705354 0.042992 -1.705354
0.071654 -1.705354 0.071654 -1.705354
0.100315 -1.705354 0.100315 -1.705354
0.128976 -1.705354 0.128976 -1.705354
0.157638 -1.705354 0.157638 -1.705354
0.186299 -1.705354 0.186299 -1.705354
0.214961 -1.705354 0.214961 -1.705354
0.243622 -1.705354 0.243622 -1.705354
0.272283 -1.705354 0.272283 -1.705354
0.300945 -1.705354 0.300945 -1.705354
0.329606 -1.705354 0.329606 -1.705354
0.358268 -1.705354 0.358268 -1.705354
0.386929 -1.705354 0.386929 -1.705354
0.415591 -1.705354 0.415591 -1.705354
0.444252 -1.705354 0.444252 -1.705354
0.472913 -1.705354 0.472913 -1.705354
0.501575 -1.705354 0.501575 -1.705354
0.530236 -1.705354 0.530236 -1.705354
0.558898 -1.705354 0.558898 -1.705354
0.587559 -1.705354 0.587559 -1.705354
0.616220 -1.705354 0.616220 -1.705354
0.644882 -1.705354 0.644882 -1.705354
0.673543 -1.705354 0.673543 -1.705354
0.702205 -1.705354 0.702205 -1.705354
0.730866 -1.705354 0.730866 -1.705354
0.759528 -1.705354 0.759528 -1.705354
0.788189 -1.705354 0.788189 -1.705354
0.816850 -1.705354 0.816850 -1.705354
0.845512 -1.705354 0.845512 -1.705354
0.874173 -1.705354 0.874173 -1.705354
0.902835 -1.705354 0.902835 -1.705354
0.931496 -1.705354 0.931496 -1.705354
0.960157 -1.705354 0.960157 -1.705354
0.988819 -1.705354 0.988819 -1.705354
1.017480 -1.705354 1.017480 -1.705354
1.046142 -1.705354 1.046142 -1.705354
1.074803 -1.705354 1.074803 -1.705354
1.103465 -1.705354 1.103465 -1.705354
1.132126 -1.705354 1.132126 -1.705354
1.160787 -1.705354 1.160787 -1.705354
1.189449 -1.705354 1.189449 -1.705354
1.218110 -1.705354 1.218110 -1.705354
1.246772 -1.705354 1.246772 -1.705354
1.275433 -1.705354 1.275433 -1.705354
1.304094 -1.705354 1.304094 -1.705354
1.332756 -1.705354 1.332756 -1.705354
1.361417 -1.705354 1.361417 -1.705354
1.390079 -1.705354 1.390079 -1.705354
1.418740 -1.705354 1.418740 -1.705354
1.447402 -1.705354 1.447402 -1.705354
1.476063 -1.705354 1.476063 -1.705354
1.504724 -1.705354 1.504724 -1.705354
1.533386 -1.705354 1.533386 -1.705354
1.562047 -1.705354 1.562047 -1.705354
1.590709 -1.705354 1.590709 -1.705354
1.619370 -1.705354 1.619370 -1.705354
1.648031 -1.705354 1.648031 -1.705354
1.676693 -1.705354 1.676693 -1.705354
1.705354 -1.705354 1.705354 -1.705354
1.734016 -1.705354 1.734016 -1.705354
1.762677 -1.705354 1.762677 -1.705354
1.791339 -1.705354 1.791339 -1.705354
1.820000 -1.705354 1.820000 -1.705354
-1.820000 -1.676693 -1.820000 -1.676693
-1.791339 -1.676693 -1.791339 -1.676693
-1.762677 -1.676693 -1.762677 -1.676693
-1.734016 -1.676693 -1.734016 -1.676693
-1.705354 -1.676693 -1.705354 -1.676693
-1.676693 -1.676693 -1.676693 -1.676693
-1.648031 -1.676693 -1.648031 -1.676693
-1.619370 -1.676693 -1.619370 -1.676693
-1.590709 -1.676693 -1.590709 -1.676693
-1.562047 -1.676693 -1.562047 -1.676693
-1.533386 -1.676693 -1.533386 -1.676693
-1.504724 -1.676693 -1.504724 -1.676693
-1.476063 -1.676693 -1.476063 -1.676693
-1.447402 -1.676693 -1.447402 -1.676693
-1.418740 -1.676693 -1.418740 -1.676693
-1.390079 -1.676693 -1.390079 -1.676693
-1.361417 -1.676693 -1.361417 -1.676693
-1.332756 -1.676693 -1.332756 -1.676693
-1.304094 -1.676693 -1.304094 -1.676693
-1.275433 -1.676693 -1.275433 -1.676693
-1.246772 -1.676693 -1.246772 -1.676693
-1.218110 -1.676693 -1.218110 -1.676693
-1.189449 -1.676693 -1.189449 -1.676693
-1.160787 -1.676693 -1.160787 -1.676693
-1.132126 -1.676693 -1.132126 -1.676693
-1.103465 -1.676693 -1.103465 -1.676693
-1.074803 -1.676693 -1.074803 -1.676693
-1.046142 -1.676693 -1.046142 -1.676693
-1.017480 -1.676693 -1.017480 -1.676693
-0.988819 -1.676693 -0.988819 -1.676693
-0.960157 -1.676693 -0.960157 -1.676693
-0.931496 -1.676693 -0.931496 -1.676693
-0.902835 -1.676693 -0.902835 -1.676693
-0.874173 -1.676693 -0.874173 -1.676693
-0.845512 -1.676693 -0.845512 -1.676693
-0.816850 -1.676693 -0.816850 -1.676693
-0.788189 -1.676693 -0.788189 -1.676693
-0.759528 -1.676693 -0.759528 -1.676693
-0.730866 -1.676693 -0.730866 -1.676693
-0.702205 -1.676693 -0.702205 -1.676693
-0.673543 -1.676693 -0.673543 -1.676693
-0.644882 -1.676693 -0.644882 -1.676693
-0.616220 -1.676693 -0.616220 -1.676693
-0.587559 -1.676693 -0.587559 -1.676693
-0.558898 -1.676693 -0.558898 -1.676693
-0.530236 -1.676693 -0.530236 -1.676693
-0.501575 -1.676693 -0.501575 -1.676693
-0.472913 -1.676693 -0.472913 -1.676693
-0.444252 -1.676693 -0.444252 -1.676693
-0.415591 -1.676693 -0.415591 -1.676693
-0.386929 -1.676693 -0.386929 -1.676693
-0.358268 -1.676693 -0.358268 -1.676693
-0.329606 -1.676693 -0.329606 -1.676693
-0.300945 -1.676693 -0.300945 -1.676693
-0.272283 -1.676693 -0.272283 -1.676693
-0.243622 -1.676693 -0.243622 -1.676693
-0.214961 -1.676693 -0.214961 -1.676693
-0.186299 -1.676693 -0.186299 -1.676693
-0.157638 -1.676693 -0.157638 -1.676693
-0.128976 -1.676693 -0.128976 -1.676693
-0.100315 -1.676693 -0.100315 -1.676693
-0.071654 -1.676693 -0.071654 -1.676693
-0.042992 -1.676693 -0.042992 -1.676693
-0.014331 -1.676693 -0.014331 -1.676693
0.014331 -1.676693 0.014331 -1.676693
0.042992 -1.676693 0.042992 -1.676693
0.071654 -1.676693 0.071654 -1.676693
0.100315 -1.676693 0.100315 -1.676693
0.128976 -1.676693 0.128976 -1.676693
0.157638 -1.676693 0.157638 -1.676693
0.186299 -1.676693 0.186299 -1.676693
0.214961 -1.676693 0.214961 -1.676693
0.243622 -1.676693 0.243622 -1.676693
0.272283 -1.676693 0.272283 -1.676693
0.300945 -1.676693 0.300945 -1.676693
0.329606 -1.676693 0.329606 -1.676693
0.358268 -1.676693 0.358268 -1.676693
0.386929 -1.676693 0.386929 -1.676693
0.415591 -1.676693 0.415591 -1.676693
0.444252 -1.676693 0.444252 -1.676693
0.472913 -1.676693 0.472913 -1.676693
0.501575 -1.676693 0.501575 -1.676693
0.530236 -1.676693 0.530236 -1.676693
0.558898 -1.676693 0.558898 -1.676693
0.587559 -1.676693 0.587559 -1.676693
0.616220 -1.676693 0.616220 -1.676693
0.644882 -1.676693 0.644882 -1.676693
0.673543 -1.676693 0.673543 -1.676693
0.702205 -1.676693 0.702205 -1.676693
0.730866 -1.676693 0.730866 -1.676693
0.759528 -1.676693 0.759528 -1.676693
0.788189 -1.676693 0.788189 -1.676693
0.816850 -1.676693 0.816850 -1.676693
0.845512 -1.676693 0.845512 -1.676693
0.874173 -1.676693 0.874173 -1.676693
0.902835 -1.676693 0.902835 -1.676693
0.931496 -1.676693 0.931496 -1.676693
0.960157 -1.676693 0.960157 -1.676693
0.988819 -1.676693 0.988819 -1.676693
1.017480 -1.676693 1.017480 -1.676693
1.046142 -1.676693 1.046142 -1.676693
1.074803 -1.676693 1.074803 -1.676693
1.103465 -1.676693 1.103465 -1.676693
1.132126 -1.676693 1.132126 -1.676693
1.160787 -1.676693 1.160787 -1.676693
1.189449 -1.676693 1.189449 -1.676693
1.218110 -1.676693 1.218110 -1.676693
1.246772 -1.676693 1.246772 -1.676693
1.275433 -1.676693 1.275433 -1.676693
1.304094 -1.676693 1.304094 -1.676693
1.332756 -1.676693 1.332756 -1.676693
1.361417 -1.676693 1.361417 -1.676693
1.390079 -1.676693 1.390079 -1.676693
1.418740 -1.676693 1.418740 -1.676693
1.447402 -1.676693 1.447402 -1.676693
1.476063 -1.676693 1.476063 -1.676693
1.504724 -1.676693 1.504724 -1.676693
1.533386 -1.676693 1.533386 -1.676693
1.562047 -1.676693 1.562047 -1.676693
1.590709 -1.676693 1.590709 -1.676693
1.619370 -1.676693 1.619370 -1.676693
1.648031 -1.676693 1.648031 -1.676693
1.676693 -1.676693 1.676693 -1.676693
1.705354 -1.676693 1.705354 -1.676693
1.734016 -1.676693 1.734016 -1.676693
1.762677 -1.676693 1.762677 -1.676693
1.791339 -1.676693 1.791339 -1.676693
1.820000 -1.676693 1.820000 -1.676693
-1.820000 -1.648031 -1.820000 -1.648031
-1.791339 -1.648031 -1.791339 -1.648031
-1.762677 -1.648031 -1.762677 -1.648031
-1.734016 -1.648031 -1.734016 -1.648031
-1.705354 -1.648031 -1.705354 -1.648031
-1.676693 -1.648031 -1.676693 -1.648031
-1.648031 -1.648031 -1.648031 -1.648031
-1.619370 -1.648031 -1.619370 -1.648031
-1.590709 -1.648031 -1.590709 -1.648031
-1.562047 -1.648031 -1.562047 -1.648031
-1.533386 -1.648031 -1.533386 -1.648031
-1.504724 -1.648031 -1.504724 -1.648031
-1.476063 -1.648031 -1.476063 -1.648031
-1.447402 -1.648031 -1.447402 -1.648031
-1.418740 -1.648031 -1.418740 -1.648031
-1.390079 -1.648031 -1.390079 -1.648031
-1.361417 -1.648031 -1.361417 -1.648031
-1.332756 -1.648031 -1.332756 -1.648031
-1.304094 -1.648031 -1.304094 -1.648031
-1.275433 -1.648031 -1.275433 -1.648031
-1.246772 -1.648031 -1.246772 -1.648031
-1.218110 -1.648031 -1.218110 -1.648031
-1.189449 -1.648031 -1.189449 -1.648031
-1.160787 -1.648031 -1.160787 -1.648031
-1.132126 -1.648031 -1.132126 -1.648031
-1.103465 -1.648031 -1.103465 -1.648031
-1.074803 -1.648031 -1.074803 -1.648031
-1.046142 -1.648031 -1.046142 -1.648031
-1.017480 -1.648031 -1.017480 -1.648031
-0.988819 -1.648031 -0.988819 -1.648031
-0.960157 -1.648031 -0.960157 -1.648031
-0.931496 -1.648031 -0.931496 -1.648031
-0.902835 -1.648031 -0.902835 -1.648031
-0.874173 -1.648031 -0.874173 -1.648031
-0.845512 -1.648031 -0.845512 -1.648031
-0.816850 -1.648031 -0.816850 -1.648031
-0.788189 -1.648031 -0.788189 -1.648031
-0.759528 -1.648031 -0.759528 -1.648031
-0.730866 -1.648031 -0.730866 -1.648031
-0.702205 -1.648031 -0.702205 -1.648031
-0.673543 -1.648031 -0.673543 -1.648031
-0.644882 -1.648031 -0.644882 -1.648031
-0.616220 -1.648031 -0.616220 -1.648031
-0.587559 -1.648031 -0.587559 -1.648031
-0.558898 -1.648031 -0.558898 -1.648031
-0.530236 -1.648031 -0.530236 -1.648031
-0.501575 -1.648031 -0.501575 -1.648031
-0.472913 -1.648031 -0.472913 -1.648031
-0.444252 -1.648031 -0.444252 -1.648031
-0.415591 -1.648031 -0.415591 -1.648031
-0.386929 -1.648031 -0.386929 -1.648031
-0.358268 -1.648031 -0.358268 -1.648031
-0.329606 -1.648031 -0.329606 -1.648031
-0.300945 -1.648031 -0.300945 -1.648031
-0.272283 -1.648031 -0.272283 -1.648031
-0.243622 -1.648031 -0.243622 -1.648031
-0.214961 -1.648031 -0.214961 -1.648031
-0.186299 -1.648031 -0.186299 -1.648031
-0.157638 -1.648031 -0.157638 -1.648031
-0.128976 -1.648031 -0.128976 -1.648031
-0.100315 -1.648031 -0.100315 -1.648031
-0.071654 -1.648031 -0.071654 -1.648031
-0.042992 -1.648031 -0.042992 -1.648031
-0.014331 -1.648031 -0.014331 -1.648031
0.014331 -1.648031 0.014331 -1.648031
0.042992 -1.648031 0.042992 -1.648031
0.071654 -1.648031 0.071654 -1.648031
0.100315 -1.648031 0.100315 -1.648031
0.128976 -1.648031 0.128976 -1.648031
0.157638 -1.648031 0.157638 -1.648031
0.186299 -1.648031 0.186299 -1.648031
0.214961 -1.648031 0.214961 -1.648031
0.243622 -1.648031 0.243622 -1.648031
0.272283 -1.648031 0.272283 -1.648031
0.300945 -1.648031 0.300945 -1.648031
0.329606 -1.648031 0.329606 -1.648031
0.358268 -1.648031 0.358268 -1.648031
0.386929 -1.648031 0.386929 -1.648031
0.415591 -1.648031 0.415591 -1.648031
0.444252 -1.648031 0.444252 -1.648031
0.472913 -1.648031 0.472913 -1.648031
0.501575 -1.648031 0.501575 -1.648031
0.530236 -1.648031 0.530236 -1.648031
0.558898 -1.648031 0.558898 -1.648031
0.587559 -1.648031 0.587559 -1.648031
0.616220 -1.648031 0.616220 -1.648031
0.644882 -1.648031 0.644882 -1.648031
0.673543 -1.648031 0.673543 -1.648031
0.702205 -1.648031 0.702205 -1.648031
0.730866 -1.648031 0.730866 -1.648031
0.759528 -1.648031 0.759528 -1.648031
0.788189 -1.648031 0.788189 -1.648031
0.816850 -1.648031 0.816850 -1.648031
0.845512 -1.648031 0.845512 -1.648031
0.874173 -1.648031 0.874173 -1.648031
0.902835 -1.648031 0.902835 -1.648031
0.931496 -1.648031 0.931496 -1.648031
0.960157 -1.648031 0.960157 -1.648031
0.988819 -1.648031 0.988819 -1.648031
1.017480 -1.648031 1.017480 -1.648031
1.046142 -1.648031 1.046142 -1.648031
1.074803 -1.648031 1.074803 -1.648031
1.103465 -1.648031 1.103465 -1.648031
1.132126 -1.648031 1.132126 -1.648031
1.160787 -1.648031 1.160787 -1.648031
1.189449 -1.648031 1.189449 -1.648031
1.218110 -1.648031 1.218110 -1.648031
1.246772 -1.648031 1.246772 -1.648031
1.275433 -1.648031 1.275433 -1.648031
1.304094 -1.648031 1.304094 -1.648031
1.332756 -1.648031 1.332756 -1.648031
1.361417 -1.648031 1.361417 -1.648031
1.390079 -1.648031 1.390079 -1.648031
1.418740 -1.648031 1.418740 -1.648031
1.447402 -1.648031 1.447402 -1.648031
1.476063 -1.648031 1.476063 -1.648031
1.504724 -1.648031 1.504724 -1.648031
1.533386 -1.648031 1.533386 -1.648031
1.562047 -1.648031 1.562047 -1.648031
1.590709 -1.648031 1.590709 -1.648031
1.619370 -1.648031 1.619370 -1.648031
1.648031 -1.648031 1.648031 -1.648031
1.676693 -1.648031 1.676693 -1.648031
1.705354 -1.648031 1.705354 -1.648031
1.734016 -1.648031 1.734016 -1.648031
1.762677 -1.648031 1.762677 -1.648031
1.791339 -1.648031 1.791339 -1.648031
1.820000 -1.648031 1.820000 -1.648031
-1.820000 -1.619370 -1.820000 -1.619370
-1.791339 -1.619370 -1.791339 -1.619370
-1.762677 -1.619370 -1.762677 -1.619370
-1.734016 -1.619370 -1.734016 -1.619370
-1.705354 -1.619370 -1.705354 -1.619370
-1.676693 -1.619370 -1.676693 -1.619370
-1.648031 -1.619370 -1.648031 -1.619370
-1.619370 -1.619370 -1.619370 -1.619370
-1.590709 -1.619370 -1.590709 -1.619370
-1.562047 -1.619370 -1.562047 -1.619370
-1.533386 -1.619370 -1.533386 -1.619370
-1.504724 -1.619370 -1.504724 -1.619370
-1.476063 -1.619370 -1.476063 -1.619370
-1.447402 -1.619370 -1.447402 -1.619370
-1.418740 -1.619370 -1.418740 -1.619370
-1.390079 -1.619370 -1.390079 -1.619370
-1.361417 -1.619370 -1.361417 -1.619370
-1.332756 -1.619370 -1.332756 -1.619370
-1.304094 -1.619370 -1.304094 -1.619370
-1.275433 -1.619370 -1.275433 -1.619370
-1.246772 -1.619370 -1.246772 -1.619370
-1.218110 -1.619370 -1.218110 -1.619370
-1.189449 -1.619370 -1.189449 -1.619370
-1.160787 -1.619370 -1.160787 -1.619370
-1.132126 -1.619370 -1.132126 -1.619370
-1.103465 -1.619370 -1.103465 -1.619370
-1.074803 -1.619370 -1.074803 -1.619370
-1.046142 -1.619370 -1.046142 -1.619370
-1.017480 -1.619370 -1.017480 -1.619370
-0.988819 -1.619370 -0.988819 -1.619370
-0.960157 -1.619370 -0.960157 -1.619370
-0.931496 -1.619370 -0.931496 -1.619370
-0.902835 -1.619370 -0.902835 -1.619370
-0.874173 -1.619370 -0.874173 -1.619370
-0.845512 -1.619370 -0.845512 -1.619370
-0.816850 -1.619370 -0.816850 -1.619370
-0.788189 -1.619370 -0.788189 -1.619370
-0.759528 -1.619370 -0.759528 -1.619370
-0.730866 -1.619370 -0.730866 -1.619370
-0.702205 -1.619370 -0.702205 -1.619370
-0.673543 -1.619370 -0.673543 -1.619370
-0.644882 -1.619370 -0.644882 -1.619370
-0.616220 -1.619370 -0.616220 -1.619370
-0.587559 -1.619370 -0.587559 -1.619370
-0.558898 -1.619370 -0.558898 -1.619370
-0.530236 -1.619370 -0.530236 -1.619370
-0.501575 -1.619370 -0.501575 -1.619370
-0.472913 -1.619370 -0.472913 -1.619370
-0.444252 -1.619370 -0.444252 -1.619370
-0.415591 -1.619370 -0.415591 -1.619370
-0.386929 -1.619370 -0.386929 -1.619370
-0.358268 -1.619370 -0.358268 -1.619370
-0.329606 -1.619370 -0.329606 -1.619370
-0.300945 -1.619370 -0.300945 -1.619370
-0.272283 -1.619370 -0.272283 -1.619370
-0.243622 -1.619370 -0.243622 -1.619370
-0.214961 -1.619370 -0.214961 -1.619370
-0.186299 -1.619370 -0.186299 -1.619370
-0.157638 -1.619370 -0.157638 -1.619370
-0.128976 -1.619370 -0.128976 -1.619370
-0.100315 -1.619370 -0.100315 -1.619370
-0.071654 -1.619370 -0.071654 -1.619370
-0.042992 -1.619370 -0.042992 -1.619370
-0.014331 -1.619370 -0.014331 -1.619370
0.014331 -1.619370 0.014331 -1.619370
0.042992 -1.619370 0.042992 -1.619370
0.071654 -1.619370 0.071654 -1.619370
0.100315 -1.619370 0.100315 -1.619370
0.128976 -1.619370 0.128976 -1.619370
0.157638 -1.619370 0.157638 -1.619370
0.186299 -1.619370 0.186299 -1.619370
0.214961 -1.619370 0.214961 -1.619370
0.243622 -1.619370 0.243622 -1.619370
0.272283 -1.619370 0.272283 -1.619370
0.300945 -1.619370 0.300945 -1.619370
0.329606 -1.619370 0.329606 -1.619370
0.358268 -1.619370 0.358268 -1.619370
0.386929 -1.619370 0.386929 -1.619370
0.415591 -1.619370 0.415591 -1.619370
0.444252 -1.619370 0.444252 -1.619370
0.472913 -1.619370 0.472913 -1.619370
0.501575 -1.619370 0.501575 -1.619370
0.530236 -1.619370 0.530236 -1.619370
0.558898 -1.619370 0.558898 -1.619370
0.587559 -1.619370 0.587559 -1.619370
0.616220 -1.619370 0.616220 -1.619370
0.644882 -1.619370 0.644882 -1.619370
0.673543 -1.619370 0.673543 -1.619370
0.702205 -1.619370 0.702205 -1.619370
0.730866 -1.619370 0.730866 -1.619370
0.759528 -1.619370 0.759528 -1.619370
0.788189 -1.619370 0.788189 -1.619370
0.816850 -1.619370 0.816850 -1.619370
0.845512 -1.619370 0.845512 -1.619370
0.874173 -1.619370 0.874173 -1.619370
0.902835 -1.619370 0.902835 -1.619370
0.931496 -1.619370 0.931496 -1.619370
0.960157 -1.619370 0.960157 -1.619370
0.988819 -1.619370 0.988819 -1.619370
1.017480 -1.619370 1.017480 -1.619370
1.046142 -1.619370 1.046142 -1.619370
1.074803 -1.619370 1.074803 -1.619370
1.103465 -1.619370 1.103465 -1.619370
1.132126 -1.619370 1.132126 -1.619370
1.160787 -1.619370 1.160787 -1.619370
1.189449 -1.619370 1.189449 -1.619370
1.218110 -1.619370 1.218110 -1.619370
1.246772 -1.619370 1.246772 -1.619370
1.275433 -1.619370 1.275433 -1.619370
1.304094 -1.619370 1.304094 -1.619370
1.332756 -1.619370 1.332756 -1.619370
1.361417 -1.619370 1.361417 -1.619370
1.390079 -1.619370 1.390079 -1.619370
1.418740 -1.619370 1.418740 -1.619370
1.447402 -1.619370 1.447402 -1.619370
1.476063 -1.619370 1.476063 -1.619370
1.504724 -1.619370 1.504724 -1.619370
1.533386 -1.619370 1.533386 -1.619370
1.562047 -1.619370 1.562047 -1.619370
1.590709 -1.619370 1.590709 -1.619370
1.619370 -1.619370 1.619370 -1.619370
1.648031 -1.619370 1.648031 -1.619370
1.676693 -1.619370 1.676693 -1.619370
1.705354 -1.619370 1.705354 -1.619370
1.734016 -1.619370 1.734016 -1.619370
1.762677 -1.619370 1.762677 -1.619370
1.791339 -1.619370 1.791339 -1.619370
1.820000 -1.619370 1.820000 -1.619370
-1.820000 -1.590709 -1.820000 -1.590709
-1.791339 -1.590709 -1.791339 -1.590709
-1.762677 -1.590709 -1.762677 -1.590709
-1.734016 -1.590709 -1.734016 -1.590709
-1.705354 -1.590709 -1.705354 -1.590709
-1.676693 -1.590709 -1.676693 -1.590709
-1.648031 -1.590709 -1.648031 -1.590709
-1.619370 -1.590709 -1.619370 -1.590709
-1.590709 -1.590709 -1.590709 -1.590709
-1.562047 -1.590709 -1.562047 -1.590709
-1.533386 -1.590709 -1.533386 -1.590709
-1.504724 -1.590709 -1.504724 -1.590709
-1.476063 -1.590709 -1.476063 -1.590709
-1.447402 -1.590709 -1.447402 -1.590709
-1.418740 -1.590709 -1.418740 -1.590709
-1.390079 -1.590709 -1.390079 -1.590709
-1.361417 -1.590709 -1.361417 -1.590709
-1.332756 -1.590709 -1.332756 -1.590709
-1.304094 -1.590709 -1.304094 -1.590709
-1.275433 -1.590709 -1.275433 -1.590709
-1.246772 -1.590709 -1.246772 -1.590709
-1.218110 -1.590709 -1.218110 -1.590709
-1.189449 -1.590709 -1.189449 -1.590709
-1.160787 -1.590709 -1.160787 -1.590709
-1.132126 -1.590709 -1.132126 -1.590709
-1.103465 -1.590709 -1.103465 -1.590709
-1.074803 -1.590709 -1.074803 -1.590709
-1.046142 -1.590709 -1.046142 -1.590709
-1.017480 -1.590709 -1.017480 -1.590709
-0.988819 -1.590709 -0.988819 -1.590709
-0.960157 -1.590709 -0.960157 -1.590709
-0.931496 -1.590709 -0.931496 -1.590709
-0.902835 -1.590709 -0.902835 -1.590709
-0.874173 -1.590709 -0.874173 -1.590709
-0.845512 -1.590709 -0.845512 -1.590709
-0.816850 -1.590709 -0.816850 -1.590709
-0.788189 -1.590709 -0.788189 -1.590709
-0.759528 -1.590709 -0.759528 -1.590709
-0.730866 -1.590709 -0.730866 -1.590709
-0.702205 -1.590709 -0.702205 -1.590709
-0.673543 -1.590709 -0.673543 -1.590709
-0.644882 -1.590709 -0.644882 -1.590709
-0.616220 -1.590709 -0.616220 -1.590709
-0.587559 -1.590709 -0.587559 -1.590709
-0.558898 -1.590709 -0.558898 -1.590709
-0.530236 -1.590709 -0.530236 -1.590709
-0.501575 -1.590709 -0.501575 -1.590709
-0.472913 -1.590709 -0.472913 -1.590709
-0.444252 -1.590709 -0.444252 -1.590709
-0.415591 -1.590709 -0.415591 -1.590709
-0.386929 -1.590709 -0.386929 -1.590709
-0.358268 -1.590709 -0.358268 -1.590709
-0.329606 -1.590709 -0.329606 -1.590709
-0.300945 -1.590709 -0.300945 -1.590709
-0.272283 -1.590709 -0.272283 -1.590709
-0.243622 -1.590709 -0.243622 -1.590709
-0.214961 -1.590709 -0.214961 -1.590709
-0.186299 -1.590709 -0.186299 -1.590709
-0.157638 -1.590709 -0.157638 -1.590709
-0.128976 -1.590709 -0.128976 -1.590709
-0.100315 -1.590709 -0.100315 -1.590709
-0.071654 -1.590709 -0.071654 -1.590709
-0.042992 -1.590709 -0.042992 -1.590709
-0.014331 -1.590709 -0.014331 -1.590709
0.014331 -1.590709 0.014331 -1.590709
0.042992 -1.590709 0.042992 -1.590709
0.071654 -1.590709 0.071654 -1.590709
0.100315 -1.590709 0.100315 -1.590709
0.128976 -1.590709 0.128976 -1.590709
0.157638 -1.590709 0.157638 -1.590709
0.186299 -1.590709 0.186299 -1.590709
0.214961 -1.590709 0.214961 -1.590709
0.243622 -1.590709 0.243622 -1.590709
0.272283 -1.590709 0.272283 -1.590709
0.300945 -1.590709 0.300945 -1.590709
0.329606 -1.590709 0.329606 -1.590709
0.358268 -1.590709 0.358268 -1.590709
0.386929 -1.590709 0.386929 -1.590709
0.415591 -1.590709 0.415591 -1.590709
0.444252 -1.590709 0.444252 -1.590709
0.472913 -1.590709 0.472913 -1.590709
0.501575 -1.590709 0.501575 -1.590709
0.530236 -1.590709 0.530236 -1.590709
0.558898 -1.590709 0.558898 -1.590709
0.587559 -1.590709 0.587559 -1.590709
0.616220 -1.590709 0.616220 -1.590709
0.644882 -1.590709 0.644882 -1.590709
0.673543 -1.590709 0.673543 -1.590709
0.702205 -1.590709 0.702205 -1.590709
0.730866 -1.590709 0.730866 -1.590709
0.759528 -1.590709 0.759528 -1.590709
0.788189 -1.590709 0.788189 -1.590709
0.816850 -1.590709 0.816850 -1.590709
0.845512 -1.590709 0.845512 -1.590709
0.874173 -1.590709 0.874173 -1.590709
0.902835 -1.590709 0.902835 -1.590709
0.931496 -1.590709 0.931496 -1.590709
0.960157 -1.590709 0.960157 -1.590709
0.988819 -1.590709 0.988819 -1.590709
1.017480 -1.590709 1.017480 -1.590709
1.046142 -1.590709 1.046142 -1.590709
1.074803 -1.590709 1.074803 -1.590709
1.103465 -1.590709 1.103465 -1.590709
1.132126 -1.590709 1.132126 -1.590709
1.160787 -1.590709 1.160787 -1.590709
1.189449 -1.590709 1.189449 -1.590709
1.218110 -1.590709 1.218110 -1.590709
1.246772 -1.590709 1.246772 -1.590709
1.275433 -1.590709 1.275433 -1.590709
1.304094 -1.590709 1.304094 -1.590709
1.332756 -1.590709 1.332756 -1.590709
1.361417 -1.590709 1.361417 -1.590709
1.390079 -1.590709 1.390079 -1.590709
1.418740 -1.590709 1.418740 -1.590709
1.447402 -1.590709 1.447402 -1.590709
1.476063 -1.590709 1.476063 -1.590709
1.504724 -1.590709 1.504724 -1.590709
1.533386 -1.590709 1.533386 -1.590709
1.562047 -1.590709 1.562047 -1.590709
1.590709 -1.590709 1.590709 -1.590709
1.619370 -1.590709 1.619370 -1.590709
1.648031 -1.590709 1.648031 -1.590709
1.676693 -1.590709 1.676693 -1.590709
1.705354 -1.590709 1.705354 -1.590709
1.734016 -1.590709 1.734016 -1.590709
1.762677 -1.590709 1.762677 -1.590709
1.791339 -1.590709 1.791339 -1.590709
1.820000 -1.590709 1.820000 -1.590709
-1.820000 -1.562047 -1.820000 -1.562047
-1.791339 -1.562047 -1.791339 -1.562047
-1.762677 -1.562047 -1.762677 -1.562047
-1.734016 -1.562047 -1.734016 -1.562047
-1.705354 -1.562047 -1.705354 -1.562047
-1.676693 -1.562047 -1.676693 -1.562047
-1.648031 -1.562047 -1.648031 -1.562047
-1.619370 -1.562047 -1.619370 -1.562047
-1.590709 -1.562047 -1.590709 -1.562047
-1.562047 -1.562047 -1.562047 -1.562047
-1.533386 -1.562047 -1.533386 -1.562047
-1.504724 -1.562047 -1.504724 -1.562047
-1.476063 -1.562047 -1.476063 -1.562047
-1.447402 -1.562047 -1.447402 -1.562047
-1.418740 -1.562047 -1.418740 -1.562047
-1.390079 -1.562047 -1.390079 -1.562047
-1.361417 -1.562047 -1.361417 -1.562047
-1.332756 -1.562047 -1.332756 -1.562047
-1.304094 -1.562047 -1.304094 -1.562047
-1.275433 -1.562047 -1.275433 -1.562047
-1.246772 -1.562047 -1.246772 -1.562047
-1.218110 -1.562047 -1.218110 -1.562047
-1.189449 -1.562047 -1.189449 -1.562047
-1.160787 -1.562047 -1.160787 -1.562047
-1.132126 -1.562047 -1.132126 -1.562047
-1.103465 -1.562047 -1.103465 -1.562047
-1.074803 -1.562047 -1.074803 -1.562047
-1.046142 -1.562047 -1.046142 -1.562047
-1.017480 -1.562047 -1.017480 -1.562047
-0.988819 -1.562047 -0.988819 -1.562047
-0.960157 -1.562047 -0.960157 -1.562047
-0.931496 -1.562047 -0.931496 -1.562047
-0.902835 -1.562047 -0.902835 -1.562047
-0.874173 -1.562047 -0.874173 -1.562047
-0.845512 -1.562047 -0.845512 -1.562047
-0.816850 -1.562047 -0.816850 -1.562047
-0.788189 -1.562047 -0.788189 -1.562047
-0.759528 -1.562047 -0.759528 -1.562047
-0.730866 -1.562047 -0.730866 -1.562047
-0.702205 -1.562047 -0.702205 -1.562047
-0.673543 -1.562047 -0.673543 -1.562047
-0.644882 -1.562047 -0.644882 -1.562047
-0.616220 -1.562047 -0.616220 -1.562047
-0.587559 -1.562047 -0.587559 -1.562047
-0.558898 -1.562047 -0.558898 -1.562047
-0.530236 -1.562047 -0.530236 -1.562047
-0.501575 -1.562047 -0.501575 -1.562047
-0.472913 -1.562047 -0.472913 -1.562047
-0.444252 -1.562047 -0.444252 -1.562047
-0.415591 -1.562047 -0.415591 -1.562047
-0.386929 -1.562047 -0.386929 -1.562047
-0.358268 -1.562047 -0.358268 -1.562047
-0.329606 -1.562047 -0.329606 -1.562047
-0.300945 -1.562047 -0.300945 -1.562047
-0.272283 -1.562047 -0.272283 -1.562047
-0.243622 -1.562047 -0.243622 -1.562047
-0.214961 -1.562047 -0.214961 -1.562047
-0.186299 -1.562047 -0.186299 -1.562047
-0.157638 -1.562047 -0.157638 -1.562047
-0.128976 -1.562047 -0.128976 -1.562047
-0.100315 -1.562047 -0.100315 -1.562047
-0.071654 -1.562047 -0.071654 -1.562047
-0.042992 -1.562047 -0.042992 -1.562047
-0.014331 -1.562047 -0.014331 -1.562047
0.014331 -1.562047 0.014331 -1.562047
0.042992 -1.562047 0.042992 -1.562047
0.071654 -1.562047 0.071654 -1.562047
0.100315 -1.562047 0.100315 -1.562047
0.128976 -1.562047 0.128976 -1.562047
0.157638 -1.562047 0.157638 -1.562047
0.186299 -1.562047 0.186299 -1.562047
0.214961 -1.562047 0.214961 -1.562047
0.243622 -1.562047 0.243622 -1.562047
0.272283 -1.562047 0.272283 -1.562047
0.300945 -1.562047 0.300945 -1.562047
0.329606 -1.562047 0.329606 -1.562047
0.358268 -1.562047 0.358268 -1.562047
0.386929 -1.562047 0.386929 -1.562047
0.415591 -1.562047 0.415591 -1.562047
0.444252 -1.562047 0.444252 -1.562047
0.472913 -1.562047 0.472913 -1.562047
0.501575 -1.562047 0.501575 -1.562047
0.530236 -1.562047 0.530236 -1.562047
0.558898 -1.562047 0.558898 -1.562047
0.587559 -1.562047 0.587559 -1.562047
0.616220 -1.562047 0.616220 -1.562047
0.644882 -1.562047 0.644882 -1.562047
0.673543 -1.562047 0.673543 -1.562047
0.702205 -1.562047 0.702205 -1.562047
0.730866 -1.562047 0.730866 -1.562047
0.759528 -1.562047 0.759528 -1.562047
0.788189 -1.562047 0.788189 -1.562047
0.816850 -1.562047 0.816850 -1.562047
0.845512 -1.562047 0.845512 -1.562047
0.874173 -1.562047 0.874173 -1.562047
0.902835 -1.562047 0.902835 -1.562047
0.931496 -1.562047 0.931496 -1.562047
0.960157 -1.562047 0.960157 -1.562047
0.988819 -1.562047 0.988819 -1.562047
1.017480 -1.562047 1.017480 -1.562047
1.046142 -1.562047 1.046142 -1.562047
1.074803 -1.562047 1.074803 -1.562047
1.103465 -1.562047 1.103465 -1.562047
1.132126 -1.562047 1.132126 -1.562047
1.160787 -1.562047 1.160787 -1.562047
1.189449 -1.562047 1.189449 -1.562047
1.218110 -1.562047 1.218110 -1.562047
1.246772 -1.562047 1.246772 -1.562047
1.275433 -1.562047 1.275433 -1.562047
1.304094 -1.562047 1.304094 -1.562047
1.332756 -1.562047 1.332756 -1.562047
1.361417 -1.562047 1.361417 -1.562047
1.390079 -1.562047 1.390079 -1.562047
1.418740 -1.562047 1.418740 -1.562047
1.447402 -1.562047 1.447402 -1.562047
1.476063 -1.562047 1.476063 -1.562047
1.504724 -1.562047 1.504724 -1.562047
1.533386 -1.562047 1.533386 -1.562047
1.562047 -1.562047 1.562047 -1.562047
1.590709 -1.562047 1.590709 -1.562047
1.619370 -1.562047 1.619370 -1.562047
1.648031 -1.562047 1.648031 -1.562047
1.676693 -1.562047 1.676693 -1.562047
1.705354 -1.562047 1.705354 -1.562047
1.734016 -1.562047 1.734016 -1.562047
1.762677 -1.562047 1.762677 -1.562047
1.791339 -1.562047 1.791339 -1.562047
1.820000 -1.562047 1.820000 -1.562047
-1.820000 -1.533386 -1.820000 -1.533386
-1.791339 -1.533386 -1.791339 -1.533386
-1.762677 -1.533386 -1.762677 -1.533386
-1.734016 -1.533386 -1.734016 -1.533386
-1.705354 -1.533386 -1.705354 -1.533386
-1.676693 -1.533386 -1.676693 -1.533386
-1.648031 -1.533386 -1.648031 -1.533386
-1.619370 -1.533386 -1.619370 -1.533386
-1.590709 -1.533386 -1.590709 -1.533386
-1.562047 -1.533386 -1.562047 -1.533386
-1.533386 -1.533386 -1.533386 -1.533386
-1.504724 -1.533386 -1.504724 -1.533386
-1.476063 -1.533386 -1.476063 -1.533386
-1.447402 -1.533386 -1.447402 -1.533386
-1.418740 -1.533386 -1.418740 -1.533386
-1.390079 -1.533386 -1.390079 -1.533386
-1.361417 -1.533386 -1.361417 -1.533386
-1.332756 -1.533386 -1.332756 -1.533386
-1.304094 -1.533386 -1.304094 -1.533386
-1.275433 -1.533386 -1.275433 -1.533386
-1.246772 -1.533386 -1.246772 -1.533386
-1.218110 -1.533386 -1.218110 -1.533386
-1.189449 -1.533386 -1.189449 -1.533386
-1.160787 -1.533386 -1.160787 -1.533386
-1.132126 -1.533386 -1.132126 -1.533386
-1.103465 -1.533386 -1.103465 -1.533386
-1.074803 -1.533386 -1.074803 -1.533386
-1.046142 -1.533386 -1.046142 -1.533386
-1.017480 -1.533386 -1.017480 -1.533386
-0.988819 -1.533386 -0.988819 -1.533386
-0.960157 -1.533386 -0.960157 -1.533386
-0.931496 -1.533386 -0.931496 -1.533386
-0.902835 -1.533386 -0.902835 -1.533386
-0.874173 -1.533386 -0.874173 -1.533386
-0.845512 -1.533386 -0.845512 -1.533386
-0.816850 -1.533386 -0.816850 -1.533386
-0.788189 -1.533386 -0.788189 -1.533386
-0.759528 -1.533386 -0.759528 -1.533386
-0.730866 -1.533386 -0.730866 -1.533386
-0.702205 -1.533386 -0.702205 -1.533386
-0.673543 -1.533386 -0.673543 -1.533386
-0.644882 -1.533386 -0.644882 -1.533386
-0.616220 -1.533386 -0.616220 -1.533386
-0.587559 -1.533386 -0.587559 -1.533386
-0.558898 -1.533386 -0.558898 -1.533386
-0.530236 -1.533386 -0.530236 -1.533386
-0.501575 -1.533386 -0.501575 -1.533386
-0.472913 -1.533386 -0.472913 -1.533386
-0.444252 -1.533386 -0.444252 -1.533386
-0.415591 -1.533386 -0.415591 -1.533386
-0.386929 -1.533386 -0.386929 -1.533386
-0.358268 -1.533386 -0.358268 -1.533386
-0.329606 -1.533386 -0.329606 -1.533386
-0.300945 -1.533386 -0.300945 -1.533386
-0.272283 -1.533386 -0.272283 -1.533386
-0.243622 -1.533386 -0.243622 -1.533386
-0.214961 -1.533386 -0.214961 -1.533386
-0.186299 -1.533386 -0.186299 -1.533386
-0.157638 -1.533386 -0.157638 -1.533386
-0.128976 -1.533386 -0.128976 -1.533386
-0.100315 -1.533386 -0.100315 -1.533386
-0.071654 -1.533386 -0.071654 -1.533386
-0.042992 -1.533386 -0.042992 -1.533386
-0.014331 -1.533386 -0.014331 -1.533386
0.014331 -1.533386 0.014331 -1.533386
0.042992 -1.533386 0.042992 -1.533386
0.071654 -1.533386 0.071654 -1.533386
0.100315 -1.533386 0.100315 -1.533386
0.128976 -1.533386 0.128976 -1.533386
0.157638 -1.533386 0.157638 -1.533386
0.186299 -1.533386 0.186299 -1.533386
0.214961 -1.533386 0.214961 -1.533386
0.243622 -1.533386 0.243622 -1.533386
0.272283 -1.533386 0.272283 -1.533386
0.300945 -1.533386 0.300945 -1.533386
0.329606 -1.533386 0.329606 -1.533386
0.358268 -1.533386 0.358268 -1.533386
0.386929 -1.533386 0.386929 -1.533386
0.415591 -1.533386 0.415591 -1.533386
0.444252 -1.533386 0.444252 -1.533386
0.472913 -1.533386 0.472913 -1.533386
0.501575 -1.533386 0.501575 -1.533386
0.530236 -1.533386 0.530236 -1.533386
0.558898 -1.533386 0.558898 -1.533386
0.587559 -1.533386 0.587559 -1.533386
0.616220 -1.533386 0.616220 -1.533386
0.644882 -1.533386 0.644882 -1.533386
0.673543 -1.533386 0.673543 -1.533386
0.702205 -1.533386 0.702205 -1.533386
0.730866 -1.533386 0.730866 -1.533386
0.759528 -1.533386 0.759528 -1.533386
0.788189 -1.533386 0.788189 -1.533386
0.816850 -1.533386 0.816850 -1.533386
0.845512 -1.533386 0.845512 -1.533386
0.874173 -1.533386 0.874173 -1.533386
0.902835 -1.533386 0.902835 -1.533386
0.931496 -1.533386 0.931496 -1.533386
0.960157 -1.533386 0.960157 -1.533386
0.988819 -1.533386 0.988819 -1.533386
1.017480 -1.533386 1.017480 -1.533386
1.046142 -1.533386 1.046142 -1.533386
1.074803 -1.533386 1.074803 -1.533386
1.103465 -1.533386 1.103465 -1.533386
1.132126 -1.533386 1.132126 -1.533386
1.160787 -1.533386 1.160787 -1.533386
1.189449 -1.533386 1.189449 -1.533386
1.218110 -1.533386 1.218110 -1.533386
1.246772 -1.533386 1.246772 -1.533386
1.275433 -1.533386 1.275433 -1.533386
1.304094 -1.533386 1.304094 -1.533386
1.332756 -1.533386 1.332756 -1.533386
1.361417 -1.533386 1.361417 -1.533386
1.390079 -1.533386 1.390079 -1.533386
1.418740 -1.533386 1.418740 -1.533386
1.447402 -1.533386 1.447402 -1.533386
1.476063 -1.533386 1.476063 -1.533386
1.504724 -1.533386 1.504724 -1.533386
1.533386 -1.533386 1.533386 -1.533386
1.562047 -1.533386 1.562047 -1.533386
1.590709 -1.533386 1.590709 -1.533386
1.619370 -1.533386 1.619370 -1.533386
1.648031 -1.533386 1.648031 -1.533386
1.676693 -1.533386 1.676693 -1.533386
1.705354 -1.533386 1.705354 -1.533386
1.734016 -1.533386 1.734016 -1.533386
1.762677 -1.533386 1.762677 -1.533386
1.791339 -1.533386 1.791339 -1.533386
1.820000 -1.533386 1.820000 -1.533386
-1.820000 -1.504724 -1.820000 -1.504724
-1.791339 -1.504724 -1.791339 -1.504724
-1.762677 -1.504724 -1.762677 -1.504724
-1.734016 -1.504724 -1.734016 -1.504724
-1.705354 -1.504724 -1.705354 -1.504724
-1.676693 -1.504724 -1.676693 -1.504724
-1.648031 -1.504724 -1.648031 -1.504724
-1.619370 -1.504724 -1.619370 -1.504724
-1.590709 -1.504724 -1.590709 -1.504724
-1.562047 -1.504724 -1.562047 -1.504724
-1.533386 -1.504724 -1.533386 -1.504724
-1.504724 -1.504724 -1.504724 -1.504724
-1.476063 -1.504724 -1.476063 -1.504724
-1.447402 -1.504724 -1.447402 -1.504724
-1.418740 -1.504724 -1.418740 -1.504724
-1.390079 -1.504724 -1.390079 -1.504724
-1.361417 -1.504724 -1.361417 -1.504724
-1.332756 -1.504724 -1.332756 -1.504724
-1.304094 -1.504724 -1.304094 -1.504724
-1.275433 -1.504724 -1.275433 -1.504724
-1.246772 -1.504724 -1.246772 -1.504724
-1.218110 -1.504724 -1.218110 -1.504724
-1.189449 -1.504724 -1.189449 -1.504724
-1.160787 -1.504724 -1.160787 -1.504724
-1.132126 -1.504724 -1.132126 -1.504724
-1.103465 -1.504724 -1.103465 -1.504724
-1.074803 -1.504724 -1.074803 -1.504724
-1.046142 -1.504724 -1.046142 -1.504724
-1.017480 -1.504724 -1.017480 -1.504724
-0.988819 -1.504724 -0.988819 -1.504724
-0.960157 -1.504724 -0.960157 -1.504724
-0.931496 -1.504724 -0.931496 -1.504724
-0.902835 -1.504724 -0.902835 -1.504724
-0.874173 -1.504724 -0.874173 -1.504724
-0.845512 -1.504724 -0.845512 -1.504724
-0.816850 -1.504724 -0.816850 -1.504724
-0.788189 -1.504724 -0.788189 -1.504724
-0.759528 -1.504724 -0.759528 -1.504724
-0.730866 -1.504724 -0.730866 -1.504724
-0.702205 -1.504724 -0.702205 -1.504724
-0.673543 -1.504724 -0.673543 -1.504724
-0.644882 -1.504724 -0.644882 -1.504724
-0.616220 -1.504724 -0.616220 -1.504724
-0.587559 -1.504724 -0.587559 -1.504724
-0.558898 -1.504724 -0.558898 -1.504724
-0.530236 -1.504724 -0.530236 -1.504724
-0.501575 -1.504724 -0.501575 -1.504724
-0.472913 -1.504724 -0.472913 -1.504724
-0.444252 -1.504724 -0.444252 -1.504724
-0.415591 -1.504724 -0.415591 -1.504724
-0.386929 -1.504724 -0.386929 -1.504724
-0.358268 -1.504724 -0.358268 -1.504724
-0.329606 -1.504724 -0.329606 -1.504724
-0.300945 -1.504724 -0.300945 -1.504724
-0.272283 -1.504724 -0.272283 -1.504724
-0.243622 -1.504724 -0.243622 -1.504724
-0.214961 -1.504724 -0.214961 -1.504724
-0.186299 -1.504724 -0.186299 -1.504724
-0.157638 -1.504724 -0.157638 -1.504724
-0.128976 -1.504724 -0.128976 -1.504724
-0.100315 -1.504724 -0.100315 -1.504724
-0.071654 -1.504724 -0.071654 -1.504724
-0.042992 -1.504724 -0.042992 -1.504724
-0.014331 -1.504724 -0.014331 -1.504724
0.014331 -1.504724 0.014331 -1.504724
0.042992 -1.504724 0.042992 -1.504724
0.071654 -1.504724 0.071654 -1.504724
0.100315 -1.504724 0.100315 -1.504724
0.128976 -1.504724 0.128976 -1.504724
0.157638 -1.504724 0.157638 -1.504724
0.186299 -1.504724 0.186299 -1.504724
0.214961 -1.504724 0.214961 -1.504724
0.243622 -1.504724 0.243622 -1.504724
0.272283 -1.504724 0.272283 -1.504724
0.300945 -1.504724 0.300945 -1.504724
0.329606 -1.504724 0.329606 -1.504724
0.358268 -1.504724 0.358268 -1.504724
0.386929 -1.504724 0.386929 -1.504724
0.415591 -1.504724 0.415591 -1.504724
0.444252 -1.504724 0.444252 -1.504724
0.472913 -1.504724 0.472913 -1.504724
0.501575 -1.504724 0.501575 -1.504724
0.530236 -1.504724 0.530236 -1.504724
0.558898 -1.504724 0.558898 -1.504724
0.587559 -1.504724 0.587559 -1.504724
0.616220 -1.504724 0.616220 -1.504724
0.644882 -1.504724 0.644882 -1.504724
0.673543 -1.504724 0.673543 -1.504724
0.702205 -1.504724 0.702205 -1.504724
0.730866 -1.504724 0.730866 -1.504724
0.759528 -1.504724 0.759528 -1.504724
0.788189 -1.504724 0.788189 -1.504724
0.816850 -1.504724 0.816850 -1.504724
0.845512 -1.504724 0.845512 -1.504724
0.874173 -1.504724 0.874173 -1.504724
0.902835 -1.504724 0.902835 -1.504724
0.931496 -1.504724 0.931496 -1.504724
0.960157 -1.504724 0.960157 -1.504724
0.988819 -1.504724 0.988819 -1.504724
1.017480 -1.504724 1.017480 -1.504724
1.046142 -1.504724 1.046142 -1.504724
1.074803 -1.504724 1.074803 -1.504724
1.103465 -1.504724 1.103465 -1.504724
1.132126 -1.504724 1.132126 -1.504724
1.160787 -1.504724 1.160787 -1.504724
1.189449 -1.504724 1.189449 -1.504724
1.218110 -1.504724 1.218110 -1.504724
1.246772 -1.504724 1.246772 -1.504724
1.275433 -1.504724 1.275433 -1.504724
1.304094 -1.504724 1.304094 -1.504724
1.332756 -1.504724 1.332756 -1.504724
1.361417 -1.504724 1.361417 -1.504724
1.390079 -1.504724 1.390079 -1.504724
1.418740 -1.504724 1.418740 -1.504724
1.447402 -1.504724 1.447402 -1.504724
1.476063 -1.504724 1.476063 -1.504724
1.504724 -1.504724 1.504724 -1.504724
1.533386 -1.504724 1.533386 -1.504724
1.562047 -1.504724 1.562047 -1.504724
1.590709 -1.504724 1.590709 -1.504724
1.619370 -1.504724 1.619370 -1.504724
1.648031 -1.504724 1.648031 -1.504724
1.676693 -1.504724 1.676693 -1.504724
1.705354 -1.504724 1.705354 -1.504724
1.734016 -1.504724 1.734016 -1.504724
1.762677 -1.504724 1.762677 -1.504724
1.791339 -1.504724 1.791339 -1.504724
1.820000 -1.504724 1.820000 -1.504724
-1.820000 -1.476063 -1.820000 -1.476063
-1.791339 -1.476063 -1.791339 -1.476063
-1.762677 -1.476063 -1.762677 -1.476063
-1.734016 -1.476063 -1.734016 -1.476063
-1.705354 -1.476063 -1.705354 -1.476063
-1.676693 -1.476063 -1.676693 -1.476063
-1.648031 -1.476063 -1.648031 -1.476063
-1.619370 -1.476063 -1.619370 -1.476063
-1.590709 -1.476063 -1.590709 -1.476063
-1.562047 -1.476063 -1.562047 -1.476063
-1.533386 -1.476063 -1.533386 -1.476063
-1.504724 -1.476063 -1.504724 -1.476063
-1.476063 -1.476063 -1.476063 -1.476063
-1.447402 -1.476063 -1.447402 -1.476063
-1.418740 -1.476063 -1.418740 -1.476063
-1.390079 -1.476063 -1.390079 -1.476063
-1.361417 -1.476063 -1.361417 -1.476063
-1.332756 -1.476063 -1.332756 -1.476063
-1.304094 -1.476063 -1.304094 -1.476063
-1.275433 -1.476063 -1.275433 -1.476063
-1.246772 -1.476063 -1.246772 -1.476063
-1.218110 -1.476063 -1.218110 -1.476063
-1.189449 -1.476063 -1.189449 -1.476063
-1.160787 -1.476063 -1.160787 -1.476063
-1.132126 -1.476063 -1.132126 -1.476063
-1.103465 -1.476063 -1.103465 -1.476063
-1.074803 -1.476063 -1.074803 -1.476063
-1.046142 -1.476063 -1.046142 -1.476063
-1.017480 -1.476063 -1.017480 -1.476063
-0.988819 -1.476063 -0.988819 -1.476063
-0.960157 -1.476063 -0.960157 -1.476063
-0.931496 -1.476063 -0.931496 -1.476063
-0.902835 -1.476063 -0.902835 -1.476063
-0.874173 -1.476063 -0.874173 -1.476063
-0.845512 -1.476063 -0.845512 -1.476063
-0.816850 -1.476063 -0.816850 -1.476063
-0.788189 -1.476063 -0.788189 -1.476063
-0.759528 -1.476063 -0.759528 -1.476063
-0.730866 -1.476063 -0.730866 -1.476063
-0.702205 -1.476063 -0.702205 -1.476063
-0.673543 -1.476063 -0.673543 -1.476063
-0.644882 -1.476063 -0.644882 -1.476063
-0.616220 -1.476063 -0.616220 -1.476063
-0.587559 -1.476063 -0.587559 -1.476063
-0.558898 -1.476063 -0.558898 -1.476063
-0.530236 -1.476063 -0.530236 -1.476063
-0.501575 -1.476063 -0.501575 -1.476063
-0.472913 -1.476063 -0.472913 -1.476063
-0.444252 -1.476063 -0.444252 -1.476063
-0.415591 -1.476063 -0.415591 -1.476063
-0.386929 -1.476063 -0.386929 -1.476063
-0.358268 -1.476063 -0.358268 -1.476063
-0.329606 -1.476063 -0.329606 -1.476063
-0.300945 -1.476063 -0.300945 -1.476063
-0.272283 -1.476063 -0.272283 -1.476063
-0.243622 -1.476063 -0.243622 -1.476063
-0.214961 -1.476063 -0.214961 -1.476063
-0.186299 -1.476063 -0.186299 -1.476063
-0.157638 -1.476063 -0.157638 -1.476063
-0.128976 -1.476063 -0.128976 -1.476063
-0.100315 -1.476063 -0.100315 -1.476063
-0.071654 -1.476063 -0.071654 -1.476063
-0.042992 -1.476063 -0.042992 -1.476063
-0.014331 -1.476063 -0.014331 -1.476063
0.014331 -1.476063 0.014331 -1.476063
0.042992 -1.476063 0.042992 -1.476063
0.071654 -1.476063 0.071654 -1.476063
0.100315 -1.476063 0.100315 -1.476063
0.128976 -1.476063 0.128976 -1.476063
0.157638 -1.476063 0.157638 -1.476063
0.186299 -1.476063 0.186299 -1.476063
0.214961 -1.476063 0.214961 -1.476063
0.243622 -1.476063 0.243622 -1.476063
0.272283 -1.476063 0.272283 -1.476063
0.300945 -1.476063 0.300945 -1.476063
0.329606 -1.476063 0.329606 -1.476063
0.358268 -1.476063 0.358268 -1.476063
0.386929 -1.476063 0.386929 -1.476063
0.415591 -1.476063 0.415591 -1.476063
0.444252 -1.476063 0.444252 -1.476063
0.472913 -1.476063 0.472913 -1.476063
0.501575 -1.476063 0.501575 -1.476063
0.530236 -1.476063 0.530236 -1.476063
0.558898 -1.476063 0.558898 -1.476063
0.587559 -1.476063 0.587559 -1.476063
0.616220 -1.476063 0.616220 -1.476063
0.644882 -1.476063 0.644882 -1.476063
0.673543 -1.476063 0.673543 -1.476063
0.702205 -1.476063 0.702205 -1.476063
0.730866 -1.476063 0.730866 -1.476063
0.759528 -1.476063 0.759528 -1.476063
0.788189 -1.476063 0.788189 -1.476063
0.816850 -1.476063 0.816850 -1.476063
0.845512 -1.476063 0.845512 -1.476063
0.874173 -1.476063 0.874173 -1.476063
0.902835 -1.476063 0.902835 -1.476063
0.931496 -1.476063 0.931496 -1.476063
0.960157 -1.476063 0.960157 -1.476063
0.988819 -1.476063 0.988819 -1.476063
1.017480 -1.476063 1.017480 -1.476063
1.046142 -1.476063 1.046142 -1.476063
1.074803 -1.476063 1.074803 -1.476063
1.103465 -1.476063 1.103465 -1.476063
1.132126 -1.476063 1.132126 -1.476063
1.160787 -1.476063 1.160787 -1.476063
1.189449 -1.476063 1.189449 -1.476063
1.218110 -1.476063 1.218110 -1.476063
1.246772 -1.476063 1.246772 -1.476063
1.275433 -1.476063 1.275433 -1.476063
1.304094 -1.476063 1.304094 -1.476063
1.332756 -1.476063 1.332756 -1.476063
1.361417 -1.476063 1.361417 -1.476063
1.390079 -1.476063 1.390079 -1.476063
1.418740 -1.476063 1.418740 -1.476063
1.447402 -1.476063 1.447402 -1.476063
1.476063 -1.476063 1.476063 -1.476063
1.504724 -1.476063 1.504724 -1.476063
1.533386 -1.476063 1.533386 -1.476063
1.562047 -1.476063 1.562047 -1.476063
1.590709 -1.476063 1.590709 -1.476063
1.619370 -1.476063 1.619370 -1.476063
1.648031 -1.476063 1.648031 -1.476063
1.676693 -1.476063 1.676693 -1.476063
1.705354 -1.476063 1.705354 -1.476063
1.734016 -1.476063 1.734016 -1.476063
1.762677 -1.476063 1.762677 -1.476063
1.791339 -1.476063 1.791339 -1.476063
1.820000 -1.476063 1.820000 -1.476063
-1.820000 -1.447402 -1.820000 -1.447402
-1.791339 -1.447402 -1.791339 -1.447402
-1.762677 -1.447402 -1.762677 -1.447402
-1.734016 -1.447402 -1.734016 -1.447402
-1.705354 -1.447402 -1.705354 -1.447402
-1.676693 -1.447402 -1.676693 -1.447402
-1.648031 -1.447402 -1.648031 -1.447402
-1.619370 -1.447402 -1.619370 -1.447402
-1.590709 -1.447402 -1.590709 -1.447402
-1.562047 -1.447402 -1.562047 -1.447402
-1.533386 -1.447402 -1.533386 -1.447402
-1.504724 -1.447402 -1.504724 -1.447402
-1.476063 -1.447402 -1.476063 -1.447402
-1.447402 -1.447402 -1.447402 -1.447402
-1.418740 -1.447402 -1.418740 -1.447402
-1.390079 -1.447402 -1.390079 -1.447402
-1.361417 -1.447402 -1.361417 -1.447402
-1.332756 -1.447402 -1.332756 -1.447402
-1.304094 -1.447402 -1.304094 -1.447402
-1.275433 -1.447402 -1.275433 -1.447402
-1.246772 -1.447402 -1.246772 -1.447402
-1.218110 -1.447402 -1.218110 -1.447402
-1.189449 -1.447402 -1.189449 -1.447402
-1.160787 -1.447402 -1.160787 -1.447402
-1.132126 -1.447402 -1.132126 -1.447402
-1.103465 -1.447402 -1.103465 -1.447402
-1.074803 -1.447402 -1.074803 -1.447402
-1.046142 -1.447402 -1.046142 -1.447402
-1.017480 -1.447402 -1.017480 -1.447402
-0.988819 -1.447402 -0.988819 -1.447402
-0.960157 -1.447402 -0.960157 -1.447402
-0.931496 -1.447402 -0.931496 -1.447402
-0.902835 -1.447402 -0.902835 -1.447402
-0.874173 -1.447402 -0.874173 -1.447402
-0.845512 -1.447402 -0.845512 -1.447402
-0.816850 -1.447402 -0.816850 -1.447402
-0.788189 -1.447402 -0.788189 -1.447402
-0.759528 -1.447402 -0.759528 -1.447402
-0.730866 -1.447402 -0.730866 -1.447402
-0.702205 -1.447402 -0.702205 -1.447402
-0.673543 -1.447402 -0.673543 -1.447402
-0.644882 -1.447402 -0.644882 -1.447402
-0.616220 -1.447402 -0.616220 -1.447402
-0.587559 -1.447402 -0.587559 -1.447402
-0.558898 -1.447402 -0.558898 -1.447402
-0.530236 -1.447402 -0.530236 -1.447402
-0.501575 -1.447402 -0.501575 -1.447402
-0.472913 -1.447402 -0.472913 -1.447402
-0.444252 -1.447402 -0.444252 -1.447402
-0.415591 -1.447402 -0.415591 -1.447402
-0.386929 -1.447402 -0.386929 -1.447402
-0.358268 -1.447402 -0.358268 -1.447402
-0.329606 -1.447402 -0.329606 -1.447402
-0.300945 -1.447402 -0.300945 -1.447402
-0.272283 -1.447402 -0.272283 -1.447402
-0.243622 -1.447402 -0.243622 -1.447402
-0.214961 -1.447402 -0.214961 -1.447402
-0.186299 -1.447402 -0.186299 -1.447402
-0.157638 -1.447402 -0.157638 -1.447402
-0.128976 -1.447402 -0.128976 -1.447402
-0.100315 -1.447402 -0.100315 -1.447402
-0.071654 -1.447402 -0.071654 -1.447402
-0.042992 -1.447402 -0.042992 -1.447402
-0.014331 -1.447402 -0.014331 -1.447402
0.014331 -1.447402 0.014331 -1.447402
0.042992 -1.447402 0.042992 -1.447402
0.071654 -1.447402 0.071654 -1.447402
0.100315 -1.447402 0.100315 -1.447402
0.128976 -1.447402 0.128976 -1.447402
0.157638 -1.447402 0.157638 -1.447402
0.186299 -1.447402 0.186299 -1.447402
0.214961 -1.447402 0.214961 -1.447402
0.243622 -1.447402 0.243622 -1.447402
0.272283 -1.447402 0.272283 -1.447402
0.300945 -1.447402 0.300945 -1.447402
0.329606 -1.447402 0.329606 -1.447402
0.358268 -1.447402 0.358268 -1.447402
0.386929 -1.447402 0.386929 -1.447402
0.415591 -1.447402 0.415591 -1.447402
0.444252 -1.447402 0.444252 -1.447402
0.472913 -1.447402 0.472913 -1.447402
0.501575 -1.447402 0.501575 -1.447402
0.530236 -1.447402 0.530236 -1.447402
0.558898 -1.447402 0.558898 -1.447402
0.587559 -1.447402 0.587559 -1.447402
0.616220 -1.447402 0.616220 -1.447402
0.644882 -1.447402 0.644882 -1.447402
0.673543 -1.447402 0.673543 -1.447402
0.702205 -1.447402 0.702205 -1.447402
0.730866 -1.447402 0.730866 -1.447402
0.759528 -1.447402 0.759528 -1.447402
0.788189 -1.447402 0.788189 -1.447402
0.816850 -1.447402 0.816850 -1.447402
0.845512 -1.447402 0.845512 -1.447402
0.874173 -1.447402 0.874173 -1.447402
0.902835 -1.447402 0.902835 -1.447402
0.931496 -1.447402 0.931496 -1.447402
0.960157 -1.447402 0.960157 -1.447402
0.988819 -1.447402 0.988819 -1.447402
1.017480 -1.447402 1.017480 -1.447402
1.046142 -1.447402 1.046142 -1.447402
1.074803 -1.447402 1.074803 -1.447402
1.103465 -1.447402 1.103465 -1.447402
1.132126 -1.447402 1.132126 -1.447402
1.160787 -1.447402 1.160787 -1.447402
1.189449 -1.447402 1.189449 -1.447402
1.218110 -1.447402 1.218110 -1.447402
1.246772 -1.447402 1.246772 -1.447402
1.275433 -1.447402 1.275433 -1.447402
1.304094 -1.447402 1.304094 -1.447402
1.332756 -1.447402 1.332756 -1.447402
1.361417 -1.447402 1.361417 -1.447402
1.390079 -1.447402 1.390079 -1.447402
1.418740 -1.447402 1.418740 -1.447402
1.447402 -1.447402 1.447402 -1.447402
1.476063 -1.447402 1.476063 -1.447402
1.504724 -1.447402 1.504724 -1.447402
1.533386 -1.447402 1.533386 -1.447402
1.562047 -1.447402 1.562047 -1.447402
1.590709 -1.447402 1.590709 -1.447402
1.619370 -1.447402 1.619370 -1.447402
1.648031 -1.447402 1.648031 -1.447402
1.676693 -1.447402 1.676693 -1.447402
1.705354 -1.447402 1.705354 -1.447402
1.734016 -1.447402 1.734016 -1.447402
1.762677 -1.447402 1.762677 -1.447402
1.791339 -1.447402 1.791339 -1.447402
1.820000 -1.447402 1.820000 -1.447402
-1.820000 -1.418740 -1.820000 -1.418740
-1.791339 -1.418740 -1.791339 -1.418740
-1.762677 -1.418740 -1.762677 -1.418740
-1.734016 -1.418740 -1.734016 -1.418740
-1.705354 -1.418740 -1.705354 -1.418740
-1.676693 -1.418740 -1.676693 -1.418740
-1.648031 -1.418740 -1.648031 -1.418740
-1.619370 -1.418740 -1.619370 -1.418740
-1.590709 -1.418740 -1.590709 -1.418740
-1.562047 -1.418740 -1.562047 -1.418740
-1.533386 -1.418740 -1.533386 -1.418740
-1.504724 -1.418740 -1.504724 -1.418740
-1.476063 -1.418740 -1.476063 -1.418740
-1.447402 -1.418740 -1.447402 -1.418740
-1.418740 -1.418740 -1.418740 -1.418740
-1.390079 -1.418740 -1.390079 -1.418740
-1.361417 -1.418740 -1.361417 -1.418740
-1.332756 -1.418740 -1.332756 -1.418740
-1.304094 -1.418740 -1.304094 -1.418740
-1.275433 -1.418740 -1.275433 -1.418740
-1.246772 -1.418740 -1.246772 -1.418740
-1.218110 -1.418740 -1.218110 -1.418740
-1.189449 -1.418740 -1.189449 -1.418740
-1.160787 -1.418740 -1.160787 -1.418740
-1.132126 -1.418740 -1.132126 -1.418740
-1.103465 -1.418740 -1.103465 -1.418740
-1.074803 -1.418740 -1.074803 -1.418740
-1.046142 -1.418740 -1.046142 -1.418740
-1.017480 -1.418740 -1.017480 -1.418740
-0.988819 -1.418740 -0.988819 -1.418740
-0.960157 -1.418740 -0.960157 -1.418740
-0.931496 -1.418740 -0.931496 -1.418740
-0.902835 -1.418740 -0.902835 -1.418740
-0.874173 -1.418740 -0.874173 -1.418740
-0.845512 -1.418740 -0.845512 -1.418740
-0.816850 -1.418740 -0.816850 -1.418740
-0.788189 -1.418740 -0.788189 -1.418740
-0.759528 -1.418740 -0.759528 -1.418740
-0.730866 -1.418740 -0.730866 -1.418740
-0.702205 -1.418740 -0.702205 -1.418740
-0.673543 -1.418740 -0.673543 -1.418740
-0.644882 -1.418740 -0.644882 -1.418740
-0.616220 -1.418740 -0.616220 -1.418740
-0.587559 -1.418740 -0.587559 -1.418740
-0.558898 -1.418740 -0.558898 -1.418740
-0.530236 -1.418740 -0.530236 -1.418740
-0.501575 -1.418740 -0.501575 -1.418740
-0.472913 -1.418740 -0.472913 -1.418740
-0.444252 -1.418740 -0.444252 -1.418740
-0.415591 -1.418740 -0.415591 -1.418740
-0.386929 -1.418740 -0.386929 -1.418740
-0.358268 -1.418740 -0.358268 -1.418740
-0.329606 -1.418740 -0.329606 -1.418740
-0.300945 -1.418740 -0.300945 -1.418740
-0.272283 -1.418740 -0.272283 -1.418740
-0.243622 -1.418740 -0.243622 -1.418740
-0.214961 -1.418740 -0.214961 -1.418740
-0.186299 -1.418740 -0.186299 -1.418740
-0.157638 -1.418740 -0.157638 -1.418740
-0.128976 -1.418740 -0.128976 -1.418740
-0.100315 -1.418740 -0.100315 -1.418740
-0.071654 -1.418740 -0.071654 -1.418740
-0.042992 -1.418740 -0.042992 -1.418740
-0.014331 -1.418740 -0.014331 -1.418740
0.014331 -1.418740 0.014331 -1.418740
0.042992 -1.418740 0.042992 -1.418740
0.071654 -1.418740 0.071654 -1.418740
0.100315 -1.418740 0.100315 -1.418740
0.128976 -1.418740 0.128976 -1.418740
0.157638 -1.418740 0.157638 -1.418740
0.186299 -1.418740 0.186299 -1.418740
0.214961 -1.418740 0.214961 -1.418740
0.243622 -1.418740 0.243622 -1.418740
0.272283 -1.418740 0.272283 -1.418740
0.300945 -1.418740 0.300945 -1.418740
0.329606 -1.418740 0.329606 -1.418740
0.358268 -1.418740 0.358268 -1.418740
0.386929 -1.418740 0.386929 -1.418740
0.415591 -1.418740 0.415591 -1.418740
0.444252 -1.418740 0.444252 -1.418740
0.472913 -1.418740 0.472913 -1.418740
0.501575 -1.418740 0.501575 -1.418740
0.530236 -1.418740 0.530236 -1.418740
0.558898 -1.418740 0.558898 -1.418740
0.587559 -1.418740 0.587559 -1.418740
0.616220 -1.418740 0.616220 -1.418740
0.644882 -1.418740 0.644882 -1.418740
0.673543 -1.418740 0.673543 -1.418740
0.702205 -1.418740 0.702205 -1.418740
0.730866 -1.418740 0.730866 -1.418740
0.759528 -1.418740 0.759528 -1.418740
0.788189 -1.418740 0.788189 -1.418740
0.816850 -1.418740 0.816850 -1.418740
0.845512 -1.418740 0.845512 -1.418740
0.874173 -1.418740 0.874173 -1.418740
0.902835 -1.418740 0.902835 -1.418740
0.931496 -1.418740 0.931496 -1.418740
0.960157 -1.418740 0.960157 -1.418740
0.988819 -1.418740 0.988819 -1.418740
1.017480 -1.418740 1.017480 -1.418740
1.046142 -1.418740 1.046142 -1.418740
1.074803 -1.418740 1.074803 -1.418740
1.103465 -1.418740 1.103465 -1.418740
1.132126 -1.418740 1.132126 -1.418740
1.160787 -1.418740 1.160787 -1.418740
1.189449 -1.418740 1.189449 -1.418740
1.218110 -1.418740 1.218110 -1.418740
1.246772 -1.418740 1.246772 -1.418740
1.275433 -1.418740 1.275433 -1.418740
1.304094 -1.418740 1.304094 -1.418740
1.332756 -1.418740 1.332756 -1.418740
1.361417 -1.418740 1.361417 -1.418740
1.390079 -1.418740 1.390079 -1.418740
1.418740 -1.418740 1.418740 -1.418740
1.447402 -1.418740 1.447402 -1.418740
1.476063 -1.418740 1.476063 -1.418740
1.504724 -1.418740 1.504724 -1.418740
1.533386 -1.418740 1.533386 -1.418740
1.562047 -1.418740 1.562047 -1.418740
1.590709 -1.418740 1.590709 -1.418740
1.619370 -1.418740 1.619370 -1.418740
1.648031 -1.418740 1.648031 -1.418740
1.676693 -1.418740 1.676693 -1.418740
1.705354 -1.418740 1.705354 -1.418740
1.734016 -1.418740 1.734016 -1.418740
1.762677 -1.418740 1.762677 -1.418740
1.791339 -1.418740 1.791339 -1.418740
1.820000 -1.418740 1.820000 -1.418740
-1.820000 -1.390079 -1.820000 -1.390079
-1.791339 -1.390079 -1.791339 -1.390079
-1.762677 -1.390079 -1.762677 -1.390079
-1.734016 -1.390079 -1.734016 -1.390079
-1.705354 -1.390079 -1.705354 -1.390079
-1.676693 -1.390079 -1.676693 -1.390079
-1.648031 -1.390079 -1.648031 -1.390079
-1.619370 -1.390079 -1.619370 -1.390079
-1.590709 -1.390079 -1.590709 -1.390079
-1.562047 -1.390079 -1.562047 -1.390079
-1.533386 -1.390079 -1.533386 -1.390079
-1.504724 -1.390079 -1.504724 -1.390079
-1.476063 -1.390079 -1.476063 -1.390079
-1.447402 -1.390079 -1.447402 -1.390079
-1.418740 -1.390079 -1.418740 -1.390079
-1.390079 -1.390079 -1.390079 -1.390079
-1.361417 -1.390079 -1.361417 -1.390079
-1.332756 -1.390079 -1.332756 -1.390079
-1.304094 -1.390079 -1.304094 -1.390079
-1.275433 -1.390079 -1.275433 -1.390079
-1.246772 -1.390079 -1.246772 -1.390079
-1.218110 -1.390079 -1.218110 -1.390079
-1.189449 -1.390079 -1.189449 -1.390079
-1.160787 -1.390079 -1.160787 -1.390079
-1.132126 -1.390079 -1.132126 -1.390079
-1.103465 -1.390079 -1.103465 -1.390079
-1.074803 -1.390079 -1.074803 -1.390079
-1.046142 -1.390079 -1.046142 -1.390079
-1.017480 -1.390079 -1.017480 -1.390079
-0.988819 -1.390079 -0.988819 -1.390079
-0.960157 -1.390079 -0.960157 -1.390079
-0.931496 -1.390079 -0.931496 -1.390079
-0.902835 -1.390079 -0.902835 -1.390079
-0.874173 -1.390079 -0.874173 -1.390079
-0.845512 -1.390079 -0.845512 -1.390079
-0.816850 -1.390079 -0.816850 -1.390079
-0.788189 -1.390079 -0.788189 -1.390079
-0.759528 -1.390079 -0.759528 -1.390079
-0.730866 -1.390079 -0.730866 -1.390079
-0.702205 -1.390079 -0.702205 -1.390079
-0.673543 -1.390079 -0.673543 -1.390079
-0.644882 -1.390079 -0.644882 -1.390079
-0.616220 -1.390079 -0.616220 -1.390079
-0.587559 -1.390079 -0.587559 -1.390079
-0.558898 -1.390079 -0.558898 -1.390079
-0.530236 -1.390079 -0.530236 -1.390079
-0.501575 -1.390079 -0.501575 -1.390079
-0.472913 -1.390079 -0.472913 -1.390079
-0.444252 -1.390079 -0.444252 -1.390079
-0.415591 -1.390079 -0.415591 -1.390079
-0.386929 -1.390079 -0.386929 -1.390079
-0.358268 -1.390079 -0.358268 -1.390079
-0.329606 -1.390079 -0.329606 -1.390079
-0.300945 -1.390079 -0.300945 -1.390079
-0.272283 -1.390079 -0.272283 -1.390079
-0.243622 -1.390079 -0.243622 -1.390079
-0.214961 -1.390079 -0.214961 -1.390079
-0.186299 -1.390079 -0.186299 -1.390079
-0.157638 -1.390079 -0.157638 -1.390079
-0.128976 -1.390079 -0.128976 -1.390079
-0.100315 -1.390079 -0.100315 -1.390079
-0.071654 -1.390079 0.128243 2.196865
-0.042992 -1.390079 0.151296 2.095010
-0.014331 -1.390079 0.113003 -0.259956
0.014331 -1.390079 -0.113004 -0.259957
0.042992 -1.390079 -0.151288 2.095014
0.071654 -1.390079 -0.128234 2.196881
0.100315 -1.390079 0.100315 -1.390079
0.128976 -1.390079 0.128976 -1.390079
0.157638 -1.390079 0.157638 -1.390079
0.186299 -1.390079 0.186299 -1.390079
0.214961 -1.390079 0.214961 -1.390079
0.243622 -1.390079 0.243622 -1.390079
0.272283 -1.390079 0.272283 -1.390079
0.300945 -1.390079 0.300945 -1.390079
0.329606 -1.390079 0.329606 -1.390079
0.358268 -1.390079 0.358268 -1.390079
0.386929 -1.390079 0.386929 -1.390079
0.415591 -1.390079 0.415591 -1.390079
0.444252 -1.390079 0.444252 -1.390079
0.472913 -1.390079 0.472913 -1.390079
0.501575 -1.390079 0.501575 -1.390079
0.530236 -1.390079 0.530236 -1.390079
0.558898 -1.390079 0.558898 -1.390079
0.587559 -1.390079 0.587559 -1.390079
0.616220 -1.390079 0.616220 -1.390079
0.644882 -1.390079 0.644882 -1.390079
0.673543 -1.390079 0.673543 -1.390079
0.702205 -1.390079 0.702205 -1.390079
0.730866 -1.390079 0.730866 -1.390079
0.759528 -1.390079 0.759528 -1.390079
0.788189 -1.390079 0.788189 -1.390079
0.816850 -1.390079 0.816850 -1.390079
0.845512 -1.390079 0.845512 -1.390079
0.874173 -1.390079 0.874173 -1.390079
0.902835 -1.390079 0.902835 -1.390079
0.931496 -1.390079 0.931496 -1.390079
0.960157 -1.390079 0.960157 -1.390079
0.988819 -1.390079 0.988819 -1.390079
1.017480 -1.390079 1.017480 -1.390079
1.046142 -1.390079 1.046142 -1.390079
1.074803 -1.390079 1.074803 -1.390079
1.103465 -1.390079 1.103465 -1.390079
1.132126 -1.390079 1.132126 -1.390079
1.160787 -1.390079 1.160787 -1.390079
1.189449 -1.390079 1.189449 -1.390079
1.218110 -1.390079 1.218110 -1.390079
1.246772 -1.390079 1.246772 -1.390079
1.275433 -1.390079 1.275433 -1.390079
1.304094 -1.390079 1.304094 -1.390079
1.332756 -1.390079 1.332756 -1.390079
1.361417 -1.390079 1.361417 -1.390079
1.390079 -1.390079 1.390079 -1.390079
1.418740 -1.390079 1.418740 -1.390079
1.447402 -1.390079 1.447402 -1.390079
1.476063 -1.390079 1.476063 -1.390079
1.504724 -1.390079 1.504724 -1.390079
1.533386 -1.390079 1.533386 -1.390079
1.562047 -1.390079 1.562047 -1.390079
1.590709 -1.390079 1.590709 -1.390079
1.619370 -1.390079 1.619370 -1.390079
1.648031 -1.390079 1.648031 -1.390079
1.676693 -1.390079 1.676693 -1.390079
1.705354 -1.390079 1.705354 -1.390079
1.734016 -1.390079 1.734016 -1.390079
1.762677 -1.390079 1.762677 -1.390079
1.791339 -1.390079 1.791339 -1.390079
1.820000 -1.390079 1.820000 -1.390079
-1.820000 -1.361417 -1.820000 -1.361417
-1.791339 -1.361417 -1.791339 -1.361417
-1.762677 -1.361417 -1.762677 -1.361417
-1.734016 -1.361417 -1.734016 -1.361417
-1.705354 -1.361417 -1.705354 -1.361417
-1.676693 -1.361417 -1.676693 -1.361417
-1.648031 -1.361417 -1.648031 -1.361417
-1.619370 -1.361417 -1.619370 -1.361417
-1.590709 -1.361417 -1.590709 -1.361417
-1.562047 -1.361417 -1.562047 -1.361417
-1.533386 -1.361417 -1.533386 -1.361417
-1.504724 -1.361417 -1.504724 -1.361417
-1.476063 -1.361417 -1.476063 -1.361417
-1.447402 -1.361417 -1.447402 -1.361417
-1.418740 -1.361417 -1.418740 -1.361417
-1.390079 -1.361417 -1.390079 -1.361417
-1.361417 -1.361417 -1.361417 -1.361417
-1.332756 -1.361417 -1.332756 -1.361417
-1.304094 -1.361417 -1.304094 -1.361417
-1.275433 -1.361417 -1.275433 -1.361417
-1.246772 -1.361417 -1.246772 -1.361417
-1.218110 -1.361417 -1.218110 -1.361417
-1.189449 -1.361417 -1.189449 -1.361417
-1.160787 -1.361417 -1.160787 -1.361417
-1.132126 -1.361417 -1.132126 -1.361417
-1.103465 -1.361417 -1.103465 -1.361417
-1.074803 -1.361417 -1.074803 -1.361417
-1.046142 -1.361417 -1.046142 -1.361417
-1.017480 -1.361417 -1.017480 -1.361417
-0.988819 -1.361417 -0.988819 -1.361417
-0.960157 -1.361417 -0.960157 -1.361417
-0.931496 -1.361417 -0.931496 -1.361417
-0.902835 -1.361417 -0.902835 -1.361417
-0.874173 -1.361417 -0.874173 -1.361417
-0.845512 -1.361417 -0.845512 -1.361417
-0.816850 -1.361417 -0.816850 -1.361417
-0.788189 -1.361417 -0.788189 -1.361417
-0.759528 -1.361417 -0.759528 -1.361417
-0.730866 -1.361417 -0.730866 -1.361417
-0.702205 -1.361417 -0.702205 -1.361417
-0.673543 -1.361417 -0.673543 -1.361417
-0.644882 -1.361417 -0.644882 -1.361417
-0.616220 -1.361417 -0.616220 -1.361417
-0.587559 -1.361417 -0.587559 -1.361417
-0.558898 -1.361417 -0.558898 -1.361417
-0.530236 -1.361417 -0.530236 -1.361417
-0.501575 -1.361417 -0.501575 -1.361417
-0.472913 -1.361417 -0.472913 -1.361417
-0.444252 -1.361417 -0.444252 -1.361417
-0.415591 -1.361417 -0.415591 -1.361417
-0.386929 -1.361417 -0.386929 -1.361417
-0.358268 -1.361417 -0.358268 -1.361417
-0.329606 -1.361417 -0.329606 -1.361417
-0.300945 -1.361417 0.528537 2.224912
-0.272283 -1.361417 -0.145138 -0.232972
-0.243622 -1.361417 -0.114958 -0.219493
-0.214961 -1.361417 -0.084777 -0.206013
-0.186299 -1.361417 -0.054598 -0.192538
-0.157638 -1.361417 -0.024418 -0.179058
-0.128976 -1.361417 0.005762 -0.165579
-0.100315 -1.361417 0.014524 -0.342193
-0.071654 -1.361417 0.043151 -0.342504
-0.042992 -1.361417 0.071777 -0.342814
-0.014331 -1.361417 0.039566 -0.369066
0.014331 -1.361417 -0.039564 -0.369066
0.042992 -1.361417 -0.071778 -0.342801
0.071654 -1.361417 -0.043151 -0.342491
0.100315 -1.361417 -0.014528 -0.342163
0.128976 -1.361417 -0.005763 -0.165574
0.157638 -1.361417 0.024418 -0.179053
0.186299 -1.361417 0.054598 -0.192533
0.214961 -1.361417 0.084778 -0.206013
0.243622 -1.361417 0.114958 -0.219493
0.272283 -1.361417 0.145138 -0.232972
0.300945 -1.361417 -0.528541 2.224913
0.329606 -1.361417 0.329606 -1.361417
0.358268 -1.361417 0.358268 -1.361417
0.386929 -1.361417 0.386929 -1.361417
0.415591 -1.361417 0.415591 -1.361417
0.444252 -1.361417 0.444252 -1.361417
0.472913 -1.361417 0.472913 -1.361417
0.501575 -1.361417 0.501575 -1.361417
0.530236 -1.361417 0.530236 -1.361417
0.558898 -1.361417 0.558898 -1.361417
0.587559 -1.361417 0.587559 -1.361417
0.616220 -1.361417 0.616220 -1.361417
0.644882 -1.361417 0.644882 -1.361417
0.673543 -1.361417 0.673543 -1.361417
0.702205 -1.361417 0.702205 -1.361417
0.730866 -1.361417 0.730866 -1.361417
0.759528 -1.361417 0.759528 -1.361417
0.788189 -1.361417 0.788189 -1.361417
0.816850 -1.361417 0.816850 -1.361417
0.845512 -1.361417 0.845512 -1.361417
0.874173 -1.361417 0.874173 -1.361417
0.902835 -1.361417 0.902835 -1.361417
0.931496 -1.361417 0.931496 -1.361417
0.960157 -1.361417 0.960157 -1.361417
0.988819 -1.361417 0.988819 -1.361417
1.017480 -1.361417 1.017480 -1.361417
1.046142 -1.361417 1.046142 -1.361417
1.074803 -1.361417 1.074803 -1.361417
1.103465 -1.361417 1.103465 -1.361417
1.132126 -1.361417 1.132126 -1.361417
1.160787 -1.361417 1.160787 -1.361417
1.189449 -1.361417 1.189449 -1.361417
1.218110 -1.361417 1.218110 -1.361417
1.246772 -1.361417 1.246772 -1.361417
1.275433 -1.361417 1.275433 -1.361417
1.304094 -1.361417 1.304094 -1.361417
1.332756 -1.361417 1.332756 -1.361417
1.361417 -1.361417 1.361417 -1.361417
1.390079 -1.361417 1.390079 -1.361417
1.418740 -1.361417 1.418740 -1.361417
1.447402 -1.361417 1.447402 -1.361417
1.476063 -1.361417 1.476063 -1.361417
1.504724 -1.361417 1.504724 -1.361417
1.533386 -1.361417 1.533386 -1.361417
1.562047 -1.361417 1.562047 -1.361417
1.590709 -1.361417 1.590709 -1.361417
1.619370 -1.361417 1.619370 -1.361417
1.648031 -1.361417 1.648031 -1.361417
1.676693 -1.361417 1.676693 -1.361417
1.705354 -1.361417 1.705354 -1.361417
1.734016 -1.361417 1.734016 -1.361417
1.762677 -1.361417 1.762677 -1.361417
1.791339 -1.361417 1.791339 -1.361417
1.820000 -1.361417 1.820000 -1.361417
-1.820000 -1.332756 -1.820000 -1.332756
-1.791339 -1.332756 -1.791339 -1.332756
-1.762677 -1.332756 -1.762677 -1.332756
-1.734016 -1.332756 -1.734016 -1.332756
-1.705354 -1.332756 -1.705354 -1.332756
-1.676693 -1.332756 -1.676693 -1.332756
-1.648031 -1.332756 -1.648031 -1.332756
-1.619370 -1.332756 -1.619370 -1.332756
-1.590709 -1.332756 -1.590709 -1.332756
-1.562047 -1.332756 -1.562047 -1.332756
-1.533386 -1.332756 -1.533386 -1.332756
-1.504724 -1.332756 -1.504724 -1.332756
-1.476063 -1.332756 -1.476063 -1.332756
-1.447402 -1.332756 -1.447402 -1.332756
-1.418740 -1.332756 -1.418740 -1.332756
-1.390079 -1.332756 -1.390079 -1.332756
-1.361417 -1.332756 -1.361417 -1.332756
-1.332756 -1.332756 -1.332756 -1.332756
-1.304094 -1.332756 -1.304094 -1.332756
-1.275433 -1.332756 -1.275433 -1.332756
-1.246772 -1.332756 -1.246772 -1.332756
-1.218110 -1.332756 -1.218110 -1.332756
-1.189449 -1.332756 -1.189449 -1.332756
-1.160787 -1.332756 -1.160787 -1.332756
-1.132126 -1.332756 -1.132126 -1.332756
-1.103465 -1.332756 -1.103465 -1.332756
-1.074803 -1.332756 -1.074803 -1.332756
-1.046142 -1.332756 -1.046142 -1.332756
-1.017480 -1.332756 -1.017480 -1.332756
-0.988819 -1.332756 -0.988819 -1.332756
-0.960157 -1.332756 -0.960157 -1.332756
-0.931496 -1.332756 -0.931496 -1.332756
-0.902835 -1.332756 -0.902835 -1.332756
-0.874173 -1.332756 -0.874173 -1.332756
-0.845512 -1.332756 -0.845512 -1.332756
-0.816850 -1.332756 -0.816850 -1.332756
-0.788189 -1.332756 -0.788189 -1.332756
-0.759528 -1.332756 -0.759528 -1.332756
-0.730866 -1.332756 -0.730866 -1.332756
-0.702205 -1.332756 -0.702205 -1.332756
-0.673543 -1.332756 -0.673543 -1.332756
-0.644882 -1.332756 -0.644882 -1.332756
-0.616220 -1.332756 -0.616220 -1.332756
-0.587559 -1.332756 -0.587559 -1.332756
-0.558898 -1.332756 -0.558898 -1.332756
-0.530236 -1.332756 -0.530236 -1.332756
-0.501575 -1.332756 -0.501575 -1.332756
-0.472913 -1.332756 -0.472913 -1.332756
-0.444252 -1.332756 -0.444252 -1.332756
-0.415591 -1.332756 -0.415591 -1.332756
-0.386929 -1.332756 0.780392 2.003254
-0.358268 -1.332756 0.026633 -0.232774
-0.329606 -1.332756 0.009251 -0.364357
-0.300945 -1.332756 -0.132122 -0.352084
-0.272283 -1.332756 -0.157544 -0.314408
-0.243622 -1.332756 -0.128918 -0.314719
-0.214961 -1.332756 -0.100291 -0.315030
-0.186299 -1.332756 -0.071665 -0.315341
-0.157638 -1.332756 -0.043038 -0.315652
-0.128976 -1.332756 -0.014412 -0.315962
-0.100315 -1.332756 0.014217 -0.316260
-0.071654 -1.332756 0.042843 -0.316587
-0.042992 -1.332756 0.071469 -0.316898
-0.014331 -1.332756 0.041733 -0.341726
0.014331 -1.332756 -0.041730 -0.341726
0.042992 -1.332756 -0.071467 -0.316899
0.071654 -1.332756 -0.042840 -0.316588
0.100315 -1.332756 -0.014214 -0.316277
0.128976 -1.332756 0.014413 -0.315967
0.157638 -1.332756 0.043039 -0.315656
0.186299 -1.332756 0.071662 -0.315328
0.214961 -1.332756 0.100289 -0.315017
0.243622 -1.332756 0.128915 -0.314721
0.272283 -1.332756 0.157542 -0.314410
0.300945 -1.332756 0.132121 -0.352085
0.329606 -1.332756 -0.009246 -0.364371
0.358268 -1.332756 -0.026634 -0.232774
0.386929 -1.332756 -0.780392 2.003246
0.415591 -1.332756 0.415591 -1.332756
0.444252 -1.332756 0.444252 -1.332756
0.472913 -1.332756 0.472913 -1.332756
0.501575 -1.332756 0.501575 -1.332756
0.530236 -1.332756 0.530236 -1.332756
0.558898 -1.332756 0.558898 -1.332756
0.587559 -1.332756 0.587559 -1.332756
0.616220 -1.332756 0.616220 -1.332756
0.644882 -1.332756 0.644882 -1.332756
0.673543 -1.332756 0.673543 -1.332756
0.702205 -1.332756 0.702205 -1.332756
0.730866 -1.332756 0.730866 -1.332756
0.759528 -1.332756 0.759528 -1.332756
0.788189 -1.332756 0.788189 -1.332756
0.816850 -1.332756 0.816850 -1.332756
0.845512 -1.332756 0.845512 -1.332756
0.874173 -1.332756 0.874173 -1.332756
0.902835 -1.332756 0.902835 -1.332756
0.931496 -1.332756 0.931496 -1.332756
0.960157 -1.332756 0.960157 -1.332756
0.988819 -1.332756 0.988819 -1.332756
1.017480 -1.332756 1.017480 -1.332756
1.046142 -1.332756 1.046142 -1.332756
1.074803 -1.332756 1.074803 -1.332756
1.103465 -1.332756 1.103465 -1.332756
1.132126 -1.332756 1.132126 -1.332756
1.160787 -1.332756 1.160787 -1.332756
1.189449 -1.332756 1.189449 -1.332756
1.218110 -1.332756 1.218110 -1.332756
1.246772 -1.332756 1.246772 -1.332756
1.275433 -1.332756 1.275433 -1.332756
1.304094 -1.332756 1.304094 -1.332756
1.332756 -1.332756 1.332756 -1.332756
1.361417 -1.332756 1.361417 -1.332756
1.390079 -1.332756 1.390079 -1.332756
1.418740 -1.332756 1.418740 -1.332756
1.447402 -1.332756 1.447402 -1.332756
1.476063 -1.332756 1.476063 -1.332756
1.504724 -1.332756 1.504724 -1.332756
1.533386 -1.332756 1.533386 -1.332756
1.562047 -1.332756 1.562047 -1.332756
1.590709 -1.332756 1.590709 -1.332756
1.619370 -1.332756 1.619370 -1.332756
1.648031 -1.332756 1.648031 -1.332756
1.676693 -1.332756 1.676693 -1.332756
1.705354 -1.332756 1.705354 -1.332756
1.734016 -1.332756 1.734016 -1.332756
1.762677 -1.332756 1.762677 -1.332756
1.791339 -1.332756 1.791339 -1.332756
1.820000 -1.332756 1.820000 -1.332756
-1.820000 -1.304094 -1.820000 -1.304094
-1.791339 -1.304094 -1.791339 -1.304094
-1.762677 -1.304094 -1.762677 -1.304094
-1.734016 -1.304094 -1.734016 -1.304094
-1.705354 -1.304094 -1.705354 -1.304094
-1.676693 -1.304094 -1.676693 -1.304094
-1.648031 -1.304094 -1.648031 -1.304094
-1.619370 -1.304094 -1.619370 -1.304094
-1.590709 -1.304094 -1.590709 -1.304094
-1.562047 -1.304094 -1.562047 -1.304094
-1.533386 -1.304094 -1.533386 -1.304094
-1.504724 -1.304094 -1.504724 -1.304094
-1.476063 -1.304094 -1.476063 -1.304094
-1.447402 -1.304094 -1.447402 -1.304094
-1.418740 -1.304094 -1.418740 -1.304094
-1.390079 -1.304094 -1.390079 -1.304094
-1.361417 -1.304094 -1.361417 -1.304094
-1.332756 -1.304094 -1.332756 -1.304094
-1.304094 -1.304094 -1.304094 -1.304094
-1.275433 -1.304094 -1.275433 -1.304094
-1.246772 -1.304094 -1.246772 -1.304094
-1.218110 -1.304094 -1.218110 -1.304094
-1.189449 -1.304094 -1.189449 -1.304094
-1.160787 -1.304094 -1.160787 -1.304094
-1.132126 -1.304094 -1.132126 -1.304094
-1.103465 -1.304094 -1.103465 -1.304094
-1.074803 -1.304094 -1.074803 -1.304094
-1.046142 -1.304094 -1.046142 -1.304094
-1.017480 -1.304094 -1.017480 -1.304094
-0.988819 -1.304094 -0.988819 -1.304094
-0.960157 -1.304094 -0.960157 -1.304094
-0.931496 -1.304094 -0.931496 -1.304094
-0.902835 -1.304094 -0.902835 -1.304094
-0.874173 -1.304094 -0.874173 -1.304094
-0.845512 -1.304094 -0.845512 -1.304094
-0.816850 -1.304094 -0.816850 -1.304094
-0.788189 -1.304094 -0.788189 -1.304094
-0.759528 -1.304094 -0.759528 -1.304094
-0.730866 -1.304094 -0.730866 -1.304094
-0.702205 -1.304094 -0.702205 -1.304094
-0.673543 -1.304094 -0.673543 -1.304094
-0.644882 -1.304094 -0.644882 -1.304094
-0.616220 -1.304094 -0.616220 -1.304094
-0.587559 -1.304094 -0.587559 -1.304094
-0.558898 -1.304094 -0.558898 -1.304094
-0.530236 -1.304094 -0.530236 -1.304094
-0.501575 -1.304094 -0.501575 -1.304094
-0.472913 -1.304094 0.711363 2.080372
-0.444252 -1.304094 -0.061230 -0.209482
-0.415591 -1.304094 -0.019352 -0.171713
-0.386929 -1.304094 -0.048334 -0.336443
-0.358268 -1.304094 -0.019983 -0.337328
-0.329606 -1.304094 0.008373 -0.338199
-0.300945 -1.304094 -0.025783 -0.349020
-0.272283 -1.304094 -0.106607 -0.326452
-0.243622 -1.304094 -0.129229 -0.288817
-0.214961 -1.304094 -0.148783 -0.716748
-0.186299 -1.304094 -0.119857 -0.714407
-0.157638 -1.304094 -0.090932 -0.712069
-0.128976 -1.304094 -0.062007 -0.709730
-0.100315 -1.304094 -0.033082 -0.707392
-0.071654 -1.304094 -0.004157 -0.705054
-0.042992 -1.304094 0.024768 -0.702716
-0.014331 -1.304094 0.011419 -0.829536
0.014331 -1.304094 -0.011418 -0.829536
0.042992 -1.304094 -0.024767 -0.702719
0.071654 -1.304094 0.004157 -0.705057
0.100315 -1.304094 0.033082 -0.707395
0.128976 -1.304094 0.062007 -0.709734
0.157638 -1.304094 0.090932 -0.712072
0.186299 -1.304094 0.119857 -0.714410
0.214961 -1.304094 0.148782 -0.716748
0.243622 -1.304094 0.129229 -0.288835
0.272283 -1.304094 0.106605 -0.326453
0.300945 -1.304094 0.025780 -0.349020
0.329606 -1.304094 -0.008375 -0.338199
0.358268 -1.304094 0.019981 -0.337328
0.386929 -1.304094 0.048338 -0.336457
0.415591 -1.304094 0.019351 -0.171710
0.444252 -1.304094 0.061229 -0.209479
0.472913 -1.304094 -0.711351 2.080339
0.501575 -1.304094 0.501575 -1.304094
0.530236 -1.304094 0.530236 -1.304094
0.558898 -1.304094 0.558898 -1.304094
0.587559 -1.304094 0.587559 -1.304094
0.616220 -1.304094 0.616220 -1.304094
0.644882 -1.304094 0.644882 -1.304094
0.673543 -1.304094 0.673543 -1.304094
0.702205 -1.304094 0.702205 -1.304094
0.730866 -1.304094 0.730866 -1.304094
0.759528 -1.304094 0.759528 -1.304094
0.788189 -1.304094 0.788189 -1.304094
0.816850 -1.304094 0.816850 -1.304094
0.845512 -1.304094 0.845512 -1.304094
0.874173 -1.304094 0.874173 -1.304094
0.902835 -1.304094 0.902835 -1.304094
0.931496 -1.304094 0.931496 -1.304094
0.960157 -1.304094 0.960157 -1.304094
0.988819 -1.304094 0.988819 -1.304094
1.017480 -1.304094 1.017480 -1.304094
1.046142 -1.304094 1.046142 -1.304094
1.074803 -1.304094 1.074803 -1.304094
1.103465 -1.304094 1.103465 -1.304094
1.132126 -1.304094 1.132126 -1.304094
1.160787 -1.304094 1.160787 -1.304094
1.189449 -1.304094 1.189449 -1.304094
1.218110 -1.304094 1.218110 -1.304094
1.246772 -1.304094 1.246772 -1.304094
1.275433 -1.304094 1.275433 -1.304094
1.304094 -1.304094 1.304094 -1.304094
1.332756 -1.304094 1.332756 -1.304094
1.361417 -1.304094 1.361417 -1.304094
1.390079 -1.304094 1.390079 -1.304094
1.418740 -1.304094 1.418740 -1.304094
1.447402 -1.304094 1.447402 -1.304094
1.476063 -1.304094 1.476063 -1.304094
1.504724 -1.304094 1.504724 -1.304094
1.533386 -1.304094 1.533386 -1.304094
1.562047 -1.304094 1.562047 -1.304094
1.590709 -1.304094 1.590709 -1.304094
1.619370 -1.304094 1.619370 -1.304094
1.648031 -1.304094 1.648031 -1.304094
1.676693 -1.304094 1.676693 -1.304094
1.705354 -1.304094 1.705354 -1.304094
1.734016 -1.304094 1.734016 -1.304094
1.762677 -1.304094 1.762677 -1.304094
1.791339 -1.304094 1.791339 -1.304094
1.820000 -1.304094 1.820000 -1.304094
-1.820000 -1.275433 -1.820000 -1.275433
-1.791339 -1.275433 -1.791339 -1.275433
-1.762677 -1.275433 -1.762677 -1.275433
-1.734016 -1.275433 -1.734016 -1.275433
-1.705354 -1.275433 -1.705354 -1.275433
-1.676693 -1.275433 -1.676693 -1.275433
-1.648031 -1.275433 -1.648031 -1.275433
-1.619370 -1.275433 -1.619370 -1.275433
-1.590709 -1.275433 -1.590709 -1.275433
-1.562047 -1.275433 -1.562047 -1.275433
-1.533386 -1.275433 -1.533386 -1.275433
-1.504724 -1.275433 -1.504724 -1.275433
-1.476063 -1.275433 -1.476063 -1.275433
-1.447402 -1.275433 -1.447402 -1.275433
-1.418740 -1.275433 -1.418740 -1.275433
-1.390079 -1.275433 -1.390079 -1.275433
-1.361417 -1.275433 -1.361417 -1.275433
-1.332756 -1.275433 -1.332756 -1.275433
-1.304094 -1.275433 -1.304094 -1.275433
-1.275433 -1.275433 -1.275433 -1.275433
-1.246772 -1.275433 -1.246772 -1.275433
-1.218110 -1.275433 -1.218110 -1.275433
-1.189449 -1.275433 -1.189449 -1.275433
-1.160787 -1.275433 -1.160787 -1.275433
-1.132126 -1.275433 -1.132126 -1.275433
-1.103465 -1.275433 -1.103465 -1.275433
-1.074803 -1.275433 -1.074803 -1.275433
-1.046142 -1.275433 -1.046142 -1.275433
-1.017480 -1.275433 -1.017480 -1.275433
-0.988819 -1.275433 -0.988819 -1.275433
-0.960157 -1.275433 -0.960157 -1.275433
-0.931496 -1.275433 -0.931496 -1.275433
-0.902835 -1.275433 -0.902835 -1.275433
-0.874173 -1.275433 -0.874173 -1.275433
-0.845512 -1.275433 -0.845512 -1.275433
-0.816850 -1.275433 -0.816850 -1.275433
-0.788189 -1.275433 -0.788189 -1.275433
-0.759528 -1.275433 -0.759528 -1.275433
-0.730866 -1.275433 -0.730866 -1.275433
-0.702205 -1.275433 -0.702205 -1.275433
-0.673543 -1.275433 -0.673543 -1.275433
-0.644882 -1.275433 -0.644882 -1.275433
-0.616220 -1.275433 -0.616220 -1.275433
-0.587559 -1.275433 -0.587559 -1.275433
-0.558898 -1.275433 0.809692 2.025151
-0.530236 -1.275433 -0.149092 -0.186188
-0.501575 -1.275433 -0.107216 -0.148421
-0.472913 -1.275433 -0.134274 -0.307658
-0.444252 -1.275433 -0.105918 -0.308529
-0.415591 -1.275433 -0.077563 -0.309407
-0.386929 -1.275433 -0.049213 -0.310292
-0.358268 -1.275433 -0.020856 -0.311163
-0.329606 -1.275433 -0.132638 -0.712527
-0.300945 -1.275433 -0.101684 -0.705976
-0.272283 -1.275433 -0.218649 -0.799415
-0.243622 -1.275433 -0.189982 -0.799368
-0.214961 -1.275433 -0.161316 -0.799322
-0.186299 -1.275433 -0.132649 -0.799276
-0.157638 -1.275433 -0.103982 -0.799232
-0.128976 -1.275433 -0.075315 -0.799185
-0.100315 -1.275433 -0.046649 -0.799139
-0.071654 -1.275433 -0.017982 -0.799093
-0.042992 -1.275433 0.010685 -0.799046
-0.014331 -1.275433 0.012183 -0.800390
0.014331 -1.275433 -0.012183 -0.800390
0.042992 -1.275433 -0.010684 -0.799046
0.071654 -1.275433 0.017983 -0.799092
0.100315 -1.275433 0.046649 -0.799139
0.128976 -1.275433 0.075316 -0.799185
0.157638 -1.275433 0.103982 -0.799229
0.186299 -1.275433 0.132648 -0.799276
0.214961 -1.275433 0.161315 -0.799322
0.243622 -1.275433 0.189982 -0.799368
0.272283 -1.275433 0.218648 -0.799414
0.300945 -1.275433 0.101683 -0.705976
0.329606 -1.275433 0.132637 -0.712528
0.358268 -1.275433 0.020853 -0.311156
0.386929 -1.275433 0.049209 -0.310285
0.415591 -1.275433 0.077566 -0.309414
0.444252 -1.275433 0.105922 -0.308543
0.472913 -1.275433 0.134282 -0.307678
0.501575 -1.275433 0.107214 -0.148418
0.530236 -1.275433 0.149092 -0.186187
0.558898 -1.275433 -0.809697 2.025158
0.587559 -1.275433 0.587559 -1.275433
0.616220 -1.275433 0.616220 -1.275433
0.644882 -1.275433 0.644882 -1.275433
0.673543 -1.275433 0.673543 -1.275433
0.702205 -1.275433 0.702205 -1.275433
0.730866 -1.275433 0.730866 -1.275433
0.759528 -1.275433 0.759528 -1.275433
0.788189 -1.275433 0.788189 -1.275433
0.816850 -1.275433 0.816850 -1.275433
0.845512 -1.275433 0.845512 -1.275433
0.874173 -1.275433 0.874173 -1.275433
0.902835 -1.275433 0.902835 -1.275433
0.931496 -1.275433 0.931496 -1.275433
0.960157 -1.275433 0.960157 -1.275433
0.988819 -1.275433 0.988819 -1.275433
1.017480 -1.275433 1.017480 -1.275433
1.046142 -1.275433 1.046142 -1.275433
1.074803 -1.275433 1.074803 -1.275433
1.103465 -1.275433 1.103465 -1.275433
1.132126 -1.275433 1.132126 -1.275433
1.160787 -1.275433 1.160787 -1.275433
1.189449 -1.275433 1.189449 -1.275433
1.218110 -1.275433 1.218110 -1.275433
1.246772 -1.275433 1.246772 -1.275433
1.275433 -1.275433 1.275433 -1.275433
1.304094 -1.275433 1.304094 -1.275433
1.332756 -1.275433 1.332756 -1.275433
1.361417 -1.275433 1.361417 -1.275433
1.390079 -1.275433 1.390079 -1.275433
1.418740 -1.275433 1.418740 -1.275433
1.447402 -1.275433 1.447402 -1.275433
1.476063 -1.275433 1.476063 -1.275433
1.504724 -1.275433 1.504724 -1.275433
1.533386 -1.275433 1.533386 -1.275433
1.562047 -1.275433 1.562047 -1.275433
1.590709 -1.275433 1.590709 -1.275433
1.619370 -1.275433 1.619370 -1.275433
1.648031 -1.275433 1.648031 -1.275433
1.676693 -1.275433 1.676693 -1.275433
1.705354 -1.275433 1.705354 -1.275433
1.734016 -1.275433 1.734016 -1.275433
1.762677 -1.275433 1.762677 -1.275433
1.791339 -1.275433 1.791339 -1.275433
1.820000 -1.275433 1.820000 -1.275433
-1.820000 -1.246772 -1.820000 -1.246772
-1.791339 -1.246772 -1.791339 -1.246772
-1.762677 -1.246772 -1.762677 -1.246772
-1.734016 -1.246772 -1.734016 -1.246772
-1.705354 -1.246772 -1.705354 -1.246772
-1.676693 -1.246772 -1.676693 -1.246772
-1.648031 -1.246772 -1.648031 -1.246772
-1.619370 -1.246772 -1.619370 -1.246772
-1.590709 -1.246772 -1.590709 -1.246772
-1.562047 -1.246772 -1.562047 -1.246772
-1.533386 -1.246772 -1.533386 -1.246772
-1.504724 -1.246772 -1.504724 -1.246772
-1.476063 -1.246772 -1.476063 -1.246772
-1.447402 -1.246772 -1.447402 -1.246772
-1.418740 -1.246772 -1.418740 -1.246772
-1.390079 -1.246772 -1.390079 -1.246772
-1.361417 -1.246772 -1.361417 -1.246772
-1.332756 -1.246772 -1.332756 -1.246772
-1.304094 -1.246772 -1.304094 -1.246772
-1.275433 -1.246772 -1.275433 -1.246772
-1.246772 -1.246772 -1.246772 -1.246772
-1.218110 -1.246772 -1.218110 -1.246772
-1.189449 -1.246772 -1.189449 -1.246772
-1.160787 -1.246772 -1.160787 -1.246772
-1.132126 -1.246772 -1.132126 -1.246772
-1.103465 -1.246772 -1.103465 -1.246772
-1.074803 -1.246772 -1.074803 -1.246772
-1.046142 -1.246772 -1.046142 -1.246772
-1.017480 -1.246772 -1.017480 -1.246772
-0.988819 -1.246772 -0.988819 -1.246772
-0.960157 -1.246772 -0.960157 -1.246772
-0.931496 -1.246772 -0.931496 -1.246772
-0.902835 -1.246772 -0.902835 -1.246772
-0.874173 -1.246772 -0.874173 -1.246772
-0.845512 -1.246772 -0.845512 -1.246772
-0.816850 -1.246772 -0.816850 -1.246772
-0.788189 -1.246772 -0.788189 -1.246772
-0.759528 -1.246772 -0.759528 -1.246772
-0.730866 -1.246772 -0.730866 -1.246772
-0.702205 -1.246772 -0.702205 -1.246772
-0.673543 -1.246772 -0.673543 -1.246772
-0.644882 -1.246772 -0.644882 -1.246772
-0.616220 -1.246772 0.918690 1.958731
-0.587559 -1.246772 -0.195077 -0.125126
-0.558898 -1.246772 -0.220217 -0.278879
-0.530236 -1.246772 -0.191861 -0.279750
-0.501575 -1.246772 -0.163504 -0.280622
-0.472913 -1.246772 -0.135148 -0.281493
-0.444252 -1.246772 -0.106797 -0.282378
-0.415591 -1.246772 -0.218948 -0.684797
-0.386929 -1.246772 -0.187994 -0.678246
-0.358268 -1.246772 -0.200041 -0.794583
-0.329606 -1.246772 -0.171334 -0.794454
-0.300945 -1.246772 -0.169617 -0.789668
-0.272283 -1.246772 -0.192395 -0.777669
-0.243622 -1.246772 -0.189936 -0.770297
-0.214961 -1.246772 -0.161269 -0.770250
-0.186299 -1.246772 -0.132603 -0.770204
-0.157638 -1.246772 -0.103936 -0.770158
-0.128976 -1.246772 -0.075269 -0.770112
-0.100315 -1.246772 -0.046603 -0.770065
-0.071654 -1.246772 -0.017936 -0.770019
-0.042992 -1.246772 0.010731 -0.769974
-0.014331 -1.246772 0.012948 -0.771244
0.014331 -1.246772 -0.012947 -0.771244
0.042992 -1.246772 -0.010730 -0.769974
0.071654 -1.246772 0.017936 -0.770021
0.100315 -1.246772 0.046603 -0.770067
0.128976 -1.246772 0.075270 -0.770113
0.157638 -1.246772 0.103936 -0.770159
0.186299 -1.246772 0.132602 -0.770204
0.214961 -1.246772 0.161269 -0.770251
0.243622 -1.246772 0.189935 -0.770297
0.272283 -1.246772 0.192395 -0.777669
0.300945 -1.246772 0.169616 -0.789668
0.329606 -1.246772 0.171334 -0.794455
0.358268 -1.246772 0.200041 -0.794585
0.386929 -1.246772 0.187993 -0.678243
0.415591 -1.246772 0.218947 -0.684794
0.444252 -1.246772 0.106790 -0.282357
0.472913 -1.246772 0.135146 -0.281485
0.501575 -1.246772 0.163505 -0.280620
0.530236 -1.246772 0.191862 -0.279749
0.558898 -1.246772 0.220223 -0.278893
0.587559 -1.246772 0.195078 -0.125126
0.616220 -1.246772 -0.918675 1.958714
0.644882 -1.246772 0.644882 -1.246772
0.673543 -1.246772 0.673543 -1.246772
0.702205 -1.246772 0.702205 -1.246772
0.730866 -1.246772 0.730866 -1.246772
0.759528 -1.246772 0.759528 -1.246772
0.788189 -1.246772 0.788189 -1.246772
0.816850 -1.246772 0.816850 -1.246772
0.845512 -1.246772 0.845512 -1.246772
0.874173 -1.246772 0.874173 -1.246772
0.902835 -1.246772 0.902835 -1.246772
0.931496 -1.246772 0.931496 -1.246772
0.960157 -1.246772 0.960157 -1.246772
0.988819 -1.246772 0.988819 -1.246772
1.017480 -1.246772 1.017480 -1.246772
1.046142 -1.246772 1.046142 -1.246772
1.074803 -1.246772 1.074803 -1.246772
1.103465 -1.246772 1.103465 -1.246772
1.132126 -1.246772 1.132126 -1.246772
1.160787 -1.246772 1.160787 -1.246772
1.189449 -1.246772 1.189449 -1.246772
1.218110 -1.246772 1.218110 -1.246772
1.246772 -1.246772 1.246772 -1.246772
1.275433 -1.246772 1.275433 -1.246772
1.304094 -1.246772 1.304094 -1.246772
1.332756 -1.246772 1.332756 -1.246772
1.361417 -1.246772 1.361417 -1.246772
1.390079 -1.246772 1.390079 -1.246772
1.418740 -1.246772 1.418740 -1.246772
1.447402 -1.246772 1.447402 -1.246772
1.476063 -1.246772 1.476063 -1.246772
1.504724 -1.246772 1.504724 -1.246772
1.533386 -1.246772 1.533386 -1.246772
1.562047 -1.246772 1.562047 -1.246772
1.590709 -1.246772 1.590709 -1.246772
1.619370 -1.246772 1.619370 -1.246772
1.648031 -1.246772 1.648031 -1.246772
1.676693 -1.246772 1.676693 -1.246772
1.705354 -1.246772 1.705354 -1.246772
1.734016 -1.246772 1.734016 -1.246772
1.762677 -1.246772 1.762677 -1.246772
1.791339 -1.246772 1.791339 -1.246772
1.820000 -1.246772 1.820000 -1.246772
-1.820000 -1.218110 -1.820000 -1.218110
-1.791339 -1.218110 -1.791339 -1.218110
-1.762677 -1.218110 -1.762677 -1.218110
-1.734016 -1.218110 -1.734016 -1.218110
-1.705354 -1.218110 -1.705354 -1.218110
-1.676693 -1.218110 -1.676693 -1.218110
-1.648031 -1.218110 -1.648031 -1.218110
-1.619370 -1.218110 -1.619370 -1.218110
-1.590709 -1.218110 -1.590709 -1.218110
-1.562047 -1.218110 -1.562047 -1.218110
-1.533386 -1.218110 -1.533386 -1.218110
-1.504724 -1.218110 -1.504724 -1.218110
-1.476063 -1.218110 -1.476063 -1.218110
-1.447402 -1.218110 -1.447402 -1.218110
-1.418740 -1.218110 -1.418740 -1.218110
-1.390079 -1.218110 -1.390079 -1.218110
-1.361417 -1.218110 -1.361417 -1.218110
-1.332756 -1.218110 -1.332756 -1.218110
-1.304094 -1.218110 -1.304094 -1.218110
-1.275433 -1.218110 -1.275433 -1.218110
-1.246772 -1.218110 -1.246772 -1.218110
-1.218110 -1.218110 -1.218110 -1.218110
-1.189449 -1.218110 -1.189449 -1.218110
-1.160787 -1.218110 -1.160787 -1.218110
-1.132126 -1.218110 -1.132126 -1.218110
-1.103465 -1.218110 -1.103465 -1.218110
-1.074803 -1.218110 -1.074803 -1.218110
-1.046142 -1.218110 -1.046142 -1.218110
-1.017480 -1.218110 -1.017480 -1.218110
-0.988819 -1.218110 -0.988819 -1.218110
-0.960157 -1.218110 -0.960157 -1.218110
-0.931496 -1.218110 -0.931496 -1.218110
-0.902835 -1.218110 -0.902835 -1.218110
-0.874173 -1.218110 -0.874173 -1.218110
-0.845512 -1.218110 -0.845512 -1.218110
-0.816850 -1.218110 -0.816850 -1.218110
-0.788189 -1.218110 -0.788189 -1.218110
-0.759528 -1.218110 -0.759528 -1.218110
-0.730866 -1.218110 -0.730866 -1.218110
-0.702205 -1.218110 -0.702205 -1.218110
-0.673543 -1.218110 1.287807 1.903369
-0.644882 -1.218110 -0.020827 -0.224932
-0.616220 -1.218110 -0.070770 -0.350030
-0.587559 -1.218110 -0.107328 -0.346971
-0.558898 -1.218110 -0.179129 -0.301790
-0.530236 -1.218110 -0.192732 -0.253579
-0.501575 -1.218110 -0.305258 -0.657067
-0.472913 -1.218110 -0.274304 -0.650516
-0.444252 -1.218110 -0.286032 -0.765940
-0.415591 -1.218110 -0.257325 -0.765811
-0.386929 -1.218110 -0.228618 -0.765681
-0.358268 -1.218110 -0.199911 -0.765552
-0.329606 -1.218110 -0.171206 -0.765423
-0.300945 -1.218110 -0.142499 -0.765294
-0.272283 -1.218110 -0.192979 -0.748155
-0.243622 -1.218110 -0.189890 -0.741225
-0.214961 -1.218110 -0.161223 -0.741179
-0.186299 -1.218110 -0.132556 -0.741133
-0.157638 -1.218110 -0.119154 -0.876559
-0.128976 -1.218110 -0.090420 -0.875919
-0.100315 -1.218110 -0.061687 -0.875280
-0.071654 -1.218110 -0.032953 -0.874640
-0.042992 -1.218110 -0.004220 -0.874001
-0.014331 -1.218110 0.024514 -0.873361
0.014331 -1.218110 -0.024514 -0.873361
0.042992 -1.218110 0.004220 -0.874001
0.071654 -1.218110 0.032953 -0.874641
0.100315 -1.218110 0.061687 -0.875280
0.128976 -1.218110 0.090420 -0.875920
0.157638 -1.218110 0.119154 -0.876559
0.186299 -1.218110 0.132557 -0.741134
0.214961 -1.218110 0.161223 -0.741181
0.243622 -1.218110 0.189889 -0.741225
0.272283 -1.218110 0.192979 -0.748155
0.300945 -1.218110 0.142498 -0.765294
0.329606 -1.218110 0.171205 -0.765424
0.358268 -1.218110 0.199912 -0.765553
0.386929 -1.218110 0.228618 -0.765683
0.415591 -1.218110 0.257326 -0.765813
0.444252 -1.218110 0.286032 -0.765942
0.472913 -1.218110 0.274303 -0.650512
0.501575 -1.218110 0.305257 -0.657064
0.530236 -1.218110 0.192731 -0.253572
0.558898 -1.218110 0.179130 -0.301790
0.587559 -1.218110 0.107328 -0.346971
0.616220 -1.218110 0.070769 -0.350030
0.644882 -1.218110 0.020828 -0.224931
0.673543 -1.218110 -1.287788 1.903327
0.702205 -1.218110 0.702205 -1.218110
0.730866 -1.218110 0.730866 -1.218110
0.759528 -1.218110 0.759528 -1.218110
0.788189 -1.218110 0.788189 -1.218110
0.816850 -1.218110 0.816850 -1.218110
0.845512 -1.218110 0.845512 -1.218110
0.874173 -1.218110 0.874173 -1.218110
0.902835 -1.218110 0.902835 -1.218110
0.931496 -1.218110 0.931496 -1.218110
0.960157 -1.218110 0.960157 -1.218110
0.988819 -1.218110 0.988819 -1.218110
1.017480 -1.218110 1.017480 -1.218110
1.046142 -1.218110 1.046142 -1.218110
1.074803 -1.218110 1.074803 -1.218110
1.103465 -1.218110 1.103465 -1.218110
1.132126 -1.218110 1.132126 -1.218110
1.160787 -1.218110 1.160787 -1.218110
1.189449 -1.218110 1.189449 -1.218110
1.218110 -1.218110 1.218110 -1.218110
1.246772 -1.218110 1.246772 -1.218110
1.275433 -1.218110 1.275433 -1.218110
1.304094 -1.218110 1.304094 -1.218110
1.332756 -1.218110 1.332756 -1.218110
1.361417 -1.218110 1.361417 -1.218110
1.390079 -1.218110 1.390079 -1.218110
1.418740 -1.218110 1.418740 -1.218110
1.447402 -1.218110 1.447402 -1.218110
1.476063 -1.218110 1.476063 -1.218110
1.504724 -1.218110 1.504724 -1.218110
1.533386 -1.218110 1.533386 -1.218110
1.562047 -1.218110 1.562047 -1.218110
1.590709 -1.218110 1.590709 -1.218110
1.619370 -1.218110 1.619370 -1.218110
1.648031 -1.218110 1.648031 -1.218110
1.676693 -1.218110 1.676693 -1.218110
1.705354 -1.218110 1.705354 -1.218110
1.734016 -1.218110 1.734016 -1.218110
1.762677 -1.218110 1.762677 -1.218110
1.791339 -1.218110 1.791339 -1.218110
1.820000 -1.218110 1.820000 -1.218110
-1.820000 -1.189449 -1.820000 -1.189449
-1.791339 -1.189449 -1.791339 -1.189449
-1.762677 -1.189449 -1.762677 -1.189449
-1.734016 -1.189449 -1.734016 -1.189449
-1.705354 -1.189449 -1.705354 -1.189449
-1.676693 -1.189449 -1.676693 -1.189449
-1.648031 -1.189449 -1.648031 -1.189449
-1.619370 -1.189449 -1.619370 -1.189449
-1.590709 -1.189449 -1.590709 -1.189449
-1.562047 -1.189449 -1.562047 -1.189449
-1.533386 -1.189449 -1.533386 -1.189449
-1.504724 -1.189449 -1.504724 -1.189449
-1.476063 -1.189449 -1.476063 -1.189449
-1.447402 -1.189449 -1.447402 -1.189449
-1.418740 -1.189449 -1.418740 -1.189449
-1.390079 -1.189449 -1.390079 -1.189449
-1.361417 -1.189449 -1.361417 -1.189449
-1.332756 -1.189449 -1.332756 -1.189449
-1.304094 -1.189449 -1.304094 -1.189449
-1.275433 -1.189449 -1.275433 -1.189449
-1.246772 -1.189449 -1.246772 -1.189449
-1.218110 -1.189449 -1.218110 -1.189449
-1.189449 -1.189449 -1.189449 -1.189449
-1.160787 -1.189449 -1.160787 -1.189449
-1.132126 -1.189449 -1.132126 -1.189449
-1.103465 -1.189449 -1.103465 -1.189449
-1.074803 -1.189449 -1.074803 -1.189449
-1.046142 -1.189449 -1.046142 -1.189449
-1.017480 -1.189449 -1.017480 -1.189449
-0.988819 -1.189449 -0.988819 -1.189449
-0.960157 -1.189449 -0.960157 -1.189449
-0.931496 -1.189449 -0.931496 -1.189449
-0.902835 -1.189449 -0.902835 -1.189449
-0.874173 -1.189449 -0.874173 -1.189449
-0.845512 -1.189449 -0.845512 -1.189449
-0.816850 -1.189449 -0.816850 -1.189449
-0.788189 -1.189449 -0.788189 -1.189449
-0.759528 -1.189449 -0.759528 -1.189449
-0.730866 -1.189449 -0.730866 -1.189449
-0.702205 -1.189449 -0.092159 -0.218567
-0.673543 -1.189449 -0.127764 -0.320846
-0.644882 -1.189449 -0.099900 -0.322113
-0.616220 -1.189449 -0.072029 -0.323372
-0.587559 -1.189449 -0.106708 -0.321255
-0.558898 -1.189449 -0.360612 -0.622783
-0.530236 -1.189449 -0.372022 -0.737298
-0.501575 -1.189449 -0.343316 -0.737169
-0.472913 -1.189449 -0.314609 -0.737039
-0.444252 -1.189449 -0.285902 -0.736910
-0.415591 -1.189449 -0.257195 -0.736780
-0.386929 -1.189449 -0.228490 -0.736652
-0.358268 -1.189449 -0.199783 -0.736522
-0.329606 -1.189449 -0.171076 -0.736393
-0.300945 -1.189449 -0.187027 -0.863888
-0.272283 -1.189449 -0.157739 -0.862096
-0.243622 -1.189449 -0.204715 -0.844141
-0.214961 -1.189449 -0.175981 -0.843501
-0.186299 -1.189449 -0.147248 -0.842861
-0.157638 -1.189449 -0.118514 -0.842222
-0.128976 -1.189449 -0.089781 -0.841582
-0.100315 -1.189449 -0.061047 -0.840943
-0.071654 -1.189449 -0.042634 -0.931902
-0.042992 -1.189449 -0.013993 -0.932078
-0.014331 -1.189449 0.014648 -0.932257
0.014331 -1.189449 -0.014648 -0.932257
0.042992 -1.189449 0.013994 -0.932080
0.071654 -1.189449 0.042635 -0.931903
0.100315 -1.189449 0.061047 -0.840943
0.128976 -1.189449 0.089781 -0.841583
0.157638 -1.189449 0.118514 -0.842222
0.186299 -1.189449 0.147248 -0.842862
0.214961 -1.189449 0.175981 -0.843501
0.243622 -1.189449 0.204714 -0.844141
0.272283 -1.189449 0.157738 -0.862096
0.300945 -1.189449 0.187027 -0.863888
0.329606 -1.189449 0.171075 -0.736392
0.358268 -1.189449 0.199782 -0.736521
0.386929 -1.189449 0.228489 -0.736651
0.415591 -1.189449 0.257196 -0.736781
0.444252 -1.189449 0.285903 -0.736911
0.472913 -1.189449 0.314610 -0.737040
0.501575 -1.189449 0.343316 -0.737170
0.530236 -1.189449 0.372023 -0.737299
0.558898 -1.189449 0.360613 -0.622782
0.587559 -1.189449 0.106705 -0.321250
0.616220 -1.189449 0.072028 -0.323372
0.644882 -1.189449 0.099898 -0.322113
0.673543 -1.189449 0.127768 -0.320854
0.702205 -1.189449 0.092160 -0.218565
0.730866 -1.189449 0.730866 -1.189449
0.759528 -1.189449 0.759528 -1.189449
0.788189 -1.189449 0.788189 -1.189449
0.816850 -1.189449 0.816850 -1.189449
0.845512 -1.189449 0.845512 -1.189449
0.874173 -1.189449 0.874173 -1.189449
0.902835 -1.189449 0.902835 -1.189449
0.931496 -1.189449 0.931496 -1.189449
0.960157 -1.189449 0.960157 -1.189449
0.988819 -1.189449 0.988819 -1.189449
1.017480 -1.189449 1.017480 -1.189449
1.046142 -1.189449 1.046142 -1.189449
1.074803 -1.189449 1.074803 -1.189449
1.103465 -1.189449 1.103465 -1.189449
1.132126 -1.189449 1.132126 -1.189449
1.160787 -1.189449 1.160787 -1.189449
1.189449 -1.189449 1.189449 -1.189449
1.218110 -1.189449 1.218110 -1.189449
1.246772 -1.189449 1.246772 -1.189449
1.275433 -1.189449 1.275433 -1.189449
1.304094 -1.189449 1.304094 -1.189449
1.332756 -1.189449 1.332756 -1.189449
1.361417 -1.189449 1.361417 -1.189449
1.390079 -1.189449 1.390079 -1.189449
1.418740 -1.189449 1.418740 -1.189449
1.447402 -1.189449 1.447402 -1.189449
1.476063 -1.189449 1.476063 -1.189449
1.504724 -1.189449 1.504724 -1.189449
1.533386 -1.189449 1.533386 -1.189449
1.562047 -1.189449 1.562047 -1.189449
1.590709 -1.189449 1.590709 -1.189449
1.619370 -1.189449 1.619370 -1.189449
1.648031 -1.189449 1.648031 -1.189449
1.676693 -1.189449 1.676693 -1.189449
1.705354 -1.189449 1.705354 -1.189449
1.734016 -1.189449 1.734016 -1.189449
1.762677 -1.189449 1.762677 -1.189449
1.791339 -1.189449 1.791339 -1.189449
1.820000 -1.189449 1.820000 -1.189449
-1.820000 -1.160787 -1.820000 -1.160787
-1.791339 -1.160787 -1.791339 -1.160787
-1.762677 -1.160787 -1.762677 -1.160787
-1.734016 -1.160787 -1.734016 -1.160787
-1.705354 -1.160787 -1.705354 -1.160787
-1.676693 -1.160787 -1.676693 -1.160787
-1.648031 -1.160787 -1.648031 -1.160787
-1.619370 -1.160787 -1.619370 -1.160787
-1.590709 -1.160787 -1.590709 -1.160787
-1.562047 -1.160787 -1.562047 -1.160787
-1.533386 -1.160787 -1.533386 -1.160787
-1.504724 -1.160787 -1.504724 -1.160787
-1.476063 -1.160787 -1.476063 -1.160787
-1.447402 -1.160787 -1.447402 -1.160787
-1.418740 -1.160787 -1.418740 -1.160787
-1.390079 -1.160787 -1.390079 -1.160787
-1.361417 -1.160787 -1.361417 -1.160787
-1.332756 -1.160787 -1.332756 -1.160787
-1.304094 -1.160787 -1.304094 -1.160787
-1.275433 -1.160787 -1.275433 -1.160787
-1.246772 -1.160787 -1.246772 -1.160787
-1.218110 -1.160787 -1.218110 -1.160787
-1.189449 -1.160787 -1.189449 -1.160787
-1.160787 -1.160787 -1.160787 -1.160787
-1.132126 -1.160787 -1.132126 -1.160787
-1.103465 -1.160787 -1.103465 -1.160787
-1.074803 -1.160787 -1.074803 -1.160787
-1.046142 -1.160787 -1.046142 -1.160787
-1.017480 -1.160787 -1.017480 -1.160787
-0.988819 -1.160787 -0.988819 -1.160787
-0.960157 -1.160787 -0.960157 -1.160787
-0.931496 -1.160787 -0.931496 -1.160787
-0.902835 -1.160787 -0.902835 -1.160787
-0.874173 -1.160787 -0.874173 -1.160787
-0.845512 -1.160787 -0.845512 -1.160787
-0.816850 -1.160787 -0.816850 -1.160787
-0.788189 -1.160787 -0.788189 -1.160787
-0.759528 -1.160787 1.145200 1.870566
-0.730866 -1.160787 -0.100536 -0.157622
-0.702205 -1.160787 -0.156894 -0.292929
-0.673543 -1.160787 -0.129029 -0.294196
-0.644882 -1.160787 -0.101163 -0.295463
-0.616220 -1.160787 -0.298148 -0.654577
-0.587559 -1.160787 -0.332681 -0.755150
-0.558898 -1.160787 -0.376261 -0.721153
-0.530236 -1.160787 -0.371893 -0.708267
-0.501575 -1.160787 -0.343186 -0.708137
-0.472913 -1.160787 -0.314479 -0.708007
-0.444252 -1.160787 -0.285773 -0.707878
-0.415591 -1.160787 -0.257067 -0.707750
-0.386929 -1.160787 -0.273100 -0.835481
-0.358268 -1.160787 -0.243812 -0.833689
-0.329606 -1.160787 -0.214524 -0.831897
-0.300945 -1.160787 -0.185235 -0.830105
-0.272283 -1.160787 -0.207675 -0.911903
-0.243622 -1.160787 -0.214661 -0.903748
-0.214961 -1.160787 -0.186019 -0.903924
-0.186299 -1.160787 -0.157378 -0.904101
-0.157638 -1.160787 -0.128736 -0.904278
-0.128976 -1.160787 -0.100095 -0.904455
-0.100315 -1.160787 -0.071453 -0.904632
-0.071654 -1.160787 -0.042812 -0.904808
-0.042992 -1.160787 -0.014171 -0.904987
-0.014331 -1.160787 0.014471 -0.905164
0.014331 -1.160787 -0.014471 -0.905164
0.042992 -1.160787 0.014170 -0.904988
0.071654 -1.160787 0.042812 -0.904811
0.100315 -1.160787 0.071453 -0.904634
0.128976 -1.160787 0.100095 -0.904457
0.157638 -1.160787 0.128736 -0.904280
0.186299 -1.160787 0.157378 -0.904104
0.214961 -1.160787 0.186019 -0.903926
0.243622 -1.160787 0.214661 -0.903748
0.272283 -1.160787 0.207675 -0.911903
0.300945 -1.160787 0.185235 -0.830104
0.329606 -1.160787 0.214523 -0.831896
0.358268 -1.160787 0.243812 -0.833688
0.386929 -1.160787 0.273100 -0.835480
0.415591 -1.160787 0.257066 -0.707747
0.444252 -1.160787 0.285773 -0.707877
0.472913 -1.160787 0.314480 -0.708006
0.501575 -1.160787 0.343187 -0.708137
0.530236 -1.160787 0.371893 -0.708266
0.558898 -1.160787 0.376262 -0.721153
0.587559 -1.160787 0.332681 -0.755150
0.616220 -1.160787 0.298148 -0.654577
0.644882 -1.160787 0.101157 -0.295455
0.673543 -1.160787 0.129027 -0.294196
0.702205 -1.160787 0.156903 -0.292945
0.730866 -1.160787 0.100544 -0.157635
0.759528 -1.160787 -1.145157 1.870505
0.788189 -1.160787 0.788189 -1.160787
0.816850 -1.160787 0.816850 -1.160787
0.845512 -1.160787 0.845512 -1.160787
0.874173 -1.160787 0.874173 -1.160787
0.902835 -1.160787 0.902835 -1.160787
0.931496 -1.160787 0.931496 -1.160787
0.960157 -1.160787 0.960157 -1.160787
0.988819 -1.160787 0.988819 -1.160787
1.017480 -1.160787 1.017480 -1.160787
1.046142 -1.160787 1.046142 -1.160787
1.074803 -1.160787 1.074803 -1.160787
1.103465 -1.160787 1.103465 -1.160787
1.132126 -1.160787 1.132126 -1.160787
1.160787 -1.160787 1.160787 -1.160787
1.189449 -1.160787 1.189449 -1.160787
1.218110 -1.160787 1.218110 -1.160787
1.246772 -1.160787 1.246772 -1.160787
1.275433 -1.160787 1.275433 -1.160787
1.304094 -1.160787 1.304094 -1.160787
1.332756 -1.160787 1.332756 -1.160787
1.361417 -1.160787 1.361417 -1.160787
1.390079 -1.160787 1.390079 -1.160787
1.418740 -1.160787 1.418740 -1.160787
1.447402 -1.160787 1.447402 -1.160787
1.476063 -1.160787 1.476063 -1.160787
1.504724 -1.160787 1.504724 -1.160787
1.533386 -1.160787 1.533386 -1.160787
1.562047 -1.160787 1.562047 -1.160787
1.590709 -1.160787 1.590709 -1.160787
1.619370 -1.160787 1.619370 -1.160787
1.648031 -1.160787 1.648031 -1.160787
1.676693 -1.160787 1.676693 -1.160787
1.705354 -1.160787 1.705354 -1.160787
1.734016 -1.160787 1.734016 -1.160787
1.762677 -1.160787 1.762677 -1.160787
1.791339 -1.160787 1.791339 -1.160787
1.820000 -1.160787 1.820000 -1.160787
-1.820000 -1.132126 -1.820000 -1.132126
-1.791339 -1.132126 -1.791339 -1.132126
-1.762677 -1.132126 -1.762677 -1.132126
-1.734016 -1.132126 -1.734016 -1.132126
-1.705354 -1.132126 -1.705354 -1.132126
-1.676693 -1.132126 -1.676693 -1.132126
-1.648031 -1.132126 -1.648031 -1.132126
-1.619370 -1.132126 -1.619370 -1.132126
-1.590709 -1.132126 -1.590709 -1.132126
-1.562047 -1.132126 -1.562047 -1.132126
-1.533386 -1.132126 -1.533386 -1.132126
-1.504724 -1.132126 -1.504724 -1.132126
-1.476063 -1.132126 -1.476063 -1.132126
-1.447402 -1.132126 -1.447402 -1.132126
-1.418740 -1.132126 -1.418740 -1.132126
-1.390079 -1.132126 -1.390079 -1.132126
-1.361417 -1.132126 -1.361417 -1.132126
-1.332756 -1.132126 -1.332756 -1.132126
-1.304094 -1.132126 -1.304094 -1.132126
-1.275433 -1.132126 -1.275433 -1.132126
-1.246772 -1.132126 -1.246772 -1.132126
-1.218110 -1.132126 -1.218110 -1.132126
-1.189449 -1.132126 -1.189449 -1.132126
-1.160787 -1.132126 -1.160787 -1.132126
-1.132126 -1.132126 -1.132126 -1.132126
-1.103465 -1.132126 -1.103465 -1.132126
-1.074803 -1.132126 -1.074803 -1.132126
-1.046142 -1.132126 -1.046142 -1.132126
-1.017480 -1.132126 -1.017480 -1.132126
-0.988819 -1.132126 -0.988819 -1.132126
-0.960157 -1.132126 -0.960157 -1.132126
-0.931496 -1.132126 -0.931496 -1.132126
-0.902835 -1.132126 -0.902835 -1.132126
-0.874173 -1.132126 -0.874173 -1.132126
-0.845512 -1.132126 -0.845512 -1.132126
-0.816850 -1.132126 -0.816850 -1.132126
-0.788189 -1.132126 -0.171878 -0.151269
-0.759528 -1.132126 -0.213893 -0.263754
-0.730866 -1.132126 -0.186028 -0.265021
-0.702205 -1.132126 -0.158163 -0.266287
-0.673543 -1.132126 -0.357901 -0.629783
-0.644882 -1.132126 -0.323291 -0.620316
-0.616220 -1.132126 -0.361273 -0.726378
-0.587559 -1.132126 -0.332494 -0.726191
-0.558898 -1.132126 -0.328456 -0.715519
-0.530236 -1.132126 -0.348422 -0.691914
-0.501575 -1.132126 -0.343057 -0.679105
-0.472913 -1.132126 -0.359173 -0.807073
-0.444252 -1.132126 -0.329885 -0.805282
-0.415591 -1.132126 -0.300597 -0.803491
-0.386929 -1.132126 -0.271309 -0.801699
-0.358268 -1.132126 -0.272724 -0.887653
-0.329606 -1.132126 -0.244236 -0.888149
-0.300945 -1.132126 -0.215747 -0.888644
-0.272283 -1.132126 -0.187259 -0.889139
-0.243622 -1.132126 -0.214837 -0.876655
-0.214961 -1.132126 -0.186196 -0.876832
-0.186299 -1.132126 -0.157554 -0.877009
-0.157638 -1.132126 -0.139660 -0.972575
-0.128976 -1.132126 -0.110985 -0.972448
-0.100315 -1.132126 -0.082310 -0.972323
-0.071654 -1.132126 -0.053634 -0.972196
-0.042992 -1.132126 -0.024958 -0.972069
-0.014331 -1.132126 0.003717 -0.971942
0.014331 -1.132126 -0.003718 -0.971942
0.042992 -1.132126 0.024958 -0.972069
0.071654 -1.132126 0.053633 -0.972196
0.100315 -1.132126 0.082309 -0.972323
0.128976 -1.132126 0.110985 -0.972449
0.157638 -1.132126 0.139661 -0.972576
0.186299 -1.132126 0.157555 -0.877010
0.214961 -1.132126 0.186197 -0.876833
0.243622 -1.132126 0.214838 -0.876655
0.272283 -1.132126 0.187259 -0.889139
0.300945 -1.132126 0.215747 -0.888644
0.329606 -1.132126 0.244235 -0.888148
0.358268 -1.132126 0.272723 -0.887653
0.386929 -1.132126 0.271308 -0.801698
0.415591 -1.132126 0.300597 -0.803489
0.444252 -1.132126 0.329885 -0.805281
0.472913 -1.132126 0.359173 -0.807073
0.501575 -1.132126 0.343057 -0.679104
0.530236 -1.132126 0.348422 -0.691914
0.558898 -1.132126 0.328456 -0.715519
0.587559 -1.132126 0.332493 -0.726191
0.616220 -1.132126 0.361272 -0.726378
0.644882 -1.132126 0.323290 -0.620314
0.673543 -1.132126 0.357900 -0.629781
0.702205 -1.132126 0.158157 -0.266279
0.730866 -1.132126 0.186033 -0.265028
0.759528 -1.132126 0.213903 -0.263769
0.788189 -1.132126 0.171876 -0.151269
0.816850 -1.132126 0.816850 -1.132126
0.845512 -1.132126 0.845512 -1.132126
0.874173 -1.132126 0.874173 -1.132126
0.902835 -1.132126 0.902835 -1.132126
0.931496 -1.132126 0.931496 -1.132126
0.960157 -1.132126 0.960157 -1.132126
0.988819 -1.132126 0.988819 -1.132126
1.017480 -1.132126 1.017480 -1.132126
1.046142 -1.132126 1.046142 -1.132126
1.074803 -1.132126 1.074803 -1.132126
1.103465 -1.132126 1.103465 -1.132126
1.132126 -1.132126 1.132126 -1.132126
1.160787 -1.132126 1.160787 -1.132126
1.189449 -1.132126 1.189449 -1.132126
1.218110 -1.132126 1.218110 -1.132126
1.246772 -1.132126 1.246772 -1.132126
1.275433 -1.132126 1.275433 -1.132126
1.304094 -1.132126 1.304094 -1.132126
1.332756 -1.132126 1.332756 -1.132126
1.361417 -1.132126 1.361417 -1.132126
1.390079 -1.132126 1.390079 -1.132126
1.418740 -1.132126 1.418740 -1.132126
1.447402 -1.132126 1.447402 -1.132126
1.476063 -1.132126 1.476063 -1.132126
1.504724 -1.132126 1.504724 -1.132126
1.533386 -1.132126 1.533386 -1.132126
1.562047 -1.132126 1.562047 -1.132126
1.590709 -1.132126 1.590709 -1.132126
1.619370 -1.132126 1.619370 -1.132126
1.648031 -1.132126 1.648031 -1.132126
1.676693 -1.132126 1.676693 -1.132126
1.705354 -1.132126 1.705354 -1.132126
1.734016 -1.132126 1.734016 -1.132126
1.762677 -1.132126 1.762677 -1.132126
1.791339 -1.132126 1.791339 -1.132126
1.820000 -1.132126 1.820000 -1.132126
-1.820000 -1.103465 -1.820000 -1.103465
-1.791339 -1.103465 -1.791339 -1.103465
-1.762677 -1.103465 -1.762677 -1.103465
-1.734016 -1.103465 -1.734016 -1.103465
-1.705354 -1.103465 -1.705354 -1.103465
-1.676693 -1.103465 -1.676693 -1.103465
-1.648031 -1.103465 -1.648031 -1.103465
-1.619370 -1.103465 -1.619370 -1.103465
-1.590709 -1.103465 -1.590709 -1.103465
-1.562047 -1.103465 -1.562047 -1.103465
-1.533386 -1.103465 -1.533386 -1.103465
-1.504724 -1.103465 -1.504724 -1.103465
-1.476063 -1.103465 -1.476063 -1.103465
-1.447402 -1.103465 -1.447402 -1.103465
-1.418740 -1.103465 -1.418740 -1.103465
-1.390079 -1.103465 -1.390079 -1.103465
-1.361417 -1.103465 -1.361417 -1.103465
-1.332756 -1.103465 -1.332756 -1.103465
-1.304094 -1.103465 -1.304094 -1.103465
-1.275433 -1.103465 -1.275433 -1.103465
-1.246772 -1.103465 -1.246772 -1.103465
-1.218110 -1.103465 -1.218110 -1.103465
-1.189449 -1.103465 -1.189449 -1.103465
-1.160787 -1.103465 -1.160787 -1.103465
-1.132126 -1.103465 -1.132126 -1.103465
-1.103465 -1.103465 -1.103465 -1.103465
-1.074803 -1.103465 -1.074803 -1.103465
-1.046142 -1.103465 -1.046142 -1.103465
-1.017480 -1.103465 -1.017480 -1.103465
-0.988819 -1.103465 -0.988819 -1.103465
-0.960157 -1.103465 -0.960157 -1.103465
-0.931496 -1.103465 -0.931496 -1.103465
-0.902835 -1.103465 -0.902835 -1.103465
-0.874173 -1.103465 -0.874173 -1.103465
-0.845512 -1.103465 1.377669 1.671077
-0.816850 -1.103465 -0.180245 -0.090313
-0.788189 -1.103465 -0.243027 -0.235845
-0.759528 -1.103465 -0.215157 -0.237104
-0.730866 -1.103465 -0.187292 -0.238370
-0.702205 -1.103465 -0.383044 -0.595522
-0.673543 -1.103465 -0.418644 -0.697793
-0.644882 -1.103465 -0.389865 -0.697606
-0.616220 -1.103465 -0.361085 -0.697419
-0.587559 -1.103465 -0.332306 -0.697231
-0.558898 -1.103465 -0.303528 -0.697045
-0.530236 -1.103465 -0.415958 -0.776875
-0.501575 -1.103465 -0.386670 -0.775083
-0.472913 -1.103465 -0.357382 -0.773292
-0.444252 -1.103465 -0.358683 -0.858922
-0.415591 -1.103465 -0.330195 -0.859417
-0.386929 -1.103465 -0.301707 -0.859913
-0.358268 -1.103465 -0.273219 -0.860408
-0.329606 -1.103465 -0.244731 -0.860903
-0.300945 -1.103465 -0.247893 -0.951850
-0.272283 -1.103465 -0.219107 -0.951494
-0.243622 -1.103465 -0.225561 -0.943168
-0.214961 -1.103465 -0.196885 -0.943041
-0.186299 -1.103465 -0.168209 -0.942914
-0.157638 -1.103465 -0.139534 -0.942788
-0.128976 -1.103465 -0.110859 -0.942662
-0.100315 -1.103465 -0.082183 -0.942535
-0.071654 -1.103465 -0.053507 -0.942408
-0.042992 -1.103465 -0.024832 -0.942281
-0.014331 -1.103465 0.003844 -0.942154
0.014331 -1.103465 -0.003845 -0.942154
0.042992 -1.103465 0.024831 -0.942281
0.071654 -1.103465 0.053507 -0.942408
0.100315 -1.103465 0.082183 -0.942534
0.128976 -1.103465 0.110858 -0.942661
0.157638 -1.103465 0.139534 -0.942787
0.186299 -1.103465 0.168210 -0.942914
0.214961 -1.103465 0.196886 -0.943041
0.243622 -1.103465 0.225561 -0.943168
0.272283 -1.103465 0.219107 -0.951494
0.300945 -1.103465 0.247893 -0.951850
0.329606 -1.103465 0.244731 -0.860903
0.358268 -1.103465 0.273219 -0.860407
0.386929 -1.103465 0.301707 -0.859912
0.415591 -1.103465 0.330195 -0.859416
0.444252 -1.103465 0.358683 -0.858921
0.472913 -1.103465 0.357382 -0.773291
0.501575 -1.103465 0.386670 -0.775083
0.530236 -1.103465 0.415958 -0.776874
0.558898 -1.103465 0.303527 -0.697044
0.587559 -1.103465 0.332306 -0.697231
0.616220 -1.103465 0.361085 -0.697419
0.644882 -1.103465 0.389864 -0.697606
0.673543 -1.103465 0.418644 -0.697794
0.702205 -1.103465 0.383043 -0.595520
0.730866 -1.103465 0.187282 -0.238354
0.759528 -1.103465 0.215158 -0.237103
0.788189 -1.103465 0.243032 -0.235852
0.816850 -1.103465 0.180253 -0.090326
0.845512 -1.103465 -1.377670 1.671072
0.874173 -1.103465 0.874173 -1.103465
0.902835 -1.103465 0.902835 -1.103465
0.931496 -1.103465 0.931496 -1.103465
0.960157 -1.103465 0.960157 -1.103465
0.988819 -1.103465 0.988819 -1.103465
1.017480 -1.103465 1.017480 -1.103465
1.046142 -1.103465 1.046142 -1.103465
1.074803 -1.103465 1.074803 -1.103465
1.103465 -1.103465 1.103465 -1.103465
1.132126 -1.103465 1.132126 -1.103465
1.160787 -1.103465 1.160787 -1.103465
1.189449 -1.103465 1.189449 -1.103465
1.218110 -1.103465 1.218110 -1.103465
1.246772 -1.103465 1.246772 -1.103465
1.275433 -1.103465 1.275433 -1.103465
1.304094 -1.103465 1.304094 -1.103465
1.332756 -1.103465 1.332756 -1.103465
1.361417 -1.103465 1.361417 -1.103465
1.390079 -1.103465 1.390079 -1.103465
1.418740 -1.103465 1.418740 -1.103465
1.447402 -1.103465 1.447402 -1.103465
1.476063 -1.103465 1.476063 -1.103465
1.504724 -1.103465 1.504724 -1.103465
1.533386 -1.103465 1.533386 -1.103465
1.562047 -1.103465 1.562047 -1.103465
1.590709 -1.103465 1.590709 -1.103465
1.619370 -1.103465 1.619370 -1.103465
1.648031 -1.103465 1.648031 -1.103465
1.676693 -1.103465 1.676693 -1.103465
1.705354 -1.103465 1.705354 -1.103465
1.734016 -1.103465 1.734016 -1.103465
1.762677 -1.103465 1.762677 -1.103465
1.791339 -1.103465 1.791339 -1.103465
1.820000 -1.103465 1.820000 -1.103465
-1.820000 -1.074803 -1.820000 -1.074803
-1.791339 -1.074803 -1.791339 -1.074803
-1.762677 -1.074803 -1.762677 -1.074803
-1.734016 -1.074803 -1.734016 -1.074803
-1.705354 -1.074803 -1.705354 -1.074803
-1.676693 -1.074803 -1.676693 -1.074803
-1.648031 -1.074803 -1.648031 -1.074803
-1.619370 -1.074803 -1.619370 -1.074803
-1.590709 -1.074803 -1.590709 -1.074803
-1.562047 -1.074803 -1.562047 -1.074803
-1.533386 -1.074803 -1.533386 -1.074803
-1.504724 -1.074803 -1.504724 -1.074803
-1.476063 -1.074803 -1.476063 -1.074803
-1.447402 -1.074803 -1.447402 -1.074803
-1.418740 -1.074803 -1.418740 -1.074803
-1.390079 -1.074803 -1.390079 -1.074803
-1.361417 -1.074803 -1.361417 -1.074803
-1.332756 -1.074803 -1.332756 -1.074803
-1.304094 -1.074803 -1.304094 -1.074803
-1.275433 -1.074803 -1.275433 -1.074803
-1.246772 -1.074803 -1.246772 -1.074803
-1.218110 -1.074803 -1.218110 -1.074803
-1.189449 -1.074803 -1.189449 -1.074803
-1.160787 -1.074803 -1.160787 -1.074803
-1.132126 -1.074803 -1.132126 -1.074803
-1.103465 -1.074803 -1.103465 -1.074803
-1.074803 -1.074803 -1.074803 -1.074803
-1.046142 -1.074803 -1.046142 -1.074803
-1.017480 -1.074803 -1.017480 -1.074803
-0.988819 -1.074803 -0.988819 -1.074803
-0.960157 -1.074803 -0.960157 -1.074803
-0.931496 -1.074803 -0.931496 -1.074803
-0.902835 -1.074803 -0.902835 -1.074803
-0.874173 -1.074803 -0.055634 -0.256264
-0.845512 -1.074803 -0.268116 -0.264987
-0.816850 -1.074803 -0.272157 -0.207929
-0.788189 -1.074803 -0.244286 -0.209187
-0.759528 -1.074803 -0.442797 -0.570728
-0.730866 -1.074803 -0.408187 -0.561261
-0.702205 -1.074803 -0.447236 -0.669022
-0.673543 -1.074803 -0.418457 -0.668835
-0.644882 -1.074803 -0.389678 -0.668648
-0.616220 -1.074803 -0.360899 -0.668460
-0.587559 -1.074803 -0.404112 -0.782849
-0.558898 -1.074803 -0.373824 -0.780260
-0.530236 -1.074803 -0.392282 -0.855250
-0.501575 -1.074803 -0.416155 -0.830686
-0.472913 -1.074803 -0.387667 -0.831181
-0.444252 -1.074803 -0.359179 -0.831676
-0.415591 -1.074803 -0.330691 -0.832172
-0.386929 -1.074803 -0.333895 -0.923239
-0.358268 -1.074803 -0.305109 -0.922884
-0.329606 -1.074803 -0.276323 -0.922528
-0.300945 -1.074803 -0.247537 -0.922172
-0.272283 -1.074803 -0.218751 -0.921817
-0.243622 -1.074803 -0.225434 -0.913381
-0.214961 -1.074803 -0.196758 -0.913254
-0.186299 -1.074803 -0.168083 -0.913128
-0.157638 -1.074803 -0.139407 -0.913001
-0.128976 -1.074803 -0.110732 -0.912874
-0.100315 -1.074803 -0.082056 -0.912747
-0.071654 -1.074803 -0.053380 -0.912621
-0.042992 -1.074803 -0.024705 -0.912494
-0.014331 -1.074803 0.003971 -0.912367
0.014331 -1.074803 -0.003971 -0.912365
0.042992 -1.074803 0.024704 -0.912492
0.071654 -1.074803 0.053380 -0.912619
0.100315 -1.074803 0.082056 -0.912746
0.128976 -1.074803 0.110732 -0.912873
0.157638 -1.074803 0.139407 -0.913000
0.186299 -1.074803 0.168083 -0.913127
0.214961 -1.074803 0.196759 -0.913254
0.243622 -1.074803 0.225434 -0.913381
0.272283 -1.074803 0.218752 -0.921817
0.300945 -1.074803 0.247537 -0.922172
0.329606 -1.074803 0.276323 -0.922528
0.358268 -1.074803 0.305109 -0.922883
0.386929 -1.074803 0.333895 -0.923239
0.415591 -1.074803 0.330690 -0.832171
0.444252 -1.074803 0.359178 -0.831675
0.472913 -1.074803 0.387667 -0.831180
0.501575 -1.074803 0.416155 -0.830686
0.530236 -1.074803 0.392282 -0.855250
0.558898 -1.074803 0.373824 -0.780260
0.587559 -1.074803 0.404112 -0.782849
0.616220 -1.074803 0.360898 -0.668459
0.644882 -1.074803 0.389677 -0.668647
0.673543 -1.074803 0.418456 -0.668834
0.702205 -1.074803 0.447236 -0.669022
0.730866 -1.074803 0.408186 -0.561259
0.759528 -1.074803 0.442796 -0.570726
0.788189 -1.074803 0.244287 -0.209186
0.816850 -1.074803 0.272157 -0.207927
0.845512 -1.074803 0.268117 -0.264986
0.874173 -1.074803 0.055634 -0.256264
0.902835 -1.074803 0.902835 -1.074803
0.931496 -1.074803 0.931496 -1.074803
0.960157 -1.074803 0.960157 -1.074803
0.988819 -1.074803 0.988819 -1.074803
1.017480 -1.074803 1.017480 -1.074803
1.046142 -1.074803 1.046142 -1.074803
1.074803 -1.074803 1.074803 -1.074803
1.103465 -1.074803 1.103465 -1.074803
1.132126 -1.074803 1.132126 -1.074803
1.160787 -1.074803 1.160787 -1.074803
1.189449 -1.074803 1.189449 -1.074803
1.218110 -1.074803 1.218110 -1.074803
1.246772 -1.074803 1.246772 -1.074803
1.275433 -1.074803 1.275433 -1.074803
1.304094 -1.074803 1.304094 -1.074803
1.332756 -1.074803 1.332756 -1.074803
1.361417 -1.074803 1.361417 -1.074803
1.390079 -1.074803 1.390079 -1.074803
1.418740 -1.074803 1.418740 -1.074803
1.447402 -1.074803 1.447402 -1.074803
1.476063 -1.074803 1.476063 -1.074803
1.504724 -1.074803 1.504724 -1.074803
1.533386 -1.074803 1.533386 -1.074803
1.562047 -1.074803 1.562047 -1.074803
1.590709 -1.074803 1.590709 -1.074803
1.619370 -1.074803 1.619370 -1.074803
1.648031 -1.074803 1.648031 -1.074803
1.676693 -1.074803 1.676693 -1.074803
1.705354 -1.074803 1.705354 -1.074803
1.734016 -1.074803 1.734016 -1.074803
1.762677 -1.074803 1.762677 -1.074803
1.791339 -1.074803 1.791339 -1.074803
1.820000 -1.074803 1.820000 -1.074803
-1.820000 -1.046142 -1.820000 -1.046142
-1.791339 -1.046142 -1.791339 -1.046142
-1.762677 -1.046142 -1.762677 -1.046142
-1.734016 -1.046142 -1.734016 -1.046142
-1.705354 -1.046142 -1.705354 -1.046142
-1.676693 -1.046142 -1.676693 -1.046142
-1.648031 -1.046142 -1.648031 -1.046142
-1.619370 -1.046142 -1.619370 -1.046142
-1.590709 -1.046142 -1.590709 -1.046142
-1.562047 -1.046142 -1.562047 -1.046142
-1.533386 -1.046142 -1.533386 -1.046142
-1.504724 -1.046142 -1.504724 -1.046142
-1.476063 -1.046142 -1.476063 -1.046142
-1.447402 -1.046142 -1.447402 -1.046142
-1.418740 -1.046142 -1.418740 -1.046142
-1.390079 -1.046142 -1.390079 -1.046142
-1.361417 -1.046142 -1.361417 -1.046142
-1.332756 -1.046142 -1.332756 -1.046142
-1.304094 -1.046142 -1.304094 -1.046142
-1.275433 -1.046142 -1.275433 -1.046142
-1.246772 -1.046142 -1.246772 -1.046142
-1.218110 -1.046142 -1.218110 -1.046142
-1.189449 -1.046142 -1.189449 -1.046142
-1.160787 -1.046142 -1.160787 -1.046142
-1.132126 -1.046142 -1.132126 -1.046142
-1.103465 -1.046142 -1.103465 -1.046142
-1.074803 -1.046142 -1.074803 -1.046142
-1.046142 -1.046142 -1.046142 -1.046142
-1.017480 -1.046142 -1.017480 -1.046142
-0.988819 -1.046142 -0.988819 -1.046142
-0.960157 -1.046142 -0.960157 -1.046142
-0.931496 -1.046142 -0.931496 -1.046142
-0.902835 -1.046142 -0.084295 -0.227602
-0.874173 -1.046142 -0.149328 -0.321297
-0.845512 -1.046142 -0.183783 -0.304866
-0.816850 -1.046142 -0.243232 -0.236247
-0.788189 -1.046142 -0.467940 -0.536467
-0.759528 -1.046142 -0.504607 -0.640437
-0.730866 -1.046142 -0.475828 -0.640250
-0.702205 -1.046142 -0.447049 -0.640063
-0.673543 -1.046142 -0.418269 -0.639875
-0.644882 -1.046142 -0.462100 -0.755245
-0.616220 -1.046142 -0.431812 -0.752656
-0.587559 -1.046142 -0.401523 -0.750067
-0.558898 -1.046142 -0.421210 -0.827012
-0.530236 -1.046142 -0.392998 -0.827728
-0.501575 -1.046142 -0.397930 -0.812638
-0.472913 -1.046142 -0.419897 -0.894628
-0.444252 -1.046142 -0.391111 -0.894273
-0.415591 -1.046142 -0.362325 -0.893917
-0.386929 -1.046142 -0.333539 -0.893562
-0.358268 -1.046142 -0.304753 -0.893206
-0.329606 -1.046142 -0.275967 -0.892850
-0.300945 -1.046142 -0.247182 -0.892495
-0.272283 -1.046142 -0.218396 -0.892139
-0.243622 -1.046142 -0.189610 -0.891784
-0.214961 -1.046142 -0.196632 -0.883467
-0.186299 -1.046142 -0.186299 -1.046142
-0.157638 -1.046142 -0.157638 -1.046142
-0.128976 -1.046142 -0.128976 -1.046142
-0.100315 -1.046142 -0.100315 -1.046142
-0.071654 -1.046142 -0.071654 -1.046142
-0.042992 -1.046142 -0.042992 -1.046142
-0.014331 -1.046142 -0.014331 -1.046142
0.014331 -1.046142 0.014331 -1.046142
0.042992 -1.046142 0.042992 -1.046142
0.071654 -1.046142 0.071654 -1.046142
0.100315 -1.046142 0.100315 -1.046142
0.128976 -1.046142 0.128976 -1.046142
0.157638 -1.046142 0.157638 -1.046142
0.186299 -1.046142 0.186299 -1.046142
0.214961 -1.046142 0.196632 -0.883466
0.243622 -1.046142 0.189610 -0.891784
0.272283 -1.046142 0.218396 -0.892140
0.300945 -1.046142 0.247182 -0.892495
0.329606 -1.046142 0.275968 -0.892851
0.358268 -1.046142 0.304753 -0.893206
0.386929 -1.046142 0.333539 -0.893562
0.415591 -1.046142 0.362325 -0.893917
0.444252 -1.046142 0.391111 -0.894273
0.472913 -1.046142 0.419897 -0.894628
0.501575 -1.046142 0.397930 -0.812639
0.530236 -1.046142 0.392998 -0.827728
0.558898 -1.046142 0.421209 -0.827012
0.587559 -1.046142 0.401523 -0.750067
0.616220 -1.046142 0.431812 -0.752656
0.644882 -1.046142 0.462100 -0.755245
0.673543 -1.046142 0.418269 -0.639874
0.702205 -1.046142 0.447048 -0.640062
0.730866 -1.046142 0.475828 -0.640249
0.759528 -1.046142 0.504607 -0.640437
0.788189 -1.046142 0.467939 -0.536465
0.816850 -1.046142 0.243232 -0.236246
0.845512 -1.046142 0.183783 -0.304866
0.874173 -1.046142 0.149328 -0.321297
0.902835 -1.046142 0.084295 -0.227602
0.931496 -1.046142 0.931496 -1.046142
0.960157 -1.046142 0.960157 -1.046142
0.988819 -1.046142 0.988819 -1.046142
1.017480 -1.046142 1.017480 -1.046142
1.046142 -1.046142 1.046142 -1.046142
1.074803 -1.046142 1.074803 -1.046142
1.103465 -1.046142 1.103465 -1.046142
1.132126 -1.046142 1.132126 -1.046142
1.160787 -1.046142 1.160787 -1.046142
1.189449 -1.046142 1.189449 -1.046142
1.218110 -1.046142 1.218110 -1.046142
1.246772 -1.046142 1.246772 -1.046142
1.275433 -1.046142 1.275433 -1.046142
1.304094 -1.046142 1.304094 -1.046142
1.332756 -1.046142 1.332756 -1.046142
1.361417 -1.046142 1.361417 -1.046142
1.390079 -1.046142 1.390079 -1.046142
1.418740 -1.046142 1.418740 -1.046142
1.447402 -1.046142 1.447402 -1.046142
1.476063 -1.046142 1.476063 -1.046142
1.504724 -1.046142 1.504724 -1.046142
1.533386 -1.046142 1.533386 -1.046142
1.562047 -1.046142 1.562047 -1.046142
1.590709 -1.046142 1.590709 -1.046142
1.619370 -1.046142 1.619370 -1.046142
1.648031 -1.046142 1.648031 -1.046142
1.676693 -1.046142 1.676693 -1.046142
1.705354 -1.046142 1.705354 -1.046142
1.734016 -1.046142 1.734016 -1.046142
1.762677 -1.046142 1.762677 -1.046142
1.791339 -1.046142 1.791339 -1.046142
1.820000 -1.046142 1.820000 -1.046142
-1.820000 -1.017480 -1.820000 -1.017480
-1.791339 -1.017480 -1.791339 -1.017480
-1.762677 -1.017480 -1.762677 -1.017480
-1.734016 -1.017480 -1.734016 -1.017480
-1.705354 -1.017480 -1.705354 -1.017480
-1.676693 -1.017480 -1.676693 -1.017480
-1.648031 -1.017480 -1.648031 -1.017480
-1.619370 -1.017480 -1.619370 -1.017480
-1.590709 -1.017480 -1.590709 -1.017480
-1.562047 -1.017480 -1.562047 -1.017480
-1.533386 -1.017480 -1.533386 -1.017480
-1.504724 -1.017480 -1.504724 -1.017480
-1.476063 -1.017480 -1.476063 -1.017480
-1.447402 -1.017480 -1.447402 -1.017480
-1.418740 -1.017480 -1.418740 -1.017480
-1.390079 -1.017480 -1.390079 -1.017480
-1.361417 -1.017480 -1.361417 -1.017480
-1.332756 -1.017480 -1.332756 -1.017480
-1.304094 -1.017480 -1.304094 -1.017480
-1.275433 -1.017480 -1.275433 -1.017480
-1.246772 -1.017480 -1.246772 -1.017480
-1.218110 -1.017480 -1.218110 -1.017480
-1.189449 -1.017480 -1.189449 -1.017480
-1.160787 -1.017480 -1.160787 -1.017480
-1.132126 -1.017480 -1.132126 -1.017480
-1.103465 -1.017480 -1.103465 -1.017480
-1.074803 -1.017480 -1.074803 -1.017480
-1.046142 -1.017480 -1.046142 -1.017480
-1.017480 -1.017480 -1.017480 -1.017480
-0.988819 -1.017480 -0.988819 -1.017480
-0.960157 -1.017480 -0.960157 -1.017480
-0.931496 -1.017480 -0.112957 -0.198941
-0.902835 -1.017480 -0.177990 -0.292635
-0.874173 -1.017480 -0.150725 -0.294032
-0.845512 -1.017480 -0.426202 -0.598170
-0.816850 -1.017480 -0.500614 -0.662236
-0.788189 -1.017480 -0.533198 -0.611665
-0.759528 -1.017480 -0.504419 -0.611478
-0.730866 -1.017480 -0.475640 -0.611290
-0.702205 -1.017480 -0.446861 -0.611103
-0.673543 -1.017480 -0.489799 -0.725052
-0.644882 -1.017480 -0.459511 -0.722463
-0.616220 -1.017480 -0.478349 -0.798059
-0.587559 -1.017480 -0.450137 -0.798775
-0.558898 -1.017480 -0.421926 -0.799491
-0.530236 -1.017480 -0.444833 -0.881563
-0.501575 -1.017480 -0.415849 -0.881049
-0.472913 -1.017480 -0.419541 -0.864951
-0.444252 -1.017480 -0.390756 -0.864595
-0.415591 -1.017480 -0.361970 -0.864240
-0.386929 -1.017480 -0.333184 -0.863884
-0.358268 -1.017480 -0.304398 -0.863528
-0.329606 -1.017480 -0.275612 -0.863173
-0.300945 -1.017480 -0.300945 -1.017480
-0.272283 -1.017480 -0.272283 -1.017480
-0.243622 -1.017480 -0.243622 -1.017480
-0.214961 -1.017480 -0.214961 -1.017480
-0.186299 -1.017480 -0.186299 -1.017480
-0.157638 -1.017480 -0.157638 -1.017480
-0.128976 -1.017480 -0.128976 -1.017480
-0.100315 -1.017480 -0.100315 -1.017480
-0.071654 -1.017480 -0.071654 -1.017480
-0.042992 -1.017480 -0.042992 -1.017480
-0.014331 -1.017480 -0.014331 -1.017480
0.014331 -1.017480 0.014331 -1.017480
0.042992 -1.017480 0.042992 -1.017480
0.071654 -1.017480 0.071654 -1.017480
0.100315 -1.017480 0.100315 -1.017480
0.128976 -1.017480 0.128976 -1.017480
0.157638 -1.017480 0.157638 -1.017480
0.186299 -1.017480 0.186299 -1.017480
0.214961 -1.017480 0.214961 -1.017480
0.243622 -1.017480 0.243622 -1.017480
0.272283 -1.017480 0.272283 -1.017480
0.300945 -1.017480 0.300945 -1.017480
0.329606 -1.017480 0.275612 -0.863173
0.358268 -1.017480 0.304398 -0.863529
0.386929 -1.017480 0.333184 -0.863884
0.415591 -1.017480 0.361970 -0.864240
0.444252 -1.017480 0.390755 -0.864595
0.472913 -1.017480 0.419541 -0.864951
0.501575 -1.017480 0.415850 -0.881049
0.530236 -1.017480 0.444834 -0.881563
0.558898 -1.017480 0.421925 -0.799490
0.587559 -1.017480 0.450137 -0.798774
0.616220 -1.017480 0.478348 -0.798058
0.644882 -1.017480 0.459511 -0.722463
0.673543 -1.017480 0.489799 -0.725052
0.702205 -1.017480 0.446861 -0.611102
0.730866 -1.017480 0.475641 -0.611290
0.759528 -1.017480 0.504420 -0.611477
0.788189 -1.017480 0.533199 -0.611665
0.816850 -1.017480 0.500614 -0.662236
0.845512 -1.017480 0.426202 -0.598170
0.874173 -1.017480 0.150725 -0.294032
0.902835 -1.017480 0.177990 -0.292635
0.931496 -1.017480 0.112957 -0.198941
0.960157 -1.017480 0.960157 -1.017480
0.988819 -1.017480 0.988819 -1.017480
1.017480 -1.017480 1.017480 -1.017480
1.046142 -1.017480 1.046142 -1.017480
1.074803 -1.017480 1.074803 -1.017480
1.103465 -1.017480 1.103465 -1.017480
1.132126 -1.017480 1.132126 -1.017480
1.160787 -1.017480 1.160787 -1.017480
1.189449 -1.017480 1.189449 -1.017480
1.218110 -1.017480 1.218110 -1.017480
1.246772 -1.017480 1.246772 -1.017480
1.275433 -1.017480 1.275433 -1.017480
1.304094 -1.017480 1.304094 -1.017480
1.332756 -1.017480 1.332756 -1.017480
1.361417 -1.017480 1.361417 -1.017480
1.390079 -1.017480 1.390079 -1.017480
1.418740 -1.017480 1.418740 -1.017480
1.447402 -1.017480 1.447402 -1.017480
1.476063 -1.017480 1.476063 -1.017480
1.504724 -1.017480 1.504724 -1.017480
1.533386 -1.017480 1.533386 -1.017480
1.562047 -1.017480 1.562047 -1.017480
1.590709 -1.017480 1.590709 -1.017480
1.619370 -1.017480 1.619370 -1.017480
1.648031 -1.017480 1.648031 -1.017480
1.676693 -1.017480 1.676693 -1.017480
1.705354 -1.017480 1.705354 -1.017480
1.734016 -1.017480 1.734016 -1.017480
1.762677 -1.017480 1.762677 -1.017480
1.791339 -1.017480 1.791339 -1.017480
1.820000 -1.017480 1.820000 -1.017480
-1.820000 -0.988819 -1.820000 -0.988819
-1.791339 -0.988819 -1.791339 -0.988819
-1.762677 -0.988819 -1.762677 -0.988819
-1.734016 -0.988819 -1.734016 -0.988819
-1.705354 -0.988819 -1.705354 -0.988819
-1.676693 -0.988819 -1.676693 -0.988819
-1.648031 -0.988819 -1.648031 -0.988819
-1.619370 -0.988819 -1.619370 -0.988819
-1.590709 -0.988819 -1.590709 -0.988819
-1.562047 -0.988819 -1.562047 -0.988819
-1.533386 -0.988819 -1.533386 -0.988819
-1.504724 -0.988819 -1.504724 -0.988819
-1.476063 -0.988819 -1.476063 -0.988819
-1.447402 -0.988819 -1.447402 -0.988819
-1.418740 -0.988819 -1.418740 -0.988819
-1.390079 -0.988819 -1.390079 -0.988819
-1.361417 -0.988819 -1.361417 -0.988819
-1.332756 -0.988819 -1.332756 -0.988819
-1.304094 -0.988819 -1.304094 -0.988819
-1.275433 -0.988819 -1.275433 -0.988819
-1.246772 -0.988819 -1.246772 -0.988819
-1.218110 -0.988819 -1.218110 -0.988819
-1.189449 -0.988819 -1.189449 -0.988819
-1.160787 -0.988819 -1.160787 -0.988819
-1.132126 -0.988819 -1.132126 -0.988819
-1.103465 -0.988819 -1.103465 -0.988819
-1.074803 -0.988819 -1.074803 -0.988819
-1.046142 -0.988819 -1.046142 -0.988819
-1.017480 -0.988819 -1.017480 -0.988819
-0.988819 -0.988819 -0.988819 -0.988819
-0.960157 -0.988819 -0.141618 -0.170279
-0.931496 -0.988819 -0.206651 -0.263974
-0.902835 -0.988819 -0.179387 -0.265371
-0.874173 -0.988819 -0.454863 -0.569509
-0.845512 -0.988819 -0.506778 -0.650085
-0.816850 -0.988819 -0.477908 -0.649877
-0.788189 -0.988819 -0.512554 -0.600143
-0.759528 -0.988819 -0.504232 -0.582518
-0.730866 -0.988819 -0.547786 -0.697449
-0.702205 -0.988819 -0.517498 -0.694859
-0.673543 -0.988819 -0.487210 -0.692270
-0.644882 -0.988819 -0.507277 -0.769821
-0.616220 -0.988819 -0.479065 -0.770537
-0.587559 -0.988819 -0.450853 -0.771253
-0.558898 -0.988819 -0.473304 -0.852598
-0.530236 -0.988819 -0.444320 -0.852084
-0.501575 -0.988819 -0.415336 -0.851570
-0.472913 -0.988819 -0.419186 -0.835273
-0.444252 -0.988819 -0.390400 -0.834918
-0.415591 -0.988819 -0.361614 -0.834562
-0.386929 -0.988819 -0.386929 -0.988819
-0.358268 -0.988819 -0.358268 -0.988819
-0.329606 -0.988819 -0.329606 -0.988819
-0.300945 -0.988819 -0.300945 -0.988819
-0.272283 -0.988819 -0.272283 -0.988819
-0.243622 -0.988819 -0.243622 -0.988819
-0.214961 -0.988819 -0.214961 -0.988819
-0.186299 -0.988819 -0.186299 -0.988819
-0.157638 -0.988819 -0.157638 -0.988819
-0.128976 -0.988819 -0.128976 -0.988819
-0.100315 -0.988819 -0.100315 -0.988819
-0.071654 -0.988819 -0.071654 -0.988819
-0.042992 -0.988819 -0.042992 -0.988819
-0.014331 -0.988819 -0.014331 -0.988819
0.014331 -0.988819 0.014331 -0.988819
0.042992 -0.988819 0.042992 -0.988819
0.071654 -0.988819 0.071654 -0.988819
0.100315 -0.988819 0.100315 -0.988819
0.128976 -0.988819 0.128976 -0.988819
0.157638 -0.988819 0.157638 -0.988819
0.186299 -0.988819 0.186299 -0.988819
0.214961 -0.988819 0.214961 -0.988819
0.243622 -0.988819 0.243622 -0.988819
0.272283 -0.988819 0.272283 -0.988819
0.300945 -0.988819 0.300945 -0.988819
0.329606 -0.988819 0.329606 -0.988819
0.358268 -0.988819 0.358268 -0.988819
0.386929 -0.988819 0.386929 -0.988819
0.415591 -0.988819 0.361614 -0.834562
0.444252 -0.988819 0.390400 -0.834918
0.472913 -0.988819 0.419186 -0.835273
0.501575 -0.988819 0.415336 -0.851570
0.530236 -0.988819 0.444320 -0.852084
0.558898 -0.988819 0.473304 -0.852598
0.587559 -0.988819 0.450853 -0.771252
0.616220 -0.988819 0.479064 -0.770536
0.644882 -0.988819 0.507276 -0.769820
0.673543 -0.988819 0.487210 -0.692270
0.702205 -0.988819 0.517498 -0.694859
0.730866 -0.988819 0.547786 -0.697449
0.759528 -0.988819 0.504232 -0.582518
0.788189 -0.988819 0.512554 -0.600143
0.816850 -0.988819 0.477908 -0.649877
0.845512 -0.988819 0.506778 -0.650085
0.874173 -0.988819 0.454863 -0.569509
0.902835 -0.988819 0.179387 -0.265371
0.931496 -0.988819 0.206651 -0.263974
0.960157 -0.988819 0.141618 -0.170279
0.988819 -0.988819 0.988819 -0.988819
1.017480 -0.988819 1.017480 -0.988819
1.046142 -0.988819 1.046142 -0.988819
1.074803 -0.988819 1.074803 -0.988819
1.103465 -0.988819 1.103465 -0.988819
1.132126 -0.988819 1.132126 -0.988819
1.160787 -0.988819 1.160787 -0.988819
1.189449 -0.988819 1.189449 -0.988819
1.218110 -0.988819 1.218110 -0.988819
1.246772 -0.988819 1.246772 -0.988819
1.275433 -0.988819 1.275433 -0.988819
1.304094 -0.988819 1.304094 -0.988819
1.332756 -0.988819 1.332756 -0.988819
1.361417 -0.988819 1.361417 -0.988819
1.390079 -0.988819 1.390079 -0.988819
1.418740 -0.988819 1.418740 -0.988819
1.447402 -0.988819 1.447402 -0.988819
1.476063 -0.988819 1.476063 -0.988819
1.504724 -0.988819 1.504724 -0.988819
1.533386 -0.988819 1.533386 -0.988819
1.562047 -0.988819 1.562047 -0.988819
1.590709 -0.988819 1.590709 -0.988819
1.619370 -0.988819 1.619370 -0.988819
1.648031 -0.988819 1.648031 -0.988819
1.676693 -0.988819 1.676693 -0.988819
1.705354 -0.988819 1.705354 -0.988819
1.734016 -0.988819 1.734016 -0.988819
1.762677 -0.988819 1.762677 -0.988819
1.791339 -0.988819 1.791339 -0.988819
1.820000 -0.988819 1.820000 -0.988819
-1.820000 -0.960157 -1.820000 -0.960157
-1.791339 -0.960157 -1.791339 -0.960157
-1.762677 -0.960157 -1.762677 -0.960157
-1.734016 -0.960157 -1.734016 -0.960157
-1.705354 -0.960157 -1.705354 -0.960157
-1.676693 -0.960157 -1.676693 -0.960157
-1.648031 -0.960157 -1.648031 -0.960157
-1.619370 -0.960157 -1.619370 -0.960157
-1.590709 -0.960157 -1.590709 -0.960157
-1.562047 -0.960157 -1.562047 -0.960157
-1.533386 -0.960157 -1.533386 -0.960157
-1.504724 -0.960157 -1.504724 -0.960157
-1.476063 -0.960157 -1.476063 -0.960157
-1.447402 -0.960157 -1.447402 -0.960157
-1.418740 -0.960157 -1.418740 -0.960157
-1.390079 -0.960157 -1.390079 -0.960157
-1.361417 -0.960157 -1.361417 -0.960157
-1.332756 -0.960157 -1.332756 -0.960157
-1.304094 -0.960157 -1.304094 -0.960157
-1.275433 -0.960157 -1.275433 -0.960157
-1.246772 -0.960157 -1.246772 -0.960157
-1.218110 -0.960157 -1.218110 -0.960157
-1.189449 -0.960157 -1.189449 -0.960157
-1.160787 -0.960157 -1.160787 -0.960157
-1.132126 -0.960157 -1.132126 -0.960157
-1.103465 -0.960157 -1.103465 -0.960157
-1.074803 -0.960157 -1.074803 -0.960157
-1.046142 -0.960157 -1.046142 -0.960157
-1.017480 -0.960157 -1.017480 -0.960157
-0.988819 -0.960157 -0.170279 -0.141618
-0.960157 -0.960157 -0.235312 -0.235312
-0.931496 -0.960157 -0.208048 -0.236710
-0.902835 -0.960157 -0.483524 -0.540847
-0.874173 -0.960157 -0.535439 -0.621423
-0.845512 -0.960157 -0.506570 -0.621216
-0.816850 -0.960157 -0.477701 -0.621008
-0.788189 -0.960157 -0.470308 -0.605485
-0.759528 -0.960157 -0.575486 -0.667256
-0.730866 -0.960157 -0.545197 -0.664666
-0.702205 -0.960157 -0.564416 -0.740867
-0.673543 -0.960157 -0.536204 -0.741583
-0.644882 -0.960157 -0.507992 -0.742299
-0.616220 -0.960157 -0.530759 -0.824147
-0.587559 -0.960157 -0.501774 -0.823632
-0.558898 -0.960157 -0.472790 -0.823119
-0.530236 -0.960157 -0.443806 -0.822605
-0.501575 -0.960157 -0.414822 -0.822091
-0.472913 -0.960157 -0.385838 -0.821578
-0.444252 -0.960157 -0.444252 -0.960157
-0.415591 -0.960157 -0.415591 -0.960157
-0.386929 -0.960157 -0.386929 -0.960157
-0.358268 -0.960157 -0.358268 -0.960157
-0.329606 -0.960157 -0.329606 -0.960157
-0.300945 -0.960157 -0.300945 -0.960157
-0.272283 -0.960157 -0.272283 -0.960157
-0.243622 -0.960157 -0.243622 -0.960157
-0.214961 -0.960157 -0.214961 -0.960157
-0.186299 -0.960157 -0.186299 -0.960157
-0.157638 -0.960157 -0.157638 -0.960157
-0.128976 -0.960157 -0.128976 -0.960157
-0.100315 -0.960157 -0.100315 -0.960157
-0.071654 -0.960157 -0.071654 -0.960157
-0.042992 -0.960157 -0.042992 -0.960157
-0.014331 -0.960157 -0.014331 -0.960157
0.014331 -0.960157 0.014331 -0.960157
0.042992 -0.960157 0.042992 -0.960157
0.071654 -0.960157 0.071654 -0.960157
0.100315 -0.960157 0.100315 -0.960157
0.128976 -0.960157 0.128976 -0.960157
0.157638 -0.960157 0.157638 -0.960157
0.186299 -0.960157 0.186299 -0.960157
0.214961 -0.960157 0.214961 -0.960157
0.243622 -0.960157 0.243622 -0.960157
0.272283 -0.960157 0.272283 -0.960157
0.300945 -0.960157 0.300945 -0.960157
0.329606 -0.960157 0.329606 -0.960157
0.358268 -0.960157 0.358268 -0.960157
0.386929 -0.960157 0.386929 -0.960157
0.415591 -0.960157 0.415591 -0.960157
0.444252 -0.960157 0.444252 -0.960157
0.472913 -0.960157 0.385838 -0.821578
0.501575 -0.960157 0.414822 -0.822092
0.530236 -0.960157 0.443806 -0.822605
0.558898 -0.960157 0.472791 -0.823119
0.587559 -0.960157 0.501775 -0.823632
0.616220 -0.960157 0.530759 -0.824146
0.644882 -0.960157 0.507992 -0.742298
0.673543 -0.960157 0.536203 -0.741582
0.702205 -0.960157 0.564415 -0.740866
0.730866 -0.960157 0.545197 -0.664666
0.759528 -0.960157 0.575486 -0.667256
0.788189 -0.960157 0.470308 -0.605485
0.816850 -0.960157 0.477701 -0.621008
0.845512 -0.960157 0.506570 -0.621216
0.874173 -0.960157 0.535439 -0.621423
0.902835 -0.960157 0.483524 -0.540847
0.931496 -0.960157 0.208048 -0.236710
0.960157 -0.960157 0.235312 -0.235312
0.988819 -0.960157 0.170279 -0.141618
1.017480 -0.960157 1.017480 -0.960157
1.046142 -0.960157 1.046142 -0.960157
1.074803 -0.960157 1.074803 -0.960157
1.103465 -0.960157 1.103465 -0.960157
1.132126 -0.960157 1.132126 -0.960157
1.160787 -0.960157 1.160787 -0.960157
1.189449 -0.960157 1.189449 -0.960157
1.218110 -0.960157 1.218110 -0.960157
1.246772 -0.960157 1.246772 -0.960157
1.275433 -0.960157 1.275433 -0.960157
1.304094 -0.960157 1.304094 -0.960157
1.332756 -0.960157 1.332756 -0.960157
1.361417 -0.960157 1.361417 -0.960157
1.390079 -0.960157 1.390079 -0.960157
1.418740 -0.960157 1.418740 -0.960157
1.447402 -0.960157 1.447402 -0.960157
1.476063 -0.960157 1.476063 -0.960157
1.504724 -0.960157 1.504724 -0.960157
1.533386 -0.960157 1.533386 -0.960157
1.562047 -0.960157 1.562047 -0.960157
1.590709 -0.960157 1.590709 -0.960157
1.619370 -0.960157 1.619370 -0.960157
1.648031 -0.960157 1.648031 -0.960157
1.676693 -0.960157 1.676693 -0.960157
1.705354 -0.960157 1.705354 -0.960157
1.734016 -0.960157 1.734016 -0.960157
1.762677 -0.960157 1.762677 -0.960157
1.791339 -0.960157 1.791339 -0.960157
1.820000 -0.960157 1.820000 -0.960157
-1.820000 -0.931496 -1.820000 -0.931496
-1.791339 -0.931496 -1.791339 -0.931496
-1.762677 -0.931496 -1.762677 -0.931496
-1.734016 -0.931496 -1.734016 -0.931496
-1.705354 -0.931496 -1.705354 -0.931496
-1.676693 -0.931496 -1.676693 -0.931496
-1.648031 -0.931496 -1.648031 -0.931496
-1.619370 -0.931496 -1.619370 -0.931496
-1.590709 -0.931496 -1.590709 -0.931496
-1.562047 -0.931496 -1.562047 -0.931496
-1.533386 -0.931496 -1.533386 -0.931496
-1.504724 -0.931496 -1.504724 -0.931496
-1.476063 -0.931496 -1.476063 -0.931496
-1.447402 -0.931496 -1.447402 -0.931496
-1.418740 -0.931496 -1.418740 -0.931496
-1.390079 -0.931496 -1.390079 -0.931496
-1.361417 -0.931496 -1.361417 -0.931496
-1.332756 -0.931496 -1.332756 -0.931496
-1.304094 -0.931496 -1.304094 -0.931496
-1.275433 -0.931496 -1.275433 -0.931496
-1.246772 -0.931496 -1.246772 -0.931496
-1.218110 -0.931496 -1.218110 -0.931496
-1.189449 -0.931496 -1.189449 -0.931496
-1.160787 -0.931496 -1.160787 -0.931496
-1.132126 -0.931496 -1.132126 -0.931496
-1.103465 -0.931496 -1.103465 -0.931496
-1.074803 -0.931496 -1.074803 -0.931496
-1.046142 -0.931496 -1.046142 -0.931496
-1.017480 -0.931496 -0.198941 -0.112957
-0.988819 -0.931496 -0.263974 -0.206651
-0.960157 -0.931496 -0.236710 -0.208048
-0.931496 -0.931496 -0.512186 -0.512186
-0.902835 -0.931496 -0.564101 -0.592762
-0.874173 -0.931496 -0.535231 -0.592554
-0.845512 -0.931496 -0.506362 -0.592346
-0.816850 -0.931496 -0.477493 -0.592139
-0.788189 -0.931496 -0.543431 -0.686738
-0.759528 -0.931496 -0.511896 -0.683864
-0.730866 -0.931496 -0.593343 -0.712629
-0.702205 -0.931496 -0.565131 -0.713345
-0.673543 -0.931496 -0.536920 -0.714061
-0.644882 -0.931496 -0.559230 -0.795181
-0.616220 -0.931496 -0.530246 -0.794668
-0.587559 -0.931496 -0.501261 -0.794153
-0.558898 -0.931496 -0.472276 -0.793640
-0.530236 -0.931496 -0.443292 -0.793126
-0.501575 -0.931496 -0.501575 -0.931496
-0.472913 -0.931496 -0.472913 -0.931496
-0.444252 -0.931496 -0.444252 -0.931496
-0.415591 -0.931496 -0.415591 -0.931496
-0.386929 -0.931496 -0.386929 -0.931496
-0.358268 -0.931496 -0.358268 -0.931496
-0.329606 -0.931496 -0.329606 -0.931496
-0.300945 -0.931496 -0.300945 -0.931496
-0.272283 -0.931496 -0.272283 -0.931496
-0.243622 -0.931496 -0.243622 -0.931496
-0.214961 -0.931496 -0.214961 -0.931496
-0.186299 -0.931496 -0.186299 -0.931496
-0.157638 -0.931496 -0.157638 -0.931496
-0.128976 -0.931496 -0.128976 -0.931496
-0.100315 -0.931496 -0.100315 -0.931496
-0.071654 -0.931496 -0.071654 -0.931496
-0.042992 -0.931496 -0.042992 -0.931496
-0.014331 -0.931496 -0.014331 -0.931496
0.014331 -0.931496 0.014331 -0.931496
0.042992 -0.931496 0.042992 -0.931496
0.071654 -0.931496 0.071654 -0.931496
0.100315 -0.931496 0.100315 -0.931496
0.128976 -0.931496 0.128976 -0.931496
0.157638 -0.931496 0.157638 -0.931496
0.186299 -0.931496 0.186299 -0.931496
0.214961 -0.931496 0.214961 -0.931496
0.243622 -0.931496 0.243622 -0.931496
0.272283 -0.931496 0.272283 -0.931496
0.300945 -0.931496 0.300945 -0.931496
0.329606 -0.931496 0.329606 -0.931496
0.358268 -0.931496 0.358268 -0.931496
0.386929 -0.931496 0.386929 -0.931496
0.415591 -0.931496 0.415591 -0.931496
0.444252 -0.931496 0.444252 -0.931496
0.472913 -0.931496 0.472913 -0.931496
0.501575 -0.931496 0.501575 -0.931496
0.530236 -0.931496 0.443293 -0.793127
0.558898 -0.931496 0.472277 -0.793640
0.587559 -0.931496 0.501261 -0.794154
0.616220 -0.931496 0.530245 -0.794668
0.644882 -0.931496 0.559230 -0.795182
0.673543 -0.931496 0.536919 -0.714061
0.702205 -0.931496 0.565131 -0.713345
0.730866 -0.931496 0.593343 -0.712629
0.759528 -0.931496 0.511896 -0.683864
0.788189 -0.931496 0.543431 -0.686738
0.816850 -0.931496 0.477493 -0.592139
0.845512 -0.931496 0.506362 -0.592346
0.874173 -0.931496 0.535231 -0.592554
0.902835 -0.931496 0.564101 -0.592762
0.931496 -0.931496 0.512186 -0.512186
0.960157 -0.931496 0.236710 -0.208048
0.988819 -0.931496 0.263974 -0.206651
1.017480 -0.931496 0.198941 -0.112957
1.046142 -0.931496 1.046142 -0.931496
1.074803 -0.931496 1.074803 -0.931496
1.103465 -0.931496 1.103465 -0.931496
1.132126 -0.931496 1.132126 -0.931496
1.160787 -0.931496 1.160787 -0.931496
1.189449 -0.931496 1.189449 -0.931496
1.218110 -0.931496 1.218110 -0.931496
1.246772 -0.931496 1.246772 -0.931496
1.275433 -0.931496 1.275433 -0.931496
1.304094 -0.931496 1.304094 -0.931496
1.332756 -0.931496 1.332756 -0.931496
1.361417 -0.931496 1.361417 -0.931496
1.390079 -0.931496 1.390079 -0.931496
1.418740 -0.931496 1.418740 -0.931496
1.447402 -0.931496 1.447402 -0.931496
1.476063 -0.931496 1.476063 -0.931496
1.504724 -0.931496 1.504724 -0.931496
1.533386 -0.931496 1.533386 -0.931496
1.562047 -0.931496 1.562047 -0.931496
1.590709 -0.931496 1.590709 -0.931496
1.619370 -0.931496 1.619370 -0.931496
1.648031 -0.931496 1.648031 -0.931496
1.676693 -0.931496 1.676693 -0.931496
1.705354 -0.931496 1.705354 -0.931496
1.734016 -0.931496 1.734016 -0.931496
1.762677 -0.931496 1.762677 -0.931496
1.791339 -0.931496 1.791339 -0.931496
1.820000 -0.931496 1.820000 -0.931496
-1.820000 -0.902835 -1.820000 -0.902835
-1.791339 -0.902835 -1.791339 -0.902835
-1.762677 -0.902835 -1.762677 -0.902835
-1.734016 -0.902835 -1.734016 -0.902835
-1.705354 -0.902835 -1.705354 -0.902835
-1.676693 -0.902835 -1.676693 -0.902835
-1.648031 -0.902835 -1.648031 -0.902835
-1.619370 -0.902835 -1.619370 -0.902835
-1.590709 -0.902835 -1.590709 -0.902835
-1.562047 -0.902835 -1.562047 -0.902835
-1.533386 -0.902835 -1.533386 -0.902835
-1.504724 -0.902835 -1.504724 -0.902835
-1.476063 -0.902835 -1.476063 -0.902835
-1.447402 -0.902835 -1.447402 -0.902835
-1.418740 -0.902835 -1.418740 -0.902835
-1.390079 -0.902835 -1.390079 -0.902835
-1.361417 -0.902835 -1.361417 -0.902835
-1.332756 -0.902835 -1.332756 -0.902835
-1.304094 -0.902835 -1.304094 -0.902835
-1.275433 -0.902835 -1.275433 -0.902835
-1.246772 -0.902835 -1.246772 -0.902835
-1.218110 -0.902835 -1.218110 -0.902835
-1.189449 -0.902835 -1.189449 -0.902835
-1.160787 -0.902835 -1.160787 -0.902835
-1.132126 -0.902835 -1.132126 -0.902835
-1.103465 -0.902835 -1.103465 -0.902835
-1.074803 -0.902835 -1.074803 -0.902835
-1.046142 -0.902835 -0.227602 -0.084295
-1.017480 -0.902835 -0.292635 -0.177990
-0.988819 -0.902835 -0.265371 -0.179387
-0.960157 -0.902835 -0.540847 -0.483524
-0.931496 -0.902835 -0.592762 -0.564101
-0.902835 -0.902835 -0.563893 -0.563893
-0.874173 -0.902835 -0.535024 -0.563685
-0.845512 -0.902835 -0.506154 -0.563477
-0.816850 -0.902835 -0.572092 -0.658076
-0.788189 -0.902835 -0.540557 -0.655203
-0.759528 -0.902835 -0.576832 -0.720139
-0.730866 -0.902835 -0.565479 -0.708146
-0.702205 -0.902835 -0.616685 -0.766730
-0.673543 -0.902835 -0.587700 -0.766216
-0.644882 -0.902835 -0.558716 -0.765702
-0.616220 -0.902835 -0.529731 -0.765188
-0.587559 -0.902835 -0.500747 -0.764674
-0.558898 -0.902835 -0.558898 -0.902835
-0.530236 -0.902835 -0.530236 -0.902835
-0.501575 -0.902835 -0.501575 -0.902835
-0.472913 -0.902835 -0.472913 -0.902835
-0.444252 -0.902835 -0.444252 -0.902835
-0.415591 -0.902835 -0.415591 -0.902835
-0.386929 -0.902835 -0.386929 -0.902835
-0.358268 -0.902835 -0.358268 -0.902835
-0.329606 -0.902835 -0.329606 -0.902835
-0.300945 -0.902835 -0.300945 -0.902835
-0.272283 -0.902835 -0.272283 -0.902835
-0.243622 -0.902835 -0.243622 -0.902835
-0.214961 -0.902835 -0.269021 -1.057329
-0.186299 -0.902835 -0.204603 -1.065281
-0.157638 -0.902835 -0.175927 -1.065154
-0.128976 -0.902835 -0.147251 -1.065027
-0.100315 -0.902835 -0.118576 -1.064900
-0.071654 -0.902835 -0.089900 -1.064773
-0.042992 -0.902835 -0.061224 -1.064646
-0.014331 -0.902835 -0.032548 -1.064519
0.014331 -0.902835 0.032548 -1.064519
0.042992 -0.902835 0.061224 -1.064646
0.071654 -0.902835 0.089900 -1.064773
0.100315 -0.902835 0.118576 -1.064900
0.128976 -0.902835 0.147251 -1.065027
0.157638 -0.902835 0.175927 -1.065154
0.186299 -0.902835 0.204603 -1.065281
0.214961 -0.902835 0.269021 -1.057328
0.243622 -0.902835 0.243622 -0.902835
0.272283 -0.902835 0.272283 -0.902835
0.300945 -0.902835 0.300945 -0.902835
0.329606 -0.902835 0.329606 -0.902835
0.358268 -0.902835 0.358268 -0.902835
0.386929 -0.902835 0.386929 -0.902835
0.415591 -0.902835 0.415591 -0.902835
0.444252 -0.902835 0.444252 -0.902835
0.472913 -0.902835 0.472913 -0.902835
0.501575 -0.902835 0.501575 -0.902835
0.530236 -0.902835 0.530236 -0.902835
0.558898 -0.902835 0.558898 -0.902835
0.587559 -0.902835 0.500747 -0.764675
0.616220 -0.902835 0.529732 -0.765189
0.644882 -0.902835 0.558716 -0.765703
0.673543 -0.902835 0.587700 -0.766216
0.702205 -0.902835 0.616684 -0.766730
0.730866 -0.902835 0.565479 -0.708146
0.759528 -0.902835 0.576832 -0.720139
0.788189 -0.902835 0.540557 -0.655203
0.816850 -0.902835 0.572092 -0.658076
0.845512 -0.902835 0.506154 -0.563477
0.874173 -0.902835 0.535024 -0.563685
0.902835 -0.902835 0.563893 -0.563893
0.931496 -0.902835 0.592762 -0.564101
0.960157 -0.902835 0.540847 -0.483524
0.988819 -0.902835 0.265371 -0.179387
1.017480 -0.902835 0.292635 -0.177990
1.046142 -0.902835 0.227602 -0.084295
1.074803 -0.902835 1.074803 -0.902835
1.103465 -0.902835 1.103465 -0.902835
1.132126 -0.902835 1.132126 -0.902835
1.160787 -0.902835 1.160787 -0.902835
1.189449 -0.902835 1.189449 -0.902835
1.218110 -0.902835 1.218110 -0.902835
1.246772 -0.902835 1.246772 -0.902835
1.275433 -0.902835 1.275433 -0.902835
1.304094 -0.902835 1.304094 -0.902835
1.332756 -0.902835 1.332756 -0.902835
1.361417 -0.902835 1.361417 -0.902835
1.390079 -0.902835 1.390079 -0.902835
1.418740 -0.902835 1.418740 -0.902835
1.447402 -0.902835 1.447402 -0.902835
1.476063 -0.902835 1.476063 -0.902835
1.504724 -0.902835 1.504724 -0.902835
1.533386 -0.902835 1.533386 -0.902835
1.562047 -0.902835 1.562047 -0.902835
1.590709 -0.902835 1.590709 -0.902835
1.619370 -0.902835 1.619370 -0.902835
1.648031 -0.902835 1.648031 -0.902835
1.676693 -0.902835 1.676693 -0.902835
1.705354 -0.902835 1.705354 -0.902835
1.734016 -0.902835 1.734016 -0.902835
1.762677 -0.902835 1.762677 -0.902835
1.791339 -0.902835 1.791339 -0.902835
1.820000 -0.902835 1.820000 -0.902835
-1.820000 -0.874173 -1.820000 -0.874173
-1.791339 -0.874173 -1.791339 -0.874173
-1.762677 -0.874173 -1.762677 -0.874173
-1.734016 -0.874173 -1.734016 -0.874173
-1.705354 -0.874173 -1.705354 -0.874173
-1.676693 -0.874173 -1.676693 -0.874173
-1.648031 -0.874173 -1.648031 -0.874173
-1.619370 -0.874173 -1.619370 -0.874173
-1.590709 -0.874173 -1.590709 -0.874173
-1.562047 -0.874173 -1.562047 -0.874173
-1.533386 -0.874173 -1.533386 -0.874173
-1.504724 -0.874173 -1.504724 -0.874173
-1.476063 -0.874173 -1.476063 -0.874173
-1.447402 -0.874173 -1.447402 -0.874173
-1.418740 -0.874173 -1.418740 -0.874173
-1.390079 -0.874173 -1.390079 -0.874173
-1.361417 -0.874173 -1.361417 -0.874173
-1.332756 -0.874173 -1.332756 -0.874173
-1.304094 -0.874173 -1.304094 -0.874173
-1.275433 -0.874173 -1.275433 -0.874173
-1.246772 -0.874173 -1.246772 -0.874173
-1.218110 -0.874173 -1.218110 -0.874173
-1.189449 -0.874173 -1.189449 -0.874173
-1.160787 -0.874173 -1.160787 -0.874173
-1.132126 -0.874173 -1.132126 -0.874173
-1.103465 -0.874173 -1.103465 -0.874173
-1.074803 -0.874173 -0.256264 -0.055634
-1.046142 -0.874173 -0.321297 -0.149328
-1.017480 -0.874173 -0.294032 -0.150725
-0.988819 -0.874173 -0.569509 -0.454863
-0.960157 -0.874173 -0.621423 -0.535439
-0.931496 -0.874173 -0.592554 -0.535231
-0.902835 -0.874173 -0.563685 -0.535024
-0.874173 -0.874173 -0.534816 -0.534816
-0.845512 -0.874173 -0.600754 -0.629415
-0.816850 -0.874173 -0.569218 -0.626541
-0.788189 -0.874173 -0.605494 -0.691478
-0.759528 -0.874173 -0.577627 -0.692273
-0.730866 -0.874173 -0.617116 -0.760423
-0.702205 -0.874173 -0.587885 -0.759853
-0.673543 -0.874173 -0.587187 -0.736737
-0.644882 -0.874173 -0.558202 -0.736223
-0.616220 -0.874173 -0.529217 -0.735709
-0.587559 -0.874173 -0.587559 -0.874173
-0.558898 -0.874173 -0.558898 -0.874173
-0.530236 -0.874173 -0.530236 -0.874173
-0.501575 -0.874173 -0.501575 -0.874173
-0.472913 -0.874173 -0.472913 -0.874173
-0.444252 -0.874173 -0.444252 -0.874173
-0.415591 -0.874173 -0.415591 -0.874173
-0.386929 -0.874173 -0.386929 -0.874173
-0.358268 -0.874173 -0.358268 -0.874173
-0.329606 -0.874173 -0.329606 -0.874173
-0.300945 -0.874173 -0.355023 -1.028718
-0.272283 -0.874173 -0.326237 -1.028362
-0.243622 -0.874173 -0.297451 -1.028007
-0.214961 -0.874173 -0.268665 -1.027651
-0.186299 -0.874173 -0.204476 -1.035493
-0.157638 -0.874173 -0.175800 -1.035366
-0.128976 -0.874173 -0.147124 -1.035239
-0.100315 -0.874173 -0.118449 -1.035112
-0.071654 -0.874173 -0.089773 -1.034985
-0.042992 -0.874173 -0.061097 -1.034859
-0.014331 -0.874173 -0.032422 -1.034732
0.014331 -0.874173 0.032422 -1.034732
0.042992 -0.874173 0.061097 -1.034859
0.071654 -0.874173 0.089773 -1.034985
0.100315 -0.874173 0.118449 -1.035112
0.128976 -0.874173 0.147124 -1.035239
0.157638 -0.874173 0.175800 -1.035366
0.186299 -0.874173 0.204476 -1.035493
0.214961 -0.874173 0.268665 -1.027651
0.243622 -0.874173 0.297451 -1.028006
0.272283 -0.874173 0.326237 -1.028362
0.300945 -0.874173 0.355023 -1.028717
0.329606 -0.874173 0.329606 -0.874173
0.358268 -0.874173 0.358268 -0.874173
0.386929 -0.874173 0.386929 -0.874173
0.415591 -0.874173 0.415591 -0.874173
0.444252 -0.874173 0.444252 -0.874173
0.472913 -0.874173 0.472913 -0.874173
0.501575 -0.874173 0.501575 -0.874173
0.530236 -0.874173 0.530236 -0.874173
0.558898 -0.874173 0.558898 -0.874173
0.587559 -0.874173 0.587559 -0.874173
0.616220 -0.874173 0.529218 -0.735710
0.644882 -0.874173 0.558202 -0.736224
0.673543 -0.874173 0.587186 -0.736737
0.702205 -0.874173 0.587885 -0.759853
0.730866 -0.874173 0.617116 -0.760423
0.759528 -0.874173 0.577627 -0.692273
0.788189 -0.874173 0.605494 -0.691478
0.816850 -0.874173 0.569218 -0.626541
0.845512 -0.874173 0.600754 -0.629415
0.874173 -0.874173 0.534816 -0.534816
0.902835 -0.874173 0.563685 -0.535024
0.931496 -0.874173 0.592554 -0.535231
0.960157 -0.874173 0.621423 -0.535439
0.988819 -0.874173 0.569509 -0.454863
1.017480 -0.874173 0.294032 -0.150725
1.046142 -0.874173 0.321297 -0.149328
1.074803 -0.874173 0.256264 -0.055634
1.103465 -0.874173 1.103465 -0.874173
1.132126 -0.874173 1.132126 -0.874173
1.160787 -0.874173 1.160787 -0.874173
1.189449 -0.874173 1.189449 -0.874173
1.218110 -0.874173 1.218110 -0.874173
1.246772 -0.874173 1.246772 -0.874173
1.275433 -0.874173 1.275433 -0.874173
1.304094 -0.874173 1.304094 -0.874173
1.332756 -0.874173 1.332756 -0.874173
1.361417 -0.874173 1.361417 -0.874173
1.390079 -0.874173 1.390079 -0.874173
1.418740 -0.874173 1.418740 -0.874173
1.447402 -0.874173 1.447402 -0.874173
1.476063 -0.874173 1.476063 -0.874173
1.504724 -0.874173 1.504724 -0.874173
1.533386 -0.874173 1.533386 -0.874173
1.562047 -0.874173 1.562047 -0.874173
1.590709 -0.874173 1.590709 -0.874173
1.619370 -0.874173 1.619370 -0.874173
1.648031 -0.874173 1.648031 -0.874173
1.676693 -0.874173 1.676693 -0.874173
1.705354 -0.874173 1.705354 -0.874173
1.734016 -0.874173 1.734016 -0.874173
1.762677 -0.874173 1.762677 -0.874173
1.791339 -0.874173 1.791339 -0.874173
1.820000 -0.874173 1.820000 -0.874173
-1.820000 -0.845512 -1.820000 -0.845512
-1.791339 -0.845512 -1.791339 -0.845512
-1.762677 -0.845512 -1.762677 -0.845512
-1.734016 -0.845512 -1.734016 -0.845512
-1.705354 -0.845512 -1.705354 -0.845512
-1.676693 -0.845512 -1.676693 -0.845512
-1.648031 -0.845512 -1.648031 -0.845512
-1.619370 -0.845512 -1.619370 -0.845512
-1.590709 -0.845512 -1.590709 -0.845512
-1.562047 -0.845512 -1.562047 -0.845512
-1.533386 -0.845512 -1.533386 -0.845512
-1.504724 -0.845512 -1.504724 -0.845512
-1.476063 -0.845512 -1.476063 -0.845512
-1.447402 -0.845512 -1.447402 -0.845512
-1.418740 -0.845512 -1.418740 -0.845512
-1.390079 -0.845512 -1.390079 -0.845512
-1.361417 -0.845512 -1.361417 -0.845512
-1.332756 -0.845512 -1.332756 -0.845512
-1.304094 -0.845512 -1.304094 -0.845512
-1.275433 -0.845512 -1.275433 -0.845512
-1.246772 -0.845512 -1.246772 -0.845512
-1.218110 -0.845512 -1.218110 -0.845512
-1.189449 -0.845512 -1.189449 -0.845512
-1.160787 -0.845512 -1.160787 -0.845512
-1.132126 -0.845512 -1.132126 -0.845512
-1.103465 -0.845512 1.671072 1.377670
-1.074803 -0.845512 -0.264986 -0.268117
-1.046142 -0.845512 -0.304866 -0.183783
-1.017480 -0.845512 -0.598170 -0.426202
-0.988819 -0.845512 -0.650085 -0.506778
-0.960157 -0.845512 -0.621216 -0.506570
-0.931496 -0.845512 -0.592346 -0.506362
-0.902835 -0.845512 -0.563477 -0.506154
-0.874173 -0.845512 -0.629415 -0.600754
-0.845512 -0.845512 -0.597880 -0.597880
-0.816850 -0.845512 -0.634155 -0.662816
-0.788189 -0.845512 -0.606288 -0.663611
-0.759528 -0.845512 -0.645778 -0.731762
-0.730866 -0.845512 -0.616546 -0.731192
-0.702205 -0.845512 -0.587314 -0.730622
-0.673543 -0.845512 -0.586673 -0.707258
-0.644882 -0.845512 -0.644882 -0.845512
-0.616220 -0.845512 -0.616220 -0.845512
-0.587559 -0.845512 -0.587559 -0.845512
-0.558898 -0.845512 -0.558898 -0.845512
-0.530236 -0.845512 -0.530236 -0.845512
-0.501575 -0.845512 -0.501575 -0.845512
-0.472913 -0.845512 -0.472913 -0.845512
-0.444252 -0.845512 -0.444252 -0.845512
-0.415591 -0.845512 -0.415591 -0.845512
-0.386929 -0.845512 -0.386929 -0.845512
-0.358268 -0.845512 -0.412239 -0.999752
-0.329606 -0.845512 -0.383453 -0.999396
-0.300945 -0.845512 -0.354667 -0.999040
-0.272283 -0.845512 -0.325881 -0.998685
-0.243622 -0.845512 -0.297095 -0.998329
-0.214961 -0.845512 -0.268309 -0.997974
-0.186299 -0.845512 -0.204349 -1.005706
-0.157638 -0.845512 -0.175673 -1.005579
-0.128976 -0.845512 -0.146998 -1.005452
-0.100315 -0.845512 -0.118322 -1.005325
-0.071654 -0.845512 -0.089646 -1.005198
-0.042992 -0.845512 -0.060970 -1.005071
-0.014331 -0.845512 -0.043074 -1.100613
0.014331 -0.845512 0.043074 -1.100613
0.042992 -0.845512 0.060970 -1.005071
0.071654 -0.845512 0.089646 -1.005198
0.100315 -0.845512 0.118322 -1.005325
0.128976 -0.845512 0.146998 -1.005452
0.157638 -0.845512 0.175673 -1.005579
0.186299 -0.845512 0.204349 -1.005706
0.214961 -0.845512 0.268310 -0.997973
0.243622 -0.845512 0.297095 -0.998329
0.272283 -0.845512 0.325881 -0.998684
0.300945 -0.845512 0.354667 -0.999040
0.329606 -0.845512 0.383453 -0.999396
0.358268 -0.845512 0.412239 -0.999751
0.386929 -0.845512 0.386929 -0.845512
0.415591 -0.845512 0.415591 -0.845512
0.444252 -0.845512 0.444252 -0.845512
0.472913 -0.845512 0.472913 -0.845512
0.501575 -0.845512 0.501575 -0.845512
0.530236 -0.845512 0.530236 -0.845512
0.558898 -0.845512 0.558898 -0.845512
0.587559 -0.845512 0.587559 -0.845512
0.616220 -0.845512 0.616220 -0.845512
0.644882 -0.845512 0.644882 -0.845512
0.673543 -0.845512 0.586673 -0.707258
0.702205 -0.845512 0.587314 -0.730622
0.730866 -0.845512 0.616546 -0.731192
0.759528 -0.845512 0.645778 -0.731762
0.788189 -0.845512 0.606288 -0.663611
0.816850 -0.845512 0.634155 -0.662816
0.845512 -0.845512 0.597880 -0.597880
0.874173 -0.845512 0.629415 -0.600754
0.902835 -0.845512 0.563477 -0.506154
0.931496 -0.845512 0.592346 -0.506362
0.960157 -0.845512 0.621216 -0.506570
0.988819 -0.845512 0.650085 -0.506778
1.017480 -0.845512 0.598170 -0.426202
1.046142 -0.845512 0.304866 -0.183783
1.074803 -0.845512 0.264987 -0.268116
1.103465 -0.845512 -1.671077 1.377669
1.132126 -0.845512 1.132126 -0.845512
1.160787 -0.845512 1.160787 -0.845512
1.189449 -0.845512 1.189449 -0.845512
1.218110 -0.845512 1.218110 -0.845512
1.246772 -0.845512 1.246772 -0.845512
1.275433 -0.845512 1.275433 -0.845512
1.304094 -0.845512 1.304094 -0.845512
1.332756 -0.845512 1.332756 -0.845512
1.361417 -0.845512 1.361417 -0.845512
1.390079 -0.845512 1.390079 -0.845512
1.418740 -0.845512 1.418740 -0.845512
1.447402 -0.845512 1.447402 -0.845512
1.476063 -0.845512 1.476063 -0.845512
1.504724 -0.845512 1.504724 -0.845512
1.533386 -0.845512 1.533386 -0.845512
1.562047 -0.845512 1.562047 -0.845512
1.590709 -0.845512 1.590709 -0.845512
1.619370 -0.845512 1.619370 -0.845512
1.648031 -0.845512 1.648031 -0.845512
1.676693 -0.845512 1.676693 -0.845512
1.705354 -0.845512 1.705354 -0.845512
1.734016 -0.845512 1.734016 -0.845512
1.762677 -0.845512 1.762677 -0.845512
1.791339 -0.845512 1.791339 -0.845512
1.820000 -0.845512 1.820000 -0.845512
-1.820000 -0.816850 -1.820000 -0.816850
-1.791339 -0.816850 -1.791339 -0.816850
-1.762677 -0.816850 -1.762677 -0.816850
-1.734016 -0.816850 -1.734016 -0.816850
-1.705354 -0.816850 -1.705354 -0.816850
-1.676693 -0.816850 -1.676693 -0.816850
-1.648031 -0.816850 -1.648031 -0.816850
-1.619370 -0.816850 -1.619370 -0.816850
-1.590709 -0.816850 -1.590709 -0.816850
-1.562047 -0.816850 -1.562047 -0.816850
-1.533386 -0.816850 -1.533386 -0.816850
-1.504724 -0.816850 -1.504724 -0.816850
-1.476063 -0.816850 -1.476063 -0.816850
-1.447402 -0.816850 -1.447402 -0.816850
-1.418740 -0.816850 -1.418740 -0.816850
-1.390079 -0.816850 -1.390079 -0.816850
-1.361417 -0.816850 -1.361417 -0.816850
-1.332756 -0.816850 -1.332756 -0.816850
-1.304094 -0.816850 -1.304094 -0.816850
-1.275433 -0.816850 -1.275433 -0.816850
-1.246772 -0.816850 -1.246772 -0.816850
-1.218110 -0.816850 -1.218110 -0.816850
-1.189449 -0.816850 -1.189449 -0.816850
-1.160787 -0.816850 -1.160787 -0.816850
-1.132126 -0.816850 -1.132126 -0.816850
-1.103465 -0.816850 -0.090326 -0.180253
-1.074803 -0.816850 -0.207927 -0.272157
-1.046142 -0.816850 -0.236246 -0.243232
-1.017480 -0.816850 -0.662236 -0.500614
-0.988819 -0.816850 -0.649877 -0.477908
-0.960157 -0.816850 -0.621008 -0.477701
-0.931496 -0.816850 -0.592139 -0.477493
-0.902835 -0.816850 -0.658076 -0.572092
-0.874173 -0.816850 -0.626541 -0.569218
-0.845512 -0.816850 -0.662816 -0.634155
-0.816850 -0.816850 -0.634950 -0.634950
-0.788189 -0.816850 -0.674439 -0.703101
-0.759528 -0.816850 -0.645208 -0.702530
-0.730866 -0.816850 -0.615976 -0.701960
-0.702205 -0.816850 -0.586744 -0.701390
-0.673543 -0.816850 -0.673543 -0.816850
-0.644882 -0.816850 -0.644882 -0.816850
-0.616220 -0.816850 -0.616220 -0.816850
-0.587559 -0.816850 -0.587559 -0.816850
-0.558898 -0.816850 -0.558898 -0.816850
-0.530236 -0.816850 -0.530236 -0.816850
-0.501575 -0.816850 -0.501575 -0.816850
-0.472913 -0.816850 -0.472913 -0.816850
-0.444252 -0.816850 -0.444252 -0.816850
-0.415591 -0.816850 -0.502452 -0.955091
-0.386929 -0.816850 -0.440669 -0.970430
-0.358268 -0.816850 -0.411883 -0.970074
-0.329606 -0.816850 -0.383097 -0.969719
-0.300945 -0.816850 -0.354312 -0.969363
-0.272283 -0.816850 -0.325525 -0.969007
-0.243622 -0.816850 -0.296739 -0.968652
-0.214961 -0.816850 -0.299745 -1.059149
-0.186299 -0.816850 -0.215100 -1.072460
-0.157638 -0.816850 -0.186458 -1.072637
-0.128976 -0.816850 -0.157817 -1.072814
-0.100315 -0.816850 -0.129175 -1.072990
-0.071654 -0.816850 -0.100534 -1.073167
-0.042992 -0.816850 -0.071892 -1.073344
-0.014331 -0.816850 -0.043251 -1.073521
0.014331 -0.816850 0.043251 -1.073521
0.042992 -0.816850 0.071892 -1.073344
0.071654 -0.816850 0.100534 -1.073167
0.100315 -0.816850 0.129175 -1.072991
0.128976 -0.816850 0.157817 -1.072814
0.157638 -0.816850 0.186458 -1.072637
0.186299 -0.816850 0.215100 -1.072460
0.214961 -0.816850 0.299745 -1.059149
0.243622 -0.816850 0.296740 -0.968652
0.272283 -0.816850 0.325526 -0.969007
0.300945 -0.816850 0.354311 -0.969363
0.329606 -0.816850 0.383097 -0.969719
0.358268 -0.816850 0.411883 -0.970074
0.386929 -0.816850 0.440669 -0.970430
0.415591 -0.816850 0.502452 -0.955091
0.444252 -0.816850 0.444252 -0.816850
0.472913 -0.816850 0.472913 -0.816850
0.501575 -0.816850 0.501575 -0.816850
0.530236 -0.816850 0.530236 -0.816850
0.558898 -0.816850 0.558898 -0.816850
0.587559 -0.816850 0.587559 -0.816850
0.616220 -0.816850 0.616220 -0.816850
0.644882 -0.816850 0.644882 -0.816850
0.673543 -0.816850 0.673543 -0.816850
0.702205 -0.816850 0.586744 -0.701390
0.730866 -0.816850 0.615976 -0.701960
0.759528 -0.816850 0.645208 -0.702530
0.788189 -0.816850 0.674439 -0.703101
0.816850 -0.816850 0.634950 -0.634950
0.845512 -0.816850 0.662816 -0.634155
0.874173 -0.816850 0.626541 -0.569218
0.902835 -0.816850 0.658076 -0.572092
0.931496 -0.816850 0.592139 -0.477493
0.960157 -0.816850 0.621008 -0.477701
0.988819 -0.816850 0.649877 -0.477908
1.017480 -0.816850 0.662236 -0.500614
1.046142 -0.816850 0.236247 -0.243232
1.074803 -0.816850 0.207929 -0.272157
1.103465 -0.816850 0.090313 -0.180245
1.132126 -0.816850 1.132126 -0.816850
1.160787 -0.816850 1.160787 -0.816850
1.189449 -0.816850 1.189449 -0.816850
1.218110 -0.816850 1.218110 -0.816850
1.246772 -0.816850 1.246772 -0.816850
1.275433 -0.816850 1.275433 -0.816850
1.304094 -0.816850 1.304094 -0.816850
1.332756 -0.816850 1.332756 -0.816850
1.361417 -0.816850 1.361417 -0.816850
1.390079 -0.816850 1.390079 -0.816850
1.418740 -0.816850 1.418740 -0.816850
1.447402 -0.816850 1.447402 -0.816850
1.476063 -0.816850 1.476063 -0.816850
1.504724 -0.816850 1.504724 -0.816850
1.533386 -0.816850 1.533386 -0.816850
1.562047 -0.816850 1.562047 -0.816850
1.590709 -0.816850 1.590709 -0.816850
1.619370 -0.816850 1.619370 -0.816850
1.648031 -0.816850 1.648031 -0.816850
1.676693 -0.816850 1.676693 -0.816850
1.705354 -0.816850 1.705354 -0.816850
1.734016 -0.816850 1.734016 -0.816850
1.762677 -0.816850 1.762677 -0.816850
1.791339 -0.816850 1.791339 -0.816850
1.820000 -0.816850 1.820000 -0.816850
-1.820000 -0.788189 -1.820000 -0.788189
-1.791339 -0.788189 -1.791339 -0.788189
-1.762677 -0.788189 -1.762677 -0.788189
-1.734016 -0.788189 -1.734016 -0.788189
-1.705354 -0.788189 -1.705354 -0.788189
-1.676693 -0.788189 -1.676693 -0.788189
-1.648031 -0.788189 -1.648031 -0.788189
-1.619370 -0.788189 -1.619370 -0.788189
-1.590709 -0.788189 -1.590709 -0.788189
-1.562047 -0.788189 -1.562047 -0.788189
-1.533386 -0.788189 -1.533386 -0.788189
-1.504724 -0.788189 -1.504724 -0.788189
-1.476063 -0.788189 -1.476063 -0.788189
-1.447402 -0.788189 -1.447402 -0.788189
-1.418740 -0.788189 -1.418740 -0.788189
-1.390079 -0.788189 -1.390079 -0.788189
-1.361417 -0.788189 -1.361417 -0.788189
-1.332756 -0.788189 -1.332756 -0.788189
-1.304094 -0.788189 -1.304094 -0.788189
-1.275433 -0.788189 -1.275433 -0.788189
-1.246772 -0.788189 -1.246772 -0.788189
-1.218110 -0.788189 -1.218110 -0.788189
-1.189449 -0.788189 -1.189449 -0.788189
-1.160787 -0.788189 -1.160787 -0.788189
-1.132126 -0.788189 -0.151269 -0.171876
-1.103465 -0.788189 -0.235852 -0.243032
-1.074803 -0.788189 -0.209186 -0.244287
-1.046142 -0.788189 -0.536465 -0.467939
-1.017480 -0.788189 -0.611665 -0.533199
-0.988819 -0.788189 -0.600143 -0.512554
-0.960157 -0.788189 -0.605485 -0.470308
-0.931496 -0.788189 -0.686738 -0.543431
-0.902835 -0.788189 -0.655203 -0.540557
-0.874173 -0.788189 -0.691478 -0.605494
-0.845512 -0.788189 -0.663611 -0.606288
-0.816850 -0.788189 -0.703101 -0.674439
-0.788189 -0.788189 -0.673869 -0.673869
-0.759528 -0.788189 -0.644637 -0.673299
-0.730866 -0.788189 -0.615406 -0.672729
-0.702205 -0.788189 -0.702205 -0.788189
-0.673543 -0.788189 -0.673543 -0.788189
-0.644882 -0.788189 -0.644882 -0.788189
-0.616220 -0.788189 -0.616220 -0.788189
-0.587559 -0.788189 -0.587559 -0.788189
-0.558898 -0.788189 -0.558898 -0.788189
-0.530236 -0.788189 -0.530236 -0.788189
-0.501575 -0.788189 -0.501575 -0.788189
-0.472913 -0.788189 -0.559907 -0.926639
-0.444252 -0.788189 -0.530923 -0.926125
-0.415591 -0.788189 -0.501939 -0.925612
-0.386929 -0.788189 -0.472955 -0.925098
-0.358268 -0.788189 -0.411528 -0.940397
-0.329606 -0.788189 -0.382742 -0.940041
-0.300945 -0.788189 -0.353956 -0.939686
-0.272283 -0.788189 -0.357216 -1.030913
-0.243622 -0.788189 -0.328728 -1.031408
-0.214961 -0.788189 -0.300240 -1.031903
-0.186299 -0.788189 -0.271752 -1.032399
-0.157638 -0.788189 -0.186635 -1.045545
-0.128976 -0.788189 -0.157994 -1.045722
-0.100315 -0.788189 -0.029184 -0.156891
-0.071654 -0.788189 -0.000678 -0.158270
-0.042992 -0.788189 0.027828 -0.159650
-0.014331 -0.788189 0.056329 -0.161041
0.014331 -0.788189 -0.056333 -0.161041
0.042992 -0.788189 -0.027827 -0.159661
0.071654 -0.788189 0.000679 -0.158282
0.100315 -0.788189 0.029185 -0.156902
0.128976 -0.788189 0.157994 -1.045722
0.157638 -0.788189 0.186635 -1.045545
0.186299 -0.788189 0.271752 -1.032399
0.214961 -0.788189 0.300240 -1.031904
0.243622 -0.788189 0.328728 -1.031409
0.272283 -0.788189 0.357216 -1.030914
0.300945 -0.788189 0.353956 -0.939686
0.329606 -0.788189 0.382742 -0.940041
0.358268 -0.788189 0.411527 -0.940397
0.386929 -0.788189 0.472954 -0.925098
0.415591 -0.788189 0.501939 -0.925612
0.444252 -0.788189 0.530923 -0.926126
0.472913 -0.788189 0.559907 -0.926640
0.501575 -0.788189 0.501575 -0.788189
0.530236 -0.788189 0.530236 -0.788189
0.558898 -0.788189 0.558898 -0.788189
0.587559 -0.788189 0.587559 -0.788189
0.616220 -0.788189 0.616220 -0.788189
0.644882 -0.788189 0.644882 -0.788189
0.673543 -0.788189 0.673543 -0.788189
0.702205 -0.788189 0.702205 -0.788189
0.730866 -0.788189 0.615406 -0.672729
0.759528 -0.788189 0.644637 -0.673299
0.788189 -0.788189 0.673869 -0.673869
0.816850 -0.788189 0.703101 -0.674439
0.845512 -0.788189 0.663611 -0.606288
0.874173 -0.788189 0.691478 -0.605494
0.902835 -0.788189 0.655203 -0.540557
0.931496 -0.788189 0.686738 -0.543431
0.960157 -0.788189 0.605485 -0.470308
0.988819 -0.788189 0.600143 -0.512554
1.017480 -0.788189 0.611665 -0.533198
1.046142 -0.788189 0.536467 -0.467940
1.074803 -0.788189 0.209187 -0.244286
1.103465 -0.788189 0.235845 -0.243027
1.132126 -0.788189 0.151269 -0.171878
1.160787 -0.788189 1.160787 -0.788189
1.189449 -0.788189 1.189449 -0.788189
1.218110 -0.788189 1.218110 -0.788189
1.246772 -0.788189 1.246772 -0.788189
1.275433 -0.788189 1.275433 -0.788189
1.304094 -0.788189 1.304094 -0.788189
1.332756 -0.788189 1.332756 -0.788189
1.361417 -0.788189 1.361417 -0.788189
1.390079 -0.788189 1.390079 -0.788189
1.418740 -0.788189 1.418740 -0.788189
1.447402 -0.788189 1.447402 -0.788189
1.476063 -0.788189 1.476063 -0.788189
1.504724 -0.788189 1.504724 -0.788189
1.533386 -0.788189 1.533386 -0.788189
1.562047 -0.788189 1.562047 -0.788189
1.590709 -0.788189 1.590709 -0.788189
1.619370 -0.788189 1.619370 -0.788189
1.648031 -0.788189 1.648031 -0.788189
1.676693 -0.788189 1.676693 -0.788189
1.705354 -0.788189 1.705354 -0.788189
1.734016 -0.788189 1.734016 -0.788189
1.762677 -0.788189 1.762677 -0.788189
1.791339 -0.788189 1.791339 -0.788189
1.820000 -0.788189 1.820000 -0.788189
-1.820000 -0.759528 -1.820000 -0.759528
-1.791339 -0.759528 -1.791339 -0.759528
-1.762677 -0.759528 -1.762677 -0.759528
-1.734016 -0.759528 -1.734016 -0.759528
-1.705354 -0.759528 -1.705354 -0.759528
-1.676693 -0.759528 -1.676693 -0.759528
-1.648031 -0.759528 -1.648031 -0.759528
-1.619370 -0.759528 -1.619370 -0.759528
-1.590709 -0.759528 -1.590709 -0.759528
-1.562047 -0.759528 -1.562047 -0.759528
-1.533386 -0.759528 -1.533386 -0.759528
-1.504724 -0.759528 -1.504724 -0.759528
-1.476063 -0.759528 -1.476063 -0.759528
-1.447402 -0.759528 -1.447402 -0.759528
-1.418740 -0.759528 -1.418740 -0.759528
-1.390079 -0.759528 -1.390079 -0.759528
-1.361417 -0.759528 -1.361417 -0.759528
-1.332756 -0.759528 -1.332756 -0.759528
-1.304094 -0.759528 -1.304094 -0.759528
-1.275433 -0.759528 -1.275433 -0.759528
-1.246772 -0.759528 -1.246772 -0.759528
-1.218110 -0.759528 -1.218110 -0.759528
-1.189449 -0.759528 -1.189449 -0.759528
-1.160787 -0.759528 1.870505 1.145157
-1.132126 -0.759528 -0.263769 -0.213903
-1.103465 -0.759528 -0.237103 -0.215158
-1.074803 -0.759528 -0.570726 -0.442796
-1.046142 -0.759528 -0.640437 -0.504607
-1.017480 -0.759528 -0.611477 -0.504420
-0.988819 -0.759528 -0.582518 -0.504232
-0.960157 -0.759528 -0.667256 -0.575486
-0.931496 -0.759528 -0.683864 -0.511896
-0.902835 -0.759528 -0.720139 -0.576832
-0.874173 -0.759528 -0.692273 -0.577627
-0.845512 -0.759528 -0.731762 -0.645778
-0.816850 -0.759528 -0.702530 -0.645208
-0.788189 -0.759528 -0.673299 -0.644637
-0.759528 -0.759528 -0.644067 -0.644067
-0.730866 -0.759528 -0.730866 -0.759528
-0.702205 -0.759528 -0.702205 -0.759528
-0.673543 -0.759528 -0.673543 -0.759528
-0.644882 -0.759528 -0.644882 -0.759528
-0.616220 -0.759528 -0.616220 -0.759528
-0.587559 -0.759528 -0.587559 -0.759528
-0.558898 -0.759528 -0.558898 -0.759528
-0.530236 -0.759528 -0.530236 -0.759528
-0.501575 -0.759528 -0.588377 -0.897674
-0.472913 -0.759528 -0.559393 -0.897160
-0.444252 -0.759528 -0.530409 -0.896646
-0.415591 -0.759528 -0.501425 -0.896133
-0.386929 -0.759528 -0.472441 -0.895619
-0.358268 -0.759528 -0.443176 -1.002181
-0.329606 -0.759528 -0.414688 -1.002677
-0.300945 -0.759528 -0.386200 -1.003172
-0.272283 -0.759528 -0.357712 -1.003667
-0.243622 -0.759528 -0.329224 -1.004162
-0.214961 -0.759528 -0.006077 -0.162572
-0.186299 -0.759528 0.021236 -0.166430
-0.157638 -0.759528 -0.087575 -0.137715
-0.128976 -0.759528 -0.059069 -0.139094
-0.100315 -0.759528 -0.030563 -0.140474
-0.071654 -0.759528 -0.002057 -0.141854
-0.042992 -0.759528 0.026444 -0.143245
-0.014331 -0.759528 0.054950 -0.144625
0.014331 -0.759528 -0.054953 -0.144624
0.042992 -0.759528 -0.026447 -0.143245
0.071654 -0.759528 0.002059 -0.141865
0.100315 -0.759528 0.030565 -0.140485
0.128976 -0.759528 0.059071 -0.139106
0.157638 -0.759528 0.087579 -0.137713
0.186299 -0.759528 -0.021234 -0.166430
0.214961 -0.759528 0.006075 -0.162564
0.243622 -0.759528 0.329224 -1.004163
0.272283 -0.759528 0.357712 -1.003668
0.300945 -0.759528 0.386200 -1.003173
0.329606 -0.759528 0.414688 -1.002677
0.358268 -0.759528 0.443176 -1.002182
0.386929 -0.759528 0.472441 -0.895619
0.415591 -0.759528 0.501425 -0.896133
0.444252 -0.759528 0.530409 -0.896647
0.472913 -0.759528 0.559393 -0.897161
0.501575 -0.759528 0.588378 -0.897674
0.530236 -0.759528 0.530236 -0.759528
0.558898 -0.759528 0.558898 -0.759528
0.587559 -0.759528 0.587559 -0.759528
0.616220 -0.759528 0.616220 -0.759528
0.644882 -0.759528 0.644882 -0.759528
0.673543 -0.759528 0.673543 -0.759528
0.702205 -0.759528 0.702205 -0.759528
0.730866 -0.759528 0.730866 -0.759528
0.759528 -0.759528 0.644067 -0.644067
0.788189 -0.759528 0.673299 -0.644637
0.816850 -0.759528 0.702530 -0.645208
0.845512 -0.759528 0.731762 -0.645778
0.874173 -0.759528 0.692273 -0.577627
0.902835 -0.759528 0.720139 -0.576832
0.931496 -0.759528 0.683864 -0.511896
0.960157 -0.759528 0.667256 -0.575486
0.988819 -0.759528 0.582518 -0.504232
1.017480 -0.759528 0.611478 -0.504419
1.046142 -0.759528 0.640437 -0.504607
1.074803 -0.759528 0.570728 -0.442797
1.103465 -0.759528 0.237104 -0.215157
1.132126 -0.759528 0.263754 -0.213893
1.160787 -0.759528 -1.870566 1.145200
1.189449 -0.759528 1.189449 -0.759528
1.218110 -0.759528 1.218110 -0.759528
1.246772 -0.759528 1.246772 -0.759528
1.275433 -0.759528 1.275433 -0.759528
1.304094 -0.759528 1.304094 -0.759528
1.332756 -0.759528 1.332756 -0.759528
1.361417 -0.759528 1.361417 -0.759528
1.390079 -0.759528 1.390079 -0.759528
1.418740 -0.759528 1.418740 -0.759528
1.447402 -0.759528 1.447402 -0.759528
1.476063 -0.759528 1.476063 -0.759528
1.504724 -0.759528 1.504724 -0.759528
1.533386 -0.759528 1.533386 -0.759528
1.562047 -0.759528 1.562047 -0.759528
1.590709 -0.759528 1.590709 -0.759528
1.619370 -0.759528 1.619370 -0.759528
1.648031 -0.759528 1.648031 -0.759528
1.676693 -0.759528 1.676693 -0.759528
1.705354 -0.759528 1.705354 -0.759528
1.734016 -0.759528 1.734016 -0.759528
1.762677 -0.759528 1.762677 -0.759528
1.791339 -0.759528 1.791339 -0.759528
1.820000 -0.759528 1.820000 -0.759528
-1.820000 -0.730866 -1.820000 -0.730866
-1.791339 -0.730866 -1.791339 -0.730866
-1.762677 -0.730866 -1.762677 -0.730866
-1.734016 -0.730866 -1.734016 -0.730866
-1.705354 -0.730866 -1.705354 -0.730866
-1.676693 -0.730866 -1.676693 -0.730866
-1.648031 -0.730866 -1.648031 -0.730866
-1.619370 -0.730866 -1.619370 -0.730866
-1.590709 -0.730866 -1.590709 -0.730866
-1.562047 -0.730866 -1.562047 -0.730866
-1.533386 -0.730866 -1.533386 -0.730866
-1.504724 -0.730866 -1.504724 -0.730866
-1.476063 -0.730866 -1.476063 -0.730866
-1.447402 -0.730866 -1.447402 -0.730866
-1.418740 -0.730866 -1.418740 -0.730866
-1.390079 -0.730866 -1.390079 -0.730866
-1.361417 -0.730866 -1.361417 -0.730866
-1.332756 -0.730866 -1.332756 -0.730866
-1.304094 -0.730866 -1.304094 -0.730866
-1.275433 -0.730866 -1.275433 -0.730866
-1.246772 -0.730866 -1.246772 -0.730866
-1.218110 -0.730866 -1.218110 -0.730866
-1.189449 -0.730866 -1.189449 -0.730866
-1.160787 -0.730866 -0.157635 -0.100544
-1.132126 -0.730866 -0.265028 -0.186033
-1.103465 -0.730866 -0.238354 -0.187282
-1.074803 -0.730866 -0.561259 -0.408186
-1.046142 -0.730866 -0.640249 -0.475828
-1.017480 -0.730866 -0.611290 -0.475641
-0.988819 -0.730866 -0.697449 -0.547786
-0.960157 -0.730866 -0.664666 -0.545197
-0.931496 -0.730866 -0.712629 -0.593343
-0.902835 -0.730866 -0.708146 -0.565479
-0.874173 -0.730866 -0.760423 -0.617116
-0.845512 -0.730866 -0.731192 -0.616546
-0.816850 -0.730866 -0.701960 -0.615976
-0.788189 -0.730866 -0.672729 -0.615406
-0.759528 -0.730866 -0.759528 -0.730866
-0.730866 -0.730866 -0.730866 -0.730866
-0.702205 -0.730866 -0.702205 -0.730866
-0.673543 -0.730866 -0.673543 -0.730866
-0.644882 -0.730866 -0.644882 -0.730866
-0.616220 -0.730866 -0.616220 -0.730866
-0.587559 -0.730866 -0.587559 -0.730866
-0.558898 -0.730866 -0.645832 -0.869222
-0.530236 -0.730866 -0.616848 -0.868709
-0.501575 -0.730866 -0.587864 -0.868195
-0.472913 -0.730866 -0.558879 -0.867681
-0.444252 -0.730866 -0.529896 -0.867168
-0.415591 -0.730866 -0.552226 -0.948321
-0.386929 -0.730866 -0.524015 -0.949037
-0.358268 -0.730866 -0.495803 -0.949753
-0.329606 -0.730866 -0.415183 -0.975431
-0.300945 -0.730866 -0.091869 -0.133361
-0.272283 -0.730866 -0.064561 -0.137227
-0.243622 -0.730866 -0.037252 -0.141092
-0.214961 -0.730866 -0.009938 -0.144951
-0.186299 -0.730866 0.017371 -0.148817
-0.157638 -0.730866 -0.088955 -0.121298
-0.128976 -0.730866 -0.060449 -0.122678
-0.100315 -0.730866 -0.031943 -0.124058
-0.071654 -0.730866 -0.003442 -0.125449
-0.042992 -0.730866 0.025064 -0.126828
-0.014331 -0.730866 0.053570 -0.128208
0.014331 -0.730866 -0.053574 -0.128207
0.042992 -0.730866 -0.025068 -0.126828
0.071654 -0.730866 0.003438 -0.125448
0.100315 -0.730866 0.031946 -0.124056
0.128976 -0.730866 0.060452 -0.122677
0.157638 -0.730866 0.088958 -0.121297
0.186299 -0.730866 -0.017368 -0.148817
0.214961 -0.730866 0.009940 -0.144951
0.243622 -0.730866 0.037249 -0.141085
0.272283 -0.730866 0.064558 -0.137219
0.300945 -0.730866 0.091867 -0.133353
0.329606 -0.730866 0.415183 -0.975432
0.358268 -0.730866 0.495803 -0.949753
0.386929 -0.730866 0.524014 -0.949037
0.415591 -0.730866 0.552226 -0.948321
0.444252 -0.730866 0.529895 -0.867168
0.472913 -0.730866 0.558880 -0.867682
0.501575 -0.730866 0.587864 -0.868195
0.530236 -0.730866 0.616848 -0.868709
0.558898 -0.730866 0.645832 -0.869223
0.587559 -0.730866 0.587559 -0.730866
0.616220 -0.730866 0.616220 -0.730866
0.644882 -0.730866 0.644882 -0.730866
0.673543 -0.730866 0.673543 -0.730866
0.702205 -0.730866 0.702205 -0.730866
0.730866 -0.730866 0.730866 -0.730866
0.759528 -0.730866 0.759528 -0.730866
0.788189 -0.730866 0.672729 -0.615406
0.816850 -0.730866 0.701960 -0.615976
0.845512 -0.730866 0.731192 -0.616546
0.874173 -0.730866 0.760423 -0.617116
0.902835 -0.730866 0.708146 -0.565479
0.931496 -0.730866 0.712629 -0.593343
0.960157 -0.730866 0.664666 -0.545197
0.988819 -0.730866 0.697449 -0.547786
1.017480 -0.730866 0.611290 -0.475640
1.046142 -0.730866 0.640250 -0.475828
1.074803 -0.730866 0.561261 -0.408187
1.103465 -0.730866 0.238370 -0.187292
1.132126 -0.730866 0.265021 -0.186028
1.160787 -0.730866 0.157622 -0.100536
1.189449 -0.730866 1.189449 -0.730866
1.218110 -0.730866 1.218110 -0.730866
1.246772 -0.730866 1.246772 -0.730866
1.275433 -0.730866 1.275433 -0.730866
1.304094 -0.730866 1.304094 -0.730866
1.332756 -0.730866 1.332756 -0.730866
1.361417 -0.730866 1.361417 -0.730866
1.390079 -0.730866 1.390079 -0.730866
1.418740 -0.730866 1.418740 -0.730866
1.447402 -0.730866 1.447402 -0.730866
1.476063 -0.730866 1.476063 -0.730866
1.504724 -0.730866 1.504724 -0.730866
1.533386 -0.730866 1.533386 -0.730866
1.562047 -0.730866 1.562047 -0.730866
1.590709 -0.730866 1.590709 -0.730866
1.619370 -0.730866 1.619370 -0.730866
1.648031 -0.730866 1.648031 -0.730866
1.676693 -0.730866 1.676693 -0.730866
1.705354 -0.730866 1.705354 -0.730866
1.734016 -0.730866 1.734016 -0.730866
1.762677 -0.730866 1.762677 -0.730866
1.791339 -0.730866 1.791339 -0.730866
1.820000 -0.730866 1.820000 -0.730866
-1.820000 -0.702205 -1.820000 -0.702205
-1.791339 -0.702205 -1.791339 -0.702205
-1.762677 -0.702205 -1.762677 -0.702205
-1.734016 -0.702205 -1.734016 -0.702205
-1.705354 -0.702205 -1.705354 -0.702205
-1.676693 -0.702205 -1.676693 -0.702205
-1.648031 -0.702205 -1.648031 -0.702205
-1.619370 -0.702205 -1.619370 -0.702205
-1.590709 -0.702205 -1.590709 -0.702205
-1.562047 -0.702205 -1.562047 -0.702205
-1.533386 -0.702205 -1.533386 -0.702205
-1.504724 -0.702205 -1.504724 -0.702205
-1.476063 -0.702205 -1.476063 -0.702205
-1.447402 -0.702205 -1.447402 -0.702205
-1.418740 -0.702205 -1.418740 -0.702205
-1.390079 -0.702205 -1.390079 -0.702205
-1.361417 -0.702205 -1.361417 -0.702205
-1.332756 -0.702205 -1.332756 -0.702205
-1.304094 -0.702205 -1.304094 -0.702205
-1.275433 -0.702205 -1.275433 -0.702205
-1.246772 -0.702205 -1.246772 -0.702205
-1.218110 -0.702205 -1.218110 -0.702205
-1.189449 -0.702205 -0.218565 -0.092160
-1.160787 -0.702205 -0.292945 -0.156903
-1.132126 -0.702205 -0.266279 -0.158157
-1.103465 -0.702205 -0.595520 -0.383043
-1.074803 -0.702205 -0.669022 -0.447236
-1.046142 -0.702205 -0.640062 -0.447048
-1.017480 -0.702205 -0.611102 -0.446861
-0.988819 -0.702205 -0.694859 -0.517498
-0.960157 -0.702205 -0.740866 -0.564415
-0.931496 -0.702205 -0.713345 -0.565131
-0.902835 -0.702205 -0.766730 -0.616684
-0.874173 -0.702205 -0.759853 -0.587885
-0.845512 -0.702205 -0.730622 -0.587314
-0.816850 -0.702205 -0.701390 -0.586744
-0.788189 -0.702205 -0.788189 -0.702205
-0.759528 -0.702205 -0.759528 -0.702205
-0.730866 -0.702205 -0.730866 -0.702205
-0.702205 -0.702205 -0.702205 -0.702205
-0.673543 -0.702205 -0.673543 -0.702205
-0.644882 -0.702205 -0.644882 -0.702205
-0.616220 -0.702205 -0.616220 -0.702205
-0.587559 -0.702205 -0.702983 -0.817629
-0.558898 -0.702205 -0.645318 -0.839743
-0.530236 -0.702205 -0.616334 -0.839229
-0.501575 -0.702205 -0.587350 -0.838716
-0.472913 -0.702205 -0.558366 -0.838202
-0.444252 -0.702205 -0.581154 -0.920084
-0.415591 -0.702205 -0.552942 -0.920799
-0.386929 -0.702205 -0.524731 -0.921515
-0.358268 -0.702205 -0.022416 -0.167700
-0.329606 -0.702205 -0.123044 -0.111881
-0.300945 -0.702205 -0.095735 -0.115747
-0.272283 -0.702205 -0.068426 -0.119613
-0.243622 -0.702205 -0.041117 -0.123478
-0.214961 -0.702205 -0.013804 -0.127337
-0.186299 -0.702205 0.013505 -0.131203
-0.157638 -0.702205 -0.090335 -0.104882
-0.128976 -0.702205 -0.061829 -0.106262
-0.100315 -0.702205 -0.033327 -0.107652
-0.071654 -0.702205 -0.004821 -0.109032
-0.042992 -0.702205 0.023685 -0.110412
-0.014331 -0.702205 0.052191 -0.111791
0.014331 -0.702205 -0.052194 -0.111791
0.042992 -0.702205 -0.023686 -0.110399
0.071654 -0.702205 0.004820 -0.109020
0.100315 -0.702205 0.033326 -0.107640
0.128976 -0.702205 0.061832 -0.106260
0.157638 -0.702205 0.090338 -0.104881
0.186299 -0.702205 -0.013502 -0.131203
0.214961 -0.702205 0.013806 -0.127337
0.243622 -0.702205 0.041115 -0.123471
0.272283 -0.702205 0.068424 -0.119614
0.300945 -0.702205 0.095733 -0.115748
0.329606 -0.702205 0.123042 -0.111883
0.358268 -0.702205 0.022412 -0.167693
0.386929 -0.702205 0.524731 -0.921515
0.415591 -0.702205 0.552942 -0.920798
0.444252 -0.702205 0.581153 -0.920082
0.472913 -0.702205 0.558366 -0.838202
0.501575 -0.702205 0.587350 -0.838715
0.530236 -0.702205 0.616334 -0.839229
0.558898 -0.702205 0.645319 -0.839743
0.587559 -0.702205 0.702983 -0.817629
0.616220 -0.702205 0.616220 -0.702205
0.644882 -0.702205 0.644882 -0.702205
0.673543 -0.702205 0.673543 -0.702205
0.702205 -0.702205 0.702205 -0.702205
0.730866 -0.702205 0.730866 -0.702205
0.759528 -0.702205 0.759528 -0.702205
0.788189 -0.702205 0.788189 -0.702205
0.816850 -0.702205 0.701390 -0.586744
0.845512 -0.702205 0.730622 -0.587314
0.874173 -0.702205 0.759853 -0.587885
0.902835 -0.702205 0.766730 -0.616685
0.931496 -0.702205 0.713345 -0.565131
0.960157 -0.702205 0.740867 -0.564416
0.988819 -0.702205 0.694859 -0.517498
1.017480 -0.702205 0.611103 -0.446861
1.046142 -0.702205 0.640063 -0.447049
1.074803 -0.702205 0.669022 -0.447236
1.103465 -0.702205 0.595522 -0.383044
1.132126 -0.702205 0.266287 -0.158163
1.160787 -0.702205 0.292929 -0.156894
1.189449 -0.702205 0.218567 -0.092159
1.218110 -0.702205 1.218110 -0.702205
1.246772 -0.702205 1.246772 -0.702205
1.275433 -0.702205 1.275433 -0.702205
1.304094 -0.702205 1.304094 -0.702205
1.332756 -0.702205 1.332756 -0.702205
1.361417 -0.702205 1.361417 -0.702205
1.390079 -0.702205 1.390079 -0.702205
1.418740 -0.702205 1.418740 -0.702205
1.447402 -0.702205 1.447402 -0.702205
1.476063 -0.702205 1.476063 -0.702205
1.504724 -0.702205 1.504724 -0.702205
1.533386 -0.702205 1.533386 -0.702205
1.562047 -0.702205 1.562047 -0.702205
1.590709 -0.702205 1.590709 -0.702205
1.619370 -0.702205 1.619370 -0.702205
1.648031 -0.702205 1.648031 -0.702205
1.676693 -0.702205 1.676693 -0.702205
1.705354 -0.702205 1.705354 -0.702205
1.734016 -0.702205 1.734016 -0.702205
1.762677 -0.702205 1.762677 -0.702205
1.791339 -0.702205 1.791339 -0.702205
1.820000 -0.702205 1.820000 -0.702205
-1.820000 -0.673543 -1.820000 -0.673543
-1.791339 -0.673543 -1.791339 -0.673543
-1.762677 -0.673543 -1.762677 -0.673543
-1.734016 -0.673543 -1.734016 -0.673543
-1.705354 -0.673543 -1.705354 -0.673543
-1.676693 -0.673543 -1.676693 -0.673543
-1.648031 -0.673543 -1.648031 -0.673543
-1.619370 -0.673543 -1.619370 -0.673543
-1.590709 -0.673543 -1.590709 -0.673543
-1.562047 -0.673543 -1.562047 -0.673543
-1.533386 -0.673543 -1.533386 -0.673543
-1.504724 -0.673543 -1.504724 -0.673543
-1.476063 -0.673543 -1.476063 -0.673543
-1.447402 -0.673543 -1.447402 -0.673543
-1.418740 -0.673543 -1.418740 -0.673543
-1.390079 -0.673543 -1.390079 -0.673543
-1.361417 -0.673543 -1.361417 -0.673543
-1.332756 -0.673543 -1.332756 -0.673543
-1.304094 -0.673543 -1.304094 -0.673543
-1.275433 -0.673543 -1.275433 -0.673543
-1.246772 -0.673543 -1.246772 -0.673543
-1.218110 -0.673543 1.903327 1.287788
-1.189449 -0.673543 -0.320854 -0.127768
-1.160787 -0.673543 -0.294196 -0.129027
-1.132126 -0.673543 -0.629781 -0.357900
-1.103465 -0.673543 -0.697794 -0.418644
-1.074803 -0.673543 -0.668834 -0.418456
-1.046142 -0.673543 -0.639874 -0.418269
-1.017480 -0.673543 -0.725052 -0.489799
-0.988819 -0.673543 -0.692270 -0.487210
-0.960157 -0.673543 -0.741582 -0.536203
-0.931496 -0.673543 -0.714061 -0.536919
-0.902835 -0.673543 -0.766216 -0.587700
-0.874173 -0.673543 -0.736737 -0.587186
-0.845512 -0.673543 -0.707258 -0.586673
-0.816850 -0.673543 -0.816850 -0.673543
-0.788189 -0.673543 -0.788189 -0.673543
-0.759528 -0.673543 -0.759528 -0.673543
-0.730866 -0.673543 -0.730866 -0.673543
-0.702205 -0.673543 -0.702205 -0.673543
-0.673543 -0.673543 -0.673543 -0.673543
-0.644882 -0.673543 -0.644882 -0.673543
-0.616220 -0.673543 -0.731645 -0.788967
-0.587559 -0.673543 -0.702413 -0.788397
-0.558898 -0.673543 -0.673181 -0.787827
-0.530236 -0.673543 -0.615820 -0.809750
-0.501575 -0.673543 -0.638292 -0.891129
-0.472913 -0.673543 -0.610081 -0.891846
-0.444252 -0.673543 -0.581870 -0.892562
-0.415591 -0.673543 -0.078305 -0.136756
-0.386929 -0.673543 -0.053154 -0.142342
-0.358268 -0.673543 -0.027996 -0.147923
-0.329606 -0.673543 -0.002844 -0.153509
-0.300945 -0.673543 -0.099601 -0.098133
-0.272283 -0.673543 -0.072292 -0.101999
-0.243622 -0.673543 -0.044978 -0.105858
-0.214961 -0.673543 -0.017670 -0.109724
-0.186299 -0.673543 0.009639 -0.113589
-0.157638 -0.673543 0.491231 1.180798
-0.128976 -0.673543 0.089625 1.266661
-0.100315 -0.673543 0.117215 1.257155
-0.071654 -0.673543 0.144805 1.247648
-0.042992 -0.673543 0.172396 1.238141
-0.014331 -0.673543 0.199989 1.228603
0.014331 -0.673543 -0.199983 1.228605
0.042992 -0.673543 -0.172392 1.238112
0.071654 -0.673543 -0.144802 1.247619
0.100315 -0.673543 -0.117212 1.257126
0.128976 -0.673543 -0.089621 1.266632
0.157638 -0.673543 -0.491234 1.180808
0.186299 -0.673543 -0.009636 -0.113597
0.214961 -0.673543 0.017673 -0.109732
0.243622 -0.673543 0.044981 -0.105866
0.272283 -0.673543 0.072290 -0.102000
0.300945 -0.673543 0.099599 -0.098134
0.329606 -0.673543 0.002847 -0.153508
0.358268 -0.673543 0.027998 -0.147922
0.386929 -0.673543 0.053150 -0.142336
0.415591 -0.673543 0.078301 -0.136750
0.444252 -0.673543 0.581869 -0.892560
0.472913 -0.673543 0.610081 -0.891844
0.501575 -0.673543 0.638292 -0.891129
0.530236 -0.673543 0.615821 -0.809750
0.558898 -0.673543 0.673181 -0.787827
0.587559 -0.673543 0.702413 -0.788397
0.616220 -0.673543 0.731645 -0.788967
0.644882 -0.673543 0.644882 -0.673543
0.673543 -0.673543 0.673543 -0.673543
0.702205 -0.673543 0.702205 -0.673543
0.730866 -0.673543 0.730866 -0.673543
0.759528 -0.673543 0.759528 -0.673543
0.788189 -0.673543 0.788189 -0.673543
0.816850 -0.673543 0.816850 -0.673543
0.845512 -0.673543 0.707258 -0.586673
0.874173 -0.673543 0.736737 -0.587187
0.902835 -0.673543 0.766216 -0.587700
0.931496 -0.673543 0.714061 -0.536920
0.960157 -0.673543 0.741583 -0.536204
0.988819 -0.673543 0.692270 -0.487210
1.017480 -0.673543 0.725052 -0.489799
1.046142 -0.673543 0.639875 -0.418269
1.074803 -0.673543 0.668835 -0.418457
1.103465 -0.673543 0.697793 -0.418644
1.132126 -0.673543 0.629783 -0.357901
1.160787 -0.673543 0.294196 -0.129029
1.189449 -0.673543 0.320846 -0.127764
1.218110 -0.673543 -1.903369 1.287807
1.246772 -0.673543 1.246772 -0.673543
1.275433 -0.673543 1.275433 -0.673543
1.304094 -0.673543 1.304094 -0.673543
1.332756 -0.673543 1.332756 -0.673543
1.361417 -0.673543 1.361417 -0.673543
1.390079 -0.673543 1.390079 -0.673543
1.418740 -0.673543 1.418740 -0.673543
1.447402 -0.673543 1.447402 -0.673543
1.476063 -0.673543 1.476063 -0.673543
1.504724 -0.673543 1.504724 -0.673543
1.533386 -0.673543 1.533386 -0.673543
1.562047 -0.673543 1.562047 -0.673543
1.590709 -0.673543 1.590709 -0.673543
1.619370 -0.673543 1.619370 -0.673543
1.648031 -0.673543 1.648031 -0.673543
1.676693 -0.673543 1.676693 -0.673543
1.705354 -0.673543 1.705354 -0.673543
1.734016 -0.673543 1.734016 -0.673543
1.762677 -0.673543 1.762677 -0.673543
1.791339 -0.673543 1.791339 -0.673543
1.820000 -0.673543 1.820000 -0.673543
-1.820000 -0.644882 -1.820000 -0.644882
-1.791339 -0.644882 -1.791339 -0.644882
-1.762677 -0.644882 -1.762677 -0.644882
-1.734016 -0.644882 -1.734016 -0.644882
-1.705354 -0.644882 -1.705354 -0.644882
-1.676693 -0.644882 -1.676693 -0.644882
-1.648031 -0.644882 -1.648031 -0.644882
-1.619370 -0.644882 -1.619370 -0.644882
-1.590709 -0.644882 -1.590709 -0.644882
-1.562047 -0.644882 -1.562047 -0.644882
-1.533386 -0.644882 -1.533386 -0.644882
-1.504724 -0.644882 -1.504724 -0.644882
-1.476063 -0.644882 -1.476063 -0.644882
-1.447402 -0.644882 -1.447402 -0.644882
-1.418740 -0.644882 -1.418740 -0.644882
-1.390079 -0.644882 -1.390079 -0.644882
-1.361417 -0.644882 -1.361417 -0.644882
-1.332756 -0.644882 -1.332756 -0.644882
-1.304094 -0.644882 -1.304094 -0.644882
-1.275433 -0.644882 -1.275433 -0.644882
-1.246772 -0.644882 -1.246772 -0.644882
-1.218110 -0.644882 -0.224931 -0.020828
-1.189449 -0.644882 -0.322113 -0.099898
-1.160787 -0.644882 -0.295455 -0.101157
-1.132126 -0.644882 -0.620314 -0.323290
-1.103465 -0.644882 -0.697606 -0.389864
-1.074803 -0.644882 -0.668647 -0.389677
-1.046142 -0.644882 -0.755245 -0.462100
-1.017480 -0.644882 -0.722463 -0.459511
-0.988819 -0.644882 -0.769820 -0.507276
-0.960157 -0.644882 -0.742298 -0.507992
-0.931496 -0.644882 -0.795182 -0.559230
-0.902835 -0.644882 -0.765703 -0.558716
-0.874173 -0.644882 -0.736224 -0.558202
-0.845512 -0.644882 -0.845512 -0.644882
-0.816850 -0.644882 -0.816850 -0.644882
-0.788189 -0.644882 -0.788189 -0.644882
-0.759528 -0.644882 -0.759528 -0.644882
-0.730866 -0.644882 -0.730866 -0.644882
-0.702205 -0.644882 -0.702205 -0.644882
-0.673543 -0.644882 -0.673543 -0.644882
-0.644882 -0.644882 -0.760306 -0.760306
-0.616220 -0.644882 -0.731074 -0.759736
-0.587559 -0.644882 -0.701843 -0.759166
-0.558898 -0.644882 -0.672611 -0.758595
-0.530236 -0.644882 -0.712188 -0.826833
-0.501575 -0.644882 -0.639008 -0.863607
-0.472913 -0.644882 -0.610797 -0.864323
-0.444252 -0.644882 -0.109043 -0.111399
-0.415591 -0.644882 -0.083891 -0.116985
-0.386929 -0.644882 -0.058740 -0.122571
-0.358268 -0.644882 -0.033582 -0.128152
-0.329606 -0.644882 -0.008431 -0.133738
-0.300945 -0.644882 -0.103466 -0.080519
-0.272283 -0.644882 -0.076153 -0.084378
-0.243622 -0.644882 0.406572 1.213247
-0.214961 -0.644882 0.425912 1.186609
-0.186299 -0.644882 0.445253 1.159981
-0.157638 -0.644882 0.464593 1.133343
-0.128976 -0.644882 0.080118 1.210945
-0.100315 -0.644882 0.107708 1.201438
-0.071654 -0.644882 0.135302 1.191902
-0.042992 -0.644882 0.162892 1.182395
-0.014331 -0.644882 0.190482 1.172888
0.014331 -0.644882 -0.190476 1.172890
0.042992 -0.644882 -0.162886 1.182396
0.071654 -0.644882 -0.135305 1.191931
0.100315 -0.644882 -0.107715 1.201438
0.128976 -0.644882 -0.080125 1.210946
0.157638 -0.644882 -0.464595 1.133342
0.186299 -0.644882 -0.445255 1.159980
0.214961 -0.644882 -0.425915 1.186619
0.243622 -0.644882 -0.406575 1.213257
0.272283 -0.644882 0.076156 -0.084386
0.300945 -0.644882 0.103464 -0.080521
0.329606 -0.644882 0.008433 -0.133737
0.358268 -0.644882 0.033584 -0.128151
0.386929 -0.644882 0.058736 -0.122565
0.415591 -0.644882 0.083887 -0.116979
0.444252 -0.644882 0.109039 -0.111393
0.472913 -0.644882 0.610797 -0.864322
0.501575 -0.644882 0.639008 -0.863607
0.530236 -0.644882 0.712188 -0.826833
0.558898 -0.644882 0.672611 -0.758595
0.587559 -0.644882 0.701843 -0.759166
0.616220 -0.644882 0.731074 -0.759736
0.644882 -0.644882 0.760306 -0.760306
0.673543 -0.644882 0.673543 -0.644882
0.702205 -0.644882 0.702205 -0.644882
0.730866 -0.644882 0.730866 -0.644882
0.759528 -0.644882 0.759528 -0.644882
0.788189 -0.644882 0.788189 -0.644882
0.816850 -0.644882 0.816850 -0.644882
0.845512 -0.644882 0.845512 -0.644882
0.874173 -0.644882 0.736223 -0.558202
0.902835 -0.644882 0.765702 -0.558716
0.931496 -0.644882 0.795181 -0.559230
0.960157 -0.644882 0.742299 -0.507992
0.988819 -0.644882 0.769821 -0.507277
1.017480 -0.644882 0.722463 -0.459511
1.046142 -0.644882 0.755245 -0.462100
1.074803 -0.644882 0.668648 -0.389678
1.103465 -0.644882 0.697606 -0.389865
1.132126 -0.644882 0.620316 -0.323291
1.160787 -0.644882 0.295463 -0.101163
1.189449 -0.644882 0.322113 -0.099900
1.218110 -0.644882 0.224932 -0.020827
1.246772 -0.644882 1.246772 -0.644882
1.275433 -0.644882 1.275433 -0.644882
1.304094 -0.644882 1.304094 -0.644882
1.332756 -0.644882 1.332756 -0.644882
1.361417 -0.644882 1.361417 -0.644882
1.390079 -0.644882 1.390079 -0.644882
1.418740 -0.644882 1.418740 -0.644882
1.447402 -0.644882 1.447402 -0.644882
1.476063 -0.644882 1.476063 -0.644882
1.504724 -0.644882 1.504724 -0.644882
1.533386 -0.644882 1.533386 -0.644882
1.562047 -0.644882 1.562047 -0.644882
1.590709 -0.644882 1.590709 -0.644882
1.619370 -0.644882 1.619370 -0.644882
1.648031 -0.644882 1.648031 -0.644882
1.676693 -0.644882 1.676693 -0.644882
1.705354 -0.644882 1.705354 -0.644882
1.734016 -0.644882 1.734016 -0.644882
1.762677 -0.644882 1.762677 -0.644882
1.791339 -0.644882 1.791339 -0.644882
1.820000 -0.644882 1.820000 -0.644882
-1.820000 -0.616220 -1.820000 -0.616220
-1.791339 -0.616220 -1.791339 -0.616220
-1.762677 -0.616220 -1.762677 -0.616220
-1.734016 -0.616220 -1.734016 -0.616220
-1.705354 -0.616220 -1.705354 -0.616220
-1.676693 -0.616220 -1.676693 -0.616220
-1.648031 -0.616220 -1.648031 -0.616220
-1.619370 -0.616220 -1.619370 -0.616220
-1.590709 -0.616220 -1.590709 -0.616220
-1.562047 -0.616220 -1.562047 -0.616220
-1.533386 -0.616220 -1.533386 -0.616220
-1.504724 -0.616220 -1.504724 -0.616220
-1.476063 -0.616220 -1.476063 -0.616220
-1.447402 -0.616220 -1.447402 -0.616220
-1.418740 -0.616220 -1.418740 -0.616220
-1.390079 -0.616220 -1.390079 -0.616220
-1.361417 -0.616220 -1.361417 -0.616220
-1.332756 -0.616220 -1.332756 -0.616220
-1.304094 -0.616220 -1.304094 -0.616220
-1.275433 -0.616220 -1.275433 -0.616220
-1.246772 -0.616220 1.958714 0.918675
-1.218110 -0.616220 -0.350030 -0.070769
-1.189449 -0.616220 -0.323372 -0.072028
-1.160787 -0.616220 -0.654577 -0.298148
-1.132126 -0.616220 -0.726378 -0.361272
-1.103465 -0.616220 -0.697419 -0.361085
-1.074803 -0.616220 -0.668459 -0.360898
-1.046142 -0.616220 -0.752656 -0.431812
-1.017480 -0.616220 -0.798058 -0.478348
-0.988819 -0.616220 -0.770536 -0.479064
-0.960157 -0.616220 -0.824146 -0.530759
-0.931496 -0.616220 -0.794668 -0.530245
-0.902835 -0.616220 -0.765189 -0.529732
-0.874173 -0.616220 -0.735710 -0.529218
-0.845512 -0.616220 -0.845512 -0.616220
-0.816850 -0.616220 -0.816850 -0.616220
-0.788189 -0.616220 -0.788189 -0.616220
-0.759528 -0.616220 -0.759528 -0.616220
-0.730866 -0.616220 -0.730866 -0.616220
-0.702205 -0.616220 -0.702205 -0.616220
-0.673543 -0.616220 -0.788967 -0.731645
-0.644882 -0.616220 -0.759736 -0.731074
-0.616220 -0.616220 -0.730504 -0.730504
-0.587559 -0.616220 -0.701273 -0.729934
-0.558898 -0.616220 -0.740849 -0.798172
-0.530236 -0.616220 -0.712982 -0.798966
-0.501575 -0.616220 -0.053610 -0.168255
-0.472913 -0.616220 -0.139780 -0.086042
-0.444252 -0.616220 -0.114629 -0.091628
-0.415591 -0.616220 -0.089477 -0.097214
-0.386929 -0.616220 -0.064320 -0.102794
-0.358268 -0.616220 -0.039168 -0.108381
-0.329606 -0.616220 -0.014017 -0.113967
-0.300945 -0.616220 0.734871 1.032273
-0.272283 -0.616220 0.360593 1.192420
-0.243622 -0.616220 0.379933 1.165781
-0.214961 -0.616220 0.399274 1.139153
-0.186299 -0.616220 0.418615 1.112515
-0.157638 -0.616220 0.437955 1.085876
-0.128976 -0.616220 0.070611 1.155229
-0.100315 -0.616220 0.098205 1.145693
-0.071654 -0.616220 0.125795 1.136186
-0.042992 -0.616220 -0.001972 -0.252152
-0.014331 -0.616220 0.025948 -0.258727
0.014331 -0.616220 -0.025949 -0.258727
0.042992 -0.616220 0.001971 -0.252148
0.071654 -0.616220 -0.125798 1.136215
0.100315 -0.616220 -0.098208 1.145722
0.128976 -0.616220 -0.070618 1.155229
0.157638 -0.616220 -0.437957 1.085875
0.186299 -0.616220 -0.418617 1.112514
0.214961 -0.616220 -0.399277 1.139152
0.243622 -0.616220 -0.379931 1.165782
0.272283 -0.616220 -0.360591 1.192420
0.300945 -0.616220 -0.734877 1.032267
0.329606 -0.616220 0.014021 -0.113974
0.358268 -0.616220 0.039173 -0.108388
0.386929 -0.616220 0.064324 -0.102802
0.415591 -0.616220 0.089476 -0.097216
0.444252 -0.616220 0.114627 -0.091630
0.472913 -0.616220 0.139778 -0.086044
0.501575 -0.616220 0.053610 -0.168255
0.530236 -0.616220 0.712982 -0.798966
0.558898 -0.616220 0.740849 -0.798172
0.587559 -0.616220 0.701273 -0.729934
0.616220 -0.616220 0.730504 -0.730504
0.644882 -0.616220 0.759736 -0.731074
0.673543 -0.616220 0.788967 -0.731645
0.702205 -0.616220 0.702205 -0.616220
0.730866 -0.616220 0.730866 -0.616220
0.759528 -0.616220 0.759528 -0.616220
0.788189 -0.616220 0.788189 -0.616220
0.816850 -0.616220 0.816850 -0.616220
0.845512 -0.616220 0.845512 -0.616220
0.874173 -0.616220 0.735709 -0.529217
0.902835 -0.616220 0.765188 -0.529731
0.931496 -0.616220 0.794668 -0.530246
0.960157 -0.616220 0.824147 -0.530759
0.988819 -0.616220 0.770537 -0.479065
1.017480 -0.616220 0.798059 -0.478349
1.046142 -0.616220 0.752656 -0.431812
1.074803 -0.616220 0.668460 -0.360899
1.103465 -0.616220 0.697419 -0.361085
1.132126 -0.616220 0.726378 -0.361273
1.160787 -0.616220 0.654577 -0.298148
1.189449 -0.616220 0.323372 -0.072029
1.218110 -0.616220 0.350030 -0.070770
1.246772 -0.616220 -1.958731 0.918690
1.275433 -0.616220 1.275433 -0.616220
1.304094 -0.616220 1.304094 -0.616220
1.332756 -0.616220 1.332756 -0.616220
1.361417 -0.616220 1.361417 -0.616220
1.390079 -0.616220 1.390079 -0.616220
1.418740 -0.616220 1.418740 -0.616220
1.447402 -0.616220 1.447402 -0.616220
1.476063 -0.616220 1.476063 -0.616220
1.504724 -0.616220 1.504724 -0.616220
1.533386 -0.616220 1.533386 -0.616220
1.562047 -0.616220 1.562047 -0.616220
1.590709 -0.616220 1.590709 -0.616220
1.619370 -0.616220 1.619370 -0.616220
1.648031 -0.616220 1.648031 -0.616220
1.676693 -0.616220 1.676693 -0.616220
1.705354 -0.616220 1.705354 -0.616220
1.734016 -0.616220 1.734016 -0.616220
1.762677 -0.616220 1.762677 -0.616220
1.791339 -0.616220 1.791339 -0.616220
1.820000 -0.616220 1.820000 -0.616220
-1.820000 -0.587559 -1.820000 -0.587559
-1.791339 -0.587559 -1.791339 -0.587559
-1.762677 -0.587559 -1.762677 -0.587559
-1.734016 -0.587559 -1.734016 -0.587559
-1.705354 -0.587559 -1.705354 -0.587559
-1.676693 -0.587559 -1.676693 -0.587559
-1.648031 -0.587559 -1.648031 -0.587559
-1.619370 -0.587559 -1.619370 -0.587559
-1.590709 -0.587559 -1.590709 -0.587559
-1.562047 -0.587559 -1.562047 -0.587559
-1.533386 -0.587559 -1.533386 -0.587559
-1.504724 -0.587559 -1.504724 -0.587559
-1.476063 -0.587559 -1.476063 -0.587559
-1.447402 -0.587559 -1.447402 -0.587559
-1.418740 -0.587559 -1.418740 -0.587559
-1.390079 -0.587559 -1.390079 -0.587559
-1.361417 -0.587559 -1.361417 -0.587559
-1.332756 -0.587559 -1.332756 -0.587559
-1.304094 -0.587559 -1.304094 -0.587559
-1.275433 -0.587559 -1.275433 -0.587559
-1.246772 -0.587559 -0.125126 -0.195078
-1.218110 -0.587559 -0.346971 -0.107328
-1.189449 -0.587559 -0.321250 -0.106705
-1.160787 -0.587559 -0.755150 -0.332681
-1.132126 -0.587559 -0.726191 -0.332493
-1.103465 -0.587559 -0.697231 -0.332306
-1.074803 -0.587559 -0.782849 -0.404112
-1.046142 -0.587559 -0.750067 -0.401523
-1.017480 -0.587559 -0.798774 -0.450137
-0.988819 -0.587559 -0.771252 -0.450853
-0.960157 -0.587559 -0.823632 -0.501775
-0.931496 -0.587559 -0.794154 -0.501261
-0.902835 -0.587559 -0.764675 -0.500747
-0.874173 -0.587559 -0.874173 -0.587559
-0.845512 -0.587559 -0.845512 -0.587559
-0.816850 -0.587559 -0.816850 -0.587559
-0.788189 -0.587559 -0.788189 -0.587559
-0.759528 -0.587559 -0.759528 -0.587559
-0.730866 -0.587559 -0.730866 -0.587559
-0.702205 -0.587559 -0.817629 -0.702983
-0.673543 -0.587559 -0.788397 -0.702413
-0.644882 -0.587559 -0.759166 -0.701843
-0.616220 -0.587559 -0.729934 -0.701273
-0.587559 -0.587559 -0.769510 -0.769510
-0.558898 -0.587559 -0.741644 -0.770305
-0.530236 -0.587559 -0.082271 -0.139594
-0.501575 -0.587559 -0.059810 -0.145794
-0.472913 -0.587559 -0.037348 -0.151994
-0.444252 -0.587559 -0.120215 -0.071856
-0.415591 -0.587559 -0.095063 -0.077442
-0.386929 -0.587559 -0.069906 -0.083023
-0.358268 -0.587559 0.687418 1.076627
-0.329606 -0.587559 0.691893 1.038134
-0.300945 -0.587559 0.696378 0.999673
-0.272283 -0.587559 0.333955 1.144953
-0.243622 -0.587559 0.353296 1.118325
-0.214961 -0.587559 0.372636 1.091687
-0.186299 -0.587559 -0.066001 -0.243769
-0.157638 -0.587559 -0.043793 -0.262214
-0.128976 -0.587559 -0.092311 -0.262149
-0.100315 -0.587559 -0.100315 -0.587559
-0.071654 -0.587559 -0.071654 -0.587559
-0.042992 -0.587559 -0.042992 -0.587559
-0.014331 -0.587559 -0.014331 -0.587559
0.014331 -0.587559 0.014331 -0.587559
0.042992 -0.587559 0.042992 -0.587559
0.071654 -0.587559 0.071654 -0.587559
0.100315 -0.587559 0.100315 -0.587559
0.128976 -0.587559 0.092312 -0.262149
0.157638 -0.587559 0.043794 -0.262214
0.186299 -0.587559 0.066004 -0.243778
0.214961 -0.587559 -0.372633 1.091677
0.243622 -0.587559 -0.353292 1.118315
0.272283 -0.587559 -0.333952 1.144954
0.300945 -0.587559 -0.696384 0.999667
0.329606 -0.587559 -0.691910 1.038161
0.358268 -0.587559 -0.687435 1.076654
0.386929 -0.587559 0.069910 -0.083030
0.415591 -0.587559 0.095062 -0.077444
0.444252 -0.587559 0.120213 -0.071858
0.472913 -0.587559 0.037348 -0.151994
0.501575 -0.587559 0.059810 -0.145794
0.530236 -0.587559 0.082271 -0.139594
0.558898 -0.587559 0.741644 -0.770305
0.587559 -0.587559 0.769510 -0.769510
0.616220 -0.587559 0.729934 -0.701273
0.644882 -0.587559 0.759166 -0.701843
0.673543 -0.587559 0.788397 -0.702413
0.702205 -0.587559 0.817629 -0.702983
0.730866 -0.587559 0.730866 -0.587559
0.759528 -0.587559 0.759528 -0.587559
0.788189 -0.587559 0.788189 -0.587559
0.816850 -0.587559 0.816850 -0.587559
0.845512 -0.587559 0.845512 -0.587559
0.874173 -0.587559 0.874173 -0.587559
0.902835 -0.587559 0.764674 -0.500747
0.931496 -0.587559 0.794153 -0.501261
0.960157 -0.587559 0.823632 -0.501774
0.988819 -0.587559 0.771253 -0.450853
1.017480 -0.587559 0.798775 -0.450137
1.046142 -0.587559 0.750067 -0.401523
1.074803 -0.587559 0.782849 -0.404112
1.103465 -0.587559 0.697231 -0.332306
1.132126 -0.587559 0.726191 -0.332494
1.160787 -0.587559 0.755150 -0.332681
1.189449 -0.587559 0.321255 -0.106708
1.218110 -0.587559 0.346971 -0.107328
1.246772 -0.587559 0.125126 -0.195077
1.275433 -0.587559 1.275433 -0.587559
1.304094 -0.587559 1.304094 -0.587559
1.332756 -0.587559 1.332756 -0.587559
1.361417 -0.587559 1.361417 -0.587559
1.390079 -0.587559 1.390079 -0.587559
1.418740 -0.587559 1.418740 -0.587559
1.447402 -0.587559 1.447402 -0.587559
1.476063 -0.587559 1.476063 -0.587559
1.504724 -0.587559 1.504724 -0.587559
1.533386 -0.587559 1.533386 -0.587559
1.562047 -0.587559 1.562047 -0.587559
1.590709 -0.587559 1.590709 -0.587559
1.619370 -0.587559 1.619370 -0.587559
1.648031 -0.587559 1.648031 -0.587559
1.676693 -0.587559 1.676693 -0.587559
1.705354 -0.587559 1.705354 -0.587559
1.734016 -0.587559 1.734016 -0.587559
1.762677 -0.587559 1.762677 -0.587559
1.791339 -0.587559 1.791339 -0.587559
1.820000 -0.587559 1.820000 -0.587559
-1.820000 -0.558898 -1.820000 -0.558898
-1.791339 -0.558898 -1.791339 -0.558898
-1.762677 -0.558898 -1.762677 -0.558898
-1.734016 -0.558898 -1.734016 -0.558898
-1.705354 -0.558898 -1.705354 -0.558898
-1.676693 -0.558898 -1.676693 -0.558898
-1.648031 -0.558898 -1.648031 -0.558898
-1.619370 -0.558898 -1.619370 -0.558898
-1.590709 -0.558898 -1.590709 -0.558898
-1.562047 -0.558898 -1.562047 -0.558898
-1.533386 -0.558898 -1.533386 -0.558898
-1.504724 -0.558898 -1.504724 -0.558898
-1.476063 -0.558898 -1.476063 -0.558898
-1.447402 -0.558898 -1.447402 -0.558898
-1.418740 -0.558898 -1.418740 -0.558898
-1.390079 -0.558898 -1.390079 -0.558898
-1.361417 -0.558898 -1.361417 -0.558898
-1.332756 -0.558898 -1.332756 -0.558898
-1.304094 -0.558898 -1.304094 -0.558898
-1.275433 -0.558898 2.025158 0.809697
-1.246772 -0.558898 -0.278893 -0.220223
-1.218110 -0.558898 -0.301790 -0.179130
-1.189449 -0.558898 -0.622782 -0.360613
-1.160787 -0.558898 -0.721153 -0.376262
-1.132126 -0.558898 -0.715519 -0.328456
-1.103465 -0.558898 -0.697044 -0.303527
-1.074803 -0.558898 -0.780260 -0.373824
-1.046142 -0.558898 -0.827012 -0.421209
-1.017480 -0.558898 -0.799490 -0.421925
-0.988819 -0.558898 -0.852598 -0.473304
-0.960157 -0.558898 -0.823119 -0.472791
-0.931496 -0.558898 -0.793640 -0.472277
-0.902835 -0.558898 -0.902835 -0.558898
-0.874173 -0.558898 -0.874173 -0.558898
-0.845512 -0.558898 -0.845512 -0.558898
-0.816850 -0.558898 -0.816850 -0.558898
-0.788189 -0.558898 -0.788189 -0.558898
-0.759528 -0.558898 -0.759528 -0.558898
-0.730866 -0.558898 -0.869223 -0.645832
-0.702205 -0.558898 -0.839743 -0.645319
-0.673543 -0.558898 -0.787827 -0.673181
-0.644882 -0.558898 -0.758595 -0.672611
-0.616220 -0.558898 -0.798172 -0.740849
-0.587559 -0.558898 -0.770305 -0.741644
-0.558898 -0.558898 -0.110933 -0.110933
-0.530236 -0.558898 -0.088471 -0.117133
-0.501575 -0.558898 -0.066010 -0.123333
-0.472913 -0.558898 -0.043548 -0.129533
-0.444252 -0.558898 -0.125801 -0.052085
-0.415591 -0.558898 -0.100643 -0.057666
-0.386929 -0.558898 0.644451 1.082521
-0.358268 -0.558898 0.648925 1.044027
-0.329606 -0.558898 0.653410 1.005565
-0.300945 -0.558898 0.657885 0.967072
-0.272283 -0.558898 -0.076331 -0.247038
-0.243622 -0.558898 -0.128858 -0.230923
-0.214961 -0.558898 -0.106649 -0.249367
-0.186299 -0.558898 -0.186299 -0.558898
-0.157638 -0.558898 -0.157638 -0.558898
-0.128976 -0.558898 -0.128976 -0.558898
-0.100315 -0.558898 -0.100315 -0.558898
-0.071654 -0.558898 -0.071654 -0.558898
-0.042992 -0.558898 -0.042992 -0.558898
-0.014331 -0.558898 -0.014331 -0.558898
0.014331 -0.558898 0.014331 -0.558898
0.042992 -0.558898 0.042992 -0.558898
0.071654 -0.558898 0.071654 -0.558898
0.100315 -0.558898 0.100315 -0.558898
0.128976 -0.558898 0.128976 -0.558898
0.157638 -0.558898 0.157638 -0.558898
0.186299 -0.558898 0.186299 -0.558898
0.214961 -0.558898 0.106647 -0.249360
0.243622 -0.558898 0.128857 -0.230923
0.272283 -0.558898 0.076330 -0.247039
0.300945 -0.558898 -0.657890 0.967067
0.329606 -0.558898 -0.653416 1.005561
0.358268 -0.558898 -0.648942 1.044054
0.386929 -0.558898 -0.644468 1.082548
0.415591 -0.558898 0.100648 -0.057673
0.444252 -0.558898 0.125799 -0.052087
0.472913 -0.558898 0.043548 -0.129533
0.501575 -0.558898 0.066010 -0.123333
0.530236 -0.558898 0.088471 -0.117133
0.558898 -0.558898 0.110933 -0.110933
0.587559 -0.558898 0.770305 -0.741644
0.616220 -0.558898 0.798172 -0.740849
0.644882 -0.558898 0.758595 -0.672611
0.673543 -0.558898 0.787827 -0.673181
0.702205 -0.558898 0.839743 -0.645318
0.730866 -0.558898 0.869222 -0.645832
0.759528 -0.558898 0.759528 -0.558898
0.788189 -0.558898 0.788189 -0.558898
0.816850 -0.558898 0.816850 -0.558898
0.845512 -0.558898 0.845512 -0.558898
0.874173 -0.558898 0.874173 -0.558898
0.902835 -0.558898 0.902835 -0.558898
0.931496 -0.558898 0.793640 -0.472276
0.960157 -0.558898 0.823119 -0.472790
0.988819 -0.558898 0.852598 -0.473304
1.017480 -0.558898 0.799491 -0.421926
1.046142 -0.558898 0.827012 -0.421210
1.074803 -0.558898 0.780260 -0.373824
1.103465 -0.558898 0.697045 -0.303528
1.132126 -0.558898 0.715519 -0.328456
1.160787 -0.558898 0.721153 -0.376261
1.189449 -0.558898 0.622783 -0.360612
1.218110 -0.558898 0.301790 -0.179129
1.246772 -0.558898 0.278879 -0.220217
1.275433 -0.558898 -2.025151 0.809692
1.304094 -0.558898 1.304094 -0.558898
1.332756 -0.558898 1.332756 -0.558898
1.361417 -0.558898 1.361417 -0.558898
1.390079 -0.558898 1.390079 -0.558898
1.418740 -0.558898 1.418740 -0.558898
1.447402 -0.558898 1.447402 -0.558898
1.476063 -0.558898 1.476063 -0.558898
1.504724 -0.558898 1.504724 -0.558898
1.533386 -0.558898 1.533386 -0.558898
1.562047 -0.558898 1.562047 -0.558898
1.590709 -0.558898 1.590709 -0.558898
1.619370 -0.558898 1.619370 -0.558898
1.648031 -0.558898 1.648031 -0.558898
1.676693 -0.558898 1.676693 -0.558898
1.705354 -0.558898 1.705354 -0.558898
1.734016 -0.558898 1.734016 -0.558898
1.762677 -0.558898 1.762677 -0.558898
1.791339 -0.558898 1.791339 -0.558898
1.820000 -0.558898 1.820000 -0.558898
-1.820000 -0.530236 -1.820000 -0.530236
-1.791339 -0.530236 -1.791339 -0.530236
-1.762677 -0.530236 -1.762677 -0.530236
-1.734016 -0.530236 -1.734016 -0.530236
-1.705354 -0.530236 -1.705354 -0.530236
-1.676693 -0.530236 -1.676693 -0.530236
-1.648031 -0.530236 -1.648031 -0.530236
-1.619370 -0.530236 -1.619370 -0.530236
-1.590709 -0.530236 -1.590709 -0.530236
-1.562047 -0.530236 -1.562047 -0.530236
-1.533386 -0.530236 -1.533386 -0.530236
-1.504724 -0.530236 -1.504724 -0.530236
-1.476063 -0.530236 -1.476063 -0.530236
-1.447402 -0.530236 -1.447402 -0.530236
-1.418740 -0.530236 -1.418740 -0.530236
-1.390079 -0.530236 -1.390079 -0.530236
-1.361417 -0.530236 -1.361417 -0.530236
-1.332756 -0.530236 -1.332756 -0.530236
-1.304094 -0.530236 -1.304094 -0.530236
-1.275433 -0.530236 -0.186187 -0.149092
-1.246772 -0.530236 -0.279749 -0.191862
-1.218110 -0.530236 -0.253572 -0.192731
-1.189449 -0.530236 -0.737299 -0.372023
-1.160787 -0.530236 -0.708266 -0.371893
-1.132126 -0.530236 -0.691914 -0.348422
-1.103465 -0.530236 -0.776874 -0.415958
-1.074803 -0.530236 -0.855250 -0.392282
-1.046142 -0.530236 -0.827728 -0.392998
-1.017480 -0.530236 -0.881563 -0.444834
-0.988819 -0.530236 -0.852084 -0.444320
-0.960157 -0.530236 -0.822605 -0.443806
-0.931496 -0.530236 -0.793127 -0.443293
-0.902835 -0.530236 -0.902835 -0.530236
-0.874173 -0.530236 -0.874173 -0.530236
-0.845512 -0.530236 -0.845512 -0.530236
-0.816850 -0.530236 -0.816850 -0.530236
-0.788189 -0.530236 -0.788189 -0.530236
-0.759528 -0.530236 -0.759528 -0.530236
-0.730866 -0.530236 -0.868709 -0.616848
-0.702205 -0.530236 -0.839229 -0.616334
-0.673543 -0.530236 -0.809750 -0.615821
-0.644882 -0.530236 -0.826833 -0.712188
-0.616220 -0.530236 -0.798966 -0.712982
-0.587559 -0.530236 -0.139594 -0.082271
-0.558898 -0.530236 -0.117133 -0.088471
-0.530236 -0.530236 -0.094671 -0.094671
-0.501575 -0.530236 -0.072210 -0.100871
-0.472913 -0.530236 -0.049748 -0.107071
-0.444252 -0.530236 0.947546 0.861561
-0.415591 -0.530236 0.601483 1.088414
-0.386929 -0.530236 0.605958 1.049921
-0.358268 -0.530236 0.610442 1.011458
-0.329606 -0.530236 0.614917 0.972965
-0.300945 -0.530236 -0.114894 -0.234135
-0.272283 -0.530236 -0.272283 -0.530236
-0.243622 -0.530236 -0.243622 -0.530236
-0.214961 -0.530236 -0.214961 -0.530236
-0.186299 -0.530236 -0.186299 -0.530236
-0.157638 -0.530236 -0.157638 -0.530236
-0.128976 -0.530236 -0.128976 -0.530236
-0.100315 -0.530236 -0.100315 -0.530236
-0.071654 -0.530236 -0.071654 -0.530236
-0.042992 -0.530236 -0.042992 -0.530236
-0.014331 -0.530236 -0.014331 -0.530236
0.014331 -0.530236 0.014331 -0.530236
0.042992 -0.530236 0.042992 -0.530236
0.071654 -0.530236 0.071654 -0.530236
0.100315 -0.530236 0.100315 -0.530236
0.128976 -0.530236 0.128976 -0.530236
0.157638 -0.530236 0.157638 -0.530236
0.186299 -0.530236 0.186299 -0.530236
0.214961 -0.530236 0.214961 -0.530236
0.243622 -0.530236 0.243622 -0.530236
0.272283 -0.530236 0.272283 -0.530236
0.300945 -0.530236 0.114893 -0.234136
0.329606 -0.530236 -0.614900 0.972938
0.358268 -0.530236 -0.610425 1.011431
0.386929 -0.530236 -0.605950 1.049924
0.415591 -0.530236 -0.601476 1.088417
0.444252 -0.530236 -0.947546 0.861561
0.472913 -0.530236 0.049748 -0.107071
0.501575 -0.530236 0.072210 -0.100871
0.530236 -0.530236 0.094671 -0.094671
0.558898 -0.530236 0.117133 -0.088471
0.587559 -0.530236 0.139594 -0.082271
0.616220 -0.530236 0.798966 -0.712982
0.644882 -0.530236 0.826833 -0.712188
0.673543 -0.530236 0.809750 -0.615820
0.702205 -0.530236 0.839229 -0.616334
0.730866 -0.530236 0.868709 -0.616848
0.759528 -0.530236 0.759528 -0.530236
0.788189 -0.530236 0.788189 -0.530236
0.816850 -0.530236 0.816850 -0.530236
0.845512 -0.530236 0.845512 -0.530236
0.874173 -0.530236 0.874173 -0.530236
0.902835 -0.530236 0.902835 -0.530236
0.931496 -0.530236 0.793126 -0.443292
0.960157 -0.530236 0.822605 -0.443806
0.988819 -0.530236 0.852084 -0.444320
1.017480 -0.530236 0.881563 -0.444833
1.046142 -0.530236 0.827728 -0.392998
1.074803 -0.530236 0.855250 -0.392282
1.103465 -0.530236 0.776875 -0.415958
1.132126 -0.530236 0.691914 -0.348422
1.160787 -0.530236 0.708267 -0.371893
1.189449 -0.530236 0.737298 -0.372022
1.218110 -0.530236 0.253579 -0.192732
1.246772 -0.530236 0.279750 -0.191861
1.275433 -0.530236 0.186188 -0.149092
1.304094 -0.530236 1.304094 -0.530236
1.332756 -0.530236 1.332756 -0.530236
1.361417 -0.530236 1.361417 -0.530236
1.390079 -0.530236 1.390079 -0.530236
1.418740 -0.530236 1.418740 -0.530236
1.447402 -0.530236 1.447402 -0.530236
1.476063 -0.530236 1.476063 -0.530236
1.504724 -0.530236 1.504724 -0.530236
1.533386 -0.530236 1.533386 -0.530236
1.562047 -0.530236 1.562047 -0.530236
1.590709 -0.530236 1.590709 -0.530236
1.619370 -0.530236 1.619370 -0.530236
1.648031 -0.530236 1.648031 -0.530236
1.676693 -0.530236 1.676693 -0.530236
1.705354 -0.530236 1.705354 -0.530236
1.734016 -0.530236 1.734016 -0.530236
1.762677 -0.530236 1.762677 -0.530236
1.791339 -0.530236 1.791339 -0.530236
1.820000 -0.530236 1.820000 -0.530236
-1.820000 -0.501575 -1.820000 -0.501575
-1.791339 -0.501575 -1.791339 -0.501575
-1.762677 -0.501575 -1.762677 -0.501575
-1.734016 -0.501575 -1.734016 -0.501575
-1.705354 -0.501575 -1.705354 -0.501575
-1.676693 -0.501575 -1.676693 -0.501575
-1.648031 -0.501575 -1.648031 -0.501575
-1.619370 -0.501575 -1.619370 -0.501575
-1.590709 -0.501575 -1.590709 -0.501575
-1.562047 -0.501575 -1.562047 -0.501575
-1.533386 -0.501575 -1.533386 -0.501575
-1.504724 -0.501575 -1.504724 -0.501575
-1.476063 -0.501575 -1.476063 -0.501575
-1.447402 -0.501575 -1.447402 -0.501575
-1.418740 -0.501575 -1.418740 -0.501575
-1.390079 -0.501575 -1.390079 -0.501575
-1.361417 -0.501575 -1.361417 -0.501575
-1.332756 -0.501575 -1.332756 -0.501575
-1.304094 -0.501575 -1.304094 -0.501575
-1.275433 -0.501575 -0.148418 -0.107214
-1.246772 -0.501575 -0.280620 -0.163505
-1.218110 -0.501575 -0.657064 -0.305257
-1.189449 -0.501575 -0.737170 -0.343316
-1.160787 -0.501575 -0.708137 -0.343187
-1.132126 -0.501575 -0.679104 -0.343057
-1.103465 -0.501575 -0.775083 -0.386670
-1.074803 -0.501575 -0.830686 -0.416155
-1.046142 -0.501575 -0.812639 -0.397930
-1.017480 -0.501575 -0.881049 -0.415850
-0.988819 -0.501575 -0.851570 -0.415336
-0.960157 -0.501575 -0.822092 -0.414822
-0.931496 -0.501575 -0.931496 -0.501575
-0.902835 -0.501575 -0.902835 -0.501575
-0.874173 -0.501575 -0.874173 -0.501575
-0.845512 -0.501575 -0.845512 -0.501575
-0.816850 -0.501575 -0.816850 -0.501575
-0.788189 -0.501575 -0.788189 -0.501575
-0.759528 -0.501575 -0.897674 -0.588378
-0.730866 -0.501575 -0.868195 -0.587864
-0.702205 -0.501575 -0.838715 -0.587350
-0.673543 -0.501575 -0.891129 -0.638292
-0.644882 -0.501575 -0.863607 -0.639008
-0.616220 -0.501575 -0.168255 -0.053610
-0.587559 -0.501575 -0.145794 -0.059810
-0.558898 -0.501575 -0.123333 -0.066010
-0.530236 -0.501575 -0.100871 -0.072210
-0.501575 -0.501575 -0.078410 -0.078410
-0.472913 -0.501575 0.918884 0.890223
-0.444252 -0.501575 0.904822 0.847499
-0.415591 -0.501575 0.890759 0.804775
-0.386929 -0.501575 0.567464 1.017321
-0.358268 -0.501575 -0.165382 -0.194598
-0.329606 -0.501575 -0.153457 -0.221232
-0.300945 -0.501575 -0.300945 -0.501575
-0.272283 -0.501575 -0.272283 -0.501575
-0.243622 -0.501575 -0.243622 -0.501575
-0.214961 -0.501575 -0.214961 -0.501575
-0.186299 -0.501575 -0.186299 -0.501575
-0.157638 -0.501575 -0.157638 -0.501575
-0.128976 -0.501575 -0.128976 -0.501575
-0.100315 -0.501575 -0.100315 -0.501575
-0.071654 -0.501575 -0.071654 -0.501575
-0.042992 -0.501575 -0.042992 -0.501575
-0.014331 -0.501575 -0.014331 -0.501575
0.014331 -0.501575 0.014331 -0.501575
0.042992 -0.501575 0.042992 -0.501575
0.071654 -0.501575 0.071654 -0.501575
0.100315 -0.501575 0.100315 -0.501575
0.128976 -0.501575 0.128976 -0.501575
0.157638 -0.501575 0.157638 -0.501575
0.186299 -0.501575 0.186299 -0.501575
0.214961 -0.501575 0.214961 -0.501575
0.243622 -0.501575 0.243622 -0.501575
0.272283 -0.501575 0.272283 -0.501575
0.300945 -0.501575 0.300945 -0.501575
0.329606 -0.501575 0.153461 -0.221238
0.358268 -0.501575 0.165377 -0.194591
0.386929 -0.501575 -0.567457 1.017324
0.415591 -0.501575 -0.890759 0.804775
0.444252 -0.501575 -0.904822 0.847499
0.472913 -0.501575 -0.918884 0.890223
0.501575 -0.501575 0.078410 -0.078410
0.530236 -0.501575 0.100871 -0.072210
0.558898 -0.501575 0.123333 -0.066010
0.587559 -0.501575 0.145794 -0.059810
0.616220 -0.501575 0.168255 -0.053610
0.644882 -0.501575 0.863607 -0.639008
0.673543 -0.501575 0.891129 -0.638292
0.702205 -0.501575 0.838716 -0.587350
0.730866 -0.501575 0.868195 -0.587864
0.759528 -0.501575 0.897674 -0.588377
0.788189 -0.501575 0.788189 -0.501575
0.816850 -0.501575 0.816850 -0.501575
0.845512 -0.501575 0.845512 -0.501575
0.874173 -0.501575 0.874173 -0.501575
0.902835 -0.501575 0.902835 -0.501575
0.931496 -0.501575 0.931496 -0.501575
0.960157 -0.501575 0.822091 -0.414822
0.988819 -0.501575 0.851570 -0.415336
1.017480 -0.501575 0.881049 -0.415849
1.046142 -0.501575 0.812638 -0.397930
1.074803 -0.501575 0.830686 -0.416155
1.103465 -0.501575 0.775083 -0.386670
1.132126 -0.501575 0.679105 -0.343057
1.160787 -0.501575 0.708137 -0.343186
1.189449 -0.501575 0.737169 -0.343316
1.218110 -0.501575 0.657067 -0.305258
1.246772 -0.501575 0.280622 -0.163504
1.275433 -0.501575 0.148421 -0.107216
1.304094 -0.501575 1.304094 -0.501575
1.332756 -0.501575 1.332756 -0.501575
1.361417 -0.501575 1.361417 -0.501575
1.390079 -0.501575 1.390079 -0.501575
1.418740 -0.501575 1.418740 -0.501575
1.447402 -0.501575 1.447402 -0.501575
1.476063 -0.501575 1.476063 -0.501575
1.504724 -0.501575 1.504724 -0.501575
1.533386 -0.501575 1.533386 -0.501575
1.562047 -0.501575 1.562047 -0.501575
1.590709 -0.501575 1.590709 -0.501575
1.619370 -0.501575 1.619370 -0.501575
1.648031 -0.501575 1.648031 -0.501575
1.676693 -0.501575 1.676693 -0.501575
1.705354 -0.501575 1.705354 -0.501575
1.734016 -0.501575 1.734016 -0.501575
1.762677 -0.501575 1.762677 -0.501575
1.791339 -0.501575 1.791339 -0.501575
1.820000 -0.501575 1.820000 -0.501575
-1.820000 -0.472913 -1.820000 -0.472913
-1.791339 -0.472913 -1.791339 -0.472913
-1.762677 -0.472913 -1.762677 -0.472913
-1.734016 -0.472913 -1.734016 -0.472913
-1.705354 -0.472913 -1.705354 -0.472913
-1.676693 -0.472913 -1.676693 -0.472913
-1.648031 -0.472913 -1.648031 -0.472913
-1.619370 -0.472913 -1.619370 -0.472913
-1.590709 -0.472913 -1.590709 -0.472913
-1.562047 -0.472913 -1.562047 -0.472913
-1.533386 -0.472913 -1.533386 -0.472913
-1.504724 -0.472913 -1.504724 -0.472913
-1.476063 -0.472913 -1.476063 -0.472913
-1.447402 -0.472913 -1.447402 -0.472913
-1.418740 -0.472913 -1.418740 -0.472913
-1.390079 -0.472913 -1.390079 -0.472913
-1.361417 -0.472913 -1.361417 -0.472913
-1.332756 -0.472913 -1.332756 -0.472913
-1.304094 -0.472913 2.080339 0.711351
-1.275433 -0.472913 -0.307678 -0.134282
-1.246772 -0.472913 -0.281485 -0.135146
-1.218110 -0.472913 -0.650512 -0.274303
-1.189449 -0.472913 -0.737040 -0.314610
-1.160787 -0.472913 -0.708006 -0.314480
-1.132126 -0.472913 -0.807073 -0.359173
-1.103465 -0.472913 -0.773291 -0.357382
-1.074803 -0.472913 -0.831180 -0.387667
-1.046142 -0.472913 -0.894628 -0.419897
-1.017480 -0.472913 -0.864951 -0.419541
-0.988819 -0.472913 -0.835273 -0.419186
-0.960157 -0.472913 -0.821578 -0.385838
-0.931496 -0.472913 -0.931496 -0.472913
-0.902835 -0.472913 -0.902835 -0.472913
-0.874173 -0.472913 -0.874173 -0.472913
-0.845512 -0.472913 -0.845512 -0.472913
-0.816850 -0.472913 -0.816850 -0.472913
-0.788189 -0.472913 -0.926640 -0.559907
-0.759528 -0.472913 -0.897161 -0.559393
-0.730866 -0.472913 -0.867682 -0.558880
-0.702205 -0.472913 -0.838202 -0.558366
-0.673543 -0.472913 -0.891844 -0.610081
-0.644882 -0.472913 -0.864322 -0.610797
-0.616220 -0.472913 -0.086044 -0.139778
-0.587559 -0.472913 -0.151994 -0.037348
-0.558898 -0.472913 -0.129533 -0.043548
-0.530236 -0.472913 -0.107071 -0.049748
-0.501575 -0.472913 0.890223 0.918884
-0.472913 -0.472913 0.876160 0.876160
-0.444252 -0.472913 0.862098 0.833436
-0.415591 -0.472913 0.848035 0.790712
-0.386929 -0.472913 -0.141229 -0.227213
-0.358268 -0.472913 -0.358268 -0.472913
-0.329606 -0.472913 -0.329606 -0.472913
-0.300945 -0.472913 -0.300945 -0.472913
-0.272283 -0.472913 -0.272283 -0.472913
-0.243622 -0.472913 -0.243622 -0.472913
-0.214961 -0.472913 -0.214961 -0.472913
-0.186299 -0.472913 -0.186299 -0.472913
-0.157638 -0.472913 -0.157638 -0.472913
-0.128976 -0.472913 -0.128976 -0.472913
-0.100315 -0.472913 -0.100315 -0.472913
-0.071654 -0.472913 -0.071654 -0.472913
-0.042992 -0.472913 -0.042992 -0.472913
-0.014331 -0.472913 -0.014331 -0.472913
0.014331 -0.472913 0.014331 -0.472913
0.042992 -0.472913 0.042992 -0.472913
0.071654 -0.472913 0.071654 -0.472913
0.100315 -0.472913 0.100315 -0.472913
0.128976 -0.472913 0.128976 -0.472913
0.157638 -0.472913 0.157638 -0.472913
0.186299 -0.472913 0.186299 -0.472913
0.214961 -0.472913 0.214961 -0.472913
0.243622 -0.472913 0.243622 -0.472913
0.272283 -0.472913 0.272283 -0.472913
0.300945 -0.472913 0.300945 -0.472913
0.329606 -0.472913 0.329606 -0.472913
0.358268 -0.472913 0.358268 -0.472913
0.386929 -0.472913 0.141229 -0.227213
0.415591 -0.472913 -0.848035 0.790712
0.444252 -0.472913 -0.862098 0.833436
0.472913 -0.472913 -0.876160 0.876160
0.501575 -0.472913 -0.890223 0.918884
0.530236 -0.472913 0.107071 -0.049748
0.558898 -0.472913 0.129533 -0.043548
0.587559 -0.472913 0.151994 -0.037348
0.616220 -0.472913 0.086042 -0.139780
0.644882 -0.472913 0.864323 -0.610797
0.673543 -0.472913 0.891846 -0.610081
0.702205 -0.472913 0.838202 -0.558366
0.730866 -0.472913 0.867681 -0.558879
0.759528 -0.472913 0.897160 -0.559393
0.788189 -0.472913 0.926639 -0.559907
0.816850 -0.472913 0.816850 -0.472913
0.845512 -0.472913 0.845512 -0.472913
0.874173 -0.472913 0.874173 -0.472913
0.902835 -0.472913 0.902835 -0.472913
0.931496 -0.472913 0.931496 -0.472913
0.960157 -0.472913 0.821578 -0.385838
0.988819 -0.472913 0.835273 -0.419186
1.017480 -0.472913 0.864951 -0.419541
1.046142 -0.472913 0.894628 -0.419897
1.074803 -0.472913 0.831181 -0.387667
1.103465 -0.472913 0.773292 -0.357382
1.132126 -0.472913 0.807073 -0.359173
1.160787 -0.472913 0.708007 -0.314479
1.189449 -0.472913 0.737039 -0.314609
1.218110 -0.472913 0.650516 -0.274304
1.246772 -0.472913 0.281493 -0.135148
1.275433 -0.472913 0.307658 -0.134274
1.304094 -0.472913 -2.080372 0.711363
1.332756 -0.472913 1.332756 -0.472913
1.361417 -0.472913 1.361417 -0.472913
1.390079 -0.472913 1.390079 -0.472913
1.418740 -0.472913 1.418740 -0.472913
1.447402 -0.472913 1.447402 -0.472913
1.476063 -0.472913 1.476063 -0.472913
1.504724 -0.472913 1.504724 -0.472913
1.533386 -0.472913 1.533386 -0.472913
1.562047 -0.472913 1.562047 -0.472913
1.590709 -0.472913 1.590709 -0.472913
1.619370 -0.472913 1.619370 -0.472913
1.648031 -0.472913 1.648031 -0.472913
1.676693 -0.472913 1.676693 -0.472913
1.705354 -0.472913 1.705354 -0.472913
1.734016 -0.472913 1.734016 -0.472913
1.762677 -0.472913 1.762677 -0.472913
1.791339 -0.472913 1.791339 -0.472913
1.820000 -0.472913 1.820000 -0.472913
-1.820000 -0.444252 -1.820000 -0.444252
-1.791339 -0.444252 -1.791339 -0.444252
-1.762677 -0.444252 -1.762677 -0.444252
-1.734016 -0.444252 -1.734016 -0.444252
-1.705354 -0.444252 -1.705354 -0.444252
-1.676693 -0.444252 -1.676693 -0.444252
-1.648031 -0.444252 -1.648031 -0.444252
-1.619370 -0.444252 -1.619370 -0.444252
-1.590709 -0.444252 -1.590709 -0.444252
-1.562047 -0.444252 -1.562047 -0.444252
-1.533386 -0.444252 -1.533386 -0.444252
-1.504724 -0.444252 -1.504724 -0.444252
-1.476063 -0.444252 -1.476063 -0.444252
-1.447402 -0.444252 -1.447402 -0.444252
-1.418740 -0.444252 -1.418740 -0.444252
-1.390079 -0.444252 -1.390079 -0.444252
-1.361417 -0.444252 -1.361417 -0.444252
-1.332756 -0.444252 -1.332756 -0.444252
-1.304094 -0.444252 -0.209479 -0.061229
-1.275433 -0.444252 -0.308543 -0.105922
-1.246772 -0.444252 -0.282357 -0.106790
-1.218110 -0.444252 -0.765942 -0.286032
-1.189449 -0.444252 -0.736911 -0.285903
-1.160787 -0.444252 -0.707877 -0.285773
-1.132126 -0.444252 -0.805281 -0.329885
-1.103465 -0.444252 -0.858921 -0.358683
-1.074803 -0.444252 -0.831675 -0.359178
-1.046142 -0.444252 -0.894273 -0.391111
-1.017480 -0.444252 -0.864595 -0.390755
-0.988819 -0.444252 -0.834918 -0.390400
-0.960157 -0.444252 -0.960157 -0.444252
-0.931496 -0.444252 -0.931496 -0.444252
-0.902835 -0.444252 -0.902835 -0.444252
-0.874173 -0.444252 -0.874173 -0.444252
-0.845512 -0.444252 -0.845512 -0.444252
-0.816850 -0.444252 -0.816850 -0.444252
-0.788189 -0.444252 -0.926126 -0.530923
-0.759528 -0.444252 -0.896647 -0.530409
-0.730866 -0.444252 -0.867168 -0.529895
-0.702205 -0.444252 -0.920082 -0.581153
-0.673543 -0.444252 -0.892560 -0.581869
-0.644882 -0.444252 -0.111393 -0.109039
-0.616220 -0.444252 -0.091630 -0.114627
-0.587559 -0.444252 -0.071858 -0.120213
-0.558898 -0.444252 -0.052087 -0.125799
-0.530236 -0.444252 0.861561 0.947546
-0.501575 -0.444252 0.847499 0.904822
-0.472913 -0.444252 0.833436 0.862098
-0.444252 -0.444252 0.819373 0.819373
-0.415591 -0.444252 -0.169890 -0.198552
-0.386929 -0.444252 -0.386929 -0.444252
-0.358268 -0.444252 -0.358268 -0.444252
-0.329606 -0.444252 -0.329606 -0.444252
-0.300945 -0.444252 -0.300945 -0.444252
-0.272283 -0.444252 -0.272283 -0.444252
-0.243622 -0.444252 -0.243622 -0.444252
-0.214961 -0.444252 -0.214961 -0.444252
-0.186299 -0.444252 -0.186299 -0.444252
-0.157638 -0.444252 -0.157638 -0.444252
-0.128976 -0.444252 -0.128976 -0.444252
-0.100315 -0.444252 -0.100315 -0.444252
-0.071654 -0.444252 -0.071654 -0.444252
-0.042992 -0.444252 -0.042992 -0.444252
-0.014331 -0.444252 -0.014331 -0.444252
0.014331 -0.444252 0.014331 -0.444252
0.042992 -0.444252 0.042992 -0.444252
0.071654 -0.444252 0.071654 -0.444252
0.100315 -0.444252 0.100315 -0.444252
0.128976 -0.444252 0.128976 -0.444252
0.157638 -0.444252 0.157638 -0.444252
0.186299 -0.444252 0.186299 -0.444252
0.214961 -0.444252 0.214961 -0.444252
0.243622 -0.444252 0.243622 -0.444252
0.272283 -0.444252 0.272283 -0.444252
0.300945 -0.444252 0.300945 -0.444252
0.329606 -0.444252 0.329606 -0.444252
0.358268 -0.444252 0.358268 -0.444252
0.386929 -0.444252 0.386929 -0.444252
0.415591 -0.444252 0.169890 -0.198552
0.444252 -0.444252 -0.819373 0.819373
0.472913 -0.444252 -0.833436 0.862098
0.501575 -0.444252 -0.847499 0.904822
0.530236 -0.444252 -0.861561 0.947546
0.558898 -0.444252 0.052085 -0.125801
0.587559 -0.444252 0.071856 -0.120215
0.616220 -0.444252 0.091628 -0.114629
0.644882 -0.444252 0.111399 -0.109043
0.673543 -0.444252 0.892562 -0.581870
0.702205 -0.444252 0.920084 -0.581154
0.730866 -0.444252 0.867168 -0.529896
0.759528 -0.444252 0.896646 -0.530409
0.788189 -0.444252 0.926125 -0.530923
0.816850 -0.444252 0.816850 -0.444252
0.845512 -0.444252 0.845512 -0.444252
0.874173 -0.444252 0.874173 -0.444252
0.902835 -0.444252 0.902835 -0.444252
0.931496 -0.444252 0.931496 -0.444252
0.960157 -0.444252 0.960157 -0.444252
0.988819 -0.444252 0.834918 -0.390400
1.017480 -0.444252 0.864595 -0.390756
1.046142 -0.444252 0.894273 -0.391111
1.074803 -0.444252 0.831676 -0.359179
1.103465 -0.444252 0.858922 -0.358683
1.132126 -0.444252 0.805282 -0.329885
1.160787 -0.444252 0.707878 -0.285773
1.189449 -0.444252 0.736910 -0.285902
1.218110 -0.444252 0.765940 -0.286032
1.246772 -0.444252 0.282378 -0.106797
1.275433 -0.444252 0.308529 -0.105918
1.304094 -0.444252 0.209482 -0.061230
1.332756 -0.444252 1.332756 -0.444252
1.361417 -0.444252 1.361417 -0.444252
1.390079 -0.444252 1.390079 -0.444252
1.418740 -0.444252 1.418740 -0.444252
1.447402 -0.444252 1.447402 -0.444252
1.476063 -0.444252 1.476063 -0.444252
1.504724 -0.444252 1.504724 -0.444252
1.533386 -0.444252 1.533386 -0.444252
1.562047 -0.444252 1.562047 -0.444252
1.590709 -0.444252 1.590709 -0.444252
1.619370 -0.444252 1.619370 -0.444252
1.648031 -0.444252 1.648031 -0.444252
1.676693 -0.444252 1.676693 -0.444252
1.705354 -0.444252 1.705354 -0.444252
1.734016 -0.444252 1.734016 -0.444252
1.762677 -0.444252 1.762677 -0.444252
1.791339 -0.444252 1.791339 -0.444252
1.820000 -0.444252 1.820000 -0.444252
-1.820000 -0.415591 -1.820000 -0.415591
-1.791339 -0.415591 -1.791339 -0.415591
-1.762677 -0.415591 -1.762677 -0.415591
-1.734016 -0.415591 -1.734016 -0.415591
-1.705354 -0.415591 -1.705354 -0.415591
-1.676693 -0.415591 -1.676693 -0.415591
-1.648031 -0.415591 -1.648031 -0.415591
-1.619370 -0.415591 -1.619370 -0.415591
-1.590709 -0.415591 -1.590709 -0.415591
-1.562047 -0.415591 -1.562047 -0.415591
-1.533386 -0.415591 -1.533386 -0.415591
-1.504724 -0.415591 -1.504724 -0.415591
-1.476063 -0.415591 -1.476063 -0.415591
-1.447402 -0.415591 -1.447402 -0.415591
-1.418740 -0.415591 -1.418740 -0.415591
-1.390079 -0.415591 -1.390079 -0.415591
-1.361417 -0.415591 -1.361417 -0.415591
-1.332756 -0.415591 -1.332756 -0.415591
-1.304094 -0.415591 -0.171710 -0.019351
-1.275433 -0.415591 -0.309414 -0.077566
-1.246772 -0.415591 -0.684794 -0.218947
-1.218110 -0.415591 -0.765813 -0.257326
-1.189449 -0.415591 -0.736781 -0.257196
-1.160787 -0.415591 -0.707747 -0.257066
-1.132126 -0.415591 -0.803489 -0.300597
-1.103465 -0.415591 -0.859416 -0.330195
-1.074803 -0.415591 -0.832171 -0.330690
-1.046142 -0.415591 -0.893917 -0.362325
-1.017480 -0.415591 -0.864240 -0.361970
-0.988819 -0.415591 -0.834562 -0.361614
-0.960157 -0.415591 -0.960157 -0.415591
-0.931496 -0.415591 -0.931496 -0.415591
-0.902835 -0.415591 -0.902835 -0.415591
-0.874173 -0.415591 -0.874173 -0.415591
-0.845512 -0.415591 -0.845512 -0.415591
-0.816850 -0.415591 -0.955091 -0.502452
-0.788189 -0.415591 -0.925612 -0.501939
-0.759528 -0.415591 -0.896133 -0.501425
-0.730866 -0.415591 -0.948321 -0.552226
-0.702205 -0.415591 -0.920798 -0.552942
-0.673543 -0.415591 -0.136750 -0.078301
-0.644882 -0.415591 -0.116979 -0.083887
-0.616220 -0.415591 -0.097216 -0.089476
-0.587559 -0.415591 -0.077444 -0.095062
-0.558898 -0.415591 -0.057673 -0.100648
-0.530236 -0.415591 1.088417 0.601476
-0.501575 -0.415591 0.804775 0.890759
-0.472913 -0.415591 0.790712 0.848035
-0.444252 -0.415591 -0.198552 -0.169890
-0.415591 -0.415591 -0.415591 -0.415591
-0.386929 -0.415591 -0.386929 -0.415591
-0.358268 -0.415591 -0.358268 -0.415591
-0.329606 -0.415591 -0.329606 -0.415591
-0.300945 -0.415591 -0.300945 -0.415591
-0.272283 -0.415591 -0.272283 -0.415591
-0.243622 -0.415591 -0.243622 -0.415591
-0.214961 -0.415591 -0.214961 -0.415591
-0.186299 -0.415591 -0.186299 -0.415591
-0.157638 -0.415591 -0.157638 -0.415591
-0.128976 -0.415591 -0.128976 -0.415591
-0.100315 -0.415591 -0.100315 -0.415591
-0.071654 -0.415591 -0.071654 -0.415591
-0.042992 -0.415591 -0.042992 -0.415591
-0.014331 -0.415591 -0.014331 -0.415591
0.014331 -0.415591 0.014331 -0.415591
0.042992 -0.415591 0.042992 -0.415591
0.071654 -0.415591 0.071654 -0.415591
0.100315 -0.415591 0.100315 -0.415591
0.128976 -0.415591 0.128976 -0.415591
0.157638 -0.415591 0.157638 -0.415591
0.186299 -0.415591 0.186299 -0.415591
0.214961 -0.415591 0.214961 -0.415591
0.243622 -0.415591 0.243622 -0.415591
0.272283 -0.415591 0.272283 -0.415591
0.300945 -0.415591 0.300945 -0.415591
0.329606 -0.415591 0.329606 -0.415591
0.358268 -0.415591 0.358268 -0.415591
0.386929 -0.415591 0.386929 -0.415591
0.415591 -0.415591 0.415591 -0.415591
0.444252 -0.415591 0.198552 -0.169890
0.472913 -0.415591 -0.790712 0.848035
0.501575 -0.415591 -0.804775 0.890759
0.530236 -0.415591 -1.088414 0.601483
0.558898 -0.415591 0.057666 -0.100643
0.587559 -0.415591 0.077442 -0.095063
0.616220 -0.415591 0.097214 -0.089477
0.644882 -0.415591 0.116985 -0.083891
0.673543 -0.415591 0.136756 -0.078305
0.702205 -0.415591 0.920799 -0.552942
0.730866 -0.415591 0.948321 -0.552226
0.759528 -0.415591 0.896133 -0.501425
0.788189 -0.415591 0.925612 -0.501939
0.816850 -0.415591 0.955091 -0.502452
0.845512 -0.415591 0.845512 -0.415591
0.874173 -0.415591 0.874173 -0.415591
0.902835 -0.415591 0.902835 -0.415591
0.931496 -0.415591 0.931496 -0.415591
0.960157 -0.415591 0.960157 -0.415591
0.988819 -0.415591 0.834562 -0.361614
1.017480 -0.415591 0.864240 -0.361970
1.046142 -0.415591 0.893917 -0.362325
1.074803 -0.415591 0.832172 -0.330691
1.103465 -0.415591 0.859417 -0.330195
1.132126 -0.415591 0.803491 -0.300597
1.160787 -0.415591 0.707750 -0.257067
1.189449 -0.415591 0.736780 -0.257195
1.218110 -0.415591 0.765811 -0.257325
1.246772 -0.415591 0.684797 -0.218948
1.275433 -0.415591 0.309407 -0.077563
1.304094 -0.415591 0.171713 -0.019352
1.332756 -0.415591 1.332756 -0.415591
1.361417 -0.415591 1.361417 -0.415591
1.390079 -0.415591 1.390079 -0.415591
1.418740 -0.415591 1.418740 -0.415591
1.447402 -0.415591 1.447402 -0.415591
1.476063 -0.415591 1.476063 -0.415591
1.504724 -0.415591 1.504724 -0.415591
1.533386 -0.415591 1.533386 -0.415591
1.562047 -0.415591 1.562047 -0.415591
1.590709 -0.415591 1.590709 -0.415591
1.619370 -0.415591 1.619370 -0.415591
1.648031 -0.415591 1.648031 -0.415591
1.676693 -0.415591 1.676693 -0.415591
1.705354 -0.415591 1.705354 -0.415591
1.734016 -0.415591 1.734016 -0.415591
1.762677 -0.415591 1.762677 -0.415591
1.791339 -0.415591 1.791339 -0.415591
1.820000 -0.415591 1.820000 -0.415591
-1.820000 -0.386929 -1.820000 -0.386929
-1.791339 -0.386929 -1.791339 -0.386929
-1.762677 -0.386929 -1.762677 -0.386929
-1.734016 -0.386929 -1.734016 -0.386929
-1.705354 -0.386929 -1.705354 -0.386929
-1.676693 -0.386929 -1.676693 -0.386929
-1.648031 -0.386929 -1.648031 -0.386929
-1.619370 -0.386929 -1.619370 -0.386929
-1.590709 -0.386929 -1.590709 -0.386929
-1.562047 -0.386929 -1.562047 -0.386929
-1.533386 -0.386929 -1.533386 -0.386929
-1.504724 -0.386929 -1.504724 -0.386929
-1.476063 -0.386929 -1.476063 -0.386929
-1.447402 -0.386929 -1.447402 -0.386929
-1.418740 -0.386929 -1.418740 -0.386929
-1.390079 -0.386929 -1.390079 -0.386929
-1.361417 -0.386929 -1.361417 -0.386929
-1.332756 -0.386929 2.003246 0.780392
-1.304094 -0.386929 -0.336457 -0.048338
-1.275433 -0.386929 -0.310285 -0.049209
-1.246772 -0.386929 -0.678243 -0.187993
-1.218110 -0.386929 -0.765683 -0.228618
-1.189449 -0.386929 -0.736651 -0.228489
-1.160787 -0.386929 -0.835480 -0.273100
-1.132126 -0.386929 -0.801698 -0.271308
-1.103465 -0.386929 -0.859912 -0.301707
-1.074803 -0.386929 -0.923239 -0.333895
-1.046142 -0.386929 -0.893562 -0.333539
-1.017480 -0.386929 -0.863884 -0.333184
-0.988819 -0.386929 -0.988819 -0.386929
-0.960157 -0.386929 -0.960157 -0.386929
-0.931496 -0.386929 -0.931496 -0.386929
-0.902835 -0.386929 -0.902835 -0.386929
-0.874173 -0.386929 -0.874173 -0.386929
-0.845512 -0.386929 -0.845512 -0.386929
-0.816850 -0.386929 -0.970430 -0.440669
-0.788189 -0.386929 -0.925098 -0.472954
-0.759528 -0.386929 -0.895619 -0.472441
-0.730866 -0.386929 -0.949037 -0.524014
-0.702205 -0.386929 -0.921515 -0.524731
-0.673543 -0.386929 -0.142336 -0.053150
-0.644882 -0.386929 -0.122565 -0.058736
-0.616220 -0.386929 -0.102802 -0.064324
-0.587559 -0.386929 -0.083030 -0.069910
-0.558898 -0.386929 1.082548 0.644468
-0.530236 -0.386929 1.049924 0.605950
-0.501575 -0.386929 1.017324 0.567457
-0.472913 -0.386929 -0.227213 -0.141229
-0.444252 -0.386929 -0.444252 -0.386929
-0.415591 -0.386929 -0.415591 -0.386929
-0.386929 -0.386929 -0.386929 -0.386929
-0.358268 -0.386929 -0.358268 -0.386929
-0.329606 -0.386929 -0.329606 -0.386929
-0.300945 -0.386929 -0.300945 -0.386929
-0.272283 -0.386929 -0.272283 -0.386929
-0.243622 -0.386929 -0.243622 -0.386929
-0.214961 -0.386929 -0.214961 -0.386929
-0.186299 -0.386929 -0.186299 -0.386929
-0.157638 -0.386929 -0.157638 -0.386929
-0.128976 -0.386929 -0.128976 -0.386929
-0.100315 -0.386929 -0.100315 -0.386929
-0.071654 -0.386929 -0.071654 -0.386929
-0.042992 -0.386929 -0.042992 -0.386929
-0.014331 -0.386929 -0.014331 -0.386929
0.014331 -0.386929 0.014331 -0.386929
0.042992 -0.386929 0.042992 -0.386929
0.071654 -0.386929 0.071654 -0.386929
0.100315 -0.386929 0.100315 -0.386929
0.128976 -0.386929 0.128976 -0.386929
0.157638 -0.386929 0.157638 -0.386929
0.186299 -0.386929 0.186299 -0.386929
0.214961 -0.386929 0.214961 -0.386929
0.243622 -0.386929 0.243622 -0.386929
0.272283 -0.386929 0.272283 -0.386929
0.300945 -0.386929 0.300945 -0.386929
0.329606 -0.386929 0.329606 -0.386929
0.358268 -0.386929 0.358268 -0.386929
0.386929 -0.386929 0.386929 -0.386929
0.415591 -0.386929 0.415591 -0.386929
0.444252 -0.386929 0.444252 -0.386929
0.472913 -0.386929 0.227213 -0.141229
0.501575 -0.386929 -1.017321 0.567464
0.530236 -0.386929 -1.049921 0.605958
0.558898 -0.386929 -1.082521 0.644451
0.587559 -0.386929 0.083023 -0.069906
0.616220 -0.386929 0.102794 -0.064320
0.644882 -0.386929 0.122571 -0.058740
0.673543 -0.386929 0.142342 -0.053154
0.702205 -0.386929 0.921515 -0.524731
0.730866 -0.386929 0.949037 -0.524015
0.759528 -0.386929 0.895619 -0.472441
0.788189 -0.386929 0.925098 -0.472955
0.816850 -0.386929 0.970430 -0.440669
0.845512 -0.386929 0.845512 -0.386929
0.874173 -0.386929 0.874173 -0.386929
0.902835 -0.386929 0.902835 -0.386929
0.931496 -0.386929 0.931496 -0.386929
0.960157 -0.386929 0.960157 -0.386929
0.988819 -0.386929 0.988819 -0.386929
1.017480 -0.386929 0.863884 -0.333184
1.046142 -0.386929 0.893562 -0.333539
1.074803 -0.386929 0.923239 -0.333895
1.103465 -0.386929 0.859913 -0.301707
1.132126 -0.386929 0.801699 -0.271309
1.160787 -0.386929 0.835481 -0.273100
1.189449 -0.386929 0.736652 -0.228490
1.218110 -0.386929 0.765681 -0.228618
1.246772 -0.386929 0.678246 -0.187994
1.275433 -0.386929 0.310292 -0.049213
1.304094 -0.386929 0.336443 -0.048334
1.332756 -0.386929 -2.003254 0.780392
1.361417 -0.386929 1.361417 -0.386929
1.390079 -0.386929 1.390079 -0.386929
1.418740 -0.386929 1.418740 -0.386929
1.447402 -0.386929 1.447402 -0.386929
1.476063 -0.386929 1.476063 -0.386929
1.504724 -0.386929 1.504724 -0.386929
1.533386 -0.386929 1.533386 -0.386929
1.562047 -0.386929 1.562047 -0.386929
1.590709 -0.386929 1.590709 -0.386929
1.619370 -0.386929 1.619370 -0.386929
1.648031 -0.386929 1.648031 -0.386929
1.676693 -0.386929 1.676693 -0.386929
1.705354 -0.386929 1.705354 -0.386929
1.734016 -0.386929 1.734016 -0.386929
1.762677 -0.386929 1.762677 -0.386929
1.791339 -0.386929 1.791339 -0.386929
1.820000 -0.386929 1.820000 -0.386929
-1.820000 -0.358268 -1.820000 -0.358268
-1.791339 -0.358268 -1.791339 -0.358268
-1.762677 -0.358268 -1.762677 -0.358268
-1.734016 -0.358268 -1.734016 -0.358268
-1.705354 -0.358268 -1.705354 -0.358268
-1.676693 -0.358268 -1.676693 -0.358268
-1.648031 -0.358268 -1.648031 -0.358268
-1.619370 -0.358268 -1.619370 -0.358268
-1.590709 -0.358268 -1.590709 -0.358268
-1.562047 -0.358268 -1.562047 -0.358268
-1.533386 -0.358268 -1.533386 -0.358268
-1.504724 -0.358268 -1.504724 -0.358268
-1.476063 -0.358268 -1.476063 -0.358268
-1.447402 -0.358268 -1.447402 -0.358268
-1.418740 -0.358268 -1.418740 -0.358268
-1.390079 -0.358268 -1.390079 -0.358268
-1.361417 -0.358268 -1.361417 -0.358268
-1.332756 -0.358268 -0.232774 0.026634
-1.304094 -0.358268 -0.337328 -0.019981
-1.275433 -0.358268 -0.311156 -0.020853
-1.246772 -0.358268 -0.794585 -0.200041
-1.218110 -0.358268 -0.765553 -0.199912
-1.189449 -0.358268 -0.736521 -0.199782
-1.160787 -0.358268 -0.833688 -0.243812
-1.132126 -0.358268 -0.887653 -0.272723
-1.103465 -0.358268 -0.860407 -0.273219
-1.074803 -0.358268 -0.922883 -0.305109
-1.046142 -0.358268 -0.893206 -0.304753
-1.017480 -0.358268 -0.863529 -0.304398
-0.988819 -0.358268 -0.988819 -0.358268
-0.960157 -0.358268 -0.960157 -0.358268
-0.931496 -0.358268 -0.931496 -0.358268
-0.902835 -0.358268 -0.902835 -0.358268
-0.874173 -0.358268 -0.874173 -0.358268
-0.845512 -0.358268 -0.999751 -0.412239
-0.816850 -0.358268 -0.970074 -0.411883
-0.788189 -0.358268 -0.940397 -0.411527
-0.759528 -0.358268 -1.002182 -0.443176
-0.730866 -0.358268 -0.949753 -0.495803
-0.702205 -0.358268 -0.167693 -0.022412
-0.673543 -0.358268 -0.147922 -0.027998
-0.644882 -0.358268 -0.128151 -0.033584
-0.616220 -0.358268 -0.108388 -0.039173
-0.587559 -0.358268 1.076654 0.687435
-0.558898 -0.358268 1.044054 0.648942
-0.530236 -0.358268 1.011431 0.610425
-0.501575 -0.358268 -0.194591 -0.165377
-0.472913 -0.358268 -0.472913 -0.358268
-0.444252 -0.358268 -0.444252 -0.358268
-0.415591 -0.358268 -0.415591 -0.358268
-0.386929 -0.358268 -0.386929 -0.358268
-0.358268 -0.358268 -0.358268 -0.358268
-0.329606 -0.358268 -0.329606 -0.358268
-0.300945 -0.358268 -0.300945 -0.358268
-0.272283 -0.358268 -0.272283 -0.358268
-0.243622 -0.358268 -0.243622 -0.358268
-0.214961 -0.358268 -0.214961 -0.358268
-0.186299 -0.358268 -0.186299 -0.358268
-0.157638 -0.358268 -0.157638 -0.358268
-0.128976 -0.358268 -0.128976 -0.358268
-0.100315 -0.358268 -0.100315 -0.358268
-0.071654 -0.358268 -0.071654 -0.358268
-0.042992 -0.358268 -0.042992 -0.358268
-0.014331 -0.358268 -0.014331 -0.358268
0.014331 -0.358268 0.014331 -0.358268
0.042992 -0.358268 0.042992 -0.358268
0.071654 -0.358268 0.071654 -0.358268
0.100315 -0.358268 0.100315 -0.358268
0.128976 -0.358268 0.128976 -0.358268
0.157638 -0.358268 0.157638 -0.358268
0.186299 -0.358268 0.186299 -0.358268
0.214961 -0.358268 0.214961 -0.358268
0.243622 -0.358268 0.243622 -0.358268
0.272283 -0.358268 0.272283 -0.358268
0.300945 -0.358268 0.300945 -0.358268
0.329606 -0.358268 0.329606 -0.358268
0.358268 -0.358268 0.358268 -0.358268
0.386929 -0.358268 0.386929 -0.358268
0.415591 -0.358268 0.415591 -0.358268
0.444252 -0.358268 0.444252 -0.358268
0.472913 -0.358268 0.472913 -0.358268
0.501575 -0.358268 0.194598 -0.165382
0.530236 -0.358268 -1.011458 0.610442
0.558898 -0.358268 -1.044027 0.648925
0.587559 -0.358268 -1.076627 0.687418
0.616220 -0.358268 0.108381 -0.039168
0.644882 -0.358268 0.128152 -0.033582
0.673543 -0.358268 0.147923 -0.027996
0.702205 -0.358268 0.167700 -0.022416
0.730866 -0.358268 0.949753 -0.495803
0.759528 -0.358268 1.002181 -0.443176
0.788189 -0.358268 0.940397 -0.411528
0.816850 -0.358268 0.970074 -0.411883
0.845512 -0.358268 0.999752 -0.412239
0.874173 -0.358268 0.874173 -0.358268
0.902835 -0.358268 0.902835 -0.358268
0.931496 -0.358268 0.931496 -0.358268
0.960157 -0.358268 0.960157 -0.358268
0.988819 -0.358268 0.988819 -0.358268
1.017480 -0.358268 0.863528 -0.304398
1.046142 -0.358268 0.893206 -0.304753
1.074803 -0.358268 0.922884 -0.305109
1.103465 -0.358268 0.860408 -0.273219
1.132126 -0.358268 0.887653 -0.272724
1.160787 -0.358268 0.833689 -0.243812
1.189449 -0.358268 0.736522 -0.199783
1.218110 -0.358268 0.765552 -0.199911
1.246772 -0.358268 0.794583 -0.200041
1.275433 -0.358268 0.311163 -0.020856
1.304094 -0.358268 0.337328 -0.019983
1.332756 -0.358268 0.232774 0.026633
1.361417 -0.358268 1.361417 -0.358268
1.390079 -0.358268 1.390079 -0.358268
1.418740 -0.358268 1.418740 -0.358268
1.447402 -0.358268 1.447402 -0.358268
1.476063 -0.358268 1.476063 -0.358268
1.504724 -0.358268 1.504724 -0.358268
1.533386 -0.358268 1.533386 -0.358268
1.562047 -0.358268 1.562047 -0.358268
1.590709 -0.358268 1.590709 -0.358268
1.619370 -0.358268 1.619370 -0.358268
1.648031 -0.358268 1.648031 -0.358268
1.676693 -0.358268 1.676693 -0.358268
1.705354 -0.358268 1.705354 -0.358268
1.734016 -0.358268 1.734016 -0.358268
1.762677 -0.358268 1.762677 -0.358268
1.791339 -0.358268 1.791339 -0.358268
1.820000 -0.358268 1.820000 -0.358268
-1.820000 -0.329606 -1.820000 -0.329606
-1.791339 -0.329606 -1.791339 -0.329606
-1.762677 -0.329606 -1.762677 -0.329606
-1.734016 -0.329606 -1.734016 -0.329606
-1.705354 -0.329606 -1.705354 -0.329606
-1.676693 -0.329606 -1.676693 -0.329606
-1.648031 -0.329606 -1.648031 -0.329606
-1.619370 -0.329606 -1.619370 -0.329606
-1.590709 -0.329606 -1.590709 -0.329606
-1.562047 -0.329606 -1.562047 -0.329606
-1.533386 -0.329606 -1.533386 -0.329606
-1.504724 -0.329606 -1.504724 -0.329606
-1.476063 -0.329606 -1.476063 -0.329606
-1.447402 -0.329606 -1.447402 -0.329606
-1.418740 -0.329606 -1.418740 -0.329606
-1.390079 -0.329606 -1.390079 -0.329606
-1.361417 -0.329606 -1.361417 -0.329606
-1.332756 -0.329606 -0.364371 0.009246
-1.304094 -0.329606 -0.338199 0.008375
-1.275433 -0.329606 -0.712528 -0.132637
-1.246772 -0.329606 -0.794455 -0.171334
-1.218110 -0.329606 -0.765424 -0.171205
-1.189449 -0.329606 -0.736392 -0.171075
-1.160787 -0.329606 -0.831896 -0.214523
-1.132126 -0.329606 -0.888148 -0.244235
-1.103465 -0.329606 -0.860903 -0.244731
-1.074803 -0.329606 -0.922528 -0.276323
-1.046142 -0.329606 -0.892851 -0.275968
-1.017480 -0.329606 -0.863173 -0.275612
-0.988819 -0.329606 -0.988819 -0.329606
-0.960157 -0.329606 -0.960157 -0.329606
-0.931496 -0.329606 -0.931496 -0.329606
-0.902835 -0.329606 -0.902835 -0.329606
-0.874173 -0.329606 -0.874173 -0.329606
-0.845512 -0.329606 -0.999396 -0.383453
-0.816850 -0.329606 -0.969719 -0.383097
-0.788189 -0.329606 -0.940041 -0.382742
-0.759528 -0.329606 -1.002677 -0.414688
-0.730866 -0.329606 -0.975432 -0.415183
-0.702205 -0.329606 -0.111883 -0.123042
-0.673543 -0.329606 -0.153508 -0.002847
-0.644882 -0.329606 -0.133737 -0.008433
-0.616220 -0.329606 -0.113974 -0.014021
-0.587559 -0.329606 1.038161 0.691910
-0.558898 -0.329606 1.005561 0.653416
-0.530236 -0.329606 0.972938 0.614900
-0.501575 -0.329606 -0.221238 -0.153461
-0.472913 -0.329606 -0.472913 -0.329606
-0.444252 -0.329606 -0.444252 -0.329606
-0.415591 -0.329606 -0.415591 -0.329606
-0.386929 -0.329606 -0.386929 -0.329606
-0.358268 -0.329606 -0.358268 -0.329606
-0.329606 -0.329606 -0.329606 -0.329606
-0.300945 -0.329606 -0.300945 -0.329606
-0.272283 -0.329606 -0.272283 -0.329606
-0.243622 -0.329606 -0.243622 -0.329606
-0.214961 -0.329606 -0.214961 -0.329606
-0.186299 -0.329606 -0.186299 -0.329606
-0.157638 -0.329606 -0.157638 -0.329606
-0.128976 -0.329606 -0.128976 -0.329606
-0.100315 -0.329606 -0.100315 -0.329606
-0.071654 -0.329606 -0.071654 -0.329606
-0.042992 -0.329606 -0.042992 -0.329606
-0.014331 -0.329606 -0.014331 -0.329606
0.014331 -0.329606 0.014331 -0.329606
0.042992 -0.329606 0.042992 -0.329606
0.071654 -0.329606 0.071654 -0.329606
0.100315 -0.329606 0.100315 -0.329606
0.128976 -0.329606 0.128976 -0.329606
0.157638 -0.329606 0.157638 -0.329606
0.186299 -0.329606 0.186299 -0.329606
0.214961 -0.329606 0.214961 -0.329606
0.243622 -0.329606 0.243622 -0.329606
0.272283 -0.329606 0.272283 -0.329606
0.300945 -0.329606 0.300945 -0.329606
0.329606 -0.329606 0.329606 -0.329606
0.358268 -0.329606 0.358268 -0.329606
0.386929 -0.329606 0.386929 -0.329606
0.415591 -0.329606 0.415591 -0.329606
0.444252 -0.329606 0.444252 -0.329606
0.472913 -0.329606 0.472913 -0.329606
0.501575 -0.329606 0.221232 -0.153457
0.530236 -0.329606 -0.972965 0.614917
0.558898 -0.329606 -1.005565 0.653410
0.587559 -0.329606 -1.038134 0.691893
0.616220 -0.329606 0.113967 -0.014017
0.644882 -0.329606 0.133738 -0.008431
0.673543 -0.329606 0.153509 -0.002844
0.702205 -0.329606 0.111881 -0.123044
0.730866 -0.329606 0.975431 -0.415183
0.759528 -0.329606 1.002677 -0.414688
0.788189 -0.329606 0.940041 -0.382742
0.816850 -0.329606 0.969719 -0.383097
0.845512 -0.329606 0.999396 -0.383453
0.874173 -0.329606 0.874173 -0.329606
0.902835 -0.329606 0.902835 -0.329606
0.931496 -0.329606 0.931496 -0.329606
0.960157 -0.329606 0.960157 -0.329606
0.988819 -0.329606 0.988819 -0.329606
1.017480 -0.329606 0.863173 -0.275612
1.046142 -0.329606 0.892850 -0.275967
1.074803 -0.329606 0.922528 -0.276323
1.103465 -0.329606 0.860903 -0.244731
1.132126 -0.329606 0.888149 -0.244236
1.160787 -0.329606 0.831897 -0.214524
1.189449 -0.329606 0.736393 -0.171076
1.218110 -0.329606 0.765423 -0.171206
1.246772 -0.329606 0.794454 -0.171334
1.275433 -0.329606 0.712527 -0.132638
1.304094 -0.329606 0.338199 0.008373
1.332756 -0.329606 0.364357 0.009251
1.361417 -0.329606 1.361417 -0.329606
1.390079 -0.329606 1.390079 -0.329606
1.418740 -0.329606 1.418740 -0.329606
1.447402 -0.329606 1.447402 -0.329606
1.476063 -0.329606 1.476063 -0.329606
1.504724 -0.329606 1.504724 -0.329606
1.533386 -0.329606 1.533386 -0.329606
1.562047 -0.329606 1.562047 -0.329606
1.590709 -0.329606 1.590709 -0.329606
1.619370 -0.329606 1.619370 -0.329606
1.648031 -0.329606 1.648031 -0.329606
1.676693 -0.329606 1.676693 -0.329606
1.705354 -0.329606 1.705354 -0.329606
1.734016 -0.329606 1.734016 -0.329606
1.762677 -0.329606 1.762677 -0.329606
1.791339 -0.329606 1.791339 -0.329606
1.820000 -0.329606 1.820000 -0.329606
-1.820000 -0.300945 -1.820000 -0.300945
-1.791339 -0.300945 -1.791339 -0.300945
-1.762677 -0.300945 -1.762677 -0.300945
-1.734016 -0.300945 -1.734016 -0.300945
-1.705354 -0.300945 -1.705354 -0.300945
-1.676693 -0.300945 -1.676693 -0.300945
-1.648031 -0.300945 -1.648031 -0.300945
-1.619370 -0.300945 -1.619370 -0.300945
-1.590709 -0.300945 -1.590709 -0.300945
-1.562047 -0.300945 -1.562047 -0.300945
-1.533386 -0.300945 -1.533386 -0.300945
-1.504724 -0.300945 -1.504724 -0.300945
-1.476063 -0.300945 -1.476063 -0.300945
-1.447402 -0.300945 -1.447402 -0.300945
-1.418740 -0.300945 -1.418740 -0.300945
-1.390079 -0.300945 -1.390079 -0.300945
-1.361417 -0.300945 2.224913 0.528541
-1.332756 -0.300945 -0.352085 -0.132121
-1.304094 -0.300945 -0.349020 -0.025780
-1.275433 -0.300945 -0.705976 -0.101683
-1.246772 -0.300945 -0.789668 -0.169616
-1.218110 -0.300945 -0.765294 -0.142498
-1.189449 -0.300945 -0.863888 -0.187027
-1.160787 -0.300945 -0.830104 -0.185235
-1.132126 -0.300945 -0.888644 -0.215747
-1.103465 -0.300945 -0.951850 -0.247893
-1.074803 -0.300945 -0.922172 -0.247537
-1.046142 -0.300945 -0.892495 -0.247182
-1.017480 -0.300945 -1.017480 -0.300945
-0.988819 -0.300945 -0.988819 -0.300945
-0.960157 -0.300945 -0.960157 -0.300945
-0.931496 -0.300945 -0.931496 -0.300945
-0.902835 -0.300945 -0.902835 -0.300945
-0.874173 -0.300945 -1.028717 -0.355023
-0.845512 -0.300945 -0.999040 -0.354667
-0.816850 -0.300945 -0.969363 -0.354311
-0.788189 -0.300945 -0.939686 -0.353956
-0.759528 -0.300945 -1.003173 -0.386200
-0.730866 -0.300945 -0.133353 -0.091867
-0.702205 -0.300945 -0.115748 -0.095733
-0.673543 -0.300945 -0.098134 -0.099599
-0.644882 -0.300945 -0.080521 -0.103464
-0.616220 -0.300945 1.032267 0.734877
-0.587559 -0.300945 0.999667 0.696384
-0.558898 -0.300945 0.967067 0.657890
-0.530236 -0.300945 -0.234136 -0.114893
-0.501575 -0.300945 -0.501575 -0.300945
-0.472913 -0.300945 -0.472913 -0.300945
-0.444252 -0.300945 -0.444252 -0.300945
-0.415591 -0.300945 -0.415591 -0.300945
-0.386929 -0.300945 -0.386929 -0.300945
-0.358268 -0.300945 -0.358268 -0.300945
-0.329606 -0.300945 -0.329606 -0.300945
-0.300945 -0.300945 -0.300945 -0.300945
-0.272283 -0.300945 -0.272283 -0.300945
-0.243622 -0.300945 -0.243622 -0.300945
-0.214961 -0.300945 -0.214961 -0.300945
-0.186299 -0.300945 -0.186299 -0.300945
-0.157638 -0.300945 -0.157638 -0.300945
-0.128976 -0.300945 -0.128976 -0.300945
-0.100315 -0.300945 -0.100315 -0.300945
-0.071654 -0.300945 -0.071654 -0.300945
-0.042992 -0.300945 -0.042992 -0.300945
-0.014331 -0.300945 -0.014331 -0.300945
0.014331 -0.300945 0.014331 -0.300945
0.042992 -0.300945 0.042992 -0.300945
0.071654 -0.300945 0.071654 -0.300945
0.100315 -0.300945 0.100315 -0.300945
0.128976 -0.300945 0.128976 -0.300945
0.157638 -0.300945 0.157638 -0.300945
0.186299 -0.300945 0.186299 -0.300945
0.214961 -0.300945 0.214961 -0.300945
0.243622 -0.300945 0.243622 -0.300945
0.272283 -0.300945 0.272283 -0.300945
0.300945 -0.300945 0.300945 -0.300945
0.329606 -0.300945 0.329606 -0.300945
0.358268 -0.300945 0.358268 -0.300945
0.386929 -0.300945 0.386929 -0.300945
0.415591 -0.300945 0.415591 -0.300945
0.444252 -0.300945 0.444252 -0.300945
0.472913 -0.300945 0.472913 -0.300945
0.501575 -0.300945 0.501575 -0.300945
0.530236 -0.300945 0.234135 -0.114894
0.558898 -0.300945 -0.967072 0.657885
0.587559 -0.300945 -0.999673 0.696378
0.616220 -0.300945 -1.032273 0.734871
0.644882 -0.300945 0.080519 -0.103466
0.673543 -0.300945 0.098133 -0.099601
0.702205 -0.300945 0.115747 -0.095735
0.730866 -0.300945 0.133361 -0.091869
0.759528 -0.300945 1.003172 -0.386200
0.788189 -0.300945 0.939686 -0.353956
0.816850 -0.300945 0.969363 -0.354312
0.845512 -0.300945 0.999040 -0.354667
0.874173 -0.300945 1.028718 -0.355023
0.902835 -0.300945 0.902835 -0.300945
0.931496 -0.300945 0.931496 -0.300945
0.960157 -0.300945 0.960157 -0.300945
0.988819 -0.300945 0.988819 -0.300945
1.017480 -0.300945 1.017480 -0.300945
1.046142 -0.300945 0.892495 -0.247182
1.074803 -0.300945 0.922172 -0.247537
1.103465 -0.300945 0.951850 -0.247893
1.132126 -0.300945 0.888644 -0.215747
1.160787 -0.300945 0.830105 -0.185235
1.189449 -0.300945 0.863888 -0.187027
1.218110 -0.300945 0.765294 -0.142499
1.246772 -0.300945 0.789668 -0.169617
1.275433 -0.300945 0.705976 -0.101684
1.304094 -0.300945 0.349020 -0.025783
1.332756 -0.300945 0.352084 -0.132122
1.361417 -0.300945 -2.224912 0.528537
1.390079 -0.300945 1.390079 -0.300945
1.418740 -0.300945 1.418740 -0.300945
1.447402 -0.300945 1.447402 -0.300945
1.476063 -0.300945 1.476063 -0.300945
1.504724 -0.300945 1.504724 -0.300945
1.533386 -0.300945 1.533386 -0.300945
1.562047 -0.300945 1.562047 -0.300945
1.590709 -0.300945 1.590709 -0.300945
1.619370 -0.300945 1.619370 -0.300945
1.648031 -0.300945 1.648031 -0.300945
1.676693 -0.300945 1.676693 -0.300945
1.705354 -0.300945 1.705354 -0.300945
1.734016 -0.300945 1.734016 -0.300945
1.762677 -0.300945 1.762677 -0.300945
1.791339 -0.300945 1.791339 -0.300945
1.820000 -0.300945 1.820000 -0.300945
-1.820000 -0.272283 -1.820000 -0.272283
-1.791339 -0.272283 -1.791339 -0.272283
-1.762677 -0.272283 -1.762677 -0.272283
-1.734016 -0.272283 -1.734016 -0.272283
-1.705354 -0.272283 -1.705354 -0.272283
-1.676693 -0.272283 -1.676693 -0.272283
-1.648031 -0.272283 -1.648031 -0.272283
-1.619370 -0.272283 -1.619370 -0.272283
-1.590709 -0.272283 -1.590709 -0.272283
-1.562047 -0.272283 -1.562047 -0.272283
-1.533386 -0.272283 -1.533386 -0.272283
-1.504724 -0.272283 -1.504724 -0.272283
-1.476063 -0.272283 -1.476063 -0.272283
-1.447402 -0.272283 -1.447402 -0.272283
-1.418740 -0.272283 -1.418740 -0.272283
-1.390079 -0.272283 -1.390079 -0.272283
-1.361417 -0.272283 -0.232972 -0.145138
-1.332756 -0.272283 -0.314410 -0.157542
-1.304094 -0.272283 -0.326453 -0.106605
-1.275433 -0.272283 -0.799414 -0.218648
-1.246772 -0.272283 -0.777669 -0.192395
-1.218110 -0.272283 -0.748155 -0.192979
-1.189449 -0.272283 -0.862096 -0.157738
-1.160787 -0.272283 -0.911903 -0.207675
-1.132126 -0.272283 -0.889139 -0.187259
-1.103465 -0.272283 -0.951494 -0.219107
-1.074803 -0.272283 -0.921817 -0.218752
-1.046142 -0.272283 -0.892140 -0.218396
-1.017480 -0.272283 -1.017480 -0.272283
-0.988819 -0.272283 -0.988819 -0.272283
-0.960157 -0.272283 -0.960157 -0.272283
-0.931496 -0.272283 -0.931496 -0.272283
-0.902835 -0.272283 -0.902835 -0.272283
-0.874173 -0.272283 -1.028362 -0.326237
-0.845512 -0.272283 -0.998684 -0.325881
-0.816850 -0.272283 -0.969007 -0.325526
-0.788189 -0.272283 -1.030914 -0.357216
-0.759528 -0.272283 -1.003668 -0.357712
-0.730866 -0.272283 -0.137219 -0.064558
-0.702205 -0.272283 -0.119614 -0.068424
-0.673543 -0.272283 -0.102000 -0.072290
-0.644882 -0.272283 -0.084386 -0.076156
-0.616220 -0.272283 1.192420 0.360591
-0.587559 -0.272283 1.144954 0.333952
-0.558898 -0.272283 -0.247039 -0.076330
-0.530236 -0.272283 -0.530236 -0.272283
-0.501575 -0.272283 -0.501575 -0.272283
-0.472913 -0.272283 -0.472913 -0.272283
-0.444252 -0.272283 -0.444252 -0.272283
-0.415591 -0.272283 -0.415591 -0.272283
-0.386929 -0.272283 -0.386929 -0.272283
-0.358268 -0.272283 -0.358268 -0.272283
-0.329606 -0.272283 -0.329606 -0.272283
-0.300945 -0.272283 -0.300945 -0.272283
-0.272283 -0.272283 -0.272283 -0.272283
-0.243622 -0.272283 -0.243622 -0.272283
-0.214961 -0.272283 -0.214961 -0.272283
-0.186299 -0.272283 -0.186299 -0.272283
-0.157638 -0.272283 -0.157638 -0.272283
-0.128976 -0.272283 -0.128976 -0.272283
-0.100315 -0.272283 -0.100315 -0.272283
-0.071654 -0.272283 -0.071654 -0.272283
-0.042992 -0.272283 -0.042992 -0.272283
-0.014331 -0.272283 -0.014331 -0.272283
0.014331 -0.272283 0.014331 -0.272283
0.042992 -0.272283 0.042992 -0.272283
0.071654 -0.272283 0.071654 -0.272283
0.100315 -0.272283 0.100315 -0.272283
0.128976 -0.272283 0.128976 -0.272283
0.157638 -0.272283 0.157638 -0.272283
0.186299 -0.272283 0.186299 -0.272283
0.214961 -0.272283 0.214961 -0.272283
0.243622 -0.272283 0.243622 -0.272283
0.272283 -0.272283 0.272283 -0.272283
0.300945 -0.272283 0.300945 -0.272283
0.329606 -0.272283 0.329606 -0.272283
0.358268 -0.272283 0.358268 -0.272283
0.386929 -0.272283 0.386929 -0.272283
0.415591 -0.272283 0.415591 -0.272283
0.444252 -0.272283 0.444252 -0.272283
0.472913 -0.272283 0.472913 -0.272283
0.501575 -0.272283 0.501575 -0.272283
0.530236 -0.272283 0.530236 -0.272283
0.558898 -0.272283 0.247038 -0.076331
0.587559 -0.272283 -1.144953 0.333955
0.616220 -0.272283 -1.192420 0.360593
0.644882 -0.272283 0.084378 -0.076153
0.673543 -0.272283 0.101999 -0.072292
0.702205 -0.272283 0.119613 -0.068426
0.730866 -0.272283 0.137227 -0.064561
0.759528 -0.272283 1.003667 -0.357712
0.788189 -0.272283 1.030913 -0.357216
0.816850 -0.272283 0.969007 -0.325525
0.845512 -0.272283 0.998685 -0.325881
0.874173 -0.272283 1.028362 -0.326237
0.902835 -0.272283 0.902835 -0.272283
0.931496 -0.272283 0.931496 -0.272283
0.960157 -0.272283 0.960157 -0.272283
0.988819 -0.272283 0.988819 -0.272283
1.017480 -0.272283 1.017480 -0.272283
1.046142 -0.272283 0.892139 -0.218396
1.074803 -0.272283 0.921817 -0.218751
1.103465 -0.272283 0.951494 -0.219107
1.132126 -0.272283 0.889139 -0.187259
1.160787 -0.272283 0.911903 -0.207675
1.189449 -0.272283 0.862096 -0.157739
1.218110 -0.272283 0.748155 -0.192979
1.246772 -0.272283 0.777669 -0.192395
1.275433 -0.272283 0.799415 -0.218649
1.304094 -0.272283 0.326452 -0.106607
1.332756 -0.272283 0.314408 -0.157544
1.361417 -0.272283 0.232972 -0.145138
1.390079 -0.272283 1.390079 -0.272283
1.418740 -0.272283 1.418740 -0.272283
1.447402 -0.272283 1.447402 -0.272283
1.476063 -0.272283 1.476063 -0.272283
1.504724 -0.272283 1.504724 -0.272283
1.533386 -0.272283 1.533386 -0.272283
1.562047 -0.272283 1.562047 -0.272283
1.590709 -0.272283 1.590709 -0.272283
1.619370 -0.272283 1.619370 -0.272283
1.648031 -0.272283 1.648031 -0.272283
1.676693 -0.272283 1.676693 -0.272283
1.705354 -0.272283 1.705354 -0.272283
1.734016 -0.272283 1.734016 -0.272283
1.762677 -0.272283 1.762677 -0.272283
1.791339 -0.272283 1.791339 -0.272283
1.820000 -0.272283 1.820000 -0.272283
-1.820000 -0.243622 -1.820000 -0.243622
-1.791339 -0.243622 -1.791339 -0.243622
-1.762677 -0.243622 -1.762677 -0.243622
-1.734016 -0.243622 -1.734016 -0.243622
-1.705354 -0.243622 -1.705354 -0.243622
-1.676693 -0.243622 -1.676693 -0.243622
-1.648031 -0.243622 -1.648031 -0.243622
-1.619370 -0.243622 -1.619370 -0.243622
-1.590709 -0.243622 -1.590709 -0.243622
-1.562047 -0.243622 -1.562047 -0.243622
-1.533386 -0.243622 -1.533386 -0.243622
-1.504724 -0.243622 -1.504724 -0.243622
-1.476063 -0.243622 -1.476063 -0.243622
-1.447402 -0.243622 -1.447402 -0.243622
-1.418740 -0.243622 -1.418740 -0.243622
-1.390079 -0.243622 -1.390079 -0.243622
-1.361417 -0.243622 -0.219493 -0.114958
-1.332756 -0.243622 -0.314721 -0.128915
-1.304094 -0.243622 -0.288835 -0.129229
-1.275433 -0.243622 -0.799368 -0.189982
-1.246772 -0.243622 -0.770297 -0.189935
-1.218110 -0.243622 -0.741225 -0.189889
-1.189449 -0.243622 -0.844141 -0.204714
-1.160787 -0.243622 -0.903748 -0.214661
-1.132126 -0.243622 -0.876655 -0.214838
-1.103465 -0.243622 -0.943168 -0.225561
-1.074803 -0.243622 -0.913381 -0.225434
-1.046142 -0.243622 -0.891784 -0.189610
-1.017480 -0.243622 -1.017480 -0.243622
-0.988819 -0.243622 -0.988819 -0.243622
-0.960157 -0.243622 -0.960157 -0.243622
-0.931496 -0.243622 -0.931496 -0.243622
-0.902835 -0.243622 -0.902835 -0.243622
-0.874173 -0.243622 -1.028006 -0.297451
-0.845512 -0.243622 -0.998329 -0.297095
-0.816850 -0.243622 -0.968652 -0.296740
-0.788189 -0.243622 -1.031409 -0.328728
-0.759528 -0.243622 -1.004163 -0.329224
-0.730866 -0.243622 -0.141085 -0.037249
-0.702205 -0.243622 -0.123471 -0.041115
-0.673543 -0.243622 -0.105866 -0.044981
-0.644882 -0.243622 1.213257 0.406575
-0.616220 -0.243622 1.165782 0.379931
-0.587559 -0.243622 1.118315 0.353292
-0.558898 -0.243622 -0.230923 -0.128857
-0.530236 -0.243622 -0.530236 -0.243622
-0.501575 -0.243622 -0.501575 -0.243622
-0.472913 -0.243622 -0.472913 -0.243622
-0.444252 -0.243622 -0.444252 -0.243622
-0.415591 -0.243622 -0.415591 -0.243622
-0.386929 -0.243622 -0.386929 -0.243622
-0.358268 -0.243622 -0.358268 -0.243622
-0.329606 -0.243622 -0.329606 -0.243622
-0.300945 -0.243622 -0.300945 -0.243622
-0.272283 -0.243622 -0.272283 -0.243622
-0.243622 -0.243622 -0.243622 -0.243622
-0.214961 -0.243622 -0.214961 -0.243622
-0.186299 -0.243622 -0.186299 -0.243622
-0.157638 -0.243622 -0.157638 -0.243622
-0.128976 -0.243622 -0.128976 -0.243622
-0.100315 -0.243622 -0.100315 -0.243622
-0.071654 -0.243622 -0.071654 -0.243622
-0.042992 -0.243622 -0.042992 -0.243622
-0.014331 -0.243622 -0.014331 -0.243622
0.014331 -0.243622 0.014331 -0.243622
0.042992 -0.243622 0.042992 -0.243622
0.071654 -0.243622 0.071654 -0.243622
0.100315 -0.243622 0.100315 -0.243622
0.128976 -0.243622 0.128976 -0.243622
0.157638 -0.243622 0.157638 -0.243622
0.186299 -0.243622 0.186299 -0.243622
0.214961 -0.243622 0.214961 -0.243622
0.243622 -0.243622 0.243622 -0.243622
0.272283 -0.243622 0.272283 -0.243622
0.300945 -0.243622 0.300945 -0.243622
0.329606 -0.243622 0.329606 -0.243622
0.358268 -0.243622 0.358268 -0.243622
0.386929 -0.243622 0.386929 -0.243622
0.415591 -0.243622 0.415591 -0.243622
0.444252 -0.243622 0.444252 -0.243622
0.472913 -0.243622 0.472913 -0.243622
0.501575 -0.243622 0.501575 -0.243622
0.530236 -0.243622 0.530236 -0.243622
0.558898 -0.243622 0.230923 -0.128858
0.587559 -0.243622 -1.118325 0.353296
0.616220 -0.243622 -1.165781 0.379933
0.644882 -0.243622 -1.213247 0.406572
0.673543 -0.243622 0.105858 -0.044978
0.702205 -0.243622 0.123478 -0.041117
0.730866 -0.243622 0.141092 -0.037252
0.759528 -0.243622 1.004162 -0.329224
0.788189 -0.243622 1.031408 -0.328728
0.816850 -0.243622 0.968652 -0.296739
0.845512 -0.243622 0.998329 -0.297095
0.874173 -0.243622 1.028007 -0.297451
0.902835 -0.243622 0.902835 -0.243622
0.931496 -0.243622 0.931496 -0.243622
0.960157 -0.243622 0.960157 -0.243622
0.988819 -0.243622 0.988819 -0.243622
1.017480 -0.243622 1.017480 -0.243622
1.046142 -0.243622 0.891784 -0.189610
1.074803 -0.243622 0.913381 -0.225434
1.103465 -0.243622 0.943168 -0.225561
1.132126 -0.243622 0.876655 -0.214837
1.160787 -0.243622 0.903748 -0.214661
1.189449 -0.243622 0.844141 -0.204715
1.218110 -0.243622 0.741225 -0.189890
1.246772 -0.243622 0.770297 -0.189936
1.275433 -0.243622 0.799368 -0.189982
1.304094 -0.243622 0.288817 -0.129229
1.332756 -0.243622 0.314719 -0.128918
1.361417 -0.243622 0.219493 -0.114958
1.390079 -0.243622 1.390079 -0.243622
1.418740 -0.243622 1.418740 -0.243622
1.447402 -0.243622 1.447402 -0.243622
1.476063 -0.243622 1.476063 -0.243622
1.504724 -0.243622 1.504724 -0.243622
1.533386 -0.243622 1.533386 -0.243622
1.562047 -0.243622 1.562047 -0.243622
1.590709 -0.243622 1.590709 -0.243622
1.619370 -0.243622 1.619370 -0.243622
1.648031 -0.243622 1.648031 -0.243622
1.676693 -0.243622 1.676693 -0.243622
1.705354 -0.243622 1.705354 -0.243622
1.734016 -0.243622 1.734016 -0.243622
1.762677 -0.243622 1.762677 -0.243622
1.791339 -0.243622 1.791339 -0.243622
1.820000 -0.243622 1.820000 -0.243622
-1.820000 -0.214961 -1.820000 -0.214961
-1.791339 -0.214961 -1.791339 -0.214961
-1.762677 -0.214961 -1.762677 -0.214961
-1.734016 -0.214961 -1.734016 -0.214961
-1.705354 -0.214961 -1.705354 -0.214961
-1.676693 -0.214961 -1.676693 -0.214961
-1.648031 -0.214961 -1.648031 -0.214961
-1.619370 -0.214961 -1.619370 -0.214961
-1.590709 -0.214961 -1.590709 -0.214961
-1.562047 -0.214961 -1.562047 -0.214961
-1.533386 -0.214961 -1.533386 -0.214961
-1.504724 -0.214961 -1.504724 -0.214961
-1.476063 -0.214961 -1.476063 -0.214961
-1.447402 -0.214961 -1.447402 -0.214961
-1.418740 -0.214961 -1.418740 -0.214961
-1.390079 -0.214961 -1.390079 -0.214961
-1.361417 -0.214961 -0.206013 -0.084778
-1.332756 -0.214961 -0.315017 -0.100289
-1.304094 -0.214961 -0.716748 -0.148782
-1.275433 -0.214961 -0.799322 -0.161315
-1.246772 -0.214961 -0.770251 -0.161269
-1.218110 -0.214961 -0.741181 -0.161223
-1.189449 -0.214961 -0.843501 -0.175981
-1.160787 -0.214961 -0.903926 -0.186019
-1.132126 -0.214961 -0.876833 -0.186197
-1.103465 -0.214961 -0.943041 -0.196886
-1.074803 -0.214961 -0.913254 -0.196759
-1.046142 -0.214961 -0.883466 -0.196632
-1.017480 -0.214961 -1.017480 -0.214961
-0.988819 -0.214961 -0.988819 -0.214961
-0.960157 -0.214961 -0.960157 -0.214961
-0.931496 -0.214961 -0.931496 -0.214961
-0.902835 -0.214961 -1.057328 -0.269021
-0.874173 -0.214961 -1.027651 -0.268665
-0.845512 -0.214961 -0.997973 -0.268310
-0.816850 -0.214961 -1.059149 -0.299745
-0.788189 -0.214961 -1.031904 -0.300240
-0.759528 -0.214961 -0.162564 -0.006075
-0.730866 -0.214961 -0.144951 -0.009940
-0.702205 -0.214961 -0.127337 -0.013806
-0.673543 -0.214961 -0.109732 -0.017673
-0.644882 -0.214961 1.186619 0.425915
-0.616220 -0.214961 1.139152 0.399277
-0.587559 -0.214961 1.091677 0.372633
-0.558898 -0.214961 -0.249360 -0.106647
-0.530236 -0.214961 -0.530236 -0.214961
-0.501575 -0.214961 -0.501575 -0.214961
-0.472913 -0.214961 -0.472913 -0.214961
-0.444252 -0.214961 -0.444252 -0.214961
-0.415591 -0.214961 -0.415591 -0.214961
-0.386929 -0.214961 -0.386929 -0.214961
-0.358268 -0.214961 -0.358268 -0.214961
-0.329606 -0.214961 -0.329606 -0.214961
-0.300945 -0.214961 -0.300945 -0.214961
-0.272283 -0.214961 -0.272283 -0.214961
-0.243622 -0.214961 -0.243622 -0.214961
-0.214961 -0.214961 -0.214961 -0.214961
-0.186299 -0.214961 -0.186299 -0.214961
-0.157638 -0.214961 -0.157638 -0.214961
-0.128976 -0.214961 -0.128976 -0.214961
-0.100315 -0.214961 -0.100315 -0.214961
-0.071654 -0.214961 -0.071654 -0.214961
-0.042992 -0.214961 -0.042992 -0.214961
-0.014331 -0.214961 -0.014331 -0.214961
0.014331 -0.214961 0.014331 -0.214961
0.042992 -0.214961 0.042992 -0.214961
0.071654 -0.214961 0.071654 -0.214961
0.100315 -0.214961 0.100315 -0.214961
0.128976 -0.214961 0.128976 -0.214961
0.157638 -0.214961 0.157638 -0.214961
0.186299 -0.214961 0.186299 -0.214961
0.214961 -0.214961 0.214961 -0.214961
0.243622 -0.214961 0.243622 -0.214961
0.272283 -0.214961 0.272283 -0.214961
0.300945 -0.214961 0.300945 -0.214961
0.329606 -0.214961 0.329606 -0.214961
0.358268 -0.214961 0.358268 -0.214961
0.386929 -0.214961 0.386929 -0.214961
0.415591 -0.214961 0.415591 -0.214961
0.444252 -0.214961 0.444252 -0.214961
0.472913 -0.214961 0.472913 -0.214961
0.501575 -0.214961 0.501575 -0.214961
0.530236 -0.214961 0.530236 -0.214961
0.558898 -0.214961 0.249367 -0.106649
0.587559 -0.214961 -1.091687 0.372636
0.616220 -0.214961 -1.139153 0.399274
0.644882 -0.214961 -1.186609 0.425912
0.673543 -0.214961 0.109724 -0.017670
0.702205 -0.214961 0.127337 -0.013804
0.730866 -0.214961 0.144951 -0.009938
0.759528 -0.214961 0.162572 -0.006077
0.788189 -0.214961 1.031903 -0.300240
0.816850 -0.214961 1.059149 -0.299745
0.845512 -0.214961 0.997974 -0.268309
0.874173 -0.214961 1.027651 -0.268665
0.902835 -0.214961 1.057329 -0.269021
0.931496 -0.214961 0.931496 -0.214961
0.960157 -0.214961 0.960157 -0.214961
0.988819 -0.214961 0.988819 -0.214961
1.017480 -0.214961 1.017480 -0.214961
1.046142 -0.214961 0.883467 -0.196632
1.074803 -0.214961 0.913254 -0.196758
1.103465 -0.214961 0.943041 -0.196885
1.132126 -0.214961 0.876832 -0.186196
1.160787 -0.214961 0.903924 -0.186019
1.189449 -0.214961 0.843501 -0.175981
1.218110 -0.214961 0.741179 -0.161223
1.246772 -0.214961 0.770250 -0.161269
1.275433 -0.214961 0.799322 -0.161316
1.304094 -0.214961 0.716748 -0.148783
1.332756 -0.214961 0.315030 -0.100291
1.361417 -0.214961 0.206013 -0.084777
1.390079 -0.214961 1.390079 -0.214961
1.418740 -0.214961 1.418740 -0.214961
1.447402 -0.214961 1.447402 -0.214961
1.476063 -0.214961 1.476063 -0.214961
1.504724 -0.214961 1.504724 -0.214961
1.533386 -0.214961 1.533386 -0.214961
1.562047 -0.214961 1.562047 -0.214961
1.590709 -0.214961 1.590709 -0.214961
1.619370 -0.214961 1.619370 -0.214961
1.648031 -0.214961 1.648031 -0.214961
1.676693 -0.214961 1.676693 -0.214961
1.705354 -0.214961 1.705354 -0.214961
1.734016 -0.214961 1.734016 -0.214961
1.762677 -0.214961 1.762677 -0.214961
1.791339 -0.214961 1.791339 -0.214961
1.820000 -0.214961 1.820000 -0.214961
-1.820000 -0.186299 -1.820000 -0.186299
-1.791339 -0.186299 -1.791339 -0.186299
-1.762677 -0.186299 -1.762677 -0.186299
-1.734016 -0.186299 -1.734016 -0.186299
-1.705354 -0.186299 -1.705354 -0.186299
-1.676693 -0.186299 -1.676693 -0.186299
-1.648031 -0.186299 -1.648031 -0.186299
-1.619370 -0.186299 -1.619370 -0.186299
-1.590709 -0.186299 -1.590709 -0.186299
-1.562047 -0.186299 -1.562047 -0.186299
-1.533386 -0.186299 -1.533386 -0.186299
-1.504724 -0.186299 -1.504724 -0.186299
-1.476063 -0.186299 -1.476063 -0.186299
-1.447402 -0.186299 -1.447402 -0.186299
-1.418740 -0.186299 -1.418740 -0.186299
-1.390079 -0.186299 -1.390079 -0.186299
-1.361417 -0.186299 -0.192533 -0.054598
-1.332756 -0.186299 -0.315328 -0.071662
-1.304094 -0.186299 -0.714410 -0.119857
-1.275433 -0.186299 -0.799276 -0.132648
-1.246772 -0.186299 -0.770204 -0.132602
-1.218110 -0.186299 -0.741134 -0.132557
-1.189449 -0.186299 -0.842862 -0.147248
-1.160787 -0.186299 -0.904104 -0.157378
-1.132126 -0.186299 -0.877010 -0.157555
-1.103465 -0.186299 -0.942914 -0.168210
-1.074803 -0.186299 -0.913127 -0.168083
-1.046142 -0.186299 -1.046142 -0.186299
-1.017480 -0.186299 -1.017480 -0.186299
-0.988819 -0.186299 -0.988819 -0.186299
-0.960157 -0.186299 -0.960157 -0.186299
-0.931496 -0.186299 -0.931496 -0.186299
-0.902835 -0.186299 -1.065281 -0.204603
-0.874173 -0.186299 -1.035493 -0.204476
-0.845512 -0.186299 -1.005706 -0.204349
-0.816850 -0.186299 -1.072460 -0.215100
-0.788189 -0.186299 -1.032399 -0.271752
-0.759528 -0.186299 -0.166430 0.021234
-0.730866 -0.186299 -0.148817 0.017368
-0.702205 -0.186299 -0.131203 0.013502
-0.673543 -0.186299 -0.113597 0.009636
-0.644882 -0.186299 1.159980 0.445255
-0.616220 -0.186299 1.112514 0.418617
-0.587559 -0.186299 -0.243778 -0.066004
-0.558898 -0.186299 -0.558898 -0.186299
-0.530236 -0.186299 -0.530236 -0.186299
-0.501575 -0.186299 -0.501575 -0.186299
-0.472913 -0.186299 -0.472913 -0.186299
-0.444252 -0.186299 -0.444252 -0.186299
-0.415591 -0.186299 -0.415591 -0.186299
-0.386929 -0.186299 -0.386929 -0.186299
-0.358268 -0.186299 -0.358268 -0.186299
-0.329606 -0.186299 -0.329606 -0.186299
-0.300945 -0.186299 -0.300945 -0.186299
-0.272283 -0.186299 -0.272283 -0.186299
-0.243622 -0.186299 -0.243622 -0.186299
-0.214961 -0.186299 -0.214961 -0.186299
-0.186299 -0.186299 -0.186299 -0.186299
-0.157638 -0.186299 -0.157638 -0.186299
-0.128976 -0.186299 -0.128976 -0.186299
-0.100315 -0.186299 -0.100315 -0.186299
-0.071654 -0.186299 -0.071654 -0.186299
-0.042992 -0.186299 -0.042992 -0.186299
-0.014331 -0.186299 -0.014331 -0.186299
0.014331 -0.186299 0.014331 -0.186299
0.042992 -0.186299 0.042992 -0.186299
0.071654 -0.186299 0.071654 -0.186299
0.100315 -0.186299 0.100315 -0.186299
0.128976 -0.186299 0.128976 -0.186299
0.157638 -0.186299 0.157638 -0.186299
0.186299 -0.186299 0.186299 -0.186299
0.214961 -0.186299 0.214961 -0.186299
0.243622 -0.186299 0.243622 -0.186299
0.272283 -0.186299 0.272283 -0.186299
0.300945 -0.186299 0.300945 -0.186299
0.329606 -0.186299 0.329606 -0.186299
0.358268 -0.186299 0.358268 -0.186299
0.386929 -0.186299 0.386929 -0.186299
0.415591 -0.186299 0.415591 -0.186299
0.444252 -0.186299 0.444252 -0.186299
0.472913 -0.186299 0.472913 -0.186299
0.501575 -0.186299 0.501575 -0.186299
0.530236 -0.186299 0.530236 -0.186299
0.558898 -0.186299 0.558898 -0.186299
0.587559 -0.186299 0.243769 -0.066001
0.616220 -0.186299 -1.112515 0.418615
0.644882 -0.186299 -1.159981 0.445253
0.673543 -0.186299 0.113589 0.009639
0.702205 -0.186299 0.131203 0.013505
0.730866 -0.186299 0.148817 0.017371
0.759528 -0.186299 0.166430 0.021236
0.788189 -0.186299 1.032399 -0.271752
0.816850 -0.186299 1.072460 -0.215100
0.845512 -0.186299 1.005706 -0.204349
0.874173 -0.186299 1.035493 -0.204476
0.902835 -0.186299 1.065281 -0.204603
0.931496 -0.186299 0.931496 -0.186299
0.960157 -0.186299 0.960157 -0.186299
0.988819 -0.186299 0.988819 -0.186299
1.017480 -0.186299 1.017480 -0.186299
1.046142 -0.186299 1.046142 -0.186299
1.074803 -0.186299 0.913128 -0.168083
1.103465 -0.186299 0.942914 -0.168209
1.132126 -0.186299 0.877009 -0.157554
1.160787 -0.186299 0.904101 -0.157378
1.189449 -0.186299 0.842861 -0.147248
1.218110 -0.186299 0.741133 -0.132556
1.246772 -0.186299 0.770204 -0.132603
1.275433 -0.186299 0.799276 -0.132649
1.304094 -0.186299 0.714407 -0.119857
1.332756 -0.186299 0.315341 -0.071665
1.361417 -0.186299 0.192538 -0.054598
1.390079 -0.186299 1.390079 -0.186299
1.418740 -0.186299 1.418740 -0.186299
1.447402 -0.186299 1.447402 -0.186299
1.476063 -0.186299 1.476063 -0.186299
1.504724 -0.186299 1.504724 -0.186299
1.533386 -0.186299 1.533386 -0.186299
1.562047 -0.186299 1.562047 -0.186299
1.590709 -0.186299 1.590709 -0.186299
1.619370 -0.186299 1.619370 -0.186299
1.648031 -0.186299 1.648031 -0.186299
1.676693 -0.186299 1.676693 -0.186299
1.705354 -0.186299 1.705354 -0.186299
1.734016 -0.186299 1.734016 -0.186299
1.762677 -0.186299 1.762677 -0.186299
1.791339 -0.186299 1.791339 -0.186299
1.820000 -0.186299 1.820000 -0.186299
-1.820000 -0.157638 -1.820000 -0.157638
-1.791339 -0.157638 -1.791339 -0.157638
-1.762677 -0.157638 -1.762677 -0.157638
-1.734016 -0.157638 -1.734016 -0.157638
-1.705354 -0.157638 -1.705354 -0.157638
-1.676693 -0.157638 -1.676693 -0.157638
-1.648031 -0.157638 -1.648031 -0.157638
-1.619370 -0.157638 -1.619370 -0.157638
-1.590709 -0.157638 -1.590709 -0.157638
-1.562047 -0.157638 -1.562047 -0.157638
-1.533386 -0.157638 -1.533386 -0.157638
-1.504724 -0.157638 -1.504724 -0.157638
-1.476063 -0.157638 -1.476063 -0.157638
-1.447402 -0.157638 -1.447402 -0.157638
-1.418740 -0.157638 -1.418740 -0.157638
-1.390079 -0.157638 -1.390079 -0.157638
-1.361417 -0.157638 -0.179053 -0.024418
-1.332756 -0.157638 -0.315656 -0.043039
-1.304094 -0.157638 -0.712072 -0.090932
-1.275433 -0.157638 -0.799229 -0.103982
-1.246772 -0.157638 -0.770159 -0.103936
-1.218110 -0.157638 -0.876559 -0.119154
-1.189449 -0.157638 -0.842222 -0.118514
-1.160787 -0.157638 -0.904280 -0.128736
-1.132126 -0.157638 -0.972576 -0.139661
-1.103465 -0.157638 -0.942787 -0.139534
-1.074803 -0.157638 -0.913000 -0.139407
-1.046142 -0.157638 -1.046142 -0.157638
-1.017480 -0.157638 -1.017480 -0.157638
-0.988819 -0.157638 -0.988819 -0.157638
-0.960157 -0.157638 -0.960157 -0.157638
-0.931496 -0.157638 -0.931496 -0.157638
-0.902835 -0.157638 -1.065154 -0.175927
-0.874173 -0.157638 -1.035366 -0.175800
-0.845512 -0.157638 -1.005579 -0.175673
-0.816850 -0.157638 -1.072637 -0.186458
-0.788189 -0.157638 -1.045545 -0.186635
-0.759528 -0.157638 -0.137713 -0.087579
-0.730866 -0.157638 -0.121297 -0.088958
-0.702205 -0.157638 -0.104881 -0.090338
-0.673543 -0.157638 1.180808 0.491234
-0.644882 -0.157638 1.133342 0.464595
-0.616220 -0.157638 1.085875 0.437957
-0.587559 -0.157638 -0.262214 -0.043794
-0.558898 -0.157638 -0.558898 -0.157638
-0.530236 -0.157638 -0.530236 -0.157638
-0.501575 -0.157638 -0.501575 -0.157638
-0.472913 -0.157638 -0.472913 -0.157638
-0.444252 -0.157638 -0.444252 -0.157638
-0.415591 -0.157638 -0.415591 -0.157638
-0.386929 -0.157638 -0.386929 -0.157638
-0.358268 -0.157638 -0.358268 -0.157638
-0.329606 -0.157638 -0.329606 -0.157638
-0.300945 -0.157638 -0.300945 -0.157638
-0.272283 -0.157638 -0.272283 -0.157638
-0.243622 -0.157638 -0.243622 -0.157638
-0.214961 -0.157638 -0.214961 -0.157638
-0.186299 -0.157638 -0.186299 -0.157638
-0.157638 -0.157638 -0.157638 -0.157638
-0.128976 -0.157638 -0.128976 -0.157638
-0.100315 -0.157638 -0.100315 -0.157638
-0.071654 -0.157638 -0.071654 -0.157638
-0.042992 -0.157638 -0.042992 -0.157638
-0.014331 -0.157638 -0.014331 -0.157638
0.014331 -0.157638 0.014331 -0.157638
0.042992 -0.157638 0.042992 -0.157638
0.071654 -0.157638 0.071654 -0.157638
0.100315 -0.157638 0.100315 -0.157638
0.128976 -0.157638 0.128976 -0.157638
0.157638 -0.157638 0.157638 -0.157638
0.186299 -0.157638 0.186299 -0.157638
0.214961 -0.157638 0.214961 -0.157638
0.243622 -0.157638 0.243622 -0.157638
0.272283 -0.157638 0.272283 -0.157638
0.300945 -0.157638 0.300945 -0.157638
0.329606 -0.157638 0.329606 -0.157638
0.358268 -0.157638 0.358268 -0.157638
0.386929 -0.157638 0.386929 -0.157638
0.415591 -0.157638 0.415591 -0.157638
0.444252 -0.157638 0.444252 -0.157638
0.472913 -0.157638 0.472913 -0.157638
0.501575 -0.157638 0.501575 -0.157638
0.530236 -0.157638 0.530236 -0.157638
0.558898 -0.157638 0.558898 -0.157638
0.587559 -0.157638 0.262214 -0.043793
0.616220 -0.157638 -1.085876 0.437955
0.644882 -0.157638 -1.133343 0.464593
0.673543 -0.157638 -1.180798 0.491231
0.702205 -0.157638 0.104882 -0.090335
0.730866 -0.157638 0.121298 -0.088955
0.759528 -0.157638 0.137715 -0.087575
0.788189 -0.157638 1.045545 -0.186635
0.816850 -0.157638 1.072637 -0.186458
0.845512 -0.157638 1.005579 -0.175673
0.874173 -0.157638 1.035366 -0.175800
0.902835 -0.157638 1.065154 -0.175927
0.931496 -0.157638 0.931496 -0.157638
0.960157 -0.157638 0.960157 -0.157638
0.988819 -0.157638 0.988819 -0.157638
1.017480 -0.157638 1.017480 -0.157638
1.046142 -0.157638 1.046142 -0.157638
1.074803 -0.157638 0.913001 -0.139407
1.103465 -0.157638 0.942788 -0.139534
1.132126 -0.157638 0.972575 -0.139660
1.160787 -0.157638 0.904278 -0.128736
1.189449 -0.157638 0.842222 -0.118514
1.218110 -0.157638 0.876559 -0.119154
1.246772 -0.157638 0.770158 -0.103936
1.275433 -0.157638 0.799232 -0.103982
1.304094 -0.157638 0.712069 -0.090932
1.332756 -0.157638 0.315652 -0.043038
1.361417 -0.157638 0.179058 -0.024418
1.390079 -0.157638 1.390079 -0.157638
1.418740 -0.157638 1.418740 -0.157638
1.447402 -0.157638 1.447402 -0.157638
1.476063 -0.157638 1.476063 -0.157638
1.504724 -0.157638 1.504724 -0.157638
1.533386 -0.157638 1.533386 -0.157638
1.562047 -0.157638 1.562047 -0.157638
1.590709 -0.157638 1.590709 -0.157638
1.619370 -0.157638 1.619370 -0.157638
1.648031 -0.157638 1.648031 -0.157638
1.676693 -0.157638 1.676693 -0.157638
1.705354 -0.157638 1.705354 -0.157638
1.734016 -0.157638 1.734016 -0.157638
1.762677 -0.157638 1.762677 -0.157638
1.791339 -0.157638 1.791339 -0.157638
1.820000 -0.157638 1.820000 -0.157638
-1.820000 -0.128976 -1.820000 -0.128976
-1.791339 -0.128976 -1.791339 -0.128976
-1.762677 -0.128976 -1.762677 -0.128976
-1.734016 -0.128976 -1.734016 -0.128976
-1.705354 -0.128976 -1.705354 -0.128976
-1.676693 -0.128976 -1.676693 -0.128976
-1.648031 -0.128976 -1.648031 -0.128976
-1.619370 -0.128976 -1.619370 -0.128976
-1.590709 -0.128976 -1.590709 -0.128976
-1.562047 -0.128976 -1.562047 -0.128976
-1.533386 -0.128976 -1.533386 -0.128976
-1.504724 -0.128976 -1.504724 -0.128976
-1.476063 -0.128976 -1.476063 -0.128976
-1.447402 -0.128976 -1.447402 -0.128976
-1.418740 -0.128976 -1.418740 -0.128976
-1.390079 -0.128976 -1.390079 -0.128976
-1.361417 -0.128976 -0.165574 0.005763
-1.332756 -0.128976 -0.315967 -0.014413
-1.304094 -0.128976 -0.709734 -0.062007
-1.275433 -0.128976 -0.799185 -0.075316
-1.246772 -0.128976 -0.770113 -0.075270
-1.218110 -0.128976 -0.875920 -0.090420
-1.189449 -0.128976 -0.841583 -0.089781
-1.160787 -0.128976 -0.904457 -0.100095
-1.132126 -0.128976 -0.972449 -0.110985
-1.103465 -0.128976 -0.942661 -0.110858
-1.074803 -0.128976 -0.912873 -0.110732
-1.046142 -0.128976 -1.046142 -0.128976
-1.017480 -0.128976 -1.017480 -0.128976
-0.988819 -0.128976 -0.988819 -0.128976
-0.960157 -0.128976 -0.960157 -0.128976
-0.931496 -0.128976 -0.931496 -0.128976
-0.902835 -0.128976 -1.065027 -0.147251
-0.874173 -0.128976 -1.035239 -0.147124
-0.845512 -0.128976 -1.005452 -0.146998
-0.816850 -0.128976 -1.072814 -0.157817
-0.788189 -0.128976 -1.045722 -0.157994
-0.759528 -0.128976 -0.139106 -0.059071
-0.730866 -0.128976 -0.122677 -0.060452
-0.702205 -0.128976 -0.106260 -0.061832
-0.673543 -0.128976 1.266632 0.089621
-0.644882 -0.128976 1.210946 0.080125
-0.616220 -0.128976 1.155229 0.070618
-0.587559 -0.128976 -0.262149 -0.092312
-0.558898 -0.128976 -0.558898 -0.128976
-0.530236 -0.128976 -0.530236 -0.128976
-0.501575 -0.128976 -0.501575 -0.128976
-0.472913 -0.128976 -0.472913 -0.128976
-0.444252 -0.128976 -0.444252 -0.128976
-0.415591 -0.128976 -0.415591 -0.128976
-0.386929 -0.128976 -0.386929 -0.128976
-0.358268 -0.128976 -0.358268 -0.128976
-0.329606 -0.128976 -0.329606 -0.128976
-0.300945 -0.128976 -0.300945 -0.128976
-0.272283 -0.128976 -0.272283 -0.128976
-0.243622 -0.128976 -0.243622 -0.128976
-0.214961 -0.128976 -0.214961 -0.128976
-0.186299 -0.128976 -0.186299 -0.128976
-0.157638 -0.128976 -0.157638 -0.128976
-0.128976 -0.128976 -0.128976 -0.128976
-0.100315 -0.128976 -0.100315 -0.128976
-0.071654 -0.128976 -0.071654 -0.128976
-0.042992 -0.128976 -0.042992 -0.128976
-0.014331 -0.128976 -0.014331 -0.128976
0.014331 -0.128976 0.014331 -0.128976
0.042992 -0.128976 0.042992 -0.128976
0.071654 -0.128976 0.071654 -0.128976
0.100315 -0.128976 0.100315 -0.128976
0.128976 -0.128976 0.128976 -0.128976
0.157638 -0.128976 0.157638 -0.128976
0.186299 -0.128976 0.186299 -0.128976
0.214961 -0.128976 0.214961 -0.128976
0.243622 -0.128976 0.243622 -0.128976
0.272283 -0.128976 0.272283 -0.128976
0.300945 -0.128976 0.300945 -0.128976
0.329606 -0.128976 0.329606 -0.128976
0.358268 -0.128976 0.358268 -0.128976
0.386929 -0.128976 0.386929 -0.128976
0.415591 -0.128976 0.415591 -0.128976
0.444252 -0.128976 0.444252 -0.128976
0.472913 -0.128976 0.472913 -0.128976
0.501575 -0.128976 0.501575 -0.128976
0.530236 -0.128976 0.530236 -0.128976
0.558898 -0.128976 0.558898 -0.128976
0.587559 -0.128976 0.262149 -0.092311
0.616220 -0.128976 -1.155229 0.070611
0.644882 -0.128976 -1.210945 0.080118
0.673543 -0.128976 -1.266661 0.089625
0.702205 -0.128976 0.106262 -0.061829
0.730866 -0.128976 0.122678 -0.060449
0.759528 -0.128976 0.139094 -0.059069
0.788189 -0.128976 1.045722 -0.157994
0.816850 -0.128976 1.072814 -0.157817
0.845512 -0.128976 1.005452 -0.146998
0.874173 -0.128976 1.035239 -0.147124
0.902835 -0.128976 1.065027 -0.147251
0.931496 -0.128976 0.931496 -0.128976
0.960157 -0.128976 0.960157 -0.128976
0.988819 -0.128976 0.988819 -0.128976
1.017480 -0.128976 1.017480 -0.128976
1.046142 -0.128976 1.046142 -0.128976
1.074803 -0.128976 0.912874 -0.110732
1.103465 -0.128976 0.942662 -0.110859
1.132126 -0.128976 0.972448 -0.110985
1.160787 -0.128976 0.904455 -0.100095
1.189449 -0.128976 0.841582 -0.089781
1.218110 -0.128976 0.875919 -0.090420
1.246772 -0.128976 0.770112 -0.075269
1.275433 -0.128976 0.799185 -0.075315
1.304094 -0.128976 0.709730 -0.062007
1.332756 -0.128976 0.315962 -0.014412
1.361417 -0.128976 0.165579 0.005762
1.390079 -0.128976 1.390079 -0.128976
1.418740 -0.128976 1.418740 -0.128976
1.447402 -0.128976 1.447402 -0.128976
1.476063 -0.128976 1.476063 -0.128976
1.504724 -0.128976 1.504724 -0.128976
1.533386 -0.128976 1.533386 -0.128976
1.562047 -0.128976 1.562047 -0.128976
1.590709 -0.128976 1.590709 -0.128976
1.619370 -0.128976 1.619370 -0.128976
1.648031 -0.128976 1.648031 -0.128976
1.676693 -0.128976 1.676693 -0.128976
1.705354 -0.128976 1.705354 -0.128976
1.734016 -0.128976 1.734016 -0.128976
1.762677 -0.128976 1.762677 -0.128976
1.791339 -0.128976 1.791339 -0.128976
1.820000 -0.128976 1.820000 -0.128976
-1.820000 -0.100315 -1.820000 -0.100315
-1.791339 -0.100315 -1.791339 -0.100315
-1.762677 -0.100315 -1.762677 -0.100315
-1.734016 -0.100315 -1.734016 -0.100315
-1.705354 -0.100315 -1.705354 -0.100315
-1.676693 -0.100315 -1.676693 -0.100315
-1.648031 -0.100315 -1.648031 -0.100315
-1.619370 -0.100315 -1.619370 -0.100315
-1.590709 -0.100315 -1.590709 -0.100315
-1.562047 -0.100315 -1.562047 -0.100315
-1.533386 -0.100315 -1.533386 -0.100315
-1.504724 -0.100315 -1.504724 -0.100315
-1.476063 -0.100315 -1.476063 -0.100315
-1.447402 -0.100315 -1.447402 -0.100315
-1.418740 -0.100315 -1.418740 -0.100315
-1.390079 -0.100315 -1.390079 -0.100315
-1.361417 -0.100315 -0.342163 0.014528
-1.332756 -0.100315 -0.316277 0.014214
-1.304094 -0.100315 -0.707395 -0.033082
-1.275433 -0.100315 -0.799139 -0.046649
-1.246772 -0.100315 -0.770067 -0.046603
-1.218110 -0.100315 -0.875280 -0.061687
-1.189449 -0.100315 -0.840943 -0.061047
-1.160787 -0.100315 -0.904634 -0.071453
-1.132126 -0.100315 -0.972323 -0.082309
-1.103465 -0.100315 -0.942534 -0.082183
-1.074803 -0.100315 -0.912746 -0.082056
-1.046142 -0.100315 -1.046142 -0.100315
-1.017480 -0.100315 -1.017480 -0.100315
-0.988819 -0.100315 -0.988819 -0.100315
-0.960157 -0.100315 -0.960157 -0.100315
-0.931496 -0.100315 -0.931496 -0.100315
-0.902835 -0.100315 -1.064900 -0.118576
-0.874173 -0.100315 -1.035112 -0.118449
-0.845512 -0.100315 -1.005325 -0.118322
-0.816850 -0.100315 -1.072991 -0.129175
-0.788189 -0.100315 -0.156902 -0.029185
-0.759528 -0.100315 -0.140485 -0.030565
-0.730866 -0.100315 -0.124056 -0.031946
-0.702205 -0.100315 -0.107640 -0.033326
-0.673543 -0.100315 1.257126 0.117212
-0.644882 -0.100315 1.201438 0.107715
-0.616220 -0.100315 1.145722 0.098208
-0.587559 -0.100315 -0.587559 -0.100315
-0.558898 -0.100315 -0.558898 -0.100315
-0.530236 -0.100315 -0.530236 -0.100315
-0.501575 -0.100315 -0.501575 -0.100315
-0.472913 -0.100315 -0.472913 -0.100315
-0.444252 -0.100315 -0.444252 -0.100315
-0.415591 -0.100315 -0.415591 -0.100315
-0.386929 -0.100315 -0.386929 -0.100315
-0.358268 -0.100315 -0.358268 -0.100315
-0.329606 -0.100315 -0.329606 -0.100315
-0.300945 -0.100315 -0.300945 -0.100315
-0.272283 -0.100315 -0.272283 -0.100315
-0.243622 -0.100315 -0.243622 -0.100315
-0.214961 -0.100315 -0.214961 -0.100315
-0.186299 -0.100315 -0.186299 -0.100315
-0.157638 -0.100315 -0.157638 -0.100315
-0.128976 -0.100315 -0.128976 -0.100315
-0.100315 -0.100315 -0.100315 -0.100315
-0.071654 -0.100315 -0.071654 -0.100315
-0.042992 -0.100315 -0.042992 -0.100315
-0.014331 -0.100315 -0.014331 -0.100315
0.014331 -0.100315 0.014331 -0.100315
0.042992 -0.100315 0.042992 -0.100315
0.071654 -0.100315 0.071654 -0.100315
0.100315 -0.100315 0.100315 -0.100315
0.128976 -0.100315 0.128976 -0.100315
0.157638 -0.100315 0.157638 -0.100315
0.186299 -0.100315 0.186299 -0.100315
0.214961 -0.100315 0.214961 -0.100315
0.243622 -0.100315 0.243622 -0.100315
0.272283 -0.100315 0.272283 -0.100315
0.300945 -0.100315 0.300945 -0.100315
0.329606 -0.100315 0.329606 -0.100315
0.358268 -0.100315 0.358268 -0.100315
0.386929 -0.100315 0.386929 -0.100315
0.415591 -0.100315 0.415591 -0.100315
0.444252 -0.100315 0.444252 -0.100315
0.472913 -0.100315 0.472913 -0.100315
0.501575 -0.100315 0.501575 -0.100315
0.530236 -0.100315 0.530236 -0.100315
0.558898 -0.100315 0.558898 -0.100315
0.587559 -0.100315 0.587559 -0.100315
0.616220 -0.100315 -1.145693 0.098205
0.644882 -0.100315 -1.201438 0.107708
0.673543 -0.100315 -1.257155 0.117215
0.702205 -0.100315 0.107652 -0.033327
0.730866 -0.100315 0.124058 -0.031943
0.759528 -0.100315 0.140474 -0.030563
0.788189 -0.100315 0.156891 -0.029184
0.816850 -0.100315 1.072990 -0.129175
0.845512 -0.100315 1.005325 -0.118322
0.874173 -0.100315 1.035112 -0.118449
0.902835 -0.100315 1.064900 -0.118576
0.931496 -0.100315 0.931496 -0.100315
0.960157 -0.100315 0.960157 -0.100315
0.988819 -0.100315 0.988819 -0.100315
1.017480 -0.100315 1.017480 -0.100315
1.046142 -0.100315 1.046142 -0.100315
1.074803 -0.100315 0.912747 -0.082056
1.103465 -0.100315 0.942535 -0.082183
1.132126 -0.100315 0.972323 -0.082310
1.160787 -0.100315 0.904632 -0.071453
1.189449 -0.100315 0.840943 -0.061047
1.218110 -0.100315 0.875280 -0.061687
1.246772 -0.100315 0.770065 -0.046603
1.275433 -0.100315 0.799139 -0.046649
1.304094 -0.100315 0.707392 -0.033082
1.332756 -0.100315 0.316260 0.014217
1.361417 -0.100315 0.342193 0.014524
1.390079 -0.100315 1.390079 -0.100315
1.418740 -0.100315 1.418740 -0.100315
1.447402 -0.100315 1.447402 -0.100315
1.476063 -0.100315 1.476063 -0.100315
1.504724 -0.100315 1.504724 -0.100315
1.533386 -0.100315 1.533386 -0.100315
1.562047 -0.100315 1.562047 -0.100315
1.590709 -0.100315 1.590709 -0.100315
1.619370 -0.100315 1.619370 -0.100315
1.648031 -0.100315 1.648031 -0.100315
1.676693 -0.100315 1.676693 -0.100315
1.705354 -0.100315 1.705354 -0.100315
1.734016 -0.100315 1.734016 -0.100315
1.762677 -0.100315 1.762677 -0.100315
1.791339 -0.100315 1.791339 -0.100315
1.820000 -0.100315 1.820000 -0.100315
-1.820000 -0.071654 -1.820000 -0.071654
-1.791339 -0.071654 -1.791339 -0.071654
-1.762677 -0.071654 -1.762677 -0.071654
-1.734016 -0.071654 -1.734016 -0.071654
-1.705354 -0.071654 -1.705354 -0.071654
-1.676693 -0.071654 -1.676693 -0.071654
-1.648031 -0.071654 -1.648031 -0.071654
-1.619370 -0.071654 -1.619370 -0.071654
-1.590709 -0.071654 -1.590709 -0.071654
-1.562047 -0.071654 -1.562047 -0.071654
-1.533386 -0.071654 -1.533386 -0.071654
-1.504724 -0.071654 -1.504724 -0.071654
-1.476063 -0.071654 -1.476063 -0.071654
-1.447402 -0.071654 -1.447402 -0.071654
-1.418740 -0.071654 -1.418740 -0.071654
-1.390079 -0.071654 2.196881 0.128234
-1.361417 -0.071654 -0.342491 0.043151
-1.332756 -0.071654 -0.316588 0.042840
-1.304094 -0.071654 -0.705057 -0.004157
-1.275433 -0.071654 -0.799092 -0.017983
-1.246772 -0.071654 -0.770021 -0.017936
-1.218110 -0.071654 -0.874641 -0.032953
-1.189449 -0.071654 -0.931903 -0.042635
-1.160787 -0.071654 -0.904811 -0.042812
-1.132126 -0.071654 -0.972196 -0.053633
-1.103465 -0.071654 -0.942408 -0.053507
-1.074803 -0.071654 -0.912619 -0.053380
-1.046142 -0.071654 -1.046142 -0.071654
-1.017480 -0.071654 -1.017480 -0.071654
-0.988819 -0.071654 -0.988819 -0.071654
-0.960157 -0.071654 -0.960157 -0.071654
-0.931496 -0.071654 -0.931496 -0.071654
-0.902835 -0.071654 -1.064773 -0.089900
-0.874173 -0.071654 -1.034985 -0.089773
-0.845512 -0.071654 -1.005198 -0.089646
-0.816850 -0.071654 -1.073167 -0.100534
-0.788189 -0.071654 -0.158282 -0.000679
-0.759528 -0.071654 -0.141865 -0.002059
-0.730866 -0.071654 -0.125448 -0.003438
-0.702205 -0.071654 -0.109020 -0.004820
-0.673543 -0.071654 1.247619 0.144802
-0.644882 -0.071654 1.191931 0.135305
-0.616220 -0.071654 1.136215 0.125798
-0.587559 -0.071654 -0.587559 -0.071654
-0.558898 -0.071654 -0.558898 -0.071654
-0.530236 -0.071654 -0.530236 -0.071654
-0.501575 -0.071654 -0.501575 -0.071654
-0.472913 -0.071654 -0.472913 -0.071654
-0.444252 -0.071654 -0.444252 -0.071654
-0.415591 -0.071654 -0.415591 -0.071654
-0.386929 -0.071654 -0.386929 -0.071654
-0.358268 -0.071654 -0.358268 -0.071654
-0.329606 -0.071654 -0.329606 -0.071654
-0.300945 -0.071654 -0.300945 -0.071654
-0.272283 -0.071654 -0.272283 -0.071654
-0.243622 -0.071654 -0.243622 -0.071654
-0.214961 -0.071654 -0.214961 -0.071654
-0.186299 -0.071654 -0.186299 -0.071654
-0.157638 -0.071654 -0.157638 -0.071654
-0.128976 -0.071654 -0.128976 -0.071654
-0.100315 -0.071654 -0.100315 -0.071654
-0.071654 -0.071654 -0.071654 -0.071654
-0.042992 -0.071654 -0.042992 -0.071654
-0.014331 -0.071654 -0.014331 -0.071654
0.014331 -0.071654 0.014331 -0.071654
0.042992 -0.071654 0.042992 -0.071654
0.071654 -0.071654 0.071654 -0.071654
0.100315 -0.071654 0.100315 -0.071654
0.128976 -0.071654 0.128976 -0.071654
0.157638 -0.071654 0.157638 -0.071654
0.186299 -0.071654 0.186299 -0.071654
0.214961 -0.071654 0.214961 -0.071654
0.243622 -0.071654 0.243622 -0.071654
0.272283 -0.071654 0.272283 -0.071654
0.300945 -0.071654 0.300945 -0.071654
0.329606 -0.071654 0.329606 -0.071654
0.358268 -0.071654 0.358268 -0.071654
0.386929 -0.071654 0.386929 -0.071654
0.415591 -0.071654 0.415591 -0.071654
0.444252 -0.071654 0.444252 -0.071654
0.472913 -0.071654 0.472913 -0.071654
0.501575 -0.071654 0.501575 -0.071654
0.530236 -0.071654 0.530236 -0.071654
0.558898 -0.071654 0.558898 -0.071654
0.587559 -0.071654 0.587559 -0.071654
0.616220 -0.071654 -1.136186 0.125795
0.644882 -0.071654 -1.191902 0.135302
0.673543 -0.071654 -1.247648 0.144805
0.702205 -0.071654 0.109032 -0.004821
0.730866 -0.071654 0.125449 -0.003442
0.759528 -0.071654 0.141854 -0.002057
0.788189 -0.071654 0.158270 -0.000678
0.816850 -0.071654 1.073167 -0.100534
0.845512 -0.071654 1.005198 -0.089646
0.874173 -0.071654 1.034985 -0.089773
0.902835 -0.071654 1.064773 -0.089900
0.931496 -0.071654 0.931496 -0.071654
0.960157 -0.071654 0.960157 -0.071654
0.988819 -0.071654 0.988819 -0.071654
1.017480 -0.071654 1.017480 -0.071654
1.046142 -0.071654 1.046142 -0.071654
1.074803 -0.071654 0.912621 -0.053380
1.103465 -0.071654 0.942408 -0.053507
1.132126 -0.071654 0.972196 -0.053634
1.160787 -0.071654 0.904808 -0.042812
1.189449 -0.071654 0.931902 -0.042634
1.218110 -0.071654 0.874640 -0.032953
1.246772 -0.071654 0.770019 -0.017936
1.275433 -0.071654 0.799093 -0.017982
1.304094 -0.071654 0.705054 -0.004157
1.332756 -0.071654 0.316587 0.042843
1.361417 -0.071654 0.342504 0.043151
1.390079 -0.071654 -2.196865 0.128243
1.418740 -0.071654 1.418740 -0.071654
1.447402 -0.071654 1.447402 -0.071654
1.476063 -0.071654 1.476063 -0.071654
1.504724 -0.071654 1.504724 -0.071654
1.533386 -0.071654 1.533386 -0.071654
1.562047 -0.071654 1.562047 -0.071654
1.590709 -0.071654 1.590709 -0.071654
1.619370 -0.071654 1.619370 -0.071654
1.648031 -0.071654 1.648031 -0.071654
1.676693 -0.071654 1.676693 -0.071654
1.705354 -0.071654 1.705354 -0.071654
1.734016 -0.071654 1.734016 -0.071654
1.762677 -0.071654 1.762677 -0.071654
1.791339 -0.071654 1.791339 -0.071654
1.820000 -0.071654 1.820000 -0.071654
-1.820000 -0.042992 -1.820000 -0.042992
-1.791339 -0.042992 -1.791339 -0.042992
-1.762677 -0.042992 -1.762677 -0.042992
-1.734016 -0.042992 -1.734016 -0.042992
-1.705354 -0.042992 -1.705354 -0.042992
-1.676693 -0.042992 -1.676693 -0.042992
-1.648031 -0.042992 -1.648031 -0.042992
-1.619370 -0.042992 -1.619370 -0.042992
-1.590709 -0.042992 -1.590709 -0.042992
-1.562047 -0.042992 -1.562047 -0.042992
-1.533386 -0.042992 -1.533386 -0.042992
-1.504724 -0.042992 -1.504724 -0.042992
-1.476063 -0.042992 -1.476063 -0.042992
-1.447402 -0.042992 -1.447402 -0.042992
-1.418740 -0.042992 -1.418740 -0.042992
-1.390079 -0.042992 2.095014 0.151288
-1.361417 -0.042992 -0.342801 0.071778
-1.332756 -0.042992 -0.316899 0.071467
-1.304094 -0.042992 -0.702719 0.024767
-1.275433 -0.042992 -0.799046 0.010684
-1.246772 -0.042992 -0.769974 0.010730
-1.218110 -0.042992 -0.874001 -0.004220
-1.189449 -0.042992 -0.932080 -0.013994
-1.160787 -0.042992 -0.904988 -0.014170
-1.132126 -0.042992 -0.972069 -0.024958
-1.103465 -0.042992 -0.942281 -0.024831
-1.074803 -0.042992 -0.912492 -0.024704
-1.046142 -0.042992 -1.046142 -0.042992
-1.017480 -0.042992 -1.017480 -0.042992
-0.988819 -0.042992 -0.988819 -0.042992
-0.960157 -0.042992 -0.960157 -0.042992
-0.931496 -0.042992 -0.931496 -0.042992
-0.902835 -0.042992 -1.064646 -0.061224
-0.874173 -0.042992 -1.034859 -0.061097
-0.845512 -0.042992 -1.005071 -0.060970
-0.816850 -0.042992 -1.073344 -0.071892
-0.788189 -0.042992 -0.159661 0.027827
-0.759528 -0.042992 -0.143245 0.026447
-0.730866 -0.042992 -0.126828 0.025068
-0.702205 -0.042992 -0.110399 0.023686
-0.673543 -0.042992 1.238112 0.172392
-0.644882 -0.042992 1.182396 0.162886
-0.616220 -0.042992 -0.252148 -0.001971
-0.587559 -0.042992 -0.587559 -0.042992
-0.558898 -0.042992 -0.558898 -0.042992
-0.530236 -0.042992 -0.530236 -0.042992
-0.501575 -0.042992 -0.501575 -0.042992
-0.472913 -0.042992 -0.472913 -0.042992
-0.444252 -0.042992 -0.444252 -0.042992
-0.415591 -0.042992 -0.415591 -0.042992
-0.386929 -0.042992 -0.386929 -0.042992
-0.358268 -0.042992 -0.358268 -0.042992
-0.329606 -0.042992 -0.329606 -0.042992
-0.300945 -0.042992 -0.300945 -0.042992
-0.272283 -0.042992 -0.272283 -0.042992
-0.243622 -0.042992 -0.243622 -0.042992
-0.214961 -0.042992 -0.214961 -0.042992
-0.186299 -0.042992 -0.186299 -0.042992
-0.157638 -0.042992 -0.157638 -0.042992
-0.128976 -0.042992 -0.128976 -0.042992
-0.100315 -0.042992 -0.100315 -0.042992
-0.071654 -0.042992 -0.071654 -0.042992
-0.042992 -0.042992 -0.042992 -0.042992
-0.014331 -0.042992 -0.014331 -0.042992
0.014331 -0.042992 0.014331 -0.042992
0.042992 -0.042992 0.042992 -0.042992
0.071654 -0.042992 0.071654 -0.042992
0.100315 -0.042992 0.100315 -0.042992
0.128976 -0.042992 0.128976 -0.042992
0.157638 -0.042992 0.157638 -0.042992
0.186299 -0.042992 0.186299 -0.042992
0.214961 -0.042992 0.214961 -0.042992
0.243622 -0.042992 0.243622 -0.042992
0.272283 -0.042992 0.272283 -0.042992
0.300945 -0.042992 0.300945 -0.042992
0.329606 -0.042992 0.329606 -0.042992
0.358268 -0.042992 0.358268 -0.042992
0.386929 -0.042992 0.386929 -0.042992
0.415591 -0.042992 0.415591 -0.042992
0.444252 -0.042992 0.444252 -0.042992
0.472913 -0.042992 0.472913 -0.042992
0.501575 -0.042992 0.501575 -0.042992
0.530236 -0.042992 0.530236 -0.042992
0.558898 -0.042992 0.558898 -0.042992
0.587559 -0.042992 0.587559 -0.042992
0.616220 -0.042992 0.252152 -0.001972
0.644882 -0.042992 -1.182395 0.162892
0.673543 -0.042992 -1.238141 0.172396
0.702205 -0.042992 0.110412 0.023685
0.730866 -0.042992 0.126828 0.025064
0.759528 -0.042992 0.143245 0.026444
0.788189 -0.042992 0.159650 0.027828
0.816850 -0.042992 1.073344 -0.071892
0.845512 -0.042992 1.005071 -0.060970
0.874173 -0.042992 1.034859 -0.061097
0.902835 -0.042992 1.064646 -0.061224
0.931496 -0.042992 0.931496 -0.042992
0.960157 -0.042992 0.960157 -0.042992
0.988819 -0.042992 0.988819 -0.042992
1.017480 -0.042992 1.017480 -0.042992
1.046142 -0.042992 1.046142 -0.042992
1.074803 -0.042992 0.912494 -0.024705
1.103465 -0.042992 0.942281 -0.024832
1.132126 -0.042992 0.972069 -0.024958
1.160787 -0.042992 0.904987 -0.014171
1.189449 -0.042992 0.932078 -0.013993
1.218110 -0.042992 0.874001 -0.004220
1.246772 -0.042992 0.769974 0.010731
1.275433 -0.042992 0.799046 0.010685
1.304094 -0.042992 0.702716 0.024768
1.332756 -0.042992 0.316898 0.071469
1.361417 -0.042992 0.342814 0.071777
1.390079 -0.042992 -2.095010 0.151296
1.418740 -0.042992 1.418740 -0.042992
1.447402 -0.042992 1.447402 -0.042992
1.476063 -0.042992 1.476063 -0.042992
1.504724 -0.042992 1.504724 -0.042992
1.533386 -0.042992 1.533386 -0.042992
1.562047 -0.042992 1.562047 -0.042992
1.590709 -0.042992 1.590709 -0.042992
1.619370 -0.042992 1.619370 -0.042992
1.648031 -0.042992 1.648031 -0.042992
1.676693 -0.042992 1.676693 -0.042992
1.705354 -0.042992 1.705354 -0.042992
1.734016 -0.042992 1.734016 -0.042992
1.762677 -0.042992 1.762677 -0.042992
1.791339 -0.042992 1.791339 -0.042992
1.820000 -0.042992 1.820000 -0.042992
-1.820000 -0.014331 -1.820000 -0.014331
-1.791339 -0.014331 -1.791339 -0.014331
-1.762677 -0.014331 -1.762677 -0.014331
-1.734016 -0.014331 -1.734016 -0.014331
-1.705354 -0.014331 -1.705354 -0.014331
-1.676693 -0.014331 -1.676693 -0.014331
-1.648031 -0.014331 -1.648031 -0.014331
-1.619370 -0.014331 -1.619370 -0.014331
-1.590709 -0.014331 -1.590709 -0.014331
-1.562047 -0.014331 -1.562047 -0.014331
-1.533386 -0.014331 -1.533386 -0.014331
-1.504724 -0.014331 -1.504724 -0.014331
-1.476063 -0.014331 -1.476063 -0.014331
-1.447402 -0.014331 -1.447402 -0.014331
-1.418740 -0.014331 -1.418740 -0.014331
-1.390079 -0.014331 -0.259957 0.113004
-1.361417 -0.014331 -0.369066 0.039564
-1.332756 -0.014331 -0.341726 0.041730
-1.304094 -0.014331 -0.829536 0.011418
-1.275433 -0.014331 -0.800390 0.012183
-1.246772 -0.014331 -0.771244 0.012947
-1.218110 -0.014331 -0.873361 0.024514
-1.189449 -0.014331 -0.932257 0.014648
-1.160787 -0.014331 -0.905164 0.014471
-1.132126 -0.014331 -0.971942 0.003718
-1.103465 -0.014331 -0.942154 0.003845
-1.074803 -0.014331 -0.912365 0.003971
-1.046142 -0.014331 -1.046142 -0.014331
-1.017480 -0.014331 -1.017480 -0.014331
-0.988819 -0.014331 -0.988819 -0.014331
-0.960157 -0.014331 -0.960157 -0.014331
-0.931496 -0.014331 -0.931496 -0.014331
-0.902835 -0.014331 -1.064519 -0.032548
-0.874173 -0.014331 -1.034732 -0.032422
-0.845512 -0.014331 -1.100613 -0.043074
-0.816850 -0.014331 -1.073521 -0.043251
-0.788189 -0.014331 -0.161041 0.056333
-0.759528 -0.014331 -0.144624 0.054953
-0.730866 -0.014331 -0.128207 0.053574
-0.702205 -0.014331 -0.111791 0.052194
-0.673543 -0.014331 1.228605 0.199983
-0.644882 -0.014331 1.172890 0.190476
-0.616220 -0.014331 -0.258727 0.025949
-0.587559 -0.014331 -0.587559 -0.014331
-0.558898 -0.014331 -0.558898 -0.014331
-0.530236 -0.014331 -0.530236 -0.014331
-0.501575 -0.014331 -0.501575 -0.014331
-0.472913 -0.014331 -0.472913 -0.014331
-0.444252 -0.014331 -0.444252 -0.014331
-0.415591 -0.014331 -0.415591 -0.014331
-0.386929 -0.014331 -0.386929 -0.014331
-0.358268 -0.014331 -0.358268 -0.014331
-0.329606 -0.014331 -0.329606 -0.014331
-0.300945 -0.014331 -0.300945 -0.014331
-0.272283 -0.014331 -0.272283 -0.014331
-0.243622 -0.014331 -0.243622 -0.014331
-0.214961 -0.014331 -0.214961 -0.014331
-0.186299 -0.014331 -0.186299 -0.014331
-0.157638 -0.014331 -0.157638 -0.014331
-0.128976 -0.014331 -0.128976 -0.014331
-0.100315 -0.014331 -0.100315 -0.014331
-0.071654 -0.014331 -0.071654 -0.014331
-0.042992 -0.014331 -0.042992 -0.014331
-0.014331 -0.014331 -0.014331 -0.014331
0.014331 -0.014331 0.014331 -0.014331
0.042992 -0.014331 0.042992 -0.014331
0.071654 -0.014331 0.071654 -0.014331
0.100315 -0.014331 0.100315 -0.014331
0.128976 -0.014331 0.128976 -0.014331
0.157638 -0.014331 0.157638 -0.014331
0.186299 -0.014331 0.186299 -0.014331
0.214961 -0.014331 0.214961 -0.014331
0.243622 -0.014331 0.243622 -0.014331
0.272283 -0.014331 0.272283 -0.014331
0.300945 -0.014331 0.300945 -0.014331
0.329606 -0.014331 0.329606 -0.014331
0.358268 -0.014331 0.358268 -0.014331
0.386929 -0.014331 0.386929 -0.014331
0.415591 -0.014331 0.415591 -0.014331
0.444252 -0.014331 0.444252 -0.014331
0.472913 -0.014331 0.472913 -0.014331
0.501575 -0.014331 0.501575 -0.014331
0.530236 -0.014331 0.530236 -0.014331
0.558898 -0.014331 0.558898 -0.014331
0.587559 -0.014331 0.587559 -0.014331
0.616220 -0.014331 0.258727 0.025948
0.644882 -0.014331 -1.172888 0.190482
0.673543 -0.014331 -1.228603 0.199989
0.702205 -0.014331 0.111791 0.052191
0.730866 -0.014331 0.128208 0.053570
0.759528 -0.014331 0.144625 0.054950
0.788189 -0.014331 0.161041 0.056329
0.816850 -0.014331 1.073521 -0.043251
0.845512 -0.014331 1.100613 -0.043074
0.874173 -0.014331 1.034732 -0.032422
0.902835 -0.014331 1.064519 -0.032548
0.931496 -0.014331 0.931496 -0.014331
0.960157 -0.014331 0.960157 -0.014331
0.988819 -0.014331 0.988819 -0.014331
1.017480 -0.014331 1.017480 -0.014331
1.046142 -0.014331 1.046142 -0.014331
1.074803 -0.014331 0.912367 0.003971
1.103465 -0.014331 0.942154 0.003844
1.132126 -0.014331 0.971942 0.003717
1.160787 -0.014331 0.905164 0.014471
1.189449 -0.014331 0.932257 0.014648
1.218110 -0.014331 0.873361 0.024514
1.246772 -0.014331 0.771244 0.012948
1.275433 -0.014331 0.800390 0.012183
1.304094 -0.014331 0.829536 0.011419
1.332756 -0.014331 0.341726 0.041733
1.361417 -0.014331 0.369066 0.039566
1.390079 -0.014331 0.259956 0.113003
1.418740 -0.014331 1.418740 -0.014331
1.447402 -0.014331 1.447402 -0.014331
1.476063 -0.014331 1.476063 -0.014331
1.504724 -0.014331 1.504724 -0.014331
1.533386 -0.014331 1.533386 -0.014331
1.562047 -0.014331 1.562047 -0.014331
1.590709 -0.014331 1.590709 -0.014331
1.619370 -0.014331 1.619370 -0.014331
1.648031 -0.014331 1.648031 -0.014331
1.676693 -0.014331 1.676693 -0.014331
1.705354 -0.014331 1.705354 -0.014331
1.734016 -0.014331 1.734016 -0.014331
1.762677 -0.014331 1.762677 -0.014331
1.791339 -0.014331 1.791339 -0.014331
1.820000 -0.014331 1.820000 -0.014331
-1.820000 0.014331 -1.820000 0.014331
-1.791339 0.014331 -1.791339 0.014331
-1.762677 0.014331 -1.762677 0.014331
-1.734016 0.014331 -1.734016 0.014331
-1.705354 0.014331 -1.705354 0.014331
-1.676693 0.014331 -1.676693 0.014331
-1.648031 0.014331 -1.648031 0.014331
-1.619370 0.014331 -1.619370 0.014331
-1.590709 0.014331 -1.590709 0.014331
-1.562047 0.014331 -1.562047 0.014331
-1.533386 0.014331 -1.533386 0.014331
-1.504724 0.014331 -1.504724 0.014331
-1.476063 0.014331 -1.476063 0.014331
-1.447402 0.014331 -1.447402 0.014331
-1.418740 0.014331 -1.418740 0.014331
-1.390079 0.014331 -0.259956 -0.113003
-1.361417 0.014331 -0.369066 -0.039566
-1.332756 0.014331 -0.341726 -0.041733
-1.304094 0.014331 -0.829536 -0.011419
-1.275433 0.014331 -0.800390 -0.012183
-1.246772 0.014331 -0.771244 -0.012948
-1.218110 0.014331 -0.873361 -0.024514
-1.189449 0.014331 -0.932257 -0.014648
-1.160787 0.014331 -0.905164 -0.014471
-1.132126 0.014331 -0.971942 -0.003717
-1.103465 0.014331 -0.942154 -0.003844
-1.074803 0.014331 -0.912367 -0.003971
-1.046142 0.014331 -1.046142 0.014331
-1.017480 0.014331 -1.017480 0.014331
-0.988819 0.014331 -0.988819 0.014331
-0.960157 0.014331 -0.960157 0.014331
-0.931496 0.014331 -0.931496 0.014331
-0.902835 0.014331 -1.064519 0.032548
-0.874173 0.014331 -1.034732 0.032422
-0.845512 0.014331 -1.100613 0.043074
-0.816850 0.014331 -1.073521 0.043251
-0.788189 0.014331 -0.161041 -0.056329
-0.759528 0.014331 -0.144625 -0.054950
-0.730866 0.014331 -0.128208 -0.053570
-0.702205 0.014331 -0.111791 -0.052191
-0.673543 0.014331 1.228603 -0.199989
-0.644882 0.014331 1.172888 -0.190482
-0.616220 0.014331 -0.258727 -0.025948
-0.587559 0.014331 -0.587559 0.014331
-0.558898 0.014331 -0.558898 0.014331
-0.530236 0.014331 -0.530236 0.014331
-0.501575 0.014331 -0.501575 0.014331
-0.472913 0.014331 -0.472913 0.014331
-0.444252 0.014331 -0.444252 0.014331
-0.415591 0.014331 -0.415591 0.014331
-0.386929 0.014331 -0.386929 0.014331
-0.358268 0.014331 -0.358268 0.014331
-0.329606 0.014331 -0.329606 0.014331
-0.300945 0.014331 -0.300945 0.014331
-0.272283 0.014331 -0.272283 0.014331
-0.243622 0.014331 -0.243622 0.014331
-0.214961 0.014331 -0.214961 0.014331
-0.186299 0.014331 -0.186299 0.014331
-0.157638 0.014331 -0.157638 0.014331
-0.128976 0.014331 -0.128976 0.014331
-0.100315 0.014331 -0.100315 0.014331
-0.071654 0.014331 -0.071654 0.014331
-0.042992 0.014331 -0.042992 0.014331
-0.014331 0.014331 -0.014331 0.014331
0.014331 0.014331 0.014331 0.014331
0.042992 0.014331 0.042992 0.014331
0.071654 0.014331 0.071654 0.014331
0.100315 0.014331 0.100315 0.014331
0.128976 0.014331 0.128976 0.014331
0.157638 0.014331 0.157638 0.014331
0.186299 0.014331 0.186299 0.014331
0.214961 0.014331 0.214961 0.014331
0.243622 0.014331 0.243622 0.014331
0.272283 0.014331 0.272283 0.014331
0.300945 0.014331 0.300945 0.014331
0.329606 0.014331 0.329606 0.014331
0.358268 0.014331 0.358268 0.014331
0.386929 0.014331 0.386929 0.014331
0.415591 0.014331 0.415591 0.014331
0.444252 0.014331 0.444252 0.014331
0.472913 0.014331 0.472913 0.014331
0.501575 0.014331 0.501575 0.014331
0.530236 0.014331 0.530236 0.014331
0.558898 0.014331 0.558898 0.014331
0.587559 0.014331 0.587559 0.014331
0.616220 0.014331 0.258727 -0.025949
0.644882 0.014331 -1.172890 -0.190476
0.673543 0.014331 -1.228605 -0.199983
0.702205 0.014331 0.111791 -0.052194
0.730866 0.014331 0.128207 -0.053574
0.759528 0.014331 0.144624 -0.054953
0.788189 0.014331 0.161041 -0.056333
0.816850 0.014331 1.073521 0.043251
0.845512 0.014331 1.100613 0.043074
0.874173 0.014331 1.034732 0.032422
0.902835 0.014331 1.064519 0.032548
0.931496 0.014331 0.931496 0.014331
0.960157 0.014331 0.960157 0.014331
0.988819 0.014331 0.988819 0.014331
1.017480 0.014331 1.017480 0.014331
1.046142 0.014331 1.046142 0.014331
1.074803 0.014331 0.912365 -0.003971
1.103465 0.014331 0.942154 -0.003845
1.132126 0.014331 0.971942 -0.003718
1.160787 0.014331 0.905164 -0.014471
1.189449 0.014331 0.932257 -0.014648
1.218110 0.014331 0.873361 -0.024514
1.246772 0.014331 0.771244 -0.012947
1.275433 0.014331 0.800390 -0.012183
1.304094 0.014331 0.829536 -0.011418
1.332756 0.014331 0.341726 -0.041730
1.361417 0.014331 0.369066 -0.039564
1.390079 0.014331 0.259957 -0.113004
1.418740 0.014331 1.418740 0.014331
1.447402 0.014331 1.447402 0.014331
1.476063 0.014331 1.476063 0.014331
1.504724 0.014331 1.504724 0.014331
1.533386 0.014331 1.533386 0.014331
1.562047 0.014331 1.562047 0.014331
1.590709 0.014331 1.590709 0.014331
1.619370 0.014331 1.619370 0.014331
1.648031 0.014331 1.648031 0.014331
1.676693 0.014331 1.676693 0.014331
1.705354 0.014331 1.705354 0.014331
1.734016 0.014331 1.734016 0.014331
1.762677 0.014331 1.762677 0.014331
1.791339 0.014331 1.791339 0.014331
1.820000 0.014331 1.820000 0.014331
-1.820000 0.042992 -1.820000 0.042992
-1.791339 0.042992 -1.791339 0.042992
-1.762677 0.042992 -1.762677 0.042992
-1.734016 0.042992 -1.734016 0.042992
-1.705354 0.042992 -1.705354 0.042992
-1.676693 0.042992 -1.676693 0.042992
-1.648031 0.042992 -1.648031 0.042992
-1.619370 0.042992 -1.619370 0.042992
-1.590709 0.042992 -1.590709 0.042992
-1.562047 0.042992 -1.562047 0.042992
-1.533386 0.042992 -1.533386 0.042992
-1.504724 0.042992 -1.504724 0.042992
-1.476063 0.042992 -1.476063 0.042992
-1.447402 0.042992 -1.447402 0.042992
-1.418740 0.042992 -1.418740 0.042992
-1.390079 0.042992 2.095010 -0.151296
-1.361417 0.042992 -0.342814 -0.071777
-1.332756 0.042992 -0.316898 -0.071469
-1.304094 0.042992 -0.702716 -0.024768
-1.275433 0.042992 -0.799046 -0.010685
-1.246772 0.042992 -0.769974 -0.010731
-1.218110 0.042992 -0.874001 0.004220
-1.189449 0.042992 -0.932078 0.013993
-1.160787 0.042992 -0.904987 0.014171
-1.132126 0.042992 -0.972069 0.024958
-1.103465 0.042992 -0.942281 0.024832
-1.074803 0.042992 -0.912494 0.024705
-1.046142 0.042992 -1.046142 0.042992
-1.017480 0.042992 -1.017480 0.042992
-0.988819 0.042992 -0.988819 0.042992
-0.960157 0.042992 -0.960157 0.042992
-0.931496 0.042992 -0.931496 0.042992
-0.902835 0.042992 -1.064646 0.061224
-0.874173 0.042992 -1.034859 0.061097
-0.845512 0.042992 -1.005071 0.060970
-0.816850 0.042992 -1.073344 0.071892
-0.788189 0.042992 -0.159650 -0.027828
-0.759528 0.042992 -0.143245 -0.026444
-0.730866 0.042992 -0.126828 -0.025064
-0.702205 0.042992 -0.110412 -0.023685
-0.673543 0.042992 1.238141 -0.172396
-0.644882 0.042992 1.182395 -0.162892
-0.616220 0.042992 -0.252152 0.001972
-0.587559 0.042992 -0.587559 0.042992
-0.558898 0.042992 -0.558898 0.042992
-0.530236 0.042992 -0.530236 0.042992
-0.501575 0.042992 -0.501575 0.042992
-0.472913 0.042992 -0.472913 0.042992
-0.444252 0.042992 -0.444252 0.042992
-0.415591 0.042992 -0.415591 0.042992
-0.386929 0.042992 -0.386929 0.042992
-0.358268 0.042992 -0.358268 0.042992
-0.329606 0.042992 -0.329606 0.042992
-0.300945 0.042992 -0.300945 0.042992
-0.272283 0.042992 -0.272283 0.042992
-0.243622 0.042992 -0.243622 0.042992
-0.214961 0.042992 -0.214961 0.042992
-0.186299 0.042992 -0.186299 0.042992
-0.157638 0.042992 -0.157638 0.042992
-0.128976 0.042992 -0.128976 0.042992
-0.100315 0.042992 -0.100315 0.042992
-0.071654 0.042992 -0.071654 0.042992
-0.042992 0.042992 -0.042992 0.042992
-0.014331 0.042992 -0.014331 0.042992
0.014331 0.042992 0.014331 0.042992
0.042992 0.042992 0.042992 0.042992
0.071654 0.042992 0.071654 0.042992
0.100315 0.042992 0.100315 0.042992
0.128976 0.042992 0.128976 0.042992
0.157638 0.042992 0.157638 0.042992
0.186299 0.042992 0.186299 0.042992
0.214961 0.042992 0.214961 0.042992
0.243622 0.042992 0.243622 0.042992
0.272283 0.042992 0.272283 0.042992
0.300945 0.042992 0.300945 0.042992
0.329606 0.042992 0.329606 0.042992
0.358268 0.042992 0.358268 0.042992
0.386929 0.042992 0.386929 0.042992
0.415591 0.042992 0.415591 0.042992
0.444252 0.042992 0.444252 0.042992
0.472913 0.042992 0.472913 0.042992
0.501575 0.042992 0.501575 0.042992
0.530236 0.042992 0.530236 0.042992
0.558898 0.042992 0.558898 0.042992
0.587559 0.042992 0.587559 0.042992
0.616220 0.042992 0.252148 0.001971
0.644882 0.042992 -1.182396 -0.162886
0.673543 0.042992 -1.238112 -0.172392
0.702205 0.042992 0.110399 -0.023686
0.730866 0.042992 0.126828 -0.025068
0.759528 0.042992 0.143245 -0.026447
0.788189 0.042992 0.159661 -0.027827
0.816850 0.042992 1.073344 0.071892
0.845512 0.042992 1.005071 0.060970
0.874173 0.042992 1.034859 0.061097
0.902835 0.042992 1.064646 0.061224
0.931496 0.042992 0.931496 0.042992
0.960157 0.042992 0.960157 0.042992
0.988819 0.042992 0.988819 0.042992
1.017480 0.042992 1.017480 0.042992
1.046142 0.042992 1.046142 0.042992
1.074803 0.042992 0.912492 0.024704
1.103465 0.042992 0.942281 0.024831
1.132126 0.042992 0.972069 0.024958
1.160787 0.042992 0.904988 0.014170
1.189449 0.042992 0.932080 0.013994
1.218110 0.042992 0.874001 0.004220
1.246772 0.042992 0.769974 -0.010730
1.275433 0.042992 0.799046 -0.010684
1.304094 0.042992 0.702719 -0.024767
1.332756 0.042992 0.316899 -0.071467
1.361417 0.042992 0.342801 -0.071778
1.390079 0.042992 -2.095014 -0.151288
1.418740 0.042992 1.418740 0.042992
1.447402 0.042992 1.447402 0.042992
1.476063 0.042992 1.476063 0.042992
1.504724 0.042992 1.504724 0.042992
1.533386 0.042992 1.533386 0.042992
1.562047 0.042992 1.562047 0.042992
1.590709 0.042992 1.590709 0.042992
1.619370 0.042992 1.619370 0.042992
1.648031 0.042992 1.648031 0.042992
1.676693 0.042992 1.676693 0.042992
1.705354 0.042992 1.705354 0.042992
1.734016 0.042992 1.734016 0.042992
1.762677 0.042992 1.762677 0.042992
1.791339 0.042992 1.791339 0.042992
1.820000 0.042992 1.820000 0.042992
-1.820000 0.071654 -1.820000 0.071654
-1.791339 0.071654 -1.791339 0.071654
-1.762677 0.071654 -1.762677 0.071654
-1.734016 0.071654 -1.734016 0.071654
-1.705354 0.071654 -1.705354 0.071654
-1.676693 0.071654 -1.676693 0.071654
-1.648031 0.071654 -1.648031 0.071654
-1.619370 0.071654 -1.619370 0.071654
-1.590709 0.071654 -1.590709 0.071654
-1.562047 0.071654 -1.562047 0.071654
-1.533386 0.071654 -1.533386 0.071654
-1.504724 0.071654 -1.504724 0.071654
-1.476063 0.071654 -1.476063 0.071654
-1.447402 0.071654 -1.447402 0.071654
-1.418740 0.071654 -1.418740 0.071654
-1.390079 0.071654 2.196865 -0.128243
-1.361417 0.071654 -0.342504 -0.043151
-1.332756 0.071654 -0.316587 -0.042843
-1.304094 0.071654 -0.705054 0.004157
-1.275433 0.071654 -0.799093 0.017982
-1.246772 0.071654 -0.770019 0.017936
-1.218110 0.071654 -0.874640 0.032953
-1.189449 0.071654 -0.931902 0.042634
-1.160787 0.071654 -0.904808 0.042812
-1.132126 0.071654 -0.972196 0.053634
-1.103465 0.071654 -0.942408 0.053507
-1.074803 0.071654 -0.912621 0.053380
-1.046142 0.071654 -1.046142 0.071654
-1.017480 0.071654 -1.017480 0.071654
-0.988819 0.071654 -0.988819 0.071654
-0.960157 0.071654 -0.960157 0.071654
-0.931496 0.071654 -0.931496 0.071654
-0.902835 0.071654 -1.064773 0.089900
-0.874173 0.071654 -1.034985 0.089773
-0.845512 0.071654 -1.005198 0.089646
-0.816850 0.071654 -1.073167 0.100534
-0.788189 0.071654 -0.158270 0.000678
-0.759528 0.071654 -0.141854 0.002057
-0.730866 0.071654 -0.125449 0.003442
-0.702205 0.071654 -0.109032 0.004821
-0.673543 0.071654 1.247648 -0.144805
-0.644882 0.071654 1.191902 -0.135302
-0.616220 0.071654 1.136186 -0.125795
-0.587559 0.071654 -0.587559 0.071654
-0.558898 0.071654 -0.558898 0.071654
-0.530236 0.071654 -0.530236 0.071654
-0.501575 0.071654 -0.501575 0.071654
-0.472913 0.071654 -0.472913 0.071654
-0.444252 0.071654 -0.444252 0.071654
-0.415591 0.071654 -0.415591 0.071654
-0.386929 0.071654 -0.386929 0.071654
-0.358268 0.071654 -0.358268 0.071654
-0.329606 0.071654 -0.329606 0.071654
-0.300945 0.071654 -0.300945 0.071654
-0.272283 0.071654 -0.272283 0.071654
-0.243622 0.071654 -0.243622 0.071654
-0.214961 0.071654 -0.214961 0.071654
-0.186299 0.071654 -0.186299 0.071654
-0.157638 0.071654 -0.157638 0.071654
-0.128976 0.071654 -0.128976 0.071654
-0.100315 0.071654 -0.100315 0.071654
-0.071654 0.071654 -0.071654 0.071654
-0.042992 0.071654 -0.042992 0.071654
-0.014331 0.071654 -0.014331 0.071654
0.014331 0.071654 0.014331 0.071654
0.042992 0.071654 0.042992 0.071654
0.071654 0.071654 0.071654 0.071654
0.100315 0.071654 0.100315 0.071654
0.128976 0.071654 0.128976 0.071654
0.157638 0.071654 0.157638 0.071654
0.186299 0.071654 0.186299 0.071654
0.214961 0.071654 0.214961 0.071654
0.243622 0.071654 0.243622 0.071654
0.272283 0.071654 0.272283 0.071654
0.300945 0.071654 0.300945 0.071654
0.329606 0.071654 0.329606 0.071654
0.358268 0.071654 0.358268 0.071654
0.386929 0.071654 0.386929 0.071654
0.415591 0.071654 0.415591 0.071654
0.444252 0.071654 0.444252 0.071654
0.472913 0.071654 0.472913 0.071654
0.501575 0.071654 0.501575 0.071654
0.530236 0.071654 0.530236 0.071654
0.558898 0.071654 0.558898 0.071654
0.587559 0.071654 0.587559 0.071654
0.616220 0.071654 -1.136215 -0.125798
0.644882 0.071654 -1.191931 -0.135305
0.673543 0.071654 -1.247619 -0.144802
0.702205 0.071654 0.109020 0.004820
0.730866 0.071654 0.125448 0.003438
0.759528 0.071654 0.141865 0.002059
0.788189 0.071654 0.158282 0.000679
0.816850 0.071654 1.073167 0.100534
0.845512 0.071654 1.005198 0.089646
0.874173 0.071654 1.034985 0.089773
0.902835 0.071654 1.064773 0.089900
0.931496 0.071654 0.931496 0.071654
0.960157 0.071654 0.960157 0.071654
0.988819 0.071654 0.988819 0.071654
1.017480 0.071654 1.017480 0.071654
1.046142 0.071654 1.046142 0.071654
1.074803 0.071654 0.912619 0.053380
1.103465 0.071654 0.942408 0.053507
1.132126 0.071654 0.972196 0.053633
1.160787 0.071654 0.904811 0.042812
1.189449 0.071654 0.931903 0.042635
1.218110 0.071654 0.874641 0.032953
1.246772 0.071654 0.770021 0.017936
1.275433 0.071654 0.799092 0.017983
1.304094 0.071654 0.705057 0.004157
1.332756 0.071654 0.316588 -0.042840
1.361417 0.071654 0.342491 -0.043151
1.390079 0.071654 -2.196881 -0.128234
1.418740 0.071654 1.418740 0.071654
1.447402 0.071654 1.447402 0.071654
1.476063 0.071654 1.476063 0.071654
1.504724 0.071654 1.504724 0.071654
1.533386 0.071654 1.533386 0.071654
1.562047 0.071654 1.562047 0.071654
1.590709 0.071654 1.590709 0.071654
1.619370 0.071654 1.619370 0.071654
1.648031 0.071654 1.648031 0.071654
1.676693 0.071654 1.676693 0.071654
1.705354 0.071654 1.705354 0.071654
1.734016 0.071654 1.734016 0.071654
1.762677 0.071654 1.762677 0.071654
1.791339 0.071654 1.791339 0.071654
1.820000 0.071654 1.820000 0.071654
-1.820000 0.100315 -1.820000 0.100315
-1.791339 0.100315 -1.791339 0.100315
-1.762677 0.100315 -1.762677 0.100315
-1.734016 0.100315 -1.734016 0.100315
-1.705354 0.100315 -1.705354 0.100315
-1.676693 0.100315 -1.676693 0.100315
-1.648031 0.100315 -1.648031 0.100315
-1.619370 0.100315 -1.619370 0.100315
-1.590709 0.100315 -1.590709 0.100315
-1.562047 0.100315 -1.562047 0.100315
-1.533386 0.100315 -1.533386 0.100315
-1.504724 0.100315 -1.504724 0.100315
-1.476063 0.100315 -1.476063 0.100315
-1.447402 0.100315 -1.447402 0.100315
-1.418740 0.100315 -1.418740 0.100315
-1.390079 0.100315 -1.390079 0.100315
-1.361417 0.100315 -0.342193 -0.014524
-1.332756 0.100315 -0.316260 -0.014217
-1.304094 0.100315 -0.707392 0.033082
-1.275433 0.100315 -0.799139 0.046649
-1.246772 0.100315 -0.770065 0.046603
-1.218110 0.100315 -0.875280 0.061687
-1.189449 0.100315 -0.840943 0.061047
-1.160787 0.100315 -0.904632 0.071453
-1.132126 0.100315 -0.972323 0.082310
-1.103465 0.100315 -0.942535 0.082183
-1.074803 0.100315 -0.912747 0.082056
-1.046142 0.100315 -1.046142 0.100315
-1.017480 0.100315 -1.017480 0.100315
-0.988819 0.100315 -0.988819 0.100315
-0.960157 0.100315 -0.960157 0.100315
-0.931496 0.100315 -0.931496 0.100315
-0.902835 0.100315 -1.064900 0.118576
-0.874173 0.100315 -1.035112 0.118449
-0.845512 0.100315 -1.005325 0.118322
-0.816850 0.100315 -1.072990 0.129175
-0.788189 0.100315 -0.156891 0.029184
-0.759528 0.100315 -0.140474 0.030563
-0.730866 0.100315 -0.124058 0.031943
-0.702205 0.100315 -0.107652 0.033327
-0.673543 0.100315 1.257155 -0.117215
-0.644882 0.100315 1.201438 -0.107708
-0.616220 0.100315 1.145693 -0.098205
-0.587559 0.100315 -0.587559 0.100315
-0.558898 0.100315 -0.558898 0.100315
-0.530236 0.100315 -0.530236 0.100315
-0.501575 0.100315 -0.501575 0.100315
-0.472913 0.100315 -0.472913 0.100315
-0.444252 0.100315 -0.444252 0.100315
-0.415591 0.100315 -0.415591 0.100315
-0.386929 0.100315 -0.386929 0.100315
-0.358268 0.100315 -0.358268 0.100315
-0.329606 0.100315 -0.329606 0.100315
-0.300945 0.100315 -0.300945 0.100315
-0.272283 0.100315 -0.272283 0.100315
-0.243622 0.100315 -0.243622 0.100315
-0.214961 0.100315 -0.214961 0.100315
-0.186299 0.100315 -0.186299 0.100315
-0.157638 0.100315 -0.157638 0.100315
-0.128976 0.100315 -0.128976 0.100315
-0.100315 0.100315 -0.100315 0.100315
-0.071654 0.100315 -0.071654 0.100315
-0.042992 0.100315 -0.042992 0.100315
-0.014331 0.100315 -0.014331 0.100315
0.014331 0.100315 0.014331 0.100315
0.042992 0.100315 0.042992 0.100315
0.071654 0.100315 0.071654 0.100315
0.100315 0.100315 0.100315 0.100315
0.128976 0.100315 0.128976 0.100315
0.157638 0.100315 0.157638 0.100315
0.186299 0.100315 0.186299 0.100315
0.214961 0.100315 0.214961 0.100315
0.243622 0.100315 0.243622 0.100315
0.272283 0.100315 0.272283 0.100315
0.300945 0.100315 0.300945 0.100315
0.329606 0.100315 0.329606 0.100315
0.358268 0.100315 0.358268 0.100315
0.386929 0.100315 0.386929 0.100315
0.415591 0.100315 0.415591 0.100315
0.444252 0.100315 0.444252 0.100315
0.472913 0.100315 0.472913 0.100315
0.501575 0.100315 0.501575 0.100315
0.530236 0.100315 0.530236 0.100315
0.558898 0.100315 0.558898 0.100315
0.587559 0.100315 0.587559 0.100315
0.616220 0.100315 -1.145722 -0.098208
0.644882 0.100315 -1.201438 -0.107715
0.673543 0.100315 -1.257126 -0.117212
0.702205 0.100315 0.107640 0.033326
0.730866 0.100315 0.124056 0.031946
0.759528 0.100315 0.140485 0.030565
0.788189 0.100315 0.156902 0.029185
0.816850 0.100315 1.072991 0.129175
0.845512 0.100315 1.005325 0.118322
0.874173 0.100315 1.035112 0.118449
0.902835 0.100315 1.064900 0.118576
0.931496 0.100315 0.931496 0.100315
0.960157 0.100315 0.960157 0.100315
0.988819 0.100315 0.988819 0.100315
1.017480 0.100315 1.017480 0.100315
1.046142 0.100315 1.046142 0.100315
1.074803 0.100315 0.912746 0.082056
1.103465 0.100315 0.942534 0.082183
1.132126 0.100315 0.972323 0.082309
1.160787 0.100315 0.904634 0.071453
1.189449 0.100315 0.840943 0.061047
1.218110 0.100315 0.875280 0.061687
1.246772 0.100315 0.770067 0.046603
1.275433 0.100315 0.799139 0.046649
1.304094 0.100315 0.707395 0.033082
1.332756 0.100315 0.316277 -0.014214
1.361417 0.100315 0.342163 -0.014528
1.390079 0.100315 1.390079 0.100315
1.418740 0.100315 1.418740 0.100315
1.447402 0.100315 1.447402 0.100315
1.476063 0.100315 1.476063 0.100315
1.504724 0.100315 1.504724 0.100315
1.533386 0.100315 1.533386 0.100315
1.562047 0.100315 1.562047 0.100315
1.590709 0.100315 1.590709 0.100315
1.619370 0.100315 1.619370 0.100315
1.648031 0.100315 1.648031 0.100315
1.676693 0.100315 1.676693 0.100315
1.705354 0.100315 1.705354 0.100315
1.734016 0.100315 1.734016 0.100315
1.762677 0.100315 1.762677 0.100315
1.791339 0.100315 1.791339 0.100315
1.820000 0.100315 1.820000 0.100315
-1.820000 0.128976 -1.820000 0.128976
-1.791339 0.128976 -1.791339 0.128976
-1.762677 0.128976 -1.762677 0.128976
-1.734016 0.128976 -1.734016 0.128976
-1.705354 0.128976 -1.705354 0.128976
-1.676693 0.128976 -1.676693 0.128976
-1.648031 0.128976 -1.648031 0.128976
-1.619370 0.128976 -1.619370 0.128976
-1.590709 0.128976 -1.590709 0.128976
-1.562047 0.128976 -1.562047 0.128976
-1.533386 0.128976 -1.533386 0.128976
-1.504724 0.128976 -1.504724 0.128976
-1.476063 0.128976 -1.476063 0.128976
-1.447402 0.128976 -1.447402 0.128976
-1.418740 0.128976 -1.418740 0.128976
-1.390079 0.128976 -1.390079 0.128976
-1.361417 0.128976 -0.165579 -0.005762
-1.332756 0.128976 -0.315962 0.014412
-1.304094 0.128976 -0.709730 0.062007
-1.275433 0.128976 -0.799185 0.075315
-1.246772 0.128976 -0.770112 0.075269
-1.218110 0.128976 -0.875919 0.090420
-1.189449 0.128976 -0.841582 0.089781
-1.160787 0.128976 -0.904455 0.100095
-1.132126 0.128976 -0.972448 0.110985
-1.103465 0.128976 -0.942662 0.110859
-1.074803 0.128976 -0.912874 0.110732
-1.046142 0.128976 -1.046142 0.128976
-1.017480 0.128976 -1.017480 0.128976
-0.988819 0.128976 -0.988819 0.128976
-0.960157 0.128976 -0.960157 0.128976
-0.931496 0.128976 -0.931496 0.128976
-0.902835 0.128976 -1.065027 0.147251
-0.874173 0.128976 -1.035239 0.147124
-0.845512 0.128976 -1.005452 0.146998
-0.816850 0.128976 -1.072814 0.157817
-0.788189 0.128976 -1.045722 0.157994
-0.759528 0.128976 -0.139094 0.059069
-0.730866 0.128976 -0.122678 0.060449
-0.702205 0.128976 -0.106262 0.061829
-0.673543 0.128976 1.266661 -0.089625
-0.644882 0.128976 1.210945 -0.080118
-0.616220 0.128976 1.155229 -0.070611
-0.587559 0.128976 -0.262149 0.092311
-0.558898 0.128976 -0.558898 0.128976
-0.530236 0.128976 -0.530236 0.128976
-0.501575 0.128976 -0.501575 0.128976
-0.472913 0.128976 -0.472913 0.128976
-0.444252 0.128976 -0.444252 0.128976
-0.415591 0.128976 -0.415591 0.128976
-0.386929 0.128976 -0.386929 0.128976
-0.358268 0.128976 -0.358268 0.128976
-0.329606 0.128976 -0.329606 0.128976
-0.300945 0.128976 -0.300945 0.128976
-0.272283 0.128976 -0.272283 0.128976
-0.243622 0.128976 -0.243622 0.128976
-0.214961 0.128976 -0.214961 0.128976
-0.186299 0.128976 -0.186299 0.128976
-0.157638 0.128976 -0.157638 0.128976
-0.128976 0.128976 -0.128976 0.128976
-0.100315 0.128976 -0.100315 0.128976
-0.071654 0.128976 -0.071654 0.128976
-0.042992 0.128976 -0.042992 0.128976
-0.014331 0.128976 -0.014331 0.128976
0.014331 0.128976 0.014331 0.128976
0.042992 0.128976 0.042992 0.128976
0.071654 0.128976 0.071654 0.128976
0.100315 0.128976 0.100315 0.128976
0.128976 0.128976 0.128976 0.128976
0.157638 0.128976 0.157638 0.128976
0.186299 0.128976 0.186299 0.128976
0.214961 0.128976 0.214961 0.128976
0.243622 0.128976 0.243622 0.128976
0.272283 0.128976 0.272283 0.128976
0.300945 0.128976 0.300945 0.128976
0.329606 0.128976 0.329606 0.128976
0.358268 0.128976 0.358268 0.128976
0.386929 0.128976 0.386929 0.128976
0.415591 0.128976 0.415591 0.128976
0.444252 0.128976 0.444252 0.128976
0.472913 0.128976 0.472913 0.128976
0.501575 0.128976 0.501575 0.128976
0.530236 0.128976 0.530236 0.128976
0.558898 0.128976 0.558898 0.128976
0.587559 0.128976 0.262149 0.092312
0.616220 0.128976 -1.155229 -0.070618
0.644882 0.128976 -1.210946 -0.080125
0.673543 0.128976 -1.266632 -0.089621
0.702205 0.128976 0.106260 0.061832
0.730866 0.128976 0.122677 0.060452
0.759528 0.128976 0.139106 0.059071
0.788189 0.128976 1.045722 0.157994
0.816850 0.128976 1.072814 0.157817
0.845512 0.128976 1.005452 0.146998
0.874173 0.128976 1.035239 0.147124
0.902835 0.128976 1.065027 0.147251
0.931496 0.128976 0.931496 0.128976
0.960157 0.128976 0.960157 0.128976
0.988819 0.128976 0.988819 0.128976
1.017480 0.128976 1.017480 0.128976
1.046142 0.128976 1.046142 0.128976
1.074803 0.128976 0.912873 0.110732
1.103465 0.128976 0.942661 0.110858
1.132126 0.128976 0.972449 0.110985
1.160787 0.128976 0.904457 0.100095
1.189449 0.128976 0.841583 0.089781
1.218110 0.128976 0.875920 0.090420
1.246772 0.128976 0.770113 0.075270
1.275433 0.128976 0.799185 0.075316
1.304094 0.128976 0.709734 0.062007
1.332756 0.128976 0.315967 0.014413
1.361417 0.128976 0.165574 -0.005763
1.390079 0.128976 1.390079 0.128976
1.418740 0.128976 1.418740 0.128976
1.447402 0.128976 1.447402 0.128976
1.476063 0.128976 1.476063 0.128976
1.504724 0.128976 1.504724 0.128976
1.533386 0.128976 1.533386 0.128976
1.562047 0.128976 1.562047 0.128976
1.590709 0.128976 1.590709 0.128976
1.619370 0.128976 1.619370 0.128976
1.648031 0.128976 1.648031 0.128976
1.676693 0.128976 1.676693 0.128976
1.705354 0.128976 1.705354 0.128976
1.734016 0.128976 1.734016 0.128976
1.762677 0.128976 1.762677 0.128976
1.791339 0.128976 1.791339 0.128976
1.820000 0.128976 1.820000 0.128976
-1.820000 0.157638 -1.820000 0.157638
-1.791339 0.157638 -1.791339 0.157638
-1.762677 0.157638 -1.762677 0.157638
-1.734016 0.157638 -1.734016 0.157638
-1.705354 0.157638 -1.705354 0.157638
-1.676693 0.157638 -1.676693 0.157638
-1.648031 0.157638 -1.648031 0.157638
-1.619370 0.157638 -1.619370 0.157638
-1.590709 0.157638 -1.590709 0.157638
-1.562047 0.157638 -1.562047 0.157638
-1.533386 0.157638 -1.533386 0.157638
-1.504724 0.157638 -1.504724 0.157638
-1.476063 0.157638 -1.476063 0.157638
-1.447402 0.157638 -1.447402 0.157638
-1.418740 0.157638 -1.418740 0.157638
-1.390079 0.157638 -1.390079 0.157638
-1.361417 0.157638 -0.179058 0.024418
-1.332756 0.157638 -0.315652 0.043038
-1.304094 0.157638 -0.712069 0.090932
-1.275433 0.157638 -0.799232 0.103982
-1.246772 0.157638 -0.770158 0.103936
-1.218110 0.157638 -0.876559 0.119154
-1.189449 0.157638 -0.842222 0.118514
-1.160787 0.157638 -0.904278 0.128736
-1.132126 0.157638 -0.972575 0.139660
-1.103465 0.157638 -0.942788 0.139534
-1.074803 0.157638 -0.913001 0.139407
-1.046142 0.157638 -1.046142 0.157638
-1.017480 0.157638 -1.017480 0.157638
-0.988819 0.157638 -0.988819 0.157638
-0.960157 0.157638 -0.960157 0.157638
-0.931496 0.157638 -0.931496 0.157638
-0.902835 0.157638 -1.065154 0.175927
-0.874173 0.157638 -1.035366 0.175800
-0.845512 0.157638 -1.005579 0.175673
-0.816850 0.157638 -1.072637 0.186458
-0.788189 0.157638 -1.045545 0.186635
-0.759528 0.157638 -0.137715 0.087575
-0.730866 0.157638 -0.121298 0.088955
-0.702205 0.157638 -0.104882 0.090335
-0.673543 0.157638 1.180798 -0.491231
-0.644882 0.157638 1.133343 -0.464593
-0.616220 0.157638 1.085876 -0.437955
-0.587559 0.157638 -0.262214 0.043793
-0.558898 0.157638 -0.558898 0.157638
-0.530236 0.157638 -0.530236 0.157638
-0.501575 0.157638 -0.501575 0.157638
-0.472913 0.157638 -0.472913 0.157638
-0.444252 0.157638 -0.444252 0.157638
-0.415591 0.157638 -0.415591 0.157638
-0.386929 0.157638 -0.386929 0.157638
-0.358268 0.157638 -0.358268 0.157638
-0.329606 0.157638 -0.329606 0.157638
-0.300945 0.157638 -0.300945 0.157638
-0.272283 0.157638 -0.272283 0.157638
-0.243622 0.157638 -0.243622 0.157638
-0.214961 0.157638 -0.214961 0.157638
-0.186299 0.157638 -0.186299 0.157638
-0.157638 0.157638 -0.157638 0.157638
-0.128976 0.157638 -0.128976 0.157638
-0.100315 0.157638 -0.100315 0.157638
-0.071654 0.157638 -0.071654 0.157638
-0.042992 0.157638 -0.042992 0.157638
-0.014331 0.157638 -0.014331 0.157638
0.014331 0.157638 0.014331 0.157638
0.042992 0.157638 0.042992 0.157638
0.071654 0.157638 0.071654 0.157638
0.100315 0.157638 0.100315 0.157638
0.128976 0.157638 0.128976 0.157638
0.157638 0.157638 0.157638 0.157638
0.186299 0.157638 0.186299 0.157638
0.214961 0.157638 0.214961 0.157638
0.243622 0.157638 0.243622 0.157638
0.272283 0.157638 0.272283 0.157638
0.300945 0.157638 0.300945 0.157638
0.329606 0.157638 0.329606 0.157638
0.358268 0.157638 0.358268 0.157638
0.386929 0.157638 0.386929 0.157638
0.415591 0.157638 0.415591 0.157638
0.444252 0.157638 0.444252 0.157638
0.472913 0.157638 0.472913 0.157638
0.501575 0.157638 0.501575 0.157638
0.530236 0.157638 0.530236 0.157638
0.558898 0.157638 0.558898 0.157638
0.587559 0.157638 0.262214 0.043794
0.616220 0.157638 -1.085875 -0.437957
0.644882 0.157638 -1.133342 -0.464595
0.673543 0.157638 -1.180808 -0.491234
0.702205 0.157638 0.104881 0.090338
0.730866 0.157638 0.121297 0.088958
0.759528 0.157638 0.137713 0.087579
0.788189 0.157638 1.045545 0.186635
0.816850 0.157638 1.072637 0.186458
0.845512 0.157638 1.005579 0.175673
0.874173 0.157638 1.035366 0.175800
0.902835 0.157638 1.065154 0.175927
0.931496 0.157638 0.931496 0.157638
0.960157 0.157638 0.960157 0.157638
0.988819 0.157638 0.988819 0.157638
1.017480 0.157638 1.017480 0.157638
1.046142 0.157638 1.046142 0.157638
1.074803 0.157638 0.913000 0.139407
1.103465 0.157638 0.942787 0.139534
1.132126 0.157638 0.972576 0.139661
1.160787 0.157638 0.904280 0.128736
1.189449 0.157638 0.842222 0.118514
1.218110 0.157638 0.876559 0.119154
1.246772 0.157638 0.770159 0.103936
1.275433 0.157638 0.799229 0.103982
1.304094 0.157638 0.712072 0.090932
1.332756 0.157638 0.315656 0.043039
1.361417 0.157638 0.179053 0.024418
1.390079 0.157638 1.390079 0.157638
1.418740 0.157638 1.418740 0.157638
1.447402 0.157638 1.447402 0.157638
1.476063 0.157638 1.476063 0.157638
1.504724 0.157638 1.504724 0.157638
1.533386 0.157638 1.533386 0.157638
1.562047 0.157638 1.562047 0.157638
1.590709 0.157638 1.590709 0.157638
1.619370 0.157638 1.619370 0.157638
1.648031 0.157638 1.648031 0.157638
1.676693 0.157638 1.676693 0.157638
1.705354 0.157638 1.705354 0.157638
1.734016 0.157638 1.734016 0.157638
1.762677 0.157638 1.762677 0.157638
1.791339 0.157638 1.791339 0.157638
1.820000 0.157638 1.820000 0.157638
-1.820000 0.186299 -1.820000 0.186299
-1.791339 0.186299 -1.791339 0.186299
-1.762677 0.186299 -1.762677 0.186299
-1.734016 0.186299 -1.734016 0.186299
-1.705354 0.186299 -1.705354 0.186299
-1.676693 0.186299 -1.676693 0.186299
-1.648031 0.186299 -1.648031 0.186299
-1.619370 0.186299 -1.619370 0.186299
-1.590709 0.186299 -1.590709 0.186299
-1.562047 0.186299 -1.562047 0.186299
-1.533386 0.186299 -1.533386 0.186299
-1.504724 0.186299 -1.504724 0.186299
-1.476063 0.186299 -1.476063 0.186299
-1.447402 0.186299 -1.447402 0.186299
-1.418740 0.186299 -1.418740 0.186299
-1.390079 0.186299 -1.390079 0.186299
-1.361417 0.186299 -0.192538 0.054598
-1.332756 0.186299 -0.315341 0.071665
-1.304094 0.186299 -0.714407 0.119857
-1.275433 0.186299 -0.799276 0.132649
-1.246772 0.186299 -0.770204 0.132603
-1.218110 0.186299 -0.741133 0.132556
-1.189449 0.186299 -0.842861 0.147248
-1.160787 0.186299 -0.904101 0.157378
-1.132126 0.186299 -0.877009 0.157554
-1.103465 0.186299 -0.942914 0.168209
-1.074803 0.186299 -0.913128 0.168083
-1.046142 0.186299 -1.046142 0.186299
-1.017480 0.186299 -1.017480 0.186299
-0.988819 0.186299 -0.988819 0.186299
-0.960157 0.186299 -0.960157 0.186299
-0.931496 0.186299 -0.931496 0.186299
-0.902835 0.186299 -1.065281 0.204603
-0.874173 0.186299 -1.035493 0.204476
-0.845512 0.186299 -1.005706 0.204349
-0.816850 0.186299 -1.072460 0.215100
-0.788189 0.186299 -1.032399 0.271752
-0.759528 0.186299 -0.166430 -0.021236
-0.730866 0.186299 -0.148817 -0.017371
-0.702205 0.186299 -0.131203 -0.013505
-0.673543 0.186299 -0.113589 -0.009639
-0.644882 0.186299 1.159981 -0.445253
-0.616220 0.186299 1.112515 -0.418615
-0.587559 0.186299 -0.243769 0.066001
-0.558898 0.186299 -0.558898 0.186299
-0.530236 0.186299 -0.530236 0.186299
-0.501575 0.186299 -0.501575 0.186299
-0.472913 0.186299 -0.472913 0.186299
-0.444252 0.186299 -0.444252 0.186299
-0.415591 0.186299 -0.415591 0.186299
-0.386929 0.186299 -0.386929 0.186299
-0.358268 0.186299 -0.358268 0.186299
-0.329606 0.186299 -0.329606 0.186299
-0.300945 0.186299 -0.300945 0.186299
-0.272283 0.186299 -0.272283 0.186299
-0.243622 0.186299 -0.243622 0.186299
-0.214961 0.186299 -0.214961 0.186299
-0.186299 0.186299 -0.186299 0.186299
-0.157638 0.186299 -0.157638 0.186299
-0.128976 0.186299 -0.128976 0.186299
-0.100315 0.186299 -0.100315 0.186299
-0.071654 0.186299 -0.071654 0.186299
-0.042992 0.186299 -0.042992 0.186299
-0.014331 0.186299 -0.014331 0.186299
0.014331 0.186299 0.014331 0.186299
0.042992 0.186299 0.042992 0.186299
0.071654 0.186299 0.071654 0.186299
0.100315 0.186299 0.100315 0.186299
0.128976 0.186299 0.128976 0.186299
0.157638 0.186299 0.157638 0.186299
0.186299 0.186299 0.186299 0.186299
0.214961 0.186299 0.214961 0.186299
0.243622 0.186299 0.243622 0.186299
0.272283 0.186299 0.272283 0.186299
0.300945 0.186299 0.300945 0.186299
0.329606 0.186299 0.329606 0.186299
0.358268 0.186299 0.358268 0.186299
0.386929 0.186299 0.386929 0.186299
0.415591 0.186299 0.415591 0.186299
0.444252 0.186299 0.444252 0.186299
0.472913 0.186299 0.472913 0.186299
0.501575 0.186299 0.501575 0.186299
0.530236 0.186299 0.530236 0.186299
0.558898 0.186299 0.558898 0.186299
0.587559 0.186299 0.243778 0.066004
0.616220 0.186299 -1.112514 -0.418617
0.644882 0.186299 -1.159980 -0.445255
0.673543 0.186299 0.113597 -0.009636
0.702205 0.186299 0.131203 -0.013502
0.730866 0.186299 0.148817 -0.017368
0.759528 0.186299 0.166430 -0.021234
0.788189 0.186299 1.032399 0.271752
0.816850 0.186299 1.072460 0.215100
0.845512 0.186299 1.005706 0.204349
0.874173 0.186299 1.035493 0.204476
0.902835 0.186299 1.065281 0.204603
0.931496 0.186299 0.931496 0.186299
0.960157 0.186299 0.960157 0.186299
0.988819 0.186299 0.988819 0.186299
1.017480 0.186299 1.017480 0.186299
1.046142 0.186299 1.046142 0.186299
1.074803 0.186299 0.913127 0.168083
1.103465 0.186299 0.942914 0.168210
1.132126 0.186299 0.877010 0.157555
1.160787 0.186299 0.904104 0.157378
1.189449 0.186299 0.842862 0.147248
1.218110 0.186299 0.741134 0.132557
1.246772 0.186299 0.770204 0.132602
1.275433 0.186299 0.799276 0.132648
1.304094 0.186299 0.714410 0.119857
1.332756 0.186299 0.315328 0.071662
1.361417 0.186299 0.192533 0.054598
1.390079 0.186299 1.390079 0.186299
1.418740 0.186299 1.418740 0.186299
1.447402 0.186299 1.447402 0.186299
1.476063 0.186299 1.476063 0.186299
1.504724 0.186299 1.504724 0.186299
1.533386 0.186299 1.533386 0.186299
1.562047 0.186299 1.562047 0.186299
1.590709 0.186299 1.590709 0.186299
1.619370 0.186299 1.619370 0.186299
1.648031 0.186299 1.648031 0.186299
1.676693 0.186299 1.676693 0.186299
1.705354 0.186299 1.705354 0.186299
1.734016 0.186299 1.734016 0.186299
1.762677 0.186299 1.762677 0.186299
1.791339 0.186299 1.791339 0.186299
1.820000 0.186299 1.820000 0.186299
-1.820000 0.214961 -1.820000 0.214961
-1.791339 0.214961 -1.791339 0.214961
-1.762677 0.214961 -1.762677 0.214961
-1.734016 0.214961 -1.734016 0.214961
-1.705354 0.214961 -1.705354 0.214961
-1.676693 0.214961 -1.676693 0.214961
-1.648031 0.214961 -1.648031 0.214961
-1.619370 0.214961 -1.619370 0.214961
-1.590709 0.214961 -1.590709 0.214961
-1.562047 0.214961 -1.562047 0.214961
-1.533386 0.214961 -1.533386 0.214961
-1.504724 0.214961 -1.504724 0.214961
-1.476063 0.214961 -1.476063 0.214961
-1.447402 0.214961 -1.447402 0.214961
-1.418740 0.214961 -1.418740 0.214961
-1.390079 0.214961 -1.390079 0.214961
-1.361417 0.214961 -0.206013 0.084777
-1.332756 0.214961 -0.315030 0.100291
-1.304094 0.214961 -0.716748 0.148783
-1.275433 0.214961 -0.799322 0.161316
-1.246772 0.214961 -0.770250 0.161269
-1.218110 0.214961 -0.741179 0.161223
-1.189449 0.214961 -0.843501 0.175981
-1.160787 0.214961 -0.903924 0.186019
-1.132126 0.214961 -0.876832 0.186196
-1.103465 0.214961 -0.943041 0.196885
-1.074803 0.214961 -0.913254 0.196758
-1.046142 0.214961 -0.883467 0.196632
-1.017480 0.214961 -1.017480 0.214961
-0.988819 0.214961 -0.988819 0.214961
-0.960157 0.214961 -0.960157 0.214961
-0.931496 0.214961 -0.931496 0.214961
-0.902835 0.214961 -1.057329 0.269021
-0.874173 0.214961 -1.027651 0.268665
-0.845512 0.214961 -0.997974 0.268309
-0.816850 0.214961 -1.059149 0.299745
-0.788189 0.214961 -1.031903 0.300240
-0.759528 0.214961 -0.162572 0.006077
-0.730866 0.214961 -0.144951 0.009938
-0.702205 0.214961 -0.127337 0.013804
-0.673543 0.214961 -0.109724 0.017670
-0.644882 0.214961 1.186609 -0.425912
-0.616220 0.214961 1.139153 -0.399274
-0.587559 0.214961 1.091687 -0.372636
-0.558898 0.214961 -0.249367 0.106649
-0.530236 0.214961 -0.530236 0.214961
-0.501575 0.214961 -0.501575 0.214961
-0.472913 0.214961 -0.472913 0.214961
-0.444252 0.214961 -0.444252 0.214961
-0.415591 0.214961 -0.415591 0.214961
-0.386929 0.214961 -0.386929 0.214961
-0.358268 0.214961 -0.358268 0.214961
-0.329606 0.214961 -0.329606 0.214961
-0.300945 0.214961 -0.300945 0.214961
-0.272283 0.214961 -0.272283 0.214961
-0.243622 0.214961 -0.243622 0.214961
-0.214961 0.214961 -0.214961 0.214961
-0.186299 0.214961 -0.186299 0.214961
-0.157638 0.214961 -0.157638 0.214961
-0.128976 0.214961 -0.128976 0.214961
-0.100315 0.214961 -0.100315 0.214961
-0.071654 0.214961 -0.071654 0.214961
-0.042992 0.214961 -0.042992 0.214961
-0.014331 0.214961 -0.014331 0.214961
0.014331 0.214961 0.014331 0.214961
0.042992 0.214961 0.042992 0.214961
0.071654 0.214961 0.071654 0.214961
0.100315 0.214961 0.100315 0.214961
0.128976 0.214961 0.128976 0.214961
0.157638 0.214961 0.157638 0.214961
0.186299 0.214961 0.186299 0.214961
0.214961 0.214961 0.214961 0.214961
0.243622 0.214961 0.243622 0.214961
0.272283 0.214961 0.272283 0.214961
0.300945 0.214961 0.300945 0.214961
0.329606 0.214961 0.329606 0.214961
0.358268 0.214961 0.358268 0.214961
0.386929 0.214961 0.386929 0.214961
0.415591 0.214961 0.415591 0.214961
0.444252 0.214961 0.444252 0.214961
0.472913 0.214961 0.472913 0.214961
0.501575 0.214961 0.501575 0.214961
0.530236 0.214961 0.530236 0.214961
0.558898 0.214961 0.249360 0.106647
0.587559 0.214961 -1.091677 -0.372633
0.616220 0.214961 -1.139152 -0.399277
0.644882 0.214961 -1.186619 -0.425915
0.673543 0.214961 0.109732 0.017673
0.702205 0.214961 0.127337 0.013806
0.730866 0.214961 0.144951 0.009940
0.759528 0.214961 0.162564 0.006075
0.788189 0.214961 1.031904 0.300240
0.816850 0.214961 1.059149 0.299745
0.845512 0.214961 0.997973 0.268310
0.874173 0.214961 1.027651 0.268665
0.902835 0.214961 1.057328 0.269021
0.931496 0.214961 0.931496 0.214961
0.960157 0.214961 0.960157 0.214961
0.988819 0.214961 0.988819 0.214961
1.017480 0.214961 1.017480 0.214961
1.046142 0.214961 0.883466 0.196632
1.074803 0.214961 0.913254 0.196759
1.103465 0.214961 0.943041 0.196886
1.132126 0.214961 0.876833 0.186197
1.160787 0.214961 0.903926 0.186019
1.189449 0.214961 0.843501 0.175981
1.218110 0.214961 0.741181 0.161223
1.246772 0.214961 0.770251 0.161269
1.275433 0.214961 0.799322 0.161315
1.304094 0.214961 0.716748 0.148782
1.332756 0.214961 0.315017 0.100289
1.361417 0.214961 0.206013 0.084778
1.390079 0.214961 1.390079 0.214961
1.418740 0.214961 1.418740 0.214961
1.447402 0.214961 1.447402 0.214961
1.476063 0.214961 1.476063 0.214961
1.504724 0.214961 1.504724 0.214961
1.533386 0.214961 1.533386 0.214961
1.562047 0.214961 1.562047 0.214961
1.590709 0.214961 1.590709 0.214961
1.619370 0.214961 1.619370 0.214961
1.648031 0.214961 1.648031 0.214961
1.676693 0.214961 1.676693 0.214961
1.705354 0.214961 1.705354 0.214961
1.734016 0.214961 1.734016 0.214961
1.762677 0.214961 1.762677 0.214961
1.791339 0.214961 1.791339 0.214961
1.820000 0.214961 1.820000 0.214961
-1.820000 0.243622 -1.820000 0.243622
-1.791339 0.243622 -1.791339 0.243622
-1.762677 0.243622 -1.762677 0.243622
-1.734016 0.243622 -1.734016 0.243622
-1.705354 0.243622 -1.705354 0.243622
-1.676693 0.243622 -1.676693 0.243622
-1.648031 0.243622 -1.648031 0.243622
-1.619370 0.243622 -1.619370 0.243622
-1.590709 0.243622 -1.590709 0.243622
-1.562047 0.243622 -1.562047 0.243622
-1.533386 0.243622 -1.533386 0.243622
-1.504724 0.243622 -1.504724 0.243622
-1.476063 0.243622 -1.476063 0.243622
-1.447402 0.243622 -1.447402 0.243622
-1.418740 0.243622 -1.418740 0.243622
-1.390079 0.243622 -1.390079 0.243622
-1.361417 0.243622 -0.219493 0.114958
-1.332756 0.243622 -0.314719 0.128918
-1.304094 0.243622 -0.288817 0.129229
-1.275433 0.243622 -0.799368 0.189982
-1.246772 0.243622 -0.770297 0.189936
-1.218110 0.243622 -0.741225 0.189890
-1.189449 0.243622 -0.844141 0.204715
-1.160787 0.243622 -0.903748 0.214661
-1.132126 0.243622 -0.876655 0.214837
-1.103465 0.243622 -0.943168 0.225561
-1.074803 0.243622 -0.913381 0.225434
-1.046142 0.243622 -0.891784 0.189610
-1.017480 0.243622 -1.017480 0.243622
-0.988819 0.243622 -0.988819 0.243622
-0.960157 0.243622 -0.960157 0.243622
-0.931496 0.243622 -0.931496 0.243622
-0.902835 0.243622 -0.902835 0.243622
-0.874173 0.243622 -1.028007 0.297451
-0.845512 0.243622 -0.998329 0.297095
-0.816850 0.243622 -0.968652 0.296739
-0.788189 0.243622 -1.031408 0.328728
-0.759528 0.243622 -1.004162 0.329224
-0.730866 0.243622 -0.141092 0.037252
-0.702205 0.243622 -0.123478 0.041117
-0.673543 0.243622 -0.105858 0.044978
-0.644882 0.243622 1.213247 -0.406572
-0.616220 0.243622 1.165781 -0.379933
-0.587559 0.243622 1.118325 -0.353296
-0.558898 0.243622 -0.230923 0.128858
-0.530236 0.243622 -0.530236 0.243622
-0.501575 0.243622 -0.501575 0.243622
-0.472913 0.243622 -0.472913 0.243622
-0.444252 0.243622 -0.444252 0.243622
-0.415591 0.243622 -0.415591 0.243622
-0.386929 0.243622 -0.386929 0.243622
-0.358268 0.243622 -0.358268 0.243622
-0.329606 0.243622 -0.329606 0.243622
-0.300945 0.243622 -0.300945 0.243622
-0.272283 0.243622 -0.272283 0.243622
-0.243622 0.243622 -0.243622 0.243622
-0.214961 0.243622 -0.214961 0.243622
-0.186299 0.243622 -0.186299 0.243622
-0.157638 0.243622 -0.157638 0.243622
-0.128976 0.243622 -0.128976 0.243622
-0.100315 0.243622 -0.100315 0.243622
-0.071654 0.243622 -0.071654 0.243622
-0.042992 0.243622 -0.042992 0.243622
-0.014331 0.243622 -0.014331 0.243622
0.014331 0.243622 0.014331 0.243622
0.042992 0.243622 0.042992 0.243622
0.071654 0.243622 0.071654 0.243622
0.100315 0.243622 0.100315 0.243622
0.128976 0.243622 0.128976 0.243622
0.157638 0.243622 0.157638 0.243622
0.186299 0.243622 0.186299 0.243622
0.214961 0.243622 0.214961 0.243622
0.243622 0.243622 0.243622 0.243622
0.272283 0.243622 0.272283 0.243622
0.300945 0.243622 0.300945 0.243622
0.329606 0.243622 0.329606 0.243622
0.358268 0.243622 0.358268 0.243622
0.386929 0.243622 0.386929 0.243622
0.415591 0.243622 0.415591 0.243622
0.444252 0.243622 0.444252 0.243622
0.472913 0.243622 0.472913 0.243622
0.501575 0.243622 0.501575 0.243622
0.530236 0.243622 0.530236 0.243622
0.558898 0.243622 0.230923 0.128857
0.587559 0.243622 -1.118315 -0.353292
0.616220 0.243622 -1.165782 -0.379931
0.644882 0.243622 -1.213257 -0.406575
0.673543 0.243622 0.105866 0.044981
0.702205 0.243622 0.123471 0.041115
0.730866 0.243622 0.141085 0.037249
0.759528 0.243622 1.004163 0.329224
0.788189 0.243622 1.031409 0.328728
0.816850 0.243622 0.968652 0.296740
0.845512 0.243622 0.998329 0.297095
0.874173 0.243622 1.028006 0.297451
0.902835 0.243622 0.902835 0.243622
0.931496 0.243622 0.931496 0.243622
0.960157 0.243622 0.960157 0.243622
0.988819 0.243622 0.988819 0.243622
1.017480 0.243622 1.017480 0.243622
1.046142 0.243622 0.891784 0.189610
1.074803 0.243622 0.913381 0.225434
1.103465 0.243622 0.943168 0.225561
1.132126 0.243622 0.876655 0.214838
1.160787 0.243622 0.903748 0.214661
1.189449 0.243622 0.844141 0.204714
1.218110 0.243622 0.741225 0.189889
1.246772 0.243622 0.770297 0.189935
1.275433 0.243622 0.799368 0.189982
1.304094 0.243622 0.288835 0.129229
1.332756 0.243622 0.314721 0.128915
1.361417 0.243622 0.219493 0.114958
1.390079 0.243622 1.390079 0.243622
1.418740 0.243622 1.418740 0.243622
1.447402 0.243622 1.447402 0.243622
1.476063 0.243622 1.476063 0.243622
1.504724 0.243622 1.504724 0.243622
1.533386 0.243622 1.533386 0.243622
1.562047 0.243622 1.562047 0.243622
1.590709 0.243622 1.590709 0.243622
1.619370 0.243622 1.619370 0.243622
1.648031 0.243622 1.648031 0.243622
1.676693 0.243622 1.676693 0.243622
1.705354 0.243622 1.705354 0.243622
1.734016 0.243622 1.734016 0.243622
1.762677 0.243622 1.762677 0.243622
1.791339 0.243622 1.791339 0.243622
1.820000 0.243622 1.820000 0.243622
-1.820000 0.272283 -1.820000 0.272283
-1.791339 0.272283 -1.791339 0.272283
-1.762677 0.272283 -1.762677 0.272283
-1.734016 0.272283 -1.734016 0.272283
-1.705354 0.272283 -1.705354 0.272283
-1.676693 0.272283 -1.676693 0.272283
-1.648031 0.272283 -1.648031 0.272283
-1.619370 0.272283 -1.619370 0.272283
-1.590709 0.272283 -1.590709 0.272283
-1.562047 0.272283 -1.562047 0.272283
-1.533386 0.272283 -1.533386 0.272283
-1.504724 0.272283 -1.504724 0.272283
-1.476063 0.272283 -1.476063 0.272283
-1.447402 0.272283 -1.447402 0.272283
-1.418740 0.272283 -1.418740 0.272283
-1.390079 0.272283 -1.390079 0.272283
-1.361417 0.272283 -0.232972 0.145138
-1.332756 0.272283 -0.314408 0.157544
-1.304094 0.272283 -0.326452 0.106607
-1.275433 0.272283 -0.799415 0.218649
-1.246772 0.272283 -0.777669 0.192395
-1.218110 0.272283 -0.748155 0.192979
-1.189449 0.272283 -0.862096 0.157739
-1.160787 0.272283 -0.911903 0.207675
-1.132126 0.272283 -0.889139 0.187259
-1.103465 0.272283 -0.951494 0.219107
-1.074803 0.272283 -0.921817 0.218751
-1.046142 0.272283 -0.892139 0.218396
-1.017480 0.272283 -1.017480 0.272283
-0.988819 0.272283 -0.988819 0.272283
-0.960157 0.272283 -0.960157 0.272283
-0.931496 0.272283 -0.931496 0.272283
-0.902835 0.272283 -0.902835 0.272283
-0.874173 0.272283 -1.028362 0.326237
-0.845512 0.272283 -0.998685 0.325881
-0.816850 0.272283 -0.969007 0.325525
-0.788189 0.272283 -1.030913 0.357216
-0.759528 0.272283 -1.003667 0.357712
-0.730866 0.272283 -0.137227 0.064561
-0.702205 0.272283 -0.119613 0.068426
-0.673543 0.272283 -0.101999 0.072292
-0.644882 0.272283 -0.084378 0.076153
-0.616220 0.272283 1.192420 -0.360593
-0.587559 0.272283 1.144953 -0.333955
-0.558898 0.272283 -0.247038 0.076331
-0.530236 0.272283 -0.530236 0.272283
-0.501575 0.272283 -0.501575 0.272283
-0.472913 0.272283 -0.472913 0.272283
-0.444252 0.272283 -0.444252 0.272283
-0.415591 0.272283 -0.415591 0.272283
-0.386929 0.272283 -0.386929 0.272283
-0.358268 0.272283 -0.358268 0.272283
-0.329606 0.272283 -0.329606 0.272283
-0.300945 0.272283 -0.300945 0.272283
-0.272283 0.272283 -0.272283 0.272283
-0.243622 0.272283 -0.243622 0.272283
-0.214961 0.272283 -0.214961 0.272283
-0.186299 0.272283 -0.186299 0.272283
-0.157638 0.272283 -0.157638 0.272283
-0.128976 0.272283 -0.128976 0.272283
-0.100315 0.272283 -0.100315 0.272283
-0.071654 0.272283 -0.071654 0.272283
-0.042992 0.272283 -0.042992 0.272283
-0.014331 0.272283 -0.014331 0.272283
0.014331 0.272283 0.014331 0.272283
0.042992 0.272283 0.042992 0.272283
0.071654 0.272283 0.071654 0.272283
0.100315 0.272283 0.100315 0.272283
0.128976 0.272283 0.128976 0.272283
0.157638 0.272283 0.157638 0.272283
0.186299 0.272283 0.186299 0.272283
0.214961 0.272283 0.214961 0.272283
0.243622 0.272283 0.243622 0.272283
0.272283 0.272283 0.272283 0.272283
0.300945 0.272283 0.300945 0.272283
0.329606 0.272283 0.329606 0.272283
0.358268 0.272283 0.358268 0.272283
0.386929 0.272283 0.386929 0.272283
0.415591 0.272283 0.415591 0.272283
0.444252 0.272283 0.444252 0.272283
0.472913 0.272283 0.472913 0.272283
0.501575 0.272283 0.501575 0.272283
0.530236 0.272283 0.530236 0.272283
0.558898 0.272283 0.247039 0.076330
0.587559 0.272283 -1.144954 -0.333952
0.616220 0.272283 -1.192420 -0.360591
0.644882 0.272283 0.084386 0.076156
0.673543 0.272283 0.102000 0.072290
0.702205 0.272283 0.119614 0.068424
0.730866 0.272283 0.137219 0.064558
0.759528 0.272283 1.003668 0.357712
0.788189 0.272283 1.030914 0.357216
0.816850 0.272283 0.969007 0.325526
0.845512 0.272283 0.998684 0.325881
0.874173 0.272283 1.028362 0.326237
0.902835 0.272283 0.902835 0.272283
0.931496 0.272283 0.931496 0.272283
0.960157 0.272283 0.960157 0.272283
0.988819 0.272283 0.988819 0.272283
1.017480 0.272283 1.017480 0.272283
1.046142 0.272283 0.892140 0.218396
1.074803 0.272283 0.921817 0.218752
1.103465 0.272283 0.951494 0.219107
1.132126 0.272283 0.889139 0.187259
1.160787 0.272283 0.911903 0.207675
1.189449 0.272283 0.862096 0.157738
1.218110 0.272283 0.748155 0.192979
1.246772 0.272283 0.777669 0.192395
1.275433 0.272283 0.799414 0.218648
1.304094 0.272283 0.326453 0.106605
1.332756 0.272283 0.314410 0.157542
1.361417 0.272283 0.232972 0.145138
1.390079 0.272283 1.390079 0.272283
1.418740 0.272283 1.418740 0.272283
1.447402 0.272283 1.447402 0.272283
1.476063 0.272283 1.476063 0.272283
1.504724 0.272283 1.504724 0.272283
1.533386 0.272283 1.533386 0.272283
1.562047 0.272283 1.562047 0.272283
1.590709 0.272283 1.590709 0.272283
1.619370 0.272283 1.619370 0.272283
1.648031 0.272283 1.648031 0.272283
1.676693 0.272283 1.676693 0.272283
1.705354 0.272283 1.705354 0.272283
1.734016 0.272283 1.734016 0.272283
1.762677 0.272283 1.762677 0.272283
1.791339 0.272283 1.791339 0.272283
1.820000 0.272283 1.820000 0.272283
-1.820000 0.300945 -1.820000 0.300945
-1.791339 0.300945 -1.791339 0.300945
-1.762677 0.300945 -1.762677 0.300945
-1.734016 0.300945 -1.734016 0.300945
-1.705354 0.300945 -1.705354 0.300945
-1.676693 0.300945 -1.676693 0.300945
-1.648031 0.300945 -1.648031 0.300945
-1.619370 0.300945 -1.619370 0.300945
-1.590709 0.300945 -1.590709 0.300945
-1.562047 0.300945 -1.562047 0.300945
-1.533386 0.300945 -1.533386 0.300945
-1.504724 0.300945 -1.504724 0.300945
-1.476063 0.300945 -1.476063 0.300945
-1.447402 0.300945 -1.447402 0.300945
-1.418740 0.300945 -1.418740 0.300945
-1.390079 0.300945 -1.390079 0.300945
-1.361417 0.300945 2.224912 -0.528537
-1.332756 0.300945 -0.352084 0.132122
-1.304094 0.300945 -0.349020 0.025783
-1.275433 0.300945 -0.705976 0.101684
-1.246772 0.300945 -0.789668 0.169617
-1.218110 0.300945 -0.765294 0.142499
-1.189449 0.300945 -0.863888 0.187027
-1.160787 0.300945 -0.830105 0.185235
-1.132126 0.300945 -0.888644 0.215747
-1.103465 0.300945 -0.951850 0.247893
-1.074803 0.300945 -0.922172 0.247537
-1.046142 0.300945 -0.892495 0.247182
-1.017480 0.300945 -1.017480 0.300945
-0.988819 0.300945 -0.988819 0.300945
-0.960157 0.300945 -0.960157 0.300945
-0.931496 0.300945 -0.931496 0.300945
-0.902835 0.300945 -0.902835 0.300945
-0.874173 0.300945 -1.028718 0.355023
-0.845512 0.300945 -0.999040 0.354667
-0.816850 0.300945 -0.969363 0.354312
-0.788189 0.300945 -0.939686 0.353956
-0.759528 0.300945 -1.003172 0.386200
-0.730866 0.300945 -0.133361 0.091869
-0.702205 0.300945 -0.115747 0.095735
-0.673543 0.300945 -0.098133 0.099601
-0.644882 0.300945 -0.080519 0.103466
-0.616220 0.300945 1.032273 -0.734871
-0.587559 0.300945 0.999673 -0.696378
-0.558898 0.300945 0.967072 -0.657885
-0.530236 0.300945 -0.234135 0.114894
-0.501575 0.300945 -0.501575 0.300945
-0.472913 0.300945 -0.472913 0.300945
-0.444252 0.300945 -0.444252 0.300945
-0.415591 0.300945 -0.415591 0.300945
-0.386929 0.300945 -0.386929 0.300945
-0.358268 0.300945 -0.358268 0.300945
-0.329606 0.300945 -0.329606 0.300945
-0.300945 0.300945 -0.300945 0.300945
-0.272283 0.300945 -0.272283 0.300945
-0.243622 0.300945 -0.243622 0.300945
-0.214961 0.300945 -0.214961 0.300945
-0.186299 0.300945 -0.186299 0.300945
-0.157638 0.300945 -0.157638 0.300945
-0.128976 0.300945 -0.128976 0.300945
-0.100315 0.300945 -0.100315 0.300945
-0.071654 0.300945 -0.071654 0.300945
-0.042992 0.300945 -0.042992 0.300945
-0.014331 0.300945 -0.014331 0.300945
0.014331 0.300945 0.014331 0.300945
0.042992 0.300945 0.042992 0.300945
0.071654 0.300945 0.071654 0.300945
0.100315 0.300945 0.100315 0.300945
0.128976 0.300945 0.128976 0.300945
0.157638 0.300945 0.157638 0.300945
0.186299 0.300945 0.186299 0.300945
0.214961 0.300945 0.214961 0.300945
0.243622 0.300945 0.243622 0.300945
0.272283 0.300945 0.272283 0.300945
0.300945 0.300945 0.300945 0.300945
0.329606 0.300945 0.329606 0.300945
0.358268 0.300945 0.358268 0.300945
0.386929 0.300945 0.386929 0.300945
0.415591 0.300945 0.415591 0.300945
0.444252 0.300945 0.444252 0.300945
0.472913 0.300945 0.472913 0.300945
0.501575 0.300945 0.501575 0.300945
0.530236 0.300945 0.234136 0.114893
0.558898 0.300945 -0.967067 -0.657890
0.587559 0.300945 -0.999667 -0.696384
0.616220 0.300945 -1.032267 -0.734877
0.644882 0.300945 0.080521 0.103464
0.673543 0.300945 0.098134 0.099599
0.702205 0.300945 0.115748 0.095733
0.730866 0.300945 0.133353 0.091867
0.759528 0.300945 1.003173 0.386200
0.788189 0.300945 0.939686 0.353956
0.816850 0.300945 0.969363 0.354311
0.845512 0.300945 0.999040 0.354667
0.874173 0.300945 1.028717 0.355023
0.902835 0.300945 0.902835 0.300945
0.931496 0.300945 0.931496 0.300945
0.960157 0.300945 0.960157 0.300945
0.988819 0.300945 0.988819 0.300945
1.017480 0.300945 1.017480 0.300945
1.046142 0.300945 0.892495 0.247182
1.074803 0.300945 0.922172 0.247537
1.103465 0.300945 0.951850 0.247893
1.132126 0.300945 0.888644 0.215747
1.160787 0.300945 0.830104 0.185235
1.189449 0.300945 0.863888 0.187027
1.218110 0.300945 0.765294 0.142498
1.246772 0.300945 0.789668 0.169616
1.275433 0.300945 0.705976 0.101683
1.304094 0.300945 0.349020 0.025780
1.332756 0.300945 0.352085 0.132121
1.361417 0.300945 -2.224913 -0.528541
1.390079 0.300945 1.390079 0.300945
1.418740 0.300945 1.418740 0.300945
1.447402 0.300945 1.447402 0.300945
1.476063 0.300945 1.476063 0.300945
1.504724 0.300945 1.504724 0.300945
1.533386 0.300945 1.533386 0.300945
1.562047 0.300945 1.562047 0.300945
1.590709 0.300945 1.590709 0.300945
1.619370 0.300945 1.619370 0.300945
1.648031 0.300945 1.648031 0.300945
1.676693 0.300945 1.676693 0.300945
1.705354 0.300945 1.705354 0.300945
1.734016 0.300945 1.734016 0.300945
1.762677 0.300945 1.762677 0.300945
1.791339 0.300945 1.791339 0.300945
1.820000 0.300945 1.820000 0.300945
-1.820000 0.329606 -1.820000 0.329606
-1.791339 0.329606 -1.791339 0.329606
-1.762677 0.329606 -1.762677 0.329606
-1.734016 0.329606 -1.734016 0.329606
-1.705354 0.329606 -1.705354 0.329606
-1.676693 0.329606 -1.676693 0.329606
-1.648031 0.329606 -1.648031 0.329606
-1.619370 0.329606 -1.619370 0.329606
-1.590709 0.329606 -1.590709 0.329606
-1.562047 0.329606 -1.562047 0.329606
-1.533386 0.329606 -1.533386 0.329606
-1.504724 0.329606 -1.504724 0.329606
-1.476063 0.329606 -1.476063 0.329606
-1.447402 0.329606 -1.447402 0.329606
-1.418740 0.329606 -1.418740 0.329606
-1.390079 0.329606 -1.390079 0.329606
-1.361417 0.329606 -1.361417 0.329606
-1.332756 0.329606 -0.364357 -0.009251
-1.304094 0.329606 -0.338199 -0.008373
-1.275433 0.329606 -0.712527 0.132638
-1.246772 0.329606 -0.794454 0.171334
-1.218110 0.329606 -0.765423 0.171206
-1.189449 0.329606 -0.736393 0.171076
-1.160787 0.329606 -0.831897 0.214524
-1.132126 0.329606 -0.888149 0.244236
-1.103465 0.329606 -0.860903 0.244731
-1.074803 0.329606 -0.922528 0.276323
-1.046142 0.329606 -0.892850 0.275967
-1.017480 0.329606 -0.863173 0.275612
-0.988819 0.329606 -0.988819 0.329606
-0.960157 0.329606 -0.960157 0.329606
-0.931496 0.329606 -0.931496 0.329606
-0.902835 0.329606 -0.902835 0.329606
-0.874173 0.329606 -0.874173 0.329606
-0.845512 0.329606 -0.999396 0.383453
-0.816850 0.329606 -0.969719 0.383097
-0.788189 0.329606 -0.940041 0.382742
-0.759528 0.329606 -1.002677 0.414688
-0.730866 0.329606 -0.975431 0.415183
-0.702205 0.329606 -0.111881 0.123044
-0.673543 0.329606 -0.153509 0.002844
-0.644882 0.329606 -0.133738 0.008431
-0.616220 0.329606 -0.113967 0.014017
-0.587559 0.329606 1.038134 -0.691893
-0.558898 0.329606 1.005565 -0.653410
-0.530236 0.329606 0.972965 -0.614917
-0.501575 0.329606 -0.221232 0.153457
-0.472913 0.329606 -0.472913 0.329606
-0.444252 0.329606 -0.444252 0.329606
-0.415591 0.329606 -0.415591 0.329606
-0.386929 0.329606 -0.386929 0.329606
-0.358268 0.329606 -0.358268 0.329606
-0.329606 0.329606 -0.329606 0.329606
-0.300945 0.329606 -0.300945 0.329606
-0.272283 0.329606 -0.272283 0.329606
-0.243622 0.329606 -0.243622 0.329606
-0.214961 0.329606 -0.214961 0.329606
-0.186299 0.329606 -0.186299 0.329606
-0.157638 0.329606 -0.157638 0.329606
-0.128976 0.329606 -0.128976 0.329606
-0.100315 0.329606 -0.100315 0.329606
-0.071654 0.329606 -0.071654 0.329606
-0.042992 0.329606 -0.042992 0.329606
-0.014331 0.329606 -0.014331 0.329606
0.014331 0.329606 0.014331 0.329606
0.042992 0.329606 0.042992 0.329606
0.071654 0.329606 0.071654 0.329606
0.100315 0.329606 0.100315 0.329606
0.128976 0.329606 0.128976 0.329606
0.157638 0.329606 0.157638 0.329606
0.186299 0.329606 0.186299 0.329606
0.214961 0.329606 0.214961 0.329606
0.243622 0.329606 0.243622 0.329606
0.272283 0.329606 0.272283 0.329606
0.300945 0.329606 0.300945 0.329606
0.329606 0.329606 0.329606 0.329606
0.358268 0.329606 0.358268 0.329606
0.386929 0.329606 0.386929 0.329606
0.415591 0.329606 0.415591 0.329606
0.444252 0.329606 0.444252 0.329606
0.472913 0.329606 0.472913 0.329606
0.501575 0.329606 0.221238 0.153461
0.530236 0.329606 -0.972938 -0.614900
0.558898 0.329606 -1.005561 -0.653416
0.587559 0.329606 -1.038161 -0.691910
0.616220 0.329606 0.113974 0.014021
0.644882 0.329606 0.133737 0.008433
0.673543 0.329606 0.153508 0.002847
0.702205 0.329606 0.111883 0.123042
0.730866 0.329606 0.975432 0.415183
0.759528 0.329606 1.002677 0.414688
0.788189 0.329606 0.940041 0.382742
0.816850 0.329606 0.969719 0.383097
0.845512 0.329606 0.999396 0.383453
0.874173 0.329606 0.874173 0.329606
0.902835 0.329606 0.902835 0.329606
0.931496 0.329606 0.931496 0.329606
0.960157 0.329606 0.960157 0.329606
0.988819 0.329606 0.988819 0.329606
1.017480 0.329606 0.863173 0.275612
1.046142 0.329606 0.892851 0.275968
1.074803 0.329606 0.922528 0.276323
1.103465 0.329606 0.860903 0.244731
1.132126 0.329606 0.888148 0.244235
1.160787 0.329606 0.831896 0.214523
1.189449 0.329606 0.736392 0.171075
1.218110 0.329606 0.765424 0.171205
1.246772 0.329606 0.794455 0.171334
1.275433 0.329606 0.712528 0.132637
1.304094 0.329606 0.338199 -0.008375
1.332756 0.329606 0.364371 -0.009246
1.361417 0.329606 1.361417 0.329606
1.390079 0.329606 1.390079 0.329606
1.418740 0.329606 1.418740 0.329606
1.447402 0.329606 1.447402 0.329606
1.476063 0.329606 1.476063 0.329606
1.504724 0.329606 1.504724 0.329606
1.533386 0.329606 1.533386 0.329606
1.562047 0.329606 1.562047 0.329606
1.590709 0.329606 1.590709 0.329606
1.619370 0.329606 1.619370 0.329606
1.648031 0.329606 1.648031 0.329606
1.676693 0.329606 1.676693 0.329606
1.705354 0.329606 1.705354 0.329606
1.734016 0.329606 1.734016 0.329606
1.762677 0.329606 1.762677 0.329606
1.791339 0.329606 1.791339 0.329606
1.820000 0.329606 1.820000 0.329606
-1.820000 0.358268 -1.820000 0.358268
-1.791339 0.358268 -1.791339 0.358268
-1.762677 0.358268 -1.762677 0.358268
-1.734016 0.358268 -1.734016 0.358268
-1.705354 0.358268 -1.705354 0.358268
-1.676693 0.358268 -1.676693 0.358268
-1.648031 0.358268 -1.648031 0.358268
-1.619370 0.358268 -1.619370 0.358268
-1.590709 0.358268 -1.590709 0.358268
-1.562047 0.358268 -1.562047 0.358268
-1.533386 0.358268 -1.533386 0.358268
-1.504724 0.358268 -1.504724 0.358268
-1.476063 0.358268 -1.476063 0.358268
-1.447402 0.358268 -1.447402 0.358268
-1.418740 0.358268 -1.418740 0.358268
-1.390079 0.358268 -1.390079 0.358268
-1.361417 0.358268 -1.361417 0.358268
-1.332756 0.358268 -0.232774 -0.026633
-1.304094 0.358268 -0.337328 0.019983
-1.275433 0.358268 -0.311163 0.020856
-1.246772 0.358268 -0.794583 0.200041
-1.218110 0.358268 -0.765552 0.199911
-1.189449 0.358268 -0.736522 0.199783
-1.160787 0.358268 -0.833689 0.243812
-1.132126 0.358268 -0.887653 0.272724
-1.103465 0.358268 -0.860408 0.273219
-1.074803 0.358268 -0.922884 0.305109
-1.046142 0.358268 -0.893206 0.304753
-1.017480 0.358268 -0.863528 0.304398
-0.988819 0.358268 -0.988819 0.358268
-0.960157 0.358268 -0.960157 0.358268
-0.931496 0.358268 -0.931496 0.358268
-0.902835 0.358268 -0.902835 0.358268
-0.874173 0.358268 -0.874173 0.358268
-0.845512 0.358268 -0.999752 0.412239
-0.816850 0.358268 -0.970074 0.411883
-0.788189 0.358268 -0.940397 0.411528
-0.759528 0.358268 -1.002181 0.443176
-0.730866 0.358268 -0.949753 0.495803
-0.702205 0.358268 -0.167700 0.022416
-0.673543 0.358268 -0.147923 0.027996
-0.644882 0.358268 -0.128152 0.033582
-0.616220 0.358268 -0.108381 0.039168
-0.587559 0.358268 1.076627 -0.687418
-0.558898 0.358268 1.044027 -0.648925
-0.530236 0.358268 1.011458 -0.610442
-0.501575 0.358268 -0.194598 0.165382
-0.472913 0.358268 -0.472913 0.358268
-0.444252 0.358268 -0.444252 0.358268
-0.415591 0.358268 -0.415591 0.358268
-0.386929 0.358268 -0.386929 0.358268
-0.358268 0.358268 -0.358268 0.358268
-0.329606 0.358268 -0.329606 0.358268
-0.300945 0.358268 -0.300945 0.358268
-0.272283 0.358268 -0.272283 0.358268
-0.243622 0.358268 -0.243622 0.358268
-0.214961 0.358268 -0.214961 0.358268
-0.186299 0.358268 -0.186299 0.358268
-0.157638 0.358268 -0.157638 0.358268
-0.128976 0.358268 -0.128976 0.358268
-0.100315 0.358268 -0.100315 0.358268
-0.071654 0.358268 -0.071654 0.358268
-0.042992 0.358268 -0.042992 0.358268
-0.014331 0.358268 -0.014331 0.358268
0.014331 0.358268 0.014331 0.358268
0.042992 0.358268 0.042992 0.358268
0.071654 0.358268 0.071654 0.358268
0.100315 0.358268 0.100315 0.358268
0.128976 0.358268 0.128976 0.358268
0.157638 0.358268 0.157638 0.358268
0.186299 0.358268 0.186299 0.358268
0.214961 0.358268 0.214961 0.358268
0.243622 0.358268 0.243622 0.358268
0.272283 0.358268 0.272283 0.358268
0.300945 0.358268 0.300945 0.358268
0.329606 0.358268 0.329606 0.358268
0.358268 0.358268 0.358268 0.358268
0.386929 0.358268 0.386929 0.358268
0.415591 0.358268 0.415591 0.358268
0.444252 0.358268 0.444252 0.358268
0.472913 0.358268 0.472913 0.358268
0.501575 0.358268 0.194591 0.165377
0.530236 0.358268 -1.011431 -0.610425
0.558898 0.358268 -1.044054 -0.648942
0.587559 0.358268 -1.076654 -0.687435
0.616220 0.358268 0.108388 0.039173
0.644882 0.358268 0.128151 0.033584
0.673543 0.358268 0.147922 0.027998
0.702205 0.358268 0.167693 0.022412
0.730866 0.358268 0.949753 0.495803
0.759528 0.358268 1.002182 0.443176
0.788189 0.358268 0.940397 0.411527
0.816850 0.358268 0.970074 0.411883
0.845512 0.358268 0.999751 0.412239
0.874173 0.358268 0.874173 0.358268
0.902835 0.358268 0.902835 0.358268
0.931496 0.358268 0.931496 0.358268
0.960157 0.358268 0.960157 0.358268
0.988819 0.358268 0.988819 0.358268
1.017480 0.358268 0.863529 0.304398
1.046142 0.358268 0.893206 0.304753
1.074803 0.358268 0.922883 0.305109
1.103465 0.358268 0.860407 0.273219
1.132126 0.358268 0.887653 0.272723
1.160787 0.358268 0.833688 0.243812
1.189449 0.358268 0.736521 0.199782
1.218110 0.358268 0.765553 0.199912
1.246772 0.358268 0.794585 0.200041
1.275433 0.358268 0.311156 0.020853
1.304094 0.358268 0.337328 0.019981
1.332756 0.358268 0.232774 -0.026634
1.361417 0.358268 1.361417 0.358268
1.390079 0.358268 1.390079 0.358268
1.418740 0.358268 1.418740 0.358268
1.447402 0.358268 1.447402 0.358268
1.476063 0.358268 1.476063 0.358268
1.504724 0.358268 1.504724 0.358268
1.533386 0.358268 1.533386 0.358268
1.562047 0.358268 1.562047 0.358268
1.590709 0.358268 1.590709 0.358268
1.619370 0.358268 1.619370 0.358268
1.648031 0.358268 1.648031 0.358268
1.676693 0.358268 1.676693 0.358268
1.705354 0.358268 1.705354 0.358268
1.734016 0.358268 1.734016 0.358268
1.762677 0.358268 1.762677 0.358268
1.791339 0.358268 1.791339 0.358268
1.820000 0.358268 1.820000 0.358268
-1.820000 0.386929 -1.820000 0.386929
-1.791339 0.386929 -1.791339 0.386929
-1.762677 0.386929 -1.762677 0.386929
-1.734016 0.386929 -1.734016 0.386929
-1.705354 0.386929 -1.705354 0.386929
-1.676693 0.386929 -1.676693 0.386929
-1.648031 0.386929 -1.648031 0.386929
-1.619370 0.386929 -1.619370 0.386929
-1.590709 0.386929 -1.590709 0.386929
-1.562047 0.386929 -1.562047 0.386929
-1.533386 0.386929 -1.533386 0.386929
-1.504724 0.386929 -1.504724 0.386929
-1.476063 0.386929 -1.476063 0.386929
-1.447402 0.386929 -1.447402 0.386929
-1.418740 0.386929 -1.418740 0.386929
-1.390079 0.386929 -1.390079 0.386929
-1.361417 0.386929 -1.361417 0.386929
-1.332756 0.386929 2.003254 -0.780392
-1.304094 0.386929 -0.336443 0.048334
-1.275433 0.386929 -0.310292 0.049213
-1.246772 0.386929 -0.678246 0.187994
-1.218110 0.386929 -0.765681 0.228618
-1.189449 0.386929 -0.736652 0.228490
-1.160787 0.386929 -0.835481 0.273100
-1.132126 0.386929 -0.801699 0.271309
-1.103465 0.386929 -0.859913 0.301707
-1.074803 0.386929 -0.923239 0.333895
-1.046142 0.386929 -0.893562 0.333539
-1.017480 0.386929 -0.863884 0.333184
-0.988819 0.386929 -0.988819 0.386929
-0.960157 0.386929 -0.960157 0.386929
-0.931496 0.386929 -0.931496 0.386929
-0.902835 0.386929 -0.902835 0.386929
-0.874173 0.386929 -0.874173 0.386929
-0.845512 0.386929 -0.845512 0.386929
-0.816850 0.386929 -0.970430 0.440669
-0.788189 0.386929 -0.925098 0.472955
-0.759528 0.386929 -0.895619 0.472441
-0.730866 0.386929 -0.949037 0.524015
-0.702205 0.386929 -0.921515 0.524731
-0.673543 0.386929 -0.142342 0.053154
-0.644882 0.386929 -0.122571 0.058740
-0.616220 0.386929 -0.102794 0.064320
-0.587559 0.386929 -0.083023 0.069906
-0.558898 0.386929 1.082521 -0.644451
-0.530236 0.386929 1.049921 -0.605958
-0.501575 0.386929 1.017321 -0.567464
-0.472913 0.386929 -0.227213 0.141229
-0.444252 0.386929 -0.444252 0.386929
-0.415591 0.386929 -0.415591 0.386929
-0.386929 0.386929 -0.386929 0.386929
-0.358268 0.386929 -0.358268 0.386929
-0.329606 0.386929 -0.329606 0.386929
-0.300945 0.386929 -0.300945 0.386929
-0.272283 0.386929 -0.272283 0.386929
-0.243622 0.386929 -0.243622 0.386929
-0.214961 0.386929 -0.214961 0.386929
-0.186299 0.386929 -0.186299 0.386929
-0.157638 0.386929 -0.157638 0.386929
-0.128976 0.386929 -0.128976 0.386929
-0.100315 0.386929 -0.100315 0.386929
-0.071654 0.386929 -0.071654 0.386929
-0.042992 0.386929 -0.042992 0.386929
-0.014331 0.386929 -0.014331 0.386929
0.014331 0.386929 0.014331 0.386929
0.042992 0.386929 0.042992 0.386929
0.071654 0.386929 0.071654 0.386929
0.100315 0.386929 0.100315 0.386929
0.128976 0.386929 0.128976 0.386929
0.157638 0.386929 0.157638 0.386929
0.186299 0.386929 0.186299 0.386929
0.214961 0.386929 0.214961 0.386929
0.243622 0.386929 0.243622 0.386929
0.272283 0.386929 0.272283 0.386929
0.300945 0.386929 0.300945 0.386929
0.329606 0.386929 0.329606 0.386929
0.358268 0.386929 0.358268 0.386929
0.386929 0.386929 0.386929 0.386929
0.415591 0.386929 0.415591 0.386929
0.444252 0.386929 0.444252 0.386929
0.472913 0.386929 0.227213 0.141229
0.501575 0.386929 -1.017324 -0.567457
0.530236 0.386929 -1.049924 -0.605950
0.558898 0.386929 -1.082548 -0.644468
0.587559 0.386929 0.083030 0.069910
0.616220 0.386929 0.102802 0.064324
0.644882 0.386929 0.122565 0.058736
0.673543 0.386929 0.142336 0.053150
0.702205 0.386929 0.921515 0.524731
0.730866 0.386929 0.949037 0.524014
0.759528 0.386929 0.895619 0.472441
0.788189 0.386929 0.925098 0.472954
0.816850 0.386929 0.970430 0.440669
0.845512 0.386929 0.845512 0.386929
0.874173 0.386929 0.874173 0.386929
0.902835 0.386929 0.902835 0.386929
0.931496 0.386929 0.931496 0.386929
0.960157 0.386929 0.960157 0.386929
0.988819 0.386929 0.988819 0.386929
1.017480 0.386929 0.863884 0.333184
1.046142 0.386929 0.893562 0.333539
1.074803 0.386929 0.923239 0.333895
1.103465 0.386929 0.859912 0.301707
1.132126 0.386929 0.801698 0.271308
1.160787 0.386929 0.835480 0.273100
1.189449 0.386929 0.736651 0.228489
1.218110 0.386929 0.765683 0.228618
1.246772 0.386929 0.678243 0.187993
1.275433 0.386929 0.310285 0.049209
1.304094 0.386929 0.336457 0.048338
1.332756 0.386929 -2.003246 -0.780392
1.361417 0.386929 1.361417 0.386929
1.390079 0.386929 1.390079 0.386929
1.418740 0.386929 1.418740 0.386929
1.447402 0.386929 1.447402 0.386929
1.476063 0.386929 1.476063 0.386929
1.504724 0.386929 1.504724 0.386929
1.533386 0.386929 1.533386 0.386929
1.562047 0.386929 1.562047 0.386929
1.590709 0.386929 1.590709 0.386929
1.619370 0.386929 1.619370 0.386929
1.648031 0.386929 1.648031 0.386929
1.676693 0.386929 1.676693 0.386929
1.705354 0.386929 1.705354 0.386929
1.734016 0.386929 1.734016 0.386929
1.762677 0.386929 1.762677 0.386929
1.791339 0.386929 1.791339 0.386929
1.820000 0.386929 1.820000 0.386929
-1.820000 0.415591 -1.820000 0.415591
-1.791339 0.415591 -1.791339 0.415591
-1.762677 0.415591 -1.762677 0.415591
-1.734016 0.415591 -1.734016 0.415591
-1.705354 0.415591 -1.705354 0.415591
-1.676693 0.415591 -1.676693 0.415591
-1.648031 0.415591 -1.648031 0.415591
-1.619370 0.415591 -1.619370 0.415591
-1.590709 0.415591 -1.590709 0.415591
-1.562047 0.415591 -1.562047 0.415591
-1.533386 0.415591 -1.533386 0.415591
-1.504724 0.415591 -1.504724 0.415591
-1.476063 0.415591 -1.476063 0.415591
-1.447402 0.415591 -1.447402 0.415591
-1.418740 0.415591 -1.418740 0.415591
-1.390079 0.415591 -1.390079 0.415591
-1.361417 0.415591 -1.361417 0.415591
-1.332756 0.415591 -1.332756 0.415591
-1.304094 0.415591 -0.171713 0.019352
-1.275433 0.415591 -0.309407 0.077563
-1.246772 0.415591 -0.684797 0.218948
-1.218110 0.415591 -0.765811 0.257325
-1.189449 0.415591 -0.736780 0.257195
-1.160787 0.415591 -0.707750 0.257067
-1.132126 0.415591 -0.803491 0.300597
-1.103465 0.415591 -0.859417 0.330195
-1.074803 0.415591 -0.832172 0.330691
-1.046142 0.415591 -0.893917 0.362325
-1.017480 0.415591 -0.864240 0.361970
-0.988819 0.415591 -0.834562 0.361614
-0.960157 0.415591 -0.960157 0.415591
-0.931496 0.415591 -0.931496 0.415591
-0.902835 0.415591 -0.902835 0.415591
-0.874173 0.415591 -0.874173 0.415591
-0.845512 0.415591 -0.845512 0.415591
-0.816850 0.415591 -0.955091 0.502452
-0.788189 0.415591 -0.925612 0.501939
-0.759528 0.415591 -0.896133 0.501425
-0.730866 0.415591 -0.948321 0.552226
-0.702205 0.415591 -0.920799 0.552942
-0.673543 0.415591 -0.136756 0.078305
-0.644882 0.415591 -0.116985 0.083891
-0.616220 0.415591 -0.097214 0.089477
-0.587559 0.415591 -0.077442 0.095063
-0.558898 0.415591 -0.057666 0.100643
-0.530236 0.415591 1.088414 -0.601483
-0.501575 0.415591 0.804775 -0.890759
-0.472913 0.415591 0.790712 -0.848035
-0.444252 0.415591 -0.198552 0.169890
-0.415591 0.415591 -0.415591 0.415591
-0.386929 0.415591 -0.386929 0.415591
-0.358268 0.415591 -0.358268 0.415591
-0.329606 0.415591 -0.329606 0.415591
-0.300945 0.415591 -0.300945 0.415591
-0.272283 0.415591 -0.272283 0.415591
-0.243622 0.415591 -0.243622 0.415591
-0.214961 0.415591 -0.214961 0.415591
-0.186299 0.415591 -0.186299 0.415591
-0.157638 0.415591 -0.157638 0.415591
-0.128976 0.415591 -0.128976 0.415591
-0.100315 0.415591 -0.100315 0.415591
-0.071654 0.415591 -0.071654 0.415591
-0.042992 0.415591 -0.042992 0.415591
-0.014331 0.415591 -0.014331 0.415591
0.014331 0.415591 0.014331 0.415591
0.042992 0.415591 0.042992 0.415591
0.071654 0.415591 0.071654 0.415591
0.100315 0.415591 0.100315 0.415591
0.128976 0.415591 0.128976 0.415591
0.157638 0.415591 0.157638 0.415591
0.186299 0.415591 0.186299 0.415591
0.214961 0.415591 0.214961 0.415591
0.243622 0.415591 0.243622 0.415591
0.272283 0.415591 0.272283 0.415591
0.300945 0.415591 0.300945 0.415591
0.329606 0.415591 0.329606 0.415591
0.358268 0.415591 0.358268 0.415591
0.386929 0.415591 0.386929 0.415591
0.415591 0.415591 0.415591 0.415591
0.444252 0.415591 0.198552 0.169890
0.472913 0.415591 -0.790712 -0.848035
0.501575 0.415591 -0.804775 -0.890759
0.530236 0.415591 -1.088417 -0.601476
0.558898 0.415591 0.057673 0.100648
0.587559 0.415591 0.077444 0.095062
0.616220 0.415591 0.097216 0.089476
0.644882 0.415591 0.116979 0.083887
0.673543 0.415591 0.136750 0.078301
0.702205 0.415591 0.920798 0.552942
0.730866 0.415591 0.948321 0.552226
0.759528 0.415591 0.896133 0.501425
0.788189 0.415591 0.925612 0.501939
0.816850 0.415591 0.955091 0.502452
0.845512 0.415591 0.845512 0.415591
0.874173 0.415591 0.874173 0.415591
0.902835 0.415591 0.902835 0.415591
0.931496 0.415591 0.931496 0.415591
0.960157 0.415591 0.960157 0.415591
0.988819 0.415591 0.834562 0.361614
1.017480 0.415591 0.864240 0.361970
1.046142 0.415591 0.893917 0.362325
1.074803 0.415591 0.832171 0.330690
1.103465 0.415591 0.859416 0.330195
1.132126 0.415591 0.803489 0.300597
1.160787 0.415591 0.707747 0.257066
1.189449 0.415591 0.736781 0.257196
1.218110 0.415591 0.765813 0.257326
1.246772 0.415591 0.684794 0.218947
1.275433 0.415591 0.309414 0.077566
1.304094 0.415591 0.171710 0.019351
1.332756 0.415591 1.332756 0.415591
1.361417 0.415591 1.361417 0.415591
1.390079 0.415591 1.390079 0.415591
1.418740 0.415591 1.418740 0.415591
1.447402 0.415591 1.447402 0.415591
1.476063 0.415591 1.476063 0.415591
1.504724 0.415591 1.504724 0.415591
1.533386 0.415591 1.533386 0.415591
1.562047 0.415591 1.562047 0.415591
1.590709 0.415591 1.590709 0.415591
1.619370 0.415591 1.619370 0.415591
1.648031 0.415591 1.648031 0.415591
1.676693 0.415591 1.676693 0.415591
1.705354 0.415591 1.705354 0.415591
1.734016 0.415591 1.734016 0.415591
1.762677 0.415591 1.762677 0.415591
1.791339 0.415591 1.791339 0.415591
1.820000 0.415591 1.820000 0.415591
-1.820000 0.444252 -1.820000 0.444252
-1.791339 0.444252 -1.791339 0.444252
-1.762677 0.444252 -1.762677 0.444252
-1.734016 0.444252 -1.734016 0.444252
-1.705354 0.444252 -1.705354 0.444252
-1.676693 0.444252 -1.676693 0.444252
-1.648031 0.444252 -1.648031 0.444252
-1.619370 0.444252 -1.619370 0.444252
-1.590709 0.444252 -1.590709 0.444252
-1.562047 0.444252 -1.562047 0.444252
-1.533386 0.444252 -1.533386 0.444252
-1.504724 0.444252 -1.504724 0.444252
-1.476063 0.444252 -1.476063 0.444252
-1.447402 0.444252 -1.447402 0.444252
-1.418740 0.444252 -1.418740 0.444252
-1.390079 0.444252 -1.390079 0.444252
-1.361417 0.444252 -1.361417 0.444252
-1.332756 0.444252 -1.332756 0.444252
-1.304094 0.444252 -0.209482 0.061230
-1.275433 0.444252 -0.308529 0.105918
-1.246772 0.444252 -0.282378 0.106797
-1.218110 0.444252 -0.765940 0.286032
-1.189449 0.444252 -0.736910 0.285902
-1.160787 0.444252 -0.707878 0.285773
-1.132126 0.444252 -0.805282 0.329885
-1.103465 0.444252 -0.858922 0.358683
-1.074803 0.444252 -0.831676 0.359179
-1.046142 0.444252 -0.894273 0.391111
-1.017480 0.444252 -0.864595 0.390756
-0.988819 0.444252 -0.834918 0.390400
-0.960157 0.444252 -0.960157 0.444252
-0.931496 0.444252 -0.931496 0.444252
-0.902835 0.444252 -0.902835 0.444252
-0.874173 0.444252 -0.874173 0.444252
-0.845512 0.444252 -0.845512 0.444252
-0.816850 0.444252 -0.816850 0.444252
-0.788189 0.444252 -0.926125 0.530923
-0.759528 0.444252 -0.896646 0.530409
-0.730866 0.444252 -0.867168 0.529896
-0.702205 0.444252 -0.920084 0.581154
-0.673543 0.444252 -0.892562 0.581870
-0.644882 0.444252 -0.111399 0.109043
-0.616220 0.444252 -0.091628 0.114629
-0.587559 0.444252 -0.071856 0.120215
-0.558898 0.444252 -0.052085 0.125801
-0.530236 0.444252 0.861561 -0.947546
-0.501575 0.444252 0.847499 -0.904822
-0.472913 0.444252 0.833436 -0.862098
-0.444252 0.444252 0.819373 -0.819373
-0.415591 0.444252 -0.169890 0.198552
-0.386929 0.444252 -0.386929 0.444252
-0.358268 0.444252 -0.358268 0.444252
-0.329606 0.444252 -0.329606 0.444252
-0.300945 0.444252 -0.300945 0.444252
-0.272283 0.444252 -0.272283 0.444252
-0.243622 0.444252 -0.243622 0.444252
-0.214961 0.444252 -0.214961 0.444252
-0.186299 0.444252 -0.186299 0.444252
-0.157638 0.444252 -0.157638 0.444252
-0.128976 0.444252 -0.128976 0.444252
-0.100315 0.444252 -0.100315 0.444252
-0.071654 0.444252 -0.071654 0.444252
-0.042992 0.444252 -0.042992 0.444252
-0.014331 0.444252 -0.014331 0.444252
0.014331 0.444252 0.014331 0.444252
0.042992 0.444252 0.042992 0.444252
0.071654 0.444252 0.071654 0.444252
0.100315 0.444252 0.100315 0.444252
0.128976 0.444252 0.128976 0.444252
0.157638 0.444252 0.157638 0.444252
0.186299 0.444252 0.186299 0.444252
0.214961 0.444252 0.214961 0.444252
0.243622 0.444252 0.243622 0.444252
0.272283 0.444252 0.272283 0.444252
0.300945 0.444252 0.300945 0.444252
0.329606 0.444252 0.329606 0.444252
0.358268 0.444252 0.358268 0.444252
0.386929 0.444252 0.386929 0.444252
0.415591 0.444252 0.169890 0.198552
0.444252 0.444252 -0.819373 -0.819373
0.472913 0.444252 -0.833436 -0.862098
0.501575 0.444252 -0.847499 -0.904822
0.530236 0.444252 -0.861561 -0.947546
0.558898 0.444252 0.052087 0.125799
0.587559 0.444252 0.071858 0.120213
0.616220 0.444252 0.091630 0.114627
0.644882 0.444252 0.111393 0.109039
0.673543 0.444252 0.892560 0.581869
0.702205 0.444252 0.920082 0.581153
0.730866 0.444252 0.867168 0.529895
0.759528 0.444252 0.896647 0.530409
0.788189 0.444252 0.926126 0.530923
0.816850 0.444252 0.816850 0.444252
0.845512 0.444252 0.845512 0.444252
0.874173 0.444252 0.874173 0.444252
0.902835 0.444252 0.902835 0.444252
0.931496 0.444252 0.931496 0.444252
0.960157 0.444252 0.960157 0.444252
0.988819 0.444252 0.834918 0.390400
1.017480 0.444252 0.864595 0.390755
1.046142 0.444252 0.894273 0.391111
1.074803 0.444252 0.831675 0.359178
1.103465 0.444252 0.858921 0.358683
1.132126 0.444252 0.805281 0.329885
1.160787 0.444252 0.707877 0.285773
1.189449 0.444252 0.736911 0.285903
1.218110 0.444252 0.765942 0.286032
1.246772 0.444252 0.282357 0.106790
1.275433 0.444252 0.308543 0.105922
1.304094 0.444252 0.209479 0.061229
1.332756 0.444252 1.332756 0.444252
1.361417 0.444252 1.361417 0.444252
1.390079 0.444252 1.390079 0.444252
1.418740 0.444252 1.418740 0.444252
1.447402 0.444252 1.447402 0.444252
1.476063 0.444252 1.476063 0.444252
1.504724 0.444252 1.504724 0.444252
1.533386 0.444252 1.533386 0.444252
1.562047 0.444252 1.562047 0.444252
1.590709 0.444252 1.590709 0.444252
1.619370 0.444252 1.619370 0.444252
1.648031 0.444252 1.648031 0.444252
1.676693 0.444252 1.676693 0.444252
1.705354 0.444252 1.705354 0.444252
1.734016 0.444252 1.734016 0.444252
1.762677 0.444252 1.762677 0.444252
1.791339 0.444252 1.791339 0.444252
1.820000 0.444252 1.820000 0.444252
-1.820000 0.472913 -1.820000 0.472913
-1.791339 0.472913 -1.791339 0.472913
-1.762677 0.472913 -1.762677 0.472913
-1.734016 0.472913 -1.734016 0.472913
-1.705354 0.472913 -1.705354 0.472913
-1.676693 0.472913 -1.676693 0.472913
-1.648031 0.472913 -1.648031 0.472913
-1.619370 0.472913 -1.619370 0.472913
-1.590709 0.472913 -1.590709 0.472913
-1.562047 0.472913 -1.562047 0.472913
-1.533386 0.472913 -1.533386 0.472913
-1.504724 0.472913 -1.504724 0.472913
-1.476063 0.472913 -1.476063 0.472913
-1.447402 0.472913 -1.447402 0.472913
-1.418740 0.472913 -1.418740 0.472913
-1.390079 0.472913 -1.390079 0.472913
-1.361417 0.472913 -1.361417 0.472913
-1.332756 0.472913 -1.332756 0.472913
-1.304094 0.472913 2.080372 -0.711363
-1.275433 0.472913 -0.307658 0.134274
-1.246772 0.472913 -0.281493 0.135148
-1.218110 0.472913 -0.650516 0.274304
-1.189449 0.472913 -0.737039 0.314609
-1.160787 0.472913 -0.708007 0.314479
-1.132126 0.472913 -0.807073 0.359173
-1.103465 0.472913 -0.773292 0.357382
-1.074803 0.472913 -0.831181 0.387667
-1.046142 0.472913 -0.894628 0.419897
-1.017480 0.472913 -0.864951 0.419541
-0.988819 0.472913 -0.835273 0.419186
-0.960157 0.472913 -0.821578 0.385838
-0.931496 0.472913 -0.931496 0.472913
-0.902835 0.472913 -0.902835 0.472913
-0.874173 0.472913 -0.874173 0.472913
-0.845512 0.472913 -0.845512 0.472913
-0.816850 0.472913 -0.816850 0.472913
-0.788189 0.472913 -0.926639 0.559907
-0.759528 0.472913 -0.897160 0.559393
-0.730866 0.472913 -0.867681 0.558879
-0.702205 0.472913 -0.838202 0.558366
-0.673543 0.472913 -0.891846 0.610081
-0.644882 0.472913 -0.864323 0.610797
-0.616220 0.472913 -0.086042 0.139780
-0.587559 0.472913 -0.151994 0.037348
-0.558898 0.472913 -0.129533 0.043548
-0.530236 0.472913 -0.107071 0.049748
-0.501575 0.472913 0.890223 -0.918884
-0.472913 0.472913 0.876160 -0.876160
-0.444252 0.472913 0.862098 -0.833436
-0.415591 0.472913 0.848035 -0.790712
-0.386929 0.472913 -0.141229 0.227213
-0.358268 0.472913 -0.358268 0.472913
-0.329606 0.472913 -0.329606 0.472913
-0.300945 0.472913 -0.300945 0.472913
-0.272283 0.472913 -0.272283 0.472913
-0.243622 0.472913 -0.243622 0.472913
-0.214961 0.472913 -0.214961 0.472913
-0.186299 0.472913 -0.186299 0.472913
-0.157638 0.472913 -0.157638 0.472913
-0.128976 0.472913 -0.128976 0.472913
-0.100315 0.472913 -0.100315 0.472913
-0.071654 0.472913 -0.071654 0.472913
-0.042992 0.472913 -0.042992 0.472913
-0.014331 0.472913 -0.014331 0.472913
0.014331 0.472913 0.014331 0.472913
0.042992 0.472913 0.042992 0.472913
0.071654 0.472913 0.071654 0.472913
0.100315 0.472913 0.100315 0.472913
0.128976 0.472913 0.128976 0.472913
0.157638 0.472913 0.157638 0.472913
0.186299 0.472913 0.186299 0.472913
0.214961 0.472913 0.214961 0.472913
0.243622 0.472913 0.243622 0.472913
0.272283 0.472913 0.272283 0.472913
0.300945 0.472913 0.300945 0.472913
0.329606 0.472913 0.329606 0.472913
0.358268 0.472913 0.358268 0.472913
0.386929 0.472913 0.141229 0.227213
0.415591 0.472913 -0.848035 -0.790712
0.444252 0.472913 -0.862098 -0.833436
0.472913 0.472913 -0.876160 -0.876160
0.501575 0.472913 -0.890223 -0.918884
0.530236 0.472913 0.107071 0.049748
0.558898 0.472913 0.129533 0.043548
0.587559 0.472913 0.151994 0.037348
0.616220 0.472913 0.086044 0.139778
0.644882 0.472913 0.864322 0.610797
0.673543 0.472913 0.891844 0.610081
0.702205 0.472913 0.838202 0.558366
0.730866 0.472913 0.867682 0.558880
0.759528 0.472913 0.897161 0.559393
0.788189 0.472913 0.926640 0.559907
0.816850 0.472913 0.816850 0.472913
0.845512 0.472913 0.845512 0.472913
0.874173 0.472913 0.874173 0.472913
0.902835 0.472913 0.902835 0.472913
0.931496 0.472913 0.931496 0.472913
0.960157 0.472913 0.821578 0.385838
0.988819 0.472913 0.835273 0.419186
1.017480 0.472913 0.864951 0.419541
1.046142 0.472913 0.894628 0.419897
1.074803 0.472913 0.831180 0.387667
1.103465 0.472913 0.773291 0.357382
1.132126 0.472913 0.807073 0.359173
1.160787 0.472913 0.708006 0.314480
1.189449 0.472913 0.737040 0.314610
1.218110 0.472913 0.650512 0.274303
1.246772 0.472913 0.281485 0.135146
1.275433 0.472913 0.307678 0.134282
1.304094 0.472913 -2.080339 -0.711351
1.332756 0.472913 1.332756 0.472913
1.361417 0.472913 1.361417 0.472913
1.390079 0.472913 1.390079 0.472913
1.418740 0.472913 1.418740 0.472913
1.447402 0.472913 1.447402 0.472913
1.476063 0.472913 1.476063 0.472913
1.504724 0.472913 1.504724 0.472913
1.533386 0.472913 1.533386 0.472913
1.562047 0.472913 1.562047 0.472913
1.590709 0.472913 1.590709 0.472913
1.619370 0.472913 1.619370 0.472913
1.648031 0.472913 1.648031 0.472913
1.676693 0.472913 1.676693 0.472913
1.705354 0.472913 1.705354 0.472913
1.734016 0.472913 1.734016 0.472913
1.762677 0.472913 1.762677 0.472913
1.791339 0.472913 1.791339 0.472913
1.820000 0.472913 1.820000 0.472913
-1.820000 0.501575 -1.820000 0.501575
-1.791339 0.501575 -1.791339 0.501575
-1.762677 0.501575 -1.762677 0.501575
-1.734016 0.501575 -1.734016 0.501575
-1.705354 0.501575 -1.705354 0.501575
-1.676693 0.501575 -1.676693 0.501575
-1.648031 0.501575 -1.648031 0.501575
-1.619370 0.501575 -1.619370 0.501575
-1.590709 0.501575 -1.590709 0.501575
-1.562047 0.501575 -1.562047 0.501575
-1.533386 0.501575 -1.533386 0.501575
-1.504724 0.501575 -1.504724 0.501575
-1.476063 0.501575 -1.476063 0.501575
-1.447402 0.501575 -1.447402 0.501575
-1.418740 0.501575 -1.418740 0.501575
-1.390079 0.501575 -1.390079 0.501575
-1.361417 0.501575 -1.361417 0.501575
-1.332756 0.501575 -1.332756 0.501575
-1.304094 0.501575 -1.304094 0.501575
-1.275433 0.501575 -0.148421 0.107216
-1.246772 0.501575 -0.280622 0.163504
-1.218110 0.501575 -0.657067 0.305258
-1.189449 0.501575 -0.737169 0.343316
-1.160787 0.501575 -0.708137 0.343186
-1.132126 0.501575 -0.679105 0.343057
-1.103465 0.501575 -0.775083 0.386670
-1.074803 0.501575 -0.830686 0.416155
-1.046142 0.501575 -0.812638 0.397930
-1.017480 0.501575 -0.881049 0.415849
-0.988819 0.501575 -0.851570 0.415336
-0.960157 0.501575 -0.822091 0.414822
-0.931496 0.501575 -0.931496 0.501575
-0.902835 0.501575 -0.902835 0.501575
-0.874173 0.501575 -0.874173 0.501575
-0.845512 0.501575 -0.845512 0.501575
-0.816850 0.501575 -0.816850 0.501575
-0.788189 0.501575 -0.788189 0.501575
-0.759528 0.501575 -0.897674 0.588377
-0.730866 0.501575 -0.868195 0.587864
-0.702205 0.501575 -0.838716 0.587350
-0.673543 0.501575 -0.891129 0.638292
-0.644882 0.501575 -0.863607 0.639008
-0.616220 0.501575 -0.168255 0.053610
-0.587559 0.501575 -0.145794 0.059810
-0.558898 0.501575 -0.123333 0.066010
-0.530236 0.501575 -0.100871 0.072210
-0.501575 0.501575 -0.078410 0.078410
-0.472913 0.501575 0.918884 -0.890223
-0.444252 0.501575 0.904822 -0.847499
-0.415591 0.501575 0.890759 -0.804775
-0.386929 0.501575 0.567457 -1.017324
-0.358268 0.501575 -0.165377 0.194591
-0.329606 0.501575 -0.153461 0.221238
-0.300945 0.501575 -0.300945 0.501575
-0.272283 0.501575 -0.272283 0.501575
-0.243622 0.501575 -0.243622 0.501575
-0.214961 0.501575 -0.214961 0.501575
-0.186299 0.501575 -0.186299 0.501575
-0.157638 0.501575 -0.157638 0.501575
-0.128976 0.501575 -0.128976 0.501575
-0.100315 0.501575 -0.100315 0.501575
-0.071654 0.501575 -0.071654 0.501575
-0.042992 0.501575 -0.042992 0.501575
-0.014331 0.501575 -0.014331 0.501575
0.014331 0.501575 0.014331 0.501575
0.042992 0.501575 0.042992 0.501575
0.071654 0.501575 0.071654 0.501575
0.100315 0.501575 0.100315 0.501575
0.128976 0.501575 0.128976 0.501575
0.157638 0.501575 0.157638 0.501575
0.186299 0.501575 0.186299 0.501575
0.214961 0.501575 0.214961 0.501575
0.243622 0.501575 0.243622 0.501575
0.272283 0.501575 0.272283 0.501575
0.300945 0.501575 0.300945 0.501575
0.329606 0.501575 0.153457 0.221232
0.358268 0.501575 0.165382 0.194598
0.386929 0.501575 -0.567464 -1.017321
0.415591 0.501575 -0.890759 -0.804775
0.444252 0.501575 -0.904822 -0.847499
0.472913 0.501575 -0.918884 -0.890223
0.501575 0.501575 0.078410 0.078410
0.530236 0.501575 0.100871 0.072210
0.558898 0.501575 0.123333 0.066010
0.587559 0.501575 0.145794 0.059810
0.616220 0.501575 0.168255 0.053610
0.644882 0.501575 0.863607 0.639008
0.673543 0.501575 0.891129 0.638292
0.702205 0.501575 0.838715 0.587350
0.730866 0.501575 0.868195 0.587864
0.759528 0.501575 0.897674 0.588378
0.788189 0.501575 0.788189 0.501575
0.816850 0.501575 0.816850 0.501575
0.845512 0.501575 0.845512 0.501575
0.874173 0.501575 0.874173 0.501575
0.902835 0.501575 0.902835 0.501575
0.931496 0.501575 0.931496 0.501575
0.960157 0.501575 0.822092 0.414822
0.988819 0.501575 0.851570 0.415336
1.017480 0.501575 0.881049 0.415850
1.046142 0.501575 0.812639 0.397930
1.074803 0.501575 0.830686 0.416155
1.103465 0.501575 0.775083 0.386670
1.132126 0.501575 0.679104 0.343057
1.160787 0.501575 0.708137 0.343187
1.189449 0.501575 0.737170 0.343316
1.218110 0.501575 0.657064 0.305257
1.246772 0.501575 0.280620 0.163505
1.275433 0.501575 0.148418 0.107214
1.304094 0.501575 1.304094 0.501575
1.332756 0.501575 1.332756 0.501575
1.361417 0.501575 1.361417 0.501575
1.390079 0.501575 1.390079 0.501575
1.418740 0.501575 1.418740 0.501575
1.447402 0.501575 1.447402 0.501575
1.476063 0.501575 1.476063 0.501575
1.504724 0.501575 1.504724 0.501575
1.533386 0.501575 1.533386 0.501575
1.562047 0.501575 1.562047 0.501575
1.590709 0.501575 1.590709 0.501575
1.619370 0.501575 1.619370 0.501575
1.648031 0.501575 1.648031 0.501575
1.676693 0.501575 1.676693 0.501575
1.705354 0.501575 1.705354 0.501575
1.734016 0.501575 1.734016 0.501575
1.762677 0.501575 1.762677 0.501575
1.791339 0.501575 1.791339 0.501575
1.820000 0.501575 1.820000 0.501575
-1.820000 0.530236 -1.820000 0.530236
-1.791339 0.530236 -1.791339 0.530236
-1.762677 0.530236 -1.762677 0.530236
-1.734016 0.530236 -1.734016 0.530236
-1.705354 0.530236 -1.705354 0.530236
-1.676693 0.530236 -1.676693 0.530236
-1.648031 0.530236 -1.648031 0.530236
-1.619370 0.530236 -1.619370 0.530236
-1.590709 0.530236 -1.590709 0.530236
-1.562047 0.530236 -1.562047 0.530236
-1.533386 0.530236 -1.533386 0.530236
-1.504724 0.530236 -1.504724 0.530236
-1.476063 0.530236 -1.476063 0.530236
-1.447402 0.530236 -1.447402 0.530236
-1.418740 0.530236 -1.418740 0.530236
-1.390079 0.530236 -1.390079 0.530236
-1.361417 0.530236 -1.361417 0.530236
-1.332756 0.530236 -1.332756 0.530236
-1.304094 0.530236 -1.304094 0.530236
-1.275433 0.530236 -0.186188 0.149092
-1.246772 0.530236 -0.279750 0.191861
-1.218110 0.530236 -0.253579 0.192732
-1.189449 0.530236 -0.737298 0.372022
-1.160787 0.530236 -0.708267 0.371893
-1.132126 0.530236 -0.691914 0.348422
-1.103465 0.530236 -0.776875 0.415958
-1.074803 0.530236 -0.855250 0.392282
-1.046142 0.530236 -0.827728 0.392998
-1.017480 0.530236 -0.881563 0.444833
-0.988819 0.530236 -0.852084 0.444320
-0.960157 0.530236 -0.822605 0.443806
-0.931496 0.530236 -0.793126 0.443292
-0.902835 0.530236 -0.902835 0.530236
-0.874173 0.530236 -0.874173 0.530236
-0.845512 0.530236 -0.845512 0.530236
-0.816850 0.530236 -0.816850 0.530236
-0.788189 0.530236 -0.788189 0.530236
-0.759528 0.530236 -0.759528 0.530236
-0.730866 0.530236 -0.868709 0.616848
-0.702205 0.530236 -0.839229 0.616334
-0.673543 0.530236 -0.809750 0.615820
-0.644882 0.530236 -0.826833 0.712188
-0.616220 0.530236 -0.798966 0.712982
-0.587559 0.530236 -0.139594 0.082271
-0.558898 0.530236 -0.117133 0.088471
-0.530236 0.530236 -0.094671 0.094671
-0.501575 0.530236 -0.072210 0.100871
-0.472913 0.530236 -0.049748 0.107071
-0.444252 0.530236 0.947546 -0.861561
-0.415591 0.530236 0.601476 -1.088417
-0.386929 0.530236 0.605950 -1.049924
-0.358268 0.530236 0.610425 -1.011431
-0.329606 0.530236 0.614900 -0.972938
-0.300945 0.530236 -0.114893 0.234136
-0.272283 0.530236 -0.272283 0.530236
-0.243622 0.530236 -0.243622 0.530236
-0.214961 0.530236 -0.214961 0.530236
-0.186299 0.530236 -0.186299 0.530236
-0.157638 0.530236 -0.157638 0.530236
-0.128976 0.530236 -0.128976 0.530236
-0.100315 0.530236 -0.100315 0.530236
-0.071654 0.530236 -0.071654 0.530236
-0.042992 0.530236 -0.042992 0.530236
-0.014331 0.530236 -0.014331 0.530236
0.014331 0.530236 0.014331 0.530236
0.042992 0.530236 0.042992 0.530236
0.071654 0.530236 0.071654 0.530236
0.100315 0.530236 0.100315 0.530236
0.128976 0.530236 0.128976 0.530236
0.157638 0.530236 0.157638 0.530236
0.186299 0.530236 0.186299 0.530236
0.214961 0.530236 0.214961 0.530236
0.243622 0.530236 0.243622 0.530236
0.272283 0.530236 0.272283 0.530236
0.300945 0.530236 0.114894 0.234135
0.329606 0.530236 -0.614917 -0.972965
0.358268 0.530236 -0.610442 -1.011458
0.386929 0.530236 -0.605958 -1.049921
0.415591 0.530236 -0.601483 -1.088414
0.444252 0.530236 -0.947546 -0.861561
0.472913 0.530236 0.049748 0.107071
0.501575 0.530236 0.072210 0.100871
0.530236 0.530236 0.094671 0.094671
0.558898 0.530236 0.117133 0.088471
0.587559 0.530236 0.139594 0.082271
0.616220 0.530236 0.798966 0.712982
0.644882 0.530236 0.826833 0.712188
0.673543 0.530236 0.809750 0.615821
0.702205 0.530236 0.839229 0.616334
0.730866 0.530236 0.868709 0.616848
0.759528 0.530236 0.759528 0.530236
0.788189 0.530236 0.788189 0.530236
0.816850 0.530236 0.816850 0.530236
0.845512 0.530236 0.845512 0.530236
0.874173 0.530236 0.874173 0.530236
0.902835 0.530236 0.902835 0.530236
0.931496 0.530236 0.793127 0.443293
0.960157 0.530236 0.822605 0.443806
0.988819 0.530236 0.852084 0.444320
1.017480 0.530236 0.881563 0.444834
1.046142 0.530236 0.827728 0.392998
1.074803 0.530236 0.855250 0.392282
1.103465 0.530236 0.776874 0.415958
1.132126 0.530236 0.691914 0.348422
1.160787 0.530236 0.708266 0.371893
1.189449 0.530236 0.737299 0.372023
1.218110 0.530236 0.253572 0.192731
1.246772 0.530236 0.279749 0.191862
1.275433 0.530236 0.186187 0.149092
1.304094 0.530236 1.304094 0.530236
1.332756 0.530236 1.332756 0.530236
1.361417 0.530236 1.361417 0.530236
1.390079 0.530236 1.390079 0.530236
1.418740 0.530236 1.418740 0.530236
1.447402 0.530236 1.447402 0.530236
1.476063 0.530236 1.476063 0.530236
1.504724 0.530236 1.504724 0.530236
1.533386 0.530236 1.533386 0.530236
1.562047 0.530236 1.562047 0.530236
1.590709 0.530236 1.590709 0.530236
1.619370 0.530236 1.619370 0.530236
1.648031 0.530236 1.648031 0.530236
1.676693 0.530236 1.676693 0.530236
1.705354 0.530236 1.705354 0.530236
1.734016 0.530236 1.734016 0.530236
1.762677 0.530236 1.762677 0.530236
1.791339 0.530236 1.791339 0.530236
1.820000 0.530236 1.820000 0.530236
-1.820000 0.558898 -1.820000 0.558898
-1.791339 0.558898 -1.791339 0.558898
-1.762677 0.558898 -1.762677 0.558898
-1.734016 0.558898 -1.734016 0.558898
-1.705354 0.558898 -1.705354 0.558898
-1.676693 0.558898 -1.676693 0.558898
-1.648031 0.558898 -1.648031 0.558898
-1.619370 0.558898 -1.619370 0.558898
-1.590709 0.558898 -1.590709 0.558898
-1.562047 0.558898 -1.562047 0.558898
-1.533386 0.558898 -1.533386 0.558898
-1.504724 0.558898 -1.504724 0.558898
-1.476063 0.558898 -1.476063 0.558898
-1.447402 0.558898 -1.447402 0.558898
-1.418740 0.558898 -1.418740 0.558898
-1.390079 0.558898 -1.390079 0.558898
-1.361417 0.558898 -1.361417 0.558898
-1.332756 0.558898 -1.332756 0.558898
-1.304094 0.558898 -1.304094 0.558898
-1.275433 0.558898 2.025151 -0.809692
-1.246772 0.558898 -0.278879 0.220217
-1.218110 0.558898 -0.301790 0.179129
-1.189449 0.558898 -0.622783 0.360612
-1.160787 0.558898 -0.721153 0.376261
-1.132126 0.558898 -0.715519 0.328456
-1.103465 0.558898 -0.697045 0.303528
-1.074803 0.558898 -0.780260 0.373824
-1.046142 0.558898 -0.827012 0.421210
-1.017480 0.558898 -0.799491 0.421926
-0.988819 0.558898 -0.852598 0.473304
-0.960157 0.558898 -0.823119 0.472790
-0.931496 0.558898 -0.793640 0.472276
-0.902835 0.558898 -0.902835 0.558898
-0.874173 0.558898 -0.874173 0.558898
-0.845512 0.558898 -0.845512 0.558898
-0.816850 0.558898 -0.816850 0.558898
-0.788189 0.558898 -0.788189 0.558898
-0.759528 0.558898 -0.759528 0.558898
-0.730866 0.558898 -0.869222 0.645832
-0.702205 0.558898 -0.839743 0.645318
-0.673543 0.558898 -0.787827 0.673181
-0.644882 0.558898 -0.758595 0.672611
-0.616220 0.558898 -0.798172 0.740849
-0.587559 0.558898 -0.770305 0.741644
-0.558898 0.558898 -0.110933 0.110933
-0.530236 0.558898 -0.088471 0.117133
-0.501575 0.558898 -0.066010 0.123333
-0.472913 0.558898 -0.043548 0.129533
-0.444252 0.558898 -0.125799 0.052087
-0.415591 0.558898 -0.100648 0.057673
-0.386929 0.558898 0.644468 -1.082548
-0.358268 0.558898 0.648942 -1.044054
-0.329606 0.558898 0.653416 -1.005561
-0.300945 0.558898 0.657890 -0.967067
-0.272283 0.558898 -0.076330 0.247039
-0.243622 0.558898 -0.128857 0.230923
-0.214961 0.558898 -0.106647 0.249360
-0.186299 0.558898 -0.186299 0.558898
-0.157638 0.558898 -0.157638 0.558898
-0.128976 0.558898 -0.128976 0.558898
-0.100315 0.558898 -0.100315 0.558898
-0.071654 0.558898 -0.071654 0.558898
-0.042992 0.558898 -0.042992 0.558898
-0.014331 0.558898 -0.014331 0.558898
0.014331 0.558898 0.014331 0.558898
0.042992 0.558898 0.042992 0.558898
0.071654 0.558898 0.071654 0.558898
0.100315 0.558898 0.100315 0.558898
0.128976 0.558898 0.128976 0.558898
0.157638 0.558898 0.157638 0.558898
0.186299 0.558898 0.186299 0.558898
0.214961 0.558898 0.106649 0.249367
0.243622 0.558898 0.128858 0.230923
0.272283 0.558898 0.076331 0.247038
0.300945 0.558898 -0.657885 -0.967072
0.329606 0.558898 -0.653410 -1.005565
0.358268 0.558898 -0.648925 -1.044027
0.386929 0.558898 -0.644451 -1.082521
0.415591 0.558898 0.100643 0.057666
0.444252 0.558898 0.125801 0.052085
0.472913 0.558898 0.043548 0.129533
0.501575 0.558898 0.066010 0.123333
0.530236 0.558898 0.088471 0.117133
0.558898 0.558898 0.110933 0.110933
0.587559 0.558898 0.770305 0.741644
0.616220 0.558898 0.798172 0.740849
0.644882 0.558898 0.758595 0.672611
0.673543 0.558898 0.787827 0.673181
0.702205 0.558898 0.839743 0.645319
0.730866 0.558898 0.869223 0.645832
0.759528 0.558898 0.759528 0.558898
0.788189 0.558898 0.788189 0.558898
0.816850 0.558898 0.816850 0.558898
0.845512 0.558898 0.845512 0.558898
0.874173 0.558898 0.874173 0.558898
0.902835 0.558898 0.902835 0.558898
0.931496 0.558898 0.793640 0.472277
0.960157 0.558898 0.823119 0.472791
0.988819 0.558898 0.852598 0.473304
1.017480 0.558898 0.799490 0.421925
1.046142 0.558898 0.827012 0.421209
1.074803 0.558898 0.780260 0.373824
1.103465 0.558898 0.697044 0.303527
1.132126 0.558898 0.715519 0.328456
1.160787 0.558898 0.721153 0.376262
1.189449 0.558898 0.622782 0.360613
1.218110 0.558898 0.301790 0.179130
1.246772 0.558898 0.278893 0.220223
1.275433 0.558898 -2.025158 -0.809697
1.304094 0.558898 1.304094 0.558898
1.332756 0.558898 1.332756 0.558898
1.361417 0.558898 1.361417 0.558898
1.390079 0.558898 1.390079 0.558898
1.418740 0.558898 1.418740 0.558898
1.447402 0.558898 1.447402 0.558898
1.476063 0.558898 1.476063 0.558898
1.504724 0.558898 1.504724 0.558898
1.533386 0.558898 1.533386 0.558898
1.562047 0.558898 1.562047 0.558898
1.590709 0.558898 1.590709 0.558898
1.619370 0.558898 1.619370 0.558898
1.648031 0.558898 1.648031 0.558898
1.676693 0.558898 1.676693 0.558898
1.705354 0.558898 1.705354 0.558898
1.734016 0.558898 1.734016 0.558898
1.762677 0.558898 1.762677 0.558898
1.791339 0.558898 1.791339 0.558898
1.820000 0.558898 1.820000 0.558898
-1.820000 0.587559 -1.820000 0.587559
-1.791339 0.587559 -1.791339 0.587559
-1.762677 0.587559 -1.762677 0.587559
-1.734016 0.587559 -1.734016 0.587559
-1.705354 0.587559 -1.705354 0.587559
-1.676693 0.587559 -1.676693 0.587559
-1.648031 0.587559 -1.648031 0.587559
-1.619370 0.587559 -1.619370 0.587559
-1.590709 0.587559 -1.590709 0.587559
-1.562047 0.587559 -1.562047 0.587559
-1.533386 0.587559 -1.533386 0.587559
-1.504724 0.587559 -1.504724 0.587559
-1.476063 0.587559 -1.476063 0.587559
-1.447402 0.587559 -1.447402 0.587559
-1.418740 0.587559 -1.418740 0.587559
-1.390079 0.587559 -1.390079 0.587559
-1.361417 0.587559 -1.361417 0.587559
-1.332756 0.587559 -1.332756 0.587559
-1.304094 0.587559 -1.304094 0.587559
-1.275433 0.587559 -1.275433 0.587559
-1.246772 0.587559 -0.125126 0.195077
-1.218110 0.587559 -0.346971 0.107328
-1.189449 0.587559 -0.321255 0.106708
-1.160787 0.587559 -0.755150 0.332681
-1.132126 0.587559 -0.726191 0.332494
-1.103465 0.587559 -0.697231 0.332306
-1.074803 0.587559 -0.782849 0.404112
-1.046142 0.587559 -0.750067 0.401523
-1.017480 0.587559 -0.798775 0.450137
-0.988819 0.587559 -0.771253 0.450853
-0.960157 0.587559 -0.823632 0.501774
-0.931496 0.587559 -0.794153 0.501261
-0.902835 0.587559 -0.764674 0.500747
-0.874173 0.587559 -0.874173 0.587559
-0.845512 0.587559 -0.845512 0.587559
-0.816850 0.587559 -0.816850 0.587559
-0.788189 0.587559 -0.788189 0.587559
-0.759528 0.587559 -0.759528 0.587559
-0.730866 0.587559 -0.730866 0.587559
-0.702205 0.587559 -0.817629 0.702983
-0.673543 0.587559 -0.788397 0.702413
-0.644882 0.587559 -0.759166 0.701843
-0.616220 0.587559 -0.729934 0.701273
-0.587559 0.587559 -0.769510 0.769510
-0.558898 0.587559 -0.741644 0.770305
-0.530236 0.587559 -0.082271 0.139594
-0.501575 0.587559 -0.059810 0.145794
-0.472913 0.587559 -0.037348 0.151994
-0.444252 0.587559 -0.120213 0.071858
-0.415591 0.587559 -0.095062 0.077444
-0.386929 0.587559 -0.069910 0.083030
-0.358268 0.587559 0.687435 -1.076654
-0.329606 0.587559 0.691910 -1.038161
-0.300945 0.587559 0.696384 -0.999667
-0.272283 0.587559 0.333952 -1.144954
-0.243622 0.587559 0.353292 -1.118315
-0.214961 0.587559 0.372633 -1.091677
-0.186299 0.587559 -0.066004 0.243778
-0.157638 0.587559 -0.043794 0.262214
-0.128976 0.587559 -0.092312 0.262149
-0.100315 0.587559 -0.100315 0.587559
-0.071654 0.587559 -0.071654 0.587559
-0.042992 0.587559 -0.042992 0.587559
-0.014331 0.587559 -0.014331 0.587559
0.014331 0.587559 0.014331 0.587559
0.042992 0.587559 0.042992 0.587559
0.071654 0.587559 0.071654 0.587559
0.100315 0.587559 0.100315 0.587559
0.128976 0.587559 0.092311 0.262149
0.157638 0.587559 0.043793 0.262214
0.186299 0.587559 0.066001 0.243769
0.214961 0.587559 -0.372636 -1.091687
0.243622 0.587559 -0.353296 -1.118325
0.272283 0.587559 -0.333955 -1.144953
0.300945 0.587559 -0.696378 -0.999673
0.329606 0.587559 -0.691893 -1.038134
0.358268 0.587559 -0.687418 -1.076627
0.386929 0.587559 0.069906 0.083023
0.415591 0.587559 0.095063 0.077442
0.444252 0.587559 0.120215 0.071856
0.472913 0.587559 0.037348 0.151994
0.501575 0.587559 0.059810 0.145794
0.530236 0.587559 0.082271 0.139594
0.558898 0.587559 0.741644 0.770305
0.587559 0.587559 0.769510 0.769510
0.616220 0.587559 0.729934 0.701273
0.644882 0.587559 0.759166 0.701843
0.673543 0.587559 0.788397 0.702413
0.702205 0.587559 0.817629 0.702983
0.730866 0.587559 0.730866 0.587559
0.759528 0.587559 0.759528 0.587559
0.788189 0.587559 0.788189 0.587559
0.816850 0.587559 0.816850 0.587559
0.845512 0.587559 0.845512 0.587559
0.874173 0.587559 0.874173 0.587559
0.902835 0.587559 0.764675 0.500747
0.931496 0.587559 0.794154 0.501261
0.960157 0.587559 0.823632 0.501775
0.988819 0.587559 0.771252 0.450853
1.017480 0.587559 0.798774 0.450137
1.046142 0.587559 0.750067 0.401523
1.074803 0.587559 0.782849 0.404112
1.103465 0.587559 0.697231 0.332306
1.132126 0.587559 0.726191 0.332493
1.160787 0.587559 0.755150 0.332681
1.189449 0.587559 0.321250 0.106705
1.218110 0.587559 0.346971 0.107328
1.246772 0.587559 0.125126 0.195078
1.275433 0.587559 1.275433 0.587559
1.304094 0.587559 1.304094 0.587559
1.332756 0.587559 1.332756 0.587559
1.361417 0.587559 1.361417 0.587559
1.390079 0.587559 1.390079 0.587559
1.418740 0.587559 1.418740 0.587559
1.447402 0.587559 1.447402 0.587559
1.476063 0.587559 1.476063 0.587559
1.504724 0.587559 1.504724 0.587559
1.533386 0.587559 1.533386 0.587559
1.562047 0.587559 1.562047 0.587559
1.590709 0.587559 1.590709 0.587559
1.619370 0.587559 1.619370 0.587559
1.648031 0.587559 1.648031 0.587559
1.676693 0.587559 1.676693 0.587559
1.705354 0.587559 1.705354 0.587559
1.734016 0.587559 1.734016 0.587559
1.762677 0.587559 1.762677 0.587559
1.791339 0.587559 1.791339 0.587559
1.820000 0.587559 1.820000 0.587559
-1.820000 0.616220 -1.820000 0.616220
-1.791339 0.616220 -1.791339 0.616220
-1.762677 0.616220 -1.762677 0.616220
-1.734016 0.616220 -1.734016 0.616220
-1.705354 0.616220 -1.705354 0.616220
-1.676693 0.616220 -1.676693 0.616220
-1.648031 0.616220 -1.648031 0.616220
-1.619370 0.616220 -1.619370 0.616220
-1.590709 0.616220 -1.590709 0.616220
-1.562047 0.616220 -1.562047 0.616220
-1.533386 0.616220 -1.533386 0.616220
-1.504724 0.616220 -1.504724 0.616220
-1.476063 0.616220 -1.476063 0.616220
-1.447402 0.616220 -1.447402 0.616220
-1.418740 0.616220 -1.418740 0.616220
-1.390079 0.616220 -1.390079 0.616220
-1.361417 0.616220 -1.361417 0.616220
-1.332756 0.616220 -1.332756 0.616220
-1.304094 0.616220 -1.304094 0.616220
-1.275433 0.616220 -1.275433 0.616220
-1.246772 0.616220 1.958731 -0.918690
-1.218110 0.616220 -0.350030 0.070770
-1.189449 0.616220 -0.323372 0.072029
-1.160787 0.616220 -0.654577 0.298148
-1.132126 0.616220 -0.726378 0.361273
-1.103465 0.616220 -0.697419 0.361085
-1.074803 0.616220 -0.668460 0.360899
-1.046142 0.616220 -0.752656 0.431812
-1.017480 0.616220 -0.798059 0.478349
-0.988819 0.616220 -0.770537 0.479065
-0.960157 0.616220 -0.824147 0.530759
-0.931496 0.616220 -0.794668 0.530246
-0.902835 0.616220 -0.765188 0.529731
-0.874173 0.616220 -0.735709 0.529217
-0.845512 0.616220 -0.845512 0.616220
-0.816850 0.616220 -0.816850 0.616220
-0.788189 0.616220 -0.788189 0.616220
-0.759528 0.616220 -0.759528 0.616220
-0.730866 0.616220 -0.730866 0.616220
-0.702205 0.616220 -0.702205 0.616220
-0.673543 0.616220 -0.788967 0.731645
-0.644882 0.616220 -0.759736 0.731074
-0.616220 0.616220 -0.730504 0.730504
-0.587559 0.616220 -0.701273 0.729934
-0.558898 0.616220 -0.740849 0.798172
-0.530236 0.616220 -0.712982 0.798966
-0.501575 0.616220 -0.053610 0.168255
-0.472913 0.616220 -0.139778 0.086044
-0.444252 0.616220 -0.114627 0.091630
-0.415591 0.616220 -0.089476 0.097216
-0.386929 0.616220 -0.064324 0.102802
-0.358268 0.616220 -0.039173 0.108388
-0.329606 0.616220 -0.014021 0.113974
-0.300945 0.616220 0.734877 -1.032267
-0.272283 0.616220 0.360591 -1.192420
-0.243622 0.616220 0.379931 -1.165782
-0.214961 0.616220 0.399277 -1.139152
-0.186299 0.616220 0.418617 -1.112514
-0.157638 0.616220 0.437957 -1.085875
-0.128976 0.616220 0.070618 -1.155229
-0.100315 0.616220 0.098208 -1.145722
-0.071654 0.616220 0.125798 -1.136215
-0.042992 0.616220 -0.001971 0.252148
-0.014331 0.616220 0.025949 0.258727
0.014331 0.616220 -0.025948 0.258727
0.042992 0.616220 0.001972 0.252152
0.071654 0.616220 -0.125795 -1.136186
0.100315 0.616220 -0.098205 -1.145693
0.128976 0.616220 -0.070611 -1.155229
0.157638 0.616220 -0.437955 -1.085876
0.186299 0.616220 -0.418615 -1.112515
0.214961 0.616220 -0.399274 -1.139153
0.243622 0.616220 -0.379933 -1.165781
0.272283 0.616220 -0.360593 -1.192420
0.300945 0.616220 -0.734871 -1.032273
0.329606 0.616220 0.014017 0.113967
0.358268 0.616220 0.039168 0.108381
0.386929 0.616220 0.064320 0.102794
0.415591 0.616220 0.089477 0.097214
0.444252 0.616220 0.114629 0.091628
0.472913 0.616220 0.139780 0.086042
0.501575 0.616220 0.053610 0.168255
0.530236 0.616220 0.712982 0.798966
0.558898 0.616220 0.740849 0.798172
0.587559 0.616220 0.701273 0.729934
0.616220 0.616220 0.730504 0.730504
0.644882 0.616220 0.759736 0.731074
0.673543 0.616220 0.788967 0.731645
0.702205 0.616220 0.702205 0.616220
0.730866 0.616220 0.730866 0.616220
0.759528 0.616220 0.759528 0.616220
0.788189 0.616220 0.788189 0.616220
0.816850 0.616220 0.816850 0.616220
0.845512 0.616220 0.845512 0.616220
0.874173 0.616220 0.735710 0.529218
0.902835 0.616220 0.765189 0.529732
0.931496 0.616220 0.794668 0.530245
0.960157 0.616220 0.824146 0.530759
0.988819 0.616220 0.770536 0.479064
1.017480 0.616220 0.798058 0.478348
1.046142 0.616220 0.752656 0.431812
1.074803 0.616220 0.668459 0.360898
1.103465 0.616220 0.697419 0.361085
1.132126 0.616220 0.726378 0.361272
1.160787 0.616220 0.654577 0.298148
1.189449 0.616220 0.323372 0.072028
1.218110 0.616220 0.350030 0.070769
1.246772 0.616220 -1.958714 -0.918675
1.275433 0.616220 1.275433 0.616220
1.304094 0.616220 1.304094 0.616220
1.332756 0.616220 1.332756 0.616220
1.361417 0.616220 1.361417 0.616220
1.390079 0.616220 1.390079 0.616220
1.418740 0.616220 1.418740 0.616220
1.447402 0.616220 1.447402 0.616220
1.476063 0.616220 1.476063 0.616220
1.504724 0.616220 1.504724 0.616220
1.533386 0.616220 1.533386 0.616220
1.562047 0.616220 1.562047 0.616220
1.590709 0.616220 1.590709 0.616220
1.619370 0.616220 1.619370 0.616220
1.648031 0.616220 1.648031 0.616220
1.676693 0.616220 1.676693 0.616220
1.705354 0.616220 1.705354 0.616220
1.734016 0.616220 1.734016 0.616220
1.762677 0.616220 1.762677 0.616220
1.791339 0.616220 1.791339 0.616220
1.820000 0.616220 1.820000 0.616220
-1.820000 0.644882 -1.820000 0.644882
-1.791339 0.644882 -1.791339 0.644882
-1.762677 0.644882 -1.762677 0.644882
-1.734016 0.644882 -1.734016 0.644882
-1.705354 0.644882 -1.705354 0.644882
-1.676693 0.644882 -1.676693 0.644882
-1.648031 0.644882 -1.648031 0.644882
-1.619370 0.644882 -1.619370 0.644882
-1.590709 0.644882 -1.590709 0.644882
-1.562047 0.644882 -1.562047 0.644882
-1.533386 0.644882 -1.533386 0.644882
-1.504724 0.644882 -1.504724 0.644882
-1.476063 0.644882 -1.476063 0.644882
-1.447402 0.644882 -1.447402 0.644882
-1.418740 0.644882 -1.418740 0.644882
-1.390079 0.644882 -1.390079 0.644882
-1.361417 0.644882 -1.361417 0.644882
-1.332756 0.644882 -1.332756 0.644882
-1.304094 0.644882 -1.304094 0.644882
-1.275433 0.644882 -1.275433 0.644882
-1.246772 0.644882 -1.246772 0.644882
-1.218110 0.644882 -0.224932 0.020827
-1.189449 0.644882 -0.322113 0.099900
-1.160787 0.644882 -0.295463 0.101163
-1.132126 0.644882 -0.620316 0.323291
-1.103465 0.644882 -0.697606 0.389865
-1.074803 0.644882 -0.668648 0.389678
-1.046142 0.644882 -0.755245 0.462100
-1.017480 0.644882 -0.722463 0.459511
-0.988819 0.644882 -0.769821 0.507277
-0.960157 0.644882 -0.742299 0.507992
-0.931496 0.644882 -0.795181 0.559230
-0.902835 0.644882 -0.765702 0.558716
-0.874173 0.644882 -0.736223 0.558202
-0.845512 0.644882 -0.845512 0.644882
-0.816850 0.644882 -0.816850 0.644882
-0.788189 0.644882 -0.788189 0.644882
-0.759528 0.644882 -0.759528 0.644882
-0.730866 0.644882 -0.730866 0.644882
-0.702205 0.644882 -0.702205 0.644882
-0.673543 0.644882 -0.673543 0.644882
-0.644882 0.644882 -0.760306 0.760306
-0.616220 0.644882 -0.731074 0.759736
-0.587559 0.644882 -0.701843 0.759166
-0.558898 0.644882 -0.672611 0.758595
-0.530236 0.644882 -0.712188 0.826833
-0.501575 0.644882 -0.639008 0.863607
-0.472913 0.644882 -0.610797 0.864322
-0.444252 0.644882 -0.109039 0.111393
-0.415591 0.644882 -0.083887 0.116979
-0.386929 0.644882 -0.058736 0.122565
-0.358268 0.644882 -0.033584 0.128151
-0.329606 0.644882 -0.008433 0.133737
-0.300945 0.644882 -0.103464 0.080521
-0.272283 0.644882 -0.076156 0.084386
-0.243622 0.644882 0.406575 -1.213257
-0.214961 0.644882 0.425915 -1.186619
-0.186299 0.644882 0.445255 -1.159980
-0.157638 0.644882 0.464595 -1.133342
-0.128976 0.644882 0.080125 -1.210946
-0.100315 0.644882 0.107715 -1.201438
-0.071654 0.644882 0.135305 -1.191931
-0.042992 0.644882 0.162886 -1.182396
-0.014331 0.644882 0.190476 -1.172890
0.014331 0.644882 -0.190482 -1.172888
0.042992 0.644882 -0.162892 -1.182395
0.071654 0.644882 -0.135302 -1.191902
0.100315 0.644882 -0.107708 -1.201438
0.128976 0.644882 -0.080118 -1.210945
0.157638 0.644882 -0.464593 -1.133343
0.186299 0.644882 -0.445253 -1.159981
0.214961 0.644882 -0.425912 -1.186609
0.243622 0.644882 -0.406572 -1.213247
0.272283 0.644882 0.076153 0.084378
0.300945 0.644882 0.103466 0.080519
0.329606 0.644882 0.008431 0.133738
0.358268 0.644882 0.033582 0.128152
0.386929 0.644882 0.058740 0.122571
0.415591 0.644882 0.083891 0.116985
0.444252 0.644882 0.109043 0.111399
0.472913 0.644882 0.610797 0.864323
0.501575 0.644882 0.639008 0.863607
0.530236 0.644882 0.712188 0.826833
0.558898 0.644882 0.672611 0.758595
0.587559 0.644882 0.701843 0.759166
0.616220 0.644882 0.731074 0.759736
0.644882 0.644882 0.760306 0.760306
0.673543 0.644882 0.673543 0.644882
0.702205 0.644882 0.702205 0.644882
0.730866 0.644882 0.730866 0.644882
0.759528 0.644882 0.759528 0.644882
0.788189 0.644882 0.788189 0.644882
0.816850 0.644882 0.816850 0.644882
0.845512 0.644882 0.845512 0.644882
0.874173 0.644882 0.736224 0.558202
0.902835 0.644882 0.765703 0.558716
0.931496 0.644882 0.795182 0.559230
0.960157 0.644882 0.742298 0.507992
0.988819 0.644882 0.769820 0.507276
1.017480 0.644882 0.722463 0.459511
1.046142 0.644882 0.755245 0.462100
1.074803 0.644882 0.668647 0.389677
1.103465 0.644882 0.697606 0.389864
1.132126 0.644882 0.620314 0.323290
1.160787 0.644882 0.295455 0.101157
1.189449 0.644882 0.322113 0.099898
1.218110 0.644882 0.224931 0.020828
1.246772 0.644882 1.246772 0.644882
1.275433 0.644882 1.275433 0.644882
1.304094 0.644882 1.304094 0.644882
1.332756 0.644882 1.332756 0.644882
1.361417 0.644882 1.361417 0.644882
1.390079 0.644882 1.390079 0.644882
1.418740 0.644882 1.418740 0.644882
1.447402 0.644882 1.447402 0.644882
1.476063 0.644882 1.476063 0.644882
1.504724 0.644882 1.504724 0.644882
1.533386 0.644882 1.533386 0.644882
1.562047 0.644882 1.562047 0.644882
1.590709 0.644882 1.590709 0.644882
1.619370 0.644882 1.619370 0.644882
1.648031 0.644882 1.648031 0.644882
1.676693 0.644882 1.676693 0.644882
1.705354 0.644882 1.705354 0.644882
1.734016 0.644882 1.734016 0.644882
1.762677 0.644882 1.762677 0.644882
1.791339 0.644882 1.791339 0.644882
1.820000 0.644882 1.820000 0.644882
-1.820000 0.673543 -1.820000 0.673543
-1.791339 0.673543 -1.791339 0.673543
-1.762677 0.673543 -1.762677 0.673543
-1.734016 0.673543 -1.734016 0.673543
-1.705354 0.673543 -1.705354 0.673543
-1.676693 0.673543 -1.676693 0.673543
-1.648031 0.673543 -1.648031 0.673543
-1.619370 0.673543 -1.619370 0.673543
-1.590709 0.673543 -1.590709 0.673543
-1.562047 0.673543 -1.562047 0.673543
-1.533386 0.673543 -1.533386 0.673543
-1.504724 0.673543 -1.504724 0.673543
-1.476063 0.673543 -1.476063 0.673543
-1.447402 0.673543 -1.447402 0.673543
-1.418740 0.673543 -1.418740 0.673543
-1.390079 0.673543 -1.390079 0.673543
-1.361417 0.673543 -1.361417 0.673543
-1.332756 0.673543 -1.332756 0.673543
-1.304094 0.673543 -1.304094 0.673543
-1.275433 0.673543 -1.275433 0.673543
-1.246772 0.673543 -1.246772 0.673543
-1.218110 0.673543 1.903369 -1.287807
-1.189449 0.673543 -0.320846 0.127764
-1.160787 0.673543 -0.294196 0.129029
-1.132126 0.673543 -0.629783 0.357901
-1.103465 0.673543 -0.697793 0.418644
-1.074803 0.673543 -0.668835 0.418457
-1.046142 0.673543 -0.639875 0.418269
-1.017480 0.673543 -0.725052 0.489799
-0.988819 0.673543 -0.692270 0.487210
-0.960157 0.673543 -0.741583 0.536204
-0.931496 0.673543 -0.714061 0.536920
-0.902835 0.673543 -0.766216 0.587700
-0.874173 0.673543 -0.736737 0.587187
-0.845512 0.673543 -0.707258 0.586673
-0.816850 0.673543 -0.816850 0.673543
-0.788189 0.673543 -0.788189 0.673543
-0.759528 0.673543 -0.759528 0.673543
-0.730866 0.673543 -0.730866 0.673543
-0.702205 0.673543 -0.702205 0.673543
-0.673543 0.673543 -0.673543 0.673543
-0.644882 0.673543 -0.644882 0.673543
-0.616220 0.673543 -0.731645 0.788967
-0.587559 0.673543 -0.702413 0.788397
-0.558898 0.673543 -0.673181 0.787827
-0.530236 0.673543 -0.615821 0.809750
-0.501575 0.673543 -0.638292 0.891129
-0.472913 0.673543 -0.610081 0.891844
-0.444252 0.673543 -0.581869 0.892560
-0.415591 0.673543 -0.078301 0.136750
-0.386929 0.673543 -0.053150 0.142336
-0.358268 0.673543 -0.027998 0.147922
-0.329606 0.673543 -0.002847 0.153508
-0.300945 0.673543 -0.099599 0.098134
-0.272283 0.673543 -0.072290 0.102000
-0.243622 0.673543 -0.044981 0.105866
-0.214961 0.673543 -0.017673 0.109732
-0.186299 0.673543 0.009636 0.113597
-0.157638 0.673543 0.491234 -1.180808
-0.128976 0.673543 0.089621 -1.266632
-0.100315 0.673543 0.117212 -1.257126
-0.071654 0.673543 0.144802 -1.247619
-0.042992 0.673543 0.172392 -1.238112
-0.014331 0.673543 0.199983 -1.228605
0.014331 0.673543 -0.199989 -1.228603
0.042992 0.673543 -0.172396 -1.238141
0.071654 0.673543 -0.144805 -1.247648
0.100315 0.673543 -0.117215 -1.257155
0.128976 0.673543 -0.089625 -1.266661
0.157638 0.673543 -0.491231 -1.180798
0.186299 0.673543 -0.009639 0.113589
0.214961 0.673543 0.017670 0.109724
0.243622 0.673543 0.044978 0.105858
0.272283 0.673543 0.072292 0.101999
0.300945 0.673543 0.099601 0.098133
0.329606 0.673543 0.002844 0.153509
0.358268 0.673543 0.027996 0.147923
0.386929 0.673543 0.053154 0.142342
0.415591 0.673543 0.078305 0.136756
0.444252 0.673543 0.581870 0.892562
0.472913 0.673543 0.610081 0.891846
0.501575 0.673543 0.638292 0.891129
0.530236 0.673543 0.615820 0.809750
0.558898 0.673543 0.673181 0.787827
0.587559 0.673543 0.702413 0.788397
0.616220 0.673543 0.731645 0.788967
0.644882 0.673543 0.644882 0.673543
0.673543 0.673543 0.673543 0.673543
0.702205 0.673543 0.702205 0.673543
0.730866 0.673543 0.730866 0.673543
0.759528 0.673543 0.759528 0.673543
0.788189 0.673543 0.788189 0.673543
0.816850 0.673543 0.816850 0.673543
0.845512 0.673543 0.707258 0.586673
0.874173 0.673543 0.736737 0.587186
0.902835 0.673543 0.766216 0.587700
0.931496 0.673543 0.714061 0.536919
0.960157 0.673543 0.741582 0.536203
0.988819 0.673543 0.692270 0.487210
1.017480 0.673543 0.725052 0.489799
1.046142 0.673543 0.639874 0.418269
1.074803 0.673543 0.668834 0.418456
1.103465 0.673543 0.697794 0.418644
1.132126 0.673543 0.629781 0.357900
1.160787 0.673543 0.294196 0.129027
1.189449 0.673543 0.320854 0.127768
1.218110 0.673543 -1.903327 -1.287788
1.246772 0.673543 1.246772 0.673543
1.275433 0.673543 1.275433 0.673543
1.304094 0.673543 1.304094 0.673543
1.332756 0.673543 1.332756 0.673543
1.361417 0.673543 1.361417 0.673543
1.390079 0.673543 1.390079 0.673543
1.418740 0.673543 1.418740 0.673543
1.447402 0.673543 1.447402 0.673543
1.476063 0.673543 1.476063 0.673543
1.504724 0.673543 1.504724 0.673543
1.533386 0.673543 1.533386 0.673543
1.562047 0.673543 1.562047 0.673543
1.590709 0.673543 1.590709 0.673543
1.619370 0.673543 1.619370 0.673543
1.648031 0.673543 1.648031 0.673543
1.676693 0.673543 1.676693 0.673543
1.705354 0.673543 1.705354 0.673543
1.734016 0.673543 1.734016 0.673543
1.762677 0.673543 1.762677 0.673543
1.791339 0.673543 1.791339 0.673543
1.820000 0.673543 1.820000 0.673543
-1.820000 0.702205 -1.820000 0.702205
-1.791339 0.702205 -1.791339 0.702205
-1.762677 0.702205 -1.762677 0.702205
-1.734016 0.702205 -1.734016 0.702205
-1.705354 0.702205 -1.705354 0.702205
-1.676693 0.702205 -1.676693 0.702205
-1.648031 0.702205 -1.648031 0.702205
-1.619370 0.702205 -1.619370 0.702205
-1.590709 0.702205 -1.590709 0.702205
-1.562047 0.702205 -1.562047 0.702205
-1.533386 0.702205 -1.533386 0.702205
-1.504724 0.702205 -1.504724 0.702205
-1.476063 0.702205 -1.476063 0.702205
-1.447402 0.702205 -1.447402 0.702205
-1.418740 0.702205 -1.418740 0.702205
-1.390079 0.702205 -1.390079 0.702205
-1.361417 0.702205 -1.361417 0.702205
-1.332756 0.702205 -1.332756 0.702205
-1.304094 0.702205 -1.304094 0.702205
-1.275433 0.702205 -1.275433 0.702205
-1.246772 0.702205 -1.246772 0.702205
-1.218110 0.702205 -1.218110 0.702205
-1.189449 0.702205 -0.218567 0.092159
-1.160787 0.702205 -0.292929 0.156894
-1.132126 0.702205 -0.266287 0.158163
-1.103465 0.702205 -0.595522 0.383044
-1.074803 0.702205 -0.669022 0.447236
-1.046142 0.702205 -0.640063 0.447049
-1.017480 0.702205 -0.611103 0.446861
-0.988819 0.702205 -0.694859 0.517498
-0.960157 0.702205 -0.740867 0.564416
-0.931496 0.702205 -0.713345 0.565131
-0.902835 0.702205 -0.766730 0.616685
-0.874173 0.702205 -0.759853 0.587885
-0.845512 0.702205 -0.730622 0.587314
-0.816850 0.702205 -0.701390 0.586744
-0.788189 0.702205 -0.788189 0.702205
-0.759528 0.702205 -0.759528 0.702205
-0.730866 0.702205 -0.730866 0.702205
-0.702205 0.702205 -0.702205 0.702205
-0.673543 0.702205 -0.673543 0.702205
-0.644882 0.702205 -0.644882 0.702205
-0.616220 0.702205 -0.616220 0.702205
-0.587559 0.702205 -0.702983 0.817629
-0.558898 0.702205 -0.645319 0.839743
-0.530236 0.702205 -0.616334 0.839229
-0.501575 0.702205 -0.587350 0.838715
-0.472913 0.702205 -0.558366 0.838202
-0.444252 0.702205 -0.581153 0.920082
-0.415591 0.702205 -0.552942 0.920798
-0.386929 0.702205 -0.524731 0.921515
-0.358268 0.702205 -0.022412 0.167693
-0.329606 0.702205 -0.123042 0.111883
-0.300945 0.702205 -0.095733 0.115748
-0.272283 0.702205 -0.068424 0.119614
-0.243622 0.702205 -0.041115 0.123471
-0.214961 0.702205 -0.013806 0.127337
-0.186299 0.702205 0.013502 0.131203
-0.157638 0.702205 -0.090338 0.104881
-0.128976 0.702205 -0.061832 0.106260
-0.100315 0.702205 -0.033326 0.107640
-0.071654 0.702205 -0.004820 0.109020
-0.042992 0.702205 0.023686 0.110399
-0.014331 0.702205 0.052194 0.111791
0.014331 0.702205 -0.052191 0.111791
0.042992 0.702205 -0.023685 0.110412
0.071654 0.702205 0.004821 0.109032
0.100315 0.702205 0.033327 0.107652
0.128976 0.702205 0.061829 0.106262
0.157638 0.702205 0.090335 0.104882
0.186299 0.702205 -0.013505 0.131203
0.214961 0.702205 0.013804 0.127337
0.243622 0.702205 0.041117 0.123478
0.272283 0.702205 0.068426 0.119613
0.300945 0.702205 0.095735 0.115747
0.329606 0.702205 0.123044 0.111881
0.358268 0.702205 0.022416 0.167700
0.386929 0.702205 0.524731 0.921515
0.415591 0.702205 0.552942 0.920799
0.444252 0.702205 0.581154 0.920084
0.472913 0.702205 0.558366 0.838202
0.501575 0.702205 0.587350 0.838716
0.530236 0.702205 0.616334 0.839229
0.558898 0.702205 0.645318 0.839743
0.587559 0.702205 0.702983 0.817629
0.616220 0.702205 0.616220 0.702205
0.644882 0.702205 0.644882 0.702205
0.673543 0.702205 0.673543 0.702205
0.702205 0.702205 0.702205 0.702205
0.730866 0.702205 0.730866 0.702205
0.759528 0.702205 0.759528 0.702205
0.788189 0.702205 0.788189 0.702205
0.816850 0.702205 0.701390 0.586744
0.845512 0.702205 0.730622 0.587314
0.874173 0.702205 0.759853 0.587885
0.902835 0.702205 0.766730 0.616684
0.931496 0.702205 0.713345 0.565131
0.960157 0.702205 0.740866 0.564415
0.988819 0.702205 0.694859 0.517498
1.017480 0.702205 0.611102 0.446861
1.046142 0.702205 0.640062 0.447048
1.074803 0.702205 0.669022 0.447236
1.103465 0.702205 0.595520 0.383043
1.132126 0.702205 0.266279 0.158157
1.160787 0.702205 0.292945 0.156903
1.189449 0.702205 0.218565 0.092160
1.218110 0.702205 1.218110 0.702205
1.246772 0.702205 1.246772 0.702205
1.275433 0.702205 1.275433 0.702205
1.304094 0.702205 1.304094 0.702205
1.332756 0.702205 1.332756 0.702205
1.361417 0.702205 1.361417 0.702205
1.390079 0.702205 1.390079 0.702205
1.418740 0.702205 1.418740 0.702205
1.447402 0.702205 1.447402 0.702205
1.476063 0.702205 1.476063 0.702205
1.504724 0.702205 1.504724 0.702205
1.533386 0.702205 1.533386 0.702205
1.562047 0.702205 1.562047 0.702205
1.590709 0.702205 1.590709 0.702205
1.619370 0.702205 1.619370 0.702205
1.648031 0.702205 1.648031 0.702205
1.676693 0.702205 1.676693 0.702205
1.705354 0.702205 1.705354 0.702205
1.734016 0.702205 1.734016 0.702205
1.762677 0.702205 1.762677 0.702205
1.791339 0.702205 1.791339 0.702205
1.820000 0.702205 1.820000 0.702205
-1.820000 0.730866 -1.820000 0.730866
-1.791339 0.730866 -1.791339 0.730866
-1.762677 0.730866 -1.762677 0.730866
-1.734016 0.730866 -1.734016 0.730866
-1.705354 0.730866 -1.705354 0.730866
-1.676693 0.730866 -1.676693 0.730866
-1.648031 0.730866 -1.648031 0.730866
-1.619370 0.730866 -1.619370 0.730866
-1.590709 0.730866 -1.590709 0.730866
-1.562047 0.730866 -1.562047 0.730866
-1.533386 0.730866 -1.533386 0.730866
-1.504724 0.730866 -1.504724 0.730866
-1.476063 0.730866 -1.476063 0.730866
-1.447402 0.730866 -1.447402 0.730866
-1.418740 0.730866 -1.418740 0.730866
-1.390079 0.730866 -1.390079 0.730866
-1.361417 0.730866 -1.361417 0.730866
-1.332756 0.730866 -1.332756 0.730866
-1.304094 0.730866 -1.304094 0.730866
-1.275433 0.730866 -1.275433 0.730866
-1.246772 0.730866 -1.246772 0.730866
-1.218110 0.730866 -1.218110 0.730866
-1.189449 0.730866 -1.189449 0.730866
-1.160787 0.730866 -0.157622 0.100536
-1.132126 0.730866 -0.265021 0.186028
-1.103465 0.730866 -0.238370 0.187292
-1.074803 0.730866 -0.561261 0.408187
-1.046142 0.730866 -0.640250 0.475828
-1.017480 0.730866 -0.611290 0.475640
-0.988819 0.730866 -0.697449 0.547786
-0.960157 0.730866 -0.664666 0.545197
-0.931496 0.730866 -0.712629 0.593343
-0.902835 0.730866 -0.708146 0.565479
-0.874173 0.730866 -0.760423 0.617116
-0.845512 0.730866 -0.731192 0.616546
-0.816850 0.730866 -0.701960 0.615976
-0.788189 0.730866 -0.672729 0.615406
-0.759528 0.730866 -0.759528 0.730866
-0.730866 0.730866 -0.730866 0.730866
-0.702205 0.730866 -0.702205 0.730866
-0.673543 0.730866 -0.673543 0.730866
-0.644882 0.730866 -0.644882 0.730866
-0.616220 0.730866 -0.616220 0.730866
-0.587559 0.730866 -0.587559 0.730866
-0.558898 0.730866 -0.645832 0.869223
-0.530236 0.730866 -0.616848 0.868709
-0.501575 0.730866 -0.587864 0.868195
-0.472913 0.730866 -0.558880 0.867682
-0.444252 0.730866 -0.529895 0.867168
-0.415591 0.730866 -0.552226 0.948321
-0.386929 0.730866 -0.524014 0.949037
-0.358268 0.730866 -0.495803 0.949753
-0.329606 0.730866 -0.415183 0.975432
-0.300945 0.730866 -0.091867 0.133353
-0.272283 0.730866 -0.064558 0.137219
-0.243622 0.730866 -0.037249 0.141085
-0.214961 0.730866 -0.009940 0.144951
-0.186299 0.730866 0.017368 0.148817
-0.157638 0.730866 -0.088958 0.121297
-0.128976 0.730866 -0.060452 0.122677
-0.100315 0.730866 -0.031946 0.124056
-0.071654 0.730866 -0.003438 0.125448
-0.042992 0.730866 0.025068 0.126828
-0.014331 0.730866 0.053574 0.128207
0.014331 0.730866 -0.053570 0.128208
0.042992 0.730866 -0.025064 0.126828
0.071654 0.730866 0.003442 0.125449
0.100315 0.730866 0.031943 0.124058
0.128976 0.730866 0.060449 0.122678
0.157638 0.730866 0.088955 0.121298
0.186299 0.730866 -0.017371 0.148817
0.214961 0.730866 0.009938 0.144951
0.243622 0.730866 0.037252 0.141092
0.272283 0.730866 0.064561 0.137227
0.300945 0.730866 0.091869 0.133361
0.329606 0.730866 0.415183 0.975431
0.358268 0.730866 0.495803 0.949753
0.386929 0.730866 0.524015 0.949037
0.415591 0.730866 0.552226 0.948321
0.444252 0.730866 0.529896 0.867168
0.472913 0.730866 0.558879 0.867681
0.501575 0.730866 0.587864 0.868195
0.530236 0.730866 0.616848 0.868709
0.558898 0.730866 0.645832 0.869222
0.587559 0.730866 0.587559 0.730866
0.616220 0.730866 0.616220 0.730866
0.644882 0.730866 0.644882 0.730866
0.673543 0.730866 0.673543 0.730866
0.702205 0.730866 0.702205 0.730866
0.730866 0.730866 0.730866 0.730866
0.759528 0.730866 0.759528 0.730866
0.788189 0.730866 0.672729 0.615406
0.816850 0.730866 0.701960 0.615976
0.845512 0.730866 0.731192 0.616546
0.874173 0.730866 0.760423 0.617116
0.902835 0.730866 0.708146 0.565479
0.931496 0.730866 0.712629 0.593343
0.960157 0.730866 0.664666 0.545197
0.988819 0.730866 0.697449 0.547786
1.017480 0.730866 0.611290 0.475641
1.046142 0.730866 0.640249 0.475828
1.074803 0.730866 0.561259 0.408186
1.103465 0.730866 0.238354 0.187282
1.132126 0.730866 0.265028 0.186033
1.160787 0.730866 0.157635 0.100544
1.189449 0.730866 1.189449 0.730866
1.218110 0.730866 1.218110 0.730866
1.246772 0.730866 1.246772 0.730866
1.275433 0.730866 1.275433 0.730866
1.304094 0.730866 1.304094 0.730866
1.332756 0.730866 1.332756 0.730866
1.361417 0.730866 1.361417 0.730866
1.390079 0.730866 1.390079 0.730866
1.418740 0.730866 1.418740 0.730866
1.447402 0.730866 1.447402 0.730866
1.476063 0.730866 1.476063 0.730866
1.504724 0.730866 1.504724 0.730866
1.533386 0.730866 1.533386 0.730866
1.562047 0.730866 1.562047 0.730866
1.590709 0.730866 1.590709 0.730866
1.619370 0.730866 1.619370 0.730866
1.648031 0.730866 1.648031 0.730866
1.676693 0.730866 1.676693 0.730866
1.705354 0.730866 1.705354 0.730866
1.734016 0.730866 1.734016 0.730866
1.762677 0.730866 1.762677 0.730866
1.791339 0.730866 1.791339 0.730866
1.820000 0.730866 1.820000 0.730866
-1.820000 0.759528 -1.820000 0.759528
-1.791339 0.759528 -1.791339 0.759528
-1.762677 0.759528 -1.762677 0.759528
-1.734016 0.759528 -1.734016 0.759528
-1.705354 0.759528 -1.705354 0.759528
-1.676693 0.759528 -1.676693 0.759528
-1.648031 0.759528 -1.648031 0.759528
-1.619370 0.759528 -1.619370 0.759528
-1.590709 0.759528 -1.590709 0.759528
-1.562047 0.759528 -1.562047 0.759528
-1.533386 0.759528 -1.533386 0.759528
-1.504724 0.759528 -1.504724 0.759528
-1.476063 0.759528 -1.476063 0.759528
-1.447402 0.759528 -1.447402 0.759528
-1.418740 0.759528 -1.418740 0.759528
-1.390079 0.759528 -1.390079 0.759528
-1.361417 0.759528 -1.361417 0.759528
-1.332756 0.759528 -1.332756 0.759528
-1.304094 0.759528 -1.304094 0.759528
-1.275433 0.759528 -1.275433 0.759528
-1.246772 0.759528 -1.246772 0.759528
-1.218110 0.759528 -1.218110 0.759528
-1.189449 0.759528 -1.189449 0.759528
-1.160787 0.759528 1.870566 -1.145200
-1.132126 0.759528 -0.263754 0.213893
-1.103465 0.759528 -0.237104 0.215157
-1.074803 0.759528 -0.570728 0.442797
-1.046142 0.759528 -0.640437 0.504607
-1.017480 0.759528 -0.611478 0.504419
-0.988819 0.759528 -0.582518 0.504232
-0.960157 0.759528 -0.667256 0.575486
-0.931496 0.759528 -0.683864 0.511896
-0.902835 0.759528 -0.720139 0.576832
-0.874173 0.759528 -0.692273 0.577627
-0.845512 0.759528 -0.731762 0.645778
-0.816850 0.759528 -0.702530 0.645208
-0.788189 0.759528 -0.673299 0.644637
-0.759528 0.759528 -0.644067 0.644067
-0.730866 0.759528 -0.730866 0.759528
-0.702205 0.759528 -0.702205 0.759528
-0.673543 0.759528 -0.673543 0.759528
-0.644882 0.759528 -0.644882 0.759528
-0.616220 0.759528 -0.616220 0.759528
-0.587559 0.759528 -0.587559 0.759528
-0.558898 0.759528 -0.558898 0.759528
-0.530236 0.759528 -0.530236 0.759528
-0.501575 0.759528 -0.588378 0.897674
-0.472913 0.759528 -0.559393 0.897161
-0.444252 0.759528 -0.530409 0.896647
-0.415591 0.759528 -0.501425 0.896133
-0.386929 0.759528 -0.472441 0.895619
-0.358268 0.759528 -0.443176 1.002182
-0.329606 0.759528 -0.414688 1.002677
-0.300945 0.759528 -0.386200 1.003173
-0.272283 0.759528 -0.357712 1.003668
-0.243622 0.759528 -0.329224 1.004163
-0.214961 0.759528 -0.006075 0.162564
-0.186299 0.759528 0.021234 0.166430
-0.157638 0.759528 -0.087579 0.137713
-0.128976 0.759528 -0.059071 0.139106
-0.100315 0.759528 -0.030565 0.140485
-0.071654 0.759528 -0.002059 0.141865
-0.042992 0.759528 0.026447 0.143245
-0.014331 0.759528 0.054953 0.144624
0.014331 0.759528 -0.054950 0.144625
0.042992 0.759528 -0.026444 0.143245
0.071654 0.759528 0.002057 0.141854
0.100315 0.759528 0.030563 0.140474
0.128976 0.759528 0.059069 0.139094
0.157638 0.759528 0.087575 0.137715
0.186299 0.759528 -0.021236 0.166430
0.214961 0.759528 0.006077 0.162572
0.243622 0.759528 0.329224 1.004162
0.272283 0.759528 0.357712 1.003667
0.300945 0.759528 0.386200 1.003172
0.329606 0.759528 0.414688 1.002677
0.358268 0.759528 0.443176 1.002181
0.386929 0.759528 0.472441 0.895619
0.415591 0.759528 0.501425 0.896133
0.444252 0.759528 0.530409 0.896646
0.472913 0.759528 0.559393 0.897160
0.501575 0.759528 0.588377 0.897674
0.530236 0.759528 0.530236 0.759528
0.558898 0.759528 0.558898 0.759528
0.587559 0.759528 0.587559 0.759528
0.616220 0.759528 0.616220 0.759528
0.644882 0.759528 0.644882 0.759528
0.673543 0.759528 0.673543 0.759528
0.702205 0.759528 0.702205 0.759528
0.730866 0.759528 0.730866 0.759528
0.759528 0.759528 0.644067 0.644067
0.788189 0.759528 0.673299 0.644637
0.816850 0.759528 0.702530 0.645208
0.845512 0.759528 0.731762 0.645778
0.874173 0.759528 0.692273 0.577627
0.902835 0.759528 0.720139 0.576832
0.931496 0.759528 0.683864 0.511896
0.960157 0.759528 0.667256 0.575486
0.988819 0.759528 0.582518 0.504232
1.017480 0.759528 0.611477 0.504420
1.046142 0.759528 0.640437 0.504607
1.074803 0.759528 0.570726 0.442796
1.103465 0.759528 0.237103 0.215158
1.132126 0.759528 0.263769 0.213903
1.160787 0.759528 -1.870505 -1.145157
1.189449 0.759528 1.189449 0.759528
1.218110 0.759528 1.218110 0.759528
1.246772 0.759528 1.246772 0.759528
1.275433 0.759528 1.275433 0.759528
1.304094 0.759528 1.304094 0.759528
1.332756 0.759528 1.332756 0.759528
1.361417 0.759528 1.361417 0.759528
1.390079 0.759528 1.390079 0.759528
1.418740 0.759528 1.418740 0.759528
1.447402 0.759528 1.447402 0.759528
1.476063 0.759528 1.476063 0.759528
1.504724 0.759528 1.504724 0.759528
1.533386 0.759528 1.533386 0.759528
1.562047 0.759528 1.562047 0.759528
1.590709 0.759528 1.590709 0.759528
1.619370 0.759528 1.619370 0.759528
1.648031 0.759528 1.648031 0.759528
1.676693 0.759528 1.676693 0.759528
1.705354 0.759528 1.705354 0.759528
1.734016 0.759528 1.734016 0.759528
1.762677 0.759528 1.762677 0.759528
1.791339 0.759528 1.791339 0.759528
1.820000 0.759528 1.820000 0.759528
-1.820000 0.788189 -1.820000 0.788189
-1.791339 0.788189 -1.791339 0.788189
-1.762677 0.788189 -1.762677 0.788189
-1.734016 0.788189 -1.734016 0.788189
-1.705354 0.788189 -1.705354 0.788189
-1.676693 0.788189 -1.676693 0.788189
-1.648031 0.788189 -1.648031 0.788189
-1.619370 0.788189 -1.619370 0.788189
-1.590709 0.788189 -1.590709 0.788189
-1.562047 0.788189 -1.562047 0.788189
-1.533386 0.788189 -1.533386 0.788189
-1.504724 0.788189 -1.504724 0.788189
-1.476063 0.788189 -1.476063 0.788189
-1.447402 0.788189 -1.447402 0.788189
-1.418740 0.788189 -1.418740 0.788189
-1.390079 0.788189 -1.390079 0.788189
-1.361417 0.788189 -1.361417 0.788189
-1.332756 0.788189 -1.332756 0.788189
-1.304094 0.788189 -1.304094 0.788189
-1.275433 0.788189 -1.275433 0.788189
-1.246772 0.788189 -1.246772 0.788189
-1.218110 0.788189 -1.218110 0.788189
-1.189449 0.788189 -1.189449 0.788189
-1.160787 0.788189 -1.160787 0.788189
-1.132126 0.788189 -0.151269 0.171878
-1.103465 0.788189 -0.235845 0.243027
-1.074803 0.788189 -0.209187 0.244286
-1.046142 0.788189 -0.536467 0.467940
-1.017480 0.788189 -0.611665 0.533198
-0.988819 0.788189 -0.600143 0.512554
-0.960157 0.788189 -0.605485 0.470308
-0.931496 0.788189 -0.686738 0.543431
-0.902835 0.788189 -0.655203 0.540557
-0.874173 0.788189 -0.691478 0.605494
-0.845512 0.788189 -0.663611 0.606288
-0.816850 0.788189 -0.703101 0.674439
-0.788189 0.788189 -0.673869 0.673869
-0.759528 0.788189 -0.644637 0.673299
-0.730866 0.788189 -0.615406 0.672729
-0.702205 0.788189 -0.702205 0.788189
-0.673543 0.788189 -0.673543 0.788189
-0.644882 0.788189 -0.644882 0.788189
-0.616220 0.788189 -0.616220 0.788189
-0.587559 0.788189 -0.587559 0.788189
-0.558898 0.788189 -0.558898 0.788189
-0.530236 0.788189 -0.530236 0.788189
-0.501575 0.788189 -0.501575 0.788189
-0.472913 0.788189 -0.559907 0.926640
-0.444252 0.788189 -0.530923 0.926126
-0.415591 0.788189 -0.501939 0.925612
-0.386929 0.788189 -0.472954 0.925098
-0.358268 0.788189 -0.411527 0.940397
-0.329606 0.788189 -0.382742 0.940041
-0.300945 0.788189 -0.353956 0.939686
-0.272283 0.788189 -0.357216 1.030914
-0.243622 0.788189 -0.328728 1.031409
-0.214961 0.788189 -0.300240 1.031904
-0.186299 0.788189 -0.271752 1.032399
-0.157638 0.788189 -0.186635 1.045545
-0.128976 0.788189 -0.157994 1.045722
-0.100315 0.788189 -0.029185 0.156902
-0.071654 0.788189 -0.000679 0.158282
-0.042992 0.788189 0.027827 0.159661
-0.014331 0.788189 0.056333 0.161041
0.014331 0.788189 -0.056329 0.161041
0.042992 0.788189 -0.027828 0.159650
0.071654 0.788189 0.000678 0.158270
0.100315 0.788189 0.029184 0.156891
0.128976 0.788189 0.157994 1.045722
0.157638 0.788189 0.186635 1.045545
0.186299 0.788189 0.271752 1.032399
0.214961 0.788189 0.300240 1.031903
0.243622 0.788189 0.328728 1.031408
0.272283 0.788189 0.357216 1.030913
0.300945 0.788189 0.353956 0.939686
0.329606 0.788189 0.382742 0.940041
0.358268 0.788189 0.411528 0.940397
0.386929 0.788189 0.472955 0.925098
0.415591 0.788189 0.501939 0.925612
0.444252 0.788189 0.530923 0.926125
0.472913 0.788189 0.559907 0.926639
0.501575 0.788189 0.501575 0.788189
0.530236 0.788189 0.530236 0.788189
0.558898 0.788189 0.558898 0.788189
0.587559 0.788189 0.587559 0.788189
0.616220 0.788189 0.616220 0.788189
0.644882 0.788189 0.644882 0.788189
0.673543 0.788189 0.673543 0.788189
0.702205 0.788189 0.702205 0.788189
0.730866 0.788189 0.615406 0.672729
0.759528 0.788189 0.644637 0.673299
0.788189 0.788189 0.673869 0.673869
0.816850 0.788189 0.703101 0.674439
0.845512 0.788189 0.663611 0.606288
0.874173 0.788189 0.691478 0.605494
0.902835 0.788189 0.655203 0.540557
0.931496 0.788189 0.686738 0.543431
0.960157 0.788189 0.605485 0.470308
0.988819 0.788189 0.600143 0.512554
1.017480 0.788189 0.611665 0.533199
1.046142 0.788189 0.536465 0.467939
1.074803 0.788189 0.209186 0.244287
1.103465 0.788189 0.235852 0.243032
1.132126 0.788189 0.151269 0.171876
1.160787 0.788189 1.160787 0.788189
1.189449 0.788189 1.189449 0.788189
1.218110 0.788189 1.218110 0.788189
1.246772 0.788189 1.246772 0.788189
1.275433 0.788189 1.275433 0.788189
1.304094 0.788189 1.304094 0.788189
1.332756 0.788189 1.332756 0.788189
1.361417 0.788189 1.361417 0.788189
1.390079 0.788189 1.390079 0.788189
1.418740 0.788189 1.418740 0.788189
1.447402 0.788189 1.447402 0.788189
1.476063 0.788189 1.476063 0.788189
1.504724 0.788189 1.504724 0.788189
1.533386 0.788189 1.533386 0.788189
1.562047 0.788189 1.562047 0.788189
1.590709 0.788189 1.590709 0.788189
1.619370 0.788189 1.619370 0.788189
1.648031 0.788189 1.648031 0.788189
1.676693 0.788189 1.676693 0.788189
1.705354 0.788189 1.705354 0.788189
1.734016 0.788189 1.734016 0.788189
1.762677 0.788189 1.762677 0.788189
1.791339 0.788189 1.791339 0.788189
1.820000 0.788189 1.820000 0.788189
-1.820000 0.816850 -1.820000 0.816850
-1.791339 0.816850 -1.791339 0.816850
-1.762677 0.816850 -1.762677 0.816850
-1.734016 0.816850 -1.734016 0.816850
-1.705354 0.816850 -1.705354 0.816850
-1.676693 0.816850 -1.676693 0.816850
-1.648031 0.816850 -1.648031 0.816850
-1.619370 0.816850 -1.619370 0.816850
-1.590709 0.816850 -1.590709 0.816850
-1.562047 0.816850 -1.562047 0.816850
-1.533386 0.816850 -1.533386 0.816850
-1.504724 0.816850 -1.504724 0.816850
-1.476063 0.816850 -1.476063 0.816850
-1.447402 0.816850 -1.447402 0.816850
-1.418740 0.816850 -1.418740 0.816850
-1.390079 0.816850 -1.390079 0.816850
-1.361417 0.816850 -1.361417 0.816850
-1.332756 0.816850 -1.332756 0.816850
-1.304094 0.816850 -1.304094 0.816850
-1.275433 0.816850 -1.275433 0.816850
-1.246772 0.816850 -1.246772 0.816850
-1.218110 0.816850 -1.218110 0.816850
-1.189449 0.816850 -1.189449 0.816850
-1.160787 0.816850 -1.160787 0.816850
-1.132126 0.816850 -1.132126 0.816850
-1.103465 0.816850 -0.090313 0.180245
-1.074803 0.816850 -0.207929 0.272157
-1.046142 0.816850 -0.236247 0.243232
-1.017480 0.816850 -0.662236 0.500614
-0.988819 0.816850 -0.649877 0.477908
-0.960157 0.816850 -0.621008 0.477701
-0.931496 0.816850 -0.592139 0.477493
-0.902835 0.816850 -0.658076 0.572092
-0.874173 0.816850 -0.626541 0.569218
-0.845512 0.816850 -0.662816 0.634155
-0.816850 0.816850 -0.634950 0.634950
-0.788189 0.816850 -0.674439 0.703101
-0.759528 0.816850 -0.645208 0.702530
-0.730866 0.816850 -0.615976 0.701960
-0.702205 0.816850 -0.586744 0.701390
-0.673543 0.816850 -0.673543 0.816850
-0.644882 0.816850 -0.644882 0.816850
-0.616220 0.816850 -0.616220 0.816850
-0.587559 0.816850 -0.587559 0.816850
-0.558898 0.816850 -0.558898 0.816850
-0.530236 0.816850 -0.530236 0.816850
-0.501575 0.816850 -0.501575 0.816850
-0.472913 0.816850 -0.472913 0.816850
-0.444252 0.816850 -0.444252 0.816850
-0.415591 0.816850 -0.502452 0.955091
-0.386929 0.816850 -0.440669 0.970430
-0.358268 0.816850 -0.411883 0.970074
-0.329606 0.816850 -0.383097 0.969719
-0.300945 0.816850 -0.354311 0.969363
-0.272283 0.816850 -0.325526 0.969007
-0.243622 0.816850 -0.296740 0.968652
-0.214961 0.816850 -0.299745 1.059149
-0.186299 0.816850 -0.215100 1.072460
-0.157638 0.816850 -0.186458 1.072637
-0.128976 0.816850 -0.157817 1.072814
-0.100315 0.816850 -0.129175 1.072991
-0.071654 0.816850 -0.100534 1.073167
-0.042992 0.816850 -0.071892 1.073344
-0.014331 0.816850 -0.043251 1.073521
0.014331 0.816850 0.043251 1.073521
0.042992 0.816850 0.071892 1.073344
0.071654 0.816850 0.100534 1.073167
0.100315 0.816850 0.129175 1.072990
0.128976 0.816850 0.157817 1.072814
0.157638 0.816850 0.186458 1.072637
0.186299 0.816850 0.215100 1.072460
0.214961 0.816850 0.299745 1.059149
0.243622 0.816850 0.296739 0.968652
0.272283 0.816850 0.325525 0.969007
0.300945 0.816850 0.354312 0.969363
0.329606 0.816850 0.383097 0.969719
0.358268 0.816850 0.411883 0.970074
0.386929 0.816850 0.440669 0.970430
0.415591 0.816850 0.502452 0.955091
0.444252 0.816850 0.444252 0.816850
0.472913 0.816850 0.472913 0.816850
0.501575 0.816850 0.501575 0.816850
0.530236 0.816850 0.530236 0.816850
0.558898 0.816850 0.558898 0.816850
0.587559 0.816850 0.587559 0.816850
0.616220 0.816850 0.616220 0.816850
0.644882 0.816850 0.644882 0.816850
0.673543 0.816850 0.673543 0.816850
0.702205 0.816850 0.586744 0.701390
0.730866 0.816850 0.615976 0.701960
0.759528 0.816850 0.645208 0.702530
0.788189 0.816850 0.674439 0.703101
0.816850 0.816850 0.634950 0.634950
0.845512 0.816850 0.662816 0.634155
0.874173 0.816850 0.626541 0.569218
0.902835 0.816850 0.658076 0.572092
0.931496 0.816850 0.592139 0.477493
0.960157 0.816850 0.621008 0.477701
0.988819 0.816850 0.649877 0.477908
1.017480 0.816850 0.662236 0.500614
1.046142 0.816850 0.236246 0.243232
1.074803 0.816850 0.207927 0.272157
1.103465 0.816850 0.090326 0.180253
1.132126 0.816850 1.132126 0.816850
1.160787 0.816850 1.160787 0.816850
1.189449 0.816850 1.189449 0.816850
1.218110 0.816850 1.218110 0.816850
1.246772 0.816850 1.246772 0.816850
1.275433 0.816850 1.275433 0.816850
1.304094 0.816850 1.304094 0.816850
1.332756 0.816850 1.332756 0.816850
1.361417 0.816850 1.361417 0.816850
1.390079 0.816850 1.390079 0.816850
1.418740 0.816850 1.418740 0.816850
1.447402 0.816850 1.447402 0.816850
1.476063 0.816850 1.476063 0.816850
1.504724 0.816850 1.504724 0.816850
1.533386 0.816850 1.533386 0.816850
1.562047 0.816850 1.562047 0.816850
1.590709 0.816850 1.590709 0.816850
1.619370 0.816850 1.619370 0.816850
1.648031 0.816850 1.648031 0.816850
1.676693 0.816850 1.676693 0.816850
1.705354 0.816850 1.705354 0.816850
1.734016 0.816850 1.734016 0.816850
1.762677 0.816850 1.762677 0.816850
1.791339 0.816850 1.791339 0.816850
1.820000 0.816850 1.820000 0.816850
-1.820000 0.845512 -1.820000 0.845512
-1.791339 0.845512 -1.791339 0.845512
-1.762677 0.845512 -1.762677 0.845512
-1.734016 0.845512 -1.734016 0.845512
-1.705354 0.845512 -1.705354 0.845512
-1.676693 0.845512 -1.676693 0.845512
-1.648031 0.845512 -1.648031 0.845512
-1.619370 0.845512 -1.619370 0.845512
-1.590709 0.845512 -1.590709 0.845512
-1.562047 0.845512 -1.562047 0.845512
-1.533386 0.845512 -1.533386 0.845512
-1.504724 0.845512 -1.504724 0.845512
-1.476063 0.845512 -1.476063 0.845512
-1.447402 0.845512 -1.447402 0.845512
-1.418740 0.845512 -1.418740 0.845512
-1.390079 0.845512 -1.390079 0.845512
-1.361417 0.845512 -1.361417 0.845512
-1.332756 0.845512 -1.332756 0.845512
-1.304094 0.845512 -1.304094 0.845512
-1.275433 0.845512 -1.275433 0.845512
-1.246772 0.845512 -1.246772 0.845512
-1.218110 0.845512 -1.218110 0.845512
-1.189449 0.845512 -1.189449 0.845512
-1.160787 0.845512 -1.160787 0.845512
-1.132126 0.845512 -1.132126 0.845512
-1.103465 0.845512 1.671077 -1.377669
-1.074803 0.845512 -0.264987 0.268116
-1.046142 0.845512 -0.304866 0.183783
-1.017480 0.845512 -0.598170 0.426202
-0.988819 0.845512 -0.650085 0.506778
-0.960157 0.845512 -0.621216 0.506570
-0.931496 0.845512 -0.592346 0.506362
-0.902835 0.845512 -0.563477 0.506154
-0.874173 0.845512 -0.629415 0.600754
-0.845512 0.845512 -0.597880 0.597880
-0.816850 0.845512 -0.634155 0.662816
-0.788189 0.845512 -0.606288 0.663611
-0.759528 0.845512 -0.645778 0.731762
-0.730866 0.845512 -0.616546 0.731192
-0.702205 0.845512 -0.587314 0.730622
-0.673543 0.845512 -0.586673 0.707258
-0.644882 0.845512 -0.644882 0.845512
-0.616220 0.845512 -0.616220 0.845512
-0.587559 0.845512 -0.587559 0.845512
-0.558898 0.845512 -0.558898 0.845512
-0.530236 0.845512 -0.530236 0.845512
-0.501575 0.845512 -0.501575 0.845512
-0.472913 0.845512 -0.472913 0.845512
-0.444252 0.845512 -0.444252 0.845512
-0.415591 0.845512 -0.415591 0.845512
-0.386929 0.845512 -0.386929 0.845512
-0.358268 0.845512 -0.412239 0.999751
-0.329606 0.845512 -0.383453 0.999396
-0.300945 0.845512 -0.354667 0.999040
-0.272283 0.845512 -0.325881 0.998684
-0.243622 0.845512 -0.297095 0.998329
-0.214961 0.845512 -0.268310 0.997973
-0.186299 0.845512 -0.204349 1.005706
-0.157638 0.845512 -0.175673 1.005579
-0.128976 0.845512 -0.146998 1.005452
-0.100315 0.845512 -0.118322 1.005325
-0.071654 0.845512 -0.089646 1.005198
-0.042992 0.845512 -0.060970 1.005071
-0.014331 0.845512 -0.043074 1.100613
0.014331 0.845512 0.043074 1.100613
0.042992 0.845512 0.060970 1.005071
0.071654 0.845512 0.089646 1.005198
0.100315 0.845512 0.118322 1.005325
0.128976 0.845512 0.146998 1.005452
0.157638 0.845512 0.175673 1.005579
0.186299 0.845512 0.204349 1.005706
0.214961 0.845512 0.268309 0.997974
0.243622 0.845512 0.297095 0.998329
0.272283 0.845512 0.325881 0.998685
0.300945 0.845512 0.354667 0.999040
0.329606 0.845512 0.383453 0.999396
0.358268 0.845512 0.412239 0.999752
0.386929 0.845512 0.386929 0.845512
0.415591 0.845512 0.415591 0.845512
0.444252 0.845512 0.444252 0.845512
0.472913 0.845512 0.472913 0.845512
0.501575 0.845512 0.501575 0.845512
0.530236 0.845512 0.530236 0.845512
0.558898 0.845512 0.558898 0.845512
0.587559 0.845512 0.587559 0.845512
0.616220 0.845512 0.616220 0.845512
0.644882 0.845512 0.644882 0.845512
0.673543 0.845512 0.586673 0.707258
0.702205 0.845512 0.587314 0.730622
0.730866 0.845512 0.616546 0.731192
0.759528 0.845512 0.645778 0.731762
0.788189 0.845512 0.606288 0.663611
0.816850 0.845512 0.634155 0.662816
0.845512 0.845512 0.597880 0.597880
0.874173 0.845512 0.629415 0.600754
0.902835 0.845512 0.563477 0.506154
0.931496 0.845512 0.592346 0.506362
0.960157 0.845512 0.621216 0.506570
0.988819 0.845512 0.650085 0.506778
1.017480 0.845512 0.598170 0.426202
1.046142 0.845512 0.304866 0.183783
1.074803 0.845512 0.264986 0.268117
1.103465 0.845512 -1.671072 -1.377670
1.132126 0.845512 1.132126 0.845512
1.160787 0.845512 1.160787 0.845512
1.189449 0.845512 1.189449 0.845512
1.218110 0.845512 1.218110 0.845512
1.246772 0.845512 1.246772 0.845512
1.275433 0.845512 1.275433 0.845512
1.304094 0.845512 1.304094 0.845512
1.332756 0.845512 1.332756 0.845512
1.361417 0.845512 1.361417 0.845512
1.390079 0.845512 1.390079 0.845512
1.418740 0.845512 1.418740 0.845512
1.447402 0.845512 1.447402 0.845512
1.476063 0.845512 1.476063 0.845512
1.504724 0.845512 1.504724 0.845512
1.533386 0.845512 1.533386 0.845512
1.562047 0.845512 1.562047 0.845512
1.590709 0.845512 1.590709 0.845512
1.619370 0.845512 1.619370 0.845512
1.648031 0.845512 1.648031 0.845512
1.676693 0.845512 1.676693 0.845512
1.705354 0.845512 1.705354 0.845512
1.734016 0.845512 1.734016 0.845512
1.762677 0.845512 1.762677 0.845512
1.791339 0.845512 1.791339 0.845512
1.820000 0.845512 1.820000 0.845512
-1.820000 0.874173 -1.820000 0.874173
-1.791339 0.874173 -1.791339 0.874173
-1.762677 0.874173 -1.762677 0.874173
-1.734016 0.874173 -1.734016 0.874173
-1.705354 0.874173 -1.705354 0.874173
-1.676693 0.874173 -1.676693 0.874173
-1.648031 0.874173 -1.648031 0.874173
-1.619370 0.874173 -1.619370 0.874173
-1.590709 0.874173 -1.590709 0.874173
-1.562047 0.874173 -1.562047 0.874173
-1.533386 0.874173 -1.533386 0.874173
-1.504724 0.874173 -1.504724 0.874173
-1.476063 0.874173 -1.476063 0.874173
-1.447402 0.874173 -1.447402 0.874173
-1.418740 0.874173 -1.418740 0.874173
-1.390079 0.874173 -1.390079 0.874173
-1.361417 0.874173 -1.361417 0.874173
-1.332756 0.874173 -1.332756 0.874173
-1.304094 0.874173 -1.304094 0.874173
-1.275433 0.874173 -1.275433 0.874173
-1.246772 0.874173 -1.246772 0.874173
-1.218110 0.874173 -1.218110 0.874173
-1.189449 0.874173 -1.189449 0.874173
-1.160787 0.874173 -1.160787 0.874173
-1.132126 0.874173 -1.132126 0.874173
-1.103465 0.874173 -1.103465 0.874173
-1.074803 0.874173 -0.256264 0.055634
-1.046142 0.874173 -0.321297 0.149328
-1.017480 0.874173 -0.294032 0.150725
-0.988819 0.874173 -0.569509 0.454863
-0.960157 0.874173 -0.621423 0.535439
-0.931496 0.874173 -0.592554 0.535231
-0.902835 0.874173 -0.563685 0.535024
-0.874173 0.874173 -0.534816 0.534816
-0.845512 0.874173 -0.600754 0.629415
-0.816850 0.874173 -0.569218 0.626541
-0.788189 0.874173 -0.605494 0.691478
-0.759528 0.874173 -0.577627 0.692273
-0.730866 0.874173 -0.617116 0.760423
-0.702205 0.874173 -0.587885 0.759853
-0.673543 0.874173 -0.587186 0.736737
-0.644882 0.874173 -0.558202 0.736224
-0.616220 0.874173 -0.529218 0.735710
-0.587559 0.874173 -0.587559 0.874173
-0.558898 0.874173 -0.558898 0.874173
-0.530236 0.874173 -0.530236 0.874173
-0.501575 0.874173 -0.501575 0.874173
-0.472913 0.874173 -0.472913 0.874173
-0.444252 0.874173 -0.444252 0.874173
-0.415591 0.874173 -0.415591 0.874173
-0.386929 0.874173 -0.386929 0.874173
-0.358268 0.874173 -0.358268 0.874173
-0.329606 0.874173 -0.329606 0.874173
-0.300945 0.874173 -0.355023 1.028717
-0.272283 0.874173 -0.326237 1.028362
-0.243622 0.874173 -0.297451 1.028006
-0.214961 0.874173 -0.268665 1.027651
-0.186299 0.874173 -0.204476 1.035493
-0.157638 0.874173 -0.175800 1.035366
-0.128976 0.874173 -0.147124 1.035239
-0.100315 0.874173 -0.118449 1.035112
-0.071654 0.874173 -0.089773 1.034985
-0.042992 0.874173 -0.061097 1.034859
-0.014331 0.874173 -0.032422 1.034732
0.014331 0.874173 0.032422 1.034732
0.042992 0.874173 0.061097 1.034859
0.071654 0.874173 0.089773 1.034985
0.100315 0.874173 0.118449 1.035112
0.128976 0.874173 0.147124 1.035239
0.157638 0.874173 0.175800 1.035366
0.186299 0.874173 0.204476 1.035493
0.214961 0.874173 0.268665 1.027651
0.243622 0.874173 0.297451 1.028007
0.272283 0.874173 0.326237 1.028362
0.300945 0.874173 0.355023 1.028718
0.329606 0.874173 0.329606 0.874173
0.358268 0.874173 0.358268 0.874173
0.386929 0.874173 0.386929 0.874173
0.415591 0.874173 0.415591 0.874173
0.444252 0.874173 0.444252 0.874173
0.472913 0.874173 0.472913 0.874173
0.501575 0.874173 0.501575 0.874173
0.530236 0.874173 0.530236 0.874173
0.558898 0.874173 0.558898 0.874173
0.587559 0.874173 0.587559 0.874173
0.616220 0.874173 0.529217 0.735709
0.644882 0.874173 0.558202 0.736223
0.673543 0.874173 0.587187 0.736737
0.702205 0.874173 0.587885 0.759853
0.730866 0.874173 0.617116 0.760423
0.759528 0.874173 0.577627 0.692273
0.788189 0.874173 0.605494 0.691478
0.816850 0.874173 0.569218 0.626541
0.845512 0.874173 0.600754 0.629415
0.874173 0.874173 0.534816 0.534816
0.902835 0.874173 0.563685 0.535024
0.931496 0.874173 0.592554 0.535231
0.960157 0.874173 0.621423 0.535439
0.988819 0.874173 0.569509 0.454863
1.017480 0.874173 0.294032 0.150725
1.046142 0.874173 0.321297 0.149328
1.074803 0.874173 0.256264 0.055634
1.103465 0.874173 1.103465 0.874173
1.132126 0.874173 1.132126 0.874173
1.160787 0.874173 1.160787 0.874173
1.189449 0.874173 1.189449 0.874173
1.218110 0.874173 1.218110 0.874173
1.246772 0.874173 1.246772 0.874173
1.275433 0.874173 1.275433 0.874173
1.304094 0.874173 1.304094 0.874173
1.332756 0.874173 1.332756 0.874173
1.361417 0.874173 1.361417 0.874173
1.390079 0.874173 1.390079 0.874173
1.418740 0.874173 1.418740 0.874173
1.447402 0.874173 1.447402 0.874173
1.476063 0.874173 1.476063 0.874173
1.504724 0.874173 1.504724 0.874173
1.533386 0.874173 1.533386 0.874173
1.562047 0.874173 1.562047 0.874173
1.590709 0.874173 1.590709 0.874173
1.619370 0.874173 1.619370 0.874173
1.648031 0.874173 1.648031 0.874173
1.676693 0.874173 1.676693 0.874173
1.705354 0.874173 1.705354 0.874173
1.734016 0.874173 1.734016 0.874173
1.762677 0.874173 1.762677 0.874173
1.791339 0.874173 1.791339 0.874173
1.820000 0.874173 1.820000 0.874173
-1.820000 0.902835 -1.820000 0.902835
-1.791339 0.902835 -1.791339 0.902835
-1.762677 0.902835 -1.762677 0.902835
-1.734016 0.902835 -1.734016 0.902835
-1.705354 0.902835 -1.705354 0.902835
-1.676693 0.902835 -1.676693 0.902835
-1.648031 0.902835 -1.648031 0.902835
-1.619370 0.902835 -1.619370 0.902835
-1.590709 0.902835 -1.590709 0.902835
-1.562047 0.902835 -1.562047 0.902835
-1.533386 0.902835 -1.533386 0.902835
-1.504724 0.902835 -1.504724 0.902835
-1.476063 0.902835 -1.476063 0.902835
-1.447402 0.902835 -1.447402 0.902835
-1.418740 0.902835 -1.418740 0.902835
-1.390079 0.902835 -1.390079 0.902835
-1.361417 0.902835 -1.361417 0.902835
-1.332756 0.902835 -1.332756 0.902835
-1.304094 0.902835 -1.304094 0.902835
-1.275433 0.902835 -1.275433 0.902835
-1.246772 0.902835 -1.246772 0.902835
-1.218110 0.902835 -1.218110 0.902835
-1.189449 0.902835 -1.189449 0.902835
-1.160787 0.902835 -1.160787 0.902835
-1.132126 0.902835 -1.132126 0.902835
-1.103465 0.902835 -1.103465 0.902835
-1.074803 0.902835 -1.074803 0.902835
-1.046142 0.902835 -0.227602 0.084295
-1.017480 0.902835 -0.292635 0.177990
-0.988819 0.902835 -0.265371 0.179387
-0.960157 0.902835 -0.540847 0.483524
-0.931496 0.902835 -0.592762 0.564101
-0.902835 0.902835 -0.563893 0.563893
-0.874173 0.902835 -0.535024 0.563685
-0.845512 0.902835 -0.506154 0.563477
-0.816850 0.902835 -0.572092 0.658076
-0.788189 0.902835 -0.540557 0.655203
-0.759528 0.902835 -0.576832 0.720139
-0.730866 0.902835 -0.565479 0.708146
-0.702205 0.902835 -0.616684 0.766730
-0.673543 0.902835 -0.587700 0.766216
-0.644882 0.902835 -0.558716 0.765703
-0.616220 0.902835 -0.529732 0.765189
-0.587559 0.902835 -0.500747 0.764675
-0.558898 0.902835 -0.558898 0.902835
-0.530236 0.902835 -0.530236 0.902835
-0.501575 0.902835 -0.501575 0.902835
-0.472913 0.902835 -0.472913 0.902835
-0.444252 0.902835 -0.444252 0.902835
-0.415591 0.902835 -0.415591 0.902835
-0.386929 0.902835 -0.386929 0.902835
-0.358268 0.902835 -0.358268 0.902835
-0.329606 0.902835 -0.329606 0.902835
-0.300945 0.902835 -0.300945 0.902835
-0.272283 0.902835 -0.272283 0.902835
-0.243622 0.902835 -0.243622 0.902835
-0.214961 0.902835 -0.269021 1.057328
-0.186299 0.902835 -0.204603 1.065281
-0.157638 0.902835 -0.175927 1.065154
-0.128976 0.902835 -0.147251 1.065027
-0.100315 0.902835 -0.118576 1.064900
-0.071654 0.902835 -0.089900 1.064773
-0.042992 0.902835 -0.061224 1.064646
-0.014331 0.902835 -0.032548 1.064519
0.014331 0.902835 0.032548 1.064519
0.042992 0.902835 0.061224 1.064646
0.071654 0.902835 0.089900 1.064773
0.100315 0.902835 0.118576 1.064900
0.128976 0.902835 0.147251 1.065027
0.157638 0.902835 0.175927 1.065154
0.186299 0.902835 0.204603 1.065281
0.214961 0.902835 0.269021 1.057329
0.243622 0.902835 0.243622 0.902835
0.272283 0.902835 0.272283 0.902835
0.300945 0.902835 0.300945 0.902835
0.329606 0.902835 0.329606 0.902835
0.358268 0.902835 0.358268 0.902835
0.386929 0.902835 0.386929 0.902835
0.415591 0.902835 0.415591 0.902835
0.444252 0.902835 0.444252 0.902835
0.472913 0.902835 0.472913 0.902835
0.501575 0.902835 0.501575 0.902835
0.530236 0.902835 0.530236 0.902835
0.558898 0.902835 0.558898 0.902835
0.587559 0.902835 0.500747 0.764674
0.616220 0.902835 0.529731 0.765188
0.644882 0.902835 0.558716 0.765702
0.673543 0.902835 0.587700 0.766216
0.702205 0.902835 0.616685 0.766730
0.730866 0.902835 0.565479 0.708146
0.759528 0.902835 0.576832 0.720139
0.788189 0.902835 0.540557 0.655203
0.816850 0.902835 0.572092 0.658076
0.845512 0.902835 0.506154 0.563477
0.874173 0.902835 0.535024 0.563685
0.902835 0.902835 0.563893 0.563893
0.931496 0.902835 0.592762 0.564101
0.960157 0.902835 0.540847 0.483524
0.988819 0.902835 0.265371 0.179387
1.017480 0.902835 0.292635 0.177990
1.046142 0.902835 0.227602 0.084295
1.074803 0.902835 1.074803 0.902835
1.103465 0.902835 1.103465 0.902835
1.132126 0.902835 1.132126 0.902835
1.160787 0.902835 1.160787 0.902835
1.189449 0.902835 1.189449 0.902835
1.218110 0.902835 1.218110 0.902835
1.246772 0.902835 1.246772 0.902835
1.275433 0.902835 1.275433 0.902835
1.304094 0.902835 1.304094 0.902835
1.332756 0.902835 1.332756 0.902835
1.361417 0.902835 1.361417 0.902835
1.390079 0.902835 1.390079 0.902835
1.418740 0.902835 1.418740 0.902835
1.447402 0.902835 1.447402 0.902835
1.476063 0.902835 1.476063 0.902835
1.504724 0.902835 1.504724 0.902835
1.533386 0.902835 1.533386 0.902835
1.562047 0.902835 1.562047 0.902835
1.590709 0.902835 1.590709 0.902835
1.619370 0.902835 1.619370 0.902835
1.648031 0.902835 1.648031 0.902835
1.676693 0.902835 1.676693 0.902835
1.705354 0.902835 1.705354 0.902835
1.734016 0.902835 1.734016 0.902835
1.762677 0.902835 1.762677 0.902835
1.791339 0.902835 1.791339 0.902835
1.820000 0.902835 1.820000 0.902835
-1.820000 0.931496 -1.820000 0.931496
-1.791339 0.931496 -1.791339 0.931496
-1.762677 0.931496 -1.762677 0.931496
-1.734016 0.931496 -1.734016 0.931496
-1.705354 0.931496 -1.705354 0.931496
-1.676693 0.931496 -1.676693 0.931496
-1.648031 0.931496 -1.648031 0.931496
-1.619370 0.931496 -1.619370 0.931496
-1.590709 0.931496 -1.590709 0.931496
-1.562047 0.931496 -1.562047 0.931496
-1.533386 0.931496 -1.533386 0.931496
-1.504724 0.931496 -1.504724 0.931496
-1.476063 0.931496 -1.476063 0.931496
-1.447402 0.931496 -1.447402 0.931496
-1.418740 0.931496 -1.418740 0.931496
-1.390079 0.931496 -1.390079 0.931496
-1.361417 0.931496 -1.361417 0.931496
-1.332756 0.931496 -1.332756 0.931496
-1.304094 0.931496 -1.304094 0.931496
-1.275433 0.931496 -1.275433 0.931496
-1.246772 0.931496 -1.246772 0.931496
-1.218110 0.931496 -1.218110 0.931496
-1.189449 0.931496 -1.189449 0.931496
-1.160787 0.931496 -1.160787 0.931496
-1.132126 0.931496 -1.132126 0.931496
-1.103465 0.931496 -1.103465 0.931496
-1.074803 0.931496 -1.074803 0.931496
-1.046142 0.931496 -1.046142 0.931496
-1.017480 0.931496 -0.198941 0.112957
-0.988819 0.931496 -0.263974 0.206651
-0.960157 0.931496 -0.236710 0.208048
-0.931496 0.931496 -0.512186 0.512186
-0.902835 0.931496 -0.564101 0.592762
-0.874173 0.931496 -0.535231 0.592554
-0.845512 0.931496 -0.506362 0.592346
-0.816850 0.931496 -0.477493 0.592139
-0.788189 0.931496 -0.543431 0.686738
-0.759528 0.931496 -0.511896 0.683864
-0.730866 0.931496 -0.593343 0.712629
-0.702205 0.931496 -0.565131 0.713345
-0.673543 0.931496 -0.536919 0.714061
-0.644882 0.931496 -0.559230 0.795182
-0.616220 0.931496 -0.530245 0.794668
-0.587559 0.931496 -0.501261 0.794154
-0.558898 0.931496 -0.472277 0.793640
-0.530236 0.931496 -0.443293 0.793127
-0.501575 0.931496 -0.501575 0.931496
-0.472913 0.931496 -0.472913 0.931496
-0.444252 0.931496 -0.444252 0.931496
-0.415591 0.931496 -0.415591 0.931496
-0.386929 0.931496 -0.386929 0.931496
-0.358268 0.931496 -0.358268 0.931496
-0.329606 0.931496 -0.329606 0.931496
-0.300945 0.931496 -0.300945 0.931496
-0.272283 0.931496 -0.272283 0.931496
-0.243622 0.931496 -0.243622 0.931496
-0.214961 0.931496 -0.214961 0.931496
-0.186299 0.931496 -0.186299 0.931496
-0.157638 0.931496 -0.157638 0.931496
-0.128976 0.931496 -0.128976 0.931496
-0.100315 0.931496 -0.100315 0.931496
-0.071654 0.931496 -0.071654 0.931496
-0.042992 0.931496 -0.042992 0.931496
-0.014331 0.931496 -0.014331 0.931496
0.014331 0.931496 0.014331 0.931496
0.042992 0.931496 0.042992 0.931496
0.071654 0.931496 0.071654 0.931496
0.100315 0.931496 0.100315 0.931496
0.128976 0.931496 0.128976 0.931496
0.157638 0.931496 0.157638 0.931496
0.186299 0.931496 0.186299 0.931496
0.214961 0.931496 0.214961 0.931496
0.243622 0.931496 0.243622 0.931496
0.272283 0.931496 0.272283 0.931496
0.300945 0.931496 0.300945 0.931496
0.329606 0.931496 0.329606 0.931496
0.358268 0.931496 0.358268 0.931496
0.386929 0.931496 0.386929 0.931496
0.415591 0.931496 0.415591 0.931496
0.444252 0.931496 0.444252 0.931496
0.472913 0.931496 0.472913 0.931496
0.501575 0.931496 0.501575 0.931496
0.530236 0.931496 0.443292 0.793126
0.558898 0.931496 0.472276 0.793640
0.587559 0.931496 0.501261 0.794153
0.616220 0.931496 0.530246 0.794668
0.644882 0.931496 0.559230 0.795181
0.673543 0.931496 0.536920 0.714061
0.702205 0.931496 0.565131 0.713345
0.730866 0.931496 0.593343 0.712629
0.759528 0.931496 0.511896 0.683864
0.788189 0.931496 0.543431 0.686738
0.816850 0.931496 0.477493 0.592139
0.845512 0.931496 0.506362 0.592346
0.874173 0.931496 0.535231 0.592554
0.902835 0.931496 0.564101 0.592762
0.931496 0.931496 0.512186 0.512186
0.960157 0.931496 0.236710 0.208048
0.988819 0.931496 0.263974 0.206651
1.017480 0.931496 0.198941 0.112957
1.046142 0.931496 1.046142 0.931496
1.074803 0.931496 1.074803 0.931496
1.103465 0.931496 1.103465 0.931496
1.132126 0.931496 1.132126 0.931496
1.160787 0.931496 1.160787 0.931496
1.189449 0.931496 1.189449 0.931496
1.218110 0.931496 1.218110 0.931496
1.246772 0.931496 1.246772 0.931496
1.275433 0.931496 1.275433 0.931496
1.304094 0.931496 1.304094 0.931496
1.332756 0.931496 1.332756 0.931496
1.361417 0.931496 1.361417 0.931496
1.390079 0.931496 1.390079 0.931496
1.418740 0.931496 1.418740 0.931496
1.447402 0.931496 1.447402 0.931496
1.476063 0.931496 1.476063 0.931496
1.504724 0.931496 1.504724 0.931496
1.533386 0.931496 1.533386 0.931496
1.562047 0.931496 1.562047 0.931496
1.590709 0.931496 1.590709 0.931496
1.619370 0.931496 1.619370 0.931496
1.648031 0.931496 1.648031 0.931496
1.676693 0.931496 1.676693 0.931496
1.705354 0.931496 1.705354 0.931496
1.734016 0.931496 1.734016 0.931496
1.762677 0.931496 1.762677 0.931496
1.791339 0.931496 1.791339 0.931496
1.820000 0.931496 1.820000 0.931496
-1.820000 0.960157 -1.820000 0.960157
-1.791339 0.960157 -1.791339 0.960157
-1.762677 0.960157 -1.762677 0.960157
-1.734016 0.960157 -1.734016 0.960157
-1.705354 0.960157 -1.705354 0.960157
-1.676693 0.960157 -1.676693 0.960157
-1.648031 0.960157 -1.648031 0.960157
-1.619370 0.960157 -1.619370 0.960157
-1.590709 0.960157 -1.590709 0.960157
-1.562047 0.960157 -1.562047 0.960157
-1.533386 0.960157 -1.533386 0.960157
-1.504724 0.960157 -1.504724 0.960157
-1.476063 0.960157 -1.476063 0.960157
-1.447402 0.960157 -1.447402 0.960157
-1.418740 0.960157 -1.418740 0.960157
-1.390079 0.960157 -1.390079 0.960157
-1.361417 0.960157 -1.361417 0.960157
-1.332756 0.960157 -1.332756 0.960157
-1.304094 0.960157 -1.304094 0.960157
-1.275433 0.960157 -1.275433 0.960157
-1.246772 0.960157 -1.246772 0.960157
-1.218110 0.960157 -1.218110 0.960157
-1.189449 0.960157 -1.189449 0.960157
-1.160787 0.960157 -1.160787 0.960157
-1.132126 0.960157 -1.132126 0.960157
-1.103465 0.960157 -1.103465 0.960157
-1.074803 0.960157 -1.074803 0.960157
-1.046142 0.960157 -1.046142 0.960157
-1.017480 0.960157 -1.017480 0.960157
-0.988819 0.960157 -0.170279 0.141618
-0.960157 0.960157 -0.235312 0.235312
-0.931496 0.960157 -0.208048 0.236710
-0.902835 0.960157 -0.483524 0.540847
-0.874173 0.960157 -0.535439 0.621423
-0.845512 0.960157 -0.506570 0.621216
-0.816850 0.960157 -0.477701 0.621008
-0.788189 0.960157 -0.470308 0.605485
-0.759528 0.960157 -0.575486 0.667256
-0.730866 0.960157 -0.545197 0.664666
-0.702205 0.960157 -0.564415 0.740866
-0.673543 0.960157 -0.536203 0.741582
-0.644882 0.960157 -0.507992 0.742298
-0.616220 0.960157 -0.530759 0.824146
-0.587559 0.960157 -0.501775 0.823632
-0.558898 0.960157 -0.472791 0.823119
-0.530236 0.960157 -0.443806 0.822605
-0.501575 0.960157 -0.414822 0.822092
-0.472913 0.960157 -0.385838 0.821578
-0.444252 0.960157 -0.444252 0.960157
-0.415591 0.960157 -0.415591 0.960157
-0.386929 0.960157 -0.386929 0.960157
-0.358268 0.960157 -0.358268 0.960157
-0.329606 0.960157 -0.329606 0.960157
-0.300945 0.960157 -0.300945 0.960157
-0.272283 0.960157 -0.272283 0.960157
-0.243622 0.960157 -0.243622 0.960157
-0.214961 0.960157 -0.214961 0.960157
-0.186299 0.960157 -0.186299 0.960157
-0.157638 0.960157 -0.157638 0.960157
-0.128976 0.960157 -0.128976 0.960157
-0.100315 0.960157 -0.100315 0.960157
-0.071654 0.960157 -0.071654 0.960157
-0.042992 0.960157 -0.042992 0.960157
-0.014331 0.960157 -0.014331 0.960157
0.014331 0.960157 0.014331 0.960157
0.042992 0.960157 0.042992 0.960157
0.071654 0.960157 0.071654 0.960157
0.100315 0.960157 0.100315 0.960157
0.128976 0.960157 0.128976 0.960157
0.157638 0.960157 0.157638 0.960157
0.186299 0.960157 0.186299 0.960157
0.214961 0.960157 0.214961 0.960157
0.243622 0.960157 0.243622 0.960157
0.272283 0.960157 0.272283 0.960157
0.300945 0.960157 0.300945 0.960157
0.329606 0.960157 0.329606 0.960157
0.358268 0.960157 0.358268 0.960157
0.386929 0.960157 0.386929 0.960157
0.415591 0.960157 0.415591 0.960157
0.444252 0.960157 0.444252 0.960157
0.472913 0.960157 0.385838 0.821578
0.501575 0.960157 0.414822 0.822091
0.530236 0.960157 0.443806 0.822605
0.558898 0.960157 0.472790 0.823119
0.587559 0.960157 0.501774 0.823632
0.616220 0.960157 0.530759 0.824147
0.644882 0.960157 0.507992 0.742299
0.673543 0.960157 0.536204 0.741583
0.702205 0.960157 0.564416 0.740867
0.730866 0.960157 0.545197 0.664666
0.759528 0.960157 0.575486 0.667256
0.788189 0.960157 0.470308 0.605485
0.816850 0.960157 0.477701 0.621008
0.845512 0.960157 0.506570 0.621216
0.874173 0.960157 0.535439 0.621423
0.902835 0.960157 0.483524 0.540847
0.931496 0.960157 0.208048 0.236710
0.960157 0.960157 0.235312 0.235312
0.988819 0.960157 0.170279 0.141618
1.017480 0.960157 1.017480 0.960157
1.046142 0.960157 1.046142 0.960157
1.074803 0.960157 1.074803 0.960157
1.103465 0.960157 1.103465 0.960157
1.132126 0.960157 1.132126 0.960157
1.160787 0.960157 1.160787 0.960157
1.189449 0.960157 1.189449 0.960157
1.218110 0.960157 1.218110 0.960157
1.246772 0.960157 1.246772 0.960157
1.275433 0.960157 1.275433 0.960157
1.304094 0.960157 1.304094 0.960157
1.332756 0.960157 1.332756 0.960157
1.361417 0.960157 1.361417 0.960157
1.390079 0.960157 1.390079 0.960157
1.418740 0.960157 1.418740 0.960157
1.447402 0.960157 1.447402 0.960157
1.476063 0.960157 1.476063 0.960157
1.504724 0.960157 1.504724 0.960157
1.533386 0.960157 1.533386 0.960157
1.562047 0.960157 1.562047 0.960157
1.590709 0.960157 1.590709 0.960157
1.619370 0.960157 1.619370 0.960157
1.648031 0.960157 1.648031 0.960157
1.676693 0.960157 1.676693 0.960157
1.705354 0.960157 1.705354 0.960157
1.734016 0.960157 1.734016 0.960157
1.762677 0.960157 1.762677 0.960157
1.791339 0.960157 1.791339 0.960157
1.820000 0.960157 1.820000 0.960157
-1.820000 0.988819 -1.820000 0.988819
-1.791339 0.988819 -1.791339 0.988819
-1.762677 0.988819 -1.762677 0.988819
-1.734016 0.988819 -1.734016 0.988819
-1.705354 0.988819 -1.705354 0.988819
-1.676693 0.988819 -1.676693 0.988819
-1.648031 0.988819 -1.648031 0.988819
-1.619370 0.988819 -1.619370 0.988819
-1.590709 0.988819 -1.590709 0.988819
-1.562047 0.988819 -1.562047 0.988819
-1.533386 0.988819 -1.533386 0.988819
-1.504724 0.988819 -1.504724 0.988819
-1.476063 0.988819 -1.476063 0.988819
-1.447402 0.988819 -1.447402 0.988819
-1.418740 0.988819 -1.418740 0.988819
-1.390079 0.988819 -1.390079 0.988819
-1.361417 0.988819 -1.361417 0.988819
-1.332756 0.988819 -1.332756 0.988819
-1.304094 0.988819 -1.304094 0.988819
-1.275433 0.988819 -1.275433 0.988819
-1.246772 0.988819 -1.246772 0.988819
-1.218110 0.988819 -1.218110 0.988819
-1.189449 0.988819 -1.189449 0.988819
-1.160787 0.988819 -1.160787 0.988819
-1.132126 0.988819 -1.132126 0.988819
-1.103465 0.988819 -1.103465 0.988819
-1.074803 0.988819 -1.074803 0.988819
-1.046142 0.988819 -1.046142 0.988819
-1.017480 0.988819 -1.017480 0.988819
-0.988819 0.988819 -0.988819 0.988819
-0.960157 0.988819 -0.141618 0.170279
-0.931496 0.988819 -0.206651 0.263974
-0.902835 0.988819 -0.179387 0.265371
-0.874173 0.988819 -0.454863 0.569509
-0.845512 0.988819 -0.506778 0.650085
-0.816850 0.988819 -0.477908 0.649877
-0.788189 0.988819 -0.512554 0.600143
-0.759528 0.988819 -0.504232 0.582518
-0.730866 0.988819 -0.547786 0.697449
-0.702205 0.988819 -0.517498 0.694859
-0.673543 0.988819 -0.487210 0.692270
-0.644882 0.988819 -0.507276 0.769820
-0.616220 0.988819 -0.479064 0.770536
-0.587559 0.988819 -0.450853 0.771252
-0.558898 0.988819 -0.473304 0.852598
-0.530236 0.988819 -0.444320 0.852084
-0.501575 0.988819 -0.415336 0.851570
-0.472913 0.988819 -0.419186 0.835273
-0.444252 0.988819 -0.390400 0.834918
-0.415591 0.988819 -0.361614 0.834562
-0.386929 0.988819 -0.386929 0.988819
-0.358268 0.988819 -0.358268 0.988819
-0.329606 0.988819 -0.329606 0.988819
-0.300945 0.988819 -0.300945 0.988819
-0.272283 0.988819 -0.272283 0.988819
-0.243622 0.988819 -0.243622 0.988819
-0.214961 0.988819 -0.214961 0.988819
-0.186299 0.988819 -0.186299 0.988819
-0.157638 0.988819 -0.157638 0.988819
-0.128976 0.988819 -0.128976 0.988819
-0.100315 0.988819 -0.100315 0.988819
-0.071654 0.988819 -0.071654 0.988819
-0.042992 0.988819 -0.042992 0.988819
-0.014331 0.988819 -0.014331 0.988819
0.014331 0.988819 0.014331 0.988819
0.042992 0.988819 0.042992 0.988819
0.071654 0.988819 0.071654 0.988819
0.100315 0.988819 0.100315 0.988819
0.128976 0.988819 0.128976 0.988819
0.157638 0.988819 0.157638 0.988819
0.186299 0.988819 0.186299 0.988819
0.214961 0.988819 0.214961 0.988819
0.243622 0.988819 0.243622 0.988819
0.272283 0.988819 0.272283 0.988819
0.300945 0.988819 0.300945 0.988819
0.329606 0.988819 0.329606 0.988819
0.358268 0.988819 0.358268 0.988819
0.386929 0.988819 0.386929 0.988819
0.415591 0.988819 0.361614 0.834562
0.444252 0.988819 0.390400 0.834918
0.472913 0.988819 0.419186 0.835273
0.501575 0.988819 0.415336 0.851570
0.530236 0.988819 0.444320 0.852084
0.558898 0.988819 0.473304 0.852598
0.587559 0.988819 0.450853 0.771253
0.616220 0.988819 0.479065 0.770537
0.644882 0.988819 0.507277 0.769821
0.673543 0.988819 0.487210 0.692270
0.702205 0.988819 0.517498 0.694859
0.730866 0.988819 0.547786 0.697449
0.759528 0.988819 0.504232 0.582518
0.788189 0.988819 0.512554 0.600143
0.816850 0.988819 0.477908 0.649877
0.845512 0.988819 0.506778 0.650085
0.874173 0.988819 0.454863 0.569509
0.902835 0.988819 0.179387 0.265371
0.931496 0.988819 0.206651 0.263974
0.960157 0.988819 0.141618 0.170279
0.988819 0.988819 0.988819 0.988819
1.017480 0.988819 1.017480 0.988819
1.046142 0.988819 1.046142 0.988819
1.074803 0.988819 1.074803 0.988819
1.103465 0.988819 1.103465 0.988819
1.132126 0.988819 1.132126 0.988819
1.160787 0.988819 1.160787 0.988819
1.189449 0.988819 1.189449 0.988819
1.218110 0.988819 1.218110 0.988819
1.246772 0.988819 1.246772 0.988819
1.275433 0.988819 1.275433 0.988819
1.304094 0.988819 1.304094 0.988819
1.332756 0.988819 1.332756 0.988819
1.361417 0.988819 1.361417 0.988819
1.390079 0.988819 1.390079 0.988819
1.418740 0.988819 1.418740 0.988819
1.447402 0.988819 1.447402 0.988819
1.476063 0.988819 1.476063 0.988819
1.504724 0.988819 1.504724 0.988819
1.533386 0.988819 1.533386 0.988819
1.562047 0.988819 1.562047 0.988819
1.590709 0.988819 1.590709 0.988819
1.619370 0.988819 1.619370 0.988819
1.648031 0.988819 1.648031 0.988819
1.676693 0.988819 1.676693 0.988819
1.705354 0.988819 1.705354 0.988819
1.734016 0.988819 1.734016 0.988819
1.762677 0.988819 1.762677 0.988819
1.791339 0.988819 1.791339 0.988819
1.820000 0.988819 1.820000 0.988819
-1.820000 1.017480 -1.820000 1.017480
-1.791339 1.017480 -1.791339 1.017480
-1.762677 1.017480 -1.762677 1.017480
-1.734016 1.017480 -1.734016 1.017480
-1.705354 1.017480 -1.705354 1.017480
-1.676693 1.017480 -1.676693 1.017480
-1.648031 1.017480 -1.648031 1.017480
-1.619370 1.017480 -1.619370 1.017480
-1.590709 1.017480 -1.590709 1.017480
-1.562047 1.017480 -1.562047 1.017480
-1.533386 1.017480 -1.533386 1.017480
-1.504724 1.017480 -1.504724 1.017480
-1.476063 1.017480 -1.476063 1.017480
-1.447402 1.017480 -1.447402 1.017480
-1.418740 1.017480 -1.418740 1.017480
-1.390079 1.017480 -1.390079 1.017480
-1.361417 1.017480 -1.361417 1.017480
-1.332756 1.017480 -1.332756 1.017480
-1.304094 1.017480 -1.304094 1.017480
-1.275433 1.017480 -1.275433 1.017480
-1.246772 1.017480 -1.246772 1.017480
-1.218110 1.017480 -1.218110 1.017480
-1.189449 1.017480 -1.189449 1.017480
-1.160787 1.017480 -1.160787 1.017480
-1.132126 1.017480 -1.132126 1.017480
-1.103465 1.017480 -1.103465 1.017480
-1.074803 1.017480 -1.074803 1.017480
-1.046142 1.017480 -1.046142 1.017480
-1.017480 1.017480 -1.017480 1.017480
-0.988819 1.017480 -0.988819 1.017480
-0.960157 1.017480 -0.960157 1.017480
-0.931496 1.017480 -0.112957 0.198941
-0.902835 1.017480 -0.177990 0.292635
-0.874173 1.017480 -0.150725 0.294032
-0.845512 1.017480 -0.426202 0.598170
-0.816850 1.017480 -0.500614 0.662236
-0.788189 1.017480 -0.533199 0.611665
-0.759528 1.017480 -0.504420 0.611477
-0.730866 1.017480 -0.475641 0.611290
-0.702205 1.017480 -0.446861 0.611102
-0.673543 1.017480 -0.489799 0.725052
-0.644882 1.017480 -0.459511 0.722463
-0.616220 1.017480 -0.478348 0.798058
-0.587559 1.017480 -0.450137 0.798774
-0.558898 1.017480 -0.421925 0.799490
-0.530236 1.017480 -0.444834 0.881563
-0.501575 1.017480 -0.415850 0.881049
-0.472913 1.017480 -0.419541 0.864951
-0.444252 1.017480 -0.390755 0.864595
-0.415591 1.017480 -0.361970 0.864240
-0.386929 1.017480 -0.333184 0.863884
-0.358268 1.017480 -0.304398 0.863529
-0.329606 1.017480 -0.275612 0.863173
-0.300945 1.017480 -0.300945 1.017480
-0.272283 1.017480 -0.272283 1.017480
-0.243622 1.017480 -0.243622 1.017480
-0.214961 1.017480 -0.214961 1.017480
-0.186299 1.017480 -0.186299 1.017480
-0.157638 1.017480 -0.157638 1.017480
-0.128976 1.017480 -0.128976 1.017480
-0.100315 1.017480 -0.100315 1.017480
-0.071654 1.017480 -0.071654 1.017480
-0.042992 1.017480 -0.042992 1.017480
-0.014331 1.017480 -0.014331 1.017480
0.014331 1.017480 0.014331 1.017480
0.042992 1.017480 0.042992 1.017480
0.071654 1.017480 0.071654 1.017480
0.100315 1.017480 0.100315 1.017480
0.128976 1.017480 0.128976 1.017480
0.157638 1.017480 0.157638 1.017480
0.186299 1.017480 0.186299 1.017480
0.214961 1.017480 0.214961 1.017480
0.243622 1.017480 0.243622 1.017480
0.272283 1.017480 0.272283 1.017480
0.300945 1.017480 0.300945 1.017480
0.329606 1.017480 0.275612 0.863173
0.358268 1.017480 0.304398 0.863528
0.386929 1.017480 0.333184 0.863884
0.415591 1.017480 0.361970 0.864240
0.444252 1.017480 0.390756 0.864595
0.472913 1.017480 0.419541 0.864951
0.501575 1.017480 0.415849 0.881049
0.530236 1.017480 0.444833 0.881563
0.558898 1.017480 0.421926 0.799491
0.587559 1.017480 0.450137 0.798775
0.616220 1.017480 0.478349 0.798059
0.644882 1.017480 0.459511 0.722463
0.673543 1.017480 0.489799 0.725052
0.702205 1.017480 0.446861 0.611103
0.730866 1.017480 0.475640 0.611290
0.759528 1.017480 0.504419 0.611478
0.788189 1.017480 0.533198 0.611665
0.816850 1.017480 0.500614 0.662236
0.845512 1.017480 0.426202 0.598170
0.874173 1.017480 0.150725 0.294032
0.902835 1.017480 0.177990 0.292635
0.931496 1.017480 0.112957 0.198941
0.960157 1.017480 0.960157 1.017480
0.988819 1.017480 0.988819 1.017480
1.017480 1.017480 1.017480 1.017480
1.046142 1.017480 1.046142 1.017480
1.074803 1.017480 1.074803 1.017480
1.103465 1.017480 1.103465 1.017480
1.132126 1.017480 1.132126 1.017480
1.160787 1.017480 1.160787 1.017480
1.189449 1.017480 1.189449 1.017480
1.218110 1.017480 1.218110 1.017480
1.246772 1.017480 1.246772 1.017480
1.275433 1.017480 1.275433 1.017480
1.304094 1.017480 1.304094 1.017480
1.332756 1.017480 1.332756 1.017480
1.361417 1.017480 1.361417 1.017480
1.390079 1.017480 1.390079 1.017480
1.418740 1.017480 1.418740 1.017480
1.447402 1.017480 1.447402 1.017480
1.476063 1.017480 1.476063 1.017480
1.504724 1.017480 1.504724 1.017480
1.533386 1.017480 1.533386 1.017480
1.562047 1.017480 1.562047 1.017480
1.590709 1.017480 1.590709 1.017480
1.619370 1.017480 1.619370 1.017480
1.648031 1.017480 1.648031 1.017480
1.676693 1.017480 1.676693 1.017480
1.705354 1.017480 1.705354 1.017480
1.734016 1.017480 1.734016 1.017480
1.762677 1.017480 1.762677 1.017480
1.791339 1.017480 1.791339 1.017480
1.820000 1.017480 1.820000 1.017480
-1.820000 1.046142 -1.820000 1.046142
-1.791339 1.046142 -1.791339 1.046142
-1.762677 1.046142 -1.762677 1.046142
-1.734016 1.046142 -1.734016 1.046142
-1.705354 1.046142 -1.705354 1.046142
-1.676693 1.046142 -1.676693 1.046142
-1.648031 1.046142 -1.648031 1.046142
-1.619370 1.046142 -1.619370 1.046142
-1.590709 1.046142 -1.590709 1.046142
-1.562047 1.046142 -1.562047 1.046142
-1.533386 1.046142 -1.533386 1.046142
-1.504724 1.046142 -1.504724 1.046142
-1.476063 1.046142 -1.476063 1.046142
-1.447402 1.046142 -1.447402 1.046142
-1.418740 1.046142 -1.418740 1.046142
-1.390079 1.046142 -1.390079 1.046142
-1.361417 1.046142 -1.361417 1.046142
-1.332756 1.046142 -1.332756 1.046142
-1.304094 1.046142 -1.304094 1.046142
-1.275433 1.046142 -1.275433 1.046142
-1.246772 1.046142 -1.246772 1.046142
-1.218110 1.046142 -1.218110 1.046142
-1.189449 1.046142 -1.189449 1.046142
-1.160787 1.046142 -1.160787 1.046142
-1.132126 1.046142 -1.132126 1.046142
-1.103465 1.046142 -1.103465 1.046142
-1.074803 1.046142 -1.074803 1.046142
-1.046142 1.046142 -1.046142 1.046142
-1.017480 1.046142 -1.017480 1.046142
-0.988819 1.046142 -0.988819 1.046142
-0.960157 1.046142 -0.960157 1.046142
-0.931496 1.046142 -0.931496 1.046142
-0.902835 1.046142 -0.084295 0.227602
-0.874173 1.046142 -0.149328 0.321297
-0.845512 1.046142 -0.183783 0.304866
-0.816850 1.046142 -0.243232 0.236246
-0.788189 1.046142 -0.467939 0.536465
-0.759528 1.046142 -0.504607 0.640437
-0.730866 1.046142 -0.475828 0.640249
-0.702205 1.046142 -0.447048 0.640062
-0.673543 1.046142 -0.418269 0.639874
-0.644882 1.046142 -0.462100 0.755245
-0.616220 1.046142 -0.431812 0.752656
-0.587559 1.046142 -0.401523 0.750067
-0.558898 1.046142 -0.421209 0.827012
-0.530236 1.046142 -0.392998 0.827728
-0.501575 1.046142 -0.397930 0.812639
-0.472913 1.046142 -0.419897 0.894628
-0.444252 1.046142 -0.391111 0.894273
-0.415591 1.046142 -0.362325 0.893917
-0.386929 1.046142 -0.333539 0.893562
-0.358268 1.046142 -0.304753 0.893206
-0.329606 1.046142 -0.275968 0.892851
-0.300945 1.046142 -0.247182 0.892495
-0.272283 1.046142 -0.218396 0.892140
-0.243622 1.046142 -0.189610 0.891784
-0.214961 1.046142 -0.196632 0.883466
-0.186299 1.046142 -0.186299 1.046142
-0.157638 1.046142 -0.157638 1.046142
-0.128976 1.046142 -0.128976 1.046142
-0.100315 1.046142 -0.100315 1.046142
-0.071654 1.046142 -0.071654 1.046142
-0.042992 1.046142 -0.042992 1.046142
-0.014331 1.046142 -0.014331 1.046142
0.014331 1.046142 0.014331 1.046142
0.042992 1.046142 0.042992 1.046142
0.071654 1.046142 0.071654 1.046142
0.100315 1.046142 0.100315 1.046142
0.128976 1.046142 0.128976 1.046142
0.157638 1.046142 0.157638 1.046142
0.186299 1.046142 0.186299 1.046142
0.214961 1.046142 0.196632 0.883467
0.243622 1.046142 0.189610 0.891784
0.272283 1.046142 0.218396 0.892139
0.300945 1.046142 0.247182 0.892495
0.329606 1.046142 0.275967 0.892850
0.358268 1.046142 0.304753 0.893206
0.386929 1.046142 0.333539 0.893562
0.415591 1.046142 0.362325 0.893917
0.444252 1.046142 0.391111 0.894273
0.472913 1.046142 0.419897 0.894628
0.501575 1.046142 0.397930 0.812638
0.530236 1.046142 0.392998 0.827728
0.558898 1.046142 0.421210 0.827012
0.587559 1.046142 0.401523 0.750067
0.616220 1.046142 0.431812 0.752656
0.644882 1.046142 0.462100 0.755245
0.673543 1.046142 0.418269 0.639875
0.702205 1.046142 0.447049 0.640063
0.730866 1.046142 0.475828 0.640250
0.759528 1.046142 0.504607 0.640437
0.788189 1.046142 0.467940 0.536467
0.816850 1.046142 0.243232 0.236247
0.845512 1.046142 0.183783 0.304866
0.874173 1.046142 0.149328 0.321297
0.902835 1.046142 0.084295 0.227602
0.931496 1.046142 0.931496 1.046142
0.960157 1.046142 0.960157 1.046142
0.988819 1.046142 0.988819 1.046142
1.017480 1.046142 1.017480 1.046142
1.046142 1.046142 1.046142 1.046142
1.074803 1.046142 1.074803 1.046142
1.103465 1.046142 1.103465 1.046142
1.132126 1.046142 1.132126 1.046142
1.160787 1.046142 1.160787 1.046142
1.189449 1.046142 1.189449 1.046142
1.218110 1.046142 1.218110 1.046142
1.246772 1.046142 1.246772 1.046142
1.275433 1.046142 1.275433 1.046142
1.304094 1.046142 1.304094 1.046142
1.332756 1.046142 1.332756 1.046142
1.361417 1.046142 1.361417 1.046142
1.390079 1.046142 1.390079 1.046142
1.418740 1.046142 1.418740 1.046142
1.447402 1.046142 1.447402 1.046142
1.476063 1.046142 1.476063 1.046142
1.504724 1.046142 1.504724 1.046142
1.533386 1.046142 1.533386 1.046142
1.562047 1.046142 1.562047 1.046142
1.590709 1.046142 1.590709 1.046142
1.619370 1.046142 1.619370 1.046142
1.648031 1.046142 1.648031 1.046142
1.676693 1.046142 1.676693 1.046142
1.705354 1.046142 1.705354 1.046142
1.734016 1.046142 1.734016 1.046142
1.762677 1.046142 1.762677 1.046142
1.791339 1.046142 1.791339 1.046142
1.820000 1.046142 1.820000 1.046142
-1.820000 1.074803 -1.820000 1.074803
-1.791339 1.074803 -1.791339 1.074803
-1.762677 1.074803 -1.762677 1.074803
-1.734016 1.074803 -1.734016 1.074803
-1.705354 1.074803 -1.705354 1.074803
-1.676693 1.074803 -1.676693 1.074803
-1.648031 1.074803 -1.648031 1.074803
-1.619370 1.074803 -1.619370 1.074803
-1.590709 1.074803 -1.590709 1.074803
-1.562047 1.074803 -1.562047 1.074803
-1.533386 1.074803 -1.533386 1.074803
-1.504724 1.074803 -1.504724 1.074803
-1.476063 1.074803 -1.476063 1.074803
-1.447402 1.074803 -1.447402 1.074803
-1.418740 1.074803 -1.418740 1.074803
-1.390079 1.074803 -1.390079 1.074803
-1.361417 1.074803 -1.361417 1.074803
-1.332756 1.074803 -1.332756 1.074803
-1.304094 1.074803 -1.304094 1.074803
-1.275433 1.074803 -1.275433 1.074803
-1.246772 1.074803 -1.246772 1.074803
-1.218110 1.074803 -1.218110 1.074803
-1.189449 1.074803 -1.189449 1.074803
-1.160787 1.074803 -1.160787 1.074803
-1.132126 1.074803 -1.132126 1.074803
-1.103465 1.074803 -1.103465 1.074803
-1.074803 1.074803 -1.074803 1.074803
-1.046142 1.074803 -1.046142 1.074803
-1.017480 1.074803 -1.017480 1.074803
-0.988819 1.074803 -0.988819 1.074803
-0.960157 1.074803 -0.960157 1.074803
-0.931496 1.074803 -0.931496 1.074803
-0.902835 1.074803 -0.902835 1.074803
-0.874173 1.074803 -0.055634 0.256264
-0.845512 1.074803 -0.268117 0.264986
-0.816850 1.074803 -0.272157 0.207927
-0.788189 1.074803 -0.244287 0.209186
-0.759528 1.074803 -0.442796 0.570726
-0.730866 1.074803 -0.408186 0.561259
-0.702205 1.074803 -0.447236 0.669022
-0.673543 1.074803 -0.418456 0.668834
-0.644882 1.074803 -0.389677 0.668647
-0.616220 1.074803 -0.360898 0.668459
-0.587559 1.074803 -0.404112 0.782849
-0.558898 1.074803 -0.373824 0.780260
-0.530236 1.074803 -0.392282 0.855250
-0.501575 1.074803 -0.416155 0.830686
-0.472913 1.074803 -0.387667 0.831180
-0.444252 1.074803 -0.359178 0.831675
-0.415591 1.074803 -0.330690 0.832171
-0.386929 1.074803 -0.333895 0.923239
-0.358268 1.074803 -0.305109 0.922883
-0.329606 1.074803 -0.276323 0.922528
-0.300945 1.074803 -0.247537 0.922172
-0.272283 1.074803 -0.218752 0.921817
-0.243622 1.074803 -0.225434 0.913381
-0.214961 1.074803 -0.196759 0.913254
-0.186299 1.074803 -0.168083 0.913127
-0.157638 1.074803 -0.139407 0.913000
-0.128976 1.074803 -0.110732 0.912873
-0.100315 1.074803 -0.082056 0.912746
-0.071654 1.074803 -0.053380 0.912619
-0.042992 1.074803 -0.024704 0.912492
-0.014331 1.074803 0.003971 0.912365
0.014331 1.074803 -0.003971 0.912367
0.042992 1.074803 0.024705 0.912494
0.071654 1.074803 0.053380 0.912621
0.100315 1.074803 0.082056 0.912747
0.128976 1.074803 0.110732 0.912874
0.157638 1.074803 0.139407 0.913001
0.186299 1.074803 0.168083 0.913128
0.214961 1.074803 0.196758 0.913254
0.243622 1.074803 0.225434 0.913381
0.272283 1.074803 0.218751 0.921817
0.300945 1.074803 0.247537 0.922172
0.329606 1.074803 0.276323 0.922528
0.358268 1.074803 0.305109 0.922884
0.386929 1.074803 0.333895 0.923239
0.415591 1.074803 0.330691 0.832172
0.444252 1.074803 0.359179 0.831676
0.472913 1.074803 0.387667 0.831181
0.501575 1.074803 0.416155 0.830686
0.530236 1.074803 0.392282 0.855250
0.558898 1.074803 0.373824 0.780260
0.587559 1.074803 0.404112 0.782849
0.616220 1.074803 0.360899 0.668460
0.644882 1.074803 0.389678 0.668648
0.673543 1.074803 0.418457 0.668835
0.702205 1.074803 0.447236 0.669022
0.730866 1.074803 0.408187 0.561261
0.759528 1.074803 0.442797 0.570728
0.788189 1.074803 0.244286 0.209187
0.816850 1.074803 0.272157 0.207929
0.845512 1.074803 0.268116 0.264987
0.874173 1.074803 0.055634 0.256264
0.902835 1.074803 0.902835 1.074803
0.931496 1.074803 0.931496 1.074803
0.960157 1.074803 0.960157 1.074803
0.988819 1.074803 0.988819 1.074803
1.017480 1.074803 1.017480 1.074803
1.046142 1.074803 1.046142 1.074803
1.074803 1.074803 1.074803 1.074803
1.103465 1.074803 1.103465 1.074803
1.132126 1.074803 1.132126 1.074803
1.160787 1.074803 1.160787 1.074803
1.189449 1.074803 1.189449 1.074803
1.218110 1.074803 1.218110 1.074803
1.246772 1.074803 1.246772 1.074803
1.275433 1.074803 1.275433 1.074803
1.304094 1.074803 1.304094 1.074803
1.332756 1.074803 1.332756 1.074803
1.361417 1.074803 1.361417 1.074803
1.390079 1.074803 1.390079 1.074803
1.418740 1.074803 1.418740 1.074803
1.447402 1.074803 1.447402 1.074803
1.476063 1.074803 1.476063 1.074803
1.504724 1.074803 1.504724 1.074803
1.533386 1.074803 1.533386 1.074803
1.562047 1.074803 1.562047 1.074803
1.590709 1.074803 1.590709 1.074803
1.619370 1.074803 1.619370 1.074803
1.648031 1.074803 1.648031 1.074803
1.676693 1.074803 1.676693 1.074803
1.705354 1.074803 1.705354 1.074803
1.734016 1.074803 1.734016 1.074803
1.762677 1.074803 1.762677 1.074803
1.791339 1.074803 1.791339 1.074803
1.820000 1.074803 1.820000 1.074803
-1.820000 1.103465 -1.820000 1.103465
-1.791339 1.103465 -1.791339 1.103465
-1.762677 1.103465 -1.762677 1.103465
-1.734016 1.103465 -1.734016 1.103465
-1.705354 1.103465 -1.705354 1.103465
-1.676693 1.103465 -1.676693 1.103465
-1.648031 1.103465 -1.648031 1.103465
-1.619370 1.103465 -1.619370 1.103465
-1.590709 1.103465 -1.590709 1.103465
-1.562047 1.103465 -1.562047 1.103465
-1.533386 1.103465 -1.533386 1.103465
-1.504724 1.103465 -1.504724 1.103465
-1.476063 1.103465 -1.476063 1.103465
-1.447402 1.103465 -1.447402 1.103465
-1.418740 1.103465 -1.418740 1.103465
-1.390079 1.103465 -1.390079 1.103465
-1.361417 1.103465 -1.361417 1.103465
-1.332756 1.103465 -1.332756 1.103465
-1.304094 1.103465 -1.304094 1.103465
-1.275433 1.103465 -1.275433 1.103465
-1.246772 1.103465 -1.246772 1.103465
-1.218110 1.103465 -1.218110 1.103465
-1.189449 1.103465 -1.189449 1.103465
-1.160787 1.103465 -1.160787 1.103465
-1.132126 1.103465 -1.132126 1.103465
-1.103465 1.103465 -1.103465 1.103465
-1.074803 1.103465 -1.074803 1.103465
-1.046142 1.103465 -1.046142 1.103465
-1.017480 1.103465 -1.017480 1.103465
-0.988819 1.103465 -0.988819 1.103465
-0.960157 1.103465 -0.960157 1.103465
-0.931496 1.103465 -0.931496 1.103465
-0.902835 1.103465 -0.902835 1.103465
-0.874173 1.103465 -0.874173 1.103465
-0.845512 1.103465 1.377670 -1.671072
-0.816850 1.103465 -0.180253 0.090326
-0.788189 1.103465 -0.243032 0.235852
-0.759528 1.103465 -0.215158 0.237103
-0.730866 1.103465 -0.187282 0.238354
-0.702205 1.103465 -0.383043 0.595520
-0.673543 1.103465 -0.418644 0.697794
-0.644882 1.103465 -0.389864 0.697606
-0.616220 1.103465 -0.361085 0.697419
-0.587559 1.103465 -0.332306 0.697231
-0.558898 1.103465 -0.303527 0.697044
-0.530236 1.103465 -0.415958 0.776874
-0.501575 1.103465 -0.386670 0.775083
-0.472913 1.103465 -0.357382 0.773291
-0.444252 1.103465 -0.358683 0.858921
-0.415591 1.103465 -0.330195 0.859416
-0.386929 1.103465 -0.301707 0.859912
-0.358268 1.103465 -0.273219 0.860407
-0.329606 1.103465 -0.244731 0.860903
-0.300945 1.103465 -0.247893 0.951850
-0.272283 1.103465 -0.219107 0.951494
-0.243622 1.103465 -0.225561 0.943168
-0.214961 1.103465 -0.196886 0.943041
-0.186299 1.103465 -0.168210 0.942914
-0.157638 1.103465 -0.139534 0.942787
-0.128976 1.103465 -0.110858 0.942661
-0.100315 1.103465 -0.082183 0.942534
-0.071654 1.103465 -0.053507 0.942408
-0.042992 1.103465 -0.024831 0.942281
-0.014331 1.103465 0.003845 0.942154
0.014331 1.103465 -0.003844 0.942154
0.042992 1.103465 0.024832 0.942281
0.071654 1.103465 0.053507 0.942408
0.100315 1.103465 0.082183 0.942535
0.128976 1.103465 0.110859 0.942662
0.157638 1.103465 0.139534 0.942788
0.186299 1.103465 0.168209 0.942914
0.214961 1.103465 0.196885 0.943041
0.243622 1.103465 0.225561 0.943168
0.272283 1.103465 0.219107 0.951494
0.300945 1.103465 0.247893 0.951850
0.329606 1.103465 0.244731 0.860903
0.358268 1.103465 0.273219 0.860408
0.386929 1.103465 0.301707 0.859913
0.415591 1.103465 0.330195 0.859417
0.444252 1.103465 0.358683 0.858922
0.472913 1.103465 0.357382 0.773292
0.501575 1.103465 0.386670 0.775083
0.530236 1.103465 0.415958 0.776875
0.558898 1.103465 0.303528 0.697045
0.587559 1.103465 0.332306 0.697231
0.616220 1.103465 0.361085 0.697419
0.644882 1.103465 0.389865 0.697606
0.673543 1.103465 0.418644 0.697793
0.702205 1.103465 0.383044 0.595522
0.730866 1.103465 0.187292 0.238370
0.759528 1.103465 0.215157 0.237104
0.788189 1.103465 0.243027 0.235845
0.816850 1.103465 0.180245 0.090313
0.845512 1.103465 -1.377669 -1.671077
0.874173 1.103465 0.874173 1.103465
0.902835 1.103465 0.902835 1.103465
0.931496 1.103465 0.931496 1.103465
0.960157 1.103465 0.960157 1.103465
0.988819 1.103465 0.988819 1.103465
1.017480 1.103465 1.017480 1.103465
1.046142 1.103465 1.046142 1.103465
1.074803 1.103465 1.074803 1.103465
1.103465 1.103465 1.103465 1.103465
1.132126 1.103465 1.132126 1.103465
1.160787 1.103465 1.160787 1.103465
1.189449 1.103465 1.189449 1.103465
1.218110 1.103465 1.218110 1.103465
1.246772 1.103465 1.246772 1.103465
1.275433 1.103465 1.275433 1.103465
1.304094 1.103465 1.304094 1.103465
1.332756 1.103465 1.332756 1.103465
1.361417 1.103465 1.361417 1.103465
1.390079 1.103465 1.390079 1.103465
1.418740 1.103465 1.418740 1.103465
1.447402 1.103465 1.447402 1.103465
1.476063 1.103465 1.476063 1.103465
1.504724 1.103465 1.504724 1.103465
1.533386 1.103465 1.533386 1.103465
1.562047 1.103465 1.562047 1.103465
1.590709 1.103465 1.590709 1.103465
1.619370 1.103465 1.619370 1.103465
1.648031 1.103465 1.648031 1.103465
1.676693 1.103465 1.676693 1.103465
1.705354 1.103465 1.705354 1.103465
1.734016 1.103465 1.734016 1.103465
1.762677 1.103465 1.762677 1.103465
1.791339 1.103465 1.791339 1.103465
1.820000 1.103465 1.820000 1.103465
-1.820000 1.132126 -1.820000 1.132126
-1.791339 1.132126 -1.791339 1.132126
-1.762677 1.132126 -1.762677 1.132126
-1.734016 1.132126 -1.734016 1.132126
-1.705354 1.132126 -1.705354 1.132126
-1.676693 1.132126 -1.676693 1.132126
-1.648031 1.132126 -1.648031 1.132126
-1.619370 1.132126 -1.619370 1.132126
-1.590709 1.132126 -1.590709 1.132126
-1.562047 1.132126 -1.562047 1.132126
-1.533386 1.132126 -1.533386 1.132126
-1.504724 1.132126 -1.504724 1.132126
-1.476063 1.132126 -1.476063 1.132126
-1.447402 1.132126 -1.447402 1.132126
-1.418740 1.132126 -1.418740 1.132126
-1.390079 1.132126 -1.390079 1.132126
-1.361417 1.132126 -1.361417 1.132126
-1.332756 1.132126 -1.332756 1.132126
-1.304094 1.132126 -1.304094 1.132126
-1.275433 1.132126 -1.275433 1.132126
-1.246772 1.132126 -1.246772 1.132126
-1.218110 1.132126 -1.218110 1.132126
-1.189449 1.132126 -1.189449 1.132126
-1.160787 1.132126 -1.160787 1.132126
-1.132126 1.132126 -1.132126 1.132126
-1.103465 1.132126 -1.103465 1.132126
-1.074803 1.132126 -1.074803 1.132126
-1.046142 1.132126 -1.046142 1.132126
-1.017480 1.132126 -1.017480 1.132126
-0.988819 1.132126 -0.988819 1.132126
-0.960157 1.132126 -0.960157 1.132126
-0.931496 1.132126 -0.931496 1.132126
-0.902835 1.132126 -0.902835 1.132126
-0.874173 1.132126 -0.874173 1.132126
-0.845512 1.132126 -0.845512 1.132126
-0.816850 1.132126 -0.816850 1.132126
-0.788189 1.132126 -0.171876 0.151269
-0.759528 1.132126 -0.213903 0.263769
-0.730866 1.132126 -0.186033 0.265028
-0.702205 1.132126 -0.158157 0.266279
-0.673543 1.132126 -0.357900 0.629781
-0.644882 1.132126 -0.323290 0.620314
-0.616220 1.132126 -0.361272 0.726378
-0.587559 1.132126 -0.332493 0.726191
-0.558898 1.132126 -0.328456 0.715519
-0.530236 1.132126 -0.348422 0.691914
-0.501575 1.132126 -0.343057 0.679104
-0.472913 1.132126 -0.359173 0.807073
-0.444252 1.132126 -0.329885 0.805281
-0.415591 1.132126 -0.300597 0.803489
-0.386929 1.132126 -0.271308 0.801698
-0.358268 1.132126 -0.272723 0.887653
-0.329606 1.132126 -0.244235 0.888148
-0.300945 1.132126 -0.215747 0.888644
-0.272283 1.132126 -0.187259 0.889139
-0.243622 1.132126 -0.214838 0.876655
-0.214961 1.132126 -0.186197 0.876833
-0.186299 1.132126 -0.157555 0.877010
-0.157638 1.132126 -0.139661 0.972576
-0.128976 1.132126 -0.110985 0.972449
-0.100315 1.132126 -0.082309 0.972323
-0.071654 1.132126 -0.053633 0.972196
-0.042992 1.132126 -0.024958 0.972069
-0.014331 1.132126 0.003718 0.971942
0.014331 1.132126 -0.003717 0.971942
0.042992 1.132126 0.024958 0.972069
0.071654 1.132126 0.053634 0.972196
0.100315 1.132126 0.082310 0.972323
0.128976 1.132126 0.110985 0.972448
0.157638 1.132126 0.139660 0.972575
0.186299 1.132126 0.157554 0.877009
0.214961 1.132126 0.186196 0.876832
0.243622 1.132126 0.214837 0.876655
0.272283 1.132126 0.187259 0.889139
0.300945 1.132126 0.215747 0.888644
0.329606 1.132126 0.244236 0.888149
0.358268 1.132126 0.272724 0.887653
0.386929 1.132126 0.271309 0.801699
0.415591 1.132126 0.300597 0.803491
0.444252 1.132126 0.329885 0.805282
0.472913 1.132126 0.359173 0.807073
0.501575 1.132126 0.343057 0.679105
0.530236 1.132126 0.348422 0.691914
0.558898 1.132126 0.328456 0.715519
0.587559 1.132126 0.332494 0.726191
0.616220 1.132126 0.361273 0.726378
0.644882 1.132126 0.323291 0.620316
0.673543 1.132126 0.357901 0.629783
0.702205 1.132126 0.158163 0.266287
0.730866 1.132126 0.186028 0.265021
0.759528 1.132126 0.213893 0.263754
0.788189 1.132126 0.171878 0.151269
0.816850 1.132126 0.816850 1.132126
0.845512 1.132126 0.845512 1.132126
0.874173 1.132126 0.874173 1.132126
0.902835 1.132126 0.902835 1.132126
0.931496 1.132126 0.931496 1.132126
0.960157 1.132126 0.960157 1.132126
0.988819 1.132126 0.988819 1.132126
1.017480 1.132126 1.017480 1.132126
1.046142 1.132126 1.046142 1.132126
1.074803 1.132126 1.074803 1.132126
1.103465 1.132126 1.103465 1.132126
1.132126 1.132126 1.132126 1.132126
1.160787 1.132126 1.160787 1.132126
1.189449 1.132126 1.189449 1.132126
1.218110 1.132126 1.218110 1.132126
1.246772 1.132126 1.246772 1.132126
1.275433 1.132126 1.275433 1.132126
1.304094 1.132126 1.304094 1.132126
1.332756 1.132126 1.332756 1.132126
1.361417 1.132126 1.361417 1.132126
1.390079 1.132126 1.390079 1.132126
1.418740 1.132126 1.418740 1.132126
1.447402 1.132126 1.447402 1.132126
1.476063 1.132126 1.476063 1.132126
1.504724 1.132126 1.504724 1.132126
1.533386 1.132126 1.533386 1.132126
1.562047 1.132126 1.562047 1.132126
1.590709 1.132126 1.590709 1.132126
1.619370 1.132126 1.619370 1.132126
1.648031 1.132126 1.648031 1.132126
1.676693 1.132126 1.676693 1.132126
1.705354 1.132126 1.705354 1.132126
1.734016 1.132126 1.734016 1.132126
1.762677 1.132126 1.762677 1.132126
1.791339 1.132126 1.791339 1.132126
1.820000 1.132126 1.820000 1.132126
-1.820000 1.160787 -1.820000 1.160787
-1.791339 1.160787 -1.791339 1.160787
-1.762677 1.160787 -1.762677 1.160787
-1.734016 1.160787 -1.734016 1.160787
-1.705354 1.160787 -1.705354 1.160787
-1.676693 1.160787 -1.676693 1.160787
-1.648031 1.160787 -1.648031 1.160787
-1.619370 1.160787 -1.619370 1.160787
-1.590709 1.160787 -1.590709 1.160787
-1.562047 1.160787 -1.562047 1.160787
-1.533386 1.160787 -1.533386 1.160787
-1.504724 1.160787 -1.504724 1.160787
-1.476063 1.160787 -1.476063 1.160787
-1.447402 1.160787 -1.447402 1.160787
-1.418740 1.160787 -1.418740 1.160787
-1.390079 1.160787 -1.390079 1.160787
-1.361417 1.160787 -1.361417 1.160787
-1.332756 1.160787 -1.332756 1.160787
-1.304094 1.160787 -1.304094 1.160787
-1.275433 1.160787 -1.275433 1.160787
-1.246772 1.160787 -1.246772 1.160787
-1.218110 1.160787 -1.218110 1.160787
-1.189449 1.160787 -1.189449 1.160787
-1.160787 1.160787 -1.160787 1.160787
-1.132126 1.160787 -1.132126 1.160787
-1.103465 1.160787 -1.103465 1.160787
-1.074803 1.160787 -1.074803 1.160787
-1.046142 1.160787 -1.046142 1.160787
-1.017480 1.160787 -1.017480 1.160787
-0.988819 1.160787 -0.988819 1.160787
-0.960157 1.160787 -0.960157 1.160787
-0.931496 1.160787 -0.931496 1.160787
-0.902835 1.160787 -0.902835 1.160787
-0.874173 1.160787 -0.874173 1.160787
-0.845512 1.160787 -0.845512 1.160787
-0.816850 1.160787 -0.816850 1.160787
-0.788189 1.160787 -0.788189 1.160787
-0.759528 1.160787 1.145157 -1.870505
-0.730866 1.160787 -0.100544 0.157635
-0.702205 1.160787 -0.156903 0.292945
-0.673543 1.160787 -0.129027 0.294196
-0.644882 1.160787 -0.101157 0.295455
-0.616220 1.160787 -0.298148 0.654577
-0.587559 1.160787 -0.332681 0.755150
-0.558898 1.160787 -0.376262 0.721153
-0.530236 1.160787 -0.371893 0.708266
-0.501575 1.160787 -0.343187 0.708137
-0.472913 1.160787 -0.314480 0.708006
-0.444252 1.160787 -0.285773 0.707877
-0.415591 1.160787 -0.257066 0.707747
-0.386929 1.160787 -0.273100 0.835480
-0.358268 1.160787 -0.243812 0.833688
-0.329606 1.160787 -0.214523 0.831896
-0.300945 1.160787 -0.185235 0.830104
-0.272283 1.160787 -0.207675 0.911903
-0.243622 1.160787 -0.214661 0.903748
-0.214961 1.160787 -0.186019 0.903926
-0.186299 1.160787 -0.157378 0.904104
-0.157638 1.160787 -0.128736 0.904280
-0.128976 1.160787 -0.100095 0.904457
-0.100315 1.160787 -0.071453 0.904634
-0.071654 1.160787 -0.042812 0.904811
-0.042992 1.160787 -0.014170 0.904988
-0.014331 1.160787 0.014471 0.905164
0.014331 1.160787 -0.014471 0.905164
0.042992 1.160787 0.014171 0.904987
0.071654 1.160787 0.042812 0.904808
0.100315 1.160787 0.071453 0.904632
0.128976 1.160787 0.100095 0.904455
0.157638 1.160787 0.128736 0.904278
0.186299 1.160787 0.157378 0.904101
0.214961 1.160787 0.186019 0.903924
0.243622 1.160787 0.214661 0.903748
0.272283 1.160787 0.207675 0.911903
0.300945 1.160787 0.185235 0.830105
0.329606 1.160787 0.214524 0.831897
0.358268 1.160787 0.243812 0.833689
0.386929 1.160787 0.273100 0.835481
0.415591 1.160787 0.257067 0.707750
0.444252 1.160787 0.285773 0.707878
0.472913 1.160787 0.314479 0.708007
0.501575 1.160787 0.343186 0.708137
0.530236 1.160787 0.371893 0.708267
0.558898 1.160787 0.376261 0.721153
0.587559 1.160787 0.332681 0.755150
0.616220 1.160787 0.298148 0.654577
0.644882 1.160787 0.101163 0.295463
0.673543 1.160787 0.129029 0.294196
0.702205 1.160787 0.156894 0.292929
0.730866 1.160787 0.100536 0.157622
0.759528 1.160787 -1.145200 -1.870566
0.788189 1.160787 0.788189 1.160787
0.816850 1.160787 0.816850 1.160787
0.845512 1.160787 0.845512 1.160787
0.874173 1.160787 0.874173 1.160787
0.902835 1.160787 0.902835 1.160787
0.931496 1.160787 0.931496 1.160787
0.960157 1.160787 0.960157 1.160787
0.988819 1.160787 0.988819 1.160787
1.017480 1.160787 1.017480 1.160787
1.046142 1.160787 1.046142 1.160787
1.074803 1.160787 1.074803 1.160787
1.103465 1.160787 1.103465 1.160787
1.132126 1.160787 1.132126 1.160787
1.160787 1.160787 1.160787 1.160787
1.189449 1.160787 1.189449 1.160787
1.218110 1.160787 1.218110 1.160787
1.246772 1.160787 1.246772 1.160787
1.275433 1.160787 1.275433 1.160787
1.304094 1.160787 1.304094 1.160787
1.332756 1.160787 1.332756 1.160787
1.361417 1.160787 1.361417 1.160787
1.390079 1.160787 1.390079 1.160787
1.418740 1.160787 1.418740 1.160787
1.447402 1.160787 1.447402 1.160787
1.476063 1.160787 1.476063 1.160787
1.504724 1.160787 1.504724 1.160787
1.533386 1.160787 1.533386 1.160787
1.562047 1.160787 1.562047 1.160787
1.590709 1.160787 1.590709 1.160787
1.619370 1.160787 1.619370 1.160787
1.648031 1.160787 1.648031 1.160787
1.676693 1.160787 1.676693 1.160787
1.705354 1.160787 1.705354 1.160787
1.734016 1.160787 1.734016 1.160787
1.762677 1.160787 1.762677 1.160787
1.791339 1.160787 1.791339 1.160787
1.820000 1.160787 1.820000 1.160787
-1.820000 1.189449 -1.820000 1.189449
-1.791339 1.189449 -1.791339 1.189449
-1.762677 1.189449 -1.762677 1.189449
-1.734016 1.189449 -1.734016 1.189449
-1.705354 1.189449 -1.705354 1.189449
-1.676693 1.189449 -1.676693 1.189449
-1.648031 1.189449 -1.648031 1.189449
-1.619370 1.189449 -1.619370 1.189449
-1.590709 1.189449 -1.590709 1.189449
-1.562047 1.189449 -1.562047 1.189449
-1.533386 1.189449 -1.533386 1.189449
-1.504724 1.189449 -1.504724 1.189449
-1.476063 1.189449 -1.476063 1.189449
-1.447402 1.189449 -1.447402 1.189449
-1.418740 1.189449 -1.418740 1.189449
-1.390079 1.189449 -1.390079 1.189449
-1.361417 1.189449 -1.361417 1.189449
-1.332756 1.189449 -1.332756 1.189449
-1.304094 1.189449 -1.304094 1.189449
-1.275433 1.189449 -1.275433 1.189449
-1.246772 1.189449 -1.246772 1.189449
-1.218110 1.189449 -1.218110 1.189449
-1.189449 1.189449 -1.189449 1.189449
-1.160787 1.189449 -1.160787 1.189449
-1.132126 1.189449 -1.132126 1.189449
-1.103465 1.189449 -1.103465 1.189449
-1.074803 1.189449 -1.074803 1.189449
-1.046142 1.189449 -1.046142 1.189449
-1.017480 1.189449 -1.017480 1.189449
-0.988819 1.189449 -0.988819 1.189449
-0.960157 1.189449 -0.960157 1.189449
-0.931496 1.189449 -0.931496 1.189449
-0.902835 1.189449 -0.902835 1.189449
-0.874173 1.189449 -0.874173 1.189449
-0.845512 1.189449 -0.845512 1.189449
-0.816850 1.189449 -0.816850 1.189449
-0.788189 1.189449 -0.788189 1.189449
-0.759528 1.189449 -0.759528 1.189449
-0.730866 1.189449 -0.730866 1.189449
-0.702205 1.189449 -0.092160 0.218565
-0.673543 1.189449 -0.127768 0.320854
-0.644882 1.189449 -0.099898 0.322113
-0.616220 1.189449 -0.072028 0.323372
-0.587559 1.189449 -0.106705 0.321250
-0.558898 1.189449 -0.360613 0.622782
-0.530236 1.189449 -0.372023 0.737299
-0.501575 1.189449 -0.343316 0.737170
-0.472913 1.189449 -0.314610 0.737040
-0.444252 1.189449 -0.285903 0.736911
-0.415591 1.189449 -0.257196 0.736781
-0.386929 1.189449 -0.228489 0.736651
-0.358268 1.189449 -0.199782 0.736521
-0.329606 1.189449 -0.171075 0.736392
-0.300945 1.189449 -0.187027 0.863888
-0.272283 1.189449 -0.157738 0.862096
-0.243622 1.189449 -0.204714 0.844141
-0.214961 1.189449 -0.175981 0.843501
-0.186299 1.189449 -0.147248 0.842862
-0.157638 1.189449 -0.118514 0.842222
-0.128976 1.189449 -0.089781 0.841583
-0.100315 1.189449 -0.061047 0.840943
-0.071654 1.189449 -0.042635 0.931903
-0.042992 1.189449 -0.013994 0.932080
-0.014331 1.189449 0.014648 0.932257
0.014331 1.189449 -0.014648 0.932257
0.042992 1.189449 0.013993 0.932078
0.071654 1.189449 0.042634 0.931902
0.100315 1.189449 0.061047 0.840943
0.128976 1.189449 0.089781 0.841582
0.157638 1.189449 0.118514 0.842222
0.186299 1.189449 0.147248 0.842861
0.214961 1.189449 0.175981 0.843501
0.243622 1.189449 0.204715 0.844141
0.272283 1.189449 0.157739 0.862096
0.300945 1.189449 0.187027 0.863888
0.329606 1.189449 0.171076 0.736393
0.358268 1.189449 0.199783 0.736522
0.386929 1.189449 0.228490 0.736652
0.415591 1.189449 0.257195 0.736780
0.444252 1.189449 0.285902 0.736910
0.472913 1.189449 0.314609 0.737039
0.501575 1.189449 0.343316 0.737169
0.530236 1.189449 0.372022 0.737298
0.558898 1.189449 0.360612 0.622783
0.587559 1.189449 0.106708 0.321255
0.616220 1.189449 0.072029 0.323372
0.644882 1.189449 0.099900 0.322113
0.673543 1.189449 0.127764 0.320846
0.702205 1.189449 0.092159 0.218567
0.730866 1.189449 0.730866 1.189449
0.759528 1.189449 0.759528 1.189449
0.788189 1.189449 0.788189 1.189449
0.816850 1.189449 0.816850 1.189449
0.845512 1.189449 0.845512 1.189449
0.874173 1.189449 0.874173 1.189449
0.902835 1.189449 0.902835 1.189449
0.931496 1.189449 0.931496 1.189449
0.960157 1.189449 0.960157 1.189449
0.988819 1.189449 0.988819 1.189449
1.017480 1.189449 1.017480 1.189449
1.046142 1.189449 1.046142 1.189449
1.074803 1.189449 1.074803 1.189449
1.103465 1.189449 1.103465 1.189449
1.132126 1.189449 1.132126 1.189449
1.160787 1.189449 1.160787 1.189449
1.189449 1.189449 1.189449 1.189449
1.218110 1.189449 1.218110 1.189449
1.246772 1.189449 1.246772 1.189449
1.275433 1.189449 1.275433 1.189449
1.304094 1.189449 1.304094 1.189449
1.332756 1.189449 1.332756 1.189449
1.361417 1.189449 1.361417 1.189449
1.390079 1.189449 1.390079 1.189449
1.418740 1.189449 1.418740 1.189449
1.447402 1.189449 1.447402 1.189449
1.476063 1.189449 1.476063 1.189449
1.504724 1.189449 1.504724 1.189449
1.533386 1.189449 1.533386 1.189449
1.562047 1.189449 1.562047 1.189449
1.590709 1.189449 1.590709 1.189449
1.619370 1.189449 1.619370 1.189449
1.648031 1.189449 1.648031 1.189449
1.676693 1.189449 1.676693 1.189449
1.705354 1.189449 1.705354 1.189449
1.734016 1.189449 1.734016 1.189449
1.762677 1.189449 1.762677 1.189449
1.791339 1.189449 1.791339 1.189449
1.820000 1.189449 1.820000 1.189449
-1.820000 1.218110 -1.820000 1.218110
-1.791339 1.218110 -1.791339 1.218110
-1.762677 1.218110 -1.762677 1.218110
-1.734016 1.218110 -1.734016 1.218110
-1.705354 1.218110 -1.705354 1.218110
-1.676693 1.218110 -1.676693 1.218110
-1.648031 1.218110 -1.648031 1.218110
-1.619370 1.218110 -1.619370 1.218110
-1.590709 1.218110 -1.590709 1.218110
-1.562047 1.218110 -1.562047 1.218110
-1.533386 1.218110 -1.533386 1.218110
-1.504724 1.218110 -1.504724 1.218110
-1.476063 1.218110 -1.476063 1.218110
-1.447402 1.218110 -1.447402 1.218110
-1.418740 1.218110 -1.418740 1.218110
-1.390079 1.218110 -1.390079 1.218110
-1.361417 1.218110 -1.361417 1.218110
-1.332756 1.218110 -1.332756 1.218110
-1.304094 1.218110 -1.304094 1.218110
-1.275433 1.218110 -1.275433 1.218110
-1.246772 1.218110 -1.246772 1.218110
-1.218110 1.218110 -1.218110 1.218110
-1.189449 1.218110 -1.189449 1.218110
-1.160787 1.218110 -1.160787 1.218110
-1.132126 1.218110 -1.132126 1.218110
-1.103465 1.218110 -1.103465 1.218110
-1.074803 1.218110 -1.074803 1.218110
-1.046142 1.218110 -1.046142 1.218110
-1.017480 1.218110 -1.017480 1.218110
-0.988819 1.218110 -0.988819 1.218110
-0.960157 1.218110 -0.960157 1.218110
-0.931496 1.218110 -0.931496 1.218110
-0.902835 1.218110 -0.902835 1.218110
-0.874173 1.218110 -0.874173 1.218110
-0.845512 1.218110 -0.845512 1.218110
-0.816850 1.218110 -0.816850 1.218110
-0.788189 1.218110 -0.788189 1.218110
-0.759528 1.218110 -0.759528 1.218110
-0.730866 1.218110 -0.730866 1.218110
-0.702205 1.218110 -0.702205 1.218110
-0.673543 1.218110 1.287788 -1.903327
-0.644882 1.218110 -0.020828 0.224931
-0.616220 1.218110 -0.070769 0.350030
-0.587559 1.218110 -0.107328 0.346971
-0.558898 1.218110 -0.179130 0.301790
-0.530236 1.218110 -0.192731 0.253572
-0.501575 1.218110 -0.305257 0.657064
-0.472913 1.218110 -0.274303 0.650512
-0.444252 1.218110 -0.286032 0.765942
-0.415591 1.218110 -0.257326 0.765813
-0.386929 1.218110 -0.228618 0.765683
-0.358268 1.218110 -0.199912 0.765553
-0.329606 1.218110 -0.171205 0.765424
-0.300945 1.218110 -0.142498 0.765294
-0.272283 1.218110 -0.192979 0.748155
-0.243622 1.218110 -0.189889 0.741225
-0.214961 1.218110 -0.161223 0.741181
-0.186299 1.218110 -0.132557 0.741134
-0.157638 1.218110 -0.119154 0.876559
-0.128976 1.218110 -0.090420 0.875920
-0.100315 1.218110 -0.061687 0.875280
-0.071654 1.218110 -0.032953 0.874641
-0.042992 1.218110 -0.004220 0.874001
-0.014331 1.218110 0.024514 0.873361
0.014331 1.218110 -0.024514 0.873361
0.042992 1.218110 0.004220 0.874001
0.071654 1.218110 0.032953 0.874640
0.100315 1.218110 0.061687 0.875280
0.128976 1.218110 0.090420 0.875919
0.157638 1.218110 0.119154 0.876559
0.186299 1.218110 0.132556 0.741133
0.214961 1.218110 0.161223 0.741179
0.243622 1.218110 0.189890 0.741225
0.272283 1.218110 0.192979 0.748155
0.300945 1.218110 0.142499 0.765294
0.329606 1.218110 0.171206 0.765423
0.358268 1.218110 0.199911 0.765552
0.386929 1.218110 0.228618 0.765681
0.415591 1.218110 0.257325 0.765811
0.444252 1.218110 0.286032 0.765940
0.472913 1.218110 0.274304 0.650516
0.501575 1.218110 0.305258 0.657067
0.530236 1.218110 0.192732 0.253579
0.558898 1.218110 0.179129 0.301790
0.587559 1.218110 0.107328 0.346971
0.616220 1.218110 0.070770 0.350030
0.644882 1.218110 0.020827 0.224932
0.673543 1.218110 -1.287807 -1.903369
0.702205 1.218110 0.702205 1.218110
0.730866 1.218110 0.730866 1.218110
0.759528 1.218110 0.759528 1.218110
0.788189 1.218110 0.788189 1.218110
0.816850 1.218110 0.816850 1.218110
0.845512 1.218110 0.845512 1.218110
0.874173 1.218110 0.874173 1.218110
0.902835 1.218110 0.902835 1.218110
0.931496 1.218110 0.931496 1.218110
0.960157 1.218110 0.960157 1.218110
0.988819 1.218110 0.988819 1.218110
1.017480 1.218110 1.017480 1.218110
1.046142 1.218110 1.046142 1.218110
1.074803 1.218110 1.074803 1.218110
1.103465 1.218110 1.103465 1.218110
1.132126 1.218110 1.132126 1.218110
1.160787 1.218110 1.160787 1.218110
1.189449 1.218110 1.189449 1.218110
1.218110 1.218110 1.218110 1.218110
1.246772 1.218110 1.246772 1.218110
1.275433 1.218110 1.275433 1.218110
1.304094 1.218110 1.304094 1.218110
1.332756 1.218110 1.332756 1.218110
1.361417 1.218110 1.361417 1.218110
1.390079 1.218110 1.390079 1.218110
1.418740 1.218110 1.418740 1.218110
1.447402 1.218110 1.447402 1.218110
1.476063 1.218110 1.476063 1.218110
1.504724 1.218110 1.504724 1.218110
1.533386 1.218110 1.533386 1.218110
1.562047 1.218110 1.562047 1.218110
1.590709 1.218110 1.590709 1.218110
1.619370 1.218110 1.619370 1.218110
1.648031 1.218110 1.648031 1.218110
1.676693 1.218110 1.676693 1.218110
1.705354 1.218110 1.705354 1.218110
1.734016 1.218110 1.734016 1.218110
1.762677 1.218110 1.762677 1.218110
1.791339 1.218110 1.791339 1.218110
1.820000 1.218110 1.820000 1.218110
-1.820000 1.246772 -1.820000 1.246772
-1.791339 1.246772 -1.791339 1.246772
-1.762677 1.246772 -1.762677 1.246772
-1.734016 1.246772 -1.734016 1.246772
-1.705354 1.246772 -1.705354 1.246772
-1.676693 1.246772 -1.676693 1.246772
-1.648031 1.246772 -1.648031 1.246772
-1.619370 1.246772 -1.619370 1.246772
-1.590709 1.246772 -1.590709 1.246772
-1.562047 1.246772 -1.562047 1.246772
-1.533386 1.246772 -1.533386 1.246772
-1.504724 1.246772 -1.504724 1.246772
-1.476063 1.246772 -1.476063 1.246772
-1.447402 1.246772 -1.447402 1.246772
-1.418740 1.246772 -1.418740 1.246772
-1.390079 1.246772 -1.390079 1.246772
-1.361417 1.246772 -1.361417 1.246772
-1.332756 1.246772 -1.332756 1.246772
-1.304094 1.246772 -1.304094 1.246772
-1.275433 1.246772 -1.275433 1.246772
-1.246772 1.246772 -1.246772 1.246772
-1.218110 1.246772 -1.218110 1.246772
-1.189449 1.246772 -1.189449 1.246772
-1.160787 1.246772 -1.160787 1.246772
-1.132126 1.246772 -1.132126 1.246772
-1.103465 1.246772 -1.103465 1.246772
-1.074803 1.246772 -1.074803 1.246772
-1.046142 1.246772 -1.046142 1.246772
-1.017480 1.246772 -1.017480 1.246772
-0.988819 1.246772 -0.988819 1.246772
-0.960157 1.246772 -0.960157 1.246772
-0.931496 1.246772 -0.931496 1.246772
-0.902835 1.246772 -0.902835 1.246772
-0.874173 1.246772 -0.874173 1.246772
-0.845512 1.246772 -0.845512 1.246772
-0.816850 1.246772 -0.816850 1.246772
-0.788189 1.246772 -0.788189 1.246772
-0.759528 1.246772 -0.759528 1.246772
-0.730866 1.246772 -0.730866 1.246772
-0.702205 1.246772 -0.702205 1.246772
-0.673543 1.246772 -0.673543 1.246772
-0.644882 1.246772 -0.644882 1.246772
-0.616220 1.246772 0.918675 -1.958714
-0.587559 1.246772 -0.195078 0.125126
-0.558898 1.246772 -0.220223 0.278893
-0.530236 1.246772 -0.191862 0.279749
-0.501575 1.246772 -0.163505 0.280620
-0.472913 1.246772 -0.135146 0.281485
-0.444252 1.246772 -0.106790 0.282357
-0.415591 1.246772 -0.218947 0.684794
-0.386929 1.246772 -0.187993 0.678243
-0.358268 1.246772 -0.200041 0.794585
-0.329606 1.246772 -0.171334 0.794455
-0.300945 1.246772 -0.169616 0.789668
-0.272283 1.246772 -0.192395 0.777669
-0.243622 1.246772 -0.189935 0.770297
-0.214961 1.246772 -0.161269 0.770251
-0.186299 1.246772 -0.132602 0.770204
-0.157638 1.246772 -0.103936 0.770159
-0.128976 1.246772 -0.075270 0.770113
-0.100315 1.246772 -0.046603 0.770067
-0.071654 1.246772 -0.017936 0.770021
-0.042992 1.246772 0.010730 0.769974
-0.014331 1.246772 0.012947 0.771244
0.014331 1.246772 -0.012948 0.771244
0.042992 1.246772 -0.010731 0.769974
0.071654 1.246772 0.017936 0.770019
0.100315 1.246772 0.046603 0.770065
0.128976 1.246772 0.075269 0.770112
0.157638 1.246772 0.103936 0.770158
0.186299 1.246772 0.132603 0.770204
0.214961 1.246772 0.161269 0.770250
0.243622 1.246772 0.189936 0.770297
0.272283 1.246772 0.192395 0.777669
0.300945 1.246772 0.169617 0.789668
0.329606 1.246772 0.171334 0.794454
0.358268 1.246772 0.200041 0.794583
0.386929 1.246772 0.187994 0.678246
0.415591 1.246772 0.218948 0.684797
0.444252 1.246772 0.106797 0.282378
0.472913 1.246772 0.135148 0.281493
0.501575 1.246772 0.163504 0.280622
0.530236 1.246772 0.191861 0.279750
0.558898 1.246772 0.220217 0.278879
0.587559 1.246772 0.195077 0.125126
0.616220 1.246772 -0.918690 -1.958731
0.644882 1.246772 0.644882 1.246772
0.673543 1.246772 0.673543 1.246772
0.702205 1.246772 0.702205 1.246772
0.730866 1.246772 0.730866 1.246772
0.759528 1.246772 0.759528 1.246772
0.788189 1.246772 0.788189 1.246772
0.816850 1.246772 0.816850 1.246772
0.845512 1.246772 0.845512 1.246772
0.874173 1.246772 0.874173 1.246772
0.902835 1.246772 0.902835 1.246772
0.931496 1.246772 0.931496 1.246772
0.960157 1.246772 0.960157 1.246772
0.988819 1.246772 0.988819 1.246772
1.017480 1.246772 1.017480 1.246772
1.046142 1.246772 1.046142 1.246772
1.074803 1.246772 1.074803 1.246772
1.103465 1.246772 1.103465 1.246772
1.132126 1.246772 1.132126 1.246772
1.160787 1.246772 1.160787 1.246772
1.189449 1.246772 1.189449 1.246772
1.218110 1.246772 1.218110 1.246772
1.246772 1.246772 1.246772 1.246772
1.275433 1.246772 1.275433 1.246772
1.304094 1.246772 1.304094 1.246772
1.332756 1.246772 1.332756 1.246772
1.361417 1.246772 1.361417 1.246772
1.390079 1.246772 1.390079 1.246772
1.418740 1.246772 1.418740 1.246772
1.447402 1.246772 1.447402 1.246772
1.476063 1.246772 1.476063 1.246772
1.504724 1.246772 1.504724 1.246772
1.533386 1.246772 1.533386 1.246772
1.562047 1.246772 1.562047 1.246772
1.590709 1.246772 1.590709 1.246772
1.619370 1.246772 1.619370 1.246772
1.648031 1.246772 1.648031 1.246772
1.676693 1.246772 1.676693 1.246772
1.705354 1.246772 1.705354 1.246772
1.734016 1.246772 1.734016 1.246772
1.762677 1.246772 1.762677 1.246772
1.791339 1.246772 1.791339 1.246772
1.820000 1.246772 1.820000 1.246772
-1.820000 1.275433 -1.820000 1.275433
-1.791339 1.275433 -1.791339 1.275433
-1.762677 1.275433 -1.762677 1.275433
-1.734016 1.275433 -1.734016 1.275433
-1.705354 1.275433 -1.705354 1.275433
-1.676693 1.275433 -1.676693 1.275433
-1.648031 1.275433 -1.648031 1.275433
-1.619370 1.275433 -1.619370 1.275433
-1.590709 1.275433 -1.590709 1.275433
-1.562047 1.275433 -1.562047 1.275433
-1.533386 1.275433 -1.533386 1.275433
-1.504724 1.275433 -1.504724 1.275433
-1.476063 1.275433 -1.476063 1.275433
-1.447402 1.275433 -1.447402 1.275433
-1.418740 1.275433 -1.418740 1.275433
-1.390079 1.275433 -1.390079 1.275433
-1.361417 1.275433 -1.361417 1.275433
-1.332756 1.275433 -1.332756 1.275433
-1.304094 1.275433 -1.304094 1.275433
-1.275433 1.275433 -1.275433 1.275433
-1.246772 1.275433 -1.246772 1.275433
-1.218110 1.275433 -1.218110 1.275433
-1.189449 1.275433 -1.189449 1.275433
-1.160787 1.275433 -1.160787 1.275433
-1.132126 1.275433 -1.132126 1.275433
-1.103465 1.275433 -1.103465 1.275433
-1.074803 1.275433 -1.074803 1.275433
-1.046142 1.275433 -1.046142 1.275433
-1.017480 1.275433 -1.017480 1.275433
-0.988819 1.275433 -0.988819 1.275433
-0.960157 1.275433 -0.960157 1.275433
-0.931496 1.275433 -0.931496 1.275433
-0.902835 1.275433 -0.902835 1.275433
-0.874173 1.275433 -0.874173 1.275433
-0.845512 1.275433 -0.845512 1.275433
-0.816850 1.275433 -0.816850 1.275433
-0.788189 1.275433 -0.788189 1.275433
-0.759528 1.275433 -0.759528 1.275433
-0.730866 1.275433 -0.730866 1.275433
-0.702205 1.275433 -0.702205 1.275433
-0.673543 1.275433 -0.673543 1.275433
-0.644882 1.275433 -0.644882 1.275433
-0.616220 1.275433 -0.616220 1.275433
-0.587559 1.275433 -0.587559 1.275433
-0.558898 1.275433 0.809697 -2.025158
-0.530236 1.275433 -0.149092 0.186187
-0.501575 1.275433 -0.107214 0.148418
-0.472913 1.275433 -0.134282 0.307678
-0.444252 1.275433 -0.105922 0.308543
-0.415591 1.275433 -0.077566 0.309414
-0.386929 1.275433 -0.049209 0.310285
-0.358268 1.275433 -0.020853 0.311156
-0.329606 1.275433 -0.132637 0.712528
-0.300945 1.275433 -0.101683 0.705976
-0.272283 1.275433 -0.218648 0.799414
-0.243622 1.275433 -0.189982 0.799368
-0.214961 1.275433 -0.161315 0.799322
-0.186299 1.275433 -0.132648 0.799276
-0.157638 1.275433 -0.103982 0.799229
-0.128976 1.275433 -0.075316 0.799185
-0.100315 1.275433 -0.046649 0.799139
-0.071654 1.275433 -0.017983 0.799092
-0.042992 1.275433 0.010684 0.799046
-0.014331 1.275433 0.012183 0.800390
0.014331 1.275433 -0.012183 0.800390
0.042992 1.275433 -0.010685 0.799046
0.071654 1.275433 0.017982 0.799093
0.100315 1.275433 0.046649 0.799139
0.128976 1.275433 0.075315 0.799185
0.157638 1.275433 0.103982 0.799232
0.186299 1.275433 0.132649 0.799276
0.214961 1.275433 0.161316 0.799322
0.243622 1.275433 0.189982 0.799368
0.272283 1.275433 0.218649 0.799415
0.300945 1.275433 0.101684 0.705976
0.329606 1.275433 0.132638 0.712527
0.358268 1.275433 0.020856 0.311163
0.386929 1.275433 0.049213 0.310292
0.415591 1.275433 0.077563 0.309407
0.444252 1.275433 0.105918 0.308529
0.472913 1.275433 0.134274 0.307658
0.501575 1.275433 0.107216 0.148421
0.530236 1.275433 0.149092 0.186188
0.558898 1.275433 -0.809692 -2.025151
0.587559 1.275433 0.587559 1.275433
0.616220 1.275433 0.616220 1.275433
0.644882 1.275433 0.644882 1.275433
0.673543 1.275433 0.673543 1.275433
0.702205 1.275433 0.702205 1.275433
0.730866 1.275433 0.730866 1.275433
0.759528 1.275433 0.759528 1.275433
0.788189 1.275433 0.788189 1.275433
0.816850 1.275433 0.816850 1.275433
0.845512 1.275433 0.845512 1.275433
0.874173 1.275433 0.874173 1.275433
0.902835 1.275433 0.902835 1.275433
0.931496 1.275433 0.931496 1.275433
0.960157 1.275433 0.960157 1.275433
0.988819 1.275433 0.988819 1.275433
1.017480 1.275433 1.017480 1.275433
1.046142 1.275433 1.046142 1.275433
1.074803 1.275433 1.074803 1.275433
1.103465 1.275433 1.103465 1.275433
1.132126 1.275433 1.132126 1.275433
1.160787 1.275433 1.160787 1.275433
1.189449 1.275433 1.189449 1.275433
1.218110 1.275433 1.218110 1.275433
1.246772 1.275433 1.246772 1.275433
1.275433 1.275433 1.275433 1.275433
1.304094 1.275433 1.304094 1.275433
1.332756 1.275433 1.332756 1.275433
1.361417 1.275433 1.361417 1.275433
1.390079 1.275433 1.390079 1.275433
1.418740 1.275433 1.418740 1.275433
1.447402 1.275433 1.447402 1.275433
1.476063 1.275433 1.476063 1.275433
1.504724 1.275433 1.504724 1.275433
1.533386 1.275433 1.533386 1.275433
1.562047 1.275433 1.562047 1.275433
1.590709 1.275433 1.590709 1.275433
1.619370 1.275433 1.619370 1.275433
1.648031 1.275433 1.648031 1.275433
1.676693 1.275433 1.676693 1.275433
1.705354 1.275433 1.705354 1.275433
1.734016 1.275433 1.734016 1.275433
1.762677 1.275433 1.762677 1.275433
1.791339 1.275433 1.791339 1.275433
1.820000 1.275433 1.820000 1.275433
-1.820000 1.304094 -1.820000 1.304094
-1.791339 1.304094 -1.791339 1.304094
-1.762677 1.304094 -1.762677 1.304094
-1.734016 1.304094 -1.734016 1.304094
-1.705354 1.304094 -1.705354 1.304094
-1.676693 1.304094 -1.676693 1.304094
-1.648031 1.304094 -1.648031 1.304094
-1.619370 1.304094 -1.619370 1.304094
-1.590709 1.304094 -1.590709 1.304094
-1.562047 1.304094 -1.562047 1.304094
-1.533386 1.304094 -1.533386 1.304094
-1.504724 1.304094 -1.504724 1.304094
-1.476063 1.304094 -1.476063 1.304094
-1.447402 1.304094 -1.447402 1.304094
-1.418740 1.304094 -1.418740 1.304094
-1.390079 1.304094 -1.390079 1.304094
-1.361417 1.304094 -1.361417 1.304094
-1.332756 1.304094 -1.332756 1.304094
-1.304094 1.304094 -1.304094 1.304094
-1.275433 1.304094 -1.275433 1.304094
-1.246772 1.304094 -1.246772 1.304094
-1.218110 1.304094 -1.218110 1.304094
-1.189449 1.304094 -1.189449 1.304094
-1.160787 1.304094 -1.160787 1.304094
-1.132126 1.304094 -1.132126 1.304094
-1.103465 1.304094 -1.103465 1.304094
-1.074803 1.304094 -1.074803 1.304094
-1.046142 1.304094 -1.046142 1.304094
-1.017480 1.304094 -1.017480 1.304094
-0.988819 1.304094 -0.988819 1.304094
-0.960157 1.304094 -0.960157 1.304094
-0.931496 1.304094 -0.931496 1.304094
-0.902835 1.304094 -0.902835 1.304094
-0.874173 1.304094 -0.874173 1.304094
-0.845512 1.304094 -0.845512 1.304094
-0.816850 1.304094 -0.816850 1.304094
-0.788189 1.304094 -0.788189 1.304094
-0.759528 1.304094 -0.759528 1.304094
-0.730866 1.304094 -0.730866 1.304094
-0.702205 1.304094 -0.702205 1.304094
-0.673543 1.304094 -0.673543 1.304094
-0.644882 1.304094 -0.644882 1.304094
-0.616220 1.304094 -0.616220 1.304094
-0.587559 1.304094 -0.587559 1.304094
-0.558898 1.304094 -0.558898 1.304094
-0.530236 1.304094 -0.530236 1.304094
-0.501575 1.304094 -0.501575 1.304094
-0.472913 1.304094 0.711351 -2.080339
-0.444252 1.304094 -0.061229 0.209479
-0.415591 1.304094 -0.019351 0.171710
-0.386929 1.304094 -0.048338 0.336457
-0.358268 1.304094 -0.019981 0.337328
-0.329606 1.304094 0.008375 0.338199
-0.300945 1.304094 -0.025780 0.349020
-0.272283 1.304094 -0.106605 0.326453
-0.243622 1.304094 -0.129229 0.288835
-0.214961 1.304094 -0.148782 0.716748
-0.186299 1.304094 -0.119857 0.714410
-0.157638 1.304094 -0.090932 0.712072
-0.128976 1.304094 -0.062007 0.709734
-0.100315 1.304094 -0.033082 0.707395
-0.071654 1.304094 -0.004157 0.705057
-0.042992 1.304094 0.024767 0.702719
-0.014331 1.304094 0.011418 0.829536
0.014331 1.304094 -0.011419 0.829536
0.042992 1.304094 -0.024768 0.702716
0.071654 1.304094 0.004157 0.705054
0.100315 1.304094 0.033082 0.707392
0.128976 1.304094 0.062007 0.709730
0.157638 1.304094 0.090932 0.712069
0.186299 1.304094 0.119857 0.714407
0.214961 1.304094 0.148783 0.716748
0.243622 1.304094 0.129229 0.288817
0.272283 1.304094 0.106607 0.326452
0.300945 1.304094 0.025783 0.349020
0.329606 1.304094 -0.008373 0.338199
0.358268 1.304094 0.019983 0.337328
0.386929 1.304094 0.048334 0.336443
0.415591 1.304094 0.019352 0.171713
0.444252 1.304094 0.061230 0.209482
0.472913 1.304094 -0.711363 -2.080372
0.501575 1.304094 0.501575 1.304094
0.530236 1.304094 0.530236 1.304094
0.558898 1.304094 0.558898 1.304094
0.587559 1.304094 0.587559 1.304094
0.616220 1.304094 0.616220 1.304094
0.644882 1.304094 0.644882 1.304094
0.673543 1.304094 0.673543 1.304094
0.702205 1.304094 0.702205 1.304094
0.730866 1.304094 0.730866 1.304094
0.759528 1.304094 0.759528 1.304094
0.788189 1.304094 0.788189 1.304094
0.816850 1.304094 0.816850 1.304094
0.845512 1.304094 0.845512 1.304094
0.874173 1.304094 0.874173 1.304094
0.902835 1.304094 0.902835 1.304094
0.931496 1.304094 0.931496 1.304094
0.960157 1.304094 0.960157 1.304094
0.988819 1.304094 0.988819 1.304094
1.017480 1.304094 1.017480 1.304094
1.046142 1.304094 1.046142 1.304094
1.074803 1.304094 1.074803 1.304094
1.103465 1.304094 1.103465 1.304094
1.132126 1.304094 1.132126 1.304094
1.160787 1.304094 1.160787 1.304094
1.189449 1.304094 1.189449 1.304094
1.218110 1.304094 1.218110 1.304094
1.246772 1.304094 1.246772 1.304094
1.275433 1.304094 1.275433 1.304094
1.304094 1.304094 1.304094 1.304094
1.332756 1.304094 1.332756 1.304094
1.361417 1.304094 1.361417 1.304094
1.390079 1.304094 1.390079 1.304094
1.418740 1.304094 1.418740 1.304094
1.447402 1.304094 1.447402 1.304094
1.476063 1.304094 1.476063 1.304094
1.504724 1.304094 1.504724 1.304094
1.533386 1.304094 1.533386 1.304094
1.562047 1.304094 1.562047 1.304094
1.590709 1.304094 1.590709 1.304094
1.619370 1.304094 1.619370 1.304094
1.648031 1.304094 1.648031 1.304094
1.676693 1.304094 1.676693 1.304094
1.705354 1.304094 1.705354 1.304094
1.734016 1.304094 1.734016 1.304094
1.762677 1.304094 1.762677 1.304094
1.791339 1.304094 1.791339 1.304094
1.820000 1.304094 1.820000 1.304094
-1.820000 1.332756 -1.820000 1.332756
-1.791339 1.332756 -1.791339 1.332756
-1.762677 1.332756 -1.762677 1.332756
-1.734016 1.332756 -1.734016 1.332756
-1.705354 1.332756 -1.705354 1.332756
-1.676693 1.332756 -1.676693 1.332756
-1.648031 1.332756 -1.648031 1.332756
-1.619370 1.332756 -1.619370 1.332756
-1.590709 1.332756 -1.590709 1.332756
-1.562047 1.332756 -1.562047 1.332756
-1.533386 1.332756 -1.533386 1.332756
-1.504724 1.332756 -1.504724 1.332756
-1.476063 1.332756 -1.476063 1.332756
-1.447402 1.332756 -1.447402 1.332756
-1.418740 1.332756 -1.418740 1.332756
-1.390079 1.332756 -1.390079 1.332756
-1.361417 1.332756 -1.361417 1.332756
-1.332756 1.332756 -1.332756 1.332756
-1.304094 1.332756 -1.304094 1.332756
-1.275433 1.332756 -1.275433 1.332756
-1.246772 1.332756 -1.246772 1.332756
-1.218110 1.332756 -1.218110 1.332756
-1.189449 1.332756 -1.189449 1.332756
-1.160787 1.332756 -1.160787 1.332756
-1.132126 1.332756 -1.132126 1.332756
-1.103465 1.332756 -1.103465 1.332756
-1.074803 1.332756 -1.074803 1.332756
-1.046142 1.332756 -1.046142 1.332756
-1.017480 1.332756 -1.017480 1.332756
-0.988819 1.332756 -0.988819 1.332756
-0.960157 1.332756 -0.960157 1.332756
-0.931496 1.332756 -0.931496 1.332756
-0.902835 1.332756 -0.902835 1.332756
-0.874173 1.332756 -0.874173 1.332756
-0.845512 1.332756 -0.845512 1.332756
-0.816850 1.332756 -0.816850 1.332756
-0.788189 1.332756 -0.788189 1.332756
-0.759528 1.332756 -0.759528 1.332756
-0.730866 1.332756 -0.730866 1.332756
-0.702205 1.332756 -0.702205 1.332756
-0.673543 1.332756 -0.673543 1.332756
-0.644882 1.332756 -0.644882 1.332756
-0.616220 1.332756 -0.616220 1.332756
-0.587559 1.332756 -0.587559 1.332756
-0.558898 1.332756 -0.558898 1.332756
-0.530236 1.332756 -0.530236 1.332756
-0.501575 1.332756 -0.501575 1.332756
-0.472913 1.332756 -0.472913 1.332756
-0.444252 1.332756 -0.444252 1.332756
-0.415591 1.332756 -0.415591 1.332756
-0.386929 1.332756 0.780392 -2.003246
-0.358268 1.332756 0.026634 0.232774
-0.329606 1.332756 0.009246 0.364371
-0.300945 1.332756 -0.132121 0.352085
-0.272283 1.332756 -0.157542 0.314410
-0.243622 1.332756 -0.128915 0.314721
-0.214961 1.332756 -0.100289 0.315017
-0.186299 1.332756 -0.071662 0.315328
-0.157638 1.332756 -0.043039 0.315656
-0.128976 1.332756 -0.014413 0.315967
-0.100315 1.332756 0.014214 0.316277
-0.071654 1.332756 0.042840 0.316588
-0.042992 1.332756 0.071467 0.316899
-0.014331 1.332756 0.041730 0.341726
0.014331 1.332756 -0.041733 0.341726
0.042992 1.332756 -0.071469 0.316898
0.071654 1.332756 -0.042843 0.316587
0.100315 1.332756 -0.014217 0.316260
0.128976 1.332756 0.014412 0.315962
0.157638 1.332756 0.043038 0.315652
0.186299 1.332756 0.071665 0.315341
0.214961 1.332756 0.100291 0.315030
0.243622 1.332756 0.128918 0.314719
0.272283 1.332756 0.157544 0.314408
0.300945 1.332756 0.132122 0.352084
0.329606 1.332756 -0.009251 0.364357
0.358268 1.332756 -0.026633 0.232774
0.386929 1.332756 -0.780392 -2.003254
0.415591 1.332756 0.415591 1.332756
0.444252 1.332756 0.444252 1.332756
0.472913 1.332756 0.472913 1.332756
0.501575 1.332756 0.501575 1.332756
0.530236 1.332756 0.530236 1.332756
0.558898 1.332756 0.558898 1.332756
0.587559 1.332756 0.587559 1.332756
0.616220 1.332756 0.616220 1.332756
0.644882 1.332756 0.644882 1.332756
0.673543 1.332756 0.673543 1.332756
0.702205 1.332756 0.702205 1.332756
0.730866 1.332756 0.730866 1.332756
0.759528 1.332756 0.759528 1.332756
0.788189 1.332756 0.788189 1.332756
0.816850 1.332756 0.816850 1.332756
0.845512 1.332756 0.845512 1.332756
0.874173 1.332756 0.874173 1.332756
0.902835 1.332756 0.902835 1.332756
0.931496 1.332756 0.931496 1.332756
0.960157 1.332756 0.960157 1.332756
0.988819 1.332756 0.988819 1.332756
1.017480 1.332756 1.017480 1.332756
1.046142 1.332756 1.046142 1.332756
1.074803 1.332756 1.074803 1.332756
1.103465 1.332756 1.103465 1.332756
1.132126 1.332756 1.132126 1.332756
1.160787 1.332756 1.160787 1.332756
1.189449 1.332756 1.189449 1.332756
1.218110 1.332756 1.218110 1.332756
1.246772 1.332756 1.246772 1.332756
1.275433 1.332756 1.275433 1.332756
1.304094 1.332756 1.304094 1.332756
1.332756 1.332756 1.332756 1.332756
1.361417 1.332756 1.361417 1.332756
1.390079 1.332756 1.390079 1.332756
1.418740 1.332756 1.418740 1.332756
1.447402 1.332756 1.447402 1.332756
1.476063 1.332756 1.476063 1.332756
1.504724 1.332756 1.504724 1.332756
1.533386 1.332756 1.533386 1.332756
1.562047 1.332756 1.562047 1.332756
1.590709 1.332756 1.590709 1.332756
1.619370 1.332756 1.619370 1.332756
1.648031 1.332756 1.648031 1.332756
1.676693 1.332756 1.676693 1.332756
1.705354 1.332756 1.705354 1.332756
1.734016 1.332756 1.734016 1.332756
1.762677 1.332756 1.762677 1.332756
1.791339 1.332756 1.791339 1.332756
1.820000 1.332756 1.820000 1.332756
-1.820000 1.361417 -1.820000 1.361417
-1.791339 1.361417 -1.791339 1.361417
-1.762677 1.361417 -1.762677 1.361417
-1.734016 1.361417 -1.734016 1.361417
-1.705354 1.361417 -1.705354 1.361417
-1.676693 1.361417 -1.676693 1.361417
-1.648031 1.361417 -1.648031 1.361417
-1.619370 1.361417 -1.619370 1.361417
-1.590709 1.361417 -1.590709 1.361417
-1.562047 1.361417 -1.562047 1.361417
-1.533386 1.361417 -1.533386 1.361417
-1.504724 1.361417 -1.504724 1.361417
-1.476063 1.361417 -1.476063 1.361417
-1.447402 1.361417 -1.447402 1.361417
-1.418740 1.361417 -1.418740 1.361417
-1.390079 1.361417 -1.390079 1.361417
-1.361417 1.361417 -1.361417 1.361417
-1.332756 1.361417 -1.332756 1.361417
-1.304094 1.361417 -1.304094 1.361417
-1.275433 1.361417 -1.275433 1.361417
-1.246772 1.361417 -1.246772 1.361417
-1.218110 1.361417 -1.218110 1.361417
-1.189449 1.361417 -1.189449 1.361417
-1.160787 1.361417 -1.160787 1.361417
-1.132126 1.361417 -1.132126 1.361417
-1.103465 1.361417 -1.103465 1.361417
-1.074803 1.361417 -1.074803 1.361417
-1.046142 1.361417 -1.046142 1.361417
-1.017480 1.361417 -1.017480 1.361417
-0.988819 1.361417 -0.988819 1.361417
-0.960157 1.361417 -0.960157 1.361417
-0.931496 1.361417 -0.931496 1.361417
-0.902835 1.361417 -0.902835 1.361417
-0.874173 1.361417 -0.874173 1.361417
-0.845512 1.361417 -0.845512 1.361417
-0.816850 1.361417 -0.816850 1.361417
-0.788189 1.361417 -0.788189 1.361417
-0.759528 1.361417 -0.759528 1.361417
-0.730866 1.361417 -0.730866 1.361417
-0.702205 1.361417 -0.702205 1.361417
-0.673543 1.361417 -0.673543 1.361417
-0.644882 1.361417 -0.644882 1.361417
-0.616220 1.361417 -0.616220 1.361417
-0.587559 1.361417 -0.587559 1.361417
-0.558898 1.361417 -0.558898 1.361417
-0.530236 1.361417 -0.530236 1.361417
-0.501575 1.361417 -0.501575 1.361417
-0.472913 1.361417 -0.472913 1.361417
-0.444252 1.361417 -0.444252 1.361417
-0.415591 1.361417 -0.415591 1.361417
-0.386929 1.361417 -0.386929 1.361417
-0.358268 1.361417 -0.358268 1.361417
-0.329606 1.361417 -0.329606 1.361417
-0.300945 1.361417 0.528541 -2.224913
-0.272283 1.361417 -0.145138 0.232972
-0.243622 1.361417 -0.114958 0.219493
-0.214961 1.361417 -0.084778 0.206013
-0.186299 1.361417 -0.054598 0.192533
-0.157638 1.361417 -0.024418 0.179053
-0.128976 1.361417 0.005763 0.165574
-0.100315 1.361417 0.014528 0.342163
-0.071654 1.361417 0.043151 0.342491
-0.042992 1.361417 0.071778 0.342801
-0.014331 1.361417 0.039564 0.369066
0.014331 1.361417 -0.039566 0.369066
0.042992 1.361417 -0.071777 0.342814
0.071654 1.361417 -0.043151 0.342504
0.100315 1.361417 -0.014524 0.342193
0.128976 1.361417 -0.005762 0.165579
0.157638 1.361417 0.024418 0.179058
0.186299 1.361417 0.054598 0.192538
0.214961 1.361417 0.084777 0.206013
0.243622 1.361417 0.114958 0.219493
0.272283 1.361417 0.145138 0.232972
0.300945 1.361417 -0.528537 -2.224912
0.329606 1.361417 0.329606 1.361417
0.358268 1.361417 0.358268 1.361417
0.386929 1.361417 0.386929 1.361417
0.415591 1.361417 0.415591 1.361417
0.444252 1.361417 0.444252 1.361417
0.472913 1.361417 0.472913 1.361417
0.501575 1.361417 0.501575 1.361417
0.530236 1.361417 0.530236 1.361417
0.558898 1.361417 0.558898 1.361417
0.587559 1.361417 0.587559 1.361417
0.616220 1.361417 0.616220 1.361417
0.644882 1.361417 0.644882 1.361417
0.673543 1.361417 0.673543 1.361417
0.702205 1.361417 0.702205 1.361417
0.730866 1.361417 0.730866 1.361417
0.759528 1.361417 0.759528 1.361417
0.788189 1.361417 0.788189 1.361417
0.816850 1.361417 0.816850 1.361417
0.845512 1.361417 0.845512 1.361417
0.874173 1.361417 0.874173 1.361417
0.902835 1.361417 0.902835 1.361417
0.931496 1.361417 0.931496 1.361417
0.960157 1.361417 0.960157 1.361417
0.988819 1.361417 0.988819 1.361417
1.017480 1.361417 1.017480 1.361417
1.046142 1.361417 1.046142 1.361417
1.074803 1.361417 1.074803 1.361417
1.103465 1.361417 1.103465 1.361417
1.132126 1.361417 1.132126 1.361417
1.160787 1.361417 1.160787 1.361417
1.189449 1.361417 1.189449 1.361417
1.218110 1.361417 1.218110 1.361417
1.246772 1.361417 1.246772 1.361417
1.275433 1.361417 1.275433 1.361417
1.304094 1.361417 1.304094 1.361417
1.332756 1.361417 1.332756 1.361417
1.361417 1.361417 1.361417 1.361417
1.390079 1.361417 1.390079 1.361417
1.418740 1.361417 1.418740 1.361417
1.447402 1.361417 1.447402 1.361417
1.476063 1.361417 1.476063 1.361417
1.504724 1.361417 1.504724 1.361417
1.533386 1.361417 1.533386 1.361417
1.562047 1.361417 1.562047 1.361417
1.590709 1.361417 1.590709 1.361417
1.619370 1.361417 1.619370 1.361417
1.648031 1.361417 1.648031 1.361417
1.676693 1.361417 1.676693 1.361417
1.705354 1.361417 1.705354 1.361417
1.734016 1.361417 1.734016 1.361417
1.762677 1.361417 1.762677 1.361417
1.791339 1.361417 1.791339 1.361417
1.820000 1.361417 1.820000 1.361417
-1.820000 1.390079 -1.820000 1.390079
-1.791339 1.390079 -1.791339 1.390079
-1.762677 1.390079 -1.762677 1.390079
-1.734016 1.390079 -1.734016 1.390079
-1.705354 1.390079 -1.705354 1.390079
-1.676693 1.390079 -1.676693 1.390079
-1.648031 1.390079 -1.648031 1.390079
-1.619370 1.390079 -1.619370 1.390079
-1.590709 1.390079 -1.590709 1.390079
-1.562047 1.390079 -1.562047 1.390079
-1.533386 1.390079 -1.533386 1.390079
-1.504724 1.390079 -1.504724 1.390079
-1.476063 1.390079 -1.476063 1.390079
-1.447402 1.390079 -1.447402 1.390079
-1.418740 1.390079 -1.418740 1.390079
-1.390079 1.390079 -1.390079 1.390079
-1.361417 1.390079 -1.361417 1.390079
-1.332756 1.390079 -1.332756 1.390079
-1.304094 1.390079 -1.304094 1.390079
-1.275433 1.390079 -1.275433 1.390079
-1.246772 1.390079 -1.246772 1.390079
-1.218110 1.390079 -1.218110 1.390079
-1.189449 1.390079 -1.189449 1.390079
-1.160787 1.390079 -1.160787 1.390079
-1.132126 1.390079 -1.132126 1.390079
-1.103465 1.390079 -1.103465 1.390079
-1.074803 1.390079 -1.074803 1.390079
-1.046142 1.390079 -1.046142 1.390079
-1.017480 1.390079 -1.017480 1.390079
-0.988819 1.390079 -0.988819 1.390079
-0.960157 1.390079 -0.960157 1.390079
-0.931496 1.390079 -0.931496 1.390079
-0.902835 1.390079 -0.902835 1.390079
-0.874173 1.390079 -0.874173 1.390079
-0.845512 1.390079 -0.845512 1.390079
-0.816850 1.390079 -0.816850 1.390079
-0.788189 1.390079 -0.788189 1.390079
-0.759528 1.390079 -0.759528 1.390079
-0.730866 1.390079 -0.730866 1.390079
-0.702205 1.390079 -0.702205 1.390079
-0.673543 1.390079 -0.673543 1.390079
-0.644882 1.390079 -0.644882 1.390079
-0.616220 1.390079 -0.616220 1.390079
-0.587559 1.390079 -0.587559 1.390079
-0.558898 1.390079 -0.558898 1.390079
-0.530236 1.390079 -0.530236 1.390079
-0.501575 1.390079 -0.501575 1.390079
-0.472913 1.390079 -0.472913 1.390079
-0.444252 1.390079 -0.444252 1.390079
-0.415591 1.390079 -0.415591 1.390079
-0.386929 1.390079 -0.386929 1.390079
-0.358268 1.390079 -0.358268 1.390079
-0.329606 1.390079 -0.329606 1.390079
-0.300945 1.390079 -0.300945 1.390079
-0.272283 1.390079 -0.272283 1.390079
-0.243622 1.390079 -0.243622 1.390079
-0.214961 1.390079 -0.214961 1.390079
-0.186299 1.390079 -0.186299 1.390079
-0.157638 1.390079 -0.157638 1.390079
-0.128976 1.390079 -0.128976 1.390079
-0.100315 1.390079 -0.100315 1.390079
-0.071654 1.390079 0.128234 -2.196881
-0.042992 1.390079 0.151288 -2.095014
-0.014331 1.390079 0.113004 0.259957
0.014331 1.390079 -0.113003 0.259956
0.042992 1.390079 -0.151296 -2.095010
0.071654 1.390079 -0.128243 -2.196865
0.100315 1.390079 0.100315 1.390079
0.128976 1.390079 0.128976 1.390079
0.157638 1.390079 0.157638 1.390079
0.186299 1.390079 0.186299 1.390079
0.214961 1.390079 0.214961 1.390079
0.243622 1.390079 0.243622 1.390079
0.272283 1.390079 0.272283 1.390079
0.300945 1.390079 0.300945 1.390079
0.329606 1.390079 0.329606 1.390079
0.358268 1.390079 0.358268 1.390079
0.386929 1.390079 0.386929 1.390079
0.415591 1.390079 0.415591 1.390079
0.444252 1.390079 0.444252 1.390079
0.472913 1.390079 0.472913 1.390079
0.501575 1.390079 0.501575 1.390079
0.530236 1.390079 0.530236 1.390079
0.558898 1.390079 0.558898 1.390079
0.587559 1.390079 0.587559 1.390079
0.616220 1.390079 0.616220 1.390079
0.644882 1.390079 0.644882 1.390079
0.673543 1.390079 0.673543 1.390079
0.702205 1.390079 0.702205 1.390079
0.730866 1.390079 0.730866 1.390079
0.759528 1.390079 0.759528 1.390079
0.788189 1.390079 0.788189 1.390079
0.816850 1.390079 0.816850 1.390079
0.845512 1.390079 0.845512 1.390079
0.874173 1.390079 0.874173 1.390079
0.902835 1.390079 0.902835 1.390079
0.931496 1.390079 0.931496 1.390079
0.960157 1.390079 0.960157 1.390079
0.988819 1.390079 0.988819 1.390079
1.017480 1.390079 1.017480 1.390079
1.046142 1.390079 1.046142 1.390079
1.074803 1.390079 1.074803 1.390079
1.103465 1.390079 1.103465 1.390079
1.132126 1.390079 1.132126 1.390079
1.160787 1.390079 1.160787 1.390079
1.189449 1.390079 1.189449 1.390079
1.218110 1.390079 1.218110 1.390079
1.246772 1.390079 1.246772 1.390079
1.275433 1.390079 1.275433 1.390079
1.304094 1.390079 1.304094 1.390079
1.332756 1.390079 1.332756 1.390079
1.361417 1.390079 1.361417 1.390079
1.390079 1.390079 1.390079 1.390079
1.418740 1.390079 1.418740 1.390079
1.447402 1.390079 1.447402 1.390079
1.476063 1.390079 1.476063 1.390079
1.504724 1.390079 1.504724 1.390079
1.533386 1.390079 1.533386 1.390079
1.562047 1.390079 1.562047 1.390079
1.590709 1.390079 1.590709 1.390079
1.619370 1.390079 1.619370 1.390079
1.648031 1.390079 1.648031 1.390079
1.676693 1.390079 1.676693 1.390079
1.705354 1.390079 1.705354 1.390079
1.734016 1.390079 1.734016 1.390079
1.762677 1.390079 1.762677 1.390079
1.791339 1.390079 1.791339 1.390079
1.820000 1.390079 1.820000 1.390079
-1.820000 1.418740 -1.820000 1.418740
-1.791339 1.418740 -1.791339 1.418740
-1.762677 1.418740 -1.762677 1.418740
-1.734016 1.418740 -1.734016 1.418740
-1.705354 1.418740 -1.705354 1.418740
-1.676693 1.418740 -1.676693 1.418740
-1.648031 1.418740 -1.648031 1.418740
-1.619370 1.418740 -1.619370 1.418740
-1.590709 1.418740 -1.590709 1.418740
-1.562047 1.418740 -1.562047 1.418740
-1.533386 1.418740 -1.533386 1.418740
-1.504724 1.418740 -1.504724 1.418740
-1.476063 1.418740 -1.476063 1.418740
-1.447402 1.418740 -1.447402 1.418740
-1.418740 1.418740 -1.418740 1.418740
-1.390079 1.418740 -1.390079 1.418740
-1.361417 1.418740 -1.361417 1.418740
-1.332756 1.418740 -1.332756 1.418740
-1.304094 1.418740 -1.304094 1.418740
-1.275433 1.418740 -1.275433 1.418740
-1.246772 1.418740 -1.246772 1.418740
-1.218110 1.418740 -1.218110 1.418740
-1.189449 1.418740 -1.189449 1.418740
-1.160787 1.418740 -1.160787 1.418740
-1.132126 1.418740 -1.132126 1.418740
-1.103465 1.418740 -1.103465 1.418740
-1.074803 1.418740 -1.074803 1.418740
-1.046142 1.418740 -1.046142 1.418740
-1.017480 1.418740 -1.017480 1.418740
-0.988819 1.418740 -0.988819 1.418740
-0.960157 1.418740 -0.960157 1.418740
-0.931496 1.418740 -0.931496 1.418740
-0.902835 1.418740 -0.902835 1.418740
-0.874173 1.418740 -0.874173 1.418740
-0.845512 1.418740 -0.845512 1.418740
-0.816850 1.418740 -0.816850 1.418740
-0.788189 1.418740 -0.788189 1.418740
-0.759528 1.418740 -0.759528 1.418740
-0.730866 1.418740 -0.730866 1.418740
-0.702205 1.418740 -0.702205 1.418740
-0.673543 1.418740 -0.673543 1.418740
-0.644882 1.418740 -0.644882 1.418740
-0.616220 1.418740 -0.616220 1.418740
-0.587559 1.418740 -0.587559 1.418740
-0.558898 1.418740 -0.558898 1.418740
-0.530236 1.418740 -0.530236 1.418740
-0.501575 1.418740 -0.501575 1.418740
-0.472913 1.418740 -0.472913 1.418740
-0.444252 1.418740 -0.444252 1.418740
-0.415591 1.418740 -0.415591 1.418740
-0.386929 1.418740 -0.386929 1.418740
-0.358268 1.418740 -0.358268 1.418740
-0.329606 1.418740 -0.329606 1.418740
-0.300945 1.418740 -0.300945 1.418740
-0.272283 1.418740 -0.272283 1.418740
-0.243622 1.418740 -0.243622 1.418740
-0.214961 1.418740 -0.214961 1.418740
-0.186299 1.418740 -0.186299 1.418740
-0.157638 1.418740 -0.157638 1.418740
-0.128976 1.418740 -0.128976 1.418740
-0.100315 1.418740 -0.100315 1.418740
-0.071654 1.418740 -0.071654 1.418740
-0.042992 1.418740 -0.042992 1.418740
-0.014331 1.418740 -0.014331 1.418740
0.014331 1.418740 0.014331 1.418740
0.042992 1.418740 0.042992 1.418740
0.071654 1.418740 0.071654 1.418740
0.100315 1.418740 0.100315 1.418740
0.128976 1.418740 0.128976 1.418740
0.157638 1.418740 0.157638 1.418740
0.186299 1.418740 0.186299 1.418740
0.214961 1.418740 0.214961 1.418740
0.243622 1.418740 0.243622 1.418740
0.272283 1.418740 0.272283 1.418740
0.300945 1.418740 0.300945 1.418740
0.329606 1.418740 0.329606 1.418740
0.358268 1.418740 0.358268 1.418740
0.386929 1.418740 0.386929 1.418740
0.415591 1.418740 0.415591 1.418740
0.444252 1.418740 0.444252 1.418740
0.472913 1.418740 0.472913 1.418740
0.501575 1.418740 0.501575 1.418740
0.530236 1.418740 0.530236 1.418740
0.558898 1.418740 0.558898 1.418740
0.587559 1.418740 0.587559 1.418740
0.616220 1.418740 0.616220 1.418740
0.644882 1.418740 0.644882 1.418740
0.673543 1.418740 0.673543 1.418740
0.702205 1.418740 0.702205 1.418740
0.730866 1.418740 0.730866 1.418740
0.759528 1.418740 0.759528 1.418740
0.788189 1.418740 0.788189 1.418740
0.816850 1.418740 0.816850 1.418740
0.845512 1.418740 0.845512 1.418740
0.874173 1.418740 0.874173 1.418740
0.902835 1.418740 0.902835 1.418740
0.931496 1.418740 0.931496 1.418740
0.960157 1.418740 0.960157 1.418740
0.988819 1.418740 0.988819 1.418740
1.017480 1.418740 1.017480 1.418740
1.046142 1.418740 1.046142 1.418740
1.074803 1.418740 1.074803 1.418740
1.103465 1.418740 1.103465 1.418740
1.132126 1.418740 1.132126 1.418740
1.160787 1.418740 1.160787 1.418740
1.189449 1.418740 1.189449 1.418740
1.218110 1.418740 1.218110 1.418740
1.246772 1.418740 1.246772 1.418740
1.275433 1.418740 1.275433 1.418740
1.304094 1.418740 1.304094 1.418740
1.332756 1.418740 1.332756 1.418740
1.361417 1.418740 1.361417 1.418740
1.390079 1.418740 1.390079 1.418740
1.418740 1.418740 1.418740 1.418740
1.447402 1.418740 1.447402 1.418740
1.476063 1.418740 1.476063 1.418740
1.504724 1.418740 1.504724 1.418740
1.533386 1.418740 1.533386 1.418740
1.562047 1.418740 1.562047 1.418740
1.590709 1.418740 1.590709 1.418740
1.619370 1.418740 1.619370 1.418740
1.648031 1.418740 1.648031 1.418740
1.676693 1.418740 1.676693 1.418740
1.705354 1.418740 1.705354 1.418740
1.734016 1.418740 1.734016 1.418740
1.762677 1.418740 1.762677 1.418740
1.791339 1.418740 1.791339 1.418740
1.820000 1.418740 1.820000 1.418740
-1.820000 1.447402 -1.820000 1.447402
-1.791339 1.447402 -1.791339 1.447402
-1.762677 1.447402 -1.762677 1.447402
-1.734016 1.447402 -1.734016 1.447402
-1.705354 1.447402 -1.705354 1.447402
-1.676693 1.447402 -1.676693 1.447402
-1.648031 1.447402 -1.648031 1.447402
-1.619370 1.447402 -1.619370 1.447402
-1.590709 1.447402 -1.590709 1.447402
-1.562047 1.447402 -1.562047 1.447402
-1.533386 1.447402 -1.533386 1.447402
-1.504724 1.447402 -1.504724 1.447402
-1.476063 1.447402 -1.476063 1.447402
-1.447402 1.447402 -1.447402 1.447402
-1.418740 1.447402 -1.418740 1.447402
-1.390079 1.447402 -1.390079 1.447402
-1.361417 1.447402 -1.361417 1.447402
-1.332756 1.447402 -1.332756 1.447402
-1.304094 1.447402 -1.304094 1.447402
-1.275433 1.447402 -1.275433 1.447402
-1.246772 1.447402 -1.246772 1.447402
-1.218110 1.447402 -1.218110 1.447402
-1.189449 1.447402 -1.189449 1.447402
-1.160787 1.447402 -1.160787 1.447402
-1.132126 1.447402 -1.132126 1.447402
-1.103465 1.447402 -1.103465 1.447402
-1.074803 1.447402 -1.074803 1.447402
-1.046142 1.447402 -1.046142 1.447402
-1.017480 1.447402 -1.017480 1.447402
-0.988819 1.447402 -0.988819 1.447402
-0.960157 1.447402 -0.960157 1.447402
-0.931496 1.447402 -0.931496 1.447402
-0.902835 1.447402 -0.902835 1.447402
-0.874173 1.447402 -0.874173 1.447402
-0.845512 1.447402 -0.845512 1.447402
-0.816850 1.447402 -0.816850 1.447402
-0.788189 1.447402 -0.788189 1.447402
-0.759528 1.447402 -0.759528 1.447402
-0.730866 1.447402 -0.730866 1.447402
-0.702205 1.447402 -0.702205 1.447402
-0.673543 1.447402 -0.673543 1.447402
-0.644882 1.447402 -0.644882 1.447402
-0.616220 1.447402 -0.616220 1.447402
-0.587559 1.447402 -0.587559 1.447402
-0.558898 1.447402 -0.558898 1.447402
-0.530236 1.447402 -0.530236 1.447402
-0.501575 1.447402 -0.501575 1.447402
-0.472913 1.447402 -0.472913 1.447402
-0.444252 1.447402 -0.444252 1.447402
-0.415591 1.447402 -0.415591 1.447402
-0.386929 1.447402 -0.386929 1.447402
-0.358268 1.447402 -0.358268 1.447402
-0.329606 1.447402 -0.329606 1.447402
-0.300945 1.447402 -0.300945 1.447402
-0.272283 1.447402 -0.272283 1.447402
-0.243622 1.447402 -0.243622 1.447402
-0.214961 1.447402 -0.214961 1.447402
-0.186299 1.447402 -0.186299 1.447402
-0.157638 1.447402 -0.157638 1.447402
-0.128976 1.447402 -0.128976 1.447402
-0.100315 1.447402 -0.100315 1.447402
-0.071654 1.447402 -0.071654 1.447402
-0.042992 1.447402 -0.042992 1.447402
-0.014331 1.447402 -0.014331 1.447402
0.014331 1.447402 0.014331 1.447402
0.042992 1.447402 0.042992 1.447402
0.071654 1.447402 0.071654 1.447402
0.100315 1.447402 0.100315 1.447402
0.128976 1.447402 0.128976 1.447402
0.157638 1.447402 0.157638 1.447402
0.186299 1.447402 0.186299 1.447402
0.214961 1.447402 0.214961 1.447402
0.243622 1.447402 0.243622 1.447402
0.272283 1.447402 0.272283 1.447402
0.300945 1.447402 0.300945 1.447402
0.329606 1.447402 0.329606 1.447402
0.358268 1.447402 0.358268 1.447402
0.386929 1.447402 0.386929 1.447402
0.415591 1.447402 0.415591 1.447402
0.444252 1.447402 0.444252 1.447402
0.472913 1.447402 0.472913 1.447402
0.501575 1.447402 0.501575 1.447402
0.530236 1.447402 0.530236 1.447402
0.558898 1.447402 0.558898 1.447402
0.587559 1.447402 0.587559 1.447402
0.616220 1.447402 0.616220 1.447402
0.644882 1.447402 0.644882 1.447402
0.673543 1.447402 0.673543 1.447402
0.702205 1.447402 0.702205 1.447402
0.730866 1.447402 0.730866 1.447402
0.759528 1.447402 0.759528 1.447402
0.788189 1.447402 0.788189 1.447402
0.816850 1.447402 0.816850 1.447402
0.845512 1.447402 0.845512 1.447402
0.874173 1.447402 0.874173 1.447402
0.902835 1.447402 0.902835 1.447402
0.931496 1.447402 0.931496 1.447402
0.960157 1.447402 0.960157 1.447402
0.988819 1.447402 0.988819 1.447402
1.017480 1.447402 1.017480 1.447402
1.046142 1.447402 1.046142 1.447402
1.074803 1.447402 1.074803 1.447402
1.103465 1.447402 1.103465 1.447402
1.132126 1.447402 1.132126 1.447402
1.160787 1.447402 1.160787 1.447402
1.189449 1.447402 1.189449 1.447402
1.218110 1.447402 1.218110 1.447402
1.246772 1.447402 1.246772 1.447402
1.275433 1.447402 1.275433 1.447402
1.304094 1.447402 1.304094 1.447402
1.332756 1.447402 1.332756 1.447402
1.361417 1.447402 1.361417 1.447402
1.390079 1.447402 1.390079 1.447402
1.418740 1.447402 1.418740 1.447402
1.447402 1.447402 1.447402 1.447402
1.476063 1.447402 1.476063 1.447402
1.504724 1.447402 1.504724 1.447402
1.533386 1.447402 1.533386 1.447402
1.562047 1.447402 1.562047 1.447402
1.590709 1.447402 1.590709 1.447402
1.619370 1.447402 1.619370 1.447402
1.648031 1.447402 1.648031 1.447402
1.676693 1.447402 1.676693 1.447402
1.705354 1.447402 1.705354 1.447402
1.734016 1.447402 1.734016 1.447402
1.762677 1.447402 1.762677 1.447402
1.791339 1.447402 1.791339 1.447402
1.820000 1.447402 1.820000 1.447402
-1.820000 1.476063 -1.820000 1.476063
-1.791339 1.476063 -1.791339 1.476063
-1.762677 1.476063 -1.762677 1.476063
-1.734016 1.476063 -1.734016 1.476063
-1.705354 1.476063 -1.705354 1.476063
-1.676693 1.476063 -1.676693 1.476063
-1.648031 1.476063 -1.648031 1.476063
-1.619370 1.476063 -1.619370 1.476063
-1.590709 1.476063 -1.590709 1.476063
-1.562047 1.476063 -1.562047 1.476063
-1.533386 1.476063 -1.533386 1.476063
-1.504724 1.476063 -1.504724 1.476063
-1.476063 1.476063 -1.476063 1.476063
-1.447402 1.476063 -1.447402 1.476063
-1.418740 1.476063 -1.418740 1.476063
-1.390079 1.476063 -1.390079 1.476063
-1.361417 1.476063 -1.361417 1.476063
-1.332756 1.476063 -1.332756 1.476063
-1.304094 1.476063 -1.304094 1.476063
-1.275433 1.476063 -1.275433 1.476063
-1.246772 1.476063 -1.246772 1.476063
-1.218110 1.476063 -1.218110 1.476063
-1.189449 1.476063 -1.189449 1.476063
-1.160787 1.476063 -1.160787 1.476063
-1.132126 1.476063 -1.132126 1.476063
-1.103465 1.476063 -1.103465 1.476063
-1.074803 1.476063 -1.074803 1.476063
-1.046142 1.476063 -1.046142 1.476063
-1.017480 1.476063 -1.017480 1.476063
-0.988819 1.476063 -0.988819 1.476063
-0.960157 1.476063 -0.960157 1.476063
-0.931496 1.476063 -0.931496 1.476063
-0.902835 1.476063 -0.902835 1.476063
-0.874173 1.476063 -0.874173 1.476063
-0.845512 1.476063 -0.845512 1.476063
-0.816850 1.476063 -0.816850 1.476063
-0.788189 1.476063 -0.788189 1.476063
-0.759528 1.476063 -0.759528 1.476063
-0.730866 1.476063 -0.730866 1.476063
-0.702205 1.476063 -0.702205 1.476063
-0.673543 1.476063 -0.673543 1.476063
-0.644882 1.476063 -0.644882 1.476063
-0.616220 1.476063 -0.616220 1.476063
-0.587559 1.476063 -0.587559 1.476063
-0.558898 1.476063 -0.558898 1.476063
-0.530236 1.476063 -0.530236 1.476063
-0.501575 1.476063 -0.501575 1.476063
-0.472913 1.476063 -0.472913 1.476063
-0.444252 1.476063 -0.444252 1.476063
-0.415591 1.476063 -0.415591 1.476063
-0.386929 1.476063 -0.386929 1.476063
-0.358268 1.476063 -0.358268 1.476063
-0.329606 1.476063 -0.329606 1.476063
-0.300945 1.476063 -0.300945 1.476063
-0.272283 1.476063 -0.272283 1.476063
-0.243622 1.476063 -0.243622 1.476063
-0.214961 1.476063 -0.214961 1.476063
-0.186299 1.476063 -0.186299 1.476063
-0.157638 1.476063 -0.157638 1.476063
-0.128976 1.476063 -0.128976 1.476063
-0.100315 1.476063 -0.100315 1.476063
-0.071654 1.476063 -0.071654 1.476063
-0.042992 1.476063 -0.042992 1.476063
-0.014331 1.476063 -0.014331 1.476063
0.014331 1.476063 0.014331 1.476063
0.042992 1.476063 0.042992 1.476063
0.071654 1.476063 0.071654 1.476063
0.100315 1.476063 0.100315 1.476063
0.128976 1.476063 0.128976 1.476063
0.157638 1.476063 0.157638 1.476063
0.186299 1.476063 0.186299 1.476063
0.214961 1.476063 0.214961 1.476063
0.243622 1.476063 0.243622 1.476063
0.272283 1.476063 0.272283 1.476063
0.300945 1.476063 0.300945 1.476063
0.329606 1.476063 0.329606 1.476063
0.358268 1.476063 0.358268 1.476063
0.386929 1.476063 0.386929 1.476063
0.415591 1.476063 0.415591 1.476063
0.444252 1.476063 0.444252 1.476063
0.472913 1.476063 0.472913 1.476063
0.501575 1.476063 0.501575 1.476063
0.530236 1.476063 0.530236 1.476063
0.558898 1.476063 0.558898 1.476063
0.587559 1.476063 0.587559 1.476063
0.616220 1.476063 0.616220 1.476063
0.644882 1.476063 0.644882 1.476063
0.673543 1.476063 0.673543 1.476063
0.702205 1.476063 0.702205 1.476063
0.730866 1.476063 0.730866 1.476063
0.759528 1.476063 0.759528 1.476063
0.788189 1.476063 0.788189 1.476063
0.816850 1.476063 0.816850 1.476063
0.845512 1.476063 0.845512 1.476063
0.874173 1.476063 0.874173 1.476063
0.902835 1.476063 0.902835 1.476063
0.931496 1.476063 0.931496 1.476063
0.960157 1.476063 0.960157 1.476063
0.988819 1.476063 0.988819 1.476063
1.017480 1.476063 1.017480 1.476063
1.046142 1.476063 1.046142 1.476063
1.074803 1.476063 1.074803 1.476063
1.103465 1.476063 1.103465 1.476063
1.132126 1.476063 1.132126 1.476063
1.160787 1.476063 1.160787 1.476063
1.189449 1.476063 1.189449 1.476063
1.218110 1.476063 1.218110 1.476063
1.246772 1.476063 1.246772 1.476063
1.275433 1.476063 1.275433 1.476063
1.304094 1.476063 1.304094 1.476063
1.332756 1.476063 1.332756 1.476063
1.361417 1.476063 1.361417 1.476063
1.390079 1.476063 1.390079 1.476063
1.418740 1.476063 1.418740 1.476063
1.447402 1.476063 1.447402 1.476063
1.476063 1.476063 1.476063 1.476063
1.504724 1.476063 1.504724 1.476063
1.533386 1.476063 1.533386 1.476063
1.562047 1.476063 1.562047 1.476063
1.590709 1.476063 1.590709 1.476063
1.619370 1.476063 1.619370 1.476063
1.648031 1.476063 1.648031 1.476063
1.676693 1.476063 1.676693 1.476063
1.705354 1.476063 1.705354 1.476063
1.734016 1.476063 1.734016 1.476063
1.762677 1.476063 1.762677 1.476063
1.791339 1.476063 1.791339 1.476063
1.820000 1.476063 1.820000 1.476063
-1.820000 1.504724 -1.820000 1.504724
-1.791339 1.504724 -1.791339 1.504724
-1.762677 1.504724 -1.762677 1.504724
-1.734016 1.504724 -1.734016 1.504724
-1.705354 1.504724 -1.705354 1.504724
-1.676693 1.504724 -1.676693 1.504724
-1.648031 1.504724 -1.648031 1.504724
-1.619370 1.504724 -1.619370 1.504724
-1.590709 1.504724 -1.590709 1.504724
-1.562047 1.504724 -1.562047 1.504724
-1.533386 1.504724 -1.533386 1.504724
-1.504724 1.504724 -1.504724 1.504724
-1.476063 1.504724 -1.476063 1.504724
-1.447402 1.504724 -1.447402 1.504724
-1.418740 1.504724 -1.418740 1.504724
-1.390079 1.504724 -1.390079 1.504724
-1.361417 1.504724 -1.361417 1.504724
-1.332756 1.504724 -1.332756 1.504724
-1.304094 1.504724 -1.304094 1.504724
-1.275433 1.504724 -1.275433 1.504724
-1.246772 1.504724 -1.246772 1.504724
-1.218110 1.504724 -1.218110 1.504724
-1.189449 1.504724 -1.189449 1.504724
-1.160787 1.504724 -1.160787 1.504724
-1.132126 1.504724 -1.132126 1.504724
-1.103465 1.504724 -1.103465 1.504724
-1.074803 1.504724 -1.074803 1.504724
-1.046142 1.504724 -1.046142 1.504724
-1.017480 1.504724 -1.017480 1.504724
-0.988819 1.504724 -0.988819 1.504724
-0.960157 1.504724 -0.960157 1.504724
-0.931496 1.504724 -0.931496 1.504724
-0.902835 1.504724 -0.902835 1.504724
-0.874173 1.504724 -0.874173 1.504724
-0.845512 1.504724 -0.845512 1.504724
-0.816850 1.504724 -0.816850 1.504724
-0.788189 1.504724 -0.788189 1.504724
-0.759528 1.504724 -0.759528 1.504724
-0.730866 1.504724 -0.730866 1.504724
-0.702205 1.504724 -0.702205 1.504724
-0.673543 1.504724 -0.673543 1.504724
-0.644882 1.504724 -0.644882 1.504724
-0.616220 1.504724 -0.616220 1.504724
-0.587559 1.504724 -0.587559 1.504724
-0.558898 1.504724 -0.558898 1.504724
-0.530236 1.504724 -0.530236 1.504724
-0.501575 1.504724 -0.501575 1.504724
-0.472913 1.504724 -0.472913 1.504724
-0.444252 1.504724 -0.444252 1.504724
-0.415591 1.504724 -0.415591 1.504724
-0.386929 1.504724 -0.386929 1.504724
-0.358268 1.504724 -0.358268 1.504724
-0.329606 1.504724 -0.329606 1.504724
-0.300945 1.504724 -0.300945 1.504724
-0.272283 1.504724 -0.272283 1.504724
-0.243622 1.504724 -0.243622 1.504724
-0.214961 1.504724 -0.214961 1.504724
-0.186299 1.504724 -0.186299 1.504724
-0.157638 1.504724 -0.157638 1.504724
-0.128976 1.504724 -0.128976 1.504724
-0.100315 1.504724 -0.100315 1.504724
-0.071654 1.504724 -0.071654 1.504724
-0.042992 1.504724 -0.042992 1.504724
-0.014331 1.504724 -0.014331 1.504724
0.014331 1.504724 0.014331 1.504724
0.042992 1.504724 0.042992 1.504724
0.071654 1.504724 0.071654 1.504724
0.100315 1.504724 0.100315 1.504724
0.128976 1.504724 0.128976 1.504724
0.157638 1.504724 0.157638 1.504724
0.186299 1.504724 0.186299 1.504724
0.214961 1.504724 0.214961 1.504724
0.243622 1.504724 0.243622 1.504724
0.272283 1.504724 0.272283 1.504724
0.300945 1.504724 0.300945 1.504724
0.329606 1.504724 0.329606 1.504724
0.358268 1.504724 0.358268 1.504724
0.386929 1.504724 0.386929 1.504724
0.415591 1.504724 0.415591 1.504724
0.444252 1.504724 0.444252 1.504724
0.472913 1.504724 0.472913 1.504724
0.501575 1.504724 0.501575 1.504724
0.530236 1.504724 0.530236 1.504724
0.558898 1.504724 0.558898 1.504724
0.587559 1.504724 0.587559 1.504724
0.616220 1.504724 0.616220 1.504724
0.644882 1.504724 0.644882 1.504724
0.673543 1.504724 0.673543 1.504724
0.702205 1.504724 0.702205 1.504724
0.730866 1.504724 0.730866 1.504724
0.759528 1.504724 0.759528 1.504724
0.788189 1.504724 0.788189 1.504724
0.816850 1.504724 0.816850 1.504724
0.845512 1.504724 0.845512 1.504724
0.874173 1.504724 0.874173 1.504724
0.902835 1.504724 0.902835 1.504724
0.931496 1.504724 0.931496 1.504724
0.960157 1.504724 0.960157 1.504724
0.988819 1.504724 0.988819 1.504724
1.017480 1.504724 1.017480 1.504724
1.046142 1.504724 1.046142 1.504724
1.074803 1.504724 1.074803 1.504724
1.103465 1.504724 1.103465 1.504724
1.132126 1.504724 1.132126 1.504724
1.160787 1.504724 1.160787 1.504724
1.189449 1.504724 1.189449 1.504724
1.218110 1.504724 1.218110 1.504724
1.246772 1.504724 1.246772 1.504724
1.275433 1.504724 1.275433 1.504724
1.304094 1.504724 1.304094 1.504724
1.332756 1.504724 1.332756 1.504724
1.361417 1.504724 1.361417 1.504724
1.390079 1.504724 1.390079 1.504724
1.418740 1.504724 1.418740 1.504724
1.447402 1.504724 1.447402 1.504724
1.476063 1.504724 1.476063 1.504724
1.504724 1.504724 1.504724 1.504724
1.533386 1.504724 1.533386 1.504724
1.562047 1.504724 1.562047 1.504724
1.590709 1.504724 1.590709 1.504724
1.619370 1.504724 1.619370 1.504724
1.648031 1.504724 1.648031 1.504724
1.676693 1.504724 1.676693 1.504724
1.705354 1.504724 1.705354 1.504724
1.734016 1.504724 1.734016 1.504724
1.762677 1.504724 1.762677 1.504724
1.791339 1.504724 1.791339 1.504724
1.820000 1.504724 1.820000 1.504724
-1.820000 1.533386 -1.820000 1.533386
-1.791339 1.533386 -1.791339 1.533386
-1.762677 1.533386 -1.762677 1.533386
-1.734016 1.533386 -1.734016 1.533386
-1.705354 1.533386 -1.705354 1.533386
-1.676693 1.533386 -1.676693 1.533386
-1.648031 1.533386 -1.648031 1.533386
-1.619370 1.533386 -1.619370 1.533386
-1.590709 1.533386 -1.590709 1.533386
-1.562047 1.533386 -1.562047 1.533386
-1.533386 1.533386 -1.533386 1.533386
-1.504724 1.533386 -1.504724 1.533386
-1.476063 1.533386 -1.476063 1.533386
-1.447402 1.533386 -1.447402 1.533386
-1.418740 1.533386 -1.418740 1.533386
-1.390079 1.533386 -1.390079 1.533386
-1.361417 1.533386 -1.361417 1.533386
-1.332756 1.533386 -1.332756 1.533386
-1.304094 1.533386 -1.304094 1.533386
-1.275433 1.533386 -1.275433 1.533386
-1.246772 1.533386 -1.246772 1.533386
-1.218110 1.533386 -1.218110 1.533386
-1.189449 1.533386 -1.189449 1.533386
-1.160787 1.533386 -1.160787 1.533386
-1.132126 1.533386 -1.132126 1.533386
-1.103465 1.533386 -1.103465 1.533386
-1.074803 1.533386 -1.074803 1.533386
-1.046142 1.533386 -1.046142 1.533386
-1.017480 1.533386 -1.017480 1.533386
-0.988819 1.533386 -0.988819 1.533386
-0.960157 1.533386 -0.960157 1.533386
-0.931496 1.533386 -0.931496 1.533386
-0.902835 1.533386 -0.902835 1.533386
-0.874173 1.533386 -0.874173 1.533386
-0.845512 1.533386 -0.845512 1.533386
-0.816850 1.533386 -0.816850 1.533386
-0.788189 1.533386 -0.788189 1.533386
-0.759528 1.533386 -0.759528 1.533386
-0.730866 1.533386 -0.730866 1.533386
-0.702205 1.533386 -0.702205 1.533386
-0.673543 1.533386 -0.673543 1.533386
-0.644882 1.533386 -0.644882 1.533386
-0.616220 1.533386 -0.616220 1.533386
-0.587559 1.533386 -0.587559 1.533386
-0.558898 1.533386 -0.558898 1.533386
-0.530236 1.533386 -0.530236 1.533386
-0.501575 1.533386 -0.501575 1.533386
-0.472913 1.533386 -0.472913 1.533386
-0.444252 1.533386 -0.444252 1.533386
-0.415591 1.533386 -0.415591 1.533386
-0.386929 1.533386 -0.386929 1.533386
-0.358268 1.533386 -0.358268 1.533386
-0.329606 1.533386 -0.329606 1.533386
-0.300945 1.533386 -0.300945 1.533386
-0.272283 1.533386 -0.272283 1.533386
-0.243622 1.533386 -0.243622 1.533386
-0.214961 1.533386 -0.214961 1.533386
-0.186299 1.533386 -0.186299 1.533386
-0.157638 1.533386 -0.157638 1.533386
-0.128976 1.533386 -0.128976 1.533386
-0.100315 1.533386 -0.100315 1.533386
-0.071654 1.533386 -0.071654 1.533386
-0.042992 1.533386 -0.042992 1.533386
-0.014331 1.533386 -0.014331 1.533386
0.014331 1.533386 0.014331 1.533386
0.042992 1.533386 0.042992 1.533386
0.071654 1.533386 0.071654 1.533386
0.100315 1.533386 0.100315 1.533386
0.128976 1.533386 0.128976 1.533386
0.157638 1.533386 0.157638 1.533386
0.186299 1.533386 0.186299 1.533386
0.214961 1.533386 0.214961 1.533386
0.243622 1.533386 0.243622 1.533386
0.272283 1.533386 0.272283 1.533386
0.300945 1.533386 0.300945 1.533386
0.329606 1.533386 0.329606 1.533386
0.358268 1.533386 0.358268 1.533386
0.386929 1.533386 0.386929 1.533386
0.415591 1.533386 0.415591 1.533386
0.444252 1.533386 0.444252 1.533386
0.472913 1.533386 0.472913 1.533386
0.501575 1.533386 0.501575 1.533386
0.530236 1.533386 0.530236 1.533386
0.558898 1.533386 0.558898 1.533386
0.587559 1.533386 0.587559 1.533386
0.616220 1.533386 0.616220 1.533386
0.644882 1.533386 0.644882 1.533386
0.673543 1.533386 0.673543 1.533386
0.702205 1.533386 0.702205 1.533386
0.730866 1.533386 0.730866 1.533386
0.759528 1.533386 0.759528 1.533386
0.788189 1.533386 0.788189 1.533386
0.816850 1.533386 0.816850 1.533386
0.845512 1.533386 0.845512 1.533386
0.874173 1.533386 0.874173 1.533386
0.902835 1.533386 0.902835 1.533386
0.931496 1.533386 0.931496 1.533386
0.960157 1.533386 0.960157 1.533386
0.988819 1.533386 0.988819 1.533386
1.017480 1.533386 1.017480 1.533386
1.046142 1.533386 1.046142 1.533386
1.074803 1.533386 1.074803 1.533386
1.103465 1.533386 1.103465 1.533386
1.132126 1.533386 1.132126 1.533386
1.160787 1.533386 1.160787 1.533386
1.189449 1.533386 1.189449 1.533386
1.218110 1.533386 1.218110 1.533386
1.246772 1.533386 1.246772 1.533386
1.275433 1.533386 1.275433 1.533386
1.304094 1.533386 1.304094 1.533386
1.332756 1.533386 1.332756 1.533386
1.361417 1.533386 1.361417 1.533386
1.390079 1.533386 1.390079 1.533386
1.418740 1.533386 1.418740 1.533386
1.447402 1.533386 1.447402 1.533386
1.476063 1.533386 1.476063 1.533386
1.504724 1.533386 1.504724 1.533386
1.533386 1.533386 1.533386 1.533386
1.562047 1.533386 1.562047 1.533386
1.590709 1.533386 1.590709 1.533386
1.619370 1.533386 1.619370 1.533386
1.648031 1.533386 1.648031 1.533386
1.676693 1.533386 1.676693 1.533386
1.705354 1.533386 1.705354 1.533386
1.734016 1.533386 1.734016 1.533386
1.762677 1.533386 1.762677 1.533386
1.791339 1.533386 1.791339 1.533386
1.820000 1.533386 1.820000 1.533386
-1.820000 1.562047 -1.820000 1.562047
-1.791339 1.562047 -1.791339 1.562047
-1.762677 1.562047 -1.762677 1.562047
-1.734016 1.562047 -1.734016 1.562047
-1.705354 1.562047 -1.705354 1.562047
-1.676693 1.562047 -1.676693 1.562047
-1.648031 1.562047 -1.648031 1.562047
-1.619370 1.562047 -1.619370 1.562047
-1.590709 1.562047 -1.590709 1.562047
-1.562047 1.562047 -1.562047 1.562047
-1.533386 1.562047 -1.533386 1.562047
-1.504724 1.562047 -1.504724 1.562047
-1.476063 1.562047 -1.476063 1.562047
-1.447402 1.562047 -1.447402 1.562047
-1.418740 1.562047 -1.418740 1.562047
-1.390079 1.562047 -1.390079 1.562047
-1.361417 1.562047 -1.361417 1.562047
-1.332756 1.562047 -1.332756 1.562047
-1.304094 1.562047 -1.304094 1.562047
-1.275433 1.562047 -1.275433 1.562047
-1.246772 1.562047 -1.246772 1.562047
-1.218110 1.562047 -1.218110 1.562047
-1.189449 1.562047 -1.189449 1.562047
-1.160787 1.562047 -1.160787 1.562047
-1.132126 1.562047 -1.132126 1.562047
-1.103465 1.562047 -1.103465 1.562047
-1.074803 1.562047 -1.074803 1.562047
-1.046142 1.562047 -1.046142 1.562047
-1.017480 1.562047 -1.017480 1.562047
-0.988819 1.562047 -0.988819 1.562047
-0.960157 1.562047 -0.960157 1.562047
-0.931496 1.562047 -0.931496 1.562047
-0.902835 1.562047 -0.902835 1.562047
-0.874173 1.562047 -0.874173 1.562047
-0.845512 1.562047 -0.845512 1.562047
-0.816850 1.562047 -0.816850 1.562047
-0.788189 1.562047 -0.788189 1.562047
-0.759528 1.562047 -0.759528 1.562047
-0.730866 1.562047 -0.730866 1.562047
-0.702205 1.562047 -0.702205 1.562047
-0.673543 1.562047 -0.673543 1.562047
-0.644882 1.562047 -0.644882 1.562047
-0.616220 1.562047 -0.616220 1.562047
-0.587559 1.562047 -0.587559 1.562047
-0.558898 1.562047 -0.558898 1.562047
-0.530236 1.562047 -0.530236 1.562047
-0.501575 1.562047 -0.501575 1.562047
-0.472913 1.562047 -0.472913 1.562047
-0.444252 1.562047 -0.444252 1.562047
-0.415591 1.562047 -0.415591 1.562047
-0.386929 1.562047 -0.386929 1.562047
-0.358268 1.562047 -0.358268 1.562047
-0.329606 1.562047 -0.329606 1.562047
-0.300945 1.562047 -0.300945 1.562047
-0.272283 1.562047 -0.272283 1.562047
-0.243622 1.562047 -0.243622 1.562047
-0.214961 1.562047 -0.214961 1.562047
-0.186299 1.562047 -0.186299 1.562047
-0.157638 1.562047 -0.157638 1.562047
-0.128976 1.562047 -0.128976 1.562047
-0.100315 1.562047 -0.100315 1.562047
-0.071654 1.562047 -0.071654 1.562047
-0.042992 1.562047 -0.042992 1.562047
-0.014331 1.562047 -0.014331 1.562047
0.014331 1.562047 0.014331 1.562047
0.042992 1.562047 0.042992 1.562047
0.071654 1.562047 0.071654 1.562047
0.100315 1.562047 0.100315 1.562047
0.128976 1.562047 0.128976 1.562047
0.157638 1.562047 0.157638 1.562047
0.186299 1.562047 0.186299 1.562047
0.214961 1.562047 0.214961 1.562047
0.243622 1.562047 0.243622 1.562047
0.272283 1.562047 0.272283 1.562047
0.300945 1.562047 0.300945 1.562047
0.329606 1.562047 0.329606 1.562047
0.358268 1.562047 0.358268 1.562047
0.386929 1.562047 0.386929 1.562047
0.415591 1.562047 0.415591 1.562047
0.444252 1.562047 0.444252 1.562047
0.472913 1.562047 0.472913 1.562047
0.501575 1.562047 0.501575 1.562047
0.530236 1.562047 0.530236 1.562047
0.558898 1.562047 0.558898 1.562047
0.587559 1.562047 0.587559 1.562047
0.616220 1.562047 0.616220 1.562047
0.644882 1.562047 0.644882 1.562047
0.673543 1.562047 0.673543 1.562047
0.702205 1.562047 0.702205 1.562047
0.730866 1.562047 0.730866 1.562047
0.759528 1.562047 0.759528 1.562047
0.788189 1.562047 0.788189 1.562047
0.816850 1.562047 0.816850 1.562047
0.845512 1.562047 0.845512 1.562047
0.874173 1.562047 0.874173 1.562047
0.902835 1.562047 0.902835 1.562047
0.931496 1.562047 0.931496 1.562047
0.960157 1.562047 0.960157 1.562047
0.988819 1.562047 0.988819 1.562047
1.017480 1.562047 1.017480 1.562047
1.046142 1.562047 1.046142 1.562047
1.074803 1.562047 1.074803 1.562047
1.103465 1.562047 1.103465 1.562047
1.132126 1.562047 1.132126 1.562047
1.160787 1.562047 1.160787 1.562047
1.189449 1.562047 1.189449 1.562047
1.218110 1.562047 1.218110 1.562047
1.246772 1.562047 1.246772 1.562047
1.275433 1.562047 1.275433 1.562047
1.304094 1.562047 1.304094 1.562047
1.332756 1.562047 1.332756 1.562047
1.361417 1.562047 1.361417 1.562047
1.390079 1.562047 1.390079 1.562047
1.418740 1.562047 1.418740 1.562047
1.447402 1.562047 1.447402 1.562047
1.476063 1.562047 1.476063 1.562047
1.504724 1.562047 1.504724 1.562047
1.533386 1.562047 1.533386 1.562047
1.562047 1.562047 1.562047 1.562047
1.590709 1.562047 1.590709 1.562047
1.619370 1.562047 1.619370 1.562047
1.648031 1.562047 1.648031 1.562047
1.676693 1.562047 1.676693 1.562047
1.705354 1.562047 1.705354 1.562047
1.734016 1.562047 1.734016 1.562047
1.762677 1.562047 1.762677 1.562047
1.791339 1.562047 1.791339 1.562047
1.820000 1.562047 1.820000 1.562047
-1.820000 1.590709 -1.820000 1.590709
-1.791339 1.590709 -1.791339 1.590709
-1.762677 1.590709 -1.762677 1.590709
-1.734016 1.590709 -1.734016 1.590709
-1.705354 1.590709 -1.705354 1.590709
-1.676693 1.590709 -1.676693 1.590709
-1.648031 1.590709 -1.648031 1.590709
-1.619370 1.590709 -1.619370 1.590709
-1.590709 1.590709 -1.590709 1.590709
-1.562047 1.590709 -1.562047 1.590709
-1.533386 1.590709 -1.533386 1.590709
-1.504724 1.590709 -1.504724 1.590709
-1.476063 1.590709 -1.476063 1.590709
-1.447402 1.590709 -1.447402 1.590709
-1.418740 1.590709 -1.418740 1.590709
-1.390079 1.590709 -1.390079 1.590709
-1.361417 1.590709 -1.361417 1.590709
-1.332756 1.590709 -1.332756 1.590709
-1.304094 1.590709 -1.304094 1.590709
-1.275433 1.590709 -1.275433 1.590709
-1.246772 1.590709 -1.246772 1.590709
-1.218110 1.590709 -1.218110 1.590709
-1.189449 1.590709 -1.189449 1.590709
-1.160787 1.590709 -1.160787 1.590709
-1.132126 1.590709 -1.132126 1.590709
-1.103465 1.590709 -1.103465 1.590709
-1.074803 1.590709 -1.074803 1.590709
-1.046142 1.590709 -1.046142 1.590709
-1.017480 1.590709 -1.017480 1.590709
-0.988819 1.590709 -0.988819 1.590709
-0.960157 1.590709 -0.960157 1.590709
-0.931496 1.590709 -0.931496 1.590709
-0.902835 1.590709 -0.902835 1.590709
-0.874173 1.590709 -0.874173 1.590709
-0.845512 1.590709 -0.845512 1.590709
-0.816850 1.590709 -0.816850 1.590709
-0.788189 1.590709 -0.788189 1.590709
-0.759528 1.590709 -0.759528 1.590709
-0.730866 1.590709 -0.730866 1.590709
-0.702205 1.590709 -0.702205 1.590709
-0.673543 1.590709 -0.673543 1.590709
-0.644882 1.590709 -0.644882 1.590709
-0.616220 1.590709 -0.616220 1.590709
-0.587559 1.590709 -0.587559 1.590709
-0.558898 1.590709 -0.558898 1.590709
-0.530236 1.590709 -0.530236 1.590709
-0.501575 1.590709 -0.501575 1.590709
-0.472913 1.590709 -0.472913 1.590709
-0.444252 1.590709 -0.444252 1.590709
-0.415591 1.590709 -0.415591 1.590709
-0.386929 1.590709 -0.386929 1.590709
-0.358268 1.590709 -0.358268 1.590709
-0.329606 1.590709 -0.329606 1.590709
-0.300945 1.590709 -0.300945 1.590709
-0.272283 1.590709 -0.272283 1.590709
-0.243622 1.590709 -0.243622 1.590709
-0.214961 1.590709 -0.214961 1.590709
-0.186299 1.590709 -0.186299 1.590709
-0.157638 1.590709 -0.157638 1.590709
-0.128976 1.590709 -0.128976 1.590709
-0.100315 1.590709 -0.100315 1.590709
-0.071654 1.590709 -0.071654 1.590709
-0.042992 1.590709 -0.042992 1.590709
-0.014331 1.590709 -0.014331 1.590709
0.014331 1.590709 0.014331 1.590709
0.042992 1.590709 0.042992 1.590709
0.071654 1.590709 0.071654 1.590709
0.100315 1.590709 0.100315 1.590709
0.128976 1.590709 0.128976 1.590709
0.157638 1.590709 0.157638 1.590709
0.186299 1.590709 0.186299 1.590709
0.214961 1.590709 0.214961 1.590709
0.243622 1.590709 0.243622 1.590709
0.272283 1.590709 0.272283 1.590709
0.300945 1.590709 0.300945 1.590709
0.329606 1.590709 0.329606 1.590709
0.358268 1.590709 0.358268 1.590709
0.386929 1.590709 0.386929 1.590709
0.415591 1.590709 0.415591 1.590709
0.444252 1.590709 0.444252 1.590709
0.472913 1.590709 0.472913 1.590709
0.501575 1.590709 0.501575 1.590709
0.530236 1.590709 0.530236 1.590709
0.558898 1.590709 0.558898 1.590709
0.587559 1.590709 0.587559 1.590709
0.616220 1.590709 0.616220 1.590709
0.644882 1.590709 0.644882 1.590709
0.673543 1.590709 0.673543 1.590709
0.702205 1.590709 0.702205 1.590709
0.730866 1.590709 0.730866 1.590709
0.759528 1.590709 0.759528 1.590709
0.788189 1.590709 0.788189 1.590709
0.816850 1.590709 0.816850 1.590709
0.845512 1.590709 0.845512 1.590709
0.874173 1.590709 0.874173 1.590709
0.902835 1.590709 0.902835 1.590709
0.931496 1.590709 0.931496 1.590709
0.960157 1.590709 0.960157 1.590709
0.988819 1.590709 0.988819 1.590709
1.017480 1.590709 1.017480 1.590709
1.046142 1.590709 1.046142 1.590709
1.074803 1.590709 1.074803 1.590709
1.103465 1.590709 1.103465 1.590709
1.132126 1.590709 1.132126 1.590709
1.160787 1.590709 1.160787 1.590709
1.189449 1.590709 1.189449 1.590709
1.218110 1.590709 1.218110 1.590709
1.246772 1.590709 1.246772 1.590709
1.275433 1.590709 1.275433 1.590709
1.304094 1.590709 1.304094 1.590709
1.332756 1.590709 1.332756 1.590709
1.361417 1.590709 1.361417 1.590709
1.390079 1.590709 1.390079 1.590709
1.418740 1.590709 1.418740 1.590709
1.447402 1.590709 1.447402 1.590709
1.476063 1.590709 1.476063 1.590709
1.504724 1.590709 1.504724 1.590709
1.533386 1.590709 1.533386 1.590709
1.562047 1.590709 1.562047 1.590709
1.590709 1.590709 1.590709 1.590709
1.619370 1.590709 1.619370 1.590709
1.648031 1.590709 1.648031 1.590709
1.676693 1.590709 1.676693 1.590709
1.705354 1.590709 1.705354 1.590709
1.734016 1.590709 1.734016 1.590709
1.762677 1.590709 1.762677 1.590709
1.791339 1.590709 1.791339 1.590709
1.820000 1.590709 1.820000 1.590709
-1.820000 1.619370 -1.820000 1.619370
-1.791339 1.619370 -1.791339 1.619370
-1.762677 1.619370 -1.762677 1.619370
-1.734016 1.619370 -1.734016 1.619370
-1.705354 1.619370 -1.705354 1.619370
-1.676693 1.619370 -1.676693 1.619370
-1.648031 1.619370 -1.648031 1.619370
-1.619370 1.619370 -1.619370 1.619370
-1.590709 1.619370 -1.590709 1.619370
-1.562047 1.619370 -1.562047 1.619370
-1.533386 1.619370 -1.533386 1.619370
-1.504724 1.619370 -1.504724 1.619370
-1.476063 1.619370 -1.476063 1.619370
-1.447402 1.619370 -1.447402 1.619370
-1.418740 1.619370 -1.418740 1.619370
-1.390079 1.619370 -1.390079 1.619370
-1.361417 1.619370 -1.361417 1.619370
-1.332756 1.619370 -1.332756 1.619370
-1.304094 1.619370 -1.304094 1.619370
-1.275433 1.619370 -1.275433 1.619370
-1.246772 1.619370 -1.246772 1.619370
-1.218110 1.619370 -1.218110 1.619370
-1.189449 1.619370 -1.189449 1.619370
-1.160787 1.619370 -1.160787 1.619370
-1.132126 1.619370 -1.132126 1.619370
-1.103465 1.619370 -1.103465 1.619370
-1.074803 1.619370 -1.074803 1.619370
-1.046142 1.619370 -1.046142 1.619370
-1.017480 1.619370 -1.017480 1.619370
-0.988819 1.619370 -0.988819 1.619370
-0.960157 1.619370 -0.960157 1.619370
-0.931496 1.619370 -0.931496 1.619370
-0.902835 1.619370 -0.902835 1.619370
-0.874173 1.619370 -0.874173 1.619370
-0.845512 1.619370 -0.845512 1.619370
-0.816850 1.619370 -0.816850 1.619370
-0.788189 1.619370 -0.788189 1.619370
-0.759528 1.619370 -0.759528 1.619370
-0.730866 1.619370 -0.730866 1.619370
-0.702205 1.619370 -0.702205 1.619370
-0.673543 1.619370 -0.673543 1.619370
-0.644882 1.619370 -0.644882 1.619370
-0.616220 1.619370 -0.616220 1.619370
-0.587559 1.619370 -0.587559 1.619370
-0.558898 1.619370 -0.558898 1.619370
-0.530236 1.619370 -0.530236 1.619370
-0.501575 1.619370 -0.501575 1.619370
-0.472913 1.619370 -0.472913 1.619370
-0.444252 1.619370 -0.444252 1.619370
-0.415591 1.619370 -0.415591 1.619370
-0.386929 1.619370 -0.386929 1.619370
-0.358268 1.619370 -0.358268 1.619370
-0.329606 1.619370 -0.329606 1.619370
-0.300945 1.619370 -0.300945 1.619370
-0.272283 1.619370 -0.272283 1.619370
-0.243622 1.619370 -0.243622 1.619370
-0.214961 1.619370 -0.214961 1.619370
-0.186299 1.619370 -0.186299 1.619370
-0.157638 1.619370 -0.157638 1.619370
-0.128976 1.619370 -0.128976 1.619370
-0.100315 1.619370 -0.100315 1.619370
-0.071654 1.619370 -0.071654 1.619370
-0.042992 1.619370 -0.042992 1.619370
-0.014331 1.619370 -0.014331 1.619370
0.014331 1.619370 0.014331 1.619370
0.042992 1.619370 0.042992 1.619370
0.071654 1.619370 0.071654 1.619370
0.100315 1.619370 0.100315 1.619370
0.128976 1.619370 0.128976 1.619370
0.157638 1.619370 0.157638 1.619370
0.186299 1.619370 0.186299 1.619370
0.214961 1.619370 0.214961 1.619370
0.243622 1.619370 0.243622 1.619370
0.272283 1.619370 0.272283 1.619370
0.300945 1.619370 0.300945 1.619370
0.329606 1.619370 0.329606 1.619370
0.358268 1.619370 0.358268 1.619370
0.386929 1.619370 0.386929 1.619370
0.415591 1.619370 0.415591 1.619370
0.444252 1.619370 0.444252 1.619370
0.472913 1.619370 0.472913 1.619370
0.501575 1.619370 0.501575 1.619370
0.530236 1.619370 0.530236 1.619370
0.558898 1.619370 0.558898 1.619370
0.587559 1.619370 0.587559 1.619370
0.616220 1.619370 0.616220 1.619370
0.644882 1.619370 0.644882 1.619370
0.673543 1.619370 0.673543 1.619370
0.702205 1.619370 0.702205 1.619370
0.730866 1.619370 0.730866 1.619370
0.759528 1.619370 0.759528 1.619370
0.788189 1.619370 0.788189 1.619370
0.816850 1.619370 0.816850 1.619370
0.845512 1.619370 0.845512 1.619370
0.874173 1.619370 0.874173 1.619370
0.902835 1.619370 0.902835 1.619370
0.931496 1.619370 0.931496 1.619370
0.960157 1.619370 0.960157 1.619370
0.988819 1.619370 0.988819 1.619370
1.017480 1.619370 1.017480 1.619370
1.046142 1.619370 1.046142 1.619370
1.074803 1.619370 1.074803 1.619370
1.103465 1.619370 1.103465 1.619370
1.132126 1.619370 1.132126 1.619370
1.160787 1.619370 1.160787 1.619370
1.189449 1.619370 1.189449 1.619370
1.218110 1.619370 1.218110 1.619370
1.246772 1.619370 1.246772 1.619370
1.275433 1.619370 1.275433 1.619370
1.304094 1.619370 1.304094 1.619370
1.332756 1.619370 1.332756 1.619370
1.361417 1.619370 1.361417 1.619370
1.390079 1.619370 1.390079 1.619370
1.418740 1.619370 1.418740 1.619370
1.447402 1.619370 1.447402 1.619370
1.476063 1.619370 1.476063 1.619370
1.504724 1.619370 1.504724 1.619370
1.533386 1.619370 1.533386 1.619370
1.562047 1.619370 1.562047 1.619370
1.590709 1.619370 1.590709 1.619370
1.619370 1.619370 1.619370 1.619370
1.648031 1.619370 1.648031 1.619370
1.676693 1.619370 1.676693 1.619370
1.705354 1.619370 1.705354 1.619370
1.734016 1.619370 1.734016 1.619370
1.762677 1.619370 1.762677 1.619370
1.791339 1.619370 1.791339 1.619370
1.820000 1.619370 1.820000 1.619370
-1.820000 1.648031 -1.820000 1.648031
-1.791339 1.648031 -1.791339 1.648031
-1.762677 1.648031 -1.762677 1.648031
-1.734016 1.648031 -1.734016 1.648031
-1.705354 1.648031 -1.705354 1.648031
-1.676693 1.648031 -1.676693 1.648031
-1.648031 1.648031 -1.648031 1.648031
-1.619370 1.648031 -1.619370 1.648031
-1.590709 1.648031 -1.590709 1.648031
-1.562047 1.648031 -1.562047 1.648031
-1.533386 1.648031 -1.533386 1.648031
-1.504724 1.648031 -1.504724 1.648031
-1.476063 1.648031 -1.476063 1.648031
-1.447402 1.648031 -1.447402 1.648031
-1.418740 1.648031 -1.418740 1.648031
-1.390079 1.648031 -1.390079 1.648031
-1.361417 1.648031 -1.361417 1.648031
-1.332756 1.648031 -1.332756 1.648031
-1.304094 1.648031 -1.304094 1.648031
-1.275433 1.648031 -1.275433 1.648031
-1.246772 1.648031 -1.246772 1.648031
-1.218110 1.648031 -1.218110 1.648031
-1.189449 1.648031 -1.189449 1.648031
-1.160787 1.648031 -1.160787 1.648031
-1.132126 1.648031 -1.132126 1.648031
-1.103465 1.648031 -1.103465 1.648031
-1.074803 1.648031 -1.074803 1.648031
-1.046142 1.648031 -1.046142 1.648031
-1.017480 1.648031 -1.017480 1.648031
-0.988819 1.648031 -0.988819 1.648031
-0.960157 1.648031 -0.960157 1.648031
-0.931496 1.648031 -0.931496 1.648031
-0.902835 1.648031 -0.902835 1.648031
-0.874173 1.648031 -0.874173 1.648031
-0.845512 1.648031 -0.845512 1.648031
-0.816850 1.648031 -0.816850 1.648031
-0.788189 1.648031 -0.788189 1.648031
-0.759528 1.648031 -0.759528 1.648031
-0.730866 1.648031 -0.730866 1.648031
-0.702205 1.648031 -0.702205 1.648031
-0.673543 1.648031 -0.673543 1.648031
-0.644882 1.648031 -0.644882 1.648031
-0.616220 1.648031 -0.616220 1.648031
-0.587559 1.648031 -0.587559 1.648031
-0.558898 1.648031 -0.558898 1.648031
-0.530236 1.648031 -0.530236 1.648031
-0.501575 1.648031 -0.501575 1.648031
-0.472913 1.648031 -0.472913 1.648031
-0.444252 1.648031 -0.444252 1.648031
-0.415591 1.648031 -0.415591 1.648031
-0.386929 1.648031 -0.386929 1.648031
-0.358268 1.648031 -0.358268 1.648031
-0.329606 1.648031 -0.329606 1.648031
-0.300945 1.648031 -0.300945 1.648031
-0.272283 1.648031 -0.272283 1.648031
-0.243622 1.648031 -0.243622 1.648031
-0.214961 1.648031 -0.214961 1.648031
-0.186299 1.648031 -0.186299 1.648031
-0.157638 1.648031 -0.157638 1.648031
-0.128976 1.648031 -0.128976 1.648031
-0.100315 1.648031 -0.100315 1.648031
-0.071654 1.648031 -0.071654 1.648031
-0.042992 1.648031 -0.042992 1.648031
-0.014331 1.648031 -0.014331 1.648031
0.014331 1.648031 0.014331 1.648031
0.042992 1.648031 0.042992 1.648031
0.071654 1.648031 0.071654 1.648031
0.100315 1.648031 0.100315 1.648031
0.128976 1.648031 0.128976 1.648031
0.157638 1.648031 0.157638 1.648031
0.186299 1.648031 0.186299 1.648031
0.214961 1.648031 0.214961 1.648031
0.243622 1.648031 0.243622 1.648031
0.272283 1.648031 0.272283 1.648031
0.300945 1.648031 0.300945 1.648031
0.329606 1.648031 0.329606 1.648031
0.358268 1.648031 0.358268 1.648031
0.386929 1.648031 0.386929 1.648031
0.415591 1.648031 0.415591 1.648031
0.444252 1.648031 0.444252 1.648031
0.472913 1.648031 0.472913 1.648031
0.501575 1.648031 0.501575 1.648031
0.530236 1.648031 0.530236 1.648031
0.558898 1.648031 0.558898 1.648031
0.587559 1.648031 0.587559 1.648031
0.616220 1.648031 0.616220 1.648031
0.644882 1.648031 0.644882 1.648031
0.673543 1.648031 0.673543 1.648031
0.702205 1.648031 0.702205 1.648031
0.730866 1.648031 0.730866 1.648031
0.759528 1.648031 0.759528 1.648031
0.788189 1.648031 0.788189 1.648031
0.816850 1.648031 0.816850 1.648031
0.845512 1.648031 0.845512 1.648031
0.874173 1.648031 0.874173 1.648031
0.902835 1.648031 0.902835 1.648031
0.931496 1.648031 0.931496 1.648031
0.960157 1.648031 0.960157 1.648031
0.988819 1.648031 0.988819 1.648031
1.017480 1.648031 1.017480 1.648031
1.046142 1.648031 1.046142 1.648031
1.074803 1.648031 1.074803 1.648031
1.103465 1.648031 1.103465 1.648031
1.132126 1.648031 1.132126 1.648031
1.160787 1.648031 1.160787 1.648031
1.189449 1.648031 1.189449 1.648031
1.218110 1.648031 1.218110 1.648031
1.246772 1.648031 1.246772 1.648031
1.275433 1.648031 1.275433 1.648031
1.304094 1.648031 1.304094 1.648031
1.332756 1.648031 1.332756 1.648031
1.361417 1.648031 1.361417 1.648031
1.390079 1.648031 1.390079 1.648031
1.418740 1.648031 1.418740 1.648031
1.447402 1.648031 1.447402 1.648031
1.476063 1.648031 1.476063 1.648031
1.504724 1.648031 1.504724 1.648031
1.533386 1.648031 1.533386 1.648031
1.562047 1.648031 1.562047 1.648031
1.590709 1.648031 1.590709 1.648031
1.619370 1.648031 1.619370 1.648031
1.648031 1.648031 1.648031 1.648031
1.676693 1.648031 1.676693 1.648031
1.705354 1.648031 1.705354 1.648031
1.734016 1.648031 1.734016 1.648031
1.762677 1.648031 1.762677 1.648031
1.791339 1.648031 1.791339 1.648031
1.820000 1.648031 1.820000 1.648031
-1.820000 1.676693 -1.820000 1.676693
-1.791339 1.676693 -1.791339 1.676693
-1.762677 1.676693 -1.762677 1.676693
-1.734016 1.676693 -1.734016 1.676693
-1.705354 1.676693 -1.705354 1.676693
-1.676693 1.676693 -1.676693 1.676693
-1.648031 1.676693 -1.648031 1.676693
-1.619370 1.676693 -1.619370 1.676693
-1.590709 1.676693 -1.590709 1.676693
-1.562047 1.676693 -1.562047 1.676693
-1.533386 1.676693 -1.533386 1.676693
-1.504724 1.676693 -1.504724 1.676693
-1.476063 1.676693 -1.476063 1.676693
-1.447402 1.676693 -1.447402 1.676693
-1.418740 1.676693 -1.418740 1.676693
-1.390079 1.676693 -1.390079 1.676693
-1.361417 1.676693 -1.361417 1.676693
-1.332756 1.676693 -1.332756 1.676693
-1.304094 1.676693 -1.304094 1.676693
-1.275433 1.676693 -1.275433 1.676693
-1.246772 1.676693 -1.246772 1.676693
-1.218110 1.676693 -1.218110 1.676693
-1.189449 1.676693 -1.189449 1.676693
-1.160787 1.676693 -1.160787 1.676693
-1.132126 1.676693 -1.132126 1.676693
-1.103465 1.676693 -1.103465 1.676693
-1.074803 1.676693 -1.074803 1.676693
-1.046142 1.676693 -1.046142 1.676693
-1.017480 1.676693 -1.017480 1.676693
-0.988819 1.676693 -0.988819 1.676693
-0.960157 1.676693 -0.960157 1.676693
-0.931496 1.676693 -0.931496 1.676693
-0.902835 1.676693 -0.902835 1.676693
-0.874173 1.676693 -0.874173 1.676693
-0.845512 1.676693 -0.845512 1.676693
-0.816850 1.676693 -0.816850 1.676693
-0.788189 1.676693 -0.788189 1.676693
-0.759528 1.676693 -0.759528 1.676693
-0.730866 1.676693 -0.730866 1.676693
-0.702205 1.676693 -0.702205 1.676693
-0.673543 1.676693 -0.673543 1.676693
-0.644882 1.676693 -0.644882 1.676693
-0.616220 1.676693 -0.616220 1.676693
-0.587559 1.676693 -0.587559 1.676693
-0.558898 1.676693 -0.558898 1.676693
-0.530236 1.676693 -0.530236 1.676693
-0.501575 1.676693 -0.501575 1.676693
-0.472913 1.676693 -0.472913 1.676693
-0.444252 1.676693 -0.444252 1.676693
-0.415591 1.676693 -0.415591 1.676693
-0.386929 1.676693 -0.386929 1.676693
-0.358268 1.676693 -0.358268 1.676693
-0.329606 1.676693 -0.329606 1.676693
-0.300945 1.676693 -0.300945 1.676693
-0.272283 1.676693 -0.272283 1.676693
-0.243622 1.676693 -0.243622 1.676693
-0.214961 1.676693 -0.214961 1.676693
-0.186299 1.676693 -0.186299 1.676693
-0.157638 1.676693 -0.157638 1.676693
-0.128976 1.676693 -0.128976 1.676693
-0.100315 1.676693 -0.100315 1.676693
-0.071654 1.676693 -0.071654 1.676693
-0.042992 1.676693 -0.042992 1.676693
-0.014331 1.676693 -0.014331 1.676693
0.014331 1.676693 0.014331 1.676693
0.042992 1.676693 0.042992 1.676693
0.071654 1.676693 0.071654 1.676693
0.100315 1.676693 0.100315 1.676693
0.128976 1.676693 0.128976 1.676693
0.157638 1.676693 0.157638 1.676693
0.186299 1.676693 0.186299 1.676693
0.214961 1.676693 0.214961 1.676693
0.243622 1.676693 0.243622 1.676693
0.272283 1.676693 0.272283 1.676693
0.300945 1.676693 0.300945 1.676693
0.329606 1.676693 0.329606 1.676693
0.358268 1.676693 0.358268 1.676693
0.386929 1.676693 0.386929 1.676693
0.415591 1.676693 0.415591 1.676693
0.444252 1.676693 0.444252 1.676693
0.472913 1.676693 0.472913 1.676693
0.501575 1.676693 0.501575 1.676693
0.530236 1.676693 0.530236 1.676693
0.558898 1.676693 0.558898 1.676693
0.587559 1.676693 0.587559 1.676693
0.616220 1.676693 0.616220 1.676693
0.644882 1.676693 0.644882 1.676693
0.673543 1.676693 0.673543 1.676693
0.702205 1.676693 0.702205 1.676693
0.730866 1.676693 0.730866 1.676693
0.759528 1.676693 0.759528 1.676693
0.788189 1.676693 0.788189 1.676693
0.816850 1.676693 0.816850 1.676693
0.845512 1.676693 0.845512 1.676693
0.874173 1.676693 0.874173 1.676693
0.902835 1.676693 0.902835 1.676693
0.931496 1.676693 0.931496 1.676693
0.960157 1.676693 0.960157 1.676693
0.988819 1.676693 0.988819 1.676693
1.017480 1.676693 1.017480 1.676693
1.046142 1.676693 1.046142 1.676693
1.074803 1.676693 1.074803 1.676693
1.103465 1.676693 1.103465 1.676693
1.132126 1.676693 1.132126 1.676693
1.160787 1.676693 1.160787 1.676693
1.189449 1.676693 1.189449 1.676693
1.218110 1.676693 1.218110 1.676693
1.246772 1.676693 1.246772 1.676693
1.275433 1.676693 1.275433 1.676693
1.304094 1.676693 1.304094 1.676693
1.332756 1.676693 1.332756 1.676693
1.361417 1.676693 1.361417 1.676693
1.390079 1.676693 1.390079 1.676693
1.418740 1.676693 1.418740 1.676693
1.447402 1.676693 1.447402 1.676693
1.476063 1.676693 1.476063 1.676693
1.504724 1.676693 1.504724 1.676693
1.533386 1.676693 1.533386 1.676693
1.562047 1.676693 1.562047 1.676693
1.590709 1.676693 1.590709 1.676693
1.619370 1.676693 1.619370 1.676693
1.648031 1.676693 1.648031 1.676693
1.676693 1.676693 1.676693 1.676693
1.705354 1.676693 1.705354 1.676693
1.734016 1.676693 1.734016 1.676693
1.762677 1.676693 1.762677 1.676693
1.791339 1.676693 1.791339 1.676693
1.820000 1.676693 1.820000 1.676693
-1.820000 1.705354 -1.820000 1.705354
-1.791339 1.705354 -1.791339 1.705354
-1.762677 1.705354 -1.762677 1.705354
-1.734016 1.705354 -1.734016 1.705354
-1.705354 1.705354 -1.705354 1.705354
-1.676693 1.705354 -1.676693 1.705354
-1.648031 1.705354 -1.648031 1.705354
-1.619370 1.705354 -1.619370 1.705354
-1.590709 1.705354 -1.590709 1.705354
-1.562047 1.705354 -1.562047 1.705354
-1.533386 1.705354 -1.533386 1.705354
-1.504724 1.705354 -1.504724 1.705354
-1.476063 1.705354 -1.476063 1.705354
-1.447402 1.705354 -1.447402 1.705354
-1.418740 1.705354 -1.418740 1.705354
-1.390079 1.705354 -1.390079 1.705354
-1.361417 1.705354 -1.361417 1.705354
-1.332756 1.705354 -1.332756 1.705354
-1.304094 1.705354 -1.304094 1.705354
-1.275433 1.705354 -1.275433 1.705354
-1.246772 1.705354 -1.246772 1.705354
-1.218110 1.705354 -1.218110 1.705354
-1.189449 1.705354 -1.189449 1.705354
-1.160787 1.705354 -1.160787 1.705354
-1.132126 1.705354 -1.132126 1.705354
-1.103465 1.705354 -1.103465 1.705354
-1.074803 1.705354 -1.074803 1.705354
-1.046142 1.705354 -1.046142 1.705354
-1.017480 1.705354 -1.017480 1.705354
-0.988819 1.705354 -0.988819 1.705354
-0.960157 1.705354 -0.960157 1.705354
-0.931496 1.705354 -0.931496 1.705354
-0.902835 1.705354 -0.902835 1.705354
-0.874173 1.705354 -0.874173 1.705354
-0.845512 1.705354 -0.845512 1.705354
-0.816850 1.705354 -0.816850 1.705354
-0.788189 1.705354 -0.788189 1.705354
-0.759528 1.705354 -0.759528 1.705354
-0.730866 1.705354 -0.730866 1.705354
-0.702205 1.705354 -0.702205 1.705354
-0.673543 1.705354 -0.673543 1.705354
-0.644882 1.705354 -0.644882 1.705354
-0.616220 1.705354 -0.616220 1.705354
-0.587559 1.705354 -0.587559 1.705354
-0.558898 1.705354 -0.558898 1.705354
-0.530236 1.705354 -0.530236 1.705354
-0.501575 1.705354 -0.501575 1.705354
-0.472913 1.705354 -0.472913 1.705354
-0.444252 1.705354 -0.444252 1.705354
-0.415591 1.705354 -0.415591 1.705354
-0.386929 1.705354 -0.386929 1.705354
-0.358268 1.705354 -0.358268 1.705354
-0.329606 1.705354 -0.329606 1.705354
-0.300945 1.705354 -0.300945 1.705354
-0.272283 1.705354 -0.272283 1.705354
-0.243622 1.705354 -0.243622 1.705354
-0.214961 1.705354 -0.214961 1.705354
-0.186299 1.705354 -0.186299 1.705354
-0.157638 1.705354 -0.157638 1.705354
-0.128976 1.705354 -0.128976 1.705354
-0.100315 1.705354 -0.100315 1.705354
-0.071654 1.705354 -0.071654 1.705354
-0.042992 1.705354 -0.042992 1.705354
-0.014331 1.705354 -0.014331 1.705354
0.014331 1.705354 0.014331 1.705354
0.042992 1.705354 0.042992 1.705354
0.071654 1.705354 0.071654 1.705354
0.100315 1.705354 0.100315 1.705354
0.128976 1.705354 0.128976 1.705354
0.157638 1.705354 0.157638 1.705354
0.186299 1.705354 0.186299 1.705354
0.214961 1.705354 0.214961 1.705354
0.243622 1.705354 0.243622 1.705354
0.272283 1.705354 0.272283 1.705354
0.300945 1.705354 0.300945 1.705354
0.329606 1.705354 0.329606 1.705354
0.358268 1.705354 0.358268 1.705354
0.386929 1.705354 0.386929 1.705354
0.415591 1.705354 0.415591 1.705354
0.444252 1.705354 0.444252 1.705354
0.472913 1.705354 0.472913 1.705354
0.501575 1.705354 0.501575 1.705354
0.530236 1.705354 0.530236 1.705354
0.558898 1.705354 0.558898 1.705354
0.587559 1.705354 0.587559 1.705354
0.616220 1.705354 0.616220 1.705354
0.644882 1.705354 0.644882 1.705354
0.673543 1.705354 0.673543 1.705354
0.702205 1.705354 0.702205 1.705354
0.730866 1.705354 0.730866 1.705354
0.759528 1.705354 0.759528 1.705354
0.788189 1.705354 0.788189 1.705354
0.816850 1.705354 0.816850 1.705354
0.845512 1.705354 0.845512 1.705354
0.874173 1.705354 0.874173 1.705354
0.902835 1.705354 0.902835 1.705354
0.931496 1.705354 0.931496 1.705354
0.960157 1.705354 0.960157 1.705354
0.988819 1.705354 0.988819 1.705354
1.017480 1.705354 1.017480 1.705354
1.046142 1.705354 1.046142 1.705354
1.074803 1.705354 1.074803 1.705354
1.103465 1.705354 1.103465 1.705354
1.132126 1.705354 1.132126 1.705354
1.160787 1.705354 1.160787 1.705354
1.189449 1.705354 1.189449 1.705354
1.218110 1.705354 1.218110 1.705354
1.246772 1.705354 1.246772 1.705354
1.275433 1.705354 1.275433 1.705354
1.304094 1.705354 1.304094 1.705354
1.332756 1.705354 1.332756 1.705354
1.361417 1.705354 1.361417 1.705354
1.390079 1.705354 1.390079 1.705354
1.418740 1.705354 1.418740 1.705354
1.447402 1.705354 1.447402 1.705354
1.476063 1.705354 1.476063 1.705354
1.504724 1.705354 1.504724 1.705354
1.533386 1.705354 1.533386 1.705354
1.562047 1.705354 1.562047 1.705354
1.590709 1.705354 1.590709 1.705354
1.619370 1.705354 1.619370 1.705354
1.648031 1.705354 1.648031 1.705354
1.676693 1.705354 1.676693 1.705354
1.705354 1.705354 1.705354 1.705354
1.734016 1.705354 1.734016 1.705354
1.762677 1.705354 1.762677 1.705354
1.791339 1.705354 1.791339 1.705354
1.820000 1.705354 1.820000 1.705354
-1.820000 1.734016 -1.820000 1.734016
-1.791339 1.734016 -1.791339 1.734016
-1.762677 1.734016 -1.762677 1.734016
-1.734016 1.734016 -1.734016 1.734016
-1.705354 1.734016 -1.705354 1.734016
-1.676693 1.734016 -1.676693 1.734016
-1.648031 1.734016 -1.648031 1.734016
-1.619370 1.734016 -1.619370 1.734016
-1.590709 1.734016 -1.590709 1.734016
-1.562047 1.734016 -1.562047 1.734016
-1.533386 1.734016 -1.533386 1.734016
-1.504724 1.734016 -1.504724 1.734016
-1.476063 1.734016 -1.476063 1.734016
-1.447402 1.734016 -1.447402 1.734016
-1.418740 1.734016 -1.418740 1.734016
-1.390079 1.734016 -1.390079 1.734016
-1.361417 1.734016 -1.361417 1.734016
-1.332756 1.734016 -1.332756 1.734016
-1.304094 1.734016 -1.304094 1.734016
-1.275433 1.734016 -1.275433 1.734016
-1.246772 1.734016 -1.246772 1.734016
-1.218110 1.734016 -1.218110 1.734016
-1.189449 1.734016 -1.189449 1.734016
-1.160787 1.734016 -1.160787 1.734016
-1.132126 1.734016 -1.132126 1.734016
-1.103465 1.734016 -1.103465 1.734016
-1.074803 1.734016 -1.074803 1.734016
-1.046142 1.734016 -1.046142 1.734016
-1.017480 1.734016 -1.017480 1.734016
-0.988819 1.734016 -0.988819 1.734016
-0.960157 1.734016 -0.960157 1.734016
-0.931496 1.734016 -0.931496 1.734016
-0.902835 1.734016 -0.902835 1.734016
-0.874173 1.734016 -0.874173 1.734016
-0.845512 1.734016 -0.845512 1.734016
-0.816850 1.734016 -0.816850 1.734016
-0.788189 1.734016 -0.788189 1.734016
-0.759528 1.734016 -0.759528 1.734016
-0.730866 1.734016 -0.730866 1.734016
-0.702205 1.734016 -0.702205 1.734016
-0.673543 1.734016 -0.673543 1.734016
-0.644882 1.734016 -0.644882 1.734016
-0.616220 1.734016 -0.616220 1.734016
-0.587559 1.734016 -0.587559 1.734016
-0.558898 1.734016 -0.558898 1.734016
-0.530236 1.734016 -0.530236 1.734016
-0.501575 1.734016 -0.501575 1.734016
-0.472913 1.734016 -0.472913 1.734016
-0.444252 1.734016 -0.444252 1.734016
-0.415591 1.734016 -0.415591 1.734016
-0.386929 1.734016 -0.386929 1.734016
-0.358268 1.734016 -0.358268 1.734016
-0.329606 1.734016 -0.329606 1.734016
-0.300945 1.734016 -0.300945 1.734016
-0.272283 1.734016 -0.272283 1.734016
-0.243622 1.734016 -0.243622 1.734016
-0.214961 1.734016 -0.214961 1.734016
-0.186299 1.734016 -0.186299 1.734016
-0.157638 1.734016 -0.157638 1.734016
-0.128976 1.734016 -0.128976 1.734016
-0.100315 1.734016 -0.100315 1.734016
-0.071654 1.734016 -0.071654 1.734016
-0.042992 1.734016 -0.042992 1.734016
-0.014331 1.734016 -0.014331 1.734016
0.014331 1.734016 0.014331 1.734016
0.042992 1.734016 0.042992 1.734016
0.071654 1.734016 0.071654 1.734016
0.100315 1.734016 0.100315 1.734016
0.128976 1.734016 0.128976 1.734016
0.157638 1.734016 0.157638 1.734016
0.186299 1.734016 0.186299 1.734016
0.214961 1.734016 0.214961 1.734016
0.243622 1.734016 0.243622 1.734016
0.272283 1.734016 0.272283 1.734016
0.300945 1.734016 0.300945 1.734016
0.329606 1.734016 0.329606 1.734016
0.358268 1.734016 0.358268 1.734016
0.386929 1.734016 0.386929 1.734016
0.415591 1.734016 0.415591 1.734016
0.444252 1.734016 0.444252 1.734016
0.472913 1.734016 0.472913 1.734016
0.501575 1.734016 0.501575 1.734016
0.530236 1.734016 0.530236 1.734016
0.558898 1.734016 0.558898 1.734016
0.587559 1.734016 0.587559 1.734016
0.616220 1.734016 0.616220 1.734016
0.644882 1.734016 0.644882 1.734016
0.673543 1.734016 0.673543 1.734016
0.702205 1.734016 0.702205 1.734016
0.730866 1.734016 0.730866 1.734016
0.759528 1.734016 0.759528 1.734016
0.788189 1.734016 0.788189 1.734016
0.816850 1.734016 0.816850 1.734016
0.845512 1.734016 0.845512 1.734016
0.874173 1.734016 0.874173 1.734016
0.902835 1.734016 0.902835 1.734016
0.931496 1.734016 0.931496 1.734016
0.960157 1.734016 0.960157 1.734016
0.988819 1.734016 0.988819 1.734016
1.017480 1.734016 1.017480 1.734016
1.046142 1.734016 1.046142 1.734016
1.074803 1.734016 1.074803 1.734016
1.103465 1.734016 1.103465 1.734016
1.132126 1.734016 1.132126 1.734016
1.160787 1.734016 1.160787 1.734016
1.189449 1.734016 1.189449 1.734016
1.218110 1.734016 1.218110 1.734016
1.246772 1.734016 1.246772 1.734016
1.275433 1.734016 1.275433 1.734016
1.304094 1.734016 1.304094 1.734016
1.332756 1.734016 1.332756 1.734016
1.361417 1.734016 1.361417 1.734016
1.390079 1.734016 1.390079 1.734016
1.418740 1.734016 1.418740 1.734016
1.447402 1.734016 1.447402 1.734016
1.476063 1.734016 1.476063 1.734016
1.504724 1.734016 1.504724 1.734016
1.533386 1.734016 1.533386 1.734016
1.562047 1.734016 1.562047 1.734016
1.590709 1.734016 1.590709 1.734016
1.619370 1.734016 1.619370 1.734016
1.648031 1.734016 1.648031 1.734016
1.676693 1.734016 1.676693 1.734016
1.705354 1.734016 1.705354 1.734016
1.734016 1.734016 1.734016 1.734016
1.762677 1.734016 1.762677 1.734016
1.791339 1.734016 1.791339 1.734016
1.820000 1.734016 1.820000 1.734016
-1.820000 1.762677 -1.820000 1.762677
-1.791339 1.762677 -1.791339 1.762677
-1.762677 1.762677 -1.762677 1.762677
-1.734016 1.762677 -1.734016 1.762677
-1.705354 1.762677 -1.705354 1.762677
-1.676693 1.762677 -1.676693 1.762677
-1.648031 1.762677 -1.648031 1.762677
-1.619370 1.762677 -1.619370 1.762677
-1.590709 1.762677 -1.590709 1.762677
-1.562047 1.762677 -1.562047 1.762677
-1.533386 1.762677 -1.533386 1.762677
-1.504724 1.762677 -1.504724 1.762677
-1.476063 1.762677 -1.476063 1.762677
-1.447402 1.762677 -1.447402 1.762677
-1.418740 1.762677 -1.418740 1.762677
-1.390079 1.762677 -1.390079 1.762677
-1.361417 1.762677 -1.361417 1.762677
-1.332756 1.762677 -1.332756 1.762677
-1.304094 1.762677 -1.304094 1.762677
-1.275433 1.762677 -1.275433 1.762677
-1.246772 1.762677 -1.246772 1.762677
-1.218110 1.762677 -1.218110 1.762677
-1.189449 1.762677 -1.189449 1.762677
-1.160787 1.762677 -1.160787 1.762677
-1.132126 1.762677 -1.132126 1.762677
-1.103465 1.762677 -1.103465 1.762677
-1.074803 1.762677 -1.074803 1.762677
-1.046142 1.762677 -1.046142 1.762677
-1.017480 1.762677 -1.017480 1.762677
-0.988819 1.762677 -0.988819 1.762677
-0.960157 1.762677 -0.960157 1.762677
-0.931496 1.762677 -0.931496 1.762677
-0.902835 1.762677 -0.902835 1.762677
-0.874173 1.762677 -0.874173 1.762677
-0.845512 1.762677 -0.845512 1.762677
-0.816850 1.762677 -0.816850 1.762677
-0.788189 1.762677 -0.788189 1.762677
-0.759528 1.762677 -0.759528 1.762677
-0.730866 1.762677 -0.730866 1.762677
-0.702205 1.762677 -0.702205 1.762677
-0.673543 1.762677 -0.673543 1.762677
-0.644882 1.762677 -0.644882 1.762677
-0.616220 1.762677 -0.616220 1.762677
-0.587559 1.762677 -0.587559 1.762677
-0.558898 1.762677 -0.558898 1.762677
-0.530236 1.762677 -0.530236 1.762677
-0.501575 1.762677 -0.501575 1.762677
-0.472913 1.762677 -0.472913 1.762677
-0.444252 1.762677 -0.444252 1.762677
-0.415591 1.762677 -0.415591 1.762677
-0.386929 1.762677 -0.386929 1.762677
-0.358268 1.762677 -0.358268 1.762677
-0.329606 1.762677 -0.329606 1.762677
-0.300945 1.762677 -0.300945 1.762677
-0.272283 1.762677 -0.272283 1.762677
-0.243622 1.762677 -0.243622 1.762677
-0.214961 1.762677 -0.214961 1.762677
-0.186299 1.762677 -0.186299 1.762677
-0.157638 1.762677 -0.157638 1.762677
-0.128976 1.762677 -0.128976 1.762677
-0.100315 1.762677 -0.100315 1.762677
-0.071654 1.762677 -0.071654 1.762677
-0.042992 1.762677 -0.042992 1.762677
-0.014331 1.762677 -0.014331 1.762677
0.014331 1.762677 0.014331 1.762677
0.042992 1.762677 0.042992 1.762677
0.071654 1.762677 0.071654 1.762677
0.100315 1.762677 0.100315 1.762677
0.128976 1.762677 0.128976 1.762677
0.157638 1.762677 0.157638 1.762677
0.186299 1.762677 0.186299 1.762677
0.214961 1.762677 0.214961 1.762677
0.243622 1.762677 0.243622 1.762677
0.272283 1.762677 0.272283 1.762677
0.300945 1.762677 0.300945 1.762677
0.329606 1.762677 0.329606 1.762677
0.358268 1.762677 0.358268 1.762677
0.386929 1.762677 0.386929 1.762677
0.415591 1.762677 0.415591 1.762677
0.444252 1.762677 0.444252 1.762677
0.472913 1.762677 0.472913 1.762677
0.501575 1.762677 0.501575 1.762677
0.530236 1.762677 0.530236 1.762677
0.558898 1.762677 0.558898 1.762677
0.587559 1.762677 0.587559 1.762677
0.616220 1.762677 0.616220 1.762677
0.644882 1.762677 0.644882 1.762677
0.673543 1.762677 0.673543 1.762677
0.702205 1.762677 0.702205 1.762677
0.730866 1.762677 0.730866 1.762677
0.759528 1.762677 0.759528 1.762677
0.788189 1.762677 0.788189 1.762677
0.816850 1.762677 0.816850 1.762677
0.845512 1.762677 0.845512 1.762677
0.874173 1.762677 0.874173 1.762677
0.902835 1.762677 0.902835 1.762677
0.931496 1.762677 0.931496 1.762677
0.960157 1.762677 0.960157 1.762677
0.988819 1.762677 0.988819 1.762677
1.017480 1.762677 1.017480 1.762677
1.046142 1.762677 1.046142 1.762677
1.074803 1.762677 1.074803 1.762677
1.103465 1.762677 1.103465 1.762677
1.132126 1.762677 1.132126 1.762677
1.160787 1.762677 1.160787 1.762677
1.189449 1.762677 1.189449 1.762677
1.218110 1.762677 1.218110 1.762677
1.246772 1.762677 1.246772 1.762677
1.275433 1.762677 1.275433 1.762677
1.304094 1.762677 1.304094 1.762677
1.332756 1.762677 1.332756 1.762677
1.361417 1.762677 1.361417 1.762677
1.390079 1.762677 1.390079 1.762677
1.418740 1.762677 1.418740 1.762677
1.447402 1.762677 1.447402 1.762677
1.476063 1.762677 1.476063 1.762677
1.504724 1.762677 1.504724 1.762677
1.533386 1.762677 1.533386 1.762677
1.562047 1.762677 1.562047 1.762677
1.590709 1.762677 1.590709 1.762677
1.619370 1.762677 1.619370 1.762677
1.648031 1.762677 1.648031 1.762677
1.676693 1.762677 1.676693 1.762677
1.705354 1.762677 1.705354 1.762677
1.734016 1.762677 1.734016 1.762677
1.762677 1.762677 1.762677 1.762677
1.791339 1.762677 1.791339 1.762677
1.820000 1.762677 1.820000 1.762677
-1.820000 1.791339 -1.820000 1.791339
-1.791339 1.791339 -1.791339 1.791339
-1.762677 1.791339 -1.762677 1.791339
-1.734016 1.791339 -1.734016 1.791339
-1.705354 1.791339 -1.705354 1.791339
-1.676693 1.791339 -1.676693 1.791339
-1.648031 1.791339 -1.648031 1.791339
-1.619370 1.791339 -1.619370 1.791339
-1.590709 1.791339 -1.590709 1.791339
-1.562047 1.791339 -1.562047 1.791339
-1.533386 1.791339 -1.533386 1.791339
-1.504724 1.791339 -1.504724 1.791339
-1.476063 1.791339 -1.476063 1.791339
-1.447402 1.791339 -1.447402 1.791339
-1.418740 1.791339 -1.418740 1.791339
-1.390079 1.791339 -1.390079 1.791339
-1.361417 1.791339 -1.361417 1.791339
-1.332756 1.791339 -1.332756 1.791339
-1.304094 1.791339 -1.304094 1.791339
-1.275433 1.791339 -1.275433 1.791339
-1.246772 1.791339 -1.246772 1.791339
-1.218110 1.791339 -1.218110 1.791339
-1.189449 1.791339 -1.189449 1.791339
-1.160787 1.791339 -1.160787 1.791339
-1.132126 1.791339 -1.132126 1.791339
-1.103465 1.791339 -1.103465 1.791339
-1.074803 1.791339 -1.074803 1.791339
-1.046142 1.791339 -1.046142 1.791339
-1.017480 1.791339 -1.017480 1.791339
-0.988819 1.791339 -0.988819 1.791339
-0.960157 1.791339 -0.960157 1.791339
-0.931496 1.791339 -0.931496 1.791339
-0.902835 1.791339 -0.902835 1.791339
-0.874173 1.791339 -0.874173 1.791339
-0.845512 1.791339 -0.845512 1.791339
-0.816850 1.791339 -0.816850 1.791339
-0.788189 1.791339 -0.788189 1.791339
-0.759528 1.791339 -0.759528 1.791339
-0.730866 1.791339 -0.730866 1.791339
-0.702205 1.791339 -0.702205 1.791339
-0.673543 1.791339 -0.673543 1.791339
-0.644882 1.791339 -0.644882 1.791339
-0.616220 1.791339 -0.616220 1.791339
-0.587559 1.791339 -0.587559 1.791339
-0.558898 1.791339 -0.558898 1.791339
-0.530236 1.791339 -0.530236 1.791339
-0.501575 1.791339 -0.501575 1.791339
-0.472913 1.791339 -0.472913 1.791339
-0.444252 1.791339 -0.444252 1.791339
-0.415591 1.791339 -0.415591 1.791339
-0.386929 1.791339 -0.386929 1.791339
-0.358268 1.791339 -0.358268 1.791339
-0.329606 1.791339 -0.329606 1.791339
-0.300945 1.791339 -0.300945 1.791339
-0.272283 1.791339 -0.272283 1.791339
-0.243622 1.791339 -0.243622 1.791339
-0.214961 1.791339 -0.214961 1.791339
-0.186299 1.791339 -0.186299 1.791339
-0.157638 1.791339 -0.157638 1.791339
-0.128976 1.791339 -0.128976 1.791339
-0.100315 1.791339 -0.100315 1.791339
-0.071654 1.791339 -0.071654 1.791339
-0.042992 1.791339 -0.042992 1.791339
-0.014331 1.791339 -0.014331 1.791339
0.014331 1.791339 0.014331 1.791339
0.042992 1.791339 0.042992 1.791339
0.071654 1.791339 0.071654 1.791339
0.100315 1.791339 0.100315 1.791339
0.128976 1.791339 0.128976 1.791339
0.157638 1.791339 0.157638 1.791339
0.186299 1.791339 0.186299 1.791339
0.214961 1.791339 0.214961 1.791339
0.243622 1.791339 0.243622 1.791339
0.272283 1.791339 0.272283 1.791339
0.300945 1.791339 0.300945 1.791339
0.329606 1.791339 0.329606 1.791339
0.358268 1.791339 0.358268 1.791339
0.386929 1.791339 0.386929 1.791339
0.415591 1.791339 0.415591 1.791339
0.444252 1.791339 0.444252 1.791339
0.472913 1.791339 0.472913 1.791339
0.501575 1.791339 0.501575 1.791339
0.530236 1.791339 0.530236 1.791339
0.558898 1.791339 0.558898 1.791339
0.587559 1.791339 0.587559 1.791339
0.616220 1.791339 0.616220 1.791339
0.644882 1.791339 0.644882 1.791339
0.673543 1.791339 0.673543 1.791339
0.702205 1.791339 0.702205 1.791339
0.730866 1.791339 0.730866 1.791339
0.759528 1.791339 0.759528 1.791339
0.788189 1.791339 0.788189 1.791339
0.816850 1.791339 0.816850 1.791339
0.845512 1.791339 0.845512 1.791339
0.874173 1.791339 0.874173 1.791339
0.902835 1.791339 0.902835 1.791339
0.931496 1.791339 0.931496 1.791339
0.960157 1.791339 0.960157 1.791339
0.988819 1.791339 0.988819 1.791339
1.017480 1.791339 1.017480 1.791339
1.046142 1.791339 1.046142 1.791339
1.074803 1.791339 1.074803 1.791339
1.103465 1.791339 1.103465 1.791339
1.132126 1.791339 1.132126 1.791339
1.160787 1.791339 1.160787 1.791339
1.189449 1.791339 1.189449 1.791339
1.218110 1.791339 1.218110 1.791339
1.246772 1.791339 1.246772 1.791339
1.275433 1.791339 1.275433 1.791339
1.304094 1.791339 1.304094 1.791339
1.332756 1.791339 1.332756 1.791339
1.361417 1.791339 1.361417 1.791339
1.390079 1.791339 1.390079 1.791339
1.418740 1.791339 1.418740 1.791339
1.447402 1.791339 1.447402 1.791339
1.476063 1.791339 1.476063 1.791339
1.504724 1.791339 1.504724 1.791339
1.533386 1.791339 1.533386 1.791339
1.562047 1.791339 1.562047 1.791339
1.590709 1.791339 1.590709 1.791339
1.619370 1.791339 1.619370 1.791339
1.648031 1.791339 1.648031 1.791339
1.676693 1.791339 1.676693 1.791339
1.705354 1.791339 1.705354 1.791339
1.734016 1.791339 1.734016 1.791339
1.762677 1.791339 1.762677 1.791339
1.791339 1.791339 1.791339 1.791339
1.820000 1.791339 1.820000 1.791339
-1.820000 1.820000 -1.820000 1.820000
-1.791339 1.820000 -1.791339 1.820000
-1.762677 1.820000 -1.762677 1.820000
-1.734016 1.820000 -1.734016 1.820000
-1.705354 1.820000 -1.705354 1.820000
-1.676693 1.820000 -1.676693 1.820000
-1.648031 1.820000 -1.648031 1.820000
-1.619370 1.820000 -1.619370 1.820000
-1.590709 1.820000 -1.590709 1.820000
-1.562047 1.820000 -1.562047 1.820000
-1.533386 1.820000 -1.533386 1.820000
-1.504724 1.820000 -1.504724 1.820000
-1.476063 1.820000 -1.476063 1.820000
-1.447402 1.820000 -1.447402 1.820000
-1.418740 1.820000 -1.418740 1.820000
-1.390079 1.820000 -1.390079 1.820000
-1.361417 1.820000 -1.361417 1.820000
-1.332756 1.820000 -1.332756 1.820000
-1.304094 1.820000 -1.304094 1.820000
-1.275433 1.820000 -1.275433 1.820000
-1.246772 1.820000 -1.246772 1.820000
-1.218110 1.820000 -1.218110 1.820000
-1.189449 1.820000 -1.189449 1.820000
-1.160787 1.820000 -1.160787 1.820000
-1.132126 1.820000 -1.132126 1.820000
-1.103465 1.820000 -1.103465 1.820000
-1.074803 1.820000 -1.074803 1.820000
-1.046142 1.820000 -1.046142 1.820000
-1.017480 1.820000 -1.017480 1.820000
-0.988819 1.820000 -0.988819 1.820000
-0.960157 1.820000 -0.960157 1.820000
-0.931496 1.820000 -0.931496 1.820000
-0.902835 1.820000 -0.902835 1.820000
-0.874173 1.820000 -0.874173 1.820000
-0.845512 1.820000 -0.845512 1.820000
-0.816850 1.820000 -0.816850 1.820000
-0.788189 1.820000 -0.788189 1.820000
-0.759528 1.820000 -0.759528 1.820000
-0.730866 1.820000 -0.730866 1.820000
-0.702205 1.820000 -0.702205 1.820000
-0.673543 1.820000 -0.673543 1.820000
-0.644882 1.820000 -0.644882 1.820000
-0.616220 1.820000 -0.616220 1.820000
-0.587559 1.820000 -0.587559 1.820000
-0.558898 1.820000 -0.558898 1.820000
-0.530236 1.820000 -0.530236 1.820000
-0.501575 1.820000 -0.501575 1.820000
-0.472913 1.820000 -0.472913 1.820000
-0.444252 1.820000 -0.444252 1.820000
-0.415591 1.820000 -0.415591 1.820000
-0.386929 1.820000 -0.386929 1.820000
-0.358268 1.820000 -0.358268 1.820000
-0.329606 1.820000 -0.329606 1.820000
-0.300945 1.820000 -0.300945 1.820000
-0.272283 1.820000 -0.272283 1.820000
-0.243622 1.820000 -0.243622 1.820000
-0.214961 1.820000 -0.214961 1.820000
-0.186299 1.820000 -0.186299 1.820000
-0.157638 1.820000 -0.157638 1.820000
-0.128976 1.820000 -0.128976 1.820000
-0.100315 1.820000 -0.100315 1.820000
-0.071654 1.820000 -0.071654 1.820000
-0.042992 1.820000 -0.042992 1.820000
-0.014331 1.820000 -0.014331 1.820000
0.014331 1.820000 0.014331 1.820000
0.042992 1.820000 0.042992 1.820000
0.071654 1.820000 0.071654 1.820000
0.100315 1.820000 0.100315 1.820000
0.128976 1.820000 0.128976 1.820000
0.157638 1.820000 0.157638 1.820000
0.186299 1.820000 0.186299 1.820000
0.214961 1.820000 0.214961 1.820000
0.243622 1.820000 0.243622 1.820000
0.272283 1.820000 0.272283 1.820000
0.300945 1.820000 0.300945 1.820000
0.329606 1.820000 0.329606 1.820000
0.358268 1.820000 0.358268 1.820000
0.386929 1.820000 0.386929 1.820000
0.415591 1.820000 0.415591 1.820000
0.444252 1.820000 0.444252 1.820000
0.472913 1.820000 0.472913 1.820000
0.501575 1.820000 0.501575 1.820000
0.530236 1.820000 0.530236 1.820000
0.558898 1.820000 0.558898 1.820000
0.587559 1.820000 0.587559 1.820000
0.616220 1.820000 0.616220 1.820000
0.644882 1.820000 0.644882 1.820000
0.673543 1.820000 0.673543 1.820000
0.702205 1.820000 0.702205 1.820000
0.730866 1.820000 0.730866 1.820000
0.759528 1.820000 0.759528 1.820000
0.788189 1.820000 0.788189 1.820000
0.816850 1.820000 0.816850 1.820000
0.845512 1.820000 0.845512 1.820000
0.874173 1.820000 0.874173 1.820000
0.902835 1.820000 0.902835 1.820000
0.931496 1.820000 0.931496 1.820000
0.960157 1.820000 0.960157 1.820000
0.988819 1.820000 0.988819 1.820000
1.017480 1.820000 1.017480 1.820000
1.046142 1.820000 1.046142 1.820000
1.074803 1.820000 1.074803 1.820000
1.103465 1.820000 1.103465 1.820000
1.132126 1.820000 1.132126 1.820000
1.160787 1.820000 1.160787 1.820000
1.189449 1.820000 1.189449 1.820000
1.218110 1.820000 1.218110 1.820000
1.246772 1.820000 1.246772 1.820000
1.275433 1.820000 1.275433 1.820000
1.304094 1.820000 1.304094 1.820000
1.332756 1.820000 1.332756 1.820000
1.361417 1.820000 1.361417 1.820000
1.390079 1.820000 1.390079 1.820000
1.418740 1.820000 1.418740 1.820000
1.447402 1.820000 1.447402 1.820000
1.476063 1.820000 1.476063 1.820000
1.504724 1.820000 1.504724 1.820000
1.533386 1.820000 1.533386 1.820000
1.562047 1.820000 1.562047 1.820000
1.590709 1.820000 1.590709 1.820000
1.619370 1.820000 1.619370 1.820000
1.648031 1.820000 1.648031 1.820000
1.676693 1.820000 1.676693 1.820000
1.705354 1.820000 1.705354 1.820000
1.734016 1.820000 1.734016 1.820000
1.762677 1.820000 1.762677 1.820000
1.791339 1.820000 1.791339 1.820000
1.820000 1.820000 1.820000 1.820000
