# 光路映射: input_x input_y -> output_x output_y
# 有效光线数: 16372
# columns: in_x in_y out_x out_y
-2.103444 -2.103444 -2.103444 -2.103444
-2.070319 -2.103444 -2.070319 -2.103444
-2.037194 -2.103444 -2.037194 -2.103444
-2.004069 -2.103444 -2.004069 -2.103444
-1.970944 -2.103444 -1.970944 -2.103444
-1.937819 -2.103444 -1.937819 -2.103444
-1.904694 -2.103444 -1.904694 -2.103444
-1.871568 -2.103444 -1.871568 -2.103444
-1.838443 -2.103444 -1.838443 -2.103444
-1.805318 -2.103444 -1.805318 -2.103444
-1.772193 -2.103444 -1.772193 -2.103444
-1.739068 -2.103444 -1.739068 -2.103444
-1.705943 -2.103444 -1.705943 -2.103444
-1.672818 -2.103444 -1.672818 -2.103444
-1.639693 -2.103444 -1.639693 -2.103444
-1.606568 -2.103444 -1.606568 -2.103444
-1.573443 -2.103444 -1.573443 -2.103444
-1.540317 -2.103444 -1.540317 -2.103444
-1.507192 -2.103444 -1.507192 -2.103444
-1.474067 -2.103444 -1.474067 -2.103444
-1.440942 -2.103444 -1.440942 -2.103444
-1.407817 -2.103444 -1.407817 -2.103444
-1.374692 -2.103444 -1.374692 -2.103444
-1.341567 -2.103444 -1.341567 -2.103444
-1.308442 -2.103444 -1.308442 -2.103444
-1.275317 -2.103444 -1.275317 -2.103444
-1.242191 -2.103444 -1.242191 -2.103444
-1.209066 -2.103444 -1.209066 -2.103444
-1.175941 -2.103444 -1.175941 -2.103444
-1.142816 -2.103444 -1.142816 -2.103444
-1.109691 -2.103444 -1.109691 -2.103444
-1.076566 -2.103444 -1.076566 -2.103444
-1.043441 -2.103444 -1.043441 -2.103444
-1.010316 -2.103444 -1.010316 -2.103444
-0.977191 -2.103444 -0.977191 -2.103444
-0.944066 -2.103444 -0.944066 -2.103444
-0.910940 -2.103444 -0.910940 -2.103444
-0.877815 -2.103444 -0.877815 -2.103444
-0.844690 -2.103444 -0.844690 -2.103444
-0.811565 -2.103444 -0.811565 -2.103444
-0.778440 -2.103444 -0.778440 -2.103444
-0.745315 -2.103444 -0.745315 -2.103444
-0.712190 -2.103444 -0.712190 -2.103444
-0.679065 -2.103444 -0.679065 -2.103444
-0.645940 -2.103444 -0.645940 -2.103444
-0.612814 -2.103444 -0.612814 -2.103444
-0.579689 -2.103444 -0.579689 -2.103444
-0.546564 -2.103444 -0.546564 -2.103444
-0.513439 -2.103444 -0.513439 -2.103444
-0.480314 -2.103444 -0.480314 -2.103444
-0.447189 -2.103444 -0.447189 -2.103444
-0.414064 -2.103444 -0.414064 -2.103444
-0.380939 -2.103444 -0.380939 -2.103444
-0.347814 -2.103444 -0.347814 -2.103444
-0.314689 -2.103444 -0.314689 -2.103444
-0.281563 -2.103444 -0.281563 -2.103444
-0.248438 -2.103444 -0.248438 -2.103444
-0.215313 -2.103444 -0.215313 -2.103444
-0.182188 -2.103444 -0.182188 -2.103444
-0.149063 -2.103444 -0.149063 -2.103444
-0.115938 -2.103444 -0.115938 -2.103444
-0.082813 -2.103444 -0.082813 -2.103444
-0.049688 -2.103444 -0.049688 -2.103444
-0.016563 -2.103444 -0.016563 -2.103444
0.016563 -2.103444 0.016563 -2.103444
0.049688 -2.103444 0.049688 -2.103444
0.082813 -2.103444 0.082813 -2.103444
0.115938 -2.103444 0.115938 -2.103444
0.149063 -2.103444 0.149063 -2.103444
0.182188 -2.103444 0.182188 -2.103444
0.215313 -2.103444 0.215313 -2.103444
0.248438 -2.103444 0.248438 -2.103444
0.281563 -2.103444 0.281563 -2.103444
0.314689 -2.103444 0.314689 -2.103444
0.347814 -2.103444 0.347814 -2.103444
0.380939 -2.103444 0.380939 -2.103444
0.414064 -2.103444 0.414064 -2.103444
0.447189 -2.103444 0.447189 -2.103444
0.480314 -2.103444 0.480314 -2.103444
0.513439 -2.103444 0.513439 -2.103444
0.546564 -2.103444 0.546564 -2.103444
0.579689 -2.103444 0.579689 -2.103444
0.612814 -2.103444 0.612814 -2.103444
0.645940 -2.103444 0.645940 -2.103444
0.679065 -2.103444 0.679065 -2.103444
0.712190 -2.103444 0.712190 -2.103444
0.745315 -2.103444 0.745315 -2.103444
0.778440 -2.103444 0.778440 -2.103444
0.811565 -2.103444 0.811565 -2.103444
0.844690 -2.103444 0.844690 -2.103444
0.877815 -2.103444 0.877815 -2.103444
0.910940 -2.103444 0.910940 -2.103444
0.944066 -2.103444 0.944066 -2.103444
0.977191 -2.103444 0.977191 -2.103444
1.010316 -2.103444 1.010316 -2.103444
1.043441 -2.103444 1.043441 -2.103444
1.076566 -2.103444 1.076566 -2.103444
1.109691 -2.103444 1.109691 -2.103444
1.142816 -2.103444 1.142816 -2.103444
1.175941 -2.103444 1.175941 -2.103444
1.209066 -2.103444 1.209066 -2.103444
1.242191 -2.103444 1.242191 -2.103444
1.275317 -2.103444 1.275317 -2.103444
1.308442 -2.103444 1.308442 -2.103444
1.341567 -2.103444 1.341567 -2.103444
1.374692 -2.103444 1.374692 -2.103444
1.407817 -2.103444 1.407817 -2.103444
1.440942 -2.103444 1.440942 -2.103444
1.474067 -2.103444 1.474067 -2.103444
1.507192 -2.103444 1.507192 -2.103444
1.540317 -2.103444 1.540317 -2.103444
1.573443 -2.103444 1.573443 -2.103444
1.606568 -2.103444 1.606568 -2.103444
1.639693 -2.103444 1.639693 -2.103444
1.672818 -2.103444 1.672818 -2.103444
1.705943 -2.103444 1.705943 -2.103444
1.739068 -2.103444 1.739068 -2.103444
1.772193 -2.103444 1.772193 -2.103444
1.805318 -2.103444 1.805318 -2.103444
1.838443 -2.103444 1.838443 -2.103444
1.871568 -2.103444 1.871568 -2.103444
1.904694 -2.103444 1.904694 -2.103444
1.937819 -2.103444 1.937819 -2.103444
1.970944 -2.103444 1.970944 -2.103444
2.004069 -2.103444 2.004069 -2.103444
2.037194 -2.103444 2.037194 -2.103444
2.070319 -2.103444 2.070319 -2.103444
2.103444 -2.103444 2.103444 -2.103444
-2.103444 -2.070319 -2.103444 -2.070319
-2.070319 -2.070319 -2.070319 -2.070319
-2.037194 -2.070319 -2.037194 -2.070319
-2.004069 -2.070319 -2.004069 -2.070319
-1.970944 -2.070319 -1.970944 -2.070319
-1.937819 -2.070319 -1.937819 -2.070319
-1.904694 -2.070319 -1.904694 -2.070319
-1.871568 -2.070319 -1.871568 -2.070319
-1.838443 -2.070319 -1.838443 -2.070319
-1.805318 -2.070319 -1.805318 -2.070319
-1.772193 -2.070319 -1.772193 -2.070319
-1.739068 -2.070319 -1.739068 -2.070319
-1.705943 -2.070319 -1.705943 -2.070319
-1.672818 -2.070319 -1.672818 -2.070319
-1.639693 -2.070319 -1.639693 -2.070319
-1.606568 -2.070319 -1.606568 -2.070319
-1.573443 -2.070319 -1.573443 -2.070319
-1.540317 -2.070319 -1.540317 -2.070319
-1.507192 -2.070319 -1.507192 -2.070319
-1.474067 -2.070319 -1.474067 -2.070319
-1.440942 -2.070319 -1.440942 -2.070319
-1.407817 -2.070319 -1.407817 -2.070319
-1.374692 -2.070319 -1.374692 -2.070319
-1.341567 -2.070319 -1.341567 -2.070319
-1.308442 -2.070319 -1.308442 -2.070319
-1.275317 -2.070319 -1.275317 -2.070319
-1.242191 -2.070319 -1.242191 -2.070319
-1.209066 -2.070319 -1.209066 -2.070319
-1.175941 -2.070319 -1.175941 -2.070319
-1.142816 -2.070319 -1.142816 -2.070319
-1.109691 -2.070319 -1.109691 -2.070319
-1.076566 -2.070319 -1.076566 -2.070319
-1.043441 -2.070319 -1.043441 -2.070319
-1.010316 -2.070319 -1.010316 -2.070319
-0.977191 -2.070319 -0.977191 -2.070319
-0.944066 -2.070319 -0.944066 -2.070319
-0.910940 -2.070319 -0.910940 -2.070319
-0.877815 -2.070319 -0.877815 -2.070319
-0.844690 -2.070319 -0.844690 -2.070319
-0.811565 -2.070319 -0.811565 -2.070319
-0.778440 -2.070319 -0.778440 -2.070319
-0.745315 -2.070319 -0.745315 -2.070319
-0.712190 -2.070319 -0.712190 -2.070319
-0.679065 -2.070319 -0.679065 -2.070319
-0.645940 -2.070319 -0.645940 -2.070319
-0.612814 -2.070319 -0.612814 -2.070319
-0.579689 -2.070319 -0.579689 -2.070319
-0.546564 -2.070319 -0.546564 -2.070319
-0.513439 -2.070319 -0.513439 -2.070319
-0.480314 -2.070319 -0.480314 -2.070319
-0.447189 -2.070319 -0.447189 -2.070319
-0.414064 -2.070319 -0.414064 -2.070319
-0.380939 -2.070319 -0.380939 -2.070319
-0.347814 -2.070319 -0.347814 -2.070319
-0.314689 -2.070319 -0.314689 -2.070319
-0.281563 -2.070319 -0.281563 -2.070319
-0.248438 -2.070319 -0.248438 -2.070319
-0.215313 -2.070319 -0.215313 -2.070319
-0.182188 -2.070319 -0.182188 -2.070319
-0.149063 -2.070319 -0.149063 -2.070319
-0.115938 -2.070319 -0.115938 -2.070319
-0.082813 -2.070319 -0.082813 -2.070319
-0.049688 -2.070319 -0.049688 -2.070319
-0.016563 -2.070319 -0.016563 -2.070319
0.016563 -2.070319 0.016563 -2.070319
0.049688 -2.070319 0.049688 -2.070319
0.082813 -2.070319 0.082813 -2.070319
0.115938 -2.070319 0.115938 -2.070319
0.149063 -2.070319 0.149063 -2.070319
0.182188 -2.070319 0.182188 -2.070319
0.215313 -2.070319 0.215313 -2.070319
0.248438 -2.070319 0.248438 -2.070319
0.281563 -2.070319 0.281563 -2.070319
0.314689 -2.070319 0.314689 -2.070319
0.347814 -2.070319 0.347814 -2.070319
0.380939 -2.070319 0.380939 -2.070319
0.414064 -2.070319 0.414064 -2.070319
0.447189 -2.070319 0.447189 -2.070319
0.480314 -2.070319 0.480314 -2.070319
0.513439 -2.070319 0.513439 -2.070319
0.546564 -2.070319 0.546564 -2.070319
0.579689 -2.070319 0.579689 -2.070319
0.612814 -2.070319 0.612814 -2.070319
0.645940 -2.070319 0.645940 -2.070319
0.679065 -2.070319 0.679065 -2.070319
0.712190 -2.070319 0.712190 -2.070319
0.745315 -2.070319 0.745315 -2.070319
0.778440 -2.070319 0.778440 -2.070319
0.811565 -2.070319 0.811565 -2.070319
0.844690 -2.070319 0.844690 -2.070319
0.877815 -2.070319 0.877815 -2.070319
0.910940 -2.070319 0.910940 -2.070319
0.944066 -2.070319 0.944066 -2.070319
0.977191 -2.070319 0.977191 -2.070319
1.010316 -2.070319 1.010316 -2.070319
1.043441 -2.070319 1.043441 -2.070319
1.076566 -2.070319 1.076566 -2.070319
1.109691 -2.070319 1.109691 -2.070319
1.142816 -2.070319 1.142816 -2.070319
1.175941 -2.070319 1.175941 -2.070319
1.209066 -2.070319 1.209066 -2.070319
1.242191 -2.070319 1.242191 -2.070319
1.275317 -2.070319 1.275317 -2.070319
1.308442 -2.070319 1.308442 -2.070319
1.341567 -2.070319 1.341567 -2.070319
1.374692 -2.070319 1.374692 -2.070319
1.407817 -2.070319 1.407817 -2.070319
1.440942 -2.070319 1.440942 -2.070319
1.474067 -2.070319 1.474067 -2.070319
1.507192 -2.070319 1.507192 -2.070319
1.540317 -2.070319 1.540317 -2.070319
1.573443 -2.070319 1.573443 -2.070319
1.606568 -2.070319 1.606568 -2.070319
1.639693 -2.070319 1.639693 -2.070319
1.672818 -2.070319 1.672818 -2.070319
1.705943 -2.070319 1.705943 -2.070319
1.739068 -2.070319 1.739068 -2.070319
1.772193 -2.070319 1.772193 -2.070319
1.805318 -2.070319 1.805318 -2.070319
1.838443 -2.070319 1.838443 -2.070319
1.871568 -2.070319 1.871568 -2.070319
1.904694 -2.070319 1.904694 -2.070319
1.937819 -2.070319 1.937819 -2.070319
1.970944 -2.070319 1.970944 -2.070319
2.004069 -2.070319 2.004069 -2.070319
2.037194 -2.070319 2.037194 -2.070319
2.070319 -2.070319 2.070319 -2.070319
2.103444 -2.070319 2.103444 -2.070319
-2.103444 -2.037194 -2.103444 -2.037194
-2.070319 -2.037194 -2.070319 -2.037194
-2.037194 -2.037194 -2.037194 -2.037194
-2.004069 -2.037194 -2.004069 -2.037194
-1.970944 -2.037194 -1.970944 -2.037194
-1.937819 -2.037194 -1.937819 -2.037194
-1.904694 -2.037194 -1.904694 -2.037194
-1.871568 -2.037194 -1.871568 -2.037194
-1.838443 -2.037194 -1.838443 -2.037194
-1.805318 -2.037194 -1.805318 -2.037194
-1.772193 -2.037194 -1.772193 -2.037194
-1.739068 -2.037194 -1.739068 -2.037194
-1.705943 -2.037194 -1.705943 -2.037194
-1.672818 -2.037194 -1.672818 -2.037194
-1.639693 -2.037194 -1.639693 -2.037194
-1.606568 -2.037194 -1.606568 -2.037194
-1.573443 -2.037194 -1.573443 -2.037194
-1.540317 -2.037194 -1.540317 -2.037194
-1.507192 -2.037194 -1.507192 -2.037194
-1.474067 -2.037194 -1.474067 -2.037194
-1.440942 -2.037194 -1.440942 -2.037194
-1.407817 -2.037194 -1.407817 -2.037194
-1.374692 -2.037194 -1.374692 -2.037194
-1.341567 -2.037194 -1.341567 -2.037194
-1.308442 -2.037194 -1.308442 -2.037194
-1.275317 -2.037194 -1.275317 -2.037194
-1.242191 -2.037194 -1.242191 -2.037194
-1.209066 -2.037194 -1.209066 -2.037194
-1.175941 -2.037194 -1.175941 -2.037194
-1.142816 -2.037194 -1.142816 -2.037194
-1.109691 -2.037194 -1.109691 -2.037194
-1.076566 -2.037194 -1.076566 -2.037194
-1.043441 -2.037194 -1.043441 -2.037194
-1.010316 -2.037194 -1.010316 -2.037194
-0.977191 -2.037194 -0.977191 -2.037194
-0.944066 -2.037194 -0.944066 -2.037194
-0.910940 -2.037194 -0.910940 -2.037194
-0.877815 -2.037194 -0.877815 -2.037194
-0.844690 -2.037194 -0.844690 -2.037194
-0.811565 -2.037194 -0.811565 -2.037194
-0.778440 -2.037194 -0.778440 -2.037194
-0.745315 -2.037194 -0.745315 -2.037194
-0.712190 -2.037194 -0.712190 -2.037194
-0.679065 -2.037194 -0.679065 -2.037194
-0.645940 -2.037194 -0.645940 -2.037194
-0.612814 -2.037194 -0.612814 -2.037194
-0.579689 -2.037194 -0.579689 -2.037194
-0.546564 -2.037194 -0.546564 -2.037194
-0.513439 -2.037194 -0.513439 -2.037194
-0.480314 -2.037194 -0.480314 -2.037194
-0.447189 -2.037194 -0.447189 -2.037194
-0.414064 -2.037194 -0.414064 -2.037194
-0.380939 -2.037194 -0.380939 -2.037194
-0.347814 -2.037194 -0.347814 -2.037194
-0.314689 -2.037194 -0.314689 -2.037194
-0.281563 -2.037194 -0.281563 -2.037194
-0.248438 -2.037194 -0.248438 -2.037194
-0.215313 -2.037194 -0.215313 -2.037194
-0.182188 -2.037194 -0.182188 -2.037194
-0.149063 -2.037194 -0.149063 -2.037194
-0.115938 -2.037194 -0.115938 -2.037194
-0.082813 -2.037194 -0.082813 -2.037194
-0.049688 -2.037194 -0.049688 -2.037194
-0.016563 -2.037194 -0.016563 -2.037194
0.016563 -2.037194 0.016563 -2.037194
0.049688 -2.037194 0.049688 -2.037194
0.082813 -2.037194 0.082813 -2.037194
0.115938 -2.037194 0.115938 -2.037194
0.149063 -2.037194 0.149063 -2.037194
0.182188 -2.037194 0.182188 -2.037194
0.215313 -2.037194 0.215313 -2.037194
0.248438 -2.037194 0.248438 -2.037194
0.281563 -2.037194 0.281563 -2.037194
0.314689 -2.037194 0.314689 -2.037194
0.347814 -2.037194 0.347814 -2.037194
0.380939 -2.037194 0.380939 -2.037194
0.414064 -2.037194 0.414064 -2.037194
0.447189 -2.037194 0.447189 -2.037194
0.480314 -2.037194 0.480314 -2.037194
0.513439 -2.037194 0.513439 -2.037194
0.546564 -2.037194 0.546564 -2.037194
0.579689 -2.037194 0.579689 -2.037194
0.612814 -2.037194 0.612814 -2.037194
0.645940 -2.037194 0.645940 -2.037194
0.679065 -2.037194 0.679065 -2.037194
0.712190 -2.037194 0.712190 -2.037194
0.745315 -2.037194 0.745315 -2.037194
0.778440 -2.037194 0.778440 -2.037194
0.811565 -2.037194 0.811565 -2.037194
0.844690 -2.037194 0.844690 -2.037194
0.877815 -2.037194 0.877815 -2.037194
0.910940 -2.037194 0.910940 -2.037194
0.944066 -2.037194 0.944066 -2.037194
0.977191 -2.037194 0.977191 -2.037194
1.010316 -2.037194 1.010316 -2.037194
1.043441 -2.037194 1.043441 -2.037194
1.076566 -2.037194 1.076566 -2.037194
1.109691 -2.037194 1.109691 -2.037194
1.142816 -2.037194 1.142816 -2.037194
1.175941 -2.037194 1.175941 -2.037194
1.209066 -2.037194 1.209066 -2.037194
1.242191 -2.037194 1.242191 -2.037194
1.275317 -2.037194 1.275317 -2.037194
1.308442 -2.037194 1.308442 -2.037194
1.341567 -2.037194 1.341567 -2.037194
1.374692 -2.037194 1.374692 -2.037194
1.407817 -2.037194 1.407817 -2.037194
1.440942 -2.037194 1.440942 -2.037194
1.474067 -2.037194 1.474067 -2.037194
1.507192 -2.037194 1.507192 -2.037194
1.540317 -2.037194 1.540317 -2.037194
1.573443 -2.037194 1.573443 -2.037194
1.606568 -2.037194 1.606568 -2.037194
1.639693 -2.037194 1.639693 -2.037194
1.672818 -2.037194 1.672818 -2.037194
1.705943 -2.037194 1.705943 -2.037194
1.739068 -2.037194 1.739068 -2.037194
1.772193 -2.037194 1.772193 -2.037194
1.805318 -2.037194 1.805318 -2.037194
1.838443 -2.037194 1.838443 -2.037194
1.871568 -2.037194 1.871568 -2.037194
1.904694 -2.037194 1.904694 -2.037194
1.937819 -2.037194 1.937819 -2.037194
1.970944 -2.037194 1.970944 -2.037194
2.004069 -2.037194 2.004069 -2.037194
2.037194 -2.037194 2.037194 -2.037194
2.070319 -2.037194 2.070319 -2.037194
2.103444 -2.037194 2.103444 -2.037194
-2.103444 -2.004069 -2.103444 -2.004069
-2.070319 -2.004069 -2.070319 -2.004069
-2.037194 -2.004069 -2.037194 -2.004069
-2.004069 -2.004069 -2.004069 -2.004069
-1.970944 -2.004069 -1.970944 -2.004069
-1.937819 -2.004069 -1.937819 -2.004069
-1.904694 -2.004069 -1.904694 -2.004069
-1.871568 -2.004069 -1.871568 -2.004069
-1.838443 -2.004069 -1.838443 -2.004069
-1.805318 -2.004069 -1.805318 -2.004069
-1.772193 -2.004069 -1.772193 -2.004069
-1.739068 -2.004069 -1.739068 -2.004069
-1.705943 -2.004069 -1.705943 -2.004069
-1.672818 -2.004069 -1.672818 -2.004069
-1.639693 -2.004069 -1.639693 -2.004069
-1.606568 -2.004069 -1.606568 -2.004069
-1.573443 -2.004069 -1.573443 -2.004069
-1.540317 -2.004069 -1.540317 -2.004069
-1.507192 -2.004069 -1.507192 -2.004069
-1.474067 -2.004069 -1.474067 -2.004069
-1.440942 -2.004069 -1.440942 -2.004069
-1.407817 -2.004069 -1.407817 -2.004069
-1.374692 -2.004069 -1.374692 -2.004069
-1.341567 -2.004069 -1.341567 -2.004069
-1.308442 -2.004069 -1.308442 -2.004069
-1.275317 -2.004069 -1.275317 -2.004069
-1.242191 -2.004069 -1.242191 -2.004069
-1.209066 -2.004069 -1.209066 -2.004069
-1.175941 -2.004069 -1.175941 -2.004069
-1.142816 -2.004069 -1.142816 -2.004069
-1.109691 -2.004069 -1.109691 -2.004069
-1.076566 -2.004069 -1.076566 -2.004069
-1.043441 -2.004069 -1.043441 -2.004069
-1.010316 -2.004069 -1.010316 -2.004069
-0.977191 -2.004069 -0.977191 -2.004069
-0.944066 -2.004069 -0.944066 -2.004069
-0.910940 -2.004069 -0.910940 -2.004069
-0.877815 -2.004069 -0.877815 -2.004069
-0.844690 -2.004069 -0.844690 -2.004069
-0.811565 -2.004069 -0.811565 -2.004069
-0.778440 -2.004069 -0.778440 -2.004069
-0.745315 -2.004069 -0.745315 -2.004069
-0.712190 -2.004069 -0.712190 -2.004069
-0.679065 -2.004069 -0.679065 -2.004069
-0.645940 -2.004069 -0.645940 -2.004069
-0.612814 -2.004069 -0.612814 -2.004069
-0.579689 -2.004069 -0.579689 -2.004069
-0.546564 -2.004069 -0.546564 -2.004069
-0.513439 -2.004069 -0.513439 -2.004069
-0.480314 -2.004069 -0.480314 -2.004069
-0.447189 -2.004069 -0.447189 -2.004069
-0.414064 -2.004069 -0.414064 -2.004069
-0.380939 -2.004069 -0.380939 -2.004069
-0.347814 -2.004069 -0.347814 -2.004069
-0.314689 -2.004069 -0.314689 -2.004069
-0.281563 -2.004069 -0.281563 -2.004069
-0.248438 -2.004069 -0.248438 -2.004069
-0.215313 -2.004069 -0.215313 -2.004069
-0.182188 -2.004069 -0.182188 -2.004069
-0.149063 -2.004069 -0.149063 -2.004069
-0.115938 -2.004069 -0.115938 -2.004069
-0.082813 -2.004069 -0.082813 -2.004069
-0.049688 -2.004069 -0.049688 -2.004069
-0.016563 -2.004069 -0.016563 -2.004069
0.016563 -2.004069 0.016563 -2.004069
0.049688 -2.004069 0.049688 -2.004069
0.082813 -2.004069 0.082813 -2.004069
0.115938 -2.004069 0.115938 -2.004069
0.149063 -2.004069 0.149063 -2.004069
0.182188 -2.004069 0.182188 -2.004069
0.215313 -2.004069 0.215313 -2.004069
0.248438 -2.004069 0.248438 -2.004069
0.281563 -2.004069 0.281563 -2.004069
0.314689 -2.004069 0.314689 -2.004069
0.347814 -2.004069 0.347814 -2.004069
0.380939 -2.004069 0.380939 -2.004069
0.414064 -2.004069 0.414064 -2.004069
0.447189 -2.004069 0.447189 -2.004069
0.480314 -2.004069 0.480314 -2.004069
0.513439 -2.004069 0.513439 -2.004069
0.546564 -2.004069 0.546564 -2.004069
0.579689 -2.004069 0.579689 -2.004069
0.612814 -2.004069 0.612814 -2.004069
0.645940 -2.004069 0.645940 -2.004069
0.679065 -2.004069 0.679065 -2.004069
0.712190 -2.004069 0.712190 -2.004069
0.745315 -2.004069 0.745315 -2.004069
0.778440 -2.004069 0.778440 -2.004069
0.811565 -2.004069 0.811565 -2.004069
0.844690 -2.004069 0.844690 -2.004069
0.877815 -2.004069 0.877815 -2.004069
0.910940 -2.004069 0.910940 -2.004069
0.944066 -2.004069 0.944066 -2.004069
0.977191 -2.004069 0.977191 -2.004069
1.010316 -2.004069 1.010316 -2.004069
1.043441 -2.004069 1.043441 -2.004069
1.076566 -2.004069 1.076566 -2.004069
1.109691 -2.004069 1.109691 -2.004069
1.142816 -2.004069 1.142816 -2.004069
1.175941 -2.004069 1.175941 -2.004069
1.209066 -2.004069 1.209066 -2.004069
1.242191 -2.004069 1.242191 -2.004069
1.275317 -2.004069 1.275317 -2.004069
1.308442 -2.004069 1.308442 -2.004069
1.341567 -2.004069 1.341567 -2.004069
1.374692 -2.004069 1.374692 -2.004069
1.407817 -2.004069 1.407817 -2.004069
1.440942 -2.004069 1.440942 -2.004069
1.474067 -2.004069 1.474067 -2.004069
1.507192 -2.004069 1.507192 -2.004069
1.540317 -2.004069 1.540317 -2.004069
1.573443 -2.004069 1.573443 -2.004069
1.606568 -2.004069 1.606568 -2.004069
1.639693 -2.004069 1.639693 -2.004069
1.672818 -2.004069 1.672818 -2.004069
1.705943 -2.004069 1.705943 -2.004069
1.739068 -2.004069 1.739068 -2.004069
1.772193 -2.004069 1.772193 -2.004069
1.805318 -2.004069 1.805318 -2.004069
1.838443 -2.004069 1.838443 -2.004069
1.871568 -2.004069 1.871568 -2.004069
1.904694 -2.004069 1.904694 -2.004069
1.937819 -2.004069 1.937819 -2.004069
1.970944 -2.004069 1.970944 -2.004069
2.004069 -2.004069 2.004069 -2.004069
2.037194 -2.004069 2.037194 -2.004069
2.070319 -2.004069 2.070319 -2.004069
2.103444 -2.004069 2.103444 -2.004069
-2.103444 -1.970944 -2.103444 -1.970944
-2.070319 -1.970944 -2.070319 -1.970944
-2.037194 -1.970944 -2.037194 -1.970944
-2.004069 -1.970944 -2.004069 -1.970944
-1.970944 -1.970944 -1.970944 -1.970944
-1.937819 -1.970944 -1.937819 -1.970944
-1.904694 -1.970944 -1.904694 -1.970944
-1.871568 -1.970944 -1.871568 -1.970944
-1.838443 -1.970944 -1.838443 -1.970944
-1.805318 -1.970944 -1.805318 -1.970944
-1.772193 -1.970944 -1.772193 -1.970944
-1.739068 -1.970944 -1.739068 -1.970944
-1.705943 -1.970944 -1.705943 -1.970944
-1.672818 -1.970944 -1.672818 -1.970944
-1.639693 -1.970944 -1.639693 -1.970944
-1.606568 -1.970944 -1.606568 -1.970944
-1.573443 -1.970944 -1.573443 -1.970944
-1.540317 -1.970944 -1.540317 -1.970944
-1.507192 -1.970944 -1.507192 -1.970944
-1.474067 -1.970944 -1.474067 -1.970944
-1.440942 -1.970944 -1.440942 -1.970944
-1.407817 -1.970944 -1.407817 -1.970944
-1.374692 -1.970944 -1.374692 -1.970944
-1.341567 -1.970944 -1.341567 -1.970944
-1.308442 -1.970944 -1.308442 -1.970944
-1.275317 -1.970944 -1.275317 -1.970944
-1.242191 -1.970944 -1.242191 -1.970944
-1.209066 -1.970944 -1.209066 -1.970944
-1.175941 -1.970944 -1.175941 -1.970944
-1.142816 -1.970944 -1.142816 -1.970944
-1.109691 -1.970944 -1.109691 -1.970944
-1.076566 -1.970944 -1.076566 -1.970944
-1.043441 -1.970944 -1.043441 -1.970944
-1.010316 -1.970944 -1.010316 -1.970944
-0.977191 -1.970944 -0.977191 -1.970944
-0.944066 -1.970944 -0.944066 -1.970944
-0.910940 -1.970944 -0.910940 -1.970944
-0.877815 -1.970944 -0.877815 -1.970944
-0.844690 -1.970944 -0.844690 -1.970944
-0.811565 -1.970944 -0.811565 -1.970944
-0.778440 -1.970944 -0.778440 -1.970944
-0.745315 -1.970944 -0.745315 -1.970944
-0.712190 -1.970944 -0.712190 -1.970944
-0.679065 -1.970944 -0.679065 -1.970944
-0.645940 -1.970944 -0.645940 -1.970944
-0.612814 -1.970944 -0.612814 -1.970944
-0.579689 -1.970944 -0.579689 -1.970944
-0.546564 -1.970944 -0.546564 -1.970944
-0.513439 -1.970944 -0.513439 -1.970944
-0.480314 -1.970944 -0.480314 -1.970944
-0.447189 -1.970944 -0.447189 -1.970944
-0.414064 -1.970944 -0.414064 -1.970944
-0.380939 -1.970944 -0.380939 -1.970944
-0.347814 -1.970944 -0.347814 -1.970944
-0.314689 -1.970944 -0.314689 -1.970944
-0.281563 -1.970944 -0.281563 -1.970944
-0.248438 -1.970944 -0.248438 -1.970944
-0.215313 -1.970944 -0.215313 -1.970944
-0.182188 -1.970944 -0.182188 -1.970944
-0.149063 -1.970944 -0.149063 -1.970944
-0.115938 -1.970944 -0.115938 -1.970944
-0.082813 -1.970944 -0.082813 -1.970944
-0.049688 -1.970944 -0.049688 -1.970944
-0.016563 -1.970944 -0.016563 -1.970944
0.016563 -1.970944 0.016563 -1.970944
0.049688 -1.970944 0.049688 -1.970944
0.082813 -1.970944 0.082813 -1.970944
0.115938 -1.970944 0.115938 -1.970944
0.149063 -1.970944 0.149063 -1.970944
0.182188 -1.970944 0.182188 -1.970944
0.215313 -1.970944 0.215313 -1.970944
0.248438 -1.970944 0.248438 -1.970944
0.281563 -1.970944 0.281563 -1.970944
0.314689 -1.970944 0.314689 -1.970944
0.347814 -1.970944 0.347814 -1.970944
0.380939 -1.970944 0.380939 -1.970944
0.414064 -1.970944 0.414064 -1.970944
0.447189 -1.970944 0.447189 -1.970944
0.480314 -1.970944 0.480314 -1.970944
0.513439 -1.970944 0.513439 -1.970944
0.546564 -1.970944 0.546564 -1.970944
0.579689 -1.970944 0.579689 -1.970944
0.612814 -1.970944 0.612814 -1.970944
0.645940 -1.970944 0.645940 -1.970944
0.679065 -1.970944 0.679065 -1.970944
0.712190 -1.970944 0.712190 -1.970944
0.745315 -1.970944 0.745315 -1.970944
0.778440 -1.970944 0.778440 -1.970944
0.811565 -1.970944 0.811565 -1.970944
0.844690 -1.970944 0.844690 -1.970944
0.877815 -1.970944 0.877815 -1.970944
0.910940 -1.970944 0.910940 -1.970944
0.944066 -1.970944 0.944066 -1.970944
0.977191 -1.970944 0.977191 -1.970944
1.010316 -1.970944 1.010316 -1.970944
1.043441 -1.970944 1.043441 -1.970944
1.076566 -1.970944 1.076566 -1.970944
1.109691 -1.970944 1.109691 -1.970944
1.142816 -1.970944 1.142816 -1.970944
1.175941 -1.970944 1.175941 -1.970944
1.209066 -1.970944 1.209066 -1.970944
1.242191 -1.970944 1.242191 -1.970944
1.275317 -1.970944 1.275317 -1.970944
1.308442 -1.970944 1.308442 -1.970944
1.341567 -1.970944 1.341567 -1.970944
1.374692 -1.970944 1.374692 -1.970944
1.407817 -1.970944 1.407817 -1.970944
1.440942 -1.970944 1.440942 -1.970944
1.474067 -1.970944 1.474067 -1.970944
1.507192 -1.970944 1.507192 -1.970944
1.540317 -1.970944 1.540317 -1.970944
1.573443 -1.970944 1.573443 -1.970944
1.606568 -1.970944 1.606568 -1.970944
1.639693 -1.970944 1.639693 -1.970944
1.672818 -1.970944 1.672818 -1.970944
1.705943 -1.970944 1.705943 -1.970944
1.739068 -1.970944 1.739068 -1.970944
1.772193 -1.970944 1.772193 -1.970944
1.805318 -1.970944 1.805318 -1.970944
1.838443 -1.970944 1.838443 -1.970944
1.871568 -1.970944 1.871568 -1.970944
1.904694 -1.970944 1.904694 -1.970944
1.937819 -1.970944 1.937819 -1.970944
1.970944 -1.970944 1.970944 -1.970944
2.004069 -1.970944 2.004069 -1.970944
2.037194 -1.970944 2.037194 -1.970944
2.070319 -1.970944 2.070319 -1.970944
2.103444 -1.970944 2.103444 -1.970944
-2.103444 -1.937819 -2.103444 -1.937819
-2.070319 -1.937819 -2.070319 -1.937819
-2.037194 -1.937819 -2.037194 -1.937819
-2.004069 -1.937819 -2.004069 -1.937819
-1.970944 -1.937819 -1.970944 -1.937819
-1.937819 -1.937819 -1.937819 -1.937819
-1.904694 -1.937819 -1.904694 -1.937819
-1.871568 -1.937819 -1.871568 -1.937819
-1.838443 -1.937819 -1.838443 -1.937819
-1.805318 -1.937819 -1.805318 -1.937819
-1.772193 -1.937819 -1.772193 -1.937819
-1.739068 -1.937819 -1.739068 -1.937819
-1.705943 -1.937819 -1.705943 -1.937819
-1.672818 -1.937819 -1.672818 -1.937819
-1.639693 -1.937819 -1.639693 -1.937819
-1.606568 -1.937819 -1.606568 -1.937819
-1.573443 -1.937819 -1.573443 -1.937819
-1.540317 -1.937819 -1.540317 -1.937819
-1.507192 -1.937819 -1.507192 -1.937819
-1.474067 -1.937819 -1.474067 -1.937819
-1.440942 -1.937819 -1.440942 -1.937819
-1.407817 -1.937819 -1.407817 -1.937819
-1.374692 -1.937819 -1.374692 -1.937819
-1.341567 -1.937819 -1.341567 -1.937819
-1.308442 -1.937819 -1.308442 -1.937819
-1.275317 -1.937819 -1.275317 -1.937819
-1.242191 -1.937819 -1.242191 -1.937819
-1.209066 -1.937819 -1.209066 -1.937819
-1.175941 -1.937819 -1.175941 -1.937819
-1.142816 -1.937819 -1.142816 -1.937819
-1.109691 -1.937819 -1.109691 -1.937819
-1.076566 -1.937819 -1.076566 -1.937819
-1.043441 -1.937819 -1.043441 -1.937819
-1.010316 -1.937819 -1.010316 -1.937819
-0.977191 -1.937819 -0.977191 -1.937819
-0.944066 -1.937819 -0.944066 -1.937819
-0.910940 -1.937819 -0.910940 -1.937819
-0.877815 -1.937819 -0.877815 -1.937819
-0.844690 -1.937819 -0.844690 -1.937819
-0.811565 -1.937819 -0.811565 -1.937819
-0.778440 -1.937819 -0.778440 -1.937819
-0.745315 -1.937819 -0.745315 -1.937819
-0.712190 -1.937819 -0.712190 -1.937819
-0.679065 -1.937819 -0.679065 -1.937819
-0.645940 -1.937819 -0.645940 -1.937819
-0.612814 -1.937819 -0.612814 -1.937819
-0.579689 -1.937819 -0.579689 -1.937819
-0.546564 -1.937819 -0.546564 -1.937819
-0.513439 -1.937819 -0.513439 -1.937819
-0.480314 -1.937819 -0.480314 -1.937819
-0.447189 -1.937819 -0.447189 -1.937819
-0.414064 -1.937819 -0.414064 -1.937819
-0.380939 -1.937819 -0.380939 -1.937819
-0.347814 -1.937819 -0.347814 -1.937819
-0.314689 -1.937819 -0.314689 -1.937819
-0.281563 -1.937819 -0.281563 -1.937819
-0.248438 -1.937819 -0.248438 -1.937819
-0.215313 -1.937819 -0.215313 -1.937819
-0.182188 -1.937819 -0.182188 -1.937819
-0.149063 -1.937819 -0.149063 -1.937819
-0.115938 -1.937819 -0.115938 -1.937819
-0.082813 -1.937819 -0.082813 -1.937819
-0.049688 -1.937819 -0.049688 -1.937819
-0.016563 -1.937819 -0.016563 -1.937819
0.016563 -1.937819 0.016563 -1.937819
0.049688 -1.937819 0.049688 -1.937819
0.082813 -1.937819 0.082813 -1.937819
0.115938 -1.937819 0.115938 -1.937819
0.149063 -1.937819 0.149063 -1.937819
0.182188 -1.937819 0.182188 -1.937819
0.215313 -1.937819 0.215313 -1.937819
0.248438 -1.937819 0.248438 -1.937819
0.281563 -1.937819 0.281563 -1.937819
0.314689 -1.937819 0.314689 -1.937819
0.347814 -1.937819 0.347814 -1.937819
0.380939 -1.937819 0.380939 -1.937819
0.414064 -1.937819 0.414064 -1.937819
0.447189 -1.937819 0.447189 -1.937819
0.480314 -1.937819 0.480314 -1.937819
0.513439 -1.937819 0.513439 -1.937819
0.546564 -1.937819 0.546564 -1.937819
0.579689 -1.937819 0.579689 -1.937819
0.612814 -1.937819 0.612814 -1.937819
0.645940 -1.937819 0.645940 -1.937819
0.679065 -1.937819 0.679065 -1.937819
0.712190 -1.937819 0.712190 -1.937819
0.745315 -1.937819 0.745315 -1.937819
0.778440 -1.937819 0.778440 -1.937819
0.811565 -1.937819 0.811565 -1.937819
0.844690 -1.937819 0.844690 -1.937819
0.877815 -1.937819 0.877815 -1.937819
0.910940 -1.937819 0.910940 -1.937819
0.944066 -1.937819 0.944066 -1.937819
0.977191 -1.937819 0.977191 -1.937819
1.010316 -1.937819 1.010316 -1.937819
1.043441 -1.937819 1.043441 -1.937819
1.076566 -1.937819 1.076566 -1.937819
1.109691 -1.937819 1.109691 -1.937819
1.142816 -1.937819 1.142816 -1.937819
1.175941 -1.937819 1.175941 -1.937819
1.209066 -1.937819 1.209066 -1.937819
1.242191 -1.937819 1.242191 -1.937819
1.275317 -1.937819 1.275317 -1.937819
1.308442 -1.937819 1.308442 -1.937819
1.341567 -1.937819 1.341567 -1.937819
1.374692 -1.937819 1.374692 -1.937819
1.407817 -1.937819 1.407817 -1.937819
1.440942 -1.937819 1.440942 -1.937819
1.474067 -1.937819 1.474067 -1.937819
1.507192 -1.937819 1.507192 -1.937819
1.540317 -1.937819 1.540317 -1.937819
1.573443 -1.937819 1.573443 -1.937819
1.606568 -1.937819 1.606568 -1.937819
1.639693 -1.937819 1.639693 -1.937819
1.672818 -1.937819 1.672818 -1.937819
1.705943 -1.937819 1.705943 -1.937819
1.739068 -1.937819 1.739068 -1.937819
1.772193 -1.937819 1.772193 -1.937819
1.805318 -1.937819 1.805318 -1.937819
1.838443 -1.937819 1.838443 -1.937819
1.871568 -1.937819 1.871568 -1.937819
1.904694 -1.937819 1.904694 -1.937819
1.937819 -1.937819 1.937819 -1.937819
1.970944 -1.937819 1.970944 -1.937819
2.004069 -1.937819 2.004069 -1.937819
2.037194 -1.937819 2.037194 -1.937819
2.070319 -1.937819 2.070319 -1.937819
2.103444 -1.937819 2.103444 -1.937819
-2.103444 -1.904694 -2.103444 -1.904694
-2.070319 -1.904694 -2.070319 -1.904694
-2.037194 -1.904694 -2.037194 -1.904694
-2.004069 -1.904694 -2.004069 -1.904694
-1.970944 -1.904694 -1.970944 -1.904694
-1.937819 -1.904694 -1.937819 -1.904694
-1.904694 -1.904694 -1.904694 -1.904694
-1.871568 -1.904694 -1.871568 -1.904694
-1.838443 -1.904694 -1.838443 -1.904694
-1.805318 -1.904694 -1.805318 -1.904694
-1.772193 -1.904694 -1.772193 -1.904694
-1.739068 -1.904694 -1.739068 -1.904694
-1.705943 -1.904694 -1.705943 -1.904694
-1.672818 -1.904694 -1.672818 -1.904694
-1.639693 -1.904694 -1.639693 -1.904694
-1.606568 -1.904694 -1.606568 -1.904694
-1.573443 -1.904694 -1.573443 -1.904694
-1.540317 -1.904694 -1.540317 -1.904694
-1.507192 -1.904694 -1.507192 -1.904694
-1.474067 -1.904694 -1.474067 -1.904694
-1.440942 -1.904694 -1.440942 -1.904694
-1.407817 -1.904694 -1.407817 -1.904694
-1.374692 -1.904694 -1.374692 -1.904694
-1.341567 -1.904694 -1.341567 -1.904694
-1.308442 -1.904694 -1.308442 -1.904694
-1.275317 -1.904694 -1.275317 -1.904694
-1.242191 -1.904694 -1.242191 -1.904694
-1.209066 -1.904694 -1.209066 -1.904694
-1.175941 -1.904694 -1.175941 -1.904694
-1.142816 -1.904694 -1.142816 -1.904694
-1.109691 -1.904694 -1.109691 -1.904694
-1.076566 -1.904694 -1.076566 -1.904694
-1.043441 -1.904694 -1.043441 -1.904694
-1.010316 -1.904694 -1.010316 -1.904694
-0.977191 -1.904694 -0.977191 -1.904694
-0.944066 -1.904694 -0.944066 -1.904694
-0.910940 -1.904694 -0.910940 -1.904694
-0.877815 -1.904694 -0.877815 -1.904694
-0.844690 -1.904694 -0.844690 -1.904694
-0.811565 -1.904694 -0.811565 -1.904694
-0.778440 -1.904694 -0.778440 -1.904694
-0.745315 -1.904694 -0.745315 -1.904694
-0.712190 -1.904694 -0.712190 -1.904694
-0.679065 -1.904694 -0.679065 -1.904694
-0.645940 -1.904694 -0.645940 -1.904694
-0.612814 -1.904694 -0.612814 -1.904694
-0.579689 -1.904694 -0.579689 -1.904694
-0.546564 -1.904694 -0.546564 -1.904694
-0.513439 -1.904694 -0.513439 -1.904694
-0.480314 -1.904694 -0.480314 -1.904694
-0.447189 -1.904694 -0.447189 -1.904694
-0.414064 -1.904694 -0.414064 -1.904694
-0.380939 -1.904694 -0.380939 -1.904694
-0.347814 -1.904694 -0.347814 -1.904694
-0.314689 -1.904694 -0.314689 -1.904694
-0.281563 -1.904694 -0.281563 -1.904694
-0.248438 -1.904694 -0.248438 -1.904694
-0.215313 -1.904694 -0.215313 -1.904694
-0.182188 -1.904694 -0.182188 -1.904694
-0.149063 -1.904694 -0.149063 -1.904694
-0.115938 -1.904694 -0.115938 -1.904694
-0.082813 -1.904694 -0.082813 -1.904694
-0.049688 -1.904694 -0.049688 -1.904694
-0.016563 -1.904694 -0.016563 -1.904694
0.016563 -1.904694 0.016563 -1.904694
0.049688 -1.904694 0.049688 -1.904694
0.082813 -1.904694 0.082813 -1.904694
0.115938 -1.904694 0.115938 -1.904694
0.149063 -1.904694 0.149063 -1.904694
0.182188 -1.904694 0.182188 -1.904694
0.215313 -1.904694 0.215313 -1.904694
0.248438 -1.904694 0.248438 -1.904694
0.281563 -1.904694 0.281563 -1.904694
0.314689 -1.904694 0.314689 -1.904694
0.347814 -1.904694 0.347814 -1.904694
0.380939 -1.904694 0.380939 -1.904694
0.414064 -1.904694 0.414064 -1.904694
0.447189 -1.904694 0.447189 -1.904694
0.480314 -1.904694 0.480314 -1.904694
0.513439 -1.904694 0.513439 -1.904694
0.546564 -1.904694 0.546564 -1.904694
0.579689 -1.904694 0.579689 -1.904694
0.612814 -1.904694 0.612814 -1.904694
0.645940 -1.904694 0.645940 -1.904694
0.679065 -1.904694 0.679065 -1.904694
0.712190 -1.904694 0.712190 -1.904694
0.745315 -1.904694 0.745315 -1.904694
0.778440 -1.904694 0.778440 -1.904694
0.811565 -1.904694 0.811565 -1.904694
0.844690 -1.904694 0.844690 -1.904694
0.877815 -1.904694 0.877815 -1.904694
0.910940 -1.904694 0.910940 -1.904694
0.944066 -1.904694 0.944066 -1.904694
0.977191 -1.904694 0.977191 -1.904694
1.010316 -1.904694 1.010316 -1.904694
1.043441 -1.904694 1.043441 -1.904694
1.076566 -1.904694 1.076566 -1.904694
1.109691 -1.904694 1.109691 -1.904694
1.142816 -1.904694 1.142816 -1.904694
1.175941 -1.904694 1.175941 -1.904694
1.209066 -1.904694 1.209066 -1.904694
1.242191 -1.904694 1.242191 -1.904694
1.275317 -1.904694 1.275317 -1.904694
1.308442 -1.904694 1.308442 -1.904694
1.341567 -1.904694 1.341567 -1.904694
1.374692 -1.904694 1.374692 -1.904694
1.407817 -1.904694 1.407817 -1.904694
1.440942 -1.904694 1.440942 -1.904694
1.474067 -1.904694 1.474067 -1.904694
1.507192 -1.904694 1.507192 -1.904694
1.540317 -1.904694 1.540317 -1.904694
1.573443 -1.904694 1.573443 -1.904694
1.606568 -1.904694 1.606568 -1.904694
1.639693 -1.904694 1.639693 -1.904694
1.672818 -1.904694 1.672818 -1.904694
1.705943 -1.904694 1.705943 -1.904694
1.739068 -1.904694 1.739068 -1.904694
1.772193 -1.904694 1.772193 -1.904694
1.805318 -1.904694 1.805318 -1.904694
1.838443 -1.904694 1.838443 -1.904694
1.871568 -1.904694 1.871568 -1.904694
1.904694 -1.904694 1.904694 -1.904694
1.937819 -1.904694 1.937819 -1.904694
1.970944 -1.904694 1.970944 -1.904694
2.004069 -1.904694 2.004069 -1.904694
2.037194 -1.904694 2.037194 -1.904694
2.070319 -1.904694 2.070319 -1.904694
2.103444 -1.904694 2.103444 -1.904694
-2.103444 -1.871568 -2.103444 -1.871568
-2.070319 -1.871568 -2.070319 -1.871568
-2.037194 -1.871568 -2.037194 -1.871568
-2.004069 -1.871568 -2.004069 -1.871568
-1.970944 -1.871568 -1.970944 -1.871568
-1.937819 -1.871568 -1.937819 -1.871568
-1.904694 -1.871568 -1.904694 -1.871568
-1.871568 -1.871568 -1.871568 -1.871568
-1.838443 -1.871568 -1.838443 -1.871568
-1.805318 -1.871568 -1.805318 -1.871568
-1.772193 -1.871568 -1.772193 -1.871568
-1.739068 -1.871568 -1.739068 -1.871568
-1.705943 -1.871568 -1.705943 -1.871568
-1.672818 -1.871568 -1.672818 -1.871568
-1.639693 -1.871568 -1.639693 -1.871568
-1.606568 -1.871568 -1.606568 -1.871568
-1.573443 -1.871568 -1.573443 -1.871568
-1.540317 -1.871568 -1.540317 -1.871568
-1.507192 -1.871568 -1.507192 -1.871568
-1.474067 -1.871568 -1.474067 -1.871568
-1.440942 -1.871568 -1.440942 -1.871568
-1.407817 -1.871568 -1.407817 -1.871568
-1.374692 -1.871568 -1.374692 -1.871568
-1.341567 -1.871568 -1.341567 -1.871568
-1.308442 -1.871568 -1.308442 -1.871568
-1.275317 -1.871568 -1.275317 -1.871568
-1.242191 -1.871568 -1.242191 -1.871568
-1.209066 -1.871568 -1.209066 -1.871568
-1.175941 -1.871568 -1.175941 -1.871568
-1.142816 -1.871568 -1.142816 -1.871568
-1.109691 -1.871568 -1.109691 -1.871568
-1.076566 -1.871568 -1.076566 -1.871568
-1.043441 -1.871568 -1.043441 -1.871568
-1.010316 -1.871568 -1.010316 -1.871568
-0.977191 -1.871568 -0.977191 -1.871568
-0.944066 -1.871568 -0.944066 -1.871568
-0.910940 -1.871568 -0.910940 -1.871568
-0.877815 -1.871568 -0.877815 -1.871568
-0.844690 -1.871568 -0.844690 -1.871568
-0.811565 -1.871568 -0.811565 -1.871568
-0.778440 -1.871568 -0.778440 -1.871568
-0.745315 -1.871568 -0.745315 -1.871568
-0.712190 -1.871568 -0.712190 -1.871568
-0.679065 -1.871568 -0.679065 -1.871568
-0.645940 -1.871568 -0.645940 -1.871568
-0.612814 -1.871568 -0.612814 -1.871568
-0.579689 -1.871568 -0.579689 -1.871568
-0.546564 -1.871568 -0.546564 -1.871568
-0.513439 -1.871568 -0.513439 -1.871568
-0.480314 -1.871568 -0.480314 -1.871568
-0.447189 -1.871568 -0.447189 -1.871568
-0.414064 -1.871568 -0.414064 -1.871568
-0.380939 -1.871568 -0.380939 -1.871568
-0.347814 -1.871568 -0.347814 -1.871568
-0.314689 -1.871568 -0.314689 -1.871568
-0.281563 -1.871568 -0.281563 -1.871568
-0.248438 -1.871568 -0.248438 -1.871568
-0.215313 -1.871568 -0.215313 -1.871568
-0.182188 -1.871568 -0.182188 -1.871568
-0.149063 -1.871568 -0.149063 -1.871568
-0.115938 -1.871568 -0.115938 -1.871568
-0.082813 -1.871568 -0.082813 -1.871568
-0.049688 -1.871568 -0.049688 -1.871568
-0.016563 -1.871568 -0.016563 -1.871568
0.016563 -1.871568 0.016563 -1.871568
0.049688 -1.871568 0.049688 -1.871568
0.082813 -1.871568 0.082813 -1.871568
0.115938 -1.871568 0.115938 -1.871568
0.149063 -1.871568 0.149063 -1.871568
0.182188 -1.871568 0.182188 -1.871568
0.215313 -1.871568 0.215313 -1.871568
0.248438 -1.871568 0.248438 -1.871568
0.281563 -1.871568 0.281563 -1.871568
0.314689 -1.871568 0.314689 -1.871568
0.347814 -1.871568 0.347814 -1.871568
0.380939 -1.871568 0.380939 -1.871568
0.414064 -1.871568 0.414064 -1.871568
0.447189 -1.871568 0.447189 -1.871568
0.480314 -1.871568 0.480314 -1.871568
0.513439 -1.871568 0.513439 -1.871568
0.546564 -1.871568 0.546564 -1.871568
0.579689 -1.871568 0.579689 -1.871568
0.612814 -1.871568 0.612814 -1.871568
0.645940 -1.871568 0.645940 -1.871568
0.679065 -1.871568 0.679065 -1.871568
0.712190 -1.871568 0.712190 -1.871568
0.745315 -1.871568 0.745315 -1.871568
0.778440 -1.871568 0.778440 -1.871568
0.811565 -1.871568 0.811565 -1.871568
0.844690 -1.871568 0.844690 -1.871568
0.877815 -1.871568 0.877815 -1.871568
0.910940 -1.871568 0.910940 -1.871568
0.944066 -1.871568 0.944066 -1.871568
0.977191 -1.871568 0.977191 -1.871568
1.010316 -1.871568 1.010316 -1.871568
1.043441 -1.871568 1.043441 -1.871568
1.076566 -1.871568 1.076566 -1.871568
1.109691 -1.871568 1.109691 -1.871568
1.142816 -1.871568 1.142816 -1.871568
1.175941 -1.871568 1.175941 -1.871568
1.209066 -1.871568 1.209066 -1.871568
1.242191 -1.871568 1.242191 -1.871568
1.275317 -1.871568 1.275317 -1.871568
1.308442 -1.871568 1.308442 -1.871568
1.341567 -1.871568 1.341567 -1.871568
1.374692 -1.871568 1.374692 -1.871568
1.407817 -1.871568 1.407817 -1.871568
1.440942 -1.871568 1.440942 -1.871568
1.474067 -1.871568 1.474067 -1.871568
1.507192 -1.871568 1.507192 -1.871568
1.540317 -1.871568 1.540317 -1.871568
1.573443 -1.871568 1.573443 -1.871568
1.606568 -1.871568 1.606568 -1.871568
1.639693 -1.871568 1.639693 -1.871568
1.672818 -1.871568 1.672818 -1.871568
1.705943 -1.871568 1.705943 -1.871568
1.739068 -1.871568 1.739068 -1.871568
1.772193 -1.871568 1.772193 -1.871568
1.805318 -1.871568 1.805318 -1.871568
1.838443 -1.871568 1.838443 -1.871568
1.871568 -1.871568 1.871568 -1.871568
1.904694 -1.871568 1.904694 -1.871568
1.937819 -1.871568 1.937819 -1.871568
1.970944 -1.871568 1.970944 -1.871568
2.004069 -1.871568 2.004069 -1.871568
2.037194 -1.871568 2.037194 -1.871568
2.070319 -1.871568 2.070319 -1.871568
2.103444 -1.871568 2.103444 -1.871568
-2.103444 -1.838443 -2.103444 -1.838443
-2.070319 -1.838443 -2.070319 -1.838443
-2.037194 -1.838443 -2.037194 -1.838443
-2.004069 -1.838443 -2.004069 -1.838443
-1.970944 -1.838443 -1.970944 -1.838443
-1.937819 -1.838443 -1.937819 -1.838443
-1.904694 -1.838443 -1.904694 -1.838443
-1.871568 -1.838443 -1.871568 -1.838443
-1.838443 -1.838443 -1.838443 -1.838443
-1.805318 -1.838443 -1.805318 -1.838443
-1.772193 -1.838443 -1.772193 -1.838443
-1.739068 -1.838443 -1.739068 -1.838443
-1.705943 -1.838443 -1.705943 -1.838443
-1.672818 -1.838443 -1.672818 -1.838443
-1.639693 -1.838443 -1.639693 -1.838443
-1.606568 -1.838443 -1.606568 -1.838443
-1.573443 -1.838443 -1.573443 -1.838443
-1.540317 -1.838443 -1.540317 -1.838443
-1.507192 -1.838443 -1.507192 -1.838443
-1.474067 -1.838443 -1.474067 -1.838443
-1.440942 -1.838443 -1.440942 -1.838443
-1.407817 -1.838443 -1.407817 -1.838443
-1.374692 -1.838443 -1.374692 -1.838443
-1.341567 -1.838443 -1.341567 -1.838443
-1.308442 -1.838443 -1.308442 -1.838443
-1.275317 -1.838443 -1.275317 -1.838443
-1.242191 -1.838443 -1.242191 -1.838443
-1.209066 -1.838443 -1.209066 -1.838443
-1.175941 -1.838443 -1.175941 -1.838443
-1.142816 -1.838443 -1.142816 -1.838443
-1.109691 -1.838443 -1.109691 -1.838443
-1.076566 -1.838443 -1.076566 -1.838443
-1.043441 -1.838443 -1.043441 -1.838443
-1.010316 -1.838443 -1.010316 -1.838443
-0.977191 -1.838443 -0.977191 -1.838443
-0.944066 -1.838443 -0.944066 -1.838443
-0.910940 -1.838443 -0.910940 -1.838443
-0.877815 -1.838443 -0.877815 -1.838443
-0.844690 -1.838443 -0.844690 -1.838443
-0.811565 -1.838443 -0.811565 -1.838443
-0.778440 -1.838443 -0.778440 -1.838443
-0.745315 -1.838443 -0.745315 -1.838443
-0.712190 -1.838443 -0.712190 -1.838443
-0.679065 -1.838443 -0.679065 -1.838443
-0.645940 -1.838443 -0.645940 -1.838443
-0.612814 -1.838443 -0.612814 -1.838443
-0.579689 -1.838443 -0.579689 -1.838443
-0.546564 -1.838443 -0.546564 -1.838443
-0.513439 -1.838443 -0.513439 -1.838443
-0.480314 -1.838443 -0.480314 -1.838443
-0.447189 -1.838443 -0.447189 -1.838443
-0.414064 -1.838443 -0.414064 -1.838443
-0.380939 -1.838443 -0.380939 -1.838443
-0.347814 -1.838443 -0.347814 -1.838443
-0.314689 -1.838443 -0.314689 -1.838443
-0.281563 -1.838443 -0.281563 -1.838443
-0.248438 -1.838443 -0.248438 -1.838443
-0.215313 -1.838443 -0.215313 -1.838443
-0.182188 -1.838443 -0.182188 -1.838443
-0.149063 -1.838443 -0.149063 -1.838443
-0.115938 -1.838443 -0.115938 -1.838443
-0.082813 -1.838443 -0.082813 -1.838443
-0.049688 -1.838443 -0.049688 -1.838443
-0.016563 -1.838443 -0.016563 -1.838443
0.016563 -1.838443 0.016563 -1.838443
0.049688 -1.838443 0.049688 -1.838443
0.082813 -1.838443 0.082813 -1.838443
0.115938 -1.838443 0.115938 -1.838443
0.149063 -1.838443 0.149063 -1.838443
0.182188 -1.838443 0.182188 -1.838443
0.215313 -1.838443 0.215313 -1.838443
0.248438 -1.838443 0.248438 -1.838443
0.281563 -1.838443 0.281563 -1.838443
0.314689 -1.838443 0.314689 -1.838443
0.347814 -1.838443 0.347814 -1.838443
0.380939 -1.838443 0.380939 -1.838443
0.414064 -1.838443 0.414064 -1.838443
0.447189 -1.838443 0.447189 -1.838443
0.480314 -1.838443 0.480314 -1.838443
0.513439 -1.838443 0.513439 -1.838443
0.546564 -1.838443 0.546564 -1.838443
0.579689 -1.838443 0.579689 -1.838443
0.612814 -1.838443 0.612814 -1.838443
0.645940 -1.838443 0.645940 -1.838443
0.679065 -1.838443 0.679065 -1.838443
0.712190 -1.838443 0.712190 -1.838443
0.745315 -1.838443 0.745315 -1.838443
0.778440 -1.838443 0.778440 -1.838443
0.811565 -1.838443 0.811565 -1.838443
0.844690 -1.838443 0.844690 -1.838443
0.877815 -1.838443 0.877815 -1.838443
0.910940 -1.838443 0.910940 -1.838443
0.944066 -1.838443 0.944066 -1.838443
0.977191 -1.838443 0.977191 -1.838443
1.010316 -1.838443 1.010316 -1.838443
1.043441 -1.838443 1.043441 -1.838443
1.076566 -1.838443 1.076566 -1.838443
1.109691 -1.838443 1.109691 -1.838443
1.142816 -1.838443 1.142816 -1.838443
1.175941 -1.838443 1.175941 -1.838443
1.209066 -1.838443 1.209066 -1.838443
1.242191 -1.838443 1.242191 -1.838443
1.275317 -1.838443 1.275317 -1.838443
1.308442 -1.838443 1.308442 -1.838443
1.341567 -1.838443 1.341567 -1.838443
1.374692 -1.838443 1.374692 -1.838443
1.407817 -1.838443 1.407817 -1.838443
1.440942 -1.838443 1.440942 -1.838443
1.474067 -1.838443 1.474067 -1.838443
1.507192 -1.838443 1.507192 -1.838443
1.540317 -1.838443 1.540317 -1.838443
1.573443 -1.838443 1.573443 -1.838443
1.606568 -1.838443 1.606568 -1.838443
1.639693 -1.838443 1.639693 -1.838443
1.672818 -1.838443 1.672818 -1.838443
1.705943 -1.838443 1.705943 -1.838443
1.739068 -1.838443 1.739068 -1.838443
1.772193 -1.838443 1.772193 -1.838443
1.805318 -1.838443 1.805318 -1.838443
1.838443 -1.838443 1.838443 -1.838443
1.871568 -1.838443 1.871568 -1.838443
1.904694 -1.838443 1.904694 -1.838443
1.937819 -1.838443 1.937819 -1.838443
1.970944 -1.838443 1.970944 -1.838443
2.004069 -1.838443 2.004069 -1.838443
2.037194 -1.838443 2.037194 -1.838443
2.070319 -1.838443 2.070319 -1.838443
2.103444 -1.838443 2.103444 -1.838443
-2.103444 -1.805318 -2.103444 -1.805318
-2.070319 -1.805318 -2.070319 -1.805318
-2.037194 -1.805318 -2.037194 -1.805318
-2.004069 -1.805318 -2.004069 -1.805318
-1.970944 -1.805318 -1.970944 -1.805318
-1.937819 -1.805318 -1.937819 -1.805318
-1.904694 -1.805318 -1.904694 -1.805318
-1.871568 -1.805318 -1.871568 -1.805318
-1.838443 -1.805318 -1.838443 -1.805318
-1.805318 -1.805318 -1.805318 -1.805318
-1.772193 -1.805318 -1.772193 -1.805318
-1.739068 -1.805318 -1.739068 -1.805318
-1.705943 -1.805318 -1.705943 -1.805318
-1.672818 -1.805318 -1.672818 -1.805318
-1.639693 -1.805318 -1.639693 -1.805318
-1.606568 -1.805318 -1.606568 -1.805318
-1.573443 -1.805318 -1.573443 -1.805318
-1.540317 -1.805318 -1.540317 -1.805318
-1.507192 -1.805318 -1.507192 -1.805318
-1.474067 -1.805318 -1.474067 -1.805318
-1.440942 -1.805318 -1.440942 -1.805318
-1.407817 -1.805318 -1.407817 -1.805318
-1.374692 -1.805318 -1.374692 -1.805318
-1.341567 -1.805318 -1.341567 -1.805318
-1.308442 -1.805318 -1.308442 -1.805318
-1.275317 -1.805318 -1.275317 -1.805318
-1.242191 -1.805318 -1.242191 -1.805318
-1.209066 -1.805318 -1.209066 -1.805318
-1.175941 -1.805318 -1.175941 -1.805318
-1.142816 -1.805318 -1.142816 -1.805318
-1.109691 -1.805318 -1.109691 -1.805318
-1.076566 -1.805318 -1.076566 -1.805318
-1.043441 -1.805318 -1.043441 -1.805318
-1.010316 -1.805318 -1.010316 -1.805318
-0.977191 -1.805318 -0.977191 -1.805318
-0.944066 -1.805318 -0.944066 -1.805318
-0.910940 -1.805318 -0.910940 -1.805318
-0.877815 -1.805318 -0.877815 -1.805318
-0.844690 -1.805318 -0.844690 -1.805318
-0.811565 -1.805318 -0.811565 -1.805318
-0.778440 -1.805318 -0.778440 -1.805318
-0.745315 -1.805318 -0.745315 -1.805318
-0.712190 -1.805318 -0.712190 -1.805318
-0.679065 -1.805318 -0.679065 -1.805318
-0.645940 -1.805318 -0.645940 -1.805318
-0.612814 -1.805318 -0.612814 -1.805318
-0.579689 -1.805318 -0.579689 -1.805318
-0.546564 -1.805318 -0.546564 -1.805318
-0.513439 -1.805318 -0.513439 -1.805318
-0.480314 -1.805318 -0.480314 -1.805318
-0.447189 -1.805318 -0.447189 -1.805318
-0.414064 -1.805318 -0.414064 -1.805318
-0.380939 -1.805318 -0.380939 -1.805318
-0.347814 -1.805318 -0.347814 -1.805318
-0.314689 -1.805318 -0.314689 -1.805318
-0.281563 -1.805318 -0.281563 -1.805318
-0.248438 -1.805318 -0.248438 -1.805318
-0.215313 -1.805318 -0.215313 -1.805318
-0.182188 -1.805318 -0.182188 -1.805318
-0.149063 -1.805318 -0.149063 -1.805318
-0.115938 -1.805318 -0.115938 -1.805318
-0.082813 -1.805318 -0.082813 -1.805318
-0.049688 -1.805318 -0.049688 -1.805318
-0.016563 -1.805318 -0.016563 -1.805318
0.016563 -1.805318 0.016563 -1.805318
0.049688 -1.805318 0.049688 -1.805318
0.082813 -1.805318 0.082813 -1.805318
0.115938 -1.805318 0.115938 -1.805318
0.149063 -1.805318 0.149063 -1.805318
0.182188 -1.805318 0.182188 -1.805318
0.215313 -1.805318 0.215313 -1.805318
0.248438 -1.805318 0.248438 -1.805318
0.281563 -1.805318 0.281563 -1.805318
0.314689 -1.805318 0.314689 -1.805318
0.347814 -1.805318 0.347814 -1.805318
0.380939 -1.805318 0.380939 -1.805318
0.414064 -1.805318 0.414064 -1.805318
0.447189 -1.805318 0.447189 -1.805318
0.480314 -1.805318 0.480314 -1.805318
0.513439 -1.805318 0.513439 -1.805318
0.546564 -1.805318 0.546564 -1.805318
0.579689 -1.805318 0.579689 -1.805318
0.612814 -1.805318 0.612814 -1.805318
0.645940 -1.805318 0.645940 -1.805318
0.679065 -1.805318 0.679065 -1.805318
0.712190 -1.805318 0.712190 -1.805318
0.745315 -1.805318 0.745315 -1.805318
0.778440 -1.805318 0.778440 -1.805318
0.811565 -1.805318 0.811565 -1.805318
0.844690 -1.805318 0.844690 -1.805318
0.877815 -1.805318 0.877815 -1.805318
0.910940 -1.805318 0.910940 -1.805318
0.944066 -1.805318 0.944066 -1.805318
0.977191 -1.805318 0.977191 -1.805318
1.010316 -1.805318 1.010316 -1.805318
1.043441 -1.805318 1.043441 -1.805318
1.076566 -1.805318 1.076566 -1.805318
1.109691 -1.805318 1.109691 -1.805318
1.142816 -1.805318 1.142816 -1.805318
1.175941 -1.805318 1.175941 -1.805318
1.209066 -1.805318 1.209066 -1.805318
1.242191 -1.805318 1.242191 -1.805318
1.275317 -1.805318 1.275317 -1.805318
1.308442 -1.805318 1.308442 -1.805318
1.341567 -1.805318 1.341567 -1.805318
1.374692 -1.805318 1.374692 -1.805318
1.407817 -1.805318 1.407817 -1.805318
1.440942 -1.805318 1.440942 -1.805318
1.474067 -1.805318 1.474067 -1.805318
1.507192 -1.805318 1.507192 -1.805318
1.540317 -1.805318 1.540317 -1.805318
1.573443 -1.805318 1.573443 -1.805318
1.606568 -1.805318 1.606568 -1.805318
1.639693 -1.805318 1.639693 -1.805318
1.672818 -1.805318 1.672818 -1.805318
1.705943 -1.805318 1.705943 -1.805318
1.739068 -1.805318 1.739068 -1.805318
1.772193 -1.805318 1.772193 -1.805318
1.805318 -1.805318 1.805318 -1.805318
1.838443 -1.805318 1.838443 -1.805318
1.871568 -1.805318 1.871568 -1.805318
1.904694 -1.805318 1.904694 -1.805318
1.937819 -1.805318 1.937819 -1.805318
1.970944 -1.805318 1.970944 -1.805318
2.004069 -1.805318 2.004069 -1.805318
2.037194 -1.805318 2.037194 -1.805318
2.070319 -1.805318 2.070319 -1.805318
2.103444 -1.805318 2.103444 -1.805318
-2.103444 -1.772193 -2.103444 -1.772193
-2.070319 -1.772193 -2.070319 -1.772193
-2.037194 -1.772193 -2.037194 -1.772193
-2.004069 -1.772193 -2.004069 -1.772193
-1.970944 -1.772193 -1.970944 -1.772193
-1.937819 -1.772193 -1.937819 -1.772193
-1.904694 -1.772193 -1.904694 -1.772193
-1.871568 -1.772193 -1.871568 -1.772193
-1.838443 -1.772193 -1.838443 -1.772193
-1.805318 -1.772193 -1.805318 -1.772193
-1.772193 -1.772193 -1.772193 -1.772193
-1.739068 -1.772193 -1.739068 -1.772193
-1.705943 -1.772193 -1.705943 -1.772193
-1.672818 -1.772193 -1.672818 -1.772193
-1.639693 -1.772193 -1.639693 -1.772193
-1.606568 -1.772193 -1.606568 -1.772193
-1.573443 -1.772193 -1.573443 -1.772193
-1.540317 -1.772193 -1.540317 -1.772193
-1.507192 -1.772193 -1.507192 -1.772193
-1.474067 -1.772193 -1.474067 -1.772193
-1.440942 -1.772193 -1.440942 -1.772193
-1.407817 -1.772193 -1.407817 -1.772193
-1.374692 -1.772193 -1.374692 -1.772193
-1.341567 -1.772193 -1.341567 -1.772193
-1.308442 -1.772193 -1.308442 -1.772193
-1.275317 -1.772193 -1.275317 -1.772193
-1.242191 -1.772193 -1.242191 -1.772193
-1.209066 -1.772193 -1.209066 -1.772193
-1.175941 -1.772193 -1.175941 -1.772193
-1.142816 -1.772193 -1.142816 -1.772193
-1.109691 -1.772193 -1.109691 -1.772193
-1.076566 -1.772193 -1.076566 -1.772193
-1.043441 -1.772193 -1.043441 -1.772193
-1.010316 -1.772193 -1.010316 -1.772193
-0.977191 -1.772193 -0.977191 -1.772193
-0.944066 -1.772193 -0.944066 -1.772193
-0.910940 -1.772193 -0.910940 -1.772193
-0.877815 -1.772193 -0.877815 -1.772193
-0.844690 -1.772193 -0.844690 -1.772193
-0.811565 -1.772193 -0.811565 -1.772193
-0.778440 -1.772193 -0.778440 -1.772193
-0.745315 -1.772193 -0.745315 -1.772193
-0.712190 -1.772193 -0.712190 -1.772193
-0.679065 -1.772193 -0.679065 -1.772193
-0.645940 -1.772193 -0.645940 -1.772193
-0.612814 -1.772193 -0.612814 -1.772193
-0.579689 -1.772193 -0.579689 -1.772193
-0.546564 -1.772193 -0.546564 -1.772193
-0.513439 -1.772193 -0.513439 -1.772193
-0.480314 -1.772193 -0.480314 -1.772193
-0.447189 -1.772193 -0.447189 -1.772193
-0.414064 -1.772193 -0.414064 -1.772193
-0.380939 -1.772193 -0.380939 -1.772193
-0.347814 -1.772193 -0.347814 -1.772193
-0.314689 -1.772193 -0.314689 -1.772193
-0.281563 -1.772193 -0.281563 -1.772193
-0.248438 -1.772193 -0.248438 -1.772193
-0.215313 -1.772193 -0.215313 -1.772193
-0.182188 -1.772193 -0.182188 -1.772193
-0.149063 -1.772193 -0.149063 -1.772193
-0.115938 -1.772193 -0.115938 -1.772193
-0.082813 -1.772193 -0.082813 -1.772193
-0.049688 -1.772193 -0.049688 -1.772193
-0.016563 -1.772193 -0.016563 -1.772193
0.016563 -1.772193 0.016563 -1.772193
0.049688 -1.772193 0.049688 -1.772193
0.082813 -1.772193 0.082813 -1.772193
0.115938 -1.772193 0.115938 -1.772193
0.149063 -1.772193 0.149063 -1.772193
0.182188 -1.772193 0.182188 -1.772193
0.215313 -1.772193 0.215313 -1.772193
0.248438 -1.772193 0.248438 -1.772193
0.281563 -1.772193 0.281563 -1.772193
0.314689 -1.772193 0.314689 -1.772193
0.347814 -1.772193 0.347814 -1.772193
0.380939 -1.772193 0.380939 -1.772193
0.414064 -1.772193 0.414064 -1.772193
0.447189 -1.772193 0.447189 -1.772193
0.480314 -1.772193 0.480314 -1.772193
0.513439 -1.772193 0.513439 -1.772193
0.546564 -1.772193 0.546564 -1.772193
0.579689 -1.772193 0.579689 -1.772193
0.612814 -1.772193 0.612814 -1.772193
0.645940 -1.772193 0.645940 -1.772193
0.679065 -1.772193 0.679065 -1.772193
0.712190 -1.772193 0.712190 -1.772193
0.745315 -1.772193 0.745315 -1.772193
0.778440 -1.772193 0.778440 -1.772193
0.811565 -1.772193 0.811565 -1.772193
0.844690 -1.772193 0.844690 -1.772193
0.877815 -1.772193 0.877815 -1.772193
0.910940 -1.772193 0.910940 -1.772193
0.944066 -1.772193 0.944066 -1.772193
0.977191 -1.772193 0.977191 -1.772193
1.010316 -1.772193 1.010316 -1.772193
1.043441 -1.772193 1.043441 -1.772193
1.076566 -1.772193 1.076566 -1.772193
1.109691 -1.772193 1.109691 -1.772193
1.142816 -1.772193 1.142816 -1.772193
1.175941 -1.772193 1.175941 -1.772193
1.209066 -1.772193 1.209066 -1.772193
1.242191 -1.772193 1.242191 -1.772193
1.275317 -1.772193 1.275317 -1.772193
1.308442 -1.772193 1.308442 -1.772193
1.341567 -1.772193 1.341567 -1.772193
1.374692 -1.772193 1.374692 -1.772193
1.407817 -1.772193 1.407817 -1.772193
1.440942 -1.772193 1.440942 -1.772193
1.474067 -1.772193 1.474067 -1.772193
1.507192 -1.772193 1.507192 -1.772193
1.540317 -1.772193 1.540317 -1.772193
1.573443 -1.772193 1.573443 -1.772193
1.606568 -1.772193 1.606568 -1.772193
1.639693 -1.772193 1.639693 -1.772193
1.672818 -1.772193 1.672818 -1.772193
1.705943 -1.772193 1.705943 -1.772193
1.739068 -1.772193 1.739068 -1.772193
1.772193 -1.772193 1.772193 -1.772193
1.805318 -1.772193 1.805318 -1.772193
1.838443 -1.772193 1.838443 -1.772193
1.871568 -1.772193 1.871568 -1.772193
1.904694 -1.772193 1.904694 -1.772193
1.937819 -1.772193 1.937819 -1.772193
1.970944 -1.772193 1.970944 -1.772193
2.004069 -1.772193 2.004069 -1.772193
2.037194 -1.772193 2.037194 -1.772193
2.070319 -1.772193 2.070319 -1.772193
2.103444 -1.772193 2.103444 -1.772193
-2.103444 -1.739068 -2.103444 -1.739068
-2.070319 -1.739068 -2.070319 -1.739068
-2.037194 -1.739068 -2.037194 -1.739068
-2.004069 -1.739068 -2.004069 -1.739068
-1.970944 -1.739068 -1.970944 -1.739068
-1.937819 -1.739068 -1.937819 -1.739068
-1.904694 -1.739068 -1.904694 -1.739068
-1.871568 -1.739068 -1.871568 -1.739068
-1.838443 -1.739068 -1.838443 -1.739068
-1.805318 -1.739068 -1.805318 -1.739068
-1.772193 -1.739068 -1.772193 -1.739068
-1.739068 -1.739068 -1.739068 -1.739068
-1.705943 -1.739068 -1.705943 -1.739068
-1.672818 -1.739068 -1.672818 -1.739068
-1.639693 -1.739068 -1.639693 -1.739068
-1.606568 -1.739068 -1.606568 -1.739068
-1.573443 -1.739068 -1.573443 -1.739068
-1.540317 -1.739068 -1.540317 -1.739068
-1.507192 -1.739068 -1.507192 -1.739068
-1.474067 -1.739068 -1.474067 -1.739068
-1.440942 -1.739068 -1.440942 -1.739068
-1.407817 -1.739068 -1.407817 -1.739068
-1.374692 -1.739068 -1.374692 -1.739068
-1.341567 -1.739068 -1.341567 -1.739068
-1.308442 -1.739068 -1.308442 -1.739068
-1.275317 -1.739068 -1.275317 -1.739068
-1.242191 -1.739068 -1.242191 -1.739068
-1.209066 -1.739068 -1.209066 -1.739068
-1.175941 -1.739068 -1.175941 -1.739068
-1.142816 -1.739068 -1.142816 -1.739068
-1.109691 -1.739068 -1.109691 -1.739068
-1.076566 -1.739068 -1.076566 -1.739068
-1.043441 -1.739068 -1.043441 -1.739068
-1.010316 -1.739068 -1.010316 -1.739068
-0.977191 -1.739068 -0.977191 -1.739068
-0.944066 -1.739068 -0.944066 -1.739068
-0.910940 -1.739068 -0.910940 -1.739068
-0.877815 -1.739068 -0.877815 -1.739068
-0.844690 -1.739068 -0.844690 -1.739068
-0.811565 -1.739068 -0.811565 -1.739068
-0.778440 -1.739068 -0.778440 -1.739068
-0.745315 -1.739068 -0.745315 -1.739068
-0.712190 -1.739068 -0.712190 -1.739068
-0.679065 -1.739068 -0.679065 -1.739068
-0.645940 -1.739068 -0.645940 -1.739068
-0.612814 -1.739068 -0.612814 -1.739068
-0.579689 -1.739068 -0.579689 -1.739068
-0.546564 -1.739068 -0.546564 -1.739068
-0.513439 -1.739068 -0.513439 -1.739068
-0.480314 -1.739068 -0.480314 -1.739068
-0.447189 -1.739068 -0.447189 -1.739068
-0.414064 -1.739068 -0.414064 -1.739068
-0.380939 -1.739068 -0.380939 -1.739068
-0.347814 -1.739068 -0.347814 -1.739068
-0.314689 -1.739068 -0.314689 -1.739068
-0.281563 -1.739068 -0.281563 -1.739068
-0.248438 -1.739068 -0.248438 -1.739068
-0.215313 -1.739068 -0.215313 -1.739068
-0.182188 -1.739068 -0.182188 -1.739068
-0.149063 -1.739068 -0.149063 -1.739068
-0.115938 -1.739068 -0.115938 -1.739068
-0.082813 -1.739068 -0.082813 -1.739068
-0.049688 -1.739068 -0.049688 -1.739068
-0.016563 -1.739068 -0.016563 -1.739068
0.016563 -1.739068 0.016563 -1.739068
0.049688 -1.739068 0.049688 -1.739068
0.082813 -1.739068 0.082813 -1.739068
0.115938 -1.739068 0.115938 -1.739068
0.149063 -1.739068 0.149063 -1.739068
0.182188 -1.739068 0.182188 -1.739068
0.215313 -1.739068 0.215313 -1.739068
0.248438 -1.739068 0.248438 -1.739068
0.281563 -1.739068 0.281563 -1.739068
0.314689 -1.739068 0.314689 -1.739068
0.347814 -1.739068 0.347814 -1.739068
0.380939 -1.739068 0.380939 -1.739068
0.414064 -1.739068 0.414064 -1.739068
0.447189 -1.739068 0.447189 -1.739068
0.480314 -1.739068 0.480314 -1.739068
0.513439 -1.739068 0.513439 -1.739068
0.546564 -1.739068 0.546564 -1.739068
0.579689 -1.739068 0.579689 -1.739068
0.612814 -1.739068 0.612814 -1.739068
0.645940 -1.739068 0.645940 -1.739068
0.679065 -1.739068 0.679065 -1.739068
0.712190 -1.739068 0.712190 -1.739068
0.745315 -1.739068 0.745315 -1.739068
0.778440 -1.739068 0.778440 -1.739068
0.811565 -1.739068 0.811565 -1.739068
0.844690 -1.739068 0.844690 -1.739068
0.877815 -1.739068 0.877815 -1.739068
0.910940 -1.739068 0.910940 -1.739068
0.944066 -1.739068 0.944066 -1.739068
0.977191 -1.739068 0.977191 -1.739068
1.010316 -1.739068 1.010316 -1.739068
1.043441 -1.739068 1.043441 -1.739068
1.076566 -1.739068 1.076566 -1.739068
1.109691 -1.739068 1.109691 -1.739068
1.142816 -1.739068 1.142816 -1.739068
1.175941 -1.739068 1.175941 -1.739068
1.209066 -1.739068 1.209066 -1.739068
1.242191 -1.739068 1.242191 -1.739068
1.275317 -1.739068 1.275317 -1.739068
1.308442 -1.739068 1.308442 -1.739068
1.341567 -1.739068 1.341567 -1.739068
1.374692 -1.739068 1.374692 -1.739068
1.407817 -1.739068 1.407817 -1.739068
1.440942 -1.739068 1.440942 -1.739068
1.474067 -1.739068 1.474067 -1.739068
1.507192 -1.739068 1.507192 -1.739068
1.540317 -1.739068 1.540317 -1.739068
1.573443 -1.739068 1.573443 -1.739068
1.606568 -1.739068 1.606568 -1.739068
1.639693 -1.739068 1.639693 -1.739068
1.672818 -1.739068 1.672818 -1.739068
1.705943 -1.739068 1.705943 -1.739068
1.739068 -1.739068 1.739068 -1.739068
1.772193 -1.739068 1.772193 -1.739068
1.805318 -1.739068 1.805318 -1.739068
1.838443 -1.739068 1.838443 -1.739068
1.871568 -1.739068 1.871568 -1.739068
1.904694 -1.739068 1.904694 -1.739068
1.937819 -1.739068 1.937819 -1.739068
1.970944 -1.739068 1.970944 -1.739068
2.004069 -1.739068 2.004069 -1.739068
2.037194 -1.739068 2.037194 -1.739068
2.070319 -1.739068 2.070319 -1.739068
2.103444 -1.739068 2.103444 -1.739068
-2.103444 -1.705943 -2.103444 -1.705943
-2.070319 -1.705943 -2.070319 -1.705943
-2.037194 -1.705943 -2.037194 -1.705943
-2.004069 -1.705943 -2.004069 -1.705943
-1.970944 -1.705943 -1.970944 -1.705943
-1.937819 -1.705943 -1.937819 -1.705943
-1.904694 -1.705943 -1.904694 -1.705943
-1.871568 -1.705943 -1.871568 -1.705943
-1.838443 -1.705943 -1.838443 -1.705943
-1.805318 -1.705943 -1.805318 -1.705943
-1.772193 -1.705943 -1.772193 -1.705943
-1.739068 -1.705943 -1.739068 -1.705943
-1.705943 -1.705943 -1.705943 -1.705943
-1.672818 -1.705943 -1.672818 -1.705943
-1.639693 -1.705943 -1.639693 -1.705943
-1.606568 -1.705943 -1.606568 -1.705943
-1.573443 -1.705943 -1.573443 -1.705943
-1.540317 -1.705943 -1.540317 -1.705943
-1.507192 -1.705943 -1.507192 -1.705943
-1.474067 -1.705943 -1.474067 -1.705943
-1.440942 -1.705943 -1.440942 -1.705943
-1.407817 -1.705943 -1.407817 -1.705943
-1.374692 -1.705943 -1.374692 -1.705943
-1.341567 -1.705943 -1.341567 -1.705943
-1.308442 -1.705943 -1.308442 -1.705943
-1.275317 -1.705943 -1.275317 -1.705943
-1.242191 -1.705943 -1.242191 -1.705943
-1.209066 -1.705943 -1.209066 -1.705943
-1.175941 -1.705943 -1.175941 -1.705943
-1.142816 -1.705943 -1.142816 -1.705943
-1.109691 -1.705943 -1.109691 -1.705943
-1.076566 -1.705943 -1.076566 -1.705943
-1.043441 -1.705943 -1.043441 -1.705943
-1.010316 -1.705943 -1.010316 -1.705943
-0.977191 -1.705943 -0.977191 -1.705943
-0.944066 -1.705943 -0.944066 -1.705943
-0.910940 -1.705943 -0.910940 -1.705943
-0.877815 -1.705943 -0.877815 -1.705943
-0.844690 -1.705943 -0.844690 -1.705943
-0.811565 -1.705943 -0.811565 -1.705943
-0.778440 -1.705943 -0.778440 -1.705943
-0.745315 -1.705943 -0.745315 -1.705943
-0.712190 -1.705943 -0.712190 -1.705943
-0.679065 -1.705943 -0.679065 -1.705943
-0.645940 -1.705943 -0.645940 -1.705943
-0.612814 -1.705943 -0.612814 -1.705943
-0.579689 -1.705943 -0.579689 -1.705943
-0.546564 -1.705943 -0.546564 -1.705943
-0.513439 -1.705943 -0.513439 -1.705943
-0.480314 -1.705943 -0.480314 -1.705943
-0.447189 -1.705943 -0.447189 -1.705943
-0.414064 -1.705943 -0.414064 -1.705943
-0.380939 -1.705943 -0.380939 -1.705943
-0.347814 -1.705943 -0.347814 -1.705943
-0.314689 -1.705943 -0.314689 -1.705943
-0.281563 -1.705943 -0.281563 -1.705943
-0.248438 -1.705943 -0.248438 -1.705943
-0.215313 -1.705943 -0.215313 -1.705943
-0.182188 -1.705943 -0.182188 -1.705943
-0.149063 -1.705943 -0.149063 -1.705943
-0.115938 -1.705943 -0.115938 -1.705943
-0.082813 -1.705943 -0.082813 -1.705943
-0.049688 -1.705943 -0.049688 -1.705943
-0.016563 -1.705943 -0.016563 -1.705943
0.016563 -1.705943 0.016563 -1.705943
0.049688 -1.705943 0.049688 -1.705943
0.082813 -1.705943 0.082813 -1.705943
0.115938 -1.705943 0.115938 -1.705943
0.149063 -1.705943 0.149063 -1.705943
0.182188 -1.705943 0.182188 -1.705943
0.215313 -1.705943 0.215313 -1.705943
0.248438 -1.705943 0.248438 -1.705943
0.281563 -1.705943 0.281563 -1.705943
0.314689 -1.705943 0.314689 -1.705943
0.347814 -1.705943 0.347814 -1.705943
0.380939 -1.705943 0.380939 -1.705943
0.414064 -1.705943 0.414064 -1.705943
0.447189 -1.705943 0.447189 -1.705943
0.480314 -1.705943 0.480314 -1.705943
0.513439 -1.705943 0.513439 -1.705943
0.546564 -1.705943 0.546564 -1.705943
0.579689 -1.705943 0.579689 -1.705943
0.612814 -1.705943 0.612814 -1.705943
0.645940 -1.705943 0.645940 -1.705943
0.679065 -1.705943 0.679065 -1.705943
0.712190 -1.705943 0.712190 -1.705943
0.745315 -1.705943 0.745315 -1.705943
0.778440 -1.705943 0.778440 -1.705943
0.811565 -1.705943 0.811565 -1.705943
0.844690 -1.705943 0.844690 -1.705943
0.877815 -1.705943 0.877815 -1.705943
0.910940 -1.705943 0.910940 -1.705943
0.944066 -1.705943 0.944066 -1.705943
0.977191 -1.705943 0.977191 -1.705943
1.010316 -1.705943 1.010316 -1.705943
1.043441 -1.705943 1.043441 -1.705943
1.076566 -1.705943 1.076566 -1.705943
1.109691 -1.705943 1.109691 -1.705943
1.142816 -1.705943 1.142816 -1.705943
1.175941 -1.705943 1.175941 -1.705943
1.209066 -1.705943 1.209066 -1.705943
1.242191 -1.705943 1.242191 -1.705943
1.275317 -1.705943 1.275317 -1.705943
1.308442 -1.705943 1.308442 -1.705943
1.341567 -1.705943 1.341567 -1.705943
1.374692 -1.705943 1.374692 -1.705943
1.407817 -1.705943 1.407817 -1.705943
1.440942 -1.705943 1.440942 -1.705943
1.474067 -1.705943 1.474067 -1.705943
1.507192 -1.705943 1.507192 -1.705943
1.540317 -1.705943 1.540317 -1.705943
1.573443 -1.705943 1.573443 -1.705943
1.606568 -1.705943 1.606568 -1.705943
1.639693 -1.705943 1.639693 -1.705943
1.672818 -1.705943 1.672818 -1.705943
1.705943 -1.705943 1.705943 -1.705943
1.739068 -1.705943 1.739068 -1.705943
1.772193 -1.705943 1.772193 -1.705943
1.805318 -1.705943 1.805318 -1.705943
1.838443 -1.705943 1.838443 -1.705943
1.871568 -1.705943 1.871568 -1.705943
1.904694 -1.705943 1.904694 -1.705943
1.937819 -1.705943 1.937819 -1.705943
1.970944 -1.705943 1.970944 -1.705943
2.004069 -1.705943 2.004069 -1.705943
2.037194 -1.705943 2.037194 -1.705943
2.070319 -1.705943 2.070319 -1.705943
2.103444 -1.705943 2.103444 -1.705943
-2.103444 -1.672818 -2.103444 -1.672818
-2.070319 -1.672818 -2.070319 -1.672818
-2.037194 -1.672818 -2.037194 -1.672818
-2.004069 -1.672818 -2.004069 -1.672818
-1.970944 -1.672818 -1.970944 -1.672818
-1.937819 -1.672818 -1.937819 -1.672818
-1.904694 -1.672818 -1.904694 -1.672818
-1.871568 -1.672818 -1.871568 -1.672818
-1.838443 -1.672818 -1.838443 -1.672818
-1.805318 -1.672818 -1.805318 -1.672818
-1.772193 -1.672818 -1.772193 -1.672818
-1.739068 -1.672818 -1.739068 -1.672818
-1.705943 -1.672818 -1.705943 -1.672818
-1.672818 -1.672818 -1.672818 -1.672818
-1.639693 -1.672818 -1.639693 -1.672818
-1.606568 -1.672818 -1.606568 -1.672818
-1.573443 -1.672818 -1.573443 -1.672818
-1.540317 -1.672818 -1.540317 -1.672818
-1.507192 -1.672818 -1.507192 -1.672818
-1.474067 -1.672818 -1.474067 -1.672818
-1.440942 -1.672818 -1.440942 -1.672818
-1.407817 -1.672818 -1.407817 -1.672818
-1.374692 -1.672818 -1.374692 -1.672818
-1.341567 -1.672818 -1.341567 -1.672818
-1.308442 -1.672818 -1.308442 -1.672818
-1.275317 -1.672818 -1.275317 -1.672818
-1.242191 -1.672818 -1.242191 -1.672818
-1.209066 -1.672818 -1.209066 -1.672818
-1.175941 -1.672818 -1.175941 -1.672818
-1.142816 -1.672818 -1.142816 -1.672818
-1.109691 -1.672818 -1.109691 -1.672818
-1.076566 -1.672818 -1.076566 -1.672818
-1.043441 -1.672818 -1.043441 -1.672818
-1.010316 -1.672818 -1.010316 -1.672818
-0.977191 -1.672818 -0.977191 -1.672818
-0.944066 -1.672818 -0.944066 -1.672818
-0.910940 -1.672818 -0.910940 -1.672818
-0.877815 -1.672818 -0.877815 -1.672818
-0.844690 -1.672818 -0.844690 -1.672818
-0.811565 -1.672818 -0.811565 -1.672818
-0.778440 -1.672818 -0.778440 -1.672818
-0.745315 -1.672818 -0.745315 -1.672818
-0.712190 -1.672818 -0.712190 -1.672818
-0.679065 -1.672818 -0.679065 -1.672818
-0.645940 -1.672818 -0.645940 -1.672818
-0.612814 -1.672818 -0.612814 -1.672818
-0.579689 -1.672818 -0.579689 -1.672818
-0.546564 -1.672818 -0.546564 -1.672818
-0.513439 -1.672818 -0.513439 -1.672818
-0.480314 -1.672818 -0.480314 -1.672818
-0.447189 -1.672818 -0.447189 -1.672818
-0.414064 -1.672818 -0.414064 -1.672818
-0.380939 -1.672818 -0.380939 -1.672818
-0.347814 -1.672818 -0.347814 -1.672818
-0.314689 -1.672818 -0.314689 -1.672818
-0.281563 -1.672818 -0.281563 -1.672818
-0.248438 -1.672818 -0.248438 -1.672818
-0.215313 -1.672818 -0.215313 -1.672818
-0.182188 -1.672818 -0.182188 -1.672818
-0.149063 -1.672818 -0.149063 -1.672818
-0.115938 -1.672818 -0.115938 -1.672818
-0.082813 -1.672818 -0.082813 -1.672818
-0.049688 -1.672818 -0.049688 -1.672818
-0.016563 -1.672818 -0.016563 -1.672818
0.016563 -1.672818 0.016563 -1.672818
0.049688 -1.672818 0.049688 -1.672818
0.082813 -1.672818 0.082813 -1.672818
0.115938 -1.672818 0.115938 -1.672818
0.149063 -1.672818 0.149063 -1.672818
0.182188 -1.672818 0.182188 -1.672818
0.215313 -1.672818 0.215313 -1.672818
0.248438 -1.672818 0.248438 -1.672818
0.281563 -1.672818 0.281563 -1.672818
0.314689 -1.672818 0.314689 -1.672818
0.347814 -1.672818 0.347814 -1.672818
0.380939 -1.672818 0.380939 -1.672818
0.414064 -1.672818 0.414064 -1.672818
0.447189 -1.672818 0.447189 -1.672818
0.480314 -1.672818 0.480314 -1.672818
0.513439 -1.672818 0.513439 -1.672818
0.546564 -1.672818 0.546564 -1.672818
0.579689 -1.672818 0.579689 -1.672818
0.612814 -1.672818 0.612814 -1.672818
0.645940 -1.672818 0.645940 -1.672818
0.679065 -1.672818 0.679065 -1.672818
0.712190 -1.672818 0.712190 -1.672818
0.745315 -1.672818 0.745315 -1.672818
0.778440 -1.672818 0.778440 -1.672818
0.811565 -1.672818 0.811565 -1.672818
0.844690 -1.672818 0.844690 -1.672818
0.877815 -1.672818 0.877815 -1.672818
0.910940 -1.672818 0.910940 -1.672818
0.944066 -1.672818 0.944066 -1.672818
0.977191 -1.672818 0.977191 -1.672818
1.010316 -1.672818 1.010316 -1.672818
1.043441 -1.672818 1.043441 -1.672818
1.076566 -1.672818 1.076566 -1.672818
1.109691 -1.672818 1.109691 -1.672818
1.142816 -1.672818 1.142816 -1.672818
1.175941 -1.672818 1.175941 -1.672818
1.209066 -1.672818 1.209066 -1.672818
1.242191 -1.672818 1.242191 -1.672818
1.275317 -1.672818 1.275317 -1.672818
1.308442 -1.672818 1.308442 -1.672818
1.341567 -1.672818 1.341567 -1.672818
1.374692 -1.672818 1.374692 -1.672818
1.407817 -1.672818 1.407817 -1.672818
1.440942 -1.672818 1.440942 -1.672818
1.474067 -1.672818 1.474067 -1.672818
1.507192 -1.672818 1.507192 -1.672818
1.540317 -1.672818 1.540317 -1.672818
1.573443 -1.672818 1.573443 -1.672818
1.606568 -1.672818 1.606568 -1.672818
1.639693 -1.672818 1.639693 -1.672818
1.672818 -1.672818 1.672818 -1.672818
1.705943 -1.672818 1.705943 -1.672818
1.739068 -1.672818 1.739068 -1.672818
1.772193 -1.672818 1.772193 -1.672818
1.805318 -1.672818 1.805318 -1.672818
1.838443 -1.672818 1.838443 -1.672818
1.871568 -1.672818 1.871568 -1.672818
1.904694 -1.672818 1.904694 -1.672818
1.937819 -1.672818 1.937819 -1.672818
1.970944 -1.672818 1.970944 -1.672818
2.004069 -1.672818 2.004069 -1.672818
2.037194 -1.672818 2.037194 -1.672818
2.070319 -1.672818 2.070319 -1.672818
2.103444 -1.672818 2.103444 -1.672818
-2.103444 -1.639693 -2.103444 -1.639693
-2.070319 -1.639693 -2.070319 -1.639693
-2.037194 -1.639693 -2.037194 -1.639693
-2.004069 -1.639693 -2.004069 -1.639693
-1.970944 -1.639693 -1.970944 -1.639693
-1.937819 -1.639693 -1.937819 -1.639693
-1.904694 -1.639693 -1.904694 -1.639693
-1.871568 -1.639693 -1.871568 -1.639693
-1.838443 -1.639693 -1.838443 -1.639693
-1.805318 -1.639693 -1.805318 -1.639693
-1.772193 -1.639693 -1.772193 -1.639693
-1.739068 -1.639693 -1.739068 -1.639693
-1.705943 -1.639693 -1.705943 -1.639693
-1.672818 -1.639693 -1.672818 -1.639693
-1.639693 -1.639693 -1.639693 -1.639693
-1.606568 -1.639693 -1.606568 -1.639693
-1.573443 -1.639693 -1.573443 -1.639693
-1.540317 -1.639693 -1.540317 -1.639693
-1.507192 -1.639693 -1.507192 -1.639693
-1.474067 -1.639693 -1.474067 -1.639693
-1.440942 -1.639693 -1.440942 -1.639693
-1.407817 -1.639693 -1.407817 -1.639693
-1.374692 -1.639693 -1.374692 -1.639693
-1.341567 -1.639693 -1.341567 -1.639693
-1.308442 -1.639693 -1.308442 -1.639693
-1.275317 -1.639693 -1.275317 -1.639693
-1.242191 -1.639693 -1.242191 -1.639693
-1.209066 -1.639693 -1.209066 -1.639693
-1.175941 -1.639693 -1.175941 -1.639693
-1.142816 -1.639693 -1.142816 -1.639693
-1.109691 -1.639693 -1.109691 -1.639693
-1.076566 -1.639693 -1.076566 -1.639693
-1.043441 -1.639693 -1.043441 -1.639693
-1.010316 -1.639693 -1.010316 -1.639693
-0.977191 -1.639693 -0.977191 -1.639693
-0.944066 -1.639693 -0.944066 -1.639693
-0.910940 -1.639693 -0.910940 -1.639693
-0.877815 -1.639693 -0.877815 -1.639693
-0.844690 -1.639693 -0.844690 -1.639693
-0.811565 -1.639693 -0.811565 -1.639693
-0.778440 -1.639693 -0.778440 -1.639693
-0.745315 -1.639693 -0.745315 -1.639693
-0.712190 -1.639693 -0.712190 -1.639693
-0.679065 -1.639693 -0.679065 -1.639693
-0.645940 -1.639693 -0.645940 -1.639693
-0.612814 -1.639693 -0.612814 -1.639693
-0.579689 -1.639693 -0.579689 -1.639693
-0.546564 -1.639693 -0.546564 -1.639693
-0.513439 -1.639693 -0.513439 -1.639693
-0.480314 -1.639693 -0.480314 -1.639693
-0.447189 -1.639693 -0.447189 -1.639693
-0.414064 -1.639693 -0.414064 -1.639693
-0.380939 -1.639693 -0.380939 -1.639693
-0.347814 -1.639693 -0.347814 -1.639693
-0.314689 -1.639693 -0.314689 -1.639693
-0.281563 -1.639693 -0.281563 -1.639693
-0.248438 -1.639693 -0.248438 -1.639693
-0.215313 -1.639693 -0.215313 -1.639693
-0.182188 -1.639693 -0.182188 -1.639693
-0.149063 -1.639693 -0.149063 -1.639693
-0.115938 -1.639693 -0.115938 -1.639693
-0.082813 -1.639693 -0.082813 -1.639693
-0.049688 -1.639693 -0.049688 -1.639693
-0.016563 -1.639693 -0.016563 -1.639693
0.016563 -1.639693 0.016563 -1.639693
0.049688 -1.639693 0.049688 -1.639693
0.082813 -1.639693 0.082813 -1.639693
0.115938 -1.639693 0.115938 -1.639693
0.149063 -1.639693 0.149063 -1.639693
0.182188 -1.639693 0.182188 -1.639693
0.215313 -1.639693 0.215313 -1.639693
0.248438 -1.639693 0.248438 -1.639693
0.281563 -1.639693 0.281563 -1.639693
0.314689 -1.639693 0.314689 -1.639693
0.347814 -1.639693 0.347814 -1.639693
0.380939 -1.639693 0.380939 -1.639693
0.414064 -1.639693 0.414064 -1.639693
0.447189 -1.639693 0.447189 -1.639693
0.480314 -1.639693 0.480314 -1.639693
0.513439 -1.639693 0.513439 -1.639693
0.546564 -1.639693 0.546564 -1.639693
0.579689 -1.639693 0.579689 -1.639693
0.612814 -1.639693 0.612814 -1.639693
0.645940 -1.639693 0.645940 -1.639693
0.679065 -1.639693 0.679065 -1.639693
0.712190 -1.639693 0.712190 -1.639693
0.745315 -1.639693 0.745315 -1.639693
0.778440 -1.639693 0.778440 -1.639693
0.811565 -1.639693 0.811565 -1.639693
0.844690 -1.639693 0.844690 -1.639693
0.877815 -1.639693 0.877815 -1.639693
0.910940 -1.639693 0.910940 -1.639693
0.944066 -1.639693 0.944066 -1.639693
0.977191 -1.639693 0.977191 -1.639693
1.010316 -1.639693 1.010316 -1.639693
1.043441 -1.639693 1.043441 -1.639693
1.076566 -1.639693 1.076566 -1.639693
1.109691 -1.639693 1.109691 -1.639693
1.142816 -1.639693 1.142816 -1.639693
1.175941 -1.639693 1.175941 -1.639693
1.209066 -1.639693 1.209066 -1.639693
1.242191 -1.639693 1.242191 -1.639693
1.275317 -1.639693 1.275317 -1.639693
1.308442 -1.639693 1.308442 -1.639693
1.341567 -1.639693 1.341567 -1.639693
1.374692 -1.639693 1.374692 -1.639693
1.407817 -1.639693 1.407817 -1.639693
1.440942 -1.639693 1.440942 -1.639693
1.474067 -1.639693 1.474067 -1.639693
1.507192 -1.639693 1.507192 -1.639693
1.540317 -1.639693 1.540317 -1.639693
1.573443 -1.639693 1.573443 -1.639693
1.606568 -1.639693 1.606568 -1.639693
1.639693 -1.639693 1.639693 -1.639693
1.672818 -1.639693 1.672818 -1.639693
1.705943 -1.639693 1.705943 -1.639693
1.739068 -1.639693 1.739068 -1.639693
1.772193 -1.639693 1.772193 -1.639693
1.805318 -1.639693 1.805318 -1.639693
1.838443 -1.639693 1.838443 -1.639693
1.871568 -1.639693 1.871568 -1.639693
1.904694 -1.639693 1.904694 -1.639693
1.937819 -1.639693 1.937819 -1.639693
1.970944 -1.639693 1.970944 -1.639693
2.004069 -1.639693 2.004069 -1.639693
2.037194 -1.639693 2.037194 -1.639693
2.070319 -1.639693 2.070319 -1.639693
2.103444 -1.639693 2.103444 -1.639693
-2.103444 -1.606568 -2.103444 -1.606568
-2.070319 -1.606568 -2.070319 -1.606568
-2.037194 -1.606568 -2.037194 -1.606568
-2.004069 -1.606568 -2.004069 -1.606568
-1.970944 -1.606568 -1.970944 -1.606568
-1.937819 -1.606568 -1.937819 -1.606568
-1.904694 -1.606568 -1.904694 -1.606568
-1.871568 -1.606568 -1.871568 -1.606568
-1.838443 -1.606568 -1.838443 -1.606568
-1.805318 -1.606568 -1.805318 -1.606568
-1.772193 -1.606568 -1.772193 -1.606568
-1.739068 -1.606568 -1.739068 -1.606568
-1.705943 -1.606568 -1.705943 -1.606568
-1.672818 -1.606568 -1.672818 -1.606568
-1.639693 -1.606568 -1.639693 -1.606568
-1.606568 -1.606568 -1.606568 -1.606568
-1.573443 -1.606568 -1.573443 -1.606568
-1.540317 -1.606568 -1.540317 -1.606568
-1.507192 -1.606568 -1.507192 -1.606568
-1.474067 -1.606568 -1.474067 -1.606568
-1.440942 -1.606568 -1.440942 -1.606568
-1.407817 -1.606568 -1.407817 -1.606568
-1.374692 -1.606568 -1.374692 -1.606568
-1.341567 -1.606568 -1.341567 -1.606568
-1.308442 -1.606568 -1.308442 -1.606568
-1.275317 -1.606568 -1.275317 -1.606568
-1.242191 -1.606568 -1.242191 -1.606568
-1.209066 -1.606568 -1.209066 -1.606568
-1.175941 -1.606568 -1.175941 -1.606568
-1.142816 -1.606568 -1.142816 -1.606568
-1.109691 -1.606568 -1.109691 -1.606568
-1.076566 -1.606568 -1.076566 -1.606568
-1.043441 -1.606568 -1.043441 -1.606568
-1.010316 -1.606568 -1.010316 -1.606568
-0.977191 -1.606568 -0.977191 -1.606568
-0.944066 -1.606568 -0.944066 -1.606568
-0.910940 -1.606568 -0.910940 -1.606568
-0.877815 -1.606568 -0.877815 -1.606568
-0.844690 -1.606568 -0.844690 -1.606568
-0.811565 -1.606568 -0.811565 -1.606568
-0.778440 -1.606568 -0.778440 -1.606568
-0.745315 -1.606568 -0.745315 -1.606568
-0.712190 -1.606568 -0.712190 -1.606568
-0.679065 -1.606568 -0.679065 -1.606568
-0.645940 -1.606568 -0.645940 -1.606568
-0.612814 -1.606568 0.975130 1.040241
-0.579689 -1.606568 0.980769 1.031117
-0.546564 -1.606568 0.986408 1.021992
-0.513439 -1.606568 0.992048 1.012867
-0.480314 -1.606568 0.997687 1.003742
-0.447189 -1.606568 1.003326 0.994618
-0.414064 -1.606568 1.008966 0.985493
-0.380939 -1.606568 1.014605 0.976368
-0.347814 -1.606568 1.020245 0.967244
-0.314689 -1.606568 1.025884 0.958119
-0.281563 -1.606568 1.031523 0.948994
-0.248438 -1.606568 1.037163 0.939869
-0.215313 -1.606568 1.042802 0.930745
-0.182188 -1.606568 1.048442 0.921620
-0.149063 -1.606568 1.054081 0.912495
-0.115938 -1.606568 1.059720 0.903370
-0.082813 -1.606568 1.053279 0.913793
-0.049688 -1.606568 1.045183 0.926892
-0.016563 -1.606568 1.037088 0.939990
0.016563 -1.606568 -1.037088 0.939990
0.049688 -1.606568 -1.045183 0.926892
0.082813 -1.606568 -1.053279 0.913793
0.115938 -1.606568 -1.059720 0.903370
0.149063 -1.606568 -1.054081 0.912495
0.182188 -1.606568 -1.048442 0.921620
0.215313 -1.606568 -1.042802 0.930745
0.248438 -1.606568 -1.037163 0.939869
0.281563 -1.606568 -1.031523 0.948994
0.314689 -1.606568 -1.025884 0.958119
0.347814 -1.606568 -1.020245 0.967244
0.380939 -1.606568 -1.014605 0.976368
0.414064 -1.606568 -1.008966 0.985493
0.447189 -1.606568 -1.003326 0.994618
0.480314 -1.606568 -0.997687 1.003742
0.513439 -1.606568 -0.992048 1.012867
0.546564 -1.606568 -0.986408 1.021992
0.579689 -1.606568 -0.980769 1.031117
0.612814 -1.606568 -0.975130 1.040241
0.645940 -1.606568 0.645940 -1.606568
0.679065 -1.606568 0.679065 -1.606568
0.712190 -1.606568 0.712190 -1.606568
0.745315 -1.606568 0.745315 -1.606568
0.778440 -1.606568 0.778440 -1.606568
0.811565 -1.606568 0.811565 -1.606568
0.844690 -1.606568 0.844690 -1.606568
0.877815 -1.606568 0.877815 -1.606568
0.910940 -1.606568 0.910940 -1.606568
0.944066 -1.606568 0.944066 -1.606568
0.977191 -1.606568 0.977191 -1.606568
1.010316 -1.606568 1.010316 -1.606568
1.043441 -1.606568 1.043441 -1.606568
1.076566 -1.606568 1.076566 -1.606568
1.109691 -1.606568 1.109691 -1.606568
1.142816 -1.606568 1.142816 -1.606568
1.175941 -1.606568 1.175941 -1.606568
1.209066 -1.606568 1.209066 -1.606568
1.242191 -1.606568 1.242191 -1.606568
1.275317 -1.606568 1.275317 -1.606568
1.308442 -1.606568 1.308442 -1.606568
1.341567 -1.606568 1.341567 -1.606568
1.374692 -1.606568 1.374692 -1.606568
1.407817 -1.606568 1.407817 -1.606568
1.440942 -1.606568 1.440942 -1.606568
1.474067 -1.606568 1.474067 -1.606568
1.507192 -1.606568 1.507192 -1.606568
1.540317 -1.606568 1.540317 -1.606568
1.573443 -1.606568 1.573443 -1.606568
1.606568 -1.606568 1.606568 -1.606568
1.639693 -1.606568 1.639693 -1.606568
1.672818 -1.606568 1.672818 -1.606568
1.705943 -1.606568 1.705943 -1.606568
1.739068 -1.606568 1.739068 -1.606568
1.772193 -1.606568 1.772193 -1.606568
1.805318 -1.606568 1.805318 -1.606568
1.838443 -1.606568 1.838443 -1.606568
1.871568 -1.606568 1.871568 -1.606568
1.904694 -1.606568 1.904694 -1.606568
1.937819 -1.606568 1.937819 -1.606568
1.970944 -1.606568 1.970944 -1.606568
2.004069 -1.606568 2.004069 -1.606568
2.037194 -1.606568 2.037194 -1.606568
2.070319 -1.606568 2.070319 -1.606568
2.103444 -1.606568 2.103444 -1.606568
-2.103444 -1.573443 -2.103444 -1.573443
-2.070319 -1.573443 -2.070319 -1.573443
-2.037194 -1.573443 -2.037194 -1.573443
-2.004069 -1.573443 -2.004069 -1.573443
-1.970944 -1.573443 -1.970944 -1.573443
-1.937819 -1.573443 -1.937819 -1.573443
-1.904694 -1.573443 -1.904694 -1.573443
-1.871568 -1.573443 -1.871568 -1.573443
-1.838443 -1.573443 -1.838443 -1.573443
-1.805318 -1.573443 -1.805318 -1.573443
-1.772193 -1.573443 -1.772193 -1.573443
-1.739068 -1.573443 -1.739068 -1.573443
-1.705943 -1.573443 -1.705943 -1.573443
-1.672818 -1.573443 -1.672818 -1.573443
-1.639693 -1.573443 -1.639693 -1.573443
-1.606568 -1.573443 -1.606568 -1.573443
-1.573443 -1.573443 -1.573443 -1.573443
-1.540317 -1.573443 -1.540317 -1.573443
-1.507192 -1.573443 -1.507192 -1.573443
-1.474067 -1.573443 -1.474067 -1.573443
-1.440942 -1.573443 -1.440942 -1.573443
-1.407817 -1.573443 -1.407817 -1.573443
-1.374692 -1.573443 -1.374692 -1.573443
-1.341567 -1.573443 -1.341567 -1.573443
-1.308442 -1.573443 -1.308442 -1.573443
-1.275317 -1.573443 -1.275317 -1.573443
-1.242191 -1.573443 -1.242191 -1.573443
-1.209066 -1.573443 -1.209066 -1.573443
-1.175941 -1.573443 -1.175941 -1.573443
-1.142816 -1.573443 -1.142816 -1.573443
-1.109691 -1.573443 -1.109691 -1.573443
-1.076566 -1.573443 -1.076566 -1.573443
-1.043441 -1.573443 -1.043441 -1.573443
-1.010316 -1.573443 -1.010316 -1.573443
-0.977191 -1.573443 -0.977191 -1.573443
-0.944066 -1.573443 -0.944066 -1.573443
-0.910940 -1.573443 -0.910940 -1.573443
-0.877815 -1.573443 -0.877815 -1.573443
-0.844690 -1.573443 -0.844690 -1.573443
-0.811565 -1.573443 -0.811565 -1.573443
-0.778440 -1.573443 -0.778440 -1.573443
-0.745315 -1.573443 -0.745315 -1.573443
-0.712190 -1.573443 -0.712190 -1.573443
-0.679065 -1.573443 -0.679065 -1.573443
-0.645940 -1.573443 -0.645940 -1.573443
-0.612814 -1.573443 1.001076 0.998260
-0.579689 -1.573443 1.006715 0.989135
-0.546564 -1.573443 1.012354 0.980010
-0.513439 -1.573443 1.017994 0.970885
-0.480314 -1.573443 1.023633 0.961761
-0.447189 -1.573443 1.029273 0.952636
-0.414064 -1.573443 1.034912 0.943511
-0.380939 -1.573443 1.040551 0.934387
-0.347814 -1.573443 1.046191 0.925262
-0.314689 -1.573443 1.051830 0.916137
-0.281563 -1.573443 1.057469 0.907012
-0.248438 -1.573443 1.063109 0.897888
-0.215313 -1.573443 1.068748 0.888763
-0.182188 -1.573443 1.074388 0.879638
-0.149063 -1.573443 1.080027 0.870514
-0.115938 -1.573443 1.085666 0.861389
-0.082813 -1.573443 1.078109 0.873617
-0.049688 -1.573443 1.070014 0.886715
-0.016563 -1.573443 1.061918 0.899814
0.016563 -1.573443 -1.061918 0.899814
0.049688 -1.573443 -1.070014 0.886715
0.082813 -1.573443 -1.078109 0.873617
0.115938 -1.573443 -1.085666 0.861389
0.149063 -1.573443 -1.080027 0.870514
0.182188 -1.573443 -1.074388 0.879638
0.215313 -1.573443 -1.068748 0.888763
0.248438 -1.573443 -1.063109 0.897888
0.281563 -1.573443 -1.057469 0.907012
0.314689 -1.573443 -1.051830 0.916137
0.347814 -1.573443 -1.046191 0.925262
0.380939 -1.573443 -1.040551 0.934387
0.414064 -1.573443 -1.034912 0.943511
0.447189 -1.573443 -1.029273 0.952636
0.480314 -1.573443 -1.023633 0.961761
0.513439 -1.573443 -1.017994 0.970885
0.546564 -1.573443 -1.012354 0.980010
0.579689 -1.573443 -1.006715 0.989135
0.612814 -1.573443 -1.001076 0.998260
0.645940 -1.573443 0.645940 -1.573443
0.679065 -1.573443 0.679065 -1.573443
0.712190 -1.573443 0.712190 -1.573443
0.745315 -1.573443 0.745315 -1.573443
0.778440 -1.573443 0.778440 -1.573443
0.811565 -1.573443 0.811565 -1.573443
0.844690 -1.573443 0.844690 -1.573443
0.877815 -1.573443 0.877815 -1.573443
0.910940 -1.573443 0.910940 -1.573443
0.944066 -1.573443 0.944066 -1.573443
0.977191 -1.573443 0.977191 -1.573443
1.010316 -1.573443 1.010316 -1.573443
1.043441 -1.573443 1.043441 -1.573443
1.076566 -1.573443 1.076566 -1.573443
1.109691 -1.573443 1.109691 -1.573443
1.142816 -1.573443 1.142816 -1.573443
1.175941 -1.573443 1.175941 -1.573443
1.209066 -1.573443 1.209066 -1.573443
1.242191 -1.573443 1.242191 -1.573443
1.275317 -1.573443 1.275317 -1.573443
1.308442 -1.573443 1.308442 -1.573443
1.341567 -1.573443 1.341567 -1.573443
1.374692 -1.573443 1.374692 -1.573443
1.407817 -1.573443 1.407817 -1.573443
1.440942 -1.573443 1.440942 -1.573443
1.474067 -1.573443 1.474067 -1.573443
1.507192 -1.573443 1.507192 -1.573443
1.540317 -1.573443 1.540317 -1.573443
1.573443 -1.573443 1.573443 -1.573443
1.606568 -1.573443 1.606568 -1.573443
1.639693 -1.573443 1.639693 -1.573443
1.672818 -1.573443 1.672818 -1.573443
1.705943 -1.573443 1.705943 -1.573443
1.739068 -1.573443 1.739068 -1.573443
1.772193 -1.573443 1.772193 -1.573443
1.805318 -1.573443 1.805318 -1.573443
1.838443 -1.573443 1.838443 -1.573443
1.871568 -1.573443 1.871568 -1.573443
1.904694 -1.573443 1.904694 -1.573443
1.937819 -1.573443 1.937819 -1.573443
1.970944 -1.573443 1.970944 -1.573443
2.004069 -1.573443 2.004069 -1.573443
2.037194 -1.573443 2.037194 -1.573443
2.070319 -1.573443 2.070319 -1.573443
2.103444 -1.573443 2.103444 -1.573443
-2.103444 -1.540317 -2.103444 -1.540317
-2.070319 -1.540317 -2.070319 -1.540317
-2.037194 -1.540317 -2.037194 -1.540317
-2.004069 -1.540317 -2.004069 -1.540317
-1.970944 -1.540317 -1.970944 -1.540317
-1.937819 -1.540317 -1.937819 -1.540317
-1.904694 -1.540317 -1.904694 -1.540317
-1.871568 -1.540317 -1.871568 -1.540317
-1.838443 -1.540317 -1.838443 -1.540317
-1.805318 -1.540317 -1.805318 -1.540317
-1.772193 -1.540317 -1.772193 -1.540317
-1.739068 -1.540317 -1.739068 -1.540317
-1.705943 -1.540317 -1.705943 -1.540317
-1.672818 -1.540317 -1.672818 -1.540317
-1.639693 -1.540317 -1.639693 -1.540317
-1.606568 -1.540317 -1.606568 -1.540317
-1.573443 -1.540317 -1.573443 -1.540317
-1.540317 -1.540317 -1.540317 -1.540317
-1.507192 -1.540317 -1.507192 -1.540317
-1.474067 -1.540317 -1.474067 -1.540317
-1.440942 -1.540317 -1.440942 -1.540317
-1.407817 -1.540317 -1.407817 -1.540317
-1.374692 -1.540317 -1.374692 -1.540317
-1.341567 -1.540317 -1.341567 -1.540317
-1.308442 -1.540317 -1.308442 -1.540317
-1.275317 -1.540317 -1.275317 -1.540317
-1.242191 -1.540317 -1.242191 -1.540317
-1.209066 -1.540317 -1.209066 -1.540317
-1.175941 -1.540317 -1.175941 -1.540317
-1.142816 -1.540317 -1.142816 -1.540317
-1.109691 -1.540317 -1.109691 -1.540317
-1.076566 -1.540317 -1.076566 -1.540317
-1.043441 -1.540317 -1.043441 -1.540317
-1.010316 -1.540317 -1.010316 -1.540317
-0.977191 -1.540317 -0.977191 -1.540317
-0.944066 -1.540317 -0.944066 -1.540317
-0.910940 -1.540317 -0.910940 -1.540317
-0.877815 -1.540317 -0.877815 -1.540317
-0.844690 -1.540317 -0.844690 -1.540317
-0.811565 -1.540317 -0.811565 -1.540317
-0.778440 -1.540317 -0.778440 -1.540317
-0.745315 -1.540317 -0.745315 -1.540317
-0.712190 -1.540317 -0.712190 -1.540317
-0.679065 -1.540317 -0.679065 -1.540317
-0.645940 -1.540317 1.021382 0.965403
-0.612814 -1.540317 1.027022 0.956278
-0.579689 -1.540317 1.032661 0.947153
-0.546564 -1.540317 1.038300 0.938029
-0.513439 -1.540317 1.043940 0.928904
-0.480314 -1.540317 1.049579 0.919779
-0.447189 -1.540317 1.055219 0.910654
-0.414064 -1.540317 1.060858 0.901530
-0.380939 -1.540317 1.066497 0.892405
-0.347814 -1.540317 1.072137 0.883280
-0.314689 -1.540317 1.077776 0.874156
-0.281563 -1.540317 1.083416 0.865031
-0.248438 -1.540317 1.089055 0.855906
-0.215313 -1.540317 1.094694 0.846781
-0.182188 -1.540317 1.100334 0.837657
-0.149063 -1.540317 1.105973 0.828532
-0.115938 -1.540317 1.111035 0.820342
-0.082813 -1.540317 1.102940 0.833440
-0.049688 -1.540317 1.094844 0.846539
-0.016563 -1.540317 1.086749 0.859637
0.016563 -1.540317 -1.086749 0.859637
0.049688 -1.540317 -1.094844 0.846539
0.082813 -1.540317 -1.102940 0.833440
0.115938 -1.540317 -1.111035 0.820342
0.149063 -1.540317 -1.105973 0.828532
0.182188 -1.540317 -1.100334 0.837657
0.215313 -1.540317 -1.094694 0.846781
0.248438 -1.540317 -1.089055 0.855906
0.281563 -1.540317 -1.083416 0.865031
0.314689 -1.540317 -1.077776 0.874156
0.347814 -1.540317 -1.072137 0.883280
0.380939 -1.540317 -1.066497 0.892405
0.414064 -1.540317 -1.060858 0.901530
0.447189 -1.540317 -1.055219 0.910654
0.480314 -1.540317 -1.049579 0.919779
0.513439 -1.540317 -1.043940 0.928904
0.546564 -1.540317 -1.038300 0.938029
0.579689 -1.540317 -1.032661 0.947153
0.612814 -1.540317 -1.027022 0.956278
0.645940 -1.540317 -1.021382 0.965403
0.679065 -1.540317 0.679065 -1.540317
0.712190 -1.540317 0.712190 -1.540317
0.745315 -1.540317 0.745315 -1.540317
0.778440 -1.540317 0.778440 -1.540317
0.811565 -1.540317 0.811565 -1.540317
0.844690 -1.540317 0.844690 -1.540317
0.877815 -1.540317 0.877815 -1.540317
0.910940 -1.540317 0.910940 -1.540317
0.944066 -1.540317 0.944066 -1.540317
0.977191 -1.540317 0.977191 -1.540317
1.010316 -1.540317 1.010316 -1.540317
1.043441 -1.540317 1.043441 -1.540317
1.076566 -1.540317 1.076566 -1.540317
1.109691 -1.540317 1.109691 -1.540317
1.142816 -1.540317 1.142816 -1.540317
1.175941 -1.540317 1.175941 -1.540317
1.209066 -1.540317 1.209066 -1.540317
1.242191 -1.540317 1.242191 -1.540317
1.275317 -1.540317 1.275317 -1.540317
1.308442 -1.540317 1.308442 -1.540317
1.341567 -1.540317 1.341567 -1.540317
1.374692 -1.540317 1.374692 -1.540317
1.407817 -1.540317 1.407817 -1.540317
1.440942 -1.540317 1.440942 -1.540317
1.474067 -1.540317 1.474067 -1.540317
1.507192 -1.540317 1.507192 -1.540317
1.540317 -1.540317 1.540317 -1.540317
1.573443 -1.540317 1.573443 -1.540317
1.606568 -1.540317 1.606568 -1.540317
1.639693 -1.540317 1.639693 -1.540317
1.672818 -1.540317 1.672818 -1.540317
1.705943 -1.540317 1.705943 -1.540317
1.739068 -1.540317 1.739068 -1.540317
1.772193 -1.540317 1.772193 -1.540317
1.805318 -1.540317 1.805318 -1.540317
1.838443 -1.540317 1.838443 -1.540317
1.871568 -1.540317 1.871568 -1.540317
1.904694 -1.540317 1.904694 -1.540317
1.937819 -1.540317 1.937819 -1.540317
1.970944 -1.540317 1.970944 -1.540317
2.004069 -1.540317 2.004069 -1.540317
2.037194 -1.540317 2.037194 -1.540317
2.070319 -1.540317 2.070319 -1.540317
2.103444 -1.540317 2.103444 -1.540317
-2.103444 -1.507192 -2.103444 -1.507192
-2.070319 -1.507192 -2.070319 -1.507192
-2.037194 -1.507192 -2.037194 -1.507192
-2.004069 -1.507192 -2.004069 -1.507192
-1.970944 -1.507192 -1.970944 -1.507192
-1.937819 -1.507192 -1.937819 -1.507192
-1.904694 -1.507192 -1.904694 -1.507192
-1.871568 -1.507192 -1.871568 -1.507192
-1.838443 -1.507192 -1.838443 -1.507192
-1.805318 -1.507192 -1.805318 -1.507192
-1.772193 -1.507192 -1.772193 -1.507192
-1.739068 -1.507192 -1.739068 -1.507192
-1.705943 -1.507192 -1.705943 -1.507192
-1.672818 -1.507192 -1.672818 -1.507192
-1.639693 -1.507192 -1.639693 -1.507192
-1.606568 -1.507192 -1.606568 -1.507192
-1.573443 -1.507192 -1.573443 -1.507192
-1.540317 -1.507192 -1.540317 -1.507192
-1.507192 -1.507192 -1.507192 -1.507192
-1.474067 -1.507192 -1.474067 -1.507192
-1.440942 -1.507192 -1.440942 -1.507192
-1.407817 -1.507192 -1.407817 -1.507192
-1.374692 -1.507192 -1.374692 -1.507192
-1.341567 -1.507192 -1.341567 -1.507192
-1.308442 -1.507192 -1.308442 -1.507192
-1.275317 -1.507192 -1.275317 -1.507192
-1.242191 -1.507192 -1.242191 -1.507192
-1.209066 -1.507192 -1.209066 -1.507192
-1.175941 -1.507192 -1.175941 -1.507192
-1.142816 -1.507192 -1.142816 -1.507192
-1.109691 -1.507192 -1.109691 -1.507192
-1.076566 -1.507192 -1.076566 -1.507192
-1.043441 -1.507192 -1.043441 -1.507192
-1.010316 -1.507192 -1.010316 -1.507192
-0.977191 -1.507192 -0.977191 -1.507192
-0.944066 -1.507192 -0.944066 -1.507192
-0.910940 -1.507192 -0.910940 -1.507192
-0.877815 -1.507192 -0.877815 -1.507192
-0.844690 -1.507192 -0.844690 -1.507192
-0.811565 -1.507192 -0.811565 -1.507192
-0.778440 -1.507192 -0.778440 -1.507192
-0.745315 -1.507192 -0.745315 -1.507192
-0.712190 -1.507192 -0.712190 -1.507192
-0.679065 -1.507192 1.041689 0.932546
-0.645940 -1.507192 1.047328 0.923421
-0.612814 -1.507192 1.052968 0.914296
-0.579689 -1.507192 1.058607 0.905172
-0.546564 -1.507192 1.064247 0.896047
-0.513439 -1.507192 1.069886 0.886922
-0.480314 -1.507192 1.075525 0.877797
-0.447189 -1.507192 1.081165 0.868673
-0.414064 -1.507192 1.086804 0.859548
-0.380939 -1.507192 1.092443 0.850423
-0.347814 -1.507192 1.098083 0.841299
-0.314689 -1.507192 1.103722 0.832174
-0.281563 -1.507192 1.109362 0.823049
-0.248438 -1.507192 1.115001 0.813924
-0.215313 -1.507192 1.120640 0.804800
-0.182188 -1.507192 1.126280 0.795675
-0.149063 -1.507192 1.131919 0.786550
-0.115938 -1.507192 1.135865 0.780165
-0.082813 -1.507192 1.127770 0.793264
-0.049688 -1.507192 1.119675 0.806363
-0.016563 -1.507192 1.111579 0.819461
0.016563 -1.507192 -1.111579 0.819461
0.049688 -1.507192 -1.119675 0.806363
0.082813 -1.507192 -1.127770 0.793264
0.115938 -1.507192 -1.135865 0.780165
0.149063 -1.507192 -1.131919 0.786550
0.182188 -1.507192 -1.126280 0.795675
0.215313 -1.507192 -1.120640 0.804800
0.248438 -1.507192 -1.115001 0.813924
0.281563 -1.507192 -1.109362 0.823049
0.314689 -1.507192 -1.103722 0.832174
0.347814 -1.507192 -1.098083 0.841299
0.380939 -1.507192 -1.092443 0.850423
0.414064 -1.507192 -1.086804 0.859548
0.447189 -1.507192 -1.081165 0.868673
0.480314 -1.507192 -1.075525 0.877797
0.513439 -1.507192 -1.069886 0.886922
0.546564 -1.507192 -1.064247 0.896047
0.579689 -1.507192 -1.058607 0.905172
0.612814 -1.507192 -1.052968 0.914296
0.645940 -1.507192 -1.047328 0.923421
0.679065 -1.507192 -1.041689 0.932546
0.712190 -1.507192 0.712190 -1.507192
0.745315 -1.507192 0.745315 -1.507192
0.778440 -1.507192 0.778440 -1.507192
0.811565 -1.507192 0.811565 -1.507192
0.844690 -1.507192 0.844690 -1.507192
0.877815 -1.507192 0.877815 -1.507192
0.910940 -1.507192 0.910940 -1.507192
0.944066 -1.507192 0.944066 -1.507192
0.977191 -1.507192 0.977191 -1.507192
1.010316 -1.507192 1.010316 -1.507192
1.043441 -1.507192 1.043441 -1.507192
1.076566 -1.507192 1.076566 -1.507192
1.109691 -1.507192 1.109691 -1.507192
1.142816 -1.507192 1.142816 -1.507192
1.175941 -1.507192 1.175941 -1.507192
1.209066 -1.507192 1.209066 -1.507192
1.242191 -1.507192 1.242191 -1.507192
1.275317 -1.507192 1.275317 -1.507192
1.308442 -1.507192 1.308442 -1.507192
1.341567 -1.507192 1.341567 -1.507192
1.374692 -1.507192 1.374692 -1.507192
1.407817 -1.507192 1.407817 -1.507192
1.440942 -1.507192 1.440942 -1.507192
1.474067 -1.507192 1.474067 -1.507192
1.507192 -1.507192 1.507192 -1.507192
1.540317 -1.507192 1.540317 -1.507192
1.573443 -1.507192 1.573443 -1.507192
1.606568 -1.507192 1.606568 -1.507192
1.639693 -1.507192 1.639693 -1.507192
1.672818 -1.507192 1.672818 -1.507192
1.705943 -1.507192 1.705943 -1.507192
1.739068 -1.507192 1.739068 -1.507192
1.772193 -1.507192 1.772193 -1.507192
1.805318 -1.507192 1.805318 -1.507192
1.838443 -1.507192 1.838443 -1.507192
1.871568 -1.507192 1.871568 -1.507192
1.904694 -1.507192 1.904694 -1.507192
1.937819 -1.507192 1.937819 -1.507192
1.970944 -1.507192 1.970944 -1.507192
2.004069 -1.507192 2.004069 -1.507192
2.037194 -1.507192 2.037194 -1.507192
2.070319 -1.507192 2.070319 -1.507192
2.103444 -1.507192 2.103444 -1.507192
-2.103444 -1.474067 -2.103444 -1.474067
-2.070319 -1.474067 -2.070319 -1.474067
-2.037194 -1.474067 -2.037194 -1.474067
-2.004069 -1.474067 -2.004069 -1.474067
-1.970944 -1.474067 -1.970944 -1.474067
-1.937819 -1.474067 -1.937819 -1.474067
-1.904694 -1.474067 -1.904694 -1.474067
-1.871568 -1.474067 -1.871568 -1.474067
-1.838443 -1.474067 -1.838443 -1.474067
-1.805318 -1.474067 -1.805318 -1.474067
-1.772193 -1.474067 -1.772193 -1.474067
-1.739068 -1.474067 -1.739068 -1.474067
-1.705943 -1.474067 -1.705943 -1.474067
-1.672818 -1.474067 -1.672818 -1.474067
-1.639693 -1.474067 -1.639693 -1.474067
-1.606568 -1.474067 -1.606568 -1.474067
-1.573443 -1.474067 -1.573443 -1.474067
-1.540317 -1.474067 -1.540317 -1.474067
-1.507192 -1.474067 -1.507192 -1.474067
-1.474067 -1.474067 -1.474067 -1.474067
-1.440942 -1.474067 -1.440942 -1.474067
-1.407817 -1.474067 -1.407817 -1.474067
-1.374692 -1.474067 -1.374692 -1.474067
-1.341567 -1.474067 -1.341567 -1.474067
-1.308442 -1.474067 -1.308442 -1.474067
-1.275317 -1.474067 -1.275317 -1.474067
-1.242191 -1.474067 -1.242191 -1.474067
-1.209066 -1.474067 -1.209066 -1.474067
-1.175941 -1.474067 -1.175941 -1.474067
-1.142816 -1.474067 -1.142816 -1.474067
-1.109691 -1.474067 -1.109691 -1.474067
-1.076566 -1.474067 -1.076566 -1.474067
-1.043441 -1.474067 -1.043441 -1.474067
-1.010316 -1.474067 -1.010316 -1.474067
-0.977191 -1.474067 -0.977191 -1.474067
-0.944066 -1.474067 -0.944066 -1.474067
-0.910940 -1.474067 -0.910940 -1.474067
-0.877815 -1.474067 -0.877815 -1.474067
-0.844690 -1.474067 -0.844690 -1.474067
-0.811565 -1.474067 -0.811565 -1.474067
-0.778440 -1.474067 -0.778440 -1.474067
-0.745315 -1.474067 -0.745315 -1.474067
-0.712190 -1.474067 -0.712190 -1.474067
-0.679065 -1.474067 1.067635 0.890564
-0.645940 -1.474067 1.073275 0.881439
-0.612814 -1.474067 1.078914 0.872315
-0.579689 -1.474067 1.084553 0.863190
-0.546564 -1.474067 1.090193 0.854065
-0.513439 -1.474067 1.095832 0.844940
-0.480314 -1.474067 1.101471 0.835816
-0.447189 -1.474067 1.107111 0.826691
-0.414064 -1.474067 1.112750 0.817566
-0.380939 -1.474067 1.118390 0.808442
-0.347814 -1.474067 1.124029 0.799317
-0.314689 -1.474067 1.129668 0.790192
-0.281563 -1.474067 1.135308 0.781067
-0.248438 -1.474067 1.140947 0.771943
-0.215313 -1.474067 1.146587 0.762818
-0.182188 -1.474067 1.152226 0.753693
-0.149063 -1.474067 1.157865 0.744568
-0.115938 -1.474067 1.160696 0.739989
-0.082813 -1.474067 1.152600 0.753087
-0.049688 -1.474067 1.144505 0.766186
-0.016563 -1.474067 1.136410 0.779285
0.016563 -1.474067 -1.136410 0.779285
0.049688 -1.474067 -1.144505 0.766186
0.082813 -1.474067 -1.152600 0.753087
0.115938 -1.474067 -1.160696 0.739989
0.149063 -1.474067 -1.157865 0.744568
0.182188 -1.474067 -1.152226 0.753693
0.215313 -1.474067 -1.146587 0.762818
0.248438 -1.474067 -1.140947 0.771943
0.281563 -1.474067 -1.135308 0.781067
0.314689 -1.474067 -1.129668 0.790192
0.347814 -1.474067 -1.124029 0.799317
0.380939 -1.474067 -1.118390 0.808442
0.414064 -1.474067 -1.112750 0.817566
0.447189 -1.474067 -1.107111 0.826691
0.480314 -1.474067 -1.101471 0.835816
0.513439 -1.474067 -1.095832 0.844940
0.546564 -1.474067 -1.090193 0.854065
0.579689 -1.474067 -1.084553 0.863190
0.612814 -1.474067 -1.078914 0.872315
0.645940 -1.474067 -1.073275 0.881439
0.679065 -1.474067 -1.067635 0.890564
0.712190 -1.474067 0.712190 -1.474067
0.745315 -1.474067 0.745315 -1.474067
0.778440 -1.474067 0.778440 -1.474067
0.811565 -1.474067 0.811565 -1.474067
0.844690 -1.474067 0.844690 -1.474067
0.877815 -1.474067 0.877815 -1.474067
0.910940 -1.474067 0.910940 -1.474067
0.944066 -1.474067 0.944066 -1.474067
0.977191 -1.474067 0.977191 -1.474067
1.010316 -1.474067 1.010316 -1.474067
1.043441 -1.474067 1.043441 -1.474067
1.076566 -1.474067 1.076566 -1.474067
1.109691 -1.474067 1.109691 -1.474067
1.142816 -1.474067 1.142816 -1.474067
1.175941 -1.474067 1.175941 -1.474067
1.209066 -1.474067 1.209066 -1.474067
1.242191 -1.474067 1.242191 -1.474067
1.275317 -1.474067 1.275317 -1.474067
1.308442 -1.474067 1.308442 -1.474067
1.341567 -1.474067 1.341567 -1.474067
1.374692 -1.474067 1.374692 -1.474067
1.407817 -1.474067 1.407817 -1.474067
1.440942 -1.474067 1.440942 -1.474067
1.474067 -1.474067 1.474067 -1.474067
1.507192 -1.474067 1.507192 -1.474067
1.540317 -1.474067 1.540317 -1.474067
1.573443 -1.474067 1.573443 -1.474067
1.606568 -1.474067 1.606568 -1.474067
1.639693 -1.474067 1.639693 -1.474067
1.672818 -1.474067 1.672818 -1.474067
1.705943 -1.474067 1.705943 -1.474067
1.739068 -1.474067 1.739068 -1.474067
1.772193 -1.474067 1.772193 -1.474067
1.805318 -1.474067 1.805318 -1.474067
1.838443 -1.474067 1.838443 -1.474067
1.871568 -1.474067 1.871568 -1.474067
1.904694 -1.474067 1.904694 -1.474067
1.937819 -1.474067 1.937819 -1.474067
1.970944 -1.474067 1.970944 -1.474067
2.004069 -1.474067 2.004069 -1.474067
2.037194 -1.474067 2.037194 -1.474067
2.070319 -1.474067 2.070319 -1.474067
2.103444 -1.474067 2.103444 -1.474067
-2.103444 -1.440942 -2.103444 -1.440942
-2.070319 -1.440942 -2.070319 -1.440942
-2.037194 -1.440942 -2.037194 -1.440942
-2.004069 -1.440942 -2.004069 -1.440942
-1.970944 -1.440942 -1.970944 -1.440942
-1.937819 -1.440942 -1.937819 -1.440942
-1.904694 -1.440942 -1.904694 -1.440942
-1.871568 -1.440942 -1.871568 -1.440942
-1.838443 -1.440942 -1.838443 -1.440942
-1.805318 -1.440942 -1.805318 -1.440942
-1.772193 -1.440942 -1.772193 -1.440942
-1.739068 -1.440942 -1.739068 -1.440942
-1.705943 -1.440942 -1.705943 -1.440942
-1.672818 -1.440942 -1.672818 -1.440942
-1.639693 -1.440942 -1.639693 -1.440942
-1.606568 -1.440942 -1.606568 -1.440942
-1.573443 -1.440942 -1.573443 -1.440942
-1.540317 -1.440942 -1.540317 -1.440942
-1.507192 -1.440942 -1.507192 -1.440942
-1.474067 -1.440942 -1.474067 -1.440942
-1.440942 -1.440942 -1.440942 -1.440942
-1.407817 -1.440942 -1.407817 -1.440942
-1.374692 -1.440942 -1.374692 -1.440942
-1.341567 -1.440942 -1.341567 -1.440942
-1.308442 -1.440942 -1.308442 -1.440942
-1.275317 -1.440942 -1.275317 -1.440942
-1.242191 -1.440942 -1.242191 -1.440942
-1.209066 -1.440942 -1.209066 -1.440942
-1.175941 -1.440942 -1.175941 -1.440942
-1.142816 -1.440942 -1.142816 -1.440942
-1.109691 -1.440942 -1.109691 -1.440942
-1.076566 -1.440942 -1.076566 -1.440942
-1.043441 -1.440942 -1.043441 -1.440942
-1.010316 -1.440942 -1.010316 -1.440942
-0.977191 -1.440942 -0.977191 -1.440942
-0.944066 -1.440942 -0.944066 -1.440942
-0.910940 -1.440942 -0.910940 -1.440942
-0.877815 -1.440942 -0.877815 -1.440942
-0.844690 -1.440942 -0.844690 -1.440942
-0.811565 -1.440942 -0.811565 -1.440942
-0.778440 -1.440942 -0.778440 -1.440942
-0.745315 -1.440942 -0.745315 -1.440942
-0.712190 -1.440942 -0.298864 -0.212945
-0.679065 -1.440942 -0.274739 -0.218764
-0.645940 -1.440942 -0.250615 -0.224583
-0.612814 -1.440942 -0.226490 -0.230402
-0.579689 -1.440942 -0.202365 -0.236220
-0.546564 -1.440942 -0.178240 -0.242039
-0.513439 -1.440942 -0.154116 -0.247858
-0.480314 -1.440942 -0.129991 -0.253677
-0.447189 -1.440942 1.133057 0.784709
-0.414064 -1.440942 1.138696 0.775585
-0.380939 -1.440942 1.144336 0.766460
-0.347814 -1.440942 1.149975 0.757335
-0.314689 -1.440942 1.155615 0.748210
-0.281563 -1.440942 1.161254 0.739086
-0.248438 -1.440942 1.166893 0.729961
-0.215313 -1.440942 1.172533 0.720836
-0.182188 -1.440942 1.178172 0.711712
-0.149063 -1.440942 1.183811 0.702587
-0.115938 -1.440942 1.185526 0.699813
-0.082813 -1.440942 1.177431 0.712911
-0.049688 -1.440942 1.169335 0.726010
-0.016563 -1.440942 1.161240 0.739108
0.016563 -1.440942 -1.161240 0.739108
0.049688 -1.440942 -1.169335 0.726010
0.082813 -1.440942 -1.177431 0.712911
0.115938 -1.440942 -1.185526 0.699813
0.149063 -1.440942 -1.183811 0.702587
0.182188 -1.440942 -1.178172 0.711712
0.215313 -1.440942 -1.172533 0.720836
0.248438 -1.440942 -1.166893 0.729961
0.281563 -1.440942 -1.161254 0.739086
0.314689 -1.440942 -1.155615 0.748210
0.347814 -1.440942 -1.149975 0.757335
0.380939 -1.440942 -1.144336 0.766460
0.414064 -1.440942 -1.138696 0.775585
0.447189 -1.440942 -1.133057 0.784709
0.480314 -1.440942 0.129991 -0.253677
0.513439 -1.440942 0.154116 -0.247858
0.546564 -1.440942 0.178240 -0.242039
0.579689 -1.440942 0.202365 -0.236220
0.612814 -1.440942 0.226490 -0.230402
0.645940 -1.440942 0.250615 -0.224583
0.679065 -1.440942 0.274739 -0.218764
0.712190 -1.440942 0.298864 -0.212945
0.745315 -1.440942 0.745315 -1.440942
0.778440 -1.440942 0.778440 -1.440942
0.811565 -1.440942 0.811565 -1.440942
0.844690 -1.440942 0.844690 -1.440942
0.877815 -1.440942 0.877815 -1.440942
0.910940 -1.440942 0.910940 -1.440942
0.944066 -1.440942 0.944066 -1.440942
0.977191 -1.440942 0.977191 -1.440942
1.010316 -1.440942 1.010316 -1.440942
1.043441 -1.440942 1.043441 -1.440942
1.076566 -1.440942 1.076566 -1.440942
1.109691 -1.440942 1.109691 -1.440942
1.142816 -1.440942 1.142816 -1.440942
1.175941 -1.440942 1.175941 -1.440942
1.209066 -1.440942 1.209066 -1.440942
1.242191 -1.440942 1.242191 -1.440942
1.275317 -1.440942 1.275317 -1.440942
1.308442 -1.440942 1.308442 -1.440942
1.341567 -1.440942 1.341567 -1.440942
1.374692 -1.440942 1.374692 -1.440942
1.407817 -1.440942 1.407817 -1.440942
1.440942 -1.440942 1.440942 -1.440942
1.474067 -1.440942 1.474067 -1.440942
1.507192 -1.440942 1.507192 -1.440942
1.540317 -1.440942 1.540317 -1.440942
1.573443 -1.440942 1.573443 -1.440942
1.606568 -1.440942 1.606568 -1.440942
1.639693 -1.440942 1.639693 -1.440942
1.672818 -1.440942 1.672818 -1.440942
1.705943 -1.440942 1.705943 -1.440942
1.739068 -1.440942 1.739068 -1.440942
1.772193 -1.440942 1.772193 -1.440942
1.805318 -1.440942 1.805318 -1.440942
1.838443 -1.440942 1.838443 -1.440942
1.871568 -1.440942 1.871568 -1.440942
1.904694 -1.440942 1.904694 -1.440942
1.937819 -1.440942 1.937819 -1.440942
1.970944 -1.440942 1.970944 -1.440942
2.004069 -1.440942 2.004069 -1.440942
2.037194 -1.440942 2.037194 -1.440942
2.070319 -1.440942 2.070319 -1.440942
2.103444 -1.440942 2.103444 -1.440942
-2.103444 -1.407817 -2.103444 -1.407817
-2.070319 -1.407817 -2.070319 -1.407817
-2.037194 -1.407817 -2.037194 -1.407817
-2.004069 -1.407817 -2.004069 -1.407817
-1.970944 -1.407817 -1.970944 -1.407817
-1.937819 -1.407817 -1.937819 -1.407817
-1.904694 -1.407817 -1.904694 -1.407817
-1.871568 -1.407817 -1.871568 -1.407817
-1.838443 -1.407817 -1.838443 -1.407817
-1.805318 -1.407817 -1.805318 -1.407817
-1.772193 -1.407817 -1.772193 -1.407817
-1.739068 -1.407817 -1.739068 -1.407817
-1.705943 -1.407817 -1.705943 -1.407817
-1.672818 -1.407817 -1.672818 -1.407817
-1.639693 -1.407817 -1.639693 -1.407817
-1.606568 -1.407817 -1.606568 -1.407817
-1.573443 -1.407817 -1.573443 -1.407817
-1.540317 -1.407817 -1.540317 -1.407817
-1.507192 -1.407817 -1.507192 -1.407817
-1.474067 -1.407817 -1.474067 -1.407817
-1.440942 -1.407817 -1.440942 -1.407817
-1.407817 -1.407817 -1.407817 -1.407817
-1.374692 -1.407817 -1.374692 -1.407817
-1.341567 -1.407817 -1.341567 -1.407817
-1.308442 -1.407817 -1.308442 -1.407817
-1.275317 -1.407817 -1.275317 -1.407817
-1.242191 -1.407817 -1.242191 -1.407817
-1.209066 -1.407817 -1.209066 -1.407817
-1.175941 -1.407817 -1.175941 -1.407817
-1.142816 -1.407817 -1.142816 -1.407817
-1.109691 -1.407817 -1.109691 -1.407817
-1.076566 -1.407817 -1.076566 -1.407817
-1.043441 -1.407817 -1.043441 -1.407817
-1.010316 -1.407817 -1.010316 -1.407817
-0.977191 -1.407817 -0.977191 -1.407817
-0.944066 -1.407817 -0.944066 -1.407817
-0.910940 -1.407817 -0.910940 -1.407817
-0.877815 -1.407817 -0.877815 -1.407817
-0.844690 -1.407817 -0.844690 -1.407817
-0.811565 -1.407817 -0.811565 -1.407817
-0.778440 -1.407817 -0.778440 -1.407817
-0.745315 -1.407817 -0.322989 -0.152586
-0.712190 -1.407817 -0.298864 -0.158404
-0.679065 -1.407817 -0.274739 -0.164223
-0.645940 -1.407817 -0.250615 -0.170042
-0.612814 -1.407817 -0.226490 -0.175861
-0.579689 -1.407817 -0.202365 -0.181680
-0.546564 -1.407817 -0.178240 -0.187498
-0.513439 -1.407817 -0.154116 -0.193317
-0.480314 -1.407817 -0.129991 -0.199136
-0.447189 -1.407817 -0.105866 -0.204955
-0.414064 -1.407817 -0.081742 -0.210774
-0.380939 -1.407817 -0.057617 -0.216593
-0.347814 -1.407817 -0.033492 -0.222411
-0.314689 -1.407817 -0.009367 -0.228230
-0.281563 -1.407817 0.014757 -0.234049
-0.248438 -1.407817 0.038882 -0.239868
-0.215313 -1.407817 0.063007 -0.245687
-0.182188 -1.407817 0.087131 -0.251505
-0.149063 -1.407817 0.111256 -0.257324
-0.115938 -1.407817 0.135381 -0.263143
-0.082813 -1.407817 0.159506 -0.268962
-0.049688 -1.407817 1.194166 0.685833
-0.016563 -1.407817 1.186070 0.698932
0.016563 -1.407817 -1.186070 0.698932
0.049688 -1.407817 -1.194166 0.685833
0.082813 -1.407817 -0.159506 -0.268962
0.115938 -1.407817 -0.135381 -0.263143
0.149063 -1.407817 -0.111256 -0.257324
0.182188 -1.407817 -0.087131 -0.251505
0.215313 -1.407817 -0.063007 -0.245687
0.248438 -1.407817 -0.038882 -0.239868
0.281563 -1.407817 -0.014757 -0.234049
0.314689 -1.407817 0.009367 -0.228230
0.347814 -1.407817 0.033492 -0.222411
0.380939 -1.407817 0.057617 -0.216593
0.414064 -1.407817 0.081742 -0.210774
0.447189 -1.407817 0.105866 -0.204955
0.480314 -1.407817 0.129991 -0.199136
0.513439 -1.407817 0.154116 -0.193317
0.546564 -1.407817 0.178240 -0.187498
0.579689 -1.407817 0.202365 -0.181680
0.612814 -1.407817 0.226490 -0.175861
0.645940 -1.407817 0.250615 -0.170042
0.679065 -1.407817 0.274739 -0.164223
0.712190 -1.407817 0.298864 -0.158404
0.745315 -1.407817 0.322989 -0.152586
0.778440 -1.407817 0.778440 -1.407817
0.811565 -1.407817 0.811565 -1.407817
0.844690 -1.407817 0.844690 -1.407817
0.877815 -1.407817 0.877815 -1.407817
0.910940 -1.407817 0.910940 -1.407817
0.944066 -1.407817 0.944066 -1.407817
0.977191 -1.407817 0.977191 -1.407817
1.010316 -1.407817 1.010316 -1.407817
1.043441 -1.407817 1.043441 -1.407817
1.076566 -1.407817 1.076566 -1.407817
1.109691 -1.407817 1.109691 -1.407817
1.142816 -1.407817 1.142816 -1.407817
1.175941 -1.407817 1.175941 -1.407817
1.209066 -1.407817 1.209066 -1.407817
1.242191 -1.407817 1.242191 -1.407817
1.275317 -1.407817 1.275317 -1.407817
1.308442 -1.407817 1.308442 -1.407817
1.341567 -1.407817 1.341567 -1.407817
1.374692 -1.407817 1.374692 -1.407817
1.407817 -1.407817 1.407817 -1.407817
1.440942 -1.407817 1.440942 -1.407817
1.474067 -1.407817 1.474067 -1.407817
1.507192 -1.407817 1.507192 -1.407817
1.540317 -1.407817 1.540317 -1.407817
1.573443 -1.407817 1.573443 -1.407817
1.606568 -1.407817 1.606568 -1.407817
1.639693 -1.407817 1.639693 -1.407817
1.672818 -1.407817 1.672818 -1.407817
1.705943 -1.407817 1.705943 -1.407817
1.739068 -1.407817 1.739068 -1.407817
1.772193 -1.407817 1.772193 -1.407817
1.805318 -1.407817 1.805318 -1.407817
1.838443 -1.407817 1.838443 -1.407817
1.871568 -1.407817 1.871568 -1.407817
1.904694 -1.407817 1.904694 -1.407817
1.937819 -1.407817 1.937819 -1.407817
1.970944 -1.407817 1.970944 -1.407817
2.004069 -1.407817 2.004069 -1.407817
2.037194 -1.407817 2.037194 -1.407817
2.070319 -1.407817 2.070319 -1.407817
2.103444 -1.407817 2.103444 -1.407817
-2.103444 -1.374692 -2.103444 -1.374692
-2.070319 -1.374692 -2.070319 -1.374692
-2.037194 -1.374692 -2.037194 -1.374692
-2.004069 -1.374692 -2.004069 -1.374692
-1.970944 -1.374692 -1.970944 -1.374692
-1.937819 -1.374692 -1.937819 -1.374692
-1.904694 -1.374692 -1.904694 -1.374692
-1.871568 -1.374692 -1.871568 -1.374692
-1.838443 -1.374692 -1.838443 -1.374692
-1.805318 -1.374692 -1.805318 -1.374692
-1.772193 -1.374692 -1.772193 -1.374692
-1.739068 -1.374692 -1.739068 -1.374692
-1.705943 -1.374692 -1.705943 -1.374692
-1.672818 -1.374692 -1.672818 -1.374692
-1.639693 -1.374692 -1.639693 -1.374692
-1.606568 -1.374692 -1.606568 -1.374692
-1.573443 -1.374692 -1.573443 -1.374692
-1.540317 -1.374692 -1.540317 -1.374692
-1.507192 -1.374692 -1.507192 -1.374692
-1.474067 -1.374692 -1.474067 -1.374692
-1.440942 -1.374692 -1.440942 -1.374692
-1.407817 -1.374692 -1.407817 -1.374692
-1.374692 -1.374692 -1.374692 -1.374692
-1.341567 -1.374692 -1.341567 -1.374692
-1.308442 -1.374692 -1.308442 -1.374692
-1.275317 -1.374692 -1.275317 -1.374692
-1.242191 -1.374692 -1.242191 -1.374692
-1.209066 -1.374692 -1.209066 -1.374692
-1.175941 -1.374692 -1.175941 -1.374692
-1.142816 -1.374692 -1.142816 -1.374692
-1.109691 -1.374692 -1.109691 -1.374692
-1.076566 -1.374692 -1.076566 -1.374692
-1.043441 -1.374692 -1.043441 -1.374692
-1.010316 -1.374692 -1.010316 -1.374692
-0.977191 -1.374692 -0.977191 -1.374692
-0.944066 -1.374692 -0.944066 -1.374692
-0.910940 -1.374692 -0.910940 -1.374692
-0.877815 -1.374692 -0.877815 -1.374692
-0.844690 -1.374692 -0.844690 -1.374692
-0.811565 -1.374692 -0.811565 -1.374692
-0.778440 -1.374692 -0.778440 -1.374692
-0.745315 -1.374692 -0.322989 -0.098045
-0.712190 -1.374692 -0.298864 -0.103864
-0.679065 -1.374692 -0.274739 -0.109683
-0.645940 -1.374692 -0.250615 -0.115501
-0.612814 -1.374692 -0.226490 -0.121320
-0.579689 -1.374692 -0.202365 -0.127139
-0.546564 -1.374692 -0.178240 -0.132958
-0.513439 -1.374692 -0.154116 -0.138777
-0.480314 -1.374692 -0.129991 -0.144595
-0.447189 -1.374692 -0.105866 -0.150414
-0.414064 -1.374692 -0.081742 -0.156233
-0.380939 -1.374692 -0.057617 -0.162052
-0.347814 -1.374692 -0.033492 -0.167871
-0.314689 -1.374692 -0.009367 -0.173689
-0.281563 -1.374692 0.014757 -0.179508
-0.248438 -1.374692 0.038882 -0.185327
-0.215313 -1.374692 0.063007 -0.191146
-0.182188 -1.374692 0.087131 -0.196965
-0.149063 -1.374692 0.111256 -0.202784
-0.115938 -1.374692 0.135381 -0.208602
-0.082813 -1.374692 0.159506 -0.214421
-0.049688 -1.374692 0.183630 -0.220240
-0.016563 -1.374692 0.207755 -0.226059
0.016563 -1.374692 -0.207755 -0.226059
0.049688 -1.374692 -0.183630 -0.220240
0.082813 -1.374692 -0.159506 -0.214421
0.115938 -1.374692 -0.135381 -0.208602
0.149063 -1.374692 -0.111256 -0.202784
0.182188 -1.374692 -0.087131 -0.196965
0.215313 -1.374692 -0.063007 -0.191146
0.248438 -1.374692 -0.038882 -0.185327
0.281563 -1.374692 -0.014757 -0.179508
0.314689 -1.374692 0.009367 -0.173689
0.347814 -1.374692 0.033492 -0.167871
0.380939 -1.374692 0.057617 -0.162052
0.414064 -1.374692 0.081742 -0.156233
0.447189 -1.374692 0.105866 -0.150414
0.480314 -1.374692 0.129991 -0.144595
0.513439 -1.374692 0.154116 -0.138777
0.546564 -1.374692 0.178240 -0.132958
0.579689 -1.374692 0.202365 -0.127139
0.612814 -1.374692 0.226490 -0.121320
0.645940 -1.374692 0.250615 -0.115501
0.679065 -1.374692 0.274739 -0.109683
0.712190 -1.374692 0.298864 -0.103864
0.745315 -1.374692 0.322989 -0.098045
0.778440 -1.374692 0.778440 -1.374692
0.811565 -1.374692 0.811565 -1.374692
0.844690 -1.374692 0.844690 -1.374692
0.877815 -1.374692 0.877815 -1.374692
0.910940 -1.374692 0.910940 -1.374692
0.944066 -1.374692 0.944066 -1.374692
0.977191 -1.374692 0.977191 -1.374692
1.010316 -1.374692 1.010316 -1.374692
1.043441 -1.374692 1.043441 -1.374692
1.076566 -1.374692 1.076566 -1.374692
1.109691 -1.374692 1.109691 -1.374692
1.142816 -1.374692 1.142816 -1.374692
1.175941 -1.374692 1.175941 -1.374692
1.209066 -1.374692 1.209066 -1.374692
1.242191 -1.374692 1.242191 -1.374692
1.275317 -1.374692 1.275317 -1.374692
1.308442 -1.374692 1.308442 -1.374692
1.341567 -1.374692 1.341567 -1.374692
1.374692 -1.374692 1.374692 -1.374692
1.407817 -1.374692 1.407817 -1.374692
1.440942 -1.374692 1.440942 -1.374692
1.474067 -1.374692 1.474067 -1.374692
1.507192 -1.374692 1.507192 -1.374692
1.540317 -1.374692 1.540317 -1.374692
1.573443 -1.374692 1.573443 -1.374692
1.606568 -1.374692 1.606568 -1.374692
1.639693 -1.374692 1.639693 -1.374692
1.672818 -1.374692 1.672818 -1.374692
1.705943 -1.374692 1.705943 -1.374692
1.739068 -1.374692 1.739068 -1.374692
1.772193 -1.374692 1.772193 -1.374692
1.805318 -1.374692 1.805318 -1.374692
1.838443 -1.374692 1.838443 -1.374692
1.871568 -1.374692 1.871568 -1.374692
1.904694 -1.374692 1.904694 -1.374692
1.937819 -1.374692 1.937819 -1.374692
1.970944 -1.374692 1.970944 -1.374692
2.004069 -1.374692 2.004069 -1.374692
2.037194 -1.374692 2.037194 -1.374692
2.070319 -1.374692 2.070319 -1.374692
2.103444 -1.374692 2.103444 -1.374692
-2.103444 -1.341567 -2.103444 -1.341567
-2.070319 -1.341567 -2.070319 -1.341567
-2.037194 -1.341567 -2.037194 -1.341567
-2.004069 -1.341567 -2.004069 -1.341567
-1.970944 -1.341567 -1.970944 -1.341567
-1.937819 -1.341567 -1.937819 -1.341567
-1.904694 -1.341567 -1.904694 -1.341567
-1.871568 -1.341567 -1.871568 -1.341567
-1.838443 -1.341567 -1.838443 -1.341567
-1.805318 -1.341567 -1.805318 -1.341567
-1.772193 -1.341567 -1.772193 -1.341567
-1.739068 -1.341567 -1.739068 -1.341567
-1.705943 -1.341567 -1.705943 -1.341567
-1.672818 -1.341567 -1.672818 -1.341567
-1.639693 -1.341567 -1.639693 -1.341567
-1.606568 -1.341567 -1.606568 -1.341567
-1.573443 -1.341567 -1.573443 -1.341567
-1.540317 -1.341567 -1.540317 -1.341567
-1.507192 -1.341567 -1.507192 -1.341567
-1.474067 -1.341567 -1.474067 -1.341567
-1.440942 -1.341567 -1.440942 -1.341567
-1.407817 -1.341567 -1.407817 -1.341567
-1.374692 -1.341567 -1.374692 -1.341567
-1.341567 -1.341567 -1.341567 -1.341567
-1.308442 -1.341567 -1.308442 -1.341567
-1.275317 -1.341567 -1.275317 -1.341567
-1.242191 -1.341567 -1.242191 -1.341567
-1.209066 -1.341567 -1.209066 -1.341567
-1.175941 -1.341567 -1.175941 -1.341567
-1.142816 -1.341567 -1.142816 -1.341567
-1.109691 -1.341567 -1.109691 -1.341567
-1.076566 -1.341567 -1.076566 -1.341567
-1.043441 -1.341567 -1.043441 -1.341567
-1.010316 -1.341567 -1.010316 -1.341567
-0.977191 -1.341567 -0.977191 -1.341567
-0.944066 -1.341567 -0.944066 -1.341567
-0.910940 -1.341567 -0.910940 -1.341567
-0.877815 -1.341567 -0.877815 -1.341567
-0.844690 -1.341567 -0.844690 -1.341567
-0.811565 -1.341567 -0.811565 -1.341567
-0.778440 -1.341567 -0.347113 -0.037685
-0.745315 -1.341567 -0.322989 -0.043504
-0.712190 -1.341567 -0.298864 -0.049323
-0.679065 -1.341567 -0.274739 -0.055142
-0.645940 -1.341567 -0.250615 -0.060961
-0.612814 -1.341567 -0.226490 -0.066779
-0.579689 -1.341567 -0.202365 -0.072598
-0.546564 -1.341567 -0.178240 -0.078417
-0.513439 -1.341567 -0.154116 -0.084236
-0.480314 -1.341567 -0.129991 -0.090055
-0.447189 -1.341567 -0.105866 -0.095874
-0.414064 -1.341567 -0.081742 -0.101692
-0.380939 -1.341567 -0.057617 -0.107511
-0.347814 -1.341567 -0.033492 -0.113330
-0.314689 -1.341567 -0.009367 -0.119149
-0.281563 -1.341567 0.014757 -0.124968
-0.248438 -1.341567 0.038882 -0.130786
-0.215313 -1.341567 0.063007 -0.136605
-0.182188 -1.341567 0.087131 -0.142424
-0.149063 -1.341567 0.111256 -0.148243
-0.115938 -1.341567 0.135381 -0.154062
-0.082813 -1.341567 0.159506 -0.159880
-0.049688 -1.341567 0.183630 -0.165699
-0.016563 -1.341567 0.207755 -0.171518
0.016563 -1.341567 -0.207755 -0.171518
0.049688 -1.341567 -0.183630 -0.165699
0.082813 -1.341567 -0.159506 -0.159880
0.115938 -1.341567 -0.135381 -0.154062
0.149063 -1.341567 -0.111256 -0.148243
0.182188 -1.341567 -0.087131 -0.142424
0.215313 -1.341567 -0.063007 -0.136605
0.248438 -1.341567 -0.038882 -0.130786
0.281563 -1.341567 -0.014757 -0.124968
0.314689 -1.341567 0.009367 -0.119149
0.347814 -1.341567 0.033492 -0.113330
0.380939 -1.341567 0.057617 -0.107511
0.414064 -1.341567 0.081742 -0.101692
0.447189 -1.341567 0.105866 -0.095874
0.480314 -1.341567 0.129991 -0.090055
0.513439 -1.341567 0.154116 -0.084236
0.546564 -1.341567 0.178240 -0.078417
0.579689 -1.341567 0.202365 -0.072598
0.612814 -1.341567 0.226490 -0.066779
0.645940 -1.341567 0.250615 -0.060961
0.679065 -1.341567 0.274739 -0.055142
0.712190 -1.341567 0.298864 -0.049323
0.745315 -1.341567 0.322989 -0.043504
0.778440 -1.341567 0.347113 -0.037685
0.811565 -1.341567 0.811565 -1.341567
0.844690 -1.341567 0.844690 -1.341567
0.877815 -1.341567 0.877815 -1.341567
0.910940 -1.341567 0.910940 -1.341567
0.944066 -1.341567 0.944066 -1.341567
0.977191 -1.341567 0.977191 -1.341567
1.010316 -1.341567 1.010316 -1.341567
1.043441 -1.341567 1.043441 -1.341567
1.076566 -1.341567 1.076566 -1.341567
1.109691 -1.341567 1.109691 -1.341567
1.142816 -1.341567 1.142816 -1.341567
1.175941 -1.341567 1.175941 -1.341567
1.209066 -1.341567 1.209066 -1.341567
1.242191 -1.341567 1.242191 -1.341567
1.275317 -1.341567 1.275317 -1.341567
1.308442 -1.341567 1.308442 -1.341567
1.341567 -1.341567 1.341567 -1.341567
1.374692 -1.341567 1.374692 -1.341567
1.407817 -1.341567 1.407817 -1.341567
1.440942 -1.341567 1.440942 -1.341567
1.474067 -1.341567 1.474067 -1.341567
1.507192 -1.341567 1.507192 -1.341567
1.540317 -1.341567 1.540317 -1.341567
1.573443 -1.341567 1.573443 -1.341567
1.606568 -1.341567 1.606568 -1.341567
1.639693 -1.341567 1.639693 -1.341567
1.672818 -1.341567 1.672818 -1.341567
1.705943 -1.341567 1.705943 -1.341567
1.739068 -1.341567 1.739068 -1.341567
1.772193 -1.341567 1.772193 -1.341567
1.805318 -1.341567 1.805318 -1.341567
1.838443 -1.341567 1.838443 -1.341567
1.871568 -1.341567 1.871568 -1.341567
1.904694 -1.341567 1.904694 -1.341567
1.937819 -1.341567 1.937819 -1.341567
1.970944 -1.341567 1.970944 -1.341567
2.004069 -1.341567 2.004069 -1.341567
2.037194 -1.341567 2.037194 -1.341567
2.070319 -1.341567 2.070319 -1.341567
2.103444 -1.341567 2.103444 -1.341567
-2.103444 -1.308442 -2.103444 -1.308442
-2.070319 -1.308442 -2.070319 -1.308442
-2.037194 -1.308442 -2.037194 -1.308442
-2.004069 -1.308442 -2.004069 -1.308442
-1.970944 -1.308442 -1.970944 -1.308442
-1.937819 -1.308442 -1.937819 -1.308442
-1.904694 -1.308442 -1.904694 -1.308442
-1.871568 -1.308442 -1.871568 -1.308442
-1.838443 -1.308442 -1.838443 -1.308442
-1.805318 -1.308442 -1.805318 -1.308442
-1.772193 -1.308442 -1.772193 -1.308442
-1.739068 -1.308442 -1.739068 -1.308442
-1.705943 -1.308442 -1.705943 -1.308442
-1.672818 -1.308442 -1.672818 -1.308442
-1.639693 -1.308442 -1.639693 -1.308442
-1.606568 -1.308442 -1.606568 -1.308442
-1.573443 -1.308442 -1.573443 -1.308442
-1.540317 -1.308442 -1.540317 -1.308442
-1.507192 -1.308442 -1.507192 -1.308442
-1.474067 -1.308442 -1.474067 -1.308442
-1.440942 -1.308442 -1.440942 -1.308442
-1.407817 -1.308442 -1.407817 -1.308442
-1.374692 -1.308442 -1.374692 -1.308442
-1.341567 -1.308442 -1.341567 -1.308442
-1.308442 -1.308442 -1.308442 -1.308442
-1.275317 -1.308442 -1.275317 -1.308442
-1.242191 -1.308442 -1.242191 -1.308442
-1.209066 -1.308442 -1.209066 -1.308442
-1.175941 -1.308442 -1.175941 -1.308442
-1.142816 -1.308442 -1.142816 -1.308442
-1.109691 -1.308442 -1.109691 -1.308442
-1.076566 -1.308442 -1.076566 -1.308442
-1.043441 -1.308442 -1.043441 -1.308442
-1.010316 -1.308442 -1.010316 -1.308442
-0.977191 -1.308442 -0.977191 -1.308442
-0.944066 -1.308442 -0.944066 -1.308442
-0.910940 -1.308442 -0.910940 -1.308442
-0.877815 -1.308442 -0.877815 -1.308442
-0.844690 -1.308442 -0.844690 -1.308442
-0.811565 -1.308442 -0.811565 -1.308442
-0.778440 -1.308442 -0.347113 0.016855
-0.745315 -1.308442 -0.322989 0.011037
-0.712190 -1.308442 -0.298864 0.005218
-0.679065 -1.308442 -0.274739 -0.000601
-0.645940 -1.308442 -0.250615 -0.006420
-0.612814 -1.308442 -0.226490 -0.012239
-0.579689 -1.308442 -0.202365 -0.018058
-0.546564 -1.308442 -0.178240 -0.023876
-0.513439 -1.308442 -0.154116 -0.029695
-0.480314 -1.308442 -0.129991 -0.035514
-0.447189 -1.308442 -0.105866 -0.041333
-0.414064 -1.308442 -0.081742 -0.047152
-0.380939 -1.308442 -0.057617 -0.052970
-0.347814 -1.308442 -0.033492 -0.058789
-0.314689 -1.308442 -0.009367 -0.064608
-0.281563 -1.308442 0.014757 -0.070427
-0.248438 -1.308442 0.038882 -0.076246
-0.215313 -1.308442 0.063007 -0.082064
-0.182188 -1.308442 0.087131 -0.087883
-0.149063 -1.308442 0.111256 -0.093702
-0.115938 -1.308442 0.135381 -0.099521
-0.082813 -1.308442 0.159506 -0.105340
-0.049688 -1.308442 0.183630 -0.111159
-0.016563 -1.308442 0.207755 -0.116977
0.016563 -1.308442 -0.207755 -0.116977
0.049688 -1.308442 -0.183630 -0.111159
0.082813 -1.308442 -0.159506 -0.105340
0.115938 -1.308442 -0.135381 -0.099521
0.149063 -1.308442 -0.111256 -0.093702
0.182188 -1.308442 -0.087131 -0.087883
0.215313 -1.308442 -0.063007 -0.082064
0.248438 -1.308442 -0.038882 -0.076246
0.281563 -1.308442 -0.014757 -0.070427
0.314689 -1.308442 0.009367 -0.064608
0.347814 -1.308442 0.033492 -0.058789
0.380939 -1.308442 0.057617 -0.052970
0.414064 -1.308442 0.081742 -0.047152
0.447189 -1.308442 0.105866 -0.041333
0.480314 -1.308442 0.129991 -0.035514
0.513439 -1.308442 0.154116 -0.029695
0.546564 -1.308442 0.178240 -0.023876
0.579689 -1.308442 0.202365 -0.018058
0.612814 -1.308442 0.226490 -0.012239
0.645940 -1.308442 0.250615 -0.006420
0.679065 -1.308442 0.274739 -0.000601
0.712190 -1.308442 0.298864 0.005218
0.745315 -1.308442 0.322989 0.011037
0.778440 -1.308442 0.347113 0.016855
0.811565 -1.308442 0.811565 -1.308442
0.844690 -1.308442 0.844690 -1.308442
0.877815 -1.308442 0.877815 -1.308442
0.910940 -1.308442 0.910940 -1.308442
0.944066 -1.308442 0.944066 -1.308442
0.977191 -1.308442 0.977191 -1.308442
1.010316 -1.308442 1.010316 -1.308442
1.043441 -1.308442 1.043441 -1.308442
1.076566 -1.308442 1.076566 -1.308442
1.109691 -1.308442 1.109691 -1.308442
1.142816 -1.308442 1.142816 -1.308442
1.175941 -1.308442 1.175941 -1.308442
1.209066 -1.308442 1.209066 -1.308442
1.242191 -1.308442 1.242191 -1.308442
1.275317 -1.308442 1.275317 -1.308442
1.308442 -1.308442 1.308442 -1.308442
1.341567 -1.308442 1.341567 -1.308442
1.374692 -1.308442 1.374692 -1.308442
1.407817 -1.308442 1.407817 -1.308442
1.440942 -1.308442 1.440942 -1.308442
1.474067 -1.308442 1.474067 -1.308442
1.507192 -1.308442 1.507192 -1.308442
1.540317 -1.308442 1.540317 -1.308442
1.573443 -1.308442 1.573443 -1.308442
1.606568 -1.308442 1.606568 -1.308442
1.639693 -1.308442 1.639693 -1.308442
1.672818 -1.308442 1.672818 -1.308442
1.705943 -1.308442 1.705943 -1.308442
1.739068 -1.308442 1.739068 -1.308442
1.772193 -1.308442 1.772193 -1.308442
1.805318 -1.308442 1.805318 -1.308442
1.838443 -1.308442 1.838443 -1.308442
1.871568 -1.308442 1.871568 -1.308442
1.904694 -1.308442 1.904694 -1.308442
1.937819 -1.308442 1.937819 -1.308442
1.970944 -1.308442 1.970944 -1.308442
2.004069 -1.308442 2.004069 -1.308442
2.037194 -1.308442 2.037194 -1.308442
2.070319 -1.308442 2.070319 -1.308442
2.103444 -1.308442 2.103444 -1.308442
-2.103444 -1.275317 -2.103444 -1.275317
-2.070319 -1.275317 -2.070319 -1.275317
-2.037194 -1.275317 -2.037194 -1.275317
-2.004069 -1.275317 -2.004069 -1.275317
-1.970944 -1.275317 -1.970944 -1.275317
-1.937819 -1.275317 -1.937819 -1.275317
-1.904694 -1.275317 -1.904694 -1.275317
-1.871568 -1.275317 -1.871568 -1.275317
-1.838443 -1.275317 -1.838443 -1.275317
-1.805318 -1.275317 -1.805318 -1.275317
-1.772193 -1.275317 -1.772193 -1.275317
-1.739068 -1.275317 -1.739068 -1.275317
-1.705943 -1.275317 -1.705943 -1.275317
-1.672818 -1.275317 -1.672818 -1.275317
-1.639693 -1.275317 -1.639693 -1.275317
-1.606568 -1.275317 -1.606568 -1.275317
-1.573443 -1.275317 -1.573443 -1.275317
-1.540317 -1.275317 -1.540317 -1.275317
-1.507192 -1.275317 -1.507192 -1.275317
-1.474067 -1.275317 -1.474067 -1.275317
-1.440942 -1.275317 -1.440942 -1.275317
-1.407817 -1.275317 -1.407817 -1.275317
-1.374692 -1.275317 -1.374692 -1.275317
-1.341567 -1.275317 -1.341567 -1.275317
-1.308442 -1.275317 -1.308442 -1.275317
-1.275317 -1.275317 -1.275317 -1.275317
-1.242191 -1.275317 -1.242191 -1.275317
-1.209066 -1.275317 -1.209066 -1.275317
-1.175941 -1.275317 -1.175941 -1.275317
-1.142816 -1.275317 -1.142816 -1.275317
-1.109691 -1.275317 -1.109691 -1.275317
-1.076566 -1.275317 -1.076566 -1.275317
-1.043441 -1.275317 -1.043441 -1.275317
-1.010316 -1.275317 -1.010316 -1.275317
-0.977191 -1.275317 -0.977191 -1.275317
-0.944066 -1.275317 -0.944066 -1.275317
-0.910940 -1.275317 -0.910940 -1.275317
-0.877815 -1.275317 -0.877815 -1.275317
-0.844690 -1.275317 -0.844690 -1.275317
-0.811565 -1.275317 -0.371238 0.077215
-0.778440 -1.275317 -0.347113 0.071396
-0.745315 -1.275317 -0.322989 0.065577
-0.712190 -1.275317 -0.298864 0.059758
-0.679065 -1.275317 -0.274739 0.053940
-0.645940 -1.275317 -0.250615 0.048121
-0.612814 -1.275317 -0.226490 0.042302
-0.579689 -1.275317 -0.202365 0.036483
-0.546564 -1.275317 -0.178240 0.030664
-0.513439 -1.275317 -0.154116 0.024846
-0.480314 -1.275317 -0.129991 0.019027
-0.447189 -1.275317 -0.105866 0.013208
-0.414064 -1.275317 -0.081742 0.007389
-0.380939 -1.275317 -0.057617 0.001570
-0.347814 -1.275317 -0.033492 -0.004249
-0.314689 -1.275317 -0.009367 -0.010067
-0.281563 -1.275317 0.014757 -0.015886
-0.248438 -1.275317 0.038882 -0.021705
-0.215313 -1.275317 0.063007 -0.027524
-0.182188 -1.275317 0.087131 -0.033343
-0.149063 -1.275317 0.111256 -0.039161
-0.115938 -1.275317 0.135381 -0.044980
-0.082813 -1.275317 0.159506 -0.050799
-0.049688 -1.275317 0.183630 -0.056618
-0.016563 -1.275317 0.207755 -0.062437
0.016563 -1.275317 -0.207755 -0.062437
0.049688 -1.275317 -0.183630 -0.056618
0.082813 -1.275317 -0.159506 -0.050799
0.115938 -1.275317 -0.135381 -0.044980
0.149063 -1.275317 -0.111256 -0.039161
0.182188 -1.275317 -0.087131 -0.033343
0.215313 -1.275317 -0.063007 -0.027524
0.248438 -1.275317 -0.038882 -0.021705
0.281563 -1.275317 -0.014757 -0.015886
0.314689 -1.275317 0.009367 -0.010067
0.347814 -1.275317 0.033492 -0.004249
0.380939 -1.275317 0.057617 0.001570
0.414064 -1.275317 0.081742 0.007389
0.447189 -1.275317 0.105866 0.013208
0.480314 -1.275317 0.129991 0.019027
0.513439 -1.275317 0.154116 0.024846
0.546564 -1.275317 0.178240 0.030664
0.579689 -1.275317 0.202365 0.036483
0.612814 -1.275317 0.226490 0.042302
0.645940 -1.275317 0.250615 0.048121
0.679065 -1.275317 0.274739 0.053940
0.712190 -1.275317 0.298864 0.059758
0.745315 -1.275317 0.322989 0.065577
0.778440 -1.275317 0.347113 0.071396
0.811565 -1.275317 0.371238 0.077215
0.844690 -1.275317 0.844690 -1.275317
0.877815 -1.275317 0.877815 -1.275317
0.910940 -1.275317 0.910940 -1.275317
0.944066 -1.275317 0.944066 -1.275317
0.977191 -1.275317 0.977191 -1.275317
1.010316 -1.275317 1.010316 -1.275317
1.043441 -1.275317 1.043441 -1.275317
1.076566 -1.275317 1.076566 -1.275317
1.109691 -1.275317 1.109691 -1.275317
1.142816 -1.275317 1.142816 -1.275317
1.175941 -1.275317 1.175941 -1.275317
1.209066 -1.275317 1.209066 -1.275317
1.242191 -1.275317 1.242191 -1.275317
1.275317 -1.275317 1.275317 -1.275317
1.308442 -1.275317 1.308442 -1.275317
1.341567 -1.275317 1.341567 -1.275317
1.374692 -1.275317 1.374692 -1.275317
1.407817 -1.275317 1.407817 -1.275317
1.440942 -1.275317 1.440942 -1.275317
1.474067 -1.275317 1.474067 -1.275317
1.507192 -1.275317 1.507192 -1.275317
1.540317 -1.275317 1.540317 -1.275317
1.573443 -1.275317 1.573443 -1.275317
1.606568 -1.275317 1.606568 -1.275317
1.639693 -1.275317 1.639693 -1.275317
1.672818 -1.275317 1.672818 -1.275317
1.705943 -1.275317 1.705943 -1.275317
1.739068 -1.275317 1.739068 -1.275317
1.772193 -1.275317 1.772193 -1.275317
1.805318 -1.275317 1.805318 -1.275317
1.838443 -1.275317 1.838443 -1.275317
1.871568 -1.275317 1.871568 -1.275317
1.904694 -1.275317 1.904694 -1.275317
1.937819 -1.275317 1.937819 -1.275317
1.970944 -1.275317 1.970944 -1.275317
2.004069 -1.275317 2.004069 -1.275317
2.037194 -1.275317 2.037194 -1.275317
2.070319 -1.275317 2.070319 -1.275317
2.103444 -1.275317 2.103444 -1.275317
-2.103444 -1.242191 -2.103444 -1.242191
-2.070319 -1.242191 -2.070319 -1.242191
-2.037194 -1.242191 -2.037194 -1.242191
-2.004069 -1.242191 -2.004069 -1.242191
-1.970944 -1.242191 -1.970944 -1.242191
-1.937819 -1.242191 -1.937819 -1.242191
-1.904694 -1.242191 -1.904694 -1.242191
-1.871568 -1.242191 -1.871568 -1.242191
-1.838443 -1.242191 -1.838443 -1.242191
-1.805318 -1.242191 -1.805318 -1.242191
-1.772193 -1.242191 -1.772193 -1.242191
-1.739068 -1.242191 -1.739068 -1.242191
-1.705943 -1.242191 -1.705943 -1.242191
-1.672818 -1.242191 -1.672818 -1.242191
-1.639693 -1.242191 -1.639693 -1.242191
-1.606568 -1.242191 -1.606568 -1.242191
-1.573443 -1.242191 -1.573443 -1.242191
-1.540317 -1.242191 -1.540317 -1.242191
-1.507192 -1.242191 -1.507192 -1.242191
-1.474067 -1.242191 -1.474067 -1.242191
-1.440942 -1.242191 -1.440942 -1.242191
-1.407817 -1.242191 -1.407817 -1.242191
-1.374692 -1.242191 -1.374692 -1.242191
-1.341567 -1.242191 -1.341567 -1.242191
-1.308442 -1.242191 -1.308442 -1.242191
-1.275317 -1.242191 -1.275317 -1.242191
-1.242191 -1.242191 -1.242191 -1.242191
-1.209066 -1.242191 -1.209066 -1.242191
-1.175941 -1.242191 -1.175941 -1.242191
-1.142816 -1.242191 -1.142816 -1.242191
-1.109691 -1.242191 -1.109691 -1.242191
-1.076566 -1.242191 -1.076566 -1.242191
-1.043441 -1.242191 -1.043441 -1.242191
-1.010316 -1.242191 -1.010316 -1.242191
-0.977191 -1.242191 -0.977191 -1.242191
-0.944066 -1.242191 -0.944066 -1.242191
-0.910940 -1.242191 -0.910940 -1.242191
-0.877815 -1.242191 -0.877815 -1.242191
-0.844690 -1.242191 -0.395363 0.137574
-0.811565 -1.242191 -0.371238 0.131756
-0.778440 -1.242191 -0.347113 0.125937
-0.745315 -1.242191 -0.322989 0.120118
-0.712190 -1.242191 -0.298864 0.114299
-0.679065 -1.242191 -0.274739 0.108480
-0.645940 -1.242191 -0.250615 0.102661
-0.612814 -1.242191 -0.226490 0.096843
-0.579689 -1.242191 -0.202365 0.091024
-0.546564 -1.242191 -0.178240 0.085205
-0.513439 -1.242191 -0.154116 0.079386
-0.480314 -1.242191 -0.129991 0.073567
-0.447189 -1.242191 -0.105866 0.067749
-0.414064 -1.242191 -0.081742 0.061930
-0.380939 -1.242191 -0.057617 0.056111
-0.347814 -1.242191 -0.033492 0.050292
-0.314689 -1.242191 -0.009367 0.044473
-0.281563 -1.242191 0.014757 0.038655
-0.248438 -1.242191 0.038882 0.032836
-0.215313 -1.242191 0.063007 0.027017
-0.182188 -1.242191 0.087131 0.021198
-0.149063 -1.242191 0.111256 0.015379
-0.115938 -1.242191 0.135381 0.009560
-0.082813 -1.242191 0.159506 0.003742
-0.049688 -1.242191 0.183630 -0.002077
-0.016563 -1.242191 0.207755 -0.007896
0.016563 -1.242191 -0.207755 -0.007896
0.049688 -1.242191 -0.183630 -0.002077
0.082813 -1.242191 -0.159506 0.003742
0.115938 -1.242191 -0.135381 0.009560
0.149063 -1.242191 -0.111256 0.015379
0.182188 -1.242191 -0.087131 0.021198
0.215313 -1.242191 -0.063007 0.027017
0.248438 -1.242191 -0.038882 0.032836
0.281563 -1.242191 -0.014757 0.038655
0.314689 -1.242191 0.009367 0.044473
0.347814 -1.242191 0.033492 0.050292
0.380939 -1.242191 0.057617 0.056111
0.414064 -1.242191 0.081742 0.061930
0.447189 -1.242191 0.105866 0.067749
0.480314 -1.242191 0.129991 0.073567
0.513439 -1.242191 0.154116 0.079386
0.546564 -1.242191 0.178240 0.085205
0.579689 -1.242191 0.202365 0.091024
0.612814 -1.242191 0.226490 0.096843
0.645940 -1.242191 0.250615 0.102661
0.679065 -1.242191 0.274739 0.108480
0.712190 -1.242191 0.298864 0.114299
0.745315 -1.242191 0.322989 0.120118
0.778440 -1.242191 0.347113 0.125937
0.811565 -1.242191 0.371238 0.131756
0.844690 -1.242191 0.395363 0.137574
0.877815 -1.242191 0.877815 -1.242191
0.910940 -1.242191 0.910940 -1.242191
0.944066 -1.242191 0.944066 -1.242191
0.977191 -1.242191 0.977191 -1.242191
1.010316 -1.242191 1.010316 -1.242191
1.043441 -1.242191 1.043441 -1.242191
1.076566 -1.242191 1.076566 -1.242191
1.109691 -1.242191 1.109691 -1.242191
1.142816 -1.242191 1.142816 -1.242191
1.175941 -1.242191 1.175941 -1.242191
1.209066 -1.242191 1.209066 -1.242191
1.242191 -1.242191 1.242191 -1.242191
1.275317 -1.242191 1.275317 -1.242191
1.308442 -1.242191 1.308442 -1.242191
1.341567 -1.242191 1.341567 -1.242191
1.374692 -1.242191 1.374692 -1.242191
1.407817 -1.242191 1.407817 -1.242191
1.440942 -1.242191 1.440942 -1.242191
1.474067 -1.242191 1.474067 -1.242191
1.507192 -1.242191 1.507192 -1.242191
1.540317 -1.242191 1.540317 -1.242191
1.573443 -1.242191 1.573443 -1.242191
1.606568 -1.242191 1.606568 -1.242191
1.639693 -1.242191 1.639693 -1.242191
1.672818 -1.242191 1.672818 -1.242191
1.705943 -1.242191 1.705943 -1.242191
1.739068 -1.242191 1.739068 -1.242191
1.772193 -1.242191 1.772193 -1.242191
1.805318 -1.242191 1.805318 -1.242191
1.838443 -1.242191 1.838443 -1.242191
1.871568 -1.242191 1.871568 -1.242191
1.904694 -1.242191 1.904694 -1.242191
1.937819 -1.242191 1.937819 -1.242191
1.970944 -1.242191 1.970944 -1.242191
2.004069 -1.242191 2.004069 -1.242191
2.037194 -1.242191 2.037194 -1.242191
2.070319 -1.242191 2.070319 -1.242191
2.103444 -1.242191 2.103444 -1.242191
-2.103444 -1.209066 -2.103444 -1.209066
-2.070319 -1.209066 -2.070319 -1.209066
-2.037194 -1.209066 -2.037194 -1.209066
-2.004069 -1.209066 -2.004069 -1.209066
-1.970944 -1.209066 -1.970944 -1.209066
-1.937819 -1.209066 -1.937819 -1.209066
-1.904694 -1.209066 -1.904694 -1.209066
-1.871568 -1.209066 -1.871568 -1.209066
-1.838443 -1.209066 -1.838443 -1.209066
-1.805318 -1.209066 -1.805318 -1.209066
-1.772193 -1.209066 -1.772193 -1.209066
-1.739068 -1.209066 -1.739068 -1.209066
-1.705943 -1.209066 -1.705943 -1.209066
-1.672818 -1.209066 -1.672818 -1.209066
-1.639693 -1.209066 -1.639693 -1.209066
-1.606568 -1.209066 -1.606568 -1.209066
-1.573443 -1.209066 -1.573443 -1.209066
-1.540317 -1.209066 -1.540317 -1.209066
-1.507192 -1.209066 -1.507192 -1.209066
-1.474067 -1.209066 -1.474067 -1.209066
-1.440942 -1.209066 -1.440942 -1.209066
-1.407817 -1.209066 -1.407817 -1.209066
-1.374692 -1.209066 -1.374692 -1.209066
-1.341567 -1.209066 -1.341567 -1.209066
-1.308442 -1.209066 -1.308442 -1.209066
-1.275317 -1.209066 -1.275317 -1.209066
-1.242191 -1.209066 -1.242191 -1.209066
-1.209066 -1.209066 -1.209066 -1.209066
-1.175941 -1.209066 -1.175941 -1.209066
-1.142816 -1.209066 -1.142816 -1.209066
-1.109691 -1.209066 -1.109691 -1.209066
-1.076566 -1.209066 -1.076566 -1.209066
-1.043441 -1.209066 -1.043441 -1.209066
-1.010316 -1.209066 -1.010316 -1.209066
-0.977191 -1.209066 -0.977191 -1.209066
-0.944066 -1.209066 -0.944066 -1.209066
-0.910940 -1.209066 -0.910940 -1.209066
-0.877815 -1.209066 -0.877815 -1.209066
-0.844690 -1.209066 -0.395363 0.192115
-0.811565 -1.209066 -0.371238 0.186296
-0.778440 -1.209066 -0.347113 0.180477
-0.745315 -1.209066 -0.322989 0.174659
-0.712190 -1.209066 -0.298864 0.168840
-0.679065 -1.209066 -0.274739 0.163021
-0.645940 -1.209066 -0.250615 0.157202
-0.612814 -1.209066 -0.226490 0.151383
-0.579689 -1.209066 -0.202365 0.145565
-0.546564 -1.209066 -0.178240 0.139746
-0.513439 -1.209066 -0.154116 0.133927
-0.480314 -1.209066 -0.129991 0.128108
-0.447189 -1.209066 -0.105866 0.122289
-0.414064 -1.209066 -0.081742 0.116470
-0.380939 -1.209066 -0.057617 0.110652
-0.347814 -1.209066 -0.033492 0.104833
-0.314689 -1.209066 -0.009367 0.099014
-0.281563 -1.209066 0.014757 0.093195
-0.248438 -1.209066 0.038882 0.087376
-0.215313 -1.209066 0.063007 0.081558
-0.182188 -1.209066 0.087131 0.075739
-0.149063 -1.209066 0.111256 0.069920
-0.115938 -1.209066 0.135381 0.064101
-0.082813 -1.209066 0.159506 0.058282
-0.049688 -1.209066 0.183630 0.052464
-0.016563 -1.209066 0.207755 0.046645
0.016563 -1.209066 -0.207755 0.046645
0.049688 -1.209066 -0.183630 0.052464
0.082813 -1.209066 -0.159506 0.058282
0.115938 -1.209066 -0.135381 0.064101
0.149063 -1.209066 -0.111256 0.069920
0.182188 -1.209066 -0.087131 0.075739
0.215313 -1.209066 -0.063007 0.081558
0.248438 -1.209066 -0.038882 0.087376
0.281563 -1.209066 -0.014757 0.093195
0.314689 -1.209066 0.009367 0.099014
0.347814 -1.209066 0.033492 0.104833
0.380939 -1.209066 0.057617 0.110652
0.414064 -1.209066 0.081742 0.116470
0.447189 -1.209066 0.105866 0.122289
0.480314 -1.209066 0.129991 0.128108
0.513439 -1.209066 0.154116 0.133927
0.546564 -1.209066 0.178240 0.139746
0.579689 -1.209066 0.202365 0.145565
0.612814 -1.209066 0.226490 0.151383
0.645940 -1.209066 0.250615 0.157202
0.679065 -1.209066 0.274739 0.163021
0.712190 -1.209066 0.298864 0.168840
0.745315 -1.209066 0.322989 0.174659
0.778440 -1.209066 0.347113 0.180477
0.811565 -1.209066 0.371238 0.186296
0.844690 -1.209066 0.395363 0.192115
0.877815 -1.209066 0.877815 -1.209066
0.910940 -1.209066 0.910940 -1.209066
0.944066 -1.209066 0.944066 -1.209066
0.977191 -1.209066 0.977191 -1.209066
1.010316 -1.209066 1.010316 -1.209066
1.043441 -1.209066 1.043441 -1.209066
1.076566 -1.209066 1.076566 -1.209066
1.109691 -1.209066 1.109691 -1.209066
1.142816 -1.209066 1.142816 -1.209066
1.175941 -1.209066 1.175941 -1.209066
1.209066 -1.209066 1.209066 -1.209066
1.242191 -1.209066 1.242191 -1.209066
1.275317 -1.209066 1.275317 -1.209066
1.308442 -1.209066 1.308442 -1.209066
1.341567 -1.209066 1.341567 -1.209066
1.374692 -1.209066 1.374692 -1.209066
1.407817 -1.209066 1.407817 -1.209066
1.440942 -1.209066 1.440942 -1.209066
1.474067 -1.209066 1.474067 -1.209066
1.507192 -1.209066 1.507192 -1.209066
1.540317 -1.209066 1.540317 -1.209066
1.573443 -1.209066 1.573443 -1.209066
1.606568 -1.209066 1.606568 -1.209066
1.639693 -1.209066 1.639693 -1.209066
1.672818 -1.209066 1.672818 -1.209066
1.705943 -1.209066 1.705943 -1.209066
1.739068 -1.209066 1.739068 -1.209066
1.772193 -1.209066 1.772193 -1.209066
1.805318 -1.209066 1.805318 -1.209066
1.838443 -1.209066 1.838443 -1.209066
1.871568 -1.209066 1.871568 -1.209066
1.904694 -1.209066 1.904694 -1.209066
1.937819 -1.209066 1.937819 -1.209066
1.970944 -1.209066 1.970944 -1.209066
2.004069 -1.209066 2.004069 -1.209066
2.037194 -1.209066 2.037194 -1.209066
2.070319 -1.209066 2.070319 -1.209066
2.103444 -1.209066 2.103444 -1.209066
-2.103444 -1.175941 -2.103444 -1.175941
-2.070319 -1.175941 -2.070319 -1.175941
-2.037194 -1.175941 -2.037194 -1.175941
-2.004069 -1.175941 -2.004069 -1.175941
-1.970944 -1.175941 -1.970944 -1.175941
-1.937819 -1.175941 -1.937819 -1.175941
-1.904694 -1.175941 -1.904694 -1.175941
-1.871568 -1.175941 -1.871568 -1.175941
-1.838443 -1.175941 -1.838443 -1.175941
-1.805318 -1.175941 -1.805318 -1.175941
-1.772193 -1.175941 -1.772193 -1.175941
-1.739068 -1.175941 -1.739068 -1.175941
-1.705943 -1.175941 -1.705943 -1.175941
-1.672818 -1.175941 -1.672818 -1.175941
-1.639693 -1.175941 -1.639693 -1.175941
-1.606568 -1.175941 -1.606568 -1.175941
-1.573443 -1.175941 -1.573443 -1.175941
-1.540317 -1.175941 -1.540317 -1.175941
-1.507192 -1.175941 -1.507192 -1.175941
-1.474067 -1.175941 -1.474067 -1.175941
-1.440942 -1.175941 -1.440942 -1.175941
-1.407817 -1.175941 -1.407817 -1.175941
-1.374692 -1.175941 -1.374692 -1.175941
-1.341567 -1.175941 -1.341567 -1.175941
-1.308442 -1.175941 -1.308442 -1.175941
-1.275317 -1.175941 -1.275317 -1.175941
-1.242191 -1.175941 -1.242191 -1.175941
-1.209066 -1.175941 -1.209066 -1.175941
-1.175941 -1.175941 -1.175941 -1.175941
-1.142816 -1.175941 -1.142816 -1.175941
-1.109691 -1.175941 -1.109691 -1.175941
-1.076566 -1.175941 -1.076566 -1.175941
-1.043441 -1.175941 -1.043441 -1.175941
-1.010316 -1.175941 -1.010316 -1.175941
-0.977191 -1.175941 -0.977191 -1.175941
-0.944066 -1.175941 -0.944066 -1.175941
-0.910940 -1.175941 -0.910940 -1.175941
-0.877815 -1.175941 -0.419487 0.252475
-0.844690 -1.175941 -0.395363 0.246656
-0.811565 -1.175941 -0.371238 0.240837
-0.778440 -1.175941 -0.347113 0.235018
-0.745315 -1.175941 -0.322989 0.229199
-0.712190 -1.175941 -0.298864 0.223381
-0.679065 -1.175941 -0.274739 0.217562
-0.645940 -1.175941 -0.250615 0.211743
-0.612814 -1.175941 -0.226490 0.205924
-0.579689 -1.175941 -0.202365 0.200105
-0.546564 -1.175941 -0.178240 0.194286
-0.513439 -1.175941 -0.154116 0.188468
-0.480314 -1.175941 -0.129991 0.182649
-0.447189 -1.175941 -0.105866 0.176830
-0.414064 -1.175941 -0.081742 0.171011
-0.380939 -1.175941 -0.057617 0.165192
-0.347814 -1.175941 -0.033492 0.159374
-0.314689 -1.175941 -0.009367 0.153555
-0.281563 -1.175941 0.014757 0.147736
-0.248438 -1.175941 0.038882 0.141917
-0.215313 -1.175941 0.063007 0.136098
-0.182188 -1.175941 0.087131 0.130279
-0.149063 -1.175941 0.111256 0.124461
-0.115938 -1.175941 0.135381 0.118642
-0.082813 -1.175941 0.159506 0.112823
-0.049688 -1.175941 0.183630 0.107004
-0.016563 -1.175941 0.207755 0.101185
0.016563 -1.175941 -0.207755 0.101185
0.049688 -1.175941 -0.183630 0.107004
0.082813 -1.175941 -0.159506 0.112823
0.115938 -1.175941 -0.135381 0.118642
0.149063 -1.175941 -0.111256 0.124461
0.182188 -1.175941 -0.087131 0.130279
0.215313 -1.175941 -0.063007 0.136098
0.248438 -1.175941 -0.038882 0.141917
0.281563 -1.175941 -0.014757 0.147736
0.314689 -1.175941 0.009367 0.153555
0.347814 -1.175941 0.033492 0.159374
0.380939 -1.175941 0.057617 0.165192
0.414064 -1.175941 0.081742 0.171011
0.447189 -1.175941 0.105866 0.176830
0.480314 -1.175941 0.129991 0.182649
0.513439 -1.175941 0.154116 0.188468
0.546564 -1.175941 0.178240 0.194286
0.579689 -1.175941 0.202365 0.200105
0.612814 -1.175941 0.226490 0.205924
0.645940 -1.175941 0.250615 0.211743
0.679065 -1.175941 0.274739 0.217562
0.712190 -1.175941 0.298864 0.223381
0.745315 -1.175941 0.322989 0.229199
0.778440 -1.175941 0.347113 0.235018
0.811565 -1.175941 0.371238 0.240837
0.844690 -1.175941 0.395363 0.246656
0.877815 -1.175941 0.419487 0.252475
0.910940 -1.175941 0.910940 -1.175941
0.944066 -1.175941 0.944066 -1.175941
0.977191 -1.175941 0.977191 -1.175941
1.010316 -1.175941 1.010316 -1.175941
1.043441 -1.175941 1.043441 -1.175941
1.076566 -1.175941 1.076566 -1.175941
1.109691 -1.175941 1.109691 -1.175941
1.142816 -1.175941 1.142816 -1.175941
1.175941 -1.175941 1.175941 -1.175941
1.209066 -1.175941 1.209066 -1.175941
1.242191 -1.175941 1.242191 -1.175941
1.275317 -1.175941 1.275317 -1.175941
1.308442 -1.175941 1.308442 -1.175941
1.341567 -1.175941 1.341567 -1.175941
1.374692 -1.175941 1.374692 -1.175941
1.407817 -1.175941 1.407817 -1.175941
1.440942 -1.175941 1.440942 -1.175941
1.474067 -1.175941 1.474067 -1.175941
1.507192 -1.175941 1.507192 -1.175941
1.540317 -1.175941 1.540317 -1.175941
1.573443 -1.175941 1.573443 -1.175941
1.606568 -1.175941 1.606568 -1.175941
1.639693 -1.175941 1.639693 -1.175941
1.672818 -1.175941 1.672818 -1.175941
1.705943 -1.175941 1.705943 -1.175941
1.739068 -1.175941 1.739068 -1.175941
1.772193 -1.175941 1.772193 -1.175941
1.805318 -1.175941 1.805318 -1.175941
1.838443 -1.175941 1.838443 -1.175941
1.871568 -1.175941 1.871568 -1.175941
1.904694 -1.175941 1.904694 -1.175941
1.937819 -1.175941 1.937819 -1.175941
1.970944 -1.175941 1.970944 -1.175941
2.004069 -1.175941 2.004069 -1.175941
2.037194 -1.175941 2.037194 -1.175941
2.070319 -1.175941 2.070319 -1.175941
2.103444 -1.175941 2.103444 -1.175941
-2.103444 -1.142816 -2.103444 -1.142816
-2.070319 -1.142816 -2.070319 -1.142816
-2.037194 -1.142816 -2.037194 -1.142816
-2.004069 -1.142816 -2.004069 -1.142816
-1.970944 -1.142816 -1.970944 -1.142816
-1.937819 -1.142816 -1.937819 -1.142816
-1.904694 -1.142816 -1.904694 -1.142816
-1.871568 -1.142816 -1.871568 -1.142816
-1.838443 -1.142816 -1.838443 -1.142816
-1.805318 -1.142816 -1.805318 -1.142816
-1.772193 -1.142816 -1.772193 -1.142816
-1.739068 -1.142816 -1.739068 -1.142816
-1.705943 -1.142816 -1.705943 -1.142816
-1.672818 -1.142816 -1.672818 -1.142816
-1.639693 -1.142816 -1.639693 -1.142816
-1.606568 -1.142816 -1.606568 -1.142816
-1.573443 -1.142816 -1.573443 -1.142816
-1.540317 -1.142816 -1.540317 -1.142816
-1.507192 -1.142816 -1.507192 -1.142816
-1.474067 -1.142816 -1.474067 -1.142816
-1.440942 -1.142816 -1.440942 -1.142816
-1.407817 -1.142816 -1.407817 -1.142816
-1.374692 -1.142816 -1.374692 -1.142816
-1.341567 -1.142816 -1.341567 -1.142816
-1.308442 -1.142816 -1.308442 -1.142816
-1.275317 -1.142816 -1.275317 -1.142816
-1.242191 -1.142816 -1.242191 -1.142816
-1.209066 -1.142816 -1.209066 -1.142816
-1.175941 -1.142816 -1.175941 -1.142816
-1.142816 -1.142816 -1.142816 -1.142816
-1.109691 -1.142816 -1.109691 -1.142816
-1.076566 -1.142816 -1.076566 -1.142816
-1.043441 -1.142816 -1.043441 -1.142816
-1.010316 -1.142816 -1.010316 -1.142816
-0.977191 -1.142816 -0.977191 -1.142816
-0.944066 -1.142816 -0.944066 -1.142816
-0.910940 -1.142816 -0.443612 0.312834
-0.877815 -1.142816 -0.419487 0.307015
-0.844690 -1.142816 -0.395363 0.301196
-0.811565 -1.142816 -0.371238 0.295378
-0.778440 -1.142816 -0.347113 0.289559
-0.745315 -1.142816 -0.322989 0.283740
-0.712190 -1.142816 -0.298864 0.277921
-0.679065 -1.142816 -0.274739 0.272102
-0.645940 -1.142816 -0.250615 0.266284
-0.612814 -1.142816 -0.226490 0.260465
-0.579689 -1.142816 -0.202365 0.254646
-0.546564 -1.142816 -0.178240 0.248827
-0.513439 -1.142816 -0.154116 0.243008
-0.480314 -1.142816 -0.129991 0.237190
-0.447189 -1.142816 -0.105866 0.231371
-0.414064 -1.142816 -0.081742 0.225552
-0.380939 -1.142816 -0.057617 0.219733
-0.347814 -1.142816 -0.033492 0.213914
-0.314689 -1.142816 -0.009367 0.208095
-0.281563 -1.142816 0.014757 0.202277
-0.248438 -1.142816 0.038882 0.196458
-0.215313 -1.142816 0.063007 0.190639
-0.182188 -1.142816 0.087131 0.184820
-0.149063 -1.142816 0.111256 0.179001
-0.115938 -1.142816 0.135381 0.173183
-0.082813 -1.142816 0.159506 0.167364
-0.049688 -1.142816 0.183630 0.161545
-0.016563 -1.142816 0.207755 0.155726
0.016563 -1.142816 -0.207755 0.155726
0.049688 -1.142816 -0.183630 0.161545
0.082813 -1.142816 -0.159506 0.167364
0.115938 -1.142816 -0.135381 0.173183
0.149063 -1.142816 -0.111256 0.179001
0.182188 -1.142816 -0.087131 0.184820
0.215313 -1.142816 -0.063007 0.190639
0.248438 -1.142816 -0.038882 0.196458
0.281563 -1.142816 -0.014757 0.202277
0.314689 -1.142816 0.009367 0.208095
0.347814 -1.142816 0.033492 0.213914
0.380939 -1.142816 0.057617 0.219733
0.414064 -1.142816 0.081742 0.225552
0.447189 -1.142816 0.105866 0.231371
0.480314 -1.142816 0.129991 0.237190
0.513439 -1.142816 0.154116 0.243008
0.546564 -1.142816 0.178240 0.248827
0.579689 -1.142816 0.202365 0.254646
0.612814 -1.142816 0.226490 0.260465
0.645940 -1.142816 0.250615 0.266284
0.679065 -1.142816 0.274739 0.272102
0.712190 -1.142816 0.298864 0.277921
0.745315 -1.142816 0.322989 0.283740
0.778440 -1.142816 0.347113 0.289559
0.811565 -1.142816 0.371238 0.295378
0.844690 -1.142816 0.395363 0.301196
0.877815 -1.142816 0.419487 0.307015
0.910940 -1.142816 0.443612 0.312834
0.944066 -1.142816 0.944066 -1.142816
0.977191 -1.142816 0.977191 -1.142816
1.010316 -1.142816 1.010316 -1.142816
1.043441 -1.142816 1.043441 -1.142816
1.076566 -1.142816 1.076566 -1.142816
1.109691 -1.142816 1.109691 -1.142816
1.142816 -1.142816 1.142816 -1.142816
1.175941 -1.142816 1.175941 -1.142816
1.209066 -1.142816 1.209066 -1.142816
1.242191 -1.142816 1.242191 -1.142816
1.275317 -1.142816 1.275317 -1.142816
1.308442 -1.142816 1.308442 -1.142816
1.341567 -1.142816 1.341567 -1.142816
1.374692 -1.142816 1.374692 -1.142816
1.407817 -1.142816 1.407817 -1.142816
1.440942 -1.142816 1.440942 -1.142816
1.474067 -1.142816 1.474067 -1.142816
1.507192 -1.142816 1.507192 -1.142816
1.540317 -1.142816 1.540317 -1.142816
1.573443 -1.142816 1.573443 -1.142816
1.606568 -1.142816 1.606568 -1.142816
1.639693 -1.142816 1.639693 -1.142816
1.672818 -1.142816 1.672818 -1.142816
1.705943 -1.142816 1.705943 -1.142816
1.739068 -1.142816 1.739068 -1.142816
1.772193 -1.142816 1.772193 -1.142816
1.805318 -1.142816 1.805318 -1.142816
1.838443 -1.142816 1.838443 -1.142816
1.871568 -1.142816 1.871568 -1.142816
1.904694 -1.142816 1.904694 -1.142816
1.937819 -1.142816 1.937819 -1.142816
1.970944 -1.142816 1.970944 -1.142816
2.004069 -1.142816 2.004069 -1.142816
2.037194 -1.142816 2.037194 -1.142816
2.070319 -1.142816 2.070319 -1.142816
2.103444 -1.142816 2.103444 -1.142816
-2.103444 -1.109691 -2.103444 -1.109691
-2.070319 -1.109691 -2.070319 -1.109691
-2.037194 -1.109691 -2.037194 -1.109691
-2.004069 -1.109691 -2.004069 -1.109691
-1.970944 -1.109691 -1.970944 -1.109691
-1.937819 -1.109691 -1.937819 -1.109691
-1.904694 -1.109691 -1.904694 -1.109691
-1.871568 -1.109691 -1.871568 -1.109691
-1.838443 -1.109691 -1.838443 -1.109691
-1.805318 -1.109691 -1.805318 -1.109691
-1.772193 -1.109691 -1.772193 -1.109691
-1.739068 -1.109691 -1.739068 -1.109691
-1.705943 -1.109691 -1.705943 -1.109691
-1.672818 -1.109691 -1.672818 -1.109691
-1.639693 -1.109691 -1.639693 -1.109691
-1.606568 -1.109691 -1.606568 -1.109691
-1.573443 -1.109691 -1.573443 -1.109691
-1.540317 -1.109691 -1.540317 -1.109691
-1.507192 -1.109691 -1.507192 -1.109691
-1.474067 -1.109691 -1.474067 -1.109691
-1.440942 -1.109691 -1.440942 -1.109691
-1.407817 -1.109691 -1.407817 -1.109691
-1.374692 -1.109691 -1.374692 -1.109691
-1.341567 -1.109691 -1.341567 -1.109691
-1.308442 -1.109691 -1.308442 -1.109691
-1.275317 -1.109691 -1.275317 -1.109691
-1.242191 -1.109691 -1.242191 -1.109691
-1.209066 -1.109691 -1.209066 -1.109691
-1.175941 -1.109691 -1.175941 -1.109691
-1.142816 -1.109691 -1.142816 -1.109691
-1.109691 -1.109691 -1.109691 -1.109691
-1.076566 -1.109691 -1.076566 -1.109691
-1.043441 -1.109691 -1.043441 -1.109691
-1.010316 -1.109691 -1.010316 -1.109691
-0.977191 -1.109691 -0.977191 -1.109691
-0.944066 -1.109691 -0.944066 -1.109691
-0.910940 -1.109691 -0.443612 0.367375
-0.877815 -1.109691 -0.419487 0.361556
-0.844690 -1.109691 -0.395363 0.355737
-0.811565 -1.109691 -0.371238 0.349918
-0.778440 -1.109691 -0.347113 0.344100
-0.745315 -1.109691 -0.322989 0.338281
-0.712190 -1.109691 -0.298864 0.332462
-0.679065 -1.109691 -0.274739 0.326643
-0.645940 -1.109691 -0.250615 0.320824
-0.612814 -1.109691 -0.226490 0.315005
-0.579689 -1.109691 -0.202365 0.309187
-0.546564 -1.109691 -0.178240 0.303368
-0.513439 -1.109691 -0.154116 0.297549
-0.480314 -1.109691 -0.129991 0.291730
-0.447189 -1.109691 -0.105866 0.285911
-0.414064 -1.109691 -0.081742 0.280093
-0.380939 -1.109691 -0.057617 0.274274
-0.347814 -1.109691 -0.033492 0.268455
-0.314689 -1.109691 -0.009367 0.262636
-0.281563 -1.109691 0.014757 0.256817
-0.248438 -1.109691 0.038882 0.250999
-0.215313 -1.109691 0.063007 0.245180
-0.182188 -1.109691 0.087131 0.239361
-0.149063 -1.109691 0.111256 0.233542
-0.115938 -1.109691 0.135381 0.227723
-0.082813 -1.109691 0.159506 0.221904
-0.049688 -1.109691 0.183630 0.216086
-0.016563 -1.109691 0.207755 0.210267
0.016563 -1.109691 -0.207755 0.210267
0.049688 -1.109691 -0.183630 0.216086
0.082813 -1.109691 -0.159506 0.221904
0.115938 -1.109691 -0.135381 0.227723
0.149063 -1.109691 -0.111256 0.233542
0.182188 -1.109691 -0.087131 0.239361
0.215313 -1.109691 -0.063007 0.245180
0.248438 -1.109691 -0.038882 0.250999
0.281563 -1.109691 -0.014757 0.256817
0.314689 -1.109691 0.009367 0.262636
0.347814 -1.109691 0.033492 0.268455
0.380939 -1.109691 0.057617 0.274274
0.414064 -1.109691 0.081742 0.280093
0.447189 -1.109691 0.105866 0.285911
0.480314 -1.109691 0.129991 0.291730
0.513439 -1.109691 0.154116 0.297549
0.546564 -1.109691 0.178240 0.303368
0.579689 -1.109691 0.202365 0.309187
0.612814 -1.109691 0.226490 0.315005
0.645940 -1.109691 0.250615 0.320824
0.679065 -1.109691 0.274739 0.326643
0.712190 -1.109691 0.298864 0.332462
0.745315 -1.109691 0.322989 0.338281
0.778440 -1.109691 0.347113 0.344100
0.811565 -1.109691 0.371238 0.349918
0.844690 -1.109691 0.395363 0.355737
0.877815 -1.109691 0.419487 0.361556
0.910940 -1.109691 0.443612 0.367375
0.944066 -1.109691 0.944066 -1.109691
0.977191 -1.109691 0.977191 -1.109691
1.010316 -1.109691 1.010316 -1.109691
1.043441 -1.109691 1.043441 -1.109691
1.076566 -1.109691 1.076566 -1.109691
1.109691 -1.109691 1.109691 -1.109691
1.142816 -1.109691 1.142816 -1.109691
1.175941 -1.109691 1.175941 -1.109691
1.209066 -1.109691 1.209066 -1.109691
1.242191 -1.109691 1.242191 -1.109691
1.275317 -1.109691 1.275317 -1.109691
1.308442 -1.109691 1.308442 -1.109691
1.341567 -1.109691 1.341567 -1.109691
1.374692 -1.109691 1.374692 -1.109691
1.407817 -1.109691 1.407817 -1.109691
1.440942 -1.109691 1.440942 -1.109691
1.474067 -1.109691 1.474067 -1.109691
1.507192 -1.109691 1.507192 -1.109691
1.540317 -1.109691 1.540317 -1.109691
1.573443 -1.109691 1.573443 -1.109691
1.606568 -1.109691 1.606568 -1.109691
1.639693 -1.109691 1.639693 -1.109691
1.672818 -1.109691 1.672818 -1.109691
1.705943 -1.109691 1.705943 -1.109691
1.739068 -1.109691 1.739068 -1.109691
1.772193 -1.109691 1.772193 -1.109691
1.805318 -1.109691 1.805318 -1.109691
1.838443 -1.109691 1.838443 -1.109691
1.871568 -1.109691 1.871568 -1.109691
1.904694 -1.109691 1.904694 -1.109691
1.937819 -1.109691 1.937819 -1.109691
1.970944 -1.109691 1.970944 -1.109691
2.004069 -1.109691 2.004069 -1.109691
2.037194 -1.109691 2.037194 -1.109691
2.070319 -1.109691 2.070319 -1.109691
2.103444 -1.109691 2.103444 -1.109691
-2.103444 -1.076566 -2.103444 -1.076566
-2.070319 -1.076566 -2.070319 -1.076566
-2.037194 -1.076566 -2.037194 -1.076566
-2.004069 -1.076566 -2.004069 -1.076566
-1.970944 -1.076566 -1.970944 -1.076566
-1.937819 -1.076566 -1.937819 -1.076566
-1.904694 -1.076566 -1.904694 -1.076566
-1.871568 -1.076566 -1.871568 -1.076566
-1.838443 -1.076566 -1.838443 -1.076566
-1.805318 -1.076566 -1.805318 -1.076566
-1.772193 -1.076566 -1.772193 -1.076566
-1.739068 -1.076566 -1.739068 -1.076566
-1.705943 -1.076566 -1.705943 -1.076566
-1.672818 -1.076566 -1.672818 -1.076566
-1.639693 -1.076566 -1.639693 -1.076566
-1.606568 -1.076566 -1.606568 -1.076566
-1.573443 -1.076566 -1.573443 -1.076566
-1.540317 -1.076566 -1.540317 -1.076566
-1.507192 -1.076566 -1.507192 -1.076566
-1.474067 -1.076566 -1.474067 -1.076566
-1.440942 -1.076566 -1.440942 -1.076566
-1.407817 -1.076566 -1.407817 -1.076566
-1.374692 -1.076566 -1.374692 -1.076566
-1.341567 -1.076566 -1.341567 -1.076566
-1.308442 -1.076566 -1.308442 -1.076566
-1.275317 -1.076566 -1.275317 -1.076566
-1.242191 -1.076566 -1.242191 -1.076566
-1.209066 -1.076566 -1.209066 -1.076566
-1.175941 -1.076566 -1.175941 -1.076566
-1.142816 -1.076566 -1.142816 -1.076566
-1.109691 -1.076566 -1.109691 -1.076566
-1.076566 -1.076566 -1.076566 -1.076566
-1.043441 -1.076566 -1.043441 -1.076566
-1.010316 -1.076566 -1.010316 -1.076566
-0.977191 -1.076566 -0.977191 -1.076566
-0.944066 -1.076566 -0.467737 0.427734
-0.910940 -1.076566 -0.443612 0.421916
-0.877815 -1.076566 -0.419487 0.416097
-0.844690 -1.076566 -0.395363 0.410278
-0.811565 -1.076566 -0.371238 0.404459
-0.778440 -1.076566 -0.347113 0.398640
-0.745315 -1.076566 -0.322989 0.392821
-0.712190 -1.076566 -0.298864 0.387003
-0.679065 -1.076566 -0.274739 0.381184
-0.645940 -1.076566 -0.250615 0.375365
-0.612814 -1.076566 -0.226490 0.369546
-0.579689 -1.076566 -0.202365 0.363727
-0.546564 -1.076566 -0.178240 0.357909
-0.513439 -1.076566 -0.154116 0.352090
-0.480314 -1.076566 -0.129991 0.346271
-0.447189 -1.076566 -0.105866 0.340452
-0.414064 -1.076566 -0.081742 0.334633
-0.380939 -1.076566 -0.057617 0.328814
-0.347814 -1.076566 -0.033492 0.322996
-0.314689 -1.076566 -0.009367 0.317177
-0.281563 -1.076566 0.014757 0.311358
-0.248438 -1.076566 0.038882 0.305539
-0.215313 -1.076566 0.063007 0.299720
-0.182188 -1.076566 0.087131 0.293902
-0.149063 -1.076566 0.111256 0.288083
-0.115938 -1.076566 0.135381 0.282264
-0.082813 -1.076566 0.159506 0.276445
-0.049688 -1.076566 0.183630 0.270626
-0.016563 -1.076566 0.207755 0.264808
0.016563 -1.076566 -0.207755 0.264808
0.049688 -1.076566 -0.183630 0.270626
0.082813 -1.076566 -0.159506 0.276445
0.115938 -1.076566 -0.135381 0.282264
0.149063 -1.076566 -0.111256 0.288083
0.182188 -1.076566 -0.087131 0.293902
0.215313 -1.076566 -0.063007 0.299720
0.248438 -1.076566 -0.038882 0.305539
0.281563 -1.076566 -0.014757 0.311358
0.314689 -1.076566 0.009367 0.317177
0.347814 -1.076566 0.033492 0.322996
0.380939 -1.076566 0.057617 0.328814
0.414064 -1.076566 0.081742 0.334633
0.447189 -1.076566 0.105866 0.340452
0.480314 -1.076566 0.129991 0.346271
0.513439 -1.076566 0.154116 0.352090
0.546564 -1.076566 0.178240 0.357909
0.579689 -1.076566 0.202365 0.363727
0.612814 -1.076566 0.226490 0.369546
0.645940 -1.076566 0.250615 0.375365
0.679065 -1.076566 0.274739 0.381184
0.712190 -1.076566 0.298864 0.387003
0.745315 -1.076566 0.322989 0.392821
0.778440 -1.076566 0.347113 0.398640
0.811565 -1.076566 0.371238 0.404459
0.844690 -1.076566 0.395363 0.410278
0.877815 -1.076566 0.419487 0.416097
0.910940 -1.076566 0.443612 0.421916
0.944066 -1.076566 0.467737 0.427734
0.977191 -1.076566 0.977191 -1.076566
1.010316 -1.076566 1.010316 -1.076566
1.043441 -1.076566 1.043441 -1.076566
1.076566 -1.076566 1.076566 -1.076566
1.109691 -1.076566 1.109691 -1.076566
1.142816 -1.076566 1.142816 -1.076566
1.175941 -1.076566 1.175941 -1.076566
1.209066 -1.076566 1.209066 -1.076566
1.242191 -1.076566 1.242191 -1.076566
1.275317 -1.076566 1.275317 -1.076566
1.308442 -1.076566 1.308442 -1.076566
1.341567 -1.076566 1.341567 -1.076566
1.374692 -1.076566 1.374692 -1.076566
1.407817 -1.076566 1.407817 -1.076566
1.440942 -1.076566 1.440942 -1.076566
1.474067 -1.076566 1.474067 -1.076566
1.507192 -1.076566 1.507192 -1.076566
1.540317 -1.076566 1.540317 -1.076566
1.573443 -1.076566 1.573443 -1.076566
1.606568 -1.076566 1.606568 -1.076566
1.639693 -1.076566 1.639693 -1.076566
1.672818 -1.076566 1.672818 -1.076566
1.705943 -1.076566 1.705943 -1.076566
1.739068 -1.076566 1.739068 -1.076566
1.772193 -1.076566 1.772193 -1.076566
1.805318 -1.076566 1.805318 -1.076566
1.838443 -1.076566 1.838443 -1.076566
1.871568 -1.076566 1.871568 -1.076566
1.904694 -1.076566 1.904694 -1.076566
1.937819 -1.076566 1.937819 -1.076566
1.970944 -1.076566 1.970944 -1.076566
2.004069 -1.076566 2.004069 -1.076566
2.037194 -1.076566 2.037194 -1.076566
2.070319 -1.076566 2.070319 -1.076566
2.103444 -1.076566 2.103444 -1.076566
-2.103444 -1.043441 -2.103444 -1.043441
-2.070319 -1.043441 -2.070319 -1.043441
-2.037194 -1.043441 -2.037194 -1.043441
-2.004069 -1.043441 -2.004069 -1.043441
-1.970944 -1.043441 -1.970944 -1.043441
-1.937819 -1.043441 -1.937819 -1.043441
-1.904694 -1.043441 -1.904694 -1.043441
-1.871568 -1.043441 -1.871568 -1.043441
-1.838443 -1.043441 -1.838443 -1.043441
-1.805318 -1.043441 -1.805318 -1.043441
-1.772193 -1.043441 -1.772193 -1.043441
-1.739068 -1.043441 -1.739068 -1.043441
-1.705943 -1.043441 -1.705943 -1.043441
-1.672818 -1.043441 -1.672818 -1.043441
-1.639693 -1.043441 -1.639693 -1.043441
-1.606568 -1.043441 -1.606568 -1.043441
-1.573443 -1.043441 -1.573443 -1.043441
-1.540317 -1.043441 -1.540317 -1.043441
-1.507192 -1.043441 -1.507192 -1.043441
-1.474067 -1.043441 -1.474067 -1.043441
-1.440942 -1.043441 -1.440942 -1.043441
-1.407817 -1.043441 -1.407817 -1.043441
-1.374692 -1.043441 -1.374692 -1.043441
-1.341567 -1.043441 -1.341567 -1.043441
-1.308442 -1.043441 -1.308442 -1.043441
-1.275317 -1.043441 -1.275317 -1.043441
-1.242191 -1.043441 -1.242191 -1.043441
-1.209066 -1.043441 -1.209066 -1.043441
-1.175941 -1.043441 -1.175941 -1.043441
-1.142816 -1.043441 -1.142816 -1.043441
-1.109691 -1.043441 -1.109691 -1.043441
-1.076566 -1.043441 -1.076566 -1.043441
-1.043441 -1.043441 -1.043441 -1.043441
-1.010316 -1.043441 -1.010316 -1.043441
-0.977191 -1.043441 -0.977191 -1.043441
-0.944066 -1.043441 -0.467737 0.482275
-0.910940 -1.043441 -0.443612 0.476456
-0.877815 -1.043441 -0.419487 0.470637
-0.844690 -1.043441 -0.395363 0.464819
-0.811565 -1.043441 -0.371238 0.459000
-0.778440 -1.043441 -0.347113 0.453181
-0.745315 -1.043441 -0.322989 0.447362
-0.712190 -1.043441 -0.298864 0.441543
-0.679065 -1.043441 -0.274739 0.435725
-0.645940 -1.043441 -0.250615 0.429906
-0.612814 -1.043441 -0.226490 0.424087
-0.579689 -1.043441 -0.202365 0.418268
-0.546564 -1.043441 -0.178240 0.412449
-0.513439 -1.043441 -0.154116 0.406630
-0.480314 -1.043441 -0.129991 0.400812
-0.447189 -1.043441 -0.105866 0.394993
-0.414064 -1.043441 -0.081742 0.389174
-0.380939 -1.043441 -0.057617 0.383355
-0.347814 -1.043441 -0.033492 0.377536
-0.314689 -1.043441 -0.009367 0.371718
-0.281563 -1.043441 0.014757 0.365899
-0.248438 -1.043441 0.038882 0.360080
-0.215313 -1.043441 0.063007 0.354261
-0.182188 -1.043441 0.087131 0.348442
-0.149063 -1.043441 0.111256 0.342623
-0.115938 -1.043441 0.135381 0.336805
-0.082813 -1.043441 0.159506 0.330986
-0.049688 -1.043441 0.183630 0.325167
-0.016563 -1.043441 0.207755 0.319348
0.016563 -1.043441 -0.207755 0.319348
0.049688 -1.043441 -0.183630 0.325167
0.082813 -1.043441 -0.159506 0.330986
0.115938 -1.043441 -0.135381 0.336805
0.149063 -1.043441 -0.111256 0.342623
0.182188 -1.043441 -0.087131 0.348442
0.215313 -1.043441 -0.063007 0.354261
0.248438 -1.043441 -0.038882 0.360080
0.281563 -1.043441 -0.014757 0.365899
0.314689 -1.043441 0.009367 0.371718
0.347814 -1.043441 0.033492 0.377536
0.380939 -1.043441 0.057617 0.383355
0.414064 -1.043441 0.081742 0.389174
0.447189 -1.043441 0.105866 0.394993
0.480314 -1.043441 0.129991 0.400812
0.513439 -1.043441 0.154116 0.406630
0.546564 -1.043441 0.178240 0.412449
0.579689 -1.043441 0.202365 0.418268
0.612814 -1.043441 0.226490 0.424087
0.645940 -1.043441 0.250615 0.429906
0.679065 -1.043441 0.274739 0.435725
0.712190 -1.043441 0.298864 0.441543
0.745315 -1.043441 0.322989 0.447362
0.778440 -1.043441 0.347113 0.453181
0.811565 -1.043441 0.371238 0.459000
0.844690 -1.043441 0.395363 0.464819
0.877815 -1.043441 0.419487 0.470637
0.910940 -1.043441 0.443612 0.476456
0.944066 -1.043441 0.467737 0.482275
0.977191 -1.043441 0.977191 -1.043441
1.010316 -1.043441 1.010316 -1.043441
1.043441 -1.043441 1.043441 -1.043441
1.076566 -1.043441 1.076566 -1.043441
1.109691 -1.043441 1.109691 -1.043441
1.142816 -1.043441 1.142816 -1.043441
1.175941 -1.043441 1.175941 -1.043441
1.209066 -1.043441 1.209066 -1.043441
1.242191 -1.043441 1.242191 -1.043441
1.275317 -1.043441 1.275317 -1.043441
1.308442 -1.043441 1.308442 -1.043441
1.341567 -1.043441 1.341567 -1.043441
1.374692 -1.043441 1.374692 -1.043441
1.407817 -1.043441 1.407817 -1.043441
1.440942 -1.043441 1.440942 -1.043441
1.474067 -1.043441 1.474067 -1.043441
1.507192 -1.043441 1.507192 -1.043441
1.540317 -1.043441 1.540317 -1.043441
1.573443 -1.043441 1.573443 -1.043441
1.606568 -1.043441 1.606568 -1.043441
1.639693 -1.043441 1.639693 -1.043441
1.672818 -1.043441 1.672818 -1.043441
1.705943 -1.043441 1.705943 -1.043441
1.739068 -1.043441 1.739068 -1.043441
1.772193 -1.043441 1.772193 -1.043441
1.805318 -1.043441 1.805318 -1.043441
1.838443 -1.043441 1.838443 -1.043441
1.871568 -1.043441 1.871568 -1.043441
1.904694 -1.043441 1.904694 -1.043441
1.937819 -1.043441 1.937819 -1.043441
1.970944 -1.043441 1.970944 -1.043441
2.004069 -1.043441 2.004069 -1.043441
2.037194 -1.043441 2.037194 -1.043441
2.070319 -1.043441 2.070319 -1.043441
2.103444 -1.043441 2.103444 -1.043441
-2.103444 -1.010316 -2.103444 -1.010316
-2.070319 -1.010316 -2.070319 -1.010316
-2.037194 -1.010316 -2.037194 -1.010316
-2.004069 -1.010316 -2.004069 -1.010316
-1.970944 -1.010316 -1.970944 -1.010316
-1.937819 -1.010316 -1.937819 -1.010316
-1.904694 -1.010316 -1.904694 -1.010316
-1.871568 -1.010316 -1.871568 -1.010316
-1.838443 -1.010316 -1.838443 -1.010316
-1.805318 -1.010316 -1.805318 -1.010316
-1.772193 -1.010316 -1.772193 -1.010316
-1.739068 -1.010316 -1.739068 -1.010316
-1.705943 -1.010316 -1.705943 -1.010316
-1.672818 -1.010316 -1.672818 -1.010316
-1.639693 -1.010316 -1.639693 -1.010316
-1.606568 -1.010316 -1.606568 -1.010316
-1.573443 -1.010316 -1.573443 -1.010316
-1.540317 -1.010316 -1.540317 -1.010316
-1.507192 -1.010316 -1.507192 -1.010316
-1.474067 -1.010316 -1.474067 -1.010316
-1.440942 -1.010316 -1.440942 -1.010316
-1.407817 -1.010316 -1.407817 -1.010316
-1.374692 -1.010316 -1.374692 -1.010316
-1.341567 -1.010316 -1.341567 -1.010316
-1.308442 -1.010316 -1.308442 -1.010316
-1.275317 -1.010316 -1.275317 -1.010316
-1.242191 -1.010316 -1.242191 -1.010316
-1.209066 -1.010316 -1.209066 -1.010316
-1.175941 -1.010316 -1.175941 -1.010316
-1.142816 -1.010316 -1.142816 -1.010316
-1.109691 -1.010316 -1.109691 -1.010316
-1.076566 -1.010316 -1.076566 -1.010316
-1.043441 -1.010316 -1.043441 -1.010316
-1.010316 -1.010316 -1.010316 -1.010316
-0.977191 -1.010316 -0.491862 0.542635
-0.944066 -1.010316 -0.467737 0.536816
-0.910940 -1.010316 -0.443612 0.530997
-0.877815 -1.010316 -0.419487 0.525178
-0.844690 -1.010316 -0.395363 0.519359
-0.811565 -1.010316 -0.371238 0.513540
-0.778440 -1.010316 -0.347113 0.507722
-0.745315 -1.010316 -0.322989 0.501903
-0.712190 -1.010316 -0.298864 0.496084
-0.679065 -1.010316 -0.274739 0.490265
-0.645940 -1.010316 -0.250615 0.484446
-0.612814 -1.010316 -0.226490 0.478628
-0.579689 -1.010316 -0.202365 0.472809
-0.546564 -1.010316 -0.178240 0.466990
-0.513439 -1.010316 -0.154116 0.461171
-0.480314 -1.010316 -0.129991 0.455352
-0.447189 -1.010316 -0.105866 0.449534
-0.414064 -1.010316 -0.081742 0.443715
-0.380939 -1.010316 -0.057617 0.437896
-0.347814 -1.010316 -0.033492 0.432077
-0.314689 -1.010316 -0.009367 0.426258
-0.281563 -1.010316 0.014757 0.420439
-0.248438 -1.010316 0.038882 0.414621
-0.215313 -1.010316 0.063007 0.408802
-0.182188 -1.010316 0.087131 0.402983
-0.149063 -1.010316 0.111256 0.397164
-0.115938 -1.010316 0.135381 0.391345
-0.082813 -1.010316 0.159506 0.385527
-0.049688 -1.010316 0.183630 0.379708
-0.016563 -1.010316 0.207755 0.373889
0.016563 -1.010316 -0.207755 0.373889
0.049688 -1.010316 -0.183630 0.379708
0.082813 -1.010316 -0.159506 0.385527
0.115938 -1.010316 -0.135381 0.391345
0.149063 -1.010316 -0.111256 0.397164
0.182188 -1.010316 -0.087131 0.402983
0.215313 -1.010316 -0.063007 0.408802
0.248438 -1.010316 -0.038882 0.414621
0.281563 -1.010316 -0.014757 0.420439
0.314689 -1.010316 0.009367 0.426258
0.347814 -1.010316 0.033492 0.432077
0.380939 -1.010316 0.057617 0.437896
0.414064 -1.010316 0.081742 0.443715
0.447189 -1.010316 0.105866 0.449534
0.480314 -1.010316 0.129991 0.455352
0.513439 -1.010316 0.154116 0.461171
0.546564 -1.010316 0.178240 0.466990
0.579689 -1.010316 0.202365 0.472809
0.612814 -1.010316 0.226490 0.478628
0.645940 -1.010316 0.250615 0.484446
0.679065 -1.010316 0.274739 0.490265
0.712190 -1.010316 0.298864 0.496084
0.745315 -1.010316 0.322989 0.501903
0.778440 -1.010316 0.347113 0.507722
0.811565 -1.010316 0.371238 0.513540
0.844690 -1.010316 0.395363 0.519359
0.877815 -1.010316 0.419487 0.525178
0.910940 -1.010316 0.443612 0.530997
0.944066 -1.010316 0.467737 0.536816
0.977191 -1.010316 0.491862 0.542635
1.010316 -1.010316 1.010316 -1.010316
1.043441 -1.010316 1.043441 -1.010316
1.076566 -1.010316 1.076566 -1.010316
1.109691 -1.010316 1.109691 -1.010316
1.142816 -1.010316 1.142816 -1.010316
1.175941 -1.010316 1.175941 -1.010316
1.209066 -1.010316 1.209066 -1.010316
1.242191 -1.010316 1.242191 -1.010316
1.275317 -1.010316 1.275317 -1.010316
1.308442 -1.010316 1.308442 -1.010316
1.341567 -1.010316 1.341567 -1.010316
1.374692 -1.010316 1.374692 -1.010316
1.407817 -1.010316 1.407817 -1.010316
1.440942 -1.010316 1.440942 -1.010316
1.474067 -1.010316 1.474067 -1.010316
1.507192 -1.010316 1.507192 -1.010316
1.540317 -1.010316 1.540317 -1.010316
1.573443 -1.010316 1.573443 -1.010316
1.606568 -1.010316 1.606568 -1.010316
1.639693 -1.010316 1.639693 -1.010316
1.672818 -1.010316 1.672818 -1.010316
1.705943 -1.010316 1.705943 -1.010316
1.739068 -1.010316 1.739068 -1.010316
1.772193 -1.010316 1.772193 -1.010316
1.805318 -1.010316 1.805318 -1.010316
1.838443 -1.010316 1.838443 -1.010316
1.871568 -1.010316 1.871568 -1.010316
1.904694 -1.010316 1.904694 -1.010316
1.937819 -1.010316 1.937819 -1.010316
1.970944 -1.010316 1.970944 -1.010316
2.004069 -1.010316 2.004069 -1.010316
2.037194 -1.010316 2.037194 -1.010316
2.070319 -1.010316 2.070319 -1.010316
2.103444 -1.010316 2.103444 -1.010316
-2.103444 -0.977191 -2.103444 -0.977191
-2.070319 -0.977191 -2.070319 -0.977191
-2.037194 -0.977191 -2.037194 -0.977191
-2.004069 -0.977191 -2.004069 -0.977191
-1.970944 -0.977191 -1.970944 -0.977191
-1.937819 -0.977191 -1.937819 -0.977191
-1.904694 -0.977191 -1.904694 -0.977191
-1.871568 -0.977191 -1.871568 -0.977191
-1.838443 -0.977191 -1.838443 -0.977191
-1.805318 -0.977191 -1.805318 -0.977191
-1.772193 -0.977191 -1.772193 -0.977191
-1.739068 -0.977191 -1.739068 -0.977191
-1.705943 -0.977191 -1.705943 -0.977191
-1.672818 -0.977191 -1.672818 -0.977191
-1.639693 -0.977191 -1.639693 -0.977191
-1.606568 -0.977191 -1.606568 -0.977191
-1.573443 -0.977191 -1.573443 -0.977191
-1.540317 -0.977191 -1.540317 -0.977191
-1.507192 -0.977191 -1.507192 -0.977191
-1.474067 -0.977191 -1.474067 -0.977191
-1.440942 -0.977191 -1.440942 -0.977191
-1.407817 -0.977191 -1.407817 -0.977191
-1.374692 -0.977191 -1.374692 -0.977191
-1.341567 -0.977191 -1.341567 -0.977191
-1.308442 -0.977191 -1.308442 -0.977191
-1.275317 -0.977191 -1.275317 -0.977191
-1.242191 -0.977191 -1.242191 -0.977191
-1.209066 -0.977191 -1.209066 -0.977191
-1.175941 -0.977191 -1.175941 -0.977191
-1.142816 -0.977191 -1.142816 -0.977191
-1.109691 -0.977191 -1.109691 -0.977191
-1.076566 -0.977191 -1.076566 -0.977191
-1.043441 -0.977191 -1.043441 -0.977191
-1.010316 -0.977191 0.180083 0.865851
-0.977191 -0.977191 0.185311 0.844938
-0.944066 -0.977191 0.190540 0.824024
-0.910940 -0.977191 -0.443612 0.585538
-0.877815 -0.977191 -0.419487 0.579719
-0.844690 -0.977191 -0.395363 0.573900
-0.811565 -0.977191 -0.371238 0.568081
-0.778440 -0.977191 -0.347113 0.562262
-0.745315 -0.977191 -0.322989 0.556444
-0.712190 -0.977191 -0.298864 0.550625
-0.679065 -0.977191 -0.274739 0.544806
-0.645940 -0.977191 -0.250615 0.538987
-0.612814 -0.977191 -0.226490 0.533168
-0.579689 -0.977191 -0.202365 0.527350
-0.546564 -0.977191 -0.178240 0.521531
-0.513439 -0.977191 -0.154116 0.515712
-0.480314 -0.977191 -0.129991 0.509893
-0.447189 -0.977191 -0.105866 0.504074
-0.414064 -0.977191 -0.081742 0.498255
-0.380939 -0.977191 -0.057617 0.492437
-0.347814 -0.977191 -0.033492 0.486618
-0.314689 -0.977191 -0.009367 0.480799
-0.281563 -0.977191 0.014757 0.474980
-0.248438 -0.977191 0.038882 0.469161
-0.215313 -0.977191 0.063007 0.463343
-0.182188 -0.977191 0.087131 0.457524
-0.149063 -0.977191 0.111256 0.451705
-0.115938 -0.977191 0.135381 0.445886
-0.082813 -0.977191 0.159506 0.440067
-0.049688 -0.977191 0.183630 0.434249
-0.016563 -0.977191 0.207755 0.428430
0.016563 -0.977191 -0.207755 0.428430
0.049688 -0.977191 -0.183630 0.434249
0.082813 -0.977191 -0.159506 0.440067
0.115938 -0.977191 -0.135381 0.445886
0.149063 -0.977191 -0.111256 0.451705
0.182188 -0.977191 -0.087131 0.457524
0.215313 -0.977191 -0.063007 0.463343
0.248438 -0.977191 -0.038882 0.469161
0.281563 -0.977191 -0.014757 0.474980
0.314689 -0.977191 0.009367 0.480799
0.347814 -0.977191 0.033492 0.486618
0.380939 -0.977191 0.057617 0.492437
0.414064 -0.977191 0.081742 0.498255
0.447189 -0.977191 0.105866 0.504074
0.480314 -0.977191 0.129991 0.509893
0.513439 -0.977191 0.154116 0.515712
0.546564 -0.977191 0.178240 0.521531
0.579689 -0.977191 0.202365 0.527350
0.612814 -0.977191 0.226490 0.533168
0.645940 -0.977191 0.250615 0.538987
0.679065 -0.977191 0.274739 0.544806
0.712190 -0.977191 0.298864 0.550625
0.745315 -0.977191 0.322989 0.556444
0.778440 -0.977191 0.347113 0.562262
0.811565 -0.977191 0.371238 0.568081
0.844690 -0.977191 0.395363 0.573900
0.877815 -0.977191 0.419487 0.579719
0.910940 -0.977191 0.443612 0.585538
0.944066 -0.977191 -0.190540 0.824024
0.977191 -0.977191 -0.185311 0.844938
1.010316 -0.977191 -0.180083 0.865851
1.043441 -0.977191 1.043441 -0.977191
1.076566 -0.977191 1.076566 -0.977191
1.109691 -0.977191 1.109691 -0.977191
1.142816 -0.977191 1.142816 -0.977191
1.175941 -0.977191 1.175941 -0.977191
1.209066 -0.977191 1.209066 -0.977191
1.242191 -0.977191 1.242191 -0.977191
1.275317 -0.977191 1.275317 -0.977191
1.308442 -0.977191 1.308442 -0.977191
1.341567 -0.977191 1.341567 -0.977191
1.374692 -0.977191 1.374692 -0.977191
1.407817 -0.977191 1.407817 -0.977191
1.440942 -0.977191 1.440942 -0.977191
1.474067 -0.977191 1.474067 -0.977191
1.507192 -0.977191 1.507192 -0.977191
1.540317 -0.977191 1.540317 -0.977191
1.573443 -0.977191 1.573443 -0.977191
1.606568 -0.977191 1.606568 -0.977191
1.639693 -0.977191 1.639693 -0.977191
1.672818 -0.977191 1.672818 -0.977191
1.705943 -0.977191 1.705943 -0.977191
1.739068 -0.977191 1.739068 -0.977191
1.772193 -0.977191 1.772193 -0.977191
1.805318 -0.977191 1.805318 -0.977191
1.838443 -0.977191 1.838443 -0.977191
1.871568 -0.977191 1.871568 -0.977191
1.904694 -0.977191 1.904694 -0.977191
1.937819 -0.977191 1.937819 -0.977191
1.970944 -0.977191 1.970944 -0.977191
2.004069 -0.977191 2.004069 -0.977191
2.037194 -0.977191 2.037194 -0.977191
2.070319 -0.977191 2.070319 -0.977191
2.103444 -0.977191 2.103444 -0.977191
-2.103444 -0.944066 -2.103444 -0.944066
-2.070319 -0.944066 -2.070319 -0.944066
-2.037194 -0.944066 -2.037194 -0.944066
-2.004069 -0.944066 -2.004069 -0.944066
-1.970944 -0.944066 -1.970944 -0.944066
-1.937819 -0.944066 -1.937819 -0.944066
-1.904694 -0.944066 -1.904694 -0.944066
-1.871568 -0.944066 -1.871568 -0.944066
-1.838443 -0.944066 -1.838443 -0.944066
-1.805318 -0.944066 -1.805318 -0.944066
-1.772193 -0.944066 -1.772193 -0.944066
-1.739068 -0.944066 -1.739068 -0.944066
-1.705943 -0.944066 -1.705943 -0.944066
-1.672818 -0.944066 -1.672818 -0.944066
-1.639693 -0.944066 -1.639693 -0.944066
-1.606568 -0.944066 -1.606568 -0.944066
-1.573443 -0.944066 -1.573443 -0.944066
-1.540317 -0.944066 -1.540317 -0.944066
-1.507192 -0.944066 -1.507192 -0.944066
-1.474067 -0.944066 -1.474067 -0.944066
-1.440942 -0.944066 -1.440942 -0.944066
-1.407817 -0.944066 -1.407817 -0.944066
-1.374692 -0.944066 -1.374692 -0.944066
-1.341567 -0.944066 -1.341567 -0.944066
-1.308442 -0.944066 -1.308442 -0.944066
-1.275317 -0.944066 -1.275317 -0.944066
-1.242191 -0.944066 -1.242191 -0.944066
-1.209066 -0.944066 -1.209066 -0.944066
-1.175941 -0.944066 -1.175941 -0.944066
-1.142816 -0.944066 -1.142816 -0.944066
-1.109691 -0.944066 -1.109691 -0.944066
-1.076566 -0.944066 -1.076566 -0.944066
-1.043441 -0.944066 -1.043441 -0.944066
-1.010316 -0.944066 0.219279 0.874693
-0.977191 -0.944066 0.224507 0.853779
-0.944066 -0.944066 0.229736 0.832866
-0.910940 -0.944066 0.234964 0.811952
-0.877815 -0.944066 0.240192 0.791039
-0.844690 -0.944066 -0.395363 0.628441
-0.811565 -0.944066 -0.371238 0.622622
-0.778440 -0.944066 -0.347113 0.616803
-0.745315 -0.944066 -0.322989 0.610984
-0.712190 -0.944066 -0.298864 0.605166
-0.679065 -0.944066 -0.274739 0.599347
-0.645940 -0.944066 -0.250615 0.593528
-0.612814 -0.944066 -0.226490 0.587709
-0.579689 -0.944066 -0.202365 0.581890
-0.546564 -0.944066 -0.178240 0.576071
-0.513439 -0.944066 -0.154116 0.570253
-0.480314 -0.944066 -0.129991 0.564434
-0.447189 -0.944066 -0.105866 0.558615
-0.414064 -0.944066 -0.081742 0.552796
-0.380939 -0.944066 -0.057617 0.546977
-0.347814 -0.944066 -0.033492 0.541159
-0.314689 -0.944066 -0.009367 0.535340
-0.281563 -0.944066 0.014757 0.529521
-0.248438 -0.944066 0.038882 0.523702
-0.215313 -0.944066 0.063007 0.517883
-0.182188 -0.944066 0.087131 0.512064
-0.149063 -0.944066 0.111256 0.506246
-0.115938 -0.944066 0.135381 0.500427
-0.082813 -0.944066 0.159506 0.494608
-0.049688 -0.944066 0.183630 0.488789
-0.016563 -0.944066 0.207755 0.482970
0.016563 -0.944066 -0.207755 0.482970
0.049688 -0.944066 -0.183630 0.488789
0.082813 -0.944066 -0.159506 0.494608
0.115938 -0.944066 -0.135381 0.500427
0.149063 -0.944066 -0.111256 0.506246
0.182188 -0.944066 -0.087131 0.512064
0.215313 -0.944066 -0.063007 0.517883
0.248438 -0.944066 -0.038882 0.523702
0.281563 -0.944066 -0.014757 0.529521
0.314689 -0.944066 0.009367 0.535340
0.347814 -0.944066 0.033492 0.541159
0.380939 -0.944066 0.057617 0.546977
0.414064 -0.944066 0.081742 0.552796
0.447189 -0.944066 0.105866 0.558615
0.480314 -0.944066 0.129991 0.564434
0.513439 -0.944066 0.154116 0.570253
0.546564 -0.944066 0.178240 0.576071
0.579689 -0.944066 0.202365 0.581890
0.612814 -0.944066 0.226490 0.587709
0.645940 -0.944066 0.250615 0.593528
0.679065 -0.944066 0.274739 0.599347
0.712190 -0.944066 0.298864 0.605166
0.745315 -0.944066 0.322989 0.610984
0.778440 -0.944066 0.347113 0.616803
0.811565 -0.944066 0.371238 0.622622
0.844690 -0.944066 0.395363 0.628441
0.877815 -0.944066 -0.240192 0.791039
0.910940 -0.944066 -0.234964 0.811952
0.944066 -0.944066 -0.229736 0.832866
0.977191 -0.944066 -0.224507 0.853779
1.010316 -0.944066 -0.219279 0.874693
1.043441 -0.944066 1.043441 -0.944066
1.076566 -0.944066 1.076566 -0.944066
1.109691 -0.944066 1.109691 -0.944066
1.142816 -0.944066 1.142816 -0.944066
1.175941 -0.944066 1.175941 -0.944066
1.209066 -0.944066 1.209066 -0.944066
1.242191 -0.944066 1.242191 -0.944066
1.275317 -0.944066 1.275317 -0.944066
1.308442 -0.944066 1.308442 -0.944066
1.341567 -0.944066 1.341567 -0.944066
1.374692 -0.944066 1.374692 -0.944066
1.407817 -0.944066 1.407817 -0.944066
1.440942 -0.944066 1.440942 -0.944066
1.474067 -0.944066 1.474067 -0.944066
1.507192 -0.944066 1.507192 -0.944066
1.540317 -0.944066 1.540317 -0.944066
1.573443 -0.944066 1.573443 -0.944066
1.606568 -0.944066 1.606568 -0.944066
1.639693 -0.944066 1.639693 -0.944066
1.672818 -0.944066 1.672818 -0.944066
1.705943 -0.944066 1.705943 -0.944066
1.739068 -0.944066 1.739068 -0.944066
1.772193 -0.944066 1.772193 -0.944066
1.805318 -0.944066 1.805318 -0.944066
1.838443 -0.944066 1.838443 -0.944066
1.871568 -0.944066 1.871568 -0.944066
1.904694 -0.944066 1.904694 -0.944066
1.937819 -0.944066 1.937819 -0.944066
1.970944 -0.944066 1.970944 -0.944066
2.004069 -0.944066 2.004069 -0.944066
2.037194 -0.944066 2.037194 -0.944066
2.070319 -0.944066 2.070319 -0.944066
2.103444 -0.944066 2.103444 -0.944066
-2.103444 -0.910940 -2.103444 -0.910940
-2.070319 -0.910940 -2.070319 -0.910940
-2.037194 -0.910940 -2.037194 -0.910940
-2.004069 -0.910940 -2.004069 -0.910940
-1.970944 -0.910940 -1.970944 -0.910940
-1.937819 -0.910940 -1.937819 -0.910940
-1.904694 -0.910940 -1.904694 -0.910940
-1.871568 -0.910940 -1.871568 -0.910940
-1.838443 -0.910940 -1.838443 -0.910940
-1.805318 -0.910940 -1.805318 -0.910940
-1.772193 -0.910940 -1.772193 -0.910940
-1.739068 -0.910940 -1.739068 -0.910940
-1.705943 -0.910940 -1.705943 -0.910940
-1.672818 -0.910940 -1.672818 -0.910940
-1.639693 -0.910940 -1.639693 -0.910940
-1.606568 -0.910940 -1.606568 -0.910940
-1.573443 -0.910940 -1.573443 -0.910940
-1.540317 -0.910940 -1.540317 -0.910940
-1.507192 -0.910940 -1.507192 -0.910940
-1.474067 -0.910940 -1.474067 -0.910940
-1.440942 -0.910940 -1.440942 -0.910940
-1.407817 -0.910940 -1.407817 -0.910940
-1.374692 -0.910940 -1.374692 -0.910940
-1.341567 -0.910940 -1.341567 -0.910940
-1.308442 -0.910940 -1.308442 -0.910940
-1.275317 -0.910940 -1.275317 -0.910940
-1.242191 -0.910940 -1.242191 -0.910940
-1.209066 -0.910940 -1.209066 -0.910940
-1.175941 -0.910940 -1.175941 -0.910940
-1.142816 -0.910940 -1.142816 -0.910940
-1.109691 -0.910940 -1.109691 -0.910940
-1.076566 -0.910940 -1.076566 -0.910940
-1.043441 -0.910940 0.253247 0.904448
-1.010316 -0.910940 0.258475 0.883534
-0.977191 -0.910940 0.263703 0.862621
-0.944066 -0.910940 0.268932 0.841707
-0.910940 -0.910940 0.274160 0.820794
-0.877815 -0.910940 0.279388 0.799880
-0.844690 -0.910940 0.284617 0.778967
-0.811565 -0.910940 0.289845 0.758054
-0.778440 -0.910940 0.295074 0.737140
-0.745315 -0.910940 -0.322989 0.665525
-0.712190 -0.910940 -0.298864 0.659706
-0.679065 -0.910940 -0.274739 0.653887
-0.645940 -0.910940 -0.250615 0.648069
-0.612814 -0.910940 -0.226490 0.642250
-0.579689 -0.910940 -0.202365 0.636431
-0.546564 -0.910940 -0.178240 0.630612
-0.513439 -0.910940 -0.154116 0.624793
-0.480314 -0.910940 -0.129991 0.618975
-0.447189 -0.910940 -0.105866 0.613156
-0.414064 -0.910940 -0.081742 0.607337
-0.380939 -0.910940 -0.057617 0.601518
-0.347814 -0.910940 -0.033492 0.595699
-0.314689 -0.910940 -0.009367 0.589880
-0.281563 -0.910940 0.014757 0.584062
-0.248438 -0.910940 0.038882 0.578243
-0.215313 -0.910940 0.063007 0.572424
-0.182188 -0.910940 0.087131 0.566605
-0.149063 -0.910940 0.111256 0.560786
-0.115938 -0.910940 0.135381 0.554968
-0.082813 -0.910940 0.159506 0.549149
-0.049688 -0.910940 0.183630 0.543330
-0.016563 -0.910940 0.207755 0.537511
0.016563 -0.910940 -0.207755 0.537511
0.049688 -0.910940 -0.183630 0.543330
0.082813 -0.910940 -0.159506 0.549149
0.115938 -0.910940 -0.135381 0.554968
0.149063 -0.910940 -0.111256 0.560786
0.182188 -0.910940 -0.087131 0.566605
0.215313 -0.910940 -0.063007 0.572424
0.248438 -0.910940 -0.038882 0.578243
0.281563 -0.910940 -0.014757 0.584062
0.314689 -0.910940 0.009367 0.589880
0.347814 -0.910940 0.033492 0.595699
0.380939 -0.910940 0.057617 0.601518
0.414064 -0.910940 0.081742 0.607337
0.447189 -0.910940 0.105866 0.613156
0.480314 -0.910940 0.129991 0.618975
0.513439 -0.910940 0.154116 0.624793
0.546564 -0.910940 0.178240 0.630612
0.579689 -0.910940 0.202365 0.636431
0.612814 -0.910940 0.226490 0.642250
0.645940 -0.910940 0.250615 0.648069
0.679065 -0.910940 0.274739 0.653887
0.712190 -0.910940 0.298864 0.659706
0.745315 -0.910940 0.322989 0.665525
0.778440 -0.910940 -0.295074 0.737140
0.811565 -0.910940 -0.289845 0.758054
0.844690 -0.910940 -0.284617 0.778967
0.877815 -0.910940 -0.279388 0.799880
0.910940 -0.910940 -0.274160 0.820794
0.944066 -0.910940 -0.268932 0.841707
0.977191 -0.910940 -0.263703 0.862621
1.010316 -0.910940 -0.258475 0.883534
1.043441 -0.910940 -0.253247 0.904448
1.076566 -0.910940 1.076566 -0.910940
1.109691 -0.910940 1.109691 -0.910940
1.142816 -0.910940 1.142816 -0.910940
1.175941 -0.910940 1.175941 -0.910940
1.209066 -0.910940 1.209066 -0.910940
1.242191 -0.910940 1.242191 -0.910940
1.275317 -0.910940 1.275317 -0.910940
1.308442 -0.910940 1.308442 -0.910940
1.341567 -0.910940 1.341567 -0.910940
1.374692 -0.910940 1.374692 -0.910940
1.407817 -0.910940 1.407817 -0.910940
1.440942 -0.910940 1.440942 -0.910940
1.474067 -0.910940 1.474067 -0.910940
1.507192 -0.910940 1.507192 -0.910940
1.540317 -0.910940 1.540317 -0.910940
1.573443 -0.910940 1.573443 -0.910940
1.606568 -0.910940 1.606568 -0.910940
1.639693 -0.910940 1.639693 -0.910940
1.672818 -0.910940 1.672818 -0.910940
1.705943 -0.910940 1.705943 -0.910940
1.739068 -0.910940 1.739068 -0.910940
1.772193 -0.910940 1.772193 -0.910940
1.805318 -0.910940 1.805318 -0.910940
1.838443 -0.910940 1.838443 -0.910940
1.871568 -0.910940 1.871568 -0.910940
1.904694 -0.910940 1.904694 -0.910940
1.937819 -0.910940 1.937819 -0.910940
1.970944 -0.910940 1.970944 -0.910940
2.004069 -0.910940 2.004069 -0.910940
2.037194 -0.910940 2.037194 -0.910940
2.070319 -0.910940 2.070319 -0.910940
2.103444 -0.910940 2.103444 -0.910940
-2.103444 -0.877815 -2.103444 -0.877815
-2.070319 -0.877815 -2.070319 -0.877815
-2.037194 -0.877815 -2.037194 -0.877815
-2.004069 -0.877815 -2.004069 -0.877815
-1.970944 -0.877815 -1.970944 -0.877815
-1.937819 -0.877815 -1.937819 -0.877815
-1.904694 -0.877815 -1.904694 -0.877815
-1.871568 -0.877815 -1.871568 -0.877815
-1.838443 -0.877815 -1.838443 -0.877815
-1.805318 -0.877815 -1.805318 -0.877815
-1.772193 -0.877815 -1.772193 -0.877815
-1.739068 -0.877815 -1.739068 -0.877815
-1.705943 -0.877815 -1.705943 -0.877815
-1.672818 -0.877815 -1.672818 -0.877815
-1.639693 -0.877815 -1.639693 -0.877815
-1.606568 -0.877815 -1.606568 -0.877815
-1.573443 -0.877815 -1.573443 -0.877815
-1.540317 -0.877815 -1.540317 -0.877815
-1.507192 -0.877815 -1.507192 -0.877815
-1.474067 -0.877815 -1.474067 -0.877815
-1.440942 -0.877815 -1.440942 -0.877815
-1.407817 -0.877815 -1.407817 -0.877815
-1.374692 -0.877815 -1.374692 -0.877815
-1.341567 -0.877815 -1.341567 -0.877815
-1.308442 -0.877815 -1.308442 -0.877815
-1.275317 -0.877815 -1.275317 -0.877815
-1.242191 -0.877815 -1.242191 -0.877815
-1.209066 -0.877815 -1.209066 -0.877815
-1.175941 -0.877815 -1.175941 -0.877815
-1.142816 -0.877815 -1.142816 -0.877815
-1.109691 -0.877815 -1.109691 -0.877815
-1.076566 -0.877815 -1.076566 -0.877815
-1.043441 -0.877815 0.292443 0.913289
-1.010316 -0.877815 0.297671 0.892376
-0.977191 -0.877815 0.302899 0.871462
-0.944066 -0.877815 0.308128 0.850549
-0.910940 -0.877815 0.313356 0.829635
-0.877815 -0.877815 0.318585 0.808722
-0.844690 -0.877815 0.323813 0.787808
-0.811565 -0.877815 0.329041 0.766895
-0.778440 -0.877815 0.334270 0.745982
-0.745315 -0.877815 0.933278 0.692577
-0.712190 -0.877815 0.911310 0.718888
-0.679065 -0.877815 -0.274739 0.708428
-0.645940 -0.877815 -0.250615 0.702609
-0.612814 -0.877815 -0.226490 0.696790
-0.579689 -0.877815 -0.202365 0.690972
-0.546564 -0.877815 -0.178240 0.685153
-0.513439 -0.877815 -0.154116 0.679334
-0.480314 -0.877815 -0.129991 0.673515
-0.447189 -0.877815 -0.105866 0.667696
-0.414064 -0.877815 -0.081742 0.661878
-0.380939 -0.877815 -0.057617 0.656059
-0.347814 -0.877815 -0.033492 0.650240
-0.314689 -0.877815 -0.009367 0.644421
-0.281563 -0.877815 0.014757 0.638602
-0.248438 -0.877815 0.038882 0.632784
-0.215313 -0.877815 0.063007 0.626965
-0.182188 -0.877815 0.087131 0.621146
-0.149063 -0.877815 0.111256 0.615327
-0.115938 -0.877815 0.135381 0.609508
-0.082813 -0.877815 0.159506 0.603689
-0.049688 -0.877815 0.183630 0.597871
-0.016563 -0.877815 0.207755 0.592052
0.016563 -0.877815 -0.207755 0.592052
0.049688 -0.877815 -0.183630 0.597871
0.082813 -0.877815 -0.159506 0.603689
0.115938 -0.877815 -0.135381 0.609508
0.149063 -0.877815 -0.111256 0.615327
0.182188 -0.877815 -0.087131 0.621146
0.215313 -0.877815 -0.063007 0.626965
0.248438 -0.877815 -0.038882 0.632784
0.281563 -0.877815 -0.014757 0.638602
0.314689 -0.877815 0.009367 0.644421
0.347814 -0.877815 0.033492 0.650240
0.380939 -0.877815 0.057617 0.656059
0.414064 -0.877815 0.081742 0.661878
0.447189 -0.877815 0.105866 0.667696
0.480314 -0.877815 0.129991 0.673515
0.513439 -0.877815 0.154116 0.679334
0.546564 -0.877815 0.178240 0.685153
0.579689 -0.877815 0.202365 0.690972
0.612814 -0.877815 0.226490 0.696790
0.645940 -0.877815 0.250615 0.702609
0.679065 -0.877815 0.274739 0.708428
0.712190 -0.877815 -0.911310 0.718888
0.745315 -0.877815 -0.933278 0.692577
0.778440 -0.877815 -0.334270 0.745982
0.811565 -0.877815 -0.329041 0.766895
0.844690 -0.877815 -0.323813 0.787808
0.877815 -0.877815 -0.318585 0.808722
0.910940 -0.877815 -0.313356 0.829635
0.944066 -0.877815 -0.308128 0.850549
0.977191 -0.877815 -0.302899 0.871462
1.010316 -0.877815 -0.297671 0.892376
1.043441 -0.877815 -0.292443 0.913289
1.076566 -0.877815 1.076566 -0.877815
1.109691 -0.877815 1.109691 -0.877815
1.142816 -0.877815 1.142816 -0.877815
1.175941 -0.877815 1.175941 -0.877815
1.209066 -0.877815 1.209066 -0.877815
1.242191 -0.877815 1.242191 -0.877815
1.275317 -0.877815 1.275317 -0.877815
1.308442 -0.877815 1.308442 -0.877815
1.341567 -0.877815 1.341567 -0.877815
1.374692 -0.877815 1.374692 -0.877815
1.407817 -0.877815 1.407817 -0.877815
1.440942 -0.877815 1.440942 -0.877815
1.474067 -0.877815 1.474067 -0.877815
1.507192 -0.877815 1.507192 -0.877815
1.540317 -0.877815 1.540317 -0.877815
1.573443 -0.877815 1.573443 -0.877815
1.606568 -0.877815 1.606568 -0.877815
1.639693 -0.877815 1.639693 -0.877815
1.672818 -0.877815 1.672818 -0.877815
1.705943 -0.877815 1.705943 -0.877815
1.739068 -0.877815 1.739068 -0.877815
1.772193 -0.877815 1.772193 -0.877815
1.805318 -0.877815 1.805318 -0.877815
1.838443 -0.877815 1.838443 -0.877815
1.871568 -0.877815 1.871568 -0.877815
1.904694 -0.877815 1.904694 -0.877815
1.937819 -0.877815 1.937819 -0.877815
1.970944 -0.877815 1.970944 -0.877815
2.004069 -0.877815 2.004069 -0.877815
2.037194 -0.877815 2.037194 -0.877815
2.070319 -0.877815 2.070319 -0.877815
2.103444 -0.877815 2.103444 -0.877815
-2.103444 -0.844690 -2.103444 -0.844690
-2.070319 -0.844690 -2.070319 -0.844690
-2.037194 -0.844690 -2.037194 -0.844690
-2.004069 -0.844690 -2.004069 -0.844690
-1.970944 -0.844690 -1.970944 -0.844690
-1.937819 -0.844690 -1.937819 -0.844690
-1.904694 -0.844690 -1.904694 -0.844690
-1.871568 -0.844690 -1.871568 -0.844690
-1.838443 -0.844690 -1.838443 -0.844690
-1.805318 -0.844690 -1.805318 -0.844690
-1.772193 -0.844690 -1.772193 -0.844690
-1.739068 -0.844690 -1.739068 -0.844690
-1.705943 -0.844690 -1.705943 -0.844690
-1.672818 -0.844690 -1.672818 -0.844690
-1.639693 -0.844690 -1.639693 -0.844690
-1.606568 -0.844690 -1.606568 -0.844690
-1.573443 -0.844690 -1.573443 -0.844690
-1.540317 -0.844690 -1.540317 -0.844690
-1.507192 -0.844690 -1.507192 -0.844690
-1.474067 -0.844690 -1.474067 -0.844690
-1.440942 -0.844690 -1.440942 -0.844690
-1.407817 -0.844690 -1.407817 -0.844690
-1.374692 -0.844690 -1.374692 -0.844690
-1.341567 -0.844690 -1.341567 -0.844690
-1.308442 -0.844690 -1.308442 -0.844690
-1.275317 -0.844690 -1.275317 -0.844690
-1.242191 -0.844690 -1.242191 -0.844690
-1.209066 -0.844690 -1.209066 -0.844690
-1.175941 -0.844690 -1.175941 -0.844690
-1.142816 -0.844690 -1.142816 -0.844690
-1.109691 -0.844690 -1.109691 -0.844690
-1.076566 -0.844690 0.111106 -0.844690
-1.043441 -0.844690 0.130325 -0.844690
-1.010316 -0.844690 0.149543 -0.844690
-0.977191 -0.844690 0.342095 0.880304
-0.944066 -0.844690 0.347324 0.859390
-0.910940 -0.844690 0.352552 0.838477
-0.877815 -0.844690 0.357781 0.817563
-0.844690 -0.844690 0.363009 0.796650
-0.811565 -0.844690 0.368237 0.775737
-0.778440 -0.844690 0.976893 0.689053
-0.745315 -0.844690 0.954925 0.715364
-0.712190 -0.844690 0.932957 0.741675
-0.679065 -0.844690 0.910989 0.767986
-0.645940 -0.844690 0.889021 0.794296
-0.612814 -0.844690 0.867053 0.820607
-0.579689 -0.844690 -0.202365 0.745512
-0.546564 -0.844690 -0.178240 0.739694
-0.513439 -0.844690 -0.154116 0.733875
-0.480314 -0.844690 -0.129991 0.728056
-0.447189 -0.844690 -0.105866 0.722237
-0.414064 -0.844690 -0.081742 0.716418
-0.380939 -0.844690 -0.057617 0.710599
-0.347814 -0.844690 -0.033492 0.704781
-0.314689 -0.844690 -0.009367 0.698962
-0.281563 -0.844690 0.014757 0.693143
-0.248438 -0.844690 0.038882 0.687324
-0.215313 -0.844690 0.063007 0.681505
-0.182188 -0.844690 0.087131 0.675687
-0.149063 -0.844690 0.111256 0.669868
-0.115938 -0.844690 0.135381 0.664049
-0.082813 -0.844690 0.159506 0.658230
-0.049688 -0.844690 0.183630 0.652411
-0.016563 -0.844690 0.207755 0.646593
0.016563 -0.844690 -0.207755 0.646593
0.049688 -0.844690 -0.183630 0.652411
0.082813 -0.844690 -0.159506 0.658230
0.115938 -0.844690 -0.135381 0.664049
0.149063 -0.844690 -0.111256 0.669868
0.182188 -0.844690 -0.087131 0.675687
0.215313 -0.844690 -0.063007 0.681505
0.248438 -0.844690 -0.038882 0.687324
0.281563 -0.844690 -0.014757 0.693143
0.314689 -0.844690 0.009367 0.698962
0.347814 -0.844690 0.033492 0.704781
0.380939 -0.844690 0.057617 0.710599
0.414064 -0.844690 0.081742 0.716418
0.447189 -0.844690 0.105866 0.722237
0.480314 -0.844690 0.129991 0.728056
0.513439 -0.844690 0.154116 0.733875
0.546564 -0.844690 0.178240 0.739694
0.579689 -0.844690 0.202365 0.745512
0.612814 -0.844690 -0.867053 0.820607
0.645940 -0.844690 -0.889021 0.794296
0.679065 -0.844690 -0.910989 0.767986
0.712190 -0.844690 -0.932957 0.741675
0.745315 -0.844690 -0.954925 0.715364
0.778440 -0.844690 -0.976893 0.689053
0.811565 -0.844690 -0.368237 0.775737
0.844690 -0.844690 -0.363009 0.796650
0.877815 -0.844690 -0.357781 0.817563
0.910940 -0.844690 -0.352552 0.838477
0.944066 -0.844690 -0.347324 0.859390
0.977191 -0.844690 -0.342095 0.880304
1.010316 -0.844690 -0.149543 -0.844690
1.043441 -0.844690 -0.130325 -0.844690
1.076566 -0.844690 -0.111106 -0.844690
1.109691 -0.844690 1.109691 -0.844690
1.142816 -0.844690 1.142816 -0.844690
1.175941 -0.844690 1.175941 -0.844690
1.209066 -0.844690 1.209066 -0.844690
1.242191 -0.844690 1.242191 -0.844690
1.275317 -0.844690 1.275317 -0.844690
1.308442 -0.844690 1.308442 -0.844690
1.341567 -0.844690 1.341567 -0.844690
1.374692 -0.844690 1.374692 -0.844690
1.407817 -0.844690 1.407817 -0.844690
1.440942 -0.844690 1.440942 -0.844690
1.474067 -0.844690 1.474067 -0.844690
1.507192 -0.844690 1.507192 -0.844690
1.540317 -0.844690 1.540317 -0.844690
1.573443 -0.844690 1.573443 -0.844690
1.606568 -0.844690 1.606568 -0.844690
1.639693 -0.844690 1.639693 -0.844690
1.672818 -0.844690 1.672818 -0.844690
1.705943 -0.844690 1.705943 -0.844690
1.739068 -0.844690 1.739068 -0.844690
1.772193 -0.844690 1.772193 -0.844690
1.805318 -0.844690 1.805318 -0.844690
1.838443 -0.844690 1.838443 -0.844690
1.871568 -0.844690 1.871568 -0.844690
1.904694 -0.844690 1.904694 -0.844690
1.937819 -0.844690 1.937819 -0.844690
1.970944 -0.844690 1.970944 -0.844690
2.004069 -0.844690 2.004069 -0.844690
2.037194 -0.844690 2.037194 -0.844690
2.070319 -0.844690 2.070319 -0.844690
2.103444 -0.844690 2.103444 -0.844690
-2.103444 -0.811565 -2.103444 -0.811565
-2.070319 -0.811565 -2.070319 -0.811565
-2.037194 -0.811565 -2.037194 -0.811565
-2.004069 -0.811565 -2.004069 -0.811565
-1.970944 -0.811565 -1.970944 -0.811565
-1.937819 -0.811565 -1.937819 -0.811565
-1.904694 -0.811565 -1.904694 -0.811565
-1.871568 -0.811565 -1.871568 -0.811565
-1.838443 -0.811565 -1.838443 -0.811565
-1.805318 -0.811565 -1.805318 -0.811565
-1.772193 -0.811565 -1.772193 -0.811565
-1.739068 -0.811565 -1.739068 -0.811565
-1.705943 -0.811565 -1.705943 -0.811565
-1.672818 -0.811565 -1.672818 -0.811565
-1.639693 -0.811565 -1.639693 -0.811565
-1.606568 -0.811565 -1.606568 -0.811565
-1.573443 -0.811565 -1.573443 -0.811565
-1.540317 -0.811565 -1.540317 -0.811565
-1.507192 -0.811565 -1.507192 -0.811565
-1.474067 -0.811565 -1.474067 -0.811565
-1.440942 -0.811565 -1.440942 -0.811565
-1.407817 -0.811565 -1.407817 -0.811565
-1.374692 -0.811565 -1.374692 -0.811565
-1.341567 -0.811565 -1.341567 -0.811565
-1.308442 -0.811565 -1.308442 -0.811565
-1.275317 -0.811565 -1.275317 -0.811565
-1.242191 -0.811565 -1.242191 -0.811565
-1.209066 -0.811565 -1.209066 -0.811565
-1.175941 -0.811565 -1.175941 -0.811565
-1.142816 -0.811565 -1.142816 -0.811565
-1.109691 -0.811565 0.091888 -0.811565
-1.076566 -0.811565 0.111106 -0.811565
-1.043441 -0.811565 0.130325 -0.811565
-1.010316 -0.811565 0.149543 -0.811565
-0.977191 -0.811565 0.168761 -0.811565
-0.944066 -0.811565 0.187979 -0.811565
-0.910940 -0.811565 0.391748 0.847318
-0.877815 -0.811565 0.396977 0.826405
-0.844690 -0.811565 0.402205 0.805491
-0.811565 -0.811565 0.407433 0.784578
-0.778440 -0.811565 0.998540 0.711841
-0.745315 -0.811565 0.976572 0.738151
-0.712190 -0.811565 0.954604 0.764462
-0.679065 -0.811565 0.932636 0.790773
-0.645940 -0.811565 0.910668 0.817084
-0.612814 -0.811565 0.888700 0.843394
-0.579689 -0.811565 -1.089698 0.715071
-0.546564 -0.811565 -1.071990 0.744808
-0.513439 -0.811565 -1.054282 0.774545
-0.480314 -0.811565 -0.129991 0.782597
-0.447189 -0.811565 -0.105866 0.776778
-0.414064 -0.811565 -0.081742 0.770959
-0.380939 -0.811565 -0.057617 0.765140
-0.347814 -0.811565 -0.033492 0.759321
-0.314689 -0.811565 -0.009367 0.753503
-0.281563 -0.811565 0.014757 0.747684
-0.248438 -0.811565 0.038882 0.741865
-0.215313 -0.811565 0.063007 0.736046
-0.182188 -0.811565 0.087131 0.730227
-0.149063 -0.811565 0.111256 0.724409
-0.115938 -0.811565 0.135381 0.718590
-0.082813 -0.811565 0.159506 0.712771
-0.049688 -0.811565 0.183630 0.706952
-0.016563 -0.811565 0.207755 0.701133
0.016563 -0.811565 -0.207755 0.701133
0.049688 -0.811565 -0.183630 0.706952
0.082813 -0.811565 -0.159506 0.712771
0.115938 -0.811565 -0.135381 0.718590
0.149063 -0.811565 -0.111256 0.724409
0.182188 -0.811565 -0.087131 0.730227
0.215313 -0.811565 -0.063007 0.736046
0.248438 -0.811565 -0.038882 0.741865
0.281563 -0.811565 -0.014757 0.747684
0.314689 -0.811565 0.009367 0.753503
0.347814 -0.811565 0.033492 0.759321
0.380939 -0.811565 0.057617 0.765140
0.414064 -0.811565 0.081742 0.770959
0.447189 -0.811565 0.105866 0.776778
0.480314 -0.811565 0.129991 0.782597
0.513439 -0.811565 1.054282 0.774545
0.546564 -0.811565 1.071990 0.744808
0.579689 -0.811565 1.089698 0.715071
0.612814 -0.811565 -0.888700 0.843394
0.645940 -0.811565 -0.910668 0.817084
0.679065 -0.811565 -0.932636 0.790773
0.712190 -0.811565 -0.954604 0.764462
0.745315 -0.811565 -0.976572 0.738151
0.778440 -0.811565 -0.998540 0.711841
0.811565 -0.811565 -0.407433 0.784578
0.844690 -0.811565 -0.402205 0.805491
0.877815 -0.811565 -0.396977 0.826405
0.910940 -0.811565 -0.391748 0.847318
0.944066 -0.811565 -0.187979 -0.811565
0.977191 -0.811565 -0.168761 -0.811565
1.010316 -0.811565 -0.149543 -0.811565
1.043441 -0.811565 -0.130325 -0.811565
1.076566 -0.811565 -0.111106 -0.811565
1.109691 -0.811565 -0.091888 -0.811565
1.142816 -0.811565 1.142816 -0.811565
1.175941 -0.811565 1.175941 -0.811565
1.209066 -0.811565 1.209066 -0.811565
1.242191 -0.811565 1.242191 -0.811565
1.275317 -0.811565 1.275317 -0.811565
1.308442 -0.811565 1.308442 -0.811565
1.341567 -0.811565 1.341567 -0.811565
1.374692 -0.811565 1.374692 -0.811565
1.407817 -0.811565 1.407817 -0.811565
1.440942 -0.811565 1.440942 -0.811565
1.474067 -0.811565 1.474067 -0.811565
1.507192 -0.811565 1.507192 -0.811565
1.540317 -0.811565 1.540317 -0.811565
1.573443 -0.811565 1.573443 -0.811565
1.606568 -0.811565 1.606568 -0.811565
1.639693 -0.811565 1.639693 -0.811565
1.672818 -0.811565 1.672818 -0.811565
1.705943 -0.811565 1.705943 -0.811565
1.739068 -0.811565 1.739068 -0.811565
1.772193 -0.811565 1.772193 -0.811565
1.805318 -0.811565 1.805318 -0.811565
1.838443 -0.811565 1.838443 -0.811565
1.871568 -0.811565 1.871568 -0.811565
1.904694 -0.811565 1.904694 -0.811565
1.937819 -0.811565 1.937819 -0.811565
1.970944 -0.811565 1.970944 -0.811565
2.004069 -0.811565 2.004069 -0.811565
2.037194 -0.811565 2.037194 -0.811565
2.070319 -0.811565 2.070319 -0.811565
2.103444 -0.811565 2.103444 -0.811565
-2.103444 -0.778440 -2.103444 -0.778440
-2.070319 -0.778440 -2.070319 -0.778440
-2.037194 -0.778440 -2.037194 -0.778440
-2.004069 -0.778440 -2.004069 -0.778440
-1.970944 -0.778440 -1.970944 -0.778440
-1.937819 -0.778440 -1.937819 -0.778440
-1.904694 -0.778440 -1.904694 -0.778440
-1.871568 -0.778440 -1.871568 -0.778440
-1.838443 -0.778440 -1.838443 -0.778440
-1.805318 -0.778440 -1.805318 -0.778440
-1.772193 -0.778440 -1.772193 -0.778440
-1.739068 -0.778440 -1.739068 -0.778440
-1.705943 -0.778440 -1.705943 -0.778440
-1.672818 -0.778440 -1.672818 -0.778440
-1.639693 -0.778440 -1.639693 -0.778440
-1.606568 -0.778440 -1.606568 -0.778440
-1.573443 -0.778440 -1.573443 -0.778440
-1.540317 -0.778440 -1.540317 -0.778440
-1.507192 -0.778440 -1.507192 -0.778440
-1.474067 -0.778440 -1.474067 -0.778440
-1.440942 -0.778440 -1.440942 -0.778440
-1.407817 -0.778440 -1.407817 -0.778440
-1.374692 -0.778440 -1.374692 -0.778440
-1.341567 -0.778440 -1.341567 -0.778440
-1.308442 -0.778440 -1.308442 -0.778440
-1.275317 -0.778440 -1.275317 -0.778440
-1.242191 -0.778440 -1.242191 -0.778440
-1.209066 -0.778440 -1.209066 -0.778440
-1.175941 -0.778440 -1.175941 -0.778440
-1.142816 -0.778440 -1.142816 -0.778440
-1.109691 -0.778440 0.091888 -0.778440
-1.076566 -0.778440 0.111106 -0.778440
-1.043441 -0.778440 0.130325 -0.778440
-1.010316 -0.778440 0.149543 -0.778440
-0.977191 -0.778440 0.168761 -0.778440
-0.944066 -0.778440 0.187979 -0.778440
-0.910940 -0.778440 0.207197 -0.778440
-0.877815 -0.778440 0.226416 -0.778440
-0.844690 -0.778440 0.441401 0.814333
-0.811565 -0.778440 0.446629 0.793419
-0.778440 -0.778440 1.020186 0.734628
-0.745315 -0.778440 0.998218 0.760939
-0.712190 -0.778440 0.976250 0.787249
-0.679065 -0.778440 0.954283 0.813560
-0.645940 -0.778440 0.932315 0.839871
-0.612814 -0.778440 0.910347 0.866182
-0.579689 -0.778440 0.888379 0.892492
-0.546564 -0.778440 -1.095990 0.763893
-0.513439 -0.778440 -1.078282 0.793630
-0.480314 -0.778440 -1.060574 0.823368
-0.447189 -0.778440 -1.042866 0.853105
-0.414064 -0.778440 -0.081742 0.825500
-0.380939 -0.778440 -0.057617 0.819681
-0.347814 -0.778440 -0.033492 0.813862
-0.314689 -0.778440 -0.009367 0.808043
-0.281563 -0.778440 0.014757 0.802224
-0.248438 -0.778440 0.038882 0.796406
-0.215313 -0.778440 0.063007 0.790587
-0.182188 -0.778440 0.087131 0.784768
-0.149063 -0.778440 0.111256 0.778949
-0.115938 -0.778440 0.135381 0.773130
-0.082813 -0.778440 0.159506 0.767312
-0.049688 -0.778440 0.183630 0.761493
-0.016563 -0.778440 0.207755 0.755674
0.016563 -0.778440 -0.207755 0.755674
0.049688 -0.778440 -0.183630 0.761493
0.082813 -0.778440 -0.159506 0.767312
0.115938 -0.778440 -0.135381 0.773130
0.149063 -0.778440 -0.111256 0.778949
0.182188 -0.778440 -0.087131 0.784768
0.215313 -0.778440 -0.063007 0.790587
0.248438 -0.778440 -0.038882 0.796406
0.281563 -0.778440 -0.014757 0.802224
0.314689 -0.778440 0.009367 0.808043
0.347814 -0.778440 0.033492 0.813862
0.380939 -0.778440 0.057617 0.819681
0.414064 -0.778440 0.081742 0.825500
0.447189 -0.778440 1.042866 0.853105
0.480314 -0.778440 1.060574 0.823368
0.513439 -0.778440 1.078282 0.793630
0.546564 -0.778440 1.095990 0.763893
0.579689 -0.778440 -0.888379 0.892492
0.612814 -0.778440 -0.910347 0.866182
0.645940 -0.778440 -0.932315 0.839871
0.679065 -0.778440 -0.954283 0.813560
0.712190 -0.778440 -0.976250 0.787249
0.745315 -0.778440 -0.998218 0.760939
0.778440 -0.778440 -1.020186 0.734628
0.811565 -0.778440 -0.446629 0.793419
0.844690 -0.778440 -0.441401 0.814333
0.877815 -0.778440 -0.226416 -0.778440
0.910940 -0.778440 -0.207197 -0.778440
0.944066 -0.778440 -0.187979 -0.778440
0.977191 -0.778440 -0.168761 -0.778440
1.010316 -0.778440 -0.149543 -0.778440
1.043441 -0.778440 -0.130325 -0.778440
1.076566 -0.778440 -0.111106 -0.778440
1.109691 -0.778440 -0.091888 -0.778440
1.142816 -0.778440 1.142816 -0.778440
1.175941 -0.778440 1.175941 -0.778440
1.209066 -0.778440 1.209066 -0.778440
1.242191 -0.778440 1.242191 -0.778440
1.275317 -0.778440 1.275317 -0.778440
1.308442 -0.778440 1.308442 -0.778440
1.341567 -0.778440 1.341567 -0.778440
1.374692 -0.778440 1.374692 -0.778440
1.407817 -0.778440 1.407817 -0.778440
1.440942 -0.778440 1.440942 -0.778440
1.474067 -0.778440 1.474067 -0.778440
1.507192 -0.778440 1.507192 -0.778440
1.540317 -0.778440 1.540317 -0.778440
1.573443 -0.778440 1.573443 -0.778440
1.606568 -0.778440 1.606568 -0.778440
1.639693 -0.778440 1.639693 -0.778440
1.672818 -0.778440 1.672818 -0.778440
1.705943 -0.778440 1.705943 -0.778440
1.739068 -0.778440 1.739068 -0.778440
1.772193 -0.778440 1.772193 -0.778440
1.805318 -0.778440 1.805318 -0.778440
1.838443 -0.778440 1.838443 -0.778440
1.871568 -0.778440 1.871568 -0.778440
1.904694 -0.778440 1.904694 -0.778440
1.937819 -0.778440 1.937819 -0.778440
1.970944 -0.778440 1.970944 -0.778440
2.004069 -0.778440 2.004069 -0.778440
2.037194 -0.778440 2.037194 -0.778440
2.070319 -0.778440 2.070319 -0.778440
2.103444 -0.778440 2.103444 -0.778440
-2.103444 -0.745315 -2.103444 -0.745315
-2.070319 -0.745315 -2.070319 -0.745315
-2.037194 -0.745315 -2.037194 -0.745315
-2.004069 -0.745315 -2.004069 -0.745315
-1.970944 -0.745315 -1.970944 -0.745315
-1.937819 -0.745315 -1.937819 -0.745315
-1.904694 -0.745315 -1.904694 -0.745315
-1.871568 -0.745315 -1.871568 -0.745315
-1.838443 -0.745315 -1.838443 -0.745315
-1.805318 -0.745315 -1.805318 -0.745315
-1.772193 -0.745315 -1.772193 -0.745315
-1.739068 -0.745315 -1.739068 -0.745315
-1.705943 -0.745315 -1.705943 -0.745315
-1.672818 -0.745315 -1.672818 -0.745315
-1.639693 -0.745315 -1.639693 -0.745315
-1.606568 -0.745315 -1.606568 -0.745315
-1.573443 -0.745315 -1.573443 -0.745315
-1.540317 -0.745315 -1.540317 -0.745315
-1.507192 -0.745315 -1.507192 -0.745315
-1.474067 -0.745315 -1.474067 -0.745315
-1.440942 -0.745315 -1.440942 -0.745315
-1.407817 -0.745315 -1.407817 -0.745315
-1.374692 -0.745315 -1.374692 -0.745315
-1.341567 -0.745315 -1.341567 -0.745315
-1.308442 -0.745315 -1.308442 -0.745315
-1.275317 -0.745315 -1.275317 -0.745315
-1.242191 -0.745315 -1.242191 -0.745315
-1.209066 -0.745315 -1.209066 -0.745315
-1.175941 -0.745315 -1.175941 -0.745315
-1.142816 -0.745315 0.072670 -0.745315
-1.109691 -0.745315 0.091888 -0.745315
-1.076566 -0.745315 0.111106 -0.745315
-1.043441 -0.745315 0.130325 -0.745315
-1.010316 -0.745315 0.149543 -0.745315
-0.977191 -0.745315 0.168761 -0.745315
-0.944066 -0.745315 0.187979 -0.745315
-0.910940 -0.745315 0.207197 -0.745315
-0.877815 -0.745315 0.226416 -0.745315
-0.844690 -0.745315 0.245634 -0.745315
-0.811565 -0.745315 0.264852 -0.745315
-0.778440 -0.745315 1.041833 0.757415
-0.745315 -0.745315 1.019865 0.783726
-0.712190 -0.745315 0.997897 0.810037
-0.679065 -0.745315 0.975929 0.836347
-0.645940 -0.745315 0.953961 0.862658
-0.612814 -0.745315 0.931993 0.888969
-0.579689 -0.745315 0.910026 0.915279
-0.546564 -0.745315 -1.119991 0.782978
-0.513439 -0.745315 -1.102282 0.812716
-0.480314 -0.745315 -1.084574 0.842453
-0.447189 -0.745315 -1.066866 0.872190
-0.414064 -0.745315 -1.049158 0.901927
-0.380939 -0.745315 -1.031449 0.931664
-0.347814 -0.745315 -1.013741 0.961401
-0.314689 -0.745315 -0.009367 0.862584
-0.281563 -0.745315 0.014757 0.856765
-0.248438 -0.745315 0.038882 0.850946
-0.215313 -0.745315 0.063007 0.845128
-0.182188 -0.745315 0.087131 0.839309
-0.149063 -0.745315 0.111256 0.833490
-0.115938 -0.745315 0.135381 0.827671
-0.082813 -0.745315 0.159506 0.821852
-0.049688 -0.745315 0.183630 0.816033
-0.016563 -0.745315 0.207755 0.810215
0.016563 -0.745315 -0.207755 0.810215
0.049688 -0.745315 -0.183630 0.816033
0.082813 -0.745315 -0.159506 0.821852
0.115938 -0.745315 -0.135381 0.827671
0.149063 -0.745315 -0.111256 0.833490
0.182188 -0.745315 -0.087131 0.839309
0.215313 -0.745315 -0.063007 0.845128
0.248438 -0.745315 -0.038882 0.850946
0.281563 -0.745315 -0.014757 0.856765
0.314689 -0.745315 0.009367 0.862584
0.347814 -0.745315 1.013741 0.961401
0.380939 -0.745315 1.031449 0.931664
0.414064 -0.745315 1.049158 0.901927
0.447189 -0.745315 1.066866 0.872190
0.480314 -0.745315 1.084574 0.842453
0.513439 -0.745315 1.102282 0.812716
0.546564 -0.745315 1.119991 0.782978
0.579689 -0.745315 -0.910026 0.915279
0.612814 -0.745315 -0.931993 0.888969
0.645940 -0.745315 -0.953961 0.862658
0.679065 -0.745315 -0.975929 0.836347
0.712190 -0.745315 -0.997897 0.810037
0.745315 -0.745315 -1.019865 0.783726
0.778440 -0.745315 -1.041833 0.757415
0.811565 -0.745315 -0.264852 -0.745315
0.844690 -0.745315 -0.245634 -0.745315
0.877815 -0.745315 -0.226416 -0.745315
0.910940 -0.745315 -0.207197 -0.745315
0.944066 -0.745315 -0.187979 -0.745315
0.977191 -0.745315 -0.168761 -0.745315
1.010316 -0.745315 -0.149543 -0.745315
1.043441 -0.745315 -0.130325 -0.745315
1.076566 -0.745315 -0.111106 -0.745315
1.109691 -0.745315 -0.091888 -0.745315
1.142816 -0.745315 -0.072670 -0.745315
1.175941 -0.745315 1.175941 -0.745315
1.209066 -0.745315 1.209066 -0.745315
1.242191 -0.745315 1.242191 -0.745315
1.275317 -0.745315 1.275317 -0.745315
1.308442 -0.745315 1.308442 -0.745315
1.341567 -0.745315 1.341567 -0.745315
1.374692 -0.745315 1.374692 -0.745315
1.407817 -0.745315 1.407817 -0.745315
1.440942 -0.745315 1.440942 -0.745315
1.474067 -0.745315 1.474067 -0.745315
1.507192 -0.745315 1.507192 -0.745315
1.540317 -0.745315 1.540317 -0.745315
1.573443 -0.745315 1.573443 -0.745315
1.606568 -0.745315 1.606568 -0.745315
1.639693 -0.745315 1.639693 -0.745315
1.672818 -0.745315 1.672818 -0.745315
1.705943 -0.745315 1.705943 -0.745315
1.739068 -0.745315 1.739068 -0.745315
1.772193 -0.745315 1.772193 -0.745315
1.805318 -0.745315 1.805318 -0.745315
1.838443 -0.745315 1.838443 -0.745315
1.871568 -0.745315 1.871568 -0.745315
1.904694 -0.745315 1.904694 -0.745315
1.937819 -0.745315 1.937819 -0.745315
1.970944 -0.745315 1.970944 -0.745315
2.004069 -0.745315 2.004069 -0.745315
2.037194 -0.745315 2.037194 -0.745315
2.070319 -0.745315 2.070319 -0.745315
2.103444 -0.745315 2.103444 -0.745315
-2.103444 -0.712190 -2.103444 -0.712190
-2.070319 -0.712190 -2.070319 -0.712190
-2.037194 -0.712190 -2.037194 -0.712190
-2.004069 -0.712190 -2.004069 -0.712190
-1.970944 -0.712190 -1.970944 -0.712190
-1.937819 -0.712190 -1.937819 -0.712190
-1.904694 -0.712190 -1.904694 -0.712190
-1.871568 -0.712190 -1.871568 -0.712190
-1.838443 -0.712190 -1.838443 -0.712190
-1.805318 -0.712190 -1.805318 -0.712190
-1.772193 -0.712190 -1.772193 -0.712190
-1.739068 -0.712190 -1.739068 -0.712190
-1.705943 -0.712190 -1.705943 -0.712190
-1.672818 -0.712190 -1.672818 -0.712190
-1.639693 -0.712190 -1.639693 -0.712190
-1.606568 -0.712190 -1.606568 -0.712190
-1.573443 -0.712190 -1.573443 -0.712190
-1.540317 -0.712190 -1.540317 -0.712190
-1.507192 -0.712190 -1.507192 -0.712190
-1.474067 -0.712190 -1.474067 -0.712190
-1.440942 -0.712190 -1.440942 -0.712190
-1.407817 -0.712190 -1.407817 -0.712190
-1.374692 -0.712190 -1.374692 -0.712190
-1.341567 -0.712190 -1.341567 -0.712190
-1.308442 -0.712190 -1.308442 -0.712190
-1.275317 -0.712190 -1.275317 -0.712190
-1.242191 -0.712190 -1.242191 -0.712190
-1.209066 -0.712190 -1.209066 -0.712190
-1.175941 -0.712190 0.053452 -0.712190
-1.142816 -0.712190 0.072670 -0.712190
-1.109691 -0.712190 0.091888 -0.712190
-1.076566 -0.712190 0.111106 -0.712190
-1.043441 -0.712190 0.130325 -0.712190
-1.010316 -0.712190 0.149543 -0.712190
-0.977191 -0.712190 0.168761 -0.712190
-0.944066 -0.712190 0.187979 -0.712190
-0.910940 -0.712190 0.207197 -0.712190
-0.877815 -0.712190 0.226416 -0.712190
-0.844690 -0.712190 0.245634 -0.712190
-0.811565 -0.712190 0.264852 -0.712190
-0.778440 -0.712190 0.284070 -0.712190
-0.745315 -0.712190 0.303288 -0.712190
-0.712190 -0.712190 1.019544 0.832824
-0.679065 -0.712190 0.997576 0.859135
-0.645940 -0.712190 0.975608 0.885445
-0.612814 -0.712190 0.953640 0.911756
-0.579689 -0.712190 0.931672 0.938067
-0.546564 -0.712190 -1.111093 0.775899
-0.513439 -0.712190 -1.092366 0.804826
-0.480314 -0.712190 -1.073640 0.833754
-0.447189 -0.712190 -1.054913 0.862681
-0.414064 -0.712190 -1.036187 0.891608
-0.380939 -0.712190 -1.017460 0.920536
-0.347814 -0.712190 -0.998734 0.949463
-0.314689 -0.712190 -0.980008 0.978390
-0.248438 -0.712190 0.273053 -0.712190
-0.215313 -0.712190 0.063007 0.899668
-0.182188 -0.712190 0.087131 0.893849
-0.149063 -0.712190 0.111256 0.888031
-0.115938 -0.712190 0.135381 0.882212
-0.082813 -0.712190 0.159506 0.876393
-0.049688 -0.712190 0.183630 0.870574
-0.016563 -0.712190 0.207755 0.864755
0.016563 -0.712190 -0.207755 0.864755
0.049688 -0.712190 -0.183630 0.870574
0.082813 -0.712190 -0.159506 0.876393
0.115938 -0.712190 -0.135381 0.882212
0.149063 -0.712190 -0.111256 0.888031
0.182188 -0.712190 -0.087131 0.893849
0.215313 -0.712190 -0.063007 0.899668
0.248438 -0.712190 -0.273053 -0.712190
0.314689 -0.712190 0.980008 0.978390
0.347814 -0.712190 0.998734 0.949463
0.380939 -0.712190 1.017460 0.920536
0.414064 -0.712190 1.036187 0.891608
0.447189 -0.712190 1.054913 0.862681
0.480314 -0.712190 1.073640 0.833754
0.513439 -0.712190 1.092366 0.804826
0.546564 -0.712190 1.111093 0.775899
0.579689 -0.712190 -0.931672 0.938067
0.612814 -0.712190 -0.953640 0.911756
0.645940 -0.712190 -0.975608 0.885445
0.679065 -0.712190 -0.997576 0.859135
0.712190 -0.712190 -1.019544 0.832824
0.745315 -0.712190 -0.303288 -0.712190
0.778440 -0.712190 -0.284070 -0.712190
0.811565 -0.712190 -0.264852 -0.712190
0.844690 -0.712190 -0.245634 -0.712190
0.877815 -0.712190 -0.226416 -0.712190
0.910940 -0.712190 -0.207197 -0.712190
0.944066 -0.712190 -0.187979 -0.712190
0.977191 -0.712190 -0.168761 -0.712190
1.010316 -0.712190 -0.149543 -0.712190
1.043441 -0.712190 -0.130325 -0.712190
1.076566 -0.712190 -0.111106 -0.712190
1.109691 -0.712190 -0.091888 -0.712190
1.142816 -0.712190 -0.072670 -0.712190
1.175941 -0.712190 -0.053452 -0.712190
1.209066 -0.712190 1.209066 -0.712190
1.242191 -0.712190 1.242191 -0.712190
1.275317 -0.712190 1.275317 -0.712190
1.308442 -0.712190 1.308442 -0.712190
1.341567 -0.712190 1.341567 -0.712190
1.374692 -0.712190 1.374692 -0.712190
1.407817 -0.712190 1.407817 -0.712190
1.440942 -0.712190 1.440942 -0.712190
1.474067 -0.712190 1.474067 -0.712190
1.507192 -0.712190 1.507192 -0.712190
1.540317 -0.712190 1.540317 -0.712190
1.573443 -0.712190 1.573443 -0.712190
1.606568 -0.712190 1.606568 -0.712190
1.639693 -0.712190 1.639693 -0.712190
1.672818 -0.712190 1.672818 -0.712190
1.705943 -0.712190 1.705943 -0.712190
1.739068 -0.712190 1.739068 -0.712190
1.772193 -0.712190 1.772193 -0.712190
1.805318 -0.712190 1.805318 -0.712190
1.838443 -0.712190 1.838443 -0.712190
1.871568 -0.712190 1.871568 -0.712190
1.904694 -0.712190 1.904694 -0.712190
1.937819 -0.712190 1.937819 -0.712190
1.970944 -0.712190 1.970944 -0.712190
2.004069 -0.712190 2.004069 -0.712190
2.037194 -0.712190 2.037194 -0.712190
2.070319 -0.712190 2.070319 -0.712190
2.103444 -0.712190 2.103444 -0.712190
-2.103444 -0.679065 -2.103444 -0.679065
-2.070319 -0.679065 -2.070319 -0.679065
-2.037194 -0.679065 -2.037194 -0.679065
-2.004069 -0.679065 -2.004069 -0.679065
-1.970944 -0.679065 -1.970944 -0.679065
-1.937819 -0.679065 -1.937819 -0.679065
-1.904694 -0.679065 -1.904694 -0.679065
-1.871568 -0.679065 -1.871568 -0.679065
-1.838443 -0.679065 -1.838443 -0.679065
-1.805318 -0.679065 -1.805318 -0.679065
-1.772193 -0.679065 -1.772193 -0.679065
-1.739068 -0.679065 -1.739068 -0.679065
-1.705943 -0.679065 -1.705943 -0.679065
-1.672818 -0.679065 -1.672818 -0.679065
-1.639693 -0.679065 -1.639693 -0.679065
-1.606568 -0.679065 -1.606568 -0.679065
-1.573443 -0.679065 -1.573443 -0.679065
-1.540317 -0.679065 -1.540317 -0.679065
-1.507192 -0.679065 -1.507192 -0.679065
-1.474067 -0.679065 -1.474067 -0.679065
-1.440942 -0.679065 -1.440942 -0.679065
-1.407817 -0.679065 -1.407817 -0.679065
-1.374692 -0.679065 -1.374692 -0.679065
-1.341567 -0.679065 -1.341567 -0.679065
-1.308442 -0.679065 -1.308442 -0.679065
-1.275317 -0.679065 -1.275317 -0.679065
-1.242191 -0.679065 -1.242191 -0.679065
-1.209066 -0.679065 -1.209066 -0.679065
-1.175941 -0.679065 0.053452 -0.679065
-1.142816 -0.679065 0.072670 -0.679065
-1.109691 -0.679065 0.091888 -0.679065
-1.076566 -0.679065 0.111106 -0.679065
-1.043441 -0.679065 0.130325 -0.679065
-1.010316 -0.679065 0.149543 -0.679065
-0.977191 -0.679065 0.168761 -0.679065
-0.944066 -0.679065 0.187979 -0.679065
-0.910940 -0.679065 0.207197 -0.679065
-0.877815 -0.679065 0.226416 -0.679065
-0.844690 -0.679065 0.245634 -0.679065
-0.811565 -0.679065 0.264852 -0.679065
-0.778440 -0.679065 0.284070 -0.679065
-0.745315 -0.679065 0.303288 -0.679065
-0.712190 -0.679065 0.322507 -0.679065
-0.679065 -0.679065 0.341725 -0.679065
-0.645940 -0.679065 0.997255 0.908233
-0.612814 -0.679065 0.975287 0.934543
-0.579689 -0.679065 0.953319 0.960854
-0.513439 -0.679065 -1.061997 0.780670
-0.480314 -0.679065 -1.043270 0.809597
-0.447189 -0.679065 -1.024544 0.838525
-0.414064 -0.679065 -1.005817 0.867452
-0.380939 -0.679065 -0.987091 0.896379
-0.347814 -0.679065 0.173678 -0.679065
-0.314689 -0.679065 0.206803 -0.679065
-0.281563 -0.679065 0.239928 -0.679065
-0.248438 -0.679065 0.273053 -0.679065
-0.215313 -0.679065 0.306178 -0.679065
-0.182188 -0.679065 0.339304 -0.679065
-0.149063 -0.679065 0.111256 0.942571
-0.115938 -0.679065 0.135381 0.936753
-0.082813 -0.679065 0.159506 0.930934
-0.049688 -0.679065 0.183630 0.925115
-0.016563 -0.679065 0.207755 0.919296
0.016563 -0.679065 -0.207755 0.919296
0.049688 -0.679065 -0.183630 0.925115
0.082813 -0.679065 -0.159506 0.930934
0.115938 -0.679065 -0.135381 0.936753
0.149063 -0.679065 -0.111256 0.942571
0.182188 -0.679065 -0.339304 -0.679065
0.215313 -0.679065 -0.306178 -0.679065
0.248438 -0.679065 -0.273053 -0.679065
0.281563 -0.679065 -0.239928 -0.679065
0.314689 -0.679065 -0.206803 -0.679065
0.347814 -0.679065 -0.173678 -0.679065
0.380939 -0.679065 0.987091 0.896379
0.414064 -0.679065 1.005817 0.867452
0.447189 -0.679065 1.024544 0.838525
0.480314 -0.679065 1.043270 0.809597
0.513439 -0.679065 1.061997 0.780670
0.579689 -0.679065 -0.953319 0.960854
0.612814 -0.679065 -0.975287 0.934543
0.645940 -0.679065 -0.997255 0.908233
0.679065 -0.679065 -0.341725 -0.679065
0.712190 -0.679065 -0.322507 -0.679065
0.745315 -0.679065 -0.303288 -0.679065
0.778440 -0.679065 -0.284070 -0.679065
0.811565 -0.679065 -0.264852 -0.679065
0.844690 -0.679065 -0.245634 -0.679065
0.877815 -0.679065 -0.226416 -0.679065
0.910940 -0.679065 -0.207197 -0.679065
0.944066 -0.679065 -0.187979 -0.679065
0.977191 -0.679065 -0.168761 -0.679065
1.010316 -0.679065 -0.149543 -0.679065
1.043441 -0.679065 -0.130325 -0.679065
1.076566 -0.679065 -0.111106 -0.679065
1.109691 -0.679065 -0.091888 -0.679065
1.142816 -0.679065 -0.072670 -0.679065
1.175941 -0.679065 -0.053452 -0.679065
1.209066 -0.679065 1.209066 -0.679065
1.242191 -0.679065 1.242191 -0.679065
1.275317 -0.679065 1.275317 -0.679065
1.308442 -0.679065 1.308442 -0.679065
1.341567 -0.679065 1.341567 -0.679065
1.374692 -0.679065 1.374692 -0.679065
1.407817 -0.679065 1.407817 -0.679065
1.440942 -0.679065 1.440942 -0.679065
1.474067 -0.679065 1.474067 -0.679065
1.507192 -0.679065 1.507192 -0.679065
1.540317 -0.679065 1.540317 -0.679065
1.573443 -0.679065 1.573443 -0.679065
1.606568 -0.679065 1.606568 -0.679065
1.639693 -0.679065 1.639693 -0.679065
1.672818 -0.679065 1.672818 -0.679065
1.705943 -0.679065 1.705943 -0.679065
1.739068 -0.679065 1.739068 -0.679065
1.772193 -0.679065 1.772193 -0.679065
1.805318 -0.679065 1.805318 -0.679065
1.838443 -0.679065 1.838443 -0.679065
1.871568 -0.679065 1.871568 -0.679065
1.904694 -0.679065 1.904694 -0.679065
1.937819 -0.679065 1.937819 -0.679065
1.970944 -0.679065 1.970944 -0.679065
2.004069 -0.679065 2.004069 -0.679065
2.037194 -0.679065 2.037194 -0.679065
2.070319 -0.679065 2.070319 -0.679065
2.103444 -0.679065 2.103444 -0.679065
-2.103444 -0.645940 -2.103444 -0.645940
-2.070319 -0.645940 -2.070319 -0.645940
-2.037194 -0.645940 -2.037194 -0.645940
-2.004069 -0.645940 -2.004069 -0.645940
-1.970944 -0.645940 -1.970944 -0.645940
-1.937819 -0.645940 -1.937819 -0.645940
-1.904694 -0.645940 -1.904694 -0.645940
-1.871568 -0.645940 -1.871568 -0.645940
-1.838443 -0.645940 -1.838443 -0.645940
-1.805318 -0.645940 -1.805318 -0.645940
-1.772193 -0.645940 -1.772193 -0.645940
-1.739068 -0.645940 -1.739068 -0.645940
-1.705943 -0.645940 -1.705943 -0.645940
-1.672818 -0.645940 -1.672818 -0.645940
-1.639693 -0.645940 -1.639693 -0.645940
-1.606568 -0.645940 -1.606568 -0.645940
-1.573443 -0.645940 -1.573443 -0.645940
-1.540317 -0.645940 -1.540317 -0.645940
-1.507192 -0.645940 -1.507192 -0.645940
-1.474067 -0.645940 -1.474067 -0.645940
-1.440942 -0.645940 -1.440942 -0.645940
-1.407817 -0.645940 -1.407817 -0.645940
-1.374692 -0.645940 -1.374692 -0.645940
-1.341567 -0.645940 -1.341567 -0.645940
-1.308442 -0.645940 -1.308442 -0.645940
-1.275317 -0.645940 -1.275317 -0.645940
-1.242191 -0.645940 -1.242191 -0.645940
-1.209066 -0.645940 0.034234 -0.645940
-1.175941 -0.645940 0.053452 -0.645940
-1.142816 -0.645940 0.072670 -0.645940
-1.109691 -0.645940 0.091888 -0.645940
-1.076566 -0.645940 0.111106 -0.645940
-1.043441 -0.645940 0.130325 -0.645940
-1.010316 -0.645940 0.149543 -0.645940
-0.977191 -0.645940 0.168761 -0.645940
-0.944066 -0.645940 0.187979 -0.645940
-0.910940 -0.645940 0.207197 -0.645940
-0.877815 -0.645940 0.226416 -0.645940
-0.844690 -0.645940 0.245634 -0.645940
-0.811565 -0.645940 0.264852 -0.645940
-0.778440 -0.645940 0.284070 -0.645940
-0.745315 -0.645940 0.303288 -0.645940
-0.712190 -0.645940 0.322507 -0.645940
-0.679065 -0.645940 0.341725 -0.645940
-0.645940 -0.645940 0.360943 -0.645940
-0.612814 -0.645940 0.380161 -0.645940
-0.579689 -0.645940 0.974966 0.983641
-0.513439 -0.645940 -1.031627 0.756514
-0.480314 -0.645940 -1.012901 0.785441
-0.447189 -0.645940 0.074303 -0.645940
-0.414064 -0.645940 0.107428 -0.645940
-0.380939 -0.645940 0.140553 -0.645940
-0.347814 -0.645940 0.173678 -0.645940
-0.314689 -0.645940 0.206803 -0.645940
-0.281563 -0.645940 0.239928 -0.645940
-0.248438 -0.645940 0.273053 -0.645940
-0.215313 -0.645940 0.306178 -0.645940
-0.182188 -0.645940 0.339304 -0.645940
-0.149063 -0.645940 0.372429 -0.645940
-0.115938 -0.645940 0.405554 -0.645940
-0.082813 -0.645940 0.438679 -0.645940
-0.049688 -0.645940 0.183630 0.979656
-0.016563 -0.645940 -0.016563 0.624714
0.016563 -0.645940 0.016563 0.624714
0.049688 -0.645940 -0.183630 0.979656
0.082813 -0.645940 -0.438679 -0.645940
0.115938 -0.645940 -0.405554 -0.645940
0.149063 -0.645940 -0.372429 -0.645940
0.182188 -0.645940 -0.339304 -0.645940
0.215313 -0.645940 -0.306178 -0.645940
0.248438 -0.645940 -0.273053 -0.645940
0.281563 -0.645940 -0.239928 -0.645940
0.314689 -0.645940 -0.206803 -0.645940
0.347814 -0.645940 -0.173678 -0.645940
0.380939 -0.645940 -0.140553 -0.645940
0.414064 -0.645940 -0.107428 -0.645940
0.447189 -0.645940 -0.074303 -0.645940
0.480314 -0.645940 1.012901 0.785441
0.513439 -0.645940 1.031627 0.756514
0.579689 -0.645940 -0.974966 0.983641
0.612814 -0.645940 -0.380161 -0.645940
0.645940 -0.645940 -0.360943 -0.645940
0.679065 -0.645940 -0.341725 -0.645940
0.712190 -0.645940 -0.322507 -0.645940
0.745315 -0.645940 -0.303288 -0.645940
0.778440 -0.645940 -0.284070 -0.645940
0.811565 -0.645940 -0.264852 -0.645940
0.844690 -0.645940 -0.245634 -0.645940
0.877815 -0.645940 -0.226416 -0.645940
0.910940 -0.645940 -0.207197 -0.645940
0.944066 -0.645940 -0.187979 -0.645940
0.977191 -0.645940 -0.168761 -0.645940
1.010316 -0.645940 -0.149543 -0.645940
1.043441 -0.645940 -0.130325 -0.645940
1.076566 -0.645940 -0.111106 -0.645940
1.109691 -0.645940 -0.091888 -0.645940
1.142816 -0.645940 -0.072670 -0.645940
1.175941 -0.645940 -0.053452 -0.645940
1.209066 -0.645940 -0.034234 -0.645940
1.242191 -0.645940 1.242191 -0.645940
1.275317 -0.645940 1.275317 -0.645940
1.308442 -0.645940 1.308442 -0.645940
1.341567 -0.645940 1.341567 -0.645940
1.374692 -0.645940 1.374692 -0.645940
1.407817 -0.645940 1.407817 -0.645940
1.440942 -0.645940 1.440942 -0.645940
1.474067 -0.645940 1.474067 -0.645940
1.507192 -0.645940 1.507192 -0.645940
1.540317 -0.645940 1.540317 -0.645940
1.573443 -0.645940 1.573443 -0.645940
1.606568 -0.645940 1.606568 -0.645940
1.639693 -0.645940 1.639693 -0.645940
1.672818 -0.645940 1.672818 -0.645940
1.705943 -0.645940 1.705943 -0.645940
1.739068 -0.645940 1.739068 -0.645940
1.772193 -0.645940 1.772193 -0.645940
1.805318 -0.645940 1.805318 -0.645940
1.838443 -0.645940 1.838443 -0.645940
1.871568 -0.645940 1.871568 -0.645940
1.904694 -0.645940 1.904694 -0.645940
1.937819 -0.645940 1.937819 -0.645940
1.970944 -0.645940 1.970944 -0.645940
2.004069 -0.645940 2.004069 -0.645940
2.037194 -0.645940 2.037194 -0.645940
2.070319 -0.645940 2.070319 -0.645940
2.103444 -0.645940 2.103444 -0.645940
-2.103444 -0.612814 -2.103444 -0.612814
-2.070319 -0.612814 -2.070319 -0.612814
-2.037194 -0.612814 -2.037194 -0.612814
-2.004069 -0.612814 -2.004069 -0.612814
-1.970944 -0.612814 -1.970944 -0.612814
-1.937819 -0.612814 -1.937819 -0.612814
-1.904694 -0.612814 -1.904694 -0.612814
-1.871568 -0.612814 -1.871568 -0.612814
-1.838443 -0.612814 -1.838443 -0.612814
-1.805318 -0.612814 -1.805318 -0.612814
-1.772193 -0.612814 -1.772193 -0.612814
-1.739068 -0.612814 -1.739068 -0.612814
-1.705943 -0.612814 -1.705943 -0.612814
-1.672818 -0.612814 -1.672818 -0.612814
-1.639693 -0.612814 -1.639693 -0.612814
-1.606568 -0.612814 -1.606568 -0.612814
-1.573443 -0.612814 -1.573443 -0.612814
-1.540317 -0.612814 -1.540317 -0.612814
-1.507192 -0.612814 -1.507192 -0.612814
-1.474067 -0.612814 -1.474067 -0.612814
-1.440942 -0.612814 -1.440942 -0.612814
-1.407817 -0.612814 -1.407817 -0.612814
-1.374692 -0.612814 -1.374692 -0.612814
-1.341567 -0.612814 -1.341567 -0.612814
-1.308442 -0.612814 -1.308442 -0.612814
-1.275317 -0.612814 -1.275317 -0.612814
-1.242191 -0.612814 -1.242191 -0.612814
-1.209066 -0.612814 0.034234 -0.612814
-1.175941 -0.612814 0.053452 -0.612814
-1.142816 -0.612814 0.072670 -0.612814
-1.109691 -0.612814 0.091888 -0.612814
-1.076566 -0.612814 0.111106 -0.612814
-1.043441 -0.612814 0.130325 -0.612814
-1.010316 -0.612814 0.149543 -0.612814
-0.977191 -0.612814 0.168761 -0.612814
-0.944066 -0.612814 0.187979 -0.612814
-0.910940 -0.612814 0.207197 -0.612814
-0.877815 -0.612814 0.226416 -0.612814
-0.844690 -0.612814 0.245634 -0.612814
-0.811565 -0.612814 0.264852 -0.612814
-0.778440 -0.612814 0.284070 -0.612814
-0.745315 -0.612814 0.303288 -0.612814
-0.712190 -0.612814 0.322507 -0.612814
-0.679065 -0.612814 0.341725 -0.612814
-0.645940 -0.612814 0.360943 -0.612814
-0.612814 -0.612814 0.380161 -0.612814
-0.579689 -0.612814 0.399379 -0.612814
-0.546564 -0.612814 0.418598 -0.612814
-0.513439 -0.612814 0.008052 -0.612814
-0.480314 -0.612814 0.041178 -0.612814
-0.447189 -0.612814 0.074303 -0.612814
-0.414064 -0.612814 0.107428 -0.612814
-0.380939 -0.612814 0.140553 -0.612814
-0.347814 -0.612814 0.173678 -0.612814
-0.314689 -0.612814 0.206803 -0.612814
-0.281563 -0.612814 0.239928 -0.612814
-0.248438 -0.612814 0.273053 -0.612814
-0.215313 -0.612814 0.306178 -0.612814
-0.182188 -0.612814 0.339304 -0.612814
-0.149063 -0.612814 0.372429 -0.612814
-0.115938 -0.612814 0.405554 -0.612814
-0.082813 -0.612814 0.438679 -0.612814
-0.049688 -0.612814 0.471804 -0.612814
-0.016563 -0.612814 0.504929 -0.612814
0.016563 -0.612814 -0.504929 -0.612814
0.049688 -0.612814 -0.471804 -0.612814
0.082813 -0.612814 -0.438679 -0.612814
0.115938 -0.612814 -0.405554 -0.612814
0.149063 -0.612814 -0.372429 -0.612814
0.182188 -0.612814 -0.339304 -0.612814
0.215313 -0.612814 -0.306178 -0.612814
0.248438 -0.612814 -0.273053 -0.612814
0.281563 -0.612814 -0.239928 -0.612814
0.314689 -0.612814 -0.206803 -0.612814
0.347814 -0.612814 -0.173678 -0.612814
0.380939 -0.612814 -0.140553 -0.612814
0.414064 -0.612814 -0.107428 -0.612814
0.447189 -0.612814 -0.074303 -0.612814
0.480314 -0.612814 -0.041178 -0.612814
0.513439 -0.612814 -0.008052 -0.612814
0.546564 -0.612814 -0.418598 -0.612814
0.579689 -0.612814 -0.399379 -0.612814
0.612814 -0.612814 -0.380161 -0.612814
0.645940 -0.612814 -0.360943 -0.612814
0.679065 -0.612814 -0.341725 -0.612814
0.712190 -0.612814 -0.322507 -0.612814
0.745315 -0.612814 -0.303288 -0.612814
0.778440 -0.612814 -0.284070 -0.612814
0.811565 -0.612814 -0.264852 -0.612814
0.844690 -0.612814 -0.245634 -0.612814
0.877815 -0.612814 -0.226416 -0.612814
0.910940 -0.612814 -0.207197 -0.612814
0.944066 -0.612814 -0.187979 -0.612814
0.977191 -0.612814 -0.168761 -0.612814
1.010316 -0.612814 -0.149543 -0.612814
1.043441 -0.612814 -0.130325 -0.612814
1.076566 -0.612814 -0.111106 -0.612814
1.109691 -0.612814 -0.091888 -0.612814
1.142816 -0.612814 -0.072670 -0.612814
1.175941 -0.612814 -0.053452 -0.612814
1.209066 -0.612814 -0.034234 -0.612814
1.242191 -0.612814 1.242191 -0.612814
1.275317 -0.612814 1.275317 -0.612814
1.308442 -0.612814 1.308442 -0.612814
1.341567 -0.612814 1.341567 -0.612814
1.374692 -0.612814 1.374692 -0.612814
1.407817 -0.612814 1.407817 -0.612814
1.440942 -0.612814 1.440942 -0.612814
1.474067 -0.612814 1.474067 -0.612814
1.507192 -0.612814 1.507192 -0.612814
1.540317 -0.612814 1.540317 -0.612814
1.573443 -0.612814 1.573443 -0.612814
1.606568 -0.612814 1.606568 -0.612814
1.639693 -0.612814 1.639693 -0.612814
1.672818 -0.612814 1.672818 -0.612814
1.705943 -0.612814 1.705943 -0.612814
1.739068 -0.612814 1.739068 -0.612814
1.772193 -0.612814 1.772193 -0.612814
1.805318 -0.612814 1.805318 -0.612814
1.838443 -0.612814 1.838443 -0.612814
1.871568 -0.612814 1.871568 -0.612814
1.904694 -0.612814 1.904694 -0.612814
1.937819 -0.612814 1.937819 -0.612814
1.970944 -0.612814 1.970944 -0.612814
2.004069 -0.612814 2.004069 -0.612814
2.037194 -0.612814 2.037194 -0.612814
2.070319 -0.612814 2.070319 -0.612814
2.103444 -0.612814 2.103444 -0.612814
-2.103444 -0.579689 -2.103444 -0.579689
-2.070319 -0.579689 -2.070319 -0.579689
-2.037194 -0.579689 -2.037194 -0.579689
-2.004069 -0.579689 -2.004069 -0.579689
-1.970944 -0.579689 -1.970944 -0.579689
-1.937819 -0.579689 -1.937819 -0.579689
-1.904694 -0.579689 -1.904694 -0.579689
-1.871568 -0.579689 -1.871568 -0.579689
-1.838443 -0.579689 -1.838443 -0.579689
-1.805318 -0.579689 -1.805318 -0.579689
-1.772193 -0.579689 -1.772193 -0.579689
-1.739068 -0.579689 -1.739068 -0.579689
-1.705943 -0.579689 -1.705943 -0.579689
-1.672818 -0.579689 -1.672818 -0.579689
-1.639693 -0.579689 -1.639693 -0.579689
-1.606568 -0.579689 -1.606568 -0.579689
-1.573443 -0.579689 -1.573443 -0.579689
-1.540317 -0.579689 -1.540317 -0.579689
-1.507192 -0.579689 -1.507192 -0.579689
-1.474067 -0.579689 -1.474067 -0.579689
-1.440942 -0.579689 -1.440942 -0.579689
-1.407817 -0.579689 -1.407817 -0.579689
-1.374692 -0.579689 -1.374692 -0.579689
-1.341567 -0.579689 -1.341567 -0.579689
-1.308442 -0.579689 -1.308442 -0.579689
-1.275317 -0.579689 -1.275317 -0.579689
-1.242191 -0.579689 0.015016 -0.579689
-1.209066 -0.579689 0.034234 -0.579689
-1.175941 -0.579689 0.053452 -0.579689
-1.142816 -0.579689 0.072670 -0.579689
-1.109691 -0.579689 0.091888 -0.579689
-1.076566 -0.579689 0.111106 -0.579689
-1.043441 -0.579689 0.130325 -0.579689
-1.010316 -0.579689 0.149543 -0.579689
-0.977191 -0.579689 0.168761 -0.579689
-0.944066 -0.579689 0.187979 -0.579689
-0.910940 -0.579689 0.207197 -0.579689
-0.877815 -0.579689 0.226416 -0.579689
-0.844690 -0.579689 0.245634 -0.579689
-0.811565 -0.579689 0.264852 -0.579689
-0.778440 -0.579689 0.284070 -0.579689
-0.745315 -0.579689 0.303288 -0.579689
-0.712190 -0.579689 0.322507 -0.579689
-0.679065 -0.579689 0.341725 -0.579689
-0.645940 -0.579689 0.360943 -0.579689
-0.612814 -0.579689 0.380161 -0.579689
-0.579689 -0.579689 0.399379 -0.579689
-0.546564 -0.579689 0.418598 -0.579689
-0.513439 -0.579689 0.008052 -0.579689
-0.480314 -0.579689 0.041178 -0.579689
-0.447189 -0.579689 0.074303 -0.579689
-0.414064 -0.579689 0.107428 -0.579689
-0.380939 -0.579689 0.140553 -0.579689
-0.347814 -0.579689 0.173678 -0.579689
-0.314689 -0.579689 0.206803 -0.579689
-0.281563 -0.579689 0.239928 -0.579689
-0.248438 -0.579689 0.273053 -0.579689
-0.215313 -0.579689 0.306178 -0.579689
-0.182188 -0.579689 0.339304 -0.579689
-0.149063 -0.579689 0.372429 -0.579689
-0.115938 -0.579689 0.405554 -0.579689
-0.082813 -0.579689 0.438679 -0.579689
-0.049688 -0.579689 0.471804 -0.579689
-0.016563 -0.579689 0.504929 -0.579689
0.016563 -0.579689 -0.504929 -0.579689
0.049688 -0.579689 -0.471804 -0.579689
0.082813 -0.579689 -0.438679 -0.579689
0.115938 -0.579689 -0.405554 -0.579689
0.149063 -0.579689 -0.372429 -0.579689
0.182188 -0.579689 -0.339304 -0.579689
0.215313 -0.579689 -0.306178 -0.579689
0.248438 -0.579689 -0.273053 -0.579689
0.281563 -0.579689 -0.239928 -0.579689
0.314689 -0.579689 -0.206803 -0.579689
0.347814 -0.579689 -0.173678 -0.579689
0.380939 -0.579689 -0.140553 -0.579689
0.414064 -0.579689 -0.107428 -0.579689
0.447189 -0.579689 -0.074303 -0.579689
0.480314 -0.579689 -0.041178 -0.579689
0.513439 -0.579689 -0.008052 -0.579689
0.546564 -0.579689 -0.418598 -0.579689
0.579689 -0.579689 -0.399379 -0.579689
0.612814 -0.579689 -0.380161 -0.579689
0.645940 -0.579689 -0.360943 -0.579689
0.679065 -0.579689 -0.341725 -0.579689
0.712190 -0.579689 -0.322507 -0.579689
0.745315 -0.579689 -0.303288 -0.579689
0.778440 -0.579689 -0.284070 -0.579689
0.811565 -0.579689 -0.264852 -0.579689
0.844690 -0.579689 -0.245634 -0.579689
0.877815 -0.579689 -0.226416 -0.579689
0.910940 -0.579689 -0.207197 -0.579689
0.944066 -0.579689 -0.187979 -0.579689
0.977191 -0.579689 -0.168761 -0.579689
1.010316 -0.579689 -0.149543 -0.579689
1.043441 -0.579689 -0.130325 -0.579689
1.076566 -0.579689 -0.111106 -0.579689
1.109691 -0.579689 -0.091888 -0.579689
1.142816 -0.579689 -0.072670 -0.579689
1.175941 -0.579689 -0.053452 -0.579689
1.209066 -0.579689 -0.034234 -0.579689
1.242191 -0.579689 -0.015016 -0.579689
1.275317 -0.579689 1.275317 -0.579689
1.308442 -0.579689 1.308442 -0.579689
1.341567 -0.579689 1.341567 -0.579689
1.374692 -0.579689 1.374692 -0.579689
1.407817 -0.579689 1.407817 -0.579689
1.440942 -0.579689 1.440942 -0.579689
1.474067 -0.579689 1.474067 -0.579689
1.507192 -0.579689 1.507192 -0.579689
1.540317 -0.579689 1.540317 -0.579689
1.573443 -0.579689 1.573443 -0.579689
1.606568 -0.579689 1.606568 -0.579689
1.639693 -0.579689 1.639693 -0.579689
1.672818 -0.579689 1.672818 -0.579689
1.705943 -0.579689 1.705943 -0.579689
1.739068 -0.579689 1.739068 -0.579689
1.772193 -0.579689 1.772193 -0.579689
1.805318 -0.579689 1.805318 -0.579689
1.838443 -0.579689 1.838443 -0.579689
1.871568 -0.579689 1.871568 -0.579689
1.904694 -0.579689 1.904694 -0.579689
1.937819 -0.579689 1.937819 -0.579689
1.970944 -0.579689 1.970944 -0.579689
2.004069 -0.579689 2.004069 -0.579689
2.037194 -0.579689 2.037194 -0.579689
2.070319 -0.579689 2.070319 -0.579689
2.103444 -0.579689 2.103444 -0.579689
-2.103444 -0.546564 -2.103444 -0.546564
-2.070319 -0.546564 -2.070319 -0.546564
-2.037194 -0.546564 -2.037194 -0.546564
-2.004069 -0.546564 -2.004069 -0.546564
-1.970944 -0.546564 -1.970944 -0.546564
-1.937819 -0.546564 -1.937819 -0.546564
-1.904694 -0.546564 -1.904694 -0.546564
-1.871568 -0.546564 -1.871568 -0.546564
-1.838443 -0.546564 -1.838443 -0.546564
-1.805318 -0.546564 -1.805318 -0.546564
-1.772193 -0.546564 -1.772193 -0.546564
-1.739068 -0.546564 -1.739068 -0.546564
-1.705943 -0.546564 -1.705943 -0.546564
-1.672818 -0.546564 -1.672818 -0.546564
-1.639693 -0.546564 -1.639693 -0.546564
-1.606568 -0.546564 -1.606568 -0.546564
-1.573443 -0.546564 -1.573443 -0.546564
-1.540317 -0.546564 -1.540317 -0.546564
-1.507192 -0.546564 -1.507192 -0.546564
-1.474067 -0.546564 -1.474067 -0.546564
-1.440942 -0.546564 -1.440942 -0.546564
-1.407817 -0.546564 -1.407817 -0.546564
-1.374692 -0.546564 -1.374692 -0.546564
-1.341567 -0.546564 -1.341567 -0.546564
-1.308442 -0.546564 -1.308442 -0.546564
-1.275317 -0.546564 -0.004203 -0.546564
-1.242191 -0.546564 0.015016 -0.546564
-1.209066 -0.546564 0.034234 -0.546564
-1.175941 -0.546564 0.053452 -0.546564
-1.142816 -0.546564 0.072670 -0.546564
-1.109691 -0.546564 0.091888 -0.546564
-1.076566 -0.546564 0.111106 -0.546564
-1.043441 -0.546564 0.130325 -0.546564
-1.010316 -0.546564 0.149543 -0.546564
-0.977191 -0.546564 0.168761 -0.546564
-0.944066 -0.546564 0.187979 -0.546564
-0.910940 -0.546564 0.207197 -0.546564
-0.877815 -0.546564 0.226416 -0.546564
-0.844690 -0.546564 0.245634 -0.546564
-0.811565 -0.546564 0.264852 -0.546564
-0.778440 -0.546564 0.284070 -0.546564
-0.745315 -0.546564 0.303288 -0.546564
-0.712190 -0.546564 0.322507 -0.546564
-0.679065 -0.546564 0.341725 -0.546564
-0.645940 -0.546564 0.360943 -0.546564
-0.612814 -0.546564 0.380161 -0.546564
-0.579689 -0.546564 0.399379 -0.546564
-0.546564 -0.546564 0.418598 -0.546564
-0.513439 -0.546564 0.008052 -0.546564
-0.480314 -0.546564 0.041178 -0.546564
-0.447189 -0.546564 0.074303 -0.546564
-0.414064 -0.546564 0.107428 -0.546564
-0.380939 -0.546564 0.140553 -0.546564
-0.347814 -0.546564 0.173678 -0.546564
-0.314689 -0.546564 0.206803 -0.546564
-0.281563 -0.546564 0.239928 -0.546564
-0.248438 -0.546564 0.273053 -0.546564
-0.215313 -0.546564 0.306178 -0.546564
-0.182188 -0.546564 0.339304 -0.546564
-0.149063 -0.546564 0.372429 -0.546564
-0.115938 -0.546564 0.405554 -0.546564
-0.082813 -0.546564 0.438679 -0.546564
-0.049688 -0.546564 0.471804 -0.546564
-0.016563 -0.546564 0.504929 -0.546564
0.016563 -0.546564 -0.504929 -0.546564
0.049688 -0.546564 -0.471804 -0.546564
0.082813 -0.546564 -0.438679 -0.546564
0.115938 -0.546564 -0.405554 -0.546564
0.149063 -0.546564 -0.372429 -0.546564
0.182188 -0.546564 -0.339304 -0.546564
0.215313 -0.546564 -0.306178 -0.546564
0.248438 -0.546564 -0.273053 -0.546564
0.281563 -0.546564 -0.239928 -0.546564
0.314689 -0.546564 -0.206803 -0.546564
0.347814 -0.546564 -0.173678 -0.546564
0.380939 -0.546564 -0.140553 -0.546564
0.414064 -0.546564 -0.107428 -0.546564
0.447189 -0.546564 -0.074303 -0.546564
0.480314 -0.546564 -0.041178 -0.546564
0.513439 -0.546564 -0.008052 -0.546564
0.546564 -0.546564 -0.418598 -0.546564
0.579689 -0.546564 -0.399379 -0.546564
0.612814 -0.546564 -0.380161 -0.546564
0.645940 -0.546564 -0.360943 -0.546564
0.679065 -0.546564 -0.341725 -0.546564
0.712190 -0.546564 -0.322507 -0.546564
0.745315 -0.546564 -0.303288 -0.546564
0.778440 -0.546564 -0.284070 -0.546564
0.811565 -0.546564 -0.264852 -0.546564
0.844690 -0.546564 -0.245634 -0.546564
0.877815 -0.546564 -0.226416 -0.546564
0.910940 -0.546564 -0.207197 -0.546564
0.944066 -0.546564 -0.187979 -0.546564
0.977191 -0.546564 -0.168761 -0.546564
1.010316 -0.546564 -0.149543 -0.546564
1.043441 -0.546564 -0.130325 -0.546564
1.076566 -0.546564 -0.111106 -0.546564
1.109691 -0.546564 -0.091888 -0.546564
1.142816 -0.546564 -0.072670 -0.546564
1.175941 -0.546564 -0.053452 -0.546564
1.209066 -0.546564 -0.034234 -0.546564
1.242191 -0.546564 -0.015016 -0.546564
1.275317 -0.546564 0.004203 -0.546564
1.308442 -0.546564 1.308442 -0.546564
1.341567 -0.546564 1.341567 -0.546564
1.374692 -0.546564 1.374692 -0.546564
1.407817 -0.546564 1.407817 -0.546564
1.440942 -0.546564 1.440942 -0.546564
1.474067 -0.546564 1.474067 -0.546564
1.507192 -0.546564 1.507192 -0.546564
1.540317 -0.546564 1.540317 -0.546564
1.573443 -0.546564 1.573443 -0.546564
1.606568 -0.546564 1.606568 -0.546564
1.639693 -0.546564 1.639693 -0.546564
1.672818 -0.546564 1.672818 -0.546564
1.705943 -0.546564 1.705943 -0.546564
1.739068 -0.546564 1.739068 -0.546564
1.772193 -0.546564 1.772193 -0.546564
1.805318 -0.546564 1.805318 -0.546564
1.838443 -0.546564 1.838443 -0.546564
1.871568 -0.546564 1.871568 -0.546564
1.904694 -0.546564 1.904694 -0.546564
1.937819 -0.546564 1.937819 -0.546564
1.970944 -0.546564 1.970944 -0.546564
2.004069 -0.546564 2.004069 -0.546564
2.037194 -0.546564 2.037194 -0.546564
2.070319 -0.546564 2.070319 -0.546564
2.103444 -0.546564 2.103444 -0.546564
-2.103444 -0.513439 -2.103444 -0.513439
-2.070319 -0.513439 -2.070319 -0.513439
-2.037194 -0.513439 -2.037194 -0.513439
-2.004069 -0.513439 -2.004069 -0.513439
-1.970944 -0.513439 -1.970944 -0.513439
-1.937819 -0.513439 -1.937819 -0.513439
-1.904694 -0.513439 -1.904694 -0.513439
-1.871568 -0.513439 -1.871568 -0.513439
-1.838443 -0.513439 -1.838443 -0.513439
-1.805318 -0.513439 -1.805318 -0.513439
-1.772193 -0.513439 -1.772193 -0.513439
-1.739068 -0.513439 -1.739068 -0.513439
-1.705943 -0.513439 -1.705943 -0.513439
-1.672818 -0.513439 -1.672818 -0.513439
-1.639693 -0.513439 -1.639693 -0.513439
-1.606568 -0.513439 -1.606568 -0.513439
-1.573443 -0.513439 -1.573443 -0.513439
-1.540317 -0.513439 -1.540317 -0.513439
-1.507192 -0.513439 -1.507192 -0.513439
-1.474067 -0.513439 -1.474067 -0.513439
-1.440942 -0.513439 -1.440942 -0.513439
-1.407817 -0.513439 -1.407817 -0.513439
-1.374692 -0.513439 -1.374692 -0.513439
-1.341567 -0.513439 -1.341567 -0.513439
-1.308442 -0.513439 -1.308442 -0.513439
-1.275317 -0.513439 -0.004203 -0.513439
-1.242191 -0.513439 0.015016 -0.513439
-1.209066 -0.513439 0.034234 -0.513439
-1.175941 -0.513439 0.053452 -0.513439
-1.142816 -0.513439 0.072670 -0.513439
-1.109691 -0.513439 0.091888 -0.513439
-1.076566 -0.513439 0.111106 -0.513439
-1.043441 -0.513439 0.130325 -0.513439
-1.010316 -0.513439 0.149543 -0.513439
-0.977191 -0.513439 0.168761 -0.513439
-0.944066 -0.513439 0.187979 -0.513439
-0.910940 -0.513439 0.207197 -0.513439
-0.877815 -0.513439 0.226416 -0.513439
-0.844690 -0.513439 0.245634 -0.513439
-0.811565 -0.513439 0.264852 -0.513439
-0.778440 -0.513439 0.284070 -0.513439
-0.745315 -0.513439 0.303288 -0.513439
-0.712190 -0.513439 0.322507 -0.513439
-0.679065 -0.513439 0.341725 -0.513439
-0.645940 -0.513439 0.360943 -0.513439
-0.612814 -0.513439 0.380161 -0.513439
-0.579689 -0.513439 0.399379 -0.513439
-0.546564 -0.513439 0.418598 -0.513439
-0.513439 -0.513439 0.008052 -0.513439
-0.480314 -0.513439 0.041178 -0.513439
-0.447189 -0.513439 0.074303 -0.513439
-0.414064 -0.513439 0.107428 -0.513439
-0.380939 -0.513439 0.140553 -0.513439
-0.347814 -0.513439 0.173678 -0.513439
-0.314689 -0.513439 0.206803 -0.513439
-0.281563 -0.513439 0.239928 -0.513439
-0.248438 -0.513439 0.273053 -0.513439
-0.215313 -0.513439 0.306178 -0.513439
-0.182188 -0.513439 0.339304 -0.513439
-0.149063 -0.513439 0.372429 -0.513439
-0.115938 -0.513439 0.405554 -0.513439
-0.082813 -0.513439 0.438679 -0.513439
-0.049688 -0.513439 0.471804 -0.513439
-0.016563 -0.513439 0.504929 -0.513439
0.016563 -0.513439 -0.504929 -0.513439
0.049688 -0.513439 -0.471804 -0.513439
0.082813 -0.513439 -0.438679 -0.513439
0.115938 -0.513439 -0.405554 -0.513439
0.149063 -0.513439 -0.372429 -0.513439
0.182188 -0.513439 -0.339304 -0.513439
0.215313 -0.513439 -0.306178 -0.513439
0.248438 -0.513439 -0.273053 -0.513439
0.281563 -0.513439 -0.239928 -0.513439
0.314689 -0.513439 -0.206803 -0.513439
0.347814 -0.513439 -0.173678 -0.513439
0.380939 -0.513439 -0.140553 -0.513439
0.414064 -0.513439 -0.107428 -0.513439
0.447189 -0.513439 -0.074303 -0.513439
0.480314 -0.513439 -0.041178 -0.513439
0.513439 -0.513439 -0.008052 -0.513439
0.546564 -0.513439 -0.418598 -0.513439
0.579689 -0.513439 -0.399379 -0.513439
0.612814 -0.513439 -0.380161 -0.513439
0.645940 -0.513439 -0.360943 -0.513439
0.679065 -0.513439 -0.341725 -0.513439
0.712190 -0.513439 -0.322507 -0.513439
0.745315 -0.513439 -0.303288 -0.513439
0.778440 -0.513439 -0.284070 -0.513439
0.811565 -0.513439 -0.264852 -0.513439
0.844690 -0.513439 -0.245634 -0.513439
0.877815 -0.513439 -0.226416 -0.513439
0.910940 -0.513439 -0.207197 -0.513439
0.944066 -0.513439 -0.187979 -0.513439
0.977191 -0.513439 -0.168761 -0.513439
1.010316 -0.513439 -0.149543 -0.513439
1.043441 -0.513439 -0.130325 -0.513439
1.076566 -0.513439 -0.111106 -0.513439
1.109691 -0.513439 -0.091888 -0.513439
1.142816 -0.513439 -0.072670 -0.513439
1.175941 -0.513439 -0.053452 -0.513439
1.209066 -0.513439 -0.034234 -0.513439
1.242191 -0.513439 -0.015016 -0.513439
1.275317 -0.513439 0.004203 -0.513439
1.308442 -0.513439 1.308442 -0.513439
1.341567 -0.513439 1.341567 -0.513439
1.374692 -0.513439 1.374692 -0.513439
1.407817 -0.513439 1.407817 -0.513439
1.440942 -0.513439 1.440942 -0.513439
1.474067 -0.513439 1.474067 -0.513439
1.507192 -0.513439 1.507192 -0.513439
1.540317 -0.513439 1.540317 -0.513439
1.573443 -0.513439 1.573443 -0.513439
1.606568 -0.513439 1.606568 -0.513439
1.639693 -0.513439 1.639693 -0.513439
1.672818 -0.513439 1.672818 -0.513439
1.705943 -0.513439 1.705943 -0.513439
1.739068 -0.513439 1.739068 -0.513439
1.772193 -0.513439 1.772193 -0.513439
1.805318 -0.513439 1.805318 -0.513439
1.838443 -0.513439 1.838443 -0.513439
1.871568 -0.513439 1.871568 -0.513439
1.904694 -0.513439 1.904694 -0.513439
1.937819 -0.513439 1.937819 -0.513439
1.970944 -0.513439 1.970944 -0.513439
2.004069 -0.513439 2.004069 -0.513439
2.037194 -0.513439 2.037194 -0.513439
2.070319 -0.513439 2.070319 -0.513439
2.103444 -0.513439 2.103444 -0.513439
-2.103444 -0.480314 -2.103444 -0.480314
-2.070319 -0.480314 -2.070319 -0.480314
-2.037194 -0.480314 -2.037194 -0.480314
-2.004069 -0.480314 -2.004069 -0.480314
-1.970944 -0.480314 -1.970944 -0.480314
-1.937819 -0.480314 -1.937819 -0.480314
-1.904694 -0.480314 -1.904694 -0.480314
-1.871568 -0.480314 -1.871568 -0.480314
-1.838443 -0.480314 -1.838443 -0.480314
-1.805318 -0.480314 -1.805318 -0.480314
-1.772193 -0.480314 -1.772193 -0.480314
-1.739068 -0.480314 -1.739068 -0.480314
-1.705943 -0.480314 -1.705943 -0.480314
-1.672818 -0.480314 -1.672818 -0.480314
-1.639693 -0.480314 -1.639693 -0.480314
-1.606568 -0.480314 -1.606568 -0.480314
-1.573443 -0.480314 -1.573443 -0.480314
-1.540317 -0.480314 -1.540317 -0.480314
-1.507192 -0.480314 -1.507192 -0.480314
-1.474067 -0.480314 -1.474067 -0.480314
-1.440942 -0.480314 -1.440942 -0.480314
-1.407817 -0.480314 -1.407817 -0.480314
-1.374692 -0.480314 -1.374692 -0.480314
-1.341567 -0.480314 -1.341567 -0.480314
-1.308442 -0.480314 -0.023421 -0.480314
-1.275317 -0.480314 -0.004203 -0.480314
-1.242191 -0.480314 0.015016 -0.480314
-1.209066 -0.480314 0.034234 -0.480314
-1.175941 -0.480314 0.053452 -0.480314
-1.142816 -0.480314 0.072670 -0.480314
-1.109691 -0.480314 0.091888 -0.480314
-1.076566 -0.480314 0.111106 -0.480314
-1.043441 -0.480314 0.130325 -0.480314
-1.010316 -0.480314 0.149543 -0.480314
-0.977191 -0.480314 0.168761 -0.480314
-0.944066 -0.480314 0.187979 -0.480314
-0.910940 -0.480314 0.207197 -0.480314
-0.877815 -0.480314 0.226416 -0.480314
-0.844690 -0.480314 0.245634 -0.480314
-0.811565 -0.480314 0.264852 -0.480314
-0.778440 -0.480314 0.284070 -0.480314
-0.745315 -0.480314 0.303288 -0.480314
-0.712190 -0.480314 0.322507 -0.480314
-0.679065 -0.480314 0.341725 -0.480314
-0.645940 -0.480314 0.360943 -0.480314
-0.612814 -0.480314 0.380161 -0.480314
-0.579689 -0.480314 0.399379 -0.480314
-0.546564 -0.480314 0.418598 -0.480314
-0.513439 -0.480314 0.008052 -0.480314
-0.480314 -0.480314 0.041178 -0.480314
-0.447189 -0.480314 0.074303 -0.480314
-0.414064 -0.480314 0.107428 -0.480314
-0.380939 -0.480314 0.140553 -0.480314
-0.347814 -0.480314 0.173678 -0.480314
-0.314689 -0.480314 0.206803 -0.480314
-0.281563 -0.480314 0.239928 -0.480314
-0.248438 -0.480314 0.273053 -0.480314
-0.215313 -0.480314 0.306178 -0.480314
-0.182188 -0.480314 0.339304 -0.480314
-0.149063 -0.480314 0.372429 -0.480314
-0.115938 -0.480314 0.405554 -0.480314
-0.082813 -0.480314 0.438679 -0.480314
-0.049688 -0.480314 0.471804 -0.480314
-0.016563 -0.480314 0.504929 -0.480314
0.016563 -0.480314 -0.504929 -0.480314
0.049688 -0.480314 -0.471804 -0.480314
0.082813 -0.480314 -0.438679 -0.480314
0.115938 -0.480314 -0.405554 -0.480314
0.149063 -0.480314 -0.372429 -0.480314
0.182188 -0.480314 -0.339304 -0.480314
0.215313 -0.480314 -0.306178 -0.480314
0.248438 -0.480314 -0.273053 -0.480314
0.281563 -0.480314 -0.239928 -0.480314
0.314689 -0.480314 -0.206803 -0.480314
0.347814 -0.480314 -0.173678 -0.480314
0.380939 -0.480314 -0.140553 -0.480314
0.414064 -0.480314 -0.107428 -0.480314
0.447189 -0.480314 -0.074303 -0.480314
0.480314 -0.480314 -0.041178 -0.480314
0.513439 -0.480314 -0.008052 -0.480314
0.546564 -0.480314 -0.418598 -0.480314
0.579689 -0.480314 -0.399379 -0.480314
0.612814 -0.480314 -0.380161 -0.480314
0.645940 -0.480314 -0.360943 -0.480314
0.679065 -0.480314 -0.341725 -0.480314
0.712190 -0.480314 -0.322507 -0.480314
0.745315 -0.480314 -0.303288 -0.480314
0.778440 -0.480314 -0.284070 -0.480314
0.811565 -0.480314 -0.264852 -0.480314
0.844690 -0.480314 -0.245634 -0.480314
0.877815 -0.480314 -0.226416 -0.480314
0.910940 -0.480314 -0.207197 -0.480314
0.944066 -0.480314 -0.187979 -0.480314
0.977191 -0.480314 -0.168761 -0.480314
1.010316 -0.480314 -0.149543 -0.480314
1.043441 -0.480314 -0.130325 -0.480314
1.076566 -0.480314 -0.111106 -0.480314
1.109691 -0.480314 -0.091888 -0.480314
1.142816 -0.480314 -0.072670 -0.480314
1.175941 -0.480314 -0.053452 -0.480314
1.209066 -0.480314 -0.034234 -0.480314
1.242191 -0.480314 -0.015016 -0.480314
1.275317 -0.480314 0.004203 -0.480314
1.308442 -0.480314 0.023421 -0.480314
1.341567 -0.480314 1.341567 -0.480314
1.374692 -0.480314 1.374692 -0.480314
1.407817 -0.480314 1.407817 -0.480314
1.440942 -0.480314 1.440942 -0.480314
1.474067 -0.480314 1.474067 -0.480314
1.507192 -0.480314 1.507192 -0.480314
1.540317 -0.480314 1.540317 -0.480314
1.573443 -0.480314 1.573443 -0.480314
1.606568 -0.480314 1.606568 -0.480314
1.639693 -0.480314 1.639693 -0.480314
1.672818 -0.480314 1.672818 -0.480314
1.705943 -0.480314 1.705943 -0.480314
1.739068 -0.480314 1.739068 -0.480314
1.772193 -0.480314 1.772193 -0.480314
1.805318 -0.480314 1.805318 -0.480314
1.838443 -0.480314 1.838443 -0.480314
1.871568 -0.480314 1.871568 -0.480314
1.904694 -0.480314 1.904694 -0.480314
1.937819 -0.480314 1.937819 -0.480314
1.970944 -0.480314 1.970944 -0.480314
2.004069 -0.480314 2.004069 -0.480314
2.037194 -0.480314 2.037194 -0.480314
2.070319 -0.480314 2.070319 -0.480314
2.103444 -0.480314 2.103444 -0.480314
-2.103444 -0.447189 -2.103444 -0.447189
-2.070319 -0.447189 -2.070319 -0.447189
-2.037194 -0.447189 -2.037194 -0.447189
-2.004069 -0.447189 -2.004069 -0.447189
-1.970944 -0.447189 -1.970944 -0.447189
-1.937819 -0.447189 -1.937819 -0.447189
-1.904694 -0.447189 -1.904694 -0.447189
-1.871568 -0.447189 -1.871568 -0.447189
-1.838443 -0.447189 -1.838443 -0.447189
-1.805318 -0.447189 -1.805318 -0.447189
-1.772193 -0.447189 -1.772193 -0.447189
-1.739068 -0.447189 -1.739068 -0.447189
-1.705943 -0.447189 -1.705943 -0.447189
-1.672818 -0.447189 -1.672818 -0.447189
-1.639693 -0.447189 -1.639693 -0.447189
-1.606568 -0.447189 -1.606568 -0.447189
-1.573443 -0.447189 -1.573443 -0.447189
-1.540317 -0.447189 -1.540317 -0.447189
-1.507192 -0.447189 -1.507192 -0.447189
-1.474067 -0.447189 -1.474067 -0.447189
-1.440942 -0.447189 -1.440942 -0.447189
-1.407817 -0.447189 -1.407817 -0.447189
-1.374692 -0.447189 -1.374692 -0.447189
-1.341567 -0.447189 -0.042639 -0.447189
-1.308442 -0.447189 -0.023421 -0.447189
-1.275317 -0.447189 -0.004203 -0.447189
-1.242191 -0.447189 0.015016 -0.447189
-1.209066 -0.447189 0.034234 -0.447189
-1.175941 -0.447189 0.053452 -0.447189
-1.142816 -0.447189 0.072670 -0.447189
-1.109691 -0.447189 0.091888 -0.447189
-1.076566 -0.447189 0.111106 -0.447189
-1.043441 -0.447189 0.130325 -0.447189
-1.010316 -0.447189 0.149543 -0.447189
-0.977191 -0.447189 0.168761 -0.447189
-0.944066 -0.447189 0.187979 -0.447189
-0.910940 -0.447189 0.207197 -0.447189
-0.877815 -0.447189 0.226416 -0.447189
-0.844690 -0.447189 0.245634 -0.447189
-0.811565 -0.447189 0.264852 -0.447189
-0.778440 -0.447189 0.284070 -0.447189
-0.745315 -0.447189 0.303288 -0.447189
-0.712190 -0.447189 0.322507 -0.447189
-0.679065 -0.447189 0.341725 -0.447189
-0.645940 -0.447189 0.360943 -0.447189
-0.612814 -0.447189 0.380161 -0.447189
-0.579689 -0.447189 0.399379 -0.447189
-0.546564 -0.447189 0.418598 -0.447189
-0.513439 -0.447189 0.008052 -0.447189
-0.480314 -0.447189 0.041178 -0.447189
-0.447189 -0.447189 0.074303 -0.447189
-0.414064 -0.447189 0.107428 -0.447189
-0.380939 -0.447189 0.140553 -0.447189
-0.347814 -0.447189 0.173678 -0.447189
-0.314689 -0.447189 0.206803 -0.447189
-0.281563 -0.447189 0.239928 -0.447189
-0.248438 -0.447189 0.273053 -0.447189
-0.215313 -0.447189 0.306178 -0.447189
-0.182188 -0.447189 0.339304 -0.447189
-0.149063 -0.447189 0.372429 -0.447189
-0.115938 -0.447189 0.405554 -0.447189
-0.082813 -0.447189 0.438679 -0.447189
-0.049688 -0.447189 0.471804 -0.447189
-0.016563 -0.447189 0.504929 -0.447189
0.016563 -0.447189 -0.504929 -0.447189
0.049688 -0.447189 -0.471804 -0.447189
0.082813 -0.447189 -0.438679 -0.447189
0.115938 -0.447189 -0.405554 -0.447189
0.149063 -0.447189 -0.372429 -0.447189
0.182188 -0.447189 -0.339304 -0.447189
0.215313 -0.447189 -0.306178 -0.447189
0.248438 -0.447189 -0.273053 -0.447189
0.281563 -0.447189 -0.239928 -0.447189
0.314689 -0.447189 -0.206803 -0.447189
0.347814 -0.447189 -0.173678 -0.447189
0.380939 -0.447189 -0.140553 -0.447189
0.414064 -0.447189 -0.107428 -0.447189
0.447189 -0.447189 -0.074303 -0.447189
0.480314 -0.447189 -0.041178 -0.447189
0.513439 -0.447189 -0.008052 -0.447189
0.546564 -0.447189 -0.418598 -0.447189
0.579689 -0.447189 -0.399379 -0.447189
0.612814 -0.447189 -0.380161 -0.447189
0.645940 -0.447189 -0.360943 -0.447189
0.679065 -0.447189 -0.341725 -0.447189
0.712190 -0.447189 -0.322507 -0.447189
0.745315 -0.447189 -0.303288 -0.447189
0.778440 -0.447189 -0.284070 -0.447189
0.811565 -0.447189 -0.264852 -0.447189
0.844690 -0.447189 -0.245634 -0.447189
0.877815 -0.447189 -0.226416 -0.447189
0.910940 -0.447189 -0.207197 -0.447189
0.944066 -0.447189 -0.187979 -0.447189
0.977191 -0.447189 -0.168761 -0.447189
1.010316 -0.447189 -0.149543 -0.447189
1.043441 -0.447189 -0.130325 -0.447189
1.076566 -0.447189 -0.111106 -0.447189
1.109691 -0.447189 -0.091888 -0.447189
1.142816 -0.447189 -0.072670 -0.447189
1.175941 -0.447189 -0.053452 -0.447189
1.209066 -0.447189 -0.034234 -0.447189
1.242191 -0.447189 -0.015016 -0.447189
1.275317 -0.447189 0.004203 -0.447189
1.308442 -0.447189 0.023421 -0.447189
1.341567 -0.447189 0.042639 -0.447189
1.374692 -0.447189 1.374692 -0.447189
1.407817 -0.447189 1.407817 -0.447189
1.440942 -0.447189 1.440942 -0.447189
1.474067 -0.447189 1.474067 -0.447189
1.507192 -0.447189 1.507192 -0.447189
1.540317 -0.447189 1.540317 -0.447189
1.573443 -0.447189 1.573443 -0.447189
1.606568 -0.447189 1.606568 -0.447189
1.639693 -0.447189 1.639693 -0.447189
1.672818 -0.447189 1.672818 -0.447189
1.705943 -0.447189 1.705943 -0.447189
1.739068 -0.447189 1.739068 -0.447189
1.772193 -0.447189 1.772193 -0.447189
1.805318 -0.447189 1.805318 -0.447189
1.838443 -0.447189 1.838443 -0.447189
1.871568 -0.447189 1.871568 -0.447189
1.904694 -0.447189 1.904694 -0.447189
1.937819 -0.447189 1.937819 -0.447189
1.970944 -0.447189 1.970944 -0.447189
2.004069 -0.447189 2.004069 -0.447189
2.037194 -0.447189 2.037194 -0.447189
2.070319 -0.447189 2.070319 -0.447189
2.103444 -0.447189 2.103444 -0.447189
-2.103444 -0.414064 -2.103444 -0.414064
-2.070319 -0.414064 -2.070319 -0.414064
-2.037194 -0.414064 -2.037194 -0.414064
-2.004069 -0.414064 -2.004069 -0.414064
-1.970944 -0.414064 -1.970944 -0.414064
-1.937819 -0.414064 -1.937819 -0.414064
-1.904694 -0.414064 -1.904694 -0.414064
-1.871568 -0.414064 -1.871568 -0.414064
-1.838443 -0.414064 -1.838443 -0.414064
-1.805318 -0.414064 -1.805318 -0.414064
-1.772193 -0.414064 -1.772193 -0.414064
-1.739068 -0.414064 -1.739068 -0.414064
-1.705943 -0.414064 -1.705943 -0.414064
-1.672818 -0.414064 -1.672818 -0.414064
-1.639693 -0.414064 -1.639693 -0.414064
-1.606568 -0.414064 -1.606568 -0.414064
-1.573443 -0.414064 -1.573443 -0.414064
-1.540317 -0.414064 -1.540317 -0.414064
-1.507192 -0.414064 -1.507192 -0.414064
-1.474067 -0.414064 -1.474067 -0.414064
-1.440942 -0.414064 -1.440942 -0.414064
-1.407817 -0.414064 -1.407817 -0.414064
-1.374692 -0.414064 -1.374692 -0.414064
-1.341567 -0.414064 -0.042639 -0.414064
-1.308442 -0.414064 -0.023421 -0.414064
-1.275317 -0.414064 -0.004203 -0.414064
-1.242191 -0.414064 0.015016 -0.414064
-1.209066 -0.414064 0.034234 -0.414064
-1.175941 -0.414064 0.053452 -0.414064
-1.142816 -0.414064 0.072670 -0.414064
-1.109691 -0.414064 0.091888 -0.414064
-1.076566 -0.414064 0.111106 -0.414064
-1.043441 -0.414064 0.130325 -0.414064
-1.010316 -0.414064 0.149543 -0.414064
-0.977191 -0.414064 0.168761 -0.414064
-0.944066 -0.414064 0.187979 -0.414064
-0.910940 -0.414064 0.207197 -0.414064
-0.877815 -0.414064 0.226416 -0.414064
-0.844690 -0.414064 0.245634 -0.414064
-0.811565 -0.414064 0.264852 -0.414064
-0.778440 -0.414064 0.284070 -0.414064
-0.745315 -0.414064 0.303288 -0.414064
-0.712190 -0.414064 0.322507 -0.414064
-0.679065 -0.414064 0.341725 -0.414064
-0.645940 -0.414064 0.360943 -0.414064
-0.612814 -0.414064 0.380161 -0.414064
-0.579689 -0.414064 0.399379 -0.414064
-0.546564 -0.414064 0.418598 -0.414064
-0.513439 -0.414064 0.008052 -0.414064
-0.480314 -0.414064 0.041178 -0.414064
-0.447189 -0.414064 0.074303 -0.414064
-0.414064 -0.414064 0.107428 -0.414064
-0.380939 -0.414064 0.140553 -0.414064
-0.347814 -0.414064 0.173678 -0.414064
-0.314689 -0.414064 0.206803 -0.414064
-0.281563 -0.414064 0.239928 -0.414064
-0.248438 -0.414064 0.273053 -0.414064
-0.215313 -0.414064 0.306178 -0.414064
-0.182188 -0.414064 0.339304 -0.414064
-0.149063 -0.414064 0.372429 -0.414064
-0.115938 -0.414064 0.405554 -0.414064
-0.082813 -0.414064 0.438679 -0.414064
-0.049688 -0.414064 0.471804 -0.414064
-0.016563 -0.414064 0.504929 -0.414064
0.016563 -0.414064 -0.504929 -0.414064
0.049688 -0.414064 -0.471804 -0.414064
0.082813 -0.414064 -0.438679 -0.414064
0.115938 -0.414064 -0.405554 -0.414064
0.149063 -0.414064 -0.372429 -0.414064
0.182188 -0.414064 -0.339304 -0.414064
0.215313 -0.414064 -0.306178 -0.414064
0.248438 -0.414064 -0.273053 -0.414064
0.281563 -0.414064 -0.239928 -0.414064
0.314689 -0.414064 -0.206803 -0.414064
0.347814 -0.414064 -0.173678 -0.414064
0.380939 -0.414064 -0.140553 -0.414064
0.414064 -0.414064 -0.107428 -0.414064
0.447189 -0.414064 -0.074303 -0.414064
0.480314 -0.414064 -0.041178 -0.414064
0.513439 -0.414064 -0.008052 -0.414064
0.546564 -0.414064 -0.418598 -0.414064
0.579689 -0.414064 -0.399379 -0.414064
0.612814 -0.414064 -0.380161 -0.414064
0.645940 -0.414064 -0.360943 -0.414064
0.679065 -0.414064 -0.341725 -0.414064
0.712190 -0.414064 -0.322507 -0.414064
0.745315 -0.414064 -0.303288 -0.414064
0.778440 -0.414064 -0.284070 -0.414064
0.811565 -0.414064 -0.264852 -0.414064
0.844690 -0.414064 -0.245634 -0.414064
0.877815 -0.414064 -0.226416 -0.414064
0.910940 -0.414064 -0.207197 -0.414064
0.944066 -0.414064 -0.187979 -0.414064
0.977191 -0.414064 -0.168761 -0.414064
1.010316 -0.414064 -0.149543 -0.414064
1.043441 -0.414064 -0.130325 -0.414064
1.076566 -0.414064 -0.111106 -0.414064
1.109691 -0.414064 -0.091888 -0.414064
1.142816 -0.414064 -0.072670 -0.414064
1.175941 -0.414064 -0.053452 -0.414064
1.209066 -0.414064 -0.034234 -0.414064
1.242191 -0.414064 -0.015016 -0.414064
1.275317 -0.414064 0.004203 -0.414064
1.308442 -0.414064 0.023421 -0.414064
1.341567 -0.414064 0.042639 -0.414064
1.374692 -0.414064 1.374692 -0.414064
1.407817 -0.414064 1.407817 -0.414064
1.440942 -0.414064 1.440942 -0.414064
1.474067 -0.414064 1.474067 -0.414064
1.507192 -0.414064 1.507192 -0.414064
1.540317 -0.414064 1.540317 -0.414064
1.573443 -0.414064 1.573443 -0.414064
1.606568 -0.414064 1.606568 -0.414064
1.639693 -0.414064 1.639693 -0.414064
1.672818 -0.414064 1.672818 -0.414064
1.705943 -0.414064 1.705943 -0.414064
1.739068 -0.414064 1.739068 -0.414064
1.772193 -0.414064 1.772193 -0.414064
1.805318 -0.414064 1.805318 -0.414064
1.838443 -0.414064 1.838443 -0.414064
1.871568 -0.414064 1.871568 -0.414064
1.904694 -0.414064 1.904694 -0.414064
1.937819 -0.414064 1.937819 -0.414064
1.970944 -0.414064 1.970944 -0.414064
2.004069 -0.414064 2.004069 -0.414064
2.037194 -0.414064 2.037194 -0.414064
2.070319 -0.414064 2.070319 -0.414064
2.103444 -0.414064 2.103444 -0.414064
-2.103444 -0.380939 -2.103444 -0.380939
-2.070319 -0.380939 -2.070319 -0.380939
-2.037194 -0.380939 -2.037194 -0.380939
-2.004069 -0.380939 -2.004069 -0.380939
-1.970944 -0.380939 -1.970944 -0.380939
-1.937819 -0.380939 -1.937819 -0.380939
-1.904694 -0.380939 -1.904694 -0.380939
-1.871568 -0.380939 -1.871568 -0.380939
-1.838443 -0.380939 -1.838443 -0.380939
-1.805318 -0.380939 -1.805318 -0.380939
-1.772193 -0.380939 -1.772193 -0.380939
-1.739068 -0.380939 -1.739068 -0.380939
-1.705943 -0.380939 -1.705943 -0.380939
-1.672818 -0.380939 -1.672818 -0.380939
-1.639693 -0.380939 -1.639693 -0.380939
-1.606568 -0.380939 -1.606568 -0.380939
-1.573443 -0.380939 -1.573443 -0.380939
-1.540317 -0.380939 -1.540317 -0.380939
-1.507192 -0.380939 -1.507192 -0.380939
-1.474067 -0.380939 -1.474067 -0.380939
-1.440942 -0.380939 -1.440942 -0.380939
-1.407817 -0.380939 -1.407817 -0.380939
-1.374692 -0.380939 -0.061857 -0.380939
-1.341567 -0.380939 -0.042639 -0.380939
-1.308442 -0.380939 -0.023421 -0.380939
-1.275317 -0.380939 -0.004203 -0.380939
-1.242191 -0.380939 0.015016 -0.380939
-1.209066 -0.380939 0.034234 -0.380939
-1.175941 -0.380939 0.053452 -0.380939
-1.142816 -0.380939 0.072670 -0.380939
-1.109691 -0.380939 0.091888 -0.380939
-1.076566 -0.380939 0.111106 -0.380939
-1.043441 -0.380939 0.130325 -0.380939
-1.010316 -0.380939 0.149543 -0.380939
-0.977191 -0.380939 0.168761 -0.380939
-0.944066 -0.380939 0.187979 -0.380939
-0.910940 -0.380939 0.207197 -0.380939
-0.877815 -0.380939 0.226416 -0.380939
-0.844690 -0.380939 0.245634 -0.380939
-0.811565 -0.380939 0.264852 -0.380939
-0.778440 -0.380939 0.284070 -0.380939
-0.745315 -0.380939 0.303288 -0.380939
-0.712190 -0.380939 0.322507 -0.380939
-0.679065 -0.380939 0.341725 -0.380939
-0.645940 -0.380939 0.360943 -0.380939
-0.612814 -0.380939 0.380161 -0.380939
-0.579689 -0.380939 0.399379 -0.380939
-0.546564 -0.380939 0.418598 -0.380939
-0.513439 -0.380939 0.008052 -0.380939
-0.480314 -0.380939 0.041178 -0.380939
-0.447189 -0.380939 0.074303 -0.380939
-0.414064 -0.380939 0.107428 -0.380939
-0.380939 -0.380939 0.140553 -0.380939
-0.347814 -0.380939 0.173678 -0.380939
-0.314689 -0.380939 0.206803 -0.380939
-0.281563 -0.380939 0.239928 -0.380939
-0.248438 -0.380939 0.273053 -0.380939
-0.215313 -0.380939 0.306178 -0.380939
-0.182188 -0.380939 0.339304 -0.380939
-0.149063 -0.380939 0.372429 -0.380939
-0.115938 -0.380939 0.405554 -0.380939
-0.082813 -0.380939 0.438679 -0.380939
-0.049688 -0.380939 0.471804 -0.380939
-0.016563 -0.380939 0.504929 -0.380939
0.016563 -0.380939 -0.504929 -0.380939
0.049688 -0.380939 -0.471804 -0.380939
0.082813 -0.380939 -0.438679 -0.380939
0.115938 -0.380939 -0.405554 -0.380939
0.149063 -0.380939 -0.372429 -0.380939
0.182188 -0.380939 -0.339304 -0.380939
0.215313 -0.380939 -0.306178 -0.380939
0.248438 -0.380939 -0.273053 -0.380939
0.281563 -0.380939 -0.239928 -0.380939
0.314689 -0.380939 -0.206803 -0.380939
0.347814 -0.380939 -0.173678 -0.380939
0.380939 -0.380939 -0.140553 -0.380939
0.414064 -0.380939 -0.107428 -0.380939
0.447189 -0.380939 -0.074303 -0.380939
0.480314 -0.380939 -0.041178 -0.380939
0.513439 -0.380939 -0.008052 -0.380939
0.546564 -0.380939 -0.418598 -0.380939
0.579689 -0.380939 -0.399379 -0.380939
0.612814 -0.380939 -0.380161 -0.380939
0.645940 -0.380939 -0.360943 -0.380939
0.679065 -0.380939 -0.341725 -0.380939
0.712190 -0.380939 -0.322507 -0.380939
0.745315 -0.380939 -0.303288 -0.380939
0.778440 -0.380939 -0.284070 -0.380939
0.811565 -0.380939 -0.264852 -0.380939
0.844690 -0.380939 -0.245634 -0.380939
0.877815 -0.380939 -0.226416 -0.380939
0.910940 -0.380939 -0.207197 -0.380939
0.944066 -0.380939 -0.187979 -0.380939
0.977191 -0.380939 -0.168761 -0.380939
1.010316 -0.380939 -0.149543 -0.380939
1.043441 -0.380939 -0.130325 -0.380939
1.076566 -0.380939 -0.111106 -0.380939
1.109691 -0.380939 -0.091888 -0.380939
1.142816 -0.380939 -0.072670 -0.380939
1.175941 -0.380939 -0.053452 -0.380939
1.209066 -0.380939 -0.034234 -0.380939
1.242191 -0.380939 -0.015016 -0.380939
1.275317 -0.380939 0.004203 -0.380939
1.308442 -0.380939 0.023421 -0.380939
1.341567 -0.380939 0.042639 -0.380939
1.374692 -0.380939 0.061857 -0.380939
1.407817 -0.380939 1.407817 -0.380939
1.440942 -0.380939 1.440942 -0.380939
1.474067 -0.380939 1.474067 -0.380939
1.507192 -0.380939 1.507192 -0.380939
1.540317 -0.380939 1.540317 -0.380939
1.573443 -0.380939 1.573443 -0.380939
1.606568 -0.380939 1.606568 -0.380939
1.639693 -0.380939 1.639693 -0.380939
1.672818 -0.380939 1.672818 -0.380939
1.705943 -0.380939 1.705943 -0.380939
1.739068 -0.380939 1.739068 -0.380939
1.772193 -0.380939 1.772193 -0.380939
1.805318 -0.380939 1.805318 -0.380939
1.838443 -0.380939 1.838443 -0.380939
1.871568 -0.380939 1.871568 -0.380939
1.904694 -0.380939 1.904694 -0.380939
1.937819 -0.380939 1.937819 -0.380939
1.970944 -0.380939 1.970944 -0.380939
2.004069 -0.380939 2.004069 -0.380939
2.037194 -0.380939 2.037194 -0.380939
2.070319 -0.380939 2.070319 -0.380939
2.103444 -0.380939 2.103444 -0.380939
-2.103444 -0.347814 -2.103444 -0.347814
-2.070319 -0.347814 -2.070319 -0.347814
-2.037194 -0.347814 -2.037194 -0.347814
-2.004069 -0.347814 -2.004069 -0.347814
-1.970944 -0.347814 -1.970944 -0.347814
-1.937819 -0.347814 -1.937819 -0.347814
-1.904694 -0.347814 -1.904694 -0.347814
-1.871568 -0.347814 -1.871568 -0.347814
-1.838443 -0.347814 -1.838443 -0.347814
-1.805318 -0.347814 -1.805318 -0.347814
-1.772193 -0.347814 -1.772193 -0.347814
-1.739068 -0.347814 -1.739068 -0.347814
-1.705943 -0.347814 -1.705943 -0.347814
-1.672818 -0.347814 -1.672818 -0.347814
-1.639693 -0.347814 -1.639693 -0.347814
-1.606568 -0.347814 -1.606568 -0.347814
-1.573443 -0.347814 -1.573443 -0.347814
-1.540317 -0.347814 -1.540317 -0.347814
-1.507192 -0.347814 -1.507192 -0.347814
-1.474067 -0.347814 -1.474067 -0.347814
-1.440942 -0.347814 -1.440942 -0.347814
-1.407817 -0.347814 -1.407817 -0.347814
-1.374692 -0.347814 -0.061857 -0.347814
-1.341567 -0.347814 -0.042639 -0.347814
-1.308442 -0.347814 -0.023421 -0.347814
-1.275317 -0.347814 -0.004203 -0.347814
-1.242191 -0.347814 0.015016 -0.347814
-1.209066 -0.347814 0.034234 -0.347814
-1.175941 -0.347814 0.053452 -0.347814
-1.142816 -0.347814 0.072670 -0.347814
-1.109691 -0.347814 0.091888 -0.347814
-1.076566 -0.347814 0.111106 -0.347814
-1.043441 -0.347814 0.130325 -0.347814
-1.010316 -0.347814 0.149543 -0.347814
-0.977191 -0.347814 0.168761 -0.347814
-0.944066 -0.347814 0.187979 -0.347814
-0.910940 -0.347814 0.207197 -0.347814
-0.877815 -0.347814 0.226416 -0.347814
-0.844690 -0.347814 0.245634 -0.347814
-0.811565 -0.347814 0.264852 -0.347814
-0.778440 -0.347814 0.284070 -0.347814
-0.745315 -0.347814 0.303288 -0.347814
-0.712190 -0.347814 0.322507 -0.347814
-0.679065 -0.347814 0.341725 -0.347814
-0.645940 -0.347814 0.360943 -0.347814
-0.612814 -0.347814 0.380161 -0.347814
-0.579689 -0.347814 0.399379 -0.347814
-0.546564 -0.347814 0.418598 -0.347814
-0.513439 -0.347814 0.008052 -0.347814
-0.480314 -0.347814 0.041178 -0.347814
-0.447189 -0.347814 0.074303 -0.347814
-0.414064 -0.347814 0.107428 -0.347814
-0.380939 -0.347814 0.140553 -0.347814
-0.347814 -0.347814 0.173678 -0.347814
-0.314689 -0.347814 0.206803 -0.347814
-0.281563 -0.347814 0.239928 -0.347814
-0.248438 -0.347814 0.273053 -0.347814
-0.215313 -0.347814 0.306178 -0.347814
-0.182188 -0.347814 0.339304 -0.347814
-0.149063 -0.347814 0.372429 -0.347814
-0.115938 -0.347814 0.405554 -0.347814
-0.082813 -0.347814 0.438679 -0.347814
-0.049688 -0.347814 0.471804 -0.347814
-0.016563 -0.347814 0.504929 -0.347814
0.016563 -0.347814 -0.504929 -0.347814
0.049688 -0.347814 -0.471804 -0.347814
0.082813 -0.347814 -0.438679 -0.347814
0.115938 -0.347814 -0.405554 -0.347814
0.149063 -0.347814 -0.372429 -0.347814
0.182188 -0.347814 -0.339304 -0.347814
0.215313 -0.347814 -0.306178 -0.347814
0.248438 -0.347814 -0.273053 -0.347814
0.281563 -0.347814 -0.239928 -0.347814
0.314689 -0.347814 -0.206803 -0.347814
0.347814 -0.347814 -0.173678 -0.347814
0.380939 -0.347814 -0.140553 -0.347814
0.414064 -0.347814 -0.107428 -0.347814
0.447189 -0.347814 -0.074303 -0.347814
0.480314 -0.347814 -0.041178 -0.347814
0.513439 -0.347814 -0.008052 -0.347814
0.546564 -0.347814 -0.418598 -0.347814
0.579689 -0.347814 -0.399379 -0.347814
0.612814 -0.347814 -0.380161 -0.347814
0.645940 -0.347814 -0.360943 -0.347814
0.679065 -0.347814 -0.341725 -0.347814
0.712190 -0.347814 -0.322507 -0.347814
0.745315 -0.347814 -0.303288 -0.347814
0.778440 -0.347814 -0.284070 -0.347814
0.811565 -0.347814 -0.264852 -0.347814
0.844690 -0.347814 -0.245634 -0.347814
0.877815 -0.347814 -0.226416 -0.347814
0.910940 -0.347814 -0.207197 -0.347814
0.944066 -0.347814 -0.187979 -0.347814
0.977191 -0.347814 -0.168761 -0.347814
1.010316 -0.347814 -0.149543 -0.347814
1.043441 -0.347814 -0.130325 -0.347814
1.076566 -0.347814 -0.111106 -0.347814
1.109691 -0.347814 -0.091888 -0.347814
1.142816 -0.347814 -0.072670 -0.347814
1.175941 -0.347814 -0.053452 -0.347814
1.209066 -0.347814 -0.034234 -0.347814
1.242191 -0.347814 -0.015016 -0.347814
1.275317 -0.347814 0.004203 -0.347814
1.308442 -0.347814 0.023421 -0.347814
1.341567 -0.347814 0.042639 -0.347814
1.374692 -0.347814 0.061857 -0.347814
1.407817 -0.347814 1.407817 -0.347814
1.440942 -0.347814 1.440942 -0.347814
1.474067 -0.347814 1.474067 -0.347814
1.507192 -0.347814 1.507192 -0.347814
1.540317 -0.347814 1.540317 -0.347814
1.573443 -0.347814 1.573443 -0.347814
1.606568 -0.347814 1.606568 -0.347814
1.639693 -0.347814 1.639693 -0.347814
1.672818 -0.347814 1.672818 -0.347814
1.705943 -0.347814 1.705943 -0.347814
1.739068 -0.347814 1.739068 -0.347814
1.772193 -0.347814 1.772193 -0.347814
1.805318 -0.347814 1.805318 -0.347814
1.838443 -0.347814 1.838443 -0.347814
1.871568 -0.347814 1.871568 -0.347814
1.904694 -0.347814 1.904694 -0.347814
1.937819 -0.347814 1.937819 -0.347814
1.970944 -0.347814 1.970944 -0.347814
2.004069 -0.347814 2.004069 -0.347814
2.037194 -0.347814 2.037194 -0.347814
2.070319 -0.347814 2.070319 -0.347814
2.103444 -0.347814 2.103444 -0.347814
-2.103444 -0.314689 -2.103444 -0.314689
-2.070319 -0.314689 -2.070319 -0.314689
-2.037194 -0.314689 -2.037194 -0.314689
-2.004069 -0.314689 -2.004069 -0.314689
-1.970944 -0.314689 -1.970944 -0.314689
-1.937819 -0.314689 -1.937819 -0.314689
-1.904694 -0.314689 -1.904694 -0.314689
-1.871568 -0.314689 -1.871568 -0.314689
-1.838443 -0.314689 -1.838443 -0.314689
-1.805318 -0.314689 -1.805318 -0.314689
-1.772193 -0.314689 -1.772193 -0.314689
-1.739068 -0.314689 -1.739068 -0.314689
-1.705943 -0.314689 -1.705943 -0.314689
-1.672818 -0.314689 -1.672818 -0.314689
-1.639693 -0.314689 -1.639693 -0.314689
-1.606568 -0.314689 -1.606568 -0.314689
-1.573443 -0.314689 -1.573443 -0.314689
-1.540317 -0.314689 -1.540317 -0.314689
-1.507192 -0.314689 -1.507192 -0.314689
-1.474067 -0.314689 -1.474067 -0.314689
-1.440942 -0.314689 -1.440942 -0.314689
-1.407817 -0.314689 -0.081076 -0.314689
-1.374692 -0.314689 -0.061857 -0.314689
-1.341567 -0.314689 -0.042639 -0.314689
-1.308442 -0.314689 -0.023421 -0.314689
-1.275317 -0.314689 -0.004203 -0.314689
-1.242191 -0.314689 0.015016 -0.314689
-1.209066 -0.314689 0.034234 -0.314689
-1.175941 -0.314689 0.053452 -0.314689
-1.142816 -0.314689 0.072670 -0.314689
-1.109691 -0.314689 0.091888 -0.314689
-1.076566 -0.314689 0.111106 -0.314689
-1.043441 -0.314689 0.130325 -0.314689
-1.010316 -0.314689 0.149543 -0.314689
-0.977191 -0.314689 0.168761 -0.314689
-0.944066 -0.314689 0.187979 -0.314689
-0.910940 -0.314689 0.207197 -0.314689
-0.877815 -0.314689 0.226416 -0.314689
-0.844690 -0.314689 0.245634 -0.314689
-0.811565 -0.314689 0.264852 -0.314689
-0.778440 -0.314689 0.284070 -0.314689
-0.745315 -0.314689 0.303288 -0.314689
-0.712190 -0.314689 0.322507 -0.314689
-0.679065 -0.314689 0.341725 -0.314689
-0.645940 -0.314689 0.360943 -0.314689
-0.612814 -0.314689 0.380161 -0.314689
-0.579689 -0.314689 0.399379 -0.314689
-0.546564 -0.314689 0.418598 -0.314689
-0.513439 -0.314689 0.008052 -0.314689
-0.480314 -0.314689 0.041178 -0.314689
-0.447189 -0.314689 0.074303 -0.314689
-0.414064 -0.314689 0.107428 -0.314689
-0.380939 -0.314689 0.140553 -0.314689
-0.347814 -0.314689 0.173678 -0.314689
-0.314689 -0.314689 0.206803 -0.314689
-0.281563 -0.314689 0.239928 -0.314689
-0.248438 -0.314689 0.273053 -0.314689
-0.215313 -0.314689 0.306178 -0.314689
-0.182188 -0.314689 0.339304 -0.314689
-0.149063 -0.314689 0.372429 -0.314689
-0.115938 -0.314689 0.405554 -0.314689
-0.082813 -0.314689 0.438679 -0.314689
-0.049688 -0.314689 0.471804 -0.314689
-0.016563 -0.314689 0.504929 -0.314689
0.016563 -0.314689 -0.504929 -0.314689
0.049688 -0.314689 -0.471804 -0.314689
0.082813 -0.314689 -0.438679 -0.314689
0.115938 -0.314689 -0.405554 -0.314689
0.149063 -0.314689 -0.372429 -0.314689
0.182188 -0.314689 -0.339304 -0.314689
0.215313 -0.314689 -0.306178 -0.314689
0.248438 -0.314689 -0.273053 -0.314689
0.281563 -0.314689 -0.239928 -0.314689
0.314689 -0.314689 -0.206803 -0.314689
0.347814 -0.314689 -0.173678 -0.314689
0.380939 -0.314689 -0.140553 -0.314689
0.414064 -0.314689 -0.107428 -0.314689
0.447189 -0.314689 -0.074303 -0.314689
0.480314 -0.314689 -0.041178 -0.314689
0.513439 -0.314689 -0.008052 -0.314689
0.546564 -0.314689 -0.418598 -0.314689
0.579689 -0.314689 -0.399379 -0.314689
0.612814 -0.314689 -0.380161 -0.314689
0.645940 -0.314689 -0.360943 -0.314689
0.679065 -0.314689 -0.341725 -0.314689
0.712190 -0.314689 -0.322507 -0.314689
0.745315 -0.314689 -0.303288 -0.314689
0.778440 -0.314689 -0.284070 -0.314689
0.811565 -0.314689 -0.264852 -0.314689
0.844690 -0.314689 -0.245634 -0.314689
0.877815 -0.314689 -0.226416 -0.314689
0.910940 -0.314689 -0.207197 -0.314689
0.944066 -0.314689 -0.187979 -0.314689
0.977191 -0.314689 -0.168761 -0.314689
1.010316 -0.314689 -0.149543 -0.314689
1.043441 -0.314689 -0.130325 -0.314689
1.076566 -0.314689 -0.111106 -0.314689
1.109691 -0.314689 -0.091888 -0.314689
1.142816 -0.314689 -0.072670 -0.314689
1.175941 -0.314689 -0.053452 -0.314689
1.209066 -0.314689 -0.034234 -0.314689
1.242191 -0.314689 -0.015016 -0.314689
1.275317 -0.314689 0.004203 -0.314689
1.308442 -0.314689 0.023421 -0.314689
1.341567 -0.314689 0.042639 -0.314689
1.374692 -0.314689 0.061857 -0.314689
1.407817 -0.314689 0.081076 -0.314689
1.440942 -0.314689 1.440942 -0.314689
1.474067 -0.314689 1.474067 -0.314689
1.507192 -0.314689 1.507192 -0.314689
1.540317 -0.314689 1.540317 -0.314689
1.573443 -0.314689 1.573443 -0.314689
1.606568 -0.314689 1.606568 -0.314689
1.639693 -0.314689 1.639693 -0.314689
1.672818 -0.314689 1.672818 -0.314689
1.705943 -0.314689 1.705943 -0.314689
1.739068 -0.314689 1.739068 -0.314689
1.772193 -0.314689 1.772193 -0.314689
1.805318 -0.314689 1.805318 -0.314689
1.838443 -0.314689 1.838443 -0.314689
1.871568 -0.314689 1.871568 -0.314689
1.904694 -0.314689 1.904694 -0.314689
1.937819 -0.314689 1.937819 -0.314689
1.970944 -0.314689 1.970944 -0.314689
2.004069 -0.314689 2.004069 -0.314689
2.037194 -0.314689 2.037194 -0.314689
2.070319 -0.314689 2.070319 -0.314689
2.103444 -0.314689 2.103444 -0.314689
-2.103444 -0.281563 -2.103444 -0.281563
-2.070319 -0.281563 -2.070319 -0.281563
-2.037194 -0.281563 -2.037194 -0.281563
-2.004069 -0.281563 -2.004069 -0.281563
-1.970944 -0.281563 -1.970944 -0.281563
-1.937819 -0.281563 -1.937819 -0.281563
-1.904694 -0.281563 -1.904694 -0.281563
-1.871568 -0.281563 -1.871568 -0.281563
-1.838443 -0.281563 -1.838443 -0.281563
-1.805318 -0.281563 -1.805318 -0.281563
-1.772193 -0.281563 -1.772193 -0.281563
-1.739068 -0.281563 -1.739068 -0.281563
-1.705943 -0.281563 -1.705943 -0.281563
-1.672818 -0.281563 -1.672818 -0.281563
-1.639693 -0.281563 -1.639693 -0.281563
-1.606568 -0.281563 -1.606568 -0.281563
-1.573443 -0.281563 -1.573443 -0.281563
-1.540317 -0.281563 -1.540317 -0.281563
-1.507192 -0.281563 -1.507192 -0.281563
-1.474067 -0.281563 -1.474067 -0.281563
-1.440942 -0.281563 -0.100294 -0.281563
-1.407817 -0.281563 -0.081076 -0.281563
-1.374692 -0.281563 -0.061857 -0.281563
-1.341567 -0.281563 -0.042639 -0.281563
-1.308442 -0.281563 -0.023421 -0.281563
-1.275317 -0.281563 -0.004203 -0.281563
-1.242191 -0.281563 0.015016 -0.281563
-1.209066 -0.281563 0.034234 -0.281563
-1.175941 -0.281563 0.053452 -0.281563
-1.142816 -0.281563 0.072670 -0.281563
-1.109691 -0.281563 0.091888 -0.281563
-1.076566 -0.281563 0.111106 -0.281563
-1.043441 -0.281563 0.130325 -0.281563
-1.010316 -0.281563 0.149543 -0.281563
-0.977191 -0.281563 0.168761 -0.281563
-0.944066 -0.281563 0.187979 -0.281563
-0.910940 -0.281563 0.207197 -0.281563
-0.877815 -0.281563 0.226416 -0.281563
-0.844690 -0.281563 0.245634 -0.281563
-0.811565 -0.281563 0.264852 -0.281563
-0.778440 -0.281563 0.284070 -0.281563
-0.745315 -0.281563 0.303288 -0.281563
-0.712190 -0.281563 0.322507 -0.281563
-0.679065 -0.281563 0.341725 -0.281563
-0.645940 -0.281563 0.360943 -0.281563
-0.612814 -0.281563 0.380161 -0.281563
-0.579689 -0.281563 0.399379 -0.281563
-0.546564 -0.281563 0.418598 -0.281563
-0.513439 -0.281563 0.008052 -0.281563
-0.480314 -0.281563 0.041178 -0.281563
-0.447189 -0.281563 0.074303 -0.281563
-0.414064 -0.281563 0.107428 -0.281563
-0.380939 -0.281563 0.140553 -0.281563
-0.347814 -0.281563 0.173678 -0.281563
-0.314689 -0.281563 0.206803 -0.281563
-0.281563 -0.281563 0.239928 -0.281563
-0.248438 -0.281563 0.273053 -0.281563
-0.215313 -0.281563 0.306178 -0.281563
-0.182188 -0.281563 0.339304 -0.281563
-0.149063 -0.281563 0.372429 -0.281563
-0.115938 -0.281563 0.405554 -0.281563
-0.082813 -0.281563 0.438679 -0.281563
-0.049688 -0.281563 0.471804 -0.281563
-0.016563 -0.281563 0.504929 -0.281563
0.016563 -0.281563 -0.504929 -0.281563
0.049688 -0.281563 -0.471804 -0.281563
0.082813 -0.281563 -0.438679 -0.281563
0.115938 -0.281563 -0.405554 -0.281563
0.149063 -0.281563 -0.372429 -0.281563
0.182188 -0.281563 -0.339304 -0.281563
0.215313 -0.281563 -0.306178 -0.281563
0.248438 -0.281563 -0.273053 -0.281563
0.281563 -0.281563 -0.239928 -0.281563
0.314689 -0.281563 -0.206803 -0.281563
0.347814 -0.281563 -0.173678 -0.281563
0.380939 -0.281563 -0.140553 -0.281563
0.414064 -0.281563 -0.107428 -0.281563
0.447189 -0.281563 -0.074303 -0.281563
0.480314 -0.281563 -0.041178 -0.281563
0.513439 -0.281563 -0.008052 -0.281563
0.546564 -0.281563 -0.418598 -0.281563
0.579689 -0.281563 -0.399379 -0.281563
0.612814 -0.281563 -0.380161 -0.281563
0.645940 -0.281563 -0.360943 -0.281563
0.679065 -0.281563 -0.341725 -0.281563
0.712190 -0.281563 -0.322507 -0.281563
0.745315 -0.281563 -0.303288 -0.281563
0.778440 -0.281563 -0.284070 -0.281563
0.811565 -0.281563 -0.264852 -0.281563
0.844690 -0.281563 -0.245634 -0.281563
0.877815 -0.281563 -0.226416 -0.281563
0.910940 -0.281563 -0.207197 -0.281563
0.944066 -0.281563 -0.187979 -0.281563
0.977191 -0.281563 -0.168761 -0.281563
1.010316 -0.281563 -0.149543 -0.281563
1.043441 -0.281563 -0.130325 -0.281563
1.076566 -0.281563 -0.111106 -0.281563
1.109691 -0.281563 -0.091888 -0.281563
1.142816 -0.281563 -0.072670 -0.281563
1.175941 -0.281563 -0.053452 -0.281563
1.209066 -0.281563 -0.034234 -0.281563
1.242191 -0.281563 -0.015016 -0.281563
1.275317 -0.281563 0.004203 -0.281563
1.308442 -0.281563 0.023421 -0.281563
1.341567 -0.281563 0.042639 -0.281563
1.374692 -0.281563 0.061857 -0.281563
1.407817 -0.281563 0.081076 -0.281563
1.440942 -0.281563 0.100294 -0.281563
1.474067 -0.281563 1.474067 -0.281563
1.507192 -0.281563 1.507192 -0.281563
1.540317 -0.281563 1.540317 -0.281563
1.573443 -0.281563 1.573443 -0.281563
1.606568 -0.281563 1.606568 -0.281563
1.639693 -0.281563 1.639693 -0.281563
1.672818 -0.281563 1.672818 -0.281563
1.705943 -0.281563 1.705943 -0.281563
1.739068 -0.281563 1.739068 -0.281563
1.772193 -0.281563 1.772193 -0.281563
1.805318 -0.281563 1.805318 -0.281563
1.838443 -0.281563 1.838443 -0.281563
1.871568 -0.281563 1.871568 -0.281563
1.904694 -0.281563 1.904694 -0.281563
1.937819 -0.281563 1.937819 -0.281563
1.970944 -0.281563 1.970944 -0.281563
2.004069 -0.281563 2.004069 -0.281563
2.037194 -0.281563 2.037194 -0.281563
2.070319 -0.281563 2.070319 -0.281563
2.103444 -0.281563 2.103444 -0.281563
-2.103444 -0.248438 -2.103444 -0.248438
-2.070319 -0.248438 -2.070319 -0.248438
-2.037194 -0.248438 -2.037194 -0.248438
-2.004069 -0.248438 -2.004069 -0.248438
-1.970944 -0.248438 -1.970944 -0.248438
-1.937819 -0.248438 -1.937819 -0.248438
-1.904694 -0.248438 -1.904694 -0.248438
-1.871568 -0.248438 -1.871568 -0.248438
-1.838443 -0.248438 -1.838443 -0.248438
-1.805318 -0.248438 -1.805318 -0.248438
-1.772193 -0.248438 -1.772193 -0.248438
-1.739068 -0.248438 -1.739068 -0.248438
-1.705943 -0.248438 -1.705943 -0.248438
-1.672818 -0.248438 -1.672818 -0.248438
-1.639693 -0.248438 -1.639693 -0.248438
-1.606568 -0.248438 -1.606568 -0.248438
-1.573443 -0.248438 -1.573443 -0.248438
-1.540317 -0.248438 -1.540317 -0.248438
-1.507192 -0.248438 -1.507192 -0.248438
-1.474067 -0.248438 -1.474067 -0.248438
-1.440942 -0.248438 -0.100294 -0.248438
-1.407817 -0.248438 -0.081076 -0.248438
-1.374692 -0.248438 -0.061857 -0.248438
-1.341567 -0.248438 -0.042639 -0.248438
-1.308442 -0.248438 -0.023421 -0.248438
-1.275317 -0.248438 -0.004203 -0.248438
-1.242191 -0.248438 0.015016 -0.248438
-1.209066 -0.248438 0.034234 -0.248438
-1.175941 -0.248438 0.053452 -0.248438
-1.142816 -0.248438 0.072670 -0.248438
-1.109691 -0.248438 0.091888 -0.248438
-1.076566 -0.248438 0.111106 -0.248438
-1.043441 -0.248438 0.130325 -0.248438
-1.010316 -0.248438 0.149543 -0.248438
-0.977191 -0.248438 0.168761 -0.248438
-0.944066 -0.248438 0.187979 -0.248438
-0.910940 -0.248438 0.207197 -0.248438
-0.877815 -0.248438 0.226416 -0.248438
-0.844690 -0.248438 0.245634 -0.248438
-0.811565 -0.248438 0.264852 -0.248438
-0.778440 -0.248438 0.284070 -0.248438
-0.745315 -0.248438 0.303288 -0.248438
-0.712190 -0.248438 0.322507 -0.248438
-0.679065 -0.248438 0.341725 -0.248438
-0.645940 -0.248438 0.360943 -0.248438
-0.612814 -0.248438 0.380161 -0.248438
-0.579689 -0.248438 0.399379 -0.248438
-0.546564 -0.248438 0.418598 -0.248438
-0.513439 -0.248438 0.008052 -0.248438
-0.480314 -0.248438 0.041178 -0.248438
-0.447189 -0.248438 0.074303 -0.248438
-0.414064 -0.248438 0.107428 -0.248438
-0.380939 -0.248438 0.140553 -0.248438
-0.347814 -0.248438 0.173678 -0.248438
-0.314689 -0.248438 0.206803 -0.248438
-0.281563 -0.248438 0.239928 -0.248438
-0.248438 -0.248438 0.273053 -0.248438
-0.215313 -0.248438 0.306178 -0.248438
-0.182188 -0.248438 0.339304 -0.248438
-0.149063 -0.248438 0.372429 -0.248438
-0.115938 -0.248438 0.405554 -0.248438
-0.082813 -0.248438 0.438679 -0.248438
-0.049688 -0.248438 0.471804 -0.248438
-0.016563 -0.248438 0.504929 -0.248438
0.016563 -0.248438 -0.504929 -0.248438
0.049688 -0.248438 -0.471804 -0.248438
0.082813 -0.248438 -0.438679 -0.248438
0.115938 -0.248438 -0.405554 -0.248438
0.149063 -0.248438 -0.372429 -0.248438
0.182188 -0.248438 -0.339304 -0.248438
0.215313 -0.248438 -0.306178 -0.248438
0.248438 -0.248438 -0.273053 -0.248438
0.281563 -0.248438 -0.239928 -0.248438
0.314689 -0.248438 -0.206803 -0.248438
0.347814 -0.248438 -0.173678 -0.248438
0.380939 -0.248438 -0.140553 -0.248438
0.414064 -0.248438 -0.107428 -0.248438
0.447189 -0.248438 -0.074303 -0.248438
0.480314 -0.248438 -0.041178 -0.248438
0.513439 -0.248438 -0.008052 -0.248438
0.546564 -0.248438 -0.418598 -0.248438
0.579689 -0.248438 -0.399379 -0.248438
0.612814 -0.248438 -0.380161 -0.248438
0.645940 -0.248438 -0.360943 -0.248438
0.679065 -0.248438 -0.341725 -0.248438
0.712190 -0.248438 -0.322507 -0.248438
0.745315 -0.248438 -0.303288 -0.248438
0.778440 -0.248438 -0.284070 -0.248438
0.811565 -0.248438 -0.264852 -0.248438
0.844690 -0.248438 -0.245634 -0.248438
0.877815 -0.248438 -0.226416 -0.248438
0.910940 -0.248438 -0.207197 -0.248438
0.944066 -0.248438 -0.187979 -0.248438
0.977191 -0.248438 -0.168761 -0.248438
1.010316 -0.248438 -0.149543 -0.248438
1.043441 -0.248438 -0.130325 -0.248438
1.076566 -0.248438 -0.111106 -0.248438
1.109691 -0.248438 -0.091888 -0.248438
1.142816 -0.248438 -0.072670 -0.248438
1.175941 -0.248438 -0.053452 -0.248438
1.209066 -0.248438 -0.034234 -0.248438
1.242191 -0.248438 -0.015016 -0.248438
1.275317 -0.248438 0.004203 -0.248438
1.308442 -0.248438 0.023421 -0.248438
1.341567 -0.248438 0.042639 -0.248438
1.374692 -0.248438 0.061857 -0.248438
1.407817 -0.248438 0.081076 -0.248438
1.440942 -0.248438 0.100294 -0.248438
1.474067 -0.248438 1.474067 -0.248438
1.507192 -0.248438 1.507192 -0.248438
1.540317 -0.248438 1.540317 -0.248438
1.573443 -0.248438 1.573443 -0.248438
1.606568 -0.248438 1.606568 -0.248438
1.639693 -0.248438 1.639693 -0.248438
1.672818 -0.248438 1.672818 -0.248438
1.705943 -0.248438 1.705943 -0.248438
1.739068 -0.248438 1.739068 -0.248438
1.772193 -0.248438 1.772193 -0.248438
1.805318 -0.248438 1.805318 -0.248438
1.838443 -0.248438 1.838443 -0.248438
1.871568 -0.248438 1.871568 -0.248438
1.904694 -0.248438 1.904694 -0.248438
1.937819 -0.248438 1.937819 -0.248438
1.970944 -0.248438 1.970944 -0.248438
2.004069 -0.248438 2.004069 -0.248438
2.037194 -0.248438 2.037194 -0.248438
2.070319 -0.248438 2.070319 -0.248438
2.103444 -0.248438 2.103444 -0.248438
-2.103444 -0.215313 -2.103444 -0.215313
-2.070319 -0.215313 -2.070319 -0.215313
-2.037194 -0.215313 -2.037194 -0.215313
-2.004069 -0.215313 -2.004069 -0.215313
-1.970944 -0.215313 -1.970944 -0.215313
-1.937819 -0.215313 -1.937819 -0.215313
-1.904694 -0.215313 -1.904694 -0.215313
-1.871568 -0.215313 -1.871568 -0.215313
-1.838443 -0.215313 -1.838443 -0.215313
-1.805318 -0.215313 -1.805318 -0.215313
-1.772193 -0.215313 -1.772193 -0.215313
-1.739068 -0.215313 -1.739068 -0.215313
-1.705943 -0.215313 -1.705943 -0.215313
-1.672818 -0.215313 -1.672818 -0.215313
-1.639693 -0.215313 -1.639693 -0.215313
-1.606568 -0.215313 -1.606568 -0.215313
-1.573443 -0.215313 -1.573443 -0.215313
-1.540317 -0.215313 -1.540317 -0.215313
-1.507192 -0.215313 -1.507192 -0.215313
-1.474067 -0.215313 -0.119512 -0.215313
-1.440942 -0.215313 -0.100294 -0.215313
-1.407817 -0.215313 -0.081076 -0.215313
-1.374692 -0.215313 -0.061857 -0.215313
-1.341567 -0.215313 -0.042639 -0.215313
-1.308442 -0.215313 -0.023421 -0.215313
-1.275317 -0.215313 -0.004203 -0.215313
-1.242191 -0.215313 0.015016 -0.215313
-1.209066 -0.215313 0.034234 -0.215313
-1.175941 -0.215313 0.053452 -0.215313
-1.142816 -0.215313 0.072670 -0.215313
-1.109691 -0.215313 0.091888 -0.215313
-1.076566 -0.215313 0.111106 -0.215313
-1.043441 -0.215313 0.130325 -0.215313
-1.010316 -0.215313 0.149543 -0.215313
-0.977191 -0.215313 0.168761 -0.215313
-0.944066 -0.215313 0.187979 -0.215313
-0.910940 -0.215313 0.207197 -0.215313
-0.877815 -0.215313 0.226416 -0.215313
-0.844690 -0.215313 0.245634 -0.215313
-0.811565 -0.215313 0.264852 -0.215313
-0.778440 -0.215313 0.284070 -0.215313
-0.745315 -0.215313 0.303288 -0.215313
-0.712190 -0.215313 0.322507 -0.215313
-0.679065 -0.215313 0.341725 -0.215313
-0.645940 -0.215313 0.360943 -0.215313
-0.612814 -0.215313 0.380161 -0.215313
-0.579689 -0.215313 0.399379 -0.215313
-0.546564 -0.215313 0.418598 -0.215313
-0.513439 -0.215313 0.008052 -0.215313
-0.480314 -0.215313 0.041178 -0.215313
-0.447189 -0.215313 0.074303 -0.215313
-0.414064 -0.215313 0.107428 -0.215313
-0.380939 -0.215313 0.140553 -0.215313
-0.347814 -0.215313 0.173678 -0.215313
-0.314689 -0.215313 0.206803 -0.215313
-0.281563 -0.215313 0.239928 -0.215313
-0.248438 -0.215313 0.273053 -0.215313
-0.215313 -0.215313 0.306178 -0.215313
-0.182188 -0.215313 0.339304 -0.215313
-0.149063 -0.215313 0.372429 -0.215313
-0.115938 -0.215313 0.405554 -0.215313
-0.082813 -0.215313 0.438679 -0.215313
-0.049688 -0.215313 0.471804 -0.215313
-0.016563 -0.215313 0.504929 -0.215313
0.016563 -0.215313 -0.504929 -0.215313
0.049688 -0.215313 -0.471804 -0.215313
0.082813 -0.215313 -0.438679 -0.215313
0.115938 -0.215313 -0.405554 -0.215313
0.149063 -0.215313 -0.372429 -0.215313
0.182188 -0.215313 -0.339304 -0.215313
0.215313 -0.215313 -0.306178 -0.215313
0.248438 -0.215313 -0.273053 -0.215313
0.281563 -0.215313 -0.239928 -0.215313
0.314689 -0.215313 -0.206803 -0.215313
0.347814 -0.215313 -0.173678 -0.215313
0.380939 -0.215313 -0.140553 -0.215313
0.414064 -0.215313 -0.107428 -0.215313
0.447189 -0.215313 -0.074303 -0.215313
0.480314 -0.215313 -0.041178 -0.215313
0.513439 -0.215313 -0.008052 -0.215313
0.546564 -0.215313 -0.418598 -0.215313
0.579689 -0.215313 -0.399379 -0.215313
0.612814 -0.215313 -0.380161 -0.215313
0.645940 -0.215313 -0.360943 -0.215313
0.679065 -0.215313 -0.341725 -0.215313
0.712190 -0.215313 -0.322507 -0.215313
0.745315 -0.215313 -0.303288 -0.215313
0.778440 -0.215313 -0.284070 -0.215313
0.811565 -0.215313 -0.264852 -0.215313
0.844690 -0.215313 -0.245634 -0.215313
0.877815 -0.215313 -0.226416 -0.215313
0.910940 -0.215313 -0.207197 -0.215313
0.944066 -0.215313 -0.187979 -0.215313
0.977191 -0.215313 -0.168761 -0.215313
1.010316 -0.215313 -0.149543 -0.215313
1.043441 -0.215313 -0.130325 -0.215313
1.076566 -0.215313 -0.111106 -0.215313
1.109691 -0.215313 -0.091888 -0.215313
1.142816 -0.215313 -0.072670 -0.215313
1.175941 -0.215313 -0.053452 -0.215313
1.209066 -0.215313 -0.034234 -0.215313
1.242191 -0.215313 -0.015016 -0.215313
1.275317 -0.215313 0.004203 -0.215313
1.308442 -0.215313 0.023421 -0.215313
1.341567 -0.215313 0.042639 -0.215313
1.374692 -0.215313 0.061857 -0.215313
1.407817 -0.215313 0.081076 -0.215313
1.440942 -0.215313 0.100294 -0.215313
1.474067 -0.215313 0.119512 -0.215313
1.507192 -0.215313 1.507192 -0.215313
1.540317 -0.215313 1.540317 -0.215313
1.573443 -0.215313 1.573443 -0.215313
1.606568 -0.215313 1.606568 -0.215313
1.639693 -0.215313 1.639693 -0.215313
1.672818 -0.215313 1.672818 -0.215313
1.705943 -0.215313 1.705943 -0.215313
1.739068 -0.215313 1.739068 -0.215313
1.772193 -0.215313 1.772193 -0.215313
1.805318 -0.215313 1.805318 -0.215313
1.838443 -0.215313 1.838443 -0.215313
1.871568 -0.215313 1.871568 -0.215313
1.904694 -0.215313 1.904694 -0.215313
1.937819 -0.215313 1.937819 -0.215313
1.970944 -0.215313 1.970944 -0.215313
2.004069 -0.215313 2.004069 -0.215313
2.037194 -0.215313 2.037194 -0.215313
2.070319 -0.215313 2.070319 -0.215313
2.103444 -0.215313 2.103444 -0.215313
-2.103444 -0.182188 -2.103444 -0.182188
-2.070319 -0.182188 -2.070319 -0.182188
-2.037194 -0.182188 -2.037194 -0.182188
-2.004069 -0.182188 -2.004069 -0.182188
-1.970944 -0.182188 -1.970944 -0.182188
-1.937819 -0.182188 -1.937819 -0.182188
-1.904694 -0.182188 -1.904694 -0.182188
-1.871568 -0.182188 -1.871568 -0.182188
-1.838443 -0.182188 -1.838443 -0.182188
-1.805318 -0.182188 -1.805318 -0.182188
-1.772193 -0.182188 -1.772193 -0.182188
-1.739068 -0.182188 -1.739068 -0.182188
-1.705943 -0.182188 -1.705943 -0.182188
-1.672818 -0.182188 -1.672818 -0.182188
-1.639693 -0.182188 -1.639693 -0.182188
-1.606568 -0.182188 -1.606568 -0.182188
-1.573443 -0.182188 -1.573443 -0.182188
-1.540317 -0.182188 -1.540317 -0.182188
-1.507192 -0.182188 -1.507192 -0.182188
-1.474067 -0.182188 -0.119512 -0.182188
-1.440942 -0.182188 -0.100294 -0.182188
-1.407817 -0.182188 -0.081076 -0.182188
-1.374692 -0.182188 -0.061857 -0.182188
-1.341567 -0.182188 -0.042639 -0.182188
-1.308442 -0.182188 -0.023421 -0.182188
-1.275317 -0.182188 -0.004203 -0.182188
-1.242191 -0.182188 0.015016 -0.182188
-1.209066 -0.182188 0.034234 -0.182188
-1.175941 -0.182188 0.053452 -0.182188
-1.142816 -0.182188 0.072670 -0.182188
-1.109691 -0.182188 0.091888 -0.182188
-1.076566 -0.182188 0.111106 -0.182188
-1.043441 -0.182188 0.130325 -0.182188
-1.010316 -0.182188 0.149543 -0.182188
-0.977191 -0.182188 0.168761 -0.182188
-0.944066 -0.182188 0.187979 -0.182188
-0.910940 -0.182188 0.207197 -0.182188
-0.877815 -0.182188 0.226416 -0.182188
-0.844690 -0.182188 0.245634 -0.182188
-0.811565 -0.182188 0.264852 -0.182188
-0.778440 -0.182188 0.284070 -0.182188
-0.745315 -0.182188 0.303288 -0.182188
-0.712190 -0.182188 0.322507 -0.182188
-0.679065 -0.182188 0.341725 -0.182188
-0.645940 -0.182188 0.360943 -0.182188
-0.612814 -0.182188 0.380161 -0.182188
-0.579689 -0.182188 0.399379 -0.182188
-0.546564 -0.182188 0.418598 -0.182188
-0.513439 -0.182188 0.008052 -0.182188
-0.480314 -0.182188 0.041178 -0.182188
-0.447189 -0.182188 0.074303 -0.182188
-0.414064 -0.182188 0.107428 -0.182188
-0.380939 -0.182188 0.140553 -0.182188
-0.347814 -0.182188 0.173678 -0.182188
-0.314689 -0.182188 0.206803 -0.182188
-0.281563 -0.182188 0.239928 -0.182188
-0.248438 -0.182188 0.273053 -0.182188
-0.215313 -0.182188 0.306178 -0.182188
-0.182188 -0.182188 0.339304 -0.182188
-0.149063 -0.182188 0.372429 -0.182188
-0.115938 -0.182188 0.405554 -0.182188
-0.082813 -0.182188 0.438679 -0.182188
-0.049688 -0.182188 0.471804 -0.182188
-0.016563 -0.182188 0.504929 -0.182188
0.016563 -0.182188 -0.504929 -0.182188
0.049688 -0.182188 -0.471804 -0.182188
0.082813 -0.182188 -0.438679 -0.182188
0.115938 -0.182188 -0.405554 -0.182188
0.149063 -0.182188 -0.372429 -0.182188
0.182188 -0.182188 -0.339304 -0.182188
0.215313 -0.182188 -0.306178 -0.182188
0.248438 -0.182188 -0.273053 -0.182188
0.281563 -0.182188 -0.239928 -0.182188
0.314689 -0.182188 -0.206803 -0.182188
0.347814 -0.182188 -0.173678 -0.182188
0.380939 -0.182188 -0.140553 -0.182188
0.414064 -0.182188 -0.107428 -0.182188
0.447189 -0.182188 -0.074303 -0.182188
0.480314 -0.182188 -0.041178 -0.182188
0.513439 -0.182188 -0.008052 -0.182188
0.546564 -0.182188 -0.418598 -0.182188
0.579689 -0.182188 -0.399379 -0.182188
0.612814 -0.182188 -0.380161 -0.182188
0.645940 -0.182188 -0.360943 -0.182188
0.679065 -0.182188 -0.341725 -0.182188
0.712190 -0.182188 -0.322507 -0.182188
0.745315 -0.182188 -0.303288 -0.182188
0.778440 -0.182188 -0.284070 -0.182188
0.811565 -0.182188 -0.264852 -0.182188
0.844690 -0.182188 -0.245634 -0.182188
0.877815 -0.182188 -0.226416 -0.182188
0.910940 -0.182188 -0.207197 -0.182188
0.944066 -0.182188 -0.187979 -0.182188
0.977191 -0.182188 -0.168761 -0.182188
1.010316 -0.182188 -0.149543 -0.182188
1.043441 -0.182188 -0.130325 -0.182188
1.076566 -0.182188 -0.111106 -0.182188
1.109691 -0.182188 -0.091888 -0.182188
1.142816 -0.182188 -0.072670 -0.182188
1.175941 -0.182188 -0.053452 -0.182188
1.209066 -0.182188 -0.034234 -0.182188
1.242191 -0.182188 -0.015016 -0.182188
1.275317 -0.182188 0.004203 -0.182188
1.308442 -0.182188 0.023421 -0.182188
1.341567 -0.182188 0.042639 -0.182188
1.374692 -0.182188 0.061857 -0.182188
1.407817 -0.182188 0.081076 -0.182188
1.440942 -0.182188 0.100294 -0.182188
1.474067 -0.182188 0.119512 -0.182188
1.507192 -0.182188 1.507192 -0.182188
1.540317 -0.182188 1.540317 -0.182188
1.573443 -0.182188 1.573443 -0.182188
1.606568 -0.182188 1.606568 -0.182188
1.639693 -0.182188 1.639693 -0.182188
1.672818 -0.182188 1.672818 -0.182188
1.705943 -0.182188 1.705943 -0.182188
1.739068 -0.182188 1.739068 -0.182188
1.772193 -0.182188 1.772193 -0.182188
1.805318 -0.182188 1.805318 -0.182188
1.838443 -0.182188 1.838443 -0.182188
1.871568 -0.182188 1.871568 -0.182188
1.904694 -0.182188 1.904694 -0.182188
1.937819 -0.182188 1.937819 -0.182188
1.970944 -0.182188 1.970944 -0.182188
2.004069 -0.182188 2.004069 -0.182188
2.037194 -0.182188 2.037194 -0.182188
2.070319 -0.182188 2.070319 -0.182188
2.103444 -0.182188 2.103444 -0.182188
-2.103444 -0.149063 -2.103444 -0.149063
-2.070319 -0.149063 -2.070319 -0.149063
-2.037194 -0.149063 -2.037194 -0.149063
-2.004069 -0.149063 -2.004069 -0.149063
-1.970944 -0.149063 -1.970944 -0.149063
-1.937819 -0.149063 -1.937819 -0.149063
-1.904694 -0.149063 -1.904694 -0.149063
-1.871568 -0.149063 -1.871568 -0.149063
-1.838443 -0.149063 -1.838443 -0.149063
-1.805318 -0.149063 -1.805318 -0.149063
-1.772193 -0.149063 -1.772193 -0.149063
-1.739068 -0.149063 -1.739068 -0.149063
-1.705943 -0.149063 -1.705943 -0.149063
-1.672818 -0.149063 -1.672818 -0.149063
-1.639693 -0.149063 -1.639693 -0.149063
-1.606568 -0.149063 -1.606568 -0.149063
-1.573443 -0.149063 -1.573443 -0.149063
-1.540317 -0.149063 -1.540317 -0.149063
-1.507192 -0.149063 -0.138730 -0.149063
-1.474067 -0.149063 -0.119512 -0.149063
-1.440942 -0.149063 -0.100294 -0.149063
-1.407817 -0.149063 -0.081076 -0.149063
-1.374692 -0.149063 -0.061857 -0.149063
-1.341567 -0.149063 -0.042639 -0.149063
-1.308442 -0.149063 -0.023421 -0.149063
-1.275317 -0.149063 -0.004203 -0.149063
-1.242191 -0.149063 0.015016 -0.149063
-1.209066 -0.149063 0.034234 -0.149063
-1.175941 -0.149063 0.053452 -0.149063
-1.142816 -0.149063 0.072670 -0.149063
-1.109691 -0.149063 0.091888 -0.149063
-1.076566 -0.149063 0.111106 -0.149063
-1.043441 -0.149063 0.130325 -0.149063
-1.010316 -0.149063 0.149543 -0.149063
-0.977191 -0.149063 0.168761 -0.149063
-0.944066 -0.149063 0.187979 -0.149063
-0.910940 -0.149063 0.207197 -0.149063
-0.877815 -0.149063 0.226416 -0.149063
-0.844690 -0.149063 0.245634 -0.149063
-0.811565 -0.149063 0.264852 -0.149063
-0.778440 -0.149063 0.284070 -0.149063
-0.745315 -0.149063 0.303288 -0.149063
-0.712190 -0.149063 0.322507 -0.149063
-0.679065 -0.149063 0.341725 -0.149063
-0.645940 -0.149063 0.360943 -0.149063
-0.612814 -0.149063 0.380161 -0.149063
-0.579689 -0.149063 0.399379 -0.149063
-0.546564 -0.149063 0.418598 -0.149063
-0.513439 -0.149063 0.008052 -0.149063
-0.480314 -0.149063 0.041178 -0.149063
-0.447189 -0.149063 0.074303 -0.149063
-0.414064 -0.149063 0.107428 -0.149063
-0.380939 -0.149063 0.140553 -0.149063
-0.347814 -0.149063 0.173678 -0.149063
-0.314689 -0.149063 0.206803 -0.149063
-0.281563 -0.149063 0.239928 -0.149063
-0.248438 -0.149063 0.273053 -0.149063
-0.215313 -0.149063 0.306178 -0.149063
-0.182188 -0.149063 0.339304 -0.149063
-0.149063 -0.149063 0.372429 -0.149063
-0.115938 -0.149063 0.405554 -0.149063
-0.082813 -0.149063 0.438679 -0.149063
-0.049688 -0.149063 0.471804 -0.149063
-0.016563 -0.149063 0.504929 -0.149063
0.016563 -0.149063 -0.504929 -0.149063
0.049688 -0.149063 -0.471804 -0.149063
0.082813 -0.149063 -0.438679 -0.149063
0.115938 -0.149063 -0.405554 -0.149063
0.149063 -0.149063 -0.372429 -0.149063
0.182188 -0.149063 -0.339304 -0.149063
0.215313 -0.149063 -0.306178 -0.149063
0.248438 -0.149063 -0.273053 -0.149063
0.281563 -0.149063 -0.239928 -0.149063
0.314689 -0.149063 -0.206803 -0.149063
0.347814 -0.149063 -0.173678 -0.149063
0.380939 -0.149063 -0.140553 -0.149063
0.414064 -0.149063 -0.107428 -0.149063
0.447189 -0.149063 -0.074303 -0.149063
0.480314 -0.149063 -0.041178 -0.149063
0.513439 -0.149063 -0.008052 -0.149063
0.546564 -0.149063 -0.418598 -0.149063
0.579689 -0.149063 -0.399379 -0.149063
0.612814 -0.149063 -0.380161 -0.149063
0.645940 -0.149063 -0.360943 -0.149063
0.679065 -0.149063 -0.341725 -0.149063
0.712190 -0.149063 -0.322507 -0.149063
0.745315 -0.149063 -0.303288 -0.149063
0.778440 -0.149063 -0.284070 -0.149063
0.811565 -0.149063 -0.264852 -0.149063
0.844690 -0.149063 -0.245634 -0.149063
0.877815 -0.149063 -0.226416 -0.149063
0.910940 -0.149063 -0.207197 -0.149063
0.944066 -0.149063 -0.187979 -0.149063
0.977191 -0.149063 -0.168761 -0.149063
1.010316 -0.149063 -0.149543 -0.149063
1.043441 -0.149063 -0.130325 -0.149063
1.076566 -0.149063 -0.111106 -0.149063
1.109691 -0.149063 -0.091888 -0.149063
1.142816 -0.149063 -0.072670 -0.149063
1.175941 -0.149063 -0.053452 -0.149063
1.209066 -0.149063 -0.034234 -0.149063
1.242191 -0.149063 -0.015016 -0.149063
1.275317 -0.149063 0.004203 -0.149063
1.308442 -0.149063 0.023421 -0.149063
1.341567 -0.149063 0.042639 -0.149063
1.374692 -0.149063 0.061857 -0.149063
1.407817 -0.149063 0.081076 -0.149063
1.440942 -0.149063 0.100294 -0.149063
1.474067 -0.149063 0.119512 -0.149063
1.507192 -0.149063 0.138730 -0.149063
1.540317 -0.149063 1.540317 -0.149063
1.573443 -0.149063 1.573443 -0.149063
1.606568 -0.149063 1.606568 -0.149063
1.639693 -0.149063 1.639693 -0.149063
1.672818 -0.149063 1.672818 -0.149063
1.705943 -0.149063 1.705943 -0.149063
1.739068 -0.149063 1.739068 -0.149063
1.772193 -0.149063 1.772193 -0.149063
1.805318 -0.149063 1.805318 -0.149063
1.838443 -0.149063 1.838443 -0.149063
1.871568 -0.149063 1.871568 -0.149063
1.904694 -0.149063 1.904694 -0.149063
1.937819 -0.149063 1.937819 -0.149063
1.970944 -0.149063 1.970944 -0.149063
2.004069 -0.149063 2.004069 -0.149063
2.037194 -0.149063 2.037194 -0.149063
2.070319 -0.149063 2.070319 -0.149063
2.103444 -0.149063 2.103444 -0.149063
-2.103444 -0.115938 -2.103444 -0.115938
-2.070319 -0.115938 -2.070319 -0.115938
-2.037194 -0.115938 -2.037194 -0.115938
-2.004069 -0.115938 -2.004069 -0.115938
-1.970944 -0.115938 -1.970944 -0.115938
-1.937819 -0.115938 -1.937819 -0.115938
-1.904694 -0.115938 -1.904694 -0.115938
-1.871568 -0.115938 -1.871568 -0.115938
-1.838443 -0.115938 -1.838443 -0.115938
-1.805318 -0.115938 -1.805318 -0.115938
-1.772193 -0.115938 -1.772193 -0.115938
-1.739068 -0.115938 -1.739068 -0.115938
-1.705943 -0.115938 -1.705943 -0.115938
-1.672818 -0.115938 -1.672818 -0.115938
-1.639693 -0.115938 -1.639693 -0.115938
-1.606568 -0.115938 -1.606568 -0.115938
-1.573443 -0.115938 -1.573443 -0.115938
-1.540317 -0.115938 -0.157948 -0.115938
-1.507192 -0.115938 -0.138730 -0.115938
-1.474067 -0.115938 -0.119512 -0.115938
-1.440942 -0.115938 -0.100294 -0.115938
-1.407817 -0.115938 -0.081076 -0.115938
-1.374692 -0.115938 -0.061857 -0.115938
-1.341567 -0.115938 -0.042639 -0.115938
-1.308442 -0.115938 -0.023421 -0.115938
-1.275317 -0.115938 -0.004203 -0.115938
-1.242191 -0.115938 0.015016 -0.115938
-1.209066 -0.115938 0.034234 -0.115938
-1.175941 -0.115938 0.053452 -0.115938
-1.142816 -0.115938 0.072670 -0.115938
-1.109691 -0.115938 0.091888 -0.115938
-1.076566 -0.115938 0.111106 -0.115938
-1.043441 -0.115938 0.130325 -0.115938
-1.010316 -0.115938 0.149543 -0.115938
-0.977191 -0.115938 0.168761 -0.115938
-0.944066 -0.115938 0.187979 -0.115938
-0.910940 -0.115938 0.207197 -0.115938
-0.877815 -0.115938 0.226416 -0.115938
-0.844690 -0.115938 0.245634 -0.115938
-0.811565 -0.115938 0.264852 -0.115938
-0.778440 -0.115938 0.284070 -0.115938
-0.745315 -0.115938 0.303288 -0.115938
-0.712190 -0.115938 0.322507 -0.115938
-0.679065 -0.115938 0.341725 -0.115938
-0.645940 -0.115938 0.360943 -0.115938
-0.612814 -0.115938 0.380161 -0.115938
-0.579689 -0.115938 0.399379 -0.115938
-0.546564 -0.115938 0.418598 -0.115938
-0.513439 -0.115938 0.008052 -0.115938
-0.480314 -0.115938 0.041178 -0.115938
-0.447189 -0.115938 0.074303 -0.115938
-0.414064 -0.115938 0.107428 -0.115938
-0.380939 -0.115938 0.140553 -0.115938
-0.347814 -0.115938 0.173678 -0.115938
-0.314689 -0.115938 0.206803 -0.115938
-0.281563 -0.115938 0.239928 -0.115938
-0.248438 -0.115938 0.273053 -0.115938
-0.215313 -0.115938 0.306178 -0.115938
-0.182188 -0.115938 0.339304 -0.115938
-0.149063 -0.115938 0.372429 -0.115938
-0.115938 -0.115938 0.405554 -0.115938
-0.082813 -0.115938 0.438679 -0.115938
-0.049688 -0.115938 0.471804 -0.115938
-0.016563 -0.115938 0.504929 -0.115938
0.016563 -0.115938 -0.504929 -0.115938
0.049688 -0.115938 -0.471804 -0.115938
0.082813 -0.115938 -0.438679 -0.115938
0.115938 -0.115938 -0.405554 -0.115938
0.149063 -0.115938 -0.372429 -0.115938
0.182188 -0.115938 -0.339304 -0.115938
0.215313 -0.115938 -0.306178 -0.115938
0.248438 -0.115938 -0.273053 -0.115938
0.281563 -0.115938 -0.239928 -0.115938
0.314689 -0.115938 -0.206803 -0.115938
0.347814 -0.115938 -0.173678 -0.115938
0.380939 -0.115938 -0.140553 -0.115938
0.414064 -0.115938 -0.107428 -0.115938
0.447189 -0.115938 -0.074303 -0.115938
0.480314 -0.115938 -0.041178 -0.115938
0.513439 -0.115938 -0.008052 -0.115938
0.546564 -0.115938 -0.418598 -0.115938
0.579689 -0.115938 -0.399379 -0.115938
0.612814 -0.115938 -0.380161 -0.115938
0.645940 -0.115938 -0.360943 -0.115938
0.679065 -0.115938 -0.341725 -0.115938
0.712190 -0.115938 -0.322507 -0.115938
0.745315 -0.115938 -0.303288 -0.115938
0.778440 -0.115938 -0.284070 -0.115938
0.811565 -0.115938 -0.264852 -0.115938
0.844690 -0.115938 -0.245634 -0.115938
0.877815 -0.115938 -0.226416 -0.115938
0.910940 -0.115938 -0.207197 -0.115938
0.944066 -0.115938 -0.187979 -0.115938
0.977191 -0.115938 -0.168761 -0.115938
1.010316 -0.115938 -0.149543 -0.115938
1.043441 -0.115938 -0.130325 -0.115938
1.076566 -0.115938 -0.111106 -0.115938
1.109691 -0.115938 -0.091888 -0.115938
1.142816 -0.115938 -0.072670 -0.115938
1.175941 -0.115938 -0.053452 -0.115938
1.209066 -0.115938 -0.034234 -0.115938
1.242191 -0.115938 -0.015016 -0.115938
1.275317 -0.115938 0.004203 -0.115938
1.308442 -0.115938 0.023421 -0.115938
1.341567 -0.115938 0.042639 -0.115938
1.374692 -0.115938 0.061857 -0.115938
1.407817 -0.115938 0.081076 -0.115938
1.440942 -0.115938 0.100294 -0.115938
1.474067 -0.115938 0.119512 -0.115938
1.507192 -0.115938 0.138730 -0.115938
1.540317 -0.115938 0.157948 -0.115938
1.573443 -0.115938 1.573443 -0.115938
1.606568 -0.115938 1.606568 -0.115938
1.639693 -0.115938 1.639693 -0.115938
1.672818 -0.115938 1.672818 -0.115938
1.705943 -0.115938 1.705943 -0.115938
1.739068 -0.115938 1.739068 -0.115938
1.772193 -0.115938 1.772193 -0.115938
1.805318 -0.115938 1.805318 -0.115938
1.838443 -0.115938 1.838443 -0.115938
1.871568 -0.115938 1.871568 -0.115938
1.904694 -0.115938 1.904694 -0.115938
1.937819 -0.115938 1.937819 -0.115938
1.970944 -0.115938 1.970944 -0.115938
2.004069 -0.115938 2.004069 -0.115938
2.037194 -0.115938 2.037194 -0.115938
2.070319 -0.115938 2.070319 -0.115938
2.103444 -0.115938 2.103444 -0.115938
-2.103444 -0.082813 -2.103444 -0.082813
-2.070319 -0.082813 -2.070319 -0.082813
-2.037194 -0.082813 -2.037194 -0.082813
-2.004069 -0.082813 -2.004069 -0.082813
-1.970944 -0.082813 -1.970944 -0.082813
-1.937819 -0.082813 -1.937819 -0.082813
-1.904694 -0.082813 -1.904694 -0.082813
-1.871568 -0.082813 -1.871568 -0.082813
-1.838443 -0.082813 -1.838443 -0.082813
-1.805318 -0.082813 -1.805318 -0.082813
-1.772193 -0.082813 -1.772193 -0.082813
-1.739068 -0.082813 -1.739068 -0.082813
-1.705943 -0.082813 -1.705943 -0.082813
-1.672818 -0.082813 -1.672818 -0.082813
-1.639693 -0.082813 -1.639693 -0.082813
-1.606568 -0.082813 -1.606568 -0.082813
-1.573443 -0.082813 -1.573443 -0.082813
-1.540317 -0.082813 -0.157948 -0.082813
-1.507192 -0.082813 -0.138730 -0.082813
-1.474067 -0.082813 -0.119512 -0.082813
-1.440942 -0.082813 -0.100294 -0.082813
-1.407817 -0.082813 -0.081076 -0.082813
-1.374692 -0.082813 -0.061857 -0.082813
-1.341567 -0.082813 -0.042639 -0.082813
-1.308442 -0.082813 -0.023421 -0.082813
-1.275317 -0.082813 -0.004203 -0.082813
-1.242191 -0.082813 0.015016 -0.082813
-1.209066 -0.082813 0.034234 -0.082813
-1.175941 -0.082813 0.053452 -0.082813
-1.142816 -0.082813 0.072670 -0.082813
-1.109691 -0.082813 0.091888 -0.082813
-1.076566 -0.082813 0.111106 -0.082813
-1.043441 -0.082813 0.130325 -0.082813
-1.010316 -0.082813 0.149543 -0.082813
-0.977191 -0.082813 0.168761 -0.082813
-0.944066 -0.082813 0.187979 -0.082813
-0.910940 -0.082813 0.207197 -0.082813
-0.877815 -0.082813 0.226416 -0.082813
-0.844690 -0.082813 0.245634 -0.082813
-0.811565 -0.082813 0.264852 -0.082813
-0.778440 -0.082813 0.284070 -0.082813
-0.745315 -0.082813 0.303288 -0.082813
-0.712190 -0.082813 0.322507 -0.082813
-0.679065 -0.082813 0.341725 -0.082813
-0.645940 -0.082813 0.360943 -0.082813
-0.612814 -0.082813 0.380161 -0.082813
-0.579689 -0.082813 0.399379 -0.082813
-0.546564 -0.082813 0.418598 -0.082813
-0.513439 -0.082813 0.008052 -0.082813
-0.480314 -0.082813 0.041178 -0.082813
-0.447189 -0.082813 0.074303 -0.082813
-0.414064 -0.082813 0.107428 -0.082813
-0.380939 -0.082813 0.140553 -0.082813
-0.347814 -0.082813 0.173678 -0.082813
-0.314689 -0.082813 0.206803 -0.082813
-0.281563 -0.082813 0.239928 -0.082813
-0.248438 -0.082813 0.273053 -0.082813
-0.215313 -0.082813 0.306178 -0.082813
-0.182188 -0.082813 0.339304 -0.082813
-0.149063 -0.082813 0.372429 -0.082813
-0.115938 -0.082813 0.405554 -0.082813
-0.082813 -0.082813 0.438679 -0.082813
-0.049688 -0.082813 0.471804 -0.082813
-0.016563 -0.082813 0.504929 -0.082813
0.016563 -0.082813 -0.504929 -0.082813
0.049688 -0.082813 -0.471804 -0.082813
0.082813 -0.082813 -0.438679 -0.082813
0.115938 -0.082813 -0.405554 -0.082813
0.149063 -0.082813 -0.372429 -0.082813
0.182188 -0.082813 -0.339304 -0.082813
0.215313 -0.082813 -0.306178 -0.082813
0.248438 -0.082813 -0.273053 -0.082813
0.281563 -0.082813 -0.239928 -0.082813
0.314689 -0.082813 -0.206803 -0.082813
0.347814 -0.082813 -0.173678 -0.082813
0.380939 -0.082813 -0.140553 -0.082813
0.414064 -0.082813 -0.107428 -0.082813
0.447189 -0.082813 -0.074303 -0.082813
0.480314 -0.082813 -0.041178 -0.082813
0.513439 -0.082813 -0.008052 -0.082813
0.546564 -0.082813 -0.418598 -0.082813
0.579689 -0.082813 -0.399379 -0.082813
0.612814 -0.082813 -0.380161 -0.082813
0.645940 -0.082813 -0.360943 -0.082813
0.679065 -0.082813 -0.341725 -0.082813
0.712190 -0.082813 -0.322507 -0.082813
0.745315 -0.082813 -0.303288 -0.082813
0.778440 -0.082813 -0.284070 -0.082813
0.811565 -0.082813 -0.264852 -0.082813
0.844690 -0.082813 -0.245634 -0.082813
0.877815 -0.082813 -0.226416 -0.082813
0.910940 -0.082813 -0.207197 -0.082813
0.944066 -0.082813 -0.187979 -0.082813
0.977191 -0.082813 -0.168761 -0.082813
1.010316 -0.082813 -0.149543 -0.082813
1.043441 -0.082813 -0.130325 -0.082813
1.076566 -0.082813 -0.111106 -0.082813
1.109691 -0.082813 -0.091888 -0.082813
1.142816 -0.082813 -0.072670 -0.082813
1.175941 -0.082813 -0.053452 -0.082813
1.209066 -0.082813 -0.034234 -0.082813
1.242191 -0.082813 -0.015016 -0.082813
1.275317 -0.082813 0.004203 -0.082813
1.308442 -0.082813 0.023421 -0.082813
1.341567 -0.082813 0.042639 -0.082813
1.374692 -0.082813 0.061857 -0.082813
1.407817 -0.082813 0.081076 -0.082813
1.440942 -0.082813 0.100294 -0.082813
1.474067 -0.082813 0.119512 -0.082813
1.507192 -0.082813 0.138730 -0.082813
1.540317 -0.082813 0.157948 -0.082813
1.573443 -0.082813 1.573443 -0.082813
1.606568 -0.082813 1.606568 -0.082813
1.639693 -0.082813 1.639693 -0.082813
1.672818 -0.082813 1.672818 -0.082813
1.705943 -0.082813 1.705943 -0.082813
1.739068 -0.082813 1.739068 -0.082813
1.772193 -0.082813 1.772193 -0.082813
1.805318 -0.082813 1.805318 -0.082813
1.838443 -0.082813 1.838443 -0.082813
1.871568 -0.082813 1.871568 -0.082813
1.904694 -0.082813 1.904694 -0.082813
1.937819 -0.082813 1.937819 -0.082813
1.970944 -0.082813 1.970944 -0.082813
2.004069 -0.082813 2.004069 -0.082813
2.037194 -0.082813 2.037194 -0.082813
2.070319 -0.082813 2.070319 -0.082813
2.103444 -0.082813 2.103444 -0.082813
-2.103444 -0.049688 -2.103444 -0.049688
-2.070319 -0.049688 -2.070319 -0.049688
-2.037194 -0.049688 -2.037194 -0.049688
-2.004069 -0.049688 -2.004069 -0.049688
-1.970944 -0.049688 -1.970944 -0.049688
-1.937819 -0.049688 -1.937819 -0.049688
-1.904694 -0.049688 -1.904694 -0.049688
-1.871568 -0.049688 -1.871568 -0.049688
-1.838443 -0.049688 -1.838443 -0.049688
-1.805318 -0.049688 -1.805318 -0.049688
-1.772193 -0.049688 -1.772193 -0.049688
-1.739068 -0.049688 -1.739068 -0.049688
-1.705943 -0.049688 -1.705943 -0.049688
-1.672818 -0.049688 -1.672818 -0.049688
-1.639693 -0.049688 -1.639693 -0.049688
-1.606568 -0.049688 -1.606568 -0.049688
-1.573443 -0.049688 -0.177167 -0.049688
-1.540317 -0.049688 -0.157948 -0.049688
-1.507192 -0.049688 -0.138730 -0.049688
-1.474067 -0.049688 -0.119512 -0.049688
-1.440942 -0.049688 -0.100294 -0.049688
-1.407817 -0.049688 -0.081076 -0.049688
-1.374692 -0.049688 -0.061857 -0.049688
-1.341567 -0.049688 -0.042639 -0.049688
-1.308442 -0.049688 -0.023421 -0.049688
-1.275317 -0.049688 -0.004203 -0.049688
-1.242191 -0.049688 0.015016 -0.049688
-1.209066 -0.049688 0.034234 -0.049688
-1.175941 -0.049688 0.053452 -0.049688
-1.142816 -0.049688 0.072670 -0.049688
-1.109691 -0.049688 0.091888 -0.049688
-1.076566 -0.049688 0.111106 -0.049688
-1.043441 -0.049688 0.130325 -0.049688
-1.010316 -0.049688 0.149543 -0.049688
-0.977191 -0.049688 0.168761 -0.049688
-0.944066 -0.049688 0.187979 -0.049688
-0.910940 -0.049688 0.207197 -0.049688
-0.877815 -0.049688 0.226416 -0.049688
-0.844690 -0.049688 0.245634 -0.049688
-0.811565 -0.049688 0.264852 -0.049688
-0.778440 -0.049688 0.284070 -0.049688
-0.745315 -0.049688 0.303288 -0.049688
-0.712190 -0.049688 0.322507 -0.049688
-0.679065 -0.049688 0.341725 -0.049688
-0.645940 -0.049688 0.360943 -0.049688
-0.612814 -0.049688 0.380161 -0.049688
-0.579689 -0.049688 0.399379 -0.049688
-0.546564 -0.049688 0.418598 -0.049688
-0.513439 -0.049688 0.008052 -0.049688
-0.480314 -0.049688 0.041178 -0.049688
-0.447189 -0.049688 0.074303 -0.049688
-0.414064 -0.049688 0.107428 -0.049688
-0.380939 -0.049688 0.140553 -0.049688
-0.347814 -0.049688 0.173678 -0.049688
-0.314689 -0.049688 0.206803 -0.049688
-0.281563 -0.049688 0.239928 -0.049688
-0.248438 -0.049688 0.273053 -0.049688
-0.215313 -0.049688 0.306178 -0.049688
-0.182188 -0.049688 0.339304 -0.049688
-0.149063 -0.049688 0.372429 -0.049688
-0.115938 -0.049688 0.405554 -0.049688
-0.082813 -0.049688 0.438679 -0.049688
-0.049688 -0.049688 0.471804 -0.049688
-0.016563 -0.049688 0.504929 -0.049688
0.016563 -0.049688 -0.504929 -0.049688
0.049688 -0.049688 -0.471804 -0.049688
0.082813 -0.049688 -0.438679 -0.049688
0.115938 -0.049688 -0.405554 -0.049688
0.149063 -0.049688 -0.372429 -0.049688
0.182188 -0.049688 -0.339304 -0.049688
0.215313 -0.049688 -0.306178 -0.049688
0.248438 -0.049688 -0.273053 -0.049688
0.281563 -0.049688 -0.239928 -0.049688
0.314689 -0.049688 -0.206803 -0.049688
0.347814 -0.049688 -0.173678 -0.049688
0.380939 -0.049688 -0.140553 -0.049688
0.414064 -0.049688 -0.107428 -0.049688
0.447189 -0.049688 -0.074303 -0.049688
0.480314 -0.049688 -0.041178 -0.049688
0.513439 -0.049688 -0.008052 -0.049688
0.546564 -0.049688 -0.418598 -0.049688
0.579689 -0.049688 -0.399379 -0.049688
0.612814 -0.049688 -0.380161 -0.049688
0.645940 -0.049688 -0.360943 -0.049688
0.679065 -0.049688 -0.341725 -0.049688
0.712190 -0.049688 -0.322507 -0.049688
0.745315 -0.049688 -0.303288 -0.049688
0.778440 -0.049688 -0.284070 -0.049688
0.811565 -0.049688 -0.264852 -0.049688
0.844690 -0.049688 -0.245634 -0.049688
0.877815 -0.049688 -0.226416 -0.049688
0.910940 -0.049688 -0.207197 -0.049688
0.944066 -0.049688 -0.187979 -0.049688
0.977191 -0.049688 -0.168761 -0.049688
1.010316 -0.049688 -0.149543 -0.049688
1.043441 -0.049688 -0.130325 -0.049688
1.076566 -0.049688 -0.111106 -0.049688
1.109691 -0.049688 -0.091888 -0.049688
1.142816 -0.049688 -0.072670 -0.049688
1.175941 -0.049688 -0.053452 -0.049688
1.209066 -0.049688 -0.034234 -0.049688
1.242191 -0.049688 -0.015016 -0.049688
1.275317 -0.049688 0.004203 -0.049688
1.308442 -0.049688 0.023421 -0.049688
1.341567 -0.049688 0.042639 -0.049688
1.374692 -0.049688 0.061857 -0.049688
1.407817 -0.049688 0.081076 -0.049688
1.440942 -0.049688 0.100294 -0.049688
1.474067 -0.049688 0.119512 -0.049688
1.507192 -0.049688 0.138730 -0.049688
1.540317 -0.049688 0.157948 -0.049688
1.573443 -0.049688 0.177167 -0.049688
1.606568 -0.049688 1.606568 -0.049688
1.639693 -0.049688 1.639693 -0.049688
1.672818 -0.049688 1.672818 -0.049688
1.705943 -0.049688 1.705943 -0.049688
1.739068 -0.049688 1.739068 -0.049688
1.772193 -0.049688 1.772193 -0.049688
1.805318 -0.049688 1.805318 -0.049688
1.838443 -0.049688 1.838443 -0.049688
1.871568 -0.049688 1.871568 -0.049688
1.904694 -0.049688 1.904694 -0.049688
1.937819 -0.049688 1.937819 -0.049688
1.970944 -0.049688 1.970944 -0.049688
2.004069 -0.049688 2.004069 -0.049688
2.037194 -0.049688 2.037194 -0.049688
2.070319 -0.049688 2.070319 -0.049688
2.103444 -0.049688 2.103444 -0.049688
-2.103444 -0.016563 -2.103444 -0.016563
-2.070319 -0.016563 -2.070319 -0.016563
-2.037194 -0.016563 -2.037194 -0.016563
-2.004069 -0.016563 -2.004069 -0.016563
-1.970944 -0.016563 -1.970944 -0.016563
-1.937819 -0.016563 -1.937819 -0.016563
-1.904694 -0.016563 -1.904694 -0.016563
-1.871568 -0.016563 -1.871568 -0.016563
-1.838443 -0.016563 -1.838443 -0.016563
-1.805318 -0.016563 -1.805318 -0.016563
-1.772193 -0.016563 -1.772193 -0.016563
-1.739068 -0.016563 -1.739068 -0.016563
-1.705943 -0.016563 -1.705943 -0.016563
-1.672818 -0.016563 -1.672818 -0.016563
-1.639693 -0.016563 -1.639693 -0.016563
-1.606568 -0.016563 -0.196385 -0.016563
-1.573443 -0.016563 -0.177167 -0.016563
-1.540317 -0.016563 -0.157948 -0.016563
-1.507192 -0.016563 -0.138730 -0.016563
-1.474067 -0.016563 -0.119512 -0.016563
-1.440942 -0.016563 -0.100294 -0.016563
-1.407817 -0.016563 -0.081076 -0.016563
-1.374692 -0.016563 -0.061857 -0.016563
-1.341567 -0.016563 -0.042639 -0.016563
-1.308442 -0.016563 -0.023421 -0.016563
-1.275317 -0.016563 -0.004203 -0.016563
-1.242191 -0.016563 0.015016 -0.016563
-1.209066 -0.016563 0.034234 -0.016563
-1.175941 -0.016563 0.053452 -0.016563
-1.142816 -0.016563 0.072670 -0.016563
-1.109691 -0.016563 0.091888 -0.016563
-1.076566 -0.016563 0.111106 -0.016563
-1.043441 -0.016563 0.130325 -0.016563
-1.010316 -0.016563 0.149543 -0.016563
-0.977191 -0.016563 0.168761 -0.016563
-0.944066 -0.016563 0.187979 -0.016563
-0.910940 -0.016563 0.207197 -0.016563
-0.877815 -0.016563 0.226416 -0.016563
-0.844690 -0.016563 0.245634 -0.016563
-0.811565 -0.016563 0.264852 -0.016563
-0.778440 -0.016563 0.284070 -0.016563
-0.745315 -0.016563 0.303288 -0.016563
-0.712190 -0.016563 0.322507 -0.016563
-0.679065 -0.016563 0.341725 -0.016563
-0.645940 -0.016563 0.360943 -0.016563
-0.612814 -0.016563 0.380161 -0.016563
-0.579689 -0.016563 0.399379 -0.016563
-0.546564 -0.016563 0.418598 -0.016563
-0.513439 -0.016563 0.008052 -0.016563
-0.480314 -0.016563 0.041178 -0.016563
-0.447189 -0.016563 0.074303 -0.016563
-0.414064 -0.016563 0.107428 -0.016563
-0.380939 -0.016563 0.140553 -0.016563
-0.347814 -0.016563 0.173678 -0.016563
-0.314689 -0.016563 0.206803 -0.016563
-0.281563 -0.016563 0.239928 -0.016563
-0.248438 -0.016563 0.273053 -0.016563
-0.215313 -0.016563 0.306178 -0.016563
-0.182188 -0.016563 0.339304 -0.016563
-0.149063 -0.016563 0.372429 -0.016563
-0.115938 -0.016563 0.405554 -0.016563
-0.082813 -0.016563 0.438679 -0.016563
-0.049688 -0.016563 0.471804 -0.016563
-0.016563 -0.016563 0.504929 -0.016563
0.016563 -0.016563 -0.504929 -0.016563
0.049688 -0.016563 -0.471804 -0.016563
0.082813 -0.016563 -0.438679 -0.016563
0.115938 -0.016563 -0.405554 -0.016563
0.149063 -0.016563 -0.372429 -0.016563
0.182188 -0.016563 -0.339304 -0.016563
0.215313 -0.016563 -0.306178 -0.016563
0.248438 -0.016563 -0.273053 -0.016563
0.281563 -0.016563 -0.239928 -0.016563
0.314689 -0.016563 -0.206803 -0.016563
0.347814 -0.016563 -0.173678 -0.016563
0.380939 -0.016563 -0.140553 -0.016563
0.414064 -0.016563 -0.107428 -0.016563
0.447189 -0.016563 -0.074303 -0.016563
0.480314 -0.016563 -0.041178 -0.016563
0.513439 -0.016563 -0.008052 -0.016563
0.546564 -0.016563 -0.418598 -0.016563
0.579689 -0.016563 -0.399379 -0.016563
0.612814 -0.016563 -0.380161 -0.016563
0.645940 -0.016563 -0.360943 -0.016563
0.679065 -0.016563 -0.341725 -0.016563
0.712190 -0.016563 -0.322507 -0.016563
0.745315 -0.016563 -0.303288 -0.016563
0.778440 -0.016563 -0.284070 -0.016563
0.811565 -0.016563 -0.264852 -0.016563
0.844690 -0.016563 -0.245634 -0.016563
0.877815 -0.016563 -0.226416 -0.016563
0.910940 -0.016563 -0.207197 -0.016563
0.944066 -0.016563 -0.187979 -0.016563
0.977191 -0.016563 -0.168761 -0.016563
1.010316 -0.016563 -0.149543 -0.016563
1.043441 -0.016563 -0.130325 -0.016563
1.076566 -0.016563 -0.111106 -0.016563
1.109691 -0.016563 -0.091888 -0.016563
1.142816 -0.016563 -0.072670 -0.016563
1.175941 -0.016563 -0.053452 -0.016563
1.209066 -0.016563 -0.034234 -0.016563
1.242191 -0.016563 -0.015016 -0.016563
1.275317 -0.016563 0.004203 -0.016563
1.308442 -0.016563 0.023421 -0.016563
1.341567 -0.016563 0.042639 -0.016563
1.374692 -0.016563 0.061857 -0.016563
1.407817 -0.016563 0.081076 -0.016563
1.440942 -0.016563 0.100294 -0.016563
1.474067 -0.016563 0.119512 -0.016563
1.507192 -0.016563 0.138730 -0.016563
1.540317 -0.016563 0.157948 -0.016563
1.573443 -0.016563 0.177167 -0.016563
1.606568 -0.016563 0.196385 -0.016563
1.639693 -0.016563 1.639693 -0.016563
1.672818 -0.016563 1.672818 -0.016563
1.705943 -0.016563 1.705943 -0.016563
1.739068 -0.016563 1.739068 -0.016563
1.772193 -0.016563 1.772193 -0.016563
1.805318 -0.016563 1.805318 -0.016563
1.838443 -0.016563 1.838443 -0.016563
1.871568 -0.016563 1.871568 -0.016563
1.904694 -0.016563 1.904694 -0.016563
1.937819 -0.016563 1.937819 -0.016563
1.970944 -0.016563 1.970944 -0.016563
2.004069 -0.016563 2.004069 -0.016563
2.037194 -0.016563 2.037194 -0.016563
2.070319 -0.016563 2.070319 -0.016563
2.103444 -0.016563 2.103444 -0.016563
-2.103444 0.016563 -2.103444 0.016563
-2.070319 0.016563 -2.070319 0.016563
-2.037194 0.016563 -2.037194 0.016563
-2.004069 0.016563 -2.004069 0.016563
-1.970944 0.016563 -1.970944 0.016563
-1.937819 0.016563 -1.937819 0.016563
-1.904694 0.016563 -1.904694 0.016563
-1.871568 0.016563 -1.871568 0.016563
-1.838443 0.016563 -1.838443 0.016563
-1.805318 0.016563 -1.805318 0.016563
-1.772193 0.016563 -1.772193 0.016563
-1.739068 0.016563 -1.739068 0.016563
-1.705943 0.016563 -1.705943 0.016563
-1.672818 0.016563 -1.672818 0.016563
-1.639693 0.016563 -1.639693 0.016563
-1.606568 0.016563 -0.196385 0.016563
-1.573443 0.016563 -0.177167 0.016563
-1.540317 0.016563 -0.157948 0.016563
-1.507192 0.016563 -0.138730 0.016563
-1.474067 0.016563 -0.119512 0.016563
-1.440942 0.016563 -0.100294 0.016563
-1.407817 0.016563 -0.081076 0.016563
-1.374692 0.016563 -0.061857 0.016563
-1.341567 0.016563 -0.042639 0.016563
-1.308442 0.016563 -0.023421 0.016563
-1.275317 0.016563 -0.004203 0.016563
-1.242191 0.016563 0.015016 0.016563
-1.209066 0.016563 0.034234 0.016563
-1.175941 0.016563 0.053452 0.016563
-1.142816 0.016563 0.072670 0.016563
-1.109691 0.016563 0.091888 0.016563
-1.076566 0.016563 0.111106 0.016563
-1.043441 0.016563 0.130325 0.016563
-1.010316 0.016563 0.149543 0.016563
-0.977191 0.016563 0.168761 0.016563
-0.944066 0.016563 0.187979 0.016563
-0.910940 0.016563 0.207197 0.016563
-0.877815 0.016563 0.226416 0.016563
-0.844690 0.016563 0.245634 0.016563
-0.811565 0.016563 0.264852 0.016563
-0.778440 0.016563 0.284070 0.016563
-0.745315 0.016563 0.303288 0.016563
-0.712190 0.016563 0.322507 0.016563
-0.679065 0.016563 0.341725 0.016563
-0.645940 0.016563 0.360943 0.016563
-0.612814 0.016563 0.380161 0.016563
-0.579689 0.016563 0.399379 0.016563
-0.546564 0.016563 0.418598 0.016563
-0.513439 0.016563 0.008052 0.016563
-0.480314 0.016563 0.041178 0.016563
-0.447189 0.016563 0.074303 0.016563
-0.414064 0.016563 0.107428 0.016563
-0.380939 0.016563 0.140553 0.016563
-0.347814 0.016563 0.173678 0.016563
-0.314689 0.016563 0.206803 0.016563
-0.281563 0.016563 0.239928 0.016563
-0.248438 0.016563 0.273053 0.016563
-0.215313 0.016563 0.306178 0.016563
-0.182188 0.016563 0.339304 0.016563
-0.149063 0.016563 0.372429 0.016563
-0.115938 0.016563 0.405554 0.016563
-0.082813 0.016563 0.438679 0.016563
-0.049688 0.016563 0.471804 0.016563
-0.016563 0.016563 0.504929 0.016563
0.016563 0.016563 -0.504929 0.016563
0.049688 0.016563 -0.471804 0.016563
0.082813 0.016563 -0.438679 0.016563
0.115938 0.016563 -0.405554 0.016563
0.149063 0.016563 -0.372429 0.016563
0.182188 0.016563 -0.339304 0.016563
0.215313 0.016563 -0.306178 0.016563
0.248438 0.016563 -0.273053 0.016563
0.281563 0.016563 -0.239928 0.016563
0.314689 0.016563 -0.206803 0.016563
0.347814 0.016563 -0.173678 0.016563
0.380939 0.016563 -0.140553 0.016563
0.414064 0.016563 -0.107428 0.016563
0.447189 0.016563 -0.074303 0.016563
0.480314 0.016563 -0.041178 0.016563
0.513439 0.016563 -0.008052 0.016563
0.546564 0.016563 -0.418598 0.016563
0.579689 0.016563 -0.399379 0.016563
0.612814 0.016563 -0.380161 0.016563
0.645940 0.016563 -0.360943 0.016563
0.679065 0.016563 -0.341725 0.016563
0.712190 0.016563 -0.322507 0.016563
0.745315 0.016563 -0.303288 0.016563
0.778440 0.016563 -0.284070 0.016563
0.811565 0.016563 -0.264852 0.016563
0.844690 0.016563 -0.245634 0.016563
0.877815 0.016563 -0.226416 0.016563
0.910940 0.016563 -0.207197 0.016563
0.944066 0.016563 -0.187979 0.016563
0.977191 0.016563 -0.168761 0.016563
1.010316 0.016563 -0.149543 0.016563
1.043441 0.016563 -0.130325 0.016563
1.076566 0.016563 -0.111106 0.016563
1.109691 0.016563 -0.091888 0.016563
1.142816 0.016563 -0.072670 0.016563
1.175941 0.016563 -0.053452 0.016563
1.209066 0.016563 -0.034234 0.016563
1.242191 0.016563 -0.015016 0.016563
1.275317 0.016563 0.004203 0.016563
1.308442 0.016563 0.023421 0.016563
1.341567 0.016563 0.042639 0.016563
1.374692 0.016563 0.061857 0.016563
1.407817 0.016563 0.081076 0.016563
1.440942 0.016563 0.100294 0.016563
1.474067 0.016563 0.119512 0.016563
1.507192 0.016563 0.138730 0.016563
1.540317 0.016563 0.157948 0.016563
1.573443 0.016563 0.177167 0.016563
1.606568 0.016563 0.196385 0.016563
1.639693 0.016563 1.639693 0.016563
1.672818 0.016563 1.672818 0.016563
1.705943 0.016563 1.705943 0.016563
1.739068 0.016563 1.739068 0.016563
1.772193 0.016563 1.772193 0.016563
1.805318 0.016563 1.805318 0.016563
1.838443 0.016563 1.838443 0.016563
1.871568 0.016563 1.871568 0.016563
1.904694 0.016563 1.904694 0.016563
1.937819 0.016563 1.937819 0.016563
1.970944 0.016563 1.970944 0.016563
2.004069 0.016563 2.004069 0.016563
2.037194 0.016563 2.037194 0.016563
2.070319 0.016563 2.070319 0.016563
2.103444 0.016563 2.103444 0.016563
-2.103444 0.049688 -2.103444 0.049688
-2.070319 0.049688 -2.070319 0.049688
-2.037194 0.049688 -2.037194 0.049688
-2.004069 0.049688 -2.004069 0.049688
-1.970944 0.049688 -1.970944 0.049688
-1.937819 0.049688 -1.937819 0.049688
-1.904694 0.049688 -1.904694 0.049688
-1.871568 0.049688 -1.871568 0.049688
-1.838443 0.049688 -1.838443 0.049688
-1.805318 0.049688 -1.805318 0.049688
-1.772193 0.049688 -1.772193 0.049688
-1.739068 0.049688 -1.739068 0.049688
-1.705943 0.049688 -1.705943 0.049688
-1.672818 0.049688 -1.672818 0.049688
-1.639693 0.049688 -1.639693 0.049688
-1.606568 0.049688 -1.606568 0.049688
-1.573443 0.049688 -0.177167 0.049688
-1.540317 0.049688 -0.157948 0.049688
-1.507192 0.049688 -0.138730 0.049688
-1.474067 0.049688 -0.119512 0.049688
-1.440942 0.049688 -0.100294 0.049688
-1.407817 0.049688 -0.081076 0.049688
-1.374692 0.049688 -0.061857 0.049688
-1.341567 0.049688 -0.042639 0.049688
-1.308442 0.049688 -0.023421 0.049688
-1.275317 0.049688 -0.004203 0.049688
-1.242191 0.049688 0.015016 0.049688
-1.209066 0.049688 0.034234 0.049688
-1.175941 0.049688 0.053452 0.049688
-1.142816 0.049688 0.072670 0.049688
-1.109691 0.049688 0.091888 0.049688
-1.076566 0.049688 0.111106 0.049688
-1.043441 0.049688 0.130325 0.049688
-1.010316 0.049688 0.149543 0.049688
-0.977191 0.049688 0.168761 0.049688
-0.944066 0.049688 0.187979 0.049688
-0.910940 0.049688 0.207197 0.049688
-0.877815 0.049688 0.226416 0.049688
-0.844690 0.049688 0.245634 0.049688
-0.811565 0.049688 0.264852 0.049688
-0.778440 0.049688 0.284070 0.049688
-0.745315 0.049688 0.303288 0.049688
-0.712190 0.049688 0.322507 0.049688
-0.679065 0.049688 0.341725 0.049688
-0.645940 0.049688 0.360943 0.049688
-0.612814 0.049688 0.380161 0.049688
-0.579689 0.049688 0.399379 0.049688
-0.546564 0.049688 0.418598 0.049688
-0.513439 0.049688 0.008052 0.049688
-0.480314 0.049688 0.041178 0.049688
-0.447189 0.049688 0.074303 0.049688
-0.414064 0.049688 0.107428 0.049688
-0.380939 0.049688 0.140553 0.049688
-0.347814 0.049688 0.173678 0.049688
-0.314689 0.049688 0.206803 0.049688
-0.281563 0.049688 0.239928 0.049688
-0.248438 0.049688 0.273053 0.049688
-0.215313 0.049688 0.306178 0.049688
-0.182188 0.049688 0.339304 0.049688
-0.149063 0.049688 0.372429 0.049688
-0.115938 0.049688 0.405554 0.049688
-0.082813 0.049688 0.438679 0.049688
-0.049688 0.049688 0.471804 0.049688
-0.016563 0.049688 0.504929 0.049688
0.016563 0.049688 -0.504929 0.049688
0.049688 0.049688 -0.471804 0.049688
0.082813 0.049688 -0.438679 0.049688
0.115938 0.049688 -0.405554 0.049688
0.149063 0.049688 -0.372429 0.049688
0.182188 0.049688 -0.339304 0.049688
0.215313 0.049688 -0.306178 0.049688
0.248438 0.049688 -0.273053 0.049688
0.281563 0.049688 -0.239928 0.049688
0.314689 0.049688 -0.206803 0.049688
0.347814 0.049688 -0.173678 0.049688
0.380939 0.049688 -0.140553 0.049688
0.414064 0.049688 -0.107428 0.049688
0.447189 0.049688 -0.074303 0.049688
0.480314 0.049688 -0.041178 0.049688
0.513439 0.049688 -0.008052 0.049688
0.546564 0.049688 -0.418598 0.049688
0.579689 0.049688 -0.399379 0.049688
0.612814 0.049688 -0.380161 0.049688
0.645940 0.049688 -0.360943 0.049688
0.679065 0.049688 -0.341725 0.049688
0.712190 0.049688 -0.322507 0.049688
0.745315 0.049688 -0.303288 0.049688
0.778440 0.049688 -0.284070 0.049688
0.811565 0.049688 -0.264852 0.049688
0.844690 0.049688 -0.245634 0.049688
0.877815 0.049688 -0.226416 0.049688
0.910940 0.049688 -0.207197 0.049688
0.944066 0.049688 -0.187979 0.049688
0.977191 0.049688 -0.168761 0.049688
1.010316 0.049688 -0.149543 0.049688
1.043441 0.049688 -0.130325 0.049688
1.076566 0.049688 -0.111106 0.049688
1.109691 0.049688 -0.091888 0.049688
1.142816 0.049688 -0.072670 0.049688
1.175941 0.049688 -0.053452 0.049688
1.209066 0.049688 -0.034234 0.049688
1.242191 0.049688 -0.015016 0.049688
1.275317 0.049688 0.004203 0.049688
1.308442 0.049688 0.023421 0.049688
1.341567 0.049688 0.042639 0.049688
1.374692 0.049688 0.061857 0.049688
1.407817 0.049688 0.081076 0.049688
1.440942 0.049688 0.100294 0.049688
1.474067 0.049688 0.119512 0.049688
1.507192 0.049688 0.138730 0.049688
1.540317 0.049688 0.157948 0.049688
1.573443 0.049688 0.177167 0.049688
1.606568 0.049688 1.606568 0.049688
1.639693 0.049688 1.639693 0.049688
1.672818 0.049688 1.672818 0.049688
1.705943 0.049688 1.705943 0.049688
1.739068 0.049688 1.739068 0.049688
1.772193 0.049688 1.772193 0.049688
1.805318 0.049688 1.805318 0.049688
1.838443 0.049688 1.838443 0.049688
1.871568 0.049688 1.871568 0.049688
1.904694 0.049688 1.904694 0.049688
1.937819 0.049688 1.937819 0.049688
1.970944 0.049688 1.970944 0.049688
2.004069 0.049688 2.004069 0.049688
2.037194 0.049688 2.037194 0.049688
2.070319 0.049688 2.070319 0.049688
2.103444 0.049688 2.103444 0.049688
-2.103444 0.082813 -2.103444 0.082813
-2.070319 0.082813 -2.070319 0.082813
-2.037194 0.082813 -2.037194 0.082813
-2.004069 0.082813 -2.004069 0.082813
-1.970944 0.082813 -1.970944 0.082813
-1.937819 0.082813 -1.937819 0.082813
-1.904694 0.082813 -1.904694 0.082813
-1.871568 0.082813 -1.871568 0.082813
-1.838443 0.082813 -1.838443 0.082813
-1.805318 0.082813 -1.805318 0.082813
-1.772193 0.082813 -1.772193 0.082813
-1.739068 0.082813 -1.739068 0.082813
-1.705943 0.082813 -1.705943 0.082813
-1.672818 0.082813 -1.672818 0.082813
-1.639693 0.082813 -1.639693 0.082813
-1.606568 0.082813 -1.606568 0.082813
-1.573443 0.082813 -1.573443 0.082813
-1.540317 0.082813 -0.157948 0.082813
-1.507192 0.082813 -0.138730 0.082813
-1.474067 0.082813 -0.119512 0.082813
-1.440942 0.082813 -0.100294 0.082813
-1.407817 0.082813 -0.081076 0.082813
-1.374692 0.082813 -0.061857 0.082813
-1.341567 0.082813 -0.042639 0.082813
-1.308442 0.082813 -0.023421 0.082813
-1.275317 0.082813 -0.004203 0.082813
-1.242191 0.082813 0.015016 0.082813
-1.209066 0.082813 0.034234 0.082813
-1.175941 0.082813 0.053452 0.082813
-1.142816 0.082813 0.072670 0.082813
-1.109691 0.082813 0.091888 0.082813
-1.076566 0.082813 0.111106 0.082813
-1.043441 0.082813 0.130325 0.082813
-1.010316 0.082813 0.149543 0.082813
-0.977191 0.082813 0.168761 0.082813
-0.944066 0.082813 0.187979 0.082813
-0.910940 0.082813 0.207197 0.082813
-0.877815 0.082813 0.226416 0.082813
-0.844690 0.082813 0.245634 0.082813
-0.811565 0.082813 0.264852 0.082813
-0.778440 0.082813 0.284070 0.082813
-0.745315 0.082813 0.303288 0.082813
-0.712190 0.082813 0.322507 0.082813
-0.679065 0.082813 0.341725 0.082813
-0.645940 0.082813 0.360943 0.082813
-0.612814 0.082813 0.380161 0.082813
-0.579689 0.082813 0.399379 0.082813
-0.546564 0.082813 0.418598 0.082813
-0.513439 0.082813 0.008052 0.082813
-0.480314 0.082813 0.041178 0.082813
-0.447189 0.082813 0.074303 0.082813
-0.414064 0.082813 0.107428 0.082813
-0.380939 0.082813 0.140553 0.082813
-0.347814 0.082813 0.173678 0.082813
-0.314689 0.082813 0.206803 0.082813
-0.281563 0.082813 0.239928 0.082813
-0.248438 0.082813 0.273053 0.082813
-0.215313 0.082813 0.306178 0.082813
-0.182188 0.082813 0.339304 0.082813
-0.149063 0.082813 0.372429 0.082813
-0.115938 0.082813 0.405554 0.082813
-0.082813 0.082813 0.438679 0.082813
-0.049688 0.082813 0.471804 0.082813
-0.016563 0.082813 0.504929 0.082813
0.016563 0.082813 -0.504929 0.082813
0.049688 0.082813 -0.471804 0.082813
0.082813 0.082813 -0.438679 0.082813
0.115938 0.082813 -0.405554 0.082813
0.149063 0.082813 -0.372429 0.082813
0.182188 0.082813 -0.339304 0.082813
0.215313 0.082813 -0.306178 0.082813
0.248438 0.082813 -0.273053 0.082813
0.281563 0.082813 -0.239928 0.082813
0.314689 0.082813 -0.206803 0.082813
0.347814 0.082813 -0.173678 0.082813
0.380939 0.082813 -0.140553 0.082813
0.414064 0.082813 -0.107428 0.082813
0.447189 0.082813 -0.074303 0.082813
0.480314 0.082813 -0.041178 0.082813
0.513439 0.082813 -0.008052 0.082813
0.546564 0.082813 -0.418598 0.082813
0.579689 0.082813 -0.399379 0.082813
0.612814 0.082813 -0.380161 0.082813
0.645940 0.082813 -0.360943 0.082813
0.679065 0.082813 -0.341725 0.082813
0.712190 0.082813 -0.322507 0.082813
0.745315 0.082813 -0.303288 0.082813
0.778440 0.082813 -0.284070 0.082813
0.811565 0.082813 -0.264852 0.082813
0.844690 0.082813 -0.245634 0.082813
0.877815 0.082813 -0.226416 0.082813
0.910940 0.082813 -0.207197 0.082813
0.944066 0.082813 -0.187979 0.082813
0.977191 0.082813 -0.168761 0.082813
1.010316 0.082813 -0.149543 0.082813
1.043441 0.082813 -0.130325 0.082813
1.076566 0.082813 -0.111106 0.082813
1.109691 0.082813 -0.091888 0.082813
1.142816 0.082813 -0.072670 0.082813
1.175941 0.082813 -0.053452 0.082813
1.209066 0.082813 -0.034234 0.082813
1.242191 0.082813 -0.015016 0.082813
1.275317 0.082813 0.004203 0.082813
1.308442 0.082813 0.023421 0.082813
1.341567 0.082813 0.042639 0.082813
1.374692 0.082813 0.061857 0.082813
1.407817 0.082813 0.081076 0.082813
1.440942 0.082813 0.100294 0.082813
1.474067 0.082813 0.119512 0.082813
1.507192 0.082813 0.138730 0.082813
1.540317 0.082813 0.157948 0.082813
1.573443 0.082813 1.573443 0.082813
1.606568 0.082813 1.606568 0.082813
1.639693 0.082813 1.639693 0.082813
1.672818 0.082813 1.672818 0.082813
1.705943 0.082813 1.705943 0.082813
1.739068 0.082813 1.739068 0.082813
1.772193 0.082813 1.772193 0.082813
1.805318 0.082813 1.805318 0.082813
1.838443 0.082813 1.838443 0.082813
1.871568 0.082813 1.871568 0.082813
1.904694 0.082813 1.904694 0.082813
1.937819 0.082813 1.937819 0.082813
1.970944 0.082813 1.970944 0.082813
2.004069 0.082813 2.004069 0.082813
2.037194 0.082813 2.037194 0.082813
2.070319 0.082813 2.070319 0.082813
2.103444 0.082813 2.103444 0.082813
-2.103444 0.115938 -2.103444 0.115938
-2.070319 0.115938 -2.070319 0.115938
-2.037194 0.115938 -2.037194 0.115938
-2.004069 0.115938 -2.004069 0.115938
-1.970944 0.115938 -1.970944 0.115938
-1.937819 0.115938 -1.937819 0.115938
-1.904694 0.115938 -1.904694 0.115938
-1.871568 0.115938 -1.871568 0.115938
-1.838443 0.115938 -1.838443 0.115938
-1.805318 0.115938 -1.805318 0.115938
-1.772193 0.115938 -1.772193 0.115938
-1.739068 0.115938 -1.739068 0.115938
-1.705943 0.115938 -1.705943 0.115938
-1.672818 0.115938 -1.672818 0.115938
-1.639693 0.115938 -1.639693 0.115938
-1.606568 0.115938 -1.606568 0.115938
-1.573443 0.115938 -1.573443 0.115938
-1.540317 0.115938 -0.157948 0.115938
-1.507192 0.115938 -0.138730 0.115938
-1.474067 0.115938 -0.119512 0.115938
-1.440942 0.115938 -0.100294 0.115938
-1.407817 0.115938 -0.081076 0.115938
-1.374692 0.115938 -0.061857 0.115938
-1.341567 0.115938 -0.042639 0.115938
-1.308442 0.115938 -0.023421 0.115938
-1.275317 0.115938 -0.004203 0.115938
-1.242191 0.115938 0.015016 0.115938
-1.209066 0.115938 0.034234 0.115938
-1.175941 0.115938 0.053452 0.115938
-1.142816 0.115938 0.072670 0.115938
-1.109691 0.115938 0.091888 0.115938
-1.076566 0.115938 0.111106 0.115938
-1.043441 0.115938 0.130325 0.115938
-1.010316 0.115938 0.149543 0.115938
-0.977191 0.115938 0.168761 0.115938
-0.944066 0.115938 0.187979 0.115938
-0.910940 0.115938 0.207197 0.115938
-0.877815 0.115938 0.226416 0.115938
-0.844690 0.115938 0.245634 0.115938
-0.811565 0.115938 0.264852 0.115938
-0.778440 0.115938 0.284070 0.115938
-0.745315 0.115938 0.303288 0.115938
-0.712190 0.115938 0.322507 0.115938
-0.679065 0.115938 0.341725 0.115938
-0.645940 0.115938 0.360943 0.115938
-0.612814 0.115938 0.380161 0.115938
-0.579689 0.115938 0.399379 0.115938
-0.546564 0.115938 0.418598 0.115938
-0.513439 0.115938 0.008052 0.115938
-0.480314 0.115938 0.041178 0.115938
-0.447189 0.115938 0.074303 0.115938
-0.414064 0.115938 0.107428 0.115938
-0.380939 0.115938 0.140553 0.115938
-0.347814 0.115938 0.173678 0.115938
-0.314689 0.115938 0.206803 0.115938
-0.281563 0.115938 0.239928 0.115938
-0.248438 0.115938 0.273053 0.115938
-0.215313 0.115938 0.306178 0.115938
-0.182188 0.115938 0.339304 0.115938
-0.149063 0.115938 0.372429 0.115938
-0.115938 0.115938 0.405554 0.115938
-0.082813 0.115938 0.438679 0.115938
-0.049688 0.115938 0.471804 0.115938
-0.016563 0.115938 0.504929 0.115938
0.016563 0.115938 -0.504929 0.115938
0.049688 0.115938 -0.471804 0.115938
0.082813 0.115938 -0.438679 0.115938
0.115938 0.115938 -0.405554 0.115938
0.149063 0.115938 -0.372429 0.115938
0.182188 0.115938 -0.339304 0.115938
0.215313 0.115938 -0.306178 0.115938
0.248438 0.115938 -0.273053 0.115938
0.281563 0.115938 -0.239928 0.115938
0.314689 0.115938 -0.206803 0.115938
0.347814 0.115938 -0.173678 0.115938
0.380939 0.115938 -0.140553 0.115938
0.414064 0.115938 -0.107428 0.115938
0.447189 0.115938 -0.074303 0.115938
0.480314 0.115938 -0.041178 0.115938
0.513439 0.115938 -0.008052 0.115938
0.546564 0.115938 -0.418598 0.115938
0.579689 0.115938 -0.399379 0.115938
0.612814 0.115938 -0.380161 0.115938
0.645940 0.115938 -0.360943 0.115938
0.679065 0.115938 -0.341725 0.115938
0.712190 0.115938 -0.322507 0.115938
0.745315 0.115938 -0.303288 0.115938
0.778440 0.115938 -0.284070 0.115938
0.811565 0.115938 -0.264852 0.115938
0.844690 0.115938 -0.245634 0.115938
0.877815 0.115938 -0.226416 0.115938
0.910940 0.115938 -0.207197 0.115938
0.944066 0.115938 -0.187979 0.115938
0.977191 0.115938 -0.168761 0.115938
1.010316 0.115938 -0.149543 0.115938
1.043441 0.115938 -0.130325 0.115938
1.076566 0.115938 -0.111106 0.115938
1.109691 0.115938 -0.091888 0.115938
1.142816 0.115938 -0.072670 0.115938
1.175941 0.115938 -0.053452 0.115938
1.209066 0.115938 -0.034234 0.115938
1.242191 0.115938 -0.015016 0.115938
1.275317 0.115938 0.004203 0.115938
1.308442 0.115938 0.023421 0.115938
1.341567 0.115938 0.042639 0.115938
1.374692 0.115938 0.061857 0.115938
1.407817 0.115938 0.081076 0.115938
1.440942 0.115938 0.100294 0.115938
1.474067 0.115938 0.119512 0.115938
1.507192 0.115938 0.138730 0.115938
1.540317 0.115938 0.157948 0.115938
1.573443 0.115938 1.573443 0.115938
1.606568 0.115938 1.606568 0.115938
1.639693 0.115938 1.639693 0.115938
1.672818 0.115938 1.672818 0.115938
1.705943 0.115938 1.705943 0.115938
1.739068 0.115938 1.739068 0.115938
1.772193 0.115938 1.772193 0.115938
1.805318 0.115938 1.805318 0.115938
1.838443 0.115938 1.838443 0.115938
1.871568 0.115938 1.871568 0.115938
1.904694 0.115938 1.904694 0.115938
1.937819 0.115938 1.937819 0.115938
1.970944 0.115938 1.970944 0.115938
2.004069 0.115938 2.004069 0.115938
2.037194 0.115938 2.037194 0.115938
2.070319 0.115938 2.070319 0.115938
2.103444 0.115938 2.103444 0.115938
-2.103444 0.149063 -2.103444 0.149063
-2.070319 0.149063 -2.070319 0.149063
-2.037194 0.149063 -2.037194 0.149063
-2.004069 0.149063 -2.004069 0.149063
-1.970944 0.149063 -1.970944 0.149063
-1.937819 0.149063 -1.937819 0.149063
-1.904694 0.149063 -1.904694 0.149063
-1.871568 0.149063 -1.871568 0.149063
-1.838443 0.149063 -1.838443 0.149063
-1.805318 0.149063 -1.805318 0.149063
-1.772193 0.149063 -1.772193 0.149063
-1.739068 0.149063 -1.739068 0.149063
-1.705943 0.149063 -1.705943 0.149063
-1.672818 0.149063 -1.672818 0.149063
-1.639693 0.149063 -1.639693 0.149063
-1.606568 0.149063 -1.606568 0.149063
-1.573443 0.149063 -1.573443 0.149063
-1.540317 0.149063 -1.540317 0.149063
-1.507192 0.149063 -0.138730 0.149063
-1.474067 0.149063 -0.119512 0.149063
-1.440942 0.149063 -0.100294 0.149063
-1.407817 0.149063 -0.081076 0.149063
-1.374692 0.149063 -0.061857 0.149063
-1.341567 0.149063 -0.042639 0.149063
-1.308442 0.149063 -0.023421 0.149063
-1.275317 0.149063 -0.004203 0.149063
-1.242191 0.149063 0.015016 0.149063
-1.209066 0.149063 0.034234 0.149063
-1.175941 0.149063 0.053452 0.149063
-1.142816 0.149063 0.072670 0.149063
-1.109691 0.149063 0.091888 0.149063
-1.076566 0.149063 0.111106 0.149063
-1.043441 0.149063 0.130325 0.149063
-1.010316 0.149063 0.149543 0.149063
-0.977191 0.149063 0.168761 0.149063
-0.944066 0.149063 0.187979 0.149063
-0.910940 0.149063 0.207197 0.149063
-0.877815 0.149063 0.226416 0.149063
-0.844690 0.149063 0.245634 0.149063
-0.811565 0.149063 0.264852 0.149063
-0.778440 0.149063 0.284070 0.149063
-0.745315 0.149063 0.303288 0.149063
-0.712190 0.149063 0.322507 0.149063
-0.679065 0.149063 0.341725 0.149063
-0.645940 0.149063 0.360943 0.149063
-0.612814 0.149063 0.380161 0.149063
-0.579689 0.149063 0.399379 0.149063
-0.546564 0.149063 0.418598 0.149063
-0.513439 0.149063 0.008052 0.149063
-0.480314 0.149063 0.041178 0.149063
-0.447189 0.149063 0.074303 0.149063
-0.414064 0.149063 0.107428 0.149063
-0.380939 0.149063 0.140553 0.149063
-0.347814 0.149063 0.173678 0.149063
-0.314689 0.149063 0.206803 0.149063
-0.281563 0.149063 0.239928 0.149063
-0.248438 0.149063 0.273053 0.149063
-0.215313 0.149063 0.306178 0.149063
-0.182188 0.149063 0.339304 0.149063
-0.149063 0.149063 0.372429 0.149063
-0.115938 0.149063 0.405554 0.149063
-0.082813 0.149063 0.438679 0.149063
-0.049688 0.149063 0.471804 0.149063
-0.016563 0.149063 0.504929 0.149063
0.016563 0.149063 -0.504929 0.149063
0.049688 0.149063 -0.471804 0.149063
0.082813 0.149063 -0.438679 0.149063
0.115938 0.149063 -0.405554 0.149063
0.149063 0.149063 -0.372429 0.149063
0.182188 0.149063 -0.339304 0.149063
0.215313 0.149063 -0.306178 0.149063
0.248438 0.149063 -0.273053 0.149063
0.281563 0.149063 -0.239928 0.149063
0.314689 0.149063 -0.206803 0.149063
0.347814 0.149063 -0.173678 0.149063
0.380939 0.149063 -0.140553 0.149063
0.414064 0.149063 -0.107428 0.149063
0.447189 0.149063 -0.074303 0.149063
0.480314 0.149063 -0.041178 0.149063
0.513439 0.149063 -0.008052 0.149063
0.546564 0.149063 -0.418598 0.149063
0.579689 0.149063 -0.399379 0.149063
0.612814 0.149063 -0.380161 0.149063
0.645940 0.149063 -0.360943 0.149063
0.679065 0.149063 -0.341725 0.149063
0.712190 0.149063 -0.322507 0.149063
0.745315 0.149063 -0.303288 0.149063
0.778440 0.149063 -0.284070 0.149063
0.811565 0.149063 -0.264852 0.149063
0.844690 0.149063 -0.245634 0.149063
0.877815 0.149063 -0.226416 0.149063
0.910940 0.149063 -0.207197 0.149063
0.944066 0.149063 -0.187979 0.149063
0.977191 0.149063 -0.168761 0.149063
1.010316 0.149063 -0.149543 0.149063
1.043441 0.149063 -0.130325 0.149063
1.076566 0.149063 -0.111106 0.149063
1.109691 0.149063 -0.091888 0.149063
1.142816 0.149063 -0.072670 0.149063
1.175941 0.149063 -0.053452 0.149063
1.209066 0.149063 -0.034234 0.149063
1.242191 0.149063 -0.015016 0.149063
1.275317 0.149063 0.004203 0.149063
1.308442 0.149063 0.023421 0.149063
1.341567 0.149063 0.042639 0.149063
1.374692 0.149063 0.061857 0.149063
1.407817 0.149063 0.081076 0.149063
1.440942 0.149063 0.100294 0.149063
1.474067 0.149063 0.119512 0.149063
1.507192 0.149063 0.138730 0.149063
1.540317 0.149063 1.540317 0.149063
1.573443 0.149063 1.573443 0.149063
1.606568 0.149063 1.606568 0.149063
1.639693 0.149063 1.639693 0.149063
1.672818 0.149063 1.672818 0.149063
1.705943 0.149063 1.705943 0.149063
1.739068 0.149063 1.739068 0.149063
1.772193 0.149063 1.772193 0.149063
1.805318 0.149063 1.805318 0.149063
1.838443 0.149063 1.838443 0.149063
1.871568 0.149063 1.871568 0.149063
1.904694 0.149063 1.904694 0.149063
1.937819 0.149063 1.937819 0.149063
1.970944 0.149063 1.970944 0.149063
2.004069 0.149063 2.004069 0.149063
2.037194 0.149063 2.037194 0.149063
2.070319 0.149063 2.070319 0.149063
2.103444 0.149063 2.103444 0.149063
-2.103444 0.182188 -2.103444 0.182188
-2.070319 0.182188 -2.070319 0.182188
-2.037194 0.182188 -2.037194 0.182188
-2.004069 0.182188 -2.004069 0.182188
-1.970944 0.182188 -1.970944 0.182188
-1.937819 0.182188 -1.937819 0.182188
-1.904694 0.182188 -1.904694 0.182188
-1.871568 0.182188 -1.871568 0.182188
-1.838443 0.182188 -1.838443 0.182188
-1.805318 0.182188 -1.805318 0.182188
-1.772193 0.182188 -1.772193 0.182188
-1.739068 0.182188 -1.739068 0.182188
-1.705943 0.182188 -1.705943 0.182188
-1.672818 0.182188 -1.672818 0.182188
-1.639693 0.182188 -1.639693 0.182188
-1.606568 0.182188 -1.606568 0.182188
-1.573443 0.182188 -1.573443 0.182188
-1.540317 0.182188 -1.540317 0.182188
-1.507192 0.182188 -1.507192 0.182188
-1.474067 0.182188 -0.119512 0.182188
-1.440942 0.182188 -0.100294 0.182188
-1.407817 0.182188 -0.081076 0.182188
-1.374692 0.182188 -0.061857 0.182188
-1.341567 0.182188 -0.042639 0.182188
-1.308442 0.182188 -0.023421 0.182188
-1.275317 0.182188 -0.004203 0.182188
-1.242191 0.182188 0.015016 0.182188
-1.209066 0.182188 0.034234 0.182188
-1.175941 0.182188 0.053452 0.182188
-1.142816 0.182188 0.072670 0.182188
-1.109691 0.182188 0.091888 0.182188
-1.076566 0.182188 0.111106 0.182188
-1.043441 0.182188 0.130325 0.182188
-1.010316 0.182188 0.149543 0.182188
-0.977191 0.182188 0.168761 0.182188
-0.944066 0.182188 0.187979 0.182188
-0.910940 0.182188 0.207197 0.182188
-0.877815 0.182188 0.226416 0.182188
-0.844690 0.182188 0.245634 0.182188
-0.811565 0.182188 0.264852 0.182188
-0.778440 0.182188 0.284070 0.182188
-0.745315 0.182188 0.303288 0.182188
-0.712190 0.182188 0.322507 0.182188
-0.679065 0.182188 0.341725 0.182188
-0.645940 0.182188 0.360943 0.182188
-0.612814 0.182188 0.380161 0.182188
-0.579689 0.182188 0.399379 0.182188
-0.546564 0.182188 0.418598 0.182188
-0.513439 0.182188 0.008052 0.182188
-0.480314 0.182188 0.041178 0.182188
-0.447189 0.182188 0.074303 0.182188
-0.414064 0.182188 0.107428 0.182188
-0.380939 0.182188 0.140553 0.182188
-0.347814 0.182188 0.173678 0.182188
-0.314689 0.182188 0.206803 0.182188
-0.281563 0.182188 0.239928 0.182188
-0.248438 0.182188 0.273053 0.182188
-0.215313 0.182188 0.306178 0.182188
-0.182188 0.182188 0.339304 0.182188
-0.149063 0.182188 0.372429 0.182188
-0.115938 0.182188 0.405554 0.182188
-0.082813 0.182188 0.438679 0.182188
-0.049688 0.182188 0.471804 0.182188
-0.016563 0.182188 0.504929 0.182188
0.016563 0.182188 -0.504929 0.182188
0.049688 0.182188 -0.471804 0.182188
0.082813 0.182188 -0.438679 0.182188
0.115938 0.182188 -0.405554 0.182188
0.149063 0.182188 -0.372429 0.182188
0.182188 0.182188 -0.339304 0.182188
0.215313 0.182188 -0.306178 0.182188
0.248438 0.182188 -0.273053 0.182188
0.281563 0.182188 -0.239928 0.182188
0.314689 0.182188 -0.206803 0.182188
0.347814 0.182188 -0.173678 0.182188
0.380939 0.182188 -0.140553 0.182188
0.414064 0.182188 -0.107428 0.182188
0.447189 0.182188 -0.074303 0.182188
0.480314 0.182188 -0.041178 0.182188
0.513439 0.182188 -0.008052 0.182188
0.546564 0.182188 -0.418598 0.182188
0.579689 0.182188 -0.399379 0.182188
0.612814 0.182188 -0.380161 0.182188
0.645940 0.182188 -0.360943 0.182188
0.679065 0.182188 -0.341725 0.182188
0.712190 0.182188 -0.322507 0.182188
0.745315 0.182188 -0.303288 0.182188
0.778440 0.182188 -0.284070 0.182188
0.811565 0.182188 -0.264852 0.182188
0.844690 0.182188 -0.245634 0.182188
0.877815 0.182188 -0.226416 0.182188
0.910940 0.182188 -0.207197 0.182188
0.944066 0.182188 -0.187979 0.182188
0.977191 0.182188 -0.168761 0.182188
1.010316 0.182188 -0.149543 0.182188
1.043441 0.182188 -0.130325 0.182188
1.076566 0.182188 -0.111106 0.182188
1.109691 0.182188 -0.091888 0.182188
1.142816 0.182188 -0.072670 0.182188
1.175941 0.182188 -0.053452 0.182188
1.209066 0.182188 -0.034234 0.182188
1.242191 0.182188 -0.015016 0.182188
1.275317 0.182188 0.004203 0.182188
1.308442 0.182188 0.023421 0.182188
1.341567 0.182188 0.042639 0.182188
1.374692 0.182188 0.061857 0.182188
1.407817 0.182188 0.081076 0.182188
1.440942 0.182188 0.100294 0.182188
1.474067 0.182188 0.119512 0.182188
1.507192 0.182188 1.507192 0.182188
1.540317 0.182188 1.540317 0.182188
1.573443 0.182188 1.573443 0.182188
1.606568 0.182188 1.606568 0.182188
1.639693 0.182188 1.639693 0.182188
1.672818 0.182188 1.672818 0.182188
1.705943 0.182188 1.705943 0.182188
1.739068 0.182188 1.739068 0.182188
1.772193 0.182188 1.772193 0.182188
1.805318 0.182188 1.805318 0.182188
1.838443 0.182188 1.838443 0.182188
1.871568 0.182188 1.871568 0.182188
1.904694 0.182188 1.904694 0.182188
1.937819 0.182188 1.937819 0.182188
1.970944 0.182188 1.970944 0.182188
2.004069 0.182188 2.004069 0.182188
2.037194 0.182188 2.037194 0.182188
2.070319 0.182188 2.070319 0.182188
2.103444 0.182188 2.103444 0.182188
-2.103444 0.215313 -2.103444 0.215313
-2.070319 0.215313 -2.070319 0.215313
-2.037194 0.215313 -2.037194 0.215313
-2.004069 0.215313 -2.004069 0.215313
-1.970944 0.215313 -1.970944 0.215313
-1.937819 0.215313 -1.937819 0.215313
-1.904694 0.215313 -1.904694 0.215313
-1.871568 0.215313 -1.871568 0.215313
-1.838443 0.215313 -1.838443 0.215313
-1.805318 0.215313 -1.805318 0.215313
-1.772193 0.215313 -1.772193 0.215313
-1.739068 0.215313 -1.739068 0.215313
-1.705943 0.215313 -1.705943 0.215313
-1.672818 0.215313 -1.672818 0.215313
-1.639693 0.215313 -1.639693 0.215313
-1.606568 0.215313 -1.606568 0.215313
-1.573443 0.215313 -1.573443 0.215313
-1.540317 0.215313 -1.540317 0.215313
-1.507192 0.215313 -1.507192 0.215313
-1.474067 0.215313 -0.119512 0.215313
-1.440942 0.215313 -0.100294 0.215313
-1.407817 0.215313 -0.081076 0.215313
-1.374692 0.215313 -0.061857 0.215313
-1.341567 0.215313 -0.042639 0.215313
-1.308442 0.215313 -0.023421 0.215313
-1.275317 0.215313 -0.004203 0.215313
-1.242191 0.215313 0.015016 0.215313
-1.209066 0.215313 0.034234 0.215313
-1.175941 0.215313 0.053452 0.215313
-1.142816 0.215313 0.072670 0.215313
-1.109691 0.215313 0.091888 0.215313
-1.076566 0.215313 0.111106 0.215313
-1.043441 0.215313 0.130325 0.215313
-1.010316 0.215313 0.149543 0.215313
-0.977191 0.215313 0.168761 0.215313
-0.944066 0.215313 0.187979 0.215313
-0.910940 0.215313 0.207197 0.215313
-0.877815 0.215313 0.226416 0.215313
-0.844690 0.215313 0.245634 0.215313
-0.811565 0.215313 0.264852 0.215313
-0.778440 0.215313 0.284070 0.215313
-0.745315 0.215313 0.303288 0.215313
-0.712190 0.215313 0.322507 0.215313
-0.679065 0.215313 0.341725 0.215313
-0.645940 0.215313 0.360943 0.215313
-0.612814 0.215313 0.380161 0.215313
-0.579689 0.215313 0.399379 0.215313
-0.546564 0.215313 0.418598 0.215313
-0.513439 0.215313 0.008052 0.215313
-0.480314 0.215313 0.041178 0.215313
-0.447189 0.215313 0.074303 0.215313
-0.414064 0.215313 0.107428 0.215313
-0.380939 0.215313 0.140553 0.215313
-0.347814 0.215313 0.173678 0.215313
-0.314689 0.215313 0.206803 0.215313
-0.281563 0.215313 0.239928 0.215313
-0.248438 0.215313 0.273053 0.215313
-0.215313 0.215313 0.306178 0.215313
-0.182188 0.215313 0.339304 0.215313
-0.149063 0.215313 0.372429 0.215313
-0.115938 0.215313 0.405554 0.215313
-0.082813 0.215313 0.438679 0.215313
-0.049688 0.215313 0.471804 0.215313
-0.016563 0.215313 0.504929 0.215313
0.016563 0.215313 -0.504929 0.215313
0.049688 0.215313 -0.471804 0.215313
0.082813 0.215313 -0.438679 0.215313
0.115938 0.215313 -0.405554 0.215313
0.149063 0.215313 -0.372429 0.215313
0.182188 0.215313 -0.339304 0.215313
0.215313 0.215313 -0.306178 0.215313
0.248438 0.215313 -0.273053 0.215313
0.281563 0.215313 -0.239928 0.215313
0.314689 0.215313 -0.206803 0.215313
0.347814 0.215313 -0.173678 0.215313
0.380939 0.215313 -0.140553 0.215313
0.414064 0.215313 -0.107428 0.215313
0.447189 0.215313 -0.074303 0.215313
0.480314 0.215313 -0.041178 0.215313
0.513439 0.215313 -0.008052 0.215313
0.546564 0.215313 -0.418598 0.215313
0.579689 0.215313 -0.399379 0.215313
0.612814 0.215313 -0.380161 0.215313
0.645940 0.215313 -0.360943 0.215313
0.679065 0.215313 -0.341725 0.215313
0.712190 0.215313 -0.322507 0.215313
0.745315 0.215313 -0.303288 0.215313
0.778440 0.215313 -0.284070 0.215313
0.811565 0.215313 -0.264852 0.215313
0.844690 0.215313 -0.245634 0.215313
0.877815 0.215313 -0.226416 0.215313
0.910940 0.215313 -0.207197 0.215313
0.944066 0.215313 -0.187979 0.215313
0.977191 0.215313 -0.168761 0.215313
1.010316 0.215313 -0.149543 0.215313
1.043441 0.215313 -0.130325 0.215313
1.076566 0.215313 -0.111106 0.215313
1.109691 0.215313 -0.091888 0.215313
1.142816 0.215313 -0.072670 0.215313
1.175941 0.215313 -0.053452 0.215313
1.209066 0.215313 -0.034234 0.215313
1.242191 0.215313 -0.015016 0.215313
1.275317 0.215313 0.004203 0.215313
1.308442 0.215313 0.023421 0.215313
1.341567 0.215313 0.042639 0.215313
1.374692 0.215313 0.061857 0.215313
1.407817 0.215313 0.081076 0.215313
1.440942 0.215313 0.100294 0.215313
1.474067 0.215313 0.119512 0.215313
1.507192 0.215313 1.507192 0.215313
1.540317 0.215313 1.540317 0.215313
1.573443 0.215313 1.573443 0.215313
1.606568 0.215313 1.606568 0.215313
1.639693 0.215313 1.639693 0.215313
1.672818 0.215313 1.672818 0.215313
1.705943 0.215313 1.705943 0.215313
1.739068 0.215313 1.739068 0.215313
1.772193 0.215313 1.772193 0.215313
1.805318 0.215313 1.805318 0.215313
1.838443 0.215313 1.838443 0.215313
1.871568 0.215313 1.871568 0.215313
1.904694 0.215313 1.904694 0.215313
1.937819 0.215313 1.937819 0.215313
1.970944 0.215313 1.970944 0.215313
2.004069 0.215313 2.004069 0.215313
2.037194 0.215313 2.037194 0.215313
2.070319 0.215313 2.070319 0.215313
2.103444 0.215313 2.103444 0.215313
-2.103444 0.248438 -2.103444 0.248438
-2.070319 0.248438 -2.070319 0.248438
-2.037194 0.248438 -2.037194 0.248438
-2.004069 0.248438 -2.004069 0.248438
-1.970944 0.248438 -1.970944 0.248438
-1.937819 0.248438 -1.937819 0.248438
-1.904694 0.248438 -1.904694 0.248438
-1.871568 0.248438 -1.871568 0.248438
-1.838443 0.248438 -1.838443 0.248438
-1.805318 0.248438 -1.805318 0.248438
-1.772193 0.248438 -1.772193 0.248438
-1.739068 0.248438 -1.739068 0.248438
-1.705943 0.248438 -1.705943 0.248438
-1.672818 0.248438 -1.672818 0.248438
-1.639693 0.248438 -1.639693 0.248438
-1.606568 0.248438 -1.606568 0.248438
-1.573443 0.248438 -1.573443 0.248438
-1.540317 0.248438 -1.540317 0.248438
-1.507192 0.248438 -1.507192 0.248438
-1.474067 0.248438 -1.474067 0.248438
-1.440942 0.248438 -0.100294 0.248438
-1.407817 0.248438 -0.081076 0.248438
-1.374692 0.248438 -0.061857 0.248438
-1.341567 0.248438 -0.042639 0.248438
-1.308442 0.248438 -0.023421 0.248438
-1.275317 0.248438 -0.004203 0.248438
-1.242191 0.248438 0.015016 0.248438
-1.209066 0.248438 0.034234 0.248438
-1.175941 0.248438 0.053452 0.248438
-1.142816 0.248438 0.072670 0.248438
-1.109691 0.248438 0.091888 0.248438
-1.076566 0.248438 0.111106 0.248438
-1.043441 0.248438 0.130325 0.248438
-1.010316 0.248438 0.149543 0.248438
-0.977191 0.248438 0.168761 0.248438
-0.944066 0.248438 0.187979 0.248438
-0.910940 0.248438 0.207197 0.248438
-0.877815 0.248438 0.226416 0.248438
-0.844690 0.248438 0.245634 0.248438
-0.811565 0.248438 0.264852 0.248438
-0.778440 0.248438 0.284070 0.248438
-0.745315 0.248438 0.303288 0.248438
-0.712190 0.248438 0.322507 0.248438
-0.679065 0.248438 0.341725 0.248438
-0.645940 0.248438 0.360943 0.248438
-0.612814 0.248438 0.380161 0.248438
-0.579689 0.248438 0.399379 0.248438
-0.546564 0.248438 0.418598 0.248438
-0.513439 0.248438 0.008052 0.248438
-0.480314 0.248438 0.041178 0.248438
-0.447189 0.248438 0.074303 0.248438
-0.414064 0.248438 0.107428 0.248438
-0.380939 0.248438 0.140553 0.248438
-0.347814 0.248438 0.173678 0.248438
-0.314689 0.248438 0.206803 0.248438
-0.281563 0.248438 0.239928 0.248438
-0.248438 0.248438 0.273053 0.248438
-0.215313 0.248438 0.306178 0.248438
-0.182188 0.248438 0.339304 0.248438
-0.149063 0.248438 0.372429 0.248438
-0.115938 0.248438 0.405554 0.248438
-0.082813 0.248438 0.438679 0.248438
-0.049688 0.248438 0.471804 0.248438
-0.016563 0.248438 0.504929 0.248438
0.016563 0.248438 -0.504929 0.248438
0.049688 0.248438 -0.471804 0.248438
0.082813 0.248438 -0.438679 0.248438
0.115938 0.248438 -0.405554 0.248438
0.149063 0.248438 -0.372429 0.248438
0.182188 0.248438 -0.339304 0.248438
0.215313 0.248438 -0.306178 0.248438
0.248438 0.248438 -0.273053 0.248438
0.281563 0.248438 -0.239928 0.248438
0.314689 0.248438 -0.206803 0.248438
0.347814 0.248438 -0.173678 0.248438
0.380939 0.248438 -0.140553 0.248438
0.414064 0.248438 -0.107428 0.248438
0.447189 0.248438 -0.074303 0.248438
0.480314 0.248438 -0.041178 0.248438
0.513439 0.248438 -0.008052 0.248438
0.546564 0.248438 -0.418598 0.248438
0.579689 0.248438 -0.399379 0.248438
0.612814 0.248438 -0.380161 0.248438
0.645940 0.248438 -0.360943 0.248438
0.679065 0.248438 -0.341725 0.248438
0.712190 0.248438 -0.322507 0.248438
0.745315 0.248438 -0.303288 0.248438
0.778440 0.248438 -0.284070 0.248438
0.811565 0.248438 -0.264852 0.248438
0.844690 0.248438 -0.245634 0.248438
0.877815 0.248438 -0.226416 0.248438
0.910940 0.248438 -0.207197 0.248438
0.944066 0.248438 -0.187979 0.248438
0.977191 0.248438 -0.168761 0.248438
1.010316 0.248438 -0.149543 0.248438
1.043441 0.248438 -0.130325 0.248438
1.076566 0.248438 -0.111106 0.248438
1.109691 0.248438 -0.091888 0.248438
1.142816 0.248438 -0.072670 0.248438
1.175941 0.248438 -0.053452 0.248438
1.209066 0.248438 -0.034234 0.248438
1.242191 0.248438 -0.015016 0.248438
1.275317 0.248438 0.004203 0.248438
1.308442 0.248438 0.023421 0.248438
1.341567 0.248438 0.042639 0.248438
1.374692 0.248438 0.061857 0.248438
1.407817 0.248438 0.081076 0.248438
1.440942 0.248438 0.100294 0.248438
1.474067 0.248438 1.474067 0.248438
1.507192 0.248438 1.507192 0.248438
1.540317 0.248438 1.540317 0.248438
1.573443 0.248438 1.573443 0.248438
1.606568 0.248438 1.606568 0.248438
1.639693 0.248438 1.639693 0.248438
1.672818 0.248438 1.672818 0.248438
1.705943 0.248438 1.705943 0.248438
1.739068 0.248438 1.739068 0.248438
1.772193 0.248438 1.772193 0.248438
1.805318 0.248438 1.805318 0.248438
1.838443 0.248438 1.838443 0.248438
1.871568 0.248438 1.871568 0.248438
1.904694 0.248438 1.904694 0.248438
1.937819 0.248438 1.937819 0.248438
1.970944 0.248438 1.970944 0.248438
2.004069 0.248438 2.004069 0.248438
2.037194 0.248438 2.037194 0.248438
2.070319 0.248438 2.070319 0.248438
2.103444 0.248438 2.103444 0.248438
-2.103444 0.281563 -2.103444 0.281563
-2.070319 0.281563 -2.070319 0.281563
-2.037194 0.281563 -2.037194 0.281563
-2.004069 0.281563 -2.004069 0.281563
-1.970944 0.281563 -1.970944 0.281563
-1.937819 0.281563 -1.937819 0.281563
-1.904694 0.281563 -1.904694 0.281563
-1.871568 0.281563 -1.871568 0.281563
-1.838443 0.281563 -1.838443 0.281563
-1.805318 0.281563 -1.805318 0.281563
-1.772193 0.281563 -1.772193 0.281563
-1.739068 0.281563 -1.739068 0.281563
-1.705943 0.281563 -1.705943 0.281563
-1.672818 0.281563 -1.672818 0.281563
-1.639693 0.281563 -1.639693 0.281563
-1.606568 0.281563 -1.606568 0.281563
-1.573443 0.281563 -1.573443 0.281563
-1.540317 0.281563 -1.540317 0.281563
-1.507192 0.281563 -1.507192 0.281563
-1.474067 0.281563 -1.474067 0.281563
-1.440942 0.281563 -0.100294 0.281563
-1.407817 0.281563 -0.081076 0.281563
-1.374692 0.281563 -0.061857 0.281563
-1.341567 0.281563 -0.042639 0.281563
-1.308442 0.281563 -0.023421 0.281563
-1.275317 0.281563 -0.004203 0.281563
-1.242191 0.281563 0.015016 0.281563
-1.209066 0.281563 0.034234 0.281563
-1.175941 0.281563 0.053452 0.281563
-1.142816 0.281563 0.072670 0.281563
-1.109691 0.281563 0.091888 0.281563
-1.076566 0.281563 0.111106 0.281563
-1.043441 0.281563 0.130325 0.281563
-1.010316 0.281563 0.149543 0.281563
-0.977191 0.281563 0.168761 0.281563
-0.944066 0.281563 0.187979 0.281563
-0.910940 0.281563 0.207197 0.281563
-0.877815 0.281563 0.226416 0.281563
-0.844690 0.281563 0.245634 0.281563
-0.811565 0.281563 0.264852 0.281563
-0.778440 0.281563 0.284070 0.281563
-0.745315 0.281563 0.303288 0.281563
-0.712190 0.281563 0.322507 0.281563
-0.679065 0.281563 0.341725 0.281563
-0.645940 0.281563 0.360943 0.281563
-0.612814 0.281563 0.380161 0.281563
-0.579689 0.281563 0.399379 0.281563
-0.546564 0.281563 0.418598 0.281563
-0.513439 0.281563 0.008052 0.281563
-0.480314 0.281563 0.041178 0.281563
-0.447189 0.281563 0.074303 0.281563
-0.414064 0.281563 0.107428 0.281563
-0.380939 0.281563 0.140553 0.281563
-0.347814 0.281563 0.173678 0.281563
-0.314689 0.281563 0.206803 0.281563
-0.281563 0.281563 0.239928 0.281563
-0.248438 0.281563 0.273053 0.281563
-0.215313 0.281563 0.306178 0.281563
-0.182188 0.281563 0.339304 0.281563
-0.149063 0.281563 0.372429 0.281563
-0.115938 0.281563 0.405554 0.281563
-0.082813 0.281563 0.438679 0.281563
-0.049688 0.281563 0.471804 0.281563
-0.016563 0.281563 0.504929 0.281563
0.016563 0.281563 -0.504929 0.281563
0.049688 0.281563 -0.471804 0.281563
0.082813 0.281563 -0.438679 0.281563
0.115938 0.281563 -0.405554 0.281563
0.149063 0.281563 -0.372429 0.281563
0.182188 0.281563 -0.339304 0.281563
0.215313 0.281563 -0.306178 0.281563
0.248438 0.281563 -0.273053 0.281563
0.281563 0.281563 -0.239928 0.281563
0.314689 0.281563 -0.206803 0.281563
0.347814 0.281563 -0.173678 0.281563
0.380939 0.281563 -0.140553 0.281563
0.414064 0.281563 -0.107428 0.281563
0.447189 0.281563 -0.074303 0.281563
0.480314 0.281563 -0.041178 0.281563
0.513439 0.281563 -0.008052 0.281563
0.546564 0.281563 -0.418598 0.281563
0.579689 0.281563 -0.399379 0.281563
0.612814 0.281563 -0.380161 0.281563
0.645940 0.281563 -0.360943 0.281563
0.679065 0.281563 -0.341725 0.281563
0.712190 0.281563 -0.322507 0.281563
0.745315 0.281563 -0.303288 0.281563
0.778440 0.281563 -0.284070 0.281563
0.811565 0.281563 -0.264852 0.281563
0.844690 0.281563 -0.245634 0.281563
0.877815 0.281563 -0.226416 0.281563
0.910940 0.281563 -0.207197 0.281563
0.944066 0.281563 -0.187979 0.281563
0.977191 0.281563 -0.168761 0.281563
1.010316 0.281563 -0.149543 0.281563
1.043441 0.281563 -0.130325 0.281563
1.076566 0.281563 -0.111106 0.281563
1.109691 0.281563 -0.091888 0.281563
1.142816 0.281563 -0.072670 0.281563
1.175941 0.281563 -0.053452 0.281563
1.209066 0.281563 -0.034234 0.281563
1.242191 0.281563 -0.015016 0.281563
1.275317 0.281563 0.004203 0.281563
1.308442 0.281563 0.023421 0.281563
1.341567 0.281563 0.042639 0.281563
1.374692 0.281563 0.061857 0.281563
1.407817 0.281563 0.081076 0.281563
1.440942 0.281563 0.100294 0.281563
1.474067 0.281563 1.474067 0.281563
1.507192 0.281563 1.507192 0.281563
1.540317 0.281563 1.540317 0.281563
1.573443 0.281563 1.573443 0.281563
1.606568 0.281563 1.606568 0.281563
1.639693 0.281563 1.639693 0.281563
1.672818 0.281563 1.672818 0.281563
1.705943 0.281563 1.705943 0.281563
1.739068 0.281563 1.739068 0.281563
1.772193 0.281563 1.772193 0.281563
1.805318 0.281563 1.805318 0.281563
1.838443 0.281563 1.838443 0.281563
1.871568 0.281563 1.871568 0.281563
1.904694 0.281563 1.904694 0.281563
1.937819 0.281563 1.937819 0.281563
1.970944 0.281563 1.970944 0.281563
2.004069 0.281563 2.004069 0.281563
2.037194 0.281563 2.037194 0.281563
2.070319 0.281563 2.070319 0.281563
2.103444 0.281563 2.103444 0.281563
-2.103444 0.314689 -2.103444 0.314689
-2.070319 0.314689 -2.070319 0.314689
-2.037194 0.314689 -2.037194 0.314689
-2.004069 0.314689 -2.004069 0.314689
-1.970944 0.314689 -1.970944 0.314689
-1.937819 0.314689 -1.937819 0.314689
-1.904694 0.314689 -1.904694 0.314689
-1.871568 0.314689 -1.871568 0.314689
-1.838443 0.314689 -1.838443 0.314689
-1.805318 0.314689 -1.805318 0.314689
-1.772193 0.314689 -1.772193 0.314689
-1.739068 0.314689 -1.739068 0.314689
-1.705943 0.314689 -1.705943 0.314689
-1.672818 0.314689 -1.672818 0.314689
-1.639693 0.314689 -1.639693 0.314689
-1.606568 0.314689 -1.606568 0.314689
-1.573443 0.314689 -1.573443 0.314689
-1.540317 0.314689 -1.540317 0.314689
-1.507192 0.314689 -1.507192 0.314689
-1.474067 0.314689 -1.474067 0.314689
-1.440942 0.314689 -1.440942 0.314689
-1.407817 0.314689 -0.081076 0.314689
-1.374692 0.314689 -0.061857 0.314689
-1.341567 0.314689 -0.042639 0.314689
-1.308442 0.314689 -0.023421 0.314689
-1.275317 0.314689 -0.004203 0.314689
-1.242191 0.314689 0.015016 0.314689
-1.209066 0.314689 0.034234 0.314689
-1.175941 0.314689 0.053452 0.314689
-1.142816 0.314689 0.072670 0.314689
-1.109691 0.314689 0.091888 0.314689
-1.076566 0.314689 0.111106 0.314689
-1.043441 0.314689 0.130325 0.314689
-1.010316 0.314689 0.149543 0.314689
-0.977191 0.314689 0.168761 0.314689
-0.944066 0.314689 0.187979 0.314689
-0.910940 0.314689 0.207197 0.314689
-0.877815 0.314689 0.226416 0.314689
-0.844690 0.314689 0.245634 0.314689
-0.811565 0.314689 0.264852 0.314689
-0.778440 0.314689 0.284070 0.314689
-0.745315 0.314689 0.303288 0.314689
-0.712190 0.314689 0.322507 0.314689
-0.679065 0.314689 0.341725 0.314689
-0.645940 0.314689 0.360943 0.314689
-0.612814 0.314689 0.380161 0.314689
-0.579689 0.314689 0.399379 0.314689
-0.546564 0.314689 0.418598 0.314689
-0.513439 0.314689 0.008052 0.314689
-0.480314 0.314689 0.041178 0.314689
-0.447189 0.314689 0.074303 0.314689
-0.414064 0.314689 0.107428 0.314689
-0.380939 0.314689 0.140553 0.314689
-0.347814 0.314689 0.173678 0.314689
-0.314689 0.314689 0.206803 0.314689
-0.281563 0.314689 0.239928 0.314689
-0.248438 0.314689 0.273053 0.314689
-0.215313 0.314689 0.306178 0.314689
-0.182188 0.314689 0.339304 0.314689
-0.149063 0.314689 0.372429 0.314689
-0.115938 0.314689 0.405554 0.314689
-0.082813 0.314689 0.438679 0.314689
-0.049688 0.314689 0.471804 0.314689
-0.016563 0.314689 0.504929 0.314689
0.016563 0.314689 -0.504929 0.314689
0.049688 0.314689 -0.471804 0.314689
0.082813 0.314689 -0.438679 0.314689
0.115938 0.314689 -0.405554 0.314689
0.149063 0.314689 -0.372429 0.314689
0.182188 0.314689 -0.339304 0.314689
0.215313 0.314689 -0.306178 0.314689
0.248438 0.314689 -0.273053 0.314689
0.281563 0.314689 -0.239928 0.314689
0.314689 0.314689 -0.206803 0.314689
0.347814 0.314689 -0.173678 0.314689
0.380939 0.314689 -0.140553 0.314689
0.414064 0.314689 -0.107428 0.314689
0.447189 0.314689 -0.074303 0.314689
0.480314 0.314689 -0.041178 0.314689
0.513439 0.314689 -0.008052 0.314689
0.546564 0.314689 -0.418598 0.314689
0.579689 0.314689 -0.399379 0.314689
0.612814 0.314689 -0.380161 0.314689
0.645940 0.314689 -0.360943 0.314689
0.679065 0.314689 -0.341725 0.314689
0.712190 0.314689 -0.322507 0.314689
0.745315 0.314689 -0.303288 0.314689
0.778440 0.314689 -0.284070 0.314689
0.811565 0.314689 -0.264852 0.314689
0.844690 0.314689 -0.245634 0.314689
0.877815 0.314689 -0.226416 0.314689
0.910940 0.314689 -0.207197 0.314689
0.944066 0.314689 -0.187979 0.314689
0.977191 0.314689 -0.168761 0.314689
1.010316 0.314689 -0.149543 0.314689
1.043441 0.314689 -0.130325 0.314689
1.076566 0.314689 -0.111106 0.314689
1.109691 0.314689 -0.091888 0.314689
1.142816 0.314689 -0.072670 0.314689
1.175941 0.314689 -0.053452 0.314689
1.209066 0.314689 -0.034234 0.314689
1.242191 0.314689 -0.015016 0.314689
1.275317 0.314689 0.004203 0.314689
1.308442 0.314689 0.023421 0.314689
1.341567 0.314689 0.042639 0.314689
1.374692 0.314689 0.061857 0.314689
1.407817 0.314689 0.081076 0.314689
1.440942 0.314689 1.440942 0.314689
1.474067 0.314689 1.474067 0.314689
1.507192 0.314689 1.507192 0.314689
1.540317 0.314689 1.540317 0.314689
1.573443 0.314689 1.573443 0.314689
1.606568 0.314689 1.606568 0.314689
1.639693 0.314689 1.639693 0.314689
1.672818 0.314689 1.672818 0.314689
1.705943 0.314689 1.705943 0.314689
1.739068 0.314689 1.739068 0.314689
1.772193 0.314689 1.772193 0.314689
1.805318 0.314689 1.805318 0.314689
1.838443 0.314689 1.838443 0.314689
1.871568 0.314689 1.871568 0.314689
1.904694 0.314689 1.904694 0.314689
1.937819 0.314689 1.937819 0.314689
1.970944 0.314689 1.970944 0.314689
2.004069 0.314689 2.004069 0.314689
2.037194 0.314689 2.037194 0.314689
2.070319 0.314689 2.070319 0.314689
2.103444 0.314689 2.103444 0.314689
-2.103444 0.347814 -2.103444 0.347814
-2.070319 0.347814 -2.070319 0.347814
-2.037194 0.347814 -2.037194 0.347814
-2.004069 0.347814 -2.004069 0.347814
-1.970944 0.347814 -1.970944 0.347814
-1.937819 0.347814 -1.937819 0.347814
-1.904694 0.347814 -1.904694 0.347814
-1.871568 0.347814 -1.871568 0.347814
-1.838443 0.347814 -1.838443 0.347814
-1.805318 0.347814 -1.805318 0.347814
-1.772193 0.347814 -1.772193 0.347814
-1.739068 0.347814 -1.739068 0.347814
-1.705943 0.347814 -1.705943 0.347814
-1.672818 0.347814 -1.672818 0.347814
-1.639693 0.347814 -1.639693 0.347814
-1.606568 0.347814 -1.606568 0.347814
-1.573443 0.347814 -1.573443 0.347814
-1.540317 0.347814 -1.540317 0.347814
-1.507192 0.347814 -1.507192 0.347814
-1.474067 0.347814 -1.474067 0.347814
-1.440942 0.347814 -1.440942 0.347814
-1.407817 0.347814 -1.407817 0.347814
-1.374692 0.347814 -0.061857 0.347814
-1.341567 0.347814 -0.042639 0.347814
-1.308442 0.347814 -0.023421 0.347814
-1.275317 0.347814 -0.004203 0.347814
-1.242191 0.347814 0.015016 0.347814
-1.209066 0.347814 0.034234 0.347814
-1.175941 0.347814 0.053452 0.347814
-1.142816 0.347814 0.072670 0.347814
-1.109691 0.347814 0.091888 0.347814
-1.076566 0.347814 0.111106 0.347814
-1.043441 0.347814 0.130325 0.347814
-1.010316 0.347814 0.149543 0.347814
-0.977191 0.347814 0.168761 0.347814
-0.944066 0.347814 0.187979 0.347814
-0.910940 0.347814 0.207197 0.347814
-0.877815 0.347814 0.226416 0.347814
-0.844690 0.347814 0.245634 0.347814
-0.811565 0.347814 0.264852 0.347814
-0.778440 0.347814 0.284070 0.347814
-0.745315 0.347814 0.303288 0.347814
-0.712190 0.347814 0.322507 0.347814
-0.679065 0.347814 0.341725 0.347814
-0.645940 0.347814 0.360943 0.347814
-0.612814 0.347814 0.380161 0.347814
-0.579689 0.347814 0.399379 0.347814
-0.546564 0.347814 0.418598 0.347814
-0.513439 0.347814 0.008052 0.347814
-0.480314 0.347814 0.041178 0.347814
-0.447189 0.347814 0.074303 0.347814
-0.414064 0.347814 0.107428 0.347814
-0.380939 0.347814 0.140553 0.347814
-0.347814 0.347814 0.173678 0.347814
-0.314689 0.347814 0.206803 0.347814
-0.281563 0.347814 0.239928 0.347814
-0.248438 0.347814 0.273053 0.347814
-0.215313 0.347814 0.306178 0.347814
-0.182188 0.347814 0.339304 0.347814
-0.149063 0.347814 0.372429 0.347814
-0.115938 0.347814 0.405554 0.347814
-0.082813 0.347814 0.438679 0.347814
-0.049688 0.347814 0.471804 0.347814
-0.016563 0.347814 0.504929 0.347814
0.016563 0.347814 -0.504929 0.347814
0.049688 0.347814 -0.471804 0.347814
0.082813 0.347814 -0.438679 0.347814
0.115938 0.347814 -0.405554 0.347814
0.149063 0.347814 -0.372429 0.347814
0.182188 0.347814 -0.339304 0.347814
0.215313 0.347814 -0.306178 0.347814
0.248438 0.347814 -0.273053 0.347814
0.281563 0.347814 -0.239928 0.347814
0.314689 0.347814 -0.206803 0.347814
0.347814 0.347814 -0.173678 0.347814
0.380939 0.347814 -0.140553 0.347814
0.414064 0.347814 -0.107428 0.347814
0.447189 0.347814 -0.074303 0.347814
0.480314 0.347814 -0.041178 0.347814
0.513439 0.347814 -0.008052 0.347814
0.546564 0.347814 -0.418598 0.347814
0.579689 0.347814 -0.399379 0.347814
0.612814 0.347814 -0.380161 0.347814
0.645940 0.347814 -0.360943 0.347814
0.679065 0.347814 -0.341725 0.347814
0.712190 0.347814 -0.322507 0.347814
0.745315 0.347814 -0.303288 0.347814
0.778440 0.347814 -0.284070 0.347814
0.811565 0.347814 -0.264852 0.347814
0.844690 0.347814 -0.245634 0.347814
0.877815 0.347814 -0.226416 0.347814
0.910940 0.347814 -0.207197 0.347814
0.944066 0.347814 -0.187979 0.347814
0.977191 0.347814 -0.168761 0.347814
1.010316 0.347814 -0.149543 0.347814
1.043441 0.347814 -0.130325 0.347814
1.076566 0.347814 -0.111106 0.347814
1.109691 0.347814 -0.091888 0.347814
1.142816 0.347814 -0.072670 0.347814
1.175941 0.347814 -0.053452 0.347814
1.209066 0.347814 -0.034234 0.347814
1.242191 0.347814 -0.015016 0.347814
1.275317 0.347814 0.004203 0.347814
1.308442 0.347814 0.023421 0.347814
1.341567 0.347814 0.042639 0.347814
1.374692 0.347814 0.061857 0.347814
1.407817 0.347814 1.407817 0.347814
1.440942 0.347814 1.440942 0.347814
1.474067 0.347814 1.474067 0.347814
1.507192 0.347814 1.507192 0.347814
1.540317 0.347814 1.540317 0.347814
1.573443 0.347814 1.573443 0.347814
1.606568 0.347814 1.606568 0.347814
1.639693 0.347814 1.639693 0.347814
1.672818 0.347814 1.672818 0.347814
1.705943 0.347814 1.705943 0.347814
1.739068 0.347814 1.739068 0.347814
1.772193 0.347814 1.772193 0.347814
1.805318 0.347814 1.805318 0.347814
1.838443 0.347814 1.838443 0.347814
1.871568 0.347814 1.871568 0.347814
1.904694 0.347814 1.904694 0.347814
1.937819 0.347814 1.937819 0.347814
1.970944 0.347814 1.970944 0.347814
2.004069 0.347814 2.004069 0.347814
2.037194 0.347814 2.037194 0.347814
2.070319 0.347814 2.070319 0.347814
2.103444 0.347814 2.103444 0.347814
-2.103444 0.380939 -2.103444 0.380939
-2.070319 0.380939 -2.070319 0.380939
-2.037194 0.380939 -2.037194 0.380939
-2.004069 0.380939 -2.004069 0.380939
-1.970944 0.380939 -1.970944 0.380939
-1.937819 0.380939 -1.937819 0.380939
-1.904694 0.380939 -1.904694 0.380939
-1.871568 0.380939 -1.871568 0.380939
-1.838443 0.380939 -1.838443 0.380939
-1.805318 0.380939 -1.805318 0.380939
-1.772193 0.380939 -1.772193 0.380939
-1.739068 0.380939 -1.739068 0.380939
-1.705943 0.380939 -1.705943 0.380939
-1.672818 0.380939 -1.672818 0.380939
-1.639693 0.380939 -1.639693 0.380939
-1.606568 0.380939 -1.606568 0.380939
-1.573443 0.380939 -1.573443 0.380939
-1.540317 0.380939 -1.540317 0.380939
-1.507192 0.380939 -1.507192 0.380939
-1.474067 0.380939 -1.474067 0.380939
-1.440942 0.380939 -1.440942 0.380939
-1.407817 0.380939 -1.407817 0.380939
-1.374692 0.380939 -0.061857 0.380939
-1.341567 0.380939 -0.042639 0.380939
-1.308442 0.380939 -0.023421 0.380939
-1.275317 0.380939 -0.004203 0.380939
-1.242191 0.380939 0.015016 0.380939
-1.209066 0.380939 0.034234 0.380939
-1.175941 0.380939 0.053452 0.380939
-1.142816 0.380939 0.072670 0.380939
-1.109691 0.380939 0.091888 0.380939
-1.076566 0.380939 0.111106 0.380939
-1.043441 0.380939 0.130325 0.380939
-1.010316 0.380939 0.149543 0.380939
-0.977191 0.380939 0.168761 0.380939
-0.944066 0.380939 0.187979 0.380939
-0.910940 0.380939 0.207197 0.380939
-0.877815 0.380939 0.226416 0.380939
-0.844690 0.380939 0.245634 0.380939
-0.811565 0.380939 0.264852 0.380939
-0.778440 0.380939 0.284070 0.380939
-0.745315 0.380939 0.303288 0.380939
-0.712190 0.380939 0.322507 0.380939
-0.679065 0.380939 0.341725 0.380939
-0.645940 0.380939 0.360943 0.380939
-0.612814 0.380939 0.380161 0.380939
-0.579689 0.380939 0.399379 0.380939
-0.546564 0.380939 0.418598 0.380939
-0.513439 0.380939 0.008052 0.380939
-0.480314 0.380939 0.041178 0.380939
-0.447189 0.380939 0.074303 0.380939
-0.414064 0.380939 0.107428 0.380939
-0.380939 0.380939 0.140553 0.380939
-0.347814 0.380939 0.173678 0.380939
-0.314689 0.380939 0.206803 0.380939
-0.281563 0.380939 0.239928 0.380939
-0.248438 0.380939 0.273053 0.380939
-0.215313 0.380939 0.306178 0.380939
-0.182188 0.380939 0.339304 0.380939
-0.149063 0.380939 0.372429 0.380939
-0.115938 0.380939 0.405554 0.380939
-0.082813 0.380939 0.438679 0.380939
-0.049688 0.380939 0.471804 0.380939
-0.016563 0.380939 0.504929 0.380939
0.016563 0.380939 -0.504929 0.380939
0.049688 0.380939 -0.471804 0.380939
0.082813 0.380939 -0.438679 0.380939
0.115938 0.380939 -0.405554 0.380939
0.149063 0.380939 -0.372429 0.380939
0.182188 0.380939 -0.339304 0.380939
0.215313 0.380939 -0.306178 0.380939
0.248438 0.380939 -0.273053 0.380939
0.281563 0.380939 -0.239928 0.380939
0.314689 0.380939 -0.206803 0.380939
0.347814 0.380939 -0.173678 0.380939
0.380939 0.380939 -0.140553 0.380939
0.414064 0.380939 -0.107428 0.380939
0.447189 0.380939 -0.074303 0.380939
0.480314 0.380939 -0.041178 0.380939
0.513439 0.380939 -0.008052 0.380939
0.546564 0.380939 -0.418598 0.380939
0.579689 0.380939 -0.399379 0.380939
0.612814 0.380939 -0.380161 0.380939
0.645940 0.380939 -0.360943 0.380939
0.679065 0.380939 -0.341725 0.380939
0.712190 0.380939 -0.322507 0.380939
0.745315 0.380939 -0.303288 0.380939
0.778440 0.380939 -0.284070 0.380939
0.811565 0.380939 -0.264852 0.380939
0.844690 0.380939 -0.245634 0.380939
0.877815 0.380939 -0.226416 0.380939
0.910940 0.380939 -0.207197 0.380939
0.944066 0.380939 -0.187979 0.380939
0.977191 0.380939 -0.168761 0.380939
1.010316 0.380939 -0.149543 0.380939
1.043441 0.380939 -0.130325 0.380939
1.076566 0.380939 -0.111106 0.380939
1.109691 0.380939 -0.091888 0.380939
1.142816 0.380939 -0.072670 0.380939
1.175941 0.380939 -0.053452 0.380939
1.209066 0.380939 -0.034234 0.380939
1.242191 0.380939 -0.015016 0.380939
1.275317 0.380939 0.004203 0.380939
1.308442 0.380939 0.023421 0.380939
1.341567 0.380939 0.042639 0.380939
1.374692 0.380939 0.061857 0.380939
1.407817 0.380939 1.407817 0.380939
1.440942 0.380939 1.440942 0.380939
1.474067 0.380939 1.474067 0.380939
1.507192 0.380939 1.507192 0.380939
1.540317 0.380939 1.540317 0.380939
1.573443 0.380939 1.573443 0.380939
1.606568 0.380939 1.606568 0.380939
1.639693 0.380939 1.639693 0.380939
1.672818 0.380939 1.672818 0.380939
1.705943 0.380939 1.705943 0.380939
1.739068 0.380939 1.739068 0.380939
1.772193 0.380939 1.772193 0.380939
1.805318 0.380939 1.805318 0.380939
1.838443 0.380939 1.838443 0.380939
1.871568 0.380939 1.871568 0.380939
1.904694 0.380939 1.904694 0.380939
1.937819 0.380939 1.937819 0.380939
1.970944 0.380939 1.970944 0.380939
2.004069 0.380939 2.004069 0.380939
2.037194 0.380939 2.037194 0.380939
2.070319 0.380939 2.070319 0.380939
2.103444 0.380939 2.103444 0.380939
-2.103444 0.414064 -2.103444 0.414064
-2.070319 0.414064 -2.070319 0.414064
-2.037194 0.414064 -2.037194 0.414064
-2.004069 0.414064 -2.004069 0.414064
-1.970944 0.414064 -1.970944 0.414064
-1.937819 0.414064 -1.937819 0.414064
-1.904694 0.414064 -1.904694 0.414064
-1.871568 0.414064 -1.871568 0.414064
-1.838443 0.414064 -1.838443 0.414064
-1.805318 0.414064 -1.805318 0.414064
-1.772193 0.414064 -1.772193 0.414064
-1.739068 0.414064 -1.739068 0.414064
-1.705943 0.414064 -1.705943 0.414064
-1.672818 0.414064 -1.672818 0.414064
-1.639693 0.414064 -1.639693 0.414064
-1.606568 0.414064 -1.606568 0.414064
-1.573443 0.414064 -1.573443 0.414064
-1.540317 0.414064 -1.540317 0.414064
-1.507192 0.414064 -1.507192 0.414064
-1.474067 0.414064 -1.474067 0.414064
-1.440942 0.414064 -1.440942 0.414064
-1.407817 0.414064 -1.407817 0.414064
-1.374692 0.414064 -1.374692 0.414064
-1.341567 0.414064 -0.042639 0.414064
-1.308442 0.414064 -0.023421 0.414064
-1.275317 0.414064 -0.004203 0.414064
-1.242191 0.414064 0.015016 0.414064
-1.209066 0.414064 0.034234 0.414064
-1.175941 0.414064 0.053452 0.414064
-1.142816 0.414064 0.072670 0.414064
-1.109691 0.414064 0.091888 0.414064
-1.076566 0.414064 0.111106 0.414064
-1.043441 0.414064 0.130325 0.414064
-1.010316 0.414064 0.149543 0.414064
-0.977191 0.414064 0.168761 0.414064
-0.944066 0.414064 0.187979 0.414064
-0.910940 0.414064 0.207197 0.414064
-0.877815 0.414064 0.226416 0.414064
-0.844690 0.414064 0.245634 0.414064
-0.811565 0.414064 0.264852 0.414064
-0.778440 0.414064 0.284070 0.414064
-0.745315 0.414064 0.303288 0.414064
-0.712190 0.414064 0.322507 0.414064
-0.679065 0.414064 0.341725 0.414064
-0.645940 0.414064 0.360943 0.414064
-0.612814 0.414064 0.380161 0.414064
-0.579689 0.414064 0.399379 0.414064
-0.546564 0.414064 0.418598 0.414064
-0.513439 0.414064 0.008052 0.414064
-0.480314 0.414064 0.041178 0.414064
-0.447189 0.414064 0.074303 0.414064
-0.414064 0.414064 0.107428 0.414064
-0.380939 0.414064 0.140553 0.414064
-0.347814 0.414064 0.173678 0.414064
-0.314689 0.414064 0.206803 0.414064
-0.281563 0.414064 0.239928 0.414064
-0.248438 0.414064 0.273053 0.414064
-0.215313 0.414064 0.306178 0.414064
-0.182188 0.414064 0.339304 0.414064
-0.149063 0.414064 0.372429 0.414064
-0.115938 0.414064 0.405554 0.414064
-0.082813 0.414064 0.438679 0.414064
-0.049688 0.414064 0.471804 0.414064
-0.016563 0.414064 0.504929 0.414064
0.016563 0.414064 -0.504929 0.414064
0.049688 0.414064 -0.471804 0.414064
0.082813 0.414064 -0.438679 0.414064
0.115938 0.414064 -0.405554 0.414064
0.149063 0.414064 -0.372429 0.414064
0.182188 0.414064 -0.339304 0.414064
0.215313 0.414064 -0.306178 0.414064
0.248438 0.414064 -0.273053 0.414064
0.281563 0.414064 -0.239928 0.414064
0.314689 0.414064 -0.206803 0.414064
0.347814 0.414064 -0.173678 0.414064
0.380939 0.414064 -0.140553 0.414064
0.414064 0.414064 -0.107428 0.414064
0.447189 0.414064 -0.074303 0.414064
0.480314 0.414064 -0.041178 0.414064
0.513439 0.414064 -0.008052 0.414064
0.546564 0.414064 -0.418598 0.414064
0.579689 0.414064 -0.399379 0.414064
0.612814 0.414064 -0.380161 0.414064
0.645940 0.414064 -0.360943 0.414064
0.679065 0.414064 -0.341725 0.414064
0.712190 0.414064 -0.322507 0.414064
0.745315 0.414064 -0.303288 0.414064
0.778440 0.414064 -0.284070 0.414064
0.811565 0.414064 -0.264852 0.414064
0.844690 0.414064 -0.245634 0.414064
0.877815 0.414064 -0.226416 0.414064
0.910940 0.414064 -0.207197 0.414064
0.944066 0.414064 -0.187979 0.414064
0.977191 0.414064 -0.168761 0.414064
1.010316 0.414064 -0.149543 0.414064
1.043441 0.414064 -0.130325 0.414064
1.076566 0.414064 -0.111106 0.414064
1.109691 0.414064 -0.091888 0.414064
1.142816 0.414064 -0.072670 0.414064
1.175941 0.414064 -0.053452 0.414064
1.209066 0.414064 -0.034234 0.414064
1.242191 0.414064 -0.015016 0.414064
1.275317 0.414064 0.004203 0.414064
1.308442 0.414064 0.023421 0.414064
1.341567 0.414064 0.042639 0.414064
1.374692 0.414064 1.374692 0.414064
1.407817 0.414064 1.407817 0.414064
1.440942 0.414064 1.440942 0.414064
1.474067 0.414064 1.474067 0.414064
1.507192 0.414064 1.507192 0.414064
1.540317 0.414064 1.540317 0.414064
1.573443 0.414064 1.573443 0.414064
1.606568 0.414064 1.606568 0.414064
1.639693 0.414064 1.639693 0.414064
1.672818 0.414064 1.672818 0.414064
1.705943 0.414064 1.705943 0.414064
1.739068 0.414064 1.739068 0.414064
1.772193 0.414064 1.772193 0.414064
1.805318 0.414064 1.805318 0.414064
1.838443 0.414064 1.838443 0.414064
1.871568 0.414064 1.871568 0.414064
1.904694 0.414064 1.904694 0.414064
1.937819 0.414064 1.937819 0.414064
1.970944 0.414064 1.970944 0.414064
2.004069 0.414064 2.004069 0.414064
2.037194 0.414064 2.037194 0.414064
2.070319 0.414064 2.070319 0.414064
2.103444 0.414064 2.103444 0.414064
-2.103444 0.447189 -2.103444 0.447189
-2.070319 0.447189 -2.070319 0.447189
-2.037194 0.447189 -2.037194 0.447189
-2.004069 0.447189 -2.004069 0.447189
-1.970944 0.447189 -1.970944 0.447189
-1.937819 0.447189 -1.937819 0.447189
-1.904694 0.447189 -1.904694 0.447189
-1.871568 0.447189 -1.871568 0.447189
-1.838443 0.447189 -1.838443 0.447189
-1.805318 0.447189 -1.805318 0.447189
-1.772193 0.447189 -1.772193 0.447189
-1.739068 0.447189 -1.739068 0.447189
-1.705943 0.447189 -1.705943 0.447189
-1.672818 0.447189 -1.672818 0.447189
-1.639693 0.447189 -1.639693 0.447189
-1.606568 0.447189 -1.606568 0.447189
-1.573443 0.447189 -1.573443 0.447189
-1.540317 0.447189 -1.540317 0.447189
-1.507192 0.447189 -1.507192 0.447189
-1.474067 0.447189 -1.474067 0.447189
-1.440942 0.447189 -1.440942 0.447189
-1.407817 0.447189 -1.407817 0.447189
-1.374692 0.447189 -1.374692 0.447189
-1.341567 0.447189 -0.042639 0.447189
-1.308442 0.447189 -0.023421 0.447189
-1.275317 0.447189 -0.004203 0.447189
-1.242191 0.447189 0.015016 0.447189
-1.209066 0.447189 0.034234 0.447189
-1.175941 0.447189 0.053452 0.447189
-1.142816 0.447189 0.072670 0.447189
-1.109691 0.447189 0.091888 0.447189
-1.076566 0.447189 0.111106 0.447189
-1.043441 0.447189 0.130325 0.447189
-1.010316 0.447189 0.149543 0.447189
-0.977191 0.447189 0.168761 0.447189
-0.944066 0.447189 0.187979 0.447189
-0.910940 0.447189 0.207197 0.447189
-0.877815 0.447189 0.226416 0.447189
-0.844690 0.447189 0.245634 0.447189
-0.811565 0.447189 0.264852 0.447189
-0.778440 0.447189 0.284070 0.447189
-0.745315 0.447189 0.303288 0.447189
-0.712190 0.447189 0.322507 0.447189
-0.679065 0.447189 0.341725 0.447189
-0.645940 0.447189 0.360943 0.447189
-0.612814 0.447189 0.380161 0.447189
-0.579689 0.447189 0.399379 0.447189
-0.546564 0.447189 0.418598 0.447189
-0.513439 0.447189 0.008052 0.447189
-0.480314 0.447189 0.041178 0.447189
-0.447189 0.447189 0.074303 0.447189
-0.414064 0.447189 0.107428 0.447189
-0.380939 0.447189 0.140553 0.447189
-0.347814 0.447189 0.173678 0.447189
-0.314689 0.447189 0.206803 0.447189
-0.281563 0.447189 0.239928 0.447189
-0.248438 0.447189 0.273053 0.447189
-0.215313 0.447189 0.306178 0.447189
-0.182188 0.447189 0.339304 0.447189
-0.149063 0.447189 0.372429 0.447189
-0.115938 0.447189 0.405554 0.447189
-0.082813 0.447189 0.438679 0.447189
-0.049688 0.447189 0.471804 0.447189
-0.016563 0.447189 0.504929 0.447189
0.016563 0.447189 -0.504929 0.447189
0.049688 0.447189 -0.471804 0.447189
0.082813 0.447189 -0.438679 0.447189
0.115938 0.447189 -0.405554 0.447189
0.149063 0.447189 -0.372429 0.447189
0.182188 0.447189 -0.339304 0.447189
0.215313 0.447189 -0.306178 0.447189
0.248438 0.447189 -0.273053 0.447189
0.281563 0.447189 -0.239928 0.447189
0.314689 0.447189 -0.206803 0.447189
0.347814 0.447189 -0.173678 0.447189
0.380939 0.447189 -0.140553 0.447189
0.414064 0.447189 -0.107428 0.447189
0.447189 0.447189 -0.074303 0.447189
0.480314 0.447189 -0.041178 0.447189
0.513439 0.447189 -0.008052 0.447189
0.546564 0.447189 -0.418598 0.447189
0.579689 0.447189 -0.399379 0.447189
0.612814 0.447189 -0.380161 0.447189
0.645940 0.447189 -0.360943 0.447189
0.679065 0.447189 -0.341725 0.447189
0.712190 0.447189 -0.322507 0.447189
0.745315 0.447189 -0.303288 0.447189
0.778440 0.447189 -0.284070 0.447189
0.811565 0.447189 -0.264852 0.447189
0.844690 0.447189 -0.245634 0.447189
0.877815 0.447189 -0.226416 0.447189
0.910940 0.447189 -0.207197 0.447189
0.944066 0.447189 -0.187979 0.447189
0.977191 0.447189 -0.168761 0.447189
1.010316 0.447189 -0.149543 0.447189
1.043441 0.447189 -0.130325 0.447189
1.076566 0.447189 -0.111106 0.447189
1.109691 0.447189 -0.091888 0.447189
1.142816 0.447189 -0.072670 0.447189
1.175941 0.447189 -0.053452 0.447189
1.209066 0.447189 -0.034234 0.447189
1.242191 0.447189 -0.015016 0.447189
1.275317 0.447189 0.004203 0.447189
1.308442 0.447189 0.023421 0.447189
1.341567 0.447189 0.042639 0.447189
1.374692 0.447189 1.374692 0.447189
1.407817 0.447189 1.407817 0.447189
1.440942 0.447189 1.440942 0.447189
1.474067 0.447189 1.474067 0.447189
1.507192 0.447189 1.507192 0.447189
1.540317 0.447189 1.540317 0.447189
1.573443 0.447189 1.573443 0.447189
1.606568 0.447189 1.606568 0.447189
1.639693 0.447189 1.639693 0.447189
1.672818 0.447189 1.672818 0.447189
1.705943 0.447189 1.705943 0.447189
1.739068 0.447189 1.739068 0.447189
1.772193 0.447189 1.772193 0.447189
1.805318 0.447189 1.805318 0.447189
1.838443 0.447189 1.838443 0.447189
1.871568 0.447189 1.871568 0.447189
1.904694 0.447189 1.904694 0.447189
1.937819 0.447189 1.937819 0.447189
1.970944 0.447189 1.970944 0.447189
2.004069 0.447189 2.004069 0.447189
2.037194 0.447189 2.037194 0.447189
2.070319 0.447189 2.070319 0.447189
2.103444 0.447189 2.103444 0.447189
-2.103444 0.480314 -2.103444 0.480314
-2.070319 0.480314 -2.070319 0.480314
-2.037194 0.480314 -2.037194 0.480314
-2.004069 0.480314 -2.004069 0.480314
-1.970944 0.480314 -1.970944 0.480314
-1.937819 0.480314 -1.937819 0.480314
-1.904694 0.480314 -1.904694 0.480314
-1.871568 0.480314 -1.871568 0.480314
-1.838443 0.480314 -1.838443 0.480314
-1.805318 0.480314 -1.805318 0.480314
-1.772193 0.480314 -1.772193 0.480314
-1.739068 0.480314 -1.739068 0.480314
-1.705943 0.480314 -1.705943 0.480314
-1.672818 0.480314 -1.672818 0.480314
-1.639693 0.480314 -1.639693 0.480314
-1.606568 0.480314 -1.606568 0.480314
-1.573443 0.480314 -1.573443 0.480314
-1.540317 0.480314 -1.540317 0.480314
-1.507192 0.480314 -1.507192 0.480314
-1.474067 0.480314 -1.474067 0.480314
-1.440942 0.480314 -1.440942 0.480314
-1.407817 0.480314 -1.407817 0.480314
-1.374692 0.480314 -1.374692 0.480314
-1.341567 0.480314 -1.341567 0.480314
-1.308442 0.480314 -0.023421 0.480314
-1.275317 0.480314 -0.004203 0.480314
-1.242191 0.480314 0.015016 0.480314
-1.209066 0.480314 0.034234 0.480314
-1.175941 0.480314 0.053452 0.480314
-1.142816 0.480314 0.072670 0.480314
-1.109691 0.480314 0.091888 0.480314
-1.076566 0.480314 0.111106 0.480314
-1.043441 0.480314 0.130325 0.480314
-1.010316 0.480314 0.149543 0.480314
-0.977191 0.480314 0.168761 0.480314
-0.944066 0.480314 0.187979 0.480314
-0.910940 0.480314 0.207197 0.480314
-0.877815 0.480314 0.226416 0.480314
-0.844690 0.480314 0.245634 0.480314
-0.811565 0.480314 0.264852 0.480314
-0.778440 0.480314 0.284070 0.480314
-0.745315 0.480314 0.303288 0.480314
-0.712190 0.480314 0.322507 0.480314
-0.679065 0.480314 0.341725 0.480314
-0.645940 0.480314 0.360943 0.480314
-0.612814 0.480314 0.380161 0.480314
-0.579689 0.480314 0.399379 0.480314
-0.546564 0.480314 0.418598 0.480314
-0.513439 0.480314 0.008052 0.480314
-0.480314 0.480314 0.041178 0.480314
-0.447189 0.480314 0.074303 0.480314
-0.414064 0.480314 0.107428 0.480314
-0.380939 0.480314 0.140553 0.480314
-0.347814 0.480314 0.173678 0.480314
-0.314689 0.480314 0.206803 0.480314
-0.281563 0.480314 0.239928 0.480314
-0.248438 0.480314 0.273053 0.480314
-0.215313 0.480314 0.306178 0.480314
-0.182188 0.480314 0.339304 0.480314
-0.149063 0.480314 0.372429 0.480314
-0.115938 0.480314 0.405554 0.480314
-0.082813 0.480314 0.438679 0.480314
-0.049688 0.480314 0.471804 0.480314
-0.016563 0.480314 0.504929 0.480314
0.016563 0.480314 -0.504929 0.480314
0.049688 0.480314 -0.471804 0.480314
0.082813 0.480314 -0.438679 0.480314
0.115938 0.480314 -0.405554 0.480314
0.149063 0.480314 -0.372429 0.480314
0.182188 0.480314 -0.339304 0.480314
0.215313 0.480314 -0.306178 0.480314
0.248438 0.480314 -0.273053 0.480314
0.281563 0.480314 -0.239928 0.480314
0.314689 0.480314 -0.206803 0.480314
0.347814 0.480314 -0.173678 0.480314
0.380939 0.480314 -0.140553 0.480314
0.414064 0.480314 -0.107428 0.480314
0.447189 0.480314 -0.074303 0.480314
0.480314 0.480314 -0.041178 0.480314
0.513439 0.480314 -0.008052 0.480314
0.546564 0.480314 -0.418598 0.480314
0.579689 0.480314 -0.399379 0.480314
0.612814 0.480314 -0.380161 0.480314
0.645940 0.480314 -0.360943 0.480314
0.679065 0.480314 -0.341725 0.480314
0.712190 0.480314 -0.322507 0.480314
0.745315 0.480314 -0.303288 0.480314
0.778440 0.480314 -0.284070 0.480314
0.811565 0.480314 -0.264852 0.480314
0.844690 0.480314 -0.245634 0.480314
0.877815 0.480314 -0.226416 0.480314
0.910940 0.480314 -0.207197 0.480314
0.944066 0.480314 -0.187979 0.480314
0.977191 0.480314 -0.168761 0.480314
1.010316 0.480314 -0.149543 0.480314
1.043441 0.480314 -0.130325 0.480314
1.076566 0.480314 -0.111106 0.480314
1.109691 0.480314 -0.091888 0.480314
1.142816 0.480314 -0.072670 0.480314
1.175941 0.480314 -0.053452 0.480314
1.209066 0.480314 -0.034234 0.480314
1.242191 0.480314 -0.015016 0.480314
1.275317 0.480314 0.004203 0.480314
1.308442 0.480314 0.023421 0.480314
1.341567 0.480314 1.341567 0.480314
1.374692 0.480314 1.374692 0.480314
1.407817 0.480314 1.407817 0.480314
1.440942 0.480314 1.440942 0.480314
1.474067 0.480314 1.474067 0.480314
1.507192 0.480314 1.507192 0.480314
1.540317 0.480314 1.540317 0.480314
1.573443 0.480314 1.573443 0.480314
1.606568 0.480314 1.606568 0.480314
1.639693 0.480314 1.639693 0.480314
1.672818 0.480314 1.672818 0.480314
1.705943 0.480314 1.705943 0.480314
1.739068 0.480314 1.739068 0.480314
1.772193 0.480314 1.772193 0.480314
1.805318 0.480314 1.805318 0.480314
1.838443 0.480314 1.838443 0.480314
1.871568 0.480314 1.871568 0.480314
1.904694 0.480314 1.904694 0.480314
1.937819 0.480314 1.937819 0.480314
1.970944 0.480314 1.970944 0.480314
2.004069 0.480314 2.004069 0.480314
2.037194 0.480314 2.037194 0.480314
2.070319 0.480314 2.070319 0.480314
2.103444 0.480314 2.103444 0.480314
-2.103444 0.513439 -2.103444 0.513439
-2.070319 0.513439 -2.070319 0.513439
-2.037194 0.513439 -2.037194 0.513439
-2.004069 0.513439 -2.004069 0.513439
-1.970944 0.513439 -1.970944 0.513439
-1.937819 0.513439 -1.937819 0.513439
-1.904694 0.513439 -1.904694 0.513439
-1.871568 0.513439 -1.871568 0.513439
-1.838443 0.513439 -1.838443 0.513439
-1.805318 0.513439 -1.805318 0.513439
-1.772193 0.513439 -1.772193 0.513439
-1.739068 0.513439 -1.739068 0.513439
-1.705943 0.513439 -1.705943 0.513439
-1.672818 0.513439 -1.672818 0.513439
-1.639693 0.513439 -1.639693 0.513439
-1.606568 0.513439 -1.606568 0.513439
-1.573443 0.513439 -1.573443 0.513439
-1.540317 0.513439 -1.540317 0.513439
-1.507192 0.513439 -1.507192 0.513439
-1.474067 0.513439 -1.474067 0.513439
-1.440942 0.513439 -1.440942 0.513439
-1.407817 0.513439 -1.407817 0.513439
-1.374692 0.513439 -1.374692 0.513439
-1.341567 0.513439 -1.341567 0.513439
-1.308442 0.513439 -1.308442 0.513439
-1.275317 0.513439 -0.004203 0.513439
-1.242191 0.513439 0.015016 0.513439
-1.209066 0.513439 0.034234 0.513439
-1.175941 0.513439 0.053452 0.513439
-1.142816 0.513439 0.072670 0.513439
-1.109691 0.513439 0.091888 0.513439
-1.076566 0.513439 0.111106 0.513439
-1.043441 0.513439 0.130325 0.513439
-1.010316 0.513439 0.149543 0.513439
-0.977191 0.513439 0.168761 0.513439
-0.944066 0.513439 0.187979 0.513439
-0.910940 0.513439 0.207197 0.513439
-0.877815 0.513439 0.226416 0.513439
-0.844690 0.513439 0.245634 0.513439
-0.811565 0.513439 0.264852 0.513439
-0.778440 0.513439 0.284070 0.513439
-0.745315 0.513439 0.303288 0.513439
-0.712190 0.513439 0.322507 0.513439
-0.679065 0.513439 0.341725 0.513439
-0.645940 0.513439 0.360943 0.513439
-0.612814 0.513439 0.380161 0.513439
-0.579689 0.513439 0.399379 0.513439
-0.546564 0.513439 0.418598 0.513439
-0.513439 0.513439 0.008052 0.513439
-0.480314 0.513439 0.041178 0.513439
-0.447189 0.513439 0.074303 0.513439
-0.414064 0.513439 0.107428 0.513439
-0.380939 0.513439 0.140553 0.513439
-0.347814 0.513439 0.173678 0.513439
-0.314689 0.513439 0.206803 0.513439
-0.281563 0.513439 0.239928 0.513439
-0.248438 0.513439 0.273053 0.513439
-0.215313 0.513439 0.306178 0.513439
-0.182188 0.513439 0.339304 0.513439
-0.149063 0.513439 0.372429 0.513439
-0.115938 0.513439 0.405554 0.513439
-0.082813 0.513439 0.438679 0.513439
-0.049688 0.513439 0.471804 0.513439
-0.016563 0.513439 0.504929 0.513439
0.016563 0.513439 -0.504929 0.513439
0.049688 0.513439 -0.471804 0.513439
0.082813 0.513439 -0.438679 0.513439
0.115938 0.513439 -0.405554 0.513439
0.149063 0.513439 -0.372429 0.513439
0.182188 0.513439 -0.339304 0.513439
0.215313 0.513439 -0.306178 0.513439
0.248438 0.513439 -0.273053 0.513439
0.281563 0.513439 -0.239928 0.513439
0.314689 0.513439 -0.206803 0.513439
0.347814 0.513439 -0.173678 0.513439
0.380939 0.513439 -0.140553 0.513439
0.414064 0.513439 -0.107428 0.513439
0.447189 0.513439 -0.074303 0.513439
0.480314 0.513439 -0.041178 0.513439
0.513439 0.513439 -0.008052 0.513439
0.546564 0.513439 -0.418598 0.513439
0.579689 0.513439 -0.399379 0.513439
0.612814 0.513439 -0.380161 0.513439
0.645940 0.513439 -0.360943 0.513439
0.679065 0.513439 -0.341725 0.513439
0.712190 0.513439 -0.322507 0.513439
0.745315 0.513439 -0.303288 0.513439
0.778440 0.513439 -0.284070 0.513439
0.811565 0.513439 -0.264852 0.513439
0.844690 0.513439 -0.245634 0.513439
0.877815 0.513439 -0.226416 0.513439
0.910940 0.513439 -0.207197 0.513439
0.944066 0.513439 -0.187979 0.513439
0.977191 0.513439 -0.168761 0.513439
1.010316 0.513439 -0.149543 0.513439
1.043441 0.513439 -0.130325 0.513439
1.076566 0.513439 -0.111106 0.513439
1.109691 0.513439 -0.091888 0.513439
1.142816 0.513439 -0.072670 0.513439
1.175941 0.513439 -0.053452 0.513439
1.209066 0.513439 -0.034234 0.513439
1.242191 0.513439 -0.015016 0.513439
1.275317 0.513439 0.004203 0.513439
1.308442 0.513439 1.308442 0.513439
1.341567 0.513439 1.341567 0.513439
1.374692 0.513439 1.374692 0.513439
1.407817 0.513439 1.407817 0.513439
1.440942 0.513439 1.440942 0.513439
1.474067 0.513439 1.474067 0.513439
1.507192 0.513439 1.507192 0.513439
1.540317 0.513439 1.540317 0.513439
1.573443 0.513439 1.573443 0.513439
1.606568 0.513439 1.606568 0.513439
1.639693 0.513439 1.639693 0.513439
1.672818 0.513439 1.672818 0.513439
1.705943 0.513439 1.705943 0.513439
1.739068 0.513439 1.739068 0.513439
1.772193 0.513439 1.772193 0.513439
1.805318 0.513439 1.805318 0.513439
1.838443 0.513439 1.838443 0.513439
1.871568 0.513439 1.871568 0.513439
1.904694 0.513439 1.904694 0.513439
1.937819 0.513439 1.937819 0.513439
1.970944 0.513439 1.970944 0.513439
2.004069 0.513439 2.004069 0.513439
2.037194 0.513439 2.037194 0.513439
2.070319 0.513439 2.070319 0.513439
2.103444 0.513439 2.103444 0.513439
-2.103444 0.546564 -2.103444 0.546564
-2.070319 0.546564 -2.070319 0.546564
-2.037194 0.546564 -2.037194 0.546564
-2.004069 0.546564 -2.004069 0.546564
-1.970944 0.546564 -1.970944 0.546564
-1.937819 0.546564 -1.937819 0.546564
-1.904694 0.546564 -1.904694 0.546564
-1.871568 0.546564 -1.871568 0.546564
-1.838443 0.546564 -1.838443 0.546564
-1.805318 0.546564 -1.805318 0.546564
-1.772193 0.546564 -1.772193 0.546564
-1.739068 0.546564 -1.739068 0.546564
-1.705943 0.546564 -1.705943 0.546564
-1.672818 0.546564 -1.672818 0.546564
-1.639693 0.546564 -1.639693 0.546564
-1.606568 0.546564 -1.606568 0.546564
-1.573443 0.546564 -1.573443 0.546564
-1.540317 0.546564 -1.540317 0.546564
-1.507192 0.546564 -1.507192 0.546564
-1.474067 0.546564 -1.474067 0.546564
-1.440942 0.546564 -1.440942 0.546564
-1.407817 0.546564 -1.407817 0.546564
-1.374692 0.546564 -1.374692 0.546564
-1.341567 0.546564 -1.341567 0.546564
-1.308442 0.546564 -1.308442 0.546564
-1.275317 0.546564 -0.004203 0.546564
-1.242191 0.546564 0.015016 0.546564
-1.209066 0.546564 0.034234 0.546564
-1.175941 0.546564 0.053452 0.546564
-1.142816 0.546564 0.072670 0.546564
-1.109691 0.546564 0.091888 0.546564
-1.076566 0.546564 0.111106 0.546564
-1.043441 0.546564 0.130325 0.546564
-1.010316 0.546564 0.149543 0.546564
-0.977191 0.546564 0.168761 0.546564
-0.944066 0.546564 0.187979 0.546564
-0.910940 0.546564 0.207197 0.546564
-0.877815 0.546564 0.226416 0.546564
-0.844690 0.546564 0.245634 0.546564
-0.811565 0.546564 0.264852 0.546564
-0.778440 0.546564 0.284070 0.546564
-0.745315 0.546564 0.303288 0.546564
-0.712190 0.546564 0.322507 0.546564
-0.679065 0.546564 0.341725 0.546564
-0.645940 0.546564 0.360943 0.546564
-0.612814 0.546564 0.380161 0.546564
-0.579689 0.546564 0.399379 0.546564
-0.546564 0.546564 0.418598 0.546564
-0.513439 0.546564 0.008052 0.546564
-0.480314 0.546564 0.041178 0.546564
-0.447189 0.546564 0.074303 0.546564
-0.414064 0.546564 0.107428 0.546564
-0.380939 0.546564 0.140553 0.546564
-0.347814 0.546564 0.173678 0.546564
-0.314689 0.546564 0.206803 0.546564
-0.281563 0.546564 0.239928 0.546564
-0.248438 0.546564 0.273053 0.546564
-0.215313 0.546564 0.306178 0.546564
-0.182188 0.546564 0.339304 0.546564
-0.149063 0.546564 0.372429 0.546564
-0.115938 0.546564 0.405554 0.546564
-0.082813 0.546564 0.438679 0.546564
-0.049688 0.546564 0.471804 0.546564
-0.016563 0.546564 0.504929 0.546564
0.016563 0.546564 -0.504929 0.546564
0.049688 0.546564 -0.471804 0.546564
0.082813 0.546564 -0.438679 0.546564
0.115938 0.546564 -0.405554 0.546564
0.149063 0.546564 -0.372429 0.546564
0.182188 0.546564 -0.339304 0.546564
0.215313 0.546564 -0.306178 0.546564
0.248438 0.546564 -0.273053 0.546564
0.281563 0.546564 -0.239928 0.546564
0.314689 0.546564 -0.206803 0.546564
0.347814 0.546564 -0.173678 0.546564
0.380939 0.546564 -0.140553 0.546564
0.414064 0.546564 -0.107428 0.546564
0.447189 0.546564 -0.074303 0.546564
0.480314 0.546564 -0.041178 0.546564
0.513439 0.546564 -0.008052 0.546564
0.546564 0.546564 -0.418598 0.546564
0.579689 0.546564 -0.399379 0.546564
0.612814 0.546564 -0.380161 0.546564
0.645940 0.546564 -0.360943 0.546564
0.679065 0.546564 -0.341725 0.546564
0.712190 0.546564 -0.322507 0.546564
0.745315 0.546564 -0.303288 0.546564
0.778440 0.546564 -0.284070 0.546564
0.811565 0.546564 -0.264852 0.546564
0.844690 0.546564 -0.245634 0.546564
0.877815 0.546564 -0.226416 0.546564
0.910940 0.546564 -0.207197 0.546564
0.944066 0.546564 -0.187979 0.546564
0.977191 0.546564 -0.168761 0.546564
1.010316 0.546564 -0.149543 0.546564
1.043441 0.546564 -0.130325 0.546564
1.076566 0.546564 -0.111106 0.546564
1.109691 0.546564 -0.091888 0.546564
1.142816 0.546564 -0.072670 0.546564
1.175941 0.546564 -0.053452 0.546564
1.209066 0.546564 -0.034234 0.546564
1.242191 0.546564 -0.015016 0.546564
1.275317 0.546564 0.004203 0.546564
1.308442 0.546564 1.308442 0.546564
1.341567 0.546564 1.341567 0.546564
1.374692 0.546564 1.374692 0.546564
1.407817 0.546564 1.407817 0.546564
1.440942 0.546564 1.440942 0.546564
1.474067 0.546564 1.474067 0.546564
1.507192 0.546564 1.507192 0.546564
1.540317 0.546564 1.540317 0.546564
1.573443 0.546564 1.573443 0.546564
1.606568 0.546564 1.606568 0.546564
1.639693 0.546564 1.639693 0.546564
1.672818 0.546564 1.672818 0.546564
1.705943 0.546564 1.705943 0.546564
1.739068 0.546564 1.739068 0.546564
1.772193 0.546564 1.772193 0.546564
1.805318 0.546564 1.805318 0.546564
1.838443 0.546564 1.838443 0.546564
1.871568 0.546564 1.871568 0.546564
1.904694 0.546564 1.904694 0.546564
1.937819 0.546564 1.937819 0.546564
1.970944 0.546564 1.970944 0.546564
2.004069 0.546564 2.004069 0.546564
2.037194 0.546564 2.037194 0.546564
2.070319 0.546564 2.070319 0.546564
2.103444 0.546564 2.103444 0.546564
-2.103444 0.579689 -2.103444 0.579689
-2.070319 0.579689 -2.070319 0.579689
-2.037194 0.579689 -2.037194 0.579689
-2.004069 0.579689 -2.004069 0.579689
-1.970944 0.579689 -1.970944 0.579689
-1.937819 0.579689 -1.937819 0.579689
-1.904694 0.579689 -1.904694 0.579689
-1.871568 0.579689 -1.871568 0.579689
-1.838443 0.579689 -1.838443 0.579689
-1.805318 0.579689 -1.805318 0.579689
-1.772193 0.579689 -1.772193 0.579689
-1.739068 0.579689 -1.739068 0.579689
-1.705943 0.579689 -1.705943 0.579689
-1.672818 0.579689 -1.672818 0.579689
-1.639693 0.579689 -1.639693 0.579689
-1.606568 0.579689 -1.606568 0.579689
-1.573443 0.579689 -1.573443 0.579689
-1.540317 0.579689 -1.540317 0.579689
-1.507192 0.579689 -1.507192 0.579689
-1.474067 0.579689 -1.474067 0.579689
-1.440942 0.579689 -1.440942 0.579689
-1.407817 0.579689 -1.407817 0.579689
-1.374692 0.579689 -1.374692 0.579689
-1.341567 0.579689 -1.341567 0.579689
-1.308442 0.579689 -1.308442 0.579689
-1.275317 0.579689 -1.275317 0.579689
-1.242191 0.579689 0.015016 0.579689
-1.209066 0.579689 0.034234 0.579689
-1.175941 0.579689 0.053452 0.579689
-1.142816 0.579689 0.072670 0.579689
-1.109691 0.579689 0.091888 0.579689
-1.076566 0.579689 0.111106 0.579689
-1.043441 0.579689 0.130325 0.579689
-1.010316 0.579689 0.149543 0.579689
-0.977191 0.579689 0.168761 0.579689
-0.944066 0.579689 0.187979 0.579689
-0.910940 0.579689 0.207197 0.579689
-0.877815 0.579689 0.226416 0.579689
-0.844690 0.579689 0.245634 0.579689
-0.811565 0.579689 0.264852 0.579689
-0.778440 0.579689 0.284070 0.579689
-0.745315 0.579689 0.303288 0.579689
-0.712190 0.579689 0.322507 0.579689
-0.679065 0.579689 0.341725 0.579689
-0.645940 0.579689 0.360943 0.579689
-0.612814 0.579689 0.380161 0.579689
-0.579689 0.579689 0.399379 0.579689
-0.546564 0.579689 0.418598 0.579689
-0.513439 0.579689 0.008052 0.579689
-0.480314 0.579689 0.041178 0.579689
-0.447189 0.579689 0.074303 0.579689
-0.414064 0.579689 0.107428 0.579689
-0.380939 0.579689 0.140553 0.579689
-0.347814 0.579689 0.173678 0.579689
-0.314689 0.579689 0.206803 0.579689
-0.281563 0.579689 0.239928 0.579689
-0.248438 0.579689 0.273053 0.579689
-0.215313 0.579689 0.306178 0.579689
-0.182188 0.579689 0.339304 0.579689
-0.149063 0.579689 0.372429 0.579689
-0.115938 0.579689 0.405554 0.579689
-0.082813 0.579689 0.438679 0.579689
-0.049688 0.579689 0.471804 0.579689
-0.016563 0.579689 0.504929 0.579689
0.016563 0.579689 -0.504929 0.579689
0.049688 0.579689 -0.471804 0.579689
0.082813 0.579689 -0.438679 0.579689
0.115938 0.579689 -0.405554 0.579689
0.149063 0.579689 -0.372429 0.579689
0.182188 0.579689 -0.339304 0.579689
0.215313 0.579689 -0.306178 0.579689
0.248438 0.579689 -0.273053 0.579689
0.281563 0.579689 -0.239928 0.579689
0.314689 0.579689 -0.206803 0.579689
0.347814 0.579689 -0.173678 0.579689
0.380939 0.579689 -0.140553 0.579689
0.414064 0.579689 -0.107428 0.579689
0.447189 0.579689 -0.074303 0.579689
0.480314 0.579689 -0.041178 0.579689
0.513439 0.579689 -0.008052 0.579689
0.546564 0.579689 -0.418598 0.579689
0.579689 0.579689 -0.399379 0.579689
0.612814 0.579689 -0.380161 0.579689
0.645940 0.579689 -0.360943 0.579689
0.679065 0.579689 -0.341725 0.579689
0.712190 0.579689 -0.322507 0.579689
0.745315 0.579689 -0.303288 0.579689
0.778440 0.579689 -0.284070 0.579689
0.811565 0.579689 -0.264852 0.579689
0.844690 0.579689 -0.245634 0.579689
0.877815 0.579689 -0.226416 0.579689
0.910940 0.579689 -0.207197 0.579689
0.944066 0.579689 -0.187979 0.579689
0.977191 0.579689 -0.168761 0.579689
1.010316 0.579689 -0.149543 0.579689
1.043441 0.579689 -0.130325 0.579689
1.076566 0.579689 -0.111106 0.579689
1.109691 0.579689 -0.091888 0.579689
1.142816 0.579689 -0.072670 0.579689
1.175941 0.579689 -0.053452 0.579689
1.209066 0.579689 -0.034234 0.579689
1.242191 0.579689 -0.015016 0.579689
1.275317 0.579689 1.275317 0.579689
1.308442 0.579689 1.308442 0.579689
1.341567 0.579689 1.341567 0.579689
1.374692 0.579689 1.374692 0.579689
1.407817 0.579689 1.407817 0.579689
1.440942 0.579689 1.440942 0.579689
1.474067 0.579689 1.474067 0.579689
1.507192 0.579689 1.507192 0.579689
1.540317 0.579689 1.540317 0.579689
1.573443 0.579689 1.573443 0.579689
1.606568 0.579689 1.606568 0.579689
1.639693 0.579689 1.639693 0.579689
1.672818 0.579689 1.672818 0.579689
1.705943 0.579689 1.705943 0.579689
1.739068 0.579689 1.739068 0.579689
1.772193 0.579689 1.772193 0.579689
1.805318 0.579689 1.805318 0.579689
1.838443 0.579689 1.838443 0.579689
1.871568 0.579689 1.871568 0.579689
1.904694 0.579689 1.904694 0.579689
1.937819 0.579689 1.937819 0.579689
1.970944 0.579689 1.970944 0.579689
2.004069 0.579689 2.004069 0.579689
2.037194 0.579689 2.037194 0.579689
2.070319 0.579689 2.070319 0.579689
2.103444 0.579689 2.103444 0.579689
-2.103444 0.612814 -2.103444 0.612814
-2.070319 0.612814 -2.070319 0.612814
-2.037194 0.612814 -2.037194 0.612814
-2.004069 0.612814 -2.004069 0.612814
-1.970944 0.612814 -1.970944 0.612814
-1.937819 0.612814 -1.937819 0.612814
-1.904694 0.612814 -1.904694 0.612814
-1.871568 0.612814 -1.871568 0.612814
-1.838443 0.612814 -1.838443 0.612814
-1.805318 0.612814 -1.805318 0.612814
-1.772193 0.612814 -1.772193 0.612814
-1.739068 0.612814 -1.739068 0.612814
-1.705943 0.612814 -1.705943 0.612814
-1.672818 0.612814 -1.672818 0.612814
-1.639693 0.612814 -1.639693 0.612814
-1.606568 0.612814 -1.606568 0.612814
-1.573443 0.612814 -1.573443 0.612814
-1.540317 0.612814 -1.540317 0.612814
-1.507192 0.612814 -1.507192 0.612814
-1.474067 0.612814 -1.474067 0.612814
-1.440942 0.612814 -1.440942 0.612814
-1.407817 0.612814 -1.407817 0.612814
-1.374692 0.612814 -1.374692 0.612814
-1.341567 0.612814 -1.341567 0.612814
-1.308442 0.612814 -1.308442 0.612814
-1.275317 0.612814 -1.275317 0.612814
-1.242191 0.612814 -1.242191 0.612814
-1.209066 0.612814 0.034234 0.612814
-1.175941 0.612814 0.053452 0.612814
-1.142816 0.612814 0.072670 0.612814
-1.109691 0.612814 0.091888 0.612814
-1.076566 0.612814 0.111106 0.612814
-1.043441 0.612814 0.130325 0.612814
-1.010316 0.612814 0.149543 0.612814
-0.977191 0.612814 0.168761 0.612814
-0.944066 0.612814 0.187979 0.612814
-0.910940 0.612814 0.207197 0.612814
-0.877815 0.612814 0.226416 0.612814
-0.844690 0.612814 0.245634 0.612814
-0.811565 0.612814 0.264852 0.612814
-0.778440 0.612814 0.284070 0.612814
-0.745315 0.612814 0.303288 0.612814
-0.712190 0.612814 0.322507 0.612814
-0.679065 0.612814 0.341725 0.612814
-0.645940 0.612814 0.360943 0.612814
-0.612814 0.612814 0.380161 0.612814
-0.579689 0.612814 0.399379 0.612814
-0.546564 0.612814 0.418598 0.612814
-0.513439 0.612814 0.008052 0.612814
-0.480314 0.612814 0.041178 0.612814
-0.447189 0.612814 0.074303 0.612814
-0.414064 0.612814 0.107428 0.612814
-0.380939 0.612814 0.140553 0.612814
-0.347814 0.612814 0.173678 0.612814
-0.314689 0.612814 0.206803 0.612814
-0.281563 0.612814 0.239928 0.612814
-0.248438 0.612814 0.273053 0.612814
-0.215313 0.612814 0.306178 0.612814
-0.182188 0.612814 0.339304 0.612814
-0.149063 0.612814 0.372429 0.612814
-0.115938 0.612814 0.405554 0.612814
-0.082813 0.612814 0.438679 0.612814
-0.049688 0.612814 0.471804 0.612814
-0.016563 0.612814 0.504929 0.612814
0.016563 0.612814 -0.504929 0.612814
0.049688 0.612814 -0.471804 0.612814
0.082813 0.612814 -0.438679 0.612814
0.115938 0.612814 -0.405554 0.612814
0.149063 0.612814 -0.372429 0.612814
0.182188 0.612814 -0.339304 0.612814
0.215313 0.612814 -0.306178 0.612814
0.248438 0.612814 -0.273053 0.612814
0.281563 0.612814 -0.239928 0.612814
0.314689 0.612814 -0.206803 0.612814
0.347814 0.612814 -0.173678 0.612814
0.380939 0.612814 -0.140553 0.612814
0.414064 0.612814 -0.107428 0.612814
0.447189 0.612814 -0.074303 0.612814
0.480314 0.612814 -0.041178 0.612814
0.513439 0.612814 -0.008052 0.612814
0.546564 0.612814 -0.418598 0.612814
0.579689 0.612814 -0.399379 0.612814
0.612814 0.612814 -0.380161 0.612814
0.645940 0.612814 -0.360943 0.612814
0.679065 0.612814 -0.341725 0.612814
0.712190 0.612814 -0.322507 0.612814
0.745315 0.612814 -0.303288 0.612814
0.778440 0.612814 -0.284070 0.612814
0.811565 0.612814 -0.264852 0.612814
0.844690 0.612814 -0.245634 0.612814
0.877815 0.612814 -0.226416 0.612814
0.910940 0.612814 -0.207197 0.612814
0.944066 0.612814 -0.187979 0.612814
0.977191 0.612814 -0.168761 0.612814
1.010316 0.612814 -0.149543 0.612814
1.043441 0.612814 -0.130325 0.612814
1.076566 0.612814 -0.111106 0.612814
1.109691 0.612814 -0.091888 0.612814
1.142816 0.612814 -0.072670 0.612814
1.175941 0.612814 -0.053452 0.612814
1.209066 0.612814 -0.034234 0.612814
1.242191 0.612814 1.242191 0.612814
1.275317 0.612814 1.275317 0.612814
1.308442 0.612814 1.308442 0.612814
1.341567 0.612814 1.341567 0.612814
1.374692 0.612814 1.374692 0.612814
1.407817 0.612814 1.407817 0.612814
1.440942 0.612814 1.440942 0.612814
1.474067 0.612814 1.474067 0.612814
1.507192 0.612814 1.507192 0.612814
1.540317 0.612814 1.540317 0.612814
1.573443 0.612814 1.573443 0.612814
1.606568 0.612814 1.606568 0.612814
1.639693 0.612814 1.639693 0.612814
1.672818 0.612814 1.672818 0.612814
1.705943 0.612814 1.705943 0.612814
1.739068 0.612814 1.739068 0.612814
1.772193 0.612814 1.772193 0.612814
1.805318 0.612814 1.805318 0.612814
1.838443 0.612814 1.838443 0.612814
1.871568 0.612814 1.871568 0.612814
1.904694 0.612814 1.904694 0.612814
1.937819 0.612814 1.937819 0.612814
1.970944 0.612814 1.970944 0.612814
2.004069 0.612814 2.004069 0.612814
2.037194 0.612814 2.037194 0.612814
2.070319 0.612814 2.070319 0.612814
2.103444 0.612814 2.103444 0.612814
-2.103444 0.645940 -2.103444 0.645940
-2.070319 0.645940 -2.070319 0.645940
-2.037194 0.645940 -2.037194 0.645940
-2.004069 0.645940 -2.004069 0.645940
-1.970944 0.645940 -1.970944 0.645940
-1.937819 0.645940 -1.937819 0.645940
-1.904694 0.645940 -1.904694 0.645940
-1.871568 0.645940 -1.871568 0.645940
-1.838443 0.645940 -1.838443 0.645940
-1.805318 0.645940 -1.805318 0.645940
-1.772193 0.645940 -1.772193 0.645940
-1.739068 0.645940 -1.739068 0.645940
-1.705943 0.645940 -1.705943 0.645940
-1.672818 0.645940 -1.672818 0.645940
-1.639693 0.645940 -1.639693 0.645940
-1.606568 0.645940 -1.606568 0.645940
-1.573443 0.645940 -1.573443 0.645940
-1.540317 0.645940 -1.540317 0.645940
-1.507192 0.645940 -1.507192 0.645940
-1.474067 0.645940 -1.474067 0.645940
-1.440942 0.645940 -1.440942 0.645940
-1.407817 0.645940 -1.407817 0.645940
-1.374692 0.645940 -1.374692 0.645940
-1.341567 0.645940 -1.341567 0.645940
-1.308442 0.645940 -1.308442 0.645940
-1.275317 0.645940 -1.275317 0.645940
-1.242191 0.645940 -1.242191 0.645940
-1.209066 0.645940 0.034234 0.645940
-1.175941 0.645940 0.053452 0.645940
-1.142816 0.645940 0.072670 0.645940
-1.109691 0.645940 0.091888 0.645940
-1.076566 0.645940 0.111106 0.645940
-1.043441 0.645940 0.130325 0.645940
-1.010316 0.645940 0.149543 0.645940
-0.977191 0.645940 0.168761 0.645940
-0.944066 0.645940 0.187979 0.645940
-0.910940 0.645940 0.207197 0.645940
-0.877815 0.645940 0.226416 0.645940
-0.844690 0.645940 0.245634 0.645940
-0.811565 0.645940 0.264852 0.645940
-0.778440 0.645940 0.284070 0.645940
-0.745315 0.645940 0.303288 0.645940
-0.712190 0.645940 0.322507 0.645940
-0.679065 0.645940 0.341725 0.645940
-0.645940 0.645940 0.360943 0.645940
-0.612814 0.645940 0.380161 0.645940
-0.579689 0.645940 0.974966 -0.983641
-0.513439 0.645940 -1.031627 -0.756514
-0.480314 0.645940 -1.012901 -0.785441
-0.447189 0.645940 0.074303 0.645940
-0.414064 0.645940 0.107428 0.645940
-0.380939 0.645940 0.140553 0.645940
-0.347814 0.645940 0.173678 0.645940
-0.314689 0.645940 0.206803 0.645940
-0.281563 0.645940 0.239928 0.645940
-0.248438 0.645940 0.273053 0.645940
-0.215313 0.645940 0.306178 0.645940
-0.182188 0.645940 0.339304 0.645940
-0.149063 0.645940 0.372429 0.645940
-0.115938 0.645940 0.405554 0.645940
-0.082813 0.645940 0.438679 0.645940
-0.049688 0.645940 0.183630 -0.979656
-0.016563 0.645940 -0.016563 -0.624714
0.016563 0.645940 0.016563 -0.624714
0.049688 0.645940 -0.183630 -0.979656
0.082813 0.645940 -0.438679 0.645940
0.115938 0.645940 -0.405554 0.645940
0.149063 0.645940 -0.372429 0.645940
0.182188 0.645940 -0.339304 0.645940
0.215313 0.645940 -0.306178 0.645940
0.248438 0.645940 -0.273053 0.645940
0.281563 0.645940 -0.239928 0.645940
0.314689 0.645940 -0.206803 0.645940
0.347814 0.645940 -0.173678 0.645940
0.380939 0.645940 -0.140553 0.645940
0.414064 0.645940 -0.107428 0.645940
0.447189 0.645940 -0.074303 0.645940
0.480314 0.645940 1.012901 -0.785441
0.513439 0.645940 1.031627 -0.756514
0.579689 0.645940 -0.974966 -0.983641
0.612814 0.645940 -0.380161 0.645940
0.645940 0.645940 -0.360943 0.645940
0.679065 0.645940 -0.341725 0.645940
0.712190 0.645940 -0.322507 0.645940
0.745315 0.645940 -0.303288 0.645940
0.778440 0.645940 -0.284070 0.645940
0.811565 0.645940 -0.264852 0.645940
0.844690 0.645940 -0.245634 0.645940
0.877815 0.645940 -0.226416 0.645940
0.910940 0.645940 -0.207197 0.645940
0.944066 0.645940 -0.187979 0.645940
0.977191 0.645940 -0.168761 0.645940
1.010316 0.645940 -0.149543 0.645940
1.043441 0.645940 -0.130325 0.645940
1.076566 0.645940 -0.111106 0.645940
1.109691 0.645940 -0.091888 0.645940
1.142816 0.645940 -0.072670 0.645940
1.175941 0.645940 -0.053452 0.645940
1.209066 0.645940 -0.034234 0.645940
1.242191 0.645940 1.242191 0.645940
1.275317 0.645940 1.275317 0.645940
1.308442 0.645940 1.308442 0.645940
1.341567 0.645940 1.341567 0.645940
1.374692 0.645940 1.374692 0.645940
1.407817 0.645940 1.407817 0.645940
1.440942 0.645940 1.440942 0.645940
1.474067 0.645940 1.474067 0.645940
1.507192 0.645940 1.507192 0.645940
1.540317 0.645940 1.540317 0.645940
1.573443 0.645940 1.573443 0.645940
1.606568 0.645940 1.606568 0.645940
1.639693 0.645940 1.639693 0.645940
1.672818 0.645940 1.672818 0.645940
1.705943 0.645940 1.705943 0.645940
1.739068 0.645940 1.739068 0.645940
1.772193 0.645940 1.772193 0.645940
1.805318 0.645940 1.805318 0.645940
1.838443 0.645940 1.838443 0.645940
1.871568 0.645940 1.871568 0.645940
1.904694 0.645940 1.904694 0.645940
1.937819 0.645940 1.937819 0.645940
1.970944 0.645940 1.970944 0.645940
2.004069 0.645940 2.004069 0.645940
2.037194 0.645940 2.037194 0.645940
2.070319 0.645940 2.070319 0.645940
2.103444 0.645940 2.103444 0.645940
-2.103444 0.679065 -2.103444 0.679065
-2.070319 0.679065 -2.070319 0.679065
-2.037194 0.679065 -2.037194 0.679065
-2.004069 0.679065 -2.004069 0.679065
-1.970944 0.679065 -1.970944 0.679065
-1.937819 0.679065 -1.937819 0.679065
-1.904694 0.679065 -1.904694 0.679065
-1.871568 0.679065 -1.871568 0.679065
-1.838443 0.679065 -1.838443 0.679065
-1.805318 0.679065 -1.805318 0.679065
-1.772193 0.679065 -1.772193 0.679065
-1.739068 0.679065 -1.739068 0.679065
-1.705943 0.679065 -1.705943 0.679065
-1.672818 0.679065 -1.672818 0.679065
-1.639693 0.679065 -1.639693 0.679065
-1.606568 0.679065 -1.606568 0.679065
-1.573443 0.679065 -1.573443 0.679065
-1.540317 0.679065 -1.540317 0.679065
-1.507192 0.679065 -1.507192 0.679065
-1.474067 0.679065 -1.474067 0.679065
-1.440942 0.679065 -1.440942 0.679065
-1.407817 0.679065 -1.407817 0.679065
-1.374692 0.679065 -1.374692 0.679065
-1.341567 0.679065 -1.341567 0.679065
-1.308442 0.679065 -1.308442 0.679065
-1.275317 0.679065 -1.275317 0.679065
-1.242191 0.679065 -1.242191 0.679065
-1.209066 0.679065 -1.209066 0.679065
-1.175941 0.679065 0.053452 0.679065
-1.142816 0.679065 0.072670 0.679065
-1.109691 0.679065 0.091888 0.679065
-1.076566 0.679065 0.111106 0.679065
-1.043441 0.679065 0.130325 0.679065
-1.010316 0.679065 0.149543 0.679065
-0.977191 0.679065 0.168761 0.679065
-0.944066 0.679065 0.187979 0.679065
-0.910940 0.679065 0.207197 0.679065
-0.877815 0.679065 0.226416 0.679065
-0.844690 0.679065 0.245634 0.679065
-0.811565 0.679065 0.264852 0.679065
-0.778440 0.679065 0.284070 0.679065
-0.745315 0.679065 0.303288 0.679065
-0.712190 0.679065 0.322507 0.679065
-0.679065 0.679065 0.341725 0.679065
-0.645940 0.679065 0.997255 -0.908233
-0.612814 0.679065 0.975287 -0.934543
-0.579689 0.679065 0.953319 -0.960854
-0.513439 0.679065 -1.061997 -0.780670
-0.480314 0.679065 -1.043270 -0.809597
-0.447189 0.679065 -1.024544 -0.838525
-0.414064 0.679065 -1.005817 -0.867452
-0.380939 0.679065 -0.987091 -0.896379
-0.347814 0.679065 0.173678 0.679065
-0.314689 0.679065 0.206803 0.679065
-0.281563 0.679065 0.239928 0.679065
-0.248438 0.679065 0.273053 0.679065
-0.215313 0.679065 0.306178 0.679065
-0.182188 0.679065 0.339304 0.679065
-0.149063 0.679065 0.111256 -0.942571
-0.115938 0.679065 0.135381 -0.936753
-0.082813 0.679065 0.159506 -0.930934
-0.049688 0.679065 0.183630 -0.925115
-0.016563 0.679065 0.207755 -0.919296
0.016563 0.679065 -0.207755 -0.919296
0.049688 0.679065 -0.183630 -0.925115
0.082813 0.679065 -0.159506 -0.930934
0.115938 0.679065 -0.135381 -0.936753
0.149063 0.679065 -0.111256 -0.942571
0.182188 0.679065 -0.339304 0.679065
0.215313 0.679065 -0.306178 0.679065
0.248438 0.679065 -0.273053 0.679065
0.281563 0.679065 -0.239928 0.679065
0.314689 0.679065 -0.206803 0.679065
0.347814 0.679065 -0.173678 0.679065
0.380939 0.679065 0.987091 -0.896379
0.414064 0.679065 1.005817 -0.867452
0.447189 0.679065 1.024544 -0.838525
0.480314 0.679065 1.043270 -0.809597
0.513439 0.679065 1.061997 -0.780670
0.579689 0.679065 -0.953319 -0.960854
0.612814 0.679065 -0.975287 -0.934543
0.645940 0.679065 -0.997255 -0.908233
0.679065 0.679065 -0.341725 0.679065
0.712190 0.679065 -0.322507 0.679065
0.745315 0.679065 -0.303288 0.679065
0.778440 0.679065 -0.284070 0.679065
0.811565 0.679065 -0.264852 0.679065
0.844690 0.679065 -0.245634 0.679065
0.877815 0.679065 -0.226416 0.679065
0.910940 0.679065 -0.207197 0.679065
0.944066 0.679065 -0.187979 0.679065
0.977191 0.679065 -0.168761 0.679065
1.010316 0.679065 -0.149543 0.679065
1.043441 0.679065 -0.130325 0.679065
1.076566 0.679065 -0.111106 0.679065
1.109691 0.679065 -0.091888 0.679065
1.142816 0.679065 -0.072670 0.679065
1.175941 0.679065 -0.053452 0.679065
1.209066 0.679065 1.209066 0.679065
1.242191 0.679065 1.242191 0.679065
1.275317 0.679065 1.275317 0.679065
1.308442 0.679065 1.308442 0.679065
1.341567 0.679065 1.341567 0.679065
1.374692 0.679065 1.374692 0.679065
1.407817 0.679065 1.407817 0.679065
1.440942 0.679065 1.440942 0.679065
1.474067 0.679065 1.474067 0.679065
1.507192 0.679065 1.507192 0.679065
1.540317 0.679065 1.540317 0.679065
1.573443 0.679065 1.573443 0.679065
1.606568 0.679065 1.606568 0.679065
1.639693 0.679065 1.639693 0.679065
1.672818 0.679065 1.672818 0.679065
1.705943 0.679065 1.705943 0.679065
1.739068 0.679065 1.739068 0.679065
1.772193 0.679065 1.772193 0.679065
1.805318 0.679065 1.805318 0.679065
1.838443 0.679065 1.838443 0.679065
1.871568 0.679065 1.871568 0.679065
1.904694 0.679065 1.904694 0.679065
1.937819 0.679065 1.937819 0.679065
1.970944 0.679065 1.970944 0.679065
2.004069 0.679065 2.004069 0.679065
2.037194 0.679065 2.037194 0.679065
2.070319 0.679065 2.070319 0.679065
2.103444 0.679065 2.103444 0.679065
-2.103444 0.712190 -2.103444 0.712190
-2.070319 0.712190 -2.070319 0.712190
-2.037194 0.712190 -2.037194 0.712190
-2.004069 0.712190 -2.004069 0.712190
-1.970944 0.712190 -1.970944 0.712190
-1.937819 0.712190 -1.937819 0.712190
-1.904694 0.712190 -1.904694 0.712190
-1.871568 0.712190 -1.871568 0.712190
-1.838443 0.712190 -1.838443 0.712190
-1.805318 0.712190 -1.805318 0.712190
-1.772193 0.712190 -1.772193 0.712190
-1.739068 0.712190 -1.739068 0.712190
-1.705943 0.712190 -1.705943 0.712190
-1.672818 0.712190 -1.672818 0.712190
-1.639693 0.712190 -1.639693 0.712190
-1.606568 0.712190 -1.606568 0.712190
-1.573443 0.712190 -1.573443 0.712190
-1.540317 0.712190 -1.540317 0.712190
-1.507192 0.712190 -1.507192 0.712190
-1.474067 0.712190 -1.474067 0.712190
-1.440942 0.712190 -1.440942 0.712190
-1.407817 0.712190 -1.407817 0.712190
-1.374692 0.712190 -1.374692 0.712190
-1.341567 0.712190 -1.341567 0.712190
-1.308442 0.712190 -1.308442 0.712190
-1.275317 0.712190 -1.275317 0.712190
-1.242191 0.712190 -1.242191 0.712190
-1.209066 0.712190 -1.209066 0.712190
-1.175941 0.712190 0.053452 0.712190
-1.142816 0.712190 0.072670 0.712190
-1.109691 0.712190 0.091888 0.712190
-1.076566 0.712190 0.111106 0.712190
-1.043441 0.712190 0.130325 0.712190
-1.010316 0.712190 0.149543 0.712190
-0.977191 0.712190 0.168761 0.712190
-0.944066 0.712190 0.187979 0.712190
-0.910940 0.712190 0.207197 0.712190
-0.877815 0.712190 0.226416 0.712190
-0.844690 0.712190 0.245634 0.712190
-0.811565 0.712190 0.264852 0.712190
-0.778440 0.712190 0.284070 0.712190
-0.745315 0.712190 0.303288 0.712190
-0.712190 0.712190 1.019544 -0.832824
-0.679065 0.712190 0.997576 -0.859135
-0.645940 0.712190 0.975608 -0.885445
-0.612814 0.712190 0.953640 -0.911756
-0.579689 0.712190 0.931672 -0.938067
-0.546564 0.712190 -1.111093 -0.775899
-0.513439 0.712190 -1.092366 -0.804826
-0.480314 0.712190 -1.073640 -0.833754
-0.447189 0.712190 -1.054913 -0.862681
-0.414064 0.712190 -1.036187 -0.891608
-0.380939 0.712190 -1.017460 -0.920536
-0.347814 0.712190 -0.998734 -0.949463
-0.314689 0.712190 -0.980008 -0.978390
-0.248438 0.712190 0.273053 0.712190
-0.215313 0.712190 0.063007 -0.899668
-0.182188 0.712190 0.087131 -0.893849
-0.149063 0.712190 0.111256 -0.888031
-0.115938 0.712190 0.135381 -0.882212
-0.082813 0.712190 0.159506 -0.876393
-0.049688 0.712190 0.183630 -0.870574
-0.016563 0.712190 0.207755 -0.864755
0.016563 0.712190 -0.207755 -0.864755
0.049688 0.712190 -0.183630 -0.870574
0.082813 0.712190 -0.159506 -0.876393
0.115938 0.712190 -0.135381 -0.882212
0.149063 0.712190 -0.111256 -0.888031
0.182188 0.712190 -0.087131 -0.893849
0.215313 0.712190 -0.063007 -0.899668
0.248438 0.712190 -0.273053 0.712190
0.314689 0.712190 0.980008 -0.978390
0.347814 0.712190 0.998734 -0.949463
0.380939 0.712190 1.017460 -0.920536
0.414064 0.712190 1.036187 -0.891608
0.447189 0.712190 1.054913 -0.862681
0.480314 0.712190 1.073640 -0.833754
0.513439 0.712190 1.092366 -0.804826
0.546564 0.712190 1.111093 -0.775899
0.579689 0.712190 -0.931672 -0.938067
0.612814 0.712190 -0.953640 -0.911756
0.645940 0.712190 -0.975608 -0.885445
0.679065 0.712190 -0.997576 -0.859135
0.712190 0.712190 -1.019544 -0.832824
0.745315 0.712190 -0.303288 0.712190
0.778440 0.712190 -0.284070 0.712190
0.811565 0.712190 -0.264852 0.712190
0.844690 0.712190 -0.245634 0.712190
0.877815 0.712190 -0.226416 0.712190
0.910940 0.712190 -0.207197 0.712190
0.944066 0.712190 -0.187979 0.712190
0.977191 0.712190 -0.168761 0.712190
1.010316 0.712190 -0.149543 0.712190
1.043441 0.712190 -0.130325 0.712190
1.076566 0.712190 -0.111106 0.712190
1.109691 0.712190 -0.091888 0.712190
1.142816 0.712190 -0.072670 0.712190
1.175941 0.712190 -0.053452 0.712190
1.209066 0.712190 1.209066 0.712190
1.242191 0.712190 1.242191 0.712190
1.275317 0.712190 1.275317 0.712190
1.308442 0.712190 1.308442 0.712190
1.341567 0.712190 1.341567 0.712190
1.374692 0.712190 1.374692 0.712190
1.407817 0.712190 1.407817 0.712190
1.440942 0.712190 1.440942 0.712190
1.474067 0.712190 1.474067 0.712190
1.507192 0.712190 1.507192 0.712190
1.540317 0.712190 1.540317 0.712190
1.573443 0.712190 1.573443 0.712190
1.606568 0.712190 1.606568 0.712190
1.639693 0.712190 1.639693 0.712190
1.672818 0.712190 1.672818 0.712190
1.705943 0.712190 1.705943 0.712190
1.739068 0.712190 1.739068 0.712190
1.772193 0.712190 1.772193 0.712190
1.805318 0.712190 1.805318 0.712190
1.838443 0.712190 1.838443 0.712190
1.871568 0.712190 1.871568 0.712190
1.904694 0.712190 1.904694 0.712190
1.937819 0.712190 1.937819 0.712190
1.970944 0.712190 1.970944 0.712190
2.004069 0.712190 2.004069 0.712190
2.037194 0.712190 2.037194 0.712190
2.070319 0.712190 2.070319 0.712190
2.103444 0.712190 2.103444 0.712190
-2.103444 0.745315 -2.103444 0.745315
-2.070319 0.745315 -2.070319 0.745315
-2.037194 0.745315 -2.037194 0.745315
-2.004069 0.745315 -2.004069 0.745315
-1.970944 0.745315 -1.970944 0.745315
-1.937819 0.745315 -1.937819 0.745315
-1.904694 0.745315 -1.904694 0.745315
-1.871568 0.745315 -1.871568 0.745315
-1.838443 0.745315 -1.838443 0.745315
-1.805318 0.745315 -1.805318 0.745315
-1.772193 0.745315 -1.772193 0.745315
-1.739068 0.745315 -1.739068 0.745315
-1.705943 0.745315 -1.705943 0.745315
-1.672818 0.745315 -1.672818 0.745315
-1.639693 0.745315 -1.639693 0.745315
-1.606568 0.745315 -1.606568 0.745315
-1.573443 0.745315 -1.573443 0.745315
-1.540317 0.745315 -1.540317 0.745315
-1.507192 0.745315 -1.507192 0.745315
-1.474067 0.745315 -1.474067 0.745315
-1.440942 0.745315 -1.440942 0.745315
-1.407817 0.745315 -1.407817 0.745315
-1.374692 0.745315 -1.374692 0.745315
-1.341567 0.745315 -1.341567 0.745315
-1.308442 0.745315 -1.308442 0.745315
-1.275317 0.745315 -1.275317 0.745315
-1.242191 0.745315 -1.242191 0.745315
-1.209066 0.745315 -1.209066 0.745315
-1.175941 0.745315 -1.175941 0.745315
-1.142816 0.745315 0.072670 0.745315
-1.109691 0.745315 0.091888 0.745315
-1.076566 0.745315 0.111106 0.745315
-1.043441 0.745315 0.130325 0.745315
-1.010316 0.745315 0.149543 0.745315
-0.977191 0.745315 0.168761 0.745315
-0.944066 0.745315 0.187979 0.745315
-0.910940 0.745315 0.207197 0.745315
-0.877815 0.745315 0.226416 0.745315
-0.844690 0.745315 0.245634 0.745315
-0.811565 0.745315 0.264852 0.745315
-0.778440 0.745315 1.041833 -0.757415
-0.745315 0.745315 1.019865 -0.783726
-0.712190 0.745315 0.997897 -0.810037
-0.679065 0.745315 0.975929 -0.836347
-0.645940 0.745315 0.953961 -0.862658
-0.612814 0.745315 0.931993 -0.888969
-0.579689 0.745315 0.910026 -0.915279
-0.546564 0.745315 -1.119991 -0.782978
-0.513439 0.745315 -1.102282 -0.812716
-0.480314 0.745315 -1.084574 -0.842453
-0.447189 0.745315 -1.066866 -0.872190
-0.414064 0.745315 -1.049158 -0.901927
-0.380939 0.745315 -1.031449 -0.931664
-0.347814 0.745315 -1.013741 -0.961401
-0.314689 0.745315 -0.009367 -0.862584
-0.281563 0.745315 0.014757 -0.856765
-0.248438 0.745315 0.038882 -0.850946
-0.215313 0.745315 0.063007 -0.845128
-0.182188 0.745315 0.087131 -0.839309
-0.149063 0.745315 0.111256 -0.833490
-0.115938 0.745315 0.135381 -0.827671
-0.082813 0.745315 0.159506 -0.821852
-0.049688 0.745315 0.183630 -0.816033
-0.016563 0.745315 0.207755 -0.810215
0.016563 0.745315 -0.207755 -0.810215
0.049688 0.745315 -0.183630 -0.816033
0.082813 0.745315 -0.159506 -0.821852
0.115938 0.745315 -0.135381 -0.827671
0.149063 0.745315 -0.111256 -0.833490
0.182188 0.745315 -0.087131 -0.839309
0.215313 0.745315 -0.063007 -0.845128
0.248438 0.745315 -0.038882 -0.850946
0.281563 0.745315 -0.014757 -0.856765
0.314689 0.745315 0.009367 -0.862584
0.347814 0.745315 1.013741 -0.961401
0.380939 0.745315 1.031449 -0.931664
0.414064 0.745315 1.049158 -0.901927
0.447189 0.745315 1.066866 -0.872190
0.480314 0.745315 1.084574 -0.842453
0.513439 0.745315 1.102282 -0.812716
0.546564 0.745315 1.119991 -0.782978
0.579689 0.745315 -0.910026 -0.915279
0.612814 0.745315 -0.931993 -0.888969
0.645940 0.745315 -0.953961 -0.862658
0.679065 0.745315 -0.975929 -0.836347
0.712190 0.745315 -0.997897 -0.810037
0.745315 0.745315 -1.019865 -0.783726
0.778440 0.745315 -1.041833 -0.757415
0.811565 0.745315 -0.264852 0.745315
0.844690 0.745315 -0.245634 0.745315
0.877815 0.745315 -0.226416 0.745315
0.910940 0.745315 -0.207197 0.745315
0.944066 0.745315 -0.187979 0.745315
0.977191 0.745315 -0.168761 0.745315
1.010316 0.745315 -0.149543 0.745315
1.043441 0.745315 -0.130325 0.745315
1.076566 0.745315 -0.111106 0.745315
1.109691 0.745315 -0.091888 0.745315
1.142816 0.745315 -0.072670 0.745315
1.175941 0.745315 1.175941 0.745315
1.209066 0.745315 1.209066 0.745315
1.242191 0.745315 1.242191 0.745315
1.275317 0.745315 1.275317 0.745315
1.308442 0.745315 1.308442 0.745315
1.341567 0.745315 1.341567 0.745315
1.374692 0.745315 1.374692 0.745315
1.407817 0.745315 1.407817 0.745315
1.440942 0.745315 1.440942 0.745315
1.474067 0.745315 1.474067 0.745315
1.507192 0.745315 1.507192 0.745315
1.540317 0.745315 1.540317 0.745315
1.573443 0.745315 1.573443 0.745315
1.606568 0.745315 1.606568 0.745315
1.639693 0.745315 1.639693 0.745315
1.672818 0.745315 1.672818 0.745315
1.705943 0.745315 1.705943 0.745315
1.739068 0.745315 1.739068 0.745315
1.772193 0.745315 1.772193 0.745315
1.805318 0.745315 1.805318 0.745315
1.838443 0.745315 1.838443 0.745315
1.871568 0.745315 1.871568 0.745315
1.904694 0.745315 1.904694 0.745315
1.937819 0.745315 1.937819 0.745315
1.970944 0.745315 1.970944 0.745315
2.004069 0.745315 2.004069 0.745315
2.037194 0.745315 2.037194 0.745315
2.070319 0.745315 2.070319 0.745315
2.103444 0.745315 2.103444 0.745315
-2.103444 0.778440 -2.103444 0.778440
-2.070319 0.778440 -2.070319 0.778440
-2.037194 0.778440 -2.037194 0.778440
-2.004069 0.778440 -2.004069 0.778440
-1.970944 0.778440 -1.970944 0.778440
-1.937819 0.778440 -1.937819 0.778440
-1.904694 0.778440 -1.904694 0.778440
-1.871568 0.778440 -1.871568 0.778440
-1.838443 0.778440 -1.838443 0.778440
-1.805318 0.778440 -1.805318 0.778440
-1.772193 0.778440 -1.772193 0.778440
-1.739068 0.778440 -1.739068 0.778440
-1.705943 0.778440 -1.705943 0.778440
-1.672818 0.778440 -1.672818 0.778440
-1.639693 0.778440 -1.639693 0.778440
-1.606568 0.778440 -1.606568 0.778440
-1.573443 0.778440 -1.573443 0.778440
-1.540317 0.778440 -1.540317 0.778440
-1.507192 0.778440 -1.507192 0.778440
-1.474067 0.778440 -1.474067 0.778440
-1.440942 0.778440 -1.440942 0.778440
-1.407817 0.778440 -1.407817 0.778440
-1.374692 0.778440 -1.374692 0.778440
-1.341567 0.778440 -1.341567 0.778440
-1.308442 0.778440 -1.308442 0.778440
-1.275317 0.778440 -1.275317 0.778440
-1.242191 0.778440 -1.242191 0.778440
-1.209066 0.778440 -1.209066 0.778440
-1.175941 0.778440 -1.175941 0.778440
-1.142816 0.778440 -1.142816 0.778440
-1.109691 0.778440 0.091888 0.778440
-1.076566 0.778440 0.111106 0.778440
-1.043441 0.778440 0.130325 0.778440
-1.010316 0.778440 0.149543 0.778440
-0.977191 0.778440 0.168761 0.778440
-0.944066 0.778440 0.187979 0.778440
-0.910940 0.778440 0.207197 0.778440
-0.877815 0.778440 0.226416 0.778440
-0.844690 0.778440 0.441401 -0.814333
-0.811565 0.778440 0.446629 -0.793419
-0.778440 0.778440 1.020186 -0.734628
-0.745315 0.778440 0.998218 -0.760939
-0.712190 0.778440 0.976250 -0.787249
-0.679065 0.778440 0.954283 -0.813560
-0.645940 0.778440 0.932315 -0.839871
-0.612814 0.778440 0.910347 -0.866182
-0.579689 0.778440 0.888379 -0.892492
-0.546564 0.778440 -1.095990 -0.763893
-0.513439 0.778440 -1.078282 -0.793630
-0.480314 0.778440 -1.060574 -0.823368
-0.447189 0.778440 -1.042866 -0.853105
-0.414064 0.778440 -0.081742 -0.825500
-0.380939 0.778440 -0.057617 -0.819681
-0.347814 0.778440 -0.033492 -0.813862
-0.314689 0.778440 -0.009367 -0.808043
-0.281563 0.778440 0.014757 -0.802224
-0.248438 0.778440 0.038882 -0.796406
-0.215313 0.778440 0.063007 -0.790587
-0.182188 0.778440 0.087131 -0.784768
-0.149063 0.778440 0.111256 -0.778949
-0.115938 0.778440 0.135381 -0.773130
-0.082813 0.778440 0.159506 -0.767312
-0.049688 0.778440 0.183630 -0.761493
-0.016563 0.778440 0.207755 -0.755674
0.016563 0.778440 -0.207755 -0.755674
0.049688 0.778440 -0.183630 -0.761493
0.082813 0.778440 -0.159506 -0.767312
0.115938 0.778440 -0.135381 -0.773130
0.149063 0.778440 -0.111256 -0.778949
0.182188 0.778440 -0.087131 -0.784768
0.215313 0.778440 -0.063007 -0.790587
0.248438 0.778440 -0.038882 -0.796406
0.281563 0.778440 -0.014757 -0.802224
0.314689 0.778440 0.009367 -0.808043
0.347814 0.778440 0.033492 -0.813862
0.380939 0.778440 0.057617 -0.819681
0.414064 0.778440 0.081742 -0.825500
0.447189 0.778440 1.042866 -0.853105
0.480314 0.778440 1.060574 -0.823368
0.513439 0.778440 1.078282 -0.793630
0.546564 0.778440 1.095990 -0.763893
0.579689 0.778440 -0.888379 -0.892492
0.612814 0.778440 -0.910347 -0.866182
0.645940 0.778440 -0.932315 -0.839871
0.679065 0.778440 -0.954283 -0.813560
0.712190 0.778440 -0.976250 -0.787249
0.745315 0.778440 -0.998218 -0.760939
0.778440 0.778440 -1.020186 -0.734628
0.811565 0.778440 -0.446629 -0.793419
0.844690 0.778440 -0.441401 -0.814333
0.877815 0.778440 -0.226416 0.778440
0.910940 0.778440 -0.207197 0.778440
0.944066 0.778440 -0.187979 0.778440
0.977191 0.778440 -0.168761 0.778440
1.010316 0.778440 -0.149543 0.778440
1.043441 0.778440 -0.130325 0.778440
1.076566 0.778440 -0.111106 0.778440
1.109691 0.778440 -0.091888 0.778440
1.142816 0.778440 1.142816 0.778440
1.175941 0.778440 1.175941 0.778440
1.209066 0.778440 1.209066 0.778440
1.242191 0.778440 1.242191 0.778440
1.275317 0.778440 1.275317 0.778440
1.308442 0.778440 1.308442 0.778440
1.341567 0.778440 1.341567 0.778440
1.374692 0.778440 1.374692 0.778440
1.407817 0.778440 1.407817 0.778440
1.440942 0.778440 1.440942 0.778440
1.474067 0.778440 1.474067 0.778440
1.507192 0.778440 1.507192 0.778440
1.540317 0.778440 1.540317 0.778440
1.573443 0.778440 1.573443 0.778440
1.606568 0.778440 1.606568 0.778440
1.639693 0.778440 1.639693 0.778440
1.672818 0.778440 1.672818 0.778440
1.705943 0.778440 1.705943 0.778440
1.739068 0.778440 1.739068 0.778440
1.772193 0.778440 1.772193 0.778440
1.805318 0.778440 1.805318 0.778440
1.838443 0.778440 1.838443 0.778440
1.871568 0.778440 1.871568 0.778440
1.904694 0.778440 1.904694 0.778440
1.937819 0.778440 1.937819 0.778440
1.970944 0.778440 1.970944 0.778440
2.004069 0.778440 2.004069 0.778440
2.037194 0.778440 2.037194 0.778440
2.070319 0.778440 2.070319 0.778440
2.103444 0.778440 2.103444 0.778440
-2.103444 0.811565 -2.103444 0.811565
-2.070319 0.811565 -2.070319 0.811565
-2.037194 0.811565 -2.037194 0.811565
-2.004069 0.811565 -2.004069 0.811565
-1.970944 0.811565 -1.970944 0.811565
-1.937819 0.811565 -1.937819 0.811565
-1.904694 0.811565 -1.904694 0.811565
-1.871568 0.811565 -1.871568 0.811565
-1.838443 0.811565 -1.838443 0.811565
-1.805318 0.811565 -1.805318 0.811565
-1.772193 0.811565 -1.772193 0.811565
-1.739068 0.811565 -1.739068 0.811565
-1.705943 0.811565 -1.705943 0.811565
-1.672818 0.811565 -1.672818 0.811565
-1.639693 0.811565 -1.639693 0.811565
-1.606568 0.811565 -1.606568 0.811565
-1.573443 0.811565 -1.573443 0.811565
-1.540317 0.811565 -1.540317 0.811565
-1.507192 0.811565 -1.507192 0.811565
-1.474067 0.811565 -1.474067 0.811565
-1.440942 0.811565 -1.440942 0.811565
-1.407817 0.811565 -1.407817 0.811565
-1.374692 0.811565 -1.374692 0.811565
-1.341567 0.811565 -1.341567 0.811565
-1.308442 0.811565 -1.308442 0.811565
-1.275317 0.811565 -1.275317 0.811565
-1.242191 0.811565 -1.242191 0.811565
-1.209066 0.811565 -1.209066 0.811565
-1.175941 0.811565 -1.175941 0.811565
-1.142816 0.811565 -1.142816 0.811565
-1.109691 0.811565 0.091888 0.811565
-1.076566 0.811565 0.111106 0.811565
-1.043441 0.811565 0.130325 0.811565
-1.010316 0.811565 0.149543 0.811565
-0.977191 0.811565 0.168761 0.811565
-0.944066 0.811565 0.187979 0.811565
-0.910940 0.811565 0.391748 -0.847318
-0.877815 0.811565 0.396977 -0.826405
-0.844690 0.811565 0.402205 -0.805491
-0.811565 0.811565 0.407433 -0.784578
-0.778440 0.811565 0.998540 -0.711841
-0.745315 0.811565 0.976572 -0.738151
-0.712190 0.811565 0.954604 -0.764462
-0.679065 0.811565 0.932636 -0.790773
-0.645940 0.811565 0.910668 -0.817084
-0.612814 0.811565 0.888700 -0.843394
-0.579689 0.811565 -1.089698 -0.715071
-0.546564 0.811565 -1.071990 -0.744808
-0.513439 0.811565 -1.054282 -0.774545
-0.480314 0.811565 -0.129991 -0.782597
-0.447189 0.811565 -0.105866 -0.776778
-0.414064 0.811565 -0.081742 -0.770959
-0.380939 0.811565 -0.057617 -0.765140
-0.347814 0.811565 -0.033492 -0.759321
-0.314689 0.811565 -0.009367 -0.753503
-0.281563 0.811565 0.014757 -0.747684
-0.248438 0.811565 0.038882 -0.741865
-0.215313 0.811565 0.063007 -0.736046
-0.182188 0.811565 0.087131 -0.730227
-0.149063 0.811565 0.111256 -0.724409
-0.115938 0.811565 0.135381 -0.718590
-0.082813 0.811565 0.159506 -0.712771
-0.049688 0.811565 0.183630 -0.706952
-0.016563 0.811565 0.207755 -0.701133
0.016563 0.811565 -0.207755 -0.701133
0.049688 0.811565 -0.183630 -0.706952
0.082813 0.811565 -0.159506 -0.712771
0.115938 0.811565 -0.135381 -0.718590
0.149063 0.811565 -0.111256 -0.724409
0.182188 0.811565 -0.087131 -0.730227
0.215313 0.811565 -0.063007 -0.736046
0.248438 0.811565 -0.038882 -0.741865
0.281563 0.811565 -0.014757 -0.747684
0.314689 0.811565 0.009367 -0.753503
0.347814 0.811565 0.033492 -0.759321
0.380939 0.811565 0.057617 -0.765140
0.414064 0.811565 0.081742 -0.770959
0.447189 0.811565 0.105866 -0.776778
0.480314 0.811565 0.129991 -0.782597
0.513439 0.811565 1.054282 -0.774545
0.546564 0.811565 1.071990 -0.744808
0.579689 0.811565 1.089698 -0.715071
0.612814 0.811565 -0.888700 -0.843394
0.645940 0.811565 -0.910668 -0.817084
0.679065 0.811565 -0.932636 -0.790773
0.712190 0.811565 -0.954604 -0.764462
0.745315 0.811565 -0.976572 -0.738151
0.778440 0.811565 -0.998540 -0.711841
0.811565 0.811565 -0.407433 -0.784578
0.844690 0.811565 -0.402205 -0.805491
0.877815 0.811565 -0.396977 -0.826405
0.910940 0.811565 -0.391748 -0.847318
0.944066 0.811565 -0.187979 0.811565
0.977191 0.811565 -0.168761 0.811565
1.010316 0.811565 -0.149543 0.811565
1.043441 0.811565 -0.130325 0.811565
1.076566 0.811565 -0.111106 0.811565
1.109691 0.811565 -0.091888 0.811565
1.142816 0.811565 1.142816 0.811565
1.175941 0.811565 1.175941 0.811565
1.209066 0.811565 1.209066 0.811565
1.242191 0.811565 1.242191 0.811565
1.275317 0.811565 1.275317 0.811565
1.308442 0.811565 1.308442 0.811565
1.341567 0.811565 1.341567 0.811565
1.374692 0.811565 1.374692 0.811565
1.407817 0.811565 1.407817 0.811565
1.440942 0.811565 1.440942 0.811565
1.474067 0.811565 1.474067 0.811565
1.507192 0.811565 1.507192 0.811565
1.540317 0.811565 1.540317 0.811565
1.573443 0.811565 1.573443 0.811565
1.606568 0.811565 1.606568 0.811565
1.639693 0.811565 1.639693 0.811565
1.672818 0.811565 1.672818 0.811565
1.705943 0.811565 1.705943 0.811565
1.739068 0.811565 1.739068 0.811565
1.772193 0.811565 1.772193 0.811565
1.805318 0.811565 1.805318 0.811565
1.838443 0.811565 1.838443 0.811565
1.871568 0.811565 1.871568 0.811565
1.904694 0.811565 1.904694 0.811565
1.937819 0.811565 1.937819 0.811565
1.970944 0.811565 1.970944 0.811565
2.004069 0.811565 2.004069 0.811565
2.037194 0.811565 2.037194 0.811565
2.070319 0.811565 2.070319 0.811565
2.103444 0.811565 2.103444 0.811565
-2.103444 0.844690 -2.103444 0.844690
-2.070319 0.844690 -2.070319 0.844690
-2.037194 0.844690 -2.037194 0.844690
-2.004069 0.844690 -2.004069 0.844690
-1.970944 0.844690 -1.970944 0.844690
-1.937819 0.844690 -1.937819 0.844690
-1.904694 0.844690 -1.904694 0.844690
-1.871568 0.844690 -1.871568 0.844690
-1.838443 0.844690 -1.838443 0.844690
-1.805318 0.844690 -1.805318 0.844690
-1.772193 0.844690 -1.772193 0.844690
-1.739068 0.844690 -1.739068 0.844690
-1.705943 0.844690 -1.705943 0.844690
-1.672818 0.844690 -1.672818 0.844690
-1.639693 0.844690 -1.639693 0.844690
-1.606568 0.844690 -1.606568 0.844690
-1.573443 0.844690 -1.573443 0.844690
-1.540317 0.844690 -1.540317 0.844690
-1.507192 0.844690 -1.507192 0.844690
-1.474067 0.844690 -1.474067 0.844690
-1.440942 0.844690 -1.440942 0.844690
-1.407817 0.844690 -1.407817 0.844690
-1.374692 0.844690 -1.374692 0.844690
-1.341567 0.844690 -1.341567 0.844690
-1.308442 0.844690 -1.308442 0.844690
-1.275317 0.844690 -1.275317 0.844690
-1.242191 0.844690 -1.242191 0.844690
-1.209066 0.844690 -1.209066 0.844690
-1.175941 0.844690 -1.175941 0.844690
-1.142816 0.844690 -1.142816 0.844690
-1.109691 0.844690 -1.109691 0.844690
-1.076566 0.844690 0.111106 0.844690
-1.043441 0.844690 0.130325 0.844690
-1.010316 0.844690 0.149543 0.844690
-0.977191 0.844690 0.342095 -0.880304
-0.944066 0.844690 0.347324 -0.859390
-0.910940 0.844690 0.352552 -0.838477
-0.877815 0.844690 0.357781 -0.817563
-0.844690 0.844690 0.363009 -0.796650
-0.811565 0.844690 0.368237 -0.775737
-0.778440 0.844690 0.976893 -0.689053
-0.745315 0.844690 0.954925 -0.715364
-0.712190 0.844690 0.932957 -0.741675
-0.679065 0.844690 0.910989 -0.767986
-0.645940 0.844690 0.889021 -0.794296
-0.612814 0.844690 0.867053 -0.820607
-0.579689 0.844690 -0.202365 -0.745512
-0.546564 0.844690 -0.178240 -0.739694
-0.513439 0.844690 -0.154116 -0.733875
-0.480314 0.844690 -0.129991 -0.728056
-0.447189 0.844690 -0.105866 -0.722237
-0.414064 0.844690 -0.081742 -0.716418
-0.380939 0.844690 -0.057617 -0.710599
-0.347814 0.844690 -0.033492 -0.704781
-0.314689 0.844690 -0.009367 -0.698962
-0.281563 0.844690 0.014757 -0.693143
-0.248438 0.844690 0.038882 -0.687324
-0.215313 0.844690 0.063007 -0.681505
-0.182188 0.844690 0.087131 -0.675687
-0.149063 0.844690 0.111256 -0.669868
-0.115938 0.844690 0.135381 -0.664049
-0.082813 0.844690 0.159506 -0.658230
-0.049688 0.844690 0.183630 -0.652411
-0.016563 0.844690 0.207755 -0.646593
0.016563 0.844690 -0.207755 -0.646593
0.049688 0.844690 -0.183630 -0.652411
0.082813 0.844690 -0.159506 -0.658230
0.115938 0.844690 -0.135381 -0.664049
0.149063 0.844690 -0.111256 -0.669868
0.182188 0.844690 -0.087131 -0.675687
0.215313 0.844690 -0.063007 -0.681505
0.248438 0.844690 -0.038882 -0.687324
0.281563 0.844690 -0.014757 -0.693143
0.314689 0.844690 0.009367 -0.698962
0.347814 0.844690 0.033492 -0.704781
0.380939 0.844690 0.057617 -0.710599
0.414064 0.844690 0.081742 -0.716418
0.447189 0.844690 0.105866 -0.722237
0.480314 0.844690 0.129991 -0.728056
0.513439 0.844690 0.154116 -0.733875
0.546564 0.844690 0.178240 -0.739694
0.579689 0.844690 0.202365 -0.745512
0.612814 0.844690 -0.867053 -0.820607
0.645940 0.844690 -0.889021 -0.794296
0.679065 0.844690 -0.910989 -0.767986
0.712190 0.844690 -0.932957 -0.741675
0.745315 0.844690 -0.954925 -0.715364
0.778440 0.844690 -0.976893 -0.689053
0.811565 0.844690 -0.368237 -0.775737
0.844690 0.844690 -0.363009 -0.796650
0.877815 0.844690 -0.357781 -0.817563
0.910940 0.844690 -0.352552 -0.838477
0.944066 0.844690 -0.347324 -0.859390
0.977191 0.844690 -0.342095 -0.880304
1.010316 0.844690 -0.149543 0.844690
1.043441 0.844690 -0.130325 0.844690
1.076566 0.844690 -0.111106 0.844690
1.109691 0.844690 1.109691 0.844690
1.142816 0.844690 1.142816 0.844690
1.175941 0.844690 1.175941 0.844690
1.209066 0.844690 1.209066 0.844690
1.242191 0.844690 1.242191 0.844690
1.275317 0.844690 1.275317 0.844690
1.308442 0.844690 1.308442 0.844690
1.341567 0.844690 1.341567 0.844690
1.374692 0.844690 1.374692 0.844690
1.407817 0.844690 1.407817 0.844690
1.440942 0.844690 1.440942 0.844690
1.474067 0.844690 1.474067 0.844690
1.507192 0.844690 1.507192 0.844690
1.540317 0.844690 1.540317 0.844690
1.573443 0.844690 1.573443 0.844690
1.606568 0.844690 1.606568 0.844690
1.639693 0.844690 1.639693 0.844690
1.672818 0.844690 1.672818 0.844690
1.705943 0.844690 1.705943 0.844690
1.739068 0.844690 1.739068 0.844690
1.772193 0.844690 1.772193 0.844690
1.805318 0.844690 1.805318 0.844690
1.838443 0.844690 1.838443 0.844690
1.871568 0.844690 1.871568 0.844690
1.904694 0.844690 1.904694 0.844690
1.937819 0.844690 1.937819 0.844690
1.970944 0.844690 1.970944 0.844690
2.004069 0.844690 2.004069 0.844690
2.037194 0.844690 2.037194 0.844690
2.070319 0.844690 2.070319 0.844690
2.103444 0.844690 2.103444 0.844690
-2.103444 0.877815 -2.103444 0.877815
-2.070319 0.877815 -2.070319 0.877815
-2.037194 0.877815 -2.037194 0.877815
-2.004069 0.877815 -2.004069 0.877815
-1.970944 0.877815 -1.970944 0.877815
-1.937819 0.877815 -1.937819 0.877815
-1.904694 0.877815 -1.904694 0.877815
-1.871568 0.877815 -1.871568 0.877815
-1.838443 0.877815 -1.838443 0.877815
-1.805318 0.877815 -1.805318 0.877815
-1.772193 0.877815 -1.772193 0.877815
-1.739068 0.877815 -1.739068 0.877815
-1.705943 0.877815 -1.705943 0.877815
-1.672818 0.877815 -1.672818 0.877815
-1.639693 0.877815 -1.639693 0.877815
-1.606568 0.877815 -1.606568 0.877815
-1.573443 0.877815 -1.573443 0.877815
-1.540317 0.877815 -1.540317 0.877815
-1.507192 0.877815 -1.507192 0.877815
-1.474067 0.877815 -1.474067 0.877815
-1.440942 0.877815 -1.440942 0.877815
-1.407817 0.877815 -1.407817 0.877815
-1.374692 0.877815 -1.374692 0.877815
-1.341567 0.877815 -1.341567 0.877815
-1.308442 0.877815 -1.308442 0.877815
-1.275317 0.877815 -1.275317 0.877815
-1.242191 0.877815 -1.242191 0.877815
-1.209066 0.877815 -1.209066 0.877815
-1.175941 0.877815 -1.175941 0.877815
-1.142816 0.877815 -1.142816 0.877815
-1.109691 0.877815 -1.109691 0.877815
-1.076566 0.877815 -1.076566 0.877815
-1.043441 0.877815 0.292443 -0.913289
-1.010316 0.877815 0.297671 -0.892376
-0.977191 0.877815 0.302899 -0.871462
-0.944066 0.877815 0.308128 -0.850549
-0.910940 0.877815 0.313356 -0.829635
-0.877815 0.877815 0.318585 -0.808722
-0.844690 0.877815 0.323813 -0.787808
-0.811565 0.877815 0.329041 -0.766895
-0.778440 0.877815 0.334270 -0.745982
-0.745315 0.877815 0.933278 -0.692577
-0.712190 0.877815 0.911310 -0.718888
-0.679065 0.877815 -0.274739 -0.708428
-0.645940 0.877815 -0.250615 -0.702609
-0.612814 0.877815 -0.226490 -0.696790
-0.579689 0.877815 -0.202365 -0.690972
-0.546564 0.877815 -0.178240 -0.685153
-0.513439 0.877815 -0.154116 -0.679334
-0.480314 0.877815 -0.129991 -0.673515
-0.447189 0.877815 -0.105866 -0.667696
-0.414064 0.877815 -0.081742 -0.661878
-0.380939 0.877815 -0.057617 -0.656059
-0.347814 0.877815 -0.033492 -0.650240
-0.314689 0.877815 -0.009367 -0.644421
-0.281563 0.877815 0.014757 -0.638602
-0.248438 0.877815 0.038882 -0.632784
-0.215313 0.877815 0.063007 -0.626965
-0.182188 0.877815 0.087131 -0.621146
-0.149063 0.877815 0.111256 -0.615327
-0.115938 0.877815 0.135381 -0.609508
-0.082813 0.877815 0.159506 -0.603689
-0.049688 0.877815 0.183630 -0.597871
-0.016563 0.877815 0.207755 -0.592052
0.016563 0.877815 -0.207755 -0.592052
0.049688 0.877815 -0.183630 -0.597871
0.082813 0.877815 -0.159506 -0.603689
0.115938 0.877815 -0.135381 -0.609508
0.149063 0.877815 -0.111256 -0.615327
0.182188 0.877815 -0.087131 -0.621146
0.215313 0.877815 -0.063007 -0.626965
0.248438 0.877815 -0.038882 -0.632784
0.281563 0.877815 -0.014757 -0.638602
0.314689 0.877815 0.009367 -0.644421
0.347814 0.877815 0.033492 -0.650240
0.380939 0.877815 0.057617 -0.656059
0.414064 0.877815 0.081742 -0.661878
0.447189 0.877815 0.105866 -0.667696
0.480314 0.877815 0.129991 -0.673515
0.513439 0.877815 0.154116 -0.679334
0.546564 0.877815 0.178240 -0.685153
0.579689 0.877815 0.202365 -0.690972
0.612814 0.877815 0.226490 -0.696790
0.645940 0.877815 0.250615 -0.702609
0.679065 0.877815 0.274739 -0.708428
0.712190 0.877815 -0.911310 -0.718888
0.745315 0.877815 -0.933278 -0.692577
0.778440 0.877815 -0.334270 -0.745982
0.811565 0.877815 -0.329041 -0.766895
0.844690 0.877815 -0.323813 -0.787808
0.877815 0.877815 -0.318585 -0.808722
0.910940 0.877815 -0.313356 -0.829635
0.944066 0.877815 -0.308128 -0.850549
0.977191 0.877815 -0.302899 -0.871462
1.010316 0.877815 -0.297671 -0.892376
1.043441 0.877815 -0.292443 -0.913289
1.076566 0.877815 1.076566 0.877815
1.109691 0.877815 1.109691 0.877815
1.142816 0.877815 1.142816 0.877815
1.175941 0.877815 1.175941 0.877815
1.209066 0.877815 1.209066 0.877815
1.242191 0.877815 1.242191 0.877815
1.275317 0.877815 1.275317 0.877815
1.308442 0.877815 1.308442 0.877815
1.341567 0.877815 1.341567 0.877815
1.374692 0.877815 1.374692 0.877815
1.407817 0.877815 1.407817 0.877815
1.440942 0.877815 1.440942 0.877815
1.474067 0.877815 1.474067 0.877815
1.507192 0.877815 1.507192 0.877815
1.540317 0.877815 1.540317 0.877815
1.573443 0.877815 1.573443 0.877815
1.606568 0.877815 1.606568 0.877815
1.639693 0.877815 1.639693 0.877815
1.672818 0.877815 1.672818 0.877815
1.705943 0.877815 1.705943 0.877815
1.739068 0.877815 1.739068 0.877815
1.772193 0.877815 1.772193 0.877815
1.805318 0.877815 1.805318 0.877815
1.838443 0.877815 1.838443 0.877815
1.871568 0.877815 1.871568 0.877815
1.904694 0.877815 1.904694 0.877815
1.937819 0.877815 1.937819 0.877815
1.970944 0.877815 1.970944 0.877815
2.004069 0.877815 2.004069 0.877815
2.037194 0.877815 2.037194 0.877815
2.070319 0.877815 2.070319 0.877815
2.103444 0.877815 2.103444 0.877815
-2.103444 0.910940 -2.103444 0.910940
-2.070319 0.910940 -2.070319 0.910940
-2.037194 0.910940 -2.037194 0.910940
-2.004069 0.910940 -2.004069 0.910940
-1.970944 0.910940 -1.970944 0.910940
-1.937819 0.910940 -1.937819 0.910940
-1.904694 0.910940 -1.904694 0.910940
-1.871568 0.910940 -1.871568 0.910940
-1.838443 0.910940 -1.838443 0.910940
-1.805318 0.910940 -1.805318 0.910940
-1.772193 0.910940 -1.772193 0.910940
-1.739068 0.910940 -1.739068 0.910940
-1.705943 0.910940 -1.705943 0.910940
-1.672818 0.910940 -1.672818 0.910940
-1.639693 0.910940 -1.639693 0.910940
-1.606568 0.910940 -1.606568 0.910940
-1.573443 0.910940 -1.573443 0.910940
-1.540317 0.910940 -1.540317 0.910940
-1.507192 0.910940 -1.507192 0.910940
-1.474067 0.910940 -1.474067 0.910940
-1.440942 0.910940 -1.440942 0.910940
-1.407817 0.910940 -1.407817 0.910940
-1.374692 0.910940 -1.374692 0.910940
-1.341567 0.910940 -1.341567 0.910940
-1.308442 0.910940 -1.308442 0.910940
-1.275317 0.910940 -1.275317 0.910940
-1.242191 0.910940 -1.242191 0.910940
-1.209066 0.910940 -1.209066 0.910940
-1.175941 0.910940 -1.175941 0.910940
-1.142816 0.910940 -1.142816 0.910940
-1.109691 0.910940 -1.109691 0.910940
-1.076566 0.910940 -1.076566 0.910940
-1.043441 0.910940 0.253247 -0.904448
-1.010316 0.910940 0.258475 -0.883534
-0.977191 0.910940 0.263703 -0.862621
-0.944066 0.910940 0.268932 -0.841707
-0.910940 0.910940 0.274160 -0.820794
-0.877815 0.910940 0.279388 -0.799880
-0.844690 0.910940 0.284617 -0.778967
-0.811565 0.910940 0.289845 -0.758054
-0.778440 0.910940 0.295074 -0.737140
-0.745315 0.910940 -0.322989 -0.665525
-0.712190 0.910940 -0.298864 -0.659706
-0.679065 0.910940 -0.274739 -0.653887
-0.645940 0.910940 -0.250615 -0.648069
-0.612814 0.910940 -0.226490 -0.642250
-0.579689 0.910940 -0.202365 -0.636431
-0.546564 0.910940 -0.178240 -0.630612
-0.513439 0.910940 -0.154116 -0.624793
-0.480314 0.910940 -0.129991 -0.618975
-0.447189 0.910940 -0.105866 -0.613156
-0.414064 0.910940 -0.081742 -0.607337
-0.380939 0.910940 -0.057617 -0.601518
-0.347814 0.910940 -0.033492 -0.595699
-0.314689 0.910940 -0.009367 -0.589880
-0.281563 0.910940 0.014757 -0.584062
-0.248438 0.910940 0.038882 -0.578243
-0.215313 0.910940 0.063007 -0.572424
-0.182188 0.910940 0.087131 -0.566605
-0.149063 0.910940 0.111256 -0.560786
-0.115938 0.910940 0.135381 -0.554968
-0.082813 0.910940 0.159506 -0.549149
-0.049688 0.910940 0.183630 -0.543330
-0.016563 0.910940 0.207755 -0.537511
0.016563 0.910940 -0.207755 -0.537511
0.049688 0.910940 -0.183630 -0.543330
0.082813 0.910940 -0.159506 -0.549149
0.115938 0.910940 -0.135381 -0.554968
0.149063 0.910940 -0.111256 -0.560786
0.182188 0.910940 -0.087131 -0.566605
0.215313 0.910940 -0.063007 -0.572424
0.248438 0.910940 -0.038882 -0.578243
0.281563 0.910940 -0.014757 -0.584062
0.314689 0.910940 0.009367 -0.589880
0.347814 0.910940 0.033492 -0.595699
0.380939 0.910940 0.057617 -0.601518
0.414064 0.910940 0.081742 -0.607337
0.447189 0.910940 0.105866 -0.613156
0.480314 0.910940 0.129991 -0.618975
0.513439 0.910940 0.154116 -0.624793
0.546564 0.910940 0.178240 -0.630612
0.579689 0.910940 0.202365 -0.636431
0.612814 0.910940 0.226490 -0.642250
0.645940 0.910940 0.250615 -0.648069
0.679065 0.910940 0.274739 -0.653887
0.712190 0.910940 0.298864 -0.659706
0.745315 0.910940 0.322989 -0.665525
0.778440 0.910940 -0.295074 -0.737140
0.811565 0.910940 -0.289845 -0.758054
0.844690 0.910940 -0.284617 -0.778967
0.877815 0.910940 -0.279388 -0.799880
0.910940 0.910940 -0.274160 -0.820794
0.944066 0.910940 -0.268932 -0.841707
0.977191 0.910940 -0.263703 -0.862621
1.010316 0.910940 -0.258475 -0.883534
1.043441 0.910940 -0.253247 -0.904448
1.076566 0.910940 1.076566 0.910940
1.109691 0.910940 1.109691 0.910940
1.142816 0.910940 1.142816 0.910940
1.175941 0.910940 1.175941 0.910940
1.209066 0.910940 1.209066 0.910940
1.242191 0.910940 1.242191 0.910940
1.275317 0.910940 1.275317 0.910940
1.308442 0.910940 1.308442 0.910940
1.341567 0.910940 1.341567 0.910940
1.374692 0.910940 1.374692 0.910940
1.407817 0.910940 1.407817 0.910940
1.440942 0.910940 1.440942 0.910940
1.474067 0.910940 1.474067 0.910940
1.507192 0.910940 1.507192 0.910940
1.540317 0.910940 1.540317 0.910940
1.573443 0.910940 1.573443 0.910940
1.606568 0.910940 1.606568 0.910940
1.639693 0.910940 1.639693 0.910940
1.672818 0.910940 1.672818 0.910940
1.705943 0.910940 1.705943 0.910940
1.739068 0.910940 1.739068 0.910940
1.772193 0.910940 1.772193 0.910940
1.805318 0.910940 1.805318 0.910940
1.838443 0.910940 1.838443 0.910940
1.871568 0.910940 1.871568 0.910940
1.904694 0.910940 1.904694 0.910940
1.937819 0.910940 1.937819 0.910940
1.970944 0.910940 1.970944 0.910940
2.004069 0.910940 2.004069 0.910940
2.037194 0.910940 2.037194 0.910940
2.070319 0.910940 2.070319 0.910940
2.103444 0.910940 2.103444 0.910940
-2.103444 0.944066 -2.103444 0.944066
-2.070319 0.944066 -2.070319 0.944066
-2.037194 0.944066 -2.037194 0.944066
-2.004069 0.944066 -2.004069 0.944066
-1.970944 0.944066 -1.970944 0.944066
-1.937819 0.944066 -1.937819 0.944066
-1.904694 0.944066 -1.904694 0.944066
-1.871568 0.944066 -1.871568 0.944066
-1.838443 0.944066 -1.838443 0.944066
-1.805318 0.944066 -1.805318 0.944066
-1.772193 0.944066 -1.772193 0.944066
-1.739068 0.944066 -1.739068 0.944066
-1.705943 0.944066 -1.705943 0.944066
-1.672818 0.944066 -1.672818 0.944066
-1.639693 0.944066 -1.639693 0.944066
-1.606568 0.944066 -1.606568 0.944066
-1.573443 0.944066 -1.573443 0.944066
-1.540317 0.944066 -1.540317 0.944066
-1.507192 0.944066 -1.507192 0.944066
-1.474067 0.944066 -1.474067 0.944066
-1.440942 0.944066 -1.440942 0.944066
-1.407817 0.944066 -1.407817 0.944066
-1.374692 0.944066 -1.374692 0.944066
-1.341567 0.944066 -1.341567 0.944066
-1.308442 0.944066 -1.308442 0.944066
-1.275317 0.944066 -1.275317 0.944066
-1.242191 0.944066 -1.242191 0.944066
-1.209066 0.944066 -1.209066 0.944066
-1.175941 0.944066 -1.175941 0.944066
-1.142816 0.944066 -1.142816 0.944066
-1.109691 0.944066 -1.109691 0.944066
-1.076566 0.944066 -1.076566 0.944066
-1.043441 0.944066 -1.043441 0.944066
-1.010316 0.944066 0.219279 -0.874693
-0.977191 0.944066 0.224507 -0.853779
-0.944066 0.944066 0.229736 -0.832866
-0.910940 0.944066 0.234964 -0.811952
-0.877815 0.944066 0.240192 -0.791039
-0.844690 0.944066 -0.395363 -0.628441
-0.811565 0.944066 -0.371238 -0.622622
-0.778440 0.944066 -0.347113 -0.616803
-0.745315 0.944066 -0.322989 -0.610984
-0.712190 0.944066 -0.298864 -0.605166
-0.679065 0.944066 -0.274739 -0.599347
-0.645940 0.944066 -0.250615 -0.593528
-0.612814 0.944066 -0.226490 -0.587709
-0.579689 0.944066 -0.202365 -0.581890
-0.546564 0.944066 -0.178240 -0.576071
-0.513439 0.944066 -0.154116 -0.570253
-0.480314 0.944066 -0.129991 -0.564434
-0.447189 0.944066 -0.105866 -0.558615
-0.414064 0.944066 -0.081742 -0.552796
-0.380939 0.944066 -0.057617 -0.546977
-0.347814 0.944066 -0.033492 -0.541159
-0.314689 0.944066 -0.009367 -0.535340
-0.281563 0.944066 0.014757 -0.529521
-0.248438 0.944066 0.038882 -0.523702
-0.215313 0.944066 0.063007 -0.517883
-0.182188 0.944066 0.087131 -0.512064
-0.149063 0.944066 0.111256 -0.506246
-0.115938 0.944066 0.135381 -0.500427
-0.082813 0.944066 0.159506 -0.494608
-0.049688 0.944066 0.183630 -0.488789
-0.016563 0.944066 0.207755 -0.482970
0.016563 0.944066 -0.207755 -0.482970
0.049688 0.944066 -0.183630 -0.488789
0.082813 0.944066 -0.159506 -0.494608
0.115938 0.944066 -0.135381 -0.500427
0.149063 0.944066 -0.111256 -0.506246
0.182188 0.944066 -0.087131 -0.512064
0.215313 0.944066 -0.063007 -0.517883
0.248438 0.944066 -0.038882 -0.523702
0.281563 0.944066 -0.014757 -0.529521
0.314689 0.944066 0.009367 -0.535340
0.347814 0.944066 0.033492 -0.541159
0.380939 0.944066 0.057617 -0.546977
0.414064 0.944066 0.081742 -0.552796
0.447189 0.944066 0.105866 -0.558615
0.480314 0.944066 0.129991 -0.564434
0.513439 0.944066 0.154116 -0.570253
0.546564 0.944066 0.178240 -0.576071
0.579689 0.944066 0.202365 -0.581890
0.612814 0.944066 0.226490 -0.587709
0.645940 0.944066 0.250615 -0.593528
0.679065 0.944066 0.274739 -0.599347
0.712190 0.944066 0.298864 -0.605166
0.745315 0.944066 0.322989 -0.610984
0.778440 0.944066 0.347113 -0.616803
0.811565 0.944066 0.371238 -0.622622
0.844690 0.944066 0.395363 -0.628441
0.877815 0.944066 -0.240192 -0.791039
0.910940 0.944066 -0.234964 -0.811952
0.944066 0.944066 -0.229736 -0.832866
0.977191 0.944066 -0.224507 -0.853779
1.010316 0.944066 -0.219279 -0.874693
1.043441 0.944066 1.043441 0.944066
1.076566 0.944066 1.076566 0.944066
1.109691 0.944066 1.109691 0.944066
1.142816 0.944066 1.142816 0.944066
1.175941 0.944066 1.175941 0.944066
1.209066 0.944066 1.209066 0.944066
1.242191 0.944066 1.242191 0.944066
1.275317 0.944066 1.275317 0.944066
1.308442 0.944066 1.308442 0.944066
1.341567 0.944066 1.341567 0.944066
1.374692 0.944066 1.374692 0.944066
1.407817 0.944066 1.407817 0.944066
1.440942 0.944066 1.440942 0.944066
1.474067 0.944066 1.474067 0.944066
1.507192 0.944066 1.507192 0.944066
1.540317 0.944066 1.540317 0.944066
1.573443 0.944066 1.573443 0.944066
1.606568 0.944066 1.606568 0.944066
1.639693 0.944066 1.639693 0.944066
1.672818 0.944066 1.672818 0.944066
1.705943 0.944066 1.705943 0.944066
1.739068 0.944066 1.739068 0.944066
1.772193 0.944066 1.772193 0.944066
1.805318 0.944066 1.805318 0.944066
1.838443 0.944066 1.838443 0.944066
1.871568 0.944066 1.871568 0.944066
1.904694 0.944066 1.904694 0.944066
1.937819 0.944066 1.937819 0.944066
1.970944 0.944066 1.970944 0.944066
2.004069 0.944066 2.004069 0.944066
2.037194 0.944066 2.037194 0.944066
2.070319 0.944066 2.070319 0.944066
2.103444 0.944066 2.103444 0.944066
-2.103444 0.977191 -2.103444 0.977191
-2.070319 0.977191 -2.070319 0.977191
-2.037194 0.977191 -2.037194 0.977191
-2.004069 0.977191 -2.004069 0.977191
-1.970944 0.977191 -1.970944 0.977191
-1.937819 0.977191 -1.937819 0.977191
-1.904694 0.977191 -1.904694 0.977191
-1.871568 0.977191 -1.871568 0.977191
-1.838443 0.977191 -1.838443 0.977191
-1.805318 0.977191 -1.805318 0.977191
-1.772193 0.977191 -1.772193 0.977191
-1.739068 0.977191 -1.739068 0.977191
-1.705943 0.977191 -1.705943 0.977191
-1.672818 0.977191 -1.672818 0.977191
-1.639693 0.977191 -1.639693 0.977191
-1.606568 0.977191 -1.606568 0.977191
-1.573443 0.977191 -1.573443 0.977191
-1.540317 0.977191 -1.540317 0.977191
-1.507192 0.977191 -1.507192 0.977191
-1.474067 0.977191 -1.474067 0.977191
-1.440942 0.977191 -1.440942 0.977191
-1.407817 0.977191 -1.407817 0.977191
-1.374692 0.977191 -1.374692 0.977191
-1.341567 0.977191 -1.341567 0.977191
-1.308442 0.977191 -1.308442 0.977191
-1.275317 0.977191 -1.275317 0.977191
-1.242191 0.977191 -1.242191 0.977191
-1.209066 0.977191 -1.209066 0.977191
-1.175941 0.977191 -1.175941 0.977191
-1.142816 0.977191 -1.142816 0.977191
-1.109691 0.977191 -1.109691 0.977191
-1.076566 0.977191 -1.076566 0.977191
-1.043441 0.977191 -1.043441 0.977191
-1.010316 0.977191 0.180083 -0.865851
-0.977191 0.977191 0.185311 -0.844938
-0.944066 0.977191 0.190540 -0.824024
-0.910940 0.977191 -0.443612 -0.585538
-0.877815 0.977191 -0.419487 -0.579719
-0.844690 0.977191 -0.395363 -0.573900
-0.811565 0.977191 -0.371238 -0.568081
-0.778440 0.977191 -0.347113 -0.562262
-0.745315 0.977191 -0.322989 -0.556444
-0.712190 0.977191 -0.298864 -0.550625
-0.679065 0.977191 -0.274739 -0.544806
-0.645940 0.977191 -0.250615 -0.538987
-0.612814 0.977191 -0.226490 -0.533168
-0.579689 0.977191 -0.202365 -0.527350
-0.546564 0.977191 -0.178240 -0.521531
-0.513439 0.977191 -0.154116 -0.515712
-0.480314 0.977191 -0.129991 -0.509893
-0.447189 0.977191 -0.105866 -0.504074
-0.414064 0.977191 -0.081742 -0.498255
-0.380939 0.977191 -0.057617 -0.492437
-0.347814 0.977191 -0.033492 -0.486618
-0.314689 0.977191 -0.009367 -0.480799
-0.281563 0.977191 0.014757 -0.474980
-0.248438 0.977191 0.038882 -0.469161
-0.215313 0.977191 0.063007 -0.463343
-0.182188 0.977191 0.087131 -0.457524
-0.149063 0.977191 0.111256 -0.451705
-0.115938 0.977191 0.135381 -0.445886
-0.082813 0.977191 0.159506 -0.440067
-0.049688 0.977191 0.183630 -0.434249
-0.016563 0.977191 0.207755 -0.428430
0.016563 0.977191 -0.207755 -0.428430
0.049688 0.977191 -0.183630 -0.434249
0.082813 0.977191 -0.159506 -0.440067
0.115938 0.977191 -0.135381 -0.445886
0.149063 0.977191 -0.111256 -0.451705
0.182188 0.977191 -0.087131 -0.457524
0.215313 0.977191 -0.063007 -0.463343
0.248438 0.977191 -0.038882 -0.469161
0.281563 0.977191 -0.014757 -0.474980
0.314689 0.977191 0.009367 -0.480799
0.347814 0.977191 0.033492 -0.486618
0.380939 0.977191 0.057617 -0.492437
0.414064 0.977191 0.081742 -0.498255
0.447189 0.977191 0.105866 -0.504074
0.480314 0.977191 0.129991 -0.509893
0.513439 0.977191 0.154116 -0.515712
0.546564 0.977191 0.178240 -0.521531
0.579689 0.977191 0.202365 -0.527350
0.612814 0.977191 0.226490 -0.533168
0.645940 0.977191 0.250615 -0.538987
0.679065 0.977191 0.274739 -0.544806
0.712190 0.977191 0.298864 -0.550625
0.745315 0.977191 0.322989 -0.556444
0.778440 0.977191 0.347113 -0.562262
0.811565 0.977191 0.371238 -0.568081
0.844690 0.977191 0.395363 -0.573900
0.877815 0.977191 0.419487 -0.579719
0.910940 0.977191 0.443612 -0.585538
0.944066 0.977191 -0.190540 -0.824024
0.977191 0.977191 -0.185311 -0.844938
1.010316 0.977191 -0.180083 -0.865851
1.043441 0.977191 1.043441 0.977191
1.076566 0.977191 1.076566 0.977191
1.109691 0.977191 1.109691 0.977191
1.142816 0.977191 1.142816 0.977191
1.175941 0.977191 1.175941 0.977191
1.209066 0.977191 1.209066 0.977191
1.242191 0.977191 1.242191 0.977191
1.275317 0.977191 1.275317 0.977191
1.308442 0.977191 1.308442 0.977191
1.341567 0.977191 1.341567 0.977191
1.374692 0.977191 1.374692 0.977191
1.407817 0.977191 1.407817 0.977191
1.440942 0.977191 1.440942 0.977191
1.474067 0.977191 1.474067 0.977191
1.507192 0.977191 1.507192 0.977191
1.540317 0.977191 1.540317 0.977191
1.573443 0.977191 1.573443 0.977191
1.606568 0.977191 1.606568 0.977191
1.639693 0.977191 1.639693 0.977191
1.672818 0.977191 1.672818 0.977191
1.705943 0.977191 1.705943 0.977191
1.739068 0.977191 1.739068 0.977191
1.772193 0.977191 1.772193 0.977191
1.805318 0.977191 1.805318 0.977191
1.838443 0.977191 1.838443 0.977191
1.871568 0.977191 1.871568 0.977191
1.904694 0.977191 1.904694 0.977191
1.937819 0.977191 1.937819 0.977191
1.970944 0.977191 1.970944 0.977191
2.004069 0.977191 2.004069 0.977191
2.037194 0.977191 2.037194 0.977191
2.070319 0.977191 2.070319 0.977191
2.103444 0.977191 2.103444 0.977191
-2.103444 1.010316 -2.103444 1.010316
-2.070319 1.010316 -2.070319 1.010316
-2.037194 1.010316 -2.037194 1.010316
-2.004069 1.010316 -2.004069 1.010316
-1.970944 1.010316 -1.970944 1.010316
-1.937819 1.010316 -1.937819 1.010316
-1.904694 1.010316 -1.904694 1.010316
-1.871568 1.010316 -1.871568 1.010316
-1.838443 1.010316 -1.838443 1.010316
-1.805318 1.010316 -1.805318 1.010316
-1.772193 1.010316 -1.772193 1.010316
-1.739068 1.010316 -1.739068 1.010316
-1.705943 1.010316 -1.705943 1.010316
-1.672818 1.010316 -1.672818 1.010316
-1.639693 1.010316 -1.639693 1.010316
-1.606568 1.010316 -1.606568 1.010316
-1.573443 1.010316 -1.573443 1.010316
-1.540317 1.010316 -1.540317 1.010316
-1.507192 1.010316 -1.507192 1.010316
-1.474067 1.010316 -1.474067 1.010316
-1.440942 1.010316 -1.440942 1.010316
-1.407817 1.010316 -1.407817 1.010316
-1.374692 1.010316 -1.374692 1.010316
-1.341567 1.010316 -1.341567 1.010316
-1.308442 1.010316 -1.308442 1.010316
-1.275317 1.010316 -1.275317 1.010316
-1.242191 1.010316 -1.242191 1.010316
-1.209066 1.010316 -1.209066 1.010316
-1.175941 1.010316 -1.175941 1.010316
-1.142816 1.010316 -1.142816 1.010316
-1.109691 1.010316 -1.109691 1.010316
-1.076566 1.010316 -1.076566 1.010316
-1.043441 1.010316 -1.043441 1.010316
-1.010316 1.010316 -1.010316 1.010316
-0.977191 1.010316 -0.491862 -0.542635
-0.944066 1.010316 -0.467737 -0.536816
-0.910940 1.010316 -0.443612 -0.530997
-0.877815 1.010316 -0.419487 -0.525178
-0.844690 1.010316 -0.395363 -0.519359
-0.811565 1.010316 -0.371238 -0.513540
-0.778440 1.010316 -0.347113 -0.507722
-0.745315 1.010316 -0.322989 -0.501903
-0.712190 1.010316 -0.298864 -0.496084
-0.679065 1.010316 -0.274739 -0.490265
-0.645940 1.010316 -0.250615 -0.484446
-0.612814 1.010316 -0.226490 -0.478628
-0.579689 1.010316 -0.202365 -0.472809
-0.546564 1.010316 -0.178240 -0.466990
-0.513439 1.010316 -0.154116 -0.461171
-0.480314 1.010316 -0.129991 -0.455352
-0.447189 1.010316 -0.105866 -0.449534
-0.414064 1.010316 -0.081742 -0.443715
-0.380939 1.010316 -0.057617 -0.437896
-0.347814 1.010316 -0.033492 -0.432077
-0.314689 1.010316 -0.009367 -0.426258
-0.281563 1.010316 0.014757 -0.420439
-0.248438 1.010316 0.038882 -0.414621
-0.215313 1.010316 0.063007 -0.408802
-0.182188 1.010316 0.087131 -0.402983
-0.149063 1.010316 0.111256 -0.397164
-0.115938 1.010316 0.135381 -0.391345
-0.082813 1.010316 0.159506 -0.385527
-0.049688 1.010316 0.183630 -0.379708
-0.016563 1.010316 0.207755 -0.373889
0.016563 1.010316 -0.207755 -0.373889
0.049688 1.010316 -0.183630 -0.379708
0.082813 1.010316 -0.159506 -0.385527
0.115938 1.010316 -0.135381 -0.391345
0.149063 1.010316 -0.111256 -0.397164
0.182188 1.010316 -0.087131 -0.402983
0.215313 1.010316 -0.063007 -0.408802
0.248438 1.010316 -0.038882 -0.414621
0.281563 1.010316 -0.014757 -0.420439
0.314689 1.010316 0.009367 -0.426258
0.347814 1.010316 0.033492 -0.432077
0.380939 1.010316 0.057617 -0.437896
0.414064 1.010316 0.081742 -0.443715
0.447189 1.010316 0.105866 -0.449534
0.480314 1.010316 0.129991 -0.455352
0.513439 1.010316 0.154116 -0.461171
0.546564 1.010316 0.178240 -0.466990
0.579689 1.010316 0.202365 -0.472809
0.612814 1.010316 0.226490 -0.478628
0.645940 1.010316 0.250615 -0.484446
0.679065 1.010316 0.274739 -0.490265
0.712190 1.010316 0.298864 -0.496084
0.745315 1.010316 0.322989 -0.501903
0.778440 1.010316 0.347113 -0.507722
0.811565 1.010316 0.371238 -0.513540
0.844690 1.010316 0.395363 -0.519359
0.877815 1.010316 0.419487 -0.525178
0.910940 1.010316 0.443612 -0.530997
0.944066 1.010316 0.467737 -0.536816
0.977191 1.010316 0.491862 -0.542635
1.010316 1.010316 1.010316 1.010316
1.043441 1.010316 1.043441 1.010316
1.076566 1.010316 1.076566 1.010316
1.109691 1.010316 1.109691 1.010316
1.142816 1.010316 1.142816 1.010316
1.175941 1.010316 1.175941 1.010316
1.209066 1.010316 1.209066 1.010316
1.242191 1.010316 1.242191 1.010316
1.275317 1.010316 1.275317 1.010316
1.308442 1.010316 1.308442 1.010316
1.341567 1.010316 1.341567 1.010316
1.374692 1.010316 1.374692 1.010316
1.407817 1.010316 1.407817 1.010316
1.440942 1.010316 1.440942 1.010316
1.474067 1.010316 1.474067 1.010316
1.507192 1.010316 1.507192 1.010316
1.540317 1.010316 1.540317 1.010316
1.573443 1.010316 1.573443 1.010316
1.606568 1.010316 1.606568 1.010316
1.639693 1.010316 1.639693 1.010316
1.672818 1.010316 1.672818 1.010316
1.705943 1.010316 1.705943 1.010316
1.739068 1.010316 1.739068 1.010316
1.772193 1.010316 1.772193 1.010316
1.805318 1.010316 1.805318 1.010316
1.838443 1.010316 1.838443 1.010316
1.871568 1.010316 1.871568 1.010316
1.904694 1.010316 1.904694 1.010316
1.937819 1.010316 1.937819 1.010316
1.970944 1.010316 1.970944 1.010316
2.004069 1.010316 2.004069 1.010316
2.037194 1.010316 2.037194 1.010316
2.070319 1.010316 2.070319 1.010316
2.103444 1.010316 2.103444 1.010316
-2.103444 1.043441 -2.103444 1.043441
-2.070319 1.043441 -2.070319 1.043441
-2.037194 1.043441 -2.037194 1.043441
-2.004069 1.043441 -2.004069 1.043441
-1.970944 1.043441 -1.970944 1.043441
-1.937819 1.043441 -1.937819 1.043441
-1.904694 1.043441 -1.904694 1.043441
-1.871568 1.043441 -1.871568 1.043441
-1.838443 1.043441 -1.838443 1.043441
-1.805318 1.043441 -1.805318 1.043441
-1.772193 1.043441 -1.772193 1.043441
-1.739068 1.043441 -1.739068 1.043441
-1.705943 1.043441 -1.705943 1.043441
-1.672818 1.043441 -1.672818 1.043441
-1.639693 1.043441 -1.639693 1.043441
-1.606568 1.043441 -1.606568 1.043441
-1.573443 1.043441 -1.573443 1.043441
-1.540317 1.043441 -1.540317 1.043441
-1.507192 1.043441 -1.507192 1.043441
-1.474067 1.043441 -1.474067 1.043441
-1.440942 1.043441 -1.440942 1.043441
-1.407817 1.043441 -1.407817 1.043441
-1.374692 1.043441 -1.374692 1.043441
-1.341567 1.043441 -1.341567 1.043441
-1.308442 1.043441 -1.308442 1.043441
-1.275317 1.043441 -1.275317 1.043441
-1.242191 1.043441 -1.242191 1.043441
-1.209066 1.043441 -1.209066 1.043441
-1.175941 1.043441 -1.175941 1.043441
-1.142816 1.043441 -1.142816 1.043441
-1.109691 1.043441 -1.109691 1.043441
-1.076566 1.043441 -1.076566 1.043441
-1.043441 1.043441 -1.043441 1.043441
-1.010316 1.043441 -1.010316 1.043441
-0.977191 1.043441 -0.977191 1.043441
-0.944066 1.043441 -0.467737 -0.482275
-0.910940 1.043441 -0.443612 -0.476456
-0.877815 1.043441 -0.419487 -0.470637
-0.844690 1.043441 -0.395363 -0.464819
-0.811565 1.043441 -0.371238 -0.459000
-0.778440 1.043441 -0.347113 -0.453181
-0.745315 1.043441 -0.322989 -0.447362
-0.712190 1.043441 -0.298864 -0.441543
-0.679065 1.043441 -0.274739 -0.435725
-0.645940 1.043441 -0.250615 -0.429906
-0.612814 1.043441 -0.226490 -0.424087
-0.579689 1.043441 -0.202365 -0.418268
-0.546564 1.043441 -0.178240 -0.412449
-0.513439 1.043441 -0.154116 -0.406630
-0.480314 1.043441 -0.129991 -0.400812
-0.447189 1.043441 -0.105866 -0.394993
-0.414064 1.043441 -0.081742 -0.389174
-0.380939 1.043441 -0.057617 -0.383355
-0.347814 1.043441 -0.033492 -0.377536
-0.314689 1.043441 -0.009367 -0.371718
-0.281563 1.043441 0.014757 -0.365899
-0.248438 1.043441 0.038882 -0.360080
-0.215313 1.043441 0.063007 -0.354261
-0.182188 1.043441 0.087131 -0.348442
-0.149063 1.043441 0.111256 -0.342623
-0.115938 1.043441 0.135381 -0.336805
-0.082813 1.043441 0.159506 -0.330986
-0.049688 1.043441 0.183630 -0.325167
-0.016563 1.043441 0.207755 -0.319348
0.016563 1.043441 -0.207755 -0.319348
0.049688 1.043441 -0.183630 -0.325167
0.082813 1.043441 -0.159506 -0.330986
0.115938 1.043441 -0.135381 -0.336805
0.149063 1.043441 -0.111256 -0.342623
0.182188 1.043441 -0.087131 -0.348442
0.215313 1.043441 -0.063007 -0.354261
0.248438 1.043441 -0.038882 -0.360080
0.281563 1.043441 -0.014757 -0.365899
0.314689 1.043441 0.009367 -0.371718
0.347814 1.043441 0.033492 -0.377536
0.380939 1.043441 0.057617 -0.383355
0.414064 1.043441 0.081742 -0.389174
0.447189 1.043441 0.105866 -0.394993
0.480314 1.043441 0.129991 -0.400812
0.513439 1.043441 0.154116 -0.406630
0.546564 1.043441 0.178240 -0.412449
0.579689 1.043441 0.202365 -0.418268
0.612814 1.043441 0.226490 -0.424087
0.645940 1.043441 0.250615 -0.429906
0.679065 1.043441 0.274739 -0.435725
0.712190 1.043441 0.298864 -0.441543
0.745315 1.043441 0.322989 -0.447362
0.778440 1.043441 0.347113 -0.453181
0.811565 1.043441 0.371238 -0.459000
0.844690 1.043441 0.395363 -0.464819
0.877815 1.043441 0.419487 -0.470637
0.910940 1.043441 0.443612 -0.476456
0.944066 1.043441 0.467737 -0.482275
0.977191 1.043441 0.977191 1.043441
1.010316 1.043441 1.010316 1.043441
1.043441 1.043441 1.043441 1.043441
1.076566 1.043441 1.076566 1.043441
1.109691 1.043441 1.109691 1.043441
1.142816 1.043441 1.142816 1.043441
1.175941 1.043441 1.175941 1.043441
1.209066 1.043441 1.209066 1.043441
1.242191 1.043441 1.242191 1.043441
1.275317 1.043441 1.275317 1.043441
1.308442 1.043441 1.308442 1.043441
1.341567 1.043441 1.341567 1.043441
1.374692 1.043441 1.374692 1.043441
1.407817 1.043441 1.407817 1.043441
1.440942 1.043441 1.440942 1.043441
1.474067 1.043441 1.474067 1.043441
1.507192 1.043441 1.507192 1.043441
1.540317 1.043441 1.540317 1.043441
1.573443 1.043441 1.573443 1.043441
1.606568 1.043441 1.606568 1.043441
1.639693 1.043441 1.639693 1.043441
1.672818 1.043441 1.672818 1.043441
1.705943 1.043441 1.705943 1.043441
1.739068 1.043441 1.739068 1.043441
1.772193 1.043441 1.772193 1.043441
1.805318 1.043441 1.805318 1.043441
1.838443 1.043441 1.838443 1.043441
1.871568 1.043441 1.871568 1.043441
1.904694 1.043441 1.904694 1.043441
1.937819 1.043441 1.937819 1.043441
1.970944 1.043441 1.970944 1.043441
2.004069 1.043441 2.004069 1.043441
2.037194 1.043441 2.037194 1.043441
2.070319 1.043441 2.070319 1.043441
2.103444 1.043441 2.103444 1.043441
-2.103444 1.076566 -2.103444 1.076566
-2.070319 1.076566 -2.070319 1.076566
-2.037194 1.076566 -2.037194 1.076566
-2.004069 1.076566 -2.004069 1.076566
-1.970944 1.076566 -1.970944 1.076566
-1.937819 1.076566 -1.937819 1.076566
-1.904694 1.076566 -1.904694 1.076566
-1.871568 1.076566 -1.871568 1.076566
-1.838443 1.076566 -1.838443 1.076566
-1.805318 1.076566 -1.805318 1.076566
-1.772193 1.076566 -1.772193 1.076566
-1.739068 1.076566 -1.739068 1.076566
-1.705943 1.076566 -1.705943 1.076566
-1.672818 1.076566 -1.672818 1.076566
-1.639693 1.076566 -1.639693 1.076566
-1.606568 1.076566 -1.606568 1.076566
-1.573443 1.076566 -1.573443 1.076566
-1.540317 1.076566 -1.540317 1.076566
-1.507192 1.076566 -1.507192 1.076566
-1.474067 1.076566 -1.474067 1.076566
-1.440942 1.076566 -1.440942 1.076566
-1.407817 1.076566 -1.407817 1.076566
-1.374692 1.076566 -1.374692 1.076566
-1.341567 1.076566 -1.341567 1.076566
-1.308442 1.076566 -1.308442 1.076566
-1.275317 1.076566 -1.275317 1.076566
-1.242191 1.076566 -1.242191 1.076566
-1.209066 1.076566 -1.209066 1.076566
-1.175941 1.076566 -1.175941 1.076566
-1.142816 1.076566 -1.142816 1.076566
-1.109691 1.076566 -1.109691 1.076566
-1.076566 1.076566 -1.076566 1.076566
-1.043441 1.076566 -1.043441 1.076566
-1.010316 1.076566 -1.010316 1.076566
-0.977191 1.076566 -0.977191 1.076566
-0.944066 1.076566 -0.467737 -0.427734
-0.910940 1.076566 -0.443612 -0.421916
-0.877815 1.076566 -0.419487 -0.416097
-0.844690 1.076566 -0.395363 -0.410278
-0.811565 1.076566 -0.371238 -0.404459
-0.778440 1.076566 -0.347113 -0.398640
-0.745315 1.076566 -0.322989 -0.392821
-0.712190 1.076566 -0.298864 -0.387003
-0.679065 1.076566 -0.274739 -0.381184
-0.645940 1.076566 -0.250615 -0.375365
-0.612814 1.076566 -0.226490 -0.369546
-0.579689 1.076566 -0.202365 -0.363727
-0.546564 1.076566 -0.178240 -0.357909
-0.513439 1.076566 -0.154116 -0.352090
-0.480314 1.076566 -0.129991 -0.346271
-0.447189 1.076566 -0.105866 -0.340452
-0.414064 1.076566 -0.081742 -0.334633
-0.380939 1.076566 -0.057617 -0.328814
-0.347814 1.076566 -0.033492 -0.322996
-0.314689 1.076566 -0.009367 -0.317177
-0.281563 1.076566 0.014757 -0.311358
-0.248438 1.076566 0.038882 -0.305539
-0.215313 1.076566 0.063007 -0.299720
-0.182188 1.076566 0.087131 -0.293902
-0.149063 1.076566 0.111256 -0.288083
-0.115938 1.076566 0.135381 -0.282264
-0.082813 1.076566 0.159506 -0.276445
-0.049688 1.076566 0.183630 -0.270626
-0.016563 1.076566 0.207755 -0.264808
0.016563 1.076566 -0.207755 -0.264808
0.049688 1.076566 -0.183630 -0.270626
0.082813 1.076566 -0.159506 -0.276445
0.115938 1.076566 -0.135381 -0.282264
0.149063 1.076566 -0.111256 -0.288083
0.182188 1.076566 -0.087131 -0.293902
0.215313 1.076566 -0.063007 -0.299720
0.248438 1.076566 -0.038882 -0.305539
0.281563 1.076566 -0.014757 -0.311358
0.314689 1.076566 0.009367 -0.317177
0.347814 1.076566 0.033492 -0.322996
0.380939 1.076566 0.057617 -0.328814
0.414064 1.076566 0.081742 -0.334633
0.447189 1.076566 0.105866 -0.340452
0.480314 1.076566 0.129991 -0.346271
0.513439 1.076566 0.154116 -0.352090
0.546564 1.076566 0.178240 -0.357909
0.579689 1.076566 0.202365 -0.363727
0.612814 1.076566 0.226490 -0.369546
0.645940 1.076566 0.250615 -0.375365
0.679065 1.076566 0.274739 -0.381184
0.712190 1.076566 0.298864 -0.387003
0.745315 1.076566 0.322989 -0.392821
0.778440 1.076566 0.347113 -0.398640
0.811565 1.076566 0.371238 -0.404459
0.844690 1.076566 0.395363 -0.410278
0.877815 1.076566 0.419487 -0.416097
0.910940 1.076566 0.443612 -0.421916
0.944066 1.076566 0.467737 -0.427734
0.977191 1.076566 0.977191 1.076566
1.010316 1.076566 1.010316 1.076566
1.043441 1.076566 1.043441 1.076566
1.076566 1.076566 1.076566 1.076566
1.109691 1.076566 1.109691 1.076566
1.142816 1.076566 1.142816 1.076566
1.175941 1.076566 1.175941 1.076566
1.209066 1.076566 1.209066 1.076566
1.242191 1.076566 1.242191 1.076566
1.275317 1.076566 1.275317 1.076566
1.308442 1.076566 1.308442 1.076566
1.341567 1.076566 1.341567 1.076566
1.374692 1.076566 1.374692 1.076566
1.407817 1.076566 1.407817 1.076566
1.440942 1.076566 1.440942 1.076566
1.474067 1.076566 1.474067 1.076566
1.507192 1.076566 1.507192 1.076566
1.540317 1.076566 1.540317 1.076566
1.573443 1.076566 1.573443 1.076566
1.606568 1.076566 1.606568 1.076566
1.639693 1.076566 1.639693 1.076566
1.672818 1.076566 1.672818 1.076566
1.705943 1.076566 1.705943 1.076566
1.739068 1.076566 1.739068 1.076566
1.772193 1.076566 1.772193 1.076566
1.805318 1.076566 1.805318 1.076566
1.838443 1.076566 1.838443 1.076566
1.871568 1.076566 1.871568 1.076566
1.904694 1.076566 1.904694 1.076566
1.937819 1.076566 1.937819 1.076566
1.970944 1.076566 1.970944 1.076566
2.004069 1.076566 2.004069 1.076566
2.037194 1.076566 2.037194 1.076566
2.070319 1.076566 2.070319 1.076566
2.103444 1.076566 2.103444 1.076566
-2.103444 1.109691 -2.103444 1.109691
-2.070319 1.109691 -2.070319 1.109691
-2.037194 1.109691 -2.037194 1.109691
-2.004069 1.109691 -2.004069 1.109691
-1.970944 1.109691 -1.970944 1.109691
-1.937819 1.109691 -1.937819 1.109691
-1.904694 1.109691 -1.904694 1.109691
-1.871568 1.109691 -1.871568 1.109691
-1.838443 1.109691 -1.838443 1.109691
-1.805318 1.109691 -1.805318 1.109691
-1.772193 1.109691 -1.772193 1.109691
-1.739068 1.109691 -1.739068 1.109691
-1.705943 1.109691 -1.705943 1.109691
-1.672818 1.109691 -1.672818 1.109691
-1.639693 1.109691 -1.639693 1.109691
-1.606568 1.109691 -1.606568 1.109691
-1.573443 1.109691 -1.573443 1.109691
-1.540317 1.109691 -1.540317 1.109691
-1.507192 1.109691 -1.507192 1.109691
-1.474067 1.109691 -1.474067 1.109691
-1.440942 1.109691 -1.440942 1.109691
-1.407817 1.109691 -1.407817 1.109691
-1.374692 1.109691 -1.374692 1.109691
-1.341567 1.109691 -1.341567 1.109691
-1.308442 1.109691 -1.308442 1.109691
-1.275317 1.109691 -1.275317 1.109691
-1.242191 1.109691 -1.242191 1.109691
-1.209066 1.109691 -1.209066 1.109691
-1.175941 1.109691 -1.175941 1.109691
-1.142816 1.109691 -1.142816 1.109691
-1.109691 1.109691 -1.109691 1.109691
-1.076566 1.109691 -1.076566 1.109691
-1.043441 1.109691 -1.043441 1.109691
-1.010316 1.109691 -1.010316 1.109691
-0.977191 1.109691 -0.977191 1.109691
-0.944066 1.109691 -0.944066 1.109691
-0.910940 1.109691 -0.443612 -0.367375
-0.877815 1.109691 -0.419487 -0.361556
-0.844690 1.109691 -0.395363 -0.355737
-0.811565 1.109691 -0.371238 -0.349918
-0.778440 1.109691 -0.347113 -0.344100
-0.745315 1.109691 -0.322989 -0.338281
-0.712190 1.109691 -0.298864 -0.332462
-0.679065 1.109691 -0.274739 -0.326643
-0.645940 1.109691 -0.250615 -0.320824
-0.612814 1.109691 -0.226490 -0.315005
-0.579689 1.109691 -0.202365 -0.309187
-0.546564 1.109691 -0.178240 -0.303368
-0.513439 1.109691 -0.154116 -0.297549
-0.480314 1.109691 -0.129991 -0.291730
-0.447189 1.109691 -0.105866 -0.285911
-0.414064 1.109691 -0.081742 -0.280093
-0.380939 1.109691 -0.057617 -0.274274
-0.347814 1.109691 -0.033492 -0.268455
-0.314689 1.109691 -0.009367 -0.262636
-0.281563 1.109691 0.014757 -0.256817
-0.248438 1.109691 0.038882 -0.250999
-0.215313 1.109691 0.063007 -0.245180
-0.182188 1.109691 0.087131 -0.239361
-0.149063 1.109691 0.111256 -0.233542
-0.115938 1.109691 0.135381 -0.227723
-0.082813 1.109691 0.159506 -0.221904
-0.049688 1.109691 0.183630 -0.216086
-0.016563 1.109691 0.207755 -0.210267
0.016563 1.109691 -0.207755 -0.210267
0.049688 1.109691 -0.183630 -0.216086
0.082813 1.109691 -0.159506 -0.221904
0.115938 1.109691 -0.135381 -0.227723
0.149063 1.109691 -0.111256 -0.233542
0.182188 1.109691 -0.087131 -0.239361
0.215313 1.109691 -0.063007 -0.245180
0.248438 1.109691 -0.038882 -0.250999
0.281563 1.109691 -0.014757 -0.256817
0.314689 1.109691 0.009367 -0.262636
0.347814 1.109691 0.033492 -0.268455
0.380939 1.109691 0.057617 -0.274274
0.414064 1.109691 0.081742 -0.280093
0.447189 1.109691 0.105866 -0.285911
0.480314 1.109691 0.129991 -0.291730
0.513439 1.109691 0.154116 -0.297549
0.546564 1.109691 0.178240 -0.303368
0.579689 1.109691 0.202365 -0.309187
0.612814 1.109691 0.226490 -0.315005
0.645940 1.109691 0.250615 -0.320824
0.679065 1.109691 0.274739 -0.326643
0.712190 1.109691 0.298864 -0.332462
0.745315 1.109691 0.322989 -0.338281
0.778440 1.109691 0.347113 -0.344100
0.811565 1.109691 0.371238 -0.349918
0.844690 1.109691 0.395363 -0.355737
0.877815 1.109691 0.419487 -0.361556
0.910940 1.109691 0.443612 -0.367375
0.944066 1.109691 0.944066 1.109691
0.977191 1.109691 0.977191 1.109691
1.010316 1.109691 1.010316 1.109691
1.043441 1.109691 1.043441 1.109691
1.076566 1.109691 1.076566 1.109691
1.109691 1.109691 1.109691 1.109691
1.142816 1.109691 1.142816 1.109691
1.175941 1.109691 1.175941 1.109691
1.209066 1.109691 1.209066 1.109691
1.242191 1.109691 1.242191 1.109691
1.275317 1.109691 1.275317 1.109691
1.308442 1.109691 1.308442 1.109691
1.341567 1.109691 1.341567 1.109691
1.374692 1.109691 1.374692 1.109691
1.407817 1.109691 1.407817 1.109691
1.440942 1.109691 1.440942 1.109691
1.474067 1.109691 1.474067 1.109691
1.507192 1.109691 1.507192 1.109691
1.540317 1.109691 1.540317 1.109691
1.573443 1.109691 1.573443 1.109691
1.606568 1.109691 1.606568 1.109691
1.639693 1.109691 1.639693 1.109691
1.672818 1.109691 1.672818 1.109691
1.705943 1.109691 1.705943 1.109691
1.739068 1.109691 1.739068 1.109691
1.772193 1.109691 1.772193 1.109691
1.805318 1.109691 1.805318 1.109691
1.838443 1.109691 1.838443 1.109691
1.871568 1.109691 1.871568 1.109691
1.904694 1.109691 1.904694 1.109691
1.937819 1.109691 1.937819 1.109691
1.970944 1.109691 1.970944 1.109691
2.004069 1.109691 2.004069 1.109691
2.037194 1.109691 2.037194 1.109691
2.070319 1.109691 2.070319 1.109691
2.103444 1.109691 2.103444 1.109691
-2.103444 1.142816 -2.103444 1.142816
-2.070319 1.142816 -2.070319 1.142816
-2.037194 1.142816 -2.037194 1.142816
-2.004069 1.142816 -2.004069 1.142816
-1.970944 1.142816 -1.970944 1.142816
-1.937819 1.142816 -1.937819 1.142816
-1.904694 1.142816 -1.904694 1.142816
-1.871568 1.142816 -1.871568 1.142816
-1.838443 1.142816 -1.838443 1.142816
-1.805318 1.142816 -1.805318 1.142816
-1.772193 1.142816 -1.772193 1.142816
-1.739068 1.142816 -1.739068 1.142816
-1.705943 1.142816 -1.705943 1.142816
-1.672818 1.142816 -1.672818 1.142816
-1.639693 1.142816 -1.639693 1.142816
-1.606568 1.142816 -1.606568 1.142816
-1.573443 1.142816 -1.573443 1.142816
-1.540317 1.142816 -1.540317 1.142816
-1.507192 1.142816 -1.507192 1.142816
-1.474067 1.142816 -1.474067 1.142816
-1.440942 1.142816 -1.440942 1.142816
-1.407817 1.142816 -1.407817 1.142816
-1.374692 1.142816 -1.374692 1.142816
-1.341567 1.142816 -1.341567 1.142816
-1.308442 1.142816 -1.308442 1.142816
-1.275317 1.142816 -1.275317 1.142816
-1.242191 1.142816 -1.242191 1.142816
-1.209066 1.142816 -1.209066 1.142816
-1.175941 1.142816 -1.175941 1.142816
-1.142816 1.142816 -1.142816 1.142816
-1.109691 1.142816 -1.109691 1.142816
-1.076566 1.142816 -1.076566 1.142816
-1.043441 1.142816 -1.043441 1.142816
-1.010316 1.142816 -1.010316 1.142816
-0.977191 1.142816 -0.977191 1.142816
-0.944066 1.142816 -0.944066 1.142816
-0.910940 1.142816 -0.443612 -0.312834
-0.877815 1.142816 -0.419487 -0.307015
-0.844690 1.142816 -0.395363 -0.301196
-0.811565 1.142816 -0.371238 -0.295378
-0.778440 1.142816 -0.347113 -0.289559
-0.745315 1.142816 -0.322989 -0.283740
-0.712190 1.142816 -0.298864 -0.277921
-0.679065 1.142816 -0.274739 -0.272102
-0.645940 1.142816 -0.250615 -0.266284
-0.612814 1.142816 -0.226490 -0.260465
-0.579689 1.142816 -0.202365 -0.254646
-0.546564 1.142816 -0.178240 -0.248827
-0.513439 1.142816 -0.154116 -0.243008
-0.480314 1.142816 -0.129991 -0.237190
-0.447189 1.142816 -0.105866 -0.231371
-0.414064 1.142816 -0.081742 -0.225552
-0.380939 1.142816 -0.057617 -0.219733
-0.347814 1.142816 -0.033492 -0.213914
-0.314689 1.142816 -0.009367 -0.208095
-0.281563 1.142816 0.014757 -0.202277
-0.248438 1.142816 0.038882 -0.196458
-0.215313 1.142816 0.063007 -0.190639
-0.182188 1.142816 0.087131 -0.184820
-0.149063 1.142816 0.111256 -0.179001
-0.115938 1.142816 0.135381 -0.173183
-0.082813 1.142816 0.159506 -0.167364
-0.049688 1.142816 0.183630 -0.161545
-0.016563 1.142816 0.207755 -0.155726
0.016563 1.142816 -0.207755 -0.155726
0.049688 1.142816 -0.183630 -0.161545
0.082813 1.142816 -0.159506 -0.167364
0.115938 1.142816 -0.135381 -0.173183
0.149063 1.142816 -0.111256 -0.179001
0.182188 1.142816 -0.087131 -0.184820
0.215313 1.142816 -0.063007 -0.190639
0.248438 1.142816 -0.038882 -0.196458
0.281563 1.142816 -0.014757 -0.202277
0.314689 1.142816 0.009367 -0.208095
0.347814 1.142816 0.033492 -0.213914
0.380939 1.142816 0.057617 -0.219733
0.414064 1.142816 0.081742 -0.225552
0.447189 1.142816 0.105866 -0.231371
0.480314 1.142816 0.129991 -0.237190
0.513439 1.142816 0.154116 -0.243008
0.546564 1.142816 0.178240 -0.248827
0.579689 1.142816 0.202365 -0.254646
0.612814 1.142816 0.226490 -0.260465
0.645940 1.142816 0.250615 -0.266284
0.679065 1.142816 0.274739 -0.272102
0.712190 1.142816 0.298864 -0.277921
0.745315 1.142816 0.322989 -0.283740
0.778440 1.142816 0.347113 -0.289559
0.811565 1.142816 0.371238 -0.295378
0.844690 1.142816 0.395363 -0.301196
0.877815 1.142816 0.419487 -0.307015
0.910940 1.142816 0.443612 -0.312834
0.944066 1.142816 0.944066 1.142816
0.977191 1.142816 0.977191 1.142816
1.010316 1.142816 1.010316 1.142816
1.043441 1.142816 1.043441 1.142816
1.076566 1.142816 1.076566 1.142816
1.109691 1.142816 1.109691 1.142816
1.142816 1.142816 1.142816 1.142816
1.175941 1.142816 1.175941 1.142816
1.209066 1.142816 1.209066 1.142816
1.242191 1.142816 1.242191 1.142816
1.275317 1.142816 1.275317 1.142816
1.308442 1.142816 1.308442 1.142816
1.341567 1.142816 1.341567 1.142816
1.374692 1.142816 1.374692 1.142816
1.407817 1.142816 1.407817 1.142816
1.440942 1.142816 1.440942 1.142816
1.474067 1.142816 1.474067 1.142816
1.507192 1.142816 1.507192 1.142816
1.540317 1.142816 1.540317 1.142816
1.573443 1.142816 1.573443 1.142816
1.606568 1.142816 1.606568 1.142816
1.639693 1.142816 1.639693 1.142816
1.672818 1.142816 1.672818 1.142816
1.705943 1.142816 1.705943 1.142816
1.739068 1.142816 1.739068 1.142816
1.772193 1.142816 1.772193 1.142816
1.805318 1.142816 1.805318 1.142816
1.838443 1.142816 1.838443 1.142816
1.871568 1.142816 1.871568 1.142816
1.904694 1.142816 1.904694 1.142816
1.937819 1.142816 1.937819 1.142816
1.970944 1.142816 1.970944 1.142816
2.004069 1.142816 2.004069 1.142816
2.037194 1.142816 2.037194 1.142816
2.070319 1.142816 2.070319 1.142816
2.103444 1.142816 2.103444 1.142816
-2.103444 1.175941 -2.103444 1.175941
-2.070319 1.175941 -2.070319 1.175941
-2.037194 1.175941 -2.037194 1.175941
-2.004069 1.175941 -2.004069 1.175941
-1.970944 1.175941 -1.970944 1.175941
-1.937819 1.175941 -1.937819 1.175941
-1.904694 1.175941 -1.904694 1.175941
-1.871568 1.175941 -1.871568 1.175941
-1.838443 1.175941 -1.838443 1.175941
-1.805318 1.175941 -1.805318 1.175941
-1.772193 1.175941 -1.772193 1.175941
-1.739068 1.175941 -1.739068 1.175941
-1.705943 1.175941 -1.705943 1.175941
-1.672818 1.175941 -1.672818 1.175941
-1.639693 1.175941 -1.639693 1.175941
-1.606568 1.175941 -1.606568 1.175941
-1.573443 1.175941 -1.573443 1.175941
-1.540317 1.175941 -1.540317 1.175941
-1.507192 1.175941 -1.507192 1.175941
-1.474067 1.175941 -1.474067 1.175941
-1.440942 1.175941 -1.440942 1.175941
-1.407817 1.175941 -1.407817 1.175941
-1.374692 1.175941 -1.374692 1.175941
-1.341567 1.175941 -1.341567 1.175941
-1.308442 1.175941 -1.308442 1.175941
-1.275317 1.175941 -1.275317 1.175941
-1.242191 1.175941 -1.242191 1.175941
-1.209066 1.175941 -1.209066 1.175941
-1.175941 1.175941 -1.175941 1.175941
-1.142816 1.175941 -1.142816 1.175941
-1.109691 1.175941 -1.109691 1.175941
-1.076566 1.175941 -1.076566 1.175941
-1.043441 1.175941 -1.043441 1.175941
-1.010316 1.175941 -1.010316 1.175941
-0.977191 1.175941 -0.977191 1.175941
-0.944066 1.175941 -0.944066 1.175941
-0.910940 1.175941 -0.910940 1.175941
-0.877815 1.175941 -0.419487 -0.252475
-0.844690 1.175941 -0.395363 -0.246656
-0.811565 1.175941 -0.371238 -0.240837
-0.778440 1.175941 -0.347113 -0.235018
-0.745315 1.175941 -0.322989 -0.229199
-0.712190 1.175941 -0.298864 -0.223381
-0.679065 1.175941 -0.274739 -0.217562
-0.645940 1.175941 -0.250615 -0.211743
-0.612814 1.175941 -0.226490 -0.205924
-0.579689 1.175941 -0.202365 -0.200105
-0.546564 1.175941 -0.178240 -0.194286
-0.513439 1.175941 -0.154116 -0.188468
-0.480314 1.175941 -0.129991 -0.182649
-0.447189 1.175941 -0.105866 -0.176830
-0.414064 1.175941 -0.081742 -0.171011
-0.380939 1.175941 -0.057617 -0.165192
-0.347814 1.175941 -0.033492 -0.159374
-0.314689 1.175941 -0.009367 -0.153555
-0.281563 1.175941 0.014757 -0.147736
-0.248438 1.175941 0.038882 -0.141917
-0.215313 1.175941 0.063007 -0.136098
-0.182188 1.175941 0.087131 -0.130279
-0.149063 1.175941 0.111256 -0.124461
-0.115938 1.175941 0.135381 -0.118642
-0.082813 1.175941 0.159506 -0.112823
-0.049688 1.175941 0.183630 -0.107004
-0.016563 1.175941 0.207755 -0.101185
0.016563 1.175941 -0.207755 -0.101185
0.049688 1.175941 -0.183630 -0.107004
0.082813 1.175941 -0.159506 -0.112823
0.115938 1.175941 -0.135381 -0.118642
0.149063 1.175941 -0.111256 -0.124461
0.182188 1.175941 -0.087131 -0.130279
0.215313 1.175941 -0.063007 -0.136098
0.248438 1.175941 -0.038882 -0.141917
0.281563 1.175941 -0.014757 -0.147736
0.314689 1.175941 0.009367 -0.153555
0.347814 1.175941 0.033492 -0.159374
0.380939 1.175941 0.057617 -0.165192
0.414064 1.175941 0.081742 -0.171011
0.447189 1.175941 0.105866 -0.176830
0.480314 1.175941 0.129991 -0.182649
0.513439 1.175941 0.154116 -0.188468
0.546564 1.175941 0.178240 -0.194286
0.579689 1.175941 0.202365 -0.200105
0.612814 1.175941 0.226490 -0.205924
0.645940 1.175941 0.250615 -0.211743
0.679065 1.175941 0.274739 -0.217562
0.712190 1.175941 0.298864 -0.223381
0.745315 1.175941 0.322989 -0.229199
0.778440 1.175941 0.347113 -0.235018
0.811565 1.175941 0.371238 -0.240837
0.844690 1.175941 0.395363 -0.246656
0.877815 1.175941 0.419487 -0.252475
0.910940 1.175941 0.910940 1.175941
0.944066 1.175941 0.944066 1.175941
0.977191 1.175941 0.977191 1.175941
1.010316 1.175941 1.010316 1.175941
1.043441 1.175941 1.043441 1.175941
1.076566 1.175941 1.076566 1.175941
1.109691 1.175941 1.109691 1.175941
1.142816 1.175941 1.142816 1.175941
1.175941 1.175941 1.175941 1.175941
1.209066 1.175941 1.209066 1.175941
1.242191 1.175941 1.242191 1.175941
1.275317 1.175941 1.275317 1.175941
1.308442 1.175941 1.308442 1.175941
1.341567 1.175941 1.341567 1.175941
1.374692 1.175941 1.374692 1.175941
1.407817 1.175941 1.407817 1.175941
1.440942 1.175941 1.440942 1.175941
1.474067 1.175941 1.474067 1.175941
1.507192 1.175941 1.507192 1.175941
1.540317 1.175941 1.540317 1.175941
1.573443 1.175941 1.573443 1.175941
1.606568 1.175941 1.606568 1.175941
1.639693 1.175941 1.639693 1.175941
1.672818 1.175941 1.672818 1.175941
1.705943 1.175941 1.705943 1.175941
1.739068 1.175941 1.739068 1.175941
1.772193 1.175941 1.772193 1.175941
1.805318 1.175941 1.805318 1.175941
1.838443 1.175941 1.838443 1.175941
1.871568 1.175941 1.871568 1.175941
1.904694 1.175941 1.904694 1.175941
1.937819 1.175941 1.937819 1.175941
1.970944 1.175941 1.970944 1.175941
2.004069 1.175941 2.004069 1.175941
2.037194 1.175941 2.037194 1.175941
2.070319 1.175941 2.070319 1.175941
2.103444 1.175941 2.103444 1.175941
-2.103444 1.209066 -2.103444 1.209066
-2.070319 1.209066 -2.070319 1.209066
-2.037194 1.209066 -2.037194 1.209066
-2.004069 1.209066 -2.004069 1.209066
-1.970944 1.209066 -1.970944 1.209066
-1.937819 1.209066 -1.937819 1.209066
-1.904694 1.209066 -1.904694 1.209066
-1.871568 1.209066 -1.871568 1.209066
-1.838443 1.209066 -1.838443 1.209066
-1.805318 1.209066 -1.805318 1.209066
-1.772193 1.209066 -1.772193 1.209066
-1.739068 1.209066 -1.739068 1.209066
-1.705943 1.209066 -1.705943 1.209066
-1.672818 1.209066 -1.672818 1.209066
-1.639693 1.209066 -1.639693 1.209066
-1.606568 1.209066 -1.606568 1.209066
-1.573443 1.209066 -1.573443 1.209066
-1.540317 1.209066 -1.540317 1.209066
-1.507192 1.209066 -1.507192 1.209066
-1.474067 1.209066 -1.474067 1.209066
-1.440942 1.209066 -1.440942 1.209066
-1.407817 1.209066 -1.407817 1.209066
-1.374692 1.209066 -1.374692 1.209066
-1.341567 1.209066 -1.341567 1.209066
-1.308442 1.209066 -1.308442 1.209066
-1.275317 1.209066 -1.275317 1.209066
-1.242191 1.209066 -1.242191 1.209066
-1.209066 1.209066 -1.209066 1.209066
-1.175941 1.209066 -1.175941 1.209066
-1.142816 1.209066 -1.142816 1.209066
-1.109691 1.209066 -1.109691 1.209066
-1.076566 1.209066 -1.076566 1.209066
-1.043441 1.209066 -1.043441 1.209066
-1.010316 1.209066 -1.010316 1.209066
-0.977191 1.209066 -0.977191 1.209066
-0.944066 1.209066 -0.944066 1.209066
-0.910940 1.209066 -0.910940 1.209066
-0.877815 1.209066 -0.877815 1.209066
-0.844690 1.209066 -0.395363 -0.192115
-0.811565 1.209066 -0.371238 -0.186296
-0.778440 1.209066 -0.347113 -0.180477
-0.745315 1.209066 -0.322989 -0.174659
-0.712190 1.209066 -0.298864 -0.168840
-0.679065 1.209066 -0.274739 -0.163021
-0.645940 1.209066 -0.250615 -0.157202
-0.612814 1.209066 -0.226490 -0.151383
-0.579689 1.209066 -0.202365 -0.145565
-0.546564 1.209066 -0.178240 -0.139746
-0.513439 1.209066 -0.154116 -0.133927
-0.480314 1.209066 -0.129991 -0.128108
-0.447189 1.209066 -0.105866 -0.122289
-0.414064 1.209066 -0.081742 -0.116470
-0.380939 1.209066 -0.057617 -0.110652
-0.347814 1.209066 -0.033492 -0.104833
-0.314689 1.209066 -0.009367 -0.099014
-0.281563 1.209066 0.014757 -0.093195
-0.248438 1.209066 0.038882 -0.087376
-0.215313 1.209066 0.063007 -0.081558
-0.182188 1.209066 0.087131 -0.075739
-0.149063 1.209066 0.111256 -0.069920
-0.115938 1.209066 0.135381 -0.064101
-0.082813 1.209066 0.159506 -0.058282
-0.049688 1.209066 0.183630 -0.052464
-0.016563 1.209066 0.207755 -0.046645
0.016563 1.209066 -0.207755 -0.046645
0.049688 1.209066 -0.183630 -0.052464
0.082813 1.209066 -0.159506 -0.058282
0.115938 1.209066 -0.135381 -0.064101
0.149063 1.209066 -0.111256 -0.069920
0.182188 1.209066 -0.087131 -0.075739
0.215313 1.209066 -0.063007 -0.081558
0.248438 1.209066 -0.038882 -0.087376
0.281563 1.209066 -0.014757 -0.093195
0.314689 1.209066 0.009367 -0.099014
0.347814 1.209066 0.033492 -0.104833
0.380939 1.209066 0.057617 -0.110652
0.414064 1.209066 0.081742 -0.116470
0.447189 1.209066 0.105866 -0.122289
0.480314 1.209066 0.129991 -0.128108
0.513439 1.209066 0.154116 -0.133927
0.546564 1.209066 0.178240 -0.139746
0.579689 1.209066 0.202365 -0.145565
0.612814 1.209066 0.226490 -0.151383
0.645940 1.209066 0.250615 -0.157202
0.679065 1.209066 0.274739 -0.163021
0.712190 1.209066 0.298864 -0.168840
0.745315 1.209066 0.322989 -0.174659
0.778440 1.209066 0.347113 -0.180477
0.811565 1.209066 0.371238 -0.186296
0.844690 1.209066 0.395363 -0.192115
0.877815 1.209066 0.877815 1.209066
0.910940 1.209066 0.910940 1.209066
0.944066 1.209066 0.944066 1.209066
0.977191 1.209066 0.977191 1.209066
1.010316 1.209066 1.010316 1.209066
1.043441 1.209066 1.043441 1.209066
1.076566 1.209066 1.076566 1.209066
1.109691 1.209066 1.109691 1.209066
1.142816 1.209066 1.142816 1.209066
1.175941 1.209066 1.175941 1.209066
1.209066 1.209066 1.209066 1.209066
1.242191 1.209066 1.242191 1.209066
1.275317 1.209066 1.275317 1.209066
1.308442 1.209066 1.308442 1.209066
1.341567 1.209066 1.341567 1.209066
1.374692 1.209066 1.374692 1.209066
1.407817 1.209066 1.407817 1.209066
1.440942 1.209066 1.440942 1.209066
1.474067 1.209066 1.474067 1.209066
1.507192 1.209066 1.507192 1.209066
1.540317 1.209066 1.540317 1.209066
1.573443 1.209066 1.573443 1.209066
1.606568 1.209066 1.606568 1.209066
1.639693 1.209066 1.639693 1.209066
1.672818 1.209066 1.672818 1.209066
1.705943 1.209066 1.705943 1.209066
1.739068 1.209066 1.739068 1.209066
1.772193 1.209066 1.772193 1.209066
1.805318 1.209066 1.805318 1.209066
1.838443 1.209066 1.838443 1.209066
1.871568 1.209066 1.871568 1.209066
1.904694 1.209066 1.904694 1.209066
1.937819 1.209066 1.937819 1.209066
1.970944 1.209066 1.970944 1.209066
2.004069 1.209066 2.004069 1.209066
2.037194 1.209066 2.037194 1.209066
2.070319 1.209066 2.070319 1.209066
2.103444 1.209066 2.103444 1.209066
-2.103444 1.242191 -2.103444 1.242191
-2.070319 1.242191 -2.070319 1.242191
-2.037194 1.242191 -2.037194 1.242191
-2.004069 1.242191 -2.004069 1.242191
-1.970944 1.242191 -1.970944 1.242191
-1.937819 1.242191 -1.937819 1.242191
-1.904694 1.242191 -1.904694 1.242191
-1.871568 1.242191 -1.871568 1.242191
-1.838443 1.242191 -1.838443 1.242191
-1.805318 1.242191 -1.805318 1.242191
-1.772193 1.242191 -1.772193 1.242191
-1.739068 1.242191 -1.739068 1.242191
-1.705943 1.242191 -1.705943 1.242191
-1.672818 1.242191 -1.672818 1.242191
-1.639693 1.242191 -1.639693 1.242191
-1.606568 1.242191 -1.606568 1.242191
-1.573443 1.242191 -1.573443 1.242191
-1.540317 1.242191 -1.540317 1.242191
-1.507192 1.242191 -1.507192 1.242191
-1.474067 1.242191 -1.474067 1.242191
-1.440942 1.242191 -1.440942 1.242191
-1.407817 1.242191 -1.407817 1.242191
-1.374692 1.242191 -1.374692 1.242191
-1.341567 1.242191 -1.341567 1.242191
-1.308442 1.242191 -1.308442 1.242191
-1.275317 1.242191 -1.275317 1.242191
-1.242191 1.242191 -1.242191 1.242191
-1.209066 1.242191 -1.209066 1.242191
-1.175941 1.242191 -1.175941 1.242191
-1.142816 1.242191 -1.142816 1.242191
-1.109691 1.242191 -1.109691 1.242191
-1.076566 1.242191 -1.076566 1.242191
-1.043441 1.242191 -1.043441 1.242191
-1.010316 1.242191 -1.010316 1.242191
-0.977191 1.242191 -0.977191 1.242191
-0.944066 1.242191 -0.944066 1.242191
-0.910940 1.242191 -0.910940 1.242191
-0.877815 1.242191 -0.877815 1.242191
-0.844690 1.242191 -0.395363 -0.137574
-0.811565 1.242191 -0.371238 -0.131756
-0.778440 1.242191 -0.347113 -0.125937
-0.745315 1.242191 -0.322989 -0.120118
-0.712190 1.242191 -0.298864 -0.114299
-0.679065 1.242191 -0.274739 -0.108480
-0.645940 1.242191 -0.250615 -0.102661
-0.612814 1.242191 -0.226490 -0.096843
-0.579689 1.242191 -0.202365 -0.091024
-0.546564 1.242191 -0.178240 -0.085205
-0.513439 1.242191 -0.154116 -0.079386
-0.480314 1.242191 -0.129991 -0.073567
-0.447189 1.242191 -0.105866 -0.067749
-0.414064 1.242191 -0.081742 -0.061930
-0.380939 1.242191 -0.057617 -0.056111
-0.347814 1.242191 -0.033492 -0.050292
-0.314689 1.242191 -0.009367 -0.044473
-0.281563 1.242191 0.014757 -0.038655
-0.248438 1.242191 0.038882 -0.032836
-0.215313 1.242191 0.063007 -0.027017
-0.182188 1.242191 0.087131 -0.021198
-0.149063 1.242191 0.111256 -0.015379
-0.115938 1.242191 0.135381 -0.009560
-0.082813 1.242191 0.159506 -0.003742
-0.049688 1.242191 0.183630 0.002077
-0.016563 1.242191 0.207755 0.007896
0.016563 1.242191 -0.207755 0.007896
0.049688 1.242191 -0.183630 0.002077
0.082813 1.242191 -0.159506 -0.003742
0.115938 1.242191 -0.135381 -0.009560
0.149063 1.242191 -0.111256 -0.015379
0.182188 1.242191 -0.087131 -0.021198
0.215313 1.242191 -0.063007 -0.027017
0.248438 1.242191 -0.038882 -0.032836
0.281563 1.242191 -0.014757 -0.038655
0.314689 1.242191 0.009367 -0.044473
0.347814 1.242191 0.033492 -0.050292
0.380939 1.242191 0.057617 -0.056111
0.414064 1.242191 0.081742 -0.061930
0.447189 1.242191 0.105866 -0.067749
0.480314 1.242191 0.129991 -0.073567
0.513439 1.242191 0.154116 -0.079386
0.546564 1.242191 0.178240 -0.085205
0.579689 1.242191 0.202365 -0.091024
0.612814 1.242191 0.226490 -0.096843
0.645940 1.242191 0.250615 -0.102661
0.679065 1.242191 0.274739 -0.108480
0.712190 1.242191 0.298864 -0.114299
0.745315 1.242191 0.322989 -0.120118
0.778440 1.242191 0.347113 -0.125937
0.811565 1.242191 0.371238 -0.131756
0.844690 1.242191 0.395363 -0.137574
0.877815 1.242191 0.877815 1.242191
0.910940 1.242191 0.910940 1.242191
0.944066 1.242191 0.944066 1.242191
0.977191 1.242191 0.977191 1.242191
1.010316 1.242191 1.010316 1.242191
1.043441 1.242191 1.043441 1.242191
1.076566 1.242191 1.076566 1.242191
1.109691 1.242191 1.109691 1.242191
1.142816 1.242191 1.142816 1.242191
1.175941 1.242191 1.175941 1.242191
1.209066 1.242191 1.209066 1.242191
1.242191 1.242191 1.242191 1.242191
1.275317 1.242191 1.275317 1.242191
1.308442 1.242191 1.308442 1.242191
1.341567 1.242191 1.341567 1.242191
1.374692 1.242191 1.374692 1.242191
1.407817 1.242191 1.407817 1.242191
1.440942 1.242191 1.440942 1.242191
1.474067 1.242191 1.474067 1.242191
1.507192 1.242191 1.507192 1.242191
1.540317 1.242191 1.540317 1.242191
1.573443 1.242191 1.573443 1.242191
1.606568 1.242191 1.606568 1.242191
1.639693 1.242191 1.639693 1.242191
1.672818 1.242191 1.672818 1.242191
1.705943 1.242191 1.705943 1.242191
1.739068 1.242191 1.739068 1.242191
1.772193 1.242191 1.772193 1.242191
1.805318 1.242191 1.805318 1.242191
1.838443 1.242191 1.838443 1.242191
1.871568 1.242191 1.871568 1.242191
1.904694 1.242191 1.904694 1.242191
1.937819 1.242191 1.937819 1.242191
1.970944 1.242191 1.970944 1.242191
2.004069 1.242191 2.004069 1.242191
2.037194 1.242191 2.037194 1.242191
2.070319 1.242191 2.070319 1.242191
2.103444 1.242191 2.103444 1.242191
-2.103444 1.275317 -2.103444 1.275317
-2.070319 1.275317 -2.070319 1.275317
-2.037194 1.275317 -2.037194 1.275317
-2.004069 1.275317 -2.004069 1.275317
-1.970944 1.275317 -1.970944 1.275317
-1.937819 1.275317 -1.937819 1.275317
-1.904694 1.275317 -1.904694 1.275317
-1.871568 1.275317 -1.871568 1.275317
-1.838443 1.275317 -1.838443 1.275317
-1.805318 1.275317 -1.805318 1.275317
-1.772193 1.275317 -1.772193 1.275317
-1.739068 1.275317 -1.739068 1.275317
-1.705943 1.275317 -1.705943 1.275317
-1.672818 1.275317 -1.672818 1.275317
-1.639693 1.275317 -1.639693 1.275317
-1.606568 1.275317 -1.606568 1.275317
-1.573443 1.275317 -1.573443 1.275317
-1.540317 1.275317 -1.540317 1.275317
-1.507192 1.275317 -1.507192 1.275317
-1.474067 1.275317 -1.474067 1.275317
-1.440942 1.275317 -1.440942 1.275317
-1.407817 1.275317 -1.407817 1.275317
-1.374692 1.275317 -1.374692 1.275317
-1.341567 1.275317 -1.341567 1.275317
-1.308442 1.275317 -1.308442 1.275317
-1.275317 1.275317 -1.275317 1.275317
-1.242191 1.275317 -1.242191 1.275317
-1.209066 1.275317 -1.209066 1.275317
-1.175941 1.275317 -1.175941 1.275317
-1.142816 1.275317 -1.142816 1.275317
-1.109691 1.275317 -1.109691 1.275317
-1.076566 1.275317 -1.076566 1.275317
-1.043441 1.275317 -1.043441 1.275317
-1.010316 1.275317 -1.010316 1.275317
-0.977191 1.275317 -0.977191 1.275317
-0.944066 1.275317 -0.944066 1.275317
-0.910940 1.275317 -0.910940 1.275317
-0.877815 1.275317 -0.877815 1.275317
-0.844690 1.275317 -0.844690 1.275317
-0.811565 1.275317 -0.371238 -0.077215
-0.778440 1.275317 -0.347113 -0.071396
-0.745315 1.275317 -0.322989 -0.065577
-0.712190 1.275317 -0.298864 -0.059758
-0.679065 1.275317 -0.274739 -0.053940
-0.645940 1.275317 -0.250615 -0.048121
-0.612814 1.275317 -0.226490 -0.042302
-0.579689 1.275317 -0.202365 -0.036483
-0.546564 1.275317 -0.178240 -0.030664
-0.513439 1.275317 -0.154116 -0.024846
-0.480314 1.275317 -0.129991 -0.019027
-0.447189 1.275317 -0.105866 -0.013208
-0.414064 1.275317 -0.081742 -0.007389
-0.380939 1.275317 -0.057617 -0.001570
-0.347814 1.275317 -0.033492 0.004249
-0.314689 1.275317 -0.009367 0.010067
-0.281563 1.275317 0.014757 0.015886
-0.248438 1.275317 0.038882 0.021705
-0.215313 1.275317 0.063007 0.027524
-0.182188 1.275317 0.087131 0.033343
-0.149063 1.275317 0.111256 0.039161
-0.115938 1.275317 0.135381 0.044980
-0.082813 1.275317 0.159506 0.050799
-0.049688 1.275317 0.183630 0.056618
-0.016563 1.275317 0.207755 0.062437
0.016563 1.275317 -0.207755 0.062437
0.049688 1.275317 -0.183630 0.056618
0.082813 1.275317 -0.159506 0.050799
0.115938 1.275317 -0.135381 0.044980
0.149063 1.275317 -0.111256 0.039161
0.182188 1.275317 -0.087131 0.033343
0.215313 1.275317 -0.063007 0.027524
0.248438 1.275317 -0.038882 0.021705
0.281563 1.275317 -0.014757 0.015886
0.314689 1.275317 0.009367 0.010067
0.347814 1.275317 0.033492 0.004249
0.380939 1.275317 0.057617 -0.001570
0.414064 1.275317 0.081742 -0.007389
0.447189 1.275317 0.105866 -0.013208
0.480314 1.275317 0.129991 -0.019027
0.513439 1.275317 0.154116 -0.024846
0.546564 1.275317 0.178240 -0.030664
0.579689 1.275317 0.202365 -0.036483
0.612814 1.275317 0.226490 -0.042302
0.645940 1.275317 0.250615 -0.048121
0.679065 1.275317 0.274739 -0.053940
0.712190 1.275317 0.298864 -0.059758
0.745315 1.275317 0.322989 -0.065577
0.778440 1.275317 0.347113 -0.071396
0.811565 1.275317 0.371238 -0.077215
0.844690 1.275317 0.844690 1.275317
0.877815 1.275317 0.877815 1.275317
0.910940 1.275317 0.910940 1.275317
0.944066 1.275317 0.944066 1.275317
0.977191 1.275317 0.977191 1.275317
1.010316 1.275317 1.010316 1.275317
1.043441 1.275317 1.043441 1.275317
1.076566 1.275317 1.076566 1.275317
1.109691 1.275317 1.109691 1.275317
1.142816 1.275317 1.142816 1.275317
1.175941 1.275317 1.175941 1.275317
1.209066 1.275317 1.209066 1.275317
1.242191 1.275317 1.242191 1.275317
1.275317 1.275317 1.275317 1.275317
1.308442 1.275317 1.308442 1.275317
1.341567 1.275317 1.341567 1.275317
1.374692 1.275317 1.374692 1.275317
1.407817 1.275317 1.407817 1.275317
1.440942 1.275317 1.440942 1.275317
1.474067 1.275317 1.474067 1.275317
1.507192 1.275317 1.507192 1.275317
1.540317 1.275317 1.540317 1.275317
1.573443 1.275317 1.573443 1.275317
1.606568 1.275317 1.606568 1.275317
1.639693 1.275317 1.639693 1.275317
1.672818 1.275317 1.672818 1.275317
1.705943 1.275317 1.705943 1.275317
1.739068 1.275317 1.739068 1.275317
1.772193 1.275317 1.772193 1.275317
1.805318 1.275317 1.805318 1.275317
1.838443 1.275317 1.838443 1.275317
1.871568 1.275317 1.871568 1.275317
1.904694 1.275317 1.904694 1.275317
1.937819 1.275317 1.937819 1.275317
1.970944 1.275317 1.970944 1.275317
2.004069 1.275317 2.004069 1.275317
2.037194 1.275317 2.037194 1.275317
2.070319 1.275317 2.070319 1.275317
2.103444 1.275317 2.103444 1.275317
-2.103444 1.308442 -2.103444 1.308442
-2.070319 1.308442 -2.070319 1.308442
-2.037194 1.308442 -2.037194 1.308442
-2.004069 1.308442 -2.004069 1.308442
-1.970944 1.308442 -1.970944 1.308442
-1.937819 1.308442 -1.937819 1.308442
-1.904694 1.308442 -1.904694 1.308442
-1.871568 1.308442 -1.871568 1.308442
-1.838443 1.308442 -1.838443 1.308442
-1.805318 1.308442 -1.805318 1.308442
-1.772193 1.308442 -1.772193 1.308442
-1.739068 1.308442 -1.739068 1.308442
-1.705943 1.308442 -1.705943 1.308442
-1.672818 1.308442 -1.672818 1.308442
-1.639693 1.308442 -1.639693 1.308442
-1.606568 1.308442 -1.606568 1.308442
-1.573443 1.308442 -1.573443 1.308442
-1.540317 1.308442 -1.540317 1.308442
-1.507192 1.308442 -1.507192 1.308442
-1.474067 1.308442 -1.474067 1.308442
-1.440942 1.308442 -1.440942 1.308442
-1.407817 1.308442 -1.407817 1.308442
-1.374692 1.308442 -1.374692 1.308442
-1.341567 1.308442 -1.341567 1.308442
-1.308442 1.308442 -1.308442 1.308442
-1.275317 1.308442 -1.275317 1.308442
-1.242191 1.308442 -1.242191 1.308442
-1.209066 1.308442 -1.209066 1.308442
-1.175941 1.308442 -1.175941 1.308442
-1.142816 1.308442 -1.142816 1.308442
-1.109691 1.308442 -1.109691 1.308442
-1.076566 1.308442 -1.076566 1.308442
-1.043441 1.308442 -1.043441 1.308442
-1.010316 1.308442 -1.010316 1.308442
-0.977191 1.308442 -0.977191 1.308442
-0.944066 1.308442 -0.944066 1.308442
-0.910940 1.308442 -0.910940 1.308442
-0.877815 1.308442 -0.877815 1.308442
-0.844690 1.308442 -0.844690 1.308442
-0.811565 1.308442 -0.811565 1.308442
-0.778440 1.308442 -0.347113 -0.016855
-0.745315 1.308442 -0.322989 -0.011037
-0.712190 1.308442 -0.298864 -0.005218
-0.679065 1.308442 -0.274739 0.000601
-0.645940 1.308442 -0.250615 0.006420
-0.612814 1.308442 -0.226490 0.012239
-0.579689 1.308442 -0.202365 0.018058
-0.546564 1.308442 -0.178240 0.023876
-0.513439 1.308442 -0.154116 0.029695
-0.480314 1.308442 -0.129991 0.035514
-0.447189 1.308442 -0.105866 0.041333
-0.414064 1.308442 -0.081742 0.047152
-0.380939 1.308442 -0.057617 0.052970
-0.347814 1.308442 -0.033492 0.058789
-0.314689 1.308442 -0.009367 0.064608
-0.281563 1.308442 0.014757 0.070427
-0.248438 1.308442 0.038882 0.076246
-0.215313 1.308442 0.063007 0.082064
-0.182188 1.308442 0.087131 0.087883
-0.149063 1.308442 0.111256 0.093702
-0.115938 1.308442 0.135381 0.099521
-0.082813 1.308442 0.159506 0.105340
-0.049688 1.308442 0.183630 0.111159
-0.016563 1.308442 0.207755 0.116977
0.016563 1.308442 -0.207755 0.116977
0.049688 1.308442 -0.183630 0.111159
0.082813 1.308442 -0.159506 0.105340
0.115938 1.308442 -0.135381 0.099521
0.149063 1.308442 -0.111256 0.093702
0.182188 1.308442 -0.087131 0.087883
0.215313 1.308442 -0.063007 0.082064
0.248438 1.308442 -0.038882 0.076246
0.281563 1.308442 -0.014757 0.070427
0.314689 1.308442 0.009367 0.064608
0.347814 1.308442 0.033492 0.058789
0.380939 1.308442 0.057617 0.052970
0.414064 1.308442 0.081742 0.047152
0.447189 1.308442 0.105866 0.041333
0.480314 1.308442 0.129991 0.035514
0.513439 1.308442 0.154116 0.029695
0.546564 1.308442 0.178240 0.023876
0.579689 1.308442 0.202365 0.018058
0.612814 1.308442 0.226490 0.012239
0.645940 1.308442 0.250615 0.006420
0.679065 1.308442 0.274739 0.000601
0.712190 1.308442 0.298864 -0.005218
0.745315 1.308442 0.322989 -0.011037
0.778440 1.308442 0.347113 -0.016855
0.811565 1.308442 0.811565 1.308442
0.844690 1.308442 0.844690 1.308442
0.877815 1.308442 0.877815 1.308442
0.910940 1.308442 0.910940 1.308442
0.944066 1.308442 0.944066 1.308442
0.977191 1.308442 0.977191 1.308442
1.010316 1.308442 1.010316 1.308442
1.043441 1.308442 1.043441 1.308442
1.076566 1.308442 1.076566 1.308442
1.109691 1.308442 1.109691 1.308442
1.142816 1.308442 1.142816 1.308442
1.175941 1.308442 1.175941 1.308442
1.209066 1.308442 1.209066 1.308442
1.242191 1.308442 1.242191 1.308442
1.275317 1.308442 1.275317 1.308442
1.308442 1.308442 1.308442 1.308442
1.341567 1.308442 1.341567 1.308442
1.374692 1.308442 1.374692 1.308442
1.407817 1.308442 1.407817 1.308442
1.440942 1.308442 1.440942 1.308442
1.474067 1.308442 1.474067 1.308442
1.507192 1.308442 1.507192 1.308442
1.540317 1.308442 1.540317 1.308442
1.573443 1.308442 1.573443 1.308442
1.606568 1.308442 1.606568 1.308442
1.639693 1.308442 1.639693 1.308442
1.672818 1.308442 1.672818 1.308442
1.705943 1.308442 1.705943 1.308442
1.739068 1.308442 1.739068 1.308442
1.772193 1.308442 1.772193 1.308442
1.805318 1.308442 1.805318 1.308442
1.838443 1.308442 1.838443 1.308442
1.871568 1.308442 1.871568 1.308442
1.904694 1.308442 1.904694 1.308442
1.937819 1.308442 1.937819 1.308442
1.970944 1.308442 1.970944 1.308442
2.004069 1.308442 2.004069 1.308442
2.037194 1.308442 2.037194 1.308442
2.070319 1.308442 2.070319 1.308442
2.103444 1.308442 2.103444 1.308442
-2.103444 1.341567 -2.103444 1.341567
-2.070319 1.341567 -2.070319 1.341567
-2.037194 1.341567 -2.037194 1.341567
-2.004069 1.341567 -2.004069 1.341567
-1.970944 1.341567 -1.970944 1.341567
-1.937819 1.341567 -1.937819 1.341567
-1.904694 1.341567 -1.904694 1.341567
-1.871568 1.341567 -1.871568 1.341567
-1.838443 1.341567 -1.838443 1.341567
-1.805318 1.341567 -1.805318 1.341567
-1.772193 1.341567 -1.772193 1.341567
-1.739068 1.341567 -1.739068 1.341567
-1.705943 1.341567 -1.705943 1.341567
-1.672818 1.341567 -1.672818 1.341567
-1.639693 1.341567 -1.639693 1.341567
-1.606568 1.341567 -1.606568 1.341567
-1.573443 1.341567 -1.573443 1.341567
-1.540317 1.341567 -1.540317 1.341567
-1.507192 1.341567 -1.507192 1.341567
-1.474067 1.341567 -1.474067 1.341567
-1.440942 1.341567 -1.440942 1.341567
-1.407817 1.341567 -1.407817 1.341567
-1.374692 1.341567 -1.374692 1.341567
-1.341567 1.341567 -1.341567 1.341567
-1.308442 1.341567 -1.308442 1.341567
-1.275317 1.341567 -1.275317 1.341567
-1.242191 1.341567 -1.242191 1.341567
-1.209066 1.341567 -1.209066 1.341567
-1.175941 1.341567 -1.175941 1.341567
-1.142816 1.341567 -1.142816 1.341567
-1.109691 1.341567 -1.109691 1.341567
-1.076566 1.341567 -1.076566 1.341567
-1.043441 1.341567 -1.043441 1.341567
-1.010316 1.341567 -1.010316 1.341567
-0.977191 1.341567 -0.977191 1.341567
-0.944066 1.341567 -0.944066 1.341567
-0.910940 1.341567 -0.910940 1.341567
-0.877815 1.341567 -0.877815 1.341567
-0.844690 1.341567 -0.844690 1.341567
-0.811565 1.341567 -0.811565 1.341567
-0.778440 1.341567 -0.347113 0.037685
-0.745315 1.341567 -0.322989 0.043504
-0.712190 1.341567 -0.298864 0.049323
-0.679065 1.341567 -0.274739 0.055142
-0.645940 1.341567 -0.250615 0.060961
-0.612814 1.341567 -0.226490 0.066779
-0.579689 1.341567 -0.202365 0.072598
-0.546564 1.341567 -0.178240 0.078417
-0.513439 1.341567 -0.154116 0.084236
-0.480314 1.341567 -0.129991 0.090055
-0.447189 1.341567 -0.105866 0.095874
-0.414064 1.341567 -0.081742 0.101692
-0.380939 1.341567 -0.057617 0.107511
-0.347814 1.341567 -0.033492 0.113330
-0.314689 1.341567 -0.009367 0.119149
-0.281563 1.341567 0.014757 0.124968
-0.248438 1.341567 0.038882 0.130786
-0.215313 1.341567 0.063007 0.136605
-0.182188 1.341567 0.087131 0.142424
-0.149063 1.341567 0.111256 0.148243
-0.115938 1.341567 0.135381 0.154062
-0.082813 1.341567 0.159506 0.159880
-0.049688 1.341567 0.183630 0.165699
-0.016563 1.341567 0.207755 0.171518
0.016563 1.341567 -0.207755 0.171518
0.049688 1.341567 -0.183630 0.165699
0.082813 1.341567 -0.159506 0.159880
0.115938 1.341567 -0.135381 0.154062
0.149063 1.341567 -0.111256 0.148243
0.182188 1.341567 -0.087131 0.142424
0.215313 1.341567 -0.063007 0.136605
0.248438 1.341567 -0.038882 0.130786
0.281563 1.341567 -0.014757 0.124968
0.314689 1.341567 0.009367 0.119149
0.347814 1.341567 0.033492 0.113330
0.380939 1.341567 0.057617 0.107511
0.414064 1.341567 0.081742 0.101692
0.447189 1.341567 0.105866 0.095874
0.480314 1.341567 0.129991 0.090055
0.513439 1.341567 0.154116 0.084236
0.546564 1.341567 0.178240 0.078417
0.579689 1.341567 0.202365 0.072598
0.612814 1.341567 0.226490 0.066779
0.645940 1.341567 0.250615 0.060961
0.679065 1.341567 0.274739 0.055142
0.712190 1.341567 0.298864 0.049323
0.745315 1.341567 0.322989 0.043504
0.778440 1.341567 0.347113 0.037685
0.811565 1.341567 0.811565 1.341567
0.844690 1.341567 0.844690 1.341567
0.877815 1.341567 0.877815 1.341567
0.910940 1.341567 0.910940 1.341567
0.944066 1.341567 0.944066 1.341567
0.977191 1.341567 0.977191 1.341567
1.010316 1.341567 1.010316 1.341567
1.043441 1.341567 1.043441 1.341567
1.076566 1.341567 1.076566 1.341567
1.109691 1.341567 1.109691 1.341567
1.142816 1.341567 1.142816 1.341567
1.175941 1.341567 1.175941 1.341567
1.209066 1.341567 1.209066 1.341567
1.242191 1.341567 1.242191 1.341567
1.275317 1.341567 1.275317 1.341567
1.308442 1.341567 1.308442 1.341567
1.341567 1.341567 1.341567 1.341567
1.374692 1.341567 1.374692 1.341567
1.407817 1.341567 1.407817 1.341567
1.440942 1.341567 1.440942 1.341567
1.474067 1.341567 1.474067 1.341567
1.507192 1.341567 1.507192 1.341567
1.540317 1.341567 1.540317 1.341567
1.573443 1.341567 1.573443 1.341567
1.606568 1.341567 1.606568 1.341567
1.639693 1.341567 1.639693 1.341567
1.672818 1.341567 1.672818 1.341567
1.705943 1.341567 1.705943 1.341567
1.739068 1.341567 1.739068 1.341567
1.772193 1.341567 1.772193 1.341567
1.805318 1.341567 1.805318 1.341567
1.838443 1.341567 1.838443 1.341567
1.871568 1.341567 1.871568 1.341567
1.904694 1.341567 1.904694 1.341567
1.937819 1.341567 1.937819 1.341567
1.970944 1.341567 1.970944 1.341567
2.004069 1.341567 2.004069 1.341567
2.037194 1.341567 2.037194 1.341567
2.070319 1.341567 2.070319 1.341567
2.103444 1.341567 2.103444 1.341567
-2.103444 1.374692 -2.103444 1.374692
-2.070319 1.374692 -2.070319 1.374692
-2.037194 1.374692 -2.037194 1.374692
-2.004069 1.374692 -2.004069 1.374692
-1.970944 1.374692 -1.970944 1.374692
-1.937819 1.374692 -1.937819 1.374692
-1.904694 1.374692 -1.904694 1.374692
-1.871568 1.374692 -1.871568 1.374692
-1.838443 1.374692 -1.838443 1.374692
-1.805318 1.374692 -1.805318 1.374692
-1.772193 1.374692 -1.772193 1.374692
-1.739068 1.374692 -1.739068 1.374692
-1.705943 1.374692 -1.705943 1.374692
-1.672818 1.374692 -1.672818 1.374692
-1.639693 1.374692 -1.639693 1.374692
-1.606568 1.374692 -1.606568 1.374692
-1.573443 1.374692 -1.573443 1.374692
-1.540317 1.374692 -1.540317 1.374692
-1.507192 1.374692 -1.507192 1.374692
-1.474067 1.374692 -1.474067 1.374692
-1.440942 1.374692 -1.440942 1.374692
-1.407817 1.374692 -1.407817 1.374692
-1.374692 1.374692 -1.374692 1.374692
-1.341567 1.374692 -1.341567 1.374692
-1.308442 1.374692 -1.308442 1.374692
-1.275317 1.374692 -1.275317 1.374692
-1.242191 1.374692 -1.242191 1.374692
-1.209066 1.374692 -1.209066 1.374692
-1.175941 1.374692 -1.175941 1.374692
-1.142816 1.374692 -1.142816 1.374692
-1.109691 1.374692 -1.109691 1.374692
-1.076566 1.374692 -1.076566 1.374692
-1.043441 1.374692 -1.043441 1.374692
-1.010316 1.374692 -1.010316 1.374692
-0.977191 1.374692 -0.977191 1.374692
-0.944066 1.374692 -0.944066 1.374692
-0.910940 1.374692 -0.910940 1.374692
-0.877815 1.374692 -0.877815 1.374692
-0.844690 1.374692 -0.844690 1.374692
-0.811565 1.374692 -0.811565 1.374692
-0.778440 1.374692 -0.778440 1.374692
-0.745315 1.374692 -0.322989 0.098045
-0.712190 1.374692 -0.298864 0.103864
-0.679065 1.374692 -0.274739 0.109683
-0.645940 1.374692 -0.250615 0.115501
-0.612814 1.374692 -0.226490 0.121320
-0.579689 1.374692 -0.202365 0.127139
-0.546564 1.374692 -0.178240 0.132958
-0.513439 1.374692 -0.154116 0.138777
-0.480314 1.374692 -0.129991 0.144595
-0.447189 1.374692 -0.105866 0.150414
-0.414064 1.374692 -0.081742 0.156233
-0.380939 1.374692 -0.057617 0.162052
-0.347814 1.374692 -0.033492 0.167871
-0.314689 1.374692 -0.009367 0.173689
-0.281563 1.374692 0.014757 0.179508
-0.248438 1.374692 0.038882 0.185327
-0.215313 1.374692 0.063007 0.191146
-0.182188 1.374692 0.087131 0.196965
-0.149063 1.374692 0.111256 0.202784
-0.115938 1.374692 0.135381 0.208602
-0.082813 1.374692 0.159506 0.214421
-0.049688 1.374692 0.183630 0.220240
-0.016563 1.374692 0.207755 0.226059
0.016563 1.374692 -0.207755 0.226059
0.049688 1.374692 -0.183630 0.220240
0.082813 1.374692 -0.159506 0.214421
0.115938 1.374692 -0.135381 0.208602
0.149063 1.374692 -0.111256 0.202784
0.182188 1.374692 -0.087131 0.196965
0.215313 1.374692 -0.063007 0.191146
0.248438 1.374692 -0.038882 0.185327
0.281563 1.374692 -0.014757 0.179508
0.314689 1.374692 0.009367 0.173689
0.347814 1.374692 0.033492 0.167871
0.380939 1.374692 0.057617 0.162052
0.414064 1.374692 0.081742 0.156233
0.447189 1.374692 0.105866 0.150414
0.480314 1.374692 0.129991 0.144595
0.513439 1.374692 0.154116 0.138777
0.546564 1.374692 0.178240 0.132958
0.579689 1.374692 0.202365 0.127139
0.612814 1.374692 0.226490 0.121320
0.645940 1.374692 0.250615 0.115501
0.679065 1.374692 0.274739 0.109683
0.712190 1.374692 0.298864 0.103864
0.745315 1.374692 0.322989 0.098045
0.778440 1.374692 0.778440 1.374692
0.811565 1.374692 0.811565 1.374692
0.844690 1.374692 0.844690 1.374692
0.877815 1.374692 0.877815 1.374692
0.910940 1.374692 0.910940 1.374692
0.944066 1.374692 0.944066 1.374692
0.977191 1.374692 0.977191 1.374692
1.010316 1.374692 1.010316 1.374692
1.043441 1.374692 1.043441 1.374692
1.076566 1.374692 1.076566 1.374692
1.109691 1.374692 1.109691 1.374692
1.142816 1.374692 1.142816 1.374692
1.175941 1.374692 1.175941 1.374692
1.209066 1.374692 1.209066 1.374692
1.242191 1.374692 1.242191 1.374692
1.275317 1.374692 1.275317 1.374692
1.308442 1.374692 1.308442 1.374692
1.341567 1.374692 1.341567 1.374692
1.374692 1.374692 1.374692 1.374692
1.407817 1.374692 1.407817 1.374692
1.440942 1.374692 1.440942 1.374692
1.474067 1.374692 1.474067 1.374692
1.507192 1.374692 1.507192 1.374692
1.540317 1.374692 1.540317 1.374692
1.573443 1.374692 1.573443 1.374692
1.606568 1.374692 1.606568 1.374692
1.639693 1.374692 1.639693 1.374692
1.672818 1.374692 1.672818 1.374692
1.705943 1.374692 1.705943 1.374692
1.739068 1.374692 1.739068 1.374692
1.772193 1.374692 1.772193 1.374692
1.805318 1.374692 1.805318 1.374692
1.838443 1.374692 1.838443 1.374692
1.871568 1.374692 1.871568 1.374692
1.904694 1.374692 1.904694 1.374692
1.937819 1.374692 1.937819 1.374692
1.970944 1.374692 1.970944 1.374692
2.004069 1.374692 2.004069 1.374692
2.037194 1.374692 2.037194 1.374692
2.070319 1.374692 2.070319 1.374692
2.103444 1.374692 2.103444 1.374692
-2.103444 1.407817 -2.103444 1.407817
-2.070319 1.407817 -2.070319 1.407817
-2.037194 1.407817 -2.037194 1.407817
-2.004069 1.407817 -2.004069 1.407817
-1.970944 1.407817 -1.970944 1.407817
-1.937819 1.407817 -1.937819 1.407817
-1.904694 1.407817 -1.904694 1.407817
-1.871568 1.407817 -1.871568 1.407817
-1.838443 1.407817 -1.838443 1.407817
-1.805318 1.407817 -1.805318 1.407817
-1.772193 1.407817 -1.772193 1.407817
-1.739068 1.407817 -1.739068 1.407817
-1.705943 1.407817 -1.705943 1.407817
-1.672818 1.407817 -1.672818 1.407817
-1.639693 1.407817 -1.639693 1.407817
-1.606568 1.407817 -1.606568 1.407817
-1.573443 1.407817 -1.573443 1.407817
-1.540317 1.407817 -1.540317 1.407817
-1.507192 1.407817 -1.507192 1.407817
-1.474067 1.407817 -1.474067 1.407817
-1.440942 1.407817 -1.440942 1.407817
-1.407817 1.407817 -1.407817 1.407817
-1.374692 1.407817 -1.374692 1.407817
-1.341567 1.407817 -1.341567 1.407817
-1.308442 1.407817 -1.308442 1.407817
-1.275317 1.407817 -1.275317 1.407817
-1.242191 1.407817 -1.242191 1.407817
-1.209066 1.407817 -1.209066 1.407817
-1.175941 1.407817 -1.175941 1.407817
-1.142816 1.407817 -1.142816 1.407817
-1.109691 1.407817 -1.109691 1.407817
-1.076566 1.407817 -1.076566 1.407817
-1.043441 1.407817 -1.043441 1.407817
-1.010316 1.407817 -1.010316 1.407817
-0.977191 1.407817 -0.977191 1.407817
-0.944066 1.407817 -0.944066 1.407817
-0.910940 1.407817 -0.910940 1.407817
-0.877815 1.407817 -0.877815 1.407817
-0.844690 1.407817 -0.844690 1.407817
-0.811565 1.407817 -0.811565 1.407817
-0.778440 1.407817 -0.778440 1.407817
-0.745315 1.407817 -0.322989 0.152586
-0.712190 1.407817 -0.298864 0.158404
-0.679065 1.407817 -0.274739 0.164223
-0.645940 1.407817 -0.250615 0.170042
-0.612814 1.407817 -0.226490 0.175861
-0.579689 1.407817 -0.202365 0.181680
-0.546564 1.407817 -0.178240 0.187498
-0.513439 1.407817 -0.154116 0.193317
-0.480314 1.407817 -0.129991 0.199136
-0.447189 1.407817 -0.105866 0.204955
-0.414064 1.407817 -0.081742 0.210774
-0.380939 1.407817 -0.057617 0.216593
-0.347814 1.407817 -0.033492 0.222411
-0.314689 1.407817 -0.009367 0.228230
-0.281563 1.407817 0.014757 0.234049
-0.248438 1.407817 0.038882 0.239868
-0.215313 1.407817 0.063007 0.245687
-0.182188 1.407817 0.087131 0.251505
-0.149063 1.407817 0.111256 0.257324
-0.115938 1.407817 0.135381 0.263143
-0.082813 1.407817 0.159506 0.268962
-0.049688 1.407817 1.194166 -0.685833
-0.016563 1.407817 1.186070 -0.698932
0.016563 1.407817 -1.186070 -0.698932
0.049688 1.407817 -1.194166 -0.685833
0.082813 1.407817 -0.159506 0.268962
0.115938 1.407817 -0.135381 0.263143
0.149063 1.407817 -0.111256 0.257324
0.182188 1.407817 -0.087131 0.251505
0.215313 1.407817 -0.063007 0.245687
0.248438 1.407817 -0.038882 0.239868
0.281563 1.407817 -0.014757 0.234049
0.314689 1.407817 0.009367 0.228230
0.347814 1.407817 0.033492 0.222411
0.380939 1.407817 0.057617 0.216593
0.414064 1.407817 0.081742 0.210774
0.447189 1.407817 0.105866 0.204955
0.480314 1.407817 0.129991 0.199136
0.513439 1.407817 0.154116 0.193317
0.546564 1.407817 0.178240 0.187498
0.579689 1.407817 0.202365 0.181680
0.612814 1.407817 0.226490 0.175861
0.645940 1.407817 0.250615 0.170042
0.679065 1.407817 0.274739 0.164223
0.712190 1.407817 0.298864 0.158404
0.745315 1.407817 0.322989 0.152586
0.778440 1.407817 0.778440 1.407817
0.811565 1.407817 0.811565 1.407817
0.844690 1.407817 0.844690 1.407817
0.877815 1.407817 0.877815 1.407817
0.910940 1.407817 0.910940 1.407817
0.944066 1.407817 0.944066 1.407817
0.977191 1.407817 0.977191 1.407817
1.010316 1.407817 1.010316 1.407817
1.043441 1.407817 1.043441 1.407817
1.076566 1.407817 1.076566 1.407817
1.109691 1.407817 1.109691 1.407817
1.142816 1.407817 1.142816 1.407817
1.175941 1.407817 1.175941 1.407817
1.209066 1.407817 1.209066 1.407817
1.242191 1.407817 1.242191 1.407817
1.275317 1.407817 1.275317 1.407817
1.308442 1.407817 1.308442 1.407817
1.341567 1.407817 1.341567 1.407817
1.374692 1.407817 1.374692 1.407817
1.407817 1.407817 1.407817 1.407817
1.440942 1.407817 1.440942 1.407817
1.474067 1.407817 1.474067 1.407817
1.507192 1.407817 1.507192 1.407817
1.540317 1.407817 1.540317 1.407817
1.573443 1.407817 1.573443 1.407817
1.606568 1.407817 1.606568 1.407817
1.639693 1.407817 1.639693 1.407817
1.672818 1.407817 1.672818 1.407817
1.705943 1.407817 1.705943 1.407817
1.739068 1.407817 1.739068 1.407817
1.772193 1.407817 1.772193 1.407817
1.805318 1.407817 1.805318 1.407817
1.838443 1.407817 1.838443 1.407817
1.871568 1.407817 1.871568 1.407817
1.904694 1.407817 1.904694 1.407817
1.937819 1.407817 1.937819 1.407817
1.970944 1.407817 1.970944 1.407817
2.004069 1.407817 2.004069 1.407817
2.037194 1.407817 2.037194 1.407817
2.070319 1.407817 2.070319 1.407817
2.103444 1.407817 2.103444 1.407817
-2.103444 1.440942 -2.103444 1.440942
-2.070319 1.440942 -2.070319 1.440942
-2.037194 1.440942 -2.037194 1.440942
-2.004069 1.440942 -2.004069 1.440942
-1.970944 1.440942 -1.970944 1.440942
-1.937819 1.440942 -1.937819 1.440942
-1.904694 1.440942 -1.904694 1.440942
-1.871568 1.440942 -1.871568 1.440942
-1.838443 1.440942 -1.838443 1.440942
-1.805318 1.440942 -1.805318 1.440942
-1.772193 1.440942 -1.772193 1.440942
-1.739068 1.440942 -1.739068 1.440942
-1.705943 1.440942 -1.705943 1.440942
-1.672818 1.440942 -1.672818 1.440942
-1.639693 1.440942 -1.639693 1.440942
-1.606568 1.440942 -1.606568 1.440942
-1.573443 1.440942 -1.573443 1.440942
-1.540317 1.440942 -1.540317 1.440942
-1.507192 1.440942 -1.507192 1.440942
-1.474067 1.440942 -1.474067 1.440942
-1.440942 1.440942 -1.440942 1.440942
-1.407817 1.440942 -1.407817 1.440942
-1.374692 1.440942 -1.374692 1.440942
-1.341567 1.440942 -1.341567 1.440942
-1.308442 1.440942 -1.308442 1.440942
-1.275317 1.440942 -1.275317 1.440942
-1.242191 1.440942 -1.242191 1.440942
-1.209066 1.440942 -1.209066 1.440942
-1.175941 1.440942 -1.175941 1.440942
-1.142816 1.440942 -1.142816 1.440942
-1.109691 1.440942 -1.109691 1.440942
-1.076566 1.440942 -1.076566 1.440942
-1.043441 1.440942 -1.043441 1.440942
-1.010316 1.440942 -1.010316 1.440942
-0.977191 1.440942 -0.977191 1.440942
-0.944066 1.440942 -0.944066 1.440942
-0.910940 1.440942 -0.910940 1.440942
-0.877815 1.440942 -0.877815 1.440942
-0.844690 1.440942 -0.844690 1.440942
-0.811565 1.440942 -0.811565 1.440942
-0.778440 1.440942 -0.778440 1.440942
-0.745315 1.440942 -0.745315 1.440942
-0.712190 1.440942 -0.298864 0.212945
-0.679065 1.440942 -0.274739 0.218764
-0.645940 1.440942 -0.250615 0.224583
-0.612814 1.440942 -0.226490 0.230402
-0.579689 1.440942 -0.202365 0.236220
-0.546564 1.440942 -0.178240 0.242039
-0.513439 1.440942 -0.154116 0.247858
-0.480314 1.440942 -0.129991 0.253677
-0.447189 1.440942 1.133057 -0.784709
-0.414064 1.440942 1.138696 -0.775585
-0.380939 1.440942 1.144336 -0.766460
-0.347814 1.440942 1.149975 -0.757335
-0.314689 1.440942 1.155615 -0.748210
-0.281563 1.440942 1.161254 -0.739086
-0.248438 1.440942 1.166893 -0.729961
-0.215313 1.440942 1.172533 -0.720836
-0.182188 1.440942 1.178172 -0.711712
-0.149063 1.440942 1.183811 -0.702587
-0.115938 1.440942 1.185526 -0.699813
-0.082813 1.440942 1.177431 -0.712911
-0.049688 1.440942 1.169335 -0.726010
-0.016563 1.440942 1.161240 -0.739108
0.016563 1.440942 -1.161240 -0.739108
0.049688 1.440942 -1.169335 -0.726010
0.082813 1.440942 -1.177431 -0.712911
0.115938 1.440942 -1.185526 -0.699813
0.149063 1.440942 -1.183811 -0.702587
0.182188 1.440942 -1.178172 -0.711712
0.215313 1.440942 -1.172533 -0.720836
0.248438 1.440942 -1.166893 -0.729961
0.281563 1.440942 -1.161254 -0.739086
0.314689 1.440942 -1.155615 -0.748210
0.347814 1.440942 -1.149975 -0.757335
0.380939 1.440942 -1.144336 -0.766460
0.414064 1.440942 -1.138696 -0.775585
0.447189 1.440942 -1.133057 -0.784709
0.480314 1.440942 0.129991 0.253677
0.513439 1.440942 0.154116 0.247858
0.546564 1.440942 0.178240 0.242039
0.579689 1.440942 0.202365 0.236220
0.612814 1.440942 0.226490 0.230402
0.645940 1.440942 0.250615 0.224583
0.679065 1.440942 0.274739 0.218764
0.712190 1.440942 0.298864 0.212945
0.745315 1.440942 0.745315 1.440942
0.778440 1.440942 0.778440 1.440942
0.811565 1.440942 0.811565 1.440942
0.844690 1.440942 0.844690 1.440942
0.877815 1.440942 0.877815 1.440942
0.910940 1.440942 0.910940 1.440942
0.944066 1.440942 0.944066 1.440942
0.977191 1.440942 0.977191 1.440942
1.010316 1.440942 1.010316 1.440942
1.043441 1.440942 1.043441 1.440942
1.076566 1.440942 1.076566 1.440942
1.109691 1.440942 1.109691 1.440942
1.142816 1.440942 1.142816 1.440942
1.175941 1.440942 1.175941 1.440942
1.209066 1.440942 1.209066 1.440942
1.242191 1.440942 1.242191 1.440942
1.275317 1.440942 1.275317 1.440942
1.308442 1.440942 1.308442 1.440942
1.341567 1.440942 1.341567 1.440942
1.374692 1.440942 1.374692 1.440942
1.407817 1.440942 1.407817 1.440942
1.440942 1.440942 1.440942 1.440942
1.474067 1.440942 1.474067 1.440942
1.507192 1.440942 1.507192 1.440942
1.540317 1.440942 1.540317 1.440942
1.573443 1.440942 1.573443 1.440942
1.606568 1.440942 1.606568 1.440942
1.639693 1.440942 1.639693 1.440942
1.672818 1.440942 1.672818 1.440942
1.705943 1.440942 1.705943 1.440942
1.739068 1.440942 1.739068 1.440942
1.772193 1.440942 1.772193 1.440942
1.805318 1.440942 1.805318 1.440942
1.838443 1.440942 1.838443 1.440942
1.871568 1.440942 1.871568 1.440942
1.904694 1.440942 1.904694 1.440942
1.937819 1.440942 1.937819 1.440942
1.970944 1.440942 1.970944 1.440942
2.004069 1.440942 2.004069 1.440942
2.037194 1.440942 2.037194 1.440942
2.070319 1.440942 2.070319 1.440942
2.103444 1.440942 2.103444 1.440942
-2.103444 1.474067 -2.103444 1.474067
-2.070319 1.474067 -2.070319 1.474067
-2.037194 1.474067 -2.037194 1.474067
-2.004069 1.474067 -2.004069 1.474067
-1.970944 1.474067 -1.970944 1.474067
-1.937819 1.474067 -1.937819 1.474067
-1.904694 1.474067 -1.904694 1.474067
-1.871568 1.474067 -1.871568 1.474067
-1.838443 1.474067 -1.838443 1.474067
-1.805318 1.474067 -1.805318 1.474067
-1.772193 1.474067 -1.772193 1.474067
-1.739068 1.474067 -1.739068 1.474067
-1.705943 1.474067 -1.705943 1.474067
-1.672818 1.474067 -1.672818 1.474067
-1.639693 1.474067 -1.639693 1.474067
-1.606568 1.474067 -1.606568 1.474067
-1.573443 1.474067 -1.573443 1.474067
-1.540317 1.474067 -1.540317 1.474067
-1.507192 1.474067 -1.507192 1.474067
-1.474067 1.474067 -1.474067 1.474067
-1.440942 1.474067 -1.440942 1.474067
-1.407817 1.474067 -1.407817 1.474067
-1.374692 1.474067 -1.374692 1.474067
-1.341567 1.474067 -1.341567 1.474067
-1.308442 1.474067 -1.308442 1.474067
-1.275317 1.474067 -1.275317 1.474067
-1.242191 1.474067 -1.242191 1.474067
-1.209066 1.474067 -1.209066 1.474067
-1.175941 1.474067 -1.175941 1.474067
-1.142816 1.474067 -1.142816 1.474067
-1.109691 1.474067 -1.109691 1.474067
-1.076566 1.474067 -1.076566 1.474067
-1.043441 1.474067 -1.043441 1.474067
-1.010316 1.474067 -1.010316 1.474067
-0.977191 1.474067 -0.977191 1.474067
-0.944066 1.474067 -0.944066 1.474067
-0.910940 1.474067 -0.910940 1.474067
-0.877815 1.474067 -0.877815 1.474067
-0.844690 1.474067 -0.844690 1.474067
-0.811565 1.474067 -0.811565 1.474067
-0.778440 1.474067 -0.778440 1.474067
-0.745315 1.474067 -0.745315 1.474067
-0.712190 1.474067 -0.712190 1.474067
-0.679065 1.474067 1.067635 -0.890564
-0.645940 1.474067 1.073275 -0.881439
-0.612814 1.474067 1.078914 -0.872315
-0.579689 1.474067 1.084553 -0.863190
-0.546564 1.474067 1.090193 -0.854065
-0.513439 1.474067 1.095832 -0.844940
-0.480314 1.474067 1.101471 -0.835816
-0.447189 1.474067 1.107111 -0.826691
-0.414064 1.474067 1.112750 -0.817566
-0.380939 1.474067 1.118390 -0.808442
-0.347814 1.474067 1.124029 -0.799317
-0.314689 1.474067 1.129668 -0.790192
-0.281563 1.474067 1.135308 -0.781067
-0.248438 1.474067 1.140947 -0.771943
-0.215313 1.474067 1.146587 -0.762818
-0.182188 1.474067 1.152226 -0.753693
-0.149063 1.474067 1.157865 -0.744568
-0.115938 1.474067 1.160696 -0.739989
-0.082813 1.474067 1.152600 -0.753087
-0.049688 1.474067 1.144505 -0.766186
-0.016563 1.474067 1.136410 -0.779285
0.016563 1.474067 -1.136410 -0.779285
0.049688 1.474067 -1.144505 -0.766186
0.082813 1.474067 -1.152600 -0.753087
0.115938 1.474067 -1.160696 -0.739989
0.149063 1.474067 -1.157865 -0.744568
0.182188 1.474067 -1.152226 -0.753693
0.215313 1.474067 -1.146587 -0.762818
0.248438 1.474067 -1.140947 -0.771943
0.281563 1.474067 -1.135308 -0.781067
0.314689 1.474067 -1.129668 -0.790192
0.347814 1.474067 -1.124029 -0.799317
0.380939 1.474067 -1.118390 -0.808442
0.414064 1.474067 -1.112750 -0.817566
0.447189 1.474067 -1.107111 -0.826691
0.480314 1.474067 -1.101471 -0.835816
0.513439 1.474067 -1.095832 -0.844940
0.546564 1.474067 -1.090193 -0.854065
0.579689 1.474067 -1.084553 -0.863190
0.612814 1.474067 -1.078914 -0.872315
0.645940 1.474067 -1.073275 -0.881439
0.679065 1.474067 -1.067635 -0.890564
0.712190 1.474067 0.712190 1.474067
0.745315 1.474067 0.745315 1.474067
0.778440 1.474067 0.778440 1.474067
0.811565 1.474067 0.811565 1.474067
0.844690 1.474067 0.844690 1.474067
0.877815 1.474067 0.877815 1.474067
0.910940 1.474067 0.910940 1.474067
0.944066 1.474067 0.944066 1.474067
0.977191 1.474067 0.977191 1.474067
1.010316 1.474067 1.010316 1.474067
1.043441 1.474067 1.043441 1.474067
1.076566 1.474067 1.076566 1.474067
1.109691 1.474067 1.109691 1.474067
1.142816 1.474067 1.142816 1.474067
1.175941 1.474067 1.175941 1.474067
1.209066 1.474067 1.209066 1.474067
1.242191 1.474067 1.242191 1.474067
1.275317 1.474067 1.275317 1.474067
1.308442 1.474067 1.308442 1.474067
1.341567 1.474067 1.341567 1.474067
1.374692 1.474067 1.374692 1.474067
1.407817 1.474067 1.407817 1.474067
1.440942 1.474067 1.440942 1.474067
1.474067 1.474067 1.474067 1.474067
1.507192 1.474067 1.507192 1.474067
1.540317 1.474067 1.540317 1.474067
1.573443 1.474067 1.573443 1.474067
1.606568 1.474067 1.606568 1.474067
1.639693 1.474067 1.639693 1.474067
1.672818 1.474067 1.672818 1.474067
1.705943 1.474067 1.705943 1.474067
1.739068 1.474067 1.739068 1.474067
1.772193 1.474067 1.772193 1.474067
1.805318 1.474067 1.805318 1.474067
1.838443 1.474067 1.838443 1.474067
1.871568 1.474067 1.871568 1.474067
1.904694 1.474067 1.904694 1.474067
1.937819 1.474067 1.937819 1.474067
1.970944 1.474067 1.970944 1.474067
2.004069 1.474067 2.004069 1.474067
2.037194 1.474067 2.037194 1.474067
2.070319 1.474067 2.070319 1.474067
2.103444 1.474067 2.103444 1.474067
-2.103444 1.507192 -2.103444 1.507192
-2.070319 1.507192 -2.070319 1.507192
-2.037194 1.507192 -2.037194 1.507192
-2.004069 1.507192 -2.004069 1.507192
-1.970944 1.507192 -1.970944 1.507192
-1.937819 1.507192 -1.937819 1.507192
-1.904694 1.507192 -1.904694 1.507192
-1.871568 1.507192 -1.871568 1.507192
-1.838443 1.507192 -1.838443 1.507192
-1.805318 1.507192 -1.805318 1.507192
-1.772193 1.507192 -1.772193 1.507192
-1.739068 1.507192 -1.739068 1.507192
-1.705943 1.507192 -1.705943 1.507192
-1.672818 1.507192 -1.672818 1.507192
-1.639693 1.507192 -1.639693 1.507192
-1.606568 1.507192 -1.606568 1.507192
-1.573443 1.507192 -1.573443 1.507192
-1.540317 1.507192 -1.540317 1.507192
-1.507192 1.507192 -1.507192 1.507192
-1.474067 1.507192 -1.474067 1.507192
-1.440942 1.507192 -1.440942 1.507192
-1.407817 1.507192 -1.407817 1.507192
-1.374692 1.507192 -1.374692 1.507192
-1.341567 1.507192 -1.341567 1.507192
-1.308442 1.507192 -1.308442 1.507192
-1.275317 1.507192 -1.275317 1.507192
-1.242191 1.507192 -1.242191 1.507192
-1.209066 1.507192 -1.209066 1.507192
-1.175941 1.507192 -1.175941 1.507192
-1.142816 1.507192 -1.142816 1.507192
-1.109691 1.507192 -1.109691 1.507192
-1.076566 1.507192 -1.076566 1.507192
-1.043441 1.507192 -1.043441 1.507192
-1.010316 1.507192 -1.010316 1.507192
-0.977191 1.507192 -0.977191 1.507192
-0.944066 1.507192 -0.944066 1.507192
-0.910940 1.507192 -0.910940 1.507192
-0.877815 1.507192 -0.877815 1.507192
-0.844690 1.507192 -0.844690 1.507192
-0.811565 1.507192 -0.811565 1.507192
-0.778440 1.507192 -0.778440 1.507192
-0.745315 1.507192 -0.745315 1.507192
-0.712190 1.507192 -0.712190 1.507192
-0.679065 1.507192 1.041689 -0.932546
-0.645940 1.507192 1.047328 -0.923421
-0.612814 1.507192 1.052968 -0.914296
-0.579689 1.507192 1.058607 -0.905172
-0.546564 1.507192 1.064247 -0.896047
-0.513439 1.507192 1.069886 -0.886922
-0.480314 1.507192 1.075525 -0.877797
-0.447189 1.507192 1.081165 -0.868673
-0.414064 1.507192 1.086804 -0.859548
-0.380939 1.507192 1.092443 -0.850423
-0.347814 1.507192 1.098083 -0.841299
-0.314689 1.507192 1.103722 -0.832174
-0.281563 1.507192 1.109362 -0.823049
-0.248438 1.507192 1.115001 -0.813924
-0.215313 1.507192 1.120640 -0.804800
-0.182188 1.507192 1.126280 -0.795675
-0.149063 1.507192 1.131919 -0.786550
-0.115938 1.507192 1.135865 -0.780165
-0.082813 1.507192 1.127770 -0.793264
-0.049688 1.507192 1.119675 -0.806363
-0.016563 1.507192 1.111579 -0.819461
0.016563 1.507192 -1.111579 -0.819461
0.049688 1.507192 -1.119675 -0.806363
0.082813 1.507192 -1.127770 -0.793264
0.115938 1.507192 -1.135865 -0.780165
0.149063 1.507192 -1.131919 -0.786550
0.182188 1.507192 -1.126280 -0.795675
0.215313 1.507192 -1.120640 -0.804800
0.248438 1.507192 -1.115001 -0.813924
0.281563 1.507192 -1.109362 -0.823049
0.314689 1.507192 -1.103722 -0.832174
0.347814 1.507192 -1.098083 -0.841299
0.380939 1.507192 -1.092443 -0.850423
0.414064 1.507192 -1.086804 -0.859548
0.447189 1.507192 -1.081165 -0.868673
0.480314 1.507192 -1.075525 -0.877797
0.513439 1.507192 -1.069886 -0.886922
0.546564 1.507192 -1.064247 -0.896047
0.579689 1.507192 -1.058607 -0.905172
0.612814 1.507192 -1.052968 -0.914296
0.645940 1.507192 -1.047328 -0.923421
0.679065 1.507192 -1.041689 -0.932546
0.712190 1.507192 0.712190 1.507192
0.745315 1.507192 0.745315 1.507192
0.778440 1.507192 0.778440 1.507192
0.811565 1.507192 0.811565 1.507192
0.844690 1.507192 0.844690 1.507192
0.877815 1.507192 0.877815 1.507192
0.910940 1.507192 0.910940 1.507192
0.944066 1.507192 0.944066 1.507192
0.977191 1.507192 0.977191 1.507192
1.010316 1.507192 1.010316 1.507192
1.043441 1.507192 1.043441 1.507192
1.076566 1.507192 1.076566 1.507192
1.109691 1.507192 1.109691 1.507192
1.142816 1.507192 1.142816 1.507192
1.175941 1.507192 1.175941 1.507192
1.209066 1.507192 1.209066 1.507192
1.242191 1.507192 1.242191 1.507192
1.275317 1.507192 1.275317 1.507192
1.308442 1.507192 1.308442 1.507192
1.341567 1.507192 1.341567 1.507192
1.374692 1.507192 1.374692 1.507192
1.407817 1.507192 1.407817 1.507192
1.440942 1.507192 1.440942 1.507192
1.474067 1.507192 1.474067 1.507192
1.507192 1.507192 1.507192 1.507192
1.540317 1.507192 1.540317 1.507192
1.573443 1.507192 1.573443 1.507192
1.606568 1.507192 1.606568 1.507192
1.639693 1.507192 1.639693 1.507192
1.672818 1.507192 1.672818 1.507192
1.705943 1.507192 1.705943 1.507192
1.739068 1.507192 1.739068 1.507192
1.772193 1.507192 1.772193 1.507192
1.805318 1.507192 1.805318 1.507192
1.838443 1.507192 1.838443 1.507192
1.871568 1.507192 1.871568 1.507192
1.904694 1.507192 1.904694 1.507192
1.937819 1.507192 1.937819 1.507192
1.970944 1.507192 1.970944 1.507192
2.004069 1.507192 2.004069 1.507192
2.037194 1.507192 2.037194 1.507192
2.070319 1.507192 2.070319 1.507192
2.103444 1.507192 2.103444 1.507192
-2.103444 1.540317 -2.103444 1.540317
-2.070319 1.540317 -2.070319 1.540317
-2.037194 1.540317 -2.037194 1.540317
-2.004069 1.540317 -2.004069 1.540317
-1.970944 1.540317 -1.970944 1.540317
-1.937819 1.540317 -1.937819 1.540317
-1.904694 1.540317 -1.904694 1.540317
-1.871568 1.540317 -1.871568 1.540317
-1.838443 1.540317 -1.838443 1.540317
-1.805318 1.540317 -1.805318 1.540317
-1.772193 1.540317 -1.772193 1.540317
-1.739068 1.540317 -1.739068 1.540317
-1.705943 1.540317 -1.705943 1.540317
-1.672818 1.540317 -1.672818 1.540317
-1.639693 1.540317 -1.639693 1.540317
-1.606568 1.540317 -1.606568 1.540317
-1.573443 1.540317 -1.573443 1.540317
-1.540317 1.540317 -1.540317 1.540317
-1.507192 1.540317 -1.507192 1.540317
-1.474067 1.540317 -1.474067 1.540317
-1.440942 1.540317 -1.440942 1.540317
-1.407817 1.540317 -1.407817 1.540317
-1.374692 1.540317 -1.374692 1.540317
-1.341567 1.540317 -1.341567 1.540317
-1.308442 1.540317 -1.308442 1.540317
-1.275317 1.540317 -1.275317 1.540317
-1.242191 1.540317 -1.242191 1.540317
-1.209066 1.540317 -1.209066 1.540317
-1.175941 1.540317 -1.175941 1.540317
-1.142816 1.540317 -1.142816 1.540317
-1.109691 1.540317 -1.109691 1.540317
-1.076566 1.540317 -1.076566 1.540317
-1.043441 1.540317 -1.043441 1.540317
-1.010316 1.540317 -1.010316 1.540317
-0.977191 1.540317 -0.977191 1.540317
-0.944066 1.540317 -0.944066 1.540317
-0.910940 1.540317 -0.910940 1.540317
-0.877815 1.540317 -0.877815 1.540317
-0.844690 1.540317 -0.844690 1.540317
-0.811565 1.540317 -0.811565 1.540317
-0.778440 1.540317 -0.778440 1.540317
-0.745315 1.540317 -0.745315 1.540317
-0.712190 1.540317 -0.712190 1.540317
-0.679065 1.540317 -0.679065 1.540317
-0.645940 1.540317 1.021382 -0.965403
-0.612814 1.540317 1.027022 -0.956278
-0.579689 1.540317 1.032661 -0.947153
-0.546564 1.540317 1.038300 -0.938029
-0.513439 1.540317 1.043940 -0.928904
-0.480314 1.540317 1.049579 -0.919779
-0.447189 1.540317 1.055219 -0.910654
-0.414064 1.540317 1.060858 -0.901530
-0.380939 1.540317 1.066497 -0.892405
-0.347814 1.540317 1.072137 -0.883280
-0.314689 1.540317 1.077776 -0.874156
-0.281563 1.540317 1.083416 -0.865031
-0.248438 1.540317 1.089055 -0.855906
-0.215313 1.540317 1.094694 -0.846781
-0.182188 1.540317 1.100334 -0.837657
-0.149063 1.540317 1.105973 -0.828532
-0.115938 1.540317 1.111035 -0.820342
-0.082813 1.540317 1.102940 -0.833440
-0.049688 1.540317 1.094844 -0.846539
-0.016563 1.540317 1.086749 -0.859637
0.016563 1.540317 -1.086749 -0.859637
0.049688 1.540317 -1.094844 -0.846539
0.082813 1.540317 -1.102940 -0.833440
0.115938 1.540317 -1.111035 -0.820342
0.149063 1.540317 -1.105973 -0.828532
0.182188 1.540317 -1.100334 -0.837657
0.215313 1.540317 -1.094694 -0.846781
0.248438 1.540317 -1.089055 -0.855906
0.281563 1.540317 -1.083416 -0.865031
0.314689 1.540317 -1.077776 -0.874156
0.347814 1.540317 -1.072137 -0.883280
0.380939 1.540317 -1.066497 -0.892405
0.414064 1.540317 -1.060858 -0.901530
0.447189 1.540317 -1.055219 -0.910654
0.480314 1.540317 -1.049579 -0.919779
0.513439 1.540317 -1.043940 -0.928904
0.546564 1.540317 -1.038300 -0.938029
0.579689 1.540317 -1.032661 -0.947153
0.612814 1.540317 -1.027022 -0.956278
0.645940 1.540317 -1.021382 -0.965403
0.679065 1.540317 0.679065 1.540317
0.712190 1.540317 0.712190 1.540317
0.745315 1.540317 0.745315 1.540317
0.778440 1.540317 0.778440 1.540317
0.811565 1.540317 0.811565 1.540317
0.844690 1.540317 0.844690 1.540317
0.877815 1.540317 0.877815 1.540317
0.910940 1.540317 0.910940 1.540317
0.944066 1.540317 0.944066 1.540317
0.977191 1.540317 0.977191 1.540317
1.010316 1.540317 1.010316 1.540317
1.043441 1.540317 1.043441 1.540317
1.076566 1.540317 1.076566 1.540317
1.109691 1.540317 1.109691 1.540317
1.142816 1.540317 1.142816 1.540317
1.175941 1.540317 1.175941 1.540317
1.209066 1.540317 1.209066 1.540317
1.242191 1.540317 1.242191 1.540317
1.275317 1.540317 1.275317 1.540317
1.308442 1.540317 1.308442 1.540317
1.341567 1.540317 1.341567 1.540317
1.374692 1.540317 1.374692 1.540317
1.407817 1.540317 1.407817 1.540317
1.440942 1.540317 1.440942 1.540317
1.474067 1.540317 1.474067 1.540317
1.507192 1.540317 1.507192 1.540317
1.540317 1.540317 1.540317 1.540317
1.573443 1.540317 1.573443 1.540317
1.606568 1.540317 1.606568 1.540317
1.639693 1.540317 1.639693 1.540317
1.672818 1.540317 1.672818 1.540317
1.705943 1.540317 1.705943 1.540317
1.739068 1.540317 1.739068 1.540317
1.772193 1.540317 1.772193 1.540317
1.805318 1.540317 1.805318 1.540317
1.838443 1.540317 1.838443 1.540317
1.871568 1.540317 1.871568 1.540317
1.904694 1.540317 1.904694 1.540317
1.937819 1.540317 1.937819 1.540317
1.970944 1.540317 1.970944 1.540317
2.004069 1.540317 2.004069 1.540317
2.037194 1.540317 2.037194 1.540317
2.070319 1.540317 2.070319 1.540317
2.103444 1.540317 2.103444 1.540317
-2.103444 1.573443 -2.103444 1.573443
-2.070319 1.573443 -2.070319 1.573443
-2.037194 1.573443 -2.037194 1.573443
-2.004069 1.573443 -2.004069 1.573443
-1.970944 1.573443 -1.970944 1.573443
-1.937819 1.573443 -1.937819 1.573443
-1.904694 1.573443 -1.904694 1.573443
-1.871568 1.573443 -1.871568 1.573443
-1.838443 1.573443 -1.838443 1.573443
-1.805318 1.573443 -1.805318 1.573443
-1.772193 1.573443 -1.772193 1.573443
-1.739068 1.573443 -1.739068 1.573443
-1.705943 1.573443 -1.705943 1.573443
-1.672818 1.573443 -1.672818 1.573443
-1.639693 1.573443 -1.639693 1.573443
-1.606568 1.573443 -1.606568 1.573443
-1.573443 1.573443 -1.573443 1.573443
-1.540317 1.573443 -1.540317 1.573443
-1.507192 1.573443 -1.507192 1.573443
-1.474067 1.573443 -1.474067 1.573443
-1.440942 1.573443 -1.440942 1.573443
-1.407817 1.573443 -1.407817 1.573443
-1.374692 1.573443 -1.374692 1.573443
-1.341567 1.573443 -1.341567 1.573443
-1.308442 1.573443 -1.308442 1.573443
-1.275317 1.573443 -1.275317 1.573443
-1.242191 1.573443 -1.242191 1.573443
-1.209066 1.573443 -1.209066 1.573443
-1.175941 1.573443 -1.175941 1.573443
-1.142816 1.573443 -1.142816 1.573443
-1.109691 1.573443 -1.109691 1.573443
-1.076566 1.573443 -1.076566 1.573443
-1.043441 1.573443 -1.043441 1.573443
-1.010316 1.573443 -1.010316 1.573443
-0.977191 1.573443 -0.977191 1.573443
-0.944066 1.573443 -0.944066 1.573443
-0.910940 1.573443 -0.910940 1.573443
-0.877815 1.573443 -0.877815 1.573443
-0.844690 1.573443 -0.844690 1.573443
-0.811565 1.573443 -0.811565 1.573443
-0.778440 1.573443 -0.778440 1.573443
-0.745315 1.573443 -0.745315 1.573443
-0.712190 1.573443 -0.712190 1.573443
-0.679065 1.573443 -0.679065 1.573443
-0.645940 1.573443 -0.645940 1.573443
-0.612814 1.573443 1.001076 -0.998260
-0.579689 1.573443 1.006715 -0.989135
-0.546564 1.573443 1.012354 -0.980010
-0.513439 1.573443 1.017994 -0.970885
-0.480314 1.573443 1.023633 -0.961761
-0.447189 1.573443 1.029273 -0.952636
-0.414064 1.573443 1.034912 -0.943511
-0.380939 1.573443 1.040551 -0.934387
-0.347814 1.573443 1.046191 -0.925262
-0.314689 1.573443 1.051830 -0.916137
-0.281563 1.573443 1.057469 -0.907012
-0.248438 1.573443 1.063109 -0.897888
-0.215313 1.573443 1.068748 -0.888763
-0.182188 1.573443 1.074388 -0.879638
-0.149063 1.573443 1.080027 -0.870514
-0.115938 1.573443 1.085666 -0.861389
-0.082813 1.573443 1.078109 -0.873617
-0.049688 1.573443 1.070014 -0.886715
-0.016563 1.573443 1.061918 -0.899814
0.016563 1.573443 -1.061918 -0.899814
0.049688 1.573443 -1.070014 -0.886715
0.082813 1.573443 -1.078109 -0.873617
0.115938 1.573443 -1.085666 -0.861389
0.149063 1.573443 -1.080027 -0.870514
0.182188 1.573443 -1.074388 -0.879638
0.215313 1.573443 -1.068748 -0.888763
0.248438 1.573443 -1.063109 -0.897888
0.281563 1.573443 -1.057469 -0.907012
0.314689 1.573443 -1.051830 -0.916137
0.347814 1.573443 -1.046191 -0.925262
0.380939 1.573443 -1.040551 -0.934387
0.414064 1.573443 -1.034912 -0.943511
0.447189 1.573443 -1.029273 -0.952636
0.480314 1.573443 -1.023633 -0.961761
0.513439 1.573443 -1.017994 -0.970885
0.546564 1.573443 -1.012354 -0.980010
0.579689 1.573443 -1.006715 -0.989135
0.612814 1.573443 -1.001076 -0.998260
0.645940 1.573443 0.645940 1.573443
0.679065 1.573443 0.679065 1.573443
0.712190 1.573443 0.712190 1.573443
0.745315 1.573443 0.745315 1.573443
0.778440 1.573443 0.778440 1.573443
0.811565 1.573443 0.811565 1.573443
0.844690 1.573443 0.844690 1.573443
0.877815 1.573443 0.877815 1.573443
0.910940 1.573443 0.910940 1.573443
0.944066 1.573443 0.944066 1.573443
0.977191 1.573443 0.977191 1.573443
1.010316 1.573443 1.010316 1.573443
1.043441 1.573443 1.043441 1.573443
1.076566 1.573443 1.076566 1.573443
1.109691 1.573443 1.109691 1.573443
1.142816 1.573443 1.142816 1.573443
1.175941 1.573443 1.175941 1.573443
1.209066 1.573443 1.209066 1.573443
1.242191 1.573443 1.242191 1.573443
1.275317 1.573443 1.275317 1.573443
1.308442 1.573443 1.308442 1.573443
1.341567 1.573443 1.341567 1.573443
1.374692 1.573443 1.374692 1.573443
1.407817 1.573443 1.407817 1.573443
1.440942 1.573443 1.440942 1.573443
1.474067 1.573443 1.474067 1.573443
1.507192 1.573443 1.507192 1.573443
1.540317 1.573443 1.540317 1.573443
1.573443 1.573443 1.573443 1.573443
1.606568 1.573443 1.606568 1.573443
1.639693 1.573443 1.639693 1.573443
1.672818 1.573443 1.672818 1.573443
1.705943 1.573443 1.705943 1.573443
1.739068 1.573443 1.739068 1.573443
1.772193 1.573443 1.772193 1.573443
1.805318 1.573443 1.805318 1.573443
1.838443 1.573443 1.838443 1.573443
1.871568 1.573443 1.871568 1.573443
1.904694 1.573443 1.904694 1.573443
1.937819 1.573443 1.937819 1.573443
1.970944 1.573443 1.970944 1.573443
2.004069 1.573443 2.004069 1.573443
2.037194 1.573443 2.037194 1.573443
2.070319 1.573443 2.070319 1.573443
2.103444 1.573443 2.103444 1.573443
-2.103444 1.606568 -2.103444 1.606568
-2.070319 1.606568 -2.070319 1.606568
-2.037194 1.606568 -2.037194 1.606568
-2.004069 1.606568 -2.004069 1.606568
-1.970944 1.606568 -1.970944 1.606568
-1.937819 1.606568 -1.937819 1.606568
-1.904694 1.606568 -1.904694 1.606568
-1.871568 1.606568 -1.871568 1.606568
-1.838443 1.606568 -1.838443 1.606568
-1.805318 1.606568 -1.805318 1.606568
-1.772193 1.606568 -1.772193 1.606568
-1.739068 1.606568 -1.739068 1.606568
-1.705943 1.606568 -1.705943 1.606568
-1.672818 1.606568 -1.672818 1.606568
-1.639693 1.606568 -1.639693 1.606568
-1.606568 1.606568 -1.606568 1.606568
-1.573443 1.606568 -1.573443 1.606568
-1.540317 1.606568 -1.540317 1.606568
-1.507192 1.606568 -1.507192 1.606568
-1.474067 1.606568 -1.474067 1.606568
-1.440942 1.606568 -1.440942 1.606568
-1.407817 1.606568 -1.407817 1.606568
-1.374692 1.606568 -1.374692 1.606568
-1.341567 1.606568 -1.341567 1.606568
-1.308442 1.606568 -1.308442 1.606568
-1.275317 1.606568 -1.275317 1.606568
-1.242191 1.606568 -1.242191 1.606568
-1.209066 1.606568 -1.209066 1.606568
-1.175941 1.606568 -1.175941 1.606568
-1.142816 1.606568 -1.142816 1.606568
-1.109691 1.606568 -1.109691 1.606568
-1.076566 1.606568 -1.076566 1.606568
-1.043441 1.606568 -1.043441 1.606568
-1.010316 1.606568 -1.010316 1.606568
-0.977191 1.606568 -0.977191 1.606568
-0.944066 1.606568 -0.944066 1.606568
-0.910940 1.606568 -0.910940 1.606568
-0.877815 1.606568 -0.877815 1.606568
-0.844690 1.606568 -0.844690 1.606568
-0.811565 1.606568 -0.811565 1.606568
-0.778440 1.606568 -0.778440 1.606568
-0.745315 1.606568 -0.745315 1.606568
-0.712190 1.606568 -0.712190 1.606568
-0.679065 1.606568 -0.679065 1.606568
-0.645940 1.606568 -0.645940 1.606568
-0.612814 1.606568 0.975130 -1.040241
-0.579689 1.606568 0.980769 -1.031117
-0.546564 1.606568 0.986408 -1.021992
-0.513439 1.606568 0.992048 -1.012867
-0.480314 1.606568 0.997687 -1.003742
-0.447189 1.606568 1.003326 -0.994618
-0.414064 1.606568 1.008966 -0.985493
-0.380939 1.606568 1.014605 -0.976368
-0.347814 1.606568 1.020245 -0.967244
-0.314689 1.606568 1.025884 -0.958119
-0.281563 1.606568 1.031523 -0.948994
-0.248438 1.606568 1.037163 -0.939869
-0.215313 1.606568 1.042802 -0.930745
-0.182188 1.606568 1.048442 -0.921620
-0.149063 1.606568 1.054081 -0.912495
-0.115938 1.606568 1.059720 -0.903370
-0.082813 1.606568 1.053279 -0.913793
-0.049688 1.606568 1.045183 -0.926892
-0.016563 1.606568 1.037088 -0.939990
0.016563 1.606568 -1.037088 -0.939990
0.049688 1.606568 -1.045183 -0.926892
0.082813 1.606568 -1.053279 -0.913793
0.115938 1.606568 -1.059720 -0.903370
0.149063 1.606568 -1.054081 -0.912495
0.182188 1.606568 -1.048442 -0.921620
0.215313 1.606568 -1.042802 -0.930745
0.248438 1.606568 -1.037163 -0.939869
0.281563 1.606568 -1.031523 -0.948994
0.314689 1.606568 -1.025884 -0.958119
0.347814 1.606568 -1.020245 -0.967244
0.380939 1.606568 -1.014605 -0.976368
0.414064 1.606568 -1.008966 -0.985493
0.447189 1.606568 -1.003326 -0.994618
0.480314 1.606568 -0.997687 -1.003742
0.513439 1.606568 -0.992048 -1.012867
0.546564 1.606568 -0.986408 -1.021992
0.579689 1.606568 -0.980769 -1.031117
0.612814 1.606568 -0.975130 -1.040241
0.645940 1.606568 0.645940 1.606568
0.679065 1.606568 0.679065 1.606568
0.712190 1.606568 0.712190 1.606568
0.745315 1.606568 0.745315 1.606568
0.778440 1.606568 0.778440 1.606568
0.811565 1.606568 0.811565 1.606568
0.844690 1.606568 0.844690 1.606568
0.877815 1.606568 0.877815 1.606568
0.910940 1.606568 0.910940 1.606568
0.944066 1.606568 0.944066 1.606568
0.977191 1.606568 0.977191 1.606568
1.010316 1.606568 1.010316 1.606568
1.043441 1.606568 1.043441 1.606568
1.076566 1.606568 1.076566 1.606568
1.109691 1.606568 1.109691 1.606568
1.142816 1.606568 1.142816 1.606568
1.175941 1.606568 1.175941 1.606568
1.209066 1.606568 1.209066 1.606568
1.242191 1.606568 1.242191 1.606568
1.275317 1.606568 1.275317 1.606568
1.308442 1.606568 1.308442 1.606568
1.341567 1.606568 1.341567 1.606568
1.374692 1.606568 1.374692 1.606568
1.407817 1.606568 1.407817 1.606568
1.440942 1.606568 1.440942 1.606568
1.474067 1.606568 1.474067 1.606568
1.507192 1.606568 1.507192 1.606568
1.540317 1.606568 1.540317 1.606568
1.573443 1.606568 1.573443 1.606568
1.606568 1.606568 1.606568 1.606568
1.639693 1.606568 1.639693 1.606568
1.672818 1.606568 1.672818 1.606568
1.705943 1.606568 1.705943 1.606568
1.739068 1.606568 1.739068 1.606568
1.772193 1.606568 1.772193 1.606568
1.805318 1.606568 1.805318 1.606568
1.838443 1.606568 1.838443 1.606568
1.871568 1.606568 1.871568 1.606568
1.904694 1.606568 1.904694 1.606568
1.937819 1.606568 1.937819 1.606568
1.970944 1.606568 1.970944 1.606568
2.004069 1.606568 2.004069 1.606568
2.037194 1.606568 2.037194 1.606568
2.070319 1.606568 2.070319 1.606568
2.103444 1.606568 2.103444 1.606568
-2.103444 1.639693 -2.103444 1.639693
-2.070319 1.639693 -2.070319 1.639693
-2.037194 1.639693 -2.037194 1.639693
-2.004069 1.639693 -2.004069 1.639693
-1.970944 1.639693 -1.970944 1.639693
-1.937819 1.639693 -1.937819 1.639693
-1.904694 1.639693 -1.904694 1.639693
-1.871568 1.639693 -1.871568 1.639693
-1.838443 1.639693 -1.838443 1.639693
-1.805318 1.639693 -1.805318 1.639693
-1.772193 1.639693 -1.772193 1.639693
-1.739068 1.639693 -1.739068 1.639693
-1.705943 1.639693 -1.705943 1.639693
-1.672818 1.639693 -1.672818 1.639693
-1.639693 1.639693 -1.639693 1.639693
-1.606568 1.639693 -1.606568 1.639693
-1.573443 1.639693 -1.573443 1.639693
-1.540317 1.639693 -1.540317 1.639693
-1.507192 1.639693 -1.507192 1.639693
-1.474067 1.639693 -1.474067 1.639693
-1.440942 1.639693 -1.440942 1.639693
-1.407817 1.639693 -1.407817 1.639693
-1.374692 1.639693 -1.374692 1.639693
-1.341567 1.639693 -1.341567 1.639693
-1.308442 1.639693 -1.308442 1.639693
-1.275317 1.639693 -1.275317 1.639693
-1.242191 1.639693 -1.242191 1.639693
-1.209066 1.639693 -1.209066 1.639693
-1.175941 1.639693 -1.175941 1.639693
-1.142816 1.639693 -1.142816 1.639693
-1.109691 1.639693 -1.109691 1.639693
-1.076566 1.639693 -1.076566 1.639693
-1.043441 1.639693 -1.043441 1.639693
-1.010316 1.639693 -1.010316 1.639693
-0.977191 1.639693 -0.977191 1.639693
-0.944066 1.639693 -0.944066 1.639693
-0.910940 1.639693 -0.910940 1.639693
-0.877815 1.639693 -0.877815 1.639693
-0.844690 1.639693 -0.844690 1.639693
-0.811565 1.639693 -0.811565 1.639693
-0.778440 1.639693 -0.778440 1.639693
-0.745315 1.639693 -0.745315 1.639693
-0.712190 1.639693 -0.712190 1.639693
-0.679065 1.639693 -0.679065 1.639693
-0.645940 1.639693 -0.645940 1.639693
-0.612814 1.639693 -0.612814 1.639693
-0.579689 1.639693 -0.579689 1.639693
-0.546564 1.639693 -0.546564 1.639693
-0.513439 1.639693 -0.513439 1.639693
-0.480314 1.639693 -0.480314 1.639693
-0.447189 1.639693 -0.447189 1.639693
-0.414064 1.639693 -0.414064 1.639693
-0.380939 1.639693 -0.380939 1.639693
-0.347814 1.639693 -0.347814 1.639693
-0.314689 1.639693 -0.314689 1.639693
-0.281563 1.639693 -0.281563 1.639693
-0.248438 1.639693 -0.248438 1.639693
-0.215313 1.639693 -0.215313 1.639693
-0.182188 1.639693 -0.182188 1.639693
-0.149063 1.639693 -0.149063 1.639693
-0.115938 1.639693 -0.115938 1.639693
-0.082813 1.639693 -0.082813 1.639693
-0.049688 1.639693 -0.049688 1.639693
-0.016563 1.639693 -0.016563 1.639693
0.016563 1.639693 0.016563 1.639693
0.049688 1.639693 0.049688 1.639693
0.082813 1.639693 0.082813 1.639693
0.115938 1.639693 0.115938 1.639693
0.149063 1.639693 0.149063 1.639693
0.182188 1.639693 0.182188 1.639693
0.215313 1.639693 0.215313 1.639693
0.248438 1.639693 0.248438 1.639693
0.281563 1.639693 0.281563 1.639693
0.314689 1.639693 0.314689 1.639693
0.347814 1.639693 0.347814 1.639693
0.380939 1.639693 0.380939 1.639693
0.414064 1.639693 0.414064 1.639693
0.447189 1.639693 0.447189 1.639693
0.480314 1.639693 0.480314 1.639693
0.513439 1.639693 0.513439 1.639693
0.546564 1.639693 0.546564 1.639693
0.579689 1.639693 0.579689 1.639693
0.612814 1.639693 0.612814 1.639693
0.645940 1.639693 0.645940 1.639693
0.679065 1.639693 0.679065 1.639693
0.712190 1.639693 0.712190 1.639693
0.745315 1.639693 0.745315 1.639693
0.778440 1.639693 0.778440 1.639693
0.811565 1.639693 0.811565 1.639693
0.844690 1.639693 0.844690 1.639693
0.877815 1.639693 0.877815 1.639693
0.910940 1.639693 0.910940 1.639693
0.944066 1.639693 0.944066 1.639693
0.977191 1.639693 0.977191 1.639693
1.010316 1.639693 1.010316 1.639693
1.043441 1.639693 1.043441 1.639693
1.076566 1.639693 1.076566 1.639693
1.109691 1.639693 1.109691 1.639693
1.142816 1.639693 1.142816 1.639693
1.175941 1.639693 1.175941 1.639693
1.209066 1.639693 1.209066 1.639693
1.242191 1.639693 1.242191 1.639693
1.275317 1.639693 1.275317 1.639693
1.308442 1.639693 1.308442 1.639693
1.341567 1.639693 1.341567 1.639693
1.374692 1.639693 1.374692 1.639693
1.407817 1.639693 1.407817 1.639693
1.440942 1.639693 1.440942 1.639693
1.474067 1.639693 1.474067 1.639693
1.507192 1.639693 1.507192 1.639693
1.540317 1.639693 1.540317 1.639693
1.573443 1.639693 1.573443 1.639693
1.606568 1.639693 1.606568 1.639693
1.639693 1.639693 1.639693 1.639693
1.672818 1.639693 1.672818 1.639693
1.705943 1.639693 1.705943 1.639693
1.739068 1.639693 1.739068 1.639693
1.772193 1.639693 1.772193 1.639693
1.805318 1.639693 1.805318 1.639693
1.838443 1.639693 1.838443 1.639693
1.871568 1.639693 1.871568 1.639693
1.904694 1.639693 1.904694 1.639693
1.937819 1.639693 1.937819 1.639693
1.970944 1.639693 1.970944 1.639693
2.004069 1.639693 2.004069 1.639693
2.037194 1.639693 2.037194 1.639693
2.070319 1.639693 2.070319 1.639693
2.103444 1.639693 2.103444 1.639693
-2.103444 1.672818 -2.103444 1.672818
-2.070319 1.672818 -2.070319 1.672818
-2.037194 1.672818 -2.037194 1.672818
-2.004069 1.672818 -2.004069 1.672818
-1.970944 1.672818 -1.970944 1.672818
-1.937819 1.672818 -1.937819 1.672818
-1.904694 1.672818 -1.904694 1.672818
-1.871568 1.672818 -1.871568 1.672818
-1.838443 1.672818 -1.838443 1.672818
-1.805318 1.672818 -1.805318 1.672818
-1.772193 1.672818 -1.772193 1.672818
-1.739068 1.672818 -1.739068 1.672818
-1.705943 1.672818 -1.705943 1.672818
-1.672818 1.672818 -1.672818 1.672818
-1.639693 1.672818 -1.639693 1.672818
-1.606568 1.672818 -1.606568 1.672818
-1.573443 1.672818 -1.573443 1.672818
-1.540317 1.672818 -1.540317 1.672818
-1.507192 1.672818 -1.507192 1.672818
-1.474067 1.672818 -1.474067 1.672818
-1.440942 1.672818 -1.440942 1.672818
-1.407817 1.672818 -1.407817 1.672818
-1.374692 1.672818 -1.374692 1.672818
-1.341567 1.672818 -1.341567 1.672818
-1.308442 1.672818 -1.308442 1.672818
-1.275317 1.672818 -1.275317 1.672818
-1.242191 1.672818 -1.242191 1.672818
-1.209066 1.672818 -1.209066 1.672818
-1.175941 1.672818 -1.175941 1.672818
-1.142816 1.672818 -1.142816 1.672818
-1.109691 1.672818 -1.109691 1.672818
-1.076566 1.672818 -1.076566 1.672818
-1.043441 1.672818 -1.043441 1.672818
-1.010316 1.672818 -1.010316 1.672818
-0.977191 1.672818 -0.977191 1.672818
-0.944066 1.672818 -0.944066 1.672818
-0.910940 1.672818 -0.910940 1.672818
-0.877815 1.672818 -0.877815 1.672818
-0.844690 1.672818 -0.844690 1.672818
-0.811565 1.672818 -0.811565 1.672818
-0.778440 1.672818 -0.778440 1.672818
-0.745315 1.672818 -0.745315 1.672818
-0.712190 1.672818 -0.712190 1.672818
-0.679065 1.672818 -0.679065 1.672818
-0.645940 1.672818 -0.645940 1.672818
-0.612814 1.672818 -0.612814 1.672818
-0.579689 1.672818 -0.579689 1.672818
-0.546564 1.672818 -0.546564 1.672818
-0.513439 1.672818 -0.513439 1.672818
-0.480314 1.672818 -0.480314 1.672818
-0.447189 1.672818 -0.447189 1.672818
-0.414064 1.672818 -0.414064 1.672818
-0.380939 1.672818 -0.380939 1.672818
-0.347814 1.672818 -0.347814 1.672818
-0.314689 1.672818 -0.314689 1.672818
-0.281563 1.672818 -0.281563 1.672818
-0.248438 1.672818 -0.248438 1.672818
-0.215313 1.672818 -0.215313 1.672818
-0.182188 1.672818 -0.182188 1.672818
-0.149063 1.672818 -0.149063 1.672818
-0.115938 1.672818 -0.115938 1.672818
-0.082813 1.672818 -0.082813 1.672818
-0.049688 1.672818 -0.049688 1.672818
-0.016563 1.672818 -0.016563 1.672818
0.016563 1.672818 0.016563 1.672818
0.049688 1.672818 0.049688 1.672818
0.082813 1.672818 0.082813 1.672818
0.115938 1.672818 0.115938 1.672818
0.149063 1.672818 0.149063 1.672818
0.182188 1.672818 0.182188 1.672818
0.215313 1.672818 0.215313 1.672818
0.248438 1.672818 0.248438 1.672818
0.281563 1.672818 0.281563 1.672818
0.314689 1.672818 0.314689 1.672818
0.347814 1.672818 0.347814 1.672818
0.380939 1.672818 0.380939 1.672818
0.414064 1.672818 0.414064 1.672818
0.447189 1.672818 0.447189 1.672818
0.480314 1.672818 0.480314 1.672818
0.513439 1.672818 0.513439 1.672818
0.546564 1.672818 0.546564 1.672818
0.579689 1.672818 0.579689 1.672818
0.612814 1.672818 0.612814 1.672818
0.645940 1.672818 0.645940 1.672818
0.679065 1.672818 0.679065 1.672818
0.712190 1.672818 0.712190 1.672818
0.745315 1.672818 0.745315 1.672818
0.778440 1.672818 0.778440 1.672818
0.811565 1.672818 0.811565 1.672818
0.844690 1.672818 0.844690 1.672818
0.877815 1.672818 0.877815 1.672818
0.910940 1.672818 0.910940 1.672818
0.944066 1.672818 0.944066 1.672818
0.977191 1.672818 0.977191 1.672818
1.010316 1.672818 1.010316 1.672818
1.043441 1.672818 1.043441 1.672818
1.076566 1.672818 1.076566 1.672818
1.109691 1.672818 1.109691 1.672818
1.142816 1.672818 1.142816 1.672818
1.175941 1.672818 1.175941 1.672818
1.209066 1.672818 1.209066 1.672818
1.242191 1.672818 1.242191 1.672818
1.275317 1.672818 1.275317 1.672818
1.308442 1.672818 1.308442 1.672818
1.341567 1.672818 1.341567 1.672818
1.374692 1.672818 1.374692 1.672818
1.407817 1.672818 1.407817 1.672818
1.440942 1.672818 1.440942 1.672818
1.474067 1.672818 1.474067 1.672818
1.507192 1.672818 1.507192 1.672818
1.540317 1.672818 1.540317 1.672818
1.573443 1.672818 1.573443 1.672818
1.606568 1.672818 1.606568 1.672818
1.639693 1.672818 1.639693 1.672818
1.672818 1.672818 1.672818 1.672818
1.705943 1.672818 1.705943 1.672818
1.739068 1.672818 1.739068 1.672818
1.772193 1.672818 1.772193 1.672818
1.805318 1.672818 1.805318 1.672818
1.838443 1.672818 1.838443 1.672818
1.871568 1.672818 1.871568 1.672818
1.904694 1.672818 1.904694 1.672818
1.937819 1.672818 1.937819 1.672818
1.970944 1.672818 1.970944 1.672818
2.004069 1.672818 2.004069 1.672818
2.037194 1.672818 2.037194 1.672818
2.070319 1.672818 2.070319 1.672818
2.103444 1.672818 2.103444 1.672818
-2.103444 1.705943 -2.103444 1.705943
-2.070319 1.705943 -2.070319 1.705943
-2.037194 1.705943 -2.037194 1.705943
-2.004069 1.705943 -2.004069 1.705943
-1.970944 1.705943 -1.970944 1.705943
-1.937819 1.705943 -1.937819 1.705943
-1.904694 1.705943 -1.904694 1.705943
-1.871568 1.705943 -1.871568 1.705943
-1.838443 1.705943 -1.838443 1.705943
-1.805318 1.705943 -1.805318 1.705943
-1.772193 1.705943 -1.772193 1.705943
-1.739068 1.705943 -1.739068 1.705943
-1.705943 1.705943 -1.705943 1.705943
-1.672818 1.705943 -1.672818 1.705943
-1.639693 1.705943 -1.639693 1.705943
-1.606568 1.705943 -1.606568 1.705943
-1.573443 1.705943 -1.573443 1.705943
-1.540317 1.705943 -1.540317 1.705943
-1.507192 1.705943 -1.507192 1.705943
-1.474067 1.705943 -1.474067 1.705943
-1.440942 1.705943 -1.440942 1.705943
-1.407817 1.705943 -1.407817 1.705943
-1.374692 1.705943 -1.374692 1.705943
-1.341567 1.705943 -1.341567 1.705943
-1.308442 1.705943 -1.308442 1.705943
-1.275317 1.705943 -1.275317 1.705943
-1.242191 1.705943 -1.242191 1.705943
-1.209066 1.705943 -1.209066 1.705943
-1.175941 1.705943 -1.175941 1.705943
-1.142816 1.705943 -1.142816 1.705943
-1.109691 1.705943 -1.109691 1.705943
-1.076566 1.705943 -1.076566 1.705943
-1.043441 1.705943 -1.043441 1.705943
-1.010316 1.705943 -1.010316 1.705943
-0.977191 1.705943 -0.977191 1.705943
-0.944066 1.705943 -0.944066 1.705943
-0.910940 1.705943 -0.910940 1.705943
-0.877815 1.705943 -0.877815 1.705943
-0.844690 1.705943 -0.844690 1.705943
-0.811565 1.705943 -0.811565 1.705943
-0.778440 1.705943 -0.778440 1.705943
-0.745315 1.705943 -0.745315 1.705943
-0.712190 1.705943 -0.712190 1.705943
-0.679065 1.705943 -0.679065 1.705943
-0.645940 1.705943 -0.645940 1.705943
-0.612814 1.705943 -0.612814 1.705943
-0.579689 1.705943 -0.579689 1.705943
-0.546564 1.705943 -0.546564 1.705943
-0.513439 1.705943 -0.513439 1.705943
-0.480314 1.705943 -0.480314 1.705943
-0.447189 1.705943 -0.447189 1.705943
-0.414064 1.705943 -0.414064 1.705943
-0.380939 1.705943 -0.380939 1.705943
-0.347814 1.705943 -0.347814 1.705943
-0.314689 1.705943 -0.314689 1.705943
-0.281563 1.705943 -0.281563 1.705943
-0.248438 1.705943 -0.248438 1.705943
-0.215313 1.705943 -0.215313 1.705943
-0.182188 1.705943 -0.182188 1.705943
-0.149063 1.705943 -0.149063 1.705943
-0.115938 1.705943 -0.115938 1.705943
-0.082813 1.705943 -0.082813 1.705943
-0.049688 1.705943 -0.049688 1.705943
-0.016563 1.705943 -0.016563 1.705943
0.016563 1.705943 0.016563 1.705943
0.049688 1.705943 0.049688 1.705943
0.082813 1.705943 0.082813 1.705943
0.115938 1.705943 0.115938 1.705943
0.149063 1.705943 0.149063 1.705943
0.182188 1.705943 0.182188 1.705943
0.215313 1.705943 0.215313 1.705943
0.248438 1.705943 0.248438 1.705943
0.281563 1.705943 0.281563 1.705943
0.314689 1.705943 0.314689 1.705943
0.347814 1.705943 0.347814 1.705943
0.380939 1.705943 0.380939 1.705943
0.414064 1.705943 0.414064 1.705943
0.447189 1.705943 0.447189 1.705943
0.480314 1.705943 0.480314 1.705943
0.513439 1.705943 0.513439 1.705943
0.546564 1.705943 0.546564 1.705943
0.579689 1.705943 0.579689 1.705943
0.612814 1.705943 0.612814 1.705943
0.645940 1.705943 0.645940 1.705943
0.679065 1.705943 0.679065 1.705943
0.712190 1.705943 0.712190 1.705943
0.745315 1.705943 0.745315 1.705943
0.778440 1.705943 0.778440 1.705943
0.811565 1.705943 0.811565 1.705943
0.844690 1.705943 0.844690 1.705943
0.877815 1.705943 0.877815 1.705943
0.910940 1.705943 0.910940 1.705943
0.944066 1.705943 0.944066 1.705943
0.977191 1.705943 0.977191 1.705943
1.010316 1.705943 1.010316 1.705943
1.043441 1.705943 1.043441 1.705943
1.076566 1.705943 1.076566 1.705943
1.109691 1.705943 1.109691 1.705943
1.142816 1.705943 1.142816 1.705943
1.175941 1.705943 1.175941 1.705943
1.209066 1.705943 1.209066 1.705943
1.242191 1.705943 1.242191 1.705943
1.275317 1.705943 1.275317 1.705943
1.308442 1.705943 1.308442 1.705943
1.341567 1.705943 1.341567 1.705943
1.374692 1.705943 1.374692 1.705943
1.407817 1.705943 1.407817 1.705943
1.440942 1.705943 1.440942 1.705943
1.474067 1.705943 1.474067 1.705943
1.507192 1.705943 1.507192 1.705943
1.540317 1.705943 1.540317 1.705943
1.573443 1.705943 1.573443 1.705943
1.606568 1.705943 1.606568 1.705943
1.639693 1.705943 1.639693 1.705943
1.672818 1.705943 1.672818 1.705943
1.705943 1.705943 1.705943 1.705943
1.739068 1.705943 1.739068 1.705943
1.772193 1.705943 1.772193 1.705943
1.805318 1.705943 1.805318 1.705943
1.838443 1.705943 1.838443 1.705943
1.871568 1.705943 1.871568 1.705943
1.904694 1.705943 1.904694 1.705943
1.937819 1.705943 1.937819 1.705943
1.970944 1.705943 1.970944 1.705943
2.004069 1.705943 2.004069 1.705943
2.037194 1.705943 2.037194 1.705943
2.070319 1.705943 2.070319 1.705943
2.103444 1.705943 2.103444 1.705943
-2.103444 1.739068 -2.103444 1.739068
-2.070319 1.739068 -2.070319 1.739068
-2.037194 1.739068 -2.037194 1.739068
-2.004069 1.739068 -2.004069 1.739068
-1.970944 1.739068 -1.970944 1.739068
-1.937819 1.739068 -1.937819 1.739068
-1.904694 1.739068 -1.904694 1.739068
-1.871568 1.739068 -1.871568 1.739068
-1.838443 1.739068 -1.838443 1.739068
-1.805318 1.739068 -1.805318 1.739068
-1.772193 1.739068 -1.772193 1.739068
-1.739068 1.739068 -1.739068 1.739068
-1.705943 1.739068 -1.705943 1.739068
-1.672818 1.739068 -1.672818 1.739068
-1.639693 1.739068 -1.639693 1.739068
-1.606568 1.739068 -1.606568 1.739068
-1.573443 1.739068 -1.573443 1.739068
-1.540317 1.739068 -1.540317 1.739068
-1.507192 1.739068 -1.507192 1.739068
-1.474067 1.739068 -1.474067 1.739068
-1.440942 1.739068 -1.440942 1.739068
-1.407817 1.739068 -1.407817 1.739068
-1.374692 1.739068 -1.374692 1.739068
-1.341567 1.739068 -1.341567 1.739068
-1.308442 1.739068 -1.308442 1.739068
-1.275317 1.739068 -1.275317 1.739068
-1.242191 1.739068 -1.242191 1.739068
-1.209066 1.739068 -1.209066 1.739068
-1.175941 1.739068 -1.175941 1.739068
-1.142816 1.739068 -1.142816 1.739068
-1.109691 1.739068 -1.109691 1.739068
-1.076566 1.739068 -1.076566 1.739068
-1.043441 1.739068 -1.043441 1.739068
-1.010316 1.739068 -1.010316 1.739068
-0.977191 1.739068 -0.977191 1.739068
-0.944066 1.739068 -0.944066 1.739068
-0.910940 1.739068 -0.910940 1.739068
-0.877815 1.739068 -0.877815 1.739068
-0.844690 1.739068 -0.844690 1.739068
-0.811565 1.739068 -0.811565 1.739068
-0.778440 1.739068 -0.778440 1.739068
-0.745315 1.739068 -0.745315 1.739068
-0.712190 1.739068 -0.712190 1.739068
-0.679065 1.739068 -0.679065 1.739068
-0.645940 1.739068 -0.645940 1.739068
-0.612814 1.739068 -0.612814 1.739068
-0.579689 1.739068 -0.579689 1.739068
-0.546564 1.739068 -0.546564 1.739068
-0.513439 1.739068 -0.513439 1.739068
-0.480314 1.739068 -0.480314 1.739068
-0.447189 1.739068 -0.447189 1.739068
-0.414064 1.739068 -0.414064 1.739068
-0.380939 1.739068 -0.380939 1.739068
-0.347814 1.739068 -0.347814 1.739068
-0.314689 1.739068 -0.314689 1.739068
-0.281563 1.739068 -0.281563 1.739068
-0.248438 1.739068 -0.248438 1.739068
-0.215313 1.739068 -0.215313 1.739068
-0.182188 1.739068 -0.182188 1.739068
-0.149063 1.739068 -0.149063 1.739068
-0.115938 1.739068 -0.115938 1.739068
-0.082813 1.739068 -0.082813 1.739068
-0.049688 1.739068 -0.049688 1.739068
-0.016563 1.739068 -0.016563 1.739068
0.016563 1.739068 0.016563 1.739068
0.049688 1.739068 0.049688 1.739068
0.082813 1.739068 0.082813 1.739068
0.115938 1.739068 0.115938 1.739068
0.149063 1.739068 0.149063 1.739068
0.182188 1.739068 0.182188 1.739068
0.215313 1.739068 0.215313 1.739068
0.248438 1.739068 0.248438 1.739068
0.281563 1.739068 0.281563 1.739068
0.314689 1.739068 0.314689 1.739068
0.347814 1.739068 0.347814 1.739068
0.380939 1.739068 0.380939 1.739068
0.414064 1.739068 0.414064 1.739068
0.447189 1.739068 0.447189 1.739068
0.480314 1.739068 0.480314 1.739068
0.513439 1.739068 0.513439 1.739068
0.546564 1.739068 0.546564 1.739068
0.579689 1.739068 0.579689 1.739068
0.612814 1.739068 0.612814 1.739068
0.645940 1.739068 0.645940 1.739068
0.679065 1.739068 0.679065 1.739068
0.712190 1.739068 0.712190 1.739068
0.745315 1.739068 0.745315 1.739068
0.778440 1.739068 0.778440 1.739068
0.811565 1.739068 0.811565 1.739068
0.844690 1.739068 0.844690 1.739068
0.877815 1.739068 0.877815 1.739068
0.910940 1.739068 0.910940 1.739068
0.944066 1.739068 0.944066 1.739068
0.977191 1.739068 0.977191 1.739068
1.010316 1.739068 1.010316 1.739068
1.043441 1.739068 1.043441 1.739068
1.076566 1.739068 1.076566 1.739068
1.109691 1.739068 1.109691 1.739068
1.142816 1.739068 1.142816 1.739068
1.175941 1.739068 1.175941 1.739068
1.209066 1.739068 1.209066 1.739068
1.242191 1.739068 1.242191 1.739068
1.275317 1.739068 1.275317 1.739068
1.308442 1.739068 1.308442 1.739068
1.341567 1.739068 1.341567 1.739068
1.374692 1.739068 1.374692 1.739068
1.407817 1.739068 1.407817 1.739068
1.440942 1.739068 1.440942 1.739068
1.474067 1.739068 1.474067 1.739068
1.507192 1.739068 1.507192 1.739068
1.540317 1.739068 1.540317 1.739068
1.573443 1.739068 1.573443 1.739068
1.606568 1.739068 1.606568 1.739068
1.639693 1.739068 1.639693 1.739068
1.672818 1.739068 1.672818 1.739068
1.705943 1.739068 1.705943 1.739068
1.739068 1.739068 1.739068 1.739068
1.772193 1.739068 1.772193 1.739068
1.805318 1.739068 1.805318 1.739068
1.838443 1.739068 1.838443 1.739068
1.871568 1.739068 1.871568 1.739068
1.904694 1.739068 1.904694 1.739068
1.937819 1.739068 1.937819 1.739068
1.970944 1.739068 1.970944 1.739068
2.004069 1.739068 2.004069 1.739068
2.037194 1.739068 2.037194 1.739068
2.070319 1.739068 2.070319 1.739068
2.103444 1.739068 2.103444 1.739068
-2.103444 1.772193 -2.103444 1.772193
-2.070319 1.772193 -2.070319 1.772193
-2.037194 1.772193 -2.037194 1.772193
-2.004069 1.772193 -2.004069 1.772193
-1.970944 1.772193 -1.970944 1.772193
-1.937819 1.772193 -1.937819 1.772193
-1.904694 1.772193 -1.904694 1.772193
-1.871568 1.772193 -1.871568 1.772193
-1.838443 1.772193 -1.838443 1.772193
-1.805318 1.772193 -1.805318 1.772193
-1.772193 1.772193 -1.772193 1.772193
-1.739068 1.772193 -1.739068 1.772193
-1.705943 1.772193 -1.705943 1.772193
-1.672818 1.772193 -1.672818 1.772193
-1.639693 1.772193 -1.639693 1.772193
-1.606568 1.772193 -1.606568 1.772193
-1.573443 1.772193 -1.573443 1.772193
-1.540317 1.772193 -1.540317 1.772193
-1.507192 1.772193 -1.507192 1.772193
-1.474067 1.772193 -1.474067 1.772193
-1.440942 1.772193 -1.440942 1.772193
-1.407817 1.772193 -1.407817 1.772193
-1.374692 1.772193 -1.374692 1.772193
-1.341567 1.772193 -1.341567 1.772193
-1.308442 1.772193 -1.308442 1.772193
-1.275317 1.772193 -1.275317 1.772193
-1.242191 1.772193 -1.242191 1.772193
-1.209066 1.772193 -1.209066 1.772193
-1.175941 1.772193 -1.175941 1.772193
-1.142816 1.772193 -1.142816 1.772193
-1.109691 1.772193 -1.109691 1.772193
-1.076566 1.772193 -1.076566 1.772193
-1.043441 1.772193 -1.043441 1.772193
-1.010316 1.772193 -1.010316 1.772193
-0.977191 1.772193 -0.977191 1.772193
-0.944066 1.772193 -0.944066 1.772193
-0.910940 1.772193 -0.910940 1.772193
-0.877815 1.772193 -0.877815 1.772193
-0.844690 1.772193 -0.844690 1.772193
-0.811565 1.772193 -0.811565 1.772193
-0.778440 1.772193 -0.778440 1.772193
-0.745315 1.772193 -0.745315 1.772193
-0.712190 1.772193 -0.712190 1.772193
-0.679065 1.772193 -0.679065 1.772193
-0.645940 1.772193 -0.645940 1.772193
-0.612814 1.772193 -0.612814 1.772193
-0.579689 1.772193 -0.579689 1.772193
-0.546564 1.772193 -0.546564 1.772193
-0.513439 1.772193 -0.513439 1.772193
-0.480314 1.772193 -0.480314 1.772193
-0.447189 1.772193 -0.447189 1.772193
-0.414064 1.772193 -0.414064 1.772193
-0.380939 1.772193 -0.380939 1.772193
-0.347814 1.772193 -0.347814 1.772193
-0.314689 1.772193 -0.314689 1.772193
-0.281563 1.772193 -0.281563 1.772193
-0.248438 1.772193 -0.248438 1.772193
-0.215313 1.772193 -0.215313 1.772193
-0.182188 1.772193 -0.182188 1.772193
-0.149063 1.772193 -0.149063 1.772193
-0.115938 1.772193 -0.115938 1.772193
-0.082813 1.772193 -0.082813 1.772193
-0.049688 1.772193 -0.049688 1.772193
-0.016563 1.772193 -0.016563 1.772193
0.016563 1.772193 0.016563 1.772193
0.049688 1.772193 0.049688 1.772193
0.082813 1.772193 0.082813 1.772193
0.115938 1.772193 0.115938 1.772193
0.149063 1.772193 0.149063 1.772193
0.182188 1.772193 0.182188 1.772193
0.215313 1.772193 0.215313 1.772193
0.248438 1.772193 0.248438 1.772193
0.281563 1.772193 0.281563 1.772193
0.314689 1.772193 0.314689 1.772193
0.347814 1.772193 0.347814 1.772193
0.380939 1.772193 0.380939 1.772193
0.414064 1.772193 0.414064 1.772193
0.447189 1.772193 0.447189 1.772193
0.480314 1.772193 0.480314 1.772193
0.513439 1.772193 0.513439 1.772193
0.546564 1.772193 0.546564 1.772193
0.579689 1.772193 0.579689 1.772193
0.612814 1.772193 0.612814 1.772193
0.645940 1.772193 0.645940 1.772193
0.679065 1.772193 0.679065 1.772193
0.712190 1.772193 0.712190 1.772193
0.745315 1.772193 0.745315 1.772193
0.778440 1.772193 0.778440 1.772193
0.811565 1.772193 0.811565 1.772193
0.844690 1.772193 0.844690 1.772193
0.877815 1.772193 0.877815 1.772193
0.910940 1.772193 0.910940 1.772193
0.944066 1.772193 0.944066 1.772193
0.977191 1.772193 0.977191 1.772193
1.010316 1.772193 1.010316 1.772193
1.043441 1.772193 1.043441 1.772193
1.076566 1.772193 1.076566 1.772193
1.109691 1.772193 1.109691 1.772193
1.142816 1.772193 1.142816 1.772193
1.175941 1.772193 1.175941 1.772193
1.209066 1.772193 1.209066 1.772193
1.242191 1.772193 1.242191 1.772193
1.275317 1.772193 1.275317 1.772193
1.308442 1.772193 1.308442 1.772193
1.341567 1.772193 1.341567 1.772193
1.374692 1.772193 1.374692 1.772193
1.407817 1.772193 1.407817 1.772193
1.440942 1.772193 1.440942 1.772193
1.474067 1.772193 1.474067 1.772193
1.507192 1.772193 1.507192 1.772193
1.540317 1.772193 1.540317 1.772193
1.573443 1.772193 1.573443 1.772193
1.606568 1.772193 1.606568 1.772193
1.639693 1.772193 1.639693 1.772193
1.672818 1.772193 1.672818 1.772193
1.705943 1.772193 1.705943 1.772193
1.739068 1.772193 1.739068 1.772193
1.772193 1.772193 1.772193 1.772193
1.805318 1.772193 1.805318 1.772193
1.838443 1.772193 1.838443 1.772193
1.871568 1.772193 1.871568 1.772193
1.904694 1.772193 1.904694 1.772193
1.937819 1.772193 1.937819 1.772193
1.970944 1.772193 1.970944 1.772193
2.004069 1.772193 2.004069 1.772193
2.037194 1.772193 2.037194 1.772193
2.070319 1.772193 2.070319 1.772193
2.103444 1.772193 2.103444 1.772193
-2.103444 1.805318 -2.103444 1.805318
-2.070319 1.805318 -2.070319 1.805318
-2.037194 1.805318 -2.037194 1.805318
-2.004069 1.805318 -2.004069 1.805318
-1.970944 1.805318 -1.970944 1.805318
-1.937819 1.805318 -1.937819 1.805318
-1.904694 1.805318 -1.904694 1.805318
-1.871568 1.805318 -1.871568 1.805318
-1.838443 1.805318 -1.838443 1.805318
-1.805318 1.805318 -1.805318 1.805318
-1.772193 1.805318 -1.772193 1.805318
-1.739068 1.805318 -1.739068 1.805318
-1.705943 1.805318 -1.705943 1.805318
-1.672818 1.805318 -1.672818 1.805318
-1.639693 1.805318 -1.639693 1.805318
-1.606568 1.805318 -1.606568 1.805318
-1.573443 1.805318 -1.573443 1.805318
-1.540317 1.805318 -1.540317 1.805318
-1.507192 1.805318 -1.507192 1.805318
-1.474067 1.805318 -1.474067 1.805318
-1.440942 1.805318 -1.440942 1.805318
-1.407817 1.805318 -1.407817 1.805318
-1.374692 1.805318 -1.374692 1.805318
-1.341567 1.805318 -1.341567 1.805318
-1.308442 1.805318 -1.308442 1.805318
-1.275317 1.805318 -1.275317 1.805318
-1.242191 1.805318 -1.242191 1.805318
-1.209066 1.805318 -1.209066 1.805318
-1.175941 1.805318 -1.175941 1.805318
-1.142816 1.805318 -1.142816 1.805318
-1.109691 1.805318 -1.109691 1.805318
-1.076566 1.805318 -1.076566 1.805318
-1.043441 1.805318 -1.043441 1.805318
-1.010316 1.805318 -1.010316 1.805318
-0.977191 1.805318 -0.977191 1.805318
-0.944066 1.805318 -0.944066 1.805318
-0.910940 1.805318 -0.910940 1.805318
-0.877815 1.805318 -0.877815 1.805318
-0.844690 1.805318 -0.844690 1.805318
-0.811565 1.805318 -0.811565 1.805318
-0.778440 1.805318 -0.778440 1.805318
-0.745315 1.805318 -0.745315 1.805318
-0.712190 1.805318 -0.712190 1.805318
-0.679065 1.805318 -0.679065 1.805318
-0.645940 1.805318 -0.645940 1.805318
-0.612814 1.805318 -0.612814 1.805318
-0.579689 1.805318 -0.579689 1.805318
-0.546564 1.805318 -0.546564 1.805318
-0.513439 1.805318 -0.513439 1.805318
-0.480314 1.805318 -0.480314 1.805318
-0.447189 1.805318 -0.447189 1.805318
-0.414064 1.805318 -0.414064 1.805318
-0.380939 1.805318 -0.380939 1.805318
-0.347814 1.805318 -0.347814 1.805318
-0.314689 1.805318 -0.314689 1.805318
-0.281563 1.805318 -0.281563 1.805318
-0.248438 1.805318 -0.248438 1.805318
-0.215313 1.805318 -0.215313 1.805318
-0.182188 1.805318 -0.182188 1.805318
-0.149063 1.805318 -0.149063 1.805318
-0.115938 1.805318 -0.115938 1.805318
-0.082813 1.805318 -0.082813 1.805318
-0.049688 1.805318 -0.049688 1.805318
-0.016563 1.805318 -0.016563 1.805318
0.016563 1.805318 0.016563 1.805318
0.049688 1.805318 0.049688 1.805318
0.082813 1.805318 0.082813 1.805318
0.115938 1.805318 0.115938 1.805318
0.149063 1.805318 0.149063 1.805318
0.182188 1.805318 0.182188 1.805318
0.215313 1.805318 0.215313 1.805318
0.248438 1.805318 0.248438 1.805318
0.281563 1.805318 0.281563 1.805318
0.314689 1.805318 0.314689 1.805318
0.347814 1.805318 0.347814 1.805318
0.380939 1.805318 0.380939 1.805318
0.414064 1.805318 0.414064 1.805318
0.447189 1.805318 0.447189 1.805318
0.480314 1.805318 0.480314 1.805318
0.513439 1.805318 0.513439 1.805318
0.546564 1.805318 0.546564 1.805318
0.579689 1.805318 0.579689 1.805318
0.612814 1.805318 0.612814 1.805318
0.645940 1.805318 0.645940 1.805318
0.679065 1.805318 0.679065 1.805318
0.712190 1.805318 0.712190 1.805318
0.745315 1.805318 0.745315 1.805318
0.778440 1.805318 0.778440 1.805318
0.811565 1.805318 0.811565 1.805318
0.844690 1.805318 0.844690 1.805318
0.877815 1.805318 0.877815 1.805318
0.910940 1.805318 0.910940 1.805318
0.944066 1.805318 0.944066 1.805318
0.977191 1.805318 0.977191 1.805318
1.010316 1.805318 1.010316 1.805318
1.043441 1.805318 1.043441 1.805318
1.076566 1.805318 1.076566 1.805318
1.109691 1.805318 1.109691 1.805318
1.142816 1.805318 1.142816 1.805318
1.175941 1.805318 1.175941 1.805318
1.209066 1.805318 1.209066 1.805318
1.242191 1.805318 1.242191 1.805318
1.275317 1.805318 1.275317 1.805318
1.308442 1.805318 1.308442 1.805318
1.341567 1.805318 1.341567 1.805318
1.374692 1.805318 1.374692 1.805318
1.407817 1.805318 1.407817 1.805318
1.440942 1.805318 1.440942 1.805318
1.474067 1.805318 1.474067 1.805318
1.507192 1.805318 1.507192 1.805318
1.540317 1.805318 1.540317 1.805318
1.573443 1.805318 1.573443 1.805318
1.606568 1.805318 1.606568 1.805318
1.639693 1.805318 1.639693 1.805318
1.672818 1.805318 1.672818 1.805318
1.705943 1.805318 1.705943 1.805318
1.739068 1.805318 1.739068 1.805318
1.772193 1.805318 1.772193 1.805318
1.805318 1.805318 1.805318 1.805318
1.838443 1.805318 1.838443 1.805318
1.871568 1.805318 1.871568 1.805318
1.904694 1.805318 1.904694 1.805318
1.937819 1.805318 1.937819 1.805318
1.970944 1.805318 1.970944 1.805318
2.004069 1.805318 2.004069 1.805318
2.037194 1.805318 2.037194 1.805318
2.070319 1.805318 2.070319 1.805318
2.103444 1.805318 2.103444 1.805318
-2.103444 1.838443 -2.103444 1.838443
-2.070319 1.838443 -2.070319 1.838443
-2.037194 1.838443 -2.037194 1.838443
-2.004069 1.838443 -2.004069 1.838443
-1.970944 1.838443 -1.970944 1.838443
-1.937819 1.838443 -1.937819 1.838443
-1.904694 1.838443 -1.904694 1.838443
-1.871568 1.838443 -1.871568 1.838443
-1.838443 1.838443 -1.838443 1.838443
-1.805318 1.838443 -1.805318 1.838443
-1.772193 1.838443 -1.772193 1.838443
-1.739068 1.838443 -1.739068 1.838443
-1.705943 1.838443 -1.705943 1.838443
-1.672818 1.838443 -1.672818 1.838443
-1.639693 1.838443 -1.639693 1.838443
-1.606568 1.838443 -1.606568 1.838443
-1.573443 1.838443 -1.573443 1.838443
-1.540317 1.838443 -1.540317 1.838443
-1.507192 1.838443 -1.507192 1.838443
-1.474067 1.838443 -1.474067 1.838443
-1.440942 1.838443 -1.440942 1.838443
-1.407817 1.838443 -1.407817 1.838443
-1.374692 1.838443 -1.374692 1.838443
-1.341567 1.838443 -1.341567 1.838443
-1.308442 1.838443 -1.308442 1.838443
-1.275317 1.838443 -1.275317 1.838443
-1.242191 1.838443 -1.242191 1.838443
-1.209066 1.838443 -1.209066 1.838443
-1.175941 1.838443 -1.175941 1.838443
-1.142816 1.838443 -1.142816 1.838443
-1.109691 1.838443 -1.109691 1.838443
-1.076566 1.838443 -1.076566 1.838443
-1.043441 1.838443 -1.043441 1.838443
-1.010316 1.838443 -1.010316 1.838443
-0.977191 1.838443 -0.977191 1.838443
-0.944066 1.838443 -0.944066 1.838443
-0.910940 1.838443 -0.910940 1.838443
-0.877815 1.838443 -0.877815 1.838443
-0.844690 1.838443 -0.844690 1.838443
-0.811565 1.838443 -0.811565 1.838443
-0.778440 1.838443 -0.778440 1.838443
-0.745315 1.838443 -0.745315 1.838443
-0.712190 1.838443 -0.712190 1.838443
-0.679065 1.838443 -0.679065 1.838443
-0.645940 1.838443 -0.645940 1.838443
-0.612814 1.838443 -0.612814 1.838443
-0.579689 1.838443 -0.579689 1.838443
-0.546564 1.838443 -0.546564 1.838443
-0.513439 1.838443 -0.513439 1.838443
-0.480314 1.838443 -0.480314 1.838443
-0.447189 1.838443 -0.447189 1.838443
-0.414064 1.838443 -0.414064 1.838443
-0.380939 1.838443 -0.380939 1.838443
-0.347814 1.838443 -0.347814 1.838443
-0.314689 1.838443 -0.314689 1.838443
-0.281563 1.838443 -0.281563 1.838443
-0.248438 1.838443 -0.248438 1.838443
-0.215313 1.838443 -0.215313 1.838443
-0.182188 1.838443 -0.182188 1.838443
-0.149063 1.838443 -0.149063 1.838443
-0.115938 1.838443 -0.115938 1.838443
-0.082813 1.838443 -0.082813 1.838443
-0.049688 1.838443 -0.049688 1.838443
-0.016563 1.838443 -0.016563 1.838443
0.016563 1.838443 0.016563 1.838443
0.049688 1.838443 0.049688 1.838443
0.082813 1.838443 0.082813 1.838443
0.115938 1.838443 0.115938 1.838443
0.149063 1.838443 0.149063 1.838443
0.182188 1.838443 0.182188 1.838443
0.215313 1.838443 0.215313 1.838443
0.248438 1.838443 0.248438 1.838443
0.281563 1.838443 0.281563 1.838443
0.314689 1.838443 0.314689 1.838443
0.347814 1.838443 0.347814 1.838443
0.380939 1.838443 0.380939 1.838443
0.414064 1.838443 0.414064 1.838443
0.447189 1.838443 0.447189 1.838443
0.480314 1.838443 0.480314 1.838443
0.513439 1.838443 0.513439 1.838443
0.546564 1.838443 0.546564 1.838443
0.579689 1.838443 0.579689 1.838443
0.612814 1.838443 0.612814 1.838443
0.645940 1.838443 0.645940 1.838443
0.679065 1.838443 0.679065 1.838443
0.712190 1.838443 0.712190 1.838443
0.745315 1.838443 0.745315 1.838443
0.778440 1.838443 0.778440 1.838443
0.811565 1.838443 0.811565 1.838443
0.844690 1.838443 0.844690 1.838443
0.877815 1.838443 0.877815 1.838443
0.910940 1.838443 0.910940 1.838443
0.944066 1.838443 0.944066 1.838443
0.977191 1.838443 0.977191 1.838443
1.010316 1.838443 1.010316 1.838443
1.043441 1.838443 1.043441 1.838443
1.076566 1.838443 1.076566 1.838443
1.109691 1.838443 1.109691 1.838443
1.142816 1.838443 1.142816 1.838443
1.175941 1.838443 1.175941 1.838443
1.209066 1.838443 1.209066 1.838443
1.242191 1.838443 1.242191 1.838443
1.275317 1.838443 1.275317 1.838443
1.308442 1.838443 1.308442 1.838443
1.341567 1.838443 1.341567 1.838443
1.374692 1.838443 1.374692 1.838443
1.407817 1.838443 1.407817 1.838443
1.440942 1.838443 1.440942 1.838443
1.474067 1.838443 1.474067 1.838443
1.507192 1.838443 1.507192 1.838443
1.540317 1.838443 1.540317 1.838443
1.573443 1.838443 1.573443 1.838443
1.606568 1.838443 1.606568 1.838443
1.639693 1.838443 1.639693 1.838443
1.672818 1.838443 1.672818 1.838443
1.705943 1.838443 1.705943 1.838443
1.739068 1.838443 1.739068 1.838443
1.772193 1.838443 1.772193 1.838443
1.805318 1.838443 1.805318 1.838443
1.838443 1.838443 1.838443 1.838443
1.871568 1.838443 1.871568 1.838443
1.904694 1.838443 1.904694 1.838443
1.937819 1.838443 1.937819 1.838443
1.970944 1.838443 1.970944 1.838443
2.004069 1.838443 2.004069 1.838443
2.037194 1.838443 2.037194 1.838443
2.070319 1.838443 2.070319 1.838443
2.103444 1.838443 2.103444 1.838443
-2.103444 1.871568 -2.103444 1.871568
-2.070319 1.871568 -2.070319 1.871568
-2.037194 1.871568 -2.037194 1.871568
-2.004069 1.871568 -2.004069 1.871568
-1.970944 1.871568 -1.970944 1.871568
-1.937819 1.871568 -1.937819 1.871568
-1.904694 1.871568 -1.904694 1.871568
-1.871568 1.871568 -1.871568 1.871568
-1.838443 1.871568 -1.838443 1.871568
-1.805318 1.871568 -1.805318 1.871568
-1.772193 1.871568 -1.772193 1.871568
-1.739068 1.871568 -1.739068 1.871568
-1.705943 1.871568 -1.705943 1.871568
-1.672818 1.871568 -1.672818 1.871568
-1.639693 1.871568 -1.639693 1.871568
-1.606568 1.871568 -1.606568 1.871568
-1.573443 1.871568 -1.573443 1.871568
-1.540317 1.871568 -1.540317 1.871568
-1.507192 1.871568 -1.507192 1.871568
-1.474067 1.871568 -1.474067 1.871568
-1.440942 1.871568 -1.440942 1.871568
-1.407817 1.871568 -1.407817 1.871568
-1.374692 1.871568 -1.374692 1.871568
-1.341567 1.871568 -1.341567 1.871568
-1.308442 1.871568 -1.308442 1.871568
-1.275317 1.871568 -1.275317 1.871568
-1.242191 1.871568 -1.242191 1.871568
-1.209066 1.871568 -1.209066 1.871568
-1.175941 1.871568 -1.175941 1.871568
-1.142816 1.871568 -1.142816 1.871568
-1.109691 1.871568 -1.109691 1.871568
-1.076566 1.871568 -1.076566 1.871568
-1.043441 1.871568 -1.043441 1.871568
-1.010316 1.871568 -1.010316 1.871568
-0.977191 1.871568 -0.977191 1.871568
-0.944066 1.871568 -0.944066 1.871568
-0.910940 1.871568 -0.910940 1.871568
-0.877815 1.871568 -0.877815 1.871568
-0.844690 1.871568 -0.844690 1.871568
-0.811565 1.871568 -0.811565 1.871568
-0.778440 1.871568 -0.778440 1.871568
-0.745315 1.871568 -0.745315 1.871568
-0.712190 1.871568 -0.712190 1.871568
-0.679065 1.871568 -0.679065 1.871568
-0.645940 1.871568 -0.645940 1.871568
-0.612814 1.871568 -0.612814 1.871568
-0.579689 1.871568 -0.579689 1.871568
-0.546564 1.871568 -0.546564 1.871568
-0.513439 1.871568 -0.513439 1.871568
-0.480314 1.871568 -0.480314 1.871568
-0.447189 1.871568 -0.447189 1.871568
-0.414064 1.871568 -0.414064 1.871568
-0.380939 1.871568 -0.380939 1.871568
-0.347814 1.871568 -0.347814 1.871568
-0.314689 1.871568 -0.314689 1.871568
-0.281563 1.871568 -0.281563 1.871568
-0.248438 1.871568 -0.248438 1.871568
-0.215313 1.871568 -0.215313 1.871568
-0.182188 1.871568 -0.182188 1.871568
-0.149063 1.871568 -0.149063 1.871568
-0.115938 1.871568 -0.115938 1.871568
-0.082813 1.871568 -0.082813 1.871568
-0.049688 1.871568 -0.049688 1.871568
-0.016563 1.871568 -0.016563 1.871568
0.016563 1.871568 0.016563 1.871568
0.049688 1.871568 0.049688 1.871568
0.082813 1.871568 0.082813 1.871568
0.115938 1.871568 0.115938 1.871568
0.149063 1.871568 0.149063 1.871568
0.182188 1.871568 0.182188 1.871568
0.215313 1.871568 0.215313 1.871568
0.248438 1.871568 0.248438 1.871568
0.281563 1.871568 0.281563 1.871568
0.314689 1.871568 0.314689 1.871568
0.347814 1.871568 0.347814 1.871568
0.380939 1.871568 0.380939 1.871568
0.414064 1.871568 0.414064 1.871568
0.447189 1.871568 0.447189 1.871568
0.480314 1.871568 0.480314 1.871568
0.513439 1.871568 0.513439 1.871568
0.546564 1.871568 0.546564 1.871568
0.579689 1.871568 0.579689 1.871568
0.612814 1.871568 0.612814 1.871568
0.645940 1.871568 0.645940 1.871568
0.679065 1.871568 0.679065 1.871568
0.712190 1.871568 0.712190 1.871568
0.745315 1.871568 0.745315 1.871568
0.778440 1.871568 0.778440 1.871568
0.811565 1.871568 0.811565 1.871568
0.844690 1.871568 0.844690 1.871568
0.877815 1.871568 0.877815 1.871568
0.910940 1.871568 0.910940 1.871568
0.944066 1.871568 0.944066 1.871568
0.977191 1.871568 0.977191 1.871568
1.010316 1.871568 1.010316 1.871568
1.043441 1.871568 1.043441 1.871568
1.076566 1.871568 1.076566 1.871568
1.109691 1.871568 1.109691 1.871568
1.142816 1.871568 1.142816 1.871568
1.175941 1.871568 1.175941 1.871568
1.209066 1.871568 1.209066 1.871568
1.242191 1.871568 1.242191 1.871568
1.275317 1.871568 1.275317 1.871568
1.308442 1.871568 1.308442 1.871568
1.341567 1.871568 1.341567 1.871568
1.374692 1.871568 1.374692 1.871568
1.407817 1.871568 1.407817 1.871568
1.440942 1.871568 1.440942 1.871568
1.474067 1.871568 1.474067 1.871568
1.507192 1.871568 1.507192 1.871568
1.540317 1.871568 1.540317 1.871568
1.573443 1.871568 1.573443 1.871568
1.606568 1.871568 1.606568 1.871568
1.639693 1.871568 1.639693 1.871568
1.672818 1.871568 1.672818 1.871568
1.705943 1.871568 1.705943 1.871568
1.739068 1.871568 1.739068 1.871568
1.772193 1.871568 1.772193 1.871568
1.805318 1.871568 1.805318 1.871568
1.838443 1.871568 1.838443 1.871568
1.871568 1.871568 1.871568 1.871568
1.904694 1.871568 1.904694 1.871568
1.937819 1.871568 1.937819 1.871568
1.970944 1.871568 1.970944 1.871568
2.004069 1.871568 2.004069 1.871568
2.037194 1.871568 2.037194 1.871568
2.070319 1.871568 2.070319 1.871568
2.103444 1.871568 2.103444 1.871568
-2.103444 1.904694 -2.103444 1.904694
-2.070319 1.904694 -2.070319 1.904694
-2.037194 1.904694 -2.037194 1.904694
-2.004069 1.904694 -2.004069 1.904694
-1.970944 1.904694 -1.970944 1.904694
-1.937819 1.904694 -1.937819 1.904694
-1.904694 1.904694 -1.904694 1.904694
-1.871568 1.904694 -1.871568 1.904694
-1.838443 1.904694 -1.838443 1.904694
-1.805318 1.904694 -1.805318 1.904694
-1.772193 1.904694 -1.772193 1.904694
-1.739068 1.904694 -1.739068 1.904694
-1.705943 1.904694 -1.705943 1.904694
-1.672818 1.904694 -1.672818 1.904694
-1.639693 1.904694 -1.639693 1.904694
-1.606568 1.904694 -1.606568 1.904694
-1.573443 1.904694 -1.573443 1.904694
-1.540317 1.904694 -1.540317 1.904694
-1.507192 1.904694 -1.507192 1.904694
-1.474067 1.904694 -1.474067 1.904694
-1.440942 1.904694 -1.440942 1.904694
-1.407817 1.904694 -1.407817 1.904694
-1.374692 1.904694 -1.374692 1.904694
-1.341567 1.904694 -1.341567 1.904694
-1.308442 1.904694 -1.308442 1.904694
-1.275317 1.904694 -1.275317 1.904694
-1.242191 1.904694 -1.242191 1.904694
-1.209066 1.904694 -1.209066 1.904694
-1.175941 1.904694 -1.175941 1.904694
-1.142816 1.904694 -1.142816 1.904694
-1.109691 1.904694 -1.109691 1.904694
-1.076566 1.904694 -1.076566 1.904694
-1.043441 1.904694 -1.043441 1.904694
-1.010316 1.904694 -1.010316 1.904694
-0.977191 1.904694 -0.977191 1.904694
-0.944066 1.904694 -0.944066 1.904694
-0.910940 1.904694 -0.910940 1.904694
-0.877815 1.904694 -0.877815 1.904694
-0.844690 1.904694 -0.844690 1.904694
-0.811565 1.904694 -0.811565 1.904694
-0.778440 1.904694 -0.778440 1.904694
-0.745315 1.904694 -0.745315 1.904694
-0.712190 1.904694 -0.712190 1.904694
-0.679065 1.904694 -0.679065 1.904694
-0.645940 1.904694 -0.645940 1.904694
-0.612814 1.904694 -0.612814 1.904694
-0.579689 1.904694 -0.579689 1.904694
-0.546564 1.904694 -0.546564 1.904694
-0.513439 1.904694 -0.513439 1.904694
-0.480314 1.904694 -0.480314 1.904694
-0.447189 1.904694 -0.447189 1.904694
-0.414064 1.904694 -0.414064 1.904694
-0.380939 1.904694 -0.380939 1.904694
-0.347814 1.904694 -0.347814 1.904694
-0.314689 1.904694 -0.314689 1.904694
-0.281563 1.904694 -0.281563 1.904694
-0.248438 1.904694 -0.248438 1.904694
-0.215313 1.904694 -0.215313 1.904694
-0.182188 1.904694 -0.182188 1.904694
-0.149063 1.904694 -0.149063 1.904694
-0.115938 1.904694 -0.115938 1.904694
-0.082813 1.904694 -0.082813 1.904694
-0.049688 1.904694 -0.049688 1.904694
-0.016563 1.904694 -0.016563 1.904694
0.016563 1.904694 0.016563 1.904694
0.049688 1.904694 0.049688 1.904694
0.082813 1.904694 0.082813 1.904694
0.115938 1.904694 0.115938 1.904694
0.149063 1.904694 0.149063 1.904694
0.182188 1.904694 0.182188 1.904694
0.215313 1.904694 0.215313 1.904694
0.248438 1.904694 0.248438 1.904694
0.281563 1.904694 0.281563 1.904694
0.314689 1.904694 0.314689 1.904694
0.347814 1.904694 0.347814 1.904694
0.380939 1.904694 0.380939 1.904694
0.414064 1.904694 0.414064 1.904694
0.447189 1.904694 0.447189 1.904694
0.480314 1.904694 0.480314 1.904694
0.513439 1.904694 0.513439 1.904694
0.546564 1.904694 0.546564 1.904694
0.579689 1.904694 0.579689 1.904694
0.612814 1.904694 0.612814 1.904694
0.645940 1.904694 0.645940 1.904694
0.679065 1.904694 0.679065 1.904694
0.712190 1.904694 0.712190 1.904694
0.745315 1.904694 0.745315 1.904694
0.778440 1.904694 0.778440 1.904694
0.811565 1.904694 0.811565 1.904694
0.844690 1.904694 0.844690 1.904694
0.877815 1.904694 0.877815 1.904694
0.910940 1.904694 0.910940 1.904694
0.944066 1.904694 0.944066 1.904694
0.977191 1.904694 0.977191 1.904694
1.010316 1.904694 1.010316 1.904694
1.043441 1.904694 1.043441 1.904694
1.076566 1.904694 1.076566 1.904694
1.109691 1.904694 1.109691 1.904694
1.142816 1.904694 1.142816 1.904694
1.175941 1.904694 1.175941 1.904694
1.209066 1.904694 1.209066 1.904694
1.242191 1.904694 1.242191 1.904694
1.275317 1.904694 1.275317 1.904694
1.308442 1.904694 1.308442 1.904694
1.341567 1.904694 1.341567 1.904694
1.374692 1.904694 1.374692 1.904694
1.407817 1.904694 1.407817 1.904694
1.440942 1.904694 1.440942 1.904694
1.474067 1.904694 1.474067 1.904694
1.507192 1.904694 1.507192 1.904694
1.540317 1.904694 1.540317 1.904694
1.573443 1.904694 1.573443 1.904694
1.606568 1.904694 1.606568 1.904694
1.639693 1.904694 1.639693 1.904694
1.672818 1.904694 1.672818 1.904694
1.705943 1.904694 1.705943 1.904694
1.739068 1.904694 1.739068 1.904694
1.772193 1.904694 1.772193 1.904694
1.805318 1.904694 1.805318 1.904694
1.838443 1.904694 1.838443 1.904694
1.871568 1.904694 1.871568 1.904694
1.904694 1.904694 1.904694 1.904694
1.937819 1.904694 1.937819 1.904694
1.970944 1.904694 1.970944 1.904694
2.004069 1.904694 2.004069 1.904694
2.037194 1.904694 2.037194 1.904694
2.070319 1.904694 2.070319 1.904694
2.103444 1.904694 2.103444 1.904694
-2.103444 1.937819 -2.103444 1.937819
-2.070319 1.937819 -2.070319 1.937819
-2.037194 1.937819 -2.037194 1.937819
-2.004069 1.937819 -2.004069 1.937819
-1.970944 1.937819 -1.970944 1.937819
-1.937819 1.937819 -1.937819 1.937819
-1.904694 1.937819 -1.904694 1.937819
-1.871568 1.937819 -1.871568 1.937819
-1.838443 1.937819 -1.838443 1.937819
-1.805318 1.937819 -1.805318 1.937819
-1.772193 1.937819 -1.772193 1.937819
-1.739068 1.937819 -1.739068 1.937819
-1.705943 1.937819 -1.705943 1.937819
-1.672818 1.937819 -1.672818 1.937819
-1.639693 1.937819 -1.639693 1.937819
-1.606568 1.937819 -1.606568 1.937819
-1.573443 1.937819 -1.573443 1.937819
-1.540317 1.937819 -1.540317 1.937819
-1.507192 1.937819 -1.507192 1.937819
-1.474067 1.937819 -1.474067 1.937819
-1.440942 1.937819 -1.440942 1.937819
-1.407817 1.937819 -1.407817 1.937819
-1.374692 1.937819 -1.374692 1.937819
-1.341567 1.937819 -1.341567 1.937819
-1.308442 1.937819 -1.308442 1.937819
-1.275317 1.937819 -1.275317 1.937819
-1.242191 1.937819 -1.242191 1.937819
-1.209066 1.937819 -1.209066 1.937819
-1.175941 1.937819 -1.175941 1.937819
-1.142816 1.937819 -1.142816 1.937819
-1.109691 1.937819 -1.109691 1.937819
-1.076566 1.937819 -1.076566 1.937819
-1.043441 1.937819 -1.043441 1.937819
-1.010316 1.937819 -1.010316 1.937819
-0.977191 1.937819 -0.977191 1.937819
-0.944066 1.937819 -0.944066 1.937819
-0.910940 1.937819 -0.910940 1.937819
-0.877815 1.937819 -0.877815 1.937819
-0.844690 1.937819 -0.844690 1.937819
-0.811565 1.937819 -0.811565 1.937819
-0.778440 1.937819 -0.778440 1.937819
-0.745315 1.937819 -0.745315 1.937819
-0.712190 1.937819 -0.712190 1.937819
-0.679065 1.937819 -0.679065 1.937819
-0.645940 1.937819 -0.645940 1.937819
-0.612814 1.937819 -0.612814 1.937819
-0.579689 1.937819 -0.579689 1.937819
-0.546564 1.937819 -0.546564 1.937819
-0.513439 1.937819 -0.513439 1.937819
-0.480314 1.937819 -0.480314 1.937819
-0.447189 1.937819 -0.447189 1.937819
-0.414064 1.937819 -0.414064 1.937819
-0.380939 1.937819 -0.380939 1.937819
-0.347814 1.937819 -0.347814 1.937819
-0.314689 1.937819 -0.314689 1.937819
-0.281563 1.937819 -0.281563 1.937819
-0.248438 1.937819 -0.248438 1.937819
-0.215313 1.937819 -0.215313 1.937819
-0.182188 1.937819 -0.182188 1.937819
-0.149063 1.937819 -0.149063 1.937819
-0.115938 1.937819 -0.115938 1.937819
-0.082813 1.937819 -0.082813 1.937819
-0.049688 1.937819 -0.049688 1.937819
-0.016563 1.937819 -0.016563 1.937819
0.016563 1.937819 0.016563 1.937819
0.049688 1.937819 0.049688 1.937819
0.082813 1.937819 0.082813 1.937819
0.115938 1.937819 0.115938 1.937819
0.149063 1.937819 0.149063 1.937819
0.182188 1.937819 0.182188 1.937819
0.215313 1.937819 0.215313 1.937819
0.248438 1.937819 0.248438 1.937819
0.281563 1.937819 0.281563 1.937819
0.314689 1.937819 0.314689 1.937819
0.347814 1.937819 0.347814 1.937819
0.380939 1.937819 0.380939 1.937819
0.414064 1.937819 0.414064 1.937819
0.447189 1.937819 0.447189 1.937819
0.480314 1.937819 0.480314 1.937819
0.513439 1.937819 0.513439 1.937819
0.546564 1.937819 0.546564 1.937819
0.579689 1.937819 0.579689 1.937819
0.612814 1.937819 0.612814 1.937819
0.645940 1.937819 0.645940 1.937819
0.679065 1.937819 0.679065 1.937819
0.712190 1.937819 0.712190 1.937819
0.745315 1.937819 0.745315 1.937819
0.778440 1.937819 0.778440 1.937819
0.811565 1.937819 0.811565 1.937819
0.844690 1.937819 0.844690 1.937819
0.877815 1.937819 0.877815 1.937819
0.910940 1.937819 0.910940 1.937819
0.944066 1.937819 0.944066 1.937819
0.977191 1.937819 0.977191 1.937819
1.010316 1.937819 1.010316 1.937819
1.043441 1.937819 1.043441 1.937819
1.076566 1.937819 1.076566 1.937819
1.109691 1.937819 1.109691 1.937819
1.142816 1.937819 1.142816 1.937819
1.175941 1.937819 1.175941 1.937819
1.209066 1.937819 1.209066 1.937819
1.242191 1.937819 1.242191 1.937819
1.275317 1.937819 1.275317 1.937819
1.308442 1.937819 1.308442 1.937819
1.341567 1.937819 1.341567 1.937819
1.374692 1.937819 1.374692 1.937819
1.407817 1.937819 1.407817 1.937819
1.440942 1.937819 1.440942 1.937819
1.474067 1.937819 1.474067 1.937819
1.507192 1.937819 1.507192 1.937819
1.540317 1.937819 1.540317 1.937819
1.573443 1.937819 1.573443 1.937819
1.606568 1.937819 1.606568 1.937819
1.639693 1.937819 1.639693 1.937819
1.672818 1.937819 1.672818 1.937819
1.705943 1.937819 1.705943 1.937819
1.739068 1.937819 1.739068 1.937819
1.772193 1.937819 1.772193 1.937819
1.805318 1.937819 1.805318 1.937819
1.838443 1.937819 1.838443 1.937819
1.871568 1.937819 1.871568 1.937819
1.904694 1.937819 1.904694 1.937819
1.937819 1.937819 1.937819 1.937819
1.970944 1.937819 1.970944 1.937819
2.004069 1.937819 2.004069 1.937819
2.037194 1.937819 2.037194 1.937819
2.070319 1.937819 2.070319 1.937819
2.103444 1.937819 2.103444 1.937819
-2.103444 1.970944 -2.103444 1.970944
-2.070319 1.970944 -2.070319 1.970944
-2.037194 1.970944 -2.037194 1.970944
-2.004069 1.970944 -2.004069 1.970944
-1.970944 1.970944 -1.970944 1.970944
-1.937819 1.970944 -1.937819 1.970944
-1.904694 1.970944 -1.904694 1.970944
-1.871568 1.970944 -1.871568 1.970944
-1.838443 1.970944 -1.838443 1.970944
-1.805318 1.970944 -1.805318 1.970944
-1.772193 1.970944 -1.772193 1.970944
-1.739068 1.970944 -1.739068 1.970944
-1.705943 1.970944 -1.705943 1.970944
-1.672818 1.970944 -1.672818 1.970944
-1.639693 1.970944 -1.639693 1.970944
-1.606568 1.970944 -1.606568 1.970944
-1.573443 1.970944 -1.573443 1.970944
-1.540317 1.970944 -1.540317 1.970944
-1.507192 1.970944 -1.507192 1.970944
-1.474067 1.970944 -1.474067 1.970944
-1.440942 1.970944 -1.440942 1.970944
-1.407817 1.970944 -1.407817 1.970944
-1.374692 1.970944 -1.374692 1.970944
-1.341567 1.970944 -1.341567 1.970944
-1.308442 1.970944 -1.308442 1.970944
-1.275317 1.970944 -1.275317 1.970944
-1.242191 1.970944 -1.242191 1.970944
-1.209066 1.970944 -1.209066 1.970944
-1.175941 1.970944 -1.175941 1.970944
-1.142816 1.970944 -1.142816 1.970944
-1.109691 1.970944 -1.109691 1.970944
-1.076566 1.970944 -1.076566 1.970944
-1.043441 1.970944 -1.043441 1.970944
-1.010316 1.970944 -1.010316 1.970944
-0.977191 1.970944 -0.977191 1.970944
-0.944066 1.970944 -0.944066 1.970944
-0.910940 1.970944 -0.910940 1.970944
-0.877815 1.970944 -0.877815 1.970944
-0.844690 1.970944 -0.844690 1.970944
-0.811565 1.970944 -0.811565 1.970944
-0.778440 1.970944 -0.778440 1.970944
-0.745315 1.970944 -0.745315 1.970944
-0.712190 1.970944 -0.712190 1.970944
-0.679065 1.970944 -0.679065 1.970944
-0.645940 1.970944 -0.645940 1.970944
-0.612814 1.970944 -0.612814 1.970944
-0.579689 1.970944 -0.579689 1.970944
-0.546564 1.970944 -0.546564 1.970944
-0.513439 1.970944 -0.513439 1.970944
-0.480314 1.970944 -0.480314 1.970944
-0.447189 1.970944 -0.447189 1.970944
-0.414064 1.970944 -0.414064 1.970944
-0.380939 1.970944 -0.380939 1.970944
-0.347814 1.970944 -0.347814 1.970944
-0.314689 1.970944 -0.314689 1.970944
-0.281563 1.970944 -0.281563 1.970944
-0.248438 1.970944 -0.248438 1.970944
-0.215313 1.970944 -0.215313 1.970944
-0.182188 1.970944 -0.182188 1.970944
-0.149063 1.970944 -0.149063 1.970944
-0.115938 1.970944 -0.115938 1.970944
-0.082813 1.970944 -0.082813 1.970944
-0.049688 1.970944 -0.049688 1.970944
-0.016563 1.970944 -0.016563 1.970944
0.016563 1.970944 0.016563 1.970944
0.049688 1.970944 0.049688 1.970944
0.082813 1.970944 0.082813 1.970944
0.115938 1.970944 0.115938 1.970944
0.149063 1.970944 0.149063 1.970944
0.182188 1.970944 0.182188 1.970944
0.215313 1.970944 0.215313 1.970944
0.248438 1.970944 0.248438 1.970944
0.281563 1.970944 0.281563 1.970944
0.314689 1.970944 0.314689 1.970944
0.347814 1.970944 0.347814 1.970944
0.380939 1.970944 0.380939 1.970944
0.414064 1.970944 0.414064 1.970944
0.447189 1.970944 0.447189 1.970944
0.480314 1.970944 0.480314 1.970944
0.513439 1.970944 0.513439 1.970944
0.546564 1.970944 0.546564 1.970944
0.579689 1.970944 0.579689 1.970944
0.612814 1.970944 0.612814 1.970944
0.645940 1.970944 0.645940 1.970944
0.679065 1.970944 0.679065 1.970944
0.712190 1.970944 0.712190 1.970944
0.745315 1.970944 0.745315 1.970944
0.778440 1.970944 0.778440 1.970944
0.811565 1.970944 0.811565 1.970944
0.844690 1.970944 0.844690 1.970944
0.877815 1.970944 0.877815 1.970944
0.910940 1.970944 0.910940 1.970944
0.944066 1.970944 0.944066 1.970944
0.977191 1.970944 0.977191 1.970944
1.010316 1.970944 1.010316 1.970944
1.043441 1.970944 1.043441 1.970944
1.076566 1.970944 1.076566 1.970944
1.109691 1.970944 1.109691 1.970944
1.142816 1.970944 1.142816 1.970944
1.175941 1.970944 1.175941 1.970944
1.209066 1.970944 1.209066 1.970944
1.242191 1.970944 1.242191 1.970944
1.275317 1.970944 1.275317 1.970944
1.308442 1.970944 1.308442 1.970944
1.341567 1.970944 1.341567 1.970944
1.374692 1.970944 1.374692 1.970944
1.407817 1.970944 1.407817 1.970944
1.440942 1.970944 1.440942 1.970944
1.474067 1.970944 1.474067 1.970944
1.507192 1.970944 1.507192 1.970944
1.540317 1.970944 1.540317 1.970944
1.573443 1.970944 1.573443 1.970944
1.606568 1.970944 1.606568 1.970944
1.639693 1.970944 1.639693 1.970944
1.672818 1.970944 1.672818 1.970944
1.705943 1.970944 1.705943 1.970944
1.739068 1.970944 1.739068 1.970944
1.772193 1.970944 1.772193 1.970944
1.805318 1.970944 1.805318 1.970944
1.838443 1.970944 1.838443 1.970944
1.871568 1.970944 1.871568 1.970944
1.904694 1.970944 1.904694 1.970944
1.937819 1.970944 1.937819 1.970944
1.970944 1.970944 1.970944 1.970944
2.004069 1.970944 2.004069 1.970944
2.037194 1.970944 2.037194 1.970944
2.070319 1.970944 2.070319 1.970944
2.103444 1.970944 2.103444 1.970944
-2.103444 2.004069 -2.103444 2.004069
-2.070319 2.004069 -2.070319 2.004069
-2.037194 2.004069 -2.037194 2.004069
-2.004069 2.004069 -2.004069 2.004069
-1.970944 2.004069 -1.970944 2.004069
-1.937819 2.004069 -1.937819 2.004069
-1.904694 2.004069 -1.904694 2.004069
-1.871568 2.004069 -1.871568 2.004069
-1.838443 2.004069 -1.838443 2.004069
-1.805318 2.004069 -1.805318 2.004069
-1.772193 2.004069 -1.772193 2.004069
-1.739068 2.004069 -1.739068 2.004069
-1.705943 2.004069 -1.705943 2.004069
-1.672818 2.004069 -1.672818 2.004069
-1.639693 2.004069 -1.639693 2.004069
-1.606568 2.004069 -1.606568 2.004069
-1.573443 2.004069 -1.573443 2.004069
-1.540317 2.004069 -1.540317 2.004069
-1.507192 2.004069 -1.507192 2.004069
-1.474067 2.004069 -1.474067 2.004069
-1.440942 2.004069 -1.440942 2.004069
-1.407817 2.004069 -1.407817 2.004069
-1.374692 2.004069 -1.374692 2.004069
-1.341567 2.004069 -1.341567 2.004069
-1.308442 2.004069 -1.308442 2.004069
-1.275317 2.004069 -1.275317 2.004069
-1.242191 2.004069 -1.242191 2.004069
-1.209066 2.004069 -1.209066 2.004069
-1.175941 2.004069 -1.175941 2.004069
-1.142816 2.004069 -1.142816 2.004069
-1.109691 2.004069 -1.109691 2.004069
-1.076566 2.004069 -1.076566 2.004069
-1.043441 2.004069 -1.043441 2.004069
-1.010316 2.004069 -1.010316 2.004069
-0.977191 2.004069 -0.977191 2.004069
-0.944066 2.004069 -0.944066 2.004069
-0.910940 2.004069 -0.910940 2.004069
-0.877815 2.004069 -0.877815 2.004069
-0.844690 2.004069 -0.844690 2.004069
-0.811565 2.004069 -0.811565 2.004069
-0.778440 2.004069 -0.778440 2.004069
-0.745315 2.004069 -0.745315 2.004069
-0.712190 2.004069 -0.712190 2.004069
-0.679065 2.004069 -0.679065 2.004069
-0.645940 2.004069 -0.645940 2.004069
-0.612814 2.004069 -0.612814 2.004069
-0.579689 2.004069 -0.579689 2.004069
-0.546564 2.004069 -0.546564 2.004069
-0.513439 2.004069 -0.513439 2.004069
-0.480314 2.004069 -0.480314 2.004069
-0.447189 2.004069 -0.447189 2.004069
-0.414064 2.004069 -0.414064 2.004069
-0.380939 2.004069 -0.380939 2.004069
-0.347814 2.004069 -0.347814 2.004069
-0.314689 2.004069 -0.314689 2.004069
-0.281563 2.004069 -0.281563 2.004069
-0.248438 2.004069 -0.248438 2.004069
-0.215313 2.004069 -0.215313 2.004069
-0.182188 2.004069 -0.182188 2.004069
-0.149063 2.004069 -0.149063 2.004069
-0.115938 2.004069 -0.115938 2.004069
-0.082813 2.004069 -0.082813 2.004069
-0.049688 2.004069 -0.049688 2.004069
-0.016563 2.004069 -0.016563 2.004069
0.016563 2.004069 0.016563 2.004069
0.049688 2.004069 0.049688 2.004069
0.082813 2.004069 0.082813 2.004069
0.115938 2.004069 0.115938 2.004069
0.149063 2.004069 0.149063 2.004069
0.182188 2.004069 0.182188 2.004069
0.215313 2.004069 0.215313 2.004069
0.248438 2.004069 0.248438 2.004069
0.281563 2.004069 0.281563 2.004069
0.314689 2.004069 0.314689 2.004069
0.347814 2.004069 0.347814 2.004069
0.380939 2.004069 0.380939 2.004069
0.414064 2.004069 0.414064 2.004069
0.447189 2.004069 0.447189 2.004069
0.480314 2.004069 0.480314 2.004069
0.513439 2.004069 0.513439 2.004069
0.546564 2.004069 0.546564 2.004069
0.579689 2.004069 0.579689 2.004069
0.612814 2.004069 0.612814 2.004069
0.645940 2.004069 0.645940 2.004069
0.679065 2.004069 0.679065 2.004069
0.712190 2.004069 0.712190 2.004069
0.745315 2.004069 0.745315 2.004069
0.778440 2.004069 0.778440 2.004069
0.811565 2.004069 0.811565 2.004069
0.844690 2.004069 0.844690 2.004069
0.877815 2.004069 0.877815 2.004069
0.910940 2.004069 0.910940 2.004069
0.944066 2.004069 0.944066 2.004069
0.977191 2.004069 0.977191 2.004069
1.010316 2.004069 1.010316 2.004069
1.043441 2.004069 1.043441 2.004069
1.076566 2.004069 1.076566 2.004069
1.109691 2.004069 1.109691 2.004069
1.142816 2.004069 1.142816 2.004069
1.175941 2.004069 1.175941 2.004069
1.209066 2.004069 1.209066 2.004069
1.242191 2.004069 1.242191 2.004069
1.275317 2.004069 1.275317 2.004069
1.308442 2.004069 1.308442 2.004069
1.341567 2.004069 1.341567 2.004069
1.374692 2.004069 1.374692 2.004069
1.407817 2.004069 1.407817 2.004069
1.440942 2.004069 1.440942 2.004069
1.474067 2.004069 1.474067 2.004069
1.507192 2.004069 1.507192 2.004069
1.540317 2.004069 1.540317 2.004069
1.573443 2.004069 1.573443 2.004069
1.606568 2.004069 1.606568 2.004069
1.639693 2.004069 1.639693 2.004069
1.672818 2.004069 1.672818 2.004069
1.705943 2.004069 1.705943 2.004069
1.739068 2.004069 1.739068 2.004069
1.772193 2.004069 1.772193 2.004069
1.805318 2.004069 1.805318 2.004069
1.838443 2.004069 1.838443 2.004069
1.871568 2.004069 1.871568 2.004069
1.904694 2.004069 1.904694 2.004069
1.937819 2.004069 1.937819 2.004069
1.970944 2.004069 1.970944 2.004069
2.004069 2.004069 2.004069 2.004069
2.037194 2.004069 2.037194 2.004069
2.070319 2.004069 2.070319 2.004069
2.103444 2.004069 2.103444 2.004069
-2.103444 2.037194 -2.103444 2.037194
-2.070319 2.037194 -2.070319 2.037194
-2.037194 2.037194 -2.037194 2.037194
-2.004069 2.037194 -2.004069 2.037194
-1.970944 2.037194 -1.970944 2.037194
-1.937819 2.037194 -1.937819 2.037194
-1.904694 2.037194 -1.904694 2.037194
-1.871568 2.037194 -1.871568 2.037194
-1.838443 2.037194 -1.838443 2.037194
-1.805318 2.037194 -1.805318 2.037194
-1.772193 2.037194 -1.772193 2.037194
-1.739068 2.037194 -1.739068 2.037194
-1.705943 2.037194 -1.705943 2.037194
-1.672818 2.037194 -1.672818 2.037194
-1.639693 2.037194 -1.639693 2.037194
-1.606568 2.037194 -1.606568 2.037194
-1.573443 2.037194 -1.573443 2.037194
-1.540317 2.037194 -1.540317 2.037194
-1.507192 2.037194 -1.507192 2.037194
-1.474067 2.037194 -1.474067 2.037194
-1.440942 2.037194 -1.440942 2.037194
-1.407817 2.037194 -1.407817 2.037194
-1.374692 2.037194 -1.374692 2.037194
-1.341567 2.037194 -1.341567 2.037194
-1.308442 2.037194 -1.308442 2.037194
-1.275317 2.037194 -1.275317 2.037194
-1.242191 2.037194 -1.242191 2.037194
-1.209066 2.037194 -1.209066 2.037194
-1.175941 2.037194 -1.175941 2.037194
-1.142816 2.037194 -1.142816 2.037194
-1.109691 2.037194 -1.109691 2.037194
-1.076566 2.037194 -1.076566 2.037194
-1.043441 2.037194 -1.043441 2.037194
-1.010316 2.037194 -1.010316 2.037194
-0.977191 2.037194 -0.977191 2.037194
-0.944066 2.037194 -0.944066 2.037194
-0.910940 2.037194 -0.910940 2.037194
-0.877815 2.037194 -0.877815 2.037194
-0.844690 2.037194 -0.844690 2.037194
-0.811565 2.037194 -0.811565 2.037194
-0.778440 2.037194 -0.778440 2.037194
-0.745315 2.037194 -0.745315 2.037194
-0.712190 2.037194 -0.712190 2.037194
-0.679065 2.037194 -0.679065 2.037194
-0.645940 2.037194 -0.645940 2.037194
-0.612814 2.037194 -0.612814 2.037194
-0.579689 2.037194 -0.579689 2.037194
-0.546564 2.037194 -0.546564 2.037194
-0.513439 2.037194 -0.513439 2.037194
-0.480314 2.037194 -0.480314 2.037194
-0.447189 2.037194 -0.447189 2.037194
-0.414064 2.037194 -0.414064 2.037194
-0.380939 2.037194 -0.380939 2.037194
-0.347814 2.037194 -0.347814 2.037194
-0.314689 2.037194 -0.314689 2.037194
-0.281563 2.037194 -0.281563 2.037194
-0.248438 2.037194 -0.248438 2.037194
-0.215313 2.037194 -0.215313 2.037194
-0.182188 2.037194 -0.182188 2.037194
-0.149063 2.037194 -0.149063 2.037194
-0.115938 2.037194 -0.115938 2.037194
-0.082813 2.037194 -0.082813 2.037194
-0.049688 2.037194 -0.049688 2.037194
-0.016563 2.037194 -0.016563 2.037194
0.016563 2.037194 0.016563 2.037194
0.049688 2.037194 0.049688 2.037194
0.082813 2.037194 0.082813 2.037194
0.115938 2.037194 0.115938 2.037194
0.149063 2.037194 0.149063 2.037194
0.182188 2.037194 0.182188 2.037194
0.215313 2.037194 0.215313 2.037194
0.248438 2.037194 0.248438 2.037194
0.281563 2.037194 0.281563 2.037194
0.314689 2.037194 0.314689 2.037194
0.347814 2.037194 0.347814 2.037194
0.380939 2.037194 0.380939 2.037194
0.414064 2.037194 0.414064 2.037194
0.447189 2.037194 0.447189 2.037194
0.480314 2.037194 0.480314 2.037194
0.513439 2.037194 0.513439 2.037194
0.546564 2.037194 0.546564 2.037194
0.579689 2.037194 0.579689 2.037194
0.612814 2.037194 0.612814 2.037194
0.645940 2.037194 0.645940 2.037194
0.679065 2.037194 0.679065 2.037194
0.712190 2.037194 0.712190 2.037194
0.745315 2.037194 0.745315 2.037194
0.778440 2.037194 0.778440 2.037194
0.811565 2.037194 0.811565 2.037194
0.844690 2.037194 0.844690 2.037194
0.877815 2.037194 0.877815 2.037194
0.910940 2.037194 0.910940 2.037194
0.944066 2.037194 0.944066 2.037194
0.977191 2.037194 0.977191 2.037194
1.010316 2.037194 1.010316 2.037194
1.043441 2.037194 1.043441 2.037194
1.076566 2.037194 1.076566 2.037194
1.109691 2.037194 1.109691 2.037194
1.142816 2.037194 1.142816 2.037194
1.175941 2.037194 1.175941 2.037194
1.209066 2.037194 1.209066 2.037194
1.242191 2.037194 1.242191 2.037194
1.275317 2.037194 1.275317 2.037194
1.308442 2.037194 1.308442 2.037194
1.341567 2.037194 1.341567 2.037194
1.374692 2.037194 1.374692 2.037194
1.407817 2.037194 1.407817 2.037194
1.440942 2.037194 1.440942 2.037194
1.474067 2.037194 1.474067 2.037194
1.507192 2.037194 1.507192 2.037194
1.540317 2.037194 1.540317 2.037194
1.573443 2.037194 1.573443 2.037194
1.606568 2.037194 1.606568 2.037194
1.639693 2.037194 1.639693 2.037194
1.672818 2.037194 1.672818 2.037194
1.705943 2.037194 1.705943 2.037194
1.739068 2.037194 1.739068 2.037194
1.772193 2.037194 1.772193 2.037194
1.805318 2.037194 1.805318 2.037194
1.838443 2.037194 1.838443 2.037194
1.871568 2.037194 1.871568 2.037194
1.904694 2.037194 1.904694 2.037194
1.937819 2.037194 1.937819 2.037194
1.970944 2.037194 1.970944 2.037194
2.004069 2.037194 2.004069 2.037194
2.037194 2.037194 2.037194 2.037194
2.070319 2.037194 2.070319 2.037194
2.103444 2.037194 2.103444 2.037194
-2.103444 2.070319 -2.103444 2.070319
-2.070319 2.070319 -2.070319 2.070319
-2.037194 2.070319 -2.037194 2.070319
-2.004069 2.070319 -2.004069 2.070319
-1.970944 2.070319 -1.970944 2.070319
-1.937819 2.070319 -1.937819 2.070319
-1.904694 2.070319 -1.904694 2.070319
-1.871568 2.070319 -1.871568 2.070319
-1.838443 2.070319 -1.838443 2.070319
-1.805318 2.070319 -1.805318 2.070319
-1.772193 2.070319 -1.772193 2.070319
-1.739068 2.070319 -1.739068 2.070319
-1.705943 2.070319 -1.705943 2.070319
-1.672818 2.070319 -1.672818 2.070319
-1.639693 2.070319 -1.639693 2.070319
-1.606568 2.070319 -1.606568 2.070319
-1.573443 2.070319 -1.573443 2.070319
-1.540317 2.070319 -1.540317 2.070319
-1.507192 2.070319 -1.507192 2.070319
-1.474067 2.070319 -1.474067 2.070319
-1.440942 2.070319 -1.440942 2.070319
-1.407817 2.070319 -1.407817 2.070319
-1.374692 2.070319 -1.374692 2.070319
-1.341567 2.070319 -1.341567 2.070319
-1.308442 2.070319 -1.308442 2.070319
-1.275317 2.070319 -1.275317 2.070319
-1.242191 2.070319 -1.242191 2.070319
-1.209066 2.070319 -1.209066 2.070319
-1.175941 2.070319 -1.175941 2.070319
-1.142816 2.070319 -1.142816 2.070319
-1.109691 2.070319 -1.109691 2.070319
-1.076566 2.070319 -1.076566 2.070319
-1.043441 2.070319 -1.043441 2.070319
-1.010316 2.070319 -1.010316 2.070319
-0.977191 2.070319 -0.977191 2.070319
-0.944066 2.070319 -0.944066 2.070319
-0.910940 2.070319 -0.910940 2.070319
-0.877815 2.070319 -0.877815 2.070319
-0.844690 2.070319 -0.844690 2.070319
-0.811565 2.070319 -0.811565 2.070319
-0.778440 2.070319 -0.778440 2.070319
-0.745315 2.070319 -0.745315 2.070319
-0.712190 2.070319 -0.712190 2.070319
-0.679065 2.070319 -0.679065 2.070319
-0.645940 2.070319 -0.645940 2.070319
-0.612814 2.070319 -0.612814 2.070319
-0.579689 2.070319 -0.579689 2.070319
-0.546564 2.070319 -0.546564 2.070319
-0.513439 2.070319 -0.513439 2.070319
-0.480314 2.070319 -0.480314 2.070319
-0.447189 2.070319 -0.447189 2.070319
-0.414064 2.070319 -0.414064 2.070319
-0.380939 2.070319 -0.380939 2.070319
-0.347814 2.070319 -0.347814 2.070319
-0.314689 2.070319 -0.314689 2.070319
-0.281563 2.070319 -0.281563 2.070319
-0.248438 2.070319 -0.248438 2.070319
-0.215313 2.070319 -0.215313 2.070319
-0.182188 2.070319 -0.182188 2.070319
-0.149063 2.070319 -0.149063 2.070319
-0.115938 2.070319 -0.115938 2.070319
-0.082813 2.070319 -0.082813 2.070319
-0.049688 2.070319 -0.049688 2.070319
-0.016563 2.070319 -0.016563 2.070319
0.016563 2.070319 0.016563 2.070319
0.049688 2.070319 0.049688 2.070319
0.082813 2.070319 0.082813 2.070319
0.115938 2.070319 0.115938 2.070319
0.149063 2.070319 0.149063 2.070319
0.182188 2.070319 0.182188 2.070319
0.215313 2.070319 0.215313 2.070319
0.248438 2.070319 0.248438 2.070319
0.281563 2.070319 0.281563 2.070319
0.314689 2.070319 0.314689 2.070319
0.347814 2.070319 0.347814 2.070319
0.380939 2.070319 0.380939 2.070319
0.414064 2.070319 0.414064 2.070319
0.447189 2.070319 0.447189 2.070319
0.480314 2.070319 0.480314 2.070319
0.513439 2.070319 0.513439 2.070319
0.546564 2.070319 0.546564 2.070319
0.579689 2.070319 0.579689 2.070319
0.612814 2.070319 0.612814 2.070319
0.645940 2.070319 0.645940 2.070319
0.679065 2.070319 0.679065 2.070319
0.712190 2.070319 0.712190 2.070319
0.745315 2.070319 0.745315 2.070319
0.778440 2.070319 0.778440 2.070319
0.811565 2.070319 0.811565 2.070319
0.844690 2.070319 0.844690 2.070319
0.877815 2.070319 0.877815 2.070319
0.910940 2.070319 0.910940 2.070319
0.944066 2.070319 0.944066 2.070319
0.977191 2.070319 0.977191 2.070319
1.010316 2.070319 1.010316 2.070319
1.043441 2.070319 1.043441 2.070319
1.076566 2.070319 1.076566 2.070319
1.109691 2.070319 1.109691 2.070319
1.142816 2.070319 1.142816 2.070319
1.175941 2.070319 1.175941 2.070319
1.209066 2.070319 1.209066 2.070319
1.242191 2.070319 1.242191 2.070319
1.275317 2.070319 1.275317 2.070319
1.308442 2.070319 1.308442 2.070319
1.341567 2.070319 1.341567 2.070319
1.374692 2.070319 1.374692 2.070319
1.407817 2.070319 1.407817 2.070319
1.440942 2.070319 1.440942 2.070319
1.474067 2.070319 1.474067 2.070319
1.507192 2.070319 1.507192 2.070319
1.540317 2.070319 1.540317 2.070319
1.573443 2.070319 1.573443 2.070319
1.606568 2.070319 1.606568 2.070319
1.639693 2.070319 1.639693 2.070319
1.672818 2.070319 1.672818 2.070319
1.705943 2.070319 1.705943 2.070319
1.739068 2.070319 1.739068 2.070319
1.772193 2.070319 1.772193 2.070319
1.805318 2.070319 1.805318 2.070319
1.838443 2.070319 1.838443 2.070319
1.871568 2.070319 1.871568 2.070319
1.904694 2.070319 1.904694 2.070319
1.937819 2.070319 1.937819 2.070319
1.970944 2.070319 1.970944 2.070319
2.004069 2.070319 2.004069 2.070319
2.037194 2.070319 2.037194 2.070319
2.070319 2.070319 2.070319 2.070319
2.103444 2.070319 2.103444 2.070319
-2.103444 2.103444 -2.103444 2.103444
-2.070319 2.103444 -2.070319 2.103444
-2.037194 2.103444 -2.037194 2.103444
-2.004069 2.103444 -2.004069 2.103444
-1.970944 2.103444 -1.970944 2.103444
-1.937819 2.103444 -1.937819 2.103444
-1.904694 2.103444 -1.904694 2.103444
-1.871568 2.103444 -1.871568 2.103444
-1.838443 2.103444 -1.838443 2.103444
-1.805318 2.103444 -1.805318 2.103444
-1.772193 2.103444 -1.772193 2.103444
-1.739068 2.103444 -1.739068 2.103444
-1.705943 2.103444 -1.705943 2.103444
-1.672818 2.103444 -1.672818 2.103444
-1.639693 2.103444 -1.639693 2.103444
-1.606568 2.103444 -1.606568 2.103444
-1.573443 2.103444 -1.573443 2.103444
-1.540317 2.103444 -1.540317 2.103444
-1.507192 2.103444 -1.507192 2.103444
-1.474067 2.103444 -1.474067 2.103444
-1.440942 2.103444 -1.440942 2.103444
-1.407817 2.103444 -1.407817 2.103444
-1.374692 2.103444 -1.374692 2.103444
-1.341567 2.103444 -1.341567 2.103444
-1.308442 2.103444 -1.308442 2.103444
-1.275317 2.103444 -1.275317 2.103444
-1.242191 2.103444 -1.242191 2.103444
-1.209066 2.103444 -1.209066 2.103444
-1.175941 2.103444 -1.175941 2.103444
-1.142816 2.103444 -1.142816 2.103444
-1.109691 2.103444 -1.109691 2.103444
-1.076566 2.103444 -1.076566 2.103444
-1.043441 2.103444 -1.043441 2.103444
-1.010316 2.103444 -1.010316 2.103444
-0.977191 2.103444 -0.977191 2.103444
-0.944066 2.103444 -0.944066 2.103444
-0.910940 2.103444 -0.910940 2.103444
-0.877815 2.103444 -0.877815 2.103444
-0.844690 2.103444 -0.844690 2.103444
-0.811565 2.103444 -0.811565 2.103444
-0.778440 2.103444 -0.778440 2.103444
-0.745315 2.103444 -0.745315 2.103444
-0.712190 2.103444 -0.712190 2.103444
-0.679065 2.103444 -0.679065 2.103444
-0.645940 2.103444 -0.645940 2.103444
-0.612814 2.103444 -0.612814 2.103444
-0.579689 2.103444 -0.579689 2.103444
-0.546564 2.103444 -0.546564 2.103444
-0.513439 2.103444 -0.513439 2.103444
-0.480314 2.103444 -0.480314 2.103444
-0.447189 2.103444 -0.447189 2.103444
-0.414064 2.103444 -0.414064 2.103444
-0.380939 2.103444 -0.380939 2.103444
-0.347814 2.103444 -0.347814 2.103444
-0.314689 2.103444 -0.314689 2.103444
-0.281563 2.103444 -0.281563 2.103444
-0.248438 2.103444 -0.248438 2.103444
-0.215313 2.103444 -0.215313 2.103444
-0.182188 2.103444 -0.182188 2.103444
-0.149063 2.103444 -0.149063 2.103444
-0.115938 2.103444 -0.115938 2.103444
-0.082813 2.103444 -0.082813 2.103444
-0.049688 2.103444 -0.049688 2.103444
-0.016563 2.103444 -0.016563 2.103444
0.016563 2.103444 0.016563 2.103444
0.049688 2.103444 0.049688 2.103444
0.082813 2.103444 0.082813 2.103444
0.115938 2.103444 0.115938 2.103444
0.149063 2.103444 0.149063 2.103444
0.182188 2.103444 0.182188 2.103444
0.215313 2.103444 0.215313 2.103444
0.248438 2.103444 0.248438 2.103444
0.281563 2.103444 0.281563 2.103444
0.314689 2.103444 0.314689 2.103444
0.347814 2.103444 0.347814 2.103444
0.380939 2.103444 0.380939 2.103444
0.414064 2.103444 0.414064 2.103444
0.447189 2.103444 0.447189 2.103444
0.480314 2.103444 0.480314 2.103444
0.513439 2.103444 0.513439 2.103444
0.546564 2.103444 0.546564 2.103444
0.579689 2.103444 0.579689 2.103444
0.612814 2.103444 0.612814 2.103444
0.645940 2.103444 0.645940 2.103444
0.679065 2.103444 0.679065 2.103444
0.712190 2.103444 0.712190 2.103444
0.745315 2.103444 0.745315 2.103444
0.778440 2.103444 0.778440 2.103444
0.811565 2.103444 0.811565 2.103444
0.844690 2.103444 0.844690 2.103444
0.877815 2.103444 0.877815 2.103444
0.910940 2.103444 0.910940 2.103444
0.944066 2.103444 0.944066 2.103444
0.977191 2.103444 0.977191 2.103444
1.010316 2.103444 1.010316 2.103444
1.043441 2.103444 1.043441 2.103444
1.076566 2.103444 1.076566 2.103444
1.109691 2.103444 1.109691 2.103444
1.142816 2.103444 1.142816 2.103444
1.175941 2.103444 1.175941 2.103444
1.209066 2.103444 1.209066 2.103444
1.242191 2.103444 1.242191 2.103444
1.275317 2.103444 1.275317 2.103444
1.308442 2.103444 1.308442 2.103444
1.341567 2.103444 1.341567 2.103444
1.374692 2.103444 1.374692 2.103444
1.407817 2.103444 1.407817 2.103444
1.440942 2.103444 1.440942 2.103444
1.474067 2.103444 1.474067 2.103444
1.507192 2.103444 1.507192 2.103444
1.540317 2.103444 1.540317 2.103444
1.573443 2.103444 1.573443 2.103444
1.606568 2.103444 1.606568 2.103444
1.639693 2.103444 1.639693 2.103444
1.672818 2.103444 1.672818 2.103444
1.705943 2.103444 1.705943 2.103444
1.739068 2.103444 1.739068 2.103444
1.772193 2.103444 1.772193 2.103444
1.805318 2.103444 1.805318 2.103444
1.838443 2.103444 1.838443 2.103444
1.871568 2.103444 1.871568 2.103444
1.904694 2.103444 1.904694 2.103444
1.937819 2.103444 1.937819 2.103444
1.970944 2.103444 1.970944 2.103444
2.004069 2.103444 2.004069 2.103444
2.037194 2.103444 2.037194 2.103444
2.070319 2.103444 2.070319 2.103444
2.103444 2.103444 2.103444 2.103444
