# 光路映射: input_x input_y -> output_x output_y
# 有效光线数: 16178
# columns: in_x in_y out_x out_y
-0.545000 -0.795000 -0.545000 -0.795000
-0.536417 -0.795000 -0.536417 -0.795000
-0.527835 -0.795000 -0.527835 -0.795000
-0.519252 -0.795000 -0.519252 -0.795000
-0.510669 -0.795000 -0.510669 -0.795000
-0.502087 -0.795000 -0.502087 -0.795000
-0.493504 -0.795000 -0.493504 -0.795000
-0.484921 -0.795000 -0.484921 -0.795000
-0.476339 -0.795000 -0.476339 -0.795000
-0.467756 -0.795000 -0.467756 -0.795000
-0.459173 -0.795000 -0.459173 -0.795000
-0.450591 -0.795000 -0.450591 -0.795000
-0.442008 -0.795000 -0.442008 -0.795000
-0.433425 -0.795000 -0.433425 -0.795000
-0.424843 -0.795000 -0.424843 -0.795000
-0.416260 -0.795000 -0.416260 -0.795000
-0.407677 -0.795000 -0.407677 -0.795000
-0.399094 -0.795000 -0.399094 -0.795000
-0.390512 -0.795000 -0.390512 -0.795000
-0.381929 -0.795000 -0.381929 -0.795000
-0.373346 -0.795000 -0.373346 -0.795000
-0.364764 -0.795000 -0.364764 -0.795000
-0.356181 -0.795000 -0.356181 -0.795000
-0.347598 -0.795000 -0.347598 -0.795000
-0.339016 -0.795000 -0.339016 -0.795000
-0.330433 -0.795000 -0.330433 -0.795000
-0.321850 -0.795000 -0.321850 -0.795000
-0.313268 -0.795000 -0.313268 -0.795000
-0.304685 -0.795000 -0.304685 -0.795000
-0.296102 -0.795000 -0.296102 -0.795000
-0.287520 -0.795000 -0.287520 -0.795000
-0.278937 -0.795000 -0.278937 -0.795000
-0.270354 -0.795000 -0.270354 -0.795000
-0.261772 -0.795000 -0.261772 -0.795000
-0.253189 -0.795000 -0.253189 -0.795000
-0.244606 -0.795000 -0.244606 -0.795000
-0.236024 -0.795000 -0.236024 -0.795000
-0.227441 -0.795000 -0.227441 -0.795000
-0.218858 -0.795000 -0.218858 -0.795000
-0.210276 -0.795000 -0.210276 -0.795000
-0.201693 -0.795000 -0.201693 -0.795000
-0.193110 -0.795000 -0.193110 -0.795000
-0.184528 -0.795000 -0.184528 -0.795000
-0.175945 -0.795000 -0.175945 -0.795000
-0.167362 -0.795000 -0.167362 -0.795000
-0.158780 -0.795000 -0.158780 -0.795000
-0.150197 -0.795000 -0.150197 -0.795000
-0.141614 -0.795000 -0.141614 -0.795000
-0.133031 -0.795000 -0.133031 -0.795000
-0.124449 -0.795000 -0.124449 -0.795000
-0.115866 -0.795000 -0.115866 -0.795000
-0.107283 -0.795000 -0.107283 -0.795000
-0.098701 -0.795000 -0.098701 -0.795000
-0.090118 -0.795000 -0.090118 -0.795000
-0.081535 -0.795000 -0.081535 -0.795000
-0.072953 -0.795000 -0.072953 -0.795000
-0.064370 -0.795000 -0.064370 -0.795000
-0.055787 -0.795000 -0.055787 -0.795000
-0.047205 -0.795000 -0.047205 -0.795000
-0.038622 -0.795000 -0.038622 -0.795000
-0.030039 -0.795000 -0.030039 -0.795000
-0.021457 -0.795000 -0.021457 -0.795000
-0.012874 -0.795000 -0.012874 -0.795000
-0.004291 -0.795000 -0.004291 -0.795000
0.004291 -0.795000 0.004291 -0.795000
0.012874 -0.795000 0.012874 -0.795000
0.021457 -0.795000 0.021457 -0.795000
0.030039 -0.795000 0.030039 -0.795000
0.038622 -0.795000 0.038622 -0.795000
0.047205 -0.795000 0.047205 -0.795000
0.055787 -0.795000 0.055787 -0.795000
0.064370 -0.795000 0.064370 -0.795000
0.072953 -0.795000 0.072953 -0.795000
0.081535 -0.795000 0.081535 -0.795000
0.090118 -0.795000 0.090118 -0.795000
0.098701 -0.795000 0.098701 -0.795000
0.107283 -0.795000 0.107283 -0.795000
0.115866 -0.795000 0.115866 -0.795000
0.124449 -0.795000 0.124449 -0.795000
0.133031 -0.795000 0.133031 -0.795000
0.141614 -0.795000 0.141614 -0.795000
0.150197 -0.795000 0.150197 -0.795000
0.158780 -0.795000 0.158780 -0.795000
0.167362 -0.795000 0.167362 -0.795000
0.175945 -0.795000 0.175945 -0.795000
0.184528 -0.795000 0.184528 -0.795000
0.193110 -0.795000 0.193110 -0.795000
0.201693 -0.795000 0.201693 -0.795000
0.210276 -0.795000 0.210276 -0.795000
0.218858 -0.795000 0.218858 -0.795000
0.227441 -0.795000 0.227441 -0.795000
0.236024 -0.795000 0.236024 -0.795000
0.244606 -0.795000 0.244606 -0.795000
0.253189 -0.795000 0.253189 -0.795000
0.261772 -0.795000 0.261772 -0.795000
0.270354 -0.795000 0.270354 -0.795000
0.278937 -0.795000 0.278937 -0.795000
0.287520 -0.795000 0.287520 -0.795000
0.296102 -0.795000 0.296102 -0.795000
0.304685 -0.795000 0.304685 -0.795000
0.313268 -0.795000 0.313268 -0.795000
0.321850 -0.795000 0.321850 -0.795000
0.330433 -0.795000 0.330433 -0.795000
0.339016 -0.795000 0.339016 -0.795000
0.347598 -0.795000 0.347598 -0.795000
0.356181 -0.795000 0.356181 -0.795000
0.364764 -0.795000 0.364764 -0.795000
0.373346 -0.795000 0.373346 -0.795000
0.381929 -0.795000 0.381929 -0.795000
0.390512 -0.795000 0.390512 -0.795000
0.399094 -0.795000 0.399094 -0.795000
0.407677 -0.795000 0.407677 -0.795000
0.416260 -0.795000 0.416260 -0.795000
0.424843 -0.795000 0.424843 -0.795000
0.433425 -0.795000 0.433425 -0.795000
0.442008 -0.795000 0.442008 -0.795000
0.450591 -0.795000 0.450591 -0.795000
0.459173 -0.795000 0.459173 -0.795000
0.467756 -0.795000 0.467756 -0.795000
0.476339 -0.795000 0.476339 -0.795000
0.484921 -0.795000 0.484921 -0.795000
0.493504 -0.795000 0.493504 -0.795000
0.502087 -0.795000 0.502087 -0.795000
0.510669 -0.795000 0.510669 -0.795000
0.519252 -0.795000 0.519252 -0.795000
0.527835 -0.795000 0.527835 -0.795000
0.536417 -0.795000 0.536417 -0.795000
0.545000 -0.795000 0.545000 -0.795000
-0.545000 -0.781693 -0.545000 -0.781693
-0.536417 -0.781693 -0.536417 -0.781693
-0.527835 -0.781693 -0.527835 -0.781693
-0.519252 -0.781693 -0.519252 -0.781693
-0.510669 -0.781693 -0.510669 -0.781693
-0.502087 -0.781693 -0.502087 -0.781693
-0.493504 -0.781693 -0.493504 -0.781693
-0.484921 -0.781693 -0.484921 -0.781693
-0.476339 -0.781693 -0.476339 -0.781693
-0.467756 -0.781693 -0.467756 -0.781693
-0.459173 -0.781693 -0.459173 -0.781693
-0.450591 -0.781693 -0.450591 -0.781693
-0.442008 -0.781693 -0.442008 -0.781693
-0.433425 -0.781693 -0.433425 -0.781693
-0.424843 -0.781693 -0.424843 -0.781693
-0.416260 -0.781693 -0.416260 -0.781693
-0.407677 -0.781693 -0.407677 -0.781693
-0.399094 -0.781693 -0.399094 -0.781693
-0.390512 -0.781693 -0.390512 -0.781693
-0.381929 -0.781693 -0.381929 -0.781693
-0.373346 -0.781693 -0.373346 -0.781693
-0.364764 -0.781693 -0.364764 -0.781693
-0.356181 -0.781693 -0.356181 -0.781693
-0.347598 -0.781693 -0.347598 -0.781693
-0.339016 -0.781693 -0.339016 -0.781693
-0.330433 -0.781693 -0.330433 -0.781693
-0.321850 -0.781693 -0.321850 -0.781693
-0.313268 -0.781693 -0.313268 -0.781693
-0.304685 -0.781693 -0.304685 -0.781693
-0.296102 -0.781693 -0.296102 -0.781693
-0.287520 -0.781693 -0.287520 -0.781693
-0.278937 -0.781693 -0.278937 -0.781693
-0.270354 -0.781693 -0.270354 -0.781693
-0.261772 -0.781693 -0.261772 -0.781693
-0.253189 -0.781693 -0.253189 -0.781693
-0.244606 -0.781693 -0.244606 -0.781693
-0.236024 -0.781693 -0.236024 -0.781693
-0.227441 -0.781693 -0.227441 -0.781693
-0.218858 -0.781693 -0.218858 -0.781693
-0.210276 -0.781693 -0.210276 -0.781693
-0.201693 -0.781693 -0.201693 -0.781693
-0.193110 -0.781693 -0.193110 -0.781693
-0.184528 -0.781693 -0.184528 -0.781693
-0.175945 -0.781693 -0.175945 -0.781693
-0.167362 -0.781693 -0.167362 -0.781693
-0.158780 -0.781693 -0.158780 -0.781693
-0.150197 -0.781693 -0.150197 -0.781693
-0.141614 -0.781693 -0.141614 -0.781693
-0.133031 -0.781693 -0.133031 -0.781693
-0.124449 -0.781693 -0.124449 -0.781693
-0.115866 -0.781693 -0.115866 -0.781693
-0.107283 -0.781693 -0.107283 -0.781693
-0.098701 -0.781693 -0.098701 -0.781693
-0.090118 -0.781693 -0.090118 -0.781693
-0.081535 -0.781693 -0.081535 -0.781693
-0.072953 -0.781693 -0.072953 -0.781693
-0.064370 -0.781693 -0.064370 -0.781693
-0.055787 -0.781693 -0.055787 -0.781693
-0.047205 -0.781693 -0.047205 -0.781693
-0.038622 -0.781693 -0.038622 -0.781693
-0.030039 -0.781693 -0.030039 -0.781693
-0.021457 -0.781693 -0.021457 -0.781693
-0.012874 -0.781693 -0.012874 -0.781693
-0.004291 -0.781693 -0.004291 -0.781693
0.004291 -0.781693 0.004291 -0.781693
0.012874 -0.781693 0.012874 -0.781693
0.021457 -0.781693 0.021457 -0.781693
0.030039 -0.781693 0.030039 -0.781693
0.038622 -0.781693 0.038622 -0.781693
0.047205 -0.781693 0.047205 -0.781693
0.055787 -0.781693 0.055787 -0.781693
0.064370 -0.781693 0.064370 -0.781693
0.072953 -0.781693 0.072953 -0.781693
0.081535 -0.781693 0.081535 -0.781693
0.090118 -0.781693 0.090118 -0.781693
0.098701 -0.781693 0.098701 -0.781693
0.107283 -0.781693 0.107283 -0.781693
0.115866 -0.781693 0.115866 -0.781693
0.124449 -0.781693 0.124449 -0.781693
0.133031 -0.781693 0.133031 -0.781693
0.141614 -0.781693 0.141614 -0.781693
0.150197 -0.781693 0.150197 -0.781693
0.158780 -0.781693 0.158780 -0.781693
0.167362 -0.781693 0.167362 -0.781693
0.175945 -0.781693 0.175945 -0.781693
0.184528 -0.781693 0.184528 -0.781693
0.193110 -0.781693 0.193110 -0.781693
0.201693 -0.781693 0.201693 -0.781693
0.210276 -0.781693 0.210276 -0.781693
0.218858 -0.781693 0.218858 -0.781693
0.227441 -0.781693 0.227441 -0.781693
0.236024 -0.781693 0.236024 -0.781693
0.244606 -0.781693 0.244606 -0.781693
0.253189 -0.781693 0.253189 -0.781693
0.261772 -0.781693 0.261772 -0.781693
0.270354 -0.781693 0.270354 -0.781693
0.278937 -0.781693 0.278937 -0.781693
0.287520 -0.781693 0.287520 -0.781693
0.296102 -0.781693 0.296102 -0.781693
0.304685 -0.781693 0.304685 -0.781693
0.313268 -0.781693 0.313268 -0.781693
0.321850 -0.781693 0.321850 -0.781693
0.330433 -0.781693 0.330433 -0.781693
0.339016 -0.781693 0.339016 -0.781693
0.347598 -0.781693 0.347598 -0.781693
0.356181 -0.781693 0.356181 -0.781693
0.364764 -0.781693 0.364764 -0.781693
0.373346 -0.781693 0.373346 -0.781693
0.381929 -0.781693 0.381929 -0.781693
0.390512 -0.781693 0.390512 -0.781693
0.399094 -0.781693 0.399094 -0.781693
0.407677 -0.781693 0.407677 -0.781693
0.416260 -0.781693 0.416260 -0.781693
0.424843 -0.781693 0.424843 -0.781693
0.433425 -0.781693 0.433425 -0.781693
0.442008 -0.781693 0.442008 -0.781693
0.450591 -0.781693 0.450591 -0.781693
0.459173 -0.781693 0.459173 -0.781693
0.467756 -0.781693 0.467756 -0.781693
0.476339 -0.781693 0.476339 -0.781693
0.484921 -0.781693 0.484921 -0.781693
0.493504 -0.781693 0.493504 -0.781693
0.502087 -0.781693 0.502087 -0.781693
0.510669 -0.781693 0.510669 -0.781693
0.519252 -0.781693 0.519252 -0.781693
0.527835 -0.781693 0.527835 -0.781693
0.536417 -0.781693 0.536417 -0.781693
0.545000 -0.781693 0.545000 -0.781693
-0.545000 -0.768386 -0.545000 -0.768386
-0.536417 -0.768386 -0.536417 -0.768386
-0.527835 -0.768386 -0.527835 -0.768386
-0.519252 -0.768386 -0.519252 -0.768386
-0.510669 -0.768386 -0.510669 -0.768386
-0.502087 -0.768386 -0.502087 -0.768386
-0.493504 -0.768386 -0.493504 -0.768386
-0.484921 -0.768386 -0.484921 -0.768386
-0.476339 -0.768386 -0.476339 -0.768386
-0.467756 -0.768386 -0.467756 -0.768386
-0.459173 -0.768386 -0.459173 -0.768386
-0.450591 -0.768386 -0.450591 -0.768386
-0.442008 -0.768386 -0.442008 -0.768386
-0.433425 -0.768386 -0.433425 -0.768386
-0.424843 -0.768386 -0.424843 -0.768386
-0.416260 -0.768386 -0.416260 -0.768386
-0.407677 -0.768386 -0.407677 -0.768386
-0.399094 -0.768386 -0.399094 -0.768386
-0.390512 -0.768386 -0.390512 -0.768386
-0.381929 -0.768386 -0.381929 -0.768386
-0.373346 -0.768386 -0.373346 -0.768386
-0.364764 -0.768386 -0.364764 -0.768386
-0.356181 -0.768386 -0.356181 -0.768386
-0.347598 -0.768386 -0.347598 -0.768386
-0.339016 -0.768386 -0.339016 -0.768386
-0.330433 -0.768386 -0.330433 -0.768386
-0.321850 -0.768386 -0.321850 -0.768386
-0.313268 -0.768386 -0.313268 -0.768386
-0.304685 -0.768386 -0.304685 -0.768386
-0.296102 -0.768386 -0.296102 -0.768386
-0.287520 -0.768386 -0.287520 -0.768386
-0.278937 -0.768386 -0.278937 -0.768386
-0.270354 -0.768386 -0.270354 -0.768386
-0.261772 -0.768386 -0.261772 -0.768386
-0.253189 -0.768386 -0.253189 -0.768386
-0.244606 -0.768386 -0.244606 -0.768386
-0.236024 -0.768386 -0.236024 -0.768386
-0.227441 -0.768386 -0.227441 -0.768386
-0.218858 -0.768386 -0.218858 -0.768386
-0.210276 -0.768386 -0.210276 -0.768386
-0.201693 -0.768386 -0.201693 -0.768386
-0.193110 -0.768386 -0.193110 -0.768386
-0.184528 -0.768386 -0.184528 -0.768386
-0.175945 -0.768386 -0.175945 -0.768386
-0.167362 -0.768386 -0.167362 -0.768386
-0.158780 -0.768386 -0.158780 -0.768386
-0.150197 -0.768386 -0.150197 -0.768386
-0.141614 -0.768386 -0.141614 -0.768386
-0.133031 -0.768386 -0.133031 -0.768386
-0.124449 -0.768386 -0.124449 -0.768386
-0.115866 -0.768386 -0.115866 -0.768386
-0.107283 -0.768386 -0.107283 -0.768386
-0.098701 -0.768386 -0.098701 -0.768386
-0.090118 -0.768386 -0.090118 -0.768386
-0.081535 -0.768386 -0.081535 -0.768386
-0.072953 -0.768386 -0.072953 -0.768386
-0.064370 -0.768386 -0.064370 -0.768386
-0.055787 -0.768386 -0.055787 -0.768386
-0.047205 -0.768386 -0.047205 -0.768386
-0.038622 -0.768386 -0.038622 -0.768386
-0.030039 -0.768386 -0.030039 -0.768386
-0.021457 -0.768386 -0.021457 -0.768386
-0.012874 -0.768386 -0.012874 -0.768386
-0.004291 -0.768386 -0.004291 -0.768386
0.004291 -0.768386 0.004291 -0.768386
0.012874 -0.768386 0.012874 -0.768386
0.021457 -0.768386 0.021457 -0.768386
0.030039 -0.768386 0.030039 -0.768386
0.038622 -0.768386 0.038622 -0.768386
0.047205 -0.768386 0.047205 -0.768386
0.055787 -0.768386 0.055787 -0.768386
0.064370 -0.768386 0.064370 -0.768386
0.072953 -0.768386 0.072953 -0.768386
0.081535 -0.768386 0.081535 -0.768386
0.090118 -0.768386 0.090118 -0.768386
0.098701 -0.768386 0.098701 -0.768386
0.107283 -0.768386 0.107283 -0.768386
0.115866 -0.768386 0.115866 -0.768386
0.124449 -0.768386 0.124449 -0.768386
0.133031 -0.768386 0.133031 -0.768386
0.141614 -0.768386 0.141614 -0.768386
0.150197 -0.768386 0.150197 -0.768386
0.158780 -0.768386 0.158780 -0.768386
0.167362 -0.768386 0.167362 -0.768386
0.175945 -0.768386 0.175945 -0.768386
0.184528 -0.768386 0.184528 -0.768386
0.193110 -0.768386 0.193110 -0.768386
0.201693 -0.768386 0.201693 -0.768386
0.210276 -0.768386 0.210276 -0.768386
0.218858 -0.768386 0.218858 -0.768386
0.227441 -0.768386 0.227441 -0.768386
0.236024 -0.768386 0.236024 -0.768386
0.244606 -0.768386 0.244606 -0.768386
0.253189 -0.768386 0.253189 -0.768386
0.261772 -0.768386 0.261772 -0.768386
0.270354 -0.768386 0.270354 -0.768386
0.278937 -0.768386 0.278937 -0.768386
0.287520 -0.768386 0.287520 -0.768386
0.296102 -0.768386 0.296102 -0.768386
0.304685 -0.768386 0.304685 -0.768386
0.313268 -0.768386 0.313268 -0.768386
0.321850 -0.768386 0.321850 -0.768386
0.330433 -0.768386 0.330433 -0.768386
0.339016 -0.768386 0.339016 -0.768386
0.347598 -0.768386 0.347598 -0.768386
0.356181 -0.768386 0.356181 -0.768386
0.364764 -0.768386 0.364764 -0.768386
0.373346 -0.768386 0.373346 -0.768386
0.381929 -0.768386 0.381929 -0.768386
0.390512 -0.768386 0.390512 -0.768386
0.399094 -0.768386 0.399094 -0.768386
0.407677 -0.768386 0.407677 -0.768386
0.416260 -0.768386 0.416260 -0.768386
0.424843 -0.768386 0.424843 -0.768386
0.433425 -0.768386 0.433425 -0.768386
0.442008 -0.768386 0.442008 -0.768386
0.450591 -0.768386 0.450591 -0.768386
0.459173 -0.768386 0.459173 -0.768386
0.467756 -0.768386 0.467756 -0.768386
0.476339 -0.768386 0.476339 -0.768386
0.484921 -0.768386 0.484921 -0.768386
0.493504 -0.768386 0.493504 -0.768386
0.502087 -0.768386 0.502087 -0.768386
0.510669 -0.768386 0.510669 -0.768386
0.519252 -0.768386 0.519252 -0.768386
0.527835 -0.768386 0.527835 -0.768386
0.536417 -0.768386 0.536417 -0.768386
0.545000 -0.768386 0.545000 -0.768386
-0.545000 -0.755079 -0.545000 -0.755079
-0.536417 -0.755079 -0.536417 -0.755079
-0.527835 -0.755079 -0.527835 -0.755079
-0.519252 -0.755079 -0.519252 -0.755079
-0.510669 -0.755079 -0.510669 -0.755079
-0.502087 -0.755079 -0.502087 -0.755079
-0.493504 -0.755079 -0.493504 -0.755079
-0.484921 -0.755079 -0.484921 -0.755079
-0.476339 -0.755079 -0.476339 -0.755079
-0.467756 -0.755079 -0.467756 -0.755079
-0.459173 -0.755079 -0.459173 -0.755079
-0.450591 -0.755079 -0.450591 -0.755079
-0.442008 -0.755079 -0.442008 -0.755079
-0.433425 -0.755079 -0.433425 -0.755079
-0.424843 -0.755079 -0.424843 -0.755079
-0.416260 -0.755079 -0.416260 -0.755079
-0.407677 -0.755079 -0.407677 -0.755079
-0.399094 -0.755079 -0.399094 -0.755079
-0.390512 -0.755079 -0.390512 -0.755079
-0.381929 -0.755079 -0.381929 -0.755079
-0.373346 -0.755079 -0.373346 -0.755079
-0.364764 -0.755079 -0.364764 -0.755079
-0.356181 -0.755079 -0.356181 -0.755079
-0.347598 -0.755079 -0.347598 -0.755079
-0.339016 -0.755079 -0.339016 -0.755079
-0.330433 -0.755079 -0.330433 -0.755079
-0.321850 -0.755079 -0.321850 -0.755079
-0.313268 -0.755079 -0.313268 -0.755079
-0.304685 -0.755079 -0.304685 -0.755079
-0.296102 -0.755079 -0.296102 -0.755079
-0.287520 -0.755079 -0.287520 -0.755079
-0.278937 -0.755079 -0.278937 -0.755079
-0.270354 -0.755079 -0.270354 -0.755079
-0.261772 -0.755079 -0.261772 -0.755079
-0.253189 -0.755079 -0.253189 -0.755079
-0.244606 -0.755079 -0.244606 -0.755079
-0.236024 -0.755079 -0.236024 -0.755079
-0.227441 -0.755079 -0.227441 -0.755079
-0.218858 -0.755079 -0.218858 -0.755079
-0.210276 -0.755079 -0.210276 -0.755079
-0.201693 -0.755079 -0.201693 -0.755079
-0.193110 -0.755079 -0.193110 -0.755079
-0.184528 -0.755079 -0.184528 -0.755079
-0.175945 -0.755079 -0.175945 -0.755079
-0.167362 -0.755079 -0.167362 -0.755079
-0.158780 -0.755079 -0.158780 -0.755079
-0.150197 -0.755079 -0.150197 -0.755079
-0.141614 -0.755079 -0.141614 -0.755079
-0.133031 -0.755079 -0.133031 -0.755079
-0.124449 -0.755079 -0.124449 -0.755079
-0.115866 -0.755079 -0.115866 -0.755079
-0.107283 -0.755079 -0.107283 -0.755079
-0.098701 -0.755079 -0.098701 -0.755079
-0.090118 -0.755079 -0.090118 -0.755079
-0.081535 -0.755079 -0.081535 -0.755079
-0.072953 -0.755079 -0.072953 -0.755079
-0.064370 -0.755079 -0.064370 -0.755079
-0.055787 -0.755079 -0.055787 -0.755079
-0.047205 -0.755079 -0.047205 -0.755079
-0.038622 -0.755079 -0.038622 -0.755079
-0.030039 -0.755079 -0.030039 -0.755079
-0.021457 -0.755079 -0.021457 -0.755079
-0.012874 -0.755079 -0.012874 -0.755079
-0.004291 -0.755079 -0.004291 -0.755079
0.004291 -0.755079 0.004291 -0.755079
0.012874 -0.755079 0.012874 -0.755079
0.021457 -0.755079 0.021457 -0.755079
0.030039 -0.755079 0.030039 -0.755079
0.038622 -0.755079 0.038622 -0.755079
0.047205 -0.755079 0.047205 -0.755079
0.055787 -0.755079 0.055787 -0.755079
0.064370 -0.755079 0.064370 -0.755079
0.072953 -0.755079 0.072953 -0.755079
0.081535 -0.755079 0.081535 -0.755079
0.090118 -0.755079 0.090118 -0.755079
0.098701 -0.755079 0.098701 -0.755079
0.107283 -0.755079 0.107283 -0.755079
0.115866 -0.755079 0.115866 -0.755079
0.124449 -0.755079 0.124449 -0.755079
0.133031 -0.755079 0.133031 -0.755079
0.141614 -0.755079 0.141614 -0.755079
0.150197 -0.755079 0.150197 -0.755079
0.158780 -0.755079 0.158780 -0.755079
0.167362 -0.755079 0.167362 -0.755079
0.175945 -0.755079 0.175945 -0.755079
0.184528 -0.755079 0.184528 -0.755079
0.193110 -0.755079 0.193110 -0.755079
0.201693 -0.755079 0.201693 -0.755079
0.210276 -0.755079 0.210276 -0.755079
0.218858 -0.755079 0.218858 -0.755079
0.227441 -0.755079 0.227441 -0.755079
0.236024 -0.755079 0.236024 -0.755079
0.244606 -0.755079 0.244606 -0.755079
0.253189 -0.755079 0.253189 -0.755079
0.261772 -0.755079 0.261772 -0.755079
0.270354 -0.755079 0.270354 -0.755079
0.278937 -0.755079 0.278937 -0.755079
0.287520 -0.755079 0.287520 -0.755079
0.296102 -0.755079 0.296102 -0.755079
0.304685 -0.755079 0.304685 -0.755079
0.313268 -0.755079 0.313268 -0.755079
0.321850 -0.755079 0.321850 -0.755079
0.330433 -0.755079 0.330433 -0.755079
0.339016 -0.755079 0.339016 -0.755079
0.347598 -0.755079 0.347598 -0.755079
0.356181 -0.755079 0.356181 -0.755079
0.364764 -0.755079 0.364764 -0.755079
0.373346 -0.755079 0.373346 -0.755079
0.381929 -0.755079 0.381929 -0.755079
0.390512 -0.755079 0.390512 -0.755079
0.399094 -0.755079 0.399094 -0.755079
0.407677 -0.755079 0.407677 -0.755079
0.416260 -0.755079 0.416260 -0.755079
0.424843 -0.755079 0.424843 -0.755079
0.433425 -0.755079 0.433425 -0.755079
0.442008 -0.755079 0.442008 -0.755079
0.450591 -0.755079 0.450591 -0.755079
0.459173 -0.755079 0.459173 -0.755079
0.467756 -0.755079 0.467756 -0.755079
0.476339 -0.755079 0.476339 -0.755079
0.484921 -0.755079 0.484921 -0.755079
0.493504 -0.755079 0.493504 -0.755079
0.502087 -0.755079 0.502087 -0.755079
0.510669 -0.755079 0.510669 -0.755079
0.519252 -0.755079 0.519252 -0.755079
0.527835 -0.755079 0.527835 -0.755079
0.536417 -0.755079 0.536417 -0.755079
0.545000 -0.755079 0.545000 -0.755079
-0.545000 -0.741772 -0.545000 -0.741772
-0.536417 -0.741772 -0.536417 -0.741772
-0.527835 -0.741772 -0.527835 -0.741772
-0.519252 -0.741772 -0.519252 -0.741772
-0.510669 -0.741772 -0.510669 -0.741772
-0.502087 -0.741772 -0.502087 -0.741772
-0.493504 -0.741772 -0.493504 -0.741772
-0.484921 -0.741772 -0.484921 -0.741772
-0.476339 -0.741772 -0.476339 -0.741772
-0.467756 -0.741772 -0.467756 -0.741772
-0.459173 -0.741772 -0.459173 -0.741772
-0.450591 -0.741772 -0.450591 -0.741772
-0.442008 -0.741772 -0.442008 -0.741772
-0.433425 -0.741772 -0.433425 -0.741772
-0.424843 -0.741772 -0.424843 -0.741772
-0.416260 -0.741772 -0.416260 -0.741772
-0.407677 -0.741772 -0.407677 -0.741772
-0.399094 -0.741772 -0.399094 -0.741772
-0.390512 -0.741772 -0.390512 -0.741772
-0.381929 -0.741772 -0.381929 -0.741772
-0.373346 -0.741772 -0.373346 -0.741772
-0.364764 -0.741772 -0.364764 -0.741772
-0.356181 -0.741772 -0.356181 -0.741772
-0.347598 -0.741772 -0.347598 -0.741772
-0.339016 -0.741772 -0.339016 -0.741772
-0.330433 -0.741772 -0.330433 -0.741772
-0.321850 -0.741772 -0.321850 -0.741772
-0.313268 -0.741772 -0.313268 -0.741772
-0.304685 -0.741772 -0.304685 -0.741772
-0.296102 -0.741772 -0.296102 -0.741772
-0.287520 -0.741772 -0.287520 -0.741772
-0.278937 -0.741772 -0.278937 -0.741772
-0.270354 -0.741772 -0.270354 -0.741772
-0.261772 -0.741772 -0.261772 -0.741772
-0.253189 -0.741772 -0.253189 -0.741772
-0.244606 -0.741772 -0.244606 -0.741772
-0.236024 -0.741772 -0.236024 -0.741772
-0.227441 -0.741772 -0.227441 -0.741772
-0.218858 -0.741772 -0.218858 -0.741772
-0.210276 -0.741772 -0.210276 -0.741772
-0.201693 -0.741772 -0.201693 -0.741772
-0.193110 -0.741772 -0.193110 -0.741772
-0.184528 -0.741772 -0.184528 -0.741772
-0.175945 -0.741772 -0.175945 -0.741772
-0.167362 -0.741772 -0.167362 -0.741772
-0.158780 -0.741772 -0.158780 -0.741772
-0.150197 -0.741772 -0.150197 -0.741772
-0.141614 -0.741772 -0.141614 -0.741772
-0.133031 -0.741772 -0.133031 -0.741772
-0.124449 -0.741772 -0.124449 -0.741772
-0.115866 -0.741772 -0.115866 -0.741772
-0.107283 -0.741772 -0.107283 -0.741772
-0.098701 -0.741772 -0.098701 -0.741772
-0.090118 -0.741772 -0.090118 -0.741772
-0.081535 -0.741772 -0.081535 -0.741772
-0.072953 -0.741772 -0.072953 -0.741772
-0.064370 -0.741772 -0.064370 -0.741772
-0.055787 -0.741772 -0.055787 -0.741772
-0.047205 -0.741772 -0.047205 -0.741772
-0.038622 -0.741772 -0.038622 -0.741772
-0.030039 -0.741772 -0.030039 -0.741772
-0.021457 -0.741772 -0.021457 -0.741772
-0.012874 -0.741772 -0.012874 -0.741772
-0.004291 -0.741772 -0.004291 -0.741772
0.004291 -0.741772 0.004291 -0.741772
0.012874 -0.741772 0.012874 -0.741772
0.021457 -0.741772 0.021457 -0.741772
0.030039 -0.741772 0.030039 -0.741772
0.038622 -0.741772 0.038622 -0.741772
0.047205 -0.741772 0.047205 -0.741772
0.055787 -0.741772 0.055787 -0.741772
0.064370 -0.741772 0.064370 -0.741772
0.072953 -0.741772 0.072953 -0.741772
0.081535 -0.741772 0.081535 -0.741772
0.090118 -0.741772 0.090118 -0.741772
0.098701 -0.741772 0.098701 -0.741772
0.107283 -0.741772 0.107283 -0.741772
0.115866 -0.741772 0.115866 -0.741772
0.124449 -0.741772 0.124449 -0.741772
0.133031 -0.741772 0.133031 -0.741772
0.141614 -0.741772 0.141614 -0.741772
0.150197 -0.741772 0.150197 -0.741772
0.158780 -0.741772 0.158780 -0.741772
0.167362 -0.741772 0.167362 -0.741772
0.175945 -0.741772 0.175945 -0.741772
0.184528 -0.741772 0.184528 -0.741772
0.193110 -0.741772 0.193110 -0.741772
0.201693 -0.741772 0.201693 -0.741772
0.210276 -0.741772 0.210276 -0.741772
0.218858 -0.741772 0.218858 -0.741772
0.227441 -0.741772 0.227441 -0.741772
0.236024 -0.741772 0.236024 -0.741772
0.244606 -0.741772 0.244606 -0.741772
0.253189 -0.741772 0.253189 -0.741772
0.261772 -0.741772 0.261772 -0.741772
0.270354 -0.741772 0.270354 -0.741772
0.278937 -0.741772 0.278937 -0.741772
0.287520 -0.741772 0.287520 -0.741772
0.296102 -0.741772 0.296102 -0.741772
0.304685 -0.741772 0.304685 -0.741772
0.313268 -0.741772 0.313268 -0.741772
0.321850 -0.741772 0.321850 -0.741772
0.330433 -0.741772 0.330433 -0.741772
0.339016 -0.741772 0.339016 -0.741772
0.347598 -0.741772 0.347598 -0.741772
0.356181 -0.741772 0.356181 -0.741772
0.364764 -0.741772 0.364764 -0.741772
0.373346 -0.741772 0.373346 -0.741772
0.381929 -0.741772 0.381929 -0.741772
0.390512 -0.741772 0.390512 -0.741772
0.399094 -0.741772 0.399094 -0.741772
0.407677 -0.741772 0.407677 -0.741772
0.416260 -0.741772 0.416260 -0.741772
0.424843 -0.741772 0.424843 -0.741772
0.433425 -0.741772 0.433425 -0.741772
0.442008 -0.741772 0.442008 -0.741772
0.450591 -0.741772 0.450591 -0.741772
0.459173 -0.741772 0.459173 -0.741772
0.467756 -0.741772 0.467756 -0.741772
0.476339 -0.741772 0.476339 -0.741772
0.484921 -0.741772 0.484921 -0.741772
0.493504 -0.741772 0.493504 -0.741772
0.502087 -0.741772 0.502087 -0.741772
0.510669 -0.741772 0.510669 -0.741772
0.519252 -0.741772 0.519252 -0.741772
0.527835 -0.741772 0.527835 -0.741772
0.536417 -0.741772 0.536417 -0.741772
0.545000 -0.741772 0.545000 -0.741772
-0.545000 -0.728465 -0.545000 -0.728465
-0.536417 -0.728465 -0.536417 -0.728465
-0.527835 -0.728465 -0.527835 -0.728465
-0.519252 -0.728465 -0.519252 -0.728465
-0.510669 -0.728465 -0.510669 -0.728465
-0.502087 -0.728465 -0.502087 -0.728465
-0.493504 -0.728465 -0.493504 -0.728465
-0.484921 -0.728465 -0.484921 -0.728465
-0.476339 -0.728465 -0.476339 -0.728465
-0.467756 -0.728465 -0.467756 -0.728465
-0.459173 -0.728465 -0.459173 -0.728465
-0.450591 -0.728465 -0.450591 -0.728465
-0.442008 -0.728465 -0.442008 -0.728465
-0.433425 -0.728465 -0.433425 -0.728465
-0.424843 -0.728465 -0.424843 -0.728465
-0.416260 -0.728465 -0.416260 -0.728465
-0.407677 -0.728465 -0.407677 -0.728465
-0.399094 -0.728465 -0.399094 -0.728465
-0.390512 -0.728465 -0.390512 -0.728465
-0.381929 -0.728465 -0.381929 -0.728465
-0.373346 -0.728465 -0.373346 -0.728465
-0.364764 -0.728465 -0.364764 -0.728465
-0.356181 -0.728465 -0.356181 -0.728465
-0.347598 -0.728465 -0.347598 -0.728465
-0.339016 -0.728465 -0.339016 -0.728465
-0.330433 -0.728465 -0.330433 -0.728465
-0.321850 -0.728465 -0.321850 -0.728465
-0.313268 -0.728465 -0.313268 -0.728465
-0.304685 -0.728465 -0.304685 -0.728465
-0.296102 -0.728465 -0.296102 -0.728465
-0.287520 -0.728465 -0.287520 -0.728465
-0.278937 -0.728465 -0.278937 -0.728465
-0.270354 -0.728465 -0.270354 -0.728465
-0.261772 -0.728465 -0.261772 -0.728465
-0.253189 -0.728465 -0.253189 -0.728465
-0.244606 -0.728465 -0.244606 -0.728465
-0.236024 -0.728465 -0.236024 -0.728465
-0.227441 -0.728465 -0.227441 -0.728465
-0.218858 -0.728465 -0.218858 -0.728465
-0.210276 -0.728465 -0.210276 -0.728465
-0.201693 -0.728465 -0.201693 -0.728465
-0.193110 -0.728465 -0.193110 -0.728465
-0.184528 -0.728465 -0.184528 -0.728465
-0.175945 -0.728465 -0.175945 -0.728465
-0.167362 -0.728465 -0.167362 -0.728465
-0.158780 -0.728465 -0.158780 -0.728465
-0.150197 -0.728465 -0.150197 -0.728465
-0.141614 -0.728465 -0.141614 -0.728465
-0.133031 -0.728465 -0.133031 -0.728465
-0.124449 -0.728465 -0.124449 -0.728465
-0.115866 -0.728465 -0.115866 -0.728465
-0.107283 -0.728465 -0.107283 -0.728465
-0.098701 -0.728465 -0.098701 -0.728465
-0.090118 -0.728465 -0.090118 -0.728465
-0.081535 -0.728465 -0.081535 -0.728465
-0.072953 -0.728465 -0.072953 -0.728465
-0.064370 -0.728465 -0.064370 -0.728465
-0.055787 -0.728465 -0.055787 -0.728465
-0.047205 -0.728465 -0.047205 -0.728465
-0.038622 -0.728465 -0.038622 -0.728465
-0.030039 -0.728465 -0.030039 -0.728465
-0.021457 -0.728465 -0.021457 -0.728465
-0.012874 -0.728465 -0.012874 -0.728465
-0.004291 -0.728465 -0.004291 -0.728465
0.004291 -0.728465 0.004291 -0.728465
0.012874 -0.728465 0.012874 -0.728465
0.021457 -0.728465 0.021457 -0.728465
0.030039 -0.728465 0.030039 -0.728465
0.038622 -0.728465 0.038622 -0.728465
0.047205 -0.728465 0.047205 -0.728465
0.055787 -0.728465 0.055787 -0.728465
0.064370 -0.728465 0.064370 -0.728465
0.072953 -0.728465 0.072953 -0.728465
0.081535 -0.728465 0.081535 -0.728465
0.090118 -0.728465 0.090118 -0.728465
0.098701 -0.728465 0.098701 -0.728465
0.107283 -0.728465 0.107283 -0.728465
0.115866 -0.728465 0.115866 -0.728465
0.124449 -0.728465 0.124449 -0.728465
0.133031 -0.728465 0.133031 -0.728465
0.141614 -0.728465 0.141614 -0.728465
0.150197 -0.728465 0.150197 -0.728465
0.158780 -0.728465 0.158780 -0.728465
0.167362 -0.728465 0.167362 -0.728465
0.175945 -0.728465 0.175945 -0.728465
0.184528 -0.728465 0.184528 -0.728465
0.193110 -0.728465 0.193110 -0.728465
0.201693 -0.728465 0.201693 -0.728465
0.210276 -0.728465 0.210276 -0.728465
0.218858 -0.728465 0.218858 -0.728465
0.227441 -0.728465 0.227441 -0.728465
0.236024 -0.728465 0.236024 -0.728465
0.244606 -0.728465 0.244606 -0.728465
0.253189 -0.728465 0.253189 -0.728465
0.261772 -0.728465 0.261772 -0.728465
0.270354 -0.728465 0.270354 -0.728465
0.278937 -0.728465 0.278937 -0.728465
0.287520 -0.728465 0.287520 -0.728465
0.296102 -0.728465 0.296102 -0.728465
0.304685 -0.728465 0.304685 -0.728465
0.313268 -0.728465 0.313268 -0.728465
0.321850 -0.728465 0.321850 -0.728465
0.330433 -0.728465 0.330433 -0.728465
0.339016 -0.728465 0.339016 -0.728465
0.347598 -0.728465 0.347598 -0.728465
0.356181 -0.728465 0.356181 -0.728465
0.364764 -0.728465 0.364764 -0.728465
0.373346 -0.728465 0.373346 -0.728465
0.381929 -0.728465 0.381929 -0.728465
0.390512 -0.728465 0.390512 -0.728465
0.399094 -0.728465 0.399094 -0.728465
0.407677 -0.728465 0.407677 -0.728465
0.416260 -0.728465 0.416260 -0.728465
0.424843 -0.728465 0.424843 -0.728465
0.433425 -0.728465 0.433425 -0.728465
0.442008 -0.728465 0.442008 -0.728465
0.450591 -0.728465 0.450591 -0.728465
0.459173 -0.728465 0.459173 -0.728465
0.467756 -0.728465 0.467756 -0.728465
0.476339 -0.728465 0.476339 -0.728465
0.484921 -0.728465 0.484921 -0.728465
0.493504 -0.728465 0.493504 -0.728465
0.502087 -0.728465 0.502087 -0.728465
0.510669 -0.728465 0.510669 -0.728465
0.519252 -0.728465 0.519252 -0.728465
0.527835 -0.728465 0.527835 -0.728465
0.536417 -0.728465 0.536417 -0.728465
0.545000 -0.728465 0.545000 -0.728465
-0.545000 -0.715157 -0.545000 -0.715157
-0.536417 -0.715157 -0.536417 -0.715157
-0.527835 -0.715157 -0.527835 -0.715157
-0.519252 -0.715157 -0.519252 -0.715157
-0.510669 -0.715157 -0.510669 -0.715157
-0.502087 -0.715157 -0.502087 -0.715157
-0.493504 -0.715157 -0.493504 -0.715157
-0.484921 -0.715157 -0.484921 -0.715157
-0.476339 -0.715157 -0.476339 -0.715157
-0.467756 -0.715157 -0.467756 -0.715157
-0.459173 -0.715157 -0.459173 -0.715157
-0.450591 -0.715157 -0.450591 -0.715157
-0.442008 -0.715157 -0.442008 -0.715157
-0.433425 -0.715157 -0.433425 -0.715157
-0.424843 -0.715157 -0.424843 -0.715157
-0.416260 -0.715157 -0.416260 -0.715157
-0.407677 -0.715157 -0.407677 -0.715157
-0.399094 -0.715157 -0.399094 -0.715157
-0.390512 -0.715157 -0.390512 -0.715157
-0.381929 -0.715157 -0.381929 -0.715157
-0.373346 -0.715157 -0.373346 -0.715157
-0.364764 -0.715157 -0.364764 -0.715157
-0.356181 -0.715157 -0.356181 -0.715157
-0.347598 -0.715157 -0.347598 -0.715157
-0.339016 -0.715157 -0.339016 -0.715157
-0.330433 -0.715157 -0.330433 -0.715157
-0.321850 -0.715157 -0.321850 -0.715157
-0.313268 -0.715157 -0.313268 -0.715157
-0.304685 -0.715157 -0.304685 -0.715157
-0.296102 -0.715157 -0.296102 -0.715157
-0.287520 -0.715157 -0.287520 -0.715157
-0.278937 -0.715157 -0.278937 -0.715157
-0.270354 -0.715157 -0.270354 -0.715157
-0.261772 -0.715157 -0.261772 -0.715157
-0.253189 -0.715157 -0.253189 -0.715157
-0.244606 -0.715157 -0.244606 -0.715157
-0.236024 -0.715157 -0.236024 -0.715157
-0.227441 -0.715157 -0.227441 -0.715157
-0.218858 -0.715157 -0.218858 -0.715157
-0.210276 -0.715157 -0.210276 -0.715157
-0.201693 -0.715157 -0.201693 -0.715157
-0.193110 -0.715157 -0.193110 -0.715157
-0.184528 -0.715157 -0.184528 -0.715157
-0.175945 -0.715157 -0.175945 -0.715157
-0.167362 -0.715157 -0.167362 -0.715157
-0.158780 -0.715157 -0.158780 -0.715157
-0.150197 -0.715157 -0.150197 -0.715157
-0.141614 -0.715157 -0.141614 -0.715157
-0.133031 -0.715157 -0.133031 -0.715157
-0.124449 -0.715157 -0.124449 -0.715157
-0.115866 -0.715157 -0.115866 -0.715157
-0.107283 -0.715157 -0.107283 -0.715157
-0.098701 -0.715157 -0.098701 -0.715157
-0.090118 -0.715157 -0.090118 -0.715157
-0.081535 -0.715157 -0.081535 -0.715157
-0.072953 -0.715157 -0.072953 -0.715157
-0.064370 -0.715157 -0.064370 -0.715157
-0.055787 -0.715157 -0.055787 -0.715157
-0.047205 -0.715157 -0.047205 -0.715157
-0.038622 -0.715157 -0.038622 -0.715157
-0.030039 -0.715157 -0.030039 -0.715157
-0.021457 -0.715157 -0.021457 -0.715157
-0.012874 -0.715157 -0.012874 -0.715157
-0.004291 -0.715157 -0.004291 -0.715157
0.004291 -0.715157 0.004291 -0.715157
0.012874 -0.715157 0.012874 -0.715157
0.021457 -0.715157 0.021457 -0.715157
0.030039 -0.715157 0.030039 -0.715157
0.038622 -0.715157 0.038622 -0.715157
0.047205 -0.715157 0.047205 -0.715157
0.055787 -0.715157 0.055787 -0.715157
0.064370 -0.715157 0.064370 -0.715157
0.072953 -0.715157 0.072953 -0.715157
0.081535 -0.715157 0.081535 -0.715157
0.090118 -0.715157 0.090118 -0.715157
0.098701 -0.715157 0.098701 -0.715157
0.107283 -0.715157 0.107283 -0.715157
0.115866 -0.715157 0.115866 -0.715157
0.124449 -0.715157 0.124449 -0.715157
0.133031 -0.715157 0.133031 -0.715157
0.141614 -0.715157 0.141614 -0.715157
0.150197 -0.715157 0.150197 -0.715157
0.158780 -0.715157 0.158780 -0.715157
0.167362 -0.715157 0.167362 -0.715157
0.175945 -0.715157 0.175945 -0.715157
0.184528 -0.715157 0.184528 -0.715157
0.193110 -0.715157 0.193110 -0.715157
0.201693 -0.715157 0.201693 -0.715157
0.210276 -0.715157 0.210276 -0.715157
0.218858 -0.715157 0.218858 -0.715157
0.227441 -0.715157 0.227441 -0.715157
0.236024 -0.715157 0.236024 -0.715157
0.244606 -0.715157 0.244606 -0.715157
0.253189 -0.715157 0.253189 -0.715157
0.261772 -0.715157 0.261772 -0.715157
0.270354 -0.715157 0.270354 -0.715157
0.278937 -0.715157 0.278937 -0.715157
0.287520 -0.715157 0.287520 -0.715157
0.296102 -0.715157 0.296102 -0.715157
0.304685 -0.715157 0.304685 -0.715157
0.313268 -0.715157 0.313268 -0.715157
0.321850 -0.715157 0.321850 -0.715157
0.330433 -0.715157 0.330433 -0.715157
0.339016 -0.715157 0.339016 -0.715157
0.347598 -0.715157 0.347598 -0.715157
0.356181 -0.715157 0.356181 -0.715157
0.364764 -0.715157 0.364764 -0.715157
0.373346 -0.715157 0.373346 -0.715157
0.381929 -0.715157 0.381929 -0.715157
0.390512 -0.715157 0.390512 -0.715157
0.399094 -0.715157 0.399094 -0.715157
0.407677 -0.715157 0.407677 -0.715157
0.416260 -0.715157 0.416260 -0.715157
0.424843 -0.715157 0.424843 -0.715157
0.433425 -0.715157 0.433425 -0.715157
0.442008 -0.715157 0.442008 -0.715157
0.450591 -0.715157 0.450591 -0.715157
0.459173 -0.715157 0.459173 -0.715157
0.467756 -0.715157 0.467756 -0.715157
0.476339 -0.715157 0.476339 -0.715157
0.484921 -0.715157 0.484921 -0.715157
0.493504 -0.715157 0.493504 -0.715157
0.502087 -0.715157 0.502087 -0.715157
0.510669 -0.715157 0.510669 -0.715157
0.519252 -0.715157 0.519252 -0.715157
0.527835 -0.715157 0.527835 -0.715157
0.536417 -0.715157 0.536417 -0.715157
0.545000 -0.715157 0.545000 -0.715157
-0.545000 -0.701850 -0.545000 -0.701850
-0.536417 -0.701850 -0.536417 -0.701850
-0.527835 -0.701850 -0.527835 -0.701850
-0.519252 -0.701850 -0.519252 -0.701850
-0.510669 -0.701850 -0.510669 -0.701850
-0.502087 -0.701850 -0.502087 -0.701850
-0.493504 -0.701850 -0.493504 -0.701850
-0.484921 -0.701850 -0.484921 -0.701850
-0.476339 -0.701850 -0.476339 -0.701850
-0.467756 -0.701850 -0.467756 -0.701850
-0.459173 -0.701850 -0.459173 -0.701850
-0.450591 -0.701850 -0.450591 -0.701850
-0.442008 -0.701850 -0.442008 -0.701850
-0.433425 -0.701850 -0.433425 -0.701850
-0.424843 -0.701850 -0.424843 -0.701850
-0.416260 -0.701850 -0.416260 -0.701850
-0.407677 -0.701850 -0.407677 -0.701850
-0.399094 -0.701850 -0.399094 -0.701850
-0.390512 -0.701850 -0.390512 -0.701850
-0.381929 -0.701850 -0.381929 -0.701850
-0.373346 -0.701850 -0.373346 -0.701850
-0.364764 -0.701850 -0.364764 -0.701850
-0.356181 -0.701850 -0.356181 -0.701850
-0.347598 -0.701850 -0.347598 -0.701850
-0.339016 -0.701850 -0.339016 -0.701850
-0.330433 -0.701850 -0.330433 -0.701850
-0.321850 -0.701850 -0.321850 -0.701850
-0.313268 -0.701850 -0.313268 -0.701850
-0.304685 -0.701850 -0.304685 -0.701850
-0.296102 -0.701850 -0.296102 -0.701850
-0.287520 -0.701850 -0.287520 -0.701850
-0.278937 -0.701850 -0.278937 -0.701850
-0.270354 -0.701850 -0.270354 -0.701850
-0.261772 -0.701850 -0.261772 -0.701850
-0.253189 -0.701850 -0.253189 -0.701850
-0.244606 -0.701850 -0.244606 -0.701850
-0.236024 -0.701850 -0.236024 -0.701850
-0.227441 -0.701850 -0.227441 -0.701850
-0.218858 -0.701850 -0.218858 -0.701850
-0.210276 -0.701850 -0.210276 -0.701850
-0.201693 -0.701850 -0.201693 -0.701850
-0.193110 -0.701850 -0.193110 -0.701850
-0.184528 -0.701850 -0.184528 -0.701850
-0.175945 -0.701850 -0.175945 -0.701850
-0.167362 -0.701850 -0.167362 -0.701850
-0.158780 -0.701850 -0.158780 -0.701850
-0.150197 -0.701850 -0.150197 -0.701850
-0.141614 -0.701850 -0.141614 -0.701850
-0.133031 -0.701850 -0.133031 -0.701850
-0.124449 -0.701850 -0.124449 -0.701850
-0.115866 -0.701850 -0.115866 -0.701850
-0.107283 -0.701850 -0.107283 -0.701850
-0.098701 -0.701850 -0.098701 -0.701850
-0.090118 -0.701850 -0.090118 -0.701850
-0.081535 -0.701850 -0.081535 -0.701850
-0.072953 -0.701850 -0.072953 -0.701850
-0.064370 -0.701850 -0.064370 -0.701850
-0.055787 -0.701850 -0.055787 -0.701850
-0.047205 -0.701850 -0.047205 -0.701850
-0.038622 -0.701850 -0.038622 -0.701850
-0.030039 -0.701850 -0.030039 -0.701850
-0.021457 -0.701850 -0.021457 -0.701850
-0.012874 -0.701850 -0.012874 -0.701850
-0.004291 -0.701850 -0.004291 -0.701850
0.004291 -0.701850 0.004291 -0.701850
0.012874 -0.701850 0.012874 -0.701850
0.021457 -0.701850 0.021457 -0.701850
0.030039 -0.701850 0.030039 -0.701850
0.038622 -0.701850 0.038622 -0.701850
0.047205 -0.701850 0.047205 -0.701850
0.055787 -0.701850 0.055787 -0.701850
0.064370 -0.701850 0.064370 -0.701850
0.072953 -0.701850 0.072953 -0.701850
0.081535 -0.701850 0.081535 -0.701850
0.090118 -0.701850 0.090118 -0.701850
0.098701 -0.701850 0.098701 -0.701850
0.107283 -0.701850 0.107283 -0.701850
0.115866 -0.701850 0.115866 -0.701850
0.124449 -0.701850 0.124449 -0.701850
0.133031 -0.701850 0.133031 -0.701850
0.141614 -0.701850 0.141614 -0.701850
0.150197 -0.701850 0.150197 -0.701850
0.158780 -0.701850 0.158780 -0.701850
0.167362 -0.701850 0.167362 -0.701850
0.175945 -0.701850 0.175945 -0.701850
0.184528 -0.701850 0.184528 -0.701850
0.193110 -0.701850 0.193110 -0.701850
0.201693 -0.701850 0.201693 -0.701850
0.210276 -0.701850 0.210276 -0.701850
0.218858 -0.701850 0.218858 -0.701850
0.227441 -0.701850 0.227441 -0.701850
0.236024 -0.701850 0.236024 -0.701850
0.244606 -0.701850 0.244606 -0.701850
0.253189 -0.701850 0.253189 -0.701850
0.261772 -0.701850 0.261772 -0.701850
0.270354 -0.701850 0.270354 -0.701850
0.278937 -0.701850 0.278937 -0.701850
0.287520 -0.701850 0.287520 -0.701850
0.296102 -0.701850 0.296102 -0.701850
0.304685 -0.701850 0.304685 -0.701850
0.313268 -0.701850 0.313268 -0.701850
0.321850 -0.701850 0.321850 -0.701850
0.330433 -0.701850 0.330433 -0.701850
0.339016 -0.701850 0.339016 -0.701850
0.347598 -0.701850 0.347598 -0.701850
0.356181 -0.701850 0.356181 -0.701850
0.364764 -0.701850 0.364764 -0.701850
0.373346 -0.701850 0.373346 -0.701850
0.381929 -0.701850 0.381929 -0.701850
0.390512 -0.701850 0.390512 -0.701850
0.399094 -0.701850 0.399094 -0.701850
0.407677 -0.701850 0.407677 -0.701850
0.416260 -0.701850 0.416260 -0.701850
0.424843 -0.701850 0.424843 -0.701850
0.433425 -0.701850 0.433425 -0.701850
0.442008 -0.701850 0.442008 -0.701850
0.450591 -0.701850 0.450591 -0.701850
0.459173 -0.701850 0.459173 -0.701850
0.467756 -0.701850 0.467756 -0.701850
0.476339 -0.701850 0.476339 -0.701850
0.484921 -0.701850 0.484921 -0.701850
0.493504 -0.701850 0.493504 -0.701850
0.502087 -0.701850 0.502087 -0.701850
0.510669 -0.701850 0.510669 -0.701850
0.519252 -0.701850 0.519252 -0.701850
0.527835 -0.701850 0.527835 -0.701850
0.536417 -0.701850 0.536417 -0.701850
0.545000 -0.701850 0.545000 -0.701850
-0.545000 -0.688543 -0.545000 -0.688543
-0.536417 -0.688543 -0.536417 -0.688543
-0.527835 -0.688543 -0.527835 -0.688543
-0.519252 -0.688543 -0.519252 -0.688543
-0.510669 -0.688543 -0.510669 -0.688543
-0.502087 -0.688543 -0.502087 -0.688543
-0.493504 -0.688543 -0.493504 -0.688543
-0.484921 -0.688543 -0.484921 -0.688543
-0.476339 -0.688543 -0.476339 -0.688543
-0.467756 -0.688543 -0.467756 -0.688543
-0.459173 -0.688543 -0.459173 -0.688543
-0.450591 -0.688543 -0.450591 -0.688543
-0.442008 -0.688543 -0.442008 -0.688543
-0.433425 -0.688543 -0.433425 -0.688543
-0.424843 -0.688543 -0.424843 -0.688543
-0.416260 -0.688543 -0.416260 -0.688543
-0.407677 -0.688543 -0.407677 -0.688543
-0.399094 -0.688543 -0.399094 -0.688543
-0.390512 -0.688543 -0.390512 -0.688543
-0.381929 -0.688543 -0.381929 -0.688543
-0.373346 -0.688543 -0.373346 -0.688543
-0.364764 -0.688543 -0.364764 -0.688543
-0.356181 -0.688543 -0.356181 -0.688543
-0.347598 -0.688543 -0.347598 -0.688543
-0.339016 -0.688543 -0.339016 -0.688543
-0.330433 -0.688543 -0.330433 -0.688543
-0.321850 -0.688543 -0.321850 -0.688543
-0.313268 -0.688543 -0.313268 -0.688543
-0.304685 -0.688543 -0.304685 -0.688543
-0.296102 -0.688543 -0.296102 -0.688543
-0.287520 -0.688543 -0.287520 -0.688543
-0.278937 -0.688543 -0.278937 -0.688543
-0.270354 -0.688543 -0.270354 -0.688543
-0.261772 -0.688543 -0.261772 -0.688543
-0.253189 -0.688543 -0.253189 -0.688543
-0.244606 -0.688543 -0.244606 -0.688543
-0.236024 -0.688543 -0.236024 -0.688543
-0.227441 -0.688543 -0.227441 -0.688543
-0.218858 -0.688543 -0.218858 -0.688543
-0.210276 -0.688543 -0.210276 -0.688543
-0.201693 -0.688543 -0.201693 -0.688543
-0.193110 -0.688543 -0.193110 -0.688543
-0.184528 -0.688543 -0.184528 -0.688543
-0.175945 -0.688543 -0.175945 -0.688543
-0.167362 -0.688543 -0.167362 -0.688543
-0.158780 -0.688543 -0.158780 -0.688543
-0.150197 -0.688543 -0.150197 -0.688543
-0.141614 -0.688543 -0.141614 -0.688543
-0.133031 -0.688543 -0.133031 -0.688543
-0.124449 -0.688543 -0.124449 -0.688543
-0.115866 -0.688543 -0.115866 -0.688543
-0.107283 -0.688543 -0.107283 -0.688543
-0.098701 -0.688543 -0.098701 -0.688543
-0.090118 -0.688543 -0.090118 -0.688543
-0.081535 -0.688543 -0.081535 -0.688543
-0.072953 -0.688543 -0.072953 -0.688543
-0.064370 -0.688543 -0.064370 -0.688543
-0.055787 -0.688543 -0.055787 -0.688543
-0.047205 -0.688543 -0.047205 -0.688543
-0.038622 -0.688543 -0.038622 -0.688543
-0.030039 -0.688543 -0.030039 -0.688543
-0.021457 -0.688543 -0.021457 -0.688543
-0.012874 -0.688543 -0.012874 -0.688543
-0.004291 -0.688543 -0.004291 -0.688543
0.004291 -0.688543 0.004291 -0.688543
0.012874 -0.688543 0.012874 -0.688543
0.021457 -0.688543 0.021457 -0.688543
0.030039 -0.688543 0.030039 -0.688543
0.038622 -0.688543 0.038622 -0.688543
0.047205 -0.688543 0.047205 -0.688543
0.055787 -0.688543 0.055787 -0.688543
0.064370 -0.688543 0.064370 -0.688543
0.072953 -0.688543 0.072953 -0.688543
0.081535 -0.688543 0.081535 -0.688543
0.090118 -0.688543 0.090118 -0.688543
0.098701 -0.688543 0.098701 -0.688543
0.107283 -0.688543 0.107283 -0.688543
0.115866 -0.688543 0.115866 -0.688543
0.124449 -0.688543 0.124449 -0.688543
0.133031 -0.688543 0.133031 -0.688543
0.141614 -0.688543 0.141614 -0.688543
0.150197 -0.688543 0.150197 -0.688543
0.158780 -0.688543 0.158780 -0.688543
0.167362 -0.688543 0.167362 -0.688543
0.175945 -0.688543 0.175945 -0.688543
0.184528 -0.688543 0.184528 -0.688543
0.193110 -0.688543 0.193110 -0.688543
0.201693 -0.688543 0.201693 -0.688543
0.210276 -0.688543 0.210276 -0.688543
0.218858 -0.688543 0.218858 -0.688543
0.227441 -0.688543 0.227441 -0.688543
0.236024 -0.688543 0.236024 -0.688543
0.244606 -0.688543 0.244606 -0.688543
0.253189 -0.688543 0.253189 -0.688543
0.261772 -0.688543 0.261772 -0.688543
0.270354 -0.688543 0.270354 -0.688543
0.278937 -0.688543 0.278937 -0.688543
0.287520 -0.688543 0.287520 -0.688543
0.296102 -0.688543 0.296102 -0.688543
0.304685 -0.688543 0.304685 -0.688543
0.313268 -0.688543 0.313268 -0.688543
0.321850 -0.688543 0.321850 -0.688543
0.330433 -0.688543 0.330433 -0.688543
0.339016 -0.688543 0.339016 -0.688543
0.347598 -0.688543 0.347598 -0.688543
0.356181 -0.688543 0.356181 -0.688543
0.364764 -0.688543 0.364764 -0.688543
0.373346 -0.688543 0.373346 -0.688543
0.381929 -0.688543 0.381929 -0.688543
0.390512 -0.688543 0.390512 -0.688543
0.399094 -0.688543 0.399094 -0.688543
0.407677 -0.688543 0.407677 -0.688543
0.416260 -0.688543 0.416260 -0.688543
0.424843 -0.688543 0.424843 -0.688543
0.433425 -0.688543 0.433425 -0.688543
0.442008 -0.688543 0.442008 -0.688543
0.450591 -0.688543 0.450591 -0.688543
0.459173 -0.688543 0.459173 -0.688543
0.467756 -0.688543 0.467756 -0.688543
0.476339 -0.688543 0.476339 -0.688543
0.484921 -0.688543 0.484921 -0.688543
0.493504 -0.688543 0.493504 -0.688543
0.502087 -0.688543 0.502087 -0.688543
0.510669 -0.688543 0.510669 -0.688543
0.519252 -0.688543 0.519252 -0.688543
0.527835 -0.688543 0.527835 -0.688543
0.536417 -0.688543 0.536417 -0.688543
0.545000 -0.688543 0.545000 -0.688543
-0.545000 -0.675236 -0.545000 -0.675236
-0.536417 -0.675236 -0.536417 -0.675236
-0.527835 -0.675236 -0.527835 -0.675236
-0.519252 -0.675236 -0.519252 -0.675236
-0.510669 -0.675236 -0.510669 -0.675236
-0.502087 -0.675236 -0.502087 -0.675236
-0.493504 -0.675236 -0.493504 -0.675236
-0.484921 -0.675236 -0.484921 -0.675236
-0.476339 -0.675236 -0.476339 -0.675236
-0.467756 -0.675236 -0.467756 -0.675236
-0.459173 -0.675236 -0.459173 -0.675236
-0.450591 -0.675236 -0.450591 -0.675236
-0.442008 -0.675236 -0.442008 -0.675236
-0.433425 -0.675236 -0.433425 -0.675236
-0.424843 -0.675236 -0.424843 -0.675236
-0.416260 -0.675236 -0.416260 -0.675236
-0.407677 -0.675236 -0.407677 -0.675236
-0.399094 -0.675236 -0.399094 -0.675236
-0.390512 -0.675236 -0.390512 -0.675236
-0.381929 -0.675236 -0.381929 -0.675236
-0.373346 -0.675236 -0.373346 -0.675236
-0.364764 -0.675236 -0.364764 -0.675236
-0.356181 -0.675236 -0.356181 -0.675236
-0.347598 -0.675236 -0.347598 -0.675236
-0.339016 -0.675236 -0.339016 -0.675236
-0.330433 -0.675236 -0.330433 -0.675236
-0.321850 -0.675236 -0.321850 -0.675236
-0.313268 -0.675236 -0.313268 -0.675236
-0.304685 -0.675236 -0.304685 -0.675236
-0.296102 -0.675236 -0.296102 -0.675236
-0.287520 -0.675236 -0.287520 -0.675236
-0.278937 -0.675236 -0.278937 -0.675236
-0.270354 -0.675236 -0.270354 -0.675236
-0.261772 -0.675236 -0.261772 -0.675236
-0.253189 -0.675236 -0.253189 -0.675236
-0.244606 -0.675236 -0.244606 -0.675236
-0.236024 -0.675236 -0.236024 -0.675236
-0.227441 -0.675236 -0.227441 -0.675236
-0.218858 -0.675236 -0.218858 -0.675236
-0.210276 -0.675236 -0.210276 -0.675236
-0.201693 -0.675236 -0.201693 -0.675236
-0.193110 -0.675236 -0.193110 -0.675236
-0.184528 -0.675236 -0.184528 -0.675236
-0.175945 -0.675236 -0.175945 -0.675236
-0.167362 -0.675236 -0.167362 -0.675236
-0.158780 -0.675236 -0.158780 -0.675236
-0.150197 -0.675236 -0.150197 -0.675236
-0.141614 -0.675236 -0.141614 -0.675236
-0.133031 -0.675236 -0.133031 -0.675236
-0.124449 -0.675236 -0.124449 -0.675236
-0.115866 -0.675236 -0.115866 -0.675236
-0.107283 -0.675236 -0.107283 -0.675236
-0.098701 -0.675236 -0.098701 -0.675236
-0.090118 -0.675236 -0.090118 -0.675236
-0.081535 -0.675236 -0.081535 -0.675236
-0.072953 -0.675236 -0.072953 -0.675236
-0.064370 -0.675236 -0.064370 -0.675236
-0.055787 -0.675236 -0.055787 -0.675236
-0.047205 -0.675236 -0.047205 -0.675236
-0.038622 -0.675236 -0.038622 -0.675236
-0.030039 -0.675236 -0.030039 -0.675236
-0.021457 -0.675236 -0.021457 -0.675236
-0.012874 -0.675236 -0.012874 -0.675236
-0.004291 -0.675236 -0.004291 -0.675236
0.004291 -0.675236 0.004291 -0.675236
0.012874 -0.675236 0.012874 -0.675236
0.021457 -0.675236 0.021457 -0.675236
0.030039 -0.675236 0.030039 -0.675236
0.038622 -0.675236 0.038622 -0.675236
0.047205 -0.675236 0.047205 -0.675236
0.055787 -0.675236 0.055787 -0.675236
0.064370 -0.675236 0.064370 -0.675236
0.072953 -0.675236 0.072953 -0.675236
0.081535 -0.675236 0.081535 -0.675236
0.090118 -0.675236 0.090118 -0.675236
0.098701 -0.675236 0.098701 -0.675236
0.107283 -0.675236 0.107283 -0.675236
0.115866 -0.675236 0.115866 -0.675236
0.124449 -0.675236 0.124449 -0.675236
0.133031 -0.675236 0.133031 -0.675236
0.141614 -0.675236 0.141614 -0.675236
0.150197 -0.675236 0.150197 -0.675236
0.158780 -0.675236 0.158780 -0.675236
0.167362 -0.675236 0.167362 -0.675236
0.175945 -0.675236 0.175945 -0.675236
0.184528 -0.675236 0.184528 -0.675236
0.193110 -0.675236 0.193110 -0.675236
0.201693 -0.675236 0.201693 -0.675236
0.210276 -0.675236 0.210276 -0.675236
0.218858 -0.675236 0.218858 -0.675236
0.227441 -0.675236 0.227441 -0.675236
0.236024 -0.675236 0.236024 -0.675236
0.244606 -0.675236 0.244606 -0.675236
0.253189 -0.675236 0.253189 -0.675236
0.261772 -0.675236 0.261772 -0.675236
0.270354 -0.675236 0.270354 -0.675236
0.278937 -0.675236 0.278937 -0.675236
0.287520 -0.675236 0.287520 -0.675236
0.296102 -0.675236 0.296102 -0.675236
0.304685 -0.675236 0.304685 -0.675236
0.313268 -0.675236 0.313268 -0.675236
0.321850 -0.675236 0.321850 -0.675236
0.330433 -0.675236 0.330433 -0.675236
0.339016 -0.675236 0.339016 -0.675236
0.347598 -0.675236 0.347598 -0.675236
0.356181 -0.675236 0.356181 -0.675236
0.364764 -0.675236 0.364764 -0.675236
0.373346 -0.675236 0.373346 -0.675236
0.381929 -0.675236 0.381929 -0.675236
0.390512 -0.675236 0.390512 -0.675236
0.399094 -0.675236 0.399094 -0.675236
0.407677 -0.675236 0.407677 -0.675236
0.416260 -0.675236 0.416260 -0.675236
0.424843 -0.675236 0.424843 -0.675236
0.433425 -0.675236 0.433425 -0.675236
0.442008 -0.675236 0.442008 -0.675236
0.450591 -0.675236 0.450591 -0.675236
0.459173 -0.675236 0.459173 -0.675236
0.467756 -0.675236 0.467756 -0.675236
0.476339 -0.675236 0.476339 -0.675236
0.484921 -0.675236 0.484921 -0.675236
0.493504 -0.675236 0.493504 -0.675236
0.502087 -0.675236 0.502087 -0.675236
0.510669 -0.675236 0.510669 -0.675236
0.519252 -0.675236 0.519252 -0.675236
0.527835 -0.675236 0.527835 -0.675236
0.536417 -0.675236 0.536417 -0.675236
0.545000 -0.675236 0.545000 -0.675236
-0.545000 -0.661929 -0.545000 -0.661929
-0.536417 -0.661929 -0.536417 -0.661929
-0.527835 -0.661929 -0.527835 -0.661929
-0.519252 -0.661929 -0.519252 -0.661929
-0.510669 -0.661929 -0.510669 -0.661929
-0.502087 -0.661929 -0.502087 -0.661929
-0.493504 -0.661929 -0.493504 -0.661929
-0.484921 -0.661929 -0.484921 -0.661929
-0.476339 -0.661929 -0.476339 -0.661929
-0.467756 -0.661929 -0.467756 -0.661929
-0.459173 -0.661929 -0.459173 -0.661929
-0.450591 -0.661929 -0.450591 -0.661929
-0.442008 -0.661929 -0.442008 -0.661929
-0.433425 -0.661929 -0.433425 -0.661929
-0.424843 -0.661929 -0.424843 -0.661929
-0.416260 -0.661929 -0.416260 -0.661929
-0.407677 -0.661929 -0.407677 -0.661929
-0.399094 -0.661929 -0.399094 -0.661929
-0.390512 -0.661929 -0.390512 -0.661929
-0.381929 -0.661929 -0.381929 -0.661929
-0.373346 -0.661929 -0.373346 -0.661929
-0.364764 -0.661929 -0.364764 -0.661929
-0.356181 -0.661929 -0.356181 -0.661929
-0.347598 -0.661929 -0.347598 -0.661929
-0.339016 -0.661929 -0.339016 -0.661929
-0.330433 -0.661929 -0.330433 -0.661929
-0.321850 -0.661929 -0.321850 -0.661929
-0.313268 -0.661929 -0.313268 -0.661929
-0.304685 -0.661929 -0.304685 -0.661929
-0.296102 -0.661929 -0.296102 -0.661929
-0.287520 -0.661929 -0.287520 -0.661929
-0.278937 -0.661929 -0.278937 -0.661929
-0.270354 -0.661929 -0.270354 -0.661929
-0.261772 -0.661929 -0.261772 -0.661929
-0.253189 -0.661929 -0.253189 -0.661929
-0.244606 -0.661929 -0.244606 -0.661929
-0.236024 -0.661929 -0.236024 -0.661929
-0.227441 -0.661929 -0.227441 -0.661929
-0.218858 -0.661929 -0.218858 -0.661929
-0.210276 -0.661929 -0.210276 -0.661929
-0.201693 -0.661929 -0.201693 -0.661929
-0.193110 -0.661929 -0.193110 -0.661929
-0.184528 -0.661929 -0.184528 -0.661929
-0.175945 -0.661929 -0.175945 -0.661929
-0.167362 -0.661929 -0.167362 -0.661929
-0.158780 -0.661929 -0.158780 -0.661929
-0.150197 -0.661929 -0.150197 -0.661929
-0.141614 -0.661929 -0.141614 -0.661929
-0.133031 -0.661929 -0.133031 -0.661929
-0.124449 -0.661929 -0.124449 -0.661929
-0.115866 -0.661929 -0.115866 -0.661929
-0.107283 -0.661929 -0.107283 -0.661929
-0.098701 -0.661929 -0.098701 -0.661929
-0.090118 -0.661929 -0.090118 -0.661929
-0.081535 -0.661929 -0.081535 -0.661929
-0.072953 -0.661929 -0.072953 -0.661929
-0.064370 -0.661929 -0.064370 -0.661929
-0.055787 -0.661929 -0.055787 -0.661929
-0.047205 -0.661929 -0.047205 -0.661929
-0.038622 -0.661929 -0.038622 -0.661929
-0.030039 -0.661929 -0.030039 -0.661929
-0.021457 -0.661929 -0.021457 -0.661929
-0.012874 -0.661929 -0.012874 -0.661929
-0.004291 -0.661929 -0.004291 -0.661929
0.004291 -0.661929 0.004291 -0.661929
0.012874 -0.661929 0.012874 -0.661929
0.021457 -0.661929 0.021457 -0.661929
0.030039 -0.661929 0.030039 -0.661929
0.038622 -0.661929 0.038622 -0.661929
0.047205 -0.661929 0.047205 -0.661929
0.055787 -0.661929 0.055787 -0.661929
0.064370 -0.661929 0.064370 -0.661929
0.072953 -0.661929 0.072953 -0.661929
0.081535 -0.661929 0.081535 -0.661929
0.090118 -0.661929 0.090118 -0.661929
0.098701 -0.661929 0.098701 -0.661929
0.107283 -0.661929 0.107283 -0.661929
0.115866 -0.661929 0.115866 -0.661929
0.124449 -0.661929 0.124449 -0.661929
0.133031 -0.661929 0.133031 -0.661929
0.141614 -0.661929 0.141614 -0.661929
0.150197 -0.661929 0.150197 -0.661929
0.158780 -0.661929 0.158780 -0.661929
0.167362 -0.661929 0.167362 -0.661929
0.175945 -0.661929 0.175945 -0.661929
0.184528 -0.661929 0.184528 -0.661929
0.193110 -0.661929 0.193110 -0.661929
0.201693 -0.661929 0.201693 -0.661929
0.210276 -0.661929 0.210276 -0.661929
0.218858 -0.661929 0.218858 -0.661929
0.227441 -0.661929 0.227441 -0.661929
0.236024 -0.661929 0.236024 -0.661929
0.244606 -0.661929 0.244606 -0.661929
0.253189 -0.661929 0.253189 -0.661929
0.261772 -0.661929 0.261772 -0.661929
0.270354 -0.661929 0.270354 -0.661929
0.278937 -0.661929 0.278937 -0.661929
0.287520 -0.661929 0.287520 -0.661929
0.296102 -0.661929 0.296102 -0.661929
0.304685 -0.661929 0.304685 -0.661929
0.313268 -0.661929 0.313268 -0.661929
0.321850 -0.661929 0.321850 -0.661929
0.330433 -0.661929 0.330433 -0.661929
0.339016 -0.661929 0.339016 -0.661929
0.347598 -0.661929 0.347598 -0.661929
0.356181 -0.661929 0.356181 -0.661929
0.364764 -0.661929 0.364764 -0.661929
0.373346 -0.661929 0.373346 -0.661929
0.381929 -0.661929 0.381929 -0.661929
0.390512 -0.661929 0.390512 -0.661929
0.399094 -0.661929 0.399094 -0.661929
0.407677 -0.661929 0.407677 -0.661929
0.416260 -0.661929 0.416260 -0.661929
0.424843 -0.661929 0.424843 -0.661929
0.433425 -0.661929 0.433425 -0.661929
0.442008 -0.661929 0.442008 -0.661929
0.450591 -0.661929 0.450591 -0.661929
0.459173 -0.661929 0.459173 -0.661929
0.467756 -0.661929 0.467756 -0.661929
0.476339 -0.661929 0.476339 -0.661929
0.484921 -0.661929 0.484921 -0.661929
0.493504 -0.661929 0.493504 -0.661929
0.502087 -0.661929 0.502087 -0.661929
0.510669 -0.661929 0.510669 -0.661929
0.519252 -0.661929 0.519252 -0.661929
0.527835 -0.661929 0.527835 -0.661929
0.536417 -0.661929 0.536417 -0.661929
0.545000 -0.661929 0.545000 -0.661929
-0.545000 -0.648622 -0.545000 -0.648622
-0.536417 -0.648622 -0.536417 -0.648622
-0.527835 -0.648622 -0.527835 -0.648622
-0.519252 -0.648622 -0.519252 -0.648622
-0.510669 -0.648622 -0.510669 -0.648622
-0.502087 -0.648622 -0.502087 -0.648622
-0.493504 -0.648622 -0.493504 -0.648622
-0.484921 -0.648622 -0.484921 -0.648622
-0.476339 -0.648622 -0.476339 -0.648622
-0.467756 -0.648622 -0.467756 -0.648622
-0.459173 -0.648622 -0.459173 -0.648622
-0.450591 -0.648622 -0.450591 -0.648622
-0.442008 -0.648622 -0.442008 -0.648622
-0.433425 -0.648622 -0.433425 -0.648622
-0.424843 -0.648622 -0.424843 -0.648622
-0.416260 -0.648622 -0.416260 -0.648622
-0.407677 -0.648622 -0.407677 -0.648622
-0.399094 -0.648622 -0.399094 -0.648622
-0.390512 -0.648622 -0.390512 -0.648622
-0.381929 -0.648622 -0.381929 -0.648622
-0.373346 -0.648622 -0.373346 -0.648622
-0.364764 -0.648622 -0.364764 -0.648622
-0.356181 -0.648622 -0.356181 -0.648622
-0.347598 -0.648622 -0.347598 -0.648622
-0.339016 -0.648622 -0.339016 -0.648622
-0.330433 -0.648622 -0.330433 -0.648622
-0.321850 -0.648622 -0.321850 -0.648622
-0.313268 -0.648622 -0.313268 -0.648622
-0.304685 -0.648622 -0.304685 -0.648622
-0.296102 -0.648622 -0.296102 -0.648622
-0.287520 -0.648622 -0.287520 -0.648622
-0.278937 -0.648622 -0.278937 -0.648622
-0.270354 -0.648622 -0.270354 -0.648622
-0.261772 -0.648622 -0.261772 -0.648622
-0.253189 -0.648622 -0.253189 -0.648622
-0.244606 -0.648622 -0.244606 -0.648622
-0.236024 -0.648622 -0.236024 -0.648622
-0.227441 -0.648622 -0.227441 -0.648622
-0.218858 -0.648622 -0.218858 -0.648622
-0.210276 -0.648622 -0.210276 -0.648622
-0.201693 -0.648622 -0.201693 -0.648622
-0.193110 -0.648622 -0.193110 -0.648622
-0.184528 -0.648622 -0.184528 -0.648622
-0.175945 -0.648622 -0.175945 -0.648622
-0.167362 -0.648622 -0.167362 -0.648622
-0.158780 -0.648622 -0.158780 -0.648622
-0.150197 -0.648622 -0.150197 -0.648622
-0.141614 -0.648622 -0.141614 -0.648622
-0.133031 -0.648622 -0.133031 -0.648622
-0.124449 -0.648622 -0.124449 -0.648622
-0.115866 -0.648622 -0.115866 -0.648622
-0.107283 -0.648622 -0.107283 -0.648622
-0.098701 -0.648622 -0.098701 -0.648622
-0.090118 -0.648622 -0.090118 -0.648622
-0.081535 -0.648622 -0.081535 -0.648622
-0.072953 -0.648622 -0.072953 -0.648622
-0.064370 -0.648622 -0.064370 -0.648622
-0.055787 -0.648622 -0.055787 -0.648622
-0.047205 -0.648622 -0.047205 -0.648622
-0.038622 -0.648622 -0.038622 -0.648622
-0.030039 -0.648622 -0.030039 -0.648622
-0.021457 -0.648622 -0.021457 -0.648622
-0.012874 -0.648622 -0.012874 -0.648622
-0.004291 -0.648622 -0.004291 -0.648622
0.004291 -0.648622 0.004291 -0.648622
0.012874 -0.648622 0.012874 -0.648622
0.021457 -0.648622 0.021457 -0.648622
0.030039 -0.648622 0.030039 -0.648622
0.038622 -0.648622 0.038622 -0.648622
0.047205 -0.648622 0.047205 -0.648622
0.055787 -0.648622 0.055787 -0.648622
0.064370 -0.648622 0.064370 -0.648622
0.072953 -0.648622 0.072953 -0.648622
0.081535 -0.648622 0.081535 -0.648622
0.090118 -0.648622 0.090118 -0.648622
0.098701 -0.648622 0.098701 -0.648622
0.107283 -0.648622 0.107283 -0.648622
0.115866 -0.648622 0.115866 -0.648622
0.124449 -0.648622 0.124449 -0.648622
0.133031 -0.648622 0.133031 -0.648622
0.141614 -0.648622 0.141614 -0.648622
0.150197 -0.648622 0.150197 -0.648622
0.158780 -0.648622 0.158780 -0.648622
0.167362 -0.648622 0.167362 -0.648622
0.175945 -0.648622 0.175945 -0.648622
0.184528 -0.648622 0.184528 -0.648622
0.193110 -0.648622 0.193110 -0.648622
0.201693 -0.648622 0.201693 -0.648622
0.210276 -0.648622 0.210276 -0.648622
0.218858 -0.648622 0.218858 -0.648622
0.227441 -0.648622 0.227441 -0.648622
0.236024 -0.648622 0.236024 -0.648622
0.244606 -0.648622 0.244606 -0.648622
0.253189 -0.648622 0.253189 -0.648622
0.261772 -0.648622 0.261772 -0.648622
0.270354 -0.648622 0.270354 -0.648622
0.278937 -0.648622 0.278937 -0.648622
0.287520 -0.648622 0.287520 -0.648622
0.296102 -0.648622 0.296102 -0.648622
0.304685 -0.648622 0.304685 -0.648622
0.313268 -0.648622 0.313268 -0.648622
0.321850 -0.648622 0.321850 -0.648622
0.330433 -0.648622 0.330433 -0.648622
0.339016 -0.648622 0.339016 -0.648622
0.347598 -0.648622 0.347598 -0.648622
0.356181 -0.648622 0.356181 -0.648622
0.364764 -0.648622 0.364764 -0.648622
0.373346 -0.648622 0.373346 -0.648622
0.381929 -0.648622 0.381929 -0.648622
0.390512 -0.648622 0.390512 -0.648622
0.399094 -0.648622 0.399094 -0.648622
0.407677 -0.648622 0.407677 -0.648622
0.416260 -0.648622 0.416260 -0.648622
0.424843 -0.648622 0.424843 -0.648622
0.433425 -0.648622 0.433425 -0.648622
0.442008 -0.648622 0.442008 -0.648622
0.450591 -0.648622 0.450591 -0.648622
0.459173 -0.648622 0.459173 -0.648622
0.467756 -0.648622 0.467756 -0.648622
0.476339 -0.648622 0.476339 -0.648622
0.484921 -0.648622 0.484921 -0.648622
0.493504 -0.648622 0.493504 -0.648622
0.502087 -0.648622 0.502087 -0.648622
0.510669 -0.648622 0.510669 -0.648622
0.519252 -0.648622 0.519252 -0.648622
0.527835 -0.648622 0.527835 -0.648622
0.536417 -0.648622 0.536417 -0.648622
0.545000 -0.648622 0.545000 -0.648622
-0.545000 -0.635315 -0.545000 -0.635315
-0.536417 -0.635315 -0.536417 -0.635315
-0.527835 -0.635315 -0.527835 -0.635315
-0.519252 -0.635315 -0.519252 -0.635315
-0.510669 -0.635315 -0.510669 -0.635315
-0.502087 -0.635315 -0.502087 -0.635315
-0.493504 -0.635315 -0.493504 -0.635315
-0.484921 -0.635315 -0.484921 -0.635315
-0.476339 -0.635315 -0.476339 -0.635315
-0.467756 -0.635315 -0.467756 -0.635315
-0.459173 -0.635315 -0.459173 -0.635315
-0.450591 -0.635315 -0.450591 -0.635315
-0.442008 -0.635315 -0.442008 -0.635315
-0.433425 -0.635315 -0.433425 -0.635315
-0.424843 -0.635315 -0.424843 -0.635315
-0.416260 -0.635315 -0.416260 -0.635315
-0.407677 -0.635315 -0.407677 -0.635315
-0.399094 -0.635315 -0.399094 -0.635315
-0.390512 -0.635315 -0.390512 -0.635315
-0.381929 -0.635315 -0.381929 -0.635315
-0.373346 -0.635315 -0.373346 -0.635315
-0.364764 -0.635315 -0.364764 -0.635315
-0.356181 -0.635315 -0.356181 -0.635315
-0.347598 -0.635315 -0.347598 -0.635315
-0.339016 -0.635315 -0.339016 -0.635315
-0.330433 -0.635315 -0.330433 -0.635315
-0.321850 -0.635315 -0.321850 -0.635315
-0.313268 -0.635315 -0.313268 -0.635315
-0.304685 -0.635315 -0.304685 -0.635315
-0.296102 -0.635315 -0.296102 -0.635315
-0.287520 -0.635315 -0.287520 -0.635315
-0.278937 -0.635315 -0.278937 -0.635315
-0.270354 -0.635315 -0.270354 -0.635315
-0.261772 -0.635315 -0.261772 -0.635315
-0.253189 -0.635315 -0.253189 -0.635315
-0.244606 -0.635315 -0.244606 -0.635315
-0.236024 -0.635315 -0.236024 -0.635315
-0.227441 -0.635315 -0.227441 -0.635315
-0.218858 -0.635315 -0.218858 -0.635315
-0.210276 -0.635315 -0.210276 -0.635315
-0.201693 -0.635315 -0.201693 -0.635315
-0.193110 -0.635315 -0.193110 -0.635315
-0.184528 -0.635315 -0.184528 -0.635315
-0.175945 -0.635315 -0.175945 -0.635315
-0.167362 -0.635315 -0.167362 -0.635315
-0.158780 -0.635315 -0.158780 -0.635315
-0.150197 -0.635315 -0.150197 -0.635315
-0.141614 -0.635315 -0.141614 -0.635315
-0.133031 -0.635315 -0.133031 -0.635315
-0.124449 -0.635315 -0.124449 -0.635315
-0.115866 -0.635315 -0.115866 -0.635315
-0.107283 -0.635315 -0.107283 -0.635315
-0.098701 -0.635315 -0.098701 -0.635315
-0.090118 -0.635315 -0.090118 -0.635315
-0.081535 -0.635315 -0.081535 -0.635315
-0.072953 -0.635315 -0.072953 -0.635315
-0.064370 -0.635315 -0.064370 -0.635315
-0.055787 -0.635315 -0.055787 -0.635315
-0.047205 -0.635315 -0.047205 -0.635315
-0.038622 -0.635315 -0.038622 -0.635315
-0.030039 -0.635315 -0.030039 -0.635315
-0.021457 -0.635315 -0.021457 -0.635315
-0.012874 -0.635315 -0.012874 -0.635315
-0.004291 -0.635315 -0.004291 -0.635315
0.004291 -0.635315 0.004291 -0.635315
0.012874 -0.635315 0.012874 -0.635315
0.021457 -0.635315 0.021457 -0.635315
0.030039 -0.635315 0.030039 -0.635315
0.038622 -0.635315 0.038622 -0.635315
0.047205 -0.635315 0.047205 -0.635315
0.055787 -0.635315 0.055787 -0.635315
0.064370 -0.635315 0.064370 -0.635315
0.072953 -0.635315 0.072953 -0.635315
0.081535 -0.635315 0.081535 -0.635315
0.090118 -0.635315 0.090118 -0.635315
0.098701 -0.635315 0.098701 -0.635315
0.107283 -0.635315 0.107283 -0.635315
0.115866 -0.635315 0.115866 -0.635315
0.124449 -0.635315 0.124449 -0.635315
0.133031 -0.635315 0.133031 -0.635315
0.141614 -0.635315 0.141614 -0.635315
0.150197 -0.635315 0.150197 -0.635315
0.158780 -0.635315 0.158780 -0.635315
0.167362 -0.635315 0.167362 -0.635315
0.175945 -0.635315 0.175945 -0.635315
0.184528 -0.635315 0.184528 -0.635315
0.193110 -0.635315 0.193110 -0.635315
0.201693 -0.635315 0.201693 -0.635315
0.210276 -0.635315 0.210276 -0.635315
0.218858 -0.635315 0.218858 -0.635315
0.227441 -0.635315 0.227441 -0.635315
0.236024 -0.635315 0.236024 -0.635315
0.244606 -0.635315 0.244606 -0.635315
0.253189 -0.635315 0.253189 -0.635315
0.261772 -0.635315 0.261772 -0.635315
0.270354 -0.635315 0.270354 -0.635315
0.278937 -0.635315 0.278937 -0.635315
0.287520 -0.635315 0.287520 -0.635315
0.296102 -0.635315 0.296102 -0.635315
0.304685 -0.635315 0.304685 -0.635315
0.313268 -0.635315 0.313268 -0.635315
0.321850 -0.635315 0.321850 -0.635315
0.330433 -0.635315 0.330433 -0.635315
0.339016 -0.635315 0.339016 -0.635315
0.347598 -0.635315 0.347598 -0.635315
0.356181 -0.635315 0.356181 -0.635315
0.364764 -0.635315 0.364764 -0.635315
0.373346 -0.635315 0.373346 -0.635315
0.381929 -0.635315 0.381929 -0.635315
0.390512 -0.635315 0.390512 -0.635315
0.399094 -0.635315 0.399094 -0.635315
0.407677 -0.635315 0.407677 -0.635315
0.416260 -0.635315 0.416260 -0.635315
0.424843 -0.635315 0.424843 -0.635315
0.433425 -0.635315 0.433425 -0.635315
0.442008 -0.635315 0.442008 -0.635315
0.450591 -0.635315 0.450591 -0.635315
0.459173 -0.635315 0.459173 -0.635315
0.467756 -0.635315 0.467756 -0.635315
0.476339 -0.635315 0.476339 -0.635315
0.484921 -0.635315 0.484921 -0.635315
0.493504 -0.635315 0.493504 -0.635315
0.502087 -0.635315 0.502087 -0.635315
0.510669 -0.635315 0.510669 -0.635315
0.519252 -0.635315 0.519252 -0.635315
0.527835 -0.635315 0.527835 -0.635315
0.536417 -0.635315 0.536417 -0.635315
0.545000 -0.635315 0.545000 -0.635315
-0.545000 -0.622008 -0.545000 -0.622008
-0.536417 -0.622008 -0.536417 -0.622008
-0.527835 -0.622008 -0.527835 -0.622008
-0.519252 -0.622008 -0.519252 -0.622008
-0.510669 -0.622008 -0.510669 -0.622008
-0.502087 -0.622008 -0.502087 -0.622008
-0.493504 -0.622008 -0.493504 -0.622008
-0.484921 -0.622008 -0.484921 -0.622008
-0.476339 -0.622008 -0.476339 -0.622008
-0.467756 -0.622008 -0.467756 -0.622008
-0.459173 -0.622008 -0.459173 -0.622008
-0.450591 -0.622008 -0.450591 -0.622008
-0.442008 -0.622008 -0.442008 -0.622008
-0.433425 -0.622008 -0.433425 -0.622008
-0.424843 -0.622008 -0.424843 -0.622008
-0.416260 -0.622008 -0.416260 -0.622008
-0.407677 -0.622008 -0.407677 -0.622008
-0.399094 -0.622008 -0.399094 -0.622008
-0.390512 -0.622008 -0.390512 -0.622008
-0.381929 -0.622008 -0.381929 -0.622008
-0.373346 -0.622008 -0.373346 -0.622008
-0.364764 -0.622008 -0.364764 -0.622008
-0.356181 -0.622008 -0.356181 -0.622008
-0.347598 -0.622008 -0.347598 -0.622008
-0.339016 -0.622008 -0.339016 -0.622008
-0.330433 -0.622008 -0.330433 -0.622008
-0.321850 -0.622008 -0.321850 -0.622008
-0.313268 -0.622008 -0.313268 -0.622008
-0.304685 -0.622008 -0.304685 -0.622008
-0.296102 -0.622008 -0.296102 -0.622008
-0.287520 -0.622008 -0.287520 -0.622008
-0.278937 -0.622008 -0.278937 -0.622008
-0.270354 -0.622008 -0.270354 -0.622008
-0.261772 -0.622008 -0.261772 -0.622008
-0.253189 -0.622008 -0.253189 -0.622008
-0.244606 -0.622008 -0.244606 -0.622008
-0.236024 -0.622008 -0.236024 -0.622008
-0.227441 -0.622008 -0.227441 -0.622008
-0.218858 -0.622008 -0.218858 -0.622008
-0.210276 -0.622008 -0.210276 -0.622008
-0.201693 -0.622008 -0.201693 -0.622008
-0.193110 -0.622008 -0.193110 -0.622008
-0.184528 -0.622008 -0.184528 -0.622008
-0.175945 -0.622008 -0.175945 -0.622008
-0.167362 -0.622008 -0.167362 -0.622008
-0.158780 -0.622008 -0.158780 -0.622008
-0.150197 -0.622008 -0.150197 -0.622008
-0.141614 -0.622008 -0.141614 -0.622008
-0.133031 -0.622008 -0.133031 -0.622008
-0.124449 -0.622008 -0.124449 -0.622008
-0.115866 -0.622008 -0.115866 -0.622008
-0.107283 -0.622008 -0.107283 -0.622008
-0.098701 -0.622008 -0.098701 -0.622008
-0.090118 -0.622008 -0.090118 -0.622008
-0.081535 -0.622008 -0.081535 -0.622008
-0.072953 -0.622008 -0.072953 -0.622008
-0.064370 -0.622008 -0.064370 -0.622008
-0.055787 -0.622008 -0.055787 -0.622008
-0.047205 -0.622008 -0.047205 -0.622008
-0.038622 -0.622008 -0.038622 -0.622008
-0.030039 -0.622008 -0.030039 -0.622008
-0.021457 -0.622008 -0.021457 -0.622008
-0.012874 -0.622008 -0.012874 -0.622008
-0.004291 -0.622008 -0.004291 -0.622008
0.004291 -0.622008 0.004291 -0.622008
0.012874 -0.622008 0.012874 -0.622008
0.021457 -0.622008 0.021457 -0.622008
0.030039 -0.622008 0.030039 -0.622008
0.038622 -0.622008 0.038622 -0.622008
0.047205 -0.622008 0.047205 -0.622008
0.055787 -0.622008 0.055787 -0.622008
0.064370 -0.622008 0.064370 -0.622008
0.072953 -0.622008 0.072953 -0.622008
0.081535 -0.622008 0.081535 -0.622008
0.090118 -0.622008 0.090118 -0.622008
0.098701 -0.622008 0.098701 -0.622008
0.107283 -0.622008 0.107283 -0.622008
0.115866 -0.622008 0.115866 -0.622008
0.124449 -0.622008 0.124449 -0.622008
0.133031 -0.622008 0.133031 -0.622008
0.141614 -0.622008 0.141614 -0.622008
0.150197 -0.622008 0.150197 -0.622008
0.158780 -0.622008 0.158780 -0.622008
0.167362 -0.622008 0.167362 -0.622008
0.175945 -0.622008 0.175945 -0.622008
0.184528 -0.622008 0.184528 -0.622008
0.193110 -0.622008 0.193110 -0.622008
0.201693 -0.622008 0.201693 -0.622008
0.210276 -0.622008 0.210276 -0.622008
0.218858 -0.622008 0.218858 -0.622008
0.227441 -0.622008 0.227441 -0.622008
0.236024 -0.622008 0.236024 -0.622008
0.244606 -0.622008 0.244606 -0.622008
0.253189 -0.622008 0.253189 -0.622008
0.261772 -0.622008 0.261772 -0.622008
0.270354 -0.622008 0.270354 -0.622008
0.278937 -0.622008 0.278937 -0.622008
0.287520 -0.622008 0.287520 -0.622008
0.296102 -0.622008 0.296102 -0.622008
0.304685 -0.622008 0.304685 -0.622008
0.313268 -0.622008 0.313268 -0.622008
0.321850 -0.622008 0.321850 -0.622008
0.330433 -0.622008 0.330433 -0.622008
0.339016 -0.622008 0.339016 -0.622008
0.347598 -0.622008 0.347598 -0.622008
0.356181 -0.622008 0.356181 -0.622008
0.364764 -0.622008 0.364764 -0.622008
0.373346 -0.622008 0.373346 -0.622008
0.381929 -0.622008 0.381929 -0.622008
0.390512 -0.622008 0.390512 -0.622008
0.399094 -0.622008 0.399094 -0.622008
0.407677 -0.622008 0.407677 -0.622008
0.416260 -0.622008 0.416260 -0.622008
0.424843 -0.622008 0.424843 -0.622008
0.433425 -0.622008 0.433425 -0.622008
0.442008 -0.622008 0.442008 -0.622008
0.450591 -0.622008 0.450591 -0.622008
0.459173 -0.622008 0.459173 -0.622008
0.467756 -0.622008 0.467756 -0.622008
0.476339 -0.622008 0.476339 -0.622008
0.484921 -0.622008 0.484921 -0.622008
0.493504 -0.622008 0.493504 -0.622008
0.502087 -0.622008 0.502087 -0.622008
0.510669 -0.622008 0.510669 -0.622008
0.519252 -0.622008 0.519252 -0.622008
0.527835 -0.622008 0.527835 -0.622008
0.536417 -0.622008 0.536417 -0.622008
0.545000 -0.622008 0.545000 -0.622008
-0.545000 -0.608701 -0.545000 -0.608701
-0.536417 -0.608701 -0.536417 -0.608701
-0.527835 -0.608701 -0.527835 -0.608701
-0.519252 -0.608701 -0.519252 -0.608701
-0.510669 -0.608701 -0.510669 -0.608701
-0.502087 -0.608701 -0.502087 -0.608701
-0.493504 -0.608701 -0.493504 -0.608701
-0.484921 -0.608701 -0.484921 -0.608701
-0.476339 -0.608701 -0.476339 -0.608701
-0.467756 -0.608701 -0.467756 -0.608701
-0.459173 -0.608701 -0.459173 -0.608701
-0.450591 -0.608701 -0.450591 -0.608701
-0.442008 -0.608701 -0.442008 -0.608701
-0.433425 -0.608701 -0.433425 -0.608701
-0.424843 -0.608701 -0.424843 -0.608701
-0.416260 -0.608701 -0.416260 -0.608701
-0.407677 -0.608701 -0.407677 -0.608701
-0.399094 -0.608701 -0.399094 -0.608701
-0.390512 -0.608701 -0.390512 -0.608701
-0.381929 -0.608701 -0.381929 -0.608701
-0.373346 -0.608701 -0.373346 -0.608701
-0.364764 -0.608701 -0.364764 -0.608701
-0.356181 -0.608701 -0.356181 -0.608701
-0.347598 -0.608701 -0.347598 -0.608701
-0.339016 -0.608701 -0.339016 -0.608701
-0.330433 -0.608701 -0.330433 -0.608701
-0.321850 -0.608701 -0.321850 -0.608701
-0.313268 -0.608701 -0.313268 -0.608701
-0.304685 -0.608701 -0.304685 -0.608701
-0.296102 -0.608701 -0.296102 -0.608701
-0.287520 -0.608701 -0.287520 -0.608701
-0.278937 -0.608701 -0.278937 -0.608701
-0.270354 -0.608701 -0.270354 -0.608701
-0.261772 -0.608701 -0.261772 -0.608701
-0.253189 -0.608701 -0.253189 -0.608701
-0.244606 -0.608701 -0.244606 -0.608701
-0.236024 -0.608701 -0.236024 -0.608701
-0.227441 -0.608701 -0.227441 -0.608701
-0.218858 -0.608701 -0.218858 -0.608701
-0.210276 -0.608701 -0.210276 -0.608701
-0.201693 -0.608701 -0.201693 -0.608701
-0.193110 -0.608701 -0.193110 -0.608701
-0.184528 -0.608701 -0.184528 -0.608701
-0.175945 -0.608701 -0.175945 -0.608701
-0.167362 -0.608701 -0.167362 -0.608701
-0.158780 -0.608701 -0.158780 -0.608701
-0.150197 -0.608701 -0.150197 -0.608701
-0.141614 -0.608701 -0.141614 -0.608701
-0.133031 -0.608701 -0.133031 -0.608701
-0.124449 -0.608701 -0.124449 -0.608701
-0.115866 -0.608701 -0.115866 -0.608701
-0.107283 -0.608701 -0.107283 -0.608701
-0.098701 -0.608701 -0.098701 -0.608701
-0.090118 -0.608701 -0.090118 -0.608701
-0.081535 -0.608701 -0.081535 -0.608701
-0.072953 -0.608701 -0.072953 -0.608701
-0.064370 -0.608701 -0.064370 -0.608701
-0.055787 -0.608701 -0.055787 -0.608701
-0.047205 -0.608701 -0.047205 -0.608701
-0.038622 -0.608701 -0.038622 -0.608701
-0.030039 -0.608701 -0.030039 -0.608701
-0.021457 -0.608701 -0.021457 -0.608701
-0.012874 -0.608701 -0.012874 -0.608701
-0.004291 -0.608701 -0.004291 -0.608701
0.004291 -0.608701 0.004291 -0.608701
0.012874 -0.608701 0.012874 -0.608701
0.021457 -0.608701 0.021457 -0.608701
0.030039 -0.608701 0.030039 -0.608701
0.038622 -0.608701 0.038622 -0.608701
0.047205 -0.608701 0.047205 -0.608701
0.055787 -0.608701 0.055787 -0.608701
0.064370 -0.608701 0.064370 -0.608701
0.072953 -0.608701 0.072953 -0.608701
0.081535 -0.608701 0.081535 -0.608701
0.090118 -0.608701 0.090118 -0.608701
0.098701 -0.608701 0.098701 -0.608701
0.107283 -0.608701 0.107283 -0.608701
0.115866 -0.608701 0.115866 -0.608701
0.124449 -0.608701 0.124449 -0.608701
0.133031 -0.608701 0.133031 -0.608701
0.141614 -0.608701 0.141614 -0.608701
0.150197 -0.608701 0.150197 -0.608701
0.158780 -0.608701 0.158780 -0.608701
0.167362 -0.608701 0.167362 -0.608701
0.175945 -0.608701 0.175945 -0.608701
0.184528 -0.608701 0.184528 -0.608701
0.193110 -0.608701 0.193110 -0.608701
0.201693 -0.608701 0.201693 -0.608701
0.210276 -0.608701 0.210276 -0.608701
0.218858 -0.608701 0.218858 -0.608701
0.227441 -0.608701 0.227441 -0.608701
0.236024 -0.608701 0.236024 -0.608701
0.244606 -0.608701 0.244606 -0.608701
0.253189 -0.608701 0.253189 -0.608701
0.261772 -0.608701 0.261772 -0.608701
0.270354 -0.608701 0.270354 -0.608701
0.278937 -0.608701 0.278937 -0.608701
0.287520 -0.608701 0.287520 -0.608701
0.296102 -0.608701 0.296102 -0.608701
0.304685 -0.608701 0.304685 -0.608701
0.313268 -0.608701 0.313268 -0.608701
0.321850 -0.608701 0.321850 -0.608701
0.330433 -0.608701 0.330433 -0.608701
0.339016 -0.608701 0.339016 -0.608701
0.347598 -0.608701 0.347598 -0.608701
0.356181 -0.608701 0.356181 -0.608701
0.364764 -0.608701 0.364764 -0.608701
0.373346 -0.608701 0.373346 -0.608701
0.381929 -0.608701 0.381929 -0.608701
0.390512 -0.608701 0.390512 -0.608701
0.399094 -0.608701 0.399094 -0.608701
0.407677 -0.608701 0.407677 -0.608701
0.416260 -0.608701 0.416260 -0.608701
0.424843 -0.608701 0.424843 -0.608701
0.433425 -0.608701 0.433425 -0.608701
0.442008 -0.608701 0.442008 -0.608701
0.450591 -0.608701 0.450591 -0.608701
0.459173 -0.608701 0.459173 -0.608701
0.467756 -0.608701 0.467756 -0.608701
0.476339 -0.608701 0.476339 -0.608701
0.484921 -0.608701 0.484921 -0.608701
0.493504 -0.608701 0.493504 -0.608701
0.502087 -0.608701 0.502087 -0.608701
0.510669 -0.608701 0.510669 -0.608701
0.519252 -0.608701 0.519252 -0.608701
0.527835 -0.608701 0.527835 -0.608701
0.536417 -0.608701 0.536417 -0.608701
0.545000 -0.608701 0.545000 -0.608701
-0.545000 -0.595394 -0.545000 -0.595394
-0.536417 -0.595394 -0.536417 -0.595394
-0.527835 -0.595394 -0.527835 -0.595394
-0.519252 -0.595394 -0.519252 -0.595394
-0.510669 -0.595394 -0.510669 -0.595394
-0.502087 -0.595394 -0.502087 -0.595394
-0.493504 -0.595394 -0.493504 -0.595394
-0.484921 -0.595394 -0.484921 -0.595394
-0.476339 -0.595394 -0.476339 -0.595394
-0.467756 -0.595394 -0.467756 -0.595394
-0.459173 -0.595394 -0.459173 -0.595394
-0.450591 -0.595394 -0.450591 -0.595394
-0.442008 -0.595394 -0.442008 -0.595394
-0.433425 -0.595394 -0.433425 -0.595394
-0.424843 -0.595394 -0.424843 -0.595394
-0.416260 -0.595394 -0.416260 -0.595394
-0.407677 -0.595394 -0.407677 -0.595394
-0.399094 -0.595394 -0.399094 -0.595394
-0.390512 -0.595394 -0.390512 -0.595394
-0.381929 -0.595394 -0.381929 -0.595394
-0.373346 -0.595394 -0.373346 -0.595394
-0.364764 -0.595394 -0.364764 -0.595394
-0.356181 -0.595394 -0.356181 -0.595394
-0.347598 -0.595394 -0.347598 -0.595394
-0.339016 -0.595394 -0.339016 -0.595394
-0.330433 -0.595394 -0.330433 -0.595394
-0.321850 -0.595394 -0.321850 -0.595394
-0.313268 -0.595394 -0.313268 -0.595394
-0.304685 -0.595394 -0.304685 -0.595394
-0.296102 -0.595394 -0.296102 -0.595394
-0.287520 -0.595394 -0.287520 -0.595394
-0.278937 -0.595394 -0.278937 -0.595394
-0.270354 -0.595394 -0.270354 -0.595394
-0.261772 -0.595394 -0.261772 -0.595394
-0.253189 -0.595394 -0.253189 -0.595394
-0.244606 -0.595394 -0.244606 -0.595394
-0.236024 -0.595394 -0.236024 -0.595394
-0.227441 -0.595394 -0.227441 -0.595394
-0.218858 -0.595394 -0.218858 -0.595394
-0.210276 -0.595394 -0.210276 -0.595394
-0.201693 -0.595394 -0.201693 -0.595394
-0.193110 -0.595394 -0.193110 -0.595394
-0.184528 -0.595394 -0.184528 -0.595394
-0.175945 -0.595394 -0.175945 -0.595394
-0.167362 -0.595394 -0.167362 -0.595394
-0.158780 -0.595394 -0.158780 -0.595394
-0.150197 -0.595394 -0.150197 -0.595394
-0.141614 -0.595394 -0.141614 -0.595394
-0.133031 -0.595394 -0.133031 -0.595394
-0.124449 -0.595394 -0.124449 -0.595394
-0.115866 -0.595394 -0.115866 -0.595394
-0.107283 -0.595394 -0.107283 -0.595394
-0.098701 -0.595394 -0.098701 -0.595394
-0.090118 -0.595394 -0.090118 -0.595394
-0.081535 -0.595394 -0.081535 -0.595394
-0.072953 -0.595394 -0.072953 -0.595394
-0.064370 -0.595394 -0.064370 -0.595394
-0.055787 -0.595394 -0.055787 -0.595394
-0.047205 -0.595394 -0.047205 -0.595394
-0.038622 -0.595394 -0.038622 -0.595394
-0.030039 -0.595394 -0.030039 -0.595394
-0.021457 -0.595394 -0.021457 -0.595394
-0.012874 -0.595394 -0.012874 -0.595394
0.012874 -0.595394 0.012874 -0.595394
0.021457 -0.595394 0.021457 -0.595394
0.030039 -0.595394 0.030039 -0.595394
0.038622 -0.595394 0.038622 -0.595394
0.047205 -0.595394 0.047205 -0.595394
0.055787 -0.595394 0.055787 -0.595394
0.064370 -0.595394 0.064370 -0.595394
0.072953 -0.595394 0.072953 -0.595394
0.081535 -0.595394 0.081535 -0.595394
0.090118 -0.595394 0.090118 -0.595394
0.098701 -0.595394 0.098701 -0.595394
0.107283 -0.595394 0.107283 -0.595394
0.115866 -0.595394 0.115866 -0.595394
0.124449 -0.595394 0.124449 -0.595394
0.133031 -0.595394 0.133031 -0.595394
0.141614 -0.595394 0.141614 -0.595394
0.150197 -0.595394 0.150197 -0.595394
0.158780 -0.595394 0.158780 -0.595394
0.167362 -0.595394 0.167362 -0.595394
0.175945 -0.595394 0.175945 -0.595394
0.184528 -0.595394 0.184528 -0.595394
0.193110 -0.595394 0.193110 -0.595394
0.201693 -0.595394 0.201693 -0.595394
0.210276 -0.595394 0.210276 -0.595394
0.218858 -0.595394 0.218858 -0.595394
0.227441 -0.595394 0.227441 -0.595394
0.236024 -0.595394 0.236024 -0.595394
0.244606 -0.595394 0.244606 -0.595394
0.253189 -0.595394 0.253189 -0.595394
0.261772 -0.595394 0.261772 -0.595394
0.270354 -0.595394 0.270354 -0.595394
0.278937 -0.595394 0.278937 -0.595394
0.287520 -0.595394 0.287520 -0.595394
0.296102 -0.595394 0.296102 -0.595394
0.304685 -0.595394 0.304685 -0.595394
0.313268 -0.595394 0.313268 -0.595394
0.321850 -0.595394 0.321850 -0.595394
0.330433 -0.595394 0.330433 -0.595394
0.339016 -0.595394 0.339016 -0.595394
0.347598 -0.595394 0.347598 -0.595394
0.356181 -0.595394 0.356181 -0.595394
0.364764 -0.595394 0.364764 -0.595394
0.373346 -0.595394 0.373346 -0.595394
0.381929 -0.595394 0.381929 -0.595394
0.390512 -0.595394 0.390512 -0.595394
0.399094 -0.595394 0.399094 -0.595394
0.407677 -0.595394 0.407677 -0.595394
0.416260 -0.595394 0.416260 -0.595394
0.424843 -0.595394 0.424843 -0.595394
0.433425 -0.595394 0.433425 -0.595394
0.442008 -0.595394 0.442008 -0.595394
0.450591 -0.595394 0.450591 -0.595394
0.459173 -0.595394 0.459173 -0.595394
0.467756 -0.595394 0.467756 -0.595394
0.476339 -0.595394 0.476339 -0.595394
0.484921 -0.595394 0.484921 -0.595394
0.493504 -0.595394 0.493504 -0.595394
0.502087 -0.595394 0.502087 -0.595394
0.510669 -0.595394 0.510669 -0.595394
0.519252 -0.595394 0.519252 -0.595394
0.527835 -0.595394 0.527835 -0.595394
0.536417 -0.595394 0.536417 -0.595394
0.545000 -0.595394 0.545000 -0.595394
-0.545000 -0.582087 -0.545000 -0.582087
-0.536417 -0.582087 -0.536417 -0.582087
-0.527835 -0.582087 -0.527835 -0.582087
-0.519252 -0.582087 -0.519252 -0.582087
-0.510669 -0.582087 -0.510669 -0.582087
-0.502087 -0.582087 -0.502087 -0.582087
-0.493504 -0.582087 -0.493504 -0.582087
-0.484921 -0.582087 -0.484921 -0.582087
-0.476339 -0.582087 -0.476339 -0.582087
-0.467756 -0.582087 -0.467756 -0.582087
-0.459173 -0.582087 -0.459173 -0.582087
-0.450591 -0.582087 -0.450591 -0.582087
-0.442008 -0.582087 -0.442008 -0.582087
-0.433425 -0.582087 -0.433425 -0.582087
-0.424843 -0.582087 -0.424843 -0.582087
-0.416260 -0.582087 -0.416260 -0.582087
-0.407677 -0.582087 -0.407677 -0.582087
-0.399094 -0.582087 -0.399094 -0.582087
-0.390512 -0.582087 -0.390512 -0.582087
-0.381929 -0.582087 -0.381929 -0.582087
-0.373346 -0.582087 -0.373346 -0.582087
-0.364764 -0.582087 -0.364764 -0.582087
-0.356181 -0.582087 -0.356181 -0.582087
-0.347598 -0.582087 -0.347598 -0.582087
-0.339016 -0.582087 -0.339016 -0.582087
-0.330433 -0.582087 -0.330433 -0.582087
-0.321850 -0.582087 -0.321850 -0.582087
-0.313268 -0.582087 -0.313268 -0.582087
-0.304685 -0.582087 -0.304685 -0.582087
-0.296102 -0.582087 -0.296102 -0.582087
-0.287520 -0.582087 -0.287520 -0.582087
-0.278937 -0.582087 -0.278937 -0.582087
-0.270354 -0.582087 -0.270354 -0.582087
-0.261772 -0.582087 -0.261772 -0.582087
-0.253189 -0.582087 -0.253189 -0.582087
-0.244606 -0.582087 -0.244606 -0.582087
-0.236024 -0.582087 -0.236024 -0.582087
-0.227441 -0.582087 -0.227441 -0.582087
-0.218858 -0.582087 -0.218858 -0.582087
-0.210276 -0.582087 -0.210276 -0.582087
-0.201693 -0.582087 -0.201693 -0.582087
-0.193110 -0.582087 -0.193110 -0.582087
-0.184528 -0.582087 -0.184528 -0.582087
-0.175945 -0.582087 -0.175945 -0.582087
-0.167362 -0.582087 -0.167362 -0.582087
-0.158780 -0.582087 -0.158780 -0.582087
-0.150197 -0.582087 -0.150197 -0.582087
-0.141614 -0.582087 -0.141614 -0.582087
-0.133031 -0.582087 -0.133031 -0.582087
-0.124449 -0.582087 -0.124449 -0.582087
-0.115866 -0.582087 -0.115866 -0.582087
-0.107283 -0.582087 -0.107283 -0.582087
-0.098701 -0.582087 -0.098701 -0.582087
-0.090118 -0.582087 -0.090118 -0.582087
-0.081535 -0.582087 -0.081535 -0.582087
-0.072953 -0.582087 -0.072953 -0.582087
-0.064370 -0.582087 -0.064370 -0.582087
-0.055787 -0.582087 -0.055787 -0.582087
-0.047205 -0.582087 -0.047205 -0.582087
-0.038622 -0.582087 0.768186 -2.628812
-0.030039 -0.582087 0.780315 -2.636627
0.030039 -0.582087 -0.780275 -2.637155
0.038622 -0.582087 -0.768146 -2.629336
0.047205 -0.582087 0.047205 -0.582087
0.055787 -0.582087 0.055787 -0.582087
0.064370 -0.582087 0.064370 -0.582087
0.072953 -0.582087 0.072953 -0.582087
0.081535 -0.582087 0.081535 -0.582087
0.090118 -0.582087 0.090118 -0.582087
0.098701 -0.582087 0.098701 -0.582087
0.107283 -0.582087 0.107283 -0.582087
0.115866 -0.582087 0.115866 -0.582087
0.124449 -0.582087 0.124449 -0.582087
0.133031 -0.582087 0.133031 -0.582087
0.141614 -0.582087 0.141614 -0.582087
0.150197 -0.582087 0.150197 -0.582087
0.158780 -0.582087 0.158780 -0.582087
0.167362 -0.582087 0.167362 -0.582087
0.175945 -0.582087 0.175945 -0.582087
0.184528 -0.582087 0.184528 -0.582087
0.193110 -0.582087 0.193110 -0.582087
0.201693 -0.582087 0.201693 -0.582087
0.210276 -0.582087 0.210276 -0.582087
0.218858 -0.582087 0.218858 -0.582087
0.227441 -0.582087 0.227441 -0.582087
0.236024 -0.582087 0.236024 -0.582087
0.244606 -0.582087 0.244606 -0.582087
0.253189 -0.582087 0.253189 -0.582087
0.261772 -0.582087 0.261772 -0.582087
0.270354 -0.582087 0.270354 -0.582087
0.278937 -0.582087 0.278937 -0.582087
0.287520 -0.582087 0.287520 -0.582087
0.296102 -0.582087 0.296102 -0.582087
0.304685 -0.582087 0.304685 -0.582087
0.313268 -0.582087 0.313268 -0.582087
0.321850 -0.582087 0.321850 -0.582087
0.330433 -0.582087 0.330433 -0.582087
0.339016 -0.582087 0.339016 -0.582087
0.347598 -0.582087 0.347598 -0.582087
0.356181 -0.582087 0.356181 -0.582087
0.364764 -0.582087 0.364764 -0.582087
0.373346 -0.582087 0.373346 -0.582087
0.381929 -0.582087 0.381929 -0.582087
0.390512 -0.582087 0.390512 -0.582087
0.399094 -0.582087 0.399094 -0.582087
0.407677 -0.582087 0.407677 -0.582087
0.416260 -0.582087 0.416260 -0.582087
0.424843 -0.582087 0.424843 -0.582087
0.433425 -0.582087 0.433425 -0.582087
0.442008 -0.582087 0.442008 -0.582087
0.450591 -0.582087 0.450591 -0.582087
0.459173 -0.582087 0.459173 -0.582087
0.467756 -0.582087 0.467756 -0.582087
0.476339 -0.582087 0.476339 -0.582087
0.484921 -0.582087 0.484921 -0.582087
0.493504 -0.582087 0.493504 -0.582087
0.502087 -0.582087 0.502087 -0.582087
0.510669 -0.582087 0.510669 -0.582087
0.519252 -0.582087 0.519252 -0.582087
0.527835 -0.582087 0.527835 -0.582087
0.536417 -0.582087 0.536417 -0.582087
0.545000 -0.582087 0.545000 -0.582087
-0.545000 -0.568780 -0.545000 -0.568780
-0.536417 -0.568780 -0.536417 -0.568780
-0.527835 -0.568780 -0.527835 -0.568780
-0.519252 -0.568780 -0.519252 -0.568780
-0.510669 -0.568780 -0.510669 -0.568780
-0.502087 -0.568780 -0.502087 -0.568780
-0.493504 -0.568780 -0.493504 -0.568780
-0.484921 -0.568780 -0.484921 -0.568780
-0.476339 -0.568780 -0.476339 -0.568780
-0.467756 -0.568780 -0.467756 -0.568780
-0.459173 -0.568780 -0.459173 -0.568780
-0.450591 -0.568780 -0.450591 -0.568780
-0.442008 -0.568780 -0.442008 -0.568780
-0.433425 -0.568780 -0.433425 -0.568780
-0.424843 -0.568780 -0.424843 -0.568780
-0.416260 -0.568780 -0.416260 -0.568780
-0.407677 -0.568780 -0.407677 -0.568780
-0.399094 -0.568780 -0.399094 -0.568780
-0.390512 -0.568780 -0.390512 -0.568780
-0.381929 -0.568780 -0.381929 -0.568780
-0.373346 -0.568780 -0.373346 -0.568780
-0.364764 -0.568780 -0.364764 -0.568780
-0.356181 -0.568780 -0.356181 -0.568780
-0.347598 -0.568780 -0.347598 -0.568780
-0.339016 -0.568780 -0.339016 -0.568780
-0.330433 -0.568780 -0.330433 -0.568780
-0.321850 -0.568780 -0.321850 -0.568780
-0.313268 -0.568780 -0.313268 -0.568780
-0.304685 -0.568780 -0.304685 -0.568780
-0.296102 -0.568780 -0.296102 -0.568780
-0.287520 -0.568780 -0.287520 -0.568780
-0.278937 -0.568780 -0.278937 -0.568780
-0.270354 -0.568780 -0.270354 -0.568780
-0.261772 -0.568780 -0.261772 -0.568780
-0.253189 -0.568780 -0.253189 -0.568780
-0.244606 -0.568780 -0.244606 -0.568780
-0.236024 -0.568780 -0.236024 -0.568780
-0.227441 -0.568780 -0.227441 -0.568780
-0.218858 -0.568780 -0.218858 -0.568780
-0.210276 -0.568780 -0.210276 -0.568780
-0.201693 -0.568780 -0.201693 -0.568780
-0.193110 -0.568780 -0.193110 -0.568780
-0.184528 -0.568780 -0.184528 -0.568780
-0.175945 -0.568780 -0.175945 -0.568780
-0.167362 -0.568780 -0.167362 -0.568780
-0.158780 -0.568780 -0.158780 -0.568780
-0.150197 -0.568780 -0.150197 -0.568780
-0.141614 -0.568780 -0.141614 -0.568780
-0.133031 -0.568780 -0.133031 -0.568780
-0.124449 -0.568780 -0.124449 -0.568780
-0.115866 -0.568780 -0.115866 -0.568780
-0.107283 -0.568780 -0.107283 -0.568780
-0.098701 -0.568780 -0.098701 -0.568780
-0.090118 -0.568780 -0.090118 -0.568780
-0.081535 -0.568780 -0.081535 -0.568780
-0.072953 -0.568780 -0.072953 -0.568780
-0.047205 -0.568780 -0.030618 0.584495
-0.038622 -0.568780 -0.021807 0.584711
-0.030039 -0.568780 -0.012997 0.584929
-0.021457 -0.568780 -0.004187 0.585144
0.021457 -0.568780 0.004185 0.585143
0.030039 -0.568780 0.013000 0.584925
0.038622 -0.568780 0.021809 0.584710
0.047205 -0.568780 0.030619 0.584495
0.072953 -0.568780 0.072953 -0.568780
0.081535 -0.568780 0.081535 -0.568780
0.090118 -0.568780 0.090118 -0.568780
0.098701 -0.568780 0.098701 -0.568780
0.107283 -0.568780 0.107283 -0.568780
0.115866 -0.568780 0.115866 -0.568780
0.124449 -0.568780 0.124449 -0.568780
0.133031 -0.568780 0.133031 -0.568780
0.141614 -0.568780 0.141614 -0.568780
0.150197 -0.568780 0.150197 -0.568780
0.158780 -0.568780 0.158780 -0.568780
0.167362 -0.568780 0.167362 -0.568780
0.175945 -0.568780 0.175945 -0.568780
0.184528 -0.568780 0.184528 -0.568780
0.193110 -0.568780 0.193110 -0.568780
0.201693 -0.568780 0.201693 -0.568780
0.210276 -0.568780 0.210276 -0.568780
0.218858 -0.568780 0.218858 -0.568780
0.227441 -0.568780 0.227441 -0.568780
0.236024 -0.568780 0.236024 -0.568780
0.244606 -0.568780 0.244606 -0.568780
0.253189 -0.568780 0.253189 -0.568780
0.261772 -0.568780 0.261772 -0.568780
0.270354 -0.568780 0.270354 -0.568780
0.278937 -0.568780 0.278937 -0.568780
0.287520 -0.568780 0.287520 -0.568780
0.296102 -0.568780 0.296102 -0.568780
0.304685 -0.568780 0.304685 -0.568780
0.313268 -0.568780 0.313268 -0.568780
0.321850 -0.568780 0.321850 -0.568780
0.330433 -0.568780 0.330433 -0.568780
0.339016 -0.568780 0.339016 -0.568780
0.347598 -0.568780 0.347598 -0.568780
0.356181 -0.568780 0.356181 -0.568780
0.364764 -0.568780 0.364764 -0.568780
0.373346 -0.568780 0.373346 -0.568780
0.381929 -0.568780 0.381929 -0.568780
0.390512 -0.568780 0.390512 -0.568780
0.399094 -0.568780 0.399094 -0.568780
0.407677 -0.568780 0.407677 -0.568780
0.416260 -0.568780 0.416260 -0.568780
0.424843 -0.568780 0.424843 -0.568780
0.433425 -0.568780 0.433425 -0.568780
0.442008 -0.568780 0.442008 -0.568780
0.450591 -0.568780 0.450591 -0.568780
0.459173 -0.568780 0.459173 -0.568780
0.467756 -0.568780 0.467756 -0.568780
0.476339 -0.568780 0.476339 -0.568780
0.484921 -0.568780 0.484921 -0.568780
0.493504 -0.568780 0.493504 -0.568780
0.502087 -0.568780 0.502087 -0.568780
0.510669 -0.568780 0.510669 -0.568780
0.519252 -0.568780 0.519252 -0.568780
0.527835 -0.568780 0.527835 -0.568780
0.536417 -0.568780 0.536417 -0.568780
0.545000 -0.568780 0.545000 -0.568780
-0.545000 -0.555472 -0.545000 -0.555472
-0.536417 -0.555472 -0.536417 -0.555472
-0.527835 -0.555472 -0.527835 -0.555472
-0.519252 -0.555472 -0.519252 -0.555472
-0.510669 -0.555472 -0.510669 -0.555472
-0.502087 -0.555472 -0.502087 -0.555472
-0.493504 -0.555472 -0.493504 -0.555472
-0.484921 -0.555472 -0.484921 -0.555472
-0.476339 -0.555472 -0.476339 -0.555472
-0.467756 -0.555472 -0.467756 -0.555472
-0.459173 -0.555472 -0.459173 -0.555472
-0.450591 -0.555472 -0.450591 -0.555472
-0.442008 -0.555472 -0.442008 -0.555472
-0.433425 -0.555472 -0.433425 -0.555472
-0.424843 -0.555472 -0.424843 -0.555472
-0.416260 -0.555472 -0.416260 -0.555472
-0.407677 -0.555472 -0.407677 -0.555472
-0.399094 -0.555472 -0.399094 -0.555472
-0.390512 -0.555472 -0.390512 -0.555472
-0.381929 -0.555472 -0.381929 -0.555472
-0.373346 -0.555472 -0.373346 -0.555472
-0.364764 -0.555472 -0.364764 -0.555472
-0.356181 -0.555472 -0.356181 -0.555472
-0.347598 -0.555472 -0.347598 -0.555472
-0.339016 -0.555472 -0.339016 -0.555472
-0.330433 -0.555472 -0.330433 -0.555472
-0.321850 -0.555472 -0.321850 -0.555472
-0.313268 -0.555472 -0.313268 -0.555472
-0.304685 -0.555472 -0.304685 -0.555472
-0.296102 -0.555472 -0.296102 -0.555472
-0.287520 -0.555472 -0.287520 -0.555472
-0.278937 -0.555472 -0.278937 -0.555472
-0.270354 -0.555472 -0.270354 -0.555472
-0.261772 -0.555472 -0.261772 -0.555472
-0.253189 -0.555472 -0.253189 -0.555472
-0.244606 -0.555472 -0.244606 -0.555472
-0.236024 -0.555472 -0.236024 -0.555472
-0.227441 -0.555472 -0.227441 -0.555472
-0.218858 -0.555472 -0.218858 -0.555472
-0.210276 -0.555472 -0.210276 -0.555472
-0.201693 -0.555472 -0.201693 -0.555472
-0.193110 -0.555472 -0.193110 -0.555472
-0.184528 -0.555472 -0.184528 -0.555472
-0.175945 -0.555472 -0.175945 -0.555472
-0.167362 -0.555472 -0.167362 -0.555472
-0.158780 -0.555472 -0.158780 -0.555472
-0.150197 -0.555472 -0.150197 -0.555472
-0.141614 -0.555472 -0.141614 -0.555472
-0.133031 -0.555472 -0.133031 -0.555472
-0.124449 -0.555472 -0.124449 -0.555472
-0.115866 -0.555472 -0.115866 -0.555472
-0.107283 -0.555472 -0.107283 -0.555472
-0.098701 -0.555472 -0.098701 -0.555472
-0.072953 -0.555472 -0.056291 0.571258
-0.064370 -0.555472 -0.047481 0.571476
-0.055787 -0.555472 -0.038672 0.571691
-0.047205 -0.555472 -0.029862 0.571907
-0.038622 -0.555472 -0.021052 0.572122
-0.030039 -0.555472 -0.166614 0.521830
-0.021457 -0.555472 -0.158375 0.526364
-0.012874 -0.555472 -0.150136 0.530898
-0.004291 -0.555472 -0.141698 0.534364
0.004291 -0.555472 0.141700 0.534362
0.012874 -0.555472 0.150138 0.530898
0.021457 -0.555472 0.158372 0.526366
0.030039 -0.555472 0.166616 0.521828
0.038622 -0.555472 0.021054 0.572120
0.047205 -0.555472 0.029863 0.571905
0.055787 -0.555472 0.038673 0.571689
0.064370 -0.555472 0.047483 0.571474
0.072953 -0.555472 0.056294 0.571259
0.098701 -0.555472 0.098701 -0.555472
0.107283 -0.555472 0.107283 -0.555472
0.115866 -0.555472 0.115866 -0.555472
0.124449 -0.555472 0.124449 -0.555472
0.133031 -0.555472 0.133031 -0.555472
0.141614 -0.555472 0.141614 -0.555472
0.150197 -0.555472 0.150197 -0.555472
0.158780 -0.555472 0.158780 -0.555472
0.167362 -0.555472 0.167362 -0.555472
0.175945 -0.555472 0.175945 -0.555472
0.184528 -0.555472 0.184528 -0.555472
0.193110 -0.555472 0.193110 -0.555472
0.201693 -0.555472 0.201693 -0.555472
0.210276 -0.555472 0.210276 -0.555472
0.218858 -0.555472 0.218858 -0.555472
0.227441 -0.555472 0.227441 -0.555472
0.236024 -0.555472 0.236024 -0.555472
0.244606 -0.555472 0.244606 -0.555472
0.253189 -0.555472 0.253189 -0.555472
0.261772 -0.555472 0.261772 -0.555472
0.270354 -0.555472 0.270354 -0.555472
0.278937 -0.555472 0.278937 -0.555472
0.287520 -0.555472 0.287520 -0.555472
0.296102 -0.555472 0.296102 -0.555472
0.304685 -0.555472 0.304685 -0.555472
0.313268 -0.555472 0.313268 -0.555472
0.321850 -0.555472 0.321850 -0.555472
0.330433 -0.555472 0.330433 -0.555472
0.339016 -0.555472 0.339016 -0.555472
0.347598 -0.555472 0.347598 -0.555472
0.356181 -0.555472 0.356181 -0.555472
0.364764 -0.555472 0.364764 -0.555472
0.373346 -0.555472 0.373346 -0.555472
0.381929 -0.555472 0.381929 -0.555472
0.390512 -0.555472 0.390512 -0.555472
0.399094 -0.555472 0.399094 -0.555472
0.407677 -0.555472 0.407677 -0.555472
0.416260 -0.555472 0.416260 -0.555472
0.424843 -0.555472 0.424843 -0.555472
0.433425 -0.555472 0.433425 -0.555472
0.442008 -0.555472 0.442008 -0.555472
0.450591 -0.555472 0.450591 -0.555472
0.459173 -0.555472 0.459173 -0.555472
0.467756 -0.555472 0.467756 -0.555472
0.476339 -0.555472 0.476339 -0.555472
0.484921 -0.555472 0.484921 -0.555472
0.493504 -0.555472 0.493504 -0.555472
0.502087 -0.555472 0.502087 -0.555472
0.510669 -0.555472 0.510669 -0.555472
0.519252 -0.555472 0.519252 -0.555472
0.527835 -0.555472 0.527835 -0.555472
0.536417 -0.555472 0.536417 -0.555472
0.545000 -0.555472 0.545000 -0.555472
-0.545000 -0.542165 -0.545000 -0.542165
-0.536417 -0.542165 -0.536417 -0.542165
-0.527835 -0.542165 -0.527835 -0.542165
-0.519252 -0.542165 -0.519252 -0.542165
-0.510669 -0.542165 -0.510669 -0.542165
-0.502087 -0.542165 -0.502087 -0.542165
-0.493504 -0.542165 -0.493504 -0.542165
-0.484921 -0.542165 -0.484921 -0.542165
-0.476339 -0.542165 -0.476339 -0.542165
-0.467756 -0.542165 -0.467756 -0.542165
-0.459173 -0.542165 -0.459173 -0.542165
-0.450591 -0.542165 -0.450591 -0.542165
-0.442008 -0.542165 -0.442008 -0.542165
-0.433425 -0.542165 -0.433425 -0.542165
-0.424843 -0.542165 -0.424843 -0.542165
-0.416260 -0.542165 -0.416260 -0.542165
-0.407677 -0.542165 -0.407677 -0.542165
-0.399094 -0.542165 -0.399094 -0.542165
-0.390512 -0.542165 -0.390512 -0.542165
-0.381929 -0.542165 -0.381929 -0.542165
-0.373346 -0.542165 -0.373346 -0.542165
-0.364764 -0.542165 -0.364764 -0.542165
-0.356181 -0.542165 -0.356181 -0.542165
-0.347598 -0.542165 -0.347598 -0.542165
-0.339016 -0.542165 -0.339016 -0.542165
-0.330433 -0.542165 -0.330433 -0.542165
-0.321850 -0.542165 -0.321850 -0.542165
-0.313268 -0.542165 -0.313268 -0.542165
-0.304685 -0.542165 -0.304685 -0.542165
-0.296102 -0.542165 -0.296102 -0.542165
-0.287520 -0.542165 -0.287520 -0.542165
-0.278937 -0.542165 -0.278937 -0.542165
-0.270354 -0.542165 -0.270354 -0.542165
-0.261772 -0.542165 -0.261772 -0.542165
-0.253189 -0.542165 -0.253189 -0.542165
-0.244606 -0.542165 -0.244606 -0.542165
-0.236024 -0.542165 -0.236024 -0.542165
-0.227441 -0.542165 -0.227441 -0.542165
-0.218858 -0.542165 -0.218858 -0.542165
-0.210276 -0.542165 -0.210276 -0.542165
-0.201693 -0.542165 -0.201693 -0.542165
-0.193110 -0.542165 -0.193110 -0.542165
-0.184528 -0.542165 -0.184528 -0.542165
-0.175945 -0.542165 -0.175945 -0.542165
-0.167362 -0.542165 -0.167362 -0.542165
-0.158780 -0.542165 -0.158780 -0.542165
-0.150197 -0.542165 -0.150197 -0.542165
-0.141614 -0.542165 -0.141614 -0.542165
-0.133031 -0.542165 -0.133031 -0.542165
-0.098701 -0.542165 -0.079148 0.352058
-0.090118 -0.542165 0.055735 0.507858
-0.081535 -0.542165 0.068014 0.507498
-0.072953 -0.542165 0.080294 0.507138
-0.064370 -0.542165 0.092574 0.506778
-0.047205 -0.542165 -1.816176 -3.420880
-0.038622 -0.542165 -0.167031 0.516469
-0.030039 -0.542165 -0.158792 0.521003
-0.021457 -0.542165 -0.150553 0.525537
-0.012874 -0.542165 -0.142314 0.530070
-0.004291 -0.542165 -0.134074 0.534604
0.004291 -0.542165 0.134077 0.534604
0.012874 -0.542165 0.142316 0.530070
0.021457 -0.542165 0.150559 0.525533
0.030039 -0.542165 0.158793 0.521001
0.038622 -0.542165 0.167032 0.516467
0.047205 -0.542165 1.816151 -3.420907
0.064370 -0.542165 -0.092575 0.506780
0.072953 -0.542165 -0.080295 0.507140
0.081535 -0.542165 -0.068015 0.507500
0.090118 -0.542165 -0.055736 0.507860
0.098701 -0.542165 0.079147 0.352058
0.133031 -0.542165 0.133031 -0.542165
0.141614 -0.542165 0.141614 -0.542165
0.150197 -0.542165 0.150197 -0.542165
0.158780 -0.542165 0.158780 -0.542165
0.167362 -0.542165 0.167362 -0.542165
0.175945 -0.542165 0.175945 -0.542165
0.184528 -0.542165 0.184528 -0.542165
0.193110 -0.542165 0.193110 -0.542165
0.201693 -0.542165 0.201693 -0.542165
0.210276 -0.542165 0.210276 -0.542165
0.218858 -0.542165 0.218858 -0.542165
0.227441 -0.542165 0.227441 -0.542165
0.236024 -0.542165 0.236024 -0.542165
0.244606 -0.542165 0.244606 -0.542165
0.253189 -0.542165 0.253189 -0.542165
0.261772 -0.542165 0.261772 -0.542165
0.270354 -0.542165 0.270354 -0.542165
0.278937 -0.542165 0.278937 -0.542165
0.287520 -0.542165 0.287520 -0.542165
0.296102 -0.542165 0.296102 -0.542165
0.304685 -0.542165 0.304685 -0.542165
0.313268 -0.542165 0.313268 -0.542165
0.321850 -0.542165 0.321850 -0.542165
0.330433 -0.542165 0.330433 -0.542165
0.339016 -0.542165 0.339016 -0.542165
0.347598 -0.542165 0.347598 -0.542165
0.356181 -0.542165 0.356181 -0.542165
0.364764 -0.542165 0.364764 -0.542165
0.373346 -0.542165 0.373346 -0.542165
0.381929 -0.542165 0.381929 -0.542165
0.390512 -0.542165 0.390512 -0.542165
0.399094 -0.542165 0.399094 -0.542165
0.407677 -0.542165 0.407677 -0.542165
0.416260 -0.542165 0.416260 -0.542165
0.424843 -0.542165 0.424843 -0.542165
0.433425 -0.542165 0.433425 -0.542165
0.442008 -0.542165 0.442008 -0.542165
0.450591 -0.542165 0.450591 -0.542165
0.459173 -0.542165 0.459173 -0.542165
0.467756 -0.542165 0.467756 -0.542165
0.476339 -0.542165 0.476339 -0.542165
0.484921 -0.542165 0.484921 -0.542165
0.493504 -0.542165 0.493504 -0.542165
0.502087 -0.542165 0.502087 -0.542165
0.510669 -0.542165 0.510669 -0.542165
0.519252 -0.542165 0.519252 -0.542165
0.527835 -0.542165 0.527835 -0.542165
0.536417 -0.542165 0.536417 -0.542165
0.545000 -0.542165 0.545000 -0.542165
-0.545000 -0.528858 -0.545000 -0.528858
-0.536417 -0.528858 -0.536417 -0.528858
-0.527835 -0.528858 -0.527835 -0.528858
-0.519252 -0.528858 -0.519252 -0.528858
-0.510669 -0.528858 -0.510669 -0.528858
-0.502087 -0.528858 -0.502087 -0.528858
-0.493504 -0.528858 -0.493504 -0.528858
-0.484921 -0.528858 -0.484921 -0.528858
-0.476339 -0.528858 -0.476339 -0.528858
-0.467756 -0.528858 -0.467756 -0.528858
-0.459173 -0.528858 -0.459173 -0.528858
-0.450591 -0.528858 -0.450591 -0.528858
-0.442008 -0.528858 -0.442008 -0.528858
-0.433425 -0.528858 -0.433425 -0.528858
-0.424843 -0.528858 -0.424843 -0.528858
-0.416260 -0.528858 -0.416260 -0.528858
-0.407677 -0.528858 -0.407677 -0.528858
-0.399094 -0.528858 -0.399094 -0.528858
-0.390512 -0.528858 -0.390512 -0.528858
-0.381929 -0.528858 -0.381929 -0.528858
-0.373346 -0.528858 -0.373346 -0.528858
-0.364764 -0.528858 -0.364764 -0.528858
-0.356181 -0.528858 -0.356181 -0.528858
-0.347598 -0.528858 -0.347598 -0.528858
-0.339016 -0.528858 -0.339016 -0.528858
-0.330433 -0.528858 -0.330433 -0.528858
-0.321850 -0.528858 -0.321850 -0.528858
-0.313268 -0.528858 -0.313268 -0.528858
-0.304685 -0.528858 -0.304685 -0.528858
-0.296102 -0.528858 -0.296102 -0.528858
-0.287520 -0.528858 -0.287520 -0.528858
-0.278937 -0.528858 -0.278937 -0.528858
-0.270354 -0.528858 -0.270354 -0.528858
-0.261772 -0.528858 -0.261772 -0.528858
-0.253189 -0.528858 -0.253189 -0.528858
-0.244606 -0.528858 -0.244606 -0.528858
-0.236024 -0.528858 -0.236024 -0.528858
-0.227441 -0.528858 -0.227441 -0.528858
-0.218858 -0.528858 -0.218858 -0.528858
-0.210276 -0.528858 -0.210276 -0.528858
-0.201693 -0.528858 -0.201693 -0.528858
-0.193110 -0.528858 -0.193110 -0.528858
-0.184528 -0.528858 -0.184528 -0.528858
-0.175945 -0.528858 -0.175945 -0.528858
-0.167362 -0.528858 -0.167362 -0.528858
-0.158780 -0.528858 -0.158780 -0.528858
-0.124449 -0.528858 -0.066271 0.383145
-0.115866 -0.528858 -0.071245 0.371137
-0.107283 -0.528858 -0.076217 0.359133
-0.098701 -0.528858 0.058519 0.526741
-0.090118 -0.528858 5.627601 -8.658395
-0.047205 -0.528858 -0.167448 0.511108
-0.038622 -0.528858 -0.159209 0.515641
-0.030039 -0.528858 -0.150970 0.520175
-0.021457 -0.528858 -0.142730 0.524709
-0.012874 -0.528858 -0.134491 0.529243
-0.004291 -0.528858 -0.126252 0.533777
0.004291 -0.528858 0.126254 0.533777
0.012874 -0.528858 0.134497 0.529239
0.021457 -0.528858 0.142737 0.524706
0.030039 -0.528858 0.150976 0.520172
0.038622 -0.528858 0.159215 0.515638
0.047205 -0.528858 0.167449 0.511106
0.090118 -0.528858 -5.627341 -8.658101
0.098701 -0.528858 -0.058523 0.526742
0.107283 -0.528858 0.076219 0.359128
0.115866 -0.528858 0.071244 0.371138
0.124449 -0.528858 0.066270 0.383148
0.158780 -0.528858 0.158780 -0.528858
0.167362 -0.528858 0.167362 -0.528858
0.175945 -0.528858 0.175945 -0.528858
0.184528 -0.528858 0.184528 -0.528858
0.193110 -0.528858 0.193110 -0.528858
0.201693 -0.528858 0.201693 -0.528858
0.210276 -0.528858 0.210276 -0.528858
0.218858 -0.528858 0.218858 -0.528858
0.227441 -0.528858 0.227441 -0.528858
0.236024 -0.528858 0.236024 -0.528858
0.244606 -0.528858 0.244606 -0.528858
0.253189 -0.528858 0.253189 -0.528858
0.261772 -0.528858 0.261772 -0.528858
0.270354 -0.528858 0.270354 -0.528858
0.278937 -0.528858 0.278937 -0.528858
0.287520 -0.528858 0.287520 -0.528858
0.296102 -0.528858 0.296102 -0.528858
0.304685 -0.528858 0.304685 -0.528858
0.313268 -0.528858 0.313268 -0.528858
0.321850 -0.528858 0.321850 -0.528858
0.330433 -0.528858 0.330433 -0.528858
0.339016 -0.528858 0.339016 -0.528858
0.347598 -0.528858 0.347598 -0.528858
0.356181 -0.528858 0.356181 -0.528858
0.364764 -0.528858 0.364764 -0.528858
0.373346 -0.528858 0.373346 -0.528858
0.381929 -0.528858 0.381929 -0.528858
0.390512 -0.528858 0.390512 -0.528858
0.399094 -0.528858 0.399094 -0.528858
0.407677 -0.528858 0.407677 -0.528858
0.416260 -0.528858 0.416260 -0.528858
0.424843 -0.528858 0.424843 -0.528858
0.433425 -0.528858 0.433425 -0.528858
0.442008 -0.528858 0.442008 -0.528858
0.450591 -0.528858 0.450591 -0.528858
0.459173 -0.528858 0.459173 -0.528858
0.467756 -0.528858 0.467756 -0.528858
0.476339 -0.528858 0.476339 -0.528858
0.484921 -0.528858 0.484921 -0.528858
0.493504 -0.528858 0.493504 -0.528858
0.502087 -0.528858 0.502087 -0.528858
0.510669 -0.528858 0.510669 -0.528858
0.519252 -0.528858 0.519252 -0.528858
0.527835 -0.528858 0.527835 -0.528858
0.536417 -0.528858 0.536417 -0.528858
0.545000 -0.528858 0.545000 -0.528858
-0.545000 -0.515551 -0.545000 -0.515551
-0.536417 -0.515551 -0.536417 -0.515551
-0.527835 -0.515551 -0.527835 -0.515551
-0.519252 -0.515551 -0.519252 -0.515551
-0.510669 -0.515551 -0.510669 -0.515551
-0.502087 -0.515551 -0.502087 -0.515551
-0.493504 -0.515551 -0.493504 -0.515551
-0.484921 -0.515551 -0.484921 -0.515551
-0.476339 -0.515551 -0.476339 -0.515551
-0.467756 -0.515551 -0.467756 -0.515551
-0.459173 -0.515551 -0.459173 -0.515551
-0.450591 -0.515551 -0.450591 -0.515551
-0.442008 -0.515551 -0.442008 -0.515551
-0.433425 -0.515551 -0.433425 -0.515551
-0.424843 -0.515551 -0.424843 -0.515551
-0.416260 -0.515551 -0.416260 -0.515551
-0.407677 -0.515551 -0.407677 -0.515551
-0.399094 -0.515551 -0.399094 -0.515551
-0.390512 -0.515551 -0.390512 -0.515551
-0.381929 -0.515551 -0.381929 -0.515551
-0.373346 -0.515551 -0.373346 -0.515551
-0.364764 -0.515551 -0.364764 -0.515551
-0.356181 -0.515551 -0.356181 -0.515551
-0.347598 -0.515551 -0.347598 -0.515551
-0.339016 -0.515551 -0.339016 -0.515551
-0.330433 -0.515551 -0.330433 -0.515551
-0.321850 -0.515551 -0.321850 -0.515551
-0.313268 -0.515551 -0.313268 -0.515551
-0.304685 -0.515551 -0.304685 -0.515551
-0.296102 -0.515551 -0.296102 -0.515551
-0.287520 -0.515551 -0.287520 -0.515551
-0.278937 -0.515551 -0.278937 -0.515551
-0.270354 -0.515551 -0.270354 -0.515551
-0.261772 -0.515551 -0.261772 -0.515551
-0.253189 -0.515551 -0.253189 -0.515551
-0.244606 -0.515551 -0.244606 -0.515551
-0.236024 -0.515551 -0.236024 -0.515551
-0.227441 -0.515551 -0.227441 -0.515551
-0.218858 -0.515551 -0.218858 -0.515551
-0.210276 -0.515551 -0.210276 -0.515551
-0.201693 -0.515551 -0.201693 -0.515551
-0.193110 -0.515551 -0.193110 -0.515551
-0.184528 -0.515551 -0.184528 -0.515551
-0.158780 -0.515551 0.253852 0.382754
-0.141614 -0.515551 -0.058368 0.402225
-0.133031 -0.515551 -0.063342 0.390217
-0.124449 -0.515551 -0.068314 0.378213
-0.098701 -0.515551 -0.003168 0.446117
-0.090118 -0.515551 3.345544 -7.553261
-0.081535 -0.515551 3.362217 -7.572148
-0.072953 -0.515551 3.378890 -7.591034
-0.064370 -0.515551 3.395563 -7.609920
-0.047205 -0.515551 -0.159626 0.510280
-0.038622 -0.515551 -0.151386 0.514814
-0.030039 -0.515551 -0.143147 0.519348
-0.021457 -0.515551 -0.134908 0.523882
-0.012874 -0.515551 -0.126669 0.528416
-0.004291 -0.515551 -0.118429 0.532949
0.004291 -0.515551 0.118436 0.532946
0.012874 -0.515551 0.126675 0.528412
0.021457 -0.515551 0.134914 0.523878
0.030039 -0.515551 0.143153 0.519344
0.038622 -0.515551 0.151392 0.514811
0.047205 -0.515551 0.159632 0.510277
0.064370 -0.515551 -3.395362 -7.609673
0.072953 -0.515551 -3.378689 -7.590787
0.081535 -0.515551 -3.361986 -7.571856
0.090118 -0.515551 -3.345313 -7.552970
0.098701 -0.515551 0.003179 0.446116
0.124449 -0.515551 0.068316 0.378208
0.133031 -0.515551 0.063341 0.390219
0.141614 -0.515551 0.058367 0.402228
0.158780 -0.515551 -0.253851 0.382755
0.184528 -0.515551 0.184528 -0.515551
0.193110 -0.515551 0.193110 -0.515551
0.201693 -0.515551 0.201693 -0.515551
0.210276 -0.515551 0.210276 -0.515551
0.218858 -0.515551 0.218858 -0.515551
0.227441 -0.515551 0.227441 -0.515551
0.236024 -0.515551 0.236024 -0.515551
0.244606 -0.515551 0.244606 -0.515551
0.253189 -0.515551 0.253189 -0.515551
0.261772 -0.515551 0.261772 -0.515551
0.270354 -0.515551 0.270354 -0.515551
0.278937 -0.515551 0.278937 -0.515551
0.287520 -0.515551 0.287520 -0.515551
0.296102 -0.515551 0.296102 -0.515551
0.304685 -0.515551 0.304685 -0.515551
0.313268 -0.515551 0.313268 -0.515551
0.321850 -0.515551 0.321850 -0.515551
0.330433 -0.515551 0.330433 -0.515551
0.339016 -0.515551 0.339016 -0.515551
0.347598 -0.515551 0.347598 -0.515551
0.356181 -0.515551 0.356181 -0.515551
0.364764 -0.515551 0.364764 -0.515551
0.373346 -0.515551 0.373346 -0.515551
0.381929 -0.515551 0.381929 -0.515551
0.390512 -0.515551 0.390512 -0.515551
0.399094 -0.515551 0.399094 -0.515551
0.407677 -0.515551 0.407677 -0.515551
0.416260 -0.515551 0.416260 -0.515551
0.424843 -0.515551 0.424843 -0.515551
0.433425 -0.515551 0.433425 -0.515551
0.442008 -0.515551 0.442008 -0.515551
0.450591 -0.515551 0.450591 -0.515551
0.459173 -0.515551 0.459173 -0.515551
0.467756 -0.515551 0.467756 -0.515551
0.476339 -0.515551 0.476339 -0.515551
0.484921 -0.515551 0.484921 -0.515551
0.493504 -0.515551 0.493504 -0.515551
0.502087 -0.515551 0.502087 -0.515551
0.510669 -0.515551 0.510669 -0.515551
0.519252 -0.515551 0.519252 -0.515551
0.527835 -0.515551 0.527835 -0.515551
0.536417 -0.515551 0.536417 -0.515551
0.545000 -0.515551 0.545000 -0.515551
-0.545000 -0.502244 -0.545000 -0.502244
-0.536417 -0.502244 -0.536417 -0.502244
-0.527835 -0.502244 -0.527835 -0.502244
-0.519252 -0.502244 -0.519252 -0.502244
-0.510669 -0.502244 -0.510669 -0.502244
-0.502087 -0.502244 -0.502087 -0.502244
-0.493504 -0.502244 -0.493504 -0.502244
-0.484921 -0.502244 -0.484921 -0.502244
-0.476339 -0.502244 -0.476339 -0.502244
-0.467756 -0.502244 -0.467756 -0.502244
-0.459173 -0.502244 -0.459173 -0.502244
-0.450591 -0.502244 -0.450591 -0.502244
-0.442008 -0.502244 -0.442008 -0.502244
-0.433425 -0.502244 -0.433425 -0.502244
-0.424843 -0.502244 -0.424843 -0.502244
-0.416260 -0.502244 -0.416260 -0.502244
-0.407677 -0.502244 -0.407677 -0.502244
-0.399094 -0.502244 -0.399094 -0.502244
-0.390512 -0.502244 -0.390512 -0.502244
-0.381929 -0.502244 -0.381929 -0.502244
-0.373346 -0.502244 -0.373346 -0.502244
-0.364764 -0.502244 -0.364764 -0.502244
-0.356181 -0.502244 -0.356181 -0.502244
-0.347598 -0.502244 -0.347598 -0.502244
-0.339016 -0.502244 -0.339016 -0.502244
-0.330433 -0.502244 -0.330433 -0.502244
-0.321850 -0.502244 -0.321850 -0.502244
-0.313268 -0.502244 -0.313268 -0.502244
-0.304685 -0.502244 -0.304685 -0.502244
-0.296102 -0.502244 -0.296102 -0.502244
-0.287520 -0.502244 -0.287520 -0.502244
-0.278937 -0.502244 -0.278937 -0.502244
-0.270354 -0.502244 -0.270354 -0.502244
-0.261772 -0.502244 -0.261772 -0.502244
-0.253189 -0.502244 -0.253189 -0.502244
-0.244606 -0.502244 -0.244606 -0.502244
-0.236024 -0.502244 -0.236024 -0.502244
-0.227441 -0.502244 -0.227441 -0.502244
-0.218858 -0.502244 -0.218858 -0.502244
-0.210276 -0.502244 -0.210276 -0.502244
-0.201693 -0.502244 -0.201693 -0.502244
-0.193110 -0.502244 -0.193110 -0.502244
-0.167362 -0.502244 -0.052964 0.457391
-0.158780 -0.502244 -0.068951 0.450213
-0.141614 -0.502244 -0.002256 0.485268
-0.133031 -0.502244 -0.006132 0.477568
-0.124449 -0.502244 -0.009767 0.469712
-0.115866 -0.502244 -0.013403 0.461856
-0.098701 -0.502244 -0.059748 0.398894
-0.090118 -0.502244 3.325476 -7.498479
-0.081535 -0.502244 3.342149 -7.517365
-0.072953 -0.502244 3.358823 -7.536251
-0.064370 -0.502244 3.375496 -7.555137
-0.055787 -0.502244 -0.160042 0.504919
-0.047205 -0.502244 -0.151803 0.509453
-0.038622 -0.502244 -0.143564 0.513987
-0.030039 -0.502244 -0.135325 0.518520
-0.021457 -0.502244 -0.127089 0.523054
-0.012874 -0.502244 -0.118850 0.527588
-0.004291 -0.502244 -0.110611 0.532122
0.004291 -0.502244 0.110613 0.532118
0.012874 -0.502244 0.118852 0.527584
0.021457 -0.502244 0.127091 0.523051
0.030039 -0.502244 0.135331 0.518517
0.038622 -0.502244 0.143570 0.513983
0.047205 -0.502244 0.151809 0.509449
0.055787 -0.502244 0.160048 0.504916
0.064370 -0.502244 -3.375319 -7.554888
0.072953 -0.502244 -3.358593 -7.535961
0.081535 -0.502244 -3.341920 -7.517075
0.090118 -0.502244 -3.325247 -7.498189
0.098701 -0.502244 0.059746 0.398899
0.115866 -0.502244 0.013414 0.461855
0.124449 -0.502244 0.009778 0.469712
0.133031 -0.502244 0.006142 0.477568
0.141614 -0.502244 0.002265 0.485267
0.158780 -0.502244 0.068947 0.450215
0.167362 -0.502244 0.052960 0.457393
0.193110 -0.502244 0.193110 -0.502244
0.201693 -0.502244 0.201693 -0.502244
0.210276 -0.502244 0.210276 -0.502244
0.218858 -0.502244 0.218858 -0.502244
0.227441 -0.502244 0.227441 -0.502244
0.236024 -0.502244 0.236024 -0.502244
0.244606 -0.502244 0.244606 -0.502244
0.253189 -0.502244 0.253189 -0.502244
0.261772 -0.502244 0.261772 -0.502244
0.270354 -0.502244 0.270354 -0.502244
0.278937 -0.502244 0.278937 -0.502244
0.287520 -0.502244 0.287520 -0.502244
0.296102 -0.502244 0.296102 -0.502244
0.304685 -0.502244 0.304685 -0.502244
0.313268 -0.502244 0.313268 -0.502244
0.321850 -0.502244 0.321850 -0.502244
0.330433 -0.502244 0.330433 -0.502244
0.339016 -0.502244 0.339016 -0.502244
0.347598 -0.502244 0.347598 -0.502244
0.356181 -0.502244 0.356181 -0.502244
0.364764 -0.502244 0.364764 -0.502244
0.373346 -0.502244 0.373346 -0.502244
0.381929 -0.502244 0.381929 -0.502244
0.390512 -0.502244 0.390512 -0.502244
0.399094 -0.502244 0.399094 -0.502244
0.407677 -0.502244 0.407677 -0.502244
0.416260 -0.502244 0.416260 -0.502244
0.424843 -0.502244 0.424843 -0.502244
0.433425 -0.502244 0.433425 -0.502244
0.442008 -0.502244 0.442008 -0.502244
0.450591 -0.502244 0.450591 -0.502244
0.459173 -0.502244 0.459173 -0.502244
0.467756 -0.502244 0.467756 -0.502244
0.476339 -0.502244 0.476339 -0.502244
0.484921 -0.502244 0.484921 -0.502244
0.493504 -0.502244 0.493504 -0.502244
0.502087 -0.502244 0.502087 -0.502244
0.510669 -0.502244 0.510669 -0.502244
0.519252 -0.502244 0.519252 -0.502244
0.527835 -0.502244 0.527835 -0.502244
0.536417 -0.502244 0.536417 -0.502244
0.545000 -0.502244 0.545000 -0.502244
-0.545000 -0.488937 -0.545000 -0.488937
-0.536417 -0.488937 -0.536417 -0.488937
-0.527835 -0.488937 -0.527835 -0.488937
-0.519252 -0.488937 -0.519252 -0.488937
-0.510669 -0.488937 -0.510669 -0.488937
-0.502087 -0.488937 -0.502087 -0.488937
-0.493504 -0.488937 -0.493504 -0.488937
-0.484921 -0.488937 -0.484921 -0.488937
-0.476339 -0.488937 -0.476339 -0.488937
-0.467756 -0.488937 -0.467756 -0.488937
-0.459173 -0.488937 -0.459173 -0.488937
-0.450591 -0.488937 -0.450591 -0.488937
-0.442008 -0.488937 -0.442008 -0.488937
-0.433425 -0.488937 -0.433425 -0.488937
-0.424843 -0.488937 -0.424843 -0.488937
-0.416260 -0.488937 -0.416260 -0.488937
-0.407677 -0.488937 -0.407677 -0.488937
-0.399094 -0.488937 -0.399094 -0.488937
-0.390512 -0.488937 -0.390512 -0.488937
-0.381929 -0.488937 -0.381929 -0.488937
-0.373346 -0.488937 -0.373346 -0.488937
-0.364764 -0.488937 -0.364764 -0.488937
-0.356181 -0.488937 -0.356181 -0.488937
-0.347598 -0.488937 -0.347598 -0.488937
-0.339016 -0.488937 -0.339016 -0.488937
-0.330433 -0.488937 -0.330433 -0.488937
-0.321850 -0.488937 -0.321850 -0.488937
-0.313268 -0.488937 -0.313268 -0.488937
-0.304685 -0.488937 -0.304685 -0.488937
-0.296102 -0.488937 -0.296102 -0.488937
-0.287520 -0.488937 -0.287520 -0.488937
-0.278937 -0.488937 -0.278937 -0.488937
-0.270354 -0.488937 -0.270354 -0.488937
-0.261772 -0.488937 -0.261772 -0.488937
-0.253189 -0.488937 -0.253189 -0.488937
-0.244606 -0.488937 -0.244606 -0.488937
-0.236024 -0.488937 -0.236024 -0.488937
-0.227441 -0.488937 -0.227441 -0.488937
-0.218858 -0.488937 -0.218858 -0.488937
-0.210276 -0.488937 -0.210276 -0.488937
-0.201693 -0.488937 -0.201693 -0.488937
-0.193110 -0.488937 -0.193110 -0.488937
-0.184528 -0.488937 -0.001099 0.559545
-0.175945 -0.488937 -0.025252 0.538027
-0.167362 -0.488937 -0.018477 0.422347
-0.158780 -0.488937 -0.008269 0.498242
-0.150197 -0.488937 -0.013183 0.491222
-0.141614 -0.488937 -0.018098 0.484203
-0.133031 -0.488937 -0.023013 0.477184
-0.124449 -0.488937 -0.027279 0.469740
-0.115866 -0.488937 -0.030923 0.461877
-0.107283 -0.488937 -21.147363 -148.571394
-0.098701 -0.488937 -0.931525 -7.415241
-0.081535 -0.488937 3.322015 -7.462412
-0.072953 -0.488937 -15.944576 -20.785356
-0.064370 -0.488937 -16.032725 -20.901155
-0.055787 -0.488937 -0.152223 0.504091
-0.047205 -0.488937 -0.143984 0.508625
-0.038622 -0.488937 -0.135745 0.513159
-0.030039 -0.488937 -0.127506 0.517693
-0.021457 -0.488937 -0.119267 0.522227
-0.012874 -0.488937 -0.111027 0.526760
-0.004291 -0.488937 -0.102788 0.531294
0.004291 -0.488937 0.102791 0.531291
0.012874 -0.488937 0.111030 0.526757
0.021457 -0.488937 0.119269 0.522223
0.030039 -0.488937 0.127508 0.517690
0.038622 -0.488937 0.135747 0.513156
0.047205 -0.488937 0.143986 0.508622
0.055787 -0.488937 0.152226 0.504088
0.064370 -0.488937 16.029407 -20.897489
0.072953 -0.488937 15.941400 -20.782032
0.081535 -0.488937 -3.322068 -7.462593
0.098701 -0.488937 0.931471 -7.415243
0.107283 -0.488937 21.124580 -148.406121
0.115866 -0.488937 0.030915 0.461879
0.124449 -0.488937 0.027279 0.469736
0.133031 -0.488937 0.023014 0.477180
0.141614 -0.488937 0.018099 0.484200
0.150197 -0.488937 0.013184 0.491219
0.158780 -0.488937 0.008274 0.498234
0.167362 -0.488937 0.018485 0.422343
0.175945 -0.488937 0.025256 0.538029
0.184528 -0.488937 0.001094 0.559549
0.193110 -0.488937 0.193110 -0.488937
0.201693 -0.488937 0.201693 -0.488937
0.210276 -0.488937 0.210276 -0.488937
0.218858 -0.488937 0.218858 -0.488937
0.227441 -0.488937 0.227441 -0.488937
0.236024 -0.488937 0.236024 -0.488937
0.244606 -0.488937 0.244606 -0.488937
0.253189 -0.488937 0.253189 -0.488937
0.261772 -0.488937 0.261772 -0.488937
0.270354 -0.488937 0.270354 -0.488937
0.278937 -0.488937 0.278937 -0.488937
0.287520 -0.488937 0.287520 -0.488937
0.296102 -0.488937 0.296102 -0.488937
0.304685 -0.488937 0.304685 -0.488937
0.313268 -0.488937 0.313268 -0.488937
0.321850 -0.488937 0.321850 -0.488937
0.330433 -0.488937 0.330433 -0.488937
0.339016 -0.488937 0.339016 -0.488937
0.347598 -0.488937 0.347598 -0.488937
0.356181 -0.488937 0.356181 -0.488937
0.364764 -0.488937 0.364764 -0.488937
0.373346 -0.488937 0.373346 -0.488937
0.381929 -0.488937 0.381929 -0.488937
0.390512 -0.488937 0.390512 -0.488937
0.399094 -0.488937 0.399094 -0.488937
0.407677 -0.488937 0.407677 -0.488937
0.416260 -0.488937 0.416260 -0.488937
0.424843 -0.488937 0.424843 -0.488937
0.433425 -0.488937 0.433425 -0.488937
0.442008 -0.488937 0.442008 -0.488937
0.450591 -0.488937 0.450591 -0.488937
0.459173 -0.488937 0.459173 -0.488937
0.467756 -0.488937 0.467756 -0.488937
0.476339 -0.488937 0.476339 -0.488937
0.484921 -0.488937 0.484921 -0.488937
0.493504 -0.488937 0.493504 -0.488937
0.502087 -0.488937 0.502087 -0.488937
0.510669 -0.488937 0.510669 -0.488937
0.519252 -0.488937 0.519252 -0.488937
0.527835 -0.488937 0.527835 -0.488937
0.536417 -0.488937 0.536417 -0.488937
0.545000 -0.488937 0.545000 -0.488937
-0.545000 -0.475630 -0.545000 -0.475630
-0.536417 -0.475630 -0.536417 -0.475630
-0.527835 -0.475630 -0.527835 -0.475630
-0.519252 -0.475630 -0.519252 -0.475630
-0.510669 -0.475630 -0.510669 -0.475630
-0.502087 -0.475630 -0.502087 -0.475630
-0.493504 -0.475630 -0.493504 -0.475630
-0.484921 -0.475630 -0.484921 -0.475630
-0.476339 -0.475630 -0.476339 -0.475630
-0.467756 -0.475630 -0.467756 -0.475630
-0.459173 -0.475630 -0.459173 -0.475630
-0.450591 -0.475630 -0.450591 -0.475630
-0.442008 -0.475630 -0.442008 -0.475630
-0.433425 -0.475630 -0.433425 -0.475630
-0.424843 -0.475630 -0.424843 -0.475630
-0.416260 -0.475630 -0.416260 -0.475630
-0.407677 -0.475630 -0.407677 -0.475630
-0.399094 -0.475630 -0.399094 -0.475630
-0.390512 -0.475630 -0.390512 -0.475630
-0.381929 -0.475630 -0.381929 -0.475630
-0.373346 -0.475630 -0.373346 -0.475630
-0.364764 -0.475630 -0.364764 -0.475630
-0.356181 -0.475630 -0.356181 -0.475630
-0.347598 -0.475630 -0.347598 -0.475630
-0.339016 -0.475630 -0.339016 -0.475630
-0.330433 -0.475630 -0.330433 -0.475630
-0.321850 -0.475630 -0.321850 -0.475630
-0.313268 -0.475630 -0.313268 -0.475630
-0.304685 -0.475630 -0.304685 -0.475630
-0.296102 -0.475630 -0.296102 -0.475630
-0.287520 -0.475630 -0.287520 -0.475630
-0.278937 -0.475630 -0.278937 -0.475630
-0.270354 -0.475630 -0.270354 -0.475630
-0.261772 -0.475630 -0.261772 -0.475630
-0.253189 -0.475630 -0.253189 -0.475630
-0.244606 -0.475630 -0.244606 -0.475630
-0.236024 -0.475630 -0.236024 -0.475630
-0.227441 -0.475630 -0.227441 -0.475630
-0.218858 -0.475630 -0.218858 -0.475630
-0.210276 -0.475630 -0.210276 -0.475630
-0.201693 -0.475630 -0.201693 -0.475630
-0.193110 -0.475630 -0.009034 0.566546
-0.184528 -0.475630 -0.033282 0.545069
-0.175945 -0.475630 -0.013442 0.424432
-0.167362 -0.475630 -0.027486 0.418615
-0.158780 -0.475630 -0.024107 0.497176
-0.150197 -0.475630 -0.029022 0.490157
-0.141614 -0.475630 -0.033942 0.483138
-0.133031 -0.475630 -0.038857 0.476118
-0.124449 -0.475630 -0.043781 0.469093
-0.115866 -0.475630 -21.324639 -149.726059
-0.107283 -0.475630 -0.948289 -7.490421
-0.098701 -0.475630 -10.570978 -8.425821
-0.090118 -0.475630 0.399862 0.591078
-0.081535 -0.475630 0.408673 0.591575
-0.072953 -0.475630 0.417484 0.592072
-0.064370 -0.475630 0.170170 0.516733
-0.055787 -0.475630 0.179379 0.518461
-0.047205 -0.475630 0.188588 0.520189
-0.038622 -0.475630 0.197796 0.521917
-0.030039 -0.475630 0.207005 0.523645
-0.021457 -0.475630 0.216214 0.525372
-0.012874 -0.475630 -0.056161 0.504240
-0.004291 -0.475630 -0.047724 0.505901
0.004291 -0.475630 0.047724 0.505901
0.012874 -0.475630 0.056165 0.504236
0.021457 -0.475630 -0.216209 0.525361
0.030039 -0.475630 -0.207001 0.523633
0.038622 -0.475630 -0.197792 0.521905
0.047205 -0.475630 -0.188583 0.520177
0.055787 -0.475630 -0.179375 0.518450
0.064370 -0.475630 -0.170168 0.516721
0.072953 -0.475630 -0.417476 0.592055
0.081535 -0.475630 -0.408665 0.591558
0.090118 -0.475630 -0.399867 0.591075
0.098701 -0.475630 10.570808 -8.425837
0.107283 -0.475630 0.948156 -7.490216
0.115866 -0.475630 21.280240 -149.412923
0.124449 -0.475630 0.043767 0.469096
0.133031 -0.475630 0.038852 0.476115
0.141614 -0.475630 0.033937 0.483134
0.150197 -0.475630 0.029022 0.490153
0.158780 -0.475630 0.024107 0.497173
0.167362 -0.475630 0.027483 0.418616
0.175945 -0.475630 0.013442 0.424432
0.184528 -0.475630 0.033286 0.545071
0.193110 -0.475630 0.009028 0.566549
0.201693 -0.475630 0.201693 -0.475630
0.210276 -0.475630 0.210276 -0.475630
0.218858 -0.475630 0.218858 -0.475630
0.227441 -0.475630 0.227441 -0.475630
0.236024 -0.475630 0.236024 -0.475630
0.244606 -0.475630 0.244606 -0.475630
0.253189 -0.475630 0.253189 -0.475630
0.261772 -0.475630 0.261772 -0.475630
0.270354 -0.475630 0.270354 -0.475630
0.278937 -0.475630 0.278937 -0.475630
0.287520 -0.475630 0.287520 -0.475630
0.296102 -0.475630 0.296102 -0.475630
0.304685 -0.475630 0.304685 -0.475630
0.313268 -0.475630 0.313268 -0.475630
0.321850 -0.475630 0.321850 -0.475630
0.330433 -0.475630 0.330433 -0.475630
0.339016 -0.475630 0.339016 -0.475630
0.347598 -0.475630 0.347598 -0.475630
0.356181 -0.475630 0.356181 -0.475630
0.364764 -0.475630 0.364764 -0.475630
0.373346 -0.475630 0.373346 -0.475630
0.381929 -0.475630 0.381929 -0.475630
0.390512 -0.475630 0.390512 -0.475630
0.399094 -0.475630 0.399094 -0.475630
0.407677 -0.475630 0.407677 -0.475630
0.416260 -0.475630 0.416260 -0.475630
0.424843 -0.475630 0.424843 -0.475630
0.433425 -0.475630 0.433425 -0.475630
0.442008 -0.475630 0.442008 -0.475630
0.450591 -0.475630 0.450591 -0.475630
0.459173 -0.475630 0.459173 -0.475630
0.467756 -0.475630 0.467756 -0.475630
0.476339 -0.475630 0.476339 -0.475630
0.484921 -0.475630 0.484921 -0.475630
0.493504 -0.475630 0.493504 -0.475630
0.502087 -0.475630 0.502087 -0.475630
0.510669 -0.475630 0.510669 -0.475630
0.519252 -0.475630 0.519252 -0.475630
0.527835 -0.475630 0.527835 -0.475630
0.536417 -0.475630 0.536417 -0.475630
0.545000 -0.475630 0.545000 -0.475630
-0.545000 -0.462323 -0.545000 -0.462323
-0.536417 -0.462323 -0.536417 -0.462323
-0.527835 -0.462323 -0.527835 -0.462323
-0.519252 -0.462323 -0.519252 -0.462323
-0.510669 -0.462323 -0.510669 -0.462323
-0.502087 -0.462323 -0.502087 -0.462323
-0.493504 -0.462323 -0.493504 -0.462323
-0.484921 -0.462323 -0.484921 -0.462323
-0.476339 -0.462323 -0.476339 -0.462323
-0.467756 -0.462323 -0.467756 -0.462323
-0.459173 -0.462323 -0.459173 -0.462323
-0.450591 -0.462323 -0.450591 -0.462323
-0.442008 -0.462323 -0.442008 -0.462323
-0.433425 -0.462323 -0.433425 -0.462323
-0.424843 -0.462323 -0.424843 -0.462323
-0.416260 -0.462323 -0.416260 -0.462323
-0.407677 -0.462323 -0.407677 -0.462323
-0.399094 -0.462323 -0.399094 -0.462323
-0.390512 -0.462323 -0.390512 -0.462323
-0.381929 -0.462323 -0.381929 -0.462323
-0.373346 -0.462323 -0.373346 -0.462323
-0.364764 -0.462323 -0.364764 -0.462323
-0.356181 -0.462323 -0.356181 -0.462323
-0.347598 -0.462323 -0.347598 -0.462323
-0.339016 -0.462323 -0.339016 -0.462323
-0.330433 -0.462323 -0.330433 -0.462323
-0.321850 -0.462323 -0.321850 -0.462323
-0.313268 -0.462323 -0.313268 -0.462323
-0.304685 -0.462323 -0.304685 -0.462323
-0.296102 -0.462323 -0.296102 -0.462323
-0.287520 -0.462323 -0.287520 -0.462323
-0.278937 -0.462323 -0.278937 -0.462323
-0.270354 -0.462323 -0.270354 -0.462323
-0.261772 -0.462323 -0.261772 -0.462323
-0.253189 -0.462323 -0.253189 -0.462323
-0.244606 -0.462323 -0.244606 -0.462323
-0.236024 -0.462323 -0.236024 -0.462323
-0.227441 -0.462323 -0.227441 -0.462323
-0.218858 -0.462323 -0.218858 -0.462323
-0.210276 -0.462323 -0.210276 -0.462323
-0.201693 -0.462323 -1.615837 -0.618863
-0.193110 -0.462323 1.728916 1.378049
-0.184528 -0.462323 -0.008406 0.426518
-0.175945 -0.462323 -0.022450 0.420701
-0.167362 -0.462323 -0.005586 0.427686
-0.158780 -0.462323 -0.071513 0.370489
-0.150197 -0.462323 -0.044865 0.489092
-0.141614 -0.462323 -0.049789 0.482067
-0.133031 -0.462323 -0.054704 0.475047
-0.124449 -0.462323 -10.453974 -8.300431
-0.115866 -0.462323 0.374200 0.604572
-0.107283 -0.462323 0.383011 0.605069
-0.098701 -0.462323 0.391822 0.605566
-0.090118 -0.462323 0.400633 0.606063
-0.081535 -0.462323 0.409444 0.606560
-0.072953 -0.462323 0.418252 0.607054
-0.064370 -0.462323 0.172273 0.532463
-0.055787 -0.462323 0.181481 0.534191
-0.047205 -0.462323 0.514996 0.761607
-0.038622 -0.462323 0.522742 0.759784
-0.030039 -0.462323 -0.071163 0.510510
-0.021457 -0.462323 -0.062725 0.512171
-0.012874 -0.462323 -0.054288 0.513832
-0.004291 -0.462323 -0.045850 0.515493
0.004291 -0.462323 0.045850 0.515493
0.012874 -0.462323 0.054288 0.513832
0.021457 -0.462323 0.062729 0.512167
0.030039 -0.462323 0.071167 0.510506
0.038622 -0.462323 -0.522728 0.759765
0.047205 -0.462323 -0.514982 0.761587
0.055787 -0.462323 -0.181477 0.534180
0.064370 -0.462323 -0.172270 0.532451
0.072953 -0.462323 -0.418247 0.607040
0.081535 -0.462323 -0.409436 0.606543
0.090118 -0.462323 -0.400625 0.606046
0.098701 -0.462323 -0.391814 0.605549
0.107283 -0.462323 -0.383015 0.605066
0.115866 -0.462323 -0.374204 0.604569
0.124449 -0.462323 10.453209 -8.300235
0.133031 -0.462323 0.054690 0.475050
0.141614 -0.462323 0.049775 0.482069
0.150197 -0.462323 0.044860 0.489088
0.158780 -0.462323 0.071514 0.370488
0.167362 -0.462323 0.005585 0.427687
0.175945 -0.462323 0.022449 0.420702
0.184528 -0.462323 0.008408 0.426518
0.193110 -0.462323 -1.728916 1.378055
0.201693 -0.462323 1.615829 -0.618863
0.210276 -0.462323 0.210276 -0.462323
0.218858 -0.462323 0.218858 -0.462323
0.227441 -0.462323 0.227441 -0.462323
0.236024 -0.462323 0.236024 -0.462323
0.244606 -0.462323 0.244606 -0.462323
0.253189 -0.462323 0.253189 -0.462323
0.261772 -0.462323 0.261772 -0.462323
0.270354 -0.462323 0.270354 -0.462323
0.278937 -0.462323 0.278937 -0.462323
0.287520 -0.462323 0.287520 -0.462323
0.296102 -0.462323 0.296102 -0.462323
0.304685 -0.462323 0.304685 -0.462323
0.313268 -0.462323 0.313268 -0.462323
0.321850 -0.462323 0.321850 -0.462323
0.330433 -0.462323 0.330433 -0.462323
0.339016 -0.462323 0.339016 -0.462323
0.347598 -0.462323 0.347598 -0.462323
0.356181 -0.462323 0.356181 -0.462323
0.364764 -0.462323 0.364764 -0.462323
0.373346 -0.462323 0.373346 -0.462323
0.381929 -0.462323 0.381929 -0.462323
0.390512 -0.462323 0.390512 -0.462323
0.399094 -0.462323 0.399094 -0.462323
0.407677 -0.462323 0.407677 -0.462323
0.416260 -0.462323 0.416260 -0.462323
0.424843 -0.462323 0.424843 -0.462323
0.433425 -0.462323 0.433425 -0.462323
0.442008 -0.462323 0.442008 -0.462323
0.450591 -0.462323 0.450591 -0.462323
0.459173 -0.462323 0.459173 -0.462323
0.467756 -0.462323 0.467756 -0.462323
0.476339 -0.462323 0.476339 -0.462323
0.484921 -0.462323 0.484921 -0.462323
0.493504 -0.462323 0.493504 -0.462323
0.502087 -0.462323 0.502087 -0.462323
0.510669 -0.462323 0.510669 -0.462323
0.519252 -0.462323 0.519252 -0.462323
0.527835 -0.462323 0.527835 -0.462323
0.536417 -0.462323 0.536417 -0.462323
0.545000 -0.462323 0.545000 -0.462323
-0.545000 -0.449016 -0.545000 -0.449016
-0.536417 -0.449016 -0.536417 -0.449016
-0.527835 -0.449016 -0.527835 -0.449016
-0.519252 -0.449016 -0.519252 -0.449016
-0.510669 -0.449016 -0.510669 -0.449016
-0.502087 -0.449016 -0.502087 -0.449016
-0.493504 -0.449016 -0.493504 -0.449016
-0.484921 -0.449016 -0.484921 -0.449016
-0.476339 -0.449016 -0.476339 -0.449016
-0.467756 -0.449016 -0.467756 -0.449016
-0.459173 -0.449016 -0.459173 -0.449016
-0.450591 -0.449016 -0.450591 -0.449016
-0.442008 -0.449016 -0.442008 -0.449016
-0.433425 -0.449016 -0.433425 -0.449016
-0.424843 -0.449016 -0.424843 -0.449016
-0.416260 -0.449016 -0.416260 -0.449016
-0.407677 -0.449016 -0.407677 -0.449016
-0.399094 -0.449016 -0.399094 -0.449016
-0.390512 -0.449016 -0.390512 -0.449016
-0.381929 -0.449016 -0.381929 -0.449016
-0.373346 -0.449016 -0.373346 -0.449016
-0.364764 -0.449016 -0.364764 -0.449016
-0.356181 -0.449016 -0.356181 -0.449016
-0.347598 -0.449016 -0.347598 -0.449016
-0.339016 -0.449016 -0.339016 -0.449016
-0.330433 -0.449016 -0.330433 -0.449016
-0.321850 -0.449016 -0.321850 -0.449016
-0.313268 -0.449016 -0.313268 -0.449016
-0.304685 -0.449016 -0.304685 -0.449016
-0.296102 -0.449016 -0.296102 -0.449016
-0.287520 -0.449016 -0.287520 -0.449016
-0.278937 -0.449016 -0.278937 -0.449016
-0.270354 -0.449016 -0.270354 -0.449016
-0.261772 -0.449016 -0.261772 -0.449016
-0.253189 -0.449016 -0.253189 -0.449016
-0.244606 -0.449016 -0.244606 -0.449016
-0.236024 -0.449016 -0.236024 -0.449016
-0.227441 -0.449016 -0.227441 -0.449016
-0.218858 -0.449016 -0.218858 -0.449016
-0.210276 -0.449016 -0.112069 0.284734
-0.201693 -0.449016 1.713978 1.384595
-0.193110 -0.449016 1.747668 1.399409
-0.175945 -0.449016 -2.315494 -1.346276
-0.167362 -0.449016 -0.079593 0.349018
-0.158780 -0.449016 -25.838363 -10.126337
-0.141614 -0.449016 0.348538 0.618066
-0.133031 -0.449016 0.357348 0.618563
-0.124449 -0.449016 0.366159 0.619060
-0.115866 -0.449016 0.374970 0.619557
-0.107283 -0.449016 0.383781 0.620054
-0.098701 -0.449016 0.392592 0.620551
-0.090118 -0.449016 0.401403 0.621048
-0.081535 -0.449016 0.410211 0.621542
-0.072953 -0.449016 0.488934 0.774229
-0.064370 -0.449016 0.496679 0.772407
-0.055787 -0.449016 0.504425 0.770584
-0.047205 -0.449016 0.512170 0.768761
-0.038622 -0.449016 0.519915 0.766939
-0.030039 -0.449016 -0.069289 0.520102
-0.021457 -0.449016 -0.060852 0.521763
-0.012874 -0.449016 -0.052414 0.523424
-0.004291 -0.449016 -0.043976 0.525076
0.004291 -0.449016 0.043977 0.525085
0.012874 -0.449016 0.052414 0.523424
0.021457 -0.449016 0.060856 0.521760
0.030039 -0.449016 0.069293 0.520098
0.038622 -0.449016 -0.519902 0.766920
0.047205 -0.449016 -0.512156 0.768742
0.055787 -0.449016 -0.504411 0.770565
0.064370 -0.449016 -0.496666 0.772388
0.072953 -0.449016 -0.488915 0.774189
0.081535 -0.449016 -0.410207 0.621528
0.090118 -0.449016 -0.401396 0.621031
0.098701 -0.449016 -0.392585 0.620534
0.107283 -0.449016 -0.383774 0.620037
0.115866 -0.449016 -0.374975 0.619554
0.124449 -0.449016 -0.366164 0.619057
0.133031 -0.449016 -0.357353 0.618560
0.141614 -0.449016 -0.348542 0.618062
0.158780 -0.449016 25.837980 -10.126040
0.167362 -0.449016 0.079593 0.349017
0.175945 -0.449016 2.315563 -1.346305
0.193110 -0.449016 -1.747647 1.399389
0.201693 -0.449016 -1.713978 1.384601
0.210276 -0.449016 0.112070 0.284733
0.218858 -0.449016 0.218858 -0.449016
0.227441 -0.449016 0.227441 -0.449016
0.236024 -0.449016 0.236024 -0.449016
0.244606 -0.449016 0.244606 -0.449016
0.253189 -0.449016 0.253189 -0.449016
0.261772 -0.449016 0.261772 -0.449016
0.270354 -0.449016 0.270354 -0.449016
0.278937 -0.449016 0.278937 -0.449016
0.287520 -0.449016 0.287520 -0.449016
0.296102 -0.449016 0.296102 -0.449016
0.304685 -0.449016 0.304685 -0.449016
0.313268 -0.449016 0.313268 -0.449016
0.321850 -0.449016 0.321850 -0.449016
0.330433 -0.449016 0.330433 -0.449016
0.339016 -0.449016 0.339016 -0.449016
0.347598 -0.449016 0.347598 -0.449016
0.356181 -0.449016 0.356181 -0.449016
0.364764 -0.449016 0.364764 -0.449016
0.373346 -0.449016 0.373346 -0.449016
0.381929 -0.449016 0.381929 -0.449016
0.390512 -0.449016 0.390512 -0.449016
0.399094 -0.449016 0.399094 -0.449016
0.407677 -0.449016 0.407677 -0.449016
0.416260 -0.449016 0.416260 -0.449016
0.424843 -0.449016 0.424843 -0.449016
0.433425 -0.449016 0.433425 -0.449016
0.442008 -0.449016 0.442008 -0.449016
0.450591 -0.449016 0.450591 -0.449016
0.459173 -0.449016 0.459173 -0.449016
0.467756 -0.449016 0.467756 -0.449016
0.476339 -0.449016 0.476339 -0.449016
0.484921 -0.449016 0.484921 -0.449016
0.493504 -0.449016 0.493504 -0.449016
0.502087 -0.449016 0.502087 -0.449016
0.510669 -0.449016 0.510669 -0.449016
0.519252 -0.449016 0.519252 -0.449016
0.527835 -0.449016 0.527835 -0.449016
0.536417 -0.449016 0.536417 -0.449016
0.545000 -0.449016 0.545000 -0.449016
-0.545000 -0.435709 -0.545000 -0.435709
-0.536417 -0.435709 -0.536417 -0.435709
-0.527835 -0.435709 -0.527835 -0.435709
-0.519252 -0.435709 -0.519252 -0.435709
-0.510669 -0.435709 -0.510669 -0.435709
-0.502087 -0.435709 -0.502087 -0.435709
-0.493504 -0.435709 -0.493504 -0.435709
-0.484921 -0.435709 -0.484921 -0.435709
-0.476339 -0.435709 -0.476339 -0.435709
-0.467756 -0.435709 -0.467756 -0.435709
-0.459173 -0.435709 -0.459173 -0.435709
-0.450591 -0.435709 -0.450591 -0.435709
-0.442008 -0.435709 -0.442008 -0.435709
-0.433425 -0.435709 -0.433425 -0.435709
-0.424843 -0.435709 -0.424843 -0.435709
-0.416260 -0.435709 -0.416260 -0.435709
-0.407677 -0.435709 -0.407677 -0.435709
-0.399094 -0.435709 -0.399094 -0.435709
-0.390512 -0.435709 -0.390512 -0.435709
-0.381929 -0.435709 -0.381929 -0.435709
-0.373346 -0.435709 -0.373346 -0.435709
-0.364764 -0.435709 -0.364764 -0.435709
-0.356181 -0.435709 -0.356181 -0.435709
-0.347598 -0.435709 -0.347598 -0.435709
-0.339016 -0.435709 -0.339016 -0.435709
-0.330433 -0.435709 -0.330433 -0.435709
-0.321850 -0.435709 -0.321850 -0.435709
-0.313268 -0.435709 -0.313268 -0.435709
-0.304685 -0.435709 -0.304685 -0.435709
-0.296102 -0.435709 -0.296102 -0.435709
-0.287520 -0.435709 -0.287520 -0.435709
-0.278937 -0.435709 -0.278937 -0.435709
-0.270354 -0.435709 -0.270354 -0.435709
-0.261772 -0.435709 -0.261772 -0.435709
-0.253189 -0.435709 -0.253189 -0.435709
-0.244606 -0.435709 -0.244606 -0.435709
-0.236024 -0.435709 -0.236024 -0.435709
-0.227441 -0.435709 -0.227441 -0.435709
-0.218858 -0.435709 -0.109336 0.300387
-0.210276 -0.435709 1.699040 1.391141
-0.201693 -0.435709 1.732730 1.405955
-0.193110 -0.435709 -2.319183 -1.320295
-0.184528 -0.435709 -2.301761 -1.323118
-0.175945 -0.435709 -20.891319 -4.447665
-0.167362 -0.435709 0.950226 0.454550
-0.158780 -0.435709 0.591732 0.288317
-0.150197 -0.435709 0.604792 0.291171
-0.141614 -0.435709 0.349308 0.633050
-0.133031 -0.435709 0.358119 0.633547
-0.124449 -0.435709 0.366930 0.634044
-0.115866 -0.435709 0.375741 0.634541
-0.107283 -0.435709 0.455126 0.788675
-0.098701 -0.435709 0.462871 0.786852
-0.090118 -0.435709 0.470617 0.785030
-0.081535 -0.435709 0.478362 0.783207
-0.072953 -0.435709 0.486108 0.781384
-0.064370 -0.435709 0.493853 0.779562
-0.055787 -0.435709 0.501599 0.777739
-0.047205 -0.435709 0.509344 0.775916
-0.038622 -0.435709 0.057270 0.150308
-0.030039 -0.435709 -0.067416 0.529685
-0.021457 -0.435709 -0.058978 0.531346
-0.012874 -0.435709 -0.050540 0.533007
-0.004291 -0.435709 -0.042103 0.534668
0.004291 -0.435709 0.042103 0.534678
0.012874 -0.435709 0.050541 0.533017
0.021457 -0.435709 0.058978 0.531355
0.030039 -0.435709 0.067420 0.529691
0.038622 -0.435709 -0.057271 0.150305
0.047205 -0.435709 -0.509326 0.775876
0.055787 -0.435709 -0.501580 0.777699
0.064370 -0.435709 -0.493835 0.779521
0.072953 -0.435709 -0.486089 0.781344
0.081535 -0.435709 -0.478344 0.783166
0.090118 -0.435709 -0.470598 0.784989
0.098701 -0.435709 -0.462853 0.786812
0.107283 -0.435709 -0.455107 0.788634
0.115866 -0.435709 -0.375733 0.634524
0.124449 -0.435709 -0.366922 0.634027
0.133031 -0.435709 -0.358124 0.633544
0.141614 -0.435709 -0.349313 0.633047
0.150197 -0.435709 -0.604796 0.291169
0.158780 -0.435709 -0.591739 0.288316
0.167362 -0.435709 -0.950230 0.454546
0.175945 -0.435709 20.892791 -4.447980
0.184528 -0.435709 2.301830 -1.323147
0.193110 -0.435709 2.319257 -1.320313
0.201693 -0.435709 -1.732709 1.405935
0.210276 -0.435709 -1.699040 1.391147
0.218858 -0.435709 0.109338 0.300386
0.227441 -0.435709 0.227441 -0.435709
0.236024 -0.435709 0.236024 -0.435709
0.244606 -0.435709 0.244606 -0.435709
0.253189 -0.435709 0.253189 -0.435709
0.261772 -0.435709 0.261772 -0.435709
0.270354 -0.435709 0.270354 -0.435709
0.278937 -0.435709 0.278937 -0.435709
0.287520 -0.435709 0.287520 -0.435709
0.296102 -0.435709 0.296102 -0.435709
0.304685 -0.435709 0.304685 -0.435709
0.313268 -0.435709 0.313268 -0.435709
0.321850 -0.435709 0.321850 -0.435709
0.330433 -0.435709 0.330433 -0.435709
0.339016 -0.435709 0.339016 -0.435709
0.347598 -0.435709 0.347598 -0.435709
0.356181 -0.435709 0.356181 -0.435709
0.364764 -0.435709 0.364764 -0.435709
0.373346 -0.435709 0.373346 -0.435709
0.381929 -0.435709 0.381929 -0.435709
0.390512 -0.435709 0.390512 -0.435709
0.399094 -0.435709 0.399094 -0.435709
0.407677 -0.435709 0.407677 -0.435709
0.416260 -0.435709 0.416260 -0.435709
0.424843 -0.435709 0.424843 -0.435709
0.433425 -0.435709 0.433425 -0.435709
0.442008 -0.435709 0.442008 -0.435709
0.450591 -0.435709 0.450591 -0.435709
0.459173 -0.435709 0.459173 -0.435709
0.467756 -0.435709 0.467756 -0.435709
0.476339 -0.435709 0.476339 -0.435709
0.484921 -0.435709 0.484921 -0.435709
0.493504 -0.435709 0.493504 -0.435709
0.502087 -0.435709 0.502087 -0.435709
0.510669 -0.435709 0.510669 -0.435709
0.519252 -0.435709 0.519252 -0.435709
0.527835 -0.435709 0.527835 -0.435709
0.536417 -0.435709 0.536417 -0.435709
0.545000 -0.435709 0.545000 -0.435709
-0.545000 -0.422402 -0.545000 -0.422402
-0.536417 -0.422402 -0.536417 -0.422402
-0.527835 -0.422402 -0.527835 -0.422402
-0.519252 -0.422402 -0.519252 -0.422402
-0.510669 -0.422402 -0.510669 -0.422402
-0.502087 -0.422402 -0.502087 -0.422402
-0.493504 -0.422402 -0.493504 -0.422402
-0.484921 -0.422402 -0.484921 -0.422402
-0.476339 -0.422402 -0.476339 -0.422402
-0.467756 -0.422402 -0.467756 -0.422402
-0.459173 -0.422402 -0.459173 -0.422402
-0.450591 -0.422402 -0.450591 -0.422402
-0.442008 -0.422402 -0.442008 -0.422402
-0.433425 -0.422402 -0.433425 -0.422402
-0.424843 -0.422402 -0.424843 -0.422402
-0.416260 -0.422402 -0.416260 -0.422402
-0.407677 -0.422402 -0.407677 -0.422402
-0.399094 -0.422402 -0.399094 -0.422402
-0.390512 -0.422402 -0.390512 -0.422402
-0.381929 -0.422402 -0.381929 -0.422402
-0.373346 -0.422402 -0.373346 -0.422402
-0.364764 -0.422402 -0.364764 -0.422402
-0.356181 -0.422402 -0.356181 -0.422402
-0.347598 -0.422402 -0.347598 -0.422402
-0.339016 -0.422402 -0.339016 -0.422402
-0.330433 -0.422402 -0.330433 -0.422402
-0.321850 -0.422402 -0.321850 -0.422402
-0.313268 -0.422402 -0.313268 -0.422402
-0.304685 -0.422402 -0.304685 -0.422402
-0.296102 -0.422402 -0.296102 -0.422402
-0.287520 -0.422402 -0.287520 -0.422402
-0.278937 -0.422402 -0.278937 -0.422402
-0.270354 -0.422402 -0.270354 -0.422402
-0.261772 -0.422402 -0.261772 -0.422402
-0.253189 -0.422402 -0.253189 -0.422402
-0.244606 -0.422402 -0.244606 -0.422402
-0.236024 -0.422402 -0.236024 -0.422402
-0.227441 -0.422402 -0.105965 0.315636
-0.218858 -0.422402 1.684102 1.397687
-0.210276 -0.422402 1.717792 1.412501
-0.201693 -0.422402 -18.439340 -10.641783
-0.193110 -0.422402 -18.365356 -10.615397
-0.184528 -0.422402 0.928238 0.465014
-0.175945 -0.422402 0.939918 0.466267
-0.167362 -0.422402 0.951597 0.467520
-0.158780 -0.422402 0.595097 0.302608
-0.150197 -0.422402 0.608157 0.305461
-0.141614 -0.422402 0.350079 0.648035
-0.133031 -0.422402 0.429045 0.801267
-0.124449 -0.422402 0.436790 0.799444
-0.115866 -0.422402 0.444555 0.797653
-0.107283 -0.422402 0.452300 0.795830
-0.098701 -0.422402 0.460045 0.794007
-0.090118 -0.422402 0.467791 0.792184
-0.081535 -0.422402 0.475536 0.790362
-0.072953 -0.422402 0.204256 0.181094
-0.064370 -0.422402 0.212852 0.181122
-0.055787 -0.422402 0.221447 0.181150
-0.047205 -0.422402 0.230043 0.181178
-0.038622 -0.422402 0.058008 0.163844
-0.030039 -0.422402 0.066734 0.164505
-0.021457 -0.422402 0.075459 0.165166
-0.012874 -0.422402 0.084185 0.165827
-0.004291 -0.422402 0.092911 0.166488
0.004291 -0.422402 -0.092914 0.166488
0.012874 -0.422402 -0.084188 0.165827
0.021457 -0.422402 -0.075462 0.165166
0.030039 -0.422402 -0.066736 0.164505
0.038622 -0.422402 -0.058008 0.163842
0.047205 -0.422402 -0.230042 0.181175
0.055787 -0.422402 -0.221446 0.181147
0.064370 -0.422402 -0.212850 0.181119
0.072953 -0.422402 -0.204255 0.181091
0.081535 -0.422402 -0.475518 0.790322
0.090118 -0.422402 -0.467772 0.792144
0.098701 -0.422402 -0.460027 0.793967
0.107283 -0.422402 -0.452281 0.795789
0.115866 -0.422402 -0.444536 0.797612
0.124449 -0.422402 -0.436790 0.799435
0.133031 -0.422402 -0.429045 0.801257
0.141614 -0.422402 -0.350083 0.648032
0.150197 -0.422402 -0.608161 0.305459
0.158780 -0.422402 -0.595103 0.302606
0.167362 -0.422402 -0.951602 0.467516
0.175945 -0.422402 -0.939923 0.466263
0.184528 -0.422402 -0.928243 0.465010
0.193110 -0.422402 18.368042 -10.616905
0.201693 -0.422402 18.441340 -10.642903
0.210276 -0.422402 -1.717771 1.412481
0.218858 -0.422402 -1.684114 1.397702
0.227441 -0.422402 0.105967 0.315636
0.236024 -0.422402 0.236024 -0.422402
0.244606 -0.422402 0.244606 -0.422402
0.253189 -0.422402 0.253189 -0.422402
0.261772 -0.422402 0.261772 -0.422402
0.270354 -0.422402 0.270354 -0.422402
0.278937 -0.422402 0.278937 -0.422402
0.287520 -0.422402 0.287520 -0.422402
0.296102 -0.422402 0.296102 -0.422402
0.304685 -0.422402 0.304685 -0.422402
0.313268 -0.422402 0.313268 -0.422402
0.321850 -0.422402 0.321850 -0.422402
0.330433 -0.422402 0.330433 -0.422402
0.339016 -0.422402 0.339016 -0.422402
0.347598 -0.422402 0.347598 -0.422402
0.356181 -0.422402 0.356181 -0.422402
0.364764 -0.422402 0.364764 -0.422402
0.373346 -0.422402 0.373346 -0.422402
0.381929 -0.422402 0.381929 -0.422402
0.390512 -0.422402 0.390512 -0.422402
0.399094 -0.422402 0.399094 -0.422402
0.407677 -0.422402 0.407677 -0.422402
0.416260 -0.422402 0.416260 -0.422402
0.424843 -0.422402 0.424843 -0.422402
0.433425 -0.422402 0.433425 -0.422402
0.442008 -0.422402 0.442008 -0.422402
0.450591 -0.422402 0.450591 -0.422402
0.459173 -0.422402 0.459173 -0.422402
0.467756 -0.422402 0.467756 -0.422402
0.476339 -0.422402 0.476339 -0.422402
0.484921 -0.422402 0.484921 -0.422402
0.493504 -0.422402 0.493504 -0.422402
0.502087 -0.422402 0.502087 -0.422402
0.510669 -0.422402 0.510669 -0.422402
0.519252 -0.422402 0.519252 -0.422402
0.527835 -0.422402 0.527835 -0.422402
0.536417 -0.422402 0.536417 -0.422402
0.545000 -0.422402 0.545000 -0.422402
-0.545000 -0.409094 -0.545000 -0.409094
-0.536417 -0.409094 -0.536417 -0.409094
-0.527835 -0.409094 -0.527835 -0.409094
-0.519252 -0.409094 -0.519252 -0.409094
-0.510669 -0.409094 -0.510669 -0.409094
-0.502087 -0.409094 -0.502087 -0.409094
-0.493504 -0.409094 -0.493504 -0.409094
-0.484921 -0.409094 -0.484921 -0.409094
-0.476339 -0.409094 -0.476339 -0.409094
-0.467756 -0.409094 -0.467756 -0.409094
-0.459173 -0.409094 -0.459173 -0.409094
-0.450591 -0.409094 -0.450591 -0.409094
-0.442008 -0.409094 -0.442008 -0.409094
-0.433425 -0.409094 -0.433425 -0.409094
-0.424843 -0.409094 -0.424843 -0.409094
-0.416260 -0.409094 -0.416260 -0.409094
-0.407677 -0.409094 -0.407677 -0.409094
-0.399094 -0.409094 -0.399094 -0.409094
-0.390512 -0.409094 -0.390512 -0.409094
-0.381929 -0.409094 -0.381929 -0.409094
-0.373346 -0.409094 -0.373346 -0.409094
-0.364764 -0.409094 -0.364764 -0.409094
-0.356181 -0.409094 -0.356181 -0.409094
-0.347598 -0.409094 -0.347598 -0.409094
-0.339016 -0.409094 -0.339016 -0.409094
-0.330433 -0.409094 -0.330433 -0.409094
-0.321850 -0.409094 -0.321850 -0.409094
-0.313268 -0.409094 -0.313268 -0.409094
-0.304685 -0.409094 -0.304685 -0.409094
-0.296102 -0.409094 -0.296102 -0.409094
-0.287520 -0.409094 -0.287520 -0.409094
-0.278937 -0.409094 -0.278937 -0.409094
-0.270354 -0.409094 -0.270354 -0.409094
-0.261772 -0.409094 -0.261772 -0.409094
-0.253189 -0.409094 -0.253189 -0.409094
-0.244606 -0.409094 -0.244606 -0.409094
-0.236024 -0.409094 -0.118283 0.300094
-0.227441 -0.409094 1.003353 -1.236855
-0.218858 -0.409094 1.702854 1.419046
-0.210276 -0.409094 -8.378173 -1.315083
-0.201693 -0.409094 0.906251 0.475477
-0.193110 -0.409094 0.917931 0.476731
-0.184528 -0.409094 0.929610 0.477984
-0.175945 -0.409094 0.941290 0.479237
-0.167362 -0.409094 0.952963 0.480486
-0.158780 -0.409094 0.598462 0.316898
-0.150197 -0.409094 0.611514 0.319740
-0.141614 -0.409094 1.019466 0.997475
-0.133031 -0.409094 0.426217 0.808412
-0.124449 -0.409094 0.433982 0.806620
-0.115866 -0.409094 0.441729 0.804807
-0.107283 -0.409094 0.449474 0.802985
-0.098701 -0.409094 0.178513 0.194411
-0.090118 -0.409094 0.187109 0.194439
-0.081535 -0.409094 0.195704 0.194467
-0.072953 -0.409094 0.204300 0.194496
-0.064370 -0.409094 0.212895 0.194524
-0.055787 -0.409094 0.221491 0.194552
-0.047205 -0.409094 0.230085 0.194579
-0.038622 -0.409094 0.058745 0.177381
-0.030039 -0.409094 0.067471 0.178041
-0.021457 -0.409094 0.076197 0.178702
-0.012874 -0.409094 0.084923 0.179363
-0.004291 -0.409094 0.093649 0.180024
0.004291 -0.409094 -0.093651 0.180025
0.012874 -0.409094 -0.084925 0.179364
0.021457 -0.409094 -0.076199 0.178703
0.030039 -0.409094 -0.067474 0.178042
0.038622 -0.409094 -0.058749 0.177380
0.047205 -0.409094 -0.230085 0.194577
0.055787 -0.409094 -0.221489 0.194549
0.064370 -0.409094 -0.212894 0.194521
0.072953 -0.409094 -0.204298 0.194493
0.081535 -0.409094 -0.195703 0.194464
0.090118 -0.409094 -0.187107 0.194436
0.098701 -0.409094 -0.178512 0.194408
0.107283 -0.409094 -0.449456 0.802945
0.115866 -0.409094 -0.441710 0.804767
0.124449 -0.409094 -0.433965 0.806590
0.133031 -0.409094 -0.426219 0.808412
0.141614 -0.409094 -1.019349 0.997312
0.150197 -0.409094 -0.611525 0.319750
0.158780 -0.409094 -0.598468 0.316897
0.167362 -0.409094 -0.952974 0.480487
0.175945 -0.409094 -0.941294 0.479233
0.184528 -0.409094 -0.929615 0.477980
0.193110 -0.409094 -0.917911 0.476715
0.201693 -0.409094 -0.906232 0.475462
0.210276 -0.409094 8.377921 -1.315079
0.218858 -0.409094 -1.702833 1.419027
0.227441 -0.409094 -1.003299 -1.236811
0.236024 -0.409094 0.118283 0.300095
0.244606 -0.409094 0.244606 -0.409094
0.253189 -0.409094 0.253189 -0.409094
0.261772 -0.409094 0.261772 -0.409094
0.270354 -0.409094 0.270354 -0.409094
0.278937 -0.409094 0.278937 -0.409094
0.287520 -0.409094 0.287520 -0.409094
0.296102 -0.409094 0.296102 -0.409094
0.304685 -0.409094 0.304685 -0.409094
0.313268 -0.409094 0.313268 -0.409094
0.321850 -0.409094 0.321850 -0.409094
0.330433 -0.409094 0.330433 -0.409094
0.339016 -0.409094 0.339016 -0.409094
0.347598 -0.409094 0.347598 -0.409094
0.356181 -0.409094 0.356181 -0.409094
0.364764 -0.409094 0.364764 -0.409094
0.373346 -0.409094 0.373346 -0.409094
0.381929 -0.409094 0.381929 -0.409094
0.390512 -0.409094 0.390512 -0.409094
0.399094 -0.409094 0.399094 -0.409094
0.407677 -0.409094 0.407677 -0.409094
0.416260 -0.409094 0.416260 -0.409094
0.424843 -0.409094 0.424843 -0.409094
0.433425 -0.409094 0.433425 -0.409094
0.442008 -0.409094 0.442008 -0.409094
0.450591 -0.409094 0.450591 -0.409094
0.459173 -0.409094 0.459173 -0.409094
0.467756 -0.409094 0.467756 -0.409094
0.476339 -0.409094 0.476339 -0.409094
0.484921 -0.409094 0.484921 -0.409094
0.493504 -0.409094 0.493504 -0.409094
0.502087 -0.409094 0.502087 -0.409094
0.510669 -0.409094 0.510669 -0.409094
0.519252 -0.409094 0.519252 -0.409094
0.527835 -0.409094 0.527835 -0.409094
0.536417 -0.409094 0.536417 -0.409094
0.545000 -0.409094 0.545000 -0.409094
-0.545000 -0.395787 -0.545000 -0.395787
-0.536417 -0.395787 -0.536417 -0.395787
-0.527835 -0.395787 -0.527835 -0.395787
-0.519252 -0.395787 -0.519252 -0.395787
-0.510669 -0.395787 -0.510669 -0.395787
-0.502087 -0.395787 -0.502087 -0.395787
-0.493504 -0.395787 -0.493504 -0.395787
-0.484921 -0.395787 -0.484921 -0.395787
-0.476339 -0.395787 -0.476339 -0.395787
-0.467756 -0.395787 -0.467756 -0.395787
-0.459173 -0.395787 -0.459173 -0.395787
-0.450591 -0.395787 -0.450591 -0.395787
-0.442008 -0.395787 -0.442008 -0.395787
-0.433425 -0.395787 -0.433425 -0.395787
-0.424843 -0.395787 -0.424843 -0.395787
-0.416260 -0.395787 -0.416260 -0.395787
-0.407677 -0.395787 -0.407677 -0.395787
-0.399094 -0.395787 -0.399094 -0.395787
-0.390512 -0.395787 -0.390512 -0.395787
-0.381929 -0.395787 -0.381929 -0.395787
-0.373346 -0.395787 -0.373346 -0.395787
-0.364764 -0.395787 -0.364764 -0.395787
-0.356181 -0.395787 -0.356181 -0.395787
-0.347598 -0.395787 -0.347598 -0.395787
-0.339016 -0.395787 -0.339016 -0.395787
-0.330433 -0.395787 -0.330433 -0.395787
-0.321850 -0.395787 -0.321850 -0.395787
-0.313268 -0.395787 -0.313268 -0.395787
-0.304685 -0.395787 -0.304685 -0.395787
-0.296102 -0.395787 -0.296102 -0.395787
-0.287520 -0.395787 -0.287520 -0.395787
-0.278937 -0.395787 -0.278937 -0.395787
-0.270354 -0.395787 -0.270354 -0.395787
-0.261772 -0.395787 -0.261772 -0.395787
-0.253189 -0.395787 -0.253189 -0.395787
-0.244606 -0.395787 0.244540 -2.570908
-0.236024 -0.395787 2.612114 -2.172674
-0.227441 -0.395787 1.687915 1.425592
-0.218858 -0.395787 0.884264 0.485941
-0.210276 -0.395787 0.895944 0.487194
-0.201693 -0.395787 0.907623 0.488447
-0.193110 -0.395787 0.919302 0.489701
-0.184528 -0.395787 0.930982 0.490954
-0.175945 -0.395787 0.942655 0.492203
-0.167362 -0.395787 0.588759 0.328324
-0.158780 -0.395787 0.601819 0.331177
-0.150197 -0.395787 1.006700 1.004682
-0.141614 -0.395787 1.014250 1.001983
-0.133031 -0.395787 0.423410 0.815597
-0.124449 -0.395787 0.152771 0.207726
-0.115866 -0.395787 0.161367 0.207754
-0.107283 -0.395787 0.169962 0.207782
-0.098701 -0.395787 0.178558 0.207810
-0.090118 -0.395787 0.187152 0.207841
-0.081535 -0.395787 0.195748 0.207869
-0.072953 -0.395787 0.204343 0.207897
-0.064370 -0.395787 0.212939 0.207925
-0.055787 -0.395787 0.221534 0.207954
-0.047205 -0.395787 0.230128 0.207981
-0.038622 -0.395787 0.059483 0.190917
-0.030039 -0.395787 0.068209 0.191578
-0.021457 -0.395787 0.076935 0.192239
-0.012874 -0.395787 0.085661 0.192900
-0.004291 -0.395787 0.094386 0.193561
0.004291 -0.395787 -0.094389 0.193561
0.012874 -0.395787 -0.085663 0.192900
0.021457 -0.395787 -0.076937 0.192239
0.030039 -0.395787 -0.068213 0.191578
0.038622 -0.395787 -0.059487 0.190917
0.047205 -0.395787 -0.230132 0.207981
0.055787 -0.395787 -0.221533 0.207950
0.064370 -0.395787 -0.212937 0.207922
0.072953 -0.395787 -0.204342 0.207894
0.081535 -0.395787 -0.195746 0.207866
0.090118 -0.395787 -0.187151 0.207838
0.098701 -0.395787 -0.178555 0.207810
0.107283 -0.395787 -0.169960 0.207782
0.115866 -0.395787 -0.161364 0.207754
0.124449 -0.395787 -0.152768 0.207726
0.133031 -0.395787 -0.423393 0.815567
0.141614 -0.395787 -1.014134 1.001822
0.150197 -0.395787 -1.006676 1.004637
0.158780 -0.395787 -0.601830 0.331187
0.167362 -0.395787 -0.588773 0.328334
0.175945 -0.395787 -0.942666 0.492203
0.184528 -0.395787 -0.930986 0.490950
0.193110 -0.395787 -0.919307 0.489697
0.201693 -0.395787 -0.907604 0.488432
0.210276 -0.395787 -0.895924 0.487179
0.218858 -0.395787 -0.884245 0.485926
0.227441 -0.395787 -1.687907 1.425582
0.236024 -0.395787 -2.612291 -2.172763
0.244606 -0.395787 -0.244535 -2.570903
0.253189 -0.395787 0.253189 -0.395787
0.261772 -0.395787 0.261772 -0.395787
0.270354 -0.395787 0.270354 -0.395787
0.278937 -0.395787 0.278937 -0.395787
0.287520 -0.395787 0.287520 -0.395787
0.296102 -0.395787 0.296102 -0.395787
0.304685 -0.395787 0.304685 -0.395787
0.313268 -0.395787 0.313268 -0.395787
0.321850 -0.395787 0.321850 -0.395787
0.330433 -0.395787 0.330433 -0.395787
0.339016 -0.395787 0.339016 -0.395787
0.347598 -0.395787 0.347598 -0.395787
0.356181 -0.395787 0.356181 -0.395787
0.364764 -0.395787 0.364764 -0.395787
0.373346 -0.395787 0.373346 -0.395787
0.381929 -0.395787 0.381929 -0.395787
0.390512 -0.395787 0.390512 -0.395787
0.399094 -0.395787 0.399094 -0.395787
0.407677 -0.395787 0.407677 -0.395787
0.416260 -0.395787 0.416260 -0.395787
0.424843 -0.395787 0.424843 -0.395787
0.433425 -0.395787 0.433425 -0.395787
0.442008 -0.395787 0.442008 -0.395787
0.450591 -0.395787 0.450591 -0.395787
0.459173 -0.395787 0.459173 -0.395787
0.467756 -0.395787 0.467756 -0.395787
0.476339 -0.395787 0.476339 -0.395787
0.484921 -0.395787 0.484921 -0.395787
0.493504 -0.395787 0.493504 -0.395787
0.502087 -0.395787 0.502087 -0.395787
0.510669 -0.395787 0.510669 -0.395787
0.519252 -0.395787 0.519252 -0.395787
0.527835 -0.395787 0.527835 -0.395787
0.536417 -0.395787 0.536417 -0.395787
0.545000 -0.395787 0.545000 -0.395787
-0.545000 -0.382480 -0.545000 -0.382480
-0.536417 -0.382480 -0.536417 -0.382480
-0.527835 -0.382480 -0.527835 -0.382480
-0.519252 -0.382480 -0.519252 -0.382480
-0.510669 -0.382480 -0.510669 -0.382480
-0.502087 -0.382480 -0.502087 -0.382480
-0.493504 -0.382480 -0.493504 -0.382480
-0.484921 -0.382480 -0.484921 -0.382480
-0.476339 -0.382480 -0.476339 -0.382480
-0.467756 -0.382480 -0.467756 -0.382480
-0.459173 -0.382480 -0.459173 -0.382480
-0.450591 -0.382480 -0.450591 -0.382480
-0.442008 -0.382480 -0.442008 -0.382480
-0.433425 -0.382480 -0.433425 -0.382480
-0.424843 -0.382480 -0.424843 -0.382480
-0.416260 -0.382480 -0.416260 -0.382480
-0.407677 -0.382480 -0.407677 -0.382480
-0.399094 -0.382480 -0.399094 -0.382480
-0.390512 -0.382480 -0.390512 -0.382480
-0.381929 -0.382480 -0.381929 -0.382480
-0.373346 -0.382480 -0.373346 -0.382480
-0.364764 -0.382480 -0.364764 -0.382480
-0.356181 -0.382480 -0.356181 -0.382480
-0.347598 -0.382480 -0.347598 -0.382480
-0.339016 -0.382480 -0.339016 -0.382480
-0.330433 -0.382480 -0.330433 -0.382480
-0.321850 -0.382480 -0.321850 -0.382480
-0.313268 -0.382480 -0.313268 -0.382480
-0.304685 -0.382480 -0.304685 -0.382480
-0.296102 -0.382480 -0.296102 -0.382480
-0.287520 -0.382480 -0.287520 -0.382480
-0.278937 -0.382480 -0.278937 -0.382480
-0.270354 -0.382480 -0.270354 -0.382480
-0.261772 -0.382480 -0.261772 -0.382480
-0.253189 -0.382480 0.450854 -2.013595
-0.244606 -0.382480 2.597928 -2.182098
-0.236024 -0.382480 1.672977 1.432138
-0.227441 -0.382480 0.873956 0.497658
-0.218858 -0.382480 0.885636 0.498911
-0.210276 -0.382480 0.897315 0.500164
-0.201693 -0.382480 0.908995 0.501418
-0.193110 -0.382480 0.920674 0.502671
-0.184528 -0.382480 0.932348 0.503920
-0.175945 -0.382480 0.944012 0.505155
-0.167362 -0.382480 0.592124 0.342614
-0.158780 -0.382480 0.436185 0.119155
-0.150197 -0.382480 0.445725 0.119500
-0.141614 -0.382480 0.455265 0.119844
-0.133031 -0.382480 0.464805 0.120189
-0.124449 -0.382480 0.152815 0.221128
-0.115866 -0.382480 0.161410 0.221156
-0.107283 -0.382480 0.170006 0.221184
-0.098701 -0.382480 0.178601 0.221212
-0.090118 -0.382480 0.187197 0.221240
-0.081535 -0.382480 0.195792 0.221268
-0.072953 -0.382480 0.204388 0.221296
-0.064370 -0.382480 0.212984 0.221324
-0.055787 -0.382480 0.221576 0.221354
-0.047205 -0.382480 0.230172 0.221383
-0.038622 -0.382480 0.060220 0.204454
-0.030039 -0.382480 0.068946 0.205114
-0.021457 -0.382480 0.077672 0.205775
-0.012874 -0.382480 0.086398 0.206436
-0.004291 -0.382480 0.095124 0.207097
0.004291 -0.382480 -0.095127 0.207097
0.012874 -0.382480 -0.086401 0.206437
0.021457 -0.382480 -0.077675 0.205776
0.030039 -0.382480 -0.068950 0.205114
0.038622 -0.382480 -0.060224 0.204453
0.047205 -0.382480 -0.230176 0.221383
0.055787 -0.382480 -0.221580 0.221355
0.064370 -0.382480 -0.212981 0.221324
0.072953 -0.382480 -0.204385 0.221296
0.081535 -0.382480 -0.195790 0.221268
0.090118 -0.382480 -0.187194 0.221240
0.098701 -0.382480 -0.178599 0.221212
0.107283 -0.382480 -0.170003 0.221184
0.115866 -0.382480 -0.161408 0.221156
0.124449 -0.382480 -0.152812 0.221128
0.133031 -0.382480 -0.464799 0.120190
0.141614 -0.382480 -0.455259 0.119845
0.150197 -0.382480 -0.445731 0.119503
0.158780 -0.382480 -0.436191 0.119158
0.167362 -0.382480 -0.592137 0.342624
0.175945 -0.382480 -0.944038 0.505174
0.184528 -0.382480 -0.932358 0.503920
0.193110 -0.382480 -0.920679 0.502667
0.201693 -0.382480 -0.908975 0.501402
0.210276 -0.382480 -0.897296 0.500149
0.218858 -0.382480 -0.885617 0.498896
0.227441 -0.382480 -0.873937 0.497643
0.236024 -0.382480 -1.672969 1.432127
0.244606 -0.382480 -2.598012 -2.182124
0.253189 -0.382480 -0.450847 -2.013595
0.261772 -0.382480 0.261772 -0.382480
0.270354 -0.382480 0.270354 -0.382480
0.278937 -0.382480 0.278937 -0.382480
0.287520 -0.382480 0.287520 -0.382480
0.296102 -0.382480 0.296102 -0.382480
0.304685 -0.382480 0.304685 -0.382480
0.313268 -0.382480 0.313268 -0.382480
0.321850 -0.382480 0.321850 -0.382480
0.330433 -0.382480 0.330433 -0.382480
0.339016 -0.382480 0.339016 -0.382480
0.347598 -0.382480 0.347598 -0.382480
0.356181 -0.382480 0.356181 -0.382480
0.364764 -0.382480 0.364764 -0.382480
0.373346 -0.382480 0.373346 -0.382480
0.381929 -0.382480 0.381929 -0.382480
0.390512 -0.382480 0.390512 -0.382480
0.399094 -0.382480 0.399094 -0.382480
0.407677 -0.382480 0.407677 -0.382480
0.416260 -0.382480 0.416260 -0.382480
0.424843 -0.382480 0.424843 -0.382480
0.433425 -0.382480 0.433425 -0.382480
0.442008 -0.382480 0.442008 -0.382480
0.450591 -0.382480 0.450591 -0.382480
0.459173 -0.382480 0.459173 -0.382480
0.467756 -0.382480 0.467756 -0.382480
0.476339 -0.382480 0.476339 -0.382480
0.484921 -0.382480 0.484921 -0.382480
0.493504 -0.382480 0.493504 -0.382480
0.502087 -0.382480 0.502087 -0.382480
0.510669 -0.382480 0.510669 -0.382480
0.519252 -0.382480 0.519252 -0.382480
0.527835 -0.382480 0.527835 -0.382480
0.536417 -0.382480 0.536417 -0.382480
0.545000 -0.382480 0.545000 -0.382480
-0.545000 -0.369173 -0.545000 -0.369173
-0.536417 -0.369173 -0.536417 -0.369173
-0.527835 -0.369173 -0.527835 -0.369173
-0.519252 -0.369173 -0.519252 -0.369173
-0.510669 -0.369173 -0.510669 -0.369173
-0.502087 -0.369173 -0.502087 -0.369173
-0.493504 -0.369173 -0.493504 -0.369173
-0.484921 -0.369173 -0.484921 -0.369173
-0.476339 -0.369173 -0.476339 -0.369173
-0.467756 -0.369173 -0.467756 -0.369173
-0.459173 -0.369173 -0.459173 -0.369173
-0.450591 -0.369173 -0.450591 -0.369173
-0.442008 -0.369173 -0.442008 -0.369173
-0.433425 -0.369173 -0.433425 -0.369173
-0.424843 -0.369173 -0.424843 -0.369173
-0.416260 -0.369173 -0.416260 -0.369173
-0.407677 -0.369173 -0.407677 -0.369173
-0.399094 -0.369173 -0.399094 -0.369173
-0.390512 -0.369173 -0.390512 -0.369173
-0.381929 -0.369173 -0.381929 -0.369173
-0.373346 -0.369173 -0.373346 -0.369173
-0.364764 -0.369173 -0.364764 -0.369173
-0.356181 -0.369173 -0.356181 -0.369173
-0.347598 -0.369173 -0.347598 -0.369173
-0.339016 -0.369173 -0.339016 -0.369173
-0.330433 -0.369173 -0.330433 -0.369173
-0.321850 -0.369173 -0.321850 -0.369173
-0.313268 -0.369173 -0.313268 -0.369173
-0.304685 -0.369173 -0.304685 -0.369173
-0.296102 -0.369173 -0.296102 -0.369173
-0.287520 -0.369173 -0.287520 -0.369173
-0.278937 -0.369173 -0.278937 -0.369173
-0.270354 -0.369173 -0.270354 -0.369173
-0.261772 -0.369173 0.464955 -2.030058
-0.253189 -0.369173 -7.873101 4.498815
-0.244606 -0.369173 1.658039 1.438684
-0.236024 -0.369173 0.863649 0.509375
-0.227441 -0.369173 0.875328 0.510628
-0.218858 -0.369173 0.887007 0.511881
-0.210276 -0.369173 0.898687 0.513135
-0.201693 -0.369173 0.910366 0.514388
-0.193110 -0.369173 0.922031 0.515623
-0.184528 -0.369173 0.933704 0.516872
-0.175945 -0.369173 0.582429 0.354052
-0.167362 -0.369173 0.426893 0.131675
-0.158780 -0.369173 0.436432 0.132020
-0.150197 -0.369173 0.445972 0.132365
-0.141614 -0.369173 0.455512 0.132709
-0.133031 -0.369173 0.465052 0.133054
-0.124449 -0.369173 0.474591 0.133399
-0.115866 -0.369173 0.161454 0.234558
-0.107283 -0.369173 0.170049 0.234586
-0.098701 -0.369173 0.178645 0.234614
-0.090118 -0.369173 0.187240 0.234642
-0.081535 -0.369173 0.195836 0.234670
-0.072953 -0.369173 0.204432 0.234698
-0.064370 -0.369173 0.213025 0.234725
-0.055787 -0.369173 0.221621 0.234753
-0.047205 -0.369173 0.230217 0.234781
-0.038622 -0.369173 0.060960 0.217987
-0.030039 -0.369173 0.069684 0.218651
-0.021457 -0.369173 0.078410 0.219312
-0.012874 -0.369173 0.087136 0.219973
-0.004291 -0.369173 0.095862 0.220634
0.004291 -0.369173 -0.095864 0.220634
0.012874 -0.369173 -0.087138 0.219973
0.021457 -0.369173 -0.078412 0.219312
0.030039 -0.369173 -0.069688 0.218651
0.038622 -0.369173 -0.060962 0.217990
0.047205 -0.369173 -0.230219 0.234785
0.055787 -0.369173 -0.221624 0.234757
0.064370 -0.369173 -0.213028 0.234729
0.072953 -0.369173 -0.204429 0.234698
0.081535 -0.369173 -0.195833 0.234670
0.090118 -0.369173 -0.187238 0.234642
0.098701 -0.369173 -0.178642 0.234614
0.107283 -0.369173 -0.170047 0.234586
0.115866 -0.369173 -0.161451 0.234558
0.124449 -0.369173 -0.474586 0.133400
0.133031 -0.369173 -0.465046 0.133055
0.141614 -0.369173 -0.455506 0.132710
0.150197 -0.369173 -0.445978 0.132368
0.158780 -0.369173 -0.436438 0.132023
0.167362 -0.369173 -0.426898 0.131679
0.175945 -0.369173 -0.582442 0.354061
0.184528 -0.369173 -0.933730 0.516891
0.193110 -0.369173 -0.922050 0.515637
0.201693 -0.369173 -0.910371 0.514384
0.210276 -0.369173 -0.898668 0.513119
0.218858 -0.369173 -0.886988 0.511866
0.227441 -0.369173 -0.875309 0.510613
0.236024 -0.369173 -0.863627 0.509360
0.244606 -0.369173 -1.658031 1.438673
0.253189 -0.369173 7.873490 4.498959
0.261772 -0.369173 -0.464961 -2.030065
0.270354 -0.369173 0.270354 -0.369173
0.278937 -0.369173 0.278937 -0.369173
0.287520 -0.369173 0.287520 -0.369173
0.296102 -0.369173 0.296102 -0.369173
0.304685 -0.369173 0.304685 -0.369173
0.313268 -0.369173 0.313268 -0.369173
0.321850 -0.369173 0.321850 -0.369173
0.330433 -0.369173 0.330433 -0.369173
0.339016 -0.369173 0.339016 -0.369173
0.347598 -0.369173 0.347598 -0.369173
0.356181 -0.369173 0.356181 -0.369173
0.364764 -0.369173 0.364764 -0.369173
0.373346 -0.369173 0.373346 -0.369173
0.381929 -0.369173 0.381929 -0.369173
0.390512 -0.369173 0.390512 -0.369173
0.399094 -0.369173 0.399094 -0.369173
0.407677 -0.369173 0.407677 -0.369173
0.416260 -0.369173 0.416260 -0.369173
0.424843 -0.369173 0.424843 -0.369173
0.433425 -0.369173 0.433425 -0.369173
0.442008 -0.369173 0.442008 -0.369173
0.450591 -0.369173 0.450591 -0.369173
0.459173 -0.369173 0.459173 -0.369173
0.467756 -0.369173 0.467756 -0.369173
0.476339 -0.369173 0.476339 -0.369173
0.484921 -0.369173 0.484921 -0.369173
0.493504 -0.369173 0.493504 -0.369173
0.502087 -0.369173 0.502087 -0.369173
0.510669 -0.369173 0.510669 -0.369173
0.519252 -0.369173 0.519252 -0.369173
0.527835 -0.369173 0.527835 -0.369173
0.536417 -0.369173 0.536417 -0.369173
0.545000 -0.369173 0.545000 -0.369173
-0.545000 -0.355866 -0.545000 -0.355866
-0.536417 -0.355866 -0.536417 -0.355866
-0.527835 -0.355866 -0.527835 -0.355866
-0.519252 -0.355866 -0.519252 -0.355866
-0.510669 -0.355866 -0.510669 -0.355866
-0.502087 -0.355866 -0.502087 -0.355866
-0.493504 -0.355866 -0.493504 -0.355866
-0.484921 -0.355866 -0.484921 -0.355866
-0.476339 -0.355866 -0.476339 -0.355866
-0.467756 -0.355866 -0.467756 -0.355866
-0.459173 -0.355866 -0.459173 -0.355866
-0.450591 -0.355866 -0.450591 -0.355866
-0.442008 -0.355866 -0.442008 -0.355866
-0.433425 -0.355866 -0.433425 -0.355866
-0.424843 -0.355866 -0.424843 -0.355866
-0.416260 -0.355866 -0.416260 -0.355866
-0.407677 -0.355866 -0.407677 -0.355866
-0.399094 -0.355866 -0.399094 -0.355866
-0.390512 -0.355866 -0.390512 -0.355866
-0.381929 -0.355866 -0.381929 -0.355866
-0.373346 -0.355866 -0.373346 -0.355866
-0.364764 -0.355866 -0.364764 -0.355866
-0.356181 -0.355866 -0.356181 -0.355866
-0.347598 -0.355866 -0.347598 -0.355866
-0.339016 -0.355866 -0.339016 -0.355866
-0.330433 -0.355866 -0.330433 -0.355866
-0.321850 -0.355866 -0.321850 -0.355866
-0.313268 -0.355866 -0.313268 -0.355866
-0.304685 -0.355866 -0.304685 -0.355866
-0.296102 -0.355866 -0.296102 -0.355866
-0.287520 -0.355866 -0.287520 -0.355866
-0.278937 -0.355866 -0.278937 -0.355866
-0.270354 -0.355866 -0.071900 0.369555
-0.261772 -0.355866 -2.101360 -0.548178
-0.253189 -0.355866 1.643101 1.445230
-0.244606 -0.355866 -0.002238 0.407925
-0.236024 -0.355866 0.865020 0.522345
-0.227441 -0.355866 0.876700 0.523598
-0.218858 -0.355866 0.888379 0.524851
-0.210276 -0.355866 0.900044 0.526087
-0.201693 -0.355866 0.911723 0.527340
-0.193110 -0.355866 0.923397 0.528589
-0.184528 -0.355866 0.935076 0.529842
-0.175945 -0.355866 0.417600 0.144195
-0.167362 -0.355866 0.427140 0.144540
-0.158780 -0.355866 0.436679 0.144885
-0.150197 -0.355866 0.446219 0.145229
-0.141614 -0.355866 0.455759 0.145574
-0.133031 -0.355866 0.465299 0.145919
-0.124449 -0.355866 0.474836 0.146263
-0.115866 -0.355866 0.161497 0.247959
-0.107283 -0.355866 0.170093 0.247987
-0.098701 -0.355866 0.178688 0.248016
-0.090118 -0.355866 0.187284 0.248044
-0.081535 -0.355866 0.195880 0.248072
-0.072953 -0.355866 0.204475 0.248100
-0.064370 -0.355866 0.213069 0.248127
-0.055787 -0.355866 0.221664 0.248155
-0.047205 -0.355866 0.230260 0.248183
-0.038622 -0.355866 0.061697 0.231523
-0.030039 -0.355866 0.070423 0.232184
-0.021457 -0.355866 0.079149 0.232845
-0.012874 -0.355866 0.087875 0.233506
-0.004291 -0.355866 0.096599 0.234170
0.004291 -0.355866 -0.096602 0.234170
0.012874 -0.355866 -0.087876 0.233510
0.021457 -0.355866 -0.079151 0.232848
0.030039 -0.355866 -0.070426 0.232187
0.038622 -0.355866 -0.061700 0.231526
0.047205 -0.355866 -0.230263 0.248187
0.055787 -0.355866 -0.221667 0.248158
0.064370 -0.355866 -0.213072 0.248130
0.072953 -0.355866 -0.204476 0.248102
0.081535 -0.355866 -0.195877 0.248072
0.090118 -0.355866 -0.187281 0.248044
0.098701 -0.355866 -0.178686 0.248016
0.107283 -0.355866 -0.170090 0.247988
0.115866 -0.355866 -0.161494 0.247961
0.124449 -0.355866 -0.474833 0.146265
0.133031 -0.355866 -0.465293 0.145920
0.141614 -0.355866 -0.455753 0.145575
0.150197 -0.355866 -0.446214 0.145230
0.158780 -0.355866 -0.436685 0.144888
0.167362 -0.355866 -0.427145 0.144543
0.175945 -0.355866 -0.417606 0.144199
0.184528 -0.355866 -0.935102 0.529861
0.193110 -0.355866 -0.923422 0.528607
0.201693 -0.355866 -0.911743 0.527354
0.210276 -0.355866 -0.900039 0.526089
0.218858 -0.355866 -0.888360 0.524836
0.227441 -0.355866 -0.876678 0.523584
0.236024 -0.355866 -0.864999 0.522331
0.244606 -0.355866 0.002235 0.407923
0.253189 -0.355866 -1.643093 1.445219
0.261772 -0.355866 2.101361 -0.548177
0.270354 -0.355866 0.071900 0.369556
0.278937 -0.355866 0.278937 -0.355866
0.287520 -0.355866 0.287520 -0.355866
0.296102 -0.355866 0.296102 -0.355866
0.304685 -0.355866 0.304685 -0.355866
0.313268 -0.355866 0.313268 -0.355866
0.321850 -0.355866 0.321850 -0.355866
0.330433 -0.355866 0.330433 -0.355866
0.339016 -0.355866 0.339016 -0.355866
0.347598 -0.355866 0.347598 -0.355866
0.356181 -0.355866 0.356181 -0.355866
0.364764 -0.355866 0.364764 -0.355866
0.373346 -0.355866 0.373346 -0.355866
0.381929 -0.355866 0.381929 -0.355866
0.390512 -0.355866 0.390512 -0.355866
0.399094 -0.355866 0.399094 -0.355866
0.407677 -0.355866 0.407677 -0.355866
0.416260 -0.355866 0.416260 -0.355866
0.424843 -0.355866 0.424843 -0.355866
0.433425 -0.355866 0.433425 -0.355866
0.442008 -0.355866 0.442008 -0.355866
0.450591 -0.355866 0.450591 -0.355866
0.459173 -0.355866 0.459173 -0.355866
0.467756 -0.355866 0.467756 -0.355866
0.476339 -0.355866 0.476339 -0.355866
0.484921 -0.355866 0.484921 -0.355866
0.493504 -0.355866 0.493504 -0.355866
0.502087 -0.355866 0.502087 -0.355866
0.510669 -0.355866 0.510669 -0.355866
0.519252 -0.355866 0.519252 -0.355866
0.527835 -0.355866 0.527835 -0.355866
0.536417 -0.355866 0.536417 -0.355866
0.545000 -0.355866 0.545000 -0.355866
-0.545000 -0.342559 -0.545000 -0.342559
-0.536417 -0.342559 -0.536417 -0.342559
-0.527835 -0.342559 -0.527835 -0.342559
-0.519252 -0.342559 -0.519252 -0.342559
-0.510669 -0.342559 -0.510669 -0.342559
-0.502087 -0.342559 -0.502087 -0.342559
-0.493504 -0.342559 -0.493504 -0.342559
-0.484921 -0.342559 -0.484921 -0.342559
-0.476339 -0.342559 -0.476339 -0.342559
-0.467756 -0.342559 -0.467756 -0.342559
-0.459173 -0.342559 -0.459173 -0.342559
-0.450591 -0.342559 -0.450591 -0.342559
-0.442008 -0.342559 -0.442008 -0.342559
-0.433425 -0.342559 -0.433425 -0.342559
-0.424843 -0.342559 -0.424843 -0.342559
-0.416260 -0.342559 -0.416260 -0.342559
-0.407677 -0.342559 -0.407677 -0.342559
-0.399094 -0.342559 -0.399094 -0.342559
-0.390512 -0.342559 -0.390512 -0.342559
-0.381929 -0.342559 -0.381929 -0.342559
-0.373346 -0.342559 -0.373346 -0.342559
-0.364764 -0.342559 -0.364764 -0.342559
-0.356181 -0.342559 -0.356181 -0.342559
-0.347598 -0.342559 -0.347598 -0.342559
-0.339016 -0.342559 -0.339016 -0.342559
-0.330433 -0.342559 -0.330433 -0.342559
-0.321850 -0.342559 -0.321850 -0.342559
-0.313268 -0.342559 -0.313268 -0.342559
-0.304685 -0.342559 -0.304685 -0.342559
-0.296102 -0.342559 -0.296102 -0.342559
-0.287520 -0.342559 -0.287520 -0.342559
-0.278937 -0.342559 -0.278937 -0.342559
-0.270354 -0.342559 -2.097007 -0.529479
-0.261772 -0.342559 -8.995164 1.008228
-0.253189 -0.342559 0.335769 0.001002
-0.244606 -0.342559 -0.003652 0.422232
-0.236024 -0.342559 0.866392 0.535315
-0.227441 -0.342559 0.878071 0.536568
-0.218858 -0.342559 0.889736 0.537804
-0.210276 -0.342559 0.901415 0.539057
-0.201693 -0.342559 0.913089 0.540306
-0.193110 -0.342559 0.924768 0.541559
-0.184528 -0.342559 0.408307 0.156715
-0.175945 -0.342559 0.417847 0.157060
-0.167362 -0.342559 0.427387 0.157405
-0.158780 -0.342559 0.436926 0.157750
-0.150197 -0.342559 0.446466 0.158094
-0.141614 -0.342559 0.456006 0.158439
-0.133031 -0.342559 0.465543 0.158783
-0.124449 -0.342559 0.475083 0.159128
-0.115866 -0.342559 0.287429 0.118751
-0.107283 -0.342559 0.170136 0.261389
-0.098701 -0.342559 0.178732 0.261417
-0.090118 -0.342559 0.187327 0.261445
-0.081535 -0.342559 0.195923 0.261473
-0.072953 -0.342559 0.204517 0.261501
-0.064370 -0.342559 0.213112 0.261529
-0.055787 -0.342559 0.221708 0.261557
-0.047205 -0.342559 0.230304 0.261585
-0.038622 -0.342559 0.062435 0.245060
-0.030039 -0.342559 0.071161 0.245721
-0.021457 -0.342559 -0.003653 0.034567
-0.012874 -0.342559 0.004924 0.034885
-0.004291 -0.342559 0.013501 0.035203
0.004291 -0.342559 -0.013501 0.035204
0.012874 -0.342559 -0.004925 0.034885
0.021457 -0.342559 0.003652 0.034567
0.030039 -0.342559 -0.071163 0.245724
0.038622 -0.342559 -0.062437 0.245063
0.047205 -0.342559 -0.230307 0.261588
0.055787 -0.342559 -0.221711 0.261560
0.064370 -0.342559 -0.213115 0.261532
0.072953 -0.342559 -0.204520 0.261504
0.081535 -0.342559 -0.195924 0.261476
0.090118 -0.342559 -0.187325 0.261446
0.098701 -0.342559 -0.178728 0.261418
0.107283 -0.342559 -0.170133 0.261390
0.115866 -0.342559 -0.287426 0.118753
0.124449 -0.342559 -0.475080 0.159130
0.133031 -0.342559 -0.465540 0.158785
0.141614 -0.342559 -0.456000 0.158440
0.150197 -0.342559 -0.446461 0.158095
0.158780 -0.342559 -0.436932 0.157753
0.167362 -0.342559 -0.427393 0.157408
0.175945 -0.342559 -0.417853 0.157064
0.184528 -0.342559 -0.408313 0.156719
0.193110 -0.342559 -0.924794 0.541578
0.201693 -0.342559 -0.913114 0.540324
0.210276 -0.342559 -0.901435 0.539071
0.218858 -0.342559 -0.889729 0.537807
0.227441 -0.342559 -0.878050 0.536554
0.236024 -0.342559 -0.866371 0.535301
0.244606 -0.342559 0.003640 0.422228
0.253189 -0.342559 -0.335769 0.001002
0.261772 -0.342559 8.995950 1.008254
0.270354 -0.342559 2.097008 -0.529477
0.278937 -0.342559 0.278937 -0.342559
0.287520 -0.342559 0.287520 -0.342559
0.296102 -0.342559 0.296102 -0.342559
0.304685 -0.342559 0.304685 -0.342559
0.313268 -0.342559 0.313268 -0.342559
0.321850 -0.342559 0.321850 -0.342559
0.330433 -0.342559 0.330433 -0.342559
0.339016 -0.342559 0.339016 -0.342559
0.347598 -0.342559 0.347598 -0.342559
0.356181 -0.342559 0.356181 -0.342559
0.364764 -0.342559 0.364764 -0.342559
0.373346 -0.342559 0.373346 -0.342559
0.381929 -0.342559 0.381929 -0.342559
0.390512 -0.342559 0.390512 -0.342559
0.399094 -0.342559 0.399094 -0.342559
0.407677 -0.342559 0.407677 -0.342559
0.416260 -0.342559 0.416260 -0.342559
0.424843 -0.342559 0.424843 -0.342559
0.433425 -0.342559 0.433425 -0.342559
0.442008 -0.342559 0.442008 -0.342559
0.450591 -0.342559 0.450591 -0.342559
0.459173 -0.342559 0.459173 -0.342559
0.467756 -0.342559 0.467756 -0.342559
0.476339 -0.342559 0.476339 -0.342559
0.484921 -0.342559 0.484921 -0.342559
0.493504 -0.342559 0.493504 -0.342559
0.502087 -0.342559 0.502087 -0.342559
0.510669 -0.342559 0.510669 -0.342559
0.519252 -0.342559 0.519252 -0.342559
0.527835 -0.342559 0.527835 -0.342559
0.536417 -0.342559 0.536417 -0.342559
0.545000 -0.342559 0.545000 -0.342559
-0.545000 -0.329252 -0.545000 -0.329252
-0.536417 -0.329252 -0.536417 -0.329252
-0.527835 -0.329252 -0.527835 -0.329252
-0.519252 -0.329252 -0.519252 -0.329252
-0.510669 -0.329252 -0.510669 -0.329252
-0.502087 -0.329252 -0.502087 -0.329252
-0.493504 -0.329252 -0.493504 -0.329252
-0.484921 -0.329252 -0.484921 -0.329252
-0.476339 -0.329252 -0.476339 -0.329252
-0.467756 -0.329252 -0.467756 -0.329252
-0.459173 -0.329252 -0.459173 -0.329252
-0.450591 -0.329252 -0.450591 -0.329252
-0.442008 -0.329252 -0.442008 -0.329252
-0.433425 -0.329252 -0.433425 -0.329252
-0.424843 -0.329252 -0.424843 -0.329252
-0.416260 -0.329252 -0.416260 -0.329252
-0.407677 -0.329252 -0.407677 -0.329252
-0.399094 -0.329252 -0.399094 -0.329252
-0.390512 -0.329252 -0.390512 -0.329252
-0.381929 -0.329252 -0.381929 -0.329252
-0.373346 -0.329252 -0.373346 -0.329252
-0.364764 -0.329252 -0.364764 -0.329252
-0.356181 -0.329252 -0.356181 -0.329252
-0.347598 -0.329252 -0.347598 -0.329252
-0.339016 -0.329252 -0.339016 -0.329252
-0.330433 -0.329252 -0.330433 -0.329252
-0.321850 -0.329252 -0.321850 -0.329252
-0.313268 -0.329252 -0.313268 -0.329252
-0.304685 -0.329252 -0.304685 -0.329252
-0.296102 -0.329252 -0.296102 -0.329252
-0.287520 -0.329252 -0.287520 -0.329252
-0.278937 -0.329252 -2.092654 -0.510780
-0.270354 -0.329252 -8.962304 1.020829
-0.261772 -0.329252 0.333700 0.018109
-0.253189 -0.329252 0.332399 0.012343
-0.244606 -0.329252 1.385646 -0.384167
-0.236024 -0.329252 0.867749 0.548268
-0.227441 -0.329252 0.879428 0.549521
-0.218858 -0.329252 0.891108 0.550774
-0.210276 -0.329252 0.902781 0.552023
-0.201693 -0.329252 0.914461 0.553276
-0.193110 -0.329252 0.399014 0.169235
-0.184528 -0.329252 0.408554 0.169580
-0.175945 -0.329252 0.418094 0.169925
-0.167362 -0.329252 0.427634 0.170270
-0.158780 -0.329252 0.437173 0.170615
-0.150197 -0.329252 0.446713 0.170959
-0.141614 -0.329252 0.456253 0.171304
-0.133031 -0.329252 0.465791 0.171648
-0.124449 -0.329252 0.475330 0.171992
-0.115866 -0.329252 0.288459 0.131896
-0.107283 -0.329252 0.170180 0.274791
-0.098701 -0.329252 0.178775 0.274819
-0.090118 -0.329252 0.187371 0.274847
-0.081535 -0.329252 0.195967 0.274875
-0.072953 -0.329252 0.204560 0.274903
-0.064370 -0.329252 0.213156 0.274931
-0.055787 -0.329252 0.221751 0.274959
-0.047205 -0.329252 0.128680 0.053654
-0.038622 -0.329252 0.137201 0.053522
-0.030039 -0.329252 0.145724 0.053390
-0.021457 -0.329252 -0.003305 0.047468
-0.012874 -0.329252 0.005272 0.047787
-0.004291 -0.329252 0.013849 0.048105
0.004291 -0.329252 -0.013849 0.048105
0.012874 -0.329252 -0.005273 0.047787
0.021457 -0.329252 0.003303 0.047469
0.030039 -0.329252 -0.145725 0.053391
0.038622 -0.329252 -0.137203 0.053522
0.047205 -0.329252 -0.128680 0.053654
0.055787 -0.329252 -0.221754 0.274962
0.064370 -0.329252 -0.213159 0.274934
0.072953 -0.329252 -0.204563 0.274906
0.081535 -0.329252 -0.195968 0.274878
0.090118 -0.329252 -0.187367 0.274848
0.098701 -0.329252 -0.178772 0.274820
0.107283 -0.329252 -0.170176 0.274792
0.115866 -0.329252 -0.288455 0.131898
0.124449 -0.329252 -0.475327 0.171995
0.133031 -0.329252 -0.465787 0.171650
0.141614 -0.329252 -0.456247 0.171305
0.150197 -0.329252 -0.446708 0.170960
0.158780 -0.329252 -0.437179 0.170618
0.167362 -0.329252 -0.427640 0.170273
0.175945 -0.329252 -0.418100 0.169929
0.184528 -0.329252 -0.408559 0.169585
0.193110 -0.329252 -0.399019 0.169240
0.201693 -0.329252 -0.914486 0.553295
0.210276 -0.329252 -0.902806 0.552041
0.218858 -0.329252 -0.891101 0.550777
0.227441 -0.329252 -0.879422 0.549524
0.236024 -0.329252 -0.867742 0.548271
0.244606 -0.329252 -1.385692 -0.384177
0.253189 -0.329252 -0.332399 0.012344
0.261772 -0.329252 -0.333700 0.018109
0.270354 -0.329252 8.963000 1.020867
0.278937 -0.329252 2.092656 -0.510778
0.287520 -0.329252 0.287520 -0.329252
0.296102 -0.329252 0.296102 -0.329252
0.304685 -0.329252 0.304685 -0.329252
0.313268 -0.329252 0.313268 -0.329252
0.321850 -0.329252 0.321850 -0.329252
0.330433 -0.329252 0.330433 -0.329252
0.339016 -0.329252 0.339016 -0.329252
0.347598 -0.329252 0.347598 -0.329252
0.356181 -0.329252 0.356181 -0.329252
0.364764 -0.329252 0.364764 -0.329252
0.373346 -0.329252 0.373346 -0.329252
0.381929 -0.329252 0.381929 -0.329252
0.390512 -0.329252 0.390512 -0.329252
0.399094 -0.329252 0.399094 -0.329252
0.407677 -0.329252 0.407677 -0.329252
0.416260 -0.329252 0.416260 -0.329252
0.424843 -0.329252 0.424843 -0.329252
0.433425 -0.329252 0.433425 -0.329252
0.442008 -0.329252 0.442008 -0.329252
0.450591 -0.329252 0.450591 -0.329252
0.459173 -0.329252 0.459173 -0.329252
0.467756 -0.329252 0.467756 -0.329252
0.476339 -0.329252 0.476339 -0.329252
0.484921 -0.329252 0.484921 -0.329252
0.493504 -0.329252 0.493504 -0.329252
0.502087 -0.329252 0.502087 -0.329252
0.510669 -0.329252 0.510669 -0.329252
0.519252 -0.329252 0.519252 -0.329252
0.527835 -0.329252 0.527835 -0.329252
0.536417 -0.329252 0.536417 -0.329252
0.545000 -0.329252 0.545000 -0.329252
-0.545000 -0.315945 -0.545000 -0.315945
-0.536417 -0.315945 -0.536417 -0.315945
-0.527835 -0.315945 -0.527835 -0.315945
-0.519252 -0.315945 -0.519252 -0.315945
-0.510669 -0.315945 -0.510669 -0.315945
-0.502087 -0.315945 -0.502087 -0.315945
-0.493504 -0.315945 -0.493504 -0.315945
-0.484921 -0.315945 -0.484921 -0.315945
-0.476339 -0.315945 -0.476339 -0.315945
-0.467756 -0.315945 -0.467756 -0.315945
-0.459173 -0.315945 -0.459173 -0.315945
-0.450591 -0.315945 -0.450591 -0.315945
-0.442008 -0.315945 -0.442008 -0.315945
-0.433425 -0.315945 -0.433425 -0.315945
-0.424843 -0.315945 -0.424843 -0.315945
-0.416260 -0.315945 -0.416260 -0.315945
-0.407677 -0.315945 -0.407677 -0.315945
-0.399094 -0.315945 -0.399094 -0.315945
-0.390512 -0.315945 -0.390512 -0.315945
-0.381929 -0.315945 -0.381929 -0.315945
-0.373346 -0.315945 -0.373346 -0.315945
-0.364764 -0.315945 -0.364764 -0.315945
-0.356181 -0.315945 -0.356181 -0.315945
-0.347598 -0.315945 -0.347598 -0.315945
-0.339016 -0.315945 -0.339016 -0.315945
-0.330433 -0.315945 -0.330433 -0.315945
-0.321850 -0.315945 -0.321850 -0.315945
-0.313268 -0.315945 -0.313268 -0.315945
-0.304685 -0.315945 -0.304685 -0.315945
-0.296102 -0.315945 -0.296102 -0.315945
-0.278937 -0.315945 2.014032 1.153794
-0.270354 -0.315945 0.331631 0.035216
-0.261772 -0.315945 0.330330 0.029450
-0.253189 -0.315945 1.389407 -0.368731
-0.244606 -0.315945 -0.195043 -0.111081
-0.236024 -0.315945 0.869120 0.561238
-0.227441 -0.315945 0.880800 0.562491
-0.218858 -0.315945 0.892479 0.563744
-0.210276 -0.315945 0.904153 0.564993
-0.201693 -0.315945 0.643258 0.176942
-0.193110 -0.315945 0.651375 0.176670
-0.184528 -0.315945 0.408801 0.182445
-0.175945 -0.315945 0.418341 0.182790
-0.167362 -0.315945 0.427881 0.183135
-0.158780 -0.315945 0.437421 0.183479
-0.150197 -0.315945 0.446960 0.183824
-0.141614 -0.315945 0.456498 0.184168
-0.133031 -0.315945 0.466038 0.184513
-0.124449 -0.315945 0.475577 0.184857
-0.115866 -0.315945 0.289488 0.145040
-0.107283 -0.315945 0.299403 0.146032
-0.098701 -0.315945 0.178819 0.288221
-0.090118 -0.315945 0.187415 0.288249
-0.081535 -0.315945 0.196008 0.288276
-0.072953 -0.315945 0.102910 0.066911
-0.064370 -0.315945 0.111432 0.066780
-0.055787 -0.315945 0.119955 0.066649
-0.047205 -0.315945 0.128475 0.066517
-0.038622 -0.315945 0.136998 0.066386
-0.030039 -0.315945 0.145520 0.066254
-0.021457 -0.315945 -0.002956 0.060370
-0.012874 -0.315945 0.005620 0.060688
-0.004291 -0.315945 0.014197 0.061007
0.004291 -0.315945 -0.014197 0.061007
0.012874 -0.315945 -0.005622 0.060689
0.021457 -0.315945 0.002955 0.060371
0.030039 -0.315945 -0.145522 0.066255
0.038622 -0.315945 -0.136999 0.066386
0.047205 -0.315945 -0.128477 0.066518
0.055787 -0.315945 -0.119955 0.066649
0.064370 -0.315945 -0.111432 0.066780
0.072953 -0.315945 -0.102910 0.066911
0.081535 -0.315945 -0.196010 0.288281
0.090118 -0.315945 -0.187415 0.288253
0.098701 -0.315945 -0.178815 0.288222
0.107283 -0.315945 -0.299399 0.146034
0.115866 -0.315945 -0.289484 0.145042
0.124449 -0.315945 -0.475574 0.184859
0.133031 -0.315945 -0.466034 0.184515
0.141614 -0.315945 -0.456494 0.184170
0.150197 -0.315945 -0.446955 0.183825
0.158780 -0.315945 -0.437426 0.183483
0.167362 -0.315945 -0.427886 0.183139
0.175945 -0.315945 -0.418346 0.182794
0.184528 -0.315945 -0.408806 0.182450
0.193110 -0.315945 -0.651381 0.176676
0.201693 -0.315945 -0.643264 0.176947
0.210276 -0.315945 -0.904176 0.565012
0.218858 -0.315945 -0.892497 0.563759
0.227441 -0.315945 -0.880793 0.562494
0.236024 -0.315945 -0.869114 0.561241
0.244606 -0.315945 0.195029 -0.111076
0.253189 -0.315945 -1.389440 -0.368729
0.261772 -0.315945 -0.330331 0.029451
0.270354 -0.315945 -0.331631 0.035216
0.278937 -0.315945 -2.014034 1.153792
0.296102 -0.315945 0.296102 -0.315945
0.304685 -0.315945 0.304685 -0.315945
0.313268 -0.315945 0.313268 -0.315945
0.321850 -0.315945 0.321850 -0.315945
0.330433 -0.315945 0.330433 -0.315945
0.339016 -0.315945 0.339016 -0.315945
0.347598 -0.315945 0.347598 -0.315945
0.356181 -0.315945 0.356181 -0.315945
0.364764 -0.315945 0.364764 -0.315945
0.373346 -0.315945 0.373346 -0.315945
0.381929 -0.315945 0.381929 -0.315945
0.390512 -0.315945 0.390512 -0.315945
0.399094 -0.315945 0.399094 -0.315945
0.407677 -0.315945 0.407677 -0.315945
0.416260 -0.315945 0.416260 -0.315945
0.424843 -0.315945 0.424843 -0.315945
0.433425 -0.315945 0.433425 -0.315945
0.442008 -0.315945 0.442008 -0.315945
0.450591 -0.315945 0.450591 -0.315945
0.459173 -0.315945 0.459173 -0.315945
0.467756 -0.315945 0.467756 -0.315945
0.476339 -0.315945 0.476339 -0.315945
0.484921 -0.315945 0.484921 -0.315945
0.493504 -0.315945 0.493504 -0.315945
0.502087 -0.315945 0.502087 -0.315945
0.510669 -0.315945 0.510669 -0.315945
0.519252 -0.315945 0.519252 -0.315945
0.527835 -0.315945 0.527835 -0.315945
0.536417 -0.315945 0.536417 -0.315945
0.545000 -0.315945 0.545000 -0.315945
-0.545000 -0.302638 -0.545000 -0.302638
-0.536417 -0.302638 -0.536417 -0.302638
-0.527835 -0.302638 -0.527835 -0.302638
-0.519252 -0.302638 -0.519252 -0.302638
-0.510669 -0.302638 -0.510669 -0.302638
-0.502087 -0.302638 -0.502087 -0.302638
-0.493504 -0.302638 -0.493504 -0.302638
-0.484921 -0.302638 -0.484921 -0.302638
-0.476339 -0.302638 -0.476339 -0.302638
-0.467756 -0.302638 -0.467756 -0.302638
-0.459173 -0.302638 -0.459173 -0.302638
-0.450591 -0.302638 -0.450591 -0.302638
-0.442008 -0.302638 -0.442008 -0.302638
-0.433425 -0.302638 -0.433425 -0.302638
-0.424843 -0.302638 -0.424843 -0.302638
-0.416260 -0.302638 -0.416260 -0.302638
-0.407677 -0.302638 -0.407677 -0.302638
-0.399094 -0.302638 -0.399094 -0.302638
-0.390512 -0.302638 -0.390512 -0.302638
-0.381929 -0.302638 -0.381929 -0.302638
-0.373346 -0.302638 -0.373346 -0.302638
-0.364764 -0.302638 -0.364764 -0.302638
-0.356181 -0.302638 -0.356181 -0.302638
-0.347598 -0.302638 -0.347598 -0.302638
-0.339016 -0.302638 -0.339016 -0.302638
-0.330433 -0.302638 -0.330433 -0.302638
-0.321850 -0.302638 -0.321850 -0.302638
-0.313268 -0.302638 -0.313268 -0.302638
-0.304685 -0.302638 -0.304685 -0.302638
-0.287520 -0.302638 2.002312 1.165194
-0.278937 -0.302638 2.032484 1.177454
-0.270354 -0.302638 0.328261 0.046557
-0.261772 -0.302638 0.326961 0.040790
-0.253189 -0.302638 -0.195643 -0.094990
-0.244606 -0.302638 -0.206635 -0.100520
-0.236024 -0.302638 0.870492 0.574208
-0.227441 -0.302638 0.882172 0.575461
-0.218858 -0.302638 0.893845 0.576710
-0.210276 -0.302638 0.905524 0.577963
-0.201693 -0.302638 0.642837 0.190003
-0.193110 -0.302638 0.650954 0.189732
-0.184528 -0.302638 0.409048 0.195310
-0.175945 -0.302638 0.418588 0.195655
-0.167362 -0.302638 0.428128 0.196000
-0.158780 -0.302638 0.437668 0.196344
-0.150197 -0.302638 0.447207 0.196689
-0.141614 -0.302638 0.456745 0.197033
-0.133031 -0.302638 0.466285 0.197378
-0.124449 -0.302638 0.475824 0.197722
-0.115866 -0.302638 0.290517 0.158185
-0.107283 -0.302638 0.300435 0.159183
-0.098701 -0.302638 0.077139 0.080169
-0.090118 -0.302638 0.085662 0.080038
-0.081535 -0.302638 0.094184 0.079907
-0.072953 -0.302638 0.102706 0.079775
-0.064370 -0.302638 0.111229 0.079644
-0.055787 -0.302638 0.119751 0.079513
-0.047205 -0.302638 0.128272 0.079381
-0.038622 -0.302638 0.136794 0.079250
-0.030039 -0.302638 0.145317 0.079118
-0.021457 -0.302638 -0.002608 0.073272
-0.012874 -0.302638 0.005969 0.073590
-0.004291 -0.302638 0.014546 0.073908
0.004291 -0.302638 -0.014545 0.073908
0.012874 -0.302638 -0.005968 0.073590
0.021457 -0.302638 0.002607 0.073273
0.030039 -0.302638 -0.145318 0.079119
0.038622 -0.302638 -0.136796 0.079250
0.047205 -0.302638 -0.128273 0.079382
0.055787 -0.302638 -0.119751 0.079513
0.064370 -0.302638 -0.111229 0.079644
0.072953 -0.302638 -0.102706 0.079775
0.081535 -0.302638 -0.094183 0.079908
0.090118 -0.302638 -0.085661 0.080039
0.098701 -0.302638 -0.077138 0.080170
0.107283 -0.302638 -0.300429 0.159179
0.115866 -0.302638 -0.290514 0.158187
0.124449 -0.302638 -0.475821 0.197724
0.133031 -0.302638 -0.466281 0.197380
0.141614 -0.302638 -0.456741 0.197035
0.150197 -0.302638 -0.447202 0.196690
0.158780 -0.302638 -0.437661 0.196346
0.167362 -0.302638 -0.428133 0.196004
0.175945 -0.302638 -0.418593 0.195659
0.184528 -0.302638 -0.409053 0.195314
0.193110 -0.302638 -0.650960 0.189737
0.201693 -0.302638 -0.642843 0.190009
0.210276 -0.302638 -0.905548 0.577982
0.218858 -0.302638 -0.893868 0.576729
0.227441 -0.302638 -0.882165 0.575464
0.236024 -0.302638 -0.870486 0.574211
0.244606 -0.302638 0.206631 -0.100511
0.253189 -0.302638 0.195614 -0.094971
0.261772 -0.302638 -0.326961 0.040792
0.270354 -0.302638 -0.328262 0.046557
0.278937 -0.302638 -2.032455 1.177436
0.287520 -0.302638 -2.002313 1.165192
0.304685 -0.302638 0.304685 -0.302638
0.313268 -0.302638 0.313268 -0.302638
0.321850 -0.302638 0.321850 -0.302638
0.330433 -0.302638 0.330433 -0.302638
0.339016 -0.302638 0.339016 -0.302638
0.347598 -0.302638 0.347598 -0.302638
0.356181 -0.302638 0.356181 -0.302638
0.364764 -0.302638 0.364764 -0.302638
0.373346 -0.302638 0.373346 -0.302638
0.381929 -0.302638 0.381929 -0.302638
0.390512 -0.302638 0.390512 -0.302638
0.399094 -0.302638 0.399094 -0.302638
0.407677 -0.302638 0.407677 -0.302638
0.416260 -0.302638 0.416260 -0.302638
0.424843 -0.302638 0.424843 -0.302638
0.433425 -0.302638 0.433425 -0.302638
0.442008 -0.302638 0.442008 -0.302638
0.450591 -0.302638 0.450591 -0.302638
0.459173 -0.302638 0.459173 -0.302638
0.467756 -0.302638 0.467756 -0.302638
0.476339 -0.302638 0.476339 -0.302638
0.484921 -0.302638 0.484921 -0.302638
0.493504 -0.302638 0.493504 -0.302638
0.502087 -0.302638 0.502087 -0.302638
0.510669 -0.302638 0.510669 -0.302638
0.519252 -0.302638 0.519252 -0.302638
0.527835 -0.302638 0.527835 -0.302638
0.536417 -0.302638 0.536417 -0.302638
0.545000 -0.302638 0.545000 -0.302638
-0.545000 -0.289331 -0.545000 -0.289331
-0.536417 -0.289331 -0.536417 -0.289331
-0.527835 -0.289331 -0.527835 -0.289331
-0.519252 -0.289331 -0.519252 -0.289331
-0.510669 -0.289331 -0.510669 -0.289331
-0.502087 -0.289331 -0.502087 -0.289331
-0.493504 -0.289331 -0.493504 -0.289331
-0.484921 -0.289331 -0.484921 -0.289331
-0.476339 -0.289331 -0.476339 -0.289331
-0.467756 -0.289331 -0.467756 -0.289331
-0.459173 -0.289331 -0.459173 -0.289331
-0.450591 -0.289331 -0.450591 -0.289331
-0.442008 -0.289331 -0.442008 -0.289331
-0.433425 -0.289331 -0.433425 -0.289331
-0.424843 -0.289331 -0.424843 -0.289331
-0.416260 -0.289331 -0.416260 -0.289331
-0.407677 -0.289331 -0.407677 -0.289331
-0.399094 -0.289331 -0.399094 -0.289331
-0.390512 -0.289331 -0.390512 -0.289331
-0.381929 -0.289331 -0.381929 -0.289331
-0.373346 -0.289331 -0.373346 -0.289331
-0.364764 -0.289331 -0.364764 -0.289331
-0.356181 -0.289331 -0.356181 -0.289331
-0.347598 -0.289331 -0.347598 -0.289331
-0.339016 -0.289331 -0.339016 -0.289331
-0.330433 -0.289331 -0.330433 -0.289331
-0.321850 -0.289331 -0.321850 -0.289331
-0.313268 -0.289331 -0.313268 -0.289331
-0.304685 -0.289331 -2.177650 0.436746
-0.287520 -0.289331 2.020763 1.188854
-0.278937 -0.289331 0.326193 0.063663
-0.270354 -0.289331 0.324892 0.057897
-0.261772 -0.289331 -0.196221 -0.078891
-0.253189 -0.289331 -0.207226 -0.084428
-0.244606 -0.289331 0.174660 0.175369
-0.236024 -0.289331 0.871864 0.587178
-0.227441 -0.289331 0.883537 0.588427
-0.218858 -0.289331 0.895217 0.589680
-0.210276 -0.289331 0.634294 0.203335
-0.201693 -0.289331 0.642416 0.203065
-0.193110 -0.289331 0.650533 0.202793
-0.184528 -0.289331 0.409295 0.208175
-0.175945 -0.289331 0.418835 0.208520
-0.167362 -0.289331 0.428375 0.208865
-0.158780 -0.289331 0.437915 0.209209
-0.150197 -0.289331 0.447452 0.209553
-0.141614 -0.289331 0.456992 0.209898
-0.133031 -0.289331 0.466535 0.210250
-0.124449 -0.289331 0.476075 0.210595
-0.115866 -0.289331 0.291549 0.171336
-0.107283 -0.289331 0.235262 0.039410
-0.098701 -0.289331 0.244035 0.039378
-0.090118 -0.289331 0.085457 0.092903
-0.081535 -0.289331 0.093980 0.092771
-0.072953 -0.289331 0.102503 0.092639
-0.064370 -0.289331 0.111025 0.092508
-0.055787 -0.289331 0.119546 0.092376
-0.047205 -0.289331 0.128068 0.092245
-0.038622 -0.289331 0.136591 0.092114
-0.030039 -0.289331 0.145113 0.091982
-0.021457 -0.289331 -0.002260 0.086174
-0.012874 -0.289331 0.006317 0.086492
-0.004291 -0.289331 0.014894 0.086810
0.004291 -0.289331 -0.014894 0.086810
0.012874 -0.289331 -0.006317 0.086492
0.021457 -0.289331 0.002258 0.086174
0.030039 -0.289331 -0.145115 0.091983
0.038622 -0.289331 -0.136592 0.092114
0.047205 -0.289331 -0.128070 0.092246
0.055787 -0.289331 -0.119548 0.092377
0.064370 -0.289331 -0.111025 0.092508
0.072953 -0.289331 -0.102502 0.092640
0.081535 -0.289331 -0.093980 0.092771
0.090118 -0.289331 -0.085457 0.092903
0.098701 -0.289331 -0.244036 0.039377
0.107283 -0.289331 -0.235261 0.039410
0.115866 -0.289331 -0.291543 0.171331
0.124449 -0.289331 -0.476068 0.210589
0.133031 -0.289331 -0.466528 0.210245
0.141614 -0.289331 -0.456989 0.209900
0.150197 -0.289331 -0.447448 0.209556
0.158780 -0.289331 -0.437908 0.209211
0.167362 -0.289331 -0.428380 0.208869
0.175945 -0.289331 -0.418840 0.208524
0.184528 -0.289331 -0.409300 0.208179
0.193110 -0.289331 -0.650539 0.202798
0.201693 -0.289331 -0.642422 0.203070
0.210276 -0.289331 -0.634305 0.203342
0.218858 -0.289331 -0.895240 0.589699
0.227441 -0.289331 -0.883560 0.588446
0.236024 -0.289331 -0.871857 0.587181
0.244606 -0.289331 -0.174663 0.175372
0.253189 -0.289331 0.207228 -0.084417
0.261772 -0.289331 0.196205 -0.078879
0.270354 -0.289331 -0.324892 0.057899
0.278937 -0.289331 -0.326193 0.063664
0.287520 -0.289331 -2.020765 1.188852
0.304685 -0.289331 2.177721 0.436769
0.313268 -0.289331 0.313268 -0.289331
0.321850 -0.289331 0.321850 -0.289331
0.330433 -0.289331 0.330433 -0.289331
0.339016 -0.289331 0.339016 -0.289331
0.347598 -0.289331 0.347598 -0.289331
0.356181 -0.289331 0.356181 -0.289331
0.364764 -0.289331 0.364764 -0.289331
0.373346 -0.289331 0.373346 -0.289331
0.381929 -0.289331 0.381929 -0.289331
0.390512 -0.289331 0.390512 -0.289331
0.399094 -0.289331 0.399094 -0.289331
0.407677 -0.289331 0.407677 -0.289331
0.416260 -0.289331 0.416260 -0.289331
0.424843 -0.289331 0.424843 -0.289331
0.433425 -0.289331 0.433425 -0.289331
0.442008 -0.289331 0.442008 -0.289331
0.450591 -0.289331 0.450591 -0.289331
0.459173 -0.289331 0.459173 -0.289331
0.467756 -0.289331 0.467756 -0.289331
0.476339 -0.289331 0.476339 -0.289331
0.484921 -0.289331 0.484921 -0.289331
0.493504 -0.289331 0.493504 -0.289331
0.502087 -0.289331 0.502087 -0.289331
0.510669 -0.289331 0.510669 -0.289331
0.519252 -0.289331 0.519252 -0.289331
0.527835 -0.289331 0.527835 -0.289331
0.536417 -0.289331 0.536417 -0.289331
0.545000 -0.289331 0.545000 -0.289331
-0.545000 -0.276024 -0.545000 -0.276024
-0.536417 -0.276024 -0.536417 -0.276024
-0.527835 -0.276024 -0.527835 -0.276024
-0.519252 -0.276024 -0.519252 -0.276024
-0.510669 -0.276024 -0.510669 -0.276024
-0.502087 -0.276024 -0.502087 -0.276024
-0.493504 -0.276024 -0.493504 -0.276024
-0.484921 -0.276024 -0.484921 -0.276024
-0.476339 -0.276024 -0.476339 -0.276024
-0.467756 -0.276024 -0.467756 -0.276024
-0.459173 -0.276024 -0.459173 -0.276024
-0.450591 -0.276024 -0.450591 -0.276024
-0.442008 -0.276024 -0.442008 -0.276024
-0.433425 -0.276024 -0.433425 -0.276024
-0.424843 -0.276024 -0.424843 -0.276024
-0.416260 -0.276024 -0.416260 -0.276024
-0.407677 -0.276024 -0.407677 -0.276024
-0.399094 -0.276024 -0.399094 -0.276024
-0.390512 -0.276024 -0.390512 -0.276024
-0.381929 -0.276024 -0.381929 -0.276024
-0.373346 -0.276024 -0.373346 -0.276024
-0.364764 -0.276024 -0.364764 -0.276024
-0.356181 -0.276024 -0.356181 -0.276024
-0.347598 -0.276024 -0.347598 -0.276024
-0.339016 -0.276024 -0.339016 -0.276024
-0.330433 -0.276024 -0.330433 -0.276024
-0.321850 -0.276024 -0.321850 -0.276024
-0.313268 -0.276024 -0.313268 -0.276024
-0.304685 -0.276024 0.337195 0.000936
-0.296102 -0.276024 -4.701420 1.499994
-0.287520 -0.276024 -0.065499 -0.182023
-0.278937 -0.276024 -0.054429 -0.183484
-0.270354 -0.276024 -0.196811 -0.062799
-0.261772 -0.276024 -0.207803 -0.068329
-0.244606 -0.276024 0.163137 0.188706
-0.236024 -0.276024 0.873235 0.600148
-0.227441 -0.276024 0.661672 0.292327
-0.218858 -0.276024 0.625756 0.216668
-0.210276 -0.276024 0.633873 0.216397
-0.201693 -0.276024 0.641995 0.216126
-0.193110 -0.276024 0.650112 0.215855
-0.184528 -0.276024 0.658229 0.215583
-0.175945 -0.276024 0.419082 0.221385
-0.167362 -0.276024 0.428625 0.221737
-0.158780 -0.276024 0.438163 0.222081
-0.150197 -0.276024 0.447703 0.222425
-0.141614 -0.276024 0.457242 0.222770
-0.133031 -0.276024 0.466782 0.223115
-0.124449 -0.276024 0.282663 0.183489
-0.115866 -0.276024 0.226294 0.052182
-0.107283 -0.276024 0.235067 0.052150
-0.098701 -0.276024 0.243838 0.052116
-0.090118 -0.276024 0.085253 0.105767
-0.081535 -0.276024 0.093776 0.105636
-0.072953 -0.276024 0.102299 0.105503
-0.064370 -0.276024 0.110822 0.105372
-0.055787 -0.276024 0.119342 0.105240
-0.047205 -0.276024 0.127865 0.105109
-0.038622 -0.276024 0.136387 0.104978
-0.030039 -0.276024 0.144910 0.104846
-0.021457 -0.276024 -0.001911 0.099076
-0.012874 -0.276024 0.006665 0.099394
-0.004291 -0.276024 0.015242 0.099712
0.004291 -0.276024 -0.015242 0.099712
0.012874 -0.276024 -0.006665 0.099394
0.021457 -0.276024 0.001912 0.099076
0.030039 -0.276024 -0.144911 0.104847
0.038622 -0.276024 -0.136389 0.104978
0.047205 -0.276024 -0.127866 0.105110
0.055787 -0.276024 -0.119344 0.105241
0.064370 -0.276024 -0.110821 0.105373
0.072953 -0.276024 -0.102298 0.105504
0.081535 -0.276024 -0.093776 0.105635
0.090118 -0.276024 -0.085254 0.105767
0.098701 -0.276024 -0.243841 0.052116
0.107283 -0.276024 -0.235066 0.052149
0.115866 -0.276024 -0.226292 0.052182
0.124449 -0.276024 -0.282657 0.183484
0.133031 -0.276024 -0.466775 0.223110
0.141614 -0.276024 -0.457235 0.222766
0.150197 -0.276024 -0.447695 0.222421
0.158780 -0.276024 -0.438155 0.222076
0.167362 -0.276024 -0.428627 0.221734
0.175945 -0.276024 -0.419087 0.221389
0.184528 -0.276024 -0.658235 0.215588
0.193110 -0.276024 -0.650118 0.215860
0.201693 -0.276024 -0.642001 0.216132
0.210276 -0.276024 -0.633884 0.216403
0.218858 -0.276024 -0.625767 0.216675
0.227441 -0.276024 -0.661685 0.292335
0.236024 -0.276024 -0.873229 0.600151
0.244606 -0.276024 -0.163140 0.188709
0.261772 -0.276024 0.207802 -0.068316
0.270354 -0.276024 0.196801 -0.062786
0.278937 -0.276024 0.054400 -0.183502
0.287520 -0.276024 0.065432 -0.182043
0.296102 -0.276024 4.701530 1.500040
0.304685 -0.276024 -0.337195 0.000937
0.313268 -0.276024 0.313268 -0.276024
0.321850 -0.276024 0.321850 -0.276024
0.330433 -0.276024 0.330433 -0.276024
0.339016 -0.276024 0.339016 -0.276024
0.347598 -0.276024 0.347598 -0.276024
0.356181 -0.276024 0.356181 -0.276024
0.364764 -0.276024 0.364764 -0.276024
0.373346 -0.276024 0.373346 -0.276024
0.381929 -0.276024 0.381929 -0.276024
0.390512 -0.276024 0.390512 -0.276024
0.399094 -0.276024 0.399094 -0.276024
0.407677 -0.276024 0.407677 -0.276024
0.416260 -0.276024 0.416260 -0.276024
0.424843 -0.276024 0.424843 -0.276024
0.433425 -0.276024 0.433425 -0.276024
0.442008 -0.276024 0.442008 -0.276024
0.450591 -0.276024 0.450591 -0.276024
0.459173 -0.276024 0.459173 -0.276024
0.467756 -0.276024 0.467756 -0.276024
0.476339 -0.276024 0.476339 -0.276024
0.484921 -0.276024 0.484921 -0.276024
0.493504 -0.276024 0.493504 -0.276024
0.502087 -0.276024 0.502087 -0.276024
0.510669 -0.276024 0.510669 -0.276024
0.519252 -0.276024 0.519252 -0.276024
0.527835 -0.276024 0.527835 -0.276024
0.536417 -0.276024 0.536417 -0.276024
0.545000 -0.276024 0.545000 -0.276024
-0.545000 -0.262717 -0.545000 -0.262717
-0.536417 -0.262717 -0.536417 -0.262717
-0.527835 -0.262717 -0.527835 -0.262717
-0.519252 -0.262717 -0.519252 -0.262717
-0.510669 -0.262717 -0.510669 -0.262717
-0.502087 -0.262717 -0.502087 -0.262717
-0.493504 -0.262717 -0.493504 -0.262717
-0.484921 -0.262717 -0.484921 -0.262717
-0.476339 -0.262717 -0.476339 -0.262717
-0.467756 -0.262717 -0.467756 -0.262717
-0.459173 -0.262717 -0.459173 -0.262717
-0.450591 -0.262717 -0.450591 -0.262717
-0.442008 -0.262717 -0.442008 -0.262717
-0.433425 -0.262717 -0.433425 -0.262717
-0.424843 -0.262717 -0.424843 -0.262717
-0.416260 -0.262717 -0.416260 -0.262717
-0.407677 -0.262717 -0.407677 -0.262717
-0.399094 -0.262717 -0.399094 -0.262717
-0.390512 -0.262717 -0.390512 -0.262717
-0.381929 -0.262717 -0.381929 -0.262717
-0.373346 -0.262717 -0.373346 -0.262717
-0.364764 -0.262717 -0.364764 -0.262717
-0.356181 -0.262717 -0.356181 -0.262717
-0.347598 -0.262717 -0.347598 -0.262717
-0.339016 -0.262717 -0.339016 -0.262717
-0.330433 -0.262717 -0.330433 -0.262717
-0.321850 -0.262717 -0.321850 -0.262717
-0.313268 -0.262717 -0.313268 -0.262717
-0.304685 -0.262717 0.333737 0.005521
-0.296102 -0.262717 1.682532 0.450080
-0.287520 -0.262717 -0.058935 -0.169953
-0.278937 -0.262717 -0.047898 -0.171420
-0.270354 -0.262717 1.100669 0.243528
-0.244606 -0.262717 0.151613 0.202042
-0.236024 -0.262717 0.652463 0.305232
-0.227441 -0.262717 0.617218 0.230001
-0.218858 -0.262717 0.625335 0.229730
-0.210276 -0.262717 0.633452 0.229458
-0.201693 -0.262717 0.641574 0.229188
-0.193110 -0.262717 0.649697 0.228925
-0.184528 -0.262717 0.657814 0.228653
-0.175945 -0.262717 0.419333 0.234257
-0.167362 -0.262717 0.428872 0.234602
-0.158780 -0.262717 0.438410 0.234946
-0.150197 -0.262717 0.447950 0.235290
-0.141614 -0.262717 0.457489 0.235635
-0.133031 -0.262717 0.467029 0.235980
-0.124449 -0.262717 0.217326 0.064954
-0.115866 -0.262717 0.226099 0.064922
-0.107283 -0.262717 0.234871 0.064889
-0.098701 -0.262717 0.243642 0.064856
-0.090118 -0.262717 0.252415 0.064823
-0.081535 -0.262717 0.093572 0.118500
-0.072953 -0.262717 0.102095 0.118368
-0.064370 -0.262717 0.110617 0.118235
-0.055787 -0.262717 0.119139 0.118104
-0.047205 -0.262717 0.127661 0.117973
-0.038622 -0.262717 0.136184 0.117842
-0.030039 -0.262717 0.144706 0.117710
-0.021457 -0.262717 -0.001563 0.111978
-0.012874 -0.262717 0.007014 0.112296
-0.004291 -0.262717 0.015592 0.112615
0.004291 -0.262717 -0.015590 0.112614
0.012874 -0.262717 -0.007014 0.112296
0.021457 -0.262717 0.001563 0.111978
0.030039 -0.262717 -0.144708 0.117711
0.038622 -0.262717 -0.136185 0.117842
0.047205 -0.262717 -0.127662 0.117974
0.055787 -0.262717 -0.119140 0.118106
0.064370 -0.262717 -0.110617 0.118237
0.072953 -0.262717 -0.102095 0.118368
0.081535 -0.262717 -0.093572 0.118499
0.090118 -0.262717 -0.252417 0.064823
0.098701 -0.262717 -0.243645 0.064855
0.107283 -0.262717 -0.234869 0.064889
0.115866 -0.262717 -0.226097 0.064921
0.124449 -0.262717 -0.217324 0.064954
0.133031 -0.262717 -0.467021 0.235975
0.141614 -0.262717 -0.457482 0.235631
0.150197 -0.262717 -0.447942 0.235286
0.158780 -0.262717 -0.438402 0.234941
0.167362 -0.262717 -0.428874 0.234599
0.175945 -0.262717 -0.419334 0.234254
0.184528 -0.262717 -0.657814 0.228650
0.193110 -0.262717 -0.649697 0.228921
0.201693 -0.262717 -0.641580 0.229193
0.210276 -0.262717 -0.633463 0.229465
0.218858 -0.262717 -0.625346 0.229736
0.227441 -0.262717 -0.617229 0.230008
0.236024 -0.262717 -0.652475 0.305240
0.244606 -0.262717 -0.151617 0.202043
0.270354 -0.262717 -1.100663 0.243529
0.278937 -0.262717 0.047857 -0.171441
0.287520 -0.262717 0.058918 -0.169948
0.296102 -0.262717 -1.682539 0.450083
0.304685 -0.262717 -0.333737 0.005523
0.313268 -0.262717 0.313268 -0.262717
0.321850 -0.262717 0.321850 -0.262717
0.330433 -0.262717 0.330433 -0.262717
0.339016 -0.262717 0.339016 -0.262717
0.347598 -0.262717 0.347598 -0.262717
0.356181 -0.262717 0.356181 -0.262717
0.364764 -0.262717 0.364764 -0.262717
0.373346 -0.262717 0.373346 -0.262717
0.381929 -0.262717 0.381929 -0.262717
0.390512 -0.262717 0.390512 -0.262717
0.399094 -0.262717 0.399094 -0.262717
0.407677 -0.262717 0.407677 -0.262717
0.416260 -0.262717 0.416260 -0.262717
0.424843 -0.262717 0.424843 -0.262717
0.433425 -0.262717 0.433425 -0.262717
0.442008 -0.262717 0.442008 -0.262717
0.450591 -0.262717 0.450591 -0.262717
0.459173 -0.262717 0.459173 -0.262717
0.467756 -0.262717 0.467756 -0.262717
0.476339 -0.262717 0.476339 -0.262717
0.484921 -0.262717 0.484921 -0.262717
0.493504 -0.262717 0.493504 -0.262717
0.502087 -0.262717 0.502087 -0.262717
0.510669 -0.262717 0.510669 -0.262717
0.519252 -0.262717 0.519252 -0.262717
0.527835 -0.262717 0.527835 -0.262717
0.536417 -0.262717 0.536417 -0.262717
0.545000 -0.262717 0.545000 -0.262717
-0.545000 -0.249409 -0.545000 -0.249409
-0.536417 -0.249409 -0.536417 -0.249409
-0.527835 -0.249409 -0.527835 -0.249409
-0.519252 -0.249409 -0.519252 -0.249409
-0.510669 -0.249409 -0.510669 -0.249409
-0.502087 -0.249409 -0.502087 -0.249409
-0.493504 -0.249409 -0.493504 -0.249409
-0.484921 -0.249409 -0.484921 -0.249409
-0.476339 -0.249409 -0.476339 -0.249409
-0.467756 -0.249409 -0.467756 -0.249409
-0.459173 -0.249409 -0.459173 -0.249409
-0.450591 -0.249409 -0.450591 -0.249409
-0.442008 -0.249409 -0.442008 -0.249409
-0.433425 -0.249409 -0.433425 -0.249409
-0.424843 -0.249409 -0.424843 -0.249409
-0.416260 -0.249409 -0.416260 -0.249409
-0.407677 -0.249409 -0.407677 -0.249409
-0.399094 -0.249409 -0.399094 -0.249409
-0.390512 -0.249409 -0.390512 -0.249409
-0.381929 -0.249409 -0.381929 -0.249409
-0.373346 -0.249409 -0.373346 -0.249409
-0.364764 -0.249409 -0.364764 -0.249409
-0.356181 -0.249409 -0.356181 -0.249409
-0.347598 -0.249409 -0.347598 -0.249409
-0.339016 -0.249409 -0.339016 -0.249409
-0.330433 -0.249409 -0.330433 -0.249409
-0.321850 -0.249409 -0.321850 -0.249409
-0.313268 -0.249409 -0.313268 -0.249409
-0.304685 -0.249409 -3.353124 0.095534
-0.296102 -0.249409 1.690551 0.463661
-0.287520 -0.249409 -0.052404 -0.157889
-0.278937 -0.249409 -0.041372 -0.159348
-0.270354 -0.249409 1.100061 0.255591
-0.261772 -0.249409 1.114803 0.255866
-0.253189 -0.249409 1.129538 0.256138
-0.244606 -0.249409 0.720928 0.313816
-0.236024 -0.249409 0.608679 0.243334
-0.227441 -0.249409 0.616802 0.243071
-0.218858 -0.249409 0.624919 0.242800
-0.210276 -0.249409 0.633036 0.242528
-0.201693 -0.249409 0.641158 0.242258
-0.193110 -0.249409 0.649275 0.241986
-0.184528 -0.249409 0.657393 0.241714
-0.175945 -0.249409 0.419580 0.247122
-0.167362 -0.249409 0.429117 0.247466
-0.158780 -0.249409 0.438657 0.247810
-0.150197 -0.249409 0.448197 0.248155
-0.141614 -0.249409 0.368667 0.087554
-0.133031 -0.249409 0.208358 0.077726
-0.124449 -0.249409 0.217131 0.077693
-0.115866 -0.249409 0.225903 0.077661
-0.107283 -0.249409 0.234674 0.077628
-0.098701 -0.249409 0.243446 0.077595
-0.090118 -0.249409 0.252219 0.077562
-0.081535 -0.249409 0.093369 0.131364
-0.072953 -0.249409 0.101891 0.131232
-0.064370 -0.249409 0.110412 0.131100
-0.055787 -0.249409 0.118934 0.130969
-0.047205 -0.249409 0.127458 0.130837
-0.038622 -0.249409 0.135980 0.130706
-0.030039 -0.249409 0.144503 0.130574
-0.021457 -0.249409 -0.001215 0.124880
-0.012874 -0.249409 0.007363 0.125198
-0.004291 -0.249409 0.015940 0.125517
0.004291 -0.249409 -0.015939 0.125516
0.012874 -0.249409 -0.007362 0.125198
0.021457 -0.249409 0.001215 0.124880
0.030039 -0.249409 -0.144504 0.130575
0.038622 -0.249409 -0.135981 0.130707
0.047205 -0.249409 -0.127458 0.130838
0.055787 -0.249409 -0.118936 0.130970
0.064370 -0.249409 -0.110414 0.131101
0.072953 -0.249409 -0.101891 0.131232
0.081535 -0.249409 -0.093369 0.131363
0.090118 -0.249409 -0.252221 0.077563
0.098701 -0.249409 -0.243448 0.077595
0.107283 -0.249409 -0.234674 0.077628
0.115866 -0.249409 -0.225901 0.077661
0.124449 -0.249409 -0.217129 0.077693
0.133031 -0.249409 -0.208356 0.077726
0.141614 -0.249409 -0.368660 0.087549
0.150197 -0.249409 -0.448189 0.248151
0.158780 -0.249409 -0.438649 0.247806
0.167362 -0.249409 -0.429121 0.247464
0.175945 -0.249409 -0.419581 0.247119
0.184528 -0.249409 -0.657393 0.241711
0.193110 -0.249409 -0.649276 0.241983
0.201693 -0.249409 -0.641159 0.242254
0.210276 -0.249409 -0.633042 0.242526
0.218858 -0.249409 -0.624925 0.242798
0.227441 -0.249409 -0.616807 0.243069
0.236024 -0.249409 -0.608690 0.243341
0.244606 -0.249409 -0.720924 0.313819
0.253189 -0.249409 -1.129542 0.256142
0.261772 -0.249409 -1.114797 0.255867
0.270354 -0.249409 -1.100055 0.255592
0.278937 -0.249409 0.041344 -0.159346
0.287520 -0.249409 0.052387 -0.157884
0.296102 -0.249409 -1.690552 0.463660
0.304685 -0.249409 3.353601 0.095586
0.313268 -0.249409 0.313268 -0.249409
0.321850 -0.249409 0.321850 -0.249409
0.330433 -0.249409 0.330433 -0.249409
0.339016 -0.249409 0.339016 -0.249409
0.347598 -0.249409 0.347598 -0.249409
0.356181 -0.249409 0.356181 -0.249409
0.364764 -0.249409 0.364764 -0.249409
0.373346 -0.249409 0.373346 -0.249409
0.381929 -0.249409 0.381929 -0.249409
0.390512 -0.249409 0.390512 -0.249409
0.399094 -0.249409 0.399094 -0.249409
0.407677 -0.249409 0.407677 -0.249409
0.416260 -0.249409 0.416260 -0.249409
0.424843 -0.249409 0.424843 -0.249409
0.433425 -0.249409 0.433425 -0.249409
0.442008 -0.249409 0.442008 -0.249409
0.450591 -0.249409 0.450591 -0.249409
0.459173 -0.249409 0.459173 -0.249409
0.467756 -0.249409 0.467756 -0.249409
0.476339 -0.249409 0.476339 -0.249409
0.484921 -0.249409 0.484921 -0.249409
0.493504 -0.249409 0.493504 -0.249409
0.502087 -0.249409 0.502087 -0.249409
0.510669 -0.249409 0.510669 -0.249409
0.519252 -0.249409 0.519252 -0.249409
0.527835 -0.249409 0.527835 -0.249409
0.536417 -0.249409 0.536417 -0.249409
0.545000 -0.249409 0.545000 -0.249409
-0.545000 -0.236102 -0.545000 -0.236102
-0.536417 -0.236102 -0.536417 -0.236102
-0.527835 -0.236102 -0.527835 -0.236102
-0.519252 -0.236102 -0.519252 -0.236102
-0.510669 -0.236102 -0.510669 -0.236102
-0.502087 -0.236102 -0.502087 -0.236102
-0.493504 -0.236102 -0.493504 -0.236102
-0.484921 -0.236102 -0.484921 -0.236102
-0.476339 -0.236102 -0.476339 -0.236102
-0.467756 -0.236102 -0.467756 -0.236102
-0.459173 -0.236102 -0.459173 -0.236102
-0.450591 -0.236102 -0.450591 -0.236102
-0.442008 -0.236102 -0.442008 -0.236102
-0.433425 -0.236102 -0.433425 -0.236102
-0.424843 -0.236102 -0.424843 -0.236102
-0.416260 -0.236102 -0.416260 -0.236102
-0.407677 -0.236102 -0.407677 -0.236102
-0.399094 -0.236102 -0.399094 -0.236102
-0.390512 -0.236102 -0.390512 -0.236102
-0.381929 -0.236102 -0.381929 -0.236102
-0.373346 -0.236102 -0.373346 -0.236102
-0.364764 -0.236102 -0.364764 -0.236102
-0.356181 -0.236102 -0.356181 -0.236102
-0.347598 -0.236102 -0.347598 -0.236102
-0.339016 -0.236102 -0.339016 -0.236102
-0.330433 -0.236102 -0.330433 -0.236102
-0.321850 -0.236102 -0.321850 -0.236102
-0.313268 -0.236102 -0.313268 -0.236102
-0.304685 -0.236102 0.248106 -0.072140
-0.296102 -0.236102 1.698564 0.477238
-0.287520 -0.236102 -0.045873 -0.145825
-0.278937 -0.236102 -0.034841 -0.147284
-0.270354 -0.236102 1.099453 0.267653
-0.261772 -0.236102 1.114189 0.267925
-0.253189 -0.236102 1.128931 0.268200
-0.244606 -0.236102 0.827026 0.079883
-0.236024 -0.236102 0.608264 0.256404
-0.227441 -0.236102 0.616381 0.256133
-0.218858 -0.236102 0.624498 0.255861
-0.210276 -0.236102 0.632615 0.255589
-0.201693 -0.236102 0.640737 0.255319
-0.193110 -0.236102 0.648854 0.255048
-0.184528 -0.236102 0.656972 0.254776
-0.175945 -0.236102 0.419827 0.259987
-0.167362 -0.236102 0.340225 0.099294
-0.158780 -0.236102 0.350039 0.099995
-0.150197 -0.236102 0.359853 0.100697
-0.141614 -0.236102 0.366470 0.060282
-0.133031 -0.236102 0.208162 0.090465
-0.124449 -0.236102 0.216935 0.090433
-0.115866 -0.236102 0.225707 0.090400
-0.107283 -0.236102 0.234478 0.090367
-0.098701 -0.236102 0.243251 0.090334
-0.090118 -0.236102 0.252023 0.090301
-0.081535 -0.236102 0.260796 0.090269
-0.072953 -0.236102 0.101686 0.144096
-0.064370 -0.236102 0.110208 0.143964
-0.055787 -0.236102 0.118731 0.143833
-0.047205 -0.236102 0.127253 0.143702
-0.038622 -0.236102 0.078370 0.018592
-0.030039 -0.236102 0.086986 0.018664
-0.021457 -0.236102 0.051281 0.018082
-0.012874 -0.236102 0.059911 0.018214
-0.004291 -0.236102 0.016288 0.138418
0.004291 -0.236102 -0.016287 0.138418
0.012874 -0.236102 -0.059910 0.018214
0.021457 -0.236102 -0.051280 0.018082
0.030039 -0.236102 -0.086984 0.018665
0.038622 -0.236102 -0.078370 0.018592
0.047205 -0.236102 -0.127255 0.143702
0.055787 -0.236102 -0.118733 0.143834
0.064370 -0.236102 -0.110210 0.143965
0.072953 -0.236102 -0.101688 0.144096
0.081535 -0.236102 -0.260798 0.090269
0.090118 -0.236102 -0.252025 0.090302
0.098701 -0.236102 -0.243253 0.090335
0.107283 -0.236102 -0.234478 0.090367
0.115866 -0.236102 -0.225706 0.090400
0.124449 -0.236102 -0.216933 0.090433
0.133031 -0.236102 -0.208161 0.090465
0.141614 -0.236102 -0.366468 0.060282
0.150197 -0.236102 -0.359846 0.100692
0.158780 -0.236102 -0.350032 0.099991
0.167362 -0.236102 -0.340218 0.099289
0.175945 -0.236102 -0.419828 0.259984
0.184528 -0.236102 -0.656972 0.254773
0.193110 -0.236102 -0.648855 0.255044
0.201693 -0.236102 -0.640738 0.255316
0.210276 -0.236102 -0.632621 0.255587
0.218858 -0.236102 -0.624504 0.255859
0.227441 -0.236102 -0.616386 0.256131
0.236024 -0.236102 -0.608269 0.256402
0.244606 -0.236102 -0.827026 0.079884
0.253189 -0.236102 -1.128932 0.268205
0.261772 -0.236102 -1.114190 0.267929
0.270354 -0.236102 -1.099448 0.267654
0.278937 -0.236102 0.034812 -0.147282
0.287520 -0.236102 0.045847 -0.145825
0.296102 -0.236102 -1.698565 0.477237
0.304685 -0.236102 -0.248099 -0.072142
0.313268 -0.236102 0.313268 -0.236102
0.321850 -0.236102 0.321850 -0.236102
0.330433 -0.236102 0.330433 -0.236102
0.339016 -0.236102 0.339016 -0.236102
0.347598 -0.236102 0.347598 -0.236102
0.356181 -0.236102 0.356181 -0.236102
0.364764 -0.236102 0.364764 -0.236102
0.373346 -0.236102 0.373346 -0.236102
0.381929 -0.236102 0.381929 -0.236102
0.390512 -0.236102 0.390512 -0.236102
0.399094 -0.236102 0.399094 -0.236102
0.407677 -0.236102 0.407677 -0.236102
0.416260 -0.236102 0.416260 -0.236102
0.424843 -0.236102 0.424843 -0.236102
0.433425 -0.236102 0.433425 -0.236102
0.442008 -0.236102 0.442008 -0.236102
0.450591 -0.236102 0.450591 -0.236102
0.459173 -0.236102 0.459173 -0.236102
0.467756 -0.236102 0.467756 -0.236102
0.476339 -0.236102 0.476339 -0.236102
0.484921 -0.236102 0.484921 -0.236102
0.493504 -0.236102 0.493504 -0.236102
0.502087 -0.236102 0.502087 -0.236102
0.510669 -0.236102 0.510669 -0.236102
0.519252 -0.236102 0.519252 -0.236102
0.527835 -0.236102 0.527835 -0.236102
0.536417 -0.236102 0.536417 -0.236102
0.545000 -0.236102 0.545000 -0.236102
-0.545000 -0.222795 -0.545000 -0.222795
-0.536417 -0.222795 -0.536417 -0.222795
-0.527835 -0.222795 -0.527835 -0.222795
-0.519252 -0.222795 -0.519252 -0.222795
-0.510669 -0.222795 -0.510669 -0.222795
-0.502087 -0.222795 -0.502087 -0.222795
-0.493504 -0.222795 -0.493504 -0.222795
-0.484921 -0.222795 -0.484921 -0.222795
-0.476339 -0.222795 -0.476339 -0.222795
-0.467756 -0.222795 -0.467756 -0.222795
-0.459173 -0.222795 -0.459173 -0.222795
-0.450591 -0.222795 -0.450591 -0.222795
-0.442008 -0.222795 -0.442008 -0.222795
-0.433425 -0.222795 -0.433425 -0.222795
-0.424843 -0.222795 -0.424843 -0.222795
-0.416260 -0.222795 -0.416260 -0.222795
-0.407677 -0.222795 -0.407677 -0.222795
-0.399094 -0.222795 -0.399094 -0.222795
-0.390512 -0.222795 -0.390512 -0.222795
-0.381929 -0.222795 -0.381929 -0.222795
-0.373346 -0.222795 -0.373346 -0.222795
-0.364764 -0.222795 -0.364764 -0.222795
-0.356181 -0.222795 -0.356181 -0.222795
-0.347598 -0.222795 -0.347598 -0.222795
-0.339016 -0.222795 -0.339016 -0.222795
-0.330433 -0.222795 -0.330433 -0.222795
-0.321850 -0.222795 -0.321850 -0.222795
-0.313268 -0.222795 0.325984 0.047534
-0.304685 -0.222795 2.517550 0.394457
-0.296102 -0.222795 0.491104 -2.944760
-0.287520 -0.222795 0.506760 -2.948507
-0.278937 -0.222795 -0.612827 -3.470666
-0.270354 -0.222795 1.098846 0.279716
-0.261772 -0.222795 1.113581 0.279988
-0.253189 -0.222795 1.128323 0.280263
-0.244606 -0.222795 0.825823 0.092566
-0.236024 -0.222795 0.834408 0.091986
-0.227441 -0.222795 0.842986 0.091405
-0.218858 -0.222795 0.624077 0.268922
-0.210276 -0.222795 0.632199 0.268652
-0.201693 -0.222795 0.640316 0.268381
-0.193110 -0.222795 0.648433 0.268109
-0.184528 -0.222795 0.656551 0.267837
-0.175945 -0.222795 0.380184 0.101617
-0.167362 -0.222795 0.341225 0.113138
-0.158780 -0.222795 0.351039 0.113840
-0.150197 -0.222795 0.357944 0.073622
-0.141614 -0.222795 0.365937 0.073278
-0.133031 -0.222795 0.373930 0.072934
-0.124449 -0.222795 0.216739 0.103172
-0.115866 -0.222795 0.225510 0.103139
-0.107283 -0.222795 0.234283 0.103106
-0.098701 -0.222795 0.243055 0.103073
-0.090118 -0.222795 0.251828 0.103041
-0.081535 -0.222795 0.260600 0.103008
-0.072953 -0.222795 0.101483 0.156960
-0.064370 -0.222795 0.052633 0.031927
-0.055787 -0.222795 0.061249 0.032000
-0.047205 -0.222795 0.069865 0.032073
-0.038622 -0.222795 0.078482 0.032146
-0.030039 -0.222795 0.087099 0.032217
-0.021457 -0.222795 0.051443 0.031637
-0.012874 -0.222795 0.060073 0.031769
-0.004291 -0.222795 0.068703 0.031902
0.004291 -0.222795 -0.068702 0.031902
0.012874 -0.222795 -0.060072 0.031769
0.021457 -0.222795 -0.051442 0.031637
0.030039 -0.222795 -0.087097 0.032217
0.038622 -0.222795 -0.078483 0.032145
0.047205 -0.222795 -0.069867 0.032072
0.055787 -0.222795 -0.061251 0.031999
0.064370 -0.222795 -0.052634 0.031927
0.072953 -0.222795 -0.101484 0.156960
0.081535 -0.222795 -0.260602 0.103008
0.090118 -0.222795 -0.251830 0.103041
0.098701 -0.222795 -0.243057 0.103074
0.107283 -0.222795 -0.234283 0.103106
0.115866 -0.222795 -0.225510 0.103139
0.124449 -0.222795 -0.216738 0.103172
0.133031 -0.222795 -0.373928 0.072934
0.141614 -0.222795 -0.365935 0.073278
0.150197 -0.222795 -0.357941 0.073622
0.158780 -0.222795 -0.351032 0.113835
0.167362 -0.222795 -0.341218 0.113134
0.175945 -0.222795 -0.380187 0.101614
0.184528 -0.222795 -0.656551 0.267832
0.193110 -0.222795 -0.648434 0.268104
0.201693 -0.222795 -0.640316 0.268376
0.210276 -0.222795 -0.632199 0.268647
0.218858 -0.222795 -0.624082 0.268919
0.227441 -0.222795 -0.842982 0.091404
0.236024 -0.222795 -0.834404 0.091985
0.244606 -0.222795 -0.825823 0.092566
0.253189 -0.222795 -1.128324 0.280267
0.261772 -0.222795 -1.113582 0.279992
0.270354 -0.222795 -1.098840 0.279717
0.278937 -0.222795 0.612838 -3.470681
0.287520 -0.222795 -0.506764 -2.948516
0.296102 -0.222795 -0.491120 -2.944769
0.304685 -0.222795 -2.517550 0.394457
0.313268 -0.222795 -0.325984 0.047536
0.321850 -0.222795 0.321850 -0.222795
0.330433 -0.222795 0.330433 -0.222795
0.339016 -0.222795 0.339016 -0.222795
0.347598 -0.222795 0.347598 -0.222795
0.356181 -0.222795 0.356181 -0.222795
0.364764 -0.222795 0.364764 -0.222795
0.373346 -0.222795 0.373346 -0.222795
0.381929 -0.222795 0.381929 -0.222795
0.390512 -0.222795 0.390512 -0.222795
0.399094 -0.222795 0.399094 -0.222795
0.407677 -0.222795 0.407677 -0.222795
0.416260 -0.222795 0.416260 -0.222795
0.424843 -0.222795 0.424843 -0.222795
0.433425 -0.222795 0.433425 -0.222795
0.442008 -0.222795 0.442008 -0.222795
0.450591 -0.222795 0.450591 -0.222795
0.459173 -0.222795 0.459173 -0.222795
0.467756 -0.222795 0.467756 -0.222795
0.476339 -0.222795 0.476339 -0.222795
0.484921 -0.222795 0.484921 -0.222795
0.493504 -0.222795 0.493504 -0.222795
0.502087 -0.222795 0.502087 -0.222795
0.510669 -0.222795 0.510669 -0.222795
0.519252 -0.222795 0.519252 -0.222795
0.527835 -0.222795 0.527835 -0.222795
0.536417 -0.222795 0.536417 -0.222795
0.545000 -0.222795 0.545000 -0.222795
-0.545000 -0.209488 -0.545000 -0.209488
-0.536417 -0.209488 -0.536417 -0.209488
-0.527835 -0.209488 -0.527835 -0.209488
-0.519252 -0.209488 -0.519252 -0.209488
-0.510669 -0.209488 -0.510669 -0.209488
-0.502087 -0.209488 -0.502087 -0.209488
-0.493504 -0.209488 -0.493504 -0.209488
-0.484921 -0.209488 -0.484921 -0.209488
-0.476339 -0.209488 -0.476339 -0.209488
-0.467756 -0.209488 -0.467756 -0.209488
-0.459173 -0.209488 -0.459173 -0.209488
-0.450591 -0.209488 -0.450591 -0.209488
-0.442008 -0.209488 -0.442008 -0.209488
-0.433425 -0.209488 -0.433425 -0.209488
-0.424843 -0.209488 -0.424843 -0.209488
-0.416260 -0.209488 -0.416260 -0.209488
-0.407677 -0.209488 -0.407677 -0.209488
-0.399094 -0.209488 -0.399094 -0.209488
-0.390512 -0.209488 -0.390512 -0.209488
-0.381929 -0.209488 -0.381929 -0.209488
-0.373346 -0.209488 -0.373346 -0.209488
-0.364764 -0.209488 -0.364764 -0.209488
-0.356181 -0.209488 -0.356181 -0.209488
-0.347598 -0.209488 -0.347598 -0.209488
-0.339016 -0.209488 -0.339016 -0.209488
-0.330433 -0.209488 -0.330433 -0.209488
-0.321850 -0.209488 -0.321850 -0.209488
-0.313268 -0.209488 -3.331459 0.133562
-0.304685 -0.209488 1.870452 0.266837
-0.296102 -0.209488 0.353637 -1.407844
-0.287520 -0.209488 0.367344 -1.402236
-0.278937 -0.209488 -0.535592 -2.341910
-0.270354 -0.209488 1.098232 0.291775
-0.261772 -0.209488 1.112974 0.292050
-0.253189 -0.209488 0.902740 0.038014
-0.244606 -0.209488 0.824620 0.105248
-0.236024 -0.209488 0.833205 0.104669
-0.227441 -0.209488 0.841783 0.104087
-0.218858 -0.209488 0.850361 0.103506
-0.210276 -0.209488 0.631778 0.281714
-0.201693 -0.209488 0.639895 0.281442
-0.193110 -0.209488 0.648012 0.281170
-0.184528 -0.209488 0.371498 0.114863
-0.175945 -0.209488 0.381169 0.115498
-0.167362 -0.209488 0.342226 0.126983
-0.158780 -0.209488 0.349418 0.086962
-0.150197 -0.209488 0.357411 0.086618
-0.141614 -0.209488 0.365404 0.086274
-0.133031 -0.209488 0.373397 0.085931
-0.124449 -0.209488 0.216544 0.115911
-0.115866 -0.209488 0.225315 0.115878
-0.107283 -0.209488 0.234087 0.115845
-0.098701 -0.209488 0.180759 -0.010653
-0.090118 -0.209488 0.189666 -0.010476
-0.081535 -0.209488 0.198573 -0.010299
-0.072953 -0.209488 0.207480 -0.010122
-0.064370 -0.209488 0.052746 0.045480
-0.055787 -0.209488 0.061362 0.045553
-0.047205 -0.209488 0.069978 0.045626
-0.038622 -0.209488 0.078595 0.045699
-0.030039 -0.209488 0.087211 0.045771
-0.021457 -0.209488 0.051604 0.045193
-0.012874 -0.209488 0.060235 0.045324
-0.004291 -0.209488 0.068865 0.045457
0.004291 -0.209488 -0.068863 0.045457
0.012874 -0.209488 -0.060233 0.045324
0.021457 -0.209488 -0.051603 0.045192
0.030039 -0.209488 -0.087210 0.045770
0.038622 -0.209488 -0.078594 0.045698
0.047205 -0.209488 -0.069980 0.045625
0.055787 -0.209488 -0.061364 0.045552
0.064370 -0.209488 -0.052747 0.045480
0.072953 -0.209488 -0.207481 -0.010122
0.081535 -0.209488 -0.198574 -0.010299
0.090118 -0.209488 -0.189667 -0.010476
0.098701 -0.209488 -0.180760 -0.010653
0.107283 -0.209488 -0.234087 0.115846
0.115866 -0.209488 -0.225314 0.115878
0.124449 -0.209488 -0.216542 0.115911
0.133031 -0.209488 -0.373395 0.085930
0.141614 -0.209488 -0.365401 0.086274
0.150197 -0.209488 -0.357408 0.086618
0.158780 -0.209488 -0.349415 0.086962
0.167362 -0.209488 -0.342218 0.126978
0.175945 -0.209488 -0.381172 0.115495
0.184528 -0.209488 -0.371500 0.114860
0.193110 -0.209488 -0.648013 0.281165
0.201693 -0.209488 -0.639895 0.281437
0.210276 -0.209488 -0.631778 0.281709
0.218858 -0.209488 -0.850357 0.103505
0.227441 -0.209488 -0.841779 0.104087
0.236024 -0.209488 -0.833201 0.104668
0.244606 -0.209488 -0.824620 0.105249
0.253189 -0.209488 -0.902731 0.038013
0.261772 -0.209488 -1.112975 0.292054
0.270354 -0.209488 -1.098233 0.291779
0.278937 -0.209488 0.535625 -2.341944
0.287520 -0.209488 -0.367352 -1.402254
0.296102 -0.209488 -0.353653 -1.407857
0.304685 -0.209488 -1.870452 0.266837
0.313268 -0.209488 3.331485 0.133569
0.321850 -0.209488 0.321850 -0.209488
0.330433 -0.209488 0.330433 -0.209488
0.339016 -0.209488 0.339016 -0.209488
0.347598 -0.209488 0.347598 -0.209488
0.356181 -0.209488 0.356181 -0.209488
0.364764 -0.209488 0.364764 -0.209488
0.373346 -0.209488 0.373346 -0.209488
0.381929 -0.209488 0.381929 -0.209488
0.390512 -0.209488 0.390512 -0.209488
0.399094 -0.209488 0.399094 -0.209488
0.407677 -0.209488 0.407677 -0.209488
0.416260 -0.209488 0.416260 -0.209488
0.424843 -0.209488 0.424843 -0.209488
0.433425 -0.209488 0.433425 -0.209488
0.442008 -0.209488 0.442008 -0.209488
0.450591 -0.209488 0.450591 -0.209488
0.459173 -0.209488 0.459173 -0.209488
0.467756 -0.209488 0.467756 -0.209488
0.476339 -0.209488 0.476339 -0.209488
0.484921 -0.209488 0.484921 -0.209488
0.493504 -0.209488 0.493504 -0.209488
0.502087 -0.209488 0.502087 -0.209488
0.510669 -0.209488 0.510669 -0.209488
0.519252 -0.209488 0.519252 -0.209488
0.527835 -0.209488 0.527835 -0.209488
0.536417 -0.209488 0.536417 -0.209488
0.545000 -0.209488 0.545000 -0.209488
-0.545000 -0.196181 -0.545000 -0.196181
-0.536417 -0.196181 -0.536417 -0.196181
-0.527835 -0.196181 -0.527835 -0.196181
-0.519252 -0.196181 -0.519252 -0.196181
-0.510669 -0.196181 -0.510669 -0.196181
-0.502087 -0.196181 -0.502087 -0.196181
-0.493504 -0.196181 -0.493504 -0.196181
-0.484921 -0.196181 -0.484921 -0.196181
-0.476339 -0.196181 -0.476339 -0.196181
-0.467756 -0.196181 -0.467756 -0.196181
-0.459173 -0.196181 -0.459173 -0.196181
-0.450591 -0.196181 -0.450591 -0.196181
-0.442008 -0.196181 -0.442008 -0.196181
-0.433425 -0.196181 -0.433425 -0.196181
-0.424843 -0.196181 -0.424843 -0.196181
-0.416260 -0.196181 -0.416260 -0.196181
-0.407677 -0.196181 -0.407677 -0.196181
-0.399094 -0.196181 -0.399094 -0.196181
-0.390512 -0.196181 -0.390512 -0.196181
-0.381929 -0.196181 -0.381929 -0.196181
-0.373346 -0.196181 -0.373346 -0.196181
-0.364764 -0.196181 -0.364764 -0.196181
-0.356181 -0.196181 -0.356181 -0.196181
-0.347598 -0.196181 -0.347598 -0.196181
-0.339016 -0.196181 -0.339016 -0.196181
-0.330433 -0.196181 -0.330433 -0.196181
-0.321850 -0.196181 -0.321850 -0.196181
-0.313268 -0.196181 2.486556 0.417427
-0.304685 -0.196181 1.879588 0.281464
-0.296102 -0.196181 0.362366 -1.422358
-0.287520 -0.196181 0.376073 -1.416750
-0.278937 -0.196181 0.212653 0.220960
-0.270354 -0.196181 0.872249 0.049252
-0.261772 -0.196181 0.888196 0.050358
-0.253189 -0.196181 0.904135 0.051461
-0.244606 -0.196181 0.823417 0.117931
-0.236024 -0.196181 0.832002 0.117351
-0.227441 -0.196181 0.840580 0.116770
-0.218858 -0.196181 0.849157 0.116189
-0.210276 -0.196181 0.550309 0.111556
-0.201693 -0.196181 0.560838 0.111587
-0.193110 -0.196181 0.362811 0.128109
-0.184528 -0.196181 0.372482 0.128744
-0.175945 -0.196181 0.382153 0.129380
-0.167362 -0.196181 0.343226 0.140827
-0.158780 -0.196181 0.348884 0.099958
-0.150197 -0.196181 0.356878 0.099614
-0.141614 -0.196181 0.364871 0.099270
-0.133031 -0.196181 0.372864 0.098927
-0.124449 -0.196181 0.195240 -0.009694
-0.115866 -0.196181 0.163175 0.002396
-0.107283 -0.196181 0.172082 0.002573
-0.098701 -0.196181 0.180989 0.002750
-0.090118 -0.196181 0.189896 0.002927
-0.081535 -0.196181 0.198803 0.003104
-0.072953 -0.196181 0.207711 0.003281
-0.064370 -0.196181 0.052859 0.059033
-0.055787 -0.196181 0.061475 0.059106
-0.047205 -0.196181 0.070091 0.059179
-0.038622 -0.196181 0.078707 0.059252
-0.030039 -0.196181 0.087324 0.059324
-0.021457 -0.196181 0.051765 0.058748
-0.012874 -0.196181 0.060395 0.058880
-0.004291 -0.196181 0.069026 0.059012
0.004291 -0.196181 -0.069025 0.059012
0.012874 -0.196181 -0.060395 0.058880
0.021457 -0.196181 -0.051765 0.058747
0.030039 -0.196181 -0.087323 0.059323
0.038622 -0.196181 -0.078707 0.059251
0.047205 -0.196181 -0.070093 0.059178
0.055787 -0.196181 -0.061476 0.059105
0.064370 -0.196181 -0.052860 0.059033
0.072953 -0.196181 -0.207712 0.003280
0.081535 -0.196181 -0.198805 0.003103
0.090118 -0.196181 -0.189898 0.002926
0.098701 -0.196181 -0.180988 0.002749
0.107283 -0.196181 -0.172081 0.002573
0.115866 -0.196181 -0.163174 0.002396
0.124449 -0.196181 -0.195240 -0.009694
0.133031 -0.196181 -0.372861 0.098925
0.141614 -0.196181 -0.364868 0.099269
0.150197 -0.196181 -0.356875 0.099613
0.158780 -0.196181 -0.348882 0.099957
0.167362 -0.196181 -0.343218 0.140822
0.175945 -0.196181 -0.382156 0.129376
0.184528 -0.196181 -0.372485 0.128741
0.193110 -0.196181 -0.362814 0.128106
0.201693 -0.196181 -0.560839 0.111587
0.210276 -0.196181 -0.550308 0.111555
0.218858 -0.196181 -0.849154 0.116188
0.227441 -0.196181 -0.840576 0.116769
0.236024 -0.196181 -0.831998 0.117350
0.244606 -0.196181 -0.823417 0.117931
0.253189 -0.196181 -0.904127 0.051459
0.261772 -0.196181 -0.888187 0.050356
0.270354 -0.196181 -0.872248 0.049253
0.278937 -0.196181 -0.212661 0.220958
0.287520 -0.196181 -0.376048 -1.416755
0.296102 -0.196181 -0.362378 -1.422361
0.304685 -0.196181 -1.879588 0.281464
0.313268 -0.196181 -2.486556 0.417427
0.321850 -0.196181 0.321850 -0.196181
0.330433 -0.196181 0.330433 -0.196181
0.339016 -0.196181 0.339016 -0.196181
0.347598 -0.196181 0.347598 -0.196181
0.356181 -0.196181 0.356181 -0.196181
0.364764 -0.196181 0.364764 -0.196181
0.373346 -0.196181 0.373346 -0.196181
0.381929 -0.196181 0.381929 -0.196181
0.390512 -0.196181 0.390512 -0.196181
0.399094 -0.196181 0.399094 -0.196181
0.407677 -0.196181 0.407677 -0.196181
0.416260 -0.196181 0.416260 -0.196181
0.424843 -0.196181 0.424843 -0.196181
0.433425 -0.196181 0.433425 -0.196181
0.442008 -0.196181 0.442008 -0.196181
0.450591 -0.196181 0.450591 -0.196181
0.459173 -0.196181 0.459173 -0.196181
0.467756 -0.196181 0.467756 -0.196181
0.476339 -0.196181 0.476339 -0.196181
0.484921 -0.196181 0.484921 -0.196181
0.493504 -0.196181 0.493504 -0.196181
0.502087 -0.196181 0.502087 -0.196181
0.510669 -0.196181 0.510669 -0.196181
0.519252 -0.196181 0.519252 -0.196181
0.527835 -0.196181 0.527835 -0.196181
0.536417 -0.196181 0.536417 -0.196181
0.545000 -0.196181 0.545000 -0.196181
-0.545000 -0.182874 -0.545000 -0.182874
-0.536417 -0.182874 -0.536417 -0.182874
-0.527835 -0.182874 -0.527835 -0.182874
-0.519252 -0.182874 -0.519252 -0.182874
-0.510669 -0.182874 -0.510669 -0.182874
-0.502087 -0.182874 -0.502087 -0.182874
-0.493504 -0.182874 -0.493504 -0.182874
-0.484921 -0.182874 -0.484921 -0.182874
-0.476339 -0.182874 -0.476339 -0.182874
-0.467756 -0.182874 -0.467756 -0.182874
-0.459173 -0.182874 -0.459173 -0.182874
-0.450591 -0.182874 -0.450591 -0.182874
-0.442008 -0.182874 -0.442008 -0.182874
-0.433425 -0.182874 -0.433425 -0.182874
-0.424843 -0.182874 -0.424843 -0.182874
-0.416260 -0.182874 -0.416260 -0.182874
-0.407677 -0.182874 -0.407677 -0.182874
-0.399094 -0.182874 -0.399094 -0.182874
-0.390512 -0.182874 -0.390512 -0.182874
-0.381929 -0.182874 -0.381929 -0.182874
-0.373346 -0.182874 -0.373346 -0.182874
-0.364764 -0.182874 -0.364764 -0.182874
-0.356181 -0.182874 -0.356181 -0.182874
-0.347598 -0.182874 -0.347598 -0.182874
-0.339016 -0.182874 -0.339016 -0.182874
-0.330433 -0.182874 -0.330433 -0.182874
-0.321850 -0.182874 -0.321850 -0.182874
-0.313268 -0.182874 2.493844 0.431590
-0.304685 -0.182874 1.888725 0.296090
-0.287520 -0.182874 0.227256 0.227608
-0.278937 -0.182874 0.964074 0.054259
-0.270354 -0.182874 0.873644 0.062698
-0.261772 -0.182874 0.889591 0.063805
-0.253189 -0.182874 0.813636 0.131195
-0.244606 -0.182874 0.822214 0.130614
-0.236024 -0.182874 0.830799 0.130034
-0.227441 -0.182874 0.839376 0.129453
-0.218858 -0.182874 0.847954 0.128871
-0.210276 -0.182874 0.458547 -0.027192
-0.201693 -0.182874 0.469402 -0.026859
-0.193110 -0.182874 0.480256 -0.026526
-0.184528 -0.182874 0.373467 0.142626
-0.175945 -0.182874 0.383138 0.143261
-0.167362 -0.182874 0.340355 0.113298
-0.158780 -0.182874 0.348351 0.112954
-0.150197 -0.182874 0.356344 0.112610
-0.141614 -0.182874 0.364338 0.112267
-0.133031 -0.182874 0.186635 0.003600
-0.124449 -0.182874 0.195458 0.003740
-0.115866 -0.182874 0.163405 0.015799
-0.107283 -0.182874 0.172312 0.015975
-0.098701 -0.182874 0.181220 0.016152
-0.090118 -0.182874 0.190127 0.016329
-0.081535 -0.182874 0.199034 0.016506
-0.072953 -0.182874 0.207941 0.016683
-0.064370 -0.182874 0.171381 0.015283
-0.055787 -0.182874 0.061588 0.072659
-0.047205 -0.182874 0.070204 0.072732
-0.038622 -0.182874 0.078820 0.072804
-0.030039 -0.182874 0.087437 0.072877
-0.021457 -0.182874 0.051927 0.072303
-0.012874 -0.182874 0.060557 0.072436
-0.004291 -0.182874 0.004061 -0.071260
0.004291 -0.182874 -0.004061 -0.071260
0.012874 -0.182874 -0.060556 0.072435
0.021457 -0.182874 -0.051927 0.072302
0.030039 -0.182874 -0.087436 0.072876
0.038622 -0.182874 -0.078820 0.072804
0.047205 -0.182874 -0.070204 0.072731
0.055787 -0.182874 -0.061589 0.072658
0.064370 -0.182874 -0.171382 0.015283
0.072953 -0.182874 -0.207942 0.016683
0.081535 -0.182874 -0.199035 0.016506
0.090118 -0.182874 -0.190128 0.016329
0.098701 -0.182874 -0.181219 0.016152
0.107283 -0.182874 -0.172312 0.015975
0.115866 -0.182874 -0.163405 0.015798
0.124449 -0.182874 -0.195457 0.003740
0.133031 -0.182874 -0.186634 0.003599
0.141614 -0.182874 -0.364335 0.112265
0.150197 -0.182874 -0.356342 0.112609
0.158780 -0.182874 -0.348349 0.112953
0.167362 -0.182874 -0.340355 0.113297
0.175945 -0.182874 -0.383130 0.143256
0.184528 -0.182874 -0.373470 0.142623
0.193110 -0.182874 -0.480257 -0.026526
0.201693 -0.182874 -0.469402 -0.026859
0.210276 -0.182874 -0.458548 -0.027192
0.218858 -0.182874 -0.847951 0.128869
0.227441 -0.182874 -0.839373 0.129450
0.236024 -0.182874 -0.830791 0.130031
0.244606 -0.182874 -0.822213 0.130612
0.253189 -0.182874 -0.813635 0.131193
0.261772 -0.182874 -0.889582 0.063803
0.270354 -0.182874 -0.873643 0.062700
0.278937 -0.182874 -0.964073 0.054261
0.287520 -0.182874 -0.227255 0.227606
0.304685 -0.182874 -1.888725 0.296090
0.313268 -0.182874 -2.493844 0.431590
0.321850 -0.182874 0.321850 -0.182874
0.330433 -0.182874 0.330433 -0.182874
0.339016 -0.182874 0.339016 -0.182874
0.347598 -0.182874 0.347598 -0.182874
0.356181 -0.182874 0.356181 -0.182874
0.364764 -0.182874 0.364764 -0.182874
0.373346 -0.182874 0.373346 -0.182874
0.381929 -0.182874 0.381929 -0.182874
0.390512 -0.182874 0.390512 -0.182874
0.399094 -0.182874 0.399094 -0.182874
0.407677 -0.182874 0.407677 -0.182874
0.416260 -0.182874 0.416260 -0.182874
0.424843 -0.182874 0.424843 -0.182874
0.433425 -0.182874 0.433425 -0.182874
0.442008 -0.182874 0.442008 -0.182874
0.450591 -0.182874 0.450591 -0.182874
0.459173 -0.182874 0.459173 -0.182874
0.467756 -0.182874 0.467756 -0.182874
0.476339 -0.182874 0.476339 -0.182874
0.484921 -0.182874 0.484921 -0.182874
0.493504 -0.182874 0.493504 -0.182874
0.502087 -0.182874 0.502087 -0.182874
0.510669 -0.182874 0.510669 -0.182874
0.519252 -0.182874 0.519252 -0.182874
0.527835 -0.182874 0.527835 -0.182874
0.536417 -0.182874 0.536417 -0.182874
0.545000 -0.182874 0.545000 -0.182874
-0.545000 -0.169567 -0.545000 -0.169567
-0.536417 -0.169567 -0.536417 -0.169567
-0.527835 -0.169567 -0.527835 -0.169567
-0.519252 -0.169567 -0.519252 -0.169567
-0.510669 -0.169567 -0.510669 -0.169567
-0.502087 -0.169567 -0.502087 -0.169567
-0.493504 -0.169567 -0.493504 -0.169567
-0.484921 -0.169567 -0.484921 -0.169567
-0.476339 -0.169567 -0.476339 -0.169567
-0.467756 -0.169567 -0.467756 -0.169567
-0.459173 -0.169567 -0.459173 -0.169567
-0.450591 -0.169567 -0.450591 -0.169567
-0.442008 -0.169567 -0.442008 -0.169567
-0.433425 -0.169567 -0.433425 -0.169567
-0.424843 -0.169567 -0.424843 -0.169567
-0.416260 -0.169567 -0.416260 -0.169567
-0.407677 -0.169567 -0.407677 -0.169567
-0.399094 -0.169567 -0.399094 -0.169567
-0.390512 -0.169567 -0.390512 -0.169567
-0.381929 -0.169567 -0.381929 -0.169567
-0.373346 -0.169567 -0.373346 -0.169567
-0.364764 -0.169567 -0.364764 -0.169567
-0.356181 -0.169567 -0.356181 -0.169567
-0.347598 -0.169567 -0.347598 -0.169567
-0.339016 -0.169567 -0.339016 -0.169567
-0.330433 -0.169567 -0.330433 -0.169567
-0.321850 -0.169567 -0.229251 0.090987
-0.313268 -0.169567 2.501133 0.445753
-0.278937 -0.169567 0.965415 0.067732
-0.270354 -0.169567 0.875047 0.076148
-0.261772 -0.169567 0.890986 0.077251
-0.253189 -0.169567 0.812433 0.143877
-0.244606 -0.169567 0.821011 0.143296
-0.236024 -0.169567 0.829595 0.142716
-0.227441 -0.169567 0.838173 0.142135
-0.218858 -0.169567 0.503900 -0.025562
-0.210276 -0.169567 0.514556 -0.025273
-0.201693 -0.169567 0.469765 -0.013551
-0.193110 -0.169567 0.480619 -0.013218
-0.184528 -0.169567 0.491474 -0.012885
-0.175945 -0.169567 0.436383 0.031708
-0.167362 -0.169567 0.339822 0.126293
-0.158780 -0.169567 0.347818 0.125949
-0.150197 -0.169567 0.355811 0.125605
-0.141614 -0.169567 0.178029 0.016892
-0.133031 -0.169567 0.186853 0.017033
-0.124449 -0.169567 0.195676 0.017174
-0.115866 -0.169567 0.204500 0.017315
-0.107283 -0.169567 0.172543 0.029378
-0.098701 -0.169567 0.181450 0.029555
-0.090118 -0.169567 0.190357 0.029732
-0.081535 -0.169567 0.199264 0.029909
-0.072953 -0.169567 0.208172 0.030086
-0.064370 -0.169567 0.171662 0.028690
-0.055787 -0.169567 0.061701 0.086212
-0.047205 -0.169567 0.070317 0.086285
-0.038622 -0.169567 0.078933 0.086357
-0.030039 -0.169567 0.021281 -0.057839
-0.021457 -0.169567 0.029860 -0.057848
-0.012874 -0.169567 0.038439 -0.057857
-0.004291 -0.169567 0.004092 -0.057983
0.004291 -0.169567 -0.004092 -0.057983
0.012874 -0.169567 -0.038439 -0.057857
0.021457 -0.169567 -0.029860 -0.057848
0.030039 -0.169567 -0.021281 -0.057839
0.038622 -0.169567 -0.078933 0.086357
0.047205 -0.169567 -0.070317 0.086284
0.055787 -0.169567 -0.061702 0.086211
0.064370 -0.169567 -0.171664 0.028690
0.072953 -0.169567 -0.208173 0.030085
0.081535 -0.169567 -0.199266 0.029908
0.090118 -0.169567 -0.190359 0.029731
0.098701 -0.169567 -0.181449 0.029554
0.107283 -0.169567 -0.172542 0.029377
0.115866 -0.169567 -0.204499 0.017314
0.124449 -0.169567 -0.195675 0.017174
0.133031 -0.169567 -0.186852 0.017033
0.141614 -0.169567 -0.178028 0.016893
0.150197 -0.169567 -0.355809 0.125605
0.158780 -0.169567 -0.347816 0.125949
0.167362 -0.169567 -0.339822 0.126293
0.175945 -0.169567 -0.436380 0.031706
0.184528 -0.169567 -0.491475 -0.012886
0.193110 -0.169567 -0.480620 -0.013219
0.201693 -0.169567 -0.469765 -0.013552
0.210276 -0.169567 -0.514557 -0.025274
0.218858 -0.169567 -0.503901 -0.025562
0.227441 -0.169567 -0.838170 0.142132
0.236024 -0.169567 -0.829588 0.142714
0.244606 -0.169567 -0.821010 0.143295
0.253189 -0.169567 -0.812432 0.143876
0.261772 -0.169567 -0.890978 0.077250
0.270354 -0.169567 -0.875038 0.076147
0.278937 -0.169567 -0.965414 0.067733
0.313268 -0.169567 -2.501132 0.445753
0.321850 -0.169567 0.229241 0.090981
0.330433 -0.169567 0.330433 -0.169567
0.339016 -0.169567 0.339016 -0.169567
0.347598 -0.169567 0.347598 -0.169567
0.356181 -0.169567 0.356181 -0.169567
0.364764 -0.169567 0.364764 -0.169567
0.373346 -0.169567 0.373346 -0.169567
0.381929 -0.169567 0.381929 -0.169567
0.390512 -0.169567 0.390512 -0.169567
0.399094 -0.169567 0.399094 -0.169567
0.407677 -0.169567 0.407677 -0.169567
0.416260 -0.169567 0.416260 -0.169567
0.424843 -0.169567 0.424843 -0.169567
0.433425 -0.169567 0.433425 -0.169567
0.442008 -0.169567 0.442008 -0.169567
0.450591 -0.169567 0.450591 -0.169567
0.459173 -0.169567 0.459173 -0.169567
0.467756 -0.169567 0.467756 -0.169567
0.476339 -0.169567 0.476339 -0.169567
0.484921 -0.169567 0.484921 -0.169567
0.493504 -0.169567 0.493504 -0.169567
0.502087 -0.169567 0.502087 -0.169567
0.510669 -0.169567 0.510669 -0.169567
0.519252 -0.169567 0.519252 -0.169567
0.527835 -0.169567 0.527835 -0.169567
0.536417 -0.169567 0.536417 -0.169567
0.545000 -0.169567 0.545000 -0.169567
-0.545000 -0.156260 -0.545000 -0.156260
-0.536417 -0.156260 -0.536417 -0.156260
-0.527835 -0.156260 -0.527835 -0.156260
-0.519252 -0.156260 -0.519252 -0.156260
-0.510669 -0.156260 -0.510669 -0.156260
-0.502087 -0.156260 -0.502087 -0.156260
-0.493504 -0.156260 -0.493504 -0.156260
-0.484921 -0.156260 -0.484921 -0.156260
-0.476339 -0.156260 -0.476339 -0.156260
-0.467756 -0.156260 -0.467756 -0.156260
-0.459173 -0.156260 -0.459173 -0.156260
-0.450591 -0.156260 -0.450591 -0.156260
-0.442008 -0.156260 -0.442008 -0.156260
-0.433425 -0.156260 -0.433425 -0.156260
-0.424843 -0.156260 -0.424843 -0.156260
-0.416260 -0.156260 -0.416260 -0.156260
-0.407677 -0.156260 -0.407677 -0.156260
-0.399094 -0.156260 -0.399094 -0.156260
-0.390512 -0.156260 -0.390512 -0.156260
-0.381929 -0.156260 -0.381929 -0.156260
-0.373346 -0.156260 -0.373346 -0.156260
-0.364764 -0.156260 -0.364764 -0.156260
-0.356181 -0.156260 -0.356181 -0.156260
-0.347598 -0.156260 -0.347598 -0.156260
-0.339016 -0.156260 -0.339016 -0.156260
-0.330433 -0.156260 -0.330433 -0.156260
-0.321850 -0.156260 0.874075 -0.105903
-0.313268 -0.156260 1.856227 0.318575
-0.287520 -0.156260 0.951423 0.080225
-0.278937 -0.156260 0.966756 0.081204
-0.270354 -0.156260 0.876442 0.089595
-0.261772 -0.156260 0.892382 0.090698
-0.253189 -0.156260 0.811230 0.156560
-0.244606 -0.156260 0.819808 0.155979
-0.236024 -0.156260 0.828392 0.155399
-0.227441 -0.156260 0.836970 0.154818
-0.218858 -0.156260 0.504260 -0.012225
-0.210276 -0.156260 0.514915 -0.011937
-0.201693 -0.156260 0.470128 -0.000243
-0.193110 -0.156260 0.480982 0.000090
-0.184528 -0.156260 0.491835 0.000422
-0.175945 -0.156260 0.435615 0.044612
-0.167362 -0.156260 0.443765 0.044214
-0.158780 -0.156260 0.451916 0.043815
-0.150197 -0.156260 0.355278 0.138601
-0.141614 -0.156260 0.178247 0.030326
-0.133031 -0.156260 0.187071 0.030467
-0.124449 -0.156260 0.195894 0.030607
-0.115866 -0.156260 0.204718 0.030748
-0.107283 -0.156260 0.172774 0.042779
-0.098701 -0.156260 0.181681 0.042956
-0.090118 -0.156260 0.190588 0.043133
-0.081535 -0.156260 0.199495 0.043310
-0.072953 -0.156260 0.162998 0.041865
-0.064370 -0.156260 0.171944 0.042096
-0.055787 -0.156260 0.047179 -0.061885
-0.047205 -0.156260 0.004110 -0.044544
-0.038622 -0.156260 0.012689 -0.044553
-0.030039 -0.156260 0.021267 -0.044562
-0.021457 -0.156260 0.029846 -0.044571
-0.012874 -0.156260 0.038425 -0.044580
-0.004291 -0.156260 0.004124 -0.044706
0.004291 -0.156260 -0.004124 -0.044706
0.012874 -0.156260 -0.038425 -0.044580
0.021457 -0.156260 -0.029846 -0.044571
0.030039 -0.156260 -0.021267 -0.044562
0.038622 -0.156260 -0.012689 -0.044553
0.047205 -0.156260 -0.004110 -0.044544
0.055787 -0.156260 -0.047179 -0.061885
0.064370 -0.156260 -0.171945 0.042097
0.072953 -0.156260 -0.163000 0.041866
0.081535 -0.156260 -0.199496 0.043311
0.090118 -0.156260 -0.190589 0.043134
0.098701 -0.156260 -0.181680 0.042957
0.107283 -0.156260 -0.172773 0.042780
0.115866 -0.156260 -0.204717 0.030749
0.124449 -0.156260 -0.195893 0.030608
0.133031 -0.156260 -0.187070 0.030468
0.141614 -0.156260 -0.178246 0.030327
0.150197 -0.156260 -0.355276 0.138601
0.158780 -0.156260 -0.451914 0.043814
0.167362 -0.156260 -0.443764 0.044212
0.175945 -0.156260 -0.435612 0.044611
0.184528 -0.156260 -0.491838 0.000422
0.193110 -0.156260 -0.480983 0.000089
0.201693 -0.156260 -0.470128 -0.000244
0.210276 -0.156260 -0.514916 -0.011937
0.218858 -0.156260 -0.504260 -0.012226
0.227441 -0.156260 -0.836967 0.154815
0.236024 -0.156260 -0.828385 0.155396
0.244606 -0.156260 -0.819807 0.155977
0.253189 -0.156260 -0.811229 0.156558
0.261772 -0.156260 -0.892373 0.090696
0.270354 -0.156260 -0.876433 0.089593
0.278937 -0.156260 -0.966755 0.081206
0.287520 -0.156260 -0.951431 0.080227
0.313268 -0.156260 -1.856227 0.318575
0.321850 -0.156260 -0.874091 -0.105912
0.330433 -0.156260 0.330433 -0.156260
0.339016 -0.156260 0.339016 -0.156260
0.347598 -0.156260 0.347598 -0.156260
0.356181 -0.156260 0.356181 -0.156260
0.364764 -0.156260 0.364764 -0.156260
0.373346 -0.156260 0.373346 -0.156260
0.381929 -0.156260 0.381929 -0.156260
0.390512 -0.156260 0.390512 -0.156260
0.399094 -0.156260 0.399094 -0.156260
0.407677 -0.156260 0.407677 -0.156260
0.416260 -0.156260 0.416260 -0.156260
0.424843 -0.156260 0.424843 -0.156260
0.433425 -0.156260 0.433425 -0.156260
0.442008 -0.156260 0.442008 -0.156260
0.450591 -0.156260 0.450591 -0.156260
0.459173 -0.156260 0.459173 -0.156260
0.467756 -0.156260 0.467756 -0.156260
0.476339 -0.156260 0.476339 -0.156260
0.484921 -0.156260 0.484921 -0.156260
0.493504 -0.156260 0.493504 -0.156260
0.502087 -0.156260 0.502087 -0.156260
0.510669 -0.156260 0.510669 -0.156260
0.519252 -0.156260 0.519252 -0.156260
0.527835 -0.156260 0.527835 -0.156260
0.536417 -0.156260 0.536417 -0.156260
0.545000 -0.156260 0.545000 -0.156260
-0.545000 -0.142953 -0.545000 -0.142953
-0.536417 -0.142953 -0.536417 -0.142953
-0.527835 -0.142953 -0.527835 -0.142953
-0.519252 -0.142953 -0.519252 -0.142953
-0.510669 -0.142953 -0.510669 -0.142953
-0.502087 -0.142953 -0.502087 -0.142953
-0.493504 -0.142953 -0.493504 -0.142953
-0.484921 -0.142953 -0.484921 -0.142953
-0.476339 -0.142953 -0.476339 -0.142953
-0.467756 -0.142953 -0.467756 -0.142953
-0.459173 -0.142953 -0.459173 -0.142953
-0.450591 -0.142953 -0.450591 -0.142953
-0.442008 -0.142953 -0.442008 -0.142953
-0.433425 -0.142953 -0.433425 -0.142953
-0.424843 -0.142953 -0.424843 -0.142953
-0.416260 -0.142953 -0.416260 -0.142953
-0.407677 -0.142953 -0.407677 -0.142953
-0.399094 -0.142953 -0.399094 -0.142953
-0.390512 -0.142953 -0.390512 -0.142953
-0.381929 -0.142953 -0.381929 -0.142953
-0.373346 -0.142953 -0.373346 -0.142953
-0.364764 -0.142953 -0.364764 -0.142953
-0.356181 -0.142953 -0.356181 -0.142953
-0.347598 -0.142953 -0.347598 -0.142953
-0.339016 -0.142953 -0.339016 -0.142953
-0.330433 -0.142953 -0.330433 -0.142953
-0.321850 -0.142953 0.863181 -0.090540
-0.313268 -0.142953 1.865364 0.333201
-0.296102 -0.142953 0.937431 0.092719
-0.287520 -0.142953 0.952764 0.093698
-0.278937 -0.142953 0.968106 0.094680
-0.270354 -0.142953 0.877837 0.103042
-0.261772 -0.142953 0.893777 0.104145
-0.253189 -0.142953 0.810027 0.169242
-0.244606 -0.142953 0.818611 0.168663
-0.236024 -0.142953 0.827189 0.168082
-0.227441 -0.142953 0.493963 0.000823
-0.218858 -0.142953 0.504619 0.001111
-0.210276 -0.142953 0.515275 0.001400
-0.201693 -0.142953 0.470491 0.013064
-0.193110 -0.142953 0.481344 0.013396
-0.184528 -0.142953 0.492198 0.013729
-0.175945 -0.142953 0.434847 0.057517
-0.167362 -0.142953 0.442997 0.057118
-0.158780 -0.142953 0.254058 -0.051353
-0.150197 -0.142953 0.263156 -0.051297
-0.141614 -0.142953 0.178465 0.043760
-0.133031 -0.142953 0.187288 0.043901
-0.124449 -0.142953 0.196112 0.044041
-0.115866 -0.142953 0.204936 0.044182
-0.107283 -0.142953 0.213759 0.044322
-0.098701 -0.142953 0.181911 0.056358
-0.090118 -0.142953 0.190818 0.056535
-0.081535 -0.142953 0.199726 0.056712
-0.072953 -0.142953 0.163280 0.055272
-0.064370 -0.142953 0.172226 0.055503
-0.055787 -0.142953 0.047168 -0.048621
-0.047205 -0.142953 0.004096 -0.031267
-0.038622 -0.142953 0.012675 -0.031277
-0.030039 -0.142953 0.021253 -0.031286
-0.021457 -0.142953 0.029832 -0.031295
-0.012874 -0.142953 0.038411 -0.031304
-0.004291 -0.142953 0.004155 -0.031430
0.004291 -0.142953 -0.004155 -0.031430
0.012874 -0.142953 -0.038411 -0.031304
0.021457 -0.142953 -0.029832 -0.031295
0.030039 -0.142953 -0.021253 -0.031286
0.038622 -0.142953 -0.012675 -0.031277
0.047205 -0.142953 -0.004096 -0.031267
0.055787 -0.142953 -0.047168 -0.048621
0.064370 -0.142953 -0.172227 0.055503
0.072953 -0.142953 -0.163281 0.055273
0.081535 -0.142953 -0.199727 0.056713
0.090118 -0.142953 -0.190820 0.056536
0.098701 -0.142953 -0.181910 0.056359
0.107283 -0.142953 -0.213758 0.044323
0.115866 -0.142953 -0.204935 0.044183
0.124449 -0.142953 -0.196111 0.044042
0.133031 -0.142953 -0.187288 0.043902
0.141614 -0.142953 -0.178464 0.043761
0.150197 -0.142953 -0.263157 -0.051298
0.158780 -0.142953 -0.254058 -0.051353
0.167362 -0.142953 -0.442995 0.057117
0.175945 -0.142953 -0.434844 0.057516
0.184528 -0.142953 -0.492200 0.013730
0.193110 -0.142953 -0.481346 0.013397
0.201693 -0.142953 -0.470491 0.013064
0.210276 -0.142953 -0.515275 0.001399
0.218858 -0.142953 -0.504619 0.001111
0.227441 -0.142953 -0.493964 0.000822
0.236024 -0.142953 -0.827182 0.168079
0.244606 -0.142953 -0.818604 0.168660
0.253189 -0.142953 -0.810026 0.169241
0.261772 -0.142953 -0.893768 0.104143
0.270354 -0.142953 -0.877829 0.103040
0.278937 -0.142953 -0.968096 0.094678
0.287520 -0.142953 -0.952772 0.093699
0.296102 -0.142953 -0.937439 0.092721
0.313268 -0.142953 -1.865364 0.333201
0.321850 -0.142953 -0.863215 -0.090537
0.330433 -0.142953 0.330433 -0.142953
0.339016 -0.142953 0.339016 -0.142953
0.347598 -0.142953 0.347598 -0.142953
0.356181 -0.142953 0.356181 -0.142953
0.364764 -0.142953 0.364764 -0.142953
0.373346 -0.142953 0.373346 -0.142953
0.381929 -0.142953 0.381929 -0.142953
0.390512 -0.142953 0.390512 -0.142953
0.399094 -0.142953 0.399094 -0.142953
0.407677 -0.142953 0.407677 -0.142953
0.416260 -0.142953 0.416260 -0.142953
0.424843 -0.142953 0.424843 -0.142953
0.433425 -0.142953 0.433425 -0.142953
0.442008 -0.142953 0.442008 -0.142953
0.450591 -0.142953 0.450591 -0.142953
0.459173 -0.142953 0.459173 -0.142953
0.467756 -0.142953 0.467756 -0.142953
0.476339 -0.142953 0.476339 -0.142953
0.484921 -0.142953 0.484921 -0.142953
0.493504 -0.142953 0.493504 -0.142953
0.502087 -0.142953 0.502087 -0.142953
0.510669 -0.142953 0.510669 -0.142953
0.519252 -0.142953 0.519252 -0.142953
0.527835 -0.142953 0.527835 -0.142953
0.536417 -0.142953 0.536417 -0.142953
0.545000 -0.142953 0.545000 -0.142953
-0.545000 -0.129646 -0.545000 -0.129646
-0.536417 -0.129646 -0.536417 -0.129646
-0.527835 -0.129646 -0.527835 -0.129646
-0.519252 -0.129646 -0.519252 -0.129646
-0.510669 -0.129646 -0.510669 -0.129646
-0.502087 -0.129646 -0.502087 -0.129646
-0.493504 -0.129646 -0.493504 -0.129646
-0.484921 -0.129646 -0.484921 -0.129646
-0.476339 -0.129646 -0.476339 -0.129646
-0.467756 -0.129646 -0.467756 -0.129646
-0.459173 -0.129646 -0.459173 -0.129646
-0.450591 -0.129646 -0.450591 -0.129646
-0.442008 -0.129646 -0.442008 -0.129646
-0.433425 -0.129646 -0.433425 -0.129646
-0.424843 -0.129646 -0.424843 -0.129646
-0.416260 -0.129646 -0.416260 -0.129646
-0.407677 -0.129646 -0.407677 -0.129646
-0.399094 -0.129646 -0.399094 -0.129646
-0.390512 -0.129646 -0.390512 -0.129646
-0.381929 -0.129646 -0.381929 -0.129646
-0.373346 -0.129646 -0.373346 -0.129646
-0.364764 -0.129646 -0.364764 -0.129646
-0.356181 -0.129646 -0.356181 -0.129646
-0.347598 -0.129646 -0.347598 -0.129646
-0.339016 -0.129646 -0.339016 -0.129646
-0.330433 -0.129646 -0.330433 -0.129646
-0.321850 -0.129646 2.477427 0.482887
-0.313268 -0.129646 1.874501 0.347827
-0.304685 -0.129646 -9.079780 0.761509
-0.296102 -0.129646 0.938772 0.106192
-0.287520 -0.129646 0.954105 0.107170
-0.278937 -0.129646 0.969447 0.108153
-0.270354 -0.129646 0.879233 0.116488
-0.261772 -0.129646 1.224593 0.102679
-0.253189 -0.129646 0.808824 0.181925
-0.244606 -0.129646 0.817408 0.181345
-0.236024 -0.129646 0.483667 0.013871
-0.227441 -0.129646 0.494322 0.014159
-0.218858 -0.129646 0.504978 0.014448
-0.210276 -0.129646 0.515634 0.014736
-0.201693 -0.129646 0.526288 0.015024
-0.193110 -0.129646 0.481707 0.026704
-0.184528 -0.129646 0.425929 0.070820
-0.175945 -0.129646 0.434079 0.070421
-0.167362 -0.129646 0.245001 -0.038116
-0.158780 -0.129646 0.254099 -0.038061
-0.150197 -0.129646 0.263198 -0.038006
-0.141614 -0.129646 0.272296 -0.037951
-0.133031 -0.129646 0.238734 -0.025988
-0.124449 -0.129646 0.196330 0.057476
-0.115866 -0.129646 0.205153 0.057616
-0.107283 -0.129646 0.213977 0.057757
-0.098701 -0.129646 0.182142 0.069761
-0.090118 -0.129646 0.191049 0.069938
-0.081535 -0.129646 0.199956 0.070115
-0.072953 -0.129646 0.163561 0.068679
-0.064370 -0.129646 0.076301 -0.047587
-0.055787 -0.129646 0.047158 -0.035356
-0.047205 -0.129646 0.055763 -0.035354
-0.038622 -0.129646 0.012661 -0.018000
-0.030039 -0.129646 0.021239 -0.018009
-0.021457 -0.129646 0.029818 -0.018018
-0.012874 -0.129646 0.038396 -0.018027
-0.004291 -0.129646 0.004187 -0.018153
0.004291 -0.129646 -0.004187 -0.018153
0.012874 -0.129646 -0.038396 -0.018027
0.021457 -0.129646 -0.029818 -0.018018
0.030039 -0.129646 -0.021239 -0.018009
0.038622 -0.129646 -0.012661 -0.018000
0.047205 -0.129646 -0.055763 -0.035354
0.055787 -0.129646 -0.047158 -0.035356
0.064370 -0.129646 -0.076301 -0.047587
0.072953 -0.129646 -0.163563 0.068680
0.081535 -0.129646 -0.199957 0.070115
0.090118 -0.129646 -0.191050 0.069939
0.098701 -0.129646 -0.182141 0.069762
0.107283 -0.129646 -0.213976 0.057758
0.115866 -0.129646 -0.205153 0.057617
0.124449 -0.129646 -0.196329 0.057476
0.133031 -0.129646 -0.238734 -0.025988
0.141614 -0.129646 -0.272297 -0.037951
0.150197 -0.129646 -0.263198 -0.038006
0.158780 -0.129646 -0.254100 -0.038061
0.167362 -0.129646 -0.245000 -0.038116
0.175945 -0.129646 -0.434077 0.070420
0.184528 -0.129646 -0.425926 0.070819
0.193110 -0.129646 -0.481709 0.026704
0.201693 -0.129646 -0.526290 0.015024
0.210276 -0.129646 -0.515635 0.014736
0.218858 -0.129646 -0.504979 0.014447
0.227441 -0.129646 -0.494321 0.014159
0.236024 -0.129646 -0.483665 0.013871
0.244606 -0.129646 -0.817401 0.181343
0.253189 -0.129646 -0.808823 0.181924
0.261772 -0.129646 -1.224582 0.102678
0.270354 -0.129646 -0.879224 0.116487
0.278937 -0.129646 -0.969437 0.108151
0.287520 -0.129646 -0.954114 0.107172
0.296102 -0.129646 -0.938780 0.106193
0.304685 -0.129646 9.080389 0.761614
0.313268 -0.129646 -1.874500 0.347827
0.321850 -0.129646 -2.477427 0.482887
0.330433 -0.129646 0.330433 -0.129646
0.339016 -0.129646 0.339016 -0.129646
0.347598 -0.129646 0.347598 -0.129646
0.356181 -0.129646 0.356181 -0.129646
0.364764 -0.129646 0.364764 -0.129646
0.373346 -0.129646 0.373346 -0.129646
0.381929 -0.129646 0.381929 -0.129646
0.390512 -0.129646 0.390512 -0.129646
0.399094 -0.129646 0.399094 -0.129646
0.407677 -0.129646 0.407677 -0.129646
0.416260 -0.129646 0.416260 -0.129646
0.424843 -0.129646 0.424843 -0.129646
0.433425 -0.129646 0.433425 -0.129646
0.442008 -0.129646 0.442008 -0.129646
0.450591 -0.129646 0.450591 -0.129646
0.459173 -0.129646 0.459173 -0.129646
0.467756 -0.129646 0.467756 -0.129646
0.476339 -0.129646 0.476339 -0.129646
0.484921 -0.129646 0.484921 -0.129646
0.493504 -0.129646 0.493504 -0.129646
0.502087 -0.129646 0.502087 -0.129646
0.510669 -0.129646 0.510669 -0.129646
0.519252 -0.129646 0.519252 -0.129646
0.527835 -0.129646 0.527835 -0.129646
0.536417 -0.129646 0.536417 -0.129646
0.545000 -0.129646 0.545000 -0.129646
-0.545000 -0.116339 -0.545000 -0.116339
-0.536417 -0.116339 -0.536417 -0.116339
-0.527835 -0.116339 -0.527835 -0.116339
-0.519252 -0.116339 -0.519252 -0.116339
-0.510669 -0.116339 -0.510669 -0.116339
-0.502087 -0.116339 -0.502087 -0.116339
-0.493504 -0.116339 -0.493504 -0.116339
-0.484921 -0.116339 -0.484921 -0.116339
-0.476339 -0.116339 -0.476339 -0.116339
-0.467756 -0.116339 -0.467756 -0.116339
-0.459173 -0.116339 -0.459173 -0.116339
-0.450591 -0.116339 -0.450591 -0.116339
-0.442008 -0.116339 -0.442008 -0.116339
-0.433425 -0.116339 -0.433425 -0.116339
-0.424843 -0.116339 -0.424843 -0.116339
-0.416260 -0.116339 -0.416260 -0.116339
-0.407677 -0.116339 -0.407677 -0.116339
-0.399094 -0.116339 -0.399094 -0.116339
-0.390512 -0.116339 -0.390512 -0.116339
-0.381929 -0.116339 -0.381929 -0.116339
-0.373346 -0.116339 -0.373346 -0.116339
-0.364764 -0.116339 -0.364764 -0.116339
-0.356181 -0.116339 -0.356181 -0.116339
-0.347598 -0.116339 -0.347598 -0.116339
-0.339016 -0.116339 -0.339016 -0.116339
-0.330433 -0.116339 0.172927 0.184516
-0.321850 -0.116339 2.484715 0.497050
-0.313268 -0.116339 -9.046344 0.767505
-0.304685 -0.116339 -9.071113 0.774343
-0.296102 -0.116339 0.940113 0.119664
-0.287520 -0.116339 0.955454 0.120646
-0.278937 -0.116339 0.970788 0.121625
-0.270354 -0.116339 0.986121 0.122604
-0.261772 -0.116339 1.223797 0.115861
-0.253189 -0.116339 1.229093 0.115348
-0.244606 -0.116339 0.473370 0.026919
-0.236024 -0.116339 0.484026 0.027207
-0.227441 -0.116339 0.494682 0.027496
-0.218858 -0.116339 0.505338 0.027784
-0.210276 -0.116339 0.515992 0.028072
-0.201693 -0.116339 0.526648 0.028360
-0.193110 -0.116339 0.482070 0.040011
-0.184528 -0.116339 0.425161 0.083724
-0.175945 -0.116339 0.235944 -0.024879
-0.167362 -0.116339 0.245042 -0.024824
-0.158780 -0.116339 0.254141 -0.024769
-0.150197 -0.116339 0.263239 -0.024714
-0.141614 -0.116339 0.272338 -0.024659
-0.133031 -0.116339 0.281436 -0.024604
-0.124449 -0.116339 0.247982 -0.012641
-0.115866 -0.116339 0.205371 0.071050
-0.107283 -0.116339 0.214195 0.071191
-0.098701 -0.116339 0.223018 0.071331
-0.090118 -0.116339 0.191279 0.083340
-0.081535 -0.116339 0.200187 0.083517
-0.072953 -0.116339 0.067721 -0.034279
-0.064370 -0.116339 0.076272 -0.034297
-0.055787 -0.116339 0.047148 -0.022092
-0.047205 -0.116339 0.055753 -0.022089
-0.038622 -0.116339 0.012647 -0.004723
-0.030039 -0.116339 0.021225 -0.004732
-0.021457 -0.116339 0.029804 -0.004741
-0.012874 -0.116339 0.038382 -0.004750
-0.004291 -0.116339 0.004219 -0.004876
0.004291 -0.116339 -0.004219 -0.004876
0.012874 -0.116339 -0.038382 -0.004750
0.021457 -0.116339 -0.029804 -0.004741
0.030039 -0.116339 -0.021225 -0.004732
0.038622 -0.116339 -0.012647 -0.004723
0.047205 -0.116339 -0.055753 -0.022089
0.055787 -0.116339 -0.047148 -0.022092
0.064370 -0.116339 -0.076272 -0.034297
0.072953 -0.116339 -0.067721 -0.034279
0.081535 -0.116339 -0.200188 0.083518
0.090118 -0.116339 -0.191281 0.083341
0.098701 -0.116339 -0.223018 0.071332
0.107283 -0.116339 -0.214194 0.071192
0.115866 -0.116339 -0.205370 0.071051
0.124449 -0.116339 -0.247982 -0.012642
0.133031 -0.116339 -0.281437 -0.024604
0.141614 -0.116339 -0.272338 -0.024659
0.150197 -0.116339 -0.263240 -0.024714
0.158780 -0.116339 -0.254140 -0.024769
0.167362 -0.116339 -0.245042 -0.024824
0.175945 -0.116339 -0.235943 -0.024879
0.184528 -0.116339 -0.425158 0.083723
0.193110 -0.116339 -0.482072 0.040012
0.201693 -0.116339 -0.526650 0.028361
0.210276 -0.116339 -0.515994 0.028072
0.218858 -0.116339 -0.505338 0.027784
0.227441 -0.116339 -0.494680 0.027496
0.236024 -0.116339 -0.484024 0.027207
0.244606 -0.116339 -0.473369 0.026919
0.253189 -0.116339 -1.229082 0.115347
0.261772 -0.116339 -1.223785 0.115861
0.270354 -0.116339 -0.986111 0.122602
0.278937 -0.116339 -0.970778 0.121623
0.287520 -0.116339 -0.955455 0.120645
0.296102 -0.116339 -0.940121 0.119666
0.304685 -0.116339 9.072645 0.774480
0.313268 -0.116339 9.047543 0.767634
0.321850 -0.116339 -2.484715 0.497050
0.330433 -0.116339 -0.172927 0.184516
0.339016 -0.116339 0.339016 -0.116339
0.347598 -0.116339 0.347598 -0.116339
0.356181 -0.116339 0.356181 -0.116339
0.364764 -0.116339 0.364764 -0.116339
0.373346 -0.116339 0.373346 -0.116339
0.381929 -0.116339 0.381929 -0.116339
0.390512 -0.116339 0.390512 -0.116339
0.399094 -0.116339 0.399094 -0.116339
0.407677 -0.116339 0.407677 -0.116339
0.416260 -0.116339 0.416260 -0.116339
0.424843 -0.116339 0.424843 -0.116339
0.433425 -0.116339 0.433425 -0.116339
0.442008 -0.116339 0.442008 -0.116339
0.450591 -0.116339 0.450591 -0.116339
0.459173 -0.116339 0.459173 -0.116339
0.467756 -0.116339 0.467756 -0.116339
0.476339 -0.116339 0.476339 -0.116339
0.484921 -0.116339 0.484921 -0.116339
0.493504 -0.116339 0.493504 -0.116339
0.502087 -0.116339 0.502087 -0.116339
0.510669 -0.116339 0.510669 -0.116339
0.519252 -0.116339 0.519252 -0.116339
0.527835 -0.116339 0.527835 -0.116339
0.536417 -0.116339 0.536417 -0.116339
0.545000 -0.116339 0.545000 -0.116339
-0.545000 -0.103031 -0.545000 -0.103031
-0.536417 -0.103031 -0.536417 -0.103031
-0.527835 -0.103031 -0.527835 -0.103031
-0.519252 -0.103031 -0.519252 -0.103031
-0.510669 -0.103031 -0.510669 -0.103031
-0.502087 -0.103031 -0.502087 -0.103031
-0.493504 -0.103031 -0.493504 -0.103031
-0.484921 -0.103031 -0.484921 -0.103031
-0.476339 -0.103031 -0.476339 -0.103031
-0.467756 -0.103031 -0.467756 -0.103031
-0.459173 -0.103031 -0.459173 -0.103031
-0.450591 -0.103031 -0.450591 -0.103031
-0.442008 -0.103031 -0.442008 -0.103031
-0.433425 -0.103031 -0.433425 -0.103031
-0.424843 -0.103031 -0.424843 -0.103031
-0.416260 -0.103031 -0.416260 -0.103031
-0.407677 -0.103031 -0.407677 -0.103031
-0.399094 -0.103031 -0.399094 -0.103031
-0.390512 -0.103031 -0.390512 -0.103031
-0.381929 -0.103031 -0.381929 -0.103031
-0.373346 -0.103031 -0.373346 -0.103031
-0.364764 -0.103031 -0.364764 -0.103031
-0.356181 -0.103031 -0.356181 -0.103031
-0.347598 -0.103031 -0.347598 -0.103031
-0.339016 -0.103031 -0.339016 -0.103031
-0.330433 -0.103031 0.271043 -0.028116
-0.321850 -0.103031 2.492003 0.511213
-0.313268 -0.103031 -9.038771 0.780405
-0.304685 -0.103031 0.998340 0.100636
-0.296102 -0.103031 1.013196 0.101616
-0.287520 -0.103031 0.956796 0.134119
-0.278937 -0.103031 0.972129 0.135098
-0.270354 -0.103031 0.987462 0.136076
-0.261772 -0.103031 1.223000 0.129044
-0.253189 -0.103031 1.228297 0.128530
-0.244606 -0.103031 0.508317 0.014654
-0.236024 -0.103031 0.484385 0.040544
-0.227441 -0.103031 0.495041 0.040832
-0.218858 -0.103031 0.505695 0.041120
-0.210276 -0.103031 0.516351 0.041408
-0.201693 -0.103031 0.527007 0.041697
-0.193110 -0.103031 0.482433 0.053319
-0.184528 -0.103031 0.252635 -0.034701
-0.175945 -0.103031 0.235985 -0.011587
-0.167362 -0.103031 0.245084 -0.011532
-0.158780 -0.103031 0.254182 -0.011477
-0.150197 -0.103031 0.263281 -0.011422
-0.141614 -0.103031 0.272379 -0.011367
-0.133031 -0.103031 0.281478 -0.011312
-0.124449 -0.103031 0.248031 0.000624
-0.115866 -0.103031 0.257230 0.000705
-0.107283 -0.103031 0.266430 0.000786
-0.098701 -0.103031 0.223236 0.084766
-0.090118 -0.103031 0.191510 0.096743
-0.081535 -0.103031 0.059142 -0.020970
-0.072953 -0.103031 0.067692 -0.020988
-0.064370 -0.103031 0.076243 -0.021007
-0.055787 -0.103031 0.084794 -0.021025
-0.047205 -0.103031 0.055742 -0.008825
-0.038622 -0.103031 0.064347 -0.008823
-0.030039 -0.103031 0.021211 0.008544
-0.021457 -0.103031 0.029790 0.008535
-0.012874 -0.103031 0.038368 0.008526
-0.004291 -0.103031 0.004250 0.008401
0.004291 -0.103031 -0.004250 0.008401
0.012874 -0.103031 -0.038368 0.008526
0.021457 -0.103031 -0.029790 0.008535
0.030039 -0.103031 -0.021211 0.008544
0.038622 -0.103031 -0.064347 -0.008823
0.047205 -0.103031 -0.055742 -0.008825
0.055787 -0.103031 -0.084794 -0.021025
0.064370 -0.103031 -0.076243 -0.021007
0.072953 -0.103031 -0.067692 -0.020988
0.081535 -0.103031 -0.059142 -0.020970
0.090118 -0.103031 -0.191511 0.096743
0.098701 -0.103031 -0.223235 0.084766
0.107283 -0.103031 -0.266430 0.000785
0.115866 -0.103031 -0.257231 0.000704
0.124449 -0.103031 -0.248031 0.000624
0.133031 -0.103031 -0.281478 -0.011312
0.141614 -0.103031 -0.272380 -0.011367
0.150197 -0.103031 -0.263280 -0.011422
0.158780 -0.103031 -0.254182 -0.011477
0.167362 -0.103031 -0.245083 -0.011532
0.175945 -0.103031 -0.235985 -0.011587
0.184528 -0.103031 -0.252635 -0.034701
0.193110 -0.103031 -0.482435 0.053319
0.201693 -0.103031 -0.527009 0.041697
0.210276 -0.103031 -0.516353 0.041409
0.218858 -0.103031 -0.505697 0.041120
0.227441 -0.103031 -0.495040 0.040832
0.236024 -0.103031 -0.484384 0.040544
0.244606 -0.103031 -0.508316 0.014654
0.253189 -0.103031 -1.228279 0.128528
0.261772 -0.103031 -1.222989 0.129043
0.270354 -0.103031 -0.987452 0.136075
0.278937 -0.103031 -0.972119 0.135096
0.287520 -0.103031 -0.956796 0.134117
0.296102 -0.103031 -1.013205 0.101617
0.304685 -0.103031 -0.998350 0.100637
0.313268 -0.103031 9.039800 0.780500
0.321850 -0.103031 -2.492003 0.511213
0.330433 -0.103031 -0.271037 -0.028117
0.339016 -0.103031 0.339016 -0.103031
0.347598 -0.103031 0.347598 -0.103031
0.356181 -0.103031 0.356181 -0.103031
0.364764 -0.103031 0.364764 -0.103031
0.373346 -0.103031 0.373346 -0.103031
0.381929 -0.103031 0.381929 -0.103031
0.390512 -0.103031 0.390512 -0.103031
0.399094 -0.103031 0.399094 -0.103031
0.407677 -0.103031 0.407677 -0.103031
0.416260 -0.103031 0.416260 -0.103031
0.424843 -0.103031 0.424843 -0.103031
0.433425 -0.103031 0.433425 -0.103031
0.442008 -0.103031 0.442008 -0.103031
0.450591 -0.103031 0.450591 -0.103031
0.459173 -0.103031 0.459173 -0.103031
0.467756 -0.103031 0.467756 -0.103031
0.476339 -0.103031 0.476339 -0.103031
0.484921 -0.103031 0.484921 -0.103031
0.493504 -0.103031 0.493504 -0.103031
0.502087 -0.103031 0.502087 -0.103031
0.510669 -0.103031 0.510669 -0.103031
0.519252 -0.103031 0.519252 -0.103031
0.527835 -0.103031 0.527835 -0.103031
0.536417 -0.103031 0.536417 -0.103031
0.545000 -0.103031 0.545000 -0.103031
-0.545000 -0.089724 -0.545000 -0.089724
-0.536417 -0.089724 -0.536417 -0.089724
-0.527835 -0.089724 -0.527835 -0.089724
-0.519252 -0.089724 -0.519252 -0.089724
-0.510669 -0.089724 -0.510669 -0.089724
-0.502087 -0.089724 -0.502087 -0.089724
-0.493504 -0.089724 -0.493504 -0.089724
-0.484921 -0.089724 -0.484921 -0.089724
-0.476339 -0.089724 -0.476339 -0.089724
-0.467756 -0.089724 -0.467756 -0.089724
-0.459173 -0.089724 -0.459173 -0.089724
-0.450591 -0.089724 -0.450591 -0.089724
-0.442008 -0.089724 -0.442008 -0.089724
-0.433425 -0.089724 -0.433425 -0.089724
-0.424843 -0.089724 -0.424843 -0.089724
-0.416260 -0.089724 -0.416260 -0.089724
-0.407677 -0.089724 -0.407677 -0.089724
-0.399094 -0.089724 -0.399094 -0.089724
-0.390512 -0.089724 -0.390512 -0.089724
-0.381929 -0.089724 -0.381929 -0.089724
-0.373346 -0.089724 -0.373346 -0.089724
-0.364764 -0.089724 -0.364764 -0.089724
-0.356181 -0.089724 -0.356181 -0.089724
-0.347598 -0.089724 -0.347598 -0.089724
-0.339016 -0.089724 -0.339016 -0.089724
-0.330433 -0.089724 0.335479 0.014360
-0.321850 -0.089724 1.851139 0.384938
-0.313268 -0.089724 -9.031349 0.793322
-0.304685 -0.089724 0.999860 0.114180
-0.296102 -0.089724 1.014725 0.115164
-0.287520 -0.089724 1.029581 0.116145
-0.278937 -0.089724 0.973470 0.148570
-0.270354 -0.089724 0.988803 0.149549
-0.261772 -0.089724 1.222204 0.142227
-0.253189 -0.089724 1.227501 0.141713
-0.244606 -0.089724 0.508782 0.028034
-0.236024 -0.089724 0.519283 0.028333
-0.227441 -0.089724 0.529782 0.028632
-0.218858 -0.089724 0.506055 0.054456
-0.210276 -0.089724 0.516710 0.054745
-0.201693 -0.089724 0.527366 0.055033
-0.193110 -0.089724 0.538022 0.055321
-0.184528 -0.089724 0.252740 -0.021378
-0.175945 -0.089724 0.261755 -0.021310
-0.167362 -0.089724 0.245125 0.001760
-0.158780 -0.089724 0.254224 0.001815
-0.150197 -0.089724 0.263322 0.001870
-0.141614 -0.089724 0.272421 0.001925
-0.133031 -0.089724 0.281519 0.001980
-0.124449 -0.089724 0.290618 0.002035
-0.115866 -0.089724 0.257279 0.013971
-0.107283 -0.089724 0.266478 0.014051
-0.098701 -0.089724 0.229316 0.012518
-0.090118 -0.089724 0.050562 -0.007661
-0.081535 -0.089724 0.059113 -0.007679
-0.072953 -0.089724 0.067664 -0.007698
-0.064370 -0.089724 0.076214 -0.007717
-0.055787 -0.089724 0.084765 -0.007735
-0.047205 -0.089724 0.055732 0.004440
-0.038622 -0.089724 0.064337 0.004442
-0.030039 -0.089724 0.021197 0.021821
-0.021457 -0.089724 0.029776 0.021812
-0.012874 -0.089724 0.038354 0.021803
-0.004291 -0.089724 0.004282 0.021678
0.004291 -0.089724 -0.004282 0.021678
0.012874 -0.089724 -0.038354 0.021803
0.021457 -0.089724 -0.029776 0.021812
0.030039 -0.089724 -0.021197 0.021821
0.038622 -0.089724 -0.064337 0.004442
0.047205 -0.089724 -0.055732 0.004440
0.055787 -0.089724 -0.084765 -0.007735
0.064370 -0.089724 -0.076214 -0.007717
0.072953 -0.089724 -0.067664 -0.007698
0.081535 -0.089724 -0.059113 -0.007679
0.090118 -0.089724 -0.050562 -0.007661
0.098701 -0.089724 -0.229316 0.012518
0.107283 -0.089724 -0.266479 0.014051
0.115866 -0.089724 -0.257279 0.013970
0.124449 -0.089724 -0.290618 0.002035
0.133031 -0.089724 -0.281520 0.001980
0.141614 -0.089724 -0.272421 0.001924
0.150197 -0.089724 -0.263322 0.001870
0.158780 -0.089724 -0.254223 0.001815
0.167362 -0.089724 -0.245125 0.001759
0.175945 -0.089724 -0.261755 -0.021310
0.184528 -0.089724 -0.252740 -0.021378
0.193110 -0.089724 -0.538024 0.055322
0.201693 -0.089724 -0.527368 0.055033
0.210276 -0.089724 -0.516713 0.054745
0.218858 -0.089724 -0.506057 0.054457
0.227441 -0.089724 -0.529782 0.028633
0.236024 -0.089724 -0.519281 0.028333
0.244606 -0.089724 -0.508781 0.028033
0.253189 -0.089724 -1.227483 0.141710
0.261772 -0.089724 -1.222186 0.142224
0.270354 -0.089724 -0.988794 0.149547
0.278937 -0.089724 -0.973460 0.148568
0.287520 -0.089724 -1.029581 0.116143
0.296102 -0.089724 -1.014725 0.115162
0.304685 -0.089724 -0.999870 0.114182
0.313268 -0.089724 9.032226 0.793399
0.321850 -0.089724 -1.851139 0.384938
0.330433 -0.089724 -0.335479 0.014360
0.339016 -0.089724 0.339016 -0.089724
0.347598 -0.089724 0.347598 -0.089724
0.356181 -0.089724 0.356181 -0.089724
0.364764 -0.089724 0.364764 -0.089724
0.373346 -0.089724 0.373346 -0.089724
0.381929 -0.089724 0.381929 -0.089724
0.390512 -0.089724 0.390512 -0.089724
0.399094 -0.089724 0.399094 -0.089724
0.407677 -0.089724 0.407677 -0.089724
0.416260 -0.089724 0.416260 -0.089724
0.424843 -0.089724 0.424843 -0.089724
0.433425 -0.089724 0.433425 -0.089724
0.442008 -0.089724 0.442008 -0.089724
0.450591 -0.089724 0.450591 -0.089724
0.459173 -0.089724 0.459173 -0.089724
0.467756 -0.089724 0.467756 -0.089724
0.476339 -0.089724 0.476339 -0.089724
0.484921 -0.089724 0.484921 -0.089724
0.493504 -0.089724 0.493504 -0.089724
0.502087 -0.089724 0.502087 -0.089724
0.510669 -0.089724 0.510669 -0.089724
0.519252 -0.089724 0.519252 -0.089724
0.527835 -0.089724 0.527835 -0.089724
0.536417 -0.089724 0.536417 -0.089724
0.545000 -0.089724 0.545000 -0.089724
-0.545000 -0.076417 -0.545000 -0.076417
-0.536417 -0.076417 -0.536417 -0.076417
-0.527835 -0.076417 -0.527835 -0.076417
-0.519252 -0.076417 -0.519252 -0.076417
-0.510669 -0.076417 -0.510669 -0.076417
-0.502087 -0.076417 -0.502087 -0.076417
-0.493504 -0.076417 -0.493504 -0.076417
-0.484921 -0.076417 -0.484921 -0.076417
-0.476339 -0.076417 -0.476339 -0.076417
-0.467756 -0.076417 -0.467756 -0.076417
-0.459173 -0.076417 -0.459173 -0.076417
-0.450591 -0.076417 -0.450591 -0.076417
-0.442008 -0.076417 -0.442008 -0.076417
-0.433425 -0.076417 -0.433425 -0.076417
-0.424843 -0.076417 -0.424843 -0.076417
-0.416260 -0.076417 -0.416260 -0.076417
-0.407677 -0.076417 -0.407677 -0.076417
-0.399094 -0.076417 -0.399094 -0.076417
-0.390512 -0.076417 -0.390512 -0.076417
-0.381929 -0.076417 -0.381929 -0.076417
-0.373346 -0.076417 -0.373346 -0.076417
-0.364764 -0.076417 -0.364764 -0.076417
-0.356181 -0.076417 -0.356181 -0.076417
-0.347598 -0.076417 -0.347598 -0.076417
-0.339016 -0.076417 -0.339016 -0.076417
-0.330433 -0.076417 0.331433 0.027034
-0.321850 -0.076417 1.588438 0.315980
-0.313268 -0.076417 0.475682 0.046887
-0.304685 -0.076417 1.001390 0.127728
-0.296102 -0.076417 1.016245 0.128709
-0.287520 -0.076417 1.031101 0.129689
-0.278937 -0.076417 0.974811 0.162043
-0.270354 -0.076417 1.216111 0.155923
-0.261772 -0.076417 1.221408 0.155409
-0.253189 -0.076417 1.226704 0.154896
-0.244606 -0.076417 0.509247 0.041413
-0.236024 -0.076417 0.519746 0.041712
-0.227441 -0.076417 0.530247 0.042012
-0.218858 -0.076417 0.540747 0.042312
-0.210276 -0.076417 0.517070 0.068081
-0.201693 -0.076417 0.527726 0.068370
-0.193110 -0.076417 0.555381 0.040574
-0.184528 -0.076417 0.252845 -0.008054
-0.175945 -0.076417 0.261860 -0.007987
-0.167362 -0.076417 0.270876 -0.007919
-0.158780 -0.076417 0.279891 -0.007852
-0.150197 -0.076417 0.263364 0.015162
-0.141614 -0.076417 0.272462 0.015217
-0.133031 -0.076417 0.281561 0.015272
-0.124449 -0.076417 0.290659 0.015327
-0.115866 -0.076417 0.257328 0.027236
-0.107283 -0.076417 0.266527 0.027316
-0.098701 -0.076417 0.229415 0.025786
-0.090118 -0.076417 0.080451 -0.024472
-0.081535 -0.076417 0.089026 -0.024495
-0.072953 -0.076417 0.067635 0.005592
-0.064370 -0.076417 0.076186 0.005574
-0.055787 -0.076417 0.084736 0.005555
-0.047205 -0.076417 0.093287 0.005536
-0.038622 -0.076417 0.064327 0.017707
-0.030039 -0.076417 0.072932 0.017709
-0.021457 -0.076417 0.029762 0.035088
-0.012874 -0.076417 0.038340 0.035079
-0.004291 -0.076417 0.004313 0.034955
0.004291 -0.076417 -0.004313 0.034955
0.012874 -0.076417 -0.038340 0.035079
0.021457 -0.076417 -0.029762 0.035088
0.030039 -0.076417 -0.072932 0.017709
0.038622 -0.076417 -0.064327 0.017707
0.047205 -0.076417 -0.093287 0.005536
0.055787 -0.076417 -0.084736 0.005555
0.064370 -0.076417 -0.076186 0.005574
0.072953 -0.076417 -0.067635 0.005592
0.081535 -0.076417 -0.089026 -0.024495
0.090118 -0.076417 -0.080451 -0.024472
0.098701 -0.076417 -0.229416 0.025787
0.107283 -0.076417 -0.266528 0.027317
0.115866 -0.076417 -0.257328 0.027236
0.124449 -0.076417 -0.290660 0.015327
0.133031 -0.076417 -0.281561 0.015271
0.141614 -0.076417 -0.272462 0.015217
0.150197 -0.076417 -0.263363 0.015162
0.158780 -0.076417 -0.279890 -0.007852
0.167362 -0.076417 -0.270875 -0.007919
0.175945 -0.076417 -0.261860 -0.007987
0.184528 -0.076417 -0.252844 -0.008055
0.193110 -0.076417 -0.555378 0.040574
0.201693 -0.076417 -0.527728 0.068370
0.210276 -0.076417 -0.517072 0.068081
0.218858 -0.076417 -0.540747 0.042313
0.227441 -0.076417 -0.530247 0.042013
0.236024 -0.076417 -0.519746 0.041713
0.244606 -0.076417 -0.509245 0.041413
0.253189 -0.076417 -1.226687 0.154893
0.261772 -0.076417 -1.221390 0.155406
0.270354 -0.076417 -1.216093 0.155920
0.278937 -0.076417 -0.974801 0.162041
0.287520 -0.076417 -1.031101 0.129687
0.296102 -0.076417 -1.016246 0.128707
0.304685 -0.076417 -1.001390 0.127726
0.313268 -0.076417 -0.475682 0.046894
0.321850 -0.076417 -1.588437 0.315980
0.330433 -0.076417 -0.331433 0.027034
0.339016 -0.076417 0.339016 -0.076417
0.347598 -0.076417 0.347598 -0.076417
0.356181 -0.076417 0.356181 -0.076417
0.364764 -0.076417 0.364764 -0.076417
0.373346 -0.076417 0.373346 -0.076417
0.381929 -0.076417 0.381929 -0.076417
0.390512 -0.076417 0.390512 -0.076417
0.399094 -0.076417 0.399094 -0.076417
0.407677 -0.076417 0.407677 -0.076417
0.416260 -0.076417 0.416260 -0.076417
0.424843 -0.076417 0.424843 -0.076417
0.433425 -0.076417 0.433425 -0.076417
0.442008 -0.076417 0.442008 -0.076417
0.450591 -0.076417 0.450591 -0.076417
0.459173 -0.076417 0.459173 -0.076417
0.467756 -0.076417 0.467756 -0.076417
0.476339 -0.076417 0.476339 -0.076417
0.484921 -0.076417 0.484921 -0.076417
0.493504 -0.076417 0.493504 -0.076417
0.502087 -0.076417 0.502087 -0.076417
0.510669 -0.076417 0.510669 -0.076417
0.519252 -0.076417 0.519252 -0.076417
0.527835 -0.076417 0.527835 -0.076417
0.536417 -0.076417 0.536417 -0.076417
0.545000 -0.076417 0.545000 -0.076417
-0.545000 -0.063110 -0.545000 -0.063110
-0.536417 -0.063110 -0.536417 -0.063110
-0.527835 -0.063110 -0.527835 -0.063110
-0.519252 -0.063110 -0.519252 -0.063110
-0.510669 -0.063110 -0.510669 -0.063110
-0.502087 -0.063110 -0.502087 -0.063110
-0.493504 -0.063110 -0.493504 -0.063110
-0.484921 -0.063110 -0.484921 -0.063110
-0.476339 -0.063110 -0.476339 -0.063110
-0.467756 -0.063110 -0.467756 -0.063110
-0.459173 -0.063110 -0.459173 -0.063110
-0.450591 -0.063110 -0.450591 -0.063110
-0.442008 -0.063110 -0.442008 -0.063110
-0.433425 -0.063110 -0.433425 -0.063110
-0.424843 -0.063110 -0.424843 -0.063110
-0.416260 -0.063110 -0.416260 -0.063110
-0.407677 -0.063110 -0.407677 -0.063110
-0.399094 -0.063110 -0.399094 -0.063110
-0.390512 -0.063110 -0.390512 -0.063110
-0.381929 -0.063110 -0.381929 -0.063110
-0.373346 -0.063110 -0.373346 -0.063110
-0.364764 -0.063110 -0.364764 -0.063110
-0.356181 -0.063110 -0.356181 -0.063110
-0.347598 -0.063110 -0.347598 -0.063110
-0.339016 -0.063110 0.335501 0.042319
-0.330433 -0.063110 0.327387 0.039709
-0.321850 -0.063110 0.485890 0.063134
-0.313268 -0.063110 0.469674 0.059255
-0.304685 -0.063110 1.002910 0.141273
-0.296102 -0.063110 1.017766 0.142253
-0.287520 -0.063110 1.032621 0.143234
-0.278937 -0.063110 1.047477 0.144214
-0.270354 -0.063110 1.215304 0.169105
-0.261772 -0.063110 1.220611 0.168592
-0.253189 -0.063110 0.499211 0.054493
-0.244606 -0.063110 0.509710 0.054792
-0.236024 -0.063110 0.520211 0.055092
-0.227441 -0.063110 0.530712 0.055392
-0.218858 -0.063110 0.541212 0.055692
-0.210276 -0.063110 0.551713 0.055991
-0.201693 -0.063110 0.528085 0.081706
-0.193110 -0.063110 0.555027 0.053826
-0.184528 -0.063110 0.252950 0.005269
-0.175945 -0.063110 0.261965 0.005337
-0.167362 -0.063110 0.270980 0.005404
-0.158780 -0.063110 0.279996 0.005472
-0.150197 -0.063110 0.289011 0.005540
-0.141614 -0.063110 0.272504 0.028509
-0.133031 -0.063110 0.281602 0.028564
-0.124449 -0.063110 0.290700 0.028618
-0.115866 -0.063110 0.299799 0.028673
-0.107283 -0.063110 0.266575 0.040582
-0.098701 -0.063110 0.229515 0.039055
-0.090118 -0.063110 0.080402 -0.011193
-0.081535 -0.063110 0.088976 -0.011216
-0.072953 -0.063110 0.097551 -0.011239
-0.064370 -0.063110 0.106126 -0.011262
-0.055787 -0.063110 0.084708 0.018845
-0.047205 -0.063110 0.093258 0.018827
-0.038622 -0.063110 0.064316 0.030971
-0.030039 -0.063110 0.072921 0.030973
-0.021457 -0.063110 0.038866 0.030640
-0.012874 -0.063110 0.038326 0.048356
-0.004291 -0.063110 0.004345 0.048232
0.004291 -0.063110 -0.004345 0.048232
0.012874 -0.063110 -0.038326 0.048356
0.021457 -0.063110 -0.038866 0.030640
0.030039 -0.063110 -0.072921 0.030973
0.038622 -0.063110 -0.064316 0.030971
0.047205 -0.063110 -0.093258 0.018827
0.055787 -0.063110 -0.084708 0.018845
0.064370 -0.063110 -0.106126 -0.011262
0.072953 -0.063110 -0.097551 -0.011239
0.081535 -0.063110 -0.088976 -0.011216
0.090118 -0.063110 -0.080402 -0.011193
0.098701 -0.063110 -0.229516 0.039056
0.107283 -0.063110 -0.266576 0.040582
0.115866 -0.063110 -0.299800 0.028673
0.124449 -0.063110 -0.290701 0.028618
0.133031 -0.063110 -0.281603 0.028563
0.141614 -0.063110 -0.272503 0.028508
0.150197 -0.063110 -0.289010 0.005539
0.158780 -0.063110 -0.279995 0.005472
0.167362 -0.063110 -0.270980 0.005404
0.175945 -0.063110 -0.261965 0.005337
0.184528 -0.063110 -0.252949 0.005269
0.193110 -0.063110 -0.555024 0.053826
0.201693 -0.063110 -0.528087 0.081706
0.210276 -0.063110 -0.551715 0.055992
0.218858 -0.063110 -0.541212 0.055692
0.227441 -0.063110 -0.530712 0.055393
0.236024 -0.063110 -0.520211 0.055093
0.244606 -0.063110 -0.509710 0.054793
0.253189 -0.063110 -0.499210 0.054493
0.261772 -0.063110 -1.220594 0.168589
0.270354 -0.063110 -1.215297 0.169103
0.278937 -0.063110 -1.047466 0.144213
0.287520 -0.063110 -1.032621 0.143232
0.296102 -0.063110 -1.017766 0.142252
0.304685 -0.063110 -1.002910 0.141271
0.313268 -0.063110 -0.469674 0.059262
0.321850 -0.063110 -0.485883 0.063137
0.330433 -0.063110 -0.327387 0.039709
0.339016 -0.063110 -0.335501 0.042319
0.347598 -0.063110 0.347598 -0.063110
0.356181 -0.063110 0.356181 -0.063110
0.364764 -0.063110 0.364764 -0.063110
0.373346 -0.063110 0.373346 -0.063110
0.381929 -0.063110 0.381929 -0.063110
0.390512 -0.063110 0.390512 -0.063110
0.399094 -0.063110 0.399094 -0.063110
0.407677 -0.063110 0.407677 -0.063110
0.416260 -0.063110 0.416260 -0.063110
0.424843 -0.063110 0.424843 -0.063110
0.433425 -0.063110 0.433425 -0.063110
0.442008 -0.063110 0.442008 -0.063110
0.450591 -0.063110 0.450591 -0.063110
0.459173 -0.063110 0.459173 -0.063110
0.467756 -0.063110 0.467756 -0.063110
0.476339 -0.063110 0.476339 -0.063110
0.484921 -0.063110 0.484921 -0.063110
0.493504 -0.063110 0.493504 -0.063110
0.502087 -0.063110 0.502087 -0.063110
0.510669 -0.063110 0.510669 -0.063110
0.519252 -0.063110 0.519252 -0.063110
0.527835 -0.063110 0.527835 -0.063110
0.536417 -0.063110 0.536417 -0.063110
0.545000 -0.063110 0.545000 -0.063110
-0.545000 -0.049803 -0.545000 -0.049803
-0.536417 -0.049803 -0.536417 -0.049803
-0.527835 -0.049803 -0.527835 -0.049803
-0.519252 -0.049803 -0.519252 -0.049803
-0.510669 -0.049803 -0.510669 -0.049803
-0.502087 -0.049803 -0.502087 -0.049803
-0.493504 -0.049803 -0.493504 -0.049803
-0.484921 -0.049803 -0.484921 -0.049803
-0.476339 -0.049803 -0.476339 -0.049803
-0.467756 -0.049803 -0.467756 -0.049803
-0.459173 -0.049803 -0.459173 -0.049803
-0.450591 -0.049803 -0.450591 -0.049803
-0.442008 -0.049803 -0.442008 -0.049803
-0.433425 -0.049803 -0.433425 -0.049803
-0.424843 -0.049803 -0.424843 -0.049803
-0.416260 -0.049803 -0.416260 -0.049803
-0.407677 -0.049803 -0.407677 -0.049803
-0.399094 -0.049803 -0.399094 -0.049803
-0.390512 -0.049803 -0.390512 -0.049803
-0.381929 -0.049803 -0.381929 -0.049803
-0.373346 -0.049803 -0.373346 -0.049803
-0.364764 -0.049803 -0.364764 -0.049803
-0.356181 -0.049803 -0.356181 -0.049803
-0.347598 -0.049803 -0.347598 -0.049803
-0.339016 -0.049803 0.331455 0.054993
-0.330433 -0.049803 0.008471 -0.017041
-0.321850 -0.049803 0.479882 0.075503
-0.313268 -0.049803 0.989575 0.153837
-0.304685 -0.049803 1.004430 0.154818
-0.296102 -0.049803 1.019286 0.155798
-0.287520 -0.049803 1.034141 0.156779
-0.278937 -0.049803 1.048997 0.157759
-0.270354 -0.049803 1.214508 0.182287
-0.261772 -0.049803 1.219815 0.181774
-0.253189 -0.049803 0.499674 0.067872
-0.244606 -0.049803 0.510175 0.068172
-0.236024 -0.049803 0.520676 0.068472
-0.227441 -0.049803 0.531176 0.068772
-0.218858 -0.049803 0.541677 0.069071
-0.210276 -0.049803 0.552178 0.069371
-0.201693 -0.049803 0.562678 0.069671
-0.193110 -0.049803 0.244039 0.018525
-0.184528 -0.049803 0.253055 0.018593
-0.175945 -0.049803 0.262070 0.018660
-0.167362 -0.049803 0.271085 0.018728
-0.158780 -0.049803 0.280101 0.018795
-0.150197 -0.049803 0.289116 0.018863
-0.141614 -0.049803 0.298131 0.018930
-0.133031 -0.049803 0.281643 0.041855
-0.124449 -0.049803 0.290742 0.041910
-0.115866 -0.049803 0.299840 0.041965
-0.107283 -0.049803 0.266624 0.053848
-0.098701 -0.049803 0.094160 -0.019659
-0.090118 -0.049803 0.102681 -0.019668
-0.081535 -0.049803 0.111203 -0.019678
-0.072953 -0.049803 0.097502 0.002041
-0.064370 -0.049803 0.106076 0.002017
-0.055787 -0.049803 0.114651 0.001994
-0.047205 -0.049803 0.093230 0.032117
-0.038622 -0.049803 0.101780 0.032098
-0.030039 -0.049803 0.072911 0.044238
-0.021457 -0.049803 0.038902 0.043905
-0.012874 -0.049803 0.038312 0.061632
-0.004291 -0.049803 0.004376 0.061508
0.004291 -0.049803 -0.004376 0.061508
0.012874 -0.049803 -0.038312 0.061632
0.021457 -0.049803 -0.038902 0.043905
0.030039 -0.049803 -0.072911 0.044238
0.038622 -0.049803 -0.101780 0.032098
0.047205 -0.049803 -0.093230 0.032117
0.055787 -0.049803 -0.114651 0.001994
0.064370 -0.049803 -0.106076 0.002017
0.072953 -0.049803 -0.097502 0.002041
0.081535 -0.049803 -0.111203 -0.019678
0.090118 -0.049803 -0.102681 -0.019668
0.098701 -0.049803 -0.094160 -0.019659
0.107283 -0.049803 -0.266625 0.053848
0.115866 -0.049803 -0.299841 0.041965
0.124449 -0.049803 -0.290743 0.041910
0.133031 -0.049803 -0.281643 0.041855
0.141614 -0.049803 -0.298131 0.018931
0.150197 -0.049803 -0.289115 0.018863
0.158780 -0.049803 -0.280100 0.018795
0.167362 -0.049803 -0.271085 0.018728
0.175945 -0.049803 -0.262069 0.018660
0.184528 -0.049803 -0.253054 0.018592
0.193110 -0.049803 -0.244039 0.018525
0.201693 -0.049803 -0.562681 0.069671
0.210276 -0.049803 -0.552180 0.069371
0.218858 -0.049803 -0.541677 0.069072
0.227441 -0.049803 -0.531176 0.068772
0.236024 -0.049803 -0.520676 0.068472
0.244606 -0.049803 -0.510175 0.068173
0.253189 -0.049803 -0.499674 0.067873
0.261772 -0.049803 -1.219797 0.181772
0.270354 -0.049803 -1.214500 0.182285
0.278937 -0.049803 -1.048986 0.157757
0.287520 -0.049803 -1.034141 0.156777
0.296102 -0.049803 -1.019286 0.155796
0.304685 -0.049803 -1.004430 0.154816
0.313268 -0.049803 -0.989575 0.153835
0.321850 -0.049803 -0.479875 0.075505
0.330433 -0.049803 -0.008476 -0.017040
0.339016 -0.049803 -0.331455 0.054993
0.347598 -0.049803 0.347598 -0.049803
0.356181 -0.049803 0.356181 -0.049803
0.364764 -0.049803 0.364764 -0.049803
0.373346 -0.049803 0.373346 -0.049803
0.381929 -0.049803 0.381929 -0.049803
0.390512 -0.049803 0.390512 -0.049803
0.399094 -0.049803 0.399094 -0.049803
0.407677 -0.049803 0.407677 -0.049803
0.416260 -0.049803 0.416260 -0.049803
0.424843 -0.049803 0.424843 -0.049803
0.433425 -0.049803 0.433425 -0.049803
0.442008 -0.049803 0.442008 -0.049803
0.450591 -0.049803 0.450591 -0.049803
0.459173 -0.049803 0.459173 -0.049803
0.467756 -0.049803 0.467756 -0.049803
0.476339 -0.049803 0.476339 -0.049803
0.484921 -0.049803 0.484921 -0.049803
0.493504 -0.049803 0.493504 -0.049803
0.502087 -0.049803 0.502087 -0.049803
0.510669 -0.049803 0.510669 -0.049803
0.519252 -0.049803 0.519252 -0.049803
0.527835 -0.049803 0.527835 -0.049803
0.536417 -0.049803 0.536417 -0.049803
0.545000 -0.049803 0.545000 -0.049803
-0.545000 -0.036496 -0.545000 -0.036496
-0.536417 -0.036496 -0.536417 -0.036496
-0.527835 -0.036496 -0.527835 -0.036496
-0.519252 -0.036496 -0.519252 -0.036496
-0.510669 -0.036496 -0.510669 -0.036496
-0.502087 -0.036496 -0.502087 -0.036496
-0.493504 -0.036496 -0.493504 -0.036496
-0.484921 -0.036496 -0.484921 -0.036496
-0.476339 -0.036496 -0.476339 -0.036496
-0.467756 -0.036496 -0.467756 -0.036496
-0.459173 -0.036496 -0.459173 -0.036496
-0.450591 -0.036496 -0.450591 -0.036496
-0.442008 -0.036496 -0.442008 -0.036496
-0.433425 -0.036496 -0.433425 -0.036496
-0.424843 -0.036496 -0.424843 -0.036496
-0.416260 -0.036496 -0.416260 -0.036496
-0.407677 -0.036496 -0.407677 -0.036496
-0.399094 -0.036496 -0.399094 -0.036496
-0.390512 -0.036496 -0.390512 -0.036496
-0.381929 -0.036496 -0.381929 -0.036496
-0.373346 -0.036496 -0.373346 -0.036496
-0.364764 -0.036496 -0.364764 -0.036496
-0.356181 -0.036496 -0.356181 -0.036496
-0.347598 -0.036496 -0.347598 -0.036496
-0.339016 -0.036496 0.333715 0.036315
-0.330433 -0.036496 2.238740 0.195099
-0.321850 -0.036496 0.533702 -0.025282
-0.313268 -0.036496 0.991095 0.167382
-0.304685 -0.036496 1.005950 0.168362
-0.296102 -0.036496 1.020806 0.169343
-0.287520 -0.036496 1.028388 0.124440
-0.278937 -0.036496 1.043297 0.125535
-0.270354 -0.036496 1.213712 0.195470
-0.261772 -0.036496 1.219019 0.194957
-0.253189 -0.036496 0.500139 0.081252
-0.244606 -0.036496 0.510640 0.081552
-0.236024 -0.036496 0.521141 0.081851
-0.227441 -0.036496 0.531641 0.082151
-0.218858 -0.036496 0.542142 0.082451
-0.210276 -0.036496 0.552643 0.082751
-0.201693 -0.036496 0.563143 0.083051
-0.193110 -0.036496 0.244144 0.031848
-0.184528 -0.036496 0.253160 0.031916
-0.175945 -0.036496 0.262175 0.031984
-0.167362 -0.036496 0.271190 0.032051
-0.158780 -0.036496 0.280205 0.032118
-0.150197 -0.036496 0.289220 0.032186
-0.141614 -0.036496 0.298235 0.032253
-0.133031 -0.036496 0.307251 0.032321
-0.124449 -0.036496 0.316266 0.032389
-0.115866 -0.036496 0.299882 0.055257
-0.107283 -0.036496 0.266673 0.067114
-0.098701 -0.036496 0.094145 -0.006354
-0.090118 -0.036496 0.102667 -0.006363
-0.081535 -0.036496 0.111188 -0.006373
-0.072953 -0.036496 0.119710 -0.006382
-0.064370 -0.036496 0.128231 -0.006392
-0.055787 -0.036496 0.114601 0.015274
-0.047205 -0.036496 0.123176 0.015251
-0.038622 -0.036496 0.094085 0.027318
-0.030039 -0.036496 0.072901 0.057503
-0.021457 -0.036496 0.038937 0.057171
-0.012874 -0.036496 0.011023 0.044694
-0.004291 -0.036496 0.004408 0.074785
0.004291 -0.036496 -0.004408 0.074785
0.012874 -0.036496 -0.011023 0.044694
0.021457 -0.036496 -0.038937 0.057171
0.030039 -0.036496 -0.072901 0.057503
0.038622 -0.036496 -0.094085 0.027318
0.047205 -0.036496 -0.123176 0.015251
0.055787 -0.036496 -0.114601 0.015274
0.064370 -0.036496 -0.128231 -0.006392
0.072953 -0.036496 -0.119710 -0.006382
0.081535 -0.036496 -0.111188 -0.006373
0.090118 -0.036496 -0.102667 -0.006363
0.098701 -0.036496 -0.094145 -0.006354
0.107283 -0.036496 -0.266674 0.067114
0.115866 -0.036496 -0.299883 0.055257
0.124449 -0.036496 -0.316266 0.032389
0.133031 -0.036496 -0.307251 0.032322
0.141614 -0.036496 -0.298235 0.032254
0.150197 -0.036496 -0.289220 0.032186
0.158780 -0.036496 -0.280205 0.032119
0.167362 -0.036496 -0.271190 0.032051
0.175945 -0.036496 -0.262174 0.031984
0.184528 -0.036496 -0.253159 0.031916
0.193110 -0.036496 -0.244144 0.031848
0.201693 -0.036496 -0.563145 0.083051
0.210276 -0.036496 -0.552645 0.082751
0.218858 -0.036496 -0.542142 0.082452
0.227441 -0.036496 -0.531641 0.082152
0.236024 -0.036496 -0.521141 0.081852
0.244606 -0.036496 -0.510640 0.081552
0.253189 -0.036496 -0.500139 0.081253
0.261772 -0.036496 -1.219001 0.194954
0.270354 -0.036496 -1.213704 0.195468
0.278937 -0.036496 -1.043286 0.125533
0.287520 -0.036496 -1.028388 0.124439
0.296102 -0.036496 -1.020806 0.169341
0.304685 -0.036496 -1.005950 0.168360
0.313268 -0.036496 -0.991095 0.167380
0.321850 -0.036496 -0.533694 -0.025280
0.330433 -0.036496 -2.238740 0.195099
0.339016 -0.036496 -0.333715 0.036315
0.347598 -0.036496 0.347598 -0.036496
0.356181 -0.036496 0.356181 -0.036496
0.364764 -0.036496 0.364764 -0.036496
0.373346 -0.036496 0.373346 -0.036496
0.381929 -0.036496 0.381929 -0.036496
0.390512 -0.036496 0.390512 -0.036496
0.399094 -0.036496 0.399094 -0.036496
0.407677 -0.036496 0.407677 -0.036496
0.416260 -0.036496 0.416260 -0.036496
0.424843 -0.036496 0.424843 -0.036496
0.433425 -0.036496 0.433425 -0.036496
0.442008 -0.036496 0.442008 -0.036496
0.450591 -0.036496 0.450591 -0.036496
0.459173 -0.036496 0.459173 -0.036496
0.467756 -0.036496 0.467756 -0.036496
0.476339 -0.036496 0.476339 -0.036496
0.484921 -0.036496 0.484921 -0.036496
0.493504 -0.036496 0.493504 -0.036496
0.502087 -0.036496 0.502087 -0.036496
0.510669 -0.036496 0.510669 -0.036496
0.519252 -0.036496 0.519252 -0.036496
0.527835 -0.036496 0.527835 -0.036496
0.536417 -0.036496 0.536417 -0.036496
0.545000 -0.036496 0.545000 -0.036496
-0.545000 -0.023189 -0.545000 -0.023189
-0.536417 -0.023189 -0.536417 -0.023189
-0.527835 -0.023189 -0.527835 -0.023189
-0.519252 -0.023189 -0.519252 -0.023189
-0.510669 -0.023189 -0.510669 -0.023189
-0.502087 -0.023189 -0.502087 -0.023189
-0.493504 -0.023189 -0.493504 -0.023189
-0.484921 -0.023189 -0.484921 -0.023189
-0.476339 -0.023189 -0.476339 -0.023189
-0.467756 -0.023189 -0.467756 -0.023189
-0.459173 -0.023189 -0.459173 -0.023189
-0.450591 -0.023189 -0.450591 -0.023189
-0.442008 -0.023189 -0.442008 -0.023189
-0.433425 -0.023189 -0.433425 -0.023189
-0.424843 -0.023189 -0.424843 -0.023189
-0.416260 -0.023189 -0.416260 -0.023189
-0.407677 -0.023189 -0.407677 -0.023189
-0.399094 -0.023189 -0.399094 -0.023189
-0.390512 -0.023189 -0.390512 -0.023189
-0.381929 -0.023189 -0.381929 -0.023189
-0.373346 -0.023189 -0.373346 -0.023189
-0.364764 -0.023189 -0.364764 -0.023189
-0.356181 -0.023189 -0.356181 -0.023189
-0.347598 -0.023189 -0.347598 -0.023189
-0.339016 -0.023189 0.329654 0.050232
-0.330433 -0.023189 1.763834 0.197733
-0.321850 -0.023189 -62.878824 -4.121371
-0.313268 -0.023189 0.985534 0.134755
-0.304685 -0.023189 1.000442 0.135850
-0.296102 -0.023189 1.015351 0.136944
-0.287520 -0.023189 1.030259 0.138038
-0.278937 -0.023189 1.207619 0.209166
-0.270354 -0.023189 1.212915 0.208653
-0.261772 -0.023189 1.152212 0.006529
-0.253189 -0.023189 0.499072 0.062666
-0.244606 -0.023189 0.509580 0.063016
-0.236024 -0.023189 0.520089 0.063366
-0.227441 -0.023189 0.530597 0.063716
-0.218858 -0.023189 0.541106 0.064066
-0.210276 -0.023189 0.551614 0.064416
-0.201693 -0.023189 0.546843 0.093809
-0.193110 -0.023189 0.244249 0.045172
-0.184528 -0.023189 0.253264 0.045239
-0.175945 -0.023189 0.262279 0.045306
-0.167362 -0.023189 0.271294 0.045374
-0.158780 -0.023189 0.280310 0.045442
-0.150197 -0.023189 0.289325 0.045509
-0.141614 -0.023189 0.298340 0.045577
-0.133031 -0.023189 0.307355 0.045645
-0.124449 -0.023189 0.316371 0.045712
-0.115866 -0.023189 0.325386 0.045780
-0.107283 -0.023189 0.309022 0.068604
-0.098701 -0.023189 0.094130 0.006951
-0.090118 -0.023189 0.102652 0.006941
-0.081535 -0.023189 0.111173 0.006932
-0.072953 -0.023189 0.119695 0.006922
-0.064370 -0.023189 0.128216 0.006913
-0.055787 -0.023189 0.136738 0.006903
-0.047205 -0.023189 0.123127 0.028530
-0.038622 -0.023189 0.094052 0.040574
-0.030039 -0.023189 0.060095 0.040163
-0.021457 -0.023189 0.038972 0.070436
-0.012874 -0.023189 -0.009852 0.036632
-0.004291 -0.023189 -0.053303 0.054249
0.004291 -0.023189 0.053303 0.054249
0.012874 -0.023189 0.009852 0.036632
0.021457 -0.023189 -0.038972 0.070436
0.030039 -0.023189 -0.060095 0.040163
0.038622 -0.023189 -0.094052 0.040574
0.047205 -0.023189 -0.123127 0.028530
0.055787 -0.023189 -0.136738 0.006903
0.064370 -0.023189 -0.128216 0.006913
0.072953 -0.023189 -0.119695 0.006922
0.081535 -0.023189 -0.111173 0.006932
0.090118 -0.023189 -0.102652 0.006941
0.098701 -0.023189 -0.094130 0.006951
0.107283 -0.023189 -0.309023 0.068604
0.115866 -0.023189 -0.325387 0.045780
0.124449 -0.023189 -0.316371 0.045713
0.133031 -0.023189 -0.307355 0.045645
0.141614 -0.023189 -0.298340 0.045577
0.150197 -0.023189 -0.289325 0.045510
0.158780 -0.023189 -0.280310 0.045442
0.167362 -0.023189 -0.271294 0.045375
0.175945 -0.023189 -0.262279 0.045307
0.184528 -0.023189 -0.253264 0.045239
0.193110 -0.023189 -0.244249 0.045172
0.201693 -0.023189 -0.546840 0.093809
0.210276 -0.023189 -0.551614 0.064417
0.218858 -0.023189 -0.541106 0.064067
0.227441 -0.023189 -0.530597 0.063717
0.236024 -0.023189 -0.520089 0.063367
0.244606 -0.023189 -0.509580 0.063017
0.253189 -0.023189 -0.499072 0.062667
0.261772 -0.023189 -1.152212 0.006529
0.270354 -0.023189 -1.212908 0.208651
0.278937 -0.023189 -1.207611 0.209164
0.287520 -0.023189 -1.030259 0.138036
0.296102 -0.023189 -1.015351 0.136942
0.304685 -0.023189 -1.000442 0.135848
0.313268 -0.023189 -0.985534 0.134754
0.321850 -0.023189 62.880532 -4.121345
0.330433 -0.023189 -1.763834 0.197733
0.339016 -0.023189 -0.329654 0.050232
0.347598 -0.023189 0.347598 -0.023189
0.356181 -0.023189 0.356181 -0.023189
0.364764 -0.023189 0.364764 -0.023189
0.373346 -0.023189 0.373346 -0.023189
0.381929 -0.023189 0.381929 -0.023189
0.390512 -0.023189 0.390512 -0.023189
0.399094 -0.023189 0.399094 -0.023189
0.407677 -0.023189 0.407677 -0.023189
0.416260 -0.023189 0.416260 -0.023189
0.424843 -0.023189 0.424843 -0.023189
0.433425 -0.023189 0.433425 -0.023189
0.442008 -0.023189 0.442008 -0.023189
0.450591 -0.023189 0.450591 -0.023189
0.459173 -0.023189 0.459173 -0.023189
0.467756 -0.023189 0.467756 -0.023189
0.476339 -0.023189 0.476339 -0.023189
0.484921 -0.023189 0.484921 -0.023189
0.493504 -0.023189 0.493504 -0.023189
0.502087 -0.023189 0.502087 -0.023189
0.510669 -0.023189 0.510669 -0.023189
0.519252 -0.023189 0.519252 -0.023189
0.527835 -0.023189 0.527835 -0.023189
0.536417 -0.023189 0.536417 -0.023189
0.545000 -0.023189 0.545000 -0.023189
-0.545000 -0.009882 -0.545000 -0.009882
-0.536417 -0.009882 -0.536417 -0.009882
-0.527835 -0.009882 -0.527835 -0.009882
-0.519252 -0.009882 -0.519252 -0.009882
-0.510669 -0.009882 -0.510669 -0.009882
-0.502087 -0.009882 -0.502087 -0.009882
-0.493504 -0.009882 -0.493504 -0.009882
-0.484921 -0.009882 -0.484921 -0.009882
-0.476339 -0.009882 -0.476339 -0.009882
-0.467756 -0.009882 -0.467756 -0.009882
-0.459173 -0.009882 -0.459173 -0.009882
-0.450591 -0.009882 -0.450591 -0.009882
-0.442008 -0.009882 -0.442008 -0.009882
-0.433425 -0.009882 -0.433425 -0.009882
-0.424843 -0.009882 -0.424843 -0.009882
-0.416260 -0.009882 -0.416260 -0.009882
-0.407677 -0.009882 -0.407677 -0.009882
-0.399094 -0.009882 -0.399094 -0.009882
-0.390512 -0.009882 -0.390512 -0.009882
-0.381929 -0.009882 -0.381929 -0.009882
-0.373346 -0.009882 -0.373346 -0.009882
-0.364764 -0.009882 -0.364764 -0.009882
-0.356181 -0.009882 -0.356181 -0.009882
-0.347598 -0.009882 0.334631 0.061502
-0.339016 -0.009882 3.962031 0.355101
-0.330433 -0.009882 -7.290817 0.280802
-0.321850 -0.009882 -19.416736 1.938314
-0.313268 -0.009882 0.987405 0.148353
-0.304685 -0.009882 1.002313 0.149447
-0.296102 -0.009882 1.017222 0.150542
-0.287520 -0.009882 1.032130 0.151636
-0.278937 -0.009882 1.141986 0.018671
-0.270354 -0.009882 1.147744 0.019281
-0.261772 -0.009882 1.153507 0.019891
-0.253189 -0.009882 0.499702 0.076065
-0.244606 -0.009882 0.510211 0.076415
-0.236024 -0.009882 0.520719 0.076765
-0.227441 -0.009882 0.531228 0.077115
-0.218858 -0.009882 0.541736 0.077465
-0.210276 -0.009882 0.552245 0.077815
-0.201693 -0.009882 0.540222 -0.008952
-0.193110 -0.009882 0.243939 0.031030
-0.184528 -0.009882 0.252955 0.031133
-0.175945 -0.009882 0.261972 0.031236
-0.167362 -0.009882 0.270989 0.031339
-0.158780 -0.009882 0.280006 0.031442
-0.150197 -0.009882 0.289023 0.031545
-0.141614 -0.009882 0.298040 0.031648
-0.133031 -0.009882 0.307057 0.031751
-0.124449 -0.009882 0.316073 0.031854
-0.115866 -0.009882 0.325090 0.031957
-0.107283 -0.009882 0.308165 0.009096
-0.098701 -0.009882 0.094115 0.020256
-0.090118 -0.009882 0.102637 0.020246
-0.081535 -0.009882 0.111159 0.020237
-0.072953 -0.009882 0.119680 0.020227
-0.064370 -0.009882 0.128202 0.020217
-0.055787 -0.009882 0.136723 0.020208
-0.047205 -0.009882 0.145245 0.020198
-0.038622 -0.009882 0.153766 0.020189
-0.030039 -0.009882 0.023750 0.040928
-0.021457 -0.009882 0.011485 0.019716
-0.012874 -0.009882 0.020068 0.019745
-0.004291 -0.009882 -0.001143 0.025441
0.004291 -0.009882 0.001143 0.025441
0.012874 -0.009882 -0.020068 0.019745
0.021457 -0.009882 -0.011485 0.019716
0.030039 -0.009882 -0.023750 0.040928
0.038622 -0.009882 -0.153766 0.020189
0.047205 -0.009882 -0.145245 0.020198
0.055787 -0.009882 -0.136723 0.020208
0.064370 -0.009882 -0.128202 0.020217
0.072953 -0.009882 -0.119680 0.020227
0.081535 -0.009882 -0.111159 0.020237
0.090118 -0.009882 -0.102637 0.020246
0.098701 -0.009882 -0.094115 0.020256
0.107283 -0.009882 -0.308166 0.009096
0.115866 -0.009882 -0.325090 0.031958
0.124449 -0.009882 -0.316073 0.031855
0.133031 -0.009882 -0.307057 0.031752
0.141614 -0.009882 -0.298040 0.031649
0.150197 -0.009882 -0.289023 0.031546
0.158780 -0.009882 -0.280006 0.031443
0.167362 -0.009882 -0.270989 0.031340
0.175945 -0.009882 -0.261972 0.031237
0.184528 -0.009882 -0.252955 0.031134
0.193110 -0.009882 -0.243939 0.031031
0.201693 -0.009882 -0.540223 -0.008953
0.210276 -0.009882 -0.552245 0.077816
0.218858 -0.009882 -0.541736 0.077466
0.227441 -0.009882 -0.531228 0.077116
0.236024 -0.009882 -0.520719 0.076766
0.244606 -0.009882 -0.510211 0.076416
0.253189 -0.009882 -0.499702 0.076066
0.261772 -0.009882 -1.153516 0.019892
0.270354 -0.009882 -1.147744 0.019281
0.278937 -0.009882 -1.141981 0.018670
0.287520 -0.009882 -1.032130 0.151634
0.296102 -0.009882 -1.017222 0.150540
0.304685 -0.009882 -1.002313 0.149446
0.313268 -0.009882 -0.987405 0.148351
0.321850 -0.009882 19.414234 1.938067
0.330433 -0.009882 7.290892 0.280801
0.339016 -0.009882 -3.962031 0.355101
0.347598 -0.009882 -0.334631 0.061502
0.356181 -0.009882 0.356181 -0.009882
0.364764 -0.009882 0.364764 -0.009882
0.373346 -0.009882 0.373346 -0.009882
0.381929 -0.009882 0.381929 -0.009882
0.390512 -0.009882 0.390512 -0.009882
0.399094 -0.009882 0.399094 -0.009882
0.407677 -0.009882 0.407677 -0.009882
0.416260 -0.009882 0.416260 -0.009882
0.424843 -0.009882 0.424843 -0.009882
0.433425 -0.009882 0.433425 -0.009882
0.442008 -0.009882 0.442008 -0.009882
0.450591 -0.009882 0.450591 -0.009882
0.459173 -0.009882 0.459173 -0.009882
0.467756 -0.009882 0.467756 -0.009882
0.476339 -0.009882 0.476339 -0.009882
0.484921 -0.009882 0.484921 -0.009882
0.493504 -0.009882 0.493504 -0.009882
0.502087 -0.009882 0.502087 -0.009882
0.510669 -0.009882 0.510669 -0.009882
0.519252 -0.009882 0.519252 -0.009882
0.527835 -0.009882 0.527835 -0.009882
0.536417 -0.009882 0.536417 -0.009882
0.545000 -0.009882 0.545000 -0.009882
-0.545000 0.003425 -0.545000 0.003425
-0.536417 0.003425 -0.536417 0.003425
-0.527835 0.003425 -0.527835 0.003425
-0.519252 0.003425 -0.519252 0.003425
-0.510669 0.003425 -0.510669 0.003425
-0.502087 0.003425 -0.502087 0.003425
-0.493504 0.003425 -0.493504 0.003425
-0.484921 0.003425 -0.484921 0.003425
-0.476339 0.003425 -0.476339 0.003425
-0.467756 0.003425 -0.467756 0.003425
-0.459173 0.003425 -0.459173 0.003425
-0.450591 0.003425 -0.450591 0.003425
-0.442008 0.003425 -0.442008 0.003425
-0.433425 0.003425 -0.433425 0.003425
-0.424843 0.003425 -0.424843 0.003425
-0.416260 0.003425 -0.416260 0.003425
-0.407677 0.003425 -0.407677 0.003425
-0.399094 0.003425 -0.399094 0.003425
-0.390512 0.003425 -0.390512 0.003425
-0.381929 0.003425 -0.381929 0.003425
-0.373346 0.003425 -0.373346 0.003425
-0.364764 0.003425 -0.364764 0.003425
-0.356181 0.003425 -0.356181 0.003425
-0.347598 0.003425 0.332660 -0.068255
-0.339016 0.003425 3.966638 -0.362299
-0.330433 0.003425 -7.299351 -0.287440
-0.321850 0.003425 -19.434596 -1.946431
-0.313268 0.003425 0.988313 -0.154949
-0.304685 0.003425 1.003221 -0.156043
-0.296102 0.003425 1.018130 -0.157137
-0.287520 0.003425 1.033038 -0.158232
-0.278937 0.003425 1.142609 -0.025154
-0.270354 0.003425 1.148372 -0.025764
-0.261772 0.003425 1.154144 -0.026375
-0.253189 0.003425 0.500008 -0.082567
-0.244606 0.003425 0.510516 -0.082917
-0.236024 0.003425 0.521025 -0.083267
-0.227441 0.003425 0.531534 -0.083617
-0.218858 0.003425 0.542042 -0.083967
-0.210276 0.003425 0.552551 -0.084317
-0.201693 0.003425 0.540509 0.002502
-0.193110 0.003425 0.244037 -0.037499
-0.184528 0.003425 0.253054 -0.037602
-0.175945 0.003425 0.262071 -0.037705
-0.167362 0.003425 0.271088 -0.037808
-0.158780 0.003425 0.280105 -0.037911
-0.150197 0.003425 0.289122 -0.038014
-0.141614 0.003425 0.298139 -0.038117
-0.133031 0.003425 0.307155 -0.038220
-0.124449 0.003425 0.316172 -0.038323
-0.115866 0.003425 0.325189 -0.038426
-0.107283 0.003425 0.085511 -0.001281
-0.098701 0.003425 0.094033 -0.001302
-0.090118 0.003425 0.102555 -0.001323
-0.081535 0.003425 0.111076 -0.001343
-0.072953 0.003425 0.119598 -0.001364
-0.064370 0.003425 0.128120 -0.001385
-0.055787 0.003425 0.136641 -0.001405
-0.047205 0.003425 0.145163 -0.001426
-0.038622 0.003425 0.153685 -0.001447
-0.030039 0.003425 0.002955 -0.001732
-0.021457 0.003425 0.011537 -0.001732
-0.012874 0.003425 0.020120 -0.001732
-0.004291 0.003425 0.028703 -0.001732
0.004291 0.003425 -0.028703 -0.001732
0.012874 0.003425 -0.020120 -0.001732
0.021457 0.003425 -0.011537 -0.001732
0.030039 0.003425 -0.002955 -0.001732
0.038622 0.003425 -0.153685 -0.001447
0.047205 0.003425 -0.145163 -0.001426
0.055787 0.003425 -0.136641 -0.001405
0.064370 0.003425 -0.128120 -0.001385
0.072953 0.003425 -0.119598 -0.001364
0.081535 0.003425 -0.111076 -0.001343
0.090118 0.003425 -0.102555 -0.001323
0.098701 0.003425 -0.094033 -0.001302
0.107283 0.003425 -0.085511 -0.001281
0.115866 0.003425 -0.325189 -0.038426
0.124449 0.003425 -0.316172 -0.038323
0.133031 0.003425 -0.307155 -0.038220
0.141614 0.003425 -0.298139 -0.038117
0.150197 0.003425 -0.289122 -0.038014
0.158780 0.003425 -0.280105 -0.037911
0.167362 0.003425 -0.271088 -0.037808
0.175945 0.003425 -0.262071 -0.037705
0.184528 0.003425 -0.253054 -0.037602
0.193110 0.003425 -0.244037 -0.037499
0.201693 0.003425 -0.540508 0.002501
0.210276 0.003425 -0.552551 -0.084316
0.218858 0.003425 -0.542042 -0.083966
0.227441 0.003425 -0.531534 -0.083616
0.236024 0.003425 -0.521025 -0.083266
0.244606 0.003425 -0.510516 -0.082916
0.253189 0.003425 -0.500008 -0.082566
0.261772 0.003425 -1.154135 -0.026375
0.270354 0.003425 -1.148372 -0.025764
0.278937 0.003425 -1.142609 -0.025154
0.287520 0.003425 -1.033038 -0.158234
0.296102 0.003425 -1.018130 -0.157139
0.304685 0.003425 -1.003221 -0.156045
0.313268 0.003425 -0.988312 -0.154951
0.321850 0.003425 19.433156 -1.946253
0.330433 0.003425 7.299352 -0.287450
0.339016 0.003425 -3.966638 -0.362299
0.347598 0.003425 -0.332660 -0.068255
0.356181 0.003425 0.356181 0.003425
0.364764 0.003425 0.364764 0.003425
0.373346 0.003425 0.373346 0.003425
0.381929 0.003425 0.381929 0.003425
0.390512 0.003425 0.390512 0.003425
0.399094 0.003425 0.399094 0.003425
0.407677 0.003425 0.407677 0.003425
0.416260 0.003425 0.416260 0.003425
0.424843 0.003425 0.424843 0.003425
0.433425 0.003425 0.433425 0.003425
0.442008 0.003425 0.442008 0.003425
0.450591 0.003425 0.450591 0.003425
0.459173 0.003425 0.459173 0.003425
0.467756 0.003425 0.467756 0.003425
0.476339 0.003425 0.476339 0.003425
0.484921 0.003425 0.484921 0.003425
0.493504 0.003425 0.493504 0.003425
0.502087 0.003425 0.502087 0.003425
0.510669 0.003425 0.510669 0.003425
0.519252 0.003425 0.519252 0.003425
0.527835 0.003425 0.527835 0.003425
0.536417 0.003425 0.536417 0.003425
0.545000 0.003425 0.545000 0.003425
-0.545000 0.016732 -0.545000 0.016732
-0.536417 0.016732 -0.536417 0.016732
-0.527835 0.016732 -0.527835 0.016732
-0.519252 0.016732 -0.519252 0.016732
-0.510669 0.016732 -0.510669 0.016732
-0.502087 0.016732 -0.502087 0.016732
-0.493504 0.016732 -0.493504 0.016732
-0.484921 0.016732 -0.484921 0.016732
-0.476339 0.016732 -0.476339 0.016732
-0.467756 0.016732 -0.467756 0.016732
-0.459173 0.016732 -0.459173 0.016732
-0.450591 0.016732 -0.450591 0.016732
-0.442008 0.016732 -0.442008 0.016732
-0.433425 0.016732 -0.433425 0.016732
-0.424843 0.016732 -0.424843 0.016732
-0.416260 0.016732 -0.416260 0.016732
-0.407677 0.016732 -0.407677 0.016732
-0.399094 0.016732 -0.399094 0.016732
-0.390512 0.016732 -0.390512 0.016732
-0.381929 0.016732 -0.381929 0.016732
-0.373346 0.016732 -0.373346 0.016732
-0.364764 0.016732 -0.364764 0.016732
-0.356181 0.016732 -0.356181 0.016732
-0.347598 0.016732 -0.347598 0.016732
-0.339016 0.016732 0.327683 -0.056985
-0.330433 0.016732 1.769289 -0.204965
-0.321850 0.016732 -19.395248 -1.929496
-0.313268 0.016732 0.986441 -0.141351
-0.304685 0.016732 1.001350 -0.142445
-0.296102 0.016732 1.016259 -0.143540
-0.287520 0.016732 1.031167 -0.144634
-0.278937 0.016732 1.141314 -0.011791
-0.270354 0.016732 1.147077 -0.012402
-0.261772 0.016732 1.152849 -0.013013
-0.253189 0.016732 0.499377 -0.069168
-0.244606 0.016732 0.509886 -0.069518
-0.236024 0.016732 0.520395 -0.069868
-0.227441 0.016732 0.530903 -0.070218
-0.218858 0.016732 0.541412 -0.070568
-0.210276 0.016732 0.551920 -0.070918
-0.201693 0.016732 0.546668 -0.100239
-0.193110 0.016732 0.244299 -0.051636
-0.184528 0.016732 0.253315 -0.051704
-0.175945 0.016732 0.262330 -0.051772
-0.167362 0.016732 0.271345 -0.051839
-0.158780 0.016732 0.280361 -0.051907
-0.150197 0.016732 0.289376 -0.051974
-0.141614 0.016732 0.298391 -0.052042
-0.133031 0.016732 0.307406 -0.052110
-0.124449 0.016732 0.316422 -0.052177
-0.115866 0.016732 0.325437 -0.052245
-0.107283 0.016732 0.334453 -0.052312
-0.098701 0.016732 0.094123 -0.013407
-0.090118 0.016732 0.102645 -0.013397
-0.081535 0.016732 0.111166 -0.013387
-0.072953 0.016732 0.119688 -0.013378
-0.064370 0.016732 0.128209 -0.013368
-0.055787 0.016732 0.136731 -0.013359
-0.047205 0.016732 0.145252 -0.013349
-0.038622 0.016732 0.131677 -0.034950
-0.030039 0.016732 0.060101 -0.046595
-0.021457 0.016732 0.032347 -0.034133
-0.012874 0.016732 -0.009829 -0.043094
-0.004291 0.016732 -0.053087 -0.036048
0.004291 0.016732 0.053087 -0.036048
0.012874 0.016732 0.009829 -0.043094
0.021457 0.016732 -0.032347 -0.034133
0.030039 0.016732 -0.060101 -0.046595
0.038622 0.016732 -0.131677 -0.034950
0.047205 0.016732 -0.145252 -0.013349
0.055787 0.016732 -0.136731 -0.013359
0.064370 0.016732 -0.128209 -0.013368
0.072953 0.016732 -0.119688 -0.013378
0.081535 0.016732 -0.111166 -0.013387
0.090118 0.016732 -0.102645 -0.013397
0.098701 0.016732 -0.094123 -0.013407
0.107283 0.016732 -0.334452 -0.052312
0.115866 0.016732 -0.325437 -0.052244
0.124449 0.016732 -0.316422 -0.052177
0.133031 0.016732 -0.307406 -0.052109
0.141614 0.016732 -0.298391 -0.052042
0.150197 0.016732 -0.289376 -0.051974
0.158780 0.016732 -0.280361 -0.051906
0.167362 0.016732 -0.271345 -0.051839
0.175945 0.016732 -0.262330 -0.051771
0.184528 0.016732 -0.253315 -0.051703
0.193110 0.016732 -0.244300 -0.051636
0.201693 0.016732 -0.546669 -0.100240
0.210276 0.016732 -0.551920 -0.070917
0.218858 0.016732 -0.541412 -0.070567
0.227441 0.016732 -0.530903 -0.070217
0.236024 0.016732 -0.520395 -0.069867
0.244606 0.016732 -0.509886 -0.069517
0.253189 0.016732 -0.499378 -0.069167
0.261772 0.016732 -1.152841 -0.013013
0.270354 0.016732 -1.147077 -0.012402
0.278937 0.016732 -1.141319 -0.011792
0.287520 0.016732 -1.031167 -0.144636
0.296102 0.016732 -1.016259 -0.143542
0.304685 0.016732 -1.001350 -0.142447
0.313268 0.016732 -0.986441 -0.141353
0.321850 0.016732 19.399315 -1.929891
0.330433 0.016732 -1.769289 -0.204965
0.339016 0.016732 -0.327683 -0.056985
0.347598 0.016732 0.347598 0.016732
0.356181 0.016732 0.356181 0.016732
0.364764 0.016732 0.364764 0.016732
0.373346 0.016732 0.373346 0.016732
0.381929 0.016732 0.381929 0.016732
0.390512 0.016732 0.390512 0.016732
0.399094 0.016732 0.399094 0.016732
0.407677 0.016732 0.407677 0.016732
0.416260 0.016732 0.416260 0.016732
0.424843 0.016732 0.424843 0.016732
0.433425 0.016732 0.433425 0.016732
0.442008 0.016732 0.442008 0.016732
0.450591 0.016732 0.450591 0.016732
0.459173 0.016732 0.459173 0.016732
0.467756 0.016732 0.467756 0.016732
0.476339 0.016732 0.476339 0.016732
0.484921 0.016732 0.484921 0.016732
0.493504 0.016732 0.493504 0.016732
0.502087 0.016732 0.502087 0.016732
0.510669 0.016732 0.510669 0.016732
0.519252 0.016732 0.519252 0.016732
0.527835 0.016732 0.527835 0.016732
0.536417 0.016732 0.536417 0.016732
0.545000 0.016732 0.545000 0.016732
-0.545000 0.030039 -0.545000 0.030039
-0.536417 0.030039 -0.536417 0.030039
-0.527835 0.030039 -0.527835 0.030039
-0.519252 0.030039 -0.519252 0.030039
-0.510669 0.030039 -0.510669 0.030039
-0.502087 0.030039 -0.502087 0.030039
-0.493504 0.030039 -0.493504 0.030039
-0.484921 0.030039 -0.484921 0.030039
-0.476339 0.030039 -0.476339 0.030039
-0.467756 0.030039 -0.467756 0.030039
-0.459173 0.030039 -0.459173 0.030039
-0.450591 0.030039 -0.450591 0.030039
-0.442008 0.030039 -0.442008 0.030039
-0.433425 0.030039 -0.433425 0.030039
-0.424843 0.030039 -0.424843 0.030039
-0.416260 0.030039 -0.416260 0.030039
-0.407677 0.030039 -0.407677 0.030039
-0.399094 0.030039 -0.399094 0.030039
-0.390512 0.030039 -0.390512 0.030039
-0.381929 0.030039 -0.381929 0.030039
-0.373346 0.030039 -0.373346 0.030039
-0.364764 0.030039 -0.364764 0.030039
-0.356181 0.030039 -0.356181 0.030039
-0.347598 0.030039 -0.347598 0.030039
-0.339016 0.030039 0.331744 -0.043068
-0.330433 0.030039 1.758047 -0.190060
-0.321850 0.030039 -62.922169 4.130615
-0.313268 0.030039 0.984570 -0.127754
-0.304685 0.030039 0.999479 -0.128848
-0.296102 0.030039 1.014388 -0.129942
-0.287520 0.030039 1.029296 -0.131036
-0.278937 0.030039 1.044194 -0.132131
-0.270354 0.030039 1.213318 -0.201864
-0.261772 0.030039 1.218615 -0.201351
-0.253189 0.030039 0.500365 -0.087745
-0.244606 0.030039 0.510865 -0.088044
-0.236024 0.030039 0.521366 -0.088344
-0.227441 0.030039 0.531867 -0.088644
-0.218858 0.030039 0.542367 -0.088944
-0.210276 0.030039 0.552870 -0.089243
-0.201693 0.030039 0.563371 -0.089543
-0.193110 0.030039 0.244195 -0.038313
-0.184528 0.030039 0.253210 -0.038381
-0.175945 0.030039 0.262225 -0.038448
-0.167362 0.030039 0.271240 -0.038516
-0.158780 0.030039 0.280256 -0.038583
-0.150197 0.030039 0.289271 -0.038651
-0.141614 0.030039 0.298286 -0.038719
-0.133031 0.030039 0.307302 -0.038786
-0.124449 0.030039 0.316317 -0.038854
-0.115866 0.030039 0.325333 -0.038921
-0.107283 0.030039 0.309002 -0.061761
-0.098701 0.030039 0.094138 -0.000102
-0.090118 0.030039 0.102659 -0.000092
-0.081535 0.030039 0.111181 -0.000083
-0.072953 0.030039 0.119703 -0.000073
-0.064370 0.030039 0.128224 -0.000064
-0.055787 0.030039 0.114577 -0.021717
-0.047205 0.030039 0.123152 -0.021694
-0.038622 0.030039 0.094069 -0.033749
-0.030039 0.030039 0.110288 -0.051819
-0.021457 0.030039 0.038954 -0.063607
-0.012874 0.030039 0.011053 -0.051143
-0.004291 0.030039 -0.032245 -0.068820
0.004291 0.030039 0.032245 -0.068820
0.012874 0.030039 -0.011053 -0.051143
0.021457 0.030039 -0.038954 -0.063607
0.030039 0.030039 -0.110288 -0.051819
0.038622 0.030039 -0.094069 -0.033749
0.047205 0.030039 -0.123152 -0.021694
0.055787 0.030039 -0.114577 -0.021717
0.064370 0.030039 -0.128224 -0.000064
0.072953 0.030039 -0.119703 -0.000073
0.081535 0.030039 -0.111181 -0.000083
0.090118 0.030039 -0.102659 -0.000092
0.098701 0.030039 -0.094138 -0.000102
0.107283 0.030039 -0.309001 -0.061761
0.115866 0.030039 -0.325332 -0.038921
0.124449 0.030039 -0.316317 -0.038853
0.133031 0.030039 -0.307302 -0.038786
0.141614 0.030039 -0.298286 -0.038718
0.150197 0.030039 -0.289271 -0.038650
0.158780 0.030039 -0.280256 -0.038583
0.167362 0.030039 -0.271240 -0.038515
0.175945 0.030039 -0.262226 -0.038448
0.184528 0.030039 -0.253210 -0.038381
0.193110 0.030039 -0.244195 -0.038313
0.201693 0.030039 -0.563369 -0.089543
0.210276 0.030039 -0.552868 -0.089243
0.218858 0.030039 -0.542367 -0.088943
0.227441 0.030039 -0.531867 -0.088643
0.236024 0.030039 -0.521366 -0.088343
0.244606 0.030039 -0.510865 -0.088044
0.253189 0.030039 -0.500365 -0.087744
0.261772 0.030039 -1.218625 -0.201351
0.270354 0.030039 -1.213325 -0.201866
0.278937 0.030039 -1.044205 -0.132132
0.287520 0.030039 -1.029296 -0.131038
0.296102 0.030039 -1.014387 -0.129944
0.304685 0.030039 -0.999479 -0.128850
0.313268 0.030039 -0.984570 -0.127755
0.321850 0.030039 62.920460 4.130640
0.330433 0.030039 -1.758047 -0.190060
0.339016 0.030039 -0.331744 -0.043068
0.347598 0.030039 0.347598 0.030039
0.356181 0.030039 0.356181 0.030039
0.364764 0.030039 0.364764 0.030039
0.373346 0.030039 0.373346 0.030039
0.381929 0.030039 0.381929 0.030039
0.390512 0.030039 0.390512 0.030039
0.399094 0.030039 0.399094 0.030039
0.407677 0.030039 0.407677 0.030039
0.416260 0.030039 0.416260 0.030039
0.424843 0.030039 0.424843 0.030039
0.433425 0.030039 0.433425 0.030039
0.442008 0.030039 0.442008 0.030039
0.450591 0.030039 0.450591 0.030039
0.459173 0.030039 0.459173 0.030039
0.467756 0.030039 0.467756 0.030039
0.476339 0.030039 0.476339 0.030039
0.484921 0.030039 0.484921 0.030039
0.493504 0.030039 0.493504 0.030039
0.502087 0.030039 0.502087 0.030039
0.510669 0.030039 0.510669 0.030039
0.519252 0.030039 0.519252 0.030039
0.527835 0.030039 0.527835 0.030039
0.536417 0.030039 0.536417 0.030039
0.545000 0.030039 0.545000 0.030039
-0.545000 0.043346 -0.545000 0.043346
-0.536417 0.043346 -0.536417 0.043346
-0.527835 0.043346 -0.527835 0.043346
-0.519252 0.043346 -0.519252 0.043346
-0.510669 0.043346 -0.510669 0.043346
-0.502087 0.043346 -0.502087 0.043346
-0.493504 0.043346 -0.493504 0.043346
-0.484921 0.043346 -0.484921 0.043346
-0.476339 0.043346 -0.476339 0.043346
-0.467756 0.043346 -0.467756 0.043346
-0.459173 0.043346 -0.459173 0.043346
-0.450591 0.043346 -0.450591 0.043346
-0.442008 0.043346 -0.442008 0.043346
-0.433425 0.043346 -0.433425 0.043346
-0.424843 0.043346 -0.424843 0.043346
-0.416260 0.043346 -0.416260 0.043346
-0.407677 0.043346 -0.407677 0.043346
-0.399094 0.043346 -0.399094 0.043346
-0.390512 0.043346 -0.390512 0.043346
-0.381929 0.043346 -0.381929 0.043346
-0.373346 0.043346 -0.373346 0.043346
-0.364764 0.043346 -0.364764 0.043346
-0.356181 0.043346 -0.356181 0.043346
-0.347598 0.043346 -0.347598 0.043346
-0.339016 0.043346 0.329491 -0.061143
-0.330433 0.043346 3.972102 -0.323297
-0.321850 0.043346 0.476960 -0.081507
-0.313268 0.043346 0.990312 -0.160407
-0.304685 0.043346 1.005168 -0.161388
-0.296102 0.043346 1.020023 -0.162368
-0.287520 0.043346 1.034879 -0.163349
-0.278937 0.043346 1.049724 -0.164329
-0.270354 0.043346 1.214114 -0.188682
-0.261772 0.043346 1.219411 -0.188168
-0.253189 0.043346 0.499900 -0.074365
-0.244606 0.043346 0.510401 -0.074665
-0.236024 0.043346 0.520901 -0.074964
-0.227441 0.043346 0.531402 -0.075264
-0.218858 0.043346 0.541903 -0.075564
-0.210276 0.043346 0.552406 -0.075863
-0.201693 0.043346 0.562906 -0.076163
-0.193110 0.043346 0.244090 -0.024989
-0.184528 0.043346 0.253105 -0.025057
-0.175945 0.043346 0.262120 -0.025125
-0.167362 0.043346 0.271136 -0.025192
-0.158780 0.043346 0.280151 -0.025260
-0.150197 0.043346 0.289166 -0.025328
-0.141614 0.043346 0.298181 -0.025395
-0.133031 0.043346 0.307197 -0.025463
-0.124449 0.043346 0.290763 -0.048359
-0.115866 0.043346 0.299862 -0.048415
-0.107283 0.043346 0.266649 -0.060285
-0.098701 0.043346 0.094153 0.013203
-0.090118 0.043346 0.102674 0.013213
-0.081535 0.043346 0.111196 0.013222
-0.072953 0.043346 0.119717 0.013232
-0.064370 0.043346 0.106052 -0.008461
-0.055787 0.043346 0.114627 -0.008438
-0.047205 0.043346 0.123202 -0.008414
-0.038622 0.043346 0.101766 -0.038547
-0.030039 0.043346 0.072906 -0.050674
-0.021457 0.043346 0.038919 -0.050342
-0.012874 0.043346 0.038306 -0.068074
-0.004291 0.043346 0.004392 -0.067950
0.004291 0.043346 -0.004392 -0.067950
0.012874 0.043346 -0.038306 -0.068074
0.021457 0.043346 -0.038919 -0.050342
0.030039 0.043346 -0.072906 -0.050674
0.038622 0.043346 -0.101766 -0.038547
0.047205 0.043346 -0.123202 -0.008414
0.055787 0.043346 -0.114627 -0.008438
0.064370 0.043346 -0.106052 -0.008461
0.072953 0.043346 -0.119717 0.013232
0.081535 0.043346 -0.111196 0.013222
0.090118 0.043346 -0.102674 0.013213
0.098701 0.043346 -0.094153 0.013203
0.107283 0.043346 -0.266648 -0.060284
0.115866 0.043346 -0.299861 -0.048414
0.124449 0.043346 -0.290762 -0.048359
0.133031 0.043346 -0.307197 -0.025462
0.141614 0.043346 -0.298181 -0.025395
0.150197 0.043346 -0.289166 -0.025327
0.158780 0.043346 -0.280151 -0.025260
0.167362 0.043346 -0.271136 -0.025192
0.175945 0.043346 -0.262121 -0.025125
0.184528 0.043346 -0.253106 -0.025057
0.193110 0.043346 -0.244090 -0.024990
0.201693 0.043346 -0.562904 -0.076163
0.210276 0.043346 -0.552403 -0.075863
0.218858 0.043346 -0.541903 -0.075563
0.227441 0.043346 -0.531402 -0.075263
0.236024 0.043346 -0.520901 -0.074964
0.244606 0.043346 -0.510401 -0.074664
0.253189 0.043346 -0.499900 -0.074364
0.261772 0.043346 -1.219429 -0.188171
0.270354 0.043346 -1.214122 -0.188684
0.278937 0.043346 -1.049735 -0.164331
0.287520 0.043346 -1.034879 -0.163351
0.296102 0.043346 -1.020023 -0.162370
0.304685 0.043346 -1.005168 -0.161390
0.313268 0.043346 -0.990312 -0.160409
0.321850 0.043346 -0.476967 -0.081504
0.330433 0.043346 -3.972102 -0.323297
0.339016 0.043346 -0.329491 -0.061143
0.347598 0.043346 0.347598 0.043346
0.356181 0.043346 0.356181 0.043346
0.364764 0.043346 0.364764 0.043346
0.373346 0.043346 0.373346 0.043346
0.381929 0.043346 0.381929 0.043346
0.390512 0.043346 0.390512 0.043346
0.399094 0.043346 0.399094 0.043346
0.407677 0.043346 0.407677 0.043346
0.416260 0.043346 0.416260 0.043346
0.424843 0.043346 0.424843 0.043346
0.433425 0.043346 0.433425 0.043346
0.442008 0.043346 0.442008 0.043346
0.450591 0.043346 0.450591 0.043346
0.459173 0.043346 0.459173 0.043346
0.467756 0.043346 0.467756 0.043346
0.476339 0.043346 0.476339 0.043346
0.484921 0.043346 0.484921 0.043346
0.493504 0.043346 0.493504 0.043346
0.502087 0.043346 0.502087 0.043346
0.510669 0.043346 0.510669 0.043346
0.519252 0.043346 0.519252 0.043346
0.527835 0.043346 0.527835 0.043346
0.536417 0.043346 0.536417 0.043346
0.545000 0.043346 0.545000 0.043346
-0.545000 0.056654 -0.545000 0.056654
-0.536417 0.056654 -0.536417 0.056654
-0.527835 0.056654 -0.527835 0.056654
-0.519252 0.056654 -0.519252 0.056654
-0.510669 0.056654 -0.510669 0.056654
-0.502087 0.056654 -0.502087 0.056654
-0.493504 0.056654 -0.493504 0.056654
-0.484921 0.056654 -0.484921 0.056654
-0.476339 0.056654 -0.476339 0.056654
-0.467756 0.056654 -0.467756 0.056654
-0.459173 0.056654 -0.459173 0.056654
-0.450591 0.056654 -0.450591 0.056654
-0.442008 0.056654 -0.442008 0.056654
-0.433425 0.056654 -0.433425 0.056654
-0.424843 0.056654 -0.424843 0.056654
-0.416260 0.056654 -0.416260 0.056654
-0.407677 0.056654 -0.407677 0.056654
-0.399094 0.056654 -0.399094 0.056654
-0.390512 0.056654 -0.390512 0.056654
-0.381929 0.056654 -0.381929 0.056654
-0.373346 0.056654 -0.373346 0.056654
-0.364764 0.056654 -0.364764 0.056654
-0.356181 0.056654 -0.356181 0.056654
-0.347598 0.056654 -0.347598 0.056654
-0.339016 0.056654 0.333538 -0.048469
-0.330433 0.056654 -0.872378 0.141360
-0.321850 0.056654 0.482968 -0.069138
-0.313268 0.056654 0.988792 -0.146863
-0.304685 0.056654 1.003648 -0.147843
-0.296102 0.056654 1.018503 -0.148824
-0.287520 0.056654 1.033359 -0.149804
-0.278937 0.056654 1.048203 -0.150785
-0.270354 0.056654 1.214910 -0.175499
-0.261772 0.056654 1.220207 -0.174985
-0.253189 0.056654 0.499435 -0.060985
-0.244606 0.056654 0.509936 -0.061285
-0.236024 0.056654 0.520436 -0.061585
-0.227441 0.056654 0.530937 -0.061884
-0.218858 0.056654 0.541438 -0.062184
-0.210276 0.056654 0.551941 -0.062484
-0.201693 0.056654 0.562441 -0.062783
-0.193110 0.056654 0.243985 -0.011666
-0.184528 0.056654 0.253000 -0.011734
-0.175945 0.056654 0.262015 -0.011801
-0.167362 0.056654 0.271031 -0.011869
-0.158780 0.056654 0.280046 -0.011936
-0.150197 0.056654 0.289061 -0.012004
-0.141614 0.056654 0.298077 -0.012072
-0.133031 0.056654 0.281622 -0.035013
-0.124449 0.056654 0.290722 -0.035068
-0.115866 0.056654 0.299820 -0.035123
-0.107283 0.056654 0.266600 -0.047019
-0.098701 0.056654 0.094168 0.026508
-0.090118 0.056654 0.102689 0.026517
-0.081535 0.056654 0.088952 0.004772
-0.072953 0.056654 0.097527 0.004796
-0.064370 0.056654 0.106102 0.004819
-0.055787 0.056654 0.084694 -0.025294
-0.047205 0.056654 0.093244 -0.025275
-0.038622 0.056654 0.101795 -0.025257
-0.030039 0.056654 0.072916 -0.037409
-0.021457 0.056654 0.038883 -0.037077
-0.012874 0.056654 0.038320 -0.054798
-0.004291 0.056654 0.004360 -0.054674
0.004291 0.056654 -0.004360 -0.054674
0.012874 0.056654 -0.038320 -0.054798
0.021457 0.056654 -0.038883 -0.037077
0.030039 0.056654 -0.072916 -0.037409
0.038622 0.056654 -0.101795 -0.025257
0.047205 0.056654 -0.093244 -0.025275
0.055787 0.056654 -0.084694 -0.025294
0.064370 0.056654 -0.106102 0.004819
0.072953 0.056654 -0.097527 0.004796
0.081535 0.056654 -0.088952 0.004772
0.090118 0.056654 -0.102689 0.026517
0.098701 0.056654 -0.094168 0.026508
0.107283 0.056654 -0.266599 -0.047019
0.115866 0.056654 -0.299819 -0.035123
0.124449 0.056654 -0.290721 -0.035067
0.133031 0.056654 -0.281622 -0.035012
0.141614 0.056654 -0.298077 -0.012072
0.150197 0.056654 -0.289062 -0.012004
0.158780 0.056654 -0.280047 -0.011937
0.167362 0.056654 -0.271031 -0.011869
0.175945 0.056654 -0.262016 -0.011801
0.184528 0.056654 -0.253001 -0.011734
0.193110 0.056654 -0.243985 -0.011666
0.201693 0.056654 -0.562439 -0.062783
0.210276 0.056654 -0.551938 -0.062483
0.218858 0.056654 -0.541438 -0.062184
0.227441 0.056654 -0.530937 -0.061884
0.236024 0.056654 -0.520437 -0.061584
0.244606 0.056654 -0.509936 -0.061284
0.253189 0.056654 -0.499437 -0.060985
0.261772 0.056654 -1.220225 -0.174988
0.270354 0.056654 -1.214918 -0.175501
0.278937 0.056654 -1.048214 -0.150786
0.287520 0.056654 -1.033359 -0.149806
0.296102 0.056654 -1.018503 -0.148825
0.304685 0.056654 -1.003648 -0.147845
0.313268 0.056654 -0.988783 -0.146861
0.321850 0.056654 -0.482975 -0.069136
0.330433 0.056654 0.872391 0.141365
0.339016 0.056654 -0.333538 -0.048469
0.347598 0.056654 0.347598 0.056654
0.356181 0.056654 0.356181 0.056654
0.364764 0.056654 0.364764 0.056654
0.373346 0.056654 0.373346 0.056654
0.381929 0.056654 0.381929 0.056654
0.390512 0.056654 0.390512 0.056654
0.399094 0.056654 0.399094 0.056654
0.407677 0.056654 0.407677 0.056654
0.416260 0.056654 0.416260 0.056654
0.424843 0.056654 0.424843 0.056654
0.433425 0.056654 0.433425 0.056654
0.442008 0.056654 0.442008 0.056654
0.450591 0.056654 0.450591 0.056654
0.459173 0.056654 0.459173 0.056654
0.467756 0.056654 0.467756 0.056654
0.476339 0.056654 0.476339 0.056654
0.484921 0.056654 0.484921 0.056654
0.493504 0.056654 0.493504 0.056654
0.502087 0.056654 0.502087 0.056654
0.510669 0.056654 0.510669 0.056654
0.519252 0.056654 0.519252 0.056654
0.527835 0.056654 0.527835 0.056654
0.536417 0.056654 0.536417 0.056654
0.545000 0.056654 0.545000 0.056654
-0.545000 0.069961 -0.545000 0.069961
-0.536417 0.069961 -0.536417 0.069961
-0.527835 0.069961 -0.527835 0.069961
-0.519252 0.069961 -0.519252 0.069961
-0.510669 0.069961 -0.510669 0.069961
-0.502087 0.069961 -0.502087 0.069961
-0.493504 0.069961 -0.493504 0.069961
-0.484921 0.069961 -0.484921 0.069961
-0.476339 0.069961 -0.476339 0.069961
-0.467756 0.069961 -0.467756 0.069961
-0.459173 0.069961 -0.459173 0.069961
-0.450591 0.069961 -0.450591 0.069961
-0.442008 0.069961 -0.442008 0.069961
-0.433425 0.069961 -0.433425 0.069961
-0.424843 0.069961 -0.424843 0.069961
-0.416260 0.069961 -0.416260 0.069961
-0.407677 0.069961 -0.407677 0.069961
-0.399094 0.069961 -0.399094 0.069961
-0.390512 0.069961 -0.390512 0.069961
-0.381929 0.069961 -0.381929 0.069961
-0.373346 0.069961 -0.373346 0.069961
-0.364764 0.069961 -0.364764 0.069961
-0.356181 0.069961 -0.356181 0.069961
-0.347598 0.069961 -0.347598 0.069961
-0.339016 0.069961 0.337584 -0.035794
-0.330433 0.069961 0.329470 -0.033184
-0.321850 0.069961 0.488976 -0.056770
-0.313268 0.069961 0.472767 -0.052895
-0.304685 0.069961 1.002128 -0.134298
-0.296102 0.069961 1.016983 -0.135279
-0.287520 0.069961 1.031839 -0.136259
-0.278937 0.069961 1.046683 -0.137240
-0.270354 0.069961 1.215707 -0.162316
-0.261772 0.069961 1.221004 -0.161803
-0.253189 0.069961 0.498970 -0.047605
-0.244606 0.069961 0.509471 -0.047905
-0.236024 0.069961 0.519972 -0.048205
-0.227441 0.069961 0.530472 -0.048505
-0.218858 0.069961 0.540973 -0.048805
-0.210276 0.069961 0.517246 -0.074552
-0.201693 0.069961 0.527902 -0.074841
-0.193110 0.069961 0.555206 -0.047004
-0.184528 0.069961 0.252895 0.001590
-0.175945 0.069961 0.261911 0.001522
-0.167362 0.069961 0.270926 0.001455
-0.158780 0.069961 0.279941 0.001387
-0.150197 0.069961 0.263383 -0.021611
-0.141614 0.069961 0.272482 -0.021666
-0.133031 0.069961 0.281582 -0.021721
-0.124449 0.069961 0.290680 -0.021776
-0.115866 0.069961 0.257352 -0.033673
-0.107283 0.069961 0.266551 -0.033753
-0.098701 0.069961 0.229465 -0.032225
-0.090118 0.069961 0.080427 0.018029
-0.081535 0.069961 0.089002 0.018052
-0.072953 0.069961 0.097577 0.018075
-0.064370 0.069961 0.076172 -0.012022
-0.055787 0.069961 0.084722 -0.012004
-0.047205 0.069961 0.093273 -0.011985
-0.038622 0.069961 0.064322 -0.024143
-0.030039 0.069961 0.072927 -0.024145
-0.021457 0.069961 0.029755 -0.041530
-0.012874 0.069961 0.038334 -0.041521
-0.004291 0.069961 0.004329 -0.041397
0.004291 0.069961 -0.004329 -0.041397
0.012874 0.069961 -0.038334 -0.041521
0.021457 0.069961 -0.029755 -0.041530
0.030039 0.069961 -0.072927 -0.024145
0.038622 0.069961 -0.064322 -0.024143
0.047205 0.069961 -0.093273 -0.011985
0.055787 0.069961 -0.084722 -0.012004
0.064370 0.069961 -0.076172 -0.012022
0.072953 0.069961 -0.097577 0.018075
0.081535 0.069961 -0.089002 0.018052
0.090118 0.069961 -0.080427 0.018029
0.098701 0.069961 -0.229464 -0.032225
0.107283 0.069961 -0.266550 -0.033753
0.115866 0.069961 -0.257351 -0.033672
0.124449 0.069961 -0.290680 -0.021776
0.133031 0.069961 -0.281581 -0.021721
0.141614 0.069961 -0.272483 -0.021666
0.150197 0.069961 -0.263384 -0.021611
0.158780 0.069961 -0.279942 0.001387
0.167362 0.069961 -0.270926 0.001455
0.175945 0.069961 -0.261911 0.001522
0.184528 0.069961 -0.252896 0.001590
0.193110 0.069961 -0.555209 -0.047004
0.201693 0.069961 -0.527900 -0.074840
0.210276 0.069961 -0.517244 -0.074552
0.218858 0.069961 -0.540973 -0.048804
0.227441 0.069961 -0.530472 -0.048504
0.236024 0.069961 -0.519972 -0.048204
0.244606 0.069961 -0.509473 -0.047905
0.253189 0.069961 -0.498972 -0.047606
0.261772 0.069961 -1.221021 -0.161805
0.270354 0.069961 -1.215725 -0.162319
0.278937 0.069961 -1.046694 -0.137242
0.287520 0.069961 -1.031839 -0.136261
0.296102 0.069961 -1.016983 -0.135281
0.304685 0.069961 -1.002127 -0.134300
0.313268 0.069961 -0.472767 -0.052888
0.321850 0.069961 -0.488983 -0.056768
0.330433 0.069961 -0.329470 -0.033184
0.339016 0.069961 -0.337584 -0.035794
0.347598 0.069961 0.347598 0.069961
0.356181 0.069961 0.356181 0.069961
0.364764 0.069961 0.364764 0.069961
0.373346 0.069961 0.373346 0.069961
0.381929 0.069961 0.381929 0.069961
0.390512 0.069961 0.390512 0.069961
0.399094 0.069961 0.399094 0.069961
0.407677 0.069961 0.407677 0.069961
0.416260 0.069961 0.416260 0.069961
0.424843 0.069961 0.424843 0.069961
0.433425 0.069961 0.433425 0.069961
0.442008 0.069961 0.442008 0.069961
0.450591 0.069961 0.450591 0.069961
0.459173 0.069961 0.459173 0.069961
0.467756 0.069961 0.467756 0.069961
0.476339 0.069961 0.476339 0.069961
0.484921 0.069961 0.484921 0.069961
0.493504 0.069961 0.493504 0.069961
0.502087 0.069961 0.502087 0.069961
0.510669 0.069961 0.510669 0.069961
0.519252 0.069961 0.519252 0.069961
0.527835 0.069961 0.527835 0.069961
0.536417 0.069961 0.536417 0.069961
0.545000 0.069961 0.545000 0.069961
-0.545000 0.083268 -0.545000 0.083268
-0.536417 0.083268 -0.536417 0.083268
-0.527835 0.083268 -0.527835 0.083268
-0.519252 0.083268 -0.519252 0.083268
-0.510669 0.083268 -0.510669 0.083268
-0.502087 0.083268 -0.502087 0.083268
-0.493504 0.083268 -0.493504 0.083268
-0.484921 0.083268 -0.484921 0.083268
-0.476339 0.083268 -0.476339 0.083268
-0.467756 0.083268 -0.467756 0.083268
-0.459173 0.083268 -0.459173 0.083268
-0.450591 0.083268 -0.450591 0.083268
-0.442008 0.083268 -0.442008 0.083268
-0.433425 0.083268 -0.433425 0.083268
-0.424843 0.083268 -0.424843 0.083268
-0.416260 0.083268 -0.416260 0.083268
-0.407677 0.083268 -0.407677 0.083268
-0.399094 0.083268 -0.399094 0.083268
-0.390512 0.083268 -0.390512 0.083268
-0.381929 0.083268 -0.381929 0.083268
-0.373346 0.083268 -0.373346 0.083268
-0.364764 0.083268 -0.364764 0.083268
-0.356181 0.083268 -0.356181 0.083268
-0.347598 0.083268 -0.347598 0.083268
-0.339016 0.083268 -0.339016 0.083268
-0.330433 0.083268 0.333516 -0.020510
-0.321850 0.083268 1.583288 -0.308319
-0.313268 0.083268 0.478775 -0.040527
-0.304685 0.083268 1.000607 -0.120754
-0.296102 0.083268 1.015463 -0.121734
-0.287520 0.083268 1.030318 -0.122715
-0.278937 0.083268 0.974111 -0.155105
-0.270354 0.083268 0.989444 -0.156084
-0.261772 0.083268 1.221800 -0.148620
-0.253189 0.083268 1.227097 -0.148107
-0.244606 0.083268 0.509006 -0.034525
-0.236024 0.083268 0.519507 -0.034825
-0.227441 0.083268 0.530008 -0.035125
-0.218858 0.083268 0.506231 -0.060928
-0.210276 0.083268 0.516887 -0.061216
-0.201693 0.083268 0.527543 -0.061504
-0.193110 0.083268 0.538199 -0.061793
-0.184528 0.083268 0.252791 0.014913
-0.175945 0.083268 0.261806 0.014846
-0.167362 0.083268 0.270821 0.014778
-0.158780 0.083268 0.254243 -0.008264
-0.150197 0.083268 0.263342 -0.008319
-0.141614 0.083268 0.272440 -0.008374
-0.133031 0.083268 0.281540 -0.008429
-0.124449 0.083268 0.290638 -0.008484
-0.115866 0.083268 0.257303 -0.020407
-0.107283 0.083268 0.266503 -0.020487
-0.098701 0.083268 0.229365 -0.018956
-0.090118 0.083268 0.080477 0.031308
-0.081535 0.083268 0.059099 0.001231
-0.072953 0.083268 0.067650 0.001250
-0.064370 0.083268 0.076200 0.001268
-0.055787 0.083268 0.084751 0.001287
-0.047205 0.083268 0.093302 0.001305
-0.038622 0.083268 0.064332 -0.010878
-0.030039 0.083268 0.072937 -0.010880
-0.021457 0.083268 0.029769 -0.028254
-0.012874 0.083268 0.038348 -0.028245
-0.004291 0.083268 0.004297 -0.028120
0.004291 0.083268 -0.004297 -0.028120
0.012874 0.083268 -0.038348 -0.028245
0.021457 0.083268 -0.029769 -0.028254
0.030039 0.083268 -0.072937 -0.010880
0.038622 0.083268 -0.064332 -0.010878
0.047205 0.083268 -0.093302 0.001305
0.055787 0.083268 -0.084751 0.001287
0.064370 0.083268 -0.076200 0.001268
0.072953 0.083268 -0.067650 0.001250
0.081535 0.083268 -0.059099 0.001231
0.090118 0.083268 -0.080477 0.031308
0.098701 0.083268 -0.229364 -0.018956
0.107283 0.083268 -0.266502 -0.020488
0.115866 0.083268 -0.257303 -0.020407
0.124449 0.083268 -0.290638 -0.008484
0.133031 0.083268 -0.281539 -0.008429
0.141614 0.083268 -0.272441 -0.008374
0.150197 0.083268 -0.263342 -0.008319
0.158780 0.083268 -0.254244 -0.008264
0.167362 0.083268 -0.270822 0.014778
0.175945 0.083268 -0.261806 0.014846
0.184528 0.083268 -0.252791 0.014913
0.193110 0.083268 -0.538196 -0.061792
0.201693 0.083268 -0.527541 -0.061504
0.210276 0.083268 -0.516885 -0.061216
0.218858 0.083268 -0.506229 -0.060927
0.227441 0.083268 -0.530008 -0.035124
0.236024 0.083268 -0.519508 -0.034825
0.244606 0.083268 -0.509008 -0.034526
0.253189 0.083268 -1.227114 -0.148109
0.261772 0.083268 -1.221818 -0.148623
0.270354 0.083268 -0.989454 -0.156086
0.278937 0.083268 -0.974121 -0.155107
0.287520 0.083268 -1.030318 -0.122717
0.296102 0.083268 -1.015463 -0.121736
0.304685 0.083268 -1.000598 -0.120752
0.313268 0.083268 -0.478774 -0.040520
0.321850 0.083268 -1.583288 -0.308319
0.330433 0.083268 -0.333516 -0.020510
0.339016 0.083268 0.339016 0.083268
0.347598 0.083268 0.347598 0.083268
0.356181 0.083268 0.356181 0.083268
0.364764 0.083268 0.364764 0.083268
0.373346 0.083268 0.373346 0.083268
0.381929 0.083268 0.381929 0.083268
0.390512 0.083268 0.390512 0.083268
0.399094 0.083268 0.399094 0.083268
0.407677 0.083268 0.407677 0.083268
0.416260 0.083268 0.416260 0.083268
0.424843 0.083268 0.424843 0.083268
0.433425 0.083268 0.433425 0.083268
0.442008 0.083268 0.442008 0.083268
0.450591 0.083268 0.450591 0.083268
0.459173 0.083268 0.459173 0.083268
0.467756 0.083268 0.467756 0.083268
0.476339 0.083268 0.476339 0.083268
0.484921 0.083268 0.484921 0.083268
0.493504 0.083268 0.493504 0.083268
0.502087 0.083268 0.502087 0.083268
0.510669 0.083268 0.510669 0.083268
0.519252 0.083268 0.519252 0.083268
0.527835 0.083268 0.527835 0.083268
0.536417 0.083268 0.536417 0.083268
0.545000 0.083268 0.545000 0.083268
-0.545000 0.096575 -0.545000 0.096575
-0.536417 0.096575 -0.536417 0.096575
-0.527835 0.096575 -0.527835 0.096575
-0.519252 0.096575 -0.519252 0.096575
-0.510669 0.096575 -0.510669 0.096575
-0.502087 0.096575 -0.502087 0.096575
-0.493504 0.096575 -0.493504 0.096575
-0.484921 0.096575 -0.484921 0.096575
-0.476339 0.096575 -0.476339 0.096575
-0.467756 0.096575 -0.467756 0.096575
-0.459173 0.096575 -0.459173 0.096575
-0.450591 0.096575 -0.450591 0.096575
-0.442008 0.096575 -0.442008 0.096575
-0.433425 0.096575 -0.433425 0.096575
-0.424843 0.096575 -0.424843 0.096575
-0.416260 0.096575 -0.416260 0.096575
-0.407677 0.096575 -0.407677 0.096575
-0.399094 0.096575 -0.399094 0.096575
-0.390512 0.096575 -0.390512 0.096575
-0.381929 0.096575 -0.381929 0.096575
-0.373346 0.096575 -0.373346 0.096575
-0.364764 0.096575 -0.364764 0.096575
-0.356181 0.096575 -0.356181 0.096575
-0.347598 0.096575 -0.347598 0.096575
-0.339016 0.096575 -0.339016 0.096575
-0.330433 0.096575 0.095882 -0.036124
-0.321850 0.096575 1.846436 -0.377409
-0.313268 0.096575 -9.036125 -0.786759
-0.304685 0.096575 0.999087 -0.107209
-0.296102 0.096575 1.013943 -0.108189
-0.287520 0.096575 0.957446 -0.140654
-0.278937 0.096575 0.972770 -0.141633
-0.270354 0.096575 0.988103 -0.142612
-0.261772 0.096575 1.222596 -0.135437
-0.253189 0.096575 1.227893 -0.134924
-0.244606 0.096575 0.508541 -0.021146
-0.236024 0.096575 0.519042 -0.021445
-0.227441 0.096575 0.495214 -0.047303
-0.218858 0.096575 0.505872 -0.047591
-0.210276 0.096575 0.516528 -0.047880
-0.201693 0.096575 0.527183 -0.048168
-0.193110 0.096575 0.482611 -0.059776
-0.184528 0.096575 0.252686 0.028237
-0.175945 0.096575 0.236005 0.005138
-0.167362 0.096575 0.245103 0.005083
-0.158780 0.096575 0.254202 0.005028
-0.150197 0.096575 0.263300 0.004973
-0.141614 0.096575 0.272400 0.004918
-0.133031 0.096575 0.281498 0.004863
-0.124449 0.096575 0.248055 -0.007061
-0.115866 0.096575 0.257254 -0.007141
-0.107283 0.096575 0.266454 -0.007222
-0.098701 0.096575 0.229264 -0.005687
-0.090118 0.096575 0.050577 0.014503
-0.081535 0.096575 0.059128 0.014521
-0.072953 0.096575 0.067678 0.014540
-0.064370 0.096575 0.076229 0.014558
-0.055787 0.096575 0.084780 0.014577
-0.047205 0.096575 0.055737 0.002389
-0.038622 0.096575 0.064342 0.002387
-0.030039 0.096575 0.021205 -0.014986
-0.021457 0.096575 0.029783 -0.014977
-0.012874 0.096575 0.038362 -0.014968
-0.004291 0.096575 0.004265 -0.014843
0.004291 0.096575 -0.004265 -0.014843
0.012874 0.096575 -0.038362 -0.014968
0.021457 0.096575 -0.029783 -0.014977
0.030039 0.096575 -0.021205 -0.014986
0.038622 0.096575 -0.064342 0.002387
0.047205 0.096575 -0.055737 0.002389
0.055787 0.096575 -0.084780 0.014577
0.064370 0.096575 -0.076229 0.014558
0.072953 0.096575 -0.067678 0.014540
0.081535 0.096575 -0.059128 0.014521
0.090118 0.096575 -0.050577 0.014503
0.098701 0.096575 -0.229264 -0.005687
0.107283 0.096575 -0.266453 -0.007222
0.115866 0.096575 -0.257254 -0.007142
0.124449 0.096575 -0.248054 -0.007061
0.133031 0.096575 -0.281498 0.004862
0.141614 0.096575 -0.272399 0.004918
0.150197 0.096575 -0.263301 0.004973
0.158780 0.096575 -0.254202 0.005028
0.167362 0.096575 -0.245104 0.005083
0.175945 0.096575 -0.236005 0.005138
0.184528 0.096575 -0.252686 0.028237
0.193110 0.096575 -0.482609 -0.059776
0.201693 0.096575 -0.527181 -0.048168
0.210276 0.096575 -0.516525 -0.047879
0.218858 0.096575 -0.505870 -0.047591
0.227441 0.096575 -0.495215 -0.047303
0.236024 0.096575 -0.519044 -0.021446
0.244606 0.096575 -0.508543 -0.021146
0.253189 0.096575 -1.227911 -0.134927
0.261772 0.096575 -1.222614 -0.135440
0.270354 0.096575 -0.988113 -0.142613
0.278937 0.096575 -0.972780 -0.141635
0.287520 0.096575 -0.957446 -0.140656
0.296102 0.096575 -1.013943 -0.108191
0.304685 0.096575 -0.999078 -0.107208
0.313268 0.096575 9.035247 -0.786681
0.321850 0.096575 -1.846436 -0.377409
0.330433 0.096575 -0.095882 -0.036124
0.339016 0.096575 0.339016 0.096575
0.347598 0.096575 0.347598 0.096575
0.356181 0.096575 0.356181 0.096575
0.364764 0.096575 0.364764 0.096575
0.373346 0.096575 0.373346 0.096575
0.381929 0.096575 0.381929 0.096575
0.390512 0.096575 0.390512 0.096575
0.399094 0.096575 0.399094 0.096575
0.407677 0.096575 0.407677 0.096575
0.416260 0.096575 0.416260 0.096575
0.424843 0.096575 0.424843 0.096575
0.433425 0.096575 0.433425 0.096575
0.442008 0.096575 0.442008 0.096575
0.450591 0.096575 0.450591 0.096575
0.459173 0.096575 0.459173 0.096575
0.467756 0.096575 0.467756 0.096575
0.476339 0.096575 0.476339 0.096575
0.484921 0.096575 0.484921 0.096575
0.493504 0.096575 0.493504 0.096575
0.502087 0.096575 0.502087 0.096575
0.510669 0.096575 0.510669 0.096575
0.519252 0.096575 0.519252 0.096575
0.527835 0.096575 0.527835 0.096575
0.536417 0.096575 0.536417 0.096575
0.545000 0.096575 0.545000 0.096575
-0.545000 0.109882 -0.545000 0.109882
-0.536417 0.109882 -0.536417 0.109882
-0.527835 0.109882 -0.527835 0.109882
-0.519252 0.109882 -0.519252 0.109882
-0.510669 0.109882 -0.510669 0.109882
-0.502087 0.109882 -0.502087 0.109882
-0.493504 0.109882 -0.493504 0.109882
-0.484921 0.109882 -0.484921 0.109882
-0.476339 0.109882 -0.476339 0.109882
-0.467756 0.109882 -0.467756 0.109882
-0.459173 0.109882 -0.459173 0.109882
-0.450591 0.109882 -0.450591 0.109882
-0.442008 0.109882 -0.442008 0.109882
-0.433425 0.109882 -0.433425 0.109882
-0.424843 0.109882 -0.424843 0.109882
-0.416260 0.109882 -0.416260 0.109882
-0.407677 0.109882 -0.407677 0.109882
-0.399094 0.109882 -0.399094 0.109882
-0.390512 0.109882 -0.390512 0.109882
-0.381929 0.109882 -0.381929 0.109882
-0.373346 0.109882 -0.373346 0.109882
-0.364764 0.109882 -0.364764 0.109882
-0.356181 0.109882 -0.356181 0.109882
-0.347598 0.109882 -0.347598 0.109882
-0.339016 0.109882 -0.339016 0.109882
-0.330433 0.109882 0.279054 0.031910
-0.321850 0.109882 2.488251 -0.503922
-0.313268 0.109882 -9.043868 -0.773893
-0.304685 0.109882 0.997567 -0.093664
-0.296102 0.109882 1.012423 -0.094645
-0.287520 0.109882 0.956105 -0.127181
-0.278937 0.109882 0.971429 -0.128160
-0.270354 0.109882 0.986762 -0.129139
-0.261772 0.109882 1.223399 -0.122257
-0.253189 0.109882 1.228696 -0.121743
-0.244606 0.109882 0.508077 -0.007766
-0.236024 0.109882 0.484199 -0.033678
-0.227441 0.109882 0.494855 -0.033967
-0.218858 0.109882 0.505512 -0.034255
-0.210276 0.109882 0.516168 -0.034543
-0.201693 0.109882 0.526824 -0.034831
-0.193110 0.109882 0.482248 -0.046469
-0.184528 0.109882 0.424786 -0.089985
-0.175945 0.109882 0.235963 0.018430
-0.167362 0.109882 0.245062 0.018375
-0.158780 0.109882 0.254160 0.018320
-0.150197 0.109882 0.263260 0.018265
-0.141614 0.109882 0.272358 0.018210
-0.133031 0.109882 0.281457 0.018155
-0.124449 0.109882 0.248006 0.006205
-0.115866 0.109882 0.257206 0.006125
-0.107283 0.109882 0.214300 -0.077710
-0.098701 0.109882 0.223123 -0.077851
-0.090118 0.109882 0.191393 -0.089844
-0.081535 0.109882 0.059156 0.027811
-0.072953 0.109882 0.067707 0.027830
-0.064370 0.109882 0.076258 0.027849
-0.055787 0.109882 0.047143 0.015655
-0.047205 0.109882 0.055748 0.015653
-0.038622 0.109882 0.064353 0.015651
-0.030039 0.109882 0.021219 -0.001709
-0.021457 0.109882 0.029797 -0.001700
-0.012874 0.109882 0.038376 -0.001691
-0.004291 0.109882 0.004234 -0.001566
0.004291 0.109882 -0.004234 -0.001566
0.012874 0.109882 -0.038376 -0.001691
0.021457 0.109882 -0.029797 -0.001700
0.030039 0.109882 -0.021219 -0.001709
0.038622 0.109882 -0.064353 0.015651
0.047205 0.109882 -0.055748 0.015653
0.055787 0.109882 -0.047143 0.015655
0.064370 0.109882 -0.076258 0.027849
0.072953 0.109882 -0.067707 0.027830
0.081535 0.109882 -0.059156 0.027811
0.090118 0.109882 -0.191391 -0.089843
0.098701 0.109882 -0.223124 -0.077850
0.107283 0.109882 -0.214301 -0.077709
0.115866 0.109882 -0.257205 0.006124
0.124449 0.109882 -0.248006 0.006205
0.133031 0.109882 -0.281456 0.018154
0.141614 0.109882 -0.272358 0.018209
0.150197 0.109882 -0.263259 0.018265
0.158780 0.109882 -0.254161 0.018320
0.167362 0.109882 -0.245062 0.018375
0.175945 0.109882 -0.235964 0.018430
0.184528 0.109882 -0.424788 -0.089986
0.193110 0.109882 -0.482246 -0.046468
0.201693 0.109882 -0.526822 -0.034831
0.210276 0.109882 -0.516166 -0.034543
0.218858 0.109882 -0.505512 -0.034255
0.227441 0.109882 -0.494856 -0.033967
0.236024 0.109882 -0.484200 -0.033678
0.244606 0.109882 -0.508078 -0.007766
0.253189 0.109882 -1.228707 -0.121744
0.261772 0.109882 -1.223410 -0.122258
0.270354 0.109882 -0.986772 -0.129141
0.278937 0.109882 -0.971439 -0.128162
0.287520 0.109882 -0.956105 -0.127183
0.296102 0.109882 -1.012413 -0.094643
0.304685 0.109882 -0.997558 -0.093663
0.313268 0.109882 9.042670 -0.773764
0.321850 0.109882 -2.488251 -0.503922
0.330433 0.109882 -0.279060 0.031909
0.339016 0.109882 0.339016 0.109882
0.347598 0.109882 0.347598 0.109882
0.356181 0.109882 0.356181 0.109882
0.364764 0.109882 0.364764 0.109882
0.373346 0.109882 0.373346 0.109882
0.381929 0.109882 0.381929 0.109882
0.390512 0.109882 0.390512 0.109882
0.399094 0.109882 0.399094 0.109882
0.407677 0.109882 0.407677 0.109882
0.416260 0.109882 0.416260 0.109882
0.424843 0.109882 0.424843 0.109882
0.433425 0.109882 0.433425 0.109882
0.442008 0.109882 0.442008 0.109882
0.450591 0.109882 0.450591 0.109882
0.459173 0.109882 0.459173 0.109882
0.467756 0.109882 0.467756 0.109882
0.476339 0.109882 0.476339 0.109882
0.484921 0.109882 0.484921 0.109882
0.493504 0.109882 0.493504 0.109882
0.502087 0.109882 0.502087 0.109882
0.510669 0.109882 0.510669 0.109882
0.519252 0.109882 0.519252 0.109882
0.527835 0.109882 0.527835 0.109882
0.536417 0.109882 0.536417 0.109882
0.545000 0.109882 0.545000 0.109882
-0.545000 0.123189 -0.545000 0.123189
-0.536417 0.123189 -0.536417 0.123189
-0.527835 0.123189 -0.527835 0.123189
-0.519252 0.123189 -0.519252 0.123189
-0.510669 0.123189 -0.510669 0.123189
-0.502087 0.123189 -0.502087 0.123189
-0.493504 0.123189 -0.493504 0.123189
-0.484921 0.123189 -0.484921 0.123189
-0.476339 0.123189 -0.476339 0.123189
-0.467756 0.123189 -0.467756 0.123189
-0.459173 0.123189 -0.459173 0.123189
-0.450591 0.123189 -0.450591 0.123189
-0.442008 0.123189 -0.442008 0.123189
-0.433425 0.123189 -0.433425 0.123189
-0.424843 0.123189 -0.424843 0.123189
-0.416260 0.123189 -0.416260 0.123189
-0.407677 0.123189 -0.407677 0.123189
-0.399094 0.123189 -0.399094 0.123189
-0.390512 0.123189 -0.390512 0.123189
-0.381929 0.123189 -0.381929 0.123189
-0.373346 0.123189 -0.373346 0.123189
-0.364764 0.123189 -0.364764 0.123189
-0.356181 0.123189 -0.356181 0.123189
-0.347598 0.123189 -0.347598 0.123189
-0.339016 0.123189 -0.339016 0.123189
-0.330433 0.123189 0.345953 -0.021079
-0.321850 0.123189 2.480963 -0.489759
-0.313268 0.123189 -9.051442 -0.760993
-0.304685 0.123189 -9.076714 -0.767873
-0.296102 0.123189 0.939431 -0.112730
-0.287520 0.123189 0.954764 -0.113709
-0.278937 0.123189 0.970088 -0.114688
-0.270354 0.123189 0.879901 -0.123011
-0.261772 0.123189 1.224195 -0.109074
-0.253189 0.123189 1.229492 -0.108561
-0.244606 0.123189 0.816817 -0.187496
-0.236024 0.123189 0.483839 -0.020342
-0.227441 0.123189 0.494495 -0.020630
-0.218858 0.123189 0.505153 -0.020918
-0.210276 0.123189 0.515809 -0.021207
-0.201693 0.123189 0.526465 -0.021495
-0.193110 0.123189 0.481885 -0.033161
-0.184528 0.123189 0.425554 -0.077080
-0.175945 0.123189 0.235922 0.031722
-0.167362 0.123189 0.245020 0.031667
-0.158780 0.123189 0.254119 0.031612
-0.150197 0.123189 0.263218 0.031557
-0.141614 0.123189 0.272317 0.031502
-0.133031 0.123189 0.238758 0.019551
-0.124449 0.123189 0.196435 -0.063995
-0.115866 0.123189 0.205258 -0.064135
-0.107283 0.123189 0.214082 -0.064276
-0.098701 0.123189 0.182253 -0.076265
-0.090118 0.123189 0.191162 -0.076442
-0.081535 0.123189 0.200069 -0.076618
-0.072953 0.123189 0.067736 0.041120
-0.064370 0.123189 0.076287 0.041139
-0.055787 0.123189 0.047153 0.028920
-0.047205 0.123189 0.055758 0.028918
-0.038622 0.123189 0.012654 0.011558
-0.030039 0.123189 0.021233 0.011567
-0.021457 0.123189 0.029811 0.011576
-0.012874 0.123189 0.038390 0.011585
-0.004291 0.123189 0.004202 0.011711
0.004291 0.123189 -0.004202 0.011711
0.012874 0.123189 -0.038390 0.011585
0.021457 0.123189 -0.029811 0.011576
0.030039 0.123189 -0.021233 0.011567
0.038622 0.123189 -0.012654 0.011558
0.047205 0.123189 -0.055758 0.028918
0.055787 0.123189 -0.047153 0.028920
0.064370 0.123189 -0.076287 0.041139
0.072953 0.123189 -0.067736 0.041120
0.081535 0.123189 -0.200068 -0.076618
0.090118 0.123189 -0.191161 -0.076441
0.098701 0.123189 -0.182254 -0.076264
0.107283 0.123189 -0.214083 -0.064275
0.115866 0.123189 -0.205259 -0.064134
0.124449 0.123189 -0.196436 -0.063994
0.133031 0.123189 -0.238757 0.019551
0.141614 0.123189 -0.272316 0.031501
0.150197 0.123189 -0.263218 0.031556
0.158780 0.123189 -0.254119 0.031611
0.167362 0.123189 -0.245021 0.031667
0.175945 0.123189 -0.235922 0.031722
0.184528 0.123189 -0.425556 -0.077081
0.193110 0.123189 -0.481883 -0.033161
0.201693 0.123189 -0.526463 -0.021495
0.210276 0.123189 -0.515808 -0.021207
0.218858 0.123189 -0.505153 -0.020919
0.227441 0.123189 -0.494497 -0.020630
0.236024 0.123189 -0.483841 -0.020342
0.244606 0.123189 -0.816825 -0.187499
0.253189 0.123189 -1.229503 -0.108561
0.261772 0.123189 -1.224207 -0.109075
0.270354 0.123189 -0.879910 -0.123013
0.278937 0.123189 -0.970097 -0.114690
0.287520 0.123189 -0.954764 -0.113711
0.296102 0.123189 -0.939422 -0.112729
0.304685 0.123189 9.075012 -0.767702
0.313268 0.123189 9.050243 -0.760865
0.321850 0.123189 -2.480963 -0.489759
0.330433 0.123189 -0.345953 -0.021079
0.339016 0.123189 0.339016 0.123189
0.347598 0.123189 0.347598 0.123189
0.356181 0.123189 0.356181 0.123189
0.364764 0.123189 0.364764 0.123189
0.373346 0.123189 0.373346 0.123189
0.381929 0.123189 0.381929 0.123189
0.390512 0.123189 0.390512 0.123189
0.399094 0.123189 0.399094 0.123189
0.407677 0.123189 0.407677 0.123189
0.416260 0.123189 0.416260 0.123189
0.424843 0.123189 0.424843 0.123189
0.433425 0.123189 0.433425 0.123189
0.442008 0.123189 0.442008 0.123189
0.450591 0.123189 0.450591 0.123189
0.459173 0.123189 0.459173 0.123189
0.467756 0.123189 0.467756 0.123189
0.476339 0.123189 0.476339 0.123189
0.484921 0.123189 0.484921 0.123189
0.493504 0.123189 0.493504 0.123189
0.502087 0.123189 0.502087 0.123189
0.510669 0.123189 0.510669 0.123189
0.519252 0.123189 0.519252 0.123189
0.527835 0.123189 0.527835 0.123189
0.536417 0.123189 0.536417 0.123189
0.545000 0.123189 0.545000 0.123189
-0.545000 0.136496 -0.545000 0.136496
-0.536417 0.136496 -0.536417 0.136496
-0.527835 0.136496 -0.527835 0.136496
-0.519252 0.136496 -0.519252 0.136496
-0.510669 0.136496 -0.510669 0.136496
-0.502087 0.136496 -0.502087 0.136496
-0.493504 0.136496 -0.493504 0.136496
-0.484921 0.136496 -0.484921 0.136496
-0.476339 0.136496 -0.476339 0.136496
-0.467756 0.136496 -0.467756 0.136496
-0.459173 0.136496 -0.459173 0.136496
-0.450591 0.136496 -0.450591 0.136496
-0.442008 0.136496 -0.442008 0.136496
-0.433425 0.136496 -0.433425 0.136496
-0.424843 0.136496 -0.424843 0.136496
-0.416260 0.136496 -0.416260 0.136496
-0.407677 0.136496 -0.407677 0.136496
-0.399094 0.136496 -0.399094 0.136496
-0.390512 0.136496 -0.390512 0.136496
-0.381929 0.136496 -0.381929 0.136496
-0.373346 0.136496 -0.373346 0.136496
-0.364764 0.136496 -0.364764 0.136496
-0.356181 0.136496 -0.356181 0.136496
-0.347598 0.136496 -0.347598 0.136496
-0.339016 0.136496 -0.339016 0.136496
-0.330433 0.136496 -0.330433 0.136496
-0.321850 0.136496 0.091718 0.006042
-0.313268 0.136496 1.869797 -0.340297
-0.296102 0.136496 0.938090 -0.099258
-0.287520 0.136496 0.953423 -0.100236
-0.278937 0.136496 0.968747 -0.101215
-0.270354 0.136496 0.878506 -0.109564
-0.261772 0.136496 1.224992 -0.095892
-0.253189 0.136496 0.809442 -0.175395
-0.244606 0.136496 0.818020 -0.174814
-0.236024 0.136496 0.483480 -0.007005
-0.227441 0.136496 0.494138 -0.007293
-0.218858 0.136496 0.504794 -0.007582
-0.210276 0.136496 0.515450 -0.007870
-0.201693 0.136496 0.470667 -0.019521
-0.193110 0.136496 0.481522 -0.019854
-0.184528 0.136496 0.492377 -0.020186
-0.175945 0.136496 0.434472 -0.063777
-0.167362 0.136496 0.244979 0.044959
-0.158780 0.136496 0.254078 0.044904
-0.150197 0.136496 0.263177 0.044849
-0.141614 0.136496 0.272275 0.044794
-0.133031 0.136496 0.187393 -0.050420
-0.124449 0.136496 0.196217 -0.050561
-0.115866 0.136496 0.205040 -0.050701
-0.107283 0.136496 0.213864 -0.050842
-0.098701 0.136496 0.182022 -0.062862
-0.090118 0.136496 0.190932 -0.063039
-0.081535 0.136496 0.199839 -0.063216
-0.072953 0.136496 0.163418 -0.061778
-0.064370 0.136496 0.038559 0.042187
-0.055787 0.136496 0.047163 0.042185
-0.047205 0.136496 0.055768 0.042183
-0.038622 0.136496 0.012668 0.024835
-0.030039 0.136496 0.021247 0.024844
-0.021457 0.136496 0.029825 0.024853
-0.012874 0.136496 0.038404 0.024862
-0.004291 0.136496 0.004171 0.024988
0.004291 0.136496 -0.004171 0.024988
0.012874 0.136496 -0.038404 0.024862
0.021457 0.136496 -0.029825 0.024853
0.030039 0.136496 -0.021247 0.024844
0.038622 0.136496 -0.012668 0.024835
0.047205 0.136496 -0.055768 0.042183
0.055787 0.136496 -0.047163 0.042185
0.064370 0.136496 -0.038559 0.042187
0.072953 0.136496 -0.163416 -0.061777
0.081535 0.136496 -0.199837 -0.063215
0.090118 0.136496 -0.190930 -0.063038
0.098701 0.136496 -0.182023 -0.062861
0.107283 0.136496 -0.213865 -0.050841
0.115866 0.136496 -0.205041 -0.050700
0.124449 0.136496 -0.196218 -0.050560
0.133031 0.136496 -0.187394 -0.050419
0.141614 0.136496 -0.272275 0.044793
0.150197 0.136496 -0.263176 0.044848
0.158780 0.136496 -0.254078 0.044903
0.167362 0.136496 -0.244979 0.044958
0.175945 0.136496 -0.434474 -0.063778
0.184528 0.136496 -0.492374 -0.020186
0.193110 0.136496 -0.481520 -0.019853
0.201693 0.136496 -0.470665 -0.019520
0.210276 0.136496 -0.515449 -0.007871
0.218858 0.136496 -0.504793 -0.007582
0.227441 0.136496 -0.494137 -0.007294
0.236024 0.136496 -0.483482 -0.007005
0.244606 0.136496 -0.818028 -0.174816
0.253189 0.136496 -0.809443 -0.175396
0.261772 0.136496 -1.225003 -0.095892
0.270354 0.136496 -0.878514 -0.109566
0.278937 0.136496 -0.968756 -0.101217
0.287520 0.136496 -0.953415 -0.100235
0.296102 0.136496 -0.938081 -0.099256
0.313268 0.136496 -1.869797 -0.340297
0.321850 0.136496 -0.091718 0.006042
0.330433 0.136496 0.330433 0.136496
0.339016 0.136496 0.339016 0.136496
0.347598 0.136496 0.347598 0.136496
0.356181 0.136496 0.356181 0.136496
0.364764 0.136496 0.364764 0.136496
0.373346 0.136496 0.373346 0.136496
0.381929 0.136496 0.381929 0.136496
0.390512 0.136496 0.390512 0.136496
0.399094 0.136496 0.399094 0.136496
0.407677 0.136496 0.407677 0.136496
0.416260 0.136496 0.416260 0.136496
0.424843 0.136496 0.424843 0.136496
0.433425 0.136496 0.433425 0.136496
0.442008 0.136496 0.442008 0.136496
0.450591 0.136496 0.450591 0.136496
0.459173 0.136496 0.459173 0.136496
0.467756 0.136496 0.467756 0.136496
0.476339 0.136496 0.476339 0.136496
0.484921 0.136496 0.484921 0.136496
0.493504 0.136496 0.493504 0.136496
0.502087 0.136496 0.502087 0.136496
0.510669 0.136496 0.510669 0.136496
0.519252 0.136496 0.519252 0.136496
0.527835 0.136496 0.527835 0.136496
0.536417 0.136496 0.536417 0.136496
0.545000 0.136496 0.545000 0.136496
-0.545000 0.149803 -0.545000 0.149803
-0.536417 0.149803 -0.536417 0.149803
-0.527835 0.149803 -0.527835 0.149803
-0.519252 0.149803 -0.519252 0.149803
-0.510669 0.149803 -0.510669 0.149803
-0.502087 0.149803 -0.502087 0.149803
-0.493504 0.149803 -0.493504 0.149803
-0.484921 0.149803 -0.484921 0.149803
-0.476339 0.149803 -0.476339 0.149803
-0.467756 0.149803 -0.467756 0.149803
-0.459173 0.149803 -0.459173 0.149803
-0.450591 0.149803 -0.450591 0.149803
-0.442008 0.149803 -0.442008 0.149803
-0.433425 0.149803 -0.433425 0.149803
-0.424843 0.149803 -0.424843 0.149803
-0.416260 0.149803 -0.416260 0.149803
-0.407677 0.149803 -0.407677 0.149803
-0.399094 0.149803 -0.399094 0.149803
-0.390512 0.149803 -0.390512 0.149803
-0.381929 0.149803 -0.381929 0.149803
-0.373346 0.149803 -0.373346 0.149803
-0.364764 0.149803 -0.364764 0.149803
-0.356181 0.149803 -0.356181 0.149803
-0.347598 0.149803 -0.347598 0.149803
-0.339016 0.149803 -0.339016 0.149803
-0.330433 0.149803 -0.330433 0.149803
-0.321850 0.149803 0.868805 0.098458
-0.313268 0.149803 1.860660 -0.325671
-0.287520 0.149803 0.952082 -0.086764
-0.278937 0.149803 0.967406 -0.087743
-0.270354 0.149803 0.877110 -0.096118
-0.261772 0.149803 0.893050 -0.097221
-0.253189 0.149803 0.810646 -0.162712
-0.244606 0.149803 0.819223 -0.162131
-0.236024 0.149803 0.827801 -0.161550
-0.227441 0.149803 0.493779 0.006043
-0.218858 0.149803 0.504434 0.005755
-0.210276 0.149803 0.515090 0.005466
-0.201693 0.149803 0.470304 -0.006213
-0.193110 0.149803 0.481159 -0.006546
-0.184528 0.149803 0.492014 -0.006879
-0.175945 0.149803 0.435240 -0.050872
-0.167362 0.149803 0.443391 -0.050474
-0.158780 0.149803 0.254037 0.058196
-0.150197 0.149803 0.169528 -0.036705
-0.141614 0.149803 0.178352 -0.036845
-0.133031 0.149803 0.187175 -0.036986
-0.124449 0.149803 0.195999 -0.037126
-0.115866 0.149803 0.204823 -0.037267
-0.107283 0.149803 0.172885 -0.049283
-0.098701 0.149803 0.181792 -0.049460
-0.090118 0.149803 0.190701 -0.049637
-0.081535 0.149803 0.199608 -0.049814
-0.072953 0.149803 0.163136 -0.048371
-0.064370 0.149803 0.172082 -0.048602
-0.055787 0.149803 0.047174 0.055449
-0.047205 0.149803 0.004104 0.038102
-0.038622 0.149803 0.012682 0.038111
-0.030039 0.149803 0.021261 0.038120
-0.021457 0.149803 0.029839 0.038129
-0.012874 0.149803 0.038418 0.038138
-0.004291 0.149803 0.004139 0.038264
0.004291 0.149803 -0.004139 0.038264
0.012874 0.149803 -0.038418 0.038138
0.021457 0.149803 -0.029839 0.038129
0.030039 0.149803 -0.021261 0.038120
0.038622 0.149803 -0.012682 0.038111
0.047205 0.149803 -0.004104 0.038102
0.055787 0.149803 -0.047174 0.055449
0.064370 0.149803 -0.172081 -0.048601
0.072953 0.149803 -0.163135 -0.048370
0.081535 0.149803 -0.199607 -0.049813
0.090118 0.149803 -0.190700 -0.049636
0.098701 0.149803 -0.181793 -0.049459
0.107283 0.149803 -0.172885 -0.049282
0.115866 0.149803 -0.204823 -0.037266
0.124449 0.149803 -0.196000 -0.037126
0.133031 0.149803 -0.187176 -0.036985
0.141614 0.149803 -0.178353 -0.036845
0.150197 0.149803 -0.169529 -0.036704
0.158780 0.149803 -0.254036 0.058195
0.167362 0.149803 -0.443393 -0.050475
0.175945 0.149803 -0.435242 -0.050874
0.184528 0.149803 -0.492012 -0.006878
0.193110 0.149803 -0.481157 -0.006546
0.201693 0.149803 -0.470304 -0.006214
0.210276 0.149803 -0.515090 0.005466
0.218858 0.149803 -0.504434 0.005754
0.227441 0.149803 -0.493778 0.006043
0.236024 0.149803 -0.827809 -0.161553
0.244606 0.149803 -0.819231 -0.162134
0.253189 0.149803 -0.810646 -0.162714
0.261772 0.149803 -0.893059 -0.097222
0.270354 0.149803 -0.877119 -0.096119
0.278937 0.149803 -0.967407 -0.087741
0.287520 0.149803 -0.952074 -0.086762
0.313268 0.149803 -1.860660 -0.325671
0.321850 0.149803 -0.868789 0.098449
0.330433 0.149803 0.330433 0.149803
0.339016 0.149803 0.339016 0.149803
0.347598 0.149803 0.347598 0.149803
0.356181 0.149803 0.356181 0.149803
0.364764 0.149803 0.364764 0.149803
0.373346 0.149803 0.373346 0.149803
0.381929 0.149803 0.381929 0.149803
0.390512 0.149803 0.390512 0.149803
0.399094 0.149803 0.399094 0.149803
0.407677 0.149803 0.407677 0.149803
0.416260 0.149803 0.416260 0.149803
0.424843 0.149803 0.424843 0.149803
0.433425 0.149803 0.433425 0.149803
0.442008 0.149803 0.442008 0.149803
0.450591 0.149803 0.450591 0.149803
0.459173 0.149803 0.459173 0.149803
0.467756 0.149803 0.467756 0.149803
0.476339 0.149803 0.476339 0.149803
0.484921 0.149803 0.484921 0.149803
0.493504 0.149803 0.493504 0.149803
0.502087 0.149803 0.502087 0.149803
0.510669 0.149803 0.510669 0.149803
0.519252 0.149803 0.519252 0.149803
0.527835 0.149803 0.527835 0.149803
0.536417 0.149803 0.536417 0.149803
0.545000 0.149803 0.545000 0.149803
-0.545000 0.163110 -0.545000 0.163110
-0.536417 0.163110 -0.536417 0.163110
-0.527835 0.163110 -0.527835 0.163110
-0.519252 0.163110 -0.519252 0.163110
-0.510669 0.163110 -0.510669 0.163110
-0.502087 0.163110 -0.502087 0.163110
-0.493504 0.163110 -0.493504 0.163110
-0.484921 0.163110 -0.484921 0.163110
-0.476339 0.163110 -0.476339 0.163110
-0.467756 0.163110 -0.467756 0.163110
-0.459173 0.163110 -0.459173 0.163110
-0.450591 0.163110 -0.450591 0.163110
-0.442008 0.163110 -0.442008 0.163110
-0.433425 0.163110 -0.433425 0.163110
-0.424843 0.163110 -0.424843 0.163110
-0.416260 0.163110 -0.416260 0.163110
-0.407677 0.163110 -0.407677 0.163110
-0.399094 0.163110 -0.399094 0.163110
-0.390512 0.163110 -0.390512 0.163110
-0.381929 0.163110 -0.381929 0.163110
-0.373346 0.163110 -0.373346 0.163110
-0.364764 0.163110 -0.364764 0.163110
-0.356181 0.163110 -0.356181 0.163110
-0.347598 0.163110 -0.347598 0.163110
-0.339016 0.163110 -0.339016 0.163110
-0.330433 0.163110 -0.330433 0.163110
-0.321850 0.163110 0.879699 0.113821
-0.313268 0.163110 2.504669 -0.452625
-0.287520 0.163110 0.950741 -0.073291
-0.278937 0.163110 0.966065 -0.074270
-0.270354 0.163110 0.875715 -0.082671
-0.261772 0.163110 0.891655 -0.083774
-0.253189 0.163110 0.811849 -0.150030
-0.244606 0.163110 0.820427 -0.149448
-0.236024 0.163110 0.829004 -0.148867
-0.227441 0.163110 0.837586 -0.148286
-0.218858 0.163110 0.504075 0.019091
-0.210276 0.163110 0.514731 0.018803
-0.201693 0.163110 0.469941 0.007095
-0.193110 0.163110 0.480796 0.006762
-0.184528 0.163110 0.491651 0.006429
-0.175945 0.163110 0.436008 -0.037968
-0.167362 0.163110 0.444159 -0.037569
-0.158780 0.163110 0.347557 -0.132255
-0.150197 0.163110 0.355550 -0.131911
-0.141614 0.163110 0.178134 -0.023411
-0.133031 0.163110 0.186958 -0.023552
-0.124449 0.163110 0.195781 -0.023692
-0.115866 0.163110 0.204605 -0.023833
-0.107283 0.163110 0.172654 -0.035880
-0.098701 0.163110 0.181561 -0.036057
-0.090118 0.163110 0.190471 -0.036234
-0.081535 0.163110 0.199378 -0.036411
-0.072953 0.163110 0.162855 -0.034964
-0.064370 0.163110 0.171800 -0.035195
-0.055787 0.163110 0.180746 -0.035425
-0.047205 0.163110 0.004118 0.051379
-0.038622 0.163110 0.012696 0.051388
-0.030039 0.163110 0.021275 0.051397
-0.021457 0.163110 0.029853 0.051406
-0.012874 0.163110 0.038432 0.051415
-0.004291 0.163110 0.004108 0.051541
0.004291 0.163110 -0.004108 0.051541
0.012874 0.163110 -0.038432 0.051415
0.021457 0.163110 -0.029853 0.051406
0.030039 0.163110 -0.021275 0.051397
0.038622 0.163110 -0.012696 0.051388
0.047205 0.163110 -0.004118 0.051379
0.055787 0.163110 -0.180745 -0.035426
0.064370 0.163110 -0.171799 -0.035195
0.072953 0.163110 -0.162853 -0.034965
0.081535 0.163110 -0.199376 -0.036410
0.090118 0.163110 -0.190469 -0.036233
0.098701 0.163110 -0.181562 -0.036057
0.107283 0.163110 -0.172655 -0.035880
0.115866 0.163110 -0.204606 -0.023832
0.124449 0.163110 -0.195782 -0.023691
0.133031 0.163110 -0.186958 -0.023551
0.141614 0.163110 -0.178135 -0.023410
0.150197 0.163110 -0.355553 -0.131911
0.158780 0.163110 -0.347560 -0.132255
0.167362 0.163110 -0.444161 -0.037571
0.175945 0.163110 -0.436010 -0.037969
0.184528 0.163110 -0.491649 0.006429
0.193110 0.163110 -0.480795 0.006761
0.201693 0.163110 -0.469941 0.007094
0.210276 0.163110 -0.514730 0.018802
0.218858 0.163110 -0.504075 0.019091
0.227441 0.163110 -0.837590 -0.148289
0.236024 0.163110 -0.829012 -0.148870
0.244606 0.163110 -0.820427 -0.149450
0.253189 0.163110 -0.811849 -0.150031
0.261772 0.163110 -0.891663 -0.083776
0.270354 0.163110 -0.875724 -0.082673
0.278937 0.163110 -0.966066 -0.074269
0.287520 0.163110 -0.950733 -0.073290
0.313268 0.163110 -2.504669 -0.452625
0.321850 0.163110 -0.879684 0.113811
0.330433 0.163110 0.330433 0.163110
0.339016 0.163110 0.339016 0.163110
0.347598 0.163110 0.347598 0.163110
0.356181 0.163110 0.356181 0.163110
0.364764 0.163110 0.364764 0.163110
0.373346 0.163110 0.373346 0.163110
0.381929 0.163110 0.381929 0.163110
0.390512 0.163110 0.390512 0.163110
0.399094 0.163110 0.399094 0.163110
0.407677 0.163110 0.407677 0.163110
0.416260 0.163110 0.416260 0.163110
0.424843 0.163110 0.424843 0.163110
0.433425 0.163110 0.433425 0.163110
0.442008 0.163110 0.442008 0.163110
0.450591 0.163110 0.450591 0.163110
0.459173 0.163110 0.459173 0.163110
0.467756 0.163110 0.467756 0.163110
0.476339 0.163110 0.476339 0.163110
0.484921 0.163110 0.484921 0.163110
0.493504 0.163110 0.493504 0.163110
0.502087 0.163110 0.502087 0.163110
0.510669 0.163110 0.510669 0.163110
0.519252 0.163110 0.519252 0.163110
0.527835 0.163110 0.527835 0.163110
0.536417 0.163110 0.536417 0.163110
0.545000 0.163110 0.545000 0.163110
-0.545000 0.176417 -0.545000 0.176417
-0.536417 0.176417 -0.536417 0.176417
-0.527835 0.176417 -0.527835 0.176417
-0.519252 0.176417 -0.519252 0.176417
-0.510669 0.176417 -0.510669 0.176417
-0.502087 0.176417 -0.502087 0.176417
-0.493504 0.176417 -0.493504 0.176417
-0.484921 0.176417 -0.484921 0.176417
-0.476339 0.176417 -0.476339 0.176417
-0.467756 0.176417 -0.467756 0.176417
-0.459173 0.176417 -0.459173 0.176417
-0.450591 0.176417 -0.450591 0.176417
-0.442008 0.176417 -0.442008 0.176417
-0.433425 0.176417 -0.433425 0.176417
-0.424843 0.176417 -0.424843 0.176417
-0.416260 0.176417 -0.416260 0.176417
-0.407677 0.176417 -0.407677 0.176417
-0.399094 0.176417 -0.399094 0.176417
-0.390512 0.176417 -0.390512 0.176417
-0.381929 0.176417 -0.381929 0.176417
-0.373346 0.176417 -0.373346 0.176417
-0.364764 0.176417 -0.364764 0.176417
-0.356181 0.176417 -0.356181 0.176417
-0.347598 0.176417 -0.347598 0.176417
-0.339016 0.176417 -0.339016 0.176417
-0.330433 0.176417 -0.330433 0.176417
-0.321850 0.176417 0.344592 0.034541
-0.313268 0.176417 2.497380 -0.438462
-0.287520 0.176417 0.226358 -0.233999
-0.278937 0.176417 0.964723 -0.060798
-0.270354 0.176417 0.874320 -0.069224
-0.261772 0.176417 0.890259 -0.070327
-0.253189 0.176417 0.813052 -0.137347
-0.244606 0.176417 0.821630 -0.136766
-0.236024 0.176417 0.830208 -0.136185
-0.227441 0.176417 0.838789 -0.135604
-0.218858 0.176417 0.847367 -0.135022
-0.210276 0.176417 0.458724 0.020735
-0.201693 0.176417 0.469578 0.020402
-0.193110 0.176417 0.480433 0.020069
-0.184528 0.176417 0.491288 0.019736
-0.175945 0.176417 0.332104 -0.119946
-0.167362 0.176417 0.340097 -0.119602
-0.158780 0.176417 0.348090 -0.119259
-0.150197 0.176417 0.356083 -0.118915
-0.141614 0.176417 0.364076 -0.118571
-0.133031 0.176417 0.186740 -0.010118
-0.124449 0.176417 0.195563 -0.010258
-0.115866 0.176417 0.163516 -0.022301
-0.107283 0.176417 0.172424 -0.022478
-0.098701 0.176417 0.181331 -0.022655
-0.090118 0.176417 0.190240 -0.022832
-0.081535 0.176417 0.199147 -0.023009
-0.072953 0.176417 0.208054 -0.023186
-0.064370 0.176417 0.171519 -0.021788
-0.055787 0.176417 0.061644 -0.079234
-0.047205 0.176417 0.070259 -0.079307
-0.038622 0.176417 0.078875 -0.079380
-0.030039 0.176417 0.087491 -0.079452
-0.021457 0.176417 0.052005 -0.078879
-0.012874 0.176417 0.038446 0.064691
-0.004291 0.176417 0.004076 0.064818
0.004291 0.176417 -0.004076 0.064818
0.012874 0.176417 -0.038446 0.064691
0.021457 0.176417 -0.052005 -0.078880
0.030039 0.176417 -0.087491 -0.079453
0.038622 0.176417 -0.078875 -0.079380
0.047205 0.176417 -0.070259 -0.079308
0.055787 0.176417 -0.061643 -0.079235
0.064370 0.176417 -0.171518 -0.021788
0.072953 0.176417 -0.208053 -0.023186
0.081535 0.176417 -0.199146 -0.023009
0.090118 0.176417 -0.190239 -0.022832
0.098701 0.176417 -0.181331 -0.022655
0.107283 0.176417 -0.172424 -0.022478
0.115866 0.176417 -0.163517 -0.022301
0.124449 0.176417 -0.195564 -0.010259
0.133031 0.176417 -0.186740 -0.010118
0.141614 0.176417 -0.364079 -0.118572
0.150197 0.176417 -0.356086 -0.118916
0.158780 0.176417 -0.348093 -0.119260
0.167362 0.176417 -0.340097 -0.119604
0.175945 0.176417 -0.332104 -0.119948
0.184528 0.176417 -0.491287 0.019736
0.193110 0.176417 -0.480433 0.020069
0.201693 0.176417 -0.469578 0.020402
0.210276 0.176417 -0.458723 0.020735
0.218858 0.176417 -0.847371 -0.135025
0.227441 0.176417 -0.838793 -0.135606
0.236024 0.176417 -0.830215 -0.136187
0.244606 0.176417 -0.821630 -0.136767
0.253189 0.176417 -0.813052 -0.137348
0.261772 0.176417 -0.890268 -0.070329
0.270354 0.176417 -0.874321 -0.069223
0.278937 0.176417 -0.964725 -0.060796
0.287520 0.176417 -0.226359 -0.234000
0.313268 0.176417 -2.497380 -0.438462
0.321850 0.176417 -0.344592 0.034541
0.330433 0.176417 0.330433 0.176417
0.339016 0.176417 0.339016 0.176417
0.347598 0.176417 0.347598 0.176417
0.356181 0.176417 0.356181 0.176417
0.364764 0.176417 0.364764 0.176417
0.373346 0.176417 0.373346 0.176417
0.381929 0.176417 0.381929 0.176417
0.390512 0.176417 0.390512 0.176417
0.399094 0.176417 0.399094 0.176417
0.407677 0.176417 0.407677 0.176417
0.416260 0.176417 0.416260 0.176417
0.424843 0.176417 0.424843 0.176417
0.433425 0.176417 0.433425 0.176417
0.442008 0.176417 0.442008 0.176417
0.450591 0.176417 0.450591 0.176417
0.459173 0.176417 0.459173 0.176417
0.467756 0.176417 0.467756 0.176417
0.476339 0.176417 0.476339 0.176417
0.484921 0.176417 0.484921 0.176417
0.493504 0.176417 0.493504 0.176417
0.502087 0.176417 0.502087 0.176417
0.510669 0.176417 0.510669 0.176417
0.519252 0.176417 0.519252 0.176417
0.527835 0.176417 0.527835 0.176417
0.536417 0.176417 0.536417 0.176417
0.545000 0.176417 0.545000 0.176417
-0.545000 0.189724 -0.545000 0.189724
-0.536417 0.189724 -0.536417 0.189724
-0.527835 0.189724 -0.527835 0.189724
-0.519252 0.189724 -0.519252 0.189724
-0.510669 0.189724 -0.510669 0.189724
-0.502087 0.189724 -0.502087 0.189724
-0.493504 0.189724 -0.493504 0.189724
-0.484921 0.189724 -0.484921 0.189724
-0.476339 0.189724 -0.476339 0.189724
-0.467756 0.189724 -0.467756 0.189724
-0.459173 0.189724 -0.459173 0.189724
-0.450591 0.189724 -0.450591 0.189724
-0.442008 0.189724 -0.442008 0.189724
-0.433425 0.189724 -0.433425 0.189724
-0.424843 0.189724 -0.424843 0.189724
-0.416260 0.189724 -0.416260 0.189724
-0.407677 0.189724 -0.407677 0.189724
-0.399094 0.189724 -0.399094 0.189724
-0.390512 0.189724 -0.390512 0.189724
-0.381929 0.189724 -0.381929 0.189724
-0.373346 0.189724 -0.373346 0.189724
-0.364764 0.189724 -0.364764 0.189724
-0.356181 0.189724 -0.356181 0.189724
-0.347598 0.189724 -0.347598 0.189724
-0.339016 0.189724 -0.339016 0.189724
-0.330433 0.189724 -0.330433 0.189724
-0.321850 0.189724 -0.321850 0.189724
-0.313268 0.189724 2.490092 -0.424299
-0.304685 0.189724 1.884022 -0.288560
-0.296102 0.189724 2.251553 1.680432
-0.287520 0.189724 -1.204996 0.042956
-0.278937 0.189724 0.211763 -0.227349
-0.270354 0.189724 0.872925 -0.055778
-0.261772 0.189724 0.888864 -0.056881
-0.253189 0.189724 0.814255 -0.124664
-0.244606 0.189724 0.822833 -0.124085
-0.236024 0.189724 0.831414 -0.123504
-0.227441 0.189724 0.839992 -0.122923
-0.218858 0.189724 0.848570 -0.122342
-0.210276 0.189724 0.550087 -0.117642
-0.201693 0.189724 0.469216 0.033710
-0.193110 0.189724 0.480070 0.033377
-0.184528 0.189724 0.372963 -0.135477
-0.175945 0.189724 0.382623 -0.136110
-0.167362 0.189724 0.340630 -0.106606
-0.158780 0.189724 0.348623 -0.106262
-0.150197 0.189724 0.356616 -0.105919
-0.141614 0.189724 0.364610 -0.105575
-0.133031 0.189724 0.372603 -0.105231
-0.124449 0.189724 0.195345 0.003176
-0.115866 0.189724 0.163286 -0.008899
-0.107283 0.189724 0.172193 -0.009076
-0.098701 0.189724 0.181100 -0.009252
-0.090118 0.189724 0.190010 -0.009429
-0.081535 0.189724 0.198917 -0.009606
-0.072953 0.189724 0.207824 -0.009783
-0.064370 0.189724 0.171237 -0.008381
-0.055787 0.189724 0.061531 -0.065681
-0.047205 0.189724 0.070147 -0.065754
-0.038622 0.189724 0.078762 -0.065827
-0.030039 0.189724 0.087378 -0.065899
-0.021457 0.189724 0.051843 -0.065324
-0.012874 0.189724 0.060473 -0.065457
-0.004291 0.189724 0.069103 -0.065589
0.004291 0.189724 -0.069104 -0.065590
0.012874 0.189724 -0.060474 -0.065458
0.021457 0.189724 -0.051844 -0.065325
0.030039 0.189724 -0.087378 -0.065900
0.038622 0.189724 -0.078762 -0.065828
0.047205 0.189724 -0.070146 -0.065755
0.055787 0.189724 -0.061530 -0.065682
0.064370 0.189724 -0.171236 -0.008381
0.072953 0.189724 -0.207822 -0.009784
0.081535 0.189724 -0.198915 -0.009607
0.090118 0.189724 -0.190008 -0.009430
0.098701 0.189724 -0.181101 -0.009253
0.107283 0.189724 -0.172194 -0.009076
0.115866 0.189724 -0.163287 -0.008899
0.124449 0.189724 -0.195346 0.003176
0.133031 0.189724 -0.372605 -0.105232
0.141614 0.189724 -0.364612 -0.105576
0.150197 0.189724 -0.356619 -0.105920
0.158780 0.189724 -0.348626 -0.106264
0.167362 0.189724 -0.340630 -0.106608
0.175945 0.189724 -0.382631 -0.136115
0.184528 0.189724 -0.372960 -0.135480
0.193110 0.189724 -0.480070 0.033376
0.201693 0.189724 -0.469215 0.033709
0.210276 0.189724 -0.550085 -0.117642
0.218858 0.189724 -0.848574 -0.122343
0.227441 0.189724 -0.839996 -0.122924
0.236024 0.189724 -0.831418 -0.123505
0.244606 0.189724 -0.822833 -0.124085
0.253189 0.189724 -0.814255 -0.124666
0.261772 0.189724 -0.888873 -0.056882
0.270354 0.189724 -0.872926 -0.055776
0.278937 0.189724 -0.211756 -0.227353
0.287520 0.189724 1.205005 0.042945
0.296102 0.189724 -2.251751 1.680608
0.304685 0.189724 -1.884022 -0.288560
0.313268 0.189724 -2.490092 -0.424299
0.321850 0.189724 0.321850 0.189724
0.330433 0.189724 0.330433 0.189724
0.339016 0.189724 0.339016 0.189724
0.347598 0.189724 0.347598 0.189724
0.356181 0.189724 0.356181 0.189724
0.364764 0.189724 0.364764 0.189724
0.373346 0.189724 0.373346 0.189724
0.381929 0.189724 0.381929 0.189724
0.390512 0.189724 0.390512 0.189724
0.399094 0.189724 0.399094 0.189724
0.407677 0.189724 0.407677 0.189724
0.416260 0.189724 0.416260 0.189724
0.424843 0.189724 0.424843 0.189724
0.433425 0.189724 0.433425 0.189724
0.442008 0.189724 0.442008 0.189724
0.450591 0.189724 0.450591 0.189724
0.459173 0.189724 0.459173 0.189724
0.467756 0.189724 0.467756 0.189724
0.476339 0.189724 0.476339 0.189724
0.484921 0.189724 0.484921 0.189724
0.493504 0.189724 0.493504 0.189724
0.502087 0.189724 0.502087 0.189724
0.510669 0.189724 0.510669 0.189724
0.519252 0.189724 0.519252 0.189724
0.527835 0.189724 0.527835 0.189724
0.536417 0.189724 0.536417 0.189724
0.545000 0.189724 0.545000 0.189724
-0.545000 0.203031 -0.545000 0.203031
-0.536417 0.203031 -0.536417 0.203031
-0.527835 0.203031 -0.527835 0.203031
-0.519252 0.203031 -0.519252 0.203031
-0.510669 0.203031 -0.510669 0.203031
-0.502087 0.203031 -0.502087 0.203031
-0.493504 0.203031 -0.493504 0.203031
-0.484921 0.203031 -0.484921 0.203031
-0.476339 0.203031 -0.476339 0.203031
-0.467756 0.203031 -0.467756 0.203031
-0.459173 0.203031 -0.459173 0.203031
-0.450591 0.203031 -0.450591 0.203031
-0.442008 0.203031 -0.442008 0.203031
-0.433425 0.203031 -0.433425 0.203031
-0.424843 0.203031 -0.424843 0.203031
-0.416260 0.203031 -0.416260 0.203031
-0.407677 0.203031 -0.407677 0.203031
-0.399094 0.203031 -0.399094 0.203031
-0.390512 0.203031 -0.390512 0.203031
-0.381929 0.203031 -0.381929 0.203031
-0.373346 0.203031 -0.373346 0.203031
-0.364764 0.203031 -0.364764 0.203031
-0.356181 0.203031 -0.356181 0.203031
-0.347598 0.203031 -0.347598 0.203031
-0.339016 0.203031 -0.339016 0.203031
-0.330433 0.203031 -0.330433 0.203031
-0.321850 0.203031 -0.321850 0.203031
-0.313268 0.203031 2.482804 -0.410136
-0.304685 0.203031 1.874885 -0.273934
-0.296102 0.203031 2.243360 1.691314
-0.287520 0.203031 -0.029604 0.115846
-0.278937 0.203031 0.213613 -0.214175
-0.270354 0.203031 1.097938 -0.297632
-0.261772 0.203031 0.887469 -0.043434
-0.253189 0.203031 0.903408 -0.044537
-0.244606 0.203031 0.824036 -0.111402
-0.236024 0.203031 0.832617 -0.110821
-0.227441 0.203031 0.841195 -0.110240
-0.218858 0.203031 0.849773 -0.109659
-0.210276 0.203031 0.550543 -0.105097
-0.201693 0.203031 0.639691 -0.287775
-0.193110 0.203031 0.647808 -0.287503
-0.184528 0.203031 0.371978 -0.121595
-0.175945 0.203031 0.381650 -0.122230
-0.167362 0.203031 0.342703 -0.133695
-0.158780 0.203031 0.349156 -0.093266
-0.150197 0.203031 0.357149 -0.092923
-0.141614 0.203031 0.365143 -0.092580
-0.133031 0.203031 0.373136 -0.092236
-0.124449 0.203031 0.381129 -0.091892
-0.115866 0.203031 0.163055 0.004504
-0.107283 0.203031 0.171963 0.004327
-0.098701 0.203031 0.180870 0.004150
-0.090118 0.203031 0.189779 0.003973
-0.081535 0.203031 0.198686 0.003796
-0.072953 0.203031 0.207593 0.003619
-0.064370 0.203031 0.052802 -0.052056
-0.055787 0.203031 0.061418 -0.052128
-0.047205 0.203031 0.070034 -0.052201
-0.038622 0.203031 0.078649 -0.052274
-0.030039 0.203031 0.087265 -0.052346
-0.021457 0.203031 0.051682 -0.051769
-0.012874 0.203031 0.060312 -0.051901
-0.004291 0.203031 0.068942 -0.052034
0.004291 0.203031 -0.068943 -0.052034
0.012874 0.203031 -0.060313 -0.051901
0.021457 0.203031 -0.051682 -0.051770
0.030039 0.203031 -0.087265 -0.052347
0.038622 0.203031 -0.078649 -0.052275
0.047205 0.203031 -0.070033 -0.052202
0.055787 0.203031 -0.061417 -0.052129
0.064370 0.203031 -0.052801 -0.052056
0.072953 0.203031 -0.207592 0.003619
0.081535 0.203031 -0.198685 0.003796
0.090118 0.203031 -0.189778 0.003973
0.098701 0.203031 -0.180870 0.004150
0.107283 0.203031 -0.171963 0.004327
0.115866 0.203031 -0.163056 0.004503
0.124449 0.203031 -0.381132 -0.091892
0.133031 0.203031 -0.373138 -0.092236
0.141614 0.203031 -0.365145 -0.092580
0.150197 0.203031 -0.357152 -0.092924
0.158780 0.203031 -0.349159 -0.093268
0.167362 0.203031 -0.342711 -0.133700
0.175945 0.203031 -0.381647 -0.122233
0.184528 0.203031 -0.371975 -0.121598
0.193110 0.203031 -0.647808 -0.287508
0.201693 0.203031 -0.639691 -0.287780
0.210276 0.203031 -0.550544 -0.105097
0.218858 0.203031 -0.849777 -0.109660
0.227441 0.203031 -0.841199 -0.110241
0.236024 0.203031 -0.832621 -0.110822
0.244606 0.203031 -0.824036 -0.111402
0.253189 0.203031 -0.903417 -0.044539
0.261772 0.203031 -0.887470 -0.043432
0.270354 0.203031 -1.097937 -0.297628
0.278937 0.203031 -0.213605 -0.214177
0.287520 0.203031 0.029642 0.115843
0.296102 0.203031 -2.243545 1.691494
0.304685 0.203031 -1.874885 -0.273934
0.313268 0.203031 -2.482804 -0.410136
0.321850 0.203031 0.321850 0.203031
0.330433 0.203031 0.330433 0.203031
0.339016 0.203031 0.339016 0.203031
0.347598 0.203031 0.347598 0.203031
0.356181 0.203031 0.356181 0.203031
0.364764 0.203031 0.364764 0.203031
0.373346 0.203031 0.373346 0.203031
0.381929 0.203031 0.381929 0.203031
0.390512 0.203031 0.390512 0.203031
0.399094 0.203031 0.399094 0.203031
0.407677 0.203031 0.407677 0.203031
0.416260 0.203031 0.416260 0.203031
0.424843 0.203031 0.424843 0.203031
0.433425 0.203031 0.433425 0.203031
0.442008 0.203031 0.442008 0.203031
0.450591 0.203031 0.450591 0.203031
0.459173 0.203031 0.459173 0.203031
0.467756 0.203031 0.467756 0.203031
0.476339 0.203031 0.476339 0.203031
0.484921 0.203031 0.484921 0.203031
0.493504 0.203031 0.493504 0.203031
0.502087 0.203031 0.502087 0.203031
0.510669 0.203031 0.510669 0.203031
0.519252 0.203031 0.519252 0.203031
0.527835 0.203031 0.527835 0.203031
0.536417 0.203031 0.536417 0.203031
0.545000 0.203031 0.545000 0.203031
-0.545000 0.216339 -0.545000 0.216339
-0.536417 0.216339 -0.536417 0.216339
-0.527835 0.216339 -0.527835 0.216339
-0.519252 0.216339 -0.519252 0.216339
-0.510669 0.216339 -0.510669 0.216339
-0.502087 0.216339 -0.502087 0.216339
-0.493504 0.216339 -0.493504 0.216339
-0.484921 0.216339 -0.484921 0.216339
-0.476339 0.216339 -0.476339 0.216339
-0.467756 0.216339 -0.467756 0.216339
-0.459173 0.216339 -0.459173 0.216339
-0.450591 0.216339 -0.450591 0.216339
-0.442008 0.216339 -0.442008 0.216339
-0.433425 0.216339 -0.433425 0.216339
-0.424843 0.216339 -0.424843 0.216339
-0.416260 0.216339 -0.416260 0.216339
-0.407677 0.216339 -0.407677 0.216339
-0.399094 0.216339 -0.399094 0.216339
-0.390512 0.216339 -0.390512 0.216339
-0.381929 0.216339 -0.381929 0.216339
-0.373346 0.216339 -0.373346 0.216339
-0.364764 0.216339 -0.364764 0.216339
-0.356181 0.216339 -0.356181 0.216339
-0.347598 0.216339 -0.347598 0.216339
-0.339016 0.216339 -0.339016 0.216339
-0.330433 0.216339 -0.330433 0.216339
-0.321850 0.216339 -0.321850 0.216339
-0.313268 0.216339 -3.330755 -0.131009
-0.304685 0.216339 1.865748 -0.259308
-0.296102 0.216339 2.235154 1.702200
-0.287520 0.216339 -0.036135 0.127910
-0.278937 0.216339 -0.025112 0.129364
-0.270354 0.216339 1.098546 -0.285569
-0.261772 0.216339 1.113287 -0.285845
-0.253189 0.216339 0.902013 -0.031090
-0.244606 0.216339 0.825239 -0.098720
-0.236024 0.216339 0.833821 -0.098139
-0.227441 0.216339 0.842398 -0.097558
-0.218858 0.216339 0.850976 -0.096976
-0.210276 0.216339 0.631995 -0.274985
-0.201693 0.216339 0.640112 -0.274713
-0.193110 0.216339 0.648229 -0.274441
-0.184528 0.216339 0.370994 -0.107714
-0.175945 0.216339 0.380665 -0.108349
-0.167362 0.216339 0.341703 -0.119851
-0.158780 0.216339 0.351517 -0.120553
-0.150197 0.216339 0.357683 -0.079928
-0.141614 0.216339 0.365676 -0.079584
-0.133031 0.216339 0.373669 -0.079240
-0.124449 0.216339 0.216643 -0.109353
-0.115866 0.216339 0.225415 -0.109320
-0.107283 0.216339 0.234188 -0.109288
-0.098701 0.216339 0.242962 -0.109255
-0.090118 0.216339 0.189549 0.017376
-0.081535 0.216339 0.198456 0.017199
-0.072953 0.216339 0.207363 0.017022
-0.064370 0.216339 0.052689 -0.038503
-0.055787 0.216339 0.061305 -0.038575
-0.047205 0.216339 0.069922 -0.038648
-0.038622 0.216339 0.078538 -0.038721
-0.030039 0.216339 0.087152 -0.038793
-0.021457 0.216339 0.051520 -0.038214
-0.012874 0.216339 0.060150 -0.038346
-0.004291 0.216339 0.068780 -0.038479
0.004291 0.216339 -0.068781 -0.038479
0.012874 0.216339 -0.060151 -0.038346
0.021457 0.216339 -0.051522 -0.038214
0.030039 0.216339 -0.087153 -0.038794
0.038622 0.216339 -0.078536 -0.038722
0.047205 0.216339 -0.069920 -0.038649
0.055787 0.216339 -0.061304 -0.038576
0.064370 0.216339 -0.052688 -0.038503
0.072953 0.216339 -0.207361 0.017021
0.081535 0.216339 -0.198454 0.017198
0.090118 0.216339 -0.189547 0.017375
0.098701 0.216339 -0.242960 -0.109255
0.107283 0.216339 -0.234188 -0.109287
0.115866 0.216339 -0.225415 -0.109320
0.124449 0.216339 -0.216644 -0.109353
0.133031 0.216339 -0.373672 -0.079240
0.141614 0.216339 -0.365678 -0.079584
0.150197 0.216339 -0.357685 -0.079928
0.158780 0.216339 -0.351525 -0.120557
0.167362 0.216339 -0.341711 -0.119856
0.175945 0.216339 -0.380662 -0.108352
0.184528 0.216339 -0.370991 -0.107717
0.193110 0.216339 -0.648229 -0.274447
0.201693 0.216339 -0.640112 -0.274718
0.210276 0.216339 -0.631995 -0.274990
0.218858 0.216339 -0.850980 -0.096977
0.227441 0.216339 -0.842402 -0.097559
0.236024 0.216339 -0.833824 -0.098140
0.244606 0.216339 -0.825239 -0.098719
0.253189 0.216339 -0.902022 -0.031092
0.261772 0.216339 -1.113286 -0.285840
0.270354 0.216339 -1.098544 -0.285565
0.278937 0.216339 0.025140 0.129366
0.287520 0.216339 0.036173 0.127907
0.296102 0.216339 -2.235339 1.702380
0.304685 0.216339 -1.865748 -0.259308
0.313268 0.216339 3.331028 -0.131033
0.321850 0.216339 0.321850 0.216339
0.330433 0.216339 0.330433 0.216339
0.339016 0.216339 0.339016 0.216339
0.347598 0.216339 0.347598 0.216339
0.356181 0.216339 0.356181 0.216339
0.364764 0.216339 0.364764 0.216339
0.373346 0.216339 0.373346 0.216339
0.381929 0.216339 0.381929 0.216339
0.390512 0.216339 0.390512 0.216339
0.399094 0.216339 0.399094 0.216339
0.407677 0.216339 0.407677 0.216339
0.416260 0.216339 0.416260 0.216339
0.424843 0.216339 0.424843 0.216339
0.433425 0.216339 0.433425 0.216339
0.442008 0.216339 0.442008 0.216339
0.450591 0.216339 0.450591 0.216339
0.459173 0.216339 0.459173 0.216339
0.467756 0.216339 0.467756 0.216339
0.476339 0.216339 0.476339 0.216339
0.484921 0.216339 0.484921 0.216339
0.493504 0.216339 0.493504 0.216339
0.502087 0.216339 0.502087 0.216339
0.510669 0.216339 0.510669 0.216339
0.519252 0.216339 0.519252 0.216339
0.527835 0.216339 0.527835 0.216339
0.536417 0.216339 0.536417 0.216339
0.545000 0.216339 0.545000 0.216339
-0.545000 0.229646 -0.545000 0.229646
-0.536417 0.229646 -0.536417 0.229646
-0.527835 0.229646 -0.527835 0.229646
-0.519252 0.229646 -0.519252 0.229646
-0.510669 0.229646 -0.510669 0.229646
-0.502087 0.229646 -0.502087 0.229646
-0.493504 0.229646 -0.493504 0.229646
-0.484921 0.229646 -0.484921 0.229646
-0.476339 0.229646 -0.476339 0.229646
-0.467756 0.229646 -0.467756 0.229646
-0.459173 0.229646 -0.459173 0.229646
-0.450591 0.229646 -0.450591 0.229646
-0.442008 0.229646 -0.442008 0.229646
-0.433425 0.229646 -0.433425 0.229646
-0.424843 0.229646 -0.424843 0.229646
-0.416260 0.229646 -0.416260 0.229646
-0.407677 0.229646 -0.407677 0.229646
-0.399094 0.229646 -0.399094 0.229646
-0.390512 0.229646 -0.390512 0.229646
-0.381929 0.229646 -0.381929 0.229646
-0.373346 0.229646 -0.373346 0.229646
-0.364764 0.229646 -0.364764 0.229646
-0.356181 0.229646 -0.356181 0.229646
-0.347598 0.229646 -0.347598 0.229646
-0.339016 0.229646 -0.339016 0.229646
-0.330433 0.229646 -0.330433 0.229646
-0.321850 0.229646 -0.321850 0.229646
-0.313268 0.229646 -6.596338 -0.586326
-0.304685 0.229646 0.240689 0.068034
-0.296102 0.229646 2.226948 1.713087
-0.287520 0.229646 -0.042678 0.139971
-0.278937 0.229646 -0.031643 0.141428
-0.270354 0.229646 1.099153 -0.273507
-0.261772 0.229646 1.113895 -0.273782
-0.253189 0.229646 1.128637 -0.274057
-0.244606 0.229646 0.826442 -0.086037
-0.236024 0.229646 0.835024 -0.085456
-0.227441 0.229646 0.616182 -0.262466
-0.218858 0.229646 0.624299 -0.262195
-0.210276 0.229646 0.632416 -0.261923
-0.201693 0.229646 0.640533 -0.261652
-0.193110 0.229646 0.648650 -0.261380
-0.184528 0.229646 0.656768 -0.261108
-0.175945 0.229646 0.379680 -0.094468
-0.167362 0.229646 0.340703 -0.106007
-0.158780 0.229646 0.350517 -0.106708
-0.150197 0.229646 0.360331 -0.107410
-0.141614 0.229646 0.366209 -0.066588
-0.133031 0.229646 0.374202 -0.066244
-0.124449 0.229646 0.216838 -0.096614
-0.115866 0.229646 0.225611 -0.096581
-0.107283 0.229646 0.234383 -0.096548
-0.098701 0.229646 0.243158 -0.096516
-0.090118 0.229646 0.251930 -0.096483
-0.081535 0.229646 0.260703 -0.096450
-0.072953 0.229646 0.101589 -0.150338
-0.064370 0.229646 0.110111 -0.150207
-0.055787 0.229646 0.118634 -0.150075
-0.047205 0.229646 0.069809 -0.025095
-0.038622 0.229646 0.078425 -0.025168
-0.030039 0.229646 0.087039 -0.025241
-0.021457 0.229646 0.051358 -0.024659
-0.012874 0.229646 0.059988 -0.024791
-0.004291 0.229646 0.068618 -0.024923
0.004291 0.229646 -0.068620 -0.024923
0.012874 0.229646 -0.059990 -0.024791
0.021457 0.229646 -0.051360 -0.024659
0.030039 0.229646 -0.087041 -0.025241
0.038622 0.229646 -0.078423 -0.025169
0.047205 0.229646 -0.069807 -0.025096
0.055787 0.229646 -0.118632 -0.150075
0.064370 0.229646 -0.110110 -0.150206
0.072953 0.229646 -0.101587 -0.150337
0.081535 0.229646 -0.260701 -0.096450
0.090118 0.229646 -0.251929 -0.096483
0.098701 0.229646 -0.243156 -0.096515
0.107283 0.229646 -0.234383 -0.096548
0.115866 0.229646 -0.225613 -0.096581
0.124449 0.229646 -0.216840 -0.096614
0.133031 0.229646 -0.374205 -0.066244
0.141614 0.229646 -0.366212 -0.066588
0.150197 0.229646 -0.360339 -0.107414
0.158780 0.229646 -0.350525 -0.106713
0.167362 0.229646 -0.340710 -0.106011
0.175945 0.229646 -0.379677 -0.094471
0.184528 0.229646 -0.656767 -0.261113
0.193110 0.229646 -0.648650 -0.261385
0.201693 0.229646 -0.640533 -0.261657
0.210276 0.229646 -0.632416 -0.261928
0.218858 0.229646 -0.624294 -0.262199
0.227441 0.229646 -0.616177 -0.262470
0.236024 0.229646 -0.835027 -0.085457
0.244606 0.229646 -0.826442 -0.086037
0.253189 0.229646 -1.128636 -0.274053
0.261772 0.229646 -1.113894 -0.273778
0.270354 0.229646 -1.099159 -0.273506
0.278937 0.229646 0.031672 0.141430
0.287520 0.229646 0.042704 0.139971
0.296102 0.229646 -2.227134 1.713267
0.304685 0.229646 -0.240697 0.068033
0.313268 0.229646 6.596323 -0.586329
0.321850 0.229646 0.321850 0.229646
0.330433 0.229646 0.330433 0.229646
0.339016 0.229646 0.339016 0.229646
0.347598 0.229646 0.347598 0.229646
0.356181 0.229646 0.356181 0.229646
0.364764 0.229646 0.364764 0.229646
0.373346 0.229646 0.373346 0.229646
0.381929 0.229646 0.381929 0.229646
0.390512 0.229646 0.390512 0.229646
0.399094 0.229646 0.399094 0.229646
0.407677 0.229646 0.407677 0.229646
0.416260 0.229646 0.416260 0.229646
0.424843 0.229646 0.424843 0.229646
0.433425 0.229646 0.433425 0.229646
0.442008 0.229646 0.442008 0.229646
0.450591 0.229646 0.450591 0.229646
0.459173 0.229646 0.459173 0.229646
0.467756 0.229646 0.467756 0.229646
0.476339 0.229646 0.476339 0.229646
0.484921 0.229646 0.484921 0.229646
0.493504 0.229646 0.493504 0.229646
0.502087 0.229646 0.502087 0.229646
0.510669 0.229646 0.510669 0.229646
0.519252 0.229646 0.519252 0.229646
0.527835 0.229646 0.527835 0.229646
0.536417 0.229646 0.536417 0.229646
0.545000 0.229646 0.545000 0.229646
-0.545000 0.242953 -0.545000 0.242953
-0.536417 0.242953 -0.536417 0.242953
-0.527835 0.242953 -0.527835 0.242953
-0.519252 0.242953 -0.519252 0.242953
-0.510669 0.242953 -0.510669 0.242953
-0.502087 0.242953 -0.502087 0.242953
-0.493504 0.242953 -0.493504 0.242953
-0.484921 0.242953 -0.484921 0.242953
-0.476339 0.242953 -0.476339 0.242953
-0.467756 0.242953 -0.467756 0.242953
-0.459173 0.242953 -0.459173 0.242953
-0.450591 0.242953 -0.450591 0.242953
-0.442008 0.242953 -0.442008 0.242953
-0.433425 0.242953 -0.433425 0.242953
-0.424843 0.242953 -0.424843 0.242953
-0.416260 0.242953 -0.416260 0.242953
-0.407677 0.242953 -0.407677 0.242953
-0.399094 0.242953 -0.399094 0.242953
-0.390512 0.242953 -0.390512 0.242953
-0.381929 0.242953 -0.381929 0.242953
-0.373346 0.242953 -0.373346 0.242953
-0.364764 0.242953 -0.364764 0.242953
-0.356181 0.242953 -0.356181 0.242953
-0.347598 0.242953 -0.347598 0.242953
-0.339016 0.242953 -0.339016 0.242953
-0.330433 0.242953 -0.330433 0.242953
-0.321850 0.242953 -0.321850 0.242953
-0.313268 0.242953 -0.313268 0.242953
-0.304685 0.242953 -3.354290 -0.097999
-0.296102 0.242953 1.694440 -0.470247
-0.287520 0.242953 -0.049209 0.152036
-0.278937 0.242953 -0.038175 0.153492
-0.270354 0.242953 1.099761 -0.261445
-0.261772 0.242953 1.114502 -0.261720
-0.253189 0.242953 1.129244 -0.261995
-0.244606 0.242953 0.600369 -0.249950
-0.236024 0.242953 0.608486 -0.249678
-0.227441 0.242953 0.616603 -0.249407
-0.218858 0.242953 0.624720 -0.249135
-0.210276 0.242953 0.632838 -0.248864
-0.201693 0.242953 0.640955 -0.248592
-0.193110 0.242953 0.649072 -0.248320
-0.184528 0.242953 0.657189 -0.248049
-0.175945 0.242953 0.419701 -0.253361
-0.167362 0.242953 0.429229 -0.253703
-0.158780 0.242953 0.438769 -0.254048
-0.150197 0.242953 0.359331 -0.093565
-0.141614 0.242953 0.369145 -0.094267
-0.133031 0.242953 0.208261 -0.083907
-0.124449 0.242953 0.217034 -0.083874
-0.115866 0.242953 0.225806 -0.083842
-0.107283 0.242953 0.234579 -0.083809
-0.098701 0.242953 0.243354 -0.083776
-0.090118 0.242953 0.252126 -0.083744
-0.081535 0.242953 0.093270 -0.137605
-0.072953 0.242953 0.101793 -0.137474
-0.064370 0.242953 0.110315 -0.137343
-0.055787 0.242953 0.118837 -0.137211
-0.047205 0.242953 0.127360 -0.137080
-0.038622 0.242953 0.135882 -0.136949
-0.030039 0.242953 0.144403 -0.136817
-0.021457 0.242953 -0.001046 -0.131140
-0.012874 0.242953 0.007531 -0.131458
-0.004291 0.242953 0.016108 -0.131776
0.004291 0.242953 -0.016109 -0.131777
0.012874 0.242953 -0.007532 -0.131459
0.021457 0.242953 0.001045 -0.131140
0.030039 0.242953 -0.144404 -0.136816
0.038622 0.242953 -0.135881 -0.136947
0.047205 0.242953 -0.127359 -0.137079
0.055787 0.242953 -0.118836 -0.137211
0.064370 0.242953 -0.110313 -0.137342
0.072953 0.242953 -0.101792 -0.137474
0.081535 0.242953 -0.093270 -0.137605
0.090118 0.242953 -0.252124 -0.083743
0.098701 0.242953 -0.243352 -0.083776
0.107283 0.242953 -0.234579 -0.083809
0.115866 0.242953 -0.225808 -0.083842
0.124449 0.242953 -0.217036 -0.083875
0.133031 0.242953 -0.208263 -0.083907
0.141614 0.242953 -0.369152 -0.094271
0.150197 0.242953 -0.359338 -0.093570
0.158780 0.242953 -0.438777 -0.254053
0.167362 0.242953 -0.429237 -0.253708
0.175945 0.242953 -0.419700 -0.253364
0.184528 0.242953 -0.657188 -0.248052
0.193110 0.242953 -0.649071 -0.248324
0.201693 0.242953 -0.640954 -0.248595
0.210276 0.242953 -0.632832 -0.248865
0.218858 0.242953 -0.624715 -0.249137
0.227441 0.242953 -0.616598 -0.249409
0.236024 0.242953 -0.608481 -0.249680
0.244606 0.242953 -0.600363 -0.249952
0.253189 0.242953 -1.129243 -0.261991
0.261772 0.242953 -1.114501 -0.261716
0.270354 0.242953 -1.099766 -0.261444
0.278937 0.242953 0.038203 0.153494
0.287520 0.242953 0.049235 0.152035
0.296102 0.242953 -1.694439 -0.470249
0.304685 0.242953 3.353811 -0.097948
0.313268 0.242953 0.313268 0.242953
0.321850 0.242953 0.321850 0.242953
0.330433 0.242953 0.330433 0.242953
0.339016 0.242953 0.339016 0.242953
0.347598 0.242953 0.347598 0.242953
0.356181 0.242953 0.356181 0.242953
0.364764 0.242953 0.364764 0.242953
0.373346 0.242953 0.373346 0.242953
0.381929 0.242953 0.381929 0.242953
0.390512 0.242953 0.390512 0.242953
0.399094 0.242953 0.399094 0.242953
0.407677 0.242953 0.407677 0.242953
0.416260 0.242953 0.416260 0.242953
0.424843 0.242953 0.424843 0.242953
0.433425 0.242953 0.433425 0.242953
0.442008 0.242953 0.442008 0.242953
0.450591 0.242953 0.450591 0.242953
0.459173 0.242953 0.459173 0.242953
0.467756 0.242953 0.467756 0.242953
0.476339 0.242953 0.476339 0.242953
0.484921 0.242953 0.484921 0.242953
0.493504 0.242953 0.493504 0.242953
0.502087 0.242953 0.502087 0.242953
0.510669 0.242953 0.510669 0.242953
0.519252 0.242953 0.519252 0.242953
0.527835 0.242953 0.527835 0.242953
0.536417 0.242953 0.536417 0.242953
0.545000 0.242953 0.545000 0.242953
-0.545000 0.256260 -0.545000 0.256260
-0.536417 0.256260 -0.536417 0.256260
-0.527835 0.256260 -0.527835 0.256260
-0.519252 0.256260 -0.519252 0.256260
-0.510669 0.256260 -0.510669 0.256260
-0.502087 0.256260 -0.502087 0.256260
-0.493504 0.256260 -0.493504 0.256260
-0.484921 0.256260 -0.484921 0.256260
-0.476339 0.256260 -0.476339 0.256260
-0.467756 0.256260 -0.467756 0.256260
-0.459173 0.256260 -0.459173 0.256260
-0.450591 0.256260 -0.450591 0.256260
-0.442008 0.256260 -0.442008 0.256260
-0.433425 0.256260 -0.433425 0.256260
-0.424843 0.256260 -0.424843 0.256260
-0.416260 0.256260 -0.416260 0.256260
-0.407677 0.256260 -0.407677 0.256260
-0.399094 0.256260 -0.399094 0.256260
-0.390512 0.256260 -0.390512 0.256260
-0.381929 0.256260 -0.381929 0.256260
-0.373346 0.256260 -0.373346 0.256260
-0.364764 0.256260 -0.364764 0.256260
-0.356181 0.256260 -0.356181 0.256260
-0.347598 0.256260 -0.347598 0.256260
-0.339016 0.256260 -0.339016 0.256260
-0.330433 0.256260 -0.330433 0.256260
-0.321850 0.256260 -0.321850 0.256260
-0.313268 0.256260 -0.313268 0.256260
-0.304685 0.256260 0.332060 -0.007747
-0.296102 0.256260 1.686427 -0.456671
-0.287520 0.256260 -0.055749 0.164095
-0.278937 0.256260 -0.044706 0.165556
-0.270354 0.256260 1.100368 -0.249382
-0.261772 0.256260 1.115110 -0.249657
-0.244606 0.256260 0.719163 -0.305941
-0.236024 0.256260 0.608907 -0.236617
-0.227441 0.256260 0.617024 -0.236345
-0.218858 0.256260 0.625141 -0.236074
-0.210276 0.256260 0.633259 -0.235802
-0.201693 0.256260 0.641376 -0.235530
-0.193110 0.256260 0.649493 -0.235259
-0.184528 0.256260 0.657610 -0.234987
-0.175945 0.256260 0.419454 -0.240496
-0.167362 0.256260 0.428994 -0.240841
-0.158780 0.256260 0.438522 -0.241183
-0.150197 0.256260 0.448062 -0.241528
-0.141614 0.256260 0.457601 -0.241873
-0.133031 0.256260 0.467141 -0.242217
-0.124449 0.256260 0.217229 -0.071135
-0.115866 0.256260 0.226002 -0.071103
-0.107283 0.256260 0.234774 -0.071070
-0.098701 0.256260 0.243549 -0.071037
-0.090118 0.256260 0.252323 -0.071004
-0.081535 0.256260 0.093474 -0.124741
-0.072953 0.256260 0.101996 -0.124610
-0.064370 0.256260 0.110518 -0.124479
-0.055787 0.256260 0.119041 -0.124347
-0.047205 0.256260 0.127563 -0.124216
-0.038622 0.256260 0.136086 -0.124085
-0.030039 0.256260 0.144609 -0.123953
-0.021457 0.256260 -0.001394 -0.118238
-0.012874 0.256260 0.007183 -0.118556
-0.004291 0.256260 0.015759 -0.118874
0.004291 0.256260 -0.015761 -0.118875
0.012874 0.256260 -0.007184 -0.118557
0.021457 0.256260 0.001394 -0.118238
0.030039 0.256260 -0.144607 -0.123952
0.038622 0.256260 -0.136085 -0.124083
0.047205 0.256260 -0.127563 -0.124215
0.055787 0.256260 -0.119040 -0.124346
0.064370 0.256260 -0.110517 -0.124478
0.072953 0.256260 -0.101996 -0.124610
0.081535 0.256260 -0.093473 -0.124741
0.090118 0.256260 -0.252320 -0.071004
0.098701 0.256260 -0.243547 -0.071037
0.107283 0.256260 -0.234776 -0.071070
0.115866 0.256260 -0.226004 -0.071103
0.124449 0.256260 -0.217231 -0.071135
0.133031 0.256260 -0.467149 -0.242222
0.141614 0.256260 -0.457609 -0.241877
0.150197 0.256260 -0.448070 -0.241532
0.158780 0.256260 -0.438530 -0.241188
0.167362 0.256260 -0.428992 -0.240844
0.175945 0.256260 -0.419452 -0.240499
0.184528 0.256260 -0.657609 -0.234991
0.193110 0.256260 -0.649492 -0.235262
0.201693 0.256260 -0.641375 -0.235534
0.210276 0.256260 -0.633253 -0.235804
0.218858 0.256260 -0.625131 -0.236067
0.227441 0.256260 -0.617013 -0.236339
0.236024 0.256260 -0.608896 -0.236610
0.244606 0.256260 -0.719166 -0.305938
0.261772 0.256260 -1.115116 -0.249656
0.270354 0.256260 -1.100374 -0.249381
0.278937 0.256260 0.044729 0.165567
0.287520 0.256260 0.055766 0.164100
0.296102 0.256260 -1.686420 -0.456667
0.304685 0.256260 -0.332060 -0.007747
0.313268 0.256260 0.313268 0.256260
0.321850 0.256260 0.321850 0.256260
0.330433 0.256260 0.330433 0.256260
0.339016 0.256260 0.339016 0.256260
0.347598 0.256260 0.347598 0.256260
0.356181 0.256260 0.356181 0.256260
0.364764 0.256260 0.364764 0.256260
0.373346 0.256260 0.373346 0.256260
0.381929 0.256260 0.381929 0.256260
0.390512 0.256260 0.390512 0.256260
0.399094 0.256260 0.399094 0.256260
0.407677 0.256260 0.407677 0.256260
0.416260 0.256260 0.416260 0.256260
0.424843 0.256260 0.424843 0.256260
0.433425 0.256260 0.433425 0.256260
0.442008 0.256260 0.442008 0.256260
0.450591 0.256260 0.450591 0.256260
0.459173 0.256260 0.459173 0.256260
0.467756 0.256260 0.467756 0.256260
0.476339 0.256260 0.476339 0.256260
0.484921 0.256260 0.484921 0.256260
0.493504 0.256260 0.493504 0.256260
0.502087 0.256260 0.502087 0.256260
0.510669 0.256260 0.510669 0.256260
0.519252 0.256260 0.519252 0.256260
0.527835 0.256260 0.527835 0.256260
0.536417 0.256260 0.536417 0.256260
0.545000 0.256260 0.545000 0.256260
-0.545000 0.269567 -0.545000 0.269567
-0.536417 0.269567 -0.536417 0.269567
-0.527835 0.269567 -0.527835 0.269567
-0.519252 0.269567 -0.519252 0.269567
-0.510669 0.269567 -0.510669 0.269567
-0.502087 0.269567 -0.502087 0.269567
-0.493504 0.269567 -0.493504 0.269567
-0.484921 0.269567 -0.484921 0.269567
-0.476339 0.269567 -0.476339 0.269567
-0.467756 0.269567 -0.467756 0.269567
-0.459173 0.269567 -0.459173 0.269567
-0.450591 0.269567 -0.450591 0.269567
-0.442008 0.269567 -0.442008 0.269567
-0.433425 0.269567 -0.433425 0.269567
-0.424843 0.269567 -0.424843 0.269567
-0.416260 0.269567 -0.416260 0.269567
-0.407677 0.269567 -0.407677 0.269567
-0.399094 0.269567 -0.399094 0.269567
-0.390512 0.269567 -0.390512 0.269567
-0.381929 0.269567 -0.381929 0.269567
-0.373346 0.269567 -0.373346 0.269567
-0.364764 0.269567 -0.364764 0.269567
-0.356181 0.269567 -0.356181 0.269567
-0.347598 0.269567 -0.347598 0.269567
-0.339016 0.269567 -0.339016 0.269567
-0.330433 0.269567 -0.330433 0.269567
-0.321850 0.269567 -0.321850 0.269567
-0.313268 0.269567 -0.313268 0.269567
-0.304685 0.269567 0.335517 -0.003162
-0.296102 0.269567 1.678415 -0.443094
-0.287520 0.269567 -0.062281 0.176159
-0.278937 0.269567 -0.051219 0.177652
-0.270354 0.269567 -0.202425 0.057662
-0.244606 0.269567 0.157548 -0.195179
-0.236024 0.269567 0.650668 -0.297372
-0.227441 0.269567 0.617445 -0.223284
-0.218858 0.269567 0.625562 -0.223012
-0.210276 0.269567 0.633680 -0.222741
-0.201693 0.269567 0.641797 -0.222469
-0.193110 0.269567 0.649914 -0.222197
-0.184528 0.269567 0.658031 -0.221926
-0.175945 0.269567 0.419207 -0.227631
-0.167362 0.269567 0.428747 -0.227976
-0.158780 0.269567 0.438275 -0.228318
-0.150197 0.269567 0.447815 -0.228663
-0.141614 0.269567 0.457354 -0.229008
-0.133031 0.269567 0.466895 -0.229352
-0.124449 0.269567 0.283156 -0.189862
-0.115866 0.269567 0.226197 -0.058363
-0.107283 0.269567 0.234970 -0.058331
-0.098701 0.269567 0.243746 -0.058297
-0.090118 0.269567 0.085155 -0.112008
-0.081535 0.269567 0.093677 -0.111877
-0.072953 0.269567 0.102200 -0.111746
-0.064370 0.269567 0.110722 -0.111615
-0.055787 0.269567 0.119244 -0.111483
-0.047205 0.269567 0.127768 -0.111351
-0.038622 0.269567 0.136290 -0.111220
-0.030039 0.269567 0.144812 -0.111089
-0.021457 0.269567 -0.001743 -0.105336
-0.012874 0.269567 0.006834 -0.105654
-0.004291 0.269567 0.015411 -0.105972
0.004291 0.269567 -0.015411 -0.105972
0.012874 0.269567 -0.006835 -0.105654
0.021457 0.269567 0.001742 -0.105336
0.030039 0.269567 -0.144811 -0.111088
0.038622 0.269567 -0.136289 -0.111219
0.047205 0.269567 -0.127766 -0.111351
0.055787 0.269567 -0.119244 -0.111482
0.064370 0.269567 -0.110723 -0.111614
0.072953 0.269567 -0.102199 -0.111746
0.081535 0.269567 -0.093677 -0.111877
0.090118 0.269567 -0.085155 -0.112009
0.098701 0.269567 -0.243743 -0.058298
0.107283 0.269567 -0.234972 -0.058331
0.115866 0.269567 -0.226199 -0.058364
0.124449 0.269567 -0.283162 -0.189867
0.133031 0.269567 -0.466902 -0.229357
0.141614 0.269567 -0.457362 -0.229012
0.150197 0.269567 -0.447822 -0.228668
0.158780 0.269567 -0.438283 -0.228323
0.167362 0.269567 -0.428745 -0.227979
0.175945 0.269567 -0.419205 -0.227634
0.184528 0.269567 -0.658025 -0.221921
0.193110 0.269567 -0.649908 -0.222192
0.201693 0.269567 -0.641791 -0.222464
0.210276 0.269567 -0.633669 -0.222734
0.218858 0.269567 -0.625552 -0.223006
0.227441 0.269567 -0.617434 -0.223277
0.236024 0.269567 -0.650655 -0.297364
0.244606 0.269567 -0.157545 -0.195177
0.270354 0.269567 0.202427 0.057674
0.278937 0.269567 0.051260 0.177631
0.287520 0.269567 0.062330 0.176169
0.296102 0.269567 -1.678407 -0.443090
0.304685 0.269567 -0.335517 -0.003161
0.313268 0.269567 0.313268 0.269567
0.321850 0.269567 0.321850 0.269567
0.330433 0.269567 0.330433 0.269567
0.339016 0.269567 0.339016 0.269567
0.347598 0.269567 0.347598 0.269567
0.356181 0.269567 0.356181 0.269567
0.364764 0.269567 0.364764 0.269567
0.373346 0.269567 0.373346 0.269567
0.381929 0.269567 0.381929 0.269567
0.390512 0.269567 0.390512 0.269567
0.399094 0.269567 0.399094 0.269567
0.407677 0.269567 0.407677 0.269567
0.416260 0.269567 0.416260 0.269567
0.424843 0.269567 0.424843 0.269567
0.433425 0.269567 0.433425 0.269567
0.442008 0.269567 0.442008 0.269567
0.450591 0.269567 0.450591 0.269567
0.459173 0.269567 0.459173 0.269567
0.467756 0.269567 0.467756 0.269567
0.476339 0.269567 0.476339 0.269567
0.484921 0.269567 0.484921 0.269567
0.493504 0.269567 0.493504 0.269567
0.502087 0.269567 0.502087 0.269567
0.510669 0.269567 0.510669 0.269567
0.519252 0.269567 0.519252 0.269567
0.527835 0.269567 0.527835 0.269567
0.536417 0.269567 0.536417 0.269567
0.545000 0.269567 0.545000 0.269567
-0.545000 0.282874 -0.545000 0.282874
-0.536417 0.282874 -0.536417 0.282874
-0.527835 0.282874 -0.527835 0.282874
-0.519252 0.282874 -0.519252 0.282874
-0.510669 0.282874 -0.510669 0.282874
-0.502087 0.282874 -0.502087 0.282874
-0.493504 0.282874 -0.493504 0.282874
-0.484921 0.282874 -0.484921 0.282874
-0.476339 0.282874 -0.476339 0.282874
-0.467756 0.282874 -0.467756 0.282874
-0.459173 0.282874 -0.459173 0.282874
-0.450591 0.282874 -0.450591 0.282874
-0.442008 0.282874 -0.442008 0.282874
-0.433425 0.282874 -0.433425 0.282874
-0.424843 0.282874 -0.424843 0.282874
-0.416260 0.282874 -0.416260 0.282874
-0.407677 0.282874 -0.407677 0.282874
-0.399094 0.282874 -0.399094 0.282874
-0.390512 0.282874 -0.390512 0.282874
-0.381929 0.282874 -0.381929 0.282874
-0.373346 0.282874 -0.373346 0.282874
-0.364764 0.282874 -0.364764 0.282874
-0.356181 0.282874 -0.356181 0.282874
-0.347598 0.282874 -0.347598 0.282874
-0.339016 0.282874 -0.339016 0.282874
-0.330433 0.282874 -0.330433 0.282874
-0.321850 0.282874 -0.321850 0.282874
-0.313268 0.282874 -0.313268 0.282874
-0.304685 0.282874 0.120487 0.633148
-0.287520 0.282874 -0.068794 0.188254
-0.278937 0.282874 0.324558 -0.069167
-0.270354 0.282874 0.323257 -0.063402
-0.261772 0.282874 -0.201834 0.073753
-0.244606 0.282874 0.169072 -0.181843
-0.236024 0.282874 0.872523 -0.593474
-0.227441 0.282874 0.884226 -0.594739
-0.218858 0.282874 0.625983 -0.209951
-0.210276 0.282874 0.634101 -0.209679
-0.201693 0.282874 0.642218 -0.209408
-0.193110 0.282874 0.650335 -0.209136
-0.184528 0.282874 0.409420 -0.214422
-0.175945 0.282874 0.418960 -0.214766
-0.167362 0.282874 0.428500 -0.215111
-0.158780 0.282874 0.438028 -0.215453
-0.150197 0.282874 0.447568 -0.215798
-0.141614 0.282874 0.457108 -0.216142
-0.133031 0.282874 0.466648 -0.216487
-0.124449 0.282874 0.476188 -0.216832
-0.115866 0.282874 0.226394 -0.045623
-0.107283 0.282874 0.235166 -0.045591
-0.098701 0.282874 0.243941 -0.045558
-0.090118 0.282874 0.085358 -0.099144
-0.081535 0.282874 0.093881 -0.099013
-0.072953 0.282874 0.102403 -0.098882
-0.064370 0.282874 0.110926 -0.098751
-0.055787 0.282874 0.119449 -0.098619
-0.047205 0.282874 0.127971 -0.098487
-0.038622 0.282874 0.136494 -0.098356
-0.030039 0.282874 -0.275403 -1.939370
-0.021457 0.282874 -0.255088 -1.887890
-0.012874 0.282874 -0.507689 -2.353237
-0.004291 0.282874 0.478796 -2.763210
0.004291 0.282874 -0.478799 -2.763210
0.012874 0.282874 0.507686 -2.353235
0.021457 0.282874 0.255094 -1.887883
0.030039 0.282874 0.275409 -1.939363
0.038622 0.282874 -0.136492 -0.098355
0.047205 0.282874 -0.127970 -0.098487
0.055787 0.282874 -0.119447 -0.098618
0.064370 0.282874 -0.110926 -0.098750
0.072953 0.282874 -0.102404 -0.098881
0.081535 0.282874 -0.093882 -0.099012
0.090118 0.282874 -0.085358 -0.099145
0.098701 0.282874 -0.243940 -0.045559
0.107283 0.282874 -0.235167 -0.045592
0.115866 0.282874 -0.226395 -0.045624
0.124449 0.282874 -0.476195 -0.216837
0.133031 0.282874 -0.466655 -0.216492
0.141614 0.282874 -0.457115 -0.216147
0.150197 0.282874 -0.447575 -0.215803
0.158780 0.282874 -0.438035 -0.215451
0.167362 0.282874 -0.428495 -0.215107
0.175945 0.282874 -0.418955 -0.214762
0.184528 0.282874 -0.409415 -0.214417
0.193110 0.282874 -0.650329 -0.209131
0.201693 0.282874 -0.642212 -0.209402
0.210276 0.282874 -0.634090 -0.209673
0.218858 0.282874 -0.625973 -0.209944
0.227441 0.282874 -0.884203 -0.594720
0.236024 0.282874 -0.872529 -0.593471
0.244606 0.282874 -0.169069 -0.181840
0.261772 0.282874 0.201836 0.073765
0.270354 0.282874 -0.323257 -0.063400
0.278937 0.282874 -0.324558 -0.069165
0.287520 0.282874 0.068861 0.188233
0.304685 0.282874 -0.120434 0.633111
0.313268 0.282874 0.313268 0.282874
0.321850 0.282874 0.321850 0.282874
0.330433 0.282874 0.330433 0.282874
0.339016 0.282874 0.339016 0.282874
0.347598 0.282874 0.347598 0.282874
0.356181 0.282874 0.356181 0.282874
0.364764 0.282874 0.364764 0.282874
0.373346 0.282874 0.373346 0.282874
0.381929 0.282874 0.381929 0.282874
0.390512 0.282874 0.390512 0.282874
0.399094 0.282874 0.399094 0.282874
0.407677 0.282874 0.407677 0.282874
0.416260 0.282874 0.416260 0.282874
0.424843 0.282874 0.424843 0.282874
0.433425 0.282874 0.433425 0.282874
0.442008 0.282874 0.442008 0.282874
0.450591 0.282874 0.450591 0.282874
0.459173 0.282874 0.459173 0.282874
0.467756 0.282874 0.467756 0.282874
0.476339 0.282874 0.476339 0.282874
0.484921 0.282874 0.484921 0.282874
0.493504 0.282874 0.493504 0.282874
0.502087 0.282874 0.502087 0.282874
0.510669 0.282874 0.510669 0.282874
0.519252 0.282874 0.519252 0.282874
0.527835 0.282874 0.527835 0.282874
0.536417 0.282874 0.536417 0.282874
0.545000 0.282874 0.545000 0.282874
-0.545000 0.296181 -0.545000 0.296181
-0.536417 0.296181 -0.536417 0.296181
-0.527835 0.296181 -0.527835 0.296181
-0.519252 0.296181 -0.519252 0.296181
-0.510669 0.296181 -0.510669 0.296181
-0.502087 0.296181 -0.502087 0.296181
-0.493504 0.296181 -0.493504 0.296181
-0.484921 0.296181 -0.484921 0.296181
-0.476339 0.296181 -0.476339 0.296181
-0.467756 0.296181 -0.467756 0.296181
-0.459173 0.296181 -0.459173 0.296181
-0.450591 0.296181 -0.450591 0.296181
-0.442008 0.296181 -0.442008 0.296181
-0.433425 0.296181 -0.433425 0.296181
-0.424843 0.296181 -0.424843 0.296181
-0.416260 0.296181 -0.416260 0.296181
-0.407677 0.296181 -0.407677 0.296181
-0.399094 0.296181 -0.399094 0.296181
-0.390512 0.296181 -0.390512 0.296181
-0.381929 0.296181 -0.381929 0.296181
-0.373346 0.296181 -0.373346 0.296181
-0.364764 0.296181 -0.364764 0.296181
-0.356181 0.296181 -0.356181 0.296181
-0.347598 0.296181 -0.347598 0.296181
-0.339016 0.296181 -0.339016 0.296181
-0.330433 0.296181 -0.330433 0.296181
-0.321850 0.296181 -0.321850 0.296181
-0.313268 0.296181 -0.313268 0.296181
-0.304685 0.296181 -0.304685 0.296181
-0.287520 0.296181 2.011266 -1.176672
-0.278937 0.296181 0.327928 -0.057826
-0.270354 0.296181 0.326627 -0.052060
-0.261772 0.296181 -0.190237 0.084316
-0.253189 0.296181 -0.201255 0.089856
-0.244606 0.296181 -0.212261 0.095384
-0.236024 0.296181 0.871151 -0.580504
-0.227441 0.296181 0.882854 -0.581769
-0.218858 0.296181 0.894534 -0.583022
-0.210276 0.296181 0.634522 -0.196618
-0.201693 0.296181 0.642639 -0.196346
-0.193110 0.296181 0.650756 -0.196075
-0.184528 0.296181 0.409173 -0.201557
-0.175945 0.296181 0.418713 -0.201901
-0.167362 0.296181 0.428253 -0.202246
-0.158780 0.296181 0.437781 -0.202588
-0.150197 0.296181 0.447322 -0.202932
-0.141614 0.296181 0.456861 -0.203277
-0.133031 0.296181 0.466401 -0.203622
-0.124449 0.296181 0.475941 -0.203967
-0.115866 0.296181 0.291013 -0.164565
-0.107283 0.296181 0.235362 -0.032851
-0.098701 0.296181 0.077040 -0.086412
-0.090118 0.296181 0.085562 -0.086280
-0.081535 0.296181 0.094084 -0.086149
-0.072953 0.296181 0.102608 -0.086017
-0.064370 0.296181 0.111130 -0.085886
-0.055787 0.296181 0.710320 -3.054846
-0.047205 0.296181 0.712924 -2.982581
-0.038622 0.296181 -0.218965 -3.092624
-0.030039 0.296181 -0.196450 -3.029859
-0.021457 0.296181 -0.002438 -0.079533
-0.012874 0.296181 0.006138 -0.079850
-0.004291 0.296181 0.014714 -0.080168
0.004291 0.296181 -0.014715 -0.080168
0.012874 0.296181 -0.006138 -0.079850
0.021457 0.296181 0.002439 -0.079532
0.030039 0.296181 0.196449 -3.029856
0.038622 0.296181 0.218965 -3.092621
0.047205 0.296181 -0.712904 -2.982556
0.055787 0.296181 -0.710299 -3.054821
0.064370 0.296181 -0.111130 -0.085886
0.072953 0.296181 -0.102608 -0.086017
0.081535 0.296181 -0.094085 -0.086148
0.090118 0.296181 -0.085563 -0.086280
0.098701 0.296181 -0.077039 -0.086412
0.107283 0.296181 -0.235363 -0.032852
0.115866 0.296181 -0.291019 -0.164569
0.124449 0.296181 -0.475944 -0.203964
0.133031 0.296181 -0.466405 -0.203620
0.141614 0.296181 -0.456865 -0.203275
0.150197 0.296181 -0.447325 -0.202930
0.158780 0.296181 -0.437787 -0.202587
0.167362 0.296181 -0.428248 -0.202242
0.175945 0.296181 -0.418708 -0.201897
0.184528 0.296181 -0.409168 -0.201552
0.193110 0.296181 -0.650750 -0.196069
0.201693 0.296181 -0.642633 -0.196341
0.210276 0.296181 -0.634511 -0.196611
0.218858 0.296181 -0.894511 -0.583003
0.227441 0.296181 -0.882837 -0.581754
0.236024 0.296181 -0.871158 -0.580501
0.244606 0.296181 0.212255 0.095393
0.253189 0.296181 0.201258 0.089865
0.261772 0.296181 0.190253 0.084327
0.270354 0.296181 -0.326627 -0.052059
0.278937 0.296181 -0.327927 -0.057826
0.287520 0.296181 -2.011265 -1.176674
0.304685 0.296181 0.304685 0.296181
0.313268 0.296181 0.313268 0.296181
0.321850 0.296181 0.321850 0.296181
0.330433 0.296181 0.330433 0.296181
0.339016 0.296181 0.339016 0.296181
0.347598 0.296181 0.347598 0.296181
0.356181 0.296181 0.356181 0.296181
0.364764 0.296181 0.364764 0.296181
0.373346 0.296181 0.373346 0.296181
0.381929 0.296181 0.381929 0.296181
0.390512 0.296181 0.390512 0.296181
0.399094 0.296181 0.399094 0.296181
0.407677 0.296181 0.407677 0.296181
0.416260 0.296181 0.416260 0.296181
0.424843 0.296181 0.424843 0.296181
0.433425 0.296181 0.433425 0.296181
0.442008 0.296181 0.442008 0.296181
0.450591 0.296181 0.450591 0.296181
0.459173 0.296181 0.459173 0.296181
0.467756 0.296181 0.467756 0.296181
0.476339 0.296181 0.476339 0.296181
0.484921 0.296181 0.484921 0.296181
0.493504 0.296181 0.493504 0.296181
0.502087 0.296181 0.502087 0.296181
0.510669 0.296181 0.510669 0.296181
0.519252 0.296181 0.519252 0.296181
0.527835 0.296181 0.527835 0.296181
0.536417 0.296181 0.536417 0.296181
0.545000 0.296181 0.545000 0.296181
-0.545000 0.309488 -0.545000 0.309488
-0.536417 0.309488 -0.536417 0.309488
-0.527835 0.309488 -0.527835 0.309488
-0.519252 0.309488 -0.519252 0.309488
-0.510669 0.309488 -0.510669 0.309488
-0.502087 0.309488 -0.502087 0.309488
-0.493504 0.309488 -0.493504 0.309488
-0.484921 0.309488 -0.484921 0.309488
-0.476339 0.309488 -0.476339 0.309488
-0.467756 0.309488 -0.467756 0.309488
-0.459173 0.309488 -0.459173 0.309488
-0.450591 0.309488 -0.450591 0.309488
-0.442008 0.309488 -0.442008 0.309488
-0.433425 0.309488 -0.433425 0.309488
-0.424843 0.309488 -0.424843 0.309488
-0.416260 0.309488 -0.416260 0.309488
-0.407677 0.309488 -0.407677 0.309488
-0.399094 0.309488 -0.399094 0.309488
-0.390512 0.309488 -0.390512 0.309488
-0.381929 0.309488 -0.381929 0.309488
-0.373346 0.309488 -0.373346 0.309488
-0.364764 0.309488 -0.364764 0.309488
-0.356181 0.309488 -0.356181 0.309488
-0.347598 0.309488 -0.347598 0.309488
-0.339016 0.309488 -0.339016 0.309488
-0.330433 0.309488 -0.330433 0.309488
-0.321850 0.309488 -0.321850 0.309488
-0.313268 0.309488 -0.313268 0.309488
-0.304685 0.309488 -0.304685 0.309488
-0.296102 0.309488 0.025290 1.469580
-0.287520 0.309488 0.326100 1.036804
-0.278937 0.309488 2.022987 -1.165272
-0.270354 0.309488 0.329996 -0.040719
-0.261772 0.309488 0.328695 -0.034953
-0.253189 0.309488 -0.189636 0.100412
-0.244606 0.309488 -0.200664 0.105947
-0.236024 0.309488 0.869780 -0.567534
-0.227441 0.309488 0.881459 -0.568787
-0.218858 0.309488 0.893162 -0.570052
-0.210276 0.309488 0.904842 -0.571306
-0.201693 0.309488 0.643060 -0.183285
-0.193110 0.309488 0.651177 -0.183013
-0.184528 0.309488 0.408926 -0.188692
-0.175945 0.309488 0.418466 -0.189036
-0.167362 0.309488 0.428005 -0.189381
-0.158780 0.309488 0.437546 -0.189725
-0.150197 0.309488 0.447075 -0.190067
-0.141614 0.309488 0.456614 -0.190412
-0.133031 0.309488 0.466154 -0.190757
-0.124449 0.309488 0.475694 -0.191102
-0.115866 0.309488 0.289984 -0.151420
-0.107283 0.309488 0.299899 -0.152412
-0.098701 0.309488 0.178840 -0.294727
-0.090118 0.309488 0.085765 -0.073416
-0.081535 0.309488 0.094289 -0.073284
-0.072953 0.309488 0.102811 -0.073153
-0.064370 0.309488 0.111333 -0.073022
-0.055787 0.309488 0.119856 -0.072891
-0.047205 0.309488 0.128378 -0.072759
-0.038622 0.309488 0.136901 -0.072628
-0.030039 0.309488 0.145423 -0.072497
-0.021457 0.309488 -0.002786 -0.066631
-0.012874 0.309488 0.005791 -0.066949
-0.004291 0.309488 0.014366 -0.067267
0.004291 0.309488 -0.014366 -0.067267
0.012874 0.309488 -0.005789 -0.066948
0.021457 0.309488 0.002787 -0.066630
0.030039 0.309488 -0.145421 -0.072496
0.038622 0.309488 -0.136899 -0.072627
0.047205 0.309488 -0.128377 -0.072759
0.055787 0.309488 -0.119856 -0.072891
0.064370 0.309488 -0.111333 -0.073022
0.072953 0.309488 -0.102811 -0.073153
0.081535 0.309488 -0.094289 -0.073284
0.090118 0.309488 -0.085766 -0.073416
0.098701 0.309488 -0.178840 -0.294724
0.107283 0.309488 -0.299902 -0.152410
0.115866 0.309488 -0.289987 -0.151418
0.124449 0.309488 -0.475697 -0.191100
0.133031 0.309488 -0.466157 -0.190755
0.141614 0.309488 -0.456618 -0.190410
0.150197 0.309488 -0.447080 -0.190066
0.158780 0.309488 -0.437540 -0.189722
0.167362 0.309488 -0.428001 -0.189377
0.175945 0.309488 -0.418461 -0.189032
0.184528 0.309488 -0.408921 -0.188687
0.193110 0.309488 -0.651171 -0.183008
0.201693 0.309488 -0.643054 -0.183279
0.210276 0.309488 -0.904818 -0.571286
0.218858 0.309488 -0.893139 -0.570033
0.227441 0.309488 -0.881465 -0.568784
0.236024 0.309488 -0.869786 -0.567531
0.244606 0.309488 0.200668 0.105957
0.253189 0.309488 0.189676 0.100427
0.261772 0.309488 -0.328696 -0.034952
0.270354 0.309488 -0.329996 -0.040719
0.278937 0.309488 -2.022985 -1.165274
0.287520 0.309488 -0.326091 1.036790
0.296102 0.309488 -0.025297 1.469583
0.304685 0.309488 0.304685 0.309488
0.313268 0.309488 0.313268 0.309488
0.321850 0.309488 0.321850 0.309488
0.330433 0.309488 0.330433 0.309488
0.339016 0.309488 0.339016 0.309488
0.347598 0.309488 0.347598 0.309488
0.356181 0.309488 0.356181 0.309488
0.364764 0.309488 0.364764 0.309488
0.373346 0.309488 0.373346 0.309488
0.381929 0.309488 0.381929 0.309488
0.390512 0.309488 0.390512 0.309488
0.399094 0.309488 0.399094 0.309488
0.407677 0.309488 0.407677 0.309488
0.416260 0.309488 0.416260 0.309488
0.424843 0.309488 0.424843 0.309488
0.433425 0.309488 0.433425 0.309488
0.442008 0.309488 0.442008 0.309488
0.450591 0.309488 0.450591 0.309488
0.459173 0.309488 0.459173 0.309488
0.467756 0.309488 0.467756 0.309488
0.476339 0.309488 0.476339 0.309488
0.484921 0.309488 0.484921 0.309488
0.493504 0.309488 0.493504 0.309488
0.502087 0.309488 0.502087 0.309488
0.510669 0.309488 0.510669 0.309488
0.519252 0.309488 0.519252 0.309488
0.527835 0.309488 0.527835 0.309488
0.536417 0.309488 0.536417 0.309488
0.545000 0.309488 0.545000 0.309488
-0.545000 0.322795 -0.545000 0.322795
-0.536417 0.322795 -0.536417 0.322795
-0.527835 0.322795 -0.527835 0.322795
-0.519252 0.322795 -0.519252 0.322795
-0.510669 0.322795 -0.510669 0.322795
-0.502087 0.322795 -0.502087 0.322795
-0.493504 0.322795 -0.493504 0.322795
-0.484921 0.322795 -0.484921 0.322795
-0.476339 0.322795 -0.476339 0.322795
-0.467756 0.322795 -0.467756 0.322795
-0.459173 0.322795 -0.459173 0.322795
-0.450591 0.322795 -0.450591 0.322795
-0.442008 0.322795 -0.442008 0.322795
-0.433425 0.322795 -0.433425 0.322795
-0.424843 0.322795 -0.424843 0.322795
-0.416260 0.322795 -0.416260 0.322795
-0.407677 0.322795 -0.407677 0.322795
-0.399094 0.322795 -0.399094 0.322795
-0.390512 0.322795 -0.390512 0.322795
-0.381929 0.322795 -0.381929 0.322795
-0.373346 0.322795 -0.373346 0.322795
-0.364764 0.322795 -0.364764 0.322795
-0.356181 0.322795 -0.356181 0.322795
-0.347598 0.322795 -0.347598 0.322795
-0.339016 0.322795 -0.339016 0.322795
-0.330433 0.322795 -0.330433 0.322795
-0.321850 0.322795 -0.321850 0.322795
-0.313268 0.322795 -0.313268 0.322795
-0.304685 0.322795 -0.304685 0.322795
-0.296102 0.322795 -0.296102 0.322795
-0.278937 0.322795 0.324168 1.056149
-0.270354 0.322795 2.034707 -1.153872
-0.261772 0.322795 0.332065 -0.023612
-0.253189 0.322795 0.330764 -0.017847
-0.244606 0.322795 -0.189062 0.116512
-0.236024 0.322795 0.868408 -0.554564
-0.227441 0.322795 0.880087 -0.555817
-0.218858 0.322795 0.891790 -0.557082
-0.210276 0.322795 0.903470 -0.558335
-0.201693 0.322795 0.915152 -0.559588
-0.193110 0.322795 0.651598 -0.169952
-0.184528 0.322795 0.408679 -0.175827
-0.175945 0.322795 0.418219 -0.176172
-0.167362 0.322795 0.427760 -0.176516
-0.158780 0.322795 0.437299 -0.176860
-0.150197 0.322795 0.446828 -0.177202
-0.141614 0.322795 0.456367 -0.177547
-0.133031 0.322795 0.465907 -0.177892
-0.124449 0.322795 0.475447 -0.178237
-0.115866 0.322795 0.288955 -0.138276
-0.107283 0.322795 0.170197 -0.281295
-0.098701 0.322795 0.178793 -0.281323
-0.090118 0.322795 0.187392 -0.281354
-0.081535 0.322795 0.195988 -0.281382
-0.072953 0.322795 0.204584 -0.281409
-0.064370 0.322795 0.111537 -0.060158
-0.055787 0.322795 0.120059 -0.060027
-0.047205 0.322795 0.128582 -0.059895
-0.038622 0.322795 0.137104 -0.059764
-0.030039 0.322795 0.145627 -0.059633
-0.021457 0.322795 -0.003134 -0.053729
-0.012874 0.322795 0.005442 -0.054047
-0.004291 0.322795 0.014018 -0.054365
0.004291 0.322795 -0.014018 -0.054365
0.012874 0.322795 -0.005441 -0.054047
0.021457 0.322795 0.003136 -0.053728
0.030039 0.322795 -0.145625 -0.059632
0.038622 0.322795 -0.137103 -0.059763
0.047205 0.322795 -0.128582 -0.059895
0.055787 0.322795 -0.120059 -0.060027
0.064370 0.322795 -0.111537 -0.060158
0.072953 0.322795 -0.204581 -0.281405
0.081535 0.322795 -0.195986 -0.281377
0.090118 0.322795 -0.187392 -0.281350
0.098701 0.322795 -0.178797 -0.281322
0.107283 0.322795 -0.170201 -0.281294
0.115866 0.322795 -0.288958 -0.138273
0.124449 0.322795 -0.475450 -0.178235
0.133031 0.322795 -0.465910 -0.177890
0.141614 0.322795 -0.456373 -0.177546
0.150197 0.322795 -0.446833 -0.177201
0.158780 0.322795 -0.437293 -0.176857
0.167362 0.322795 -0.427754 -0.176512
0.175945 0.322795 -0.418214 -0.176167
0.184528 0.322795 -0.408674 -0.175822
0.193110 0.322795 -0.651592 -0.169946
0.201693 0.322795 -0.915126 -0.559569
0.210276 0.322795 -0.903447 -0.558316
0.218858 0.322795 -0.891773 -0.557067
0.227441 0.322795 -0.880094 -0.555814
0.236024 0.322795 -0.868414 -0.554561
0.244606 0.322795 0.189085 0.116519
0.253189 0.322795 -0.330764 -0.017846
0.261772 0.322795 -0.332065 -0.023612
0.270354 0.322795 -2.034705 -1.153874
0.278937 0.322795 -0.324176 1.056138
0.296102 0.322795 0.296102 0.322795
0.304685 0.322795 0.304685 0.322795
0.313268 0.322795 0.313268 0.322795
0.321850 0.322795 0.321850 0.322795
0.330433 0.322795 0.330433 0.322795
0.339016 0.322795 0.339016 0.322795
0.347598 0.322795 0.347598 0.322795
0.356181 0.322795 0.356181 0.322795
0.364764 0.322795 0.364764 0.322795
0.373346 0.322795 0.373346 0.322795
0.381929 0.322795 0.381929 0.322795
0.390512 0.322795 0.390512 0.322795
0.399094 0.322795 0.399094 0.322795
0.407677 0.322795 0.407677 0.322795
0.416260 0.322795 0.416260 0.322795
0.424843 0.322795 0.424843 0.322795
0.433425 0.322795 0.433425 0.322795
0.442008 0.322795 0.442008 0.322795
0.450591 0.322795 0.450591 0.322795
0.459173 0.322795 0.459173 0.322795
0.467756 0.322795 0.467756 0.322795
0.476339 0.322795 0.476339 0.322795
0.484921 0.322795 0.484921 0.322795
0.493504 0.322795 0.493504 0.322795
0.502087 0.322795 0.502087 0.322795
0.510669 0.322795 0.510669 0.322795
0.519252 0.322795 0.519252 0.322795
0.527835 0.322795 0.527835 0.322795
0.536417 0.322795 0.536417 0.322795
0.545000 0.322795 0.545000 0.322795
-0.545000 0.336102 -0.545000 0.336102
-0.536417 0.336102 -0.536417 0.336102
-0.527835 0.336102 -0.527835 0.336102
-0.519252 0.336102 -0.519252 0.336102
-0.510669 0.336102 -0.510669 0.336102
-0.502087 0.336102 -0.502087 0.336102
-0.493504 0.336102 -0.493504 0.336102
-0.484921 0.336102 -0.484921 0.336102
-0.476339 0.336102 -0.476339 0.336102
-0.467756 0.336102 -0.467756 0.336102
-0.459173 0.336102 -0.459173 0.336102
-0.450591 0.336102 -0.450591 0.336102
-0.442008 0.336102 -0.442008 0.336102
-0.433425 0.336102 -0.433425 0.336102
-0.424843 0.336102 -0.424843 0.336102
-0.416260 0.336102 -0.416260 0.336102
-0.407677 0.336102 -0.407677 0.336102
-0.399094 0.336102 -0.399094 0.336102
-0.390512 0.336102 -0.390512 0.336102
-0.381929 0.336102 -0.381929 0.336102
-0.373346 0.336102 -0.373346 0.336102
-0.364764 0.336102 -0.364764 0.336102
-0.356181 0.336102 -0.356181 0.336102
-0.347598 0.336102 -0.347598 0.336102
-0.339016 0.336102 -0.339016 0.336102
-0.330433 0.336102 -0.330433 0.336102
-0.321850 0.336102 -0.321850 0.336102
-0.313268 0.336102 -0.313268 0.336102
-0.304685 0.336102 -0.304685 0.336102
-0.296102 0.336102 -0.296102 0.336102
-0.287520 0.336102 -0.287520 0.336102
-0.278937 0.336102 -1.947081 0.186588
-0.270354 0.336102 0.322222 1.075482
-0.261772 0.336102 1.549721 -0.883175
-0.253189 0.336102 0.334134 -0.006505
-0.244606 0.336102 0.332833 -0.000740
-0.236024 0.336102 0.867036 -0.541594
-0.227441 0.336102 0.878716 -0.542847
-0.218858 0.336102 0.890395 -0.544100
-0.210276 0.336102 0.902100 -0.545365
-0.201693 0.336102 0.913780 -0.546618
-0.193110 0.336102 0.925459 -0.547871
-0.184528 0.336102 0.408432 -0.162962
-0.175945 0.336102 0.417973 -0.163306
-0.167362 0.336102 0.427512 -0.163651
-0.158780 0.336102 0.437052 -0.163995
-0.150197 0.336102 0.446580 -0.164337
-0.141614 0.336102 0.456120 -0.164682
-0.133031 0.336102 0.465660 -0.165027
-0.124449 0.336102 0.475200 -0.165372
-0.115866 0.336102 0.287925 -0.125131
-0.107283 0.336102 0.170154 -0.267893
-0.098701 0.336102 0.178749 -0.267921
-0.090118 0.336102 0.187346 -0.267948
-0.081535 0.336102 0.195945 -0.267979
-0.072953 0.336102 0.204541 -0.268007
-0.064370 0.336102 0.213137 -0.268035
-0.055787 0.336102 0.221732 -0.268063
-0.047205 0.336102 0.230328 -0.268091
-0.038622 0.336102 0.062795 -0.251631
-0.030039 0.336102 0.145830 -0.046769
-0.021457 0.336102 -0.003483 -0.040827
-0.012874 0.336102 0.005094 -0.041145
-0.004291 0.336102 0.013668 -0.041463
0.004291 0.336102 -0.013670 -0.041463
0.012874 0.336102 -0.005093 -0.041145
0.021457 0.336102 0.003484 -0.040827
0.030039 0.336102 -0.145829 -0.046768
0.038622 0.336102 -0.062793 -0.251628
0.047205 0.336102 -0.230325 -0.268088
0.055787 0.336102 -0.221729 -0.268059
0.064370 0.336102 -0.213134 -0.268031
0.072953 0.336102 -0.204538 -0.268003
0.081535 0.336102 -0.195944 -0.267976
0.090118 0.336102 -0.187349 -0.267948
0.098701 0.336102 -0.178753 -0.267920
0.107283 0.336102 -0.170157 -0.267892
0.115866 0.336102 -0.287929 -0.125129
0.124449 0.336102 -0.475203 -0.165370
0.133031 0.336102 -0.465663 -0.165025
0.141614 0.336102 -0.456126 -0.164681
0.150197 0.336102 -0.446586 -0.164337
0.158780 0.336102 -0.437046 -0.163992
0.167362 0.336102 -0.427507 -0.163647
0.175945 0.336102 -0.417967 -0.163302
0.184528 0.336102 -0.408427 -0.162957
0.193110 0.336102 -0.925434 -0.547852
0.201693 0.336102 -0.913754 -0.546599
0.210276 0.336102 -0.902081 -0.545350
0.218858 0.336102 -0.890401 -0.544097
0.227441 0.336102 -0.878722 -0.542844
0.236024 0.336102 -0.867058 -0.541609
0.244606 0.336102 -0.332833 -0.000738
0.253189 0.336102 -0.334134 -0.006505
0.261772 0.336102 -1.549735 -0.883185
0.270354 0.336102 -0.322244 1.075483
0.278937 0.336102 1.947013 0.186605
0.287520 0.336102 0.287520 0.336102
0.296102 0.336102 0.296102 0.336102
0.304685 0.336102 0.304685 0.336102
0.313268 0.336102 0.313268 0.336102
0.321850 0.336102 0.321850 0.336102
0.330433 0.336102 0.330433 0.336102
0.339016 0.336102 0.339016 0.336102
0.347598 0.336102 0.347598 0.336102
0.356181 0.336102 0.356181 0.336102
0.364764 0.336102 0.364764 0.336102
0.373346 0.336102 0.373346 0.336102
0.381929 0.336102 0.381929 0.336102
0.390512 0.336102 0.390512 0.336102
0.399094 0.336102 0.399094 0.336102
0.407677 0.336102 0.407677 0.336102
0.416260 0.336102 0.416260 0.336102
0.424843 0.336102 0.424843 0.336102
0.433425 0.336102 0.433425 0.336102
0.442008 0.336102 0.442008 0.336102
0.450591 0.336102 0.450591 0.336102
0.459173 0.336102 0.459173 0.336102
0.467756 0.336102 0.467756 0.336102
0.476339 0.336102 0.476339 0.336102
0.484921 0.336102 0.484921 0.336102
0.493504 0.336102 0.493504 0.336102
0.502087 0.336102 0.502087 0.336102
0.510669 0.336102 0.510669 0.336102
0.519252 0.336102 0.519252 0.336102
0.527835 0.336102 0.527835 0.336102
0.536417 0.336102 0.536417 0.336102
0.545000 0.336102 0.545000 0.336102
-0.545000 0.349409 -0.545000 0.349409
-0.536417 0.349409 -0.536417 0.349409
-0.527835 0.349409 -0.527835 0.349409
-0.519252 0.349409 -0.519252 0.349409
-0.510669 0.349409 -0.510669 0.349409
-0.502087 0.349409 -0.502087 0.349409
-0.493504 0.349409 -0.493504 0.349409
-0.484921 0.349409 -0.484921 0.349409
-0.476339 0.349409 -0.476339 0.349409
-0.467756 0.349409 -0.467756 0.349409
-0.459173 0.349409 -0.459173 0.349409
-0.450591 0.349409 -0.450591 0.349409
-0.442008 0.349409 -0.442008 0.349409
-0.433425 0.349409 -0.433425 0.349409
-0.424843 0.349409 -0.424843 0.349409
-0.416260 0.349409 -0.416260 0.349409
-0.407677 0.349409 -0.407677 0.349409
-0.399094 0.349409 -0.399094 0.349409
-0.390512 0.349409 -0.390512 0.349409
-0.381929 0.349409 -0.381929 0.349409
-0.373346 0.349409 -0.373346 0.349409
-0.364764 0.349409 -0.364764 0.349409
-0.356181 0.349409 -0.356181 0.349409
-0.347598 0.349409 -0.347598 0.349409
-0.339016 0.349409 -0.339016 0.349409
-0.330433 0.349409 -0.330433 0.349409
-0.321850 0.349409 -0.321850 0.349409
-0.313268 0.349409 -0.313268 0.349409
-0.304685 0.349409 -0.304685 0.349409
-0.296102 0.349409 -0.296102 0.349409
-0.287520 0.349409 -0.287520 0.349409
-0.278937 0.349409 -0.278937 0.349409
-0.270354 0.349409 -0.089732 -0.389260
-0.261772 0.349409 11.191514 8.987679
-0.253189 0.349409 1.652181 -1.455571
-0.244606 0.349409 3.362676 3.050646
-0.236024 0.349409 0.865665 -0.528624
-0.227441 0.349409 0.877344 -0.529877
-0.218858 0.349409 0.889025 -0.531129
-0.210276 0.349409 0.900729 -0.532394
-0.201693 0.349409 0.912408 -0.533648
-0.193110 0.349409 0.924088 -0.534901
-0.184528 0.349409 0.935767 -0.536154
-0.175945 0.349409 0.417726 -0.150441
-0.167362 0.349409 0.427265 -0.150786
-0.158780 0.349409 0.436805 -0.151130
-0.150197 0.349409 0.446333 -0.151473
-0.141614 0.349409 0.455873 -0.151817
-0.133031 0.349409 0.465413 -0.152162
-0.124449 0.349409 0.474953 -0.152507
-0.115866 0.349409 0.161515 -0.254463
-0.107283 0.349409 0.170110 -0.254491
-0.098701 0.349409 0.178707 -0.254518
-0.090118 0.349409 0.187302 -0.254546
-0.081535 0.349409 0.195898 -0.254574
-0.072953 0.349409 0.204497 -0.254605
-0.064370 0.349409 0.213093 -0.254633
-0.055787 0.349409 0.221689 -0.254661
-0.047205 0.349409 0.230284 -0.254689
-0.038622 0.349409 0.062058 -0.238094
-0.030039 0.349409 0.070783 -0.238755
-0.021457 0.349409 0.079509 -0.239416
-0.012874 0.349409 0.088234 -0.240078
-0.004291 0.349409 0.013321 -0.028562
0.004291 0.349409 -0.013321 -0.028561
0.012874 0.349409 -0.088233 -0.240074
0.021457 0.349409 -0.079507 -0.239413
0.030039 0.349409 -0.070781 -0.238752
0.038622 0.349409 -0.062055 -0.238091
0.047205 0.349409 -0.230281 -0.254686
0.055787 0.349409 -0.221686 -0.254658
0.064370 0.349409 -0.213090 -0.254630
0.072953 0.349409 -0.204496 -0.254602
0.081535 0.349409 -0.195901 -0.254574
0.090118 0.349409 -0.187305 -0.254546
0.098701 0.349409 -0.178710 -0.254518
0.107283 0.349409 -0.170114 -0.254490
0.115866 0.349409 -0.161518 -0.254462
0.124449 0.349409 -0.474956 -0.152505
0.133031 0.349409 -0.465419 -0.152161
0.141614 0.349409 -0.455879 -0.151816
0.150197 0.349409 -0.446339 -0.151472
0.158780 0.349409 -0.436799 -0.151127
0.167362 0.349409 -0.427260 -0.150782
0.175945 0.349409 -0.417720 -0.150437
0.184528 0.349409 -0.935742 -0.536135
0.193110 0.349409 -0.924062 -0.534882
0.201693 0.349409 -0.912389 -0.533633
0.210276 0.349409 -0.900709 -0.532380
0.218858 0.349409 -0.889045 -0.531145
0.227441 0.349409 -0.877365 -0.529892
0.236024 0.349409 -0.865686 -0.528638
0.244606 0.349409 -3.362584 3.050560
0.253189 0.349409 -1.652204 -1.455599
0.261772 0.349409 -11.193396 8.988982
0.270354 0.349409 0.089732 -0.389259
0.278937 0.349409 0.278937 0.349409
0.287520 0.349409 0.287520 0.349409
0.296102 0.349409 0.296102 0.349409
0.304685 0.349409 0.304685 0.349409
0.313268 0.349409 0.313268 0.349409
0.321850 0.349409 0.321850 0.349409
0.330433 0.349409 0.330433 0.349409
0.339016 0.349409 0.339016 0.349409
0.347598 0.349409 0.347598 0.349409
0.356181 0.349409 0.356181 0.349409
0.364764 0.349409 0.364764 0.349409
0.373346 0.349409 0.373346 0.349409
0.381929 0.349409 0.381929 0.349409
0.390512 0.349409 0.390512 0.349409
0.399094 0.349409 0.399094 0.349409
0.407677 0.349409 0.407677 0.349409
0.416260 0.349409 0.416260 0.349409
0.424843 0.349409 0.424843 0.349409
0.433425 0.349409 0.433425 0.349409
0.442008 0.349409 0.442008 0.349409
0.450591 0.349409 0.450591 0.349409
0.459173 0.349409 0.459173 0.349409
0.467756 0.349409 0.467756 0.349409
0.476339 0.349409 0.476339 0.349409
0.484921 0.349409 0.484921 0.349409
0.493504 0.349409 0.493504 0.349409
0.502087 0.349409 0.502087 0.349409
0.510669 0.349409 0.510669 0.349409
0.519252 0.349409 0.519252 0.349409
0.527835 0.349409 0.527835 0.349409
0.536417 0.349409 0.536417 0.349409
0.545000 0.349409 0.545000 0.349409
-0.545000 0.362717 -0.545000 0.362717
-0.536417 0.362717 -0.536417 0.362717
-0.527835 0.362717 -0.527835 0.362717
-0.519252 0.362717 -0.519252 0.362717
-0.510669 0.362717 -0.510669 0.362717
-0.502087 0.362717 -0.502087 0.362717
-0.493504 0.362717 -0.493504 0.362717
-0.484921 0.362717 -0.484921 0.362717
-0.476339 0.362717 -0.476339 0.362717
-0.467756 0.362717 -0.467756 0.362717
-0.459173 0.362717 -0.459173 0.362717
-0.450591 0.362717 -0.450591 0.362717
-0.442008 0.362717 -0.442008 0.362717
-0.433425 0.362717 -0.433425 0.362717
-0.424843 0.362717 -0.424843 0.362717
-0.416260 0.362717 -0.416260 0.362717
-0.407677 0.362717 -0.407677 0.362717
-0.399094 0.362717 -0.399094 0.362717
-0.390512 0.362717 -0.390512 0.362717
-0.381929 0.362717 -0.381929 0.362717
-0.373346 0.362717 -0.373346 0.362717
-0.364764 0.362717 -0.364764 0.362717
-0.356181 0.362717 -0.356181 0.362717
-0.347598 0.362717 -0.347598 0.362717
-0.339016 0.362717 -0.339016 0.362717
-0.330433 0.362717 -0.330433 0.362717
-0.321850 0.362717 -0.321850 0.362717
-0.313268 0.362717 -0.313268 0.362717
-0.304685 0.362717 -0.304685 0.362717
-0.296102 0.362717 -0.296102 0.362717
-0.287520 0.362717 -0.287520 0.362717
-0.278937 0.362717 -0.278937 0.362717
-0.270354 0.362717 -0.270354 0.362717
-0.261772 0.362717 -0.095655 -0.375625
-0.253189 0.362717 11.206477 9.019980
-0.244606 0.362717 1.667119 -1.449025
-0.236024 0.362717 0.864293 -0.515654
-0.227441 0.362717 0.875972 -0.516907
-0.218858 0.362717 0.887654 -0.518159
-0.210276 0.362717 0.899333 -0.519412
-0.201693 0.362717 0.911036 -0.520677
-0.193110 0.362717 0.922716 -0.521931
-0.184528 0.362717 0.934395 -0.523184
-0.175945 0.362717 0.584075 -0.360995
-0.167362 0.362717 0.427018 -0.137921
-0.158780 0.362717 0.436558 -0.138265
-0.150197 0.362717 0.446086 -0.138608
-0.141614 0.362717 0.455626 -0.138952
-0.133031 0.362717 0.465166 -0.139297
-0.124449 0.362717 0.474706 -0.139642
-0.115866 0.362717 0.161471 -0.241061
-0.107283 0.362717 0.170068 -0.241088
-0.098701 0.362717 0.178663 -0.241116
-0.090118 0.362717 0.187259 -0.241145
-0.081535 0.362717 0.972525 -0.943389
-0.072953 0.362717 0.204450 -0.241201
-0.064370 0.362717 0.213049 -0.241231
-0.055787 0.362717 0.221645 -0.241259
-0.047205 0.362717 0.230241 -0.241287
-0.038622 0.362717 0.061320 -0.224558
-0.030039 0.362717 0.070046 -0.225219
-0.021457 0.362717 0.078772 -0.225880
-0.012874 0.362717 0.087496 -0.226541
-0.004291 0.362717 0.096222 -0.227202
0.004291 0.362717 -0.096220 -0.227202
0.012874 0.362717 -0.087494 -0.226541
0.021457 0.362717 -0.078769 -0.225877
0.030039 0.362717 -0.070043 -0.225216
0.038622 0.362717 -0.061317 -0.224555
0.047205 0.362717 -0.230238 -0.241284
0.055787 0.362717 -0.221642 -0.241256
0.064370 0.362717 -0.213046 -0.241228
0.072953 0.362717 -0.204453 -0.241201
0.081535 0.362717 -0.972520 -0.943387
0.090118 0.362717 -0.187262 -0.241144
0.098701 0.362717 -0.178666 -0.241116
0.107283 0.362717 -0.170070 -0.241088
0.115866 0.362717 -0.161475 -0.241060
0.124449 0.362717 -0.474709 -0.139640
0.133031 0.362717 -0.465171 -0.139296
0.141614 0.362717 -0.455632 -0.138951
0.150197 0.362717 -0.446092 -0.138607
0.158780 0.362717 -0.436552 -0.138262
0.167362 0.362717 -0.427012 -0.137917
0.175945 0.362717 -0.584061 -0.360985
0.184528 0.362717 -0.934370 -0.523165
0.193110 0.362717 -0.922690 -0.521912
0.201693 0.362717 -0.911017 -0.520663
0.210276 0.362717 -0.899352 -0.519428
0.218858 0.362717 -0.887673 -0.518175
0.227441 0.362717 -0.875994 -0.516922
0.236024 0.362717 -0.864314 -0.515668
0.244606 0.362717 -1.667143 -1.449054
0.253189 0.362717 -11.209376 9.021978
0.261772 0.362717 0.095655 -0.375623
0.270354 0.362717 0.270354 0.362717
0.278937 0.362717 0.278937 0.362717
0.287520 0.362717 0.287520 0.362717
0.296102 0.362717 0.296102 0.362717
0.304685 0.362717 0.304685 0.362717
0.313268 0.362717 0.313268 0.362717
0.321850 0.362717 0.321850 0.362717
0.330433 0.362717 0.330433 0.362717
0.339016 0.362717 0.339016 0.362717
0.347598 0.362717 0.347598 0.362717
0.356181 0.362717 0.356181 0.362717
0.364764 0.362717 0.364764 0.362717
0.373346 0.362717 0.373346 0.362717
0.381929 0.362717 0.381929 0.362717
0.390512 0.362717 0.390512 0.362717
0.399094 0.362717 0.399094 0.362717
0.407677 0.362717 0.407677 0.362717
0.416260 0.362717 0.416260 0.362717
0.424843 0.362717 0.424843 0.362717
0.433425 0.362717 0.433425 0.362717
0.442008 0.362717 0.442008 0.362717
0.450591 0.362717 0.450591 0.362717
0.459173 0.362717 0.459173 0.362717
0.467756 0.362717 0.467756 0.362717
0.476339 0.362717 0.476339 0.362717
0.484921 0.362717 0.484921 0.362717
0.493504 0.362717 0.493504 0.362717
0.502087 0.362717 0.502087 0.362717
0.510669 0.362717 0.510669 0.362717
0.519252 0.362717 0.519252 0.362717
0.527835 0.362717 0.527835 0.362717
0.536417 0.362717 0.536417 0.362717
0.545000 0.362717 0.545000 0.362717
-0.545000 0.376024 -0.545000 0.376024
-0.536417 0.376024 -0.536417 0.376024
-0.527835 0.376024 -0.527835 0.376024
-0.519252 0.376024 -0.519252 0.376024
-0.510669 0.376024 -0.510669 0.376024
-0.502087 0.376024 -0.502087 0.376024
-0.493504 0.376024 -0.493504 0.376024
-0.484921 0.376024 -0.484921 0.376024
-0.476339 0.376024 -0.476339 0.376024
-0.467756 0.376024 -0.467756 0.376024
-0.459173 0.376024 -0.459173 0.376024
-0.450591 0.376024 -0.450591 0.376024
-0.442008 0.376024 -0.442008 0.376024
-0.433425 0.376024 -0.433425 0.376024
-0.424843 0.376024 -0.424843 0.376024
-0.416260 0.376024 -0.416260 0.376024
-0.407677 0.376024 -0.407677 0.376024
-0.399094 0.376024 -0.399094 0.376024
-0.390512 0.376024 -0.390512 0.376024
-0.381929 0.376024 -0.381929 0.376024
-0.373346 0.376024 -0.373346 0.376024
-0.364764 0.376024 -0.364764 0.376024
-0.356181 0.376024 -0.356181 0.376024
-0.347598 0.376024 -0.347598 0.376024
-0.339016 0.376024 -0.339016 0.376024
-0.330433 0.376024 -0.330433 0.376024
-0.321850 0.376024 -0.321850 0.376024
-0.313268 0.376024 -0.313268 0.376024
-0.304685 0.376024 -0.304685 0.376024
-0.296102 0.376024 -0.296102 0.376024
-0.287520 0.376024 -0.287520 0.376024
-0.278937 0.376024 -0.278937 0.376024
-0.270354 0.376024 -0.270354 0.376024
-0.261772 0.376024 -0.261772 0.376024
-0.253189 0.376024 -0.101579 -0.361988
-0.244606 0.376024 11.223286 9.053469
-0.236024 0.376024 1.682058 -1.442479
-0.227441 0.376024 0.874603 -0.503936
-0.218858 0.376024 0.886282 -0.505189
-0.210276 0.376024 0.897961 -0.506442
-0.201693 0.376024 0.909665 -0.507707
-0.193110 0.376024 0.921344 -0.508961
-0.184528 0.376024 0.933024 -0.510214
-0.175945 0.376024 0.580710 -0.346705
-0.167362 0.376024 0.426771 -0.125056
-0.158780 0.376024 0.436311 -0.125401
-0.150197 0.376024 0.445851 -0.125745
-0.141614 0.376024 0.455379 -0.126087
-0.133031 0.376024 0.464919 -0.126432
-0.124449 0.376024 0.152833 -0.227630
-0.115866 0.376024 0.161429 -0.227659
-0.107283 0.376024 0.170024 -0.227687
-0.098701 0.376024 0.178620 -0.227715
-0.090118 0.376024 1.337798 -0.976670
-0.081535 0.376024 0.943730 -0.905131
-0.072953 0.376024 0.987088 -0.939750
-0.064370 0.376024 0.213002 -0.227827
-0.055787 0.376024 0.221602 -0.227857
-0.047205 0.376024 0.230197 -0.227886
-0.038622 0.376024 0.060582 -0.211021
-0.030039 0.376024 0.069308 -0.211682
-0.021457 0.376024 0.078033 -0.212344
-0.012874 0.376024 0.086758 -0.213005
-0.004291 0.376024 0.095484 -0.213666
0.004291 0.376024 -0.095482 -0.213665
0.012874 0.376024 -0.086756 -0.213004
0.021457 0.376024 -0.078030 -0.212343
0.030039 0.376024 -0.069304 -0.211682
0.038622 0.376024 -0.060578 -0.211022
0.047205 0.376024 -0.230193 -0.227885
0.055787 0.376024 -0.221599 -0.227854
0.064370 0.376024 -0.213005 -0.227827
0.072953 0.376024 -0.987090 -0.939746
0.081535 0.376024 -0.943725 -0.905129
0.090118 0.376024 -1.337800 -0.976671
0.098701 0.376024 -0.178622 -0.227715
0.107283 0.376024 -0.170027 -0.227686
0.115866 0.376024 -0.161431 -0.227658
0.124449 0.376024 -0.152836 -0.227630
0.133031 0.376024 -0.464924 -0.126431
0.141614 0.376024 -0.455385 -0.126087
0.150197 0.376024 -0.445845 -0.125742
0.158780 0.376024 -0.436305 -0.125397
0.167362 0.376024 -0.426765 -0.125052
0.175945 0.376024 -0.580697 -0.346695
0.184528 0.376024 -0.932998 -0.510195
0.193110 0.376024 -0.921340 -0.508964
0.201693 0.376024 -0.909660 -0.507711
0.210276 0.376024 -0.897981 -0.506458
0.218858 0.376024 -0.886301 -0.505205
0.227441 0.376024 -0.874622 -0.503951
0.236024 0.376024 -1.682066 -1.442489
0.244606 0.376024 -11.225356 9.054974
0.253189 0.376024 0.101577 -0.361988
0.261772 0.376024 0.261772 0.376024
0.270354 0.376024 0.270354 0.376024
0.278937 0.376024 0.278937 0.376024
0.287520 0.376024 0.287520 0.376024
0.296102 0.376024 0.296102 0.376024
0.304685 0.376024 0.304685 0.376024
0.313268 0.376024 0.313268 0.376024
0.321850 0.376024 0.321850 0.376024
0.330433 0.376024 0.330433 0.376024
0.339016 0.376024 0.339016 0.376024
0.347598 0.376024 0.347598 0.376024
0.356181 0.376024 0.356181 0.376024
0.364764 0.376024 0.364764 0.376024
0.373346 0.376024 0.373346 0.376024
0.381929 0.376024 0.381929 0.376024
0.390512 0.376024 0.390512 0.376024
0.399094 0.376024 0.399094 0.376024
0.407677 0.376024 0.407677 0.376024
0.416260 0.376024 0.416260 0.376024
0.424843 0.376024 0.424843 0.376024
0.433425 0.376024 0.433425 0.376024
0.442008 0.376024 0.442008 0.376024
0.450591 0.376024 0.450591 0.376024
0.459173 0.376024 0.459173 0.376024
0.467756 0.376024 0.467756 0.376024
0.476339 0.376024 0.476339 0.376024
0.484921 0.376024 0.484921 0.376024
0.493504 0.376024 0.493504 0.376024
0.502087 0.376024 0.502087 0.376024
0.510669 0.376024 0.510669 0.376024
0.519252 0.376024 0.519252 0.376024
0.527835 0.376024 0.527835 0.376024
0.536417 0.376024 0.536417 0.376024
0.545000 0.376024 0.545000 0.376024
-0.545000 0.389331 -0.545000 0.389331
-0.536417 0.389331 -0.536417 0.389331
-0.527835 0.389331 -0.527835 0.389331
-0.519252 0.389331 -0.519252 0.389331
-0.510669 0.389331 -0.510669 0.389331
-0.502087 0.389331 -0.502087 0.389331
-0.493504 0.389331 -0.493504 0.389331
-0.484921 0.389331 -0.484921 0.389331
-0.476339 0.389331 -0.476339 0.389331
-0.467756 0.389331 -0.467756 0.389331
-0.459173 0.389331 -0.459173 0.389331
-0.450591 0.389331 -0.450591 0.389331
-0.442008 0.389331 -0.442008 0.389331
-0.433425 0.389331 -0.433425 0.389331
-0.424843 0.389331 -0.424843 0.389331
-0.416260 0.389331 -0.416260 0.389331
-0.407677 0.389331 -0.407677 0.389331
-0.399094 0.389331 -0.399094 0.389331
-0.390512 0.389331 -0.390512 0.389331
-0.381929 0.389331 -0.381929 0.389331
-0.373346 0.389331 -0.373346 0.389331
-0.364764 0.389331 -0.364764 0.389331
-0.356181 0.389331 -0.356181 0.389331
-0.347598 0.389331 -0.347598 0.389331
-0.339016 0.389331 -0.339016 0.389331
-0.330433 0.389331 -0.330433 0.389331
-0.321850 0.389331 -0.321850 0.389331
-0.313268 0.389331 -0.313268 0.389331
-0.304685 0.389331 -0.304685 0.389331
-0.296102 0.389331 -0.296102 0.389331
-0.287520 0.389331 -0.287520 0.389331
-0.278937 0.389331 -0.278937 0.389331
-0.270354 0.389331 -0.270354 0.389331
-0.261772 0.389331 -0.261772 0.389331
-0.253189 0.389331 -0.253189 0.389331
-0.244606 0.389331 -0.107502 -0.348353
-0.236024 0.389331 1.663326 -1.421145
-0.227441 0.389331 0.873231 -0.490966
-0.218858 0.389331 0.884910 -0.492219
-0.210276 0.389331 0.896590 -0.493472
-0.201693 0.389331 0.908269 -0.494725
-0.193110 0.389331 0.919973 -0.495990
-0.184528 0.389331 0.931652 -0.497244
-0.175945 0.389331 0.943331 -0.498497
-0.167362 0.389331 0.590405 -0.335268
-0.158780 0.389331 0.996595 -1.009523
-0.150197 0.389331 0.445604 -0.112880
-0.141614 0.389331 0.455132 -0.113222
-0.133031 0.389331 0.464672 -0.113567
-0.124449 0.389331 0.152790 -0.214229
-0.115866 0.389331 0.161385 -0.214257
-0.107283 0.389331 0.169981 -0.214285
-0.098701 0.389331 0.178576 -0.214313
-0.090118 0.389331 0.187172 -0.214341
-0.081535 0.389331 1.358379 -0.972641
-0.072953 0.389331 0.958293 -0.901492
-0.064370 0.389331 1.001652 -0.936111
-0.055787 0.389331 0.221554 -0.214453
-0.047205 0.389331 0.230154 -0.214484
-0.038622 0.389331 0.059845 -0.197485
-0.030039 0.389331 0.068571 -0.198146
-0.021457 0.389331 0.077295 -0.198807
-0.012874 0.389331 0.086021 -0.199468
-0.004291 0.389331 0.094747 -0.200129
0.004291 0.389331 -0.094744 -0.200129
0.012874 0.389331 -0.086018 -0.199468
0.021457 0.389331 -0.077293 -0.198807
0.030039 0.389331 -0.068567 -0.198146
0.038622 0.389331 -0.059841 -0.197485
0.047205 0.389331 -0.230149 -0.214483
0.055787 0.389331 -0.221554 -0.214455
0.064370 0.389331 -1.001652 -0.936111
0.072953 0.389331 -0.958293 -0.901492
0.081535 0.389331 -1.358379 -0.972640
0.090118 0.389331 -0.187175 -0.214341
0.098701 0.389331 -0.178579 -0.214313
0.107283 0.389331 -0.169983 -0.214285
0.115866 0.389331 -0.161388 -0.214257
0.124449 0.389331 -0.152792 -0.214229
0.133031 0.389331 -0.464677 -0.113566
0.141614 0.389331 -0.455138 -0.113222
0.150197 0.389331 -0.445598 -0.112877
0.158780 0.389331 -0.996619 -1.009568
0.167362 0.389331 -0.590392 -0.335258
0.175945 0.389331 -0.943321 -0.498496
0.184528 0.389331 -0.931647 -0.497247
0.193110 0.389331 -0.919968 -0.495994
0.201693 0.389331 -0.908289 -0.494741
0.210276 0.389331 -0.896609 -0.493488
0.218858 0.389331 -0.884930 -0.492234
0.227441 0.389331 -0.873250 -0.490981
0.236024 0.389331 -1.663334 -1.421155
0.244606 0.389331 0.107500 -0.348353
0.253189 0.389331 0.253189 0.389331
0.261772 0.389331 0.261772 0.389331
0.270354 0.389331 0.270354 0.389331
0.278937 0.389331 0.278937 0.389331
0.287520 0.389331 0.287520 0.389331
0.296102 0.389331 0.296102 0.389331
0.304685 0.389331 0.304685 0.389331
0.313268 0.389331 0.313268 0.389331
0.321850 0.389331 0.321850 0.389331
0.330433 0.389331 0.330433 0.389331
0.339016 0.389331 0.339016 0.389331
0.347598 0.389331 0.347598 0.389331
0.356181 0.389331 0.356181 0.389331
0.364764 0.389331 0.364764 0.389331
0.373346 0.389331 0.373346 0.389331
0.381929 0.389331 0.381929 0.389331
0.390512 0.389331 0.390512 0.389331
0.399094 0.389331 0.399094 0.389331
0.407677 0.389331 0.407677 0.389331
0.416260 0.389331 0.416260 0.389331
0.424843 0.389331 0.424843 0.389331
0.433425 0.389331 0.433425 0.389331
0.442008 0.389331 0.442008 0.389331
0.450591 0.389331 0.450591 0.389331
0.459173 0.389331 0.459173 0.389331
0.467756 0.389331 0.467756 0.389331
0.476339 0.389331 0.476339 0.389331
0.484921 0.389331 0.484921 0.389331
0.493504 0.389331 0.493504 0.389331
0.502087 0.389331 0.502087 0.389331
0.510669 0.389331 0.510669 0.389331
0.519252 0.389331 0.519252 0.389331
0.527835 0.389331 0.527835 0.389331
0.536417 0.389331 0.536417 0.389331
0.545000 0.389331 0.545000 0.389331
-0.545000 0.402638 -0.545000 0.402638
-0.536417 0.402638 -0.536417 0.402638
-0.527835 0.402638 -0.527835 0.402638
-0.519252 0.402638 -0.519252 0.402638
-0.510669 0.402638 -0.510669 0.402638
-0.502087 0.402638 -0.502087 0.402638
-0.493504 0.402638 -0.493504 0.402638
-0.484921 0.402638 -0.484921 0.402638
-0.476339 0.402638 -0.476339 0.402638
-0.467756 0.402638 -0.467756 0.402638
-0.459173 0.402638 -0.459173 0.402638
-0.450591 0.402638 -0.450591 0.402638
-0.442008 0.402638 -0.442008 0.402638
-0.433425 0.402638 -0.433425 0.402638
-0.424843 0.402638 -0.424843 0.402638
-0.416260 0.402638 -0.416260 0.402638
-0.407677 0.402638 -0.407677 0.402638
-0.399094 0.402638 -0.399094 0.402638
-0.390512 0.402638 -0.390512 0.402638
-0.381929 0.402638 -0.381929 0.402638
-0.373346 0.402638 -0.373346 0.402638
-0.364764 0.402638 -0.364764 0.402638
-0.356181 0.402638 -0.356181 0.402638
-0.347598 0.402638 -0.347598 0.402638
-0.339016 0.402638 -0.339016 0.402638
-0.330433 0.402638 -0.330433 0.402638
-0.321850 0.402638 -0.321850 0.402638
-0.313268 0.402638 -0.313268 0.402638
-0.304685 0.402638 -0.304685 0.402638
-0.296102 0.402638 -0.296102 0.402638
-0.287520 0.402638 -0.287520 0.402638
-0.278937 0.402638 -0.278937 0.402638
-0.270354 0.402638 -0.270354 0.402638
-0.261772 0.402638 -0.261772 0.402638
-0.253189 0.402638 -0.253189 0.402638
-0.244606 0.402638 -0.244606 0.402638
-0.236024 0.402638 -0.113250 -0.334607
-0.227441 0.402638 1.678264 -1.414599
-0.218858 0.402638 -0.006553 -0.451526
-0.210276 0.402638 0.895218 -0.480502
-0.201693 0.402638 0.906897 -0.481755
-0.193110 0.402638 0.918601 -0.483020
-0.184528 0.402638 0.930280 -0.484273
-0.175945 0.402638 0.941960 -0.485527
-0.167362 0.402638 0.587041 -0.320977
-0.158780 0.402638 0.600098 -0.323830
-0.150197 0.402638 1.009361 -1.002316
-0.141614 0.402638 1.016819 -0.999500
-0.133031 0.402638 0.424848 -0.811884
-0.124449 0.402638 0.432593 -0.810061
-0.115866 0.402638 0.161342 -0.200855
-0.107283 0.402638 0.169937 -0.200883
-0.098701 0.402638 0.178533 -0.200911
-0.090118 0.402638 0.187128 -0.200939
-0.081535 0.402638 0.195724 -0.200967
-0.072953 0.402638 1.378958 -0.968610
-0.064370 0.402638 0.972856 -0.897853
-0.055787 0.402638 0.221511 -0.201051
-0.047205 0.402638 0.230110 -0.201082
-0.038622 0.402638 0.059107 -0.183948
-0.030039 0.402638 0.067831 -0.184610
-0.021457 0.402638 0.076557 -0.185271
-0.012874 0.402638 0.085283 -0.185932
-0.004291 0.402638 0.189302 -0.463533
0.004291 0.402638 -0.189303 -0.463532
0.012874 0.402638 -0.085281 -0.185931
0.021457 0.402638 -0.076555 -0.185270
0.030039 0.402638 -0.067829 -0.184609
0.038622 0.402638 -0.059103 -0.183949
0.047205 0.402638 -0.230106 -0.201082
0.055787 0.402638 -0.221512 -0.201054
0.064370 0.402638 -0.972856 -0.897853
0.072953 0.402638 -1.378957 -0.968612
0.081535 0.402638 -0.195725 -0.200970
0.090118 0.402638 -0.187130 -0.200942
0.098701 0.402638 -0.178534 -0.200914
0.107283 0.402638 -0.169940 -0.200883
0.115866 0.402638 -0.161344 -0.200855
0.124449 0.402638 -0.432611 -0.810091
0.133031 0.402638 -0.424865 -0.811914
0.141614 0.402638 -1.016935 -0.999663
0.150197 0.402638 -1.009386 -1.002362
0.158780 0.402638 -0.600087 -0.323821
0.167362 0.402638 -0.587035 -0.320979
0.175945 0.402638 -0.941949 -0.485526
0.184528 0.402638 -0.930276 -0.484277
0.193110 0.402638 -0.918596 -0.483024
0.201693 0.402638 -0.906917 -0.481771
0.210276 0.402638 -0.895237 -0.480517
0.218858 0.402638 0.006539 -0.451530
0.227441 0.402638 -1.678273 -1.414609
0.236024 0.402638 0.113249 -0.334608
0.244606 0.402638 0.244606 0.402638
0.253189 0.402638 0.253189 0.402638
0.261772 0.402638 0.261772 0.402638
0.270354 0.402638 0.270354 0.402638
0.278937 0.402638 0.278937 0.402638
0.287520 0.402638 0.287520 0.402638
0.296102 0.402638 0.296102 0.402638
0.304685 0.402638 0.304685 0.402638
0.313268 0.402638 0.313268 0.402638
0.321850 0.402638 0.321850 0.402638
0.330433 0.402638 0.330433 0.402638
0.339016 0.402638 0.339016 0.402638
0.347598 0.402638 0.347598 0.402638
0.356181 0.402638 0.356181 0.402638
0.364764 0.402638 0.364764 0.402638
0.373346 0.402638 0.373346 0.402638
0.381929 0.402638 0.381929 0.402638
0.390512 0.402638 0.390512 0.402638
0.399094 0.402638 0.399094 0.402638
0.407677 0.402638 0.407677 0.402638
0.416260 0.402638 0.416260 0.402638
0.424843 0.402638 0.424843 0.402638
0.433425 0.402638 0.433425 0.402638
0.442008 0.402638 0.442008 0.402638
0.450591 0.402638 0.450591 0.402638
0.459173 0.402638 0.459173 0.402638
0.467756 0.402638 0.467756 0.402638
0.476339 0.402638 0.476339 0.402638
0.484921 0.402638 0.484921 0.402638
0.493504 0.402638 0.493504 0.402638
0.502087 0.402638 0.502087 0.402638
0.510669 0.402638 0.510669 0.402638
0.519252 0.402638 0.519252 0.402638
0.527835 0.402638 0.527835 0.402638
0.536417 0.402638 0.536417 0.402638
0.545000 0.402638 0.545000 0.402638
-0.545000 0.415945 -0.545000 0.415945
-0.536417 0.415945 -0.536417 0.415945
-0.527835 0.415945 -0.527835 0.415945
-0.519252 0.415945 -0.519252 0.415945
-0.510669 0.415945 -0.510669 0.415945
-0.502087 0.415945 -0.502087 0.415945
-0.493504 0.415945 -0.493504 0.415945
-0.484921 0.415945 -0.484921 0.415945
-0.476339 0.415945 -0.476339 0.415945
-0.467756 0.415945 -0.467756 0.415945
-0.459173 0.415945 -0.459173 0.415945
-0.450591 0.415945 -0.450591 0.415945
-0.442008 0.415945 -0.442008 0.415945
-0.433425 0.415945 -0.433425 0.415945
-0.424843 0.415945 -0.424843 0.415945
-0.416260 0.415945 -0.416260 0.415945
-0.407677 0.415945 -0.407677 0.415945
-0.399094 0.415945 -0.399094 0.415945
-0.390512 0.415945 -0.390512 0.415945
-0.381929 0.415945 -0.381929 0.415945
-0.373346 0.415945 -0.373346 0.415945
-0.364764 0.415945 -0.364764 0.415945
-0.356181 0.415945 -0.356181 0.415945
-0.347598 0.415945 -0.347598 0.415945
-0.339016 0.415945 -0.339016 0.415945
-0.330433 0.415945 -0.330433 0.415945
-0.321850 0.415945 -0.321850 0.415945
-0.313268 0.415945 -0.313268 0.415945
-0.304685 0.415945 -0.304685 0.415945
-0.296102 0.415945 -0.296102 0.415945
-0.287520 0.415945 -0.287520 0.415945
-0.278937 0.415945 -0.278937 0.415945
-0.270354 0.415945 -0.270354 0.415945
-0.261772 0.415945 -0.261772 0.415945
-0.253189 0.415945 -0.253189 0.415945
-0.244606 0.415945 -0.244606 0.415945
-0.236024 0.415945 -0.236024 0.415945
-0.227441 0.415945 -2.718548 -0.312447
-0.218858 0.415945 1.693202 -1.408053
-0.210276 0.415945 -0.006110 -0.437865
-0.201693 0.415945 -8.427639 1.331613
-0.193110 0.415945 0.917205 -0.470038
-0.184528 0.415945 0.928909 -0.471303
-0.175945 0.415945 0.940588 -0.472557
-0.167362 0.415945 0.952268 -0.473810
-0.158780 0.415945 0.596736 -0.309540
-0.150197 0.415945 0.609793 -0.312393
-0.141614 0.415945 1.022034 -0.994991
-0.133031 0.415945 0.427674 -0.804729
-0.124449 0.415945 0.435419 -0.802906
-0.115866 0.415945 0.443165 -0.801084
-0.107283 0.415945 0.450910 -0.799261
-0.098701 0.415945 0.458656 -0.797439
-0.090118 0.415945 0.466401 -0.795616
-0.081535 0.415945 0.195680 -0.187565
-0.072953 0.415945 0.204276 -0.187593
-0.064370 0.415945 0.944061 -0.859595
-0.055787 0.415945 0.467941 -2.785916
-0.047205 0.415945 0.482348 -2.811700
-0.038622 0.415945 0.496758 -2.837483
-0.030039 0.415945 0.017480 -3.204858
-0.021457 0.415945 -0.003929 -3.292688
-0.012874 0.415945 0.361726 -3.652670
-0.004291 0.415945 0.179912 -0.487251
0.004291 0.415945 -0.179912 -0.487250
0.012874 0.415945 -0.361726 -3.652662
0.021457 0.415945 0.003932 -3.292686
0.030039 0.415945 -0.017473 -3.204843
0.038622 0.415945 -0.496756 -2.837488
0.047205 0.415945 -0.482349 -2.811704
0.055787 0.415945 -0.467943 -2.785921
0.064370 0.415945 -0.944061 -0.859594
0.072953 0.415945 -0.204277 -0.187596
0.081535 0.415945 -0.195682 -0.187568
0.090118 0.415945 -0.466420 -0.795656
0.098701 0.415945 -0.458674 -0.797479
0.107283 0.415945 -0.450929 -0.799301
0.115866 0.415945 -0.443183 -0.801124
0.124449 0.415945 -0.435419 -0.802916
0.133031 0.415945 -0.427672 -0.804728
0.141614 0.415945 -1.022152 -0.995155
0.150197 0.415945 -0.609789 -0.312395
0.158780 0.415945 -0.596730 -0.309542
0.167362 0.415945 -0.952257 -0.473809
0.175945 0.415945 -0.940583 -0.472560
0.184528 0.415945 -0.928904 -0.471307
0.193110 0.415945 -0.917225 -0.470054
0.201693 0.415945 8.428507 1.331662
0.210276 0.415945 0.006095 -0.437869
0.218858 0.415945 -1.693211 -1.408064
0.227441 0.415945 2.718530 -0.312422
0.236024 0.415945 0.236024 0.415945
0.244606 0.415945 0.244606 0.415945
0.253189 0.415945 0.253189 0.415945
0.261772 0.415945 0.261772 0.415945
0.270354 0.415945 0.270354 0.415945
0.278937 0.415945 0.278937 0.415945
0.287520 0.415945 0.287520 0.415945
0.296102 0.415945 0.296102 0.415945
0.304685 0.415945 0.304685 0.415945
0.313268 0.415945 0.313268 0.415945
0.321850 0.415945 0.321850 0.415945
0.330433 0.415945 0.330433 0.415945
0.339016 0.415945 0.339016 0.415945
0.347598 0.415945 0.347598 0.415945
0.356181 0.415945 0.356181 0.415945
0.364764 0.415945 0.364764 0.415945
0.373346 0.415945 0.373346 0.415945
0.381929 0.415945 0.381929 0.415945
0.390512 0.415945 0.390512 0.415945
0.399094 0.415945 0.399094 0.415945
0.407677 0.415945 0.407677 0.415945
0.416260 0.415945 0.416260 0.415945
0.424843 0.415945 0.424843 0.415945
0.433425 0.415945 0.433425 0.415945
0.442008 0.415945 0.442008 0.415945
0.450591 0.415945 0.450591 0.415945
0.459173 0.415945 0.459173 0.415945
0.467756 0.415945 0.467756 0.415945
0.476339 0.415945 0.476339 0.415945
0.484921 0.415945 0.484921 0.415945
0.493504 0.415945 0.493504 0.415945
0.502087 0.415945 0.502087 0.415945
0.510669 0.415945 0.510669 0.415945
0.519252 0.415945 0.519252 0.415945
0.527835 0.415945 0.527835 0.415945
0.536417 0.415945 0.536417 0.415945
0.545000 0.415945 0.545000 0.415945
-0.545000 0.429252 -0.545000 0.429252
-0.536417 0.429252 -0.536417 0.429252
-0.527835 0.429252 -0.527835 0.429252
-0.519252 0.429252 -0.519252 0.429252
-0.510669 0.429252 -0.510669 0.429252
-0.502087 0.429252 -0.502087 0.429252
-0.493504 0.429252 -0.493504 0.429252
-0.484921 0.429252 -0.484921 0.429252
-0.476339 0.429252 -0.476339 0.429252
-0.467756 0.429252 -0.467756 0.429252
-0.459173 0.429252 -0.459173 0.429252
-0.450591 0.429252 -0.450591 0.429252
-0.442008 0.429252 -0.442008 0.429252
-0.433425 0.429252 -0.433425 0.429252
-0.424843 0.429252 -0.424843 0.429252
-0.416260 0.429252 -0.416260 0.429252
-0.407677 0.429252 -0.407677 0.429252
-0.399094 0.429252 -0.399094 0.429252
-0.390512 0.429252 -0.390512 0.429252
-0.381929 0.429252 -0.381929 0.429252
-0.373346 0.429252 -0.373346 0.429252
-0.364764 0.429252 -0.364764 0.429252
-0.356181 0.429252 -0.356181 0.429252
-0.347598 0.429252 -0.347598 0.429252
-0.339016 0.429252 -0.339016 0.429252
-0.330433 0.429252 -0.330433 0.429252
-0.321850 0.429252 -0.321850 0.429252
-0.313268 0.429252 -0.313268 0.429252
-0.304685 0.429252 -0.304685 0.429252
-0.296102 0.429252 -0.296102 0.429252
-0.287520 0.429252 -0.287520 0.429252
-0.278937 0.429252 -0.278937 0.429252
-0.270354 0.429252 -0.270354 0.429252
-0.261772 0.429252 -0.261772 0.429252
-0.253189 0.429252 -0.253189 0.429252
-0.244606 0.429252 -0.244606 0.429252
-0.236024 0.429252 -0.236024 0.429252
-0.227441 0.429252 -0.091609 -0.309755
-0.218858 0.429252 -0.555034 0.190418
-0.210276 0.429252 1.708128 -1.401498
-0.201693 0.429252 -0.005666 -0.424204
-0.193110 0.429252 -1.348270 0.579857
-0.184528 0.429252 -1.362673 0.587723
-0.175945 0.429252 0.939216 -0.459586
-0.167362 0.429252 0.950896 -0.460840
-0.158780 0.429252 0.593371 -0.295250
-0.150197 0.429252 0.606429 -0.298103
-0.141614 0.429252 0.349687 -0.640318
-0.133031 0.429252 0.358485 -0.640801
-0.124449 0.429252 0.367296 -0.641298
-0.115866 0.429252 0.445991 -0.793929
-0.107283 0.429252 0.453736 -0.792106
-0.098701 0.429252 0.461482 -0.790283
-0.090118 0.429252 0.469227 -0.788461
-0.081535 0.429252 0.476973 -0.786638
-0.072953 0.429252 0.484718 -0.784816
-0.064370 0.429252 0.270115 -0.836142
-0.055787 0.429252 0.275248 -0.841285
-0.047205 0.429252 0.280386 -0.846429
-0.038622 0.429252 0.495451 -0.475076
-0.030039 0.429252 0.495602 -0.483797
-0.021457 0.429252 -0.018376 -0.532763
-0.012874 0.429252 0.408523 0.862862
-0.004291 0.429252 0.417984 0.863996
0.004291 0.429252 -0.417985 0.863996
0.012874 0.429252 -0.408523 0.862862
0.021457 0.429252 0.018377 -0.532766
0.030039 0.429252 -0.495601 -0.483793
0.038622 0.429252 -0.495450 -0.475074
0.047205 0.429252 -0.280386 -0.846424
0.055787 0.429252 -0.275252 -0.841282
0.064370 0.429252 -0.270118 -0.836140
0.072953 0.429252 -0.484737 -0.784856
0.081535 0.429252 -0.476991 -0.786678
0.090118 0.429252 -0.469246 -0.788501
0.098701 0.429252 -0.461500 -0.790324
0.107283 0.429252 -0.453755 -0.792147
0.115866 0.429252 -0.445990 -0.793938
0.124449 0.429252 -0.367304 -0.641315
0.133031 0.429252 -0.358493 -0.640818
0.141614 0.429252 -0.349682 -0.640321
0.150197 0.429252 -0.606425 -0.298104
0.158780 0.429252 -0.593365 -0.295251
0.167362 0.429252 -0.950891 -0.460843
0.175945 0.429252 -0.939212 -0.459590
0.184528 0.429252 1.362680 0.587721
0.193110 0.429252 1.348352 0.579865
0.201693 0.429252 0.005652 -0.424208
0.210276 0.429252 -1.708149 -1.401518
0.218858 0.429252 0.555014 0.190426
0.227441 0.429252 0.091608 -0.309756
0.236024 0.429252 0.236024 0.429252
0.244606 0.429252 0.244606 0.429252
0.253189 0.429252 0.253189 0.429252
0.261772 0.429252 0.261772 0.429252
0.270354 0.429252 0.270354 0.429252
0.278937 0.429252 0.278937 0.429252
0.287520 0.429252 0.287520 0.429252
0.296102 0.429252 0.296102 0.429252
0.304685 0.429252 0.304685 0.429252
0.313268 0.429252 0.313268 0.429252
0.321850 0.429252 0.321850 0.429252
0.330433 0.429252 0.330433 0.429252
0.339016 0.429252 0.339016 0.429252
0.347598 0.429252 0.347598 0.429252
0.356181 0.429252 0.356181 0.429252
0.364764 0.429252 0.364764 0.429252
0.373346 0.429252 0.373346 0.429252
0.381929 0.429252 0.381929 0.429252
0.390512 0.429252 0.390512 0.429252
0.399094 0.429252 0.399094 0.429252
0.407677 0.429252 0.407677 0.429252
0.416260 0.429252 0.416260 0.429252
0.424843 0.429252 0.424843 0.429252
0.433425 0.429252 0.433425 0.429252
0.442008 0.429252 0.442008 0.429252
0.450591 0.429252 0.450591 0.429252
0.459173 0.429252 0.459173 0.429252
0.467756 0.429252 0.467756 0.429252
0.476339 0.429252 0.476339 0.429252
0.484921 0.429252 0.484921 0.429252
0.493504 0.429252 0.493504 0.429252
0.502087 0.429252 0.502087 0.429252
0.510669 0.429252 0.510669 0.429252
0.519252 0.429252 0.519252 0.429252
0.527835 0.429252 0.527835 0.429252
0.536417 0.429252 0.536417 0.429252
0.545000 0.429252 0.545000 0.429252
-0.545000 0.442559 -0.545000 0.442559
-0.536417 0.442559 -0.536417 0.442559
-0.527835 0.442559 -0.527835 0.442559
-0.519252 0.442559 -0.519252 0.442559
-0.510669 0.442559 -0.510669 0.442559
-0.502087 0.442559 -0.502087 0.442559
-0.493504 0.442559 -0.493504 0.442559
-0.484921 0.442559 -0.484921 0.442559
-0.476339 0.442559 -0.476339 0.442559
-0.467756 0.442559 -0.467756 0.442559
-0.459173 0.442559 -0.459173 0.442559
-0.450591 0.442559 -0.450591 0.442559
-0.442008 0.442559 -0.442008 0.442559
-0.433425 0.442559 -0.433425 0.442559
-0.424843 0.442559 -0.424843 0.442559
-0.416260 0.442559 -0.416260 0.442559
-0.407677 0.442559 -0.407677 0.442559
-0.399094 0.442559 -0.399094 0.442559
-0.390512 0.442559 -0.390512 0.442559
-0.381929 0.442559 -0.381929 0.442559
-0.373346 0.442559 -0.373346 0.442559
-0.364764 0.442559 -0.364764 0.442559
-0.356181 0.442559 -0.356181 0.442559
-0.347598 0.442559 -0.347598 0.442559
-0.339016 0.442559 -0.339016 0.442559
-0.330433 0.442559 -0.330433 0.442559
-0.321850 0.442559 -0.321850 0.442559
-0.313268 0.442559 -0.313268 0.442559
-0.304685 0.442559 -0.304685 0.442559
-0.296102 0.442559 -0.296102 0.442559
-0.287520 0.442559 -0.287520 0.442559
-0.278937 0.442559 -0.278937 0.442559
-0.270354 0.442559 -0.270354 0.442559
-0.261772 0.442559 -0.261772 0.442559
-0.253189 0.442559 -0.253189 0.442559
-0.244606 0.442559 -0.244606 0.442559
-0.236024 0.442559 -0.236024 0.442559
-0.227441 0.442559 -0.227441 0.442559
-0.210276 0.442559 1.689409 -1.380173
-0.201693 0.442559 1.723066 -1.394953
-0.193110 0.442559 -0.010070 -0.477087
-0.184528 0.442559 -1.350749 0.597852
-0.175945 0.442559 -1.365138 0.605720
-0.167362 0.442559 -6.044361 0.155368
-0.158780 0.442559 0.961204 -0.449123
-0.150197 0.442559 0.525038 -0.708868
-0.141614 0.442559 0.348916 -0.625333
-0.133031 0.442559 0.357727 -0.625830
-0.124449 0.442559 0.366538 -0.626327
-0.115866 0.442559 0.375337 -0.626810
-0.107283 0.442559 0.384147 -0.627307
-0.098701 0.442559 0.684948 -1.066245
-0.090118 0.442559 0.239390 -0.640309
-0.081535 0.442559 0.246942 -0.646352
-0.072953 0.442559 0.254495 -0.652395
-0.064370 0.442559 0.262148 -0.848037
-0.055787 0.442559 0.267281 -0.853179
-0.038622 0.442559 0.382501 0.879102
-0.030039 0.442559 0.391962 0.880236
-0.021457 0.442559 0.401423 0.881371
-0.012874 0.442559 0.410885 0.882505
-0.004291 0.442559 0.420346 0.883639
0.004291 0.442559 -0.420346 0.883639
0.012874 0.442559 -0.410885 0.882505
0.021457 0.442559 -0.401423 0.881371
0.030039 0.442559 -0.391962 0.880236
0.038622 0.442559 -0.382500 0.879102
0.055787 0.442559 -0.267285 -0.853179
0.064370 0.442559 -0.262151 -0.848037
0.072953 0.442559 -0.254501 -0.652393
0.081535 0.442559 -0.246948 -0.646350
0.090118 0.442559 -0.239396 -0.640308
0.098701 0.442559 -0.684966 -1.066255
0.107283 0.442559 -0.384155 -0.627324
0.115866 0.442559 -0.375344 -0.626827
0.124449 0.442559 -0.366533 -0.626330
0.133031 0.442559 -0.357722 -0.625833
0.141614 0.442559 -0.348911 -0.625336
0.150197 0.442559 -0.525035 -0.708862
0.158780 0.442559 -0.961199 -0.449126
0.167362 0.442559 6.044980 0.155337
0.175945 0.442559 1.365159 0.605717
0.184528 0.442559 1.350831 0.597860
0.193110 0.442559 0.010079 -0.477086
0.201693 0.442559 -1.723087 -1.394972
0.210276 0.442559 -1.689397 -1.380158
0.227441 0.442559 0.227441 0.442559
0.236024 0.442559 0.236024 0.442559
0.244606 0.442559 0.244606 0.442559
0.253189 0.442559 0.253189 0.442559
0.261772 0.442559 0.261772 0.442559
0.270354 0.442559 0.270354 0.442559
0.278937 0.442559 0.278937 0.442559
0.287520 0.442559 0.287520 0.442559
0.296102 0.442559 0.296102 0.442559
0.304685 0.442559 0.304685 0.442559
0.313268 0.442559 0.313268 0.442559
0.321850 0.442559 0.321850 0.442559
0.330433 0.442559 0.330433 0.442559
0.339016 0.442559 0.339016 0.442559
0.347598 0.442559 0.347598 0.442559
0.356181 0.442559 0.356181 0.442559
0.364764 0.442559 0.364764 0.442559
0.373346 0.442559 0.373346 0.442559
0.381929 0.442559 0.381929 0.442559
0.390512 0.442559 0.390512 0.442559
0.399094 0.442559 0.399094 0.442559
0.407677 0.442559 0.407677 0.442559
0.416260 0.442559 0.416260 0.442559
0.424843 0.442559 0.424843 0.442559
0.433425 0.442559 0.433425 0.442559
0.442008 0.442559 0.442008 0.442559
0.450591 0.442559 0.450591 0.442559
0.459173 0.442559 0.459173 0.442559
0.467756 0.442559 0.467756 0.442559
0.476339 0.442559 0.476339 0.442559
0.484921 0.442559 0.484921 0.442559
0.493504 0.442559 0.493504 0.442559
0.502087 0.442559 0.502087 0.442559
0.510669 0.442559 0.510669 0.442559
0.519252 0.442559 0.519252 0.442559
0.527835 0.442559 0.527835 0.442559
0.536417 0.442559 0.536417 0.442559
0.545000 0.442559 0.545000 0.442559
-0.545000 0.455866 -0.545000 0.455866
-0.536417 0.455866 -0.536417 0.455866
-0.527835 0.455866 -0.527835 0.455866
-0.519252 0.455866 -0.519252 0.455866
-0.510669 0.455866 -0.510669 0.455866
-0.502087 0.455866 -0.502087 0.455866
-0.493504 0.455866 -0.493504 0.455866
-0.484921 0.455866 -0.484921 0.455866
-0.476339 0.455866 -0.476339 0.455866
-0.467756 0.455866 -0.467756 0.455866
-0.459173 0.455866 -0.459173 0.455866
-0.450591 0.455866 -0.450591 0.455866
-0.442008 0.455866 -0.442008 0.455866
-0.433425 0.455866 -0.433425 0.455866
-0.424843 0.455866 -0.424843 0.455866
-0.416260 0.455866 -0.416260 0.455866
-0.407677 0.455866 -0.407677 0.455866
-0.399094 0.455866 -0.399094 0.455866
-0.390512 0.455866 -0.390512 0.455866
-0.381929 0.455866 -0.381929 0.455866
-0.373346 0.455866 -0.373346 0.455866
-0.364764 0.455866 -0.364764 0.455866
-0.356181 0.455866 -0.356181 0.455866
-0.347598 0.455866 -0.347598 0.455866
-0.339016 0.455866 -0.339016 0.455866
-0.330433 0.455866 -0.330433 0.455866
-0.321850 0.455866 -0.321850 0.455866
-0.313268 0.455866 -0.313268 0.455866
-0.304685 0.455866 -0.304685 0.455866
-0.296102 0.455866 -0.296102 0.455866
-0.287520 0.455866 -0.287520 0.455866
-0.278937 0.455866 -0.278937 0.455866
-0.270354 0.455866 -0.270354 0.455866
-0.261772 0.455866 -0.261772 0.455866
-0.253189 0.455866 -0.253189 0.455866
-0.244606 0.455866 -0.244606 0.455866
-0.236024 0.455866 -0.236024 0.455866
-0.227441 0.455866 -0.227441 0.455866
-0.218858 0.455866 -0.218858 0.455866
-0.201693 0.455866 1.704335 -1.373618
-0.193110 0.455866 1.738004 -1.388407
-0.184528 0.455866 -0.005993 -0.463793
-0.175945 0.455866 -0.015550 -0.456227
-0.167362 0.455866 -1.367618 0.623696
-0.150197 0.455866 -0.052545 -0.488571
-0.141614 0.455866 -0.057460 -0.481552
-0.133031 0.455866 0.356956 -0.610845
-0.124449 0.455866 0.365767 -0.611343
-0.115866 0.455866 0.374578 -0.611840
-0.107283 0.455866 0.894173 0.586737
-0.098701 0.455866 1.087633 0.759810
-0.090118 0.455866 0.229028 -0.650625
-0.081535 0.455866 -0.073548 1.059502
-0.072953 0.455866 -0.063812 1.061300
-0.064370 0.455866 -0.054076 1.063099
-0.055787 0.455866 -0.044339 1.064897
-0.047205 0.455866 0.092558 1.186482
-0.038622 0.455866 0.264608 1.187927
-0.030039 0.455866 0.273861 1.189547
-0.021457 0.455866 0.398730 1.075805
-0.012874 0.455866 0.408192 1.077227
-0.004291 0.455866 0.417655 1.078650
0.004291 0.455866 -0.417655 1.078650
0.012874 0.455866 -0.408192 1.077227
0.021457 0.455866 -0.398730 1.075805
0.030039 0.455866 -0.273861 1.189547
0.038622 0.455866 -0.264608 1.187927
0.047205 0.455866 -0.092558 1.186482
0.055787 0.455866 0.044339 1.064897
0.064370 0.455866 0.054076 1.063099
0.072953 0.455866 0.063812 1.061300
0.081535 0.455866 0.073548 1.059502
0.090118 0.455866 -0.229033 -0.650623
0.098701 0.455866 -1.087634 0.759810
0.107283 0.455866 -0.894173 0.586737
0.115866 0.455866 -0.374574 -0.611843
0.124449 0.455866 -0.365763 -0.611346
0.133031 0.455866 -0.356952 -0.610849
0.141614 0.455866 0.057474 -0.481550
0.150197 0.455866 0.052558 -0.488569
0.167362 0.455866 1.367692 0.623712
0.175945 0.455866 0.015550 -0.456226
0.184528 0.455866 0.005999 -0.463787
0.193110 0.455866 -1.738025 -1.388426
0.201693 0.455866 -1.704335 -1.373612
0.218858 0.455866 0.218858 0.455866
0.227441 0.455866 0.227441 0.455866
0.236024 0.455866 0.236024 0.455866
0.244606 0.455866 0.244606 0.455866
0.253189 0.455866 0.253189 0.455866
0.261772 0.455866 0.261772 0.455866
0.270354 0.455866 0.270354 0.455866
0.278937 0.455866 0.278937 0.455866
0.287520 0.455866 0.287520 0.455866
0.296102 0.455866 0.296102 0.455866
0.304685 0.455866 0.304685 0.455866
0.313268 0.455866 0.313268 0.455866
0.321850 0.455866 0.321850 0.455866
0.330433 0.455866 0.330433 0.455866
0.339016 0.455866 0.339016 0.455866
0.347598 0.455866 0.347598 0.455866
0.356181 0.455866 0.356181 0.455866
0.364764 0.455866 0.364764 0.455866
0.373346 0.455866 0.373346 0.455866
0.381929 0.455866 0.381929 0.455866
0.390512 0.455866 0.390512 0.455866
0.399094 0.455866 0.399094 0.455866
0.407677 0.455866 0.407677 0.455866
0.416260 0.455866 0.416260 0.455866
0.424843 0.455866 0.424843 0.455866
0.433425 0.455866 0.433425 0.455866
0.442008 0.455866 0.442008 0.455866
0.450591 0.455866 0.450591 0.455866
0.459173 0.455866 0.459173 0.455866
0.467756 0.455866 0.467756 0.455866
0.476339 0.455866 0.476339 0.455866
0.484921 0.455866 0.484921 0.455866
0.493504 0.455866 0.493504 0.455866
0.502087 0.455866 0.502087 0.455866
0.510669 0.455866 0.510669 0.455866
0.519252 0.455866 0.519252 0.455866
0.527835 0.455866 0.527835 0.455866
0.536417 0.455866 0.536417 0.455866
0.545000 0.455866 0.545000 0.455866
-0.545000 0.469173 -0.545000 0.469173
-0.536417 0.469173 -0.536417 0.469173
-0.527835 0.469173 -0.527835 0.469173
-0.519252 0.469173 -0.519252 0.469173
-0.510669 0.469173 -0.510669 0.469173
-0.502087 0.469173 -0.502087 0.469173
-0.493504 0.469173 -0.493504 0.469173
-0.484921 0.469173 -0.484921 0.469173
-0.476339 0.469173 -0.476339 0.469173
-0.467756 0.469173 -0.467756 0.469173
-0.459173 0.469173 -0.459173 0.469173
-0.450591 0.469173 -0.450591 0.469173
-0.442008 0.469173 -0.442008 0.469173
-0.433425 0.469173 -0.433425 0.469173
-0.424843 0.469173 -0.424843 0.469173
-0.416260 0.469173 -0.416260 0.469173
-0.407677 0.469173 -0.407677 0.469173
-0.399094 0.469173 -0.399094 0.469173
-0.390512 0.469173 -0.390512 0.469173
-0.381929 0.469173 -0.381929 0.469173
-0.373346 0.469173 -0.373346 0.469173
-0.364764 0.469173 -0.364764 0.469173
-0.356181 0.469173 -0.356181 0.469173
-0.347598 0.469173 -0.347598 0.469173
-0.339016 0.469173 -0.339016 0.469173
-0.330433 0.469173 -0.330433 0.469173
-0.321850 0.469173 -0.321850 0.469173
-0.313268 0.469173 -0.313268 0.469173
-0.304685 0.469173 -0.304685 0.469173
-0.296102 0.469173 -0.296102 0.469173
-0.287520 0.469173 -0.287520 0.469173
-0.278937 0.469173 -0.278937 0.469173
-0.270354 0.469173 -0.270354 0.469173
-0.261772 0.469173 -0.261772 0.469173
-0.253189 0.469173 -0.253189 0.469173
-0.244606 0.469173 -0.244606 0.469173
-0.236024 0.469173 -0.236024 0.469173
-0.227441 0.469173 -0.227441 0.469173
-0.218858 0.469173 -0.218858 0.469173
-0.210276 0.469173 -0.210276 0.469173
-0.193110 0.469173 -0.024552 -0.559482
-0.184528 0.469173 -0.048906 -0.538046
-0.175945 0.469173 -0.001913 -0.450494
-0.167362 0.469173 -0.011470 -0.442928
-0.158780 0.469173 -0.021021 -0.435366
-0.150197 0.469173 -0.036707 -0.489637
-0.141614 0.469173 -0.041622 -0.482617
-0.133031 0.469173 -0.046537 -0.475598
-0.124449 0.469173 -0.051452 -0.468579
-0.115866 0.469173 0.876495 0.597218
-0.107283 0.469173 1.069513 0.769859
-0.098701 0.469173 1.619516 0.656350
-0.072953 0.469173 -0.061627 1.080517
-0.064370 0.469173 0.075906 1.202636
-0.055787 0.469173 0.085219 1.204243
-0.047205 0.469173 0.094533 1.205850
-0.038622 0.469173 0.267119 1.207297
-0.030039 0.469173 0.276373 1.208917
-0.021457 0.469173 0.285626 1.210537
-0.012874 0.469173 0.410915 1.096365
-0.004291 0.469173 0.420377 1.097787
0.004291 0.469173 -0.420377 1.097787
0.012874 0.469173 -0.410915 1.096365
0.021457 0.469173 -0.285626 1.210537
0.030039 0.469173 -0.276373 1.208917
0.038622 0.469173 -0.267119 1.207297
0.047205 0.469173 -0.094532 1.205850
0.055787 0.469173 -0.085219 1.204243
0.064370 0.469173 -0.075906 1.202636
0.072953 0.469173 0.061627 1.080517
0.098701 0.469173 -1.619517 0.656350
0.107283 0.469173 -1.069513 0.769858
0.115866 0.469173 -0.876495 0.597218
0.124449 0.469173 0.051466 -0.468576
0.133031 0.469173 0.046550 -0.475596
0.141614 0.469173 0.041627 -0.482621
0.150197 0.469173 0.036712 -0.489640
0.158780 0.469173 0.021022 -0.435365
0.167362 0.469173 0.011473 -0.442929
0.175945 0.469173 0.001922 -0.450490
0.184528 0.469173 0.048901 -0.538044
0.193110 0.469173 0.024549 -0.559481
0.210276 0.469173 0.210276 0.469173
0.218858 0.469173 0.218858 0.469173
0.227441 0.469173 0.227441 0.469173
0.236024 0.469173 0.236024 0.469173
0.244606 0.469173 0.244606 0.469173
0.253189 0.469173 0.253189 0.469173
0.261772 0.469173 0.261772 0.469173
0.270354 0.469173 0.270354 0.469173
0.278937 0.469173 0.278937 0.469173
0.287520 0.469173 0.287520 0.469173
0.296102 0.469173 0.296102 0.469173
0.304685 0.469173 0.304685 0.469173
0.313268 0.469173 0.313268 0.469173
0.321850 0.469173 0.321850 0.469173
0.330433 0.469173 0.330433 0.469173
0.339016 0.469173 0.339016 0.469173
0.347598 0.469173 0.347598 0.469173
0.356181 0.469173 0.356181 0.469173
0.364764 0.469173 0.364764 0.469173
0.373346 0.469173 0.373346 0.469173
0.381929 0.469173 0.381929 0.469173
0.390512 0.469173 0.390512 0.469173
0.399094 0.469173 0.399094 0.469173
0.407677 0.469173 0.407677 0.469173
0.416260 0.469173 0.416260 0.469173
0.424843 0.469173 0.424843 0.469173
0.433425 0.469173 0.433425 0.469173
0.442008 0.469173 0.442008 0.469173
0.450591 0.469173 0.450591 0.469173
0.459173 0.469173 0.459173 0.469173
0.467756 0.469173 0.467756 0.469173
0.476339 0.469173 0.476339 0.469173
0.484921 0.469173 0.484921 0.469173
0.493504 0.469173 0.493504 0.469173
0.502087 0.469173 0.502087 0.469173
0.510669 0.469173 0.510669 0.469173
0.519252 0.469173 0.519252 0.469173
0.527835 0.469173 0.527835 0.469173
0.536417 0.469173 0.536417 0.469173
0.545000 0.469173 0.545000 0.469173
-0.545000 0.482480 -0.545000 0.482480
-0.536417 0.482480 -0.536417 0.482480
-0.527835 0.482480 -0.527835 0.482480
-0.519252 0.482480 -0.519252 0.482480
-0.510669 0.482480 -0.510669 0.482480
-0.502087 0.482480 -0.502087 0.482480
-0.493504 0.482480 -0.493504 0.482480
-0.484921 0.482480 -0.484921 0.482480
-0.476339 0.482480 -0.476339 0.482480
-0.467756 0.482480 -0.467756 0.482480
-0.459173 0.482480 -0.459173 0.482480
-0.450591 0.482480 -0.450591 0.482480
-0.442008 0.482480 -0.442008 0.482480
-0.433425 0.482480 -0.433425 0.482480
-0.424843 0.482480 -0.424843 0.482480
-0.416260 0.482480 -0.416260 0.482480
-0.407677 0.482480 -0.407677 0.482480
-0.399094 0.482480 -0.399094 0.482480
-0.390512 0.482480 -0.390512 0.482480
-0.381929 0.482480 -0.381929 0.482480
-0.373346 0.482480 -0.373346 0.482480
-0.364764 0.482480 -0.364764 0.482480
-0.356181 0.482480 -0.356181 0.482480
-0.347598 0.482480 -0.347598 0.482480
-0.339016 0.482480 -0.339016 0.482480
-0.330433 0.482480 -0.330433 0.482480
-0.321850 0.482480 -0.321850 0.482480
-0.313268 0.482480 -0.313268 0.482480
-0.304685 0.482480 -0.304685 0.482480
-0.296102 0.482480 -0.296102 0.482480
-0.287520 0.482480 -0.287520 0.482480
-0.278937 0.482480 -0.278937 0.482480
-0.270354 0.482480 -0.270354 0.482480
-0.261772 0.482480 -0.261772 0.482480
-0.253189 0.482480 -0.253189 0.482480
-0.244606 0.482480 -0.244606 0.482480
-0.236024 0.482480 -0.236024 0.482480
-0.227441 0.482480 -0.227441 0.482480
-0.218858 0.482480 -0.218858 0.482480
-0.210276 0.482480 -0.210276 0.482480
-0.201693 0.482480 -0.201693 0.482480
-0.184528 0.482480 -0.016714 -0.552524
-0.175945 0.482480 -0.040876 -0.531004
-0.167362 0.482480 0.002743 -0.436370
-0.158780 0.482480 -0.015953 -0.497721
-0.150197 0.482480 -0.020869 -0.490702
-0.141614 0.482480 -0.025784 -0.483683
-0.133031 0.482480 -0.030699 -0.476663
-0.124449 0.482480 -0.035614 -0.469644
-0.115866 0.482480 1.051393 0.779907
-0.107283 0.482480 1.093368 0.979807
-0.090118 0.482480 -0.150850 -0.503437
-0.081535 0.482480 0.651015 0.622383
-0.072953 0.482480 0.663507 0.623656
-0.064370 0.482480 0.077880 1.222004
-0.055787 0.482480 0.087194 1.223611
-0.047205 0.482480 0.260377 1.225048
-0.038622 0.482480 0.269630 1.226667
-0.030039 0.482480 0.278884 1.228287
-0.021457 0.482480 0.288138 1.229907
0.021457 0.482480 -0.288138 1.229907
0.030039 0.482480 -0.278884 1.228287
0.038622 0.482480 -0.269631 1.226667
0.047205 0.482480 -0.260377 1.225048
0.055787 0.482480 -0.087194 1.223611
0.064370 0.482480 -0.077880 1.222004
0.072953 0.482480 -0.663507 0.623656
0.081535 0.482480 -0.651015 0.622383
0.090118 0.482480 0.150849 -0.503435
0.107283 0.482480 -1.093369 0.979807
0.115866 0.482480 -1.051393 0.779907
0.124449 0.482480 0.035622 -0.469642
0.133031 0.482480 0.030698 -0.476667
0.141614 0.482480 0.025783 -0.483686
0.150197 0.482480 0.020868 -0.490705
0.158780 0.482480 0.015953 -0.497725
0.167362 0.482480 -0.002739 -0.436372
0.175945 0.482480 0.040872 -0.531002
0.184528 0.482480 0.016709 -0.552522
0.201693 0.482480 0.201693 0.482480
0.210276 0.482480 0.210276 0.482480
0.218858 0.482480 0.218858 0.482480
0.227441 0.482480 0.227441 0.482480
0.236024 0.482480 0.236024 0.482480
0.244606 0.482480 0.244606 0.482480
0.253189 0.482480 0.253189 0.482480
0.261772 0.482480 0.261772 0.482480
0.270354 0.482480 0.270354 0.482480
0.278937 0.482480 0.278937 0.482480
0.287520 0.482480 0.287520 0.482480
0.296102 0.482480 0.296102 0.482480
0.304685 0.482480 0.304685 0.482480
0.313268 0.482480 0.313268 0.482480
0.321850 0.482480 0.321850 0.482480
0.330433 0.482480 0.330433 0.482480
0.339016 0.482480 0.339016 0.482480
0.347598 0.482480 0.347598 0.482480
0.356181 0.482480 0.356181 0.482480
0.364764 0.482480 0.364764 0.482480
0.373346 0.482480 0.373346 0.482480
0.381929 0.482480 0.381929 0.482480
0.390512 0.482480 0.390512 0.482480
0.399094 0.482480 0.399094 0.482480
0.407677 0.482480 0.407677 0.482480
0.416260 0.482480 0.416260 0.482480
0.424843 0.482480 0.424843 0.482480
0.433425 0.482480 0.433425 0.482480
0.442008 0.482480 0.442008 0.482480
0.450591 0.482480 0.450591 0.482480
0.459173 0.482480 0.459173 0.482480
0.467756 0.482480 0.467756 0.482480
0.476339 0.482480 0.476339 0.482480
0.484921 0.482480 0.484921 0.482480
0.493504 0.482480 0.493504 0.482480
0.502087 0.482480 0.502087 0.482480
0.510669 0.482480 0.510669 0.482480
0.519252 0.482480 0.519252 0.482480
0.527835 0.482480 0.527835 0.482480
0.536417 0.482480 0.536417 0.482480
0.545000 0.482480 0.545000 0.482480
-0.545000 0.495787 -0.545000 0.495787
-0.536417 0.495787 -0.536417 0.495787
-0.527835 0.495787 -0.527835 0.495787
-0.519252 0.495787 -0.519252 0.495787
-0.510669 0.495787 -0.510669 0.495787
-0.502087 0.495787 -0.502087 0.495787
-0.493504 0.495787 -0.493504 0.495787
-0.484921 0.495787 -0.484921 0.495787
-0.476339 0.495787 -0.476339 0.495787
-0.467756 0.495787 -0.467756 0.495787
-0.459173 0.495787 -0.459173 0.495787
-0.450591 0.495787 -0.450591 0.495787
-0.442008 0.495787 -0.442008 0.495787
-0.433425 0.495787 -0.433425 0.495787
-0.424843 0.495787 -0.424843 0.495787
-0.416260 0.495787 -0.416260 0.495787
-0.407677 0.495787 -0.407677 0.495787
-0.399094 0.495787 -0.399094 0.495787
-0.390512 0.495787 -0.390512 0.495787
-0.381929 0.495787 -0.381929 0.495787
-0.373346 0.495787 -0.373346 0.495787
-0.364764 0.495787 -0.364764 0.495787
-0.356181 0.495787 -0.356181 0.495787
-0.347598 0.495787 -0.347598 0.495787
-0.339016 0.495787 -0.339016 0.495787
-0.330433 0.495787 -0.330433 0.495787
-0.321850 0.495787 -0.321850 0.495787
-0.313268 0.495787 -0.313268 0.495787
-0.304685 0.495787 -0.304685 0.495787
-0.296102 0.495787 -0.296102 0.495787
-0.287520 0.495787 -0.287520 0.495787
-0.278937 0.495787 -0.278937 0.495787
-0.270354 0.495787 -0.270354 0.495787
-0.261772 0.495787 -0.261772 0.495787
-0.253189 0.495787 -0.253189 0.495787
-0.244606 0.495787 -0.244606 0.495787
-0.236024 0.495787 -0.236024 0.495787
-0.227441 0.495787 -0.227441 0.495787
-0.218858 0.495787 -0.218858 0.495787
-0.210276 0.495787 -0.885788 -0.890229
-0.201693 0.495787 -0.874363 -0.884398
-0.193110 0.495787 -0.862938 -0.878567
-0.184528 0.495787 -0.851514 -0.872735
-0.175945 0.495787 -0.008683 -0.545482
-0.167362 0.495787 -0.032846 -0.523962
-0.158780 0.495787 -0.000121 -0.498783
-0.150197 0.495787 -0.005030 -0.491767
-0.141614 0.495787 -0.009945 -0.484748
-0.133031 0.495787 -0.014631 -0.477578
-0.124449 0.495787 1.038910 0.977667
-0.115866 0.495787 1.074959 0.989044
-0.107283 0.495787 63.777775 26.279474
-0.098701 0.495787 -0.163077 -0.501424
-0.090118 0.495787 0.641014 0.635549
-0.081535 0.495787 0.653506 0.636823
-0.072953 0.495787 0.665998 0.638096
-0.064370 0.495787 0.678490 0.639370
-0.055787 0.495787 0.690983 0.640644
-0.047205 0.495787 0.057093 -0.455482
-0.030039 0.495787 -0.141578 -0.516233
-0.021457 0.495787 -0.133446 -0.520846
-0.012874 0.495787 -0.061801 -0.567570
-0.004291 0.495787 -0.072452 -0.561650
0.004291 0.495787 0.072461 -0.561645
0.012874 0.495787 0.061810 -0.567565
0.021457 0.495787 0.133440 -0.520850
0.030039 0.495787 0.141572 -0.516236
0.047205 0.495787 -0.057097 -0.455476
0.055787 0.495787 -0.690982 0.640644
0.064370 0.495787 -0.678490 0.639370
0.072953 0.495787 -0.665998 0.638096
0.081535 0.495787 -0.653506 0.636823
0.090118 0.495787 -0.641014 0.635549
0.098701 0.495787 0.163077 -0.501422
0.107283 0.495787 -63.762174 26.272840
0.115866 0.495787 -1.074959 0.989043
0.124449 0.495787 -1.038910 0.977667
0.133031 0.495787 0.014626 -0.477581
0.141614 0.495787 0.009941 -0.484751
0.150197 0.495787 0.005026 -0.491770
0.158780 0.495787 0.000111 -0.498789
0.167362 0.495787 0.032842 -0.523960
0.175945 0.495787 1.191345 0.988433
0.184528 0.495787 -0.922174 0.740311
0.193110 0.495787 -0.173958 -0.927421
0.201693 0.495787 1.580078 -0.176005
0.210276 0.495787 1.600625 -0.181837
0.218858 0.495787 0.218858 0.495787
0.227441 0.495787 0.227441 0.495787
0.236024 0.495787 0.236024 0.495787
0.244606 0.495787 0.244606 0.495787
0.253189 0.495787 0.253189 0.495787
0.261772 0.495787 0.261772 0.495787
0.270354 0.495787 0.270354 0.495787
0.278937 0.495787 0.278937 0.495787
0.287520 0.495787 0.287520 0.495787
0.296102 0.495787 0.296102 0.495787
0.304685 0.495787 0.304685 0.495787
0.313268 0.495787 0.313268 0.495787
0.321850 0.495787 0.321850 0.495787
0.330433 0.495787 0.330433 0.495787
0.339016 0.495787 0.339016 0.495787
0.347598 0.495787 0.347598 0.495787
0.356181 0.495787 0.356181 0.495787
0.364764 0.495787 0.364764 0.495787
0.373346 0.495787 0.373346 0.495787
0.381929 0.495787 0.381929 0.495787
0.390512 0.495787 0.390512 0.495787
0.399094 0.495787 0.399094 0.495787
0.407677 0.495787 0.407677 0.495787
0.416260 0.495787 0.416260 0.495787
0.424843 0.495787 0.424843 0.495787
0.433425 0.495787 0.433425 0.495787
0.442008 0.495787 0.442008 0.495787
0.450591 0.495787 0.450591 0.495787
0.459173 0.495787 0.459173 0.495787
0.467756 0.495787 0.467756 0.495787
0.476339 0.495787 0.476339 0.495787
0.484921 0.495787 0.484921 0.495787
0.493504 0.495787 0.493504 0.495787
0.502087 0.495787 0.502087 0.495787
0.510669 0.495787 0.510669 0.495787
0.519252 0.495787 0.519252 0.495787
0.527835 0.495787 0.527835 0.495787
0.536417 0.495787 0.536417 0.495787
0.545000 0.495787 0.545000 0.495787
-0.545000 0.509094 -0.545000 0.509094
-0.536417 0.509094 -0.536417 0.509094
-0.527835 0.509094 -0.527835 0.509094
-0.519252 0.509094 -0.519252 0.509094
-0.510669 0.509094 -0.510669 0.509094
-0.502087 0.509094 -0.502087 0.509094
-0.493504 0.509094 -0.493504 0.509094
-0.484921 0.509094 -0.484921 0.509094
-0.476339 0.509094 -0.476339 0.509094
-0.467756 0.509094 -0.467756 0.509094
-0.459173 0.509094 -0.459173 0.509094
-0.450591 0.509094 -0.450591 0.509094
-0.442008 0.509094 -0.442008 0.509094
-0.433425 0.509094 -0.433425 0.509094
-0.424843 0.509094 -0.424843 0.509094
-0.416260 0.509094 -0.416260 0.509094
-0.407677 0.509094 -0.407677 0.509094
-0.399094 0.509094 -0.399094 0.509094
-0.390512 0.509094 -0.390512 0.509094
-0.381929 0.509094 -0.381929 0.509094
-0.373346 0.509094 -0.373346 0.509094
-0.364764 0.509094 -0.364764 0.509094
-0.356181 0.509094 -0.356181 0.509094
-0.347598 0.509094 -0.347598 0.509094
-0.339016 0.509094 -0.339016 0.509094
-0.330433 0.509094 -0.330433 0.509094
-0.321850 0.509094 -0.321850 0.509094
-0.313268 0.509094 -0.313268 0.509094
-0.304685 0.509094 -0.304685 0.509094
-0.296102 0.509094 -0.296102 0.509094
-0.287520 0.509094 -0.287520 0.509094
-0.278937 0.509094 -0.278937 0.509094
-0.270354 0.509094 -0.270354 0.509094
-0.261772 0.509094 -0.261772 0.509094
-0.253189 0.509094 -0.253189 0.509094
-0.244606 0.509094 -0.244606 0.509094
-0.236024 0.509094 -0.236024 0.509094
-0.227441 0.509094 -0.227441 0.509094
-0.218858 0.509094 -0.218858 0.509094
-0.210276 0.509094 0.396272 -0.807653
-0.201693 0.509094 0.385332 -0.808332
-0.193110 0.509094 -0.853897 -0.846708
-0.184528 0.509094 -1.942298 -1.277818
-0.175945 0.509094 -1.919307 -1.264473
-0.167362 0.509094 0.247806 -0.394735
-0.158780 0.509094 -0.046909 -0.447714
-0.150197 0.509094 -0.062897 -0.440535
-0.141614 0.509094 -0.078890 -0.433355
-0.133031 0.509094 0.659147 1.119191
-0.124449 0.509094 1.056550 0.998280
-0.115866 0.509094 1.092598 1.009657
-0.107283 0.509094 0.190453 0.810108
-0.098701 0.509094 0.630848 0.811284
-0.090118 0.509094 0.643342 0.812903
-0.081535 0.509094 0.655835 0.814523
-0.072953 0.509094 0.668328 0.816143
-0.064370 0.509094 0.680821 0.817763
-0.055787 0.509094 -0.087062 -0.532595
-0.047205 0.509094 -0.078694 -0.537357
-0.038622 0.509094 0.060744 -0.517859
-0.030039 0.509094 0.054818 -0.546248
-0.021457 0.509094 0.043780 -0.552421
-0.012874 0.509094 -0.271045 -0.320399
-0.004291 0.509094 -0.009137 -0.547765
0.004291 0.509094 0.009138 -0.547767
0.012874 0.509094 0.271043 -0.320402
0.021457 0.509094 -0.043775 -0.552423
0.030039 0.509094 -0.054813 -0.546250
0.038622 0.509094 -0.060743 -0.517857
0.047205 0.509094 0.078691 -0.537360
0.055787 0.509094 0.087060 -0.532599
0.064370 0.509094 -0.680821 0.817763
0.072953 0.509094 -0.668328 0.816143
0.081535 0.509094 -0.655835 0.814523
0.090118 0.509094 -0.643342 0.812904
0.098701 0.509094 -0.630849 0.811284
0.107283 0.509094 -0.190453 0.810108
0.115866 0.509094 -1.092598 1.009657
0.124449 0.509094 -1.056549 0.998280
0.133031 0.509094 -0.659147 1.119191
0.141614 0.509094 0.078888 -0.433356
0.150197 0.509094 0.062901 -0.440534
0.158780 0.509094 0.046913 -0.447712
0.167362 0.509094 1.204205 1.019031
0.175945 0.509094 1.198576 1.008765
0.184528 0.509094 1.529941 -0.146629
0.193110 0.509094 1.550489 -0.152460
0.201693 0.509094 1.571036 -0.158292
0.210276 0.509094 1.591584 -0.164123
0.218858 0.509094 0.218858 0.509094
0.227441 0.509094 0.227441 0.509094
0.236024 0.509094 0.236024 0.509094
0.244606 0.509094 0.244606 0.509094
0.253189 0.509094 0.253189 0.509094
0.261772 0.509094 0.261772 0.509094
0.270354 0.509094 0.270354 0.509094
0.278937 0.509094 0.278937 0.509094
0.287520 0.509094 0.287520 0.509094
0.296102 0.509094 0.296102 0.509094
0.304685 0.509094 0.304685 0.509094
0.313268 0.509094 0.313268 0.509094
0.321850 0.509094 0.321850 0.509094
0.330433 0.509094 0.330433 0.509094
0.339016 0.509094 0.339016 0.509094
0.347598 0.509094 0.347598 0.509094
0.356181 0.509094 0.356181 0.509094
0.364764 0.509094 0.364764 0.509094
0.373346 0.509094 0.373346 0.509094
0.381929 0.509094 0.381929 0.509094
0.390512 0.509094 0.390512 0.509094
0.399094 0.509094 0.399094 0.509094
0.407677 0.509094 0.407677 0.509094
0.416260 0.509094 0.416260 0.509094
0.424843 0.509094 0.424843 0.509094
0.433425 0.509094 0.433425 0.509094
0.442008 0.509094 0.442008 0.509094
0.450591 0.509094 0.450591 0.509094
0.459173 0.509094 0.459173 0.509094
0.467756 0.509094 0.467756 0.509094
0.476339 0.509094 0.476339 0.509094
0.484921 0.509094 0.484921 0.509094
0.493504 0.509094 0.493504 0.509094
0.502087 0.509094 0.502087 0.509094
0.510669 0.509094 0.510669 0.509094
0.519252 0.509094 0.519252 0.509094
0.527835 0.509094 0.527835 0.509094
0.536417 0.509094 0.536417 0.509094
0.545000 0.509094 0.545000 0.509094
-0.545000 0.522402 -0.545000 0.522402
-0.536417 0.522402 -0.536417 0.522402
-0.527835 0.522402 -0.527835 0.522402
-0.519252 0.522402 -0.519252 0.522402
-0.510669 0.522402 -0.510669 0.522402
-0.502087 0.522402 -0.502087 0.522402
-0.493504 0.522402 -0.493504 0.522402
-0.484921 0.522402 -0.484921 0.522402
-0.476339 0.522402 -0.476339 0.522402
-0.467756 0.522402 -0.467756 0.522402
-0.459173 0.522402 -0.459173 0.522402
-0.450591 0.522402 -0.450591 0.522402
-0.442008 0.522402 -0.442008 0.522402
-0.433425 0.522402 -0.433425 0.522402
-0.424843 0.522402 -0.424843 0.522402
-0.416260 0.522402 -0.416260 0.522402
-0.407677 0.522402 -0.407677 0.522402
-0.399094 0.522402 -0.399094 0.522402
-0.390512 0.522402 -0.390512 0.522402
-0.381929 0.522402 -0.381929 0.522402
-0.373346 0.522402 -0.373346 0.522402
-0.364764 0.522402 -0.364764 0.522402
-0.356181 0.522402 -0.356181 0.522402
-0.347598 0.522402 -0.347598 0.522402
-0.339016 0.522402 -0.339016 0.522402
-0.330433 0.522402 -0.330433 0.522402
-0.321850 0.522402 -0.321850 0.522402
-0.313268 0.522402 -0.313268 0.522402
-0.304685 0.522402 -0.304685 0.522402
-0.296102 0.522402 -0.296102 0.522402
-0.287520 0.522402 -0.287520 0.522402
-0.278937 0.522402 -0.278937 0.522402
-0.270354 0.522402 -0.270354 0.522402
-0.261772 0.522402 -0.261772 0.522402
-0.253189 0.522402 -0.253189 0.522402
-0.244606 0.522402 -0.244606 0.522402
-0.236024 0.522402 -0.236024 0.522402
-0.227441 0.522402 -0.227441 0.522402
-0.218858 0.522402 -0.218858 0.522402
-0.210276 0.522402 -0.210276 0.522402
-0.201693 0.522402 -0.512645 -2.255068
-0.193110 0.522402 -0.503237 -2.260868
-0.184528 0.522402 0.757116 -2.674756
-0.175945 0.522402 0.741464 -2.650977
-0.167362 0.522402 -1.883865 -1.222927
-0.158780 0.522402 -1.860875 -1.209583
-0.141614 0.522402 -0.036075 -0.428499
-0.133031 0.522402 0.900365 1.136623
-0.124449 0.522402 1.074189 1.018893
-0.115866 0.522402 0.179071 0.822854
-0.107283 0.522402 0.330791 0.944681
-0.098701 0.522402 0.518219 0.941024
-0.090118 0.522402 0.645853 0.827251
-0.081535 0.522402 0.658346 0.828871
-0.072953 0.522402 0.670839 0.830491
-0.064370 0.522402 0.683333 0.832110
-0.055787 0.522402 0.013740 -0.584081
-0.047205 0.522402 -0.085422 -0.538678
-0.038622 0.522402 -0.005672 -0.575142
-0.030039 0.522402 0.055170 -0.501278
-0.021457 0.522402 -0.027438 0.887267
-0.012874 0.522402 0.137978 0.886590
-0.004291 0.522402 0.146655 0.886818
0.004291 0.522402 -0.146655 0.886818
0.012874 0.522402 -0.137978 0.886590
0.021457 0.522402 0.027438 0.887267
0.030039 0.522402 -0.055160 -0.501286
0.038622 0.522402 0.005677 -0.575139
0.047205 0.522402 0.085420 -0.538678
0.055787 0.522402 -0.013730 -0.584087
0.064370 0.522402 -0.683332 0.832110
0.072953 0.522402 -0.670839 0.830490
0.081535 0.522402 -0.658346 0.828871
0.090118 0.522402 -0.645853 0.827251
0.098701 0.522402 -0.518219 0.941024
0.107283 0.522402 -0.330791 0.944681
0.115866 0.522402 -0.179072 0.822854
0.124449 0.522402 -1.074188 1.018894
0.133031 0.522402 -0.900364 1.136622
0.141614 0.522402 0.036079 -0.428498
0.150197 0.522402 -0.980606 0.369380
0.158780 0.522402 -0.992831 0.364065
0.167362 0.522402 -1.005055 0.358749
0.175945 0.522402 0.478640 -2.241960
0.184528 0.522402 1.953527 -1.217769
0.193110 0.522402 1.971717 -1.225800
0.201693 0.522402 0.201693 0.522402
0.210276 0.522402 0.210276 0.522402
0.218858 0.522402 0.218858 0.522402
0.227441 0.522402 0.227441 0.522402
0.236024 0.522402 0.236024 0.522402
0.244606 0.522402 0.244606 0.522402
0.253189 0.522402 0.253189 0.522402
0.261772 0.522402 0.261772 0.522402
0.270354 0.522402 0.270354 0.522402
0.278937 0.522402 0.278937 0.522402
0.287520 0.522402 0.287520 0.522402
0.296102 0.522402 0.296102 0.522402
0.304685 0.522402 0.304685 0.522402
0.313268 0.522402 0.313268 0.522402
0.321850 0.522402 0.321850 0.522402
0.330433 0.522402 0.330433 0.522402
0.339016 0.522402 0.339016 0.522402
0.347598 0.522402 0.347598 0.522402
0.356181 0.522402 0.356181 0.522402
0.364764 0.522402 0.364764 0.522402
0.373346 0.522402 0.373346 0.522402
0.381929 0.522402 0.381929 0.522402
0.390512 0.522402 0.390512 0.522402
0.399094 0.522402 0.399094 0.522402
0.407677 0.522402 0.407677 0.522402
0.416260 0.522402 0.416260 0.522402
0.424843 0.522402 0.424843 0.522402
0.433425 0.522402 0.433425 0.522402
0.442008 0.522402 0.442008 0.522402
0.450591 0.522402 0.450591 0.522402
0.459173 0.522402 0.459173 0.522402
0.467756 0.522402 0.467756 0.522402
0.476339 0.522402 0.476339 0.522402
0.484921 0.522402 0.484921 0.522402
0.493504 0.522402 0.493504 0.522402
0.502087 0.522402 0.502087 0.522402
0.510669 0.522402 0.510669 0.522402
0.519252 0.522402 0.519252 0.522402
0.527835 0.522402 0.527835 0.522402
0.536417 0.522402 0.536417 0.522402
0.545000 0.522402 0.545000 0.522402
-0.545000 0.535709 -0.545000 0.535709
-0.536417 0.535709 -0.536417 0.535709
-0.527835 0.535709 -0.527835 0.535709
-0.519252 0.535709 -0.519252 0.535709
-0.510669 0.535709 -0.510669 0.535709
-0.502087 0.535709 -0.502087 0.535709
-0.493504 0.535709 -0.493504 0.535709
-0.484921 0.535709 -0.484921 0.535709
-0.476339 0.535709 -0.476339 0.535709
-0.467756 0.535709 -0.467756 0.535709
-0.459173 0.535709 -0.459173 0.535709
-0.450591 0.535709 -0.450591 0.535709
-0.442008 0.535709 -0.442008 0.535709
-0.433425 0.535709 -0.433425 0.535709
-0.424843 0.535709 -0.424843 0.535709
-0.416260 0.535709 -0.416260 0.535709
-0.407677 0.535709 -0.407677 0.535709
-0.399094 0.535709 -0.399094 0.535709
-0.390512 0.535709 -0.390512 0.535709
-0.381929 0.535709 -0.381929 0.535709
-0.373346 0.535709 -0.373346 0.535709
-0.364764 0.535709 -0.364764 0.535709
-0.356181 0.535709 -0.356181 0.535709
-0.347598 0.535709 -0.347598 0.535709
-0.339016 0.535709 -0.339016 0.535709
-0.330433 0.535709 -0.330433 0.535709
-0.321850 0.535709 -0.321850 0.535709
-0.313268 0.535709 -0.313268 0.535709
-0.304685 0.535709 -0.304685 0.535709
-0.296102 0.535709 -0.296102 0.535709
-0.287520 0.535709 -0.287520 0.535709
-0.278937 0.535709 -0.278937 0.535709
-0.270354 0.535709 -0.270354 0.535709
-0.261772 0.535709 -0.261772 0.535709
-0.253189 0.535709 -0.253189 0.535709
-0.244606 0.535709 -0.244606 0.535709
-0.236024 0.535709 -0.236024 0.535709
-0.227441 0.535709 -0.227441 0.535709
-0.218858 0.535709 -0.218858 0.535709
-0.210276 0.535709 -0.210276 0.535709
-0.201693 0.535709 -0.201693 0.535709
-0.193110 0.535709 -0.193110 0.535709
-0.184528 0.535709 -0.488765 -2.188812
-0.175945 0.535709 -0.479357 -2.194612
-0.167362 0.535709 0.744300 -2.586376
-0.158780 0.535709 -1.848423 -1.181381
-0.150197 0.535709 -1.825432 -1.168037
-0.141614 0.535709 -1.802442 -1.154692
-0.115866 0.535709 1.267983 0.277162
-0.107283 0.535709 1.269739 0.286956
-0.098701 0.535709 1.271495 0.296751
-0.090118 0.535709 0.656660 0.742649
-0.081535 0.535709 0.669379 0.744523
-0.072953 0.535709 -1.648667 -2.583594
-0.055787 0.535709 -0.011002 -0.592634
-0.047205 0.535709 -0.000528 -0.591371
-0.038622 0.535709 0.214792 0.797433
-0.030039 0.535709 0.333955 0.686480
-0.021457 0.535709 0.343088 0.686708
-0.012874 0.535709 0.138331 0.900750
-0.004291 0.535709 0.147008 0.900978
0.004291 0.535709 -0.147008 0.900978
0.012874 0.535709 -0.138331 0.900750
0.021457 0.535709 -0.343088 0.686708
0.030039 0.535709 -0.333955 0.686480
0.038622 0.535709 -0.214792 0.797433
0.047205 0.535709 0.000531 -0.591372
0.055787 0.535709 0.011005 -0.592632
0.072953 0.535709 -1.287884 0.272820
0.081535 0.535709 -1.282671 0.263225
0.090118 0.535709 -1.277457 0.253631
0.098701 0.535709 -1.272244 0.244036
0.124449 0.535709 0.220157 -0.441186
0.141614 0.535709 -1.155705 0.373835
0.150197 0.535709 -0.984539 0.382519
0.158780 0.535709 0.454595 -2.168982
0.167362 0.535709 1.896459 -1.166061
0.175945 0.535709 1.914648 -1.174092
0.184528 0.535709 1.932837 -1.182123
0.193110 0.535709 0.193110 0.535709
0.201693 0.535709 0.201693 0.535709
0.210276 0.535709 0.210276 0.535709
0.218858 0.535709 0.218858 0.535709
0.227441 0.535709 0.227441 0.535709
0.236024 0.535709 0.236024 0.535709
0.244606 0.535709 0.244606 0.535709
0.253189 0.535709 0.253189 0.535709
0.261772 0.535709 0.261772 0.535709
0.270354 0.535709 0.270354 0.535709
0.278937 0.535709 0.278937 0.535709
0.287520 0.535709 0.287520 0.535709
0.296102 0.535709 0.296102 0.535709
0.304685 0.535709 0.304685 0.535709
0.313268 0.535709 0.313268 0.535709
0.321850 0.535709 0.321850 0.535709
0.330433 0.535709 0.330433 0.535709
0.339016 0.535709 0.339016 0.535709
0.347598 0.535709 0.347598 0.535709
0.356181 0.535709 0.356181 0.535709
0.364764 0.535709 0.364764 0.535709
0.373346 0.535709 0.373346 0.535709
0.381929 0.535709 0.381929 0.535709
0.390512 0.535709 0.390512 0.535709
0.399094 0.535709 0.399094 0.535709
0.407677 0.535709 0.407677 0.535709
0.416260 0.535709 0.416260 0.535709
0.424843 0.535709 0.424843 0.535709
0.433425 0.535709 0.433425 0.535709
0.442008 0.535709 0.442008 0.535709
0.450591 0.535709 0.450591 0.535709
0.459173 0.535709 0.459173 0.535709
0.467756 0.535709 0.467756 0.535709
0.476339 0.535709 0.476339 0.535709
0.484921 0.535709 0.484921 0.535709
0.493504 0.535709 0.493504 0.535709
0.502087 0.535709 0.502087 0.535709
0.510669 0.535709 0.510669 0.535709
0.519252 0.535709 0.519252 0.535709
0.527835 0.535709 0.527835 0.535709
0.536417 0.535709 0.536417 0.535709
0.545000 0.535709 0.545000 0.535709
-0.545000 0.549016 -0.545000 0.549016
-0.536417 0.549016 -0.536417 0.549016
-0.527835 0.549016 -0.527835 0.549016
-0.519252 0.549016 -0.519252 0.549016
-0.510669 0.549016 -0.510669 0.549016
-0.502087 0.549016 -0.502087 0.549016
-0.493504 0.549016 -0.493504 0.549016
-0.484921 0.549016 -0.484921 0.549016
-0.476339 0.549016 -0.476339 0.549016
-0.467756 0.549016 -0.467756 0.549016
-0.459173 0.549016 -0.459173 0.549016
-0.450591 0.549016 -0.450591 0.549016
-0.442008 0.549016 -0.442008 0.549016
-0.433425 0.549016 -0.433425 0.549016
-0.424843 0.549016 -0.424843 0.549016
-0.416260 0.549016 -0.416260 0.549016
-0.407677 0.549016 -0.407677 0.549016
-0.399094 0.549016 -0.399094 0.549016
-0.390512 0.549016 -0.390512 0.549016
-0.381929 0.549016 -0.381929 0.549016
-0.373346 0.549016 -0.373346 0.549016
-0.364764 0.549016 -0.364764 0.549016
-0.356181 0.549016 -0.356181 0.549016
-0.347598 0.549016 -0.347598 0.549016
-0.339016 0.549016 -0.339016 0.549016
-0.330433 0.549016 -0.330433 0.549016
-0.321850 0.549016 -0.321850 0.549016
-0.313268 0.549016 -0.313268 0.549016
-0.304685 0.549016 -0.304685 0.549016
-0.296102 0.549016 -0.296102 0.549016
-0.287520 0.549016 -0.287520 0.549016
-0.278937 0.549016 -0.278937 0.549016
-0.270354 0.549016 -0.270354 0.549016
-0.261772 0.549016 -0.261772 0.549016
-0.253189 0.549016 -0.253189 0.549016
-0.244606 0.549016 -0.244606 0.549016
-0.236024 0.549016 -0.236024 0.549016
-0.227441 0.549016 -0.227441 0.549016
-0.218858 0.549016 -0.218858 0.549016
-0.210276 0.549016 -0.210276 0.549016
-0.201693 0.549016 -0.201693 0.549016
-0.193110 0.549016 -0.193110 0.549016
-0.184528 0.549016 -0.184528 0.549016
-0.175945 0.549016 -0.474292 -2.116755
-0.167362 0.549016 -0.464885 -2.122555
-0.158780 0.549016 0.747136 -2.521775
-0.150197 0.549016 0.731484 -2.497996
-0.141614 0.549016 -0.379513 0.298252
-0.133031 0.549016 -2.036242 -1.444375
-0.124449 0.549016 -2.346326 -1.632779
-0.115866 0.549016 -2.296700 -1.593557
-0.107283 0.549016 -2.835954 -0.607838
-0.098701 0.549016 1.264724 0.289601
-0.090118 0.549016 1.390458 0.156810
-0.081535 0.549016 1.380989 0.163095
-0.072953 0.549016 1.371521 0.169379
-0.064370 0.549016 1.362052 0.175664
-0.055787 0.549016 -0.078737 0.701586
-0.047205 0.549016 0.046933 0.813661
-0.038622 0.549016 0.215058 0.811256
-0.030039 0.549016 0.223982 0.811513
-0.021457 0.549016 0.343441 0.700161
-0.012874 0.549016 0.352573 0.700389
-0.004291 0.549016 0.361706 0.700617
0.004291 0.549016 -0.361706 0.700617
0.012874 0.549016 -0.352573 0.700389
0.021457 0.549016 -0.343441 0.700161
0.030039 0.549016 -0.223982 0.811513
0.038622 0.549016 -0.215058 0.811256
0.047205 0.549016 -0.046933 0.813661
0.055787 0.549016 0.078737 0.701586
0.064370 0.549016 1.531344 0.060876
0.072953 0.549016 2.258736 -1.082877
0.081535 0.549016 2.305014 -1.110922
0.090118 0.549016 0.053567 0.291169
0.098701 0.549016 0.061190 0.287154
0.107283 0.549016 0.068814 0.283140
0.115866 0.549016 0.076438 0.279126
0.124449 0.549016 0.084062 0.275111
0.133031 0.549016 0.091685 0.271097
0.141614 0.549016 -0.976247 0.400972
0.150197 0.549016 0.441204 -2.104734
0.158780 0.549016 1.857580 -1.122384
0.167362 0.549016 1.875769 -1.130415
0.175945 0.549016 1.283863 0.676908
0.184528 0.549016 0.184528 0.549016
0.193110 0.549016 0.193110 0.549016
0.201693 0.549016 0.201693 0.549016
0.210276 0.549016 0.210276 0.549016
0.218858 0.549016 0.218858 0.549016
0.227441 0.549016 0.227441 0.549016
0.236024 0.549016 0.236024 0.549016
0.244606 0.549016 0.244606 0.549016
0.253189 0.549016 0.253189 0.549016
0.261772 0.549016 0.261772 0.549016
0.270354 0.549016 0.270354 0.549016
0.278937 0.549016 0.278937 0.549016
0.287520 0.549016 0.287520 0.549016
0.296102 0.549016 0.296102 0.549016
0.304685 0.549016 0.304685 0.549016
0.313268 0.549016 0.313268 0.549016
0.321850 0.549016 0.321850 0.549016
0.330433 0.549016 0.330433 0.549016
0.339016 0.549016 0.339016 0.549016
0.347598 0.549016 0.347598 0.549016
0.356181 0.549016 0.356181 0.549016
0.364764 0.549016 0.364764 0.549016
0.373346 0.549016 0.373346 0.549016
0.381929 0.549016 0.381929 0.549016
0.390512 0.549016 0.390512 0.549016
0.399094 0.549016 0.399094 0.549016
0.407677 0.549016 0.407677 0.549016
0.416260 0.549016 0.416260 0.549016
0.424843 0.549016 0.424843 0.549016
0.433425 0.549016 0.433425 0.549016
0.442008 0.549016 0.442008 0.549016
0.450591 0.549016 0.450591 0.549016
0.459173 0.549016 0.459173 0.549016
0.467756 0.549016 0.467756 0.549016
0.476339 0.549016 0.476339 0.549016
0.484921 0.549016 0.484921 0.549016
0.493504 0.549016 0.493504 0.549016
0.502087 0.549016 0.502087 0.549016
0.510669 0.549016 0.510669 0.549016
0.519252 0.549016 0.519252 0.549016
0.527835 0.549016 0.527835 0.549016
0.536417 0.549016 0.536417 0.549016
0.545000 0.549016 0.545000 0.549016
-0.545000 0.562323 -0.545000 0.562323
-0.536417 0.562323 -0.536417 0.562323
-0.527835 0.562323 -0.527835 0.562323
-0.519252 0.562323 -0.519252 0.562323
-0.510669 0.562323 -0.510669 0.562323
-0.502087 0.562323 -0.502087 0.562323
-0.493504 0.562323 -0.493504 0.562323
-0.484921 0.562323 -0.484921 0.562323
-0.476339 0.562323 -0.476339 0.562323
-0.467756 0.562323 -0.467756 0.562323
-0.459173 0.562323 -0.459173 0.562323
-0.450591 0.562323 -0.450591 0.562323
-0.442008 0.562323 -0.442008 0.562323
-0.433425 0.562323 -0.433425 0.562323
-0.424843 0.562323 -0.424843 0.562323
-0.416260 0.562323 -0.416260 0.562323
-0.407677 0.562323 -0.407677 0.562323
-0.399094 0.562323 -0.399094 0.562323
-0.390512 0.562323 -0.390512 0.562323
-0.381929 0.562323 -0.381929 0.562323
-0.373346 0.562323 -0.373346 0.562323
-0.364764 0.562323 -0.364764 0.562323
-0.356181 0.562323 -0.356181 0.562323
-0.347598 0.562323 -0.347598 0.562323
-0.339016 0.562323 -0.339016 0.562323
-0.330433 0.562323 -0.330433 0.562323
-0.321850 0.562323 -0.321850 0.562323
-0.313268 0.562323 -0.313268 0.562323
-0.304685 0.562323 -0.304685 0.562323
-0.296102 0.562323 -0.296102 0.562323
-0.287520 0.562323 -0.287520 0.562323
-0.278937 0.562323 -0.278937 0.562323
-0.270354 0.562323 -0.270354 0.562323
-0.261772 0.562323 -0.261772 0.562323
-0.253189 0.562323 -0.253189 0.562323
-0.244606 0.562323 -0.244606 0.562323
-0.236024 0.562323 -0.236024 0.562323
-0.227441 0.562323 -0.227441 0.562323
-0.218858 0.562323 -0.218858 0.562323
-0.210276 0.562323 -0.210276 0.562323
-0.201693 0.562323 -1.320715 0.692000
-0.193110 0.562323 -1.306028 0.696650
-0.184528 0.562323 -0.393889 2.237212
-0.175945 0.562323 -0.385164 2.236079
-0.167362 0.562323 -1.625858 -0.271103
-0.158780 0.562323 -1.748194 -2.341330
-0.150197 0.562323 -1.503418 -2.448517
-0.141614 0.562323 6.771498 -5.507622
-0.133031 0.562323 6.294419 -4.944245
-0.124449 0.562323 1.094767 0.303235
-0.115866 0.562323 1.083099 0.311044
-0.107283 0.562323 1.283400 0.293623
-0.098701 0.562323 -2.322200 -1.126133
-0.090118 0.562323 -2.284214 -1.105099
-0.081535 0.562323 -2.246228 -1.084064
-0.072953 0.562323 -1.007595 -0.780632
-0.055787 0.562323 -0.155584 -0.499694
-0.047205 0.562323 -0.146678 -0.504615
-0.030039 0.562323 0.022093 -0.556864
-0.021457 0.562323 0.016466 -0.563723
-0.012874 0.562323 0.009292 -0.569319
-0.004291 0.562323 -0.037531 -1.066205
0.004291 0.562323 0.037528 -1.066207
0.012874 0.562323 -0.009302 -0.569315
0.021457 0.562323 -0.016468 -0.563723
0.030039 0.562323 -0.022096 -0.556865
0.047205 0.562323 0.146672 -0.504618
0.055787 0.562323 0.155579 -0.499697
0.072953 0.562323 1.552426 0.070024
0.081535 0.562323 -4.273225 -4.141557
0.090118 0.562323 -4.337705 -4.221056
0.098701 0.562323 -3.021018 -4.622591
0.107283 0.562323 1.741674 -2.180235
0.115866 0.562323 1.772964 -2.218266
0.124449 0.562323 1.804254 -2.256297
0.133031 0.562323 1.835543 -2.294327
0.141614 0.562323 2.032693 -1.258744
0.150197 0.562323 3.092297 -1.522262
0.158780 0.562323 2.837813 -1.333707
0.167362 0.562323 1.625858 -0.271103
0.175945 0.562323 0.385164 2.236079
0.184528 0.562323 0.393889 2.237212
0.193110 0.562323 1.306028 0.696650
0.201693 0.562323 1.320715 0.692000
0.210276 0.562323 0.210276 0.562323
0.218858 0.562323 0.218858 0.562323
0.227441 0.562323 0.227441 0.562323
0.236024 0.562323 0.236024 0.562323
0.244606 0.562323 0.244606 0.562323
0.253189 0.562323 0.253189 0.562323
0.261772 0.562323 0.261772 0.562323
0.270354 0.562323 0.270354 0.562323
0.278937 0.562323 0.278937 0.562323
0.287520 0.562323 0.287520 0.562323
0.296102 0.562323 0.296102 0.562323
0.304685 0.562323 0.304685 0.562323
0.313268 0.562323 0.313268 0.562323
0.321850 0.562323 0.321850 0.562323
0.330433 0.562323 0.330433 0.562323
0.339016 0.562323 0.339016 0.562323
0.347598 0.562323 0.347598 0.562323
0.356181 0.562323 0.356181 0.562323
0.364764 0.562323 0.364764 0.562323
0.373346 0.562323 0.373346 0.562323
0.381929 0.562323 0.381929 0.562323
0.390512 0.562323 0.390512 0.562323
0.399094 0.562323 0.399094 0.562323
0.407677 0.562323 0.407677 0.562323
0.416260 0.562323 0.416260 0.562323
0.424843 0.562323 0.424843 0.562323
0.433425 0.562323 0.433425 0.562323
0.442008 0.562323 0.442008 0.562323
0.450591 0.562323 0.450591 0.562323
0.459173 0.562323 0.459173 0.562323
0.467756 0.562323 0.467756 0.562323
0.476339 0.562323 0.476339 0.562323
0.484921 0.562323 0.484921 0.562323
0.493504 0.562323 0.493504 0.562323
0.502087 0.562323 0.502087 0.562323
0.510669 0.562323 0.510669 0.562323
0.519252 0.562323 0.519252 0.562323
0.527835 0.562323 0.527835 0.562323
0.536417 0.562323 0.536417 0.562323
0.545000 0.562323 0.545000 0.562323
-0.545000 0.575630 -0.545000 0.575630
-0.536417 0.575630 -0.536417 0.575630
-0.527835 0.575630 -0.527835 0.575630
-0.519252 0.575630 -0.519252 0.575630
-0.510669 0.575630 -0.510669 0.575630
-0.502087 0.575630 -0.502087 0.575630
-0.493504 0.575630 -0.493504 0.575630
-0.484921 0.575630 -0.484921 0.575630
-0.476339 0.575630 -0.476339 0.575630
-0.467756 0.575630 -0.467756 0.575630
-0.459173 0.575630 -0.459173 0.575630
-0.450591 0.575630 -0.450591 0.575630
-0.442008 0.575630 -0.442008 0.575630
-0.433425 0.575630 -0.433425 0.575630
-0.424843 0.575630 -0.424843 0.575630
-0.416260 0.575630 -0.416260 0.575630
-0.407677 0.575630 -0.407677 0.575630
-0.399094 0.575630 -0.399094 0.575630
-0.390512 0.575630 -0.390512 0.575630
-0.381929 0.575630 -0.381929 0.575630
-0.373346 0.575630 -0.373346 0.575630
-0.364764 0.575630 -0.364764 0.575630
-0.356181 0.575630 -0.356181 0.575630
-0.347598 0.575630 -0.347598 0.575630
-0.339016 0.575630 -0.339016 0.575630
-0.330433 0.575630 -0.330433 0.575630
-0.321850 0.575630 -0.321850 0.575630
-0.313268 0.575630 -0.313268 0.575630
-0.304685 0.575630 -0.304685 0.575630
-0.296102 0.575630 -0.296102 0.575630
-0.287520 0.575630 -0.287520 0.575630
-0.278937 0.575630 -0.278937 0.575630
-0.270354 0.575630 -0.270354 0.575630
-0.261772 0.575630 -0.261772 0.575630
-0.253189 0.575630 -0.253189 0.575630
-0.244606 0.575630 -0.244606 0.575630
-0.236024 0.575630 -0.236024 0.575630
-0.227441 0.575630 -1.357568 0.707093
-0.218858 0.575630 -0.430543 2.269109
-0.210276 0.575630 -0.421819 2.267976
-0.201693 0.575630 -0.413094 2.266843
-0.193110 0.575630 -1.666280 -0.266182
-0.184528 0.575630 -1.650756 -0.262215
-0.175945 0.575630 -0.946892 1.387011
-0.167362 0.575630 -0.167362 0.575630
-0.158780 0.575630 -0.158780 0.575630
-0.150197 0.575630 -0.150197 0.575630
-0.141614 0.575630 -0.141614 0.575630
-0.124449 0.575630 0.016441 -0.515241
-0.115866 0.575630 -0.191606 -1.346855
-0.107283 0.575630 -0.178472 -1.349124
-0.098701 0.575630 0.045410 -1.374091
-0.064370 0.575630 -0.043250 -0.570528
-0.055787 0.575630 -0.033346 -0.570046
-0.047205 0.575630 -0.060623 -0.464765
-0.038622 0.575630 -0.020023 -0.583529
-0.021457 0.575630 0.179085 -1.029624
-0.012874 0.575630 -0.044640 -1.054205
-0.004291 0.575630 -0.035473 -1.052681
0.004291 0.575630 0.035467 -1.052685
0.012874 0.575630 0.044633 -1.054209
0.021457 0.575630 -0.179091 -1.029621
0.038622 0.575630 0.020017 -0.583531
0.047205 0.575630 0.060626 -0.464771
0.055787 0.575630 0.033344 -0.570049
0.064370 0.575630 0.043248 -0.570531
0.098701 0.575630 -0.045419 -1.374084
0.107283 0.575630 0.178463 -1.349116
0.115866 0.575630 0.191602 -1.346853
0.124449 0.575630 -0.016431 -0.515242
0.141614 0.575630 0.141614 0.575630
0.150197 0.575630 0.150197 0.575630
0.158780 0.575630 0.158780 0.575630
0.167362 0.575630 0.167362 0.575630
0.175945 0.575630 0.946892 1.387011
0.184528 0.575630 1.650756 -0.262215
0.193110 0.575630 1.666280 -0.266182
0.201693 0.575630 0.413094 2.266843
0.210276 0.575630 0.421819 2.267976
0.218858 0.575630 0.430543 2.269109
0.227441 0.575630 1.357568 0.707093
0.236024 0.575630 0.236024 0.575630
0.244606 0.575630 0.244606 0.575630
0.253189 0.575630 0.253189 0.575630
0.261772 0.575630 0.261772 0.575630
0.270354 0.575630 0.270354 0.575630
0.278937 0.575630 0.278937 0.575630
0.287520 0.575630 0.287520 0.575630
0.296102 0.575630 0.296102 0.575630
0.304685 0.575630 0.304685 0.575630
0.313268 0.575630 0.313268 0.575630
0.321850 0.575630 0.321850 0.575630
0.330433 0.575630 0.330433 0.575630
0.339016 0.575630 0.339016 0.575630
0.347598 0.575630 0.347598 0.575630
0.356181 0.575630 0.356181 0.575630
0.364764 0.575630 0.364764 0.575630
0.373346 0.575630 0.373346 0.575630
0.381929 0.575630 0.381929 0.575630
0.390512 0.575630 0.390512 0.575630
0.399094 0.575630 0.399094 0.575630
0.407677 0.575630 0.407677 0.575630
0.416260 0.575630 0.416260 0.575630
0.424843 0.575630 0.424843 0.575630
0.433425 0.575630 0.433425 0.575630
0.442008 0.575630 0.442008 0.575630
0.450591 0.575630 0.450591 0.575630
0.459173 0.575630 0.459173 0.575630
0.467756 0.575630 0.467756 0.575630
0.476339 0.575630 0.476339 0.575630
0.484921 0.575630 0.484921 0.575630
0.493504 0.575630 0.493504 0.575630
0.502087 0.575630 0.502087 0.575630
0.510669 0.575630 0.510669 0.575630
0.519252 0.575630 0.519252 0.575630
0.527835 0.575630 0.527835 0.575630
0.536417 0.575630 0.536417 0.575630
0.545000 0.575630 0.545000 0.575630
-0.545000 0.588937 -0.545000 0.588937
-0.536417 0.588937 -0.536417 0.588937
-0.527835 0.588937 -0.527835 0.588937
-0.519252 0.588937 -0.519252 0.588937
-0.510669 0.588937 -0.510669 0.588937
-0.502087 0.588937 -0.502087 0.588937
-0.493504 0.588937 -0.493504 0.588937
-0.484921 0.588937 -0.484921 0.588937
-0.476339 0.588937 -0.476339 0.588937
-0.467756 0.588937 -0.467756 0.588937
-0.459173 0.588937 -0.459173 0.588937
-0.450591 0.588937 -0.450591 0.588937
-0.442008 0.588937 -0.442008 0.588937
-0.433425 0.588937 -0.433425 0.588937
-0.424843 0.588937 -0.424843 0.588937
-0.416260 0.588937 -0.416260 0.588937
-0.407677 0.588937 -0.407677 0.588937
-0.399094 0.588937 -0.399094 0.588937
-0.390512 0.588937 -0.390512 0.588937
-0.381929 0.588937 -0.381929 0.588937
-0.373346 0.588937 -0.373346 0.588937
-0.364764 0.588937 -0.364764 0.588937
-0.356181 0.588937 -0.356181 0.588937
-0.347598 0.588937 -0.347598 0.588937
-0.339016 0.588937 -0.339016 0.588937
-0.330433 0.588937 -0.330433 0.588937
-0.321850 0.588937 -0.321850 0.588937
-0.313268 0.588937 -0.313268 0.588937
-0.304685 0.588937 -0.304685 0.588937
-0.296102 0.588937 -0.296102 0.588937
-0.287520 0.588937 -0.287520 0.588937
-0.278937 0.588937 -0.278937 0.588937
-0.270354 0.588937 -0.270354 0.588937
-0.261772 0.588937 -0.261772 0.588937
-0.253189 0.588937 -1.150624 0.076117
-0.244606 0.588937 -0.458473 2.299873
-0.236024 0.588937 -0.449749 2.298739
-0.227441 0.588937 -1.722226 -0.265226
-0.218858 0.588937 -1.706702 -0.261260
-0.210276 0.588937 -1.691178 -0.257293
-0.201693 0.588937 -0.980299 1.409232
-0.193110 0.588937 -0.193110 0.588937
-0.184528 0.588937 -0.184528 0.588937
-0.175945 0.588937 -0.175945 0.588937
-0.167362 0.588937 -0.167362 0.588937
-0.158780 0.588937 -0.158780 0.588937
-0.150197 0.588937 -0.150197 0.588937
-0.141614 0.588937 -0.141614 0.588937
-0.133031 0.588937 -0.121960 -0.511891
-0.124449 0.588937 0.014335 -0.498320
-0.115866 0.588937 1.578421 -0.112860
-0.107283 0.588937 -0.178716 -1.336841
-0.064370 0.588937 0.023746 -0.530613
-0.055787 0.588937 0.035071 0.713615
-0.030039 0.588937 0.006186 -0.588270
-0.021457 0.588937 0.001103 -0.593077
0.021457 0.588937 -0.001099 -0.593080
0.030039 0.588937 -0.006182 -0.588273
0.055787 0.588937 -0.035071 0.713615
0.064370 0.588937 -0.023739 -0.530615
0.107283 0.588937 0.178707 -1.336833
0.115866 0.588937 -1.578420 -0.112860
0.124449 0.588937 -0.014330 -0.498320
0.133031 0.588937 0.121946 -0.511891
0.141614 0.588937 0.141614 0.588937
0.150197 0.588937 0.150197 0.588937
0.158780 0.588937 0.158780 0.588937
0.167362 0.588937 0.167362 0.588937
0.175945 0.588937 0.175945 0.588937
0.184528 0.588937 0.184528 0.588937
0.193110 0.588937 0.193110 0.588937
0.201693 0.588937 0.980299 1.409232
0.210276 0.588937 1.691178 -0.257293
0.218858 0.588937 1.706702 -0.261260
0.227441 0.588937 1.722226 -0.265226
0.236024 0.588937 0.449749 2.298739
0.244606 0.588937 0.458473 2.299873
0.253189 0.588937 1.150624 0.076117
0.261772 0.588937 0.261772 0.588937
0.270354 0.588937 0.270354 0.588937
0.278937 0.588937 0.278937 0.588937
0.287520 0.588937 0.287520 0.588937
0.296102 0.588937 0.296102 0.588937
0.304685 0.588937 0.304685 0.588937
0.313268 0.588937 0.313268 0.588937
0.321850 0.588937 0.321850 0.588937
0.330433 0.588937 0.330433 0.588937
0.339016 0.588937 0.339016 0.588937
0.347598 0.588937 0.347598 0.588937
0.356181 0.588937 0.356181 0.588937
0.364764 0.588937 0.364764 0.588937
0.373346 0.588937 0.373346 0.588937
0.381929 0.588937 0.381929 0.588937
0.390512 0.588937 0.390512 0.588937
0.399094 0.588937 0.399094 0.588937
0.407677 0.588937 0.407677 0.588937
0.416260 0.588937 0.416260 0.588937
0.424843 0.588937 0.424843 0.588937
0.433425 0.588937 0.433425 0.588937
0.442008 0.588937 0.442008 0.588937
0.450591 0.588937 0.450591 0.588937
0.459173 0.588937 0.459173 0.588937
0.467756 0.588937 0.467756 0.588937
0.476339 0.588937 0.476339 0.588937
0.484921 0.588937 0.484921 0.588937
0.493504 0.588937 0.493504 0.588937
0.502087 0.588937 0.502087 0.588937
0.510669 0.588937 0.510669 0.588937
0.519252 0.588937 0.519252 0.588937
0.527835 0.588937 0.527835 0.588937
0.536417 0.588937 0.536417 0.588937
0.545000 0.588937 0.545000 0.588937
-0.545000 0.602244 -0.545000 0.602244
-0.536417 0.602244 -0.536417 0.602244
-0.527835 0.602244 -0.527835 0.602244
-0.519252 0.602244 -0.519252 0.602244
-0.510669 0.602244 -0.510669 0.602244
-0.502087 0.602244 -0.502087 0.602244
-0.493504 0.602244 -0.493504 0.602244
-0.484921 0.602244 -0.484921 0.602244
-0.476339 0.602244 -0.476339 0.602244
-0.467756 0.602244 -0.467756 0.602244
-0.459173 0.602244 -0.459173 0.602244
-0.450591 0.602244 -0.450591 0.602244
-0.442008 0.602244 -0.442008 0.602244
-0.433425 0.602244 -0.433425 0.602244
-0.424843 0.602244 -0.424843 0.602244
-0.416260 0.602244 -0.416260 0.602244
-0.407677 0.602244 -0.407677 0.602244
-0.399094 0.602244 -0.399094 0.602244
-0.390512 0.602244 -0.390512 0.602244
-0.381929 0.602244 -0.381929 0.602244
-0.373346 0.602244 -0.373346 0.602244
-0.364764 0.602244 -0.364764 0.602244
-0.356181 0.602244 -0.356181 0.602244
-0.347598 0.602244 -0.347598 0.602244
-0.339016 0.602244 -0.339016 0.602244
-0.330433 0.602244 -0.330433 0.602244
-0.321850 0.602244 -0.321850 0.602244
-0.313268 0.602244 -0.313268 0.602244
-0.304685 0.602244 -0.304685 0.602244
-0.296102 0.602244 -0.296102 0.602244
-0.287520 0.602244 -0.287520 0.602244
-0.278937 0.602244 -0.278937 0.602244
-0.270354 0.602244 -0.270354 0.602244
-0.261772 0.602244 -0.261772 0.602244
-0.253189 0.602244 -0.380945 1.624291
-0.244606 0.602244 -0.372277 1.623612
-0.236024 0.602244 -1.026516 1.428210
-0.227441 0.602244 -1.013705 1.431453
-0.218858 0.602244 -0.218858 0.602244
-0.210276 0.602244 -0.210276 0.602244
-0.201693 0.602244 -0.201693 0.602244
-0.193110 0.602244 -0.193110 0.602244
-0.184528 0.602244 -0.184528 0.602244
-0.175945 0.602244 -0.175945 0.602244
-0.167362 0.602244 -0.167362 0.602244
-0.158780 0.602244 -0.158780 0.602244
-0.150197 0.602244 -0.150197 0.602244
-0.141614 0.602244 -0.141614 0.602244
-0.133031 0.602244 -0.133031 0.602244
-0.124449 0.602244 0.012233 -0.481394
-0.098701 0.602244 0.509044 0.591069
-0.081535 0.602244 0.653875 0.461041
-0.072953 0.602244 0.666367 0.459767
-0.064370 0.602244 0.678859 0.458494
-0.055787 0.602244 0.691351 0.457220
-0.047205 0.602244 0.029954 -0.535212
-0.038622 0.602244 0.044205 -0.534947
-0.030039 0.602244 0.058457 -0.534681
-0.012874 0.602244 0.057793 -0.568310
-0.004291 0.602244 0.067308 -0.569079
0.004291 0.602244 -0.067309 -0.569079
0.012874 0.602244 -0.057794 -0.568307
0.030039 0.602244 -0.058456 -0.534679
0.038622 0.602244 -0.044204 -0.534945
0.047205 0.602244 -0.029953 -0.535212
0.055787 0.602244 -0.691351 0.457220
0.064370 0.602244 -0.678859 0.458494
0.072953 0.602244 -0.666367 0.459768
0.081535 0.602244 -0.653875 0.461041
0.098701 0.602244 -0.509044 0.591069
0.124449 0.602244 -0.012229 -0.481398
0.133031 0.602244 0.133031 0.602244
0.141614 0.602244 0.141614 0.602244
0.150197 0.602244 0.150197 0.602244
0.158780 0.602244 0.158780 0.602244
0.167362 0.602244 0.167362 0.602244
0.175945 0.602244 0.175945 0.602244
0.184528 0.602244 0.184528 0.602244
0.193110 0.602244 0.193110 0.602244
0.201693 0.602244 0.201693 0.602244
0.210276 0.602244 0.210276 0.602244
0.218858 0.602244 0.218858 0.602244
0.227441 0.602244 1.013705 1.431453
0.236024 0.602244 1.026516 1.428210
0.244606 0.602244 0.372277 1.623612
0.253189 0.602244 0.380945 1.624291
0.261772 0.602244 0.261772 0.602244
0.270354 0.602244 0.270354 0.602244
0.278937 0.602244 0.278937 0.602244
0.287520 0.602244 0.287520 0.602244
0.296102 0.602244 0.296102 0.602244
0.304685 0.602244 0.304685 0.602244
0.313268 0.602244 0.313268 0.602244
0.321850 0.602244 0.321850 0.602244
0.330433 0.602244 0.330433 0.602244
0.339016 0.602244 0.339016 0.602244
0.347598 0.602244 0.347598 0.602244
0.356181 0.602244 0.356181 0.602244
0.364764 0.602244 0.364764 0.602244
0.373346 0.602244 0.373346 0.602244
0.381929 0.602244 0.381929 0.602244
0.390512 0.602244 0.390512 0.602244
0.399094 0.602244 0.399094 0.602244
0.407677 0.602244 0.407677 0.602244
0.416260 0.602244 0.416260 0.602244
0.424843 0.602244 0.424843 0.602244
0.433425 0.602244 0.433425 0.602244
0.442008 0.602244 0.442008 0.602244
0.450591 0.602244 0.450591 0.602244
0.459173 0.602244 0.459173 0.602244
0.467756 0.602244 0.467756 0.602244
0.476339 0.602244 0.476339 0.602244
0.484921 0.602244 0.484921 0.602244
0.493504 0.602244 0.493504 0.602244
0.502087 0.602244 0.502087 0.602244
0.510669 0.602244 0.510669 0.602244
0.519252 0.602244 0.519252 0.602244
0.527835 0.602244 0.527835 0.602244
0.536417 0.602244 0.536417 0.602244
0.545000 0.602244 0.545000 0.602244
-0.545000 0.615551 -0.545000 0.615551
-0.536417 0.615551 -0.536417 0.615551
-0.527835 0.615551 -0.527835 0.615551
-0.519252 0.615551 -0.519252 0.615551
-0.510669 0.615551 -0.510669 0.615551
-0.502087 0.615551 -0.502087 0.615551
-0.493504 0.615551 -0.493504 0.615551
-0.484921 0.615551 -0.484921 0.615551
-0.476339 0.615551 -0.476339 0.615551
-0.467756 0.615551 -0.467756 0.615551
-0.459173 0.615551 -0.459173 0.615551
-0.450591 0.615551 -0.450591 0.615551
-0.442008 0.615551 -0.442008 0.615551
-0.433425 0.615551 -0.433425 0.615551
-0.424843 0.615551 -0.424843 0.615551
-0.416260 0.615551 -0.416260 0.615551
-0.407677 0.615551 -0.407677 0.615551
-0.399094 0.615551 -0.399094 0.615551
-0.390512 0.615551 -0.390512 0.615551
-0.381929 0.615551 -0.381929 0.615551
-0.373346 0.615551 -0.373346 0.615551
-0.364764 0.615551 -0.364764 0.615551
-0.356181 0.615551 -0.356181 0.615551
-0.347598 0.615551 -0.347598 0.615551
-0.339016 0.615551 -0.339016 0.615551
-0.330433 0.615551 -0.330433 0.615551
-0.321850 0.615551 -0.321850 0.615551
-0.313268 0.615551 -0.313268 0.615551
-0.304685 0.615551 -0.304685 0.615551
-0.296102 0.615551 -0.296102 0.615551
-0.287520 0.615551 -0.287520 0.615551
-0.278937 0.615551 -0.278937 0.615551
-0.270354 0.615551 -0.270354 0.615551
-0.261772 0.615551 -0.261772 0.615551
-0.253189 0.615551 -0.253189 0.615551
-0.244606 0.615551 -0.244606 0.615551
-0.236024 0.615551 -0.236024 0.615551
-0.227441 0.615551 -0.227441 0.615551
-0.218858 0.615551 -0.218858 0.615551
-0.210276 0.615551 -0.210276 0.615551
-0.201693 0.615551 -0.201693 0.615551
-0.193110 0.615551 -0.193110 0.615551
-0.184528 0.615551 -0.184528 0.615551
-0.175945 0.615551 -0.175945 0.615551
-0.167362 0.615551 -0.167362 0.615551
-0.158780 0.615551 -0.158780 0.615551
-0.150197 0.615551 -0.150197 0.615551
-0.141614 0.615551 -0.141614 0.615551
-0.133031 0.615551 -0.133031 0.615551
-0.124449 0.615551 -0.124449 0.615551
-0.115866 0.615551 1.054074 0.317059
-0.107283 0.615551 1.095978 0.117144
-0.098701 0.615551 0.506256 0.606165
-0.090118 0.615551 0.518650 0.604756
-0.081535 0.615551 0.651383 0.475481
-0.072953 0.615551 0.663875 0.474207
-0.064370 0.615551 0.274985 -5.247353
-0.055787 0.615551 -0.064397 -0.518231
-0.047205 0.615551 0.182111 -0.486413
-0.038622 0.615551 0.187003 -0.482255
-0.030039 0.615551 -0.096767 -0.493854
-0.004291 0.615551 0.148206 0.639374
0.004291 0.615551 -0.148206 0.639374
0.030039 0.615551 0.096767 -0.493854
0.038622 0.615551 -0.187003 -0.482255
0.047205 0.615551 -0.182112 -0.486412
0.055787 0.615551 0.064398 -0.518231
0.064370 0.615551 -0.274988 -5.247378
0.072953 0.615551 -0.663875 0.474208
0.081535 0.615551 -0.651383 0.475481
0.090118 0.615551 -0.518650 0.604756
0.098701 0.615551 -0.506256 0.606165
0.107283 0.615551 -1.095978 0.117144
0.115866 0.615551 -1.054074 0.317058
0.124449 0.615551 0.124449 0.615551
0.133031 0.615551 0.133031 0.615551
0.141614 0.615551 0.141614 0.615551
0.150197 0.615551 0.150197 0.615551
0.158780 0.615551 0.158780 0.615551
0.167362 0.615551 0.167362 0.615551
0.175945 0.615551 0.175945 0.615551
0.184528 0.615551 0.184528 0.615551
0.193110 0.615551 0.193110 0.615551
0.201693 0.615551 0.201693 0.615551
0.210276 0.615551 0.210276 0.615551
0.218858 0.615551 0.218858 0.615551
0.227441 0.615551 0.227441 0.615551
0.236024 0.615551 0.236024 0.615551
0.244606 0.615551 0.244606 0.615551
0.253189 0.615551 0.253189 0.615551
0.261772 0.615551 0.261772 0.615551
0.270354 0.615551 0.270354 0.615551
0.278937 0.615551 0.278937 0.615551
0.287520 0.615551 0.287520 0.615551
0.296102 0.615551 0.296102 0.615551
0.304685 0.615551 0.304685 0.615551
0.313268 0.615551 0.313268 0.615551
0.321850 0.615551 0.321850 0.615551
0.330433 0.615551 0.330433 0.615551
0.339016 0.615551 0.339016 0.615551
0.347598 0.615551 0.347598 0.615551
0.356181 0.615551 0.356181 0.615551
0.364764 0.615551 0.364764 0.615551
0.373346 0.615551 0.373346 0.615551
0.381929 0.615551 0.381929 0.615551
0.390512 0.615551 0.390512 0.615551
0.399094 0.615551 0.399094 0.615551
0.407677 0.615551 0.407677 0.615551
0.416260 0.615551 0.416260 0.615551
0.424843 0.615551 0.424843 0.615551
0.433425 0.615551 0.433425 0.615551
0.442008 0.615551 0.442008 0.615551
0.450591 0.615551 0.450591 0.615551
0.459173 0.615551 0.459173 0.615551
0.467756 0.615551 0.467756 0.615551
0.476339 0.615551 0.476339 0.615551
0.484921 0.615551 0.484921 0.615551
0.493504 0.615551 0.493504 0.615551
0.502087 0.615551 0.502087 0.615551
0.510669 0.615551 0.510669 0.615551
0.519252 0.615551 0.519252 0.615551
0.527835 0.615551 0.527835 0.615551
0.536417 0.615551 0.536417 0.615551
0.545000 0.615551 0.545000 0.615551
-0.545000 0.628858 -0.545000 0.628858
-0.536417 0.628858 -0.536417 0.628858
-0.527835 0.628858 -0.527835 0.628858
-0.519252 0.628858 -0.519252 0.628858
-0.510669 0.628858 -0.510669 0.628858
-0.502087 0.628858 -0.502087 0.628858
-0.493504 0.628858 -0.493504 0.628858
-0.484921 0.628858 -0.484921 0.628858
-0.476339 0.628858 -0.476339 0.628858
-0.467756 0.628858 -0.467756 0.628858
-0.459173 0.628858 -0.459173 0.628858
-0.450591 0.628858 -0.450591 0.628858
-0.442008 0.628858 -0.442008 0.628858
-0.433425 0.628858 -0.433425 0.628858
-0.424843 0.628858 -0.424843 0.628858
-0.416260 0.628858 -0.416260 0.628858
-0.407677 0.628858 -0.407677 0.628858
-0.399094 0.628858 -0.399094 0.628858
-0.390512 0.628858 -0.390512 0.628858
-0.381929 0.628858 -0.381929 0.628858
-0.373346 0.628858 -0.373346 0.628858
-0.364764 0.628858 -0.364764 0.628858
-0.356181 0.628858 -0.356181 0.628858
-0.347598 0.628858 -0.347598 0.628858
-0.339016 0.628858 -0.339016 0.628858
-0.330433 0.628858 -0.330433 0.628858
-0.321850 0.628858 -0.321850 0.628858
-0.313268 0.628858 -0.313268 0.628858
-0.304685 0.628858 -0.304685 0.628858
-0.296102 0.628858 -0.296102 0.628858
-0.287520 0.628858 -0.287520 0.628858
-0.278937 0.628858 -0.278937 0.628858
-0.270354 0.628858 -0.270354 0.628858
-0.261772 0.628858 -0.261772 0.628858
-0.253189 0.628858 -0.253189 0.628858
-0.244606 0.628858 -0.244606 0.628858
-0.236024 0.628858 -0.236024 0.628858
-0.227441 0.628858 -0.227441 0.628858
-0.218858 0.628858 -0.218858 0.628858
-0.210276 0.628858 -0.210276 0.628858
-0.201693 0.628858 -0.201693 0.628858
-0.193110 0.628858 -0.193110 0.628858
-0.184528 0.628858 -0.184528 0.628858
-0.175945 0.628858 -0.175945 0.628858
-0.167362 0.628858 -0.167362 0.628858
-0.158780 0.628858 -0.158780 0.628858
-0.150197 0.628858 -0.150197 0.628858
-0.141614 0.628858 -0.141614 0.628858
-0.133031 0.628858 -0.133031 0.628858
-0.124449 0.628858 -0.124449 0.628858
-0.115866 0.628858 0.879360 0.499517
-0.107283 0.628858 1.072194 0.327107
-0.098701 0.628858 0.768439 -0.632615
-0.090118 0.628858 0.515862 0.619852
-0.081535 0.628858 0.528256 0.618442
-0.072953 0.628858 0.128188 -1.692801
-0.064370 0.628858 -0.021327 -0.562868
-0.055787 0.628858 0.163132 -1.017864
-0.047205 0.628858 0.050771 -1.038847
-0.038622 0.628858 -0.154490 -0.521485
-0.030039 0.628858 -0.145494 -0.524901
-0.021457 0.628858 -0.136499 -0.528316
-0.012874 0.628858 -0.127503 -0.531732
-0.004291 0.628858 -0.496334 -1.588360
0.004291 0.628858 0.496307 -1.588311
0.012874 0.628858 0.127503 -0.531731
0.021457 0.628858 0.136499 -0.528316
0.030039 0.628858 0.145494 -0.524900
0.038622 0.628858 0.154490 -0.521485
0.047205 0.628858 -0.050769 -1.038842
0.055787 0.628858 -0.163134 -1.017866
0.064370 0.628858 0.021326 -0.562869
0.072953 0.628858 -0.128188 -1.692845
0.081535 0.628858 -0.528256 0.618443
0.090118 0.628858 -0.515862 0.619852
0.098701 0.628858 -0.768438 -0.632615
0.107283 0.628858 -1.072194 0.327107
0.115866 0.628858 -0.879361 0.499517
0.124449 0.628858 0.124449 0.628858
0.133031 0.628858 0.133031 0.628858
0.141614 0.628858 0.141614 0.628858
0.150197 0.628858 0.150197 0.628858
0.158780 0.628858 0.158780 0.628858
0.167362 0.628858 0.167362 0.628858
0.175945 0.628858 0.175945 0.628858
0.184528 0.628858 0.184528 0.628858
0.193110 0.628858 0.193110 0.628858
0.201693 0.628858 0.201693 0.628858
0.210276 0.628858 0.210276 0.628858
0.218858 0.628858 0.218858 0.628858
0.227441 0.628858 0.227441 0.628858
0.236024 0.628858 0.236024 0.628858
0.244606 0.628858 0.244606 0.628858
0.253189 0.628858 0.253189 0.628858
0.261772 0.628858 0.261772 0.628858
0.270354 0.628858 0.270354 0.628858
0.278937 0.628858 0.278937 0.628858
0.287520 0.628858 0.287520 0.628858
0.296102 0.628858 0.296102 0.628858
0.304685 0.628858 0.304685 0.628858
0.313268 0.628858 0.313268 0.628858
0.321850 0.628858 0.321850 0.628858
0.330433 0.628858 0.330433 0.628858
0.339016 0.628858 0.339016 0.628858
0.347598 0.628858 0.347598 0.628858
0.356181 0.628858 0.356181 0.628858
0.364764 0.628858 0.364764 0.628858
0.373346 0.628858 0.373346 0.628858
0.381929 0.628858 0.381929 0.628858
0.390512 0.628858 0.390512 0.628858
0.399094 0.628858 0.399094 0.628858
0.407677 0.628858 0.407677 0.628858
0.416260 0.628858 0.416260 0.628858
0.424843 0.628858 0.424843 0.628858
0.433425 0.628858 0.433425 0.628858
0.442008 0.628858 0.442008 0.628858
0.450591 0.628858 0.450591 0.628858
0.459173 0.628858 0.459173 0.628858
0.467756 0.628858 0.467756 0.628858
0.476339 0.628858 0.476339 0.628858
0.484921 0.628858 0.484921 0.628858
0.493504 0.628858 0.493504 0.628858
0.502087 0.628858 0.502087 0.628858
0.510669 0.628858 0.510669 0.628858
0.519252 0.628858 0.519252 0.628858
0.527835 0.628858 0.527835 0.628858
0.536417 0.628858 0.536417 0.628858
0.545000 0.628858 0.545000 0.628858
-0.545000 0.642165 -0.545000 0.642165
-0.536417 0.642165 -0.536417 0.642165
-0.527835 0.642165 -0.527835 0.642165
-0.519252 0.642165 -0.519252 0.642165
-0.510669 0.642165 -0.510669 0.642165
-0.502087 0.642165 -0.502087 0.642165
-0.493504 0.642165 -0.493504 0.642165
-0.484921 0.642165 -0.484921 0.642165
-0.476339 0.642165 -0.476339 0.642165
-0.467756 0.642165 -0.467756 0.642165
-0.459173 0.642165 -0.459173 0.642165
-0.450591 0.642165 -0.450591 0.642165
-0.442008 0.642165 -0.442008 0.642165
-0.433425 0.642165 -0.433425 0.642165
-0.424843 0.642165 -0.424843 0.642165
-0.416260 0.642165 -0.416260 0.642165
-0.407677 0.642165 -0.407677 0.642165
-0.399094 0.642165 -0.399094 0.642165
-0.390512 0.642165 -0.390512 0.642165
-0.381929 0.642165 -0.381929 0.642165
-0.373346 0.642165 -0.373346 0.642165
-0.364764 0.642165 -0.364764 0.642165
-0.356181 0.642165 -0.356181 0.642165
-0.347598 0.642165 -0.347598 0.642165
-0.339016 0.642165 -0.339016 0.642165
-0.330433 0.642165 -0.330433 0.642165
-0.321850 0.642165 -0.321850 0.642165
-0.313268 0.642165 -0.313268 0.642165
-0.304685 0.642165 -0.304685 0.642165
-0.296102 0.642165 -0.296102 0.642165
-0.287520 0.642165 -0.287520 0.642165
-0.278937 0.642165 -0.278937 0.642165
-0.270354 0.642165 -0.270354 0.642165
-0.261772 0.642165 -0.261772 0.642165
-0.253189 0.642165 -0.253189 0.642165
-0.244606 0.642165 -0.244606 0.642165
-0.236024 0.642165 -0.236024 0.642165
-0.227441 0.642165 -0.227441 0.642165
-0.218858 0.642165 -0.218858 0.642165
-0.210276 0.642165 -0.210276 0.642165
-0.201693 0.642165 -0.201693 0.642165
-0.193110 0.642165 -0.193110 0.642165
-0.184528 0.642165 -0.184528 0.642165
-0.175945 0.642165 -0.175945 0.642165
-0.167362 0.642165 -0.167362 0.642165
-0.158780 0.642165 -0.158780 0.642165
-0.150197 0.642165 -0.150197 0.642165
-0.141614 0.642165 -0.141614 0.642165
-0.133031 0.642165 -0.133031 0.642165
-0.124449 0.642165 -0.124449 0.642165
-0.115866 0.642165 -0.115866 0.642165
-0.107283 0.642165 0.897038 0.509998
-0.098701 0.642165 1.090315 0.337155
-0.090118 0.642165 0.102529 -1.670583
-0.081535 0.642165 0.112978 -1.674264
-0.072953 0.642165 0.123427 -1.677945
-0.064370 0.642165 0.133872 -1.681633
-0.055787 0.642165 -0.008012 -1.463022
-0.047205 0.642165 0.050005 -0.550850
-0.038622 0.642165 -0.158791 -0.514547
-0.030039 0.642165 -0.149795 -0.517963
-0.021457 0.642165 -0.196324 -2.204616
-0.012874 0.642165 -0.186642 -2.207465
-0.004291 0.642165 -0.176972 -2.210428
0.004291 0.642165 0.176948 -2.210315
0.012874 0.642165 0.186629 -2.207467
0.021457 0.642165 0.196311 -2.204618
0.030039 0.642165 0.149795 -0.517963
0.038622 0.642165 0.158790 -0.514548
0.047205 0.642165 -0.050009 -0.550848
0.055787 0.642165 0.008002 -1.463022
0.064370 0.642165 -0.133880 -1.681623
0.072953 0.642165 -0.123431 -1.677942
0.081535 0.642165 -0.112982 -1.674261
0.090118 0.642165 -0.102532 -1.670580
0.098701 0.642165 -1.090315 0.337155
0.107283 0.642165 -0.897038 0.509998
0.115866 0.642165 0.115866 0.642165
0.124449 0.642165 0.124449 0.642165
0.133031 0.642165 0.133031 0.642165
0.141614 0.642165 0.141614 0.642165
0.150197 0.642165 0.150197 0.642165
0.158780 0.642165 0.158780 0.642165
0.167362 0.642165 0.167362 0.642165
0.175945 0.642165 0.175945 0.642165
0.184528 0.642165 0.184528 0.642165
0.193110 0.642165 0.193110 0.642165
0.201693 0.642165 0.201693 0.642165
0.210276 0.642165 0.210276 0.642165
0.218858 0.642165 0.218858 0.642165
0.227441 0.642165 0.227441 0.642165
0.236024 0.642165 0.236024 0.642165
0.244606 0.642165 0.244606 0.642165
0.253189 0.642165 0.253189 0.642165
0.261772 0.642165 0.261772 0.642165
0.270354 0.642165 0.270354 0.642165
0.278937 0.642165 0.278937 0.642165
0.287520 0.642165 0.287520 0.642165
0.296102 0.642165 0.296102 0.642165
0.304685 0.642165 0.304685 0.642165
0.313268 0.642165 0.313268 0.642165
0.321850 0.642165 0.321850 0.642165
0.330433 0.642165 0.330433 0.642165
0.339016 0.642165 0.339016 0.642165
0.347598 0.642165 0.347598 0.642165
0.356181 0.642165 0.356181 0.642165
0.364764 0.642165 0.364764 0.642165
0.373346 0.642165 0.373346 0.642165
0.381929 0.642165 0.381929 0.642165
0.390512 0.642165 0.390512 0.642165
0.399094 0.642165 0.399094 0.642165
0.407677 0.642165 0.407677 0.642165
0.416260 0.642165 0.416260 0.642165
0.424843 0.642165 0.424843 0.642165
0.433425 0.642165 0.433425 0.642165
0.442008 0.642165 0.442008 0.642165
0.450591 0.642165 0.450591 0.642165
0.459173 0.642165 0.459173 0.642165
0.467756 0.642165 0.467756 0.642165
0.476339 0.642165 0.476339 0.642165
0.484921 0.642165 0.484921 0.642165
0.493504 0.642165 0.493504 0.642165
0.502087 0.642165 0.502087 0.642165
0.510669 0.642165 0.510669 0.642165
0.519252 0.642165 0.519252 0.642165
0.527835 0.642165 0.527835 0.642165
0.536417 0.642165 0.536417 0.642165
0.545000 0.642165 0.545000 0.642165
-0.545000 0.655472 -0.545000 0.655472
-0.536417 0.655472 -0.536417 0.655472
-0.527835 0.655472 -0.527835 0.655472
-0.519252 0.655472 -0.519252 0.655472
-0.510669 0.655472 -0.510669 0.655472
-0.502087 0.655472 -0.502087 0.655472
-0.493504 0.655472 -0.493504 0.655472
-0.484921 0.655472 -0.484921 0.655472
-0.476339 0.655472 -0.476339 0.655472
-0.467756 0.655472 -0.467756 0.655472
-0.459173 0.655472 -0.459173 0.655472
-0.450591 0.655472 -0.450591 0.655472
-0.442008 0.655472 -0.442008 0.655472
-0.433425 0.655472 -0.433425 0.655472
-0.424843 0.655472 -0.424843 0.655472
-0.416260 0.655472 -0.416260 0.655472
-0.407677 0.655472 -0.407677 0.655472
-0.399094 0.655472 -0.399094 0.655472
-0.390512 0.655472 -0.390512 0.655472
-0.381929 0.655472 -0.381929 0.655472
-0.373346 0.655472 -0.373346 0.655472
-0.364764 0.655472 -0.364764 0.655472
-0.356181 0.655472 -0.356181 0.655472
-0.347598 0.655472 -0.347598 0.655472
-0.339016 0.655472 -0.339016 0.655472
-0.330433 0.655472 -0.330433 0.655472
-0.321850 0.655472 -0.321850 0.655472
-0.313268 0.655472 -0.313268 0.655472
-0.304685 0.655472 -0.304685 0.655472
-0.296102 0.655472 -0.296102 0.655472
-0.287520 0.655472 -0.287520 0.655472
-0.278937 0.655472 -0.278937 0.655472
-0.270354 0.655472 -0.270354 0.655472
-0.261772 0.655472 -0.261772 0.655472
-0.253189 0.655472 -0.253189 0.655472
-0.244606 0.655472 -0.244606 0.655472
-0.236024 0.655472 -0.236024 0.655472
-0.227441 0.655472 -0.227441 0.655472
-0.218858 0.655472 -0.218858 0.655472
-0.210276 0.655472 -0.210276 0.655472
-0.201693 0.655472 -0.201693 0.655472
-0.193110 0.655472 -0.193110 0.655472
-0.184528 0.655472 -0.184528 0.655472
-0.175945 0.655472 -0.175945 0.655472
-0.167362 0.655472 -0.167362 0.655472
-0.158780 0.655472 -0.158780 0.655472
-0.150197 0.655472 -0.150197 0.655472
-0.141614 0.655472 -0.141614 0.655472
-0.133031 0.655472 -0.133031 0.655472
-0.124449 0.655472 -0.124449 0.655472
-0.115866 0.655472 -0.115866 0.655472
-0.107283 0.655472 -0.107283 0.655472
-0.098701 0.655472 -0.061138 -0.546703
-0.090118 0.655472 -0.195051 -0.460482
-0.081535 0.655472 -0.248922 -4.460326
-0.072953 0.655472 -0.187246 -5.158625
-0.064370 0.655472 -0.789500 -14.108258
-0.055787 0.655472 0.013629 -0.445966
-0.047205 0.655472 0.022022 -0.451650
-0.030039 0.655472 -0.207387 -2.191353
-0.021457 0.655472 -0.197705 -2.194201
-0.012874 0.655472 -0.188024 -2.197051
-0.004291 0.655472 -0.178342 -2.199899
0.004291 0.655472 0.178359 -2.200023
0.012874 0.655472 0.188039 -2.197136
0.021457 0.655472 0.197691 -2.194166
0.030039 0.655472 0.207372 -2.191317
0.047205 0.655472 -0.022022 -0.451654
0.055787 0.655472 -0.013630 -0.445970
0.064370 0.655472 0.789529 -14.108611
0.072953 0.655472 0.187251 -5.158598
0.081535 0.655472 0.248931 -4.460312
0.090118 0.655472 0.195051 -0.460481
0.098701 0.655472 0.061137 -0.546704
0.107283 0.655472 0.107283 0.655472
0.115866 0.655472 0.115866 0.655472
0.124449 0.655472 0.124449 0.655472
0.133031 0.655472 0.133031 0.655472
0.141614 0.655472 0.141614 0.655472
0.150197 0.655472 0.150197 0.655472
0.158780 0.655472 0.158780 0.655472
0.167362 0.655472 0.167362 0.655472
0.175945 0.655472 0.175945 0.655472
0.184528 0.655472 0.184528 0.655472
0.193110 0.655472 0.193110 0.655472
0.201693 0.655472 0.201693 0.655472
0.210276 0.655472 0.210276 0.655472
0.218858 0.655472 0.218858 0.655472
0.227441 0.655472 0.227441 0.655472
0.236024 0.655472 0.236024 0.655472
0.244606 0.655472 0.244606 0.655472
0.253189 0.655472 0.253189 0.655472
0.261772 0.655472 0.261772 0.655472
0.270354 0.655472 0.270354 0.655472
0.278937 0.655472 0.278937 0.655472
0.287520 0.655472 0.287520 0.655472
0.296102 0.655472 0.296102 0.655472
0.304685 0.655472 0.304685 0.655472
0.313268 0.655472 0.313268 0.655472
0.321850 0.655472 0.321850 0.655472
0.330433 0.655472 0.330433 0.655472
0.339016 0.655472 0.339016 0.655472
0.347598 0.655472 0.347598 0.655472
0.356181 0.655472 0.356181 0.655472
0.364764 0.655472 0.364764 0.655472
0.373346 0.655472 0.373346 0.655472
0.381929 0.655472 0.381929 0.655472
0.390512 0.655472 0.390512 0.655472
0.399094 0.655472 0.399094 0.655472
0.407677 0.655472 0.407677 0.655472
0.416260 0.655472 0.416260 0.655472
0.424843 0.655472 0.424843 0.655472
0.433425 0.655472 0.433425 0.655472
0.442008 0.655472 0.442008 0.655472
0.450591 0.655472 0.450591 0.655472
0.459173 0.655472 0.459173 0.655472
0.467756 0.655472 0.467756 0.655472
0.476339 0.655472 0.476339 0.655472
0.484921 0.655472 0.484921 0.655472
0.493504 0.655472 0.493504 0.655472
0.502087 0.655472 0.502087 0.655472
0.510669 0.655472 0.510669 0.655472
0.519252 0.655472 0.519252 0.655472
0.527835 0.655472 0.527835 0.655472
0.536417 0.655472 0.536417 0.655472
0.545000 0.655472 0.545000 0.655472
-0.545000 0.668780 -0.545000 0.668780
-0.536417 0.668780 -0.536417 0.668780
-0.527835 0.668780 -0.527835 0.668780
-0.519252 0.668780 -0.519252 0.668780
-0.510669 0.668780 -0.510669 0.668780
-0.502087 0.668780 -0.502087 0.668780
-0.493504 0.668780 -0.493504 0.668780
-0.484921 0.668780 -0.484921 0.668780
-0.476339 0.668780 -0.476339 0.668780
-0.467756 0.668780 -0.467756 0.668780
-0.459173 0.668780 -0.459173 0.668780
-0.450591 0.668780 -0.450591 0.668780
-0.442008 0.668780 -0.442008 0.668780
-0.433425 0.668780 -0.433425 0.668780
-0.424843 0.668780 -0.424843 0.668780
-0.416260 0.668780 -0.416260 0.668780
-0.407677 0.668780 -0.407677 0.668780
-0.399094 0.668780 -0.399094 0.668780
-0.390512 0.668780 -0.390512 0.668780
-0.381929 0.668780 -0.381929 0.668780
-0.373346 0.668780 -0.373346 0.668780
-0.364764 0.668780 -0.364764 0.668780
-0.356181 0.668780 -0.356181 0.668780
-0.347598 0.668780 -0.347598 0.668780
-0.339016 0.668780 -0.339016 0.668780
-0.330433 0.668780 -0.330433 0.668780
-0.321850 0.668780 -0.321850 0.668780
-0.313268 0.668780 -0.313268 0.668780
-0.304685 0.668780 -0.304685 0.668780
-0.296102 0.668780 -0.296102 0.668780
-0.287520 0.668780 -0.287520 0.668780
-0.278937 0.668780 -0.278937 0.668780
-0.270354 0.668780 -0.270354 0.668780
-0.261772 0.668780 -0.261772 0.668780
-0.253189 0.668780 -0.253189 0.668780
-0.244606 0.668780 -0.244606 0.668780
-0.236024 0.668780 -0.236024 0.668780
-0.227441 0.668780 -0.227441 0.668780
-0.218858 0.668780 -0.218858 0.668780
-0.210276 0.668780 -0.210276 0.668780
-0.201693 0.668780 -0.201693 0.668780
-0.193110 0.668780 -0.193110 0.668780
-0.184528 0.668780 -0.184528 0.668780
-0.175945 0.668780 -0.175945 0.668780
-0.167362 0.668780 -0.167362 0.668780
-0.158780 0.668780 -0.158780 0.668780
-0.150197 0.668780 -0.150197 0.668780
-0.141614 0.668780 -0.141614 0.668780
-0.133031 0.668780 -0.133031 0.668780
-0.124449 0.668780 -0.124449 0.668780
-0.115866 0.668780 -0.115866 0.668780
-0.107283 0.668780 -0.107283 0.668780
-0.098701 0.668780 -0.098701 0.668780
-0.090118 0.668780 -0.090118 0.668780
-0.081535 0.668780 -0.081535 0.668780
-0.072953 0.668780 -0.057433 -0.532224
-0.064370 0.668780 -0.170129 -4.997361
-0.055787 0.668780 0.252246 -5.809900
-0.047205 0.668780 -0.514577 -4.054334
-0.038622 0.668780 -1.118710 -3.782129
-0.030039 0.668780 -0.211504 -0.456411
-0.004291 0.668780 -0.119111 -0.432906
0.004291 0.668780 0.119113 -0.432902
0.030039 0.668780 0.211505 -0.456410
0.038622 0.668780 1.118708 -3.782137
0.047205 0.668780 0.514579 -4.054320
0.055787 0.668780 -0.252231 -5.809836
0.064370 0.668780 0.170129 -4.997385
0.072953 0.668780 0.057431 -0.532225
0.081535 0.668780 0.081535 0.668780
0.090118 0.668780 0.090118 0.668780
0.098701 0.668780 0.098701 0.668780
0.107283 0.668780 0.107283 0.668780
0.115866 0.668780 0.115866 0.668780
0.124449 0.668780 0.124449 0.668780
0.133031 0.668780 0.133031 0.668780
0.141614 0.668780 0.141614 0.668780
0.150197 0.668780 0.150197 0.668780
0.158780 0.668780 0.158780 0.668780
0.167362 0.668780 0.167362 0.668780
0.175945 0.668780 0.175945 0.668780
0.184528 0.668780 0.184528 0.668780
0.193110 0.668780 0.193110 0.668780
0.201693 0.668780 0.201693 0.668780
0.210276 0.668780 0.210276 0.668780
0.218858 0.668780 0.218858 0.668780
0.227441 0.668780 0.227441 0.668780
0.236024 0.668780 0.236024 0.668780
0.244606 0.668780 0.244606 0.668780
0.253189 0.668780 0.253189 0.668780
0.261772 0.668780 0.261772 0.668780
0.270354 0.668780 0.270354 0.668780
0.278937 0.668780 0.278937 0.668780
0.287520 0.668780 0.287520 0.668780
0.296102 0.668780 0.296102 0.668780
0.304685 0.668780 0.304685 0.668780
0.313268 0.668780 0.313268 0.668780
0.321850 0.668780 0.321850 0.668780
0.330433 0.668780 0.330433 0.668780
0.339016 0.668780 0.339016 0.668780
0.347598 0.668780 0.347598 0.668780
0.356181 0.668780 0.356181 0.668780
0.364764 0.668780 0.364764 0.668780
0.373346 0.668780 0.373346 0.668780
0.381929 0.668780 0.381929 0.668780
0.390512 0.668780 0.390512 0.668780
0.399094 0.668780 0.399094 0.668780
0.407677 0.668780 0.407677 0.668780
0.416260 0.668780 0.416260 0.668780
0.424843 0.668780 0.424843 0.668780
0.433425 0.668780 0.433425 0.668780
0.442008 0.668780 0.442008 0.668780
0.450591 0.668780 0.450591 0.668780
0.459173 0.668780 0.459173 0.668780
0.467756 0.668780 0.467756 0.668780
0.476339 0.668780 0.476339 0.668780
0.484921 0.668780 0.484921 0.668780
0.493504 0.668780 0.493504 0.668780
0.502087 0.668780 0.502087 0.668780
0.510669 0.668780 0.510669 0.668780
0.519252 0.668780 0.519252 0.668780
0.527835 0.668780 0.527835 0.668780
0.536417 0.668780 0.536417 0.668780
0.545000 0.668780 0.545000 0.668780
-0.545000 0.682087 -0.545000 0.682087
-0.536417 0.682087 -0.536417 0.682087
-0.527835 0.682087 -0.527835 0.682087
-0.519252 0.682087 -0.519252 0.682087
-0.510669 0.682087 -0.510669 0.682087
-0.502087 0.682087 -0.502087 0.682087
-0.493504 0.682087 -0.493504 0.682087
-0.484921 0.682087 -0.484921 0.682087
-0.476339 0.682087 -0.476339 0.682087
-0.467756 0.682087 -0.467756 0.682087
-0.459173 0.682087 -0.459173 0.682087
-0.450591 0.682087 -0.450591 0.682087
-0.442008 0.682087 -0.442008 0.682087
-0.433425 0.682087 -0.433425 0.682087
-0.424843 0.682087 -0.424843 0.682087
-0.416260 0.682087 -0.416260 0.682087
-0.407677 0.682087 -0.407677 0.682087
-0.399094 0.682087 -0.399094 0.682087
-0.390512 0.682087 -0.390512 0.682087
-0.381929 0.682087 -0.381929 0.682087
-0.373346 0.682087 -0.373346 0.682087
-0.364764 0.682087 -0.364764 0.682087
-0.356181 0.682087 -0.356181 0.682087
-0.347598 0.682087 -0.347598 0.682087
-0.339016 0.682087 -0.339016 0.682087
-0.330433 0.682087 -0.330433 0.682087
-0.321850 0.682087 -0.321850 0.682087
-0.313268 0.682087 -0.313268 0.682087
-0.304685 0.682087 -0.304685 0.682087
-0.296102 0.682087 -0.296102 0.682087
-0.287520 0.682087 -0.287520 0.682087
-0.278937 0.682087 -0.278937 0.682087
-0.270354 0.682087 -0.270354 0.682087
-0.261772 0.682087 -0.261772 0.682087
-0.253189 0.682087 -0.253189 0.682087
-0.244606 0.682087 -0.244606 0.682087
-0.236024 0.682087 -0.236024 0.682087
-0.227441 0.682087 -0.227441 0.682087
-0.218858 0.682087 -0.218858 0.682087
-0.210276 0.682087 -0.210276 0.682087
-0.201693 0.682087 -0.201693 0.682087
-0.193110 0.682087 -0.193110 0.682087
-0.184528 0.682087 -0.184528 0.682087
-0.175945 0.682087 -0.175945 0.682087
-0.167362 0.682087 -0.167362 0.682087
-0.158780 0.682087 -0.158780 0.682087
-0.150197 0.682087 -0.150197 0.682087
-0.141614 0.682087 -0.141614 0.682087
-0.133031 0.682087 -0.133031 0.682087
-0.124449 0.682087 -0.124449 0.682087
-0.115866 0.682087 -0.115866 0.682087
-0.107283 0.682087 -0.107283 0.682087
-0.098701 0.682087 -0.098701 0.682087
-0.090118 0.682087 -0.090118 0.682087
-0.081535 0.682087 -0.081535 0.682087
-0.072953 0.682087 -0.072953 0.682087
-0.064370 0.682087 -0.064370 0.682087
-0.055787 0.682087 -0.055787 0.682087
-0.047205 0.682087 -0.047205 0.682087
-0.038622 0.682087 0.002693 -0.515786
-0.021457 0.682087 -0.182754 -0.505602
-0.012874 0.682087 -0.632159 -2.176990
-0.004291 0.682087 -0.170960 -0.375171
0.004291 0.682087 0.170959 -0.375169
0.012874 0.682087 0.632123 -2.176925
0.021457 0.682087 0.182756 -0.505598
0.038622 0.682087 -0.002689 -0.515784
0.047205 0.682087 0.047205 0.682087
0.055787 0.682087 0.055787 0.682087
0.064370 0.682087 0.064370 0.682087
0.072953 0.682087 0.072953 0.682087
0.081535 0.682087 0.081535 0.682087
0.090118 0.682087 0.090118 0.682087
0.098701 0.682087 0.098701 0.682087
0.107283 0.682087 0.107283 0.682087
0.115866 0.682087 0.115866 0.682087
0.124449 0.682087 0.124449 0.682087
0.133031 0.682087 0.133031 0.682087
0.141614 0.682087 0.141614 0.682087
0.150197 0.682087 0.150197 0.682087
0.158780 0.682087 0.158780 0.682087
0.167362 0.682087 0.167362 0.682087
0.175945 0.682087 0.175945 0.682087
0.184528 0.682087 0.184528 0.682087
0.193110 0.682087 0.193110 0.682087
0.201693 0.682087 0.201693 0.682087
0.210276 0.682087 0.210276 0.682087
0.218858 0.682087 0.218858 0.682087
0.227441 0.682087 0.227441 0.682087
0.236024 0.682087 0.236024 0.682087
0.244606 0.682087 0.244606 0.682087
0.253189 0.682087 0.253189 0.682087
0.261772 0.682087 0.261772 0.682087
0.270354 0.682087 0.270354 0.682087
0.278937 0.682087 0.278937 0.682087
0.287520 0.682087 0.287520 0.682087
0.296102 0.682087 0.296102 0.682087
0.304685 0.682087 0.304685 0.682087
0.313268 0.682087 0.313268 0.682087
0.321850 0.682087 0.321850 0.682087
0.330433 0.682087 0.330433 0.682087
0.339016 0.682087 0.339016 0.682087
0.347598 0.682087 0.347598 0.682087
0.356181 0.682087 0.356181 0.682087
0.364764 0.682087 0.364764 0.682087
0.373346 0.682087 0.373346 0.682087
0.381929 0.682087 0.381929 0.682087
0.390512 0.682087 0.390512 0.682087
0.399094 0.682087 0.399094 0.682087
0.407677 0.682087 0.407677 0.682087
0.416260 0.682087 0.416260 0.682087
0.424843 0.682087 0.424843 0.682087
0.433425 0.682087 0.433425 0.682087
0.442008 0.682087 0.442008 0.682087
0.450591 0.682087 0.450591 0.682087
0.459173 0.682087 0.459173 0.682087
0.467756 0.682087 0.467756 0.682087
0.476339 0.682087 0.476339 0.682087
0.484921 0.682087 0.484921 0.682087
0.493504 0.682087 0.493504 0.682087
0.502087 0.682087 0.502087 0.682087
0.510669 0.682087 0.510669 0.682087
0.519252 0.682087 0.519252 0.682087
0.527835 0.682087 0.527835 0.682087
0.536417 0.682087 0.536417 0.682087
0.545000 0.682087 0.545000 0.682087
-0.545000 0.695394 -0.545000 0.695394
-0.536417 0.695394 -0.536417 0.695394
-0.527835 0.695394 -0.527835 0.695394
-0.519252 0.695394 -0.519252 0.695394
-0.510669 0.695394 -0.510669 0.695394
-0.502087 0.695394 -0.502087 0.695394
-0.493504 0.695394 -0.493504 0.695394
-0.484921 0.695394 -0.484921 0.695394
-0.476339 0.695394 -0.476339 0.695394
-0.467756 0.695394 -0.467756 0.695394
-0.459173 0.695394 -0.459173 0.695394
-0.450591 0.695394 -0.450591 0.695394
-0.442008 0.695394 -0.442008 0.695394
-0.433425 0.695394 -0.433425 0.695394
-0.424843 0.695394 -0.424843 0.695394
-0.416260 0.695394 -0.416260 0.695394
-0.407677 0.695394 -0.407677 0.695394
-0.399094 0.695394 -0.399094 0.695394
-0.390512 0.695394 -0.390512 0.695394
-0.381929 0.695394 -0.381929 0.695394
-0.373346 0.695394 -0.373346 0.695394
-0.364764 0.695394 -0.364764 0.695394
-0.356181 0.695394 -0.356181 0.695394
-0.347598 0.695394 -0.347598 0.695394
-0.339016 0.695394 -0.339016 0.695394
-0.330433 0.695394 -0.330433 0.695394
-0.321850 0.695394 -0.321850 0.695394
-0.313268 0.695394 -0.313268 0.695394
-0.304685 0.695394 -0.304685 0.695394
-0.296102 0.695394 -0.296102 0.695394
-0.287520 0.695394 -0.287520 0.695394
-0.278937 0.695394 -0.278937 0.695394
-0.270354 0.695394 -0.270354 0.695394
-0.261772 0.695394 -0.261772 0.695394
-0.253189 0.695394 -0.253189 0.695394
-0.244606 0.695394 -0.244606 0.695394
-0.236024 0.695394 -0.236024 0.695394
-0.227441 0.695394 -0.227441 0.695394
-0.218858 0.695394 -0.218858 0.695394
-0.210276 0.695394 -0.210276 0.695394
-0.201693 0.695394 -0.201693 0.695394
-0.193110 0.695394 -0.193110 0.695394
-0.184528 0.695394 -0.184528 0.695394
-0.175945 0.695394 -0.175945 0.695394
-0.167362 0.695394 -0.167362 0.695394
-0.158780 0.695394 -0.158780 0.695394
-0.150197 0.695394 -0.150197 0.695394
-0.141614 0.695394 -0.141614 0.695394
-0.133031 0.695394 -0.133031 0.695394
-0.124449 0.695394 -0.124449 0.695394
-0.115866 0.695394 -0.115866 0.695394
-0.107283 0.695394 -0.107283 0.695394
-0.098701 0.695394 -0.098701 0.695394
-0.090118 0.695394 -0.090118 0.695394
-0.081535 0.695394 -0.081535 0.695394
-0.072953 0.695394 -0.072953 0.695394
-0.064370 0.695394 -0.064370 0.695394
-0.055787 0.695394 -0.055787 0.695394
-0.047205 0.695394 -0.047205 0.695394
-0.038622 0.695394 -0.038622 0.695394
-0.030039 0.695394 -0.030039 0.695394
-0.021457 0.695394 -0.021457 0.695394
-0.012874 0.695394 -0.012874 0.695394
0.012874 0.695394 0.012874 0.695394
0.021457 0.695394 0.021457 0.695394
0.030039 0.695394 0.030039 0.695394
0.038622 0.695394 0.038622 0.695394
0.047205 0.695394 0.047205 0.695394
0.055787 0.695394 0.055787 0.695394
0.064370 0.695394 0.064370 0.695394
0.072953 0.695394 0.072953 0.695394
0.081535 0.695394 0.081535 0.695394
0.090118 0.695394 0.090118 0.695394
0.098701 0.695394 0.098701 0.695394
0.107283 0.695394 0.107283 0.695394
0.115866 0.695394 0.115866 0.695394
0.124449 0.695394 0.124449 0.695394
0.133031 0.695394 0.133031 0.695394
0.141614 0.695394 0.141614 0.695394
0.150197 0.695394 0.150197 0.695394
0.158780 0.695394 0.158780 0.695394
0.167362 0.695394 0.167362 0.695394
0.175945 0.695394 0.175945 0.695394
0.184528 0.695394 0.184528 0.695394
0.193110 0.695394 0.193110 0.695394
0.201693 0.695394 0.201693 0.695394
0.210276 0.695394 0.210276 0.695394
0.218858 0.695394 0.218858 0.695394
0.227441 0.695394 0.227441 0.695394
0.236024 0.695394 0.236024 0.695394
0.244606 0.695394 0.244606 0.695394
0.253189 0.695394 0.253189 0.695394
0.261772 0.695394 0.261772 0.695394
0.270354 0.695394 0.270354 0.695394
0.278937 0.695394 0.278937 0.695394
0.287520 0.695394 0.287520 0.695394
0.296102 0.695394 0.296102 0.695394
0.304685 0.695394 0.304685 0.695394
0.313268 0.695394 0.313268 0.695394
0.321850 0.695394 0.321850 0.695394
0.330433 0.695394 0.330433 0.695394
0.339016 0.695394 0.339016 0.695394
0.347598 0.695394 0.347598 0.695394
0.356181 0.695394 0.356181 0.695394
0.364764 0.695394 0.364764 0.695394
0.373346 0.695394 0.373346 0.695394
0.381929 0.695394 0.381929 0.695394
0.390512 0.695394 0.390512 0.695394
0.399094 0.695394 0.399094 0.695394
0.407677 0.695394 0.407677 0.695394
0.416260 0.695394 0.416260 0.695394
0.424843 0.695394 0.424843 0.695394
0.433425 0.695394 0.433425 0.695394
0.442008 0.695394 0.442008 0.695394
0.450591 0.695394 0.450591 0.695394
0.459173 0.695394 0.459173 0.695394
0.467756 0.695394 0.467756 0.695394
0.476339 0.695394 0.476339 0.695394
0.484921 0.695394 0.484921 0.695394
0.493504 0.695394 0.493504 0.695394
0.502087 0.695394 0.502087 0.695394
0.510669 0.695394 0.510669 0.695394
0.519252 0.695394 0.519252 0.695394
0.527835 0.695394 0.527835 0.695394
0.536417 0.695394 0.536417 0.695394
0.545000 0.695394 0.545000 0.695394
-0.545000 0.708701 -0.545000 0.708701
-0.536417 0.708701 -0.536417 0.708701
-0.527835 0.708701 -0.527835 0.708701
-0.519252 0.708701 -0.519252 0.708701
-0.510669 0.708701 -0.510669 0.708701
-0.502087 0.708701 -0.502087 0.708701
-0.493504 0.708701 -0.493504 0.708701
-0.484921 0.708701 -0.484921 0.708701
-0.476339 0.708701 -0.476339 0.708701
-0.467756 0.708701 -0.467756 0.708701
-0.459173 0.708701 -0.459173 0.708701
-0.450591 0.708701 -0.450591 0.708701
-0.442008 0.708701 -0.442008 0.708701
-0.433425 0.708701 -0.433425 0.708701
-0.424843 0.708701 -0.424843 0.708701
-0.416260 0.708701 -0.416260 0.708701
-0.407677 0.708701 -0.407677 0.708701
-0.399094 0.708701 -0.399094 0.708701
-0.390512 0.708701 -0.390512 0.708701
-0.381929 0.708701 -0.381929 0.708701
-0.373346 0.708701 -0.373346 0.708701
-0.364764 0.708701 -0.364764 0.708701
-0.356181 0.708701 -0.356181 0.708701
-0.347598 0.708701 -0.347598 0.708701
-0.339016 0.708701 -0.339016 0.708701
-0.330433 0.708701 -0.330433 0.708701
-0.321850 0.708701 -0.321850 0.708701
-0.313268 0.708701 -0.313268 0.708701
-0.304685 0.708701 -0.304685 0.708701
-0.296102 0.708701 -0.296102 0.708701
-0.287520 0.708701 -0.287520 0.708701
-0.278937 0.708701 -0.278937 0.708701
-0.270354 0.708701 -0.270354 0.708701
-0.261772 0.708701 -0.261772 0.708701
-0.253189 0.708701 -0.253189 0.708701
-0.244606 0.708701 -0.244606 0.708701
-0.236024 0.708701 -0.236024 0.708701
-0.227441 0.708701 -0.227441 0.708701
-0.218858 0.708701 -0.218858 0.708701
-0.210276 0.708701 -0.210276 0.708701
-0.201693 0.708701 -0.201693 0.708701
-0.193110 0.708701 -0.193110 0.708701
-0.184528 0.708701 -0.184528 0.708701
-0.175945 0.708701 -0.175945 0.708701
-0.167362 0.708701 -0.167362 0.708701
-0.158780 0.708701 -0.158780 0.708701
-0.150197 0.708701 -0.150197 0.708701
-0.141614 0.708701 -0.141614 0.708701
-0.133031 0.708701 -0.133031 0.708701
-0.124449 0.708701 -0.124449 0.708701
-0.115866 0.708701 -0.115866 0.708701
-0.107283 0.708701 -0.107283 0.708701
-0.098701 0.708701 -0.098701 0.708701
-0.090118 0.708701 -0.090118 0.708701
-0.081535 0.708701 -0.081535 0.708701
-0.072953 0.708701 -0.072953 0.708701
-0.064370 0.708701 -0.064370 0.708701
-0.055787 0.708701 -0.055787 0.708701
-0.047205 0.708701 -0.047205 0.708701
-0.038622 0.708701 -0.038622 0.708701
-0.030039 0.708701 -0.030039 0.708701
-0.021457 0.708701 -0.021457 0.708701
-0.012874 0.708701 -0.012874 0.708701
-0.004291 0.708701 -0.004291 0.708701
0.004291 0.708701 0.004291 0.708701
0.012874 0.708701 0.012874 0.708701
0.021457 0.708701 0.021457 0.708701
0.030039 0.708701 0.030039 0.708701
0.038622 0.708701 0.038622 0.708701
0.047205 0.708701 0.047205 0.708701
0.055787 0.708701 0.055787 0.708701
0.064370 0.708701 0.064370 0.708701
0.072953 0.708701 0.072953 0.708701
0.081535 0.708701 0.081535 0.708701
0.090118 0.708701 0.090118 0.708701
0.098701 0.708701 0.098701 0.708701
0.107283 0.708701 0.107283 0.708701
0.115866 0.708701 0.115866 0.708701
0.124449 0.708701 0.124449 0.708701
0.133031 0.708701 0.133031 0.708701
0.141614 0.708701 0.141614 0.708701
0.150197 0.708701 0.150197 0.708701
0.158780 0.708701 0.158780 0.708701
0.167362 0.708701 0.167362 0.708701
0.175945 0.708701 0.175945 0.708701
0.184528 0.708701 0.184528 0.708701
0.193110 0.708701 0.193110 0.708701
0.201693 0.708701 0.201693 0.708701
0.210276 0.708701 0.210276 0.708701
0.218858 0.708701 0.218858 0.708701
0.227441 0.708701 0.227441 0.708701
0.236024 0.708701 0.236024 0.708701
0.244606 0.708701 0.244606 0.708701
0.253189 0.708701 0.253189 0.708701
0.261772 0.708701 0.261772 0.708701
0.270354 0.708701 0.270354 0.708701
0.278937 0.708701 0.278937 0.708701
0.287520 0.708701 0.287520 0.708701
0.296102 0.708701 0.296102 0.708701
0.304685 0.708701 0.304685 0.708701
0.313268 0.708701 0.313268 0.708701
0.321850 0.708701 0.321850 0.708701
0.330433 0.708701 0.330433 0.708701
0.339016 0.708701 0.339016 0.708701
0.347598 0.708701 0.347598 0.708701
0.356181 0.708701 0.356181 0.708701
0.364764 0.708701 0.364764 0.708701
0.373346 0.708701 0.373346 0.708701
0.381929 0.708701 0.381929 0.708701
0.390512 0.708701 0.390512 0.708701
0.399094 0.708701 0.399094 0.708701
0.407677 0.708701 0.407677 0.708701
0.416260 0.708701 0.416260 0.708701
0.424843 0.708701 0.424843 0.708701
0.433425 0.708701 0.433425 0.708701
0.442008 0.708701 0.442008 0.708701
0.450591 0.708701 0.450591 0.708701
0.459173 0.708701 0.459173 0.708701
0.467756 0.708701 0.467756 0.708701
0.476339 0.708701 0.476339 0.708701
0.484921 0.708701 0.484921 0.708701
0.493504 0.708701 0.493504 0.708701
0.502087 0.708701 0.502087 0.708701
0.510669 0.708701 0.510669 0.708701
0.519252 0.708701 0.519252 0.708701
0.527835 0.708701 0.527835 0.708701
0.536417 0.708701 0.536417 0.708701
0.545000 0.708701 0.545000 0.708701
-0.545000 0.722008 -0.545000 0.722008
-0.536417 0.722008 -0.536417 0.722008
-0.527835 0.722008 -0.527835 0.722008
-0.519252 0.722008 -0.519252 0.722008
-0.510669 0.722008 -0.510669 0.722008
-0.502087 0.722008 -0.502087 0.722008
-0.493504 0.722008 -0.493504 0.722008
-0.484921 0.722008 -0.484921 0.722008
-0.476339 0.722008 -0.476339 0.722008
-0.467756 0.722008 -0.467756 0.722008
-0.459173 0.722008 -0.459173 0.722008
-0.450591 0.722008 -0.450591 0.722008
-0.442008 0.722008 -0.442008 0.722008
-0.433425 0.722008 -0.433425 0.722008
-0.424843 0.722008 -0.424843 0.722008
-0.416260 0.722008 -0.416260 0.722008
-0.407677 0.722008 -0.407677 0.722008
-0.399094 0.722008 -0.399094 0.722008
-0.390512 0.722008 -0.390512 0.722008
-0.381929 0.722008 -0.381929 0.722008
-0.373346 0.722008 -0.373346 0.722008
-0.364764 0.722008 -0.364764 0.722008
-0.356181 0.722008 -0.356181 0.722008
-0.347598 0.722008 -0.347598 0.722008
-0.339016 0.722008 -0.339016 0.722008
-0.330433 0.722008 -0.330433 0.722008
-0.321850 0.722008 -0.321850 0.722008
-0.313268 0.722008 -0.313268 0.722008
-0.304685 0.722008 -0.304685 0.722008
-0.296102 0.722008 -0.296102 0.722008
-0.287520 0.722008 -0.287520 0.722008
-0.278937 0.722008 -0.278937 0.722008
-0.270354 0.722008 -0.270354 0.722008
-0.261772 0.722008 -0.261772 0.722008
-0.253189 0.722008 -0.253189 0.722008
-0.244606 0.722008 -0.244606 0.722008
-0.236024 0.722008 -0.236024 0.722008
-0.227441 0.722008 -0.227441 0.722008
-0.218858 0.722008 -0.218858 0.722008
-0.210276 0.722008 -0.210276 0.722008
-0.201693 0.722008 -0.201693 0.722008
-0.193110 0.722008 -0.193110 0.722008
-0.184528 0.722008 -0.184528 0.722008
-0.175945 0.722008 -0.175945 0.722008
-0.167362 0.722008 -0.167362 0.722008
-0.158780 0.722008 -0.158780 0.722008
-0.150197 0.722008 -0.150197 0.722008
-0.141614 0.722008 -0.141614 0.722008
-0.133031 0.722008 -0.133031 0.722008
-0.124449 0.722008 -0.124449 0.722008
-0.115866 0.722008 -0.115866 0.722008
-0.107283 0.722008 -0.107283 0.722008
-0.098701 0.722008 -0.098701 0.722008
-0.090118 0.722008 -0.090118 0.722008
-0.081535 0.722008 -0.081535 0.722008
-0.072953 0.722008 -0.072953 0.722008
-0.064370 0.722008 -0.064370 0.722008
-0.055787 0.722008 -0.055787 0.722008
-0.047205 0.722008 -0.047205 0.722008
-0.038622 0.722008 -0.038622 0.722008
-0.030039 0.722008 -0.030039 0.722008
-0.021457 0.722008 -0.021457 0.722008
-0.012874 0.722008 -0.012874 0.722008
-0.004291 0.722008 -0.004291 0.722008
0.004291 0.722008 0.004291 0.722008
0.012874 0.722008 0.012874 0.722008
0.021457 0.722008 0.021457 0.722008
0.030039 0.722008 0.030039 0.722008
0.038622 0.722008 0.038622 0.722008
0.047205 0.722008 0.047205 0.722008
0.055787 0.722008 0.055787 0.722008
0.064370 0.722008 0.064370 0.722008
0.072953 0.722008 0.072953 0.722008
0.081535 0.722008 0.081535 0.722008
0.090118 0.722008 0.090118 0.722008
0.098701 0.722008 0.098701 0.722008
0.107283 0.722008 0.107283 0.722008
0.115866 0.722008 0.115866 0.722008
0.124449 0.722008 0.124449 0.722008
0.133031 0.722008 0.133031 0.722008
0.141614 0.722008 0.141614 0.722008
0.150197 0.722008 0.150197 0.722008
0.158780 0.722008 0.158780 0.722008
0.167362 0.722008 0.167362 0.722008
0.175945 0.722008 0.175945 0.722008
0.184528 0.722008 0.184528 0.722008
0.193110 0.722008 0.193110 0.722008
0.201693 0.722008 0.201693 0.722008
0.210276 0.722008 0.210276 0.722008
0.218858 0.722008 0.218858 0.722008
0.227441 0.722008 0.227441 0.722008
0.236024 0.722008 0.236024 0.722008
0.244606 0.722008 0.244606 0.722008
0.253189 0.722008 0.253189 0.722008
0.261772 0.722008 0.261772 0.722008
0.270354 0.722008 0.270354 0.722008
0.278937 0.722008 0.278937 0.722008
0.287520 0.722008 0.287520 0.722008
0.296102 0.722008 0.296102 0.722008
0.304685 0.722008 0.304685 0.722008
0.313268 0.722008 0.313268 0.722008
0.321850 0.722008 0.321850 0.722008
0.330433 0.722008 0.330433 0.722008
0.339016 0.722008 0.339016 0.722008
0.347598 0.722008 0.347598 0.722008
0.356181 0.722008 0.356181 0.722008
0.364764 0.722008 0.364764 0.722008
0.373346 0.722008 0.373346 0.722008
0.381929 0.722008 0.381929 0.722008
0.390512 0.722008 0.390512 0.722008
0.399094 0.722008 0.399094 0.722008
0.407677 0.722008 0.407677 0.722008
0.416260 0.722008 0.416260 0.722008
0.424843 0.722008 0.424843 0.722008
0.433425 0.722008 0.433425 0.722008
0.442008 0.722008 0.442008 0.722008
0.450591 0.722008 0.450591 0.722008
0.459173 0.722008 0.459173 0.722008
0.467756 0.722008 0.467756 0.722008
0.476339 0.722008 0.476339 0.722008
0.484921 0.722008 0.484921 0.722008
0.493504 0.722008 0.493504 0.722008
0.502087 0.722008 0.502087 0.722008
0.510669 0.722008 0.510669 0.722008
0.519252 0.722008 0.519252 0.722008
0.527835 0.722008 0.527835 0.722008
0.536417 0.722008 0.536417 0.722008
0.545000 0.722008 0.545000 0.722008
-0.545000 0.735315 -0.545000 0.735315
-0.536417 0.735315 -0.536417 0.735315
-0.527835 0.735315 -0.527835 0.735315
-0.519252 0.735315 -0.519252 0.735315
-0.510669 0.735315 -0.510669 0.735315
-0.502087 0.735315 -0.502087 0.735315
-0.493504 0.735315 -0.493504 0.735315
-0.484921 0.735315 -0.484921 0.735315
-0.476339 0.735315 -0.476339 0.735315
-0.467756 0.735315 -0.467756 0.735315
-0.459173 0.735315 -0.459173 0.735315
-0.450591 0.735315 -0.450591 0.735315
-0.442008 0.735315 -0.442008 0.735315
-0.433425 0.735315 -0.433425 0.735315
-0.424843 0.735315 -0.424843 0.735315
-0.416260 0.735315 -0.416260 0.735315
-0.407677 0.735315 -0.407677 0.735315
-0.399094 0.735315 -0.399094 0.735315
-0.390512 0.735315 -0.390512 0.735315
-0.381929 0.735315 -0.381929 0.735315
-0.373346 0.735315 -0.373346 0.735315
-0.364764 0.735315 -0.364764 0.735315
-0.356181 0.735315 -0.356181 0.735315
-0.347598 0.735315 -0.347598 0.735315
-0.339016 0.735315 -0.339016 0.735315
-0.330433 0.735315 -0.330433 0.735315
-0.321850 0.735315 -0.321850 0.735315
-0.313268 0.735315 -0.313268 0.735315
-0.304685 0.735315 -0.304685 0.735315
-0.296102 0.735315 -0.296102 0.735315
-0.287520 0.735315 -0.287520 0.735315
-0.278937 0.735315 -0.278937 0.735315
-0.270354 0.735315 -0.270354 0.735315
-0.261772 0.735315 -0.261772 0.735315
-0.253189 0.735315 -0.253189 0.735315
-0.244606 0.735315 -0.244606 0.735315
-0.236024 0.735315 -0.236024 0.735315
-0.227441 0.735315 -0.227441 0.735315
-0.218858 0.735315 -0.218858 0.735315
-0.210276 0.735315 -0.210276 0.735315
-0.201693 0.735315 -0.201693 0.735315
-0.193110 0.735315 -0.193110 0.735315
-0.184528 0.735315 -0.184528 0.735315
-0.175945 0.735315 -0.175945 0.735315
-0.167362 0.735315 -0.167362 0.735315
-0.158780 0.735315 -0.158780 0.735315
-0.150197 0.735315 -0.150197 0.735315
-0.141614 0.735315 -0.141614 0.735315
-0.133031 0.735315 -0.133031 0.735315
-0.124449 0.735315 -0.124449 0.735315
-0.115866 0.735315 -0.115866 0.735315
-0.107283 0.735315 -0.107283 0.735315
-0.098701 0.735315 -0.098701 0.735315
-0.090118 0.735315 -0.090118 0.735315
-0.081535 0.735315 -0.081535 0.735315
-0.072953 0.735315 -0.072953 0.735315
-0.064370 0.735315 -0.064370 0.735315
-0.055787 0.735315 -0.055787 0.735315
-0.047205 0.735315 -0.047205 0.735315
-0.038622 0.735315 -0.038622 0.735315
-0.030039 0.735315 -0.030039 0.735315
-0.021457 0.735315 -0.021457 0.735315
-0.012874 0.735315 -0.012874 0.735315
-0.004291 0.735315 -0.004291 0.735315
0.004291 0.735315 0.004291 0.735315
0.012874 0.735315 0.012874 0.735315
0.021457 0.735315 0.021457 0.735315
0.030039 0.735315 0.030039 0.735315
0.038622 0.735315 0.038622 0.735315
0.047205 0.735315 0.047205 0.735315
0.055787 0.735315 0.055787 0.735315
0.064370 0.735315 0.064370 0.735315
0.072953 0.735315 0.072953 0.735315
0.081535 0.735315 0.081535 0.735315
0.090118 0.735315 0.090118 0.735315
0.098701 0.735315 0.098701 0.735315
0.107283 0.735315 0.107283 0.735315
0.115866 0.735315 0.115866 0.735315
0.124449 0.735315 0.124449 0.735315
0.133031 0.735315 0.133031 0.735315
0.141614 0.735315 0.141614 0.735315
0.150197 0.735315 0.150197 0.735315
0.158780 0.735315 0.158780 0.735315
0.167362 0.735315 0.167362 0.735315
0.175945 0.735315 0.175945 0.735315
0.184528 0.735315 0.184528 0.735315
0.193110 0.735315 0.193110 0.735315
0.201693 0.735315 0.201693 0.735315
0.210276 0.735315 0.210276 0.735315
0.218858 0.735315 0.218858 0.735315
0.227441 0.735315 0.227441 0.735315
0.236024 0.735315 0.236024 0.735315
0.244606 0.735315 0.244606 0.735315
0.253189 0.735315 0.253189 0.735315
0.261772 0.735315 0.261772 0.735315
0.270354 0.735315 0.270354 0.735315
0.278937 0.735315 0.278937 0.735315
0.287520 0.735315 0.287520 0.735315
0.296102 0.735315 0.296102 0.735315
0.304685 0.735315 0.304685 0.735315
0.313268 0.735315 0.313268 0.735315
0.321850 0.735315 0.321850 0.735315
0.330433 0.735315 0.330433 0.735315
0.339016 0.735315 0.339016 0.735315
0.347598 0.735315 0.347598 0.735315
0.356181 0.735315 0.356181 0.735315
0.364764 0.735315 0.364764 0.735315
0.373346 0.735315 0.373346 0.735315
0.381929 0.735315 0.381929 0.735315
0.390512 0.735315 0.390512 0.735315
0.399094 0.735315 0.399094 0.735315
0.407677 0.735315 0.407677 0.735315
0.416260 0.735315 0.416260 0.735315
0.424843 0.735315 0.424843 0.735315
0.433425 0.735315 0.433425 0.735315
0.442008 0.735315 0.442008 0.735315
0.450591 0.735315 0.450591 0.735315
0.459173 0.735315 0.459173 0.735315
0.467756 0.735315 0.467756 0.735315
0.476339 0.735315 0.476339 0.735315
0.484921 0.735315 0.484921 0.735315
0.493504 0.735315 0.493504 0.735315
0.502087 0.735315 0.502087 0.735315
0.510669 0.735315 0.510669 0.735315
0.519252 0.735315 0.519252 0.735315
0.527835 0.735315 0.527835 0.735315
0.536417 0.735315 0.536417 0.735315
0.545000 0.735315 0.545000 0.735315
-0.545000 0.748622 -0.545000 0.748622
-0.536417 0.748622 -0.536417 0.748622
-0.527835 0.748622 -0.527835 0.748622
-0.519252 0.748622 -0.519252 0.748622
-0.510669 0.748622 -0.510669 0.748622
-0.502087 0.748622 -0.502087 0.748622
-0.493504 0.748622 -0.493504 0.748622
-0.484921 0.748622 -0.484921 0.748622
-0.476339 0.748622 -0.476339 0.748622
-0.467756 0.748622 -0.467756 0.748622
-0.459173 0.748622 -0.459173 0.748622
-0.450591 0.748622 -0.450591 0.748622
-0.442008 0.748622 -0.442008 0.748622
-0.433425 0.748622 -0.433425 0.748622
-0.424843 0.748622 -0.424843 0.748622
-0.416260 0.748622 -0.416260 0.748622
-0.407677 0.748622 -0.407677 0.748622
-0.399094 0.748622 -0.399094 0.748622
-0.390512 0.748622 -0.390512 0.748622
-0.381929 0.748622 -0.381929 0.748622
-0.373346 0.748622 -0.373346 0.748622
-0.364764 0.748622 -0.364764 0.748622
-0.356181 0.748622 -0.356181 0.748622
-0.347598 0.748622 -0.347598 0.748622
-0.339016 0.748622 -0.339016 0.748622
-0.330433 0.748622 -0.330433 0.748622
-0.321850 0.748622 -0.321850 0.748622
-0.313268 0.748622 -0.313268 0.748622
-0.304685 0.748622 -0.304685 0.748622
-0.296102 0.748622 -0.296102 0.748622
-0.287520 0.748622 -0.287520 0.748622
-0.278937 0.748622 -0.278937 0.748622
-0.270354 0.748622 -0.270354 0.748622
-0.261772 0.748622 -0.261772 0.748622
-0.253189 0.748622 -0.253189 0.748622
-0.244606 0.748622 -0.244606 0.748622
-0.236024 0.748622 -0.236024 0.748622
-0.227441 0.748622 -0.227441 0.748622
-0.218858 0.748622 -0.218858 0.748622
-0.210276 0.748622 -0.210276 0.748622
-0.201693 0.748622 -0.201693 0.748622
-0.193110 0.748622 -0.193110 0.748622
-0.184528 0.748622 -0.184528 0.748622
-0.175945 0.748622 -0.175945 0.748622
-0.167362 0.748622 -0.167362 0.748622
-0.158780 0.748622 -0.158780 0.748622
-0.150197 0.748622 -0.150197 0.748622
-0.141614 0.748622 -0.141614 0.748622
-0.133031 0.748622 -0.133031 0.748622
-0.124449 0.748622 -0.124449 0.748622
-0.115866 0.748622 -0.115866 0.748622
-0.107283 0.748622 -0.107283 0.748622
-0.098701 0.748622 -0.098701 0.748622
-0.090118 0.748622 -0.090118 0.748622
-0.081535 0.748622 -0.081535 0.748622
-0.072953 0.748622 -0.072953 0.748622
-0.064370 0.748622 -0.064370 0.748622
-0.055787 0.748622 -0.055787 0.748622
-0.047205 0.748622 -0.047205 0.748622
-0.038622 0.748622 -0.038622 0.748622
-0.030039 0.748622 -0.030039 0.748622
-0.021457 0.748622 -0.021457 0.748622
-0.012874 0.748622 -0.012874 0.748622
-0.004291 0.748622 -0.004291 0.748622
0.004291 0.748622 0.004291 0.748622
0.012874 0.748622 0.012874 0.748622
0.021457 0.748622 0.021457 0.748622
0.030039 0.748622 0.030039 0.748622
0.038622 0.748622 0.038622 0.748622
0.047205 0.748622 0.047205 0.748622
0.055787 0.748622 0.055787 0.748622
0.064370 0.748622 0.064370 0.748622
0.072953 0.748622 0.072953 0.748622
0.081535 0.748622 0.081535 0.748622
0.090118 0.748622 0.090118 0.748622
0.098701 0.748622 0.098701 0.748622
0.107283 0.748622 0.107283 0.748622
0.115866 0.748622 0.115866 0.748622
0.124449 0.748622 0.124449 0.748622
0.133031 0.748622 0.133031 0.748622
0.141614 0.748622 0.141614 0.748622
0.150197 0.748622 0.150197 0.748622
0.158780 0.748622 0.158780 0.748622
0.167362 0.748622 0.167362 0.748622
0.175945 0.748622 0.175945 0.748622
0.184528 0.748622 0.184528 0.748622
0.193110 0.748622 0.193110 0.748622
0.201693 0.748622 0.201693 0.748622
0.210276 0.748622 0.210276 0.748622
0.218858 0.748622 0.218858 0.748622
0.227441 0.748622 0.227441 0.748622
0.236024 0.748622 0.236024 0.748622
0.244606 0.748622 0.244606 0.748622
0.253189 0.748622 0.253189 0.748622
0.261772 0.748622 0.261772 0.748622
0.270354 0.748622 0.270354 0.748622
0.278937 0.748622 0.278937 0.748622
0.287520 0.748622 0.287520 0.748622
0.296102 0.748622 0.296102 0.748622
0.304685 0.748622 0.304685 0.748622
0.313268 0.748622 0.313268 0.748622
0.321850 0.748622 0.321850 0.748622
0.330433 0.748622 0.330433 0.748622
0.339016 0.748622 0.339016 0.748622
0.347598 0.748622 0.347598 0.748622
0.356181 0.748622 0.356181 0.748622
0.364764 0.748622 0.364764 0.748622
0.373346 0.748622 0.373346 0.748622
0.381929 0.748622 0.381929 0.748622
0.390512 0.748622 0.390512 0.748622
0.399094 0.748622 0.399094 0.748622
0.407677 0.748622 0.407677 0.748622
0.416260 0.748622 0.416260 0.748622
0.424843 0.748622 0.424843 0.748622
0.433425 0.748622 0.433425 0.748622
0.442008 0.748622 0.442008 0.748622
0.450591 0.748622 0.450591 0.748622
0.459173 0.748622 0.459173 0.748622
0.467756 0.748622 0.467756 0.748622
0.476339 0.748622 0.476339 0.748622
0.484921 0.748622 0.484921 0.748622
0.493504 0.748622 0.493504 0.748622
0.502087 0.748622 0.502087 0.748622
0.510669 0.748622 0.510669 0.748622
0.519252 0.748622 0.519252 0.748622
0.527835 0.748622 0.527835 0.748622
0.536417 0.748622 0.536417 0.748622
0.545000 0.748622 0.545000 0.748622
-0.545000 0.761929 -0.545000 0.761929
-0.536417 0.761929 -0.536417 0.761929
-0.527835 0.761929 -0.527835 0.761929
-0.519252 0.761929 -0.519252 0.761929
-0.510669 0.761929 -0.510669 0.761929
-0.502087 0.761929 -0.502087 0.761929
-0.493504 0.761929 -0.493504 0.761929
-0.484921 0.761929 -0.484921 0.761929
-0.476339 0.761929 -0.476339 0.761929
-0.467756 0.761929 -0.467756 0.761929
-0.459173 0.761929 -0.459173 0.761929
-0.450591 0.761929 -0.450591 0.761929
-0.442008 0.761929 -0.442008 0.761929
-0.433425 0.761929 -0.433425 0.761929
-0.424843 0.761929 -0.424843 0.761929
-0.416260 0.761929 -0.416260 0.761929
-0.407677 0.761929 -0.407677 0.761929
-0.399094 0.761929 -0.399094 0.761929
-0.390512 0.761929 -0.390512 0.761929
-0.381929 0.761929 -0.381929 0.761929
-0.373346 0.761929 -0.373346 0.761929
-0.364764 0.761929 -0.364764 0.761929
-0.356181 0.761929 -0.356181 0.761929
-0.347598 0.761929 -0.347598 0.761929
-0.339016 0.761929 -0.339016 0.761929
-0.330433 0.761929 -0.330433 0.761929
-0.321850 0.761929 -0.321850 0.761929
-0.313268 0.761929 -0.313268 0.761929
-0.304685 0.761929 -0.304685 0.761929
-0.296102 0.761929 -0.296102 0.761929
-0.287520 0.761929 -0.287520 0.761929
-0.278937 0.761929 -0.278937 0.761929
-0.270354 0.761929 -0.270354 0.761929
-0.261772 0.761929 -0.261772 0.761929
-0.253189 0.761929 -0.253189 0.761929
-0.244606 0.761929 -0.244606 0.761929
-0.236024 0.761929 -0.236024 0.761929
-0.227441 0.761929 -0.227441 0.761929
-0.218858 0.761929 -0.218858 0.761929
-0.210276 0.761929 -0.210276 0.761929
-0.201693 0.761929 -0.201693 0.761929
-0.193110 0.761929 -0.193110 0.761929
-0.184528 0.761929 -0.184528 0.761929
-0.175945 0.761929 -0.175945 0.761929
-0.167362 0.761929 -0.167362 0.761929
-0.158780 0.761929 -0.158780 0.761929
-0.150197 0.761929 -0.150197 0.761929
-0.141614 0.761929 -0.141614 0.761929
-0.133031 0.761929 -0.133031 0.761929
-0.124449 0.761929 -0.124449 0.761929
-0.115866 0.761929 -0.115866 0.761929
-0.107283 0.761929 -0.107283 0.761929
-0.098701 0.761929 -0.098701 0.761929
-0.090118 0.761929 -0.090118 0.761929
-0.081535 0.761929 -0.081535 0.761929
-0.072953 0.761929 -0.072953 0.761929
-0.064370 0.761929 -0.064370 0.761929
-0.055787 0.761929 -0.055787 0.761929
-0.047205 0.761929 -0.047205 0.761929
-0.038622 0.761929 -0.038622 0.761929
-0.030039 0.761929 -0.030039 0.761929
-0.021457 0.761929 -0.021457 0.761929
-0.012874 0.761929 -0.012874 0.761929
-0.004291 0.761929 -0.004291 0.761929
0.004291 0.761929 0.004291 0.761929
0.012874 0.761929 0.012874 0.761929
0.021457 0.761929 0.021457 0.761929
0.030039 0.761929 0.030039 0.761929
0.038622 0.761929 0.038622 0.761929
0.047205 0.761929 0.047205 0.761929
0.055787 0.761929 0.055787 0.761929
0.064370 0.761929 0.064370 0.761929
0.072953 0.761929 0.072953 0.761929
0.081535 0.761929 0.081535 0.761929
0.090118 0.761929 0.090118 0.761929
0.098701 0.761929 0.098701 0.761929
0.107283 0.761929 0.107283 0.761929
0.115866 0.761929 0.115866 0.761929
0.124449 0.761929 0.124449 0.761929
0.133031 0.761929 0.133031 0.761929
0.141614 0.761929 0.141614 0.761929
0.150197 0.761929 0.150197 0.761929
0.158780 0.761929 0.158780 0.761929
0.167362 0.761929 0.167362 0.761929
0.175945 0.761929 0.175945 0.761929
0.184528 0.761929 0.184528 0.761929
0.193110 0.761929 0.193110 0.761929
0.201693 0.761929 0.201693 0.761929
0.210276 0.761929 0.210276 0.761929
0.218858 0.761929 0.218858 0.761929
0.227441 0.761929 0.227441 0.761929
0.236024 0.761929 0.236024 0.761929
0.244606 0.761929 0.244606 0.761929
0.253189 0.761929 0.253189 0.761929
0.261772 0.761929 0.261772 0.761929
0.270354 0.761929 0.270354 0.761929
0.278937 0.761929 0.278937 0.761929
0.287520 0.761929 0.287520 0.761929
0.296102 0.761929 0.296102 0.761929
0.304685 0.761929 0.304685 0.761929
0.313268 0.761929 0.313268 0.761929
0.321850 0.761929 0.321850 0.761929
0.330433 0.761929 0.330433 0.761929
0.339016 0.761929 0.339016 0.761929
0.347598 0.761929 0.347598 0.761929
0.356181 0.761929 0.356181 0.761929
0.364764 0.761929 0.364764 0.761929
0.373346 0.761929 0.373346 0.761929
0.381929 0.761929 0.381929 0.761929
0.390512 0.761929 0.390512 0.761929
0.399094 0.761929 0.399094 0.761929
0.407677 0.761929 0.407677 0.761929
0.416260 0.761929 0.416260 0.761929
0.424843 0.761929 0.424843 0.761929
0.433425 0.761929 0.433425 0.761929
0.442008 0.761929 0.442008 0.761929
0.450591 0.761929 0.450591 0.761929
0.459173 0.761929 0.459173 0.761929
0.467756 0.761929 0.467756 0.761929
0.476339 0.761929 0.476339 0.761929
0.484921 0.761929 0.484921 0.761929
0.493504 0.761929 0.493504 0.761929
0.502087 0.761929 0.502087 0.761929
0.510669 0.761929 0.510669 0.761929
0.519252 0.761929 0.519252 0.761929
0.527835 0.761929 0.527835 0.761929
0.536417 0.761929 0.536417 0.761929
0.545000 0.761929 0.545000 0.761929
-0.545000 0.775236 -0.545000 0.775236
-0.536417 0.775236 -0.536417 0.775236
-0.527835 0.775236 -0.527835 0.775236
-0.519252 0.775236 -0.519252 0.775236
-0.510669 0.775236 -0.510669 0.775236
-0.502087 0.775236 -0.502087 0.775236
-0.493504 0.775236 -0.493504 0.775236
-0.484921 0.775236 -0.484921 0.775236
-0.476339 0.775236 -0.476339 0.775236
-0.467756 0.775236 -0.467756 0.775236
-0.459173 0.775236 -0.459173 0.775236
-0.450591 0.775236 -0.450591 0.775236
-0.442008 0.775236 -0.442008 0.775236
-0.433425 0.775236 -0.433425 0.775236
-0.424843 0.775236 -0.424843 0.775236
-0.416260 0.775236 -0.416260 0.775236
-0.407677 0.775236 -0.407677 0.775236
-0.399094 0.775236 -0.399094 0.775236
-0.390512 0.775236 -0.390512 0.775236
-0.381929 0.775236 -0.381929 0.775236
-0.373346 0.775236 -0.373346 0.775236
-0.364764 0.775236 -0.364764 0.775236
-0.356181 0.775236 -0.356181 0.775236
-0.347598 0.775236 -0.347598 0.775236
-0.339016 0.775236 -0.339016 0.775236
-0.330433 0.775236 -0.330433 0.775236
-0.321850 0.775236 -0.321850 0.775236
-0.313268 0.775236 -0.313268 0.775236
-0.304685 0.775236 -0.304685 0.775236
-0.296102 0.775236 -0.296102 0.775236
-0.287520 0.775236 -0.287520 0.775236
-0.278937 0.775236 -0.278937 0.775236
-0.270354 0.775236 -0.270354 0.775236
-0.261772 0.775236 -0.261772 0.775236
-0.253189 0.775236 -0.253189 0.775236
-0.244606 0.775236 -0.244606 0.775236
-0.236024 0.775236 -0.236024 0.775236
-0.227441 0.775236 -0.227441 0.775236
-0.218858 0.775236 -0.218858 0.775236
-0.210276 0.775236 -0.210276 0.775236
-0.201693 0.775236 -0.201693 0.775236
-0.193110 0.775236 -0.193110 0.775236
-0.184528 0.775236 -0.184528 0.775236
-0.175945 0.775236 -0.175945 0.775236
-0.167362 0.775236 -0.167362 0.775236
-0.158780 0.775236 -0.158780 0.775236
-0.150197 0.775236 -0.150197 0.775236
-0.141614 0.775236 -0.141614 0.775236
-0.133031 0.775236 -0.133031 0.775236
-0.124449 0.775236 -0.124449 0.775236
-0.115866 0.775236 -0.115866 0.775236
-0.107283 0.775236 -0.107283 0.775236
-0.098701 0.775236 -0.098701 0.775236
-0.090118 0.775236 -0.090118 0.775236
-0.081535 0.775236 -0.081535 0.775236
-0.072953 0.775236 -0.072953 0.775236
-0.064370 0.775236 -0.064370 0.775236
-0.055787 0.775236 -0.055787 0.775236
-0.047205 0.775236 -0.047205 0.775236
-0.038622 0.775236 -0.038622 0.775236
-0.030039 0.775236 -0.030039 0.775236
-0.021457 0.775236 -0.021457 0.775236
-0.012874 0.775236 -0.012874 0.775236
-0.004291 0.775236 -0.004291 0.775236
0.004291 0.775236 0.004291 0.775236
0.012874 0.775236 0.012874 0.775236
0.021457 0.775236 0.021457 0.775236
0.030039 0.775236 0.030039 0.775236
0.038622 0.775236 0.038622 0.775236
0.047205 0.775236 0.047205 0.775236
0.055787 0.775236 0.055787 0.775236
0.064370 0.775236 0.064370 0.775236
0.072953 0.775236 0.072953 0.775236
0.081535 0.775236 0.081535 0.775236
0.090118 0.775236 0.090118 0.775236
0.098701 0.775236 0.098701 0.775236
0.107283 0.775236 0.107283 0.775236
0.115866 0.775236 0.115866 0.775236
0.124449 0.775236 0.124449 0.775236
0.133031 0.775236 0.133031 0.775236
0.141614 0.775236 0.141614 0.775236
0.150197 0.775236 0.150197 0.775236
0.158780 0.775236 0.158780 0.775236
0.167362 0.775236 0.167362 0.775236
0.175945 0.775236 0.175945 0.775236
0.184528 0.775236 0.184528 0.775236
0.193110 0.775236 0.193110 0.775236
0.201693 0.775236 0.201693 0.775236
0.210276 0.775236 0.210276 0.775236
0.218858 0.775236 0.218858 0.775236
0.227441 0.775236 0.227441 0.775236
0.236024 0.775236 0.236024 0.775236
0.244606 0.775236 0.244606 0.775236
0.253189 0.775236 0.253189 0.775236
0.261772 0.775236 0.261772 0.775236
0.270354 0.775236 0.270354 0.775236
0.278937 0.775236 0.278937 0.775236
0.287520 0.775236 0.287520 0.775236
0.296102 0.775236 0.296102 0.775236
0.304685 0.775236 0.304685 0.775236
0.313268 0.775236 0.313268 0.775236
0.321850 0.775236 0.321850 0.775236
0.330433 0.775236 0.330433 0.775236
0.339016 0.775236 0.339016 0.775236
0.347598 0.775236 0.347598 0.775236
0.356181 0.775236 0.356181 0.775236
0.364764 0.775236 0.364764 0.775236
0.373346 0.775236 0.373346 0.775236
0.381929 0.775236 0.381929 0.775236
0.390512 0.775236 0.390512 0.775236
0.399094 0.775236 0.399094 0.775236
0.407677 0.775236 0.407677 0.775236
0.416260 0.775236 0.416260 0.775236
0.424843 0.775236 0.424843 0.775236
0.433425 0.775236 0.433425 0.775236
0.442008 0.775236 0.442008 0.775236
0.450591 0.775236 0.450591 0.775236
0.459173 0.775236 0.459173 0.775236
0.467756 0.775236 0.467756 0.775236
0.476339 0.775236 0.476339 0.775236
0.484921 0.775236 0.484921 0.775236
0.493504 0.775236 0.493504 0.775236
0.502087 0.775236 0.502087 0.775236
0.510669 0.775236 0.510669 0.775236
0.519252 0.775236 0.519252 0.775236
0.527835 0.775236 0.527835 0.775236
0.536417 0.775236 0.536417 0.775236
0.545000 0.775236 0.545000 0.775236
-0.545000 0.788543 -0.545000 0.788543
-0.536417 0.788543 -0.536417 0.788543
-0.527835 0.788543 -0.527835 0.788543
-0.519252 0.788543 -0.519252 0.788543
-0.510669 0.788543 -0.510669 0.788543
-0.502087 0.788543 -0.502087 0.788543
-0.493504 0.788543 -0.493504 0.788543
-0.484921 0.788543 -0.484921 0.788543
-0.476339 0.788543 -0.476339 0.788543
-0.467756 0.788543 -0.467756 0.788543
-0.459173 0.788543 -0.459173 0.788543
-0.450591 0.788543 -0.450591 0.788543
-0.442008 0.788543 -0.442008 0.788543
-0.433425 0.788543 -0.433425 0.788543
-0.424843 0.788543 -0.424843 0.788543
-0.416260 0.788543 -0.416260 0.788543
-0.407677 0.788543 -0.407677 0.788543
-0.399094 0.788543 -0.399094 0.788543
-0.390512 0.788543 -0.390512 0.788543
-0.381929 0.788543 -0.381929 0.788543
-0.373346 0.788543 -0.373346 0.788543
-0.364764 0.788543 -0.364764 0.788543
-0.356181 0.788543 -0.356181 0.788543
-0.347598 0.788543 -0.347598 0.788543
-0.339016 0.788543 -0.339016 0.788543
-0.330433 0.788543 -0.330433 0.788543
-0.321850 0.788543 -0.321850 0.788543
-0.313268 0.788543 -0.313268 0.788543
-0.304685 0.788543 -0.304685 0.788543
-0.296102 0.788543 -0.296102 0.788543
-0.287520 0.788543 -0.287520 0.788543
-0.278937 0.788543 -0.278937 0.788543
-0.270354 0.788543 -0.270354 0.788543
-0.261772 0.788543 -0.261772 0.788543
-0.253189 0.788543 -0.253189 0.788543
-0.244606 0.788543 -0.244606 0.788543
-0.236024 0.788543 -0.236024 0.788543
-0.227441 0.788543 -0.227441 0.788543
-0.218858 0.788543 -0.218858 0.788543
-0.210276 0.788543 -0.210276 0.788543
-0.201693 0.788543 -0.201693 0.788543
-0.193110 0.788543 -0.193110 0.788543
-0.184528 0.788543 -0.184528 0.788543
-0.175945 0.788543 -0.175945 0.788543
-0.167362 0.788543 -0.167362 0.788543
-0.158780 0.788543 -0.158780 0.788543
-0.150197 0.788543 -0.150197 0.788543
-0.141614 0.788543 -0.141614 0.788543
-0.133031 0.788543 -0.133031 0.788543
-0.124449 0.788543 -0.124449 0.788543
-0.115866 0.788543 -0.115866 0.788543
-0.107283 0.788543 -0.107283 0.788543
-0.098701 0.788543 -0.098701 0.788543
-0.090118 0.788543 -0.090118 0.788543
-0.081535 0.788543 -0.081535 0.788543
-0.072953 0.788543 -0.072953 0.788543
-0.064370 0.788543 -0.064370 0.788543
-0.055787 0.788543 -0.055787 0.788543
-0.047205 0.788543 -0.047205 0.788543
-0.038622 0.788543 -0.038622 0.788543
-0.030039 0.788543 -0.030039 0.788543
-0.021457 0.788543 -0.021457 0.788543
-0.012874 0.788543 -0.012874 0.788543
-0.004291 0.788543 -0.004291 0.788543
0.004291 0.788543 0.004291 0.788543
0.012874 0.788543 0.012874 0.788543
0.021457 0.788543 0.021457 0.788543
0.030039 0.788543 0.030039 0.788543
0.038622 0.788543 0.038622 0.788543
0.047205 0.788543 0.047205 0.788543
0.055787 0.788543 0.055787 0.788543
0.064370 0.788543 0.064370 0.788543
0.072953 0.788543 0.072953 0.788543
0.081535 0.788543 0.081535 0.788543
0.090118 0.788543 0.090118 0.788543
0.098701 0.788543 0.098701 0.788543
0.107283 0.788543 0.107283 0.788543
0.115866 0.788543 0.115866 0.788543
0.124449 0.788543 0.124449 0.788543
0.133031 0.788543 0.133031 0.788543
0.141614 0.788543 0.141614 0.788543
0.150197 0.788543 0.150197 0.788543
0.158780 0.788543 0.158780 0.788543
0.167362 0.788543 0.167362 0.788543
0.175945 0.788543 0.175945 0.788543
0.184528 0.788543 0.184528 0.788543
0.193110 0.788543 0.193110 0.788543
0.201693 0.788543 0.201693 0.788543
0.210276 0.788543 0.210276 0.788543
0.218858 0.788543 0.218858 0.788543
0.227441 0.788543 0.227441 0.788543
0.236024 0.788543 0.236024 0.788543
0.244606 0.788543 0.244606 0.788543
0.253189 0.788543 0.253189 0.788543
0.261772 0.788543 0.261772 0.788543
0.270354 0.788543 0.270354 0.788543
0.278937 0.788543 0.278937 0.788543
0.287520 0.788543 0.287520 0.788543
0.296102 0.788543 0.296102 0.788543
0.304685 0.788543 0.304685 0.788543
0.313268 0.788543 0.313268 0.788543
0.321850 0.788543 0.321850 0.788543
0.330433 0.788543 0.330433 0.788543
0.339016 0.788543 0.339016 0.788543
0.347598 0.788543 0.347598 0.788543
0.356181 0.788543 0.356181 0.788543
0.364764 0.788543 0.364764 0.788543
0.373346 0.788543 0.373346 0.788543
0.381929 0.788543 0.381929 0.788543
0.390512 0.788543 0.390512 0.788543
0.399094 0.788543 0.399094 0.788543
0.407677 0.788543 0.407677 0.788543
0.416260 0.788543 0.416260 0.788543
0.424843 0.788543 0.424843 0.788543
0.433425 0.788543 0.433425 0.788543
0.442008 0.788543 0.442008 0.788543
0.450591 0.788543 0.450591 0.788543
0.459173 0.788543 0.459173 0.788543
0.467756 0.788543 0.467756 0.788543
0.476339 0.788543 0.476339 0.788543
0.484921 0.788543 0.484921 0.788543
0.493504 0.788543 0.493504 0.788543
0.502087 0.788543 0.502087 0.788543
0.510669 0.788543 0.510669 0.788543
0.519252 0.788543 0.519252 0.788543
0.527835 0.788543 0.527835 0.788543
0.536417 0.788543 0.536417 0.788543
0.545000 0.788543 0.545000 0.788543
-0.545000 0.801850 -0.545000 0.801850
-0.536417 0.801850 -0.536417 0.801850
-0.527835 0.801850 -0.527835 0.801850
-0.519252 0.801850 -0.519252 0.801850
-0.510669 0.801850 -0.510669 0.801850
-0.502087 0.801850 -0.502087 0.801850
-0.493504 0.801850 -0.493504 0.801850
-0.484921 0.801850 -0.484921 0.801850
-0.476339 0.801850 -0.476339 0.801850
-0.467756 0.801850 -0.467756 0.801850
-0.459173 0.801850 -0.459173 0.801850
-0.450591 0.801850 -0.450591 0.801850
-0.442008 0.801850 -0.442008 0.801850
-0.433425 0.801850 -0.433425 0.801850
-0.424843 0.801850 -0.424843 0.801850
-0.416260 0.801850 -0.416260 0.801850
-0.407677 0.801850 -0.407677 0.801850
-0.399094 0.801850 -0.399094 0.801850
-0.390512 0.801850 -0.390512 0.801850
-0.381929 0.801850 -0.381929 0.801850
-0.373346 0.801850 -0.373346 0.801850
-0.364764 0.801850 -0.364764 0.801850
-0.356181 0.801850 -0.356181 0.801850
-0.347598 0.801850 -0.347598 0.801850
-0.339016 0.801850 -0.339016 0.801850
-0.330433 0.801850 -0.330433 0.801850
-0.321850 0.801850 -0.321850 0.801850
-0.313268 0.801850 -0.313268 0.801850
-0.304685 0.801850 -0.304685 0.801850
-0.296102 0.801850 -0.296102 0.801850
-0.287520 0.801850 -0.287520 0.801850
-0.278937 0.801850 -0.278937 0.801850
-0.270354 0.801850 -0.270354 0.801850
-0.261772 0.801850 -0.261772 0.801850
-0.253189 0.801850 -0.253189 0.801850
-0.244606 0.801850 -0.244606 0.801850
-0.236024 0.801850 -0.236024 0.801850
-0.227441 0.801850 -0.227441 0.801850
-0.218858 0.801850 -0.218858 0.801850
-0.210276 0.801850 -0.210276 0.801850
-0.201693 0.801850 -0.201693 0.801850
-0.193110 0.801850 -0.193110 0.801850
-0.184528 0.801850 -0.184528 0.801850
-0.175945 0.801850 -0.175945 0.801850
-0.167362 0.801850 -0.167362 0.801850
-0.158780 0.801850 -0.158780 0.801850
-0.150197 0.801850 -0.150197 0.801850
-0.141614 0.801850 -0.141614 0.801850
-0.133031 0.801850 -0.133031 0.801850
-0.124449 0.801850 -0.124449 0.801850
-0.115866 0.801850 -0.115866 0.801850
-0.107283 0.801850 -0.107283 0.801850
-0.098701 0.801850 -0.098701 0.801850
-0.090118 0.801850 -0.090118 0.801850
-0.081535 0.801850 -0.081535 0.801850
-0.072953 0.801850 -0.072953 0.801850
-0.064370 0.801850 -0.064370 0.801850
-0.055787 0.801850 -0.055787 0.801850
-0.047205 0.801850 -0.047205 0.801850
-0.038622 0.801850 -0.038622 0.801850
-0.030039 0.801850 -0.030039 0.801850
-0.021457 0.801850 -0.021457 0.801850
-0.012874 0.801850 -0.012874 0.801850
-0.004291 0.801850 -0.004291 0.801850
0.004291 0.801850 0.004291 0.801850
0.012874 0.801850 0.012874 0.801850
0.021457 0.801850 0.021457 0.801850
0.030039 0.801850 0.030039 0.801850
0.038622 0.801850 0.038622 0.801850
0.047205 0.801850 0.047205 0.801850
0.055787 0.801850 0.055787 0.801850
0.064370 0.801850 0.064370 0.801850
0.072953 0.801850 0.072953 0.801850
0.081535 0.801850 0.081535 0.801850
0.090118 0.801850 0.090118 0.801850
0.098701 0.801850 0.098701 0.801850
0.107283 0.801850 0.107283 0.801850
0.115866 0.801850 0.115866 0.801850
0.124449 0.801850 0.124449 0.801850
0.133031 0.801850 0.133031 0.801850
0.141614 0.801850 0.141614 0.801850
0.150197 0.801850 0.150197 0.801850
0.158780 0.801850 0.158780 0.801850
0.167362 0.801850 0.167362 0.801850
0.175945 0.801850 0.175945 0.801850
0.184528 0.801850 0.184528 0.801850
0.193110 0.801850 0.193110 0.801850
0.201693 0.801850 0.201693 0.801850
0.210276 0.801850 0.210276 0.801850
0.218858 0.801850 0.218858 0.801850
0.227441 0.801850 0.227441 0.801850
0.236024 0.801850 0.236024 0.801850
0.244606 0.801850 0.244606 0.801850
0.253189 0.801850 0.253189 0.801850
0.261772 0.801850 0.261772 0.801850
0.270354 0.801850 0.270354 0.801850
0.278937 0.801850 0.278937 0.801850
0.287520 0.801850 0.287520 0.801850
0.296102 0.801850 0.296102 0.801850
0.304685 0.801850 0.304685 0.801850
0.313268 0.801850 0.313268 0.801850
0.321850 0.801850 0.321850 0.801850
0.330433 0.801850 0.330433 0.801850
0.339016 0.801850 0.339016 0.801850
0.347598 0.801850 0.347598 0.801850
0.356181 0.801850 0.356181 0.801850
0.364764 0.801850 0.364764 0.801850
0.373346 0.801850 0.373346 0.801850
0.381929 0.801850 0.381929 0.801850
0.390512 0.801850 0.390512 0.801850
0.399094 0.801850 0.399094 0.801850
0.407677 0.801850 0.407677 0.801850
0.416260 0.801850 0.416260 0.801850
0.424843 0.801850 0.424843 0.801850
0.433425 0.801850 0.433425 0.801850
0.442008 0.801850 0.442008 0.801850
0.450591 0.801850 0.450591 0.801850
0.459173 0.801850 0.459173 0.801850
0.467756 0.801850 0.467756 0.801850
0.476339 0.801850 0.476339 0.801850
0.484921 0.801850 0.484921 0.801850
0.493504 0.801850 0.493504 0.801850
0.502087 0.801850 0.502087 0.801850
0.510669 0.801850 0.510669 0.801850
0.519252 0.801850 0.519252 0.801850
0.527835 0.801850 0.527835 0.801850
0.536417 0.801850 0.536417 0.801850
0.545000 0.801850 0.545000 0.801850
-0.545000 0.815157 -0.545000 0.815157
-0.536417 0.815157 -0.536417 0.815157
-0.527835 0.815157 -0.527835 0.815157
-0.519252 0.815157 -0.519252 0.815157
-0.510669 0.815157 -0.510669 0.815157
-0.502087 0.815157 -0.502087 0.815157
-0.493504 0.815157 -0.493504 0.815157
-0.484921 0.815157 -0.484921 0.815157
-0.476339 0.815157 -0.476339 0.815157
-0.467756 0.815157 -0.467756 0.815157
-0.459173 0.815157 -0.459173 0.815157
-0.450591 0.815157 -0.450591 0.815157
-0.442008 0.815157 -0.442008 0.815157
-0.433425 0.815157 -0.433425 0.815157
-0.424843 0.815157 -0.424843 0.815157
-0.416260 0.815157 -0.416260 0.815157
-0.407677 0.815157 -0.407677 0.815157
-0.399094 0.815157 -0.399094 0.815157
-0.390512 0.815157 -0.390512 0.815157
-0.381929 0.815157 -0.381929 0.815157
-0.373346 0.815157 -0.373346 0.815157
-0.364764 0.815157 -0.364764 0.815157
-0.356181 0.815157 -0.356181 0.815157
-0.347598 0.815157 -0.347598 0.815157
-0.339016 0.815157 -0.339016 0.815157
-0.330433 0.815157 -0.330433 0.815157
-0.321850 0.815157 -0.321850 0.815157
-0.313268 0.815157 -0.313268 0.815157
-0.304685 0.815157 -0.304685 0.815157
-0.296102 0.815157 -0.296102 0.815157
-0.287520 0.815157 -0.287520 0.815157
-0.278937 0.815157 -0.278937 0.815157
-0.270354 0.815157 -0.270354 0.815157
-0.261772 0.815157 -0.261772 0.815157
-0.253189 0.815157 -0.253189 0.815157
-0.244606 0.815157 -0.244606 0.815157
-0.236024 0.815157 -0.236024 0.815157
-0.227441 0.815157 -0.227441 0.815157
-0.218858 0.815157 -0.218858 0.815157
-0.210276 0.815157 -0.210276 0.815157
-0.201693 0.815157 -0.201693 0.815157
-0.193110 0.815157 -0.193110 0.815157
-0.184528 0.815157 -0.184528 0.815157
-0.175945 0.815157 -0.175945 0.815157
-0.167362 0.815157 -0.167362 0.815157
-0.158780 0.815157 -0.158780 0.815157
-0.150197 0.815157 -0.150197 0.815157
-0.141614 0.815157 -0.141614 0.815157
-0.133031 0.815157 -0.133031 0.815157
-0.124449 0.815157 -0.124449 0.815157
-0.115866 0.815157 -0.115866 0.815157
-0.107283 0.815157 -0.107283 0.815157
-0.098701 0.815157 -0.098701 0.815157
-0.090118 0.815157 -0.090118 0.815157
-0.081535 0.815157 -0.081535 0.815157
-0.072953 0.815157 -0.072953 0.815157
-0.064370 0.815157 -0.064370 0.815157
-0.055787 0.815157 -0.055787 0.815157
-0.047205 0.815157 -0.047205 0.815157
-0.038622 0.815157 -0.038622 0.815157
-0.030039 0.815157 -0.030039 0.815157
-0.021457 0.815157 -0.021457 0.815157
-0.012874 0.815157 -0.012874 0.815157
-0.004291 0.815157 -0.004291 0.815157
0.004291 0.815157 0.004291 0.815157
0.012874 0.815157 0.012874 0.815157
0.021457 0.815157 0.021457 0.815157
0.030039 0.815157 0.030039 0.815157
0.038622 0.815157 0.038622 0.815157
0.047205 0.815157 0.047205 0.815157
0.055787 0.815157 0.055787 0.815157
0.064370 0.815157 0.064370 0.815157
0.072953 0.815157 0.072953 0.815157
0.081535 0.815157 0.081535 0.815157
0.090118 0.815157 0.090118 0.815157
0.098701 0.815157 0.098701 0.815157
0.107283 0.815157 0.107283 0.815157
0.115866 0.815157 0.115866 0.815157
0.124449 0.815157 0.124449 0.815157
0.133031 0.815157 0.133031 0.815157
0.141614 0.815157 0.141614 0.815157
0.150197 0.815157 0.150197 0.815157
0.158780 0.815157 0.158780 0.815157
0.167362 0.815157 0.167362 0.815157
0.175945 0.815157 0.175945 0.815157
0.184528 0.815157 0.184528 0.815157
0.193110 0.815157 0.193110 0.815157
0.201693 0.815157 0.201693 0.815157
0.210276 0.815157 0.210276 0.815157
0.218858 0.815157 0.218858 0.815157
0.227441 0.815157 0.227441 0.815157
0.236024 0.815157 0.236024 0.815157
0.244606 0.815157 0.244606 0.815157
0.253189 0.815157 0.253189 0.815157
0.261772 0.815157 0.261772 0.815157
0.270354 0.815157 0.270354 0.815157
0.278937 0.815157 0.278937 0.815157
0.287520 0.815157 0.287520 0.815157
0.296102 0.815157 0.296102 0.815157
0.304685 0.815157 0.304685 0.815157
0.313268 0.815157 0.313268 0.815157
0.321850 0.815157 0.321850 0.815157
0.330433 0.815157 0.330433 0.815157
0.339016 0.815157 0.339016 0.815157
0.347598 0.815157 0.347598 0.815157
0.356181 0.815157 0.356181 0.815157
0.364764 0.815157 0.364764 0.815157
0.373346 0.815157 0.373346 0.815157
0.381929 0.815157 0.381929 0.815157
0.390512 0.815157 0.390512 0.815157
0.399094 0.815157 0.399094 0.815157
0.407677 0.815157 0.407677 0.815157
0.416260 0.815157 0.416260 0.815157
0.424843 0.815157 0.424843 0.815157
0.433425 0.815157 0.433425 0.815157
0.442008 0.815157 0.442008 0.815157
0.450591 0.815157 0.450591 0.815157
0.459173 0.815157 0.459173 0.815157
0.467756 0.815157 0.467756 0.815157
0.476339 0.815157 0.476339 0.815157
0.484921 0.815157 0.484921 0.815157
0.493504 0.815157 0.493504 0.815157
0.502087 0.815157 0.502087 0.815157
0.510669 0.815157 0.510669 0.815157
0.519252 0.815157 0.519252 0.815157
0.527835 0.815157 0.527835 0.815157
0.536417 0.815157 0.536417 0.815157
0.545000 0.815157 0.545000 0.815157
-0.545000 0.828465 -0.545000 0.828465
-0.536417 0.828465 -0.536417 0.828465
-0.527835 0.828465 -0.527835 0.828465
-0.519252 0.828465 -0.519252 0.828465
-0.510669 0.828465 -0.510669 0.828465
-0.502087 0.828465 -0.502087 0.828465
-0.493504 0.828465 -0.493504 0.828465
-0.484921 0.828465 -0.484921 0.828465
-0.476339 0.828465 -0.476339 0.828465
-0.467756 0.828465 -0.467756 0.828465
-0.459173 0.828465 -0.459173 0.828465
-0.450591 0.828465 -0.450591 0.828465
-0.442008 0.828465 -0.442008 0.828465
-0.433425 0.828465 -0.433425 0.828465
-0.424843 0.828465 -0.424843 0.828465
-0.416260 0.828465 -0.416260 0.828465
-0.407677 0.828465 -0.407677 0.828465
-0.399094 0.828465 -0.399094 0.828465
-0.390512 0.828465 -0.390512 0.828465
-0.381929 0.828465 -0.381929 0.828465
-0.373346 0.828465 -0.373346 0.828465
-0.364764 0.828465 -0.364764 0.828465
-0.356181 0.828465 -0.356181 0.828465
-0.347598 0.828465 -0.347598 0.828465
-0.339016 0.828465 -0.339016 0.828465
-0.330433 0.828465 -0.330433 0.828465
-0.321850 0.828465 -0.321850 0.828465
-0.313268 0.828465 -0.313268 0.828465
-0.304685 0.828465 -0.304685 0.828465
-0.296102 0.828465 -0.296102 0.828465
-0.287520 0.828465 -0.287520 0.828465
-0.278937 0.828465 -0.278937 0.828465
-0.270354 0.828465 -0.270354 0.828465
-0.261772 0.828465 -0.261772 0.828465
-0.253189 0.828465 -0.253189 0.828465
-0.244606 0.828465 -0.244606 0.828465
-0.236024 0.828465 -0.236024 0.828465
-0.227441 0.828465 -0.227441 0.828465
-0.218858 0.828465 -0.218858 0.828465
-0.210276 0.828465 -0.210276 0.828465
-0.201693 0.828465 -0.201693 0.828465
-0.193110 0.828465 -0.193110 0.828465
-0.184528 0.828465 -0.184528 0.828465
-0.175945 0.828465 -0.175945 0.828465
-0.167362 0.828465 -0.167362 0.828465
-0.158780 0.828465 -0.158780 0.828465
-0.150197 0.828465 -0.150197 0.828465
-0.141614 0.828465 -0.141614 0.828465
-0.133031 0.828465 -0.133031 0.828465
-0.124449 0.828465 -0.124449 0.828465
-0.115866 0.828465 -0.115866 0.828465
-0.107283 0.828465 -0.107283 0.828465
-0.098701 0.828465 -0.098701 0.828465
-0.090118 0.828465 -0.090118 0.828465
-0.081535 0.828465 -0.081535 0.828465
-0.072953 0.828465 -0.072953 0.828465
-0.064370 0.828465 -0.064370 0.828465
-0.055787 0.828465 -0.055787 0.828465
-0.047205 0.828465 -0.047205 0.828465
-0.038622 0.828465 -0.038622 0.828465
-0.030039 0.828465 -0.030039 0.828465
-0.021457 0.828465 -0.021457 0.828465
-0.012874 0.828465 -0.012874 0.828465
-0.004291 0.828465 -0.004291 0.828465
0.004291 0.828465 0.004291 0.828465
0.012874 0.828465 0.012874 0.828465
0.021457 0.828465 0.021457 0.828465
0.030039 0.828465 0.030039 0.828465
0.038622 0.828465 0.038622 0.828465
0.047205 0.828465 0.047205 0.828465
0.055787 0.828465 0.055787 0.828465
0.064370 0.828465 0.064370 0.828465
0.072953 0.828465 0.072953 0.828465
0.081535 0.828465 0.081535 0.828465
0.090118 0.828465 0.090118 0.828465
0.098701 0.828465 0.098701 0.828465
0.107283 0.828465 0.107283 0.828465
0.115866 0.828465 0.115866 0.828465
0.124449 0.828465 0.124449 0.828465
0.133031 0.828465 0.133031 0.828465
0.141614 0.828465 0.141614 0.828465
0.150197 0.828465 0.150197 0.828465
0.158780 0.828465 0.158780 0.828465
0.167362 0.828465 0.167362 0.828465
0.175945 0.828465 0.175945 0.828465
0.184528 0.828465 0.184528 0.828465
0.193110 0.828465 0.193110 0.828465
0.201693 0.828465 0.201693 0.828465
0.210276 0.828465 0.210276 0.828465
0.218858 0.828465 0.218858 0.828465
0.227441 0.828465 0.227441 0.828465
0.236024 0.828465 0.236024 0.828465
0.244606 0.828465 0.244606 0.828465
0.253189 0.828465 0.253189 0.828465
0.261772 0.828465 0.261772 0.828465
0.270354 0.828465 0.270354 0.828465
0.278937 0.828465 0.278937 0.828465
0.287520 0.828465 0.287520 0.828465
0.296102 0.828465 0.296102 0.828465
0.304685 0.828465 0.304685 0.828465
0.313268 0.828465 0.313268 0.828465
0.321850 0.828465 0.321850 0.828465
0.330433 0.828465 0.330433 0.828465
0.339016 0.828465 0.339016 0.828465
0.347598 0.828465 0.347598 0.828465
0.356181 0.828465 0.356181 0.828465
0.364764 0.828465 0.364764 0.828465
0.373346 0.828465 0.373346 0.828465
0.381929 0.828465 0.381929 0.828465
0.390512 0.828465 0.390512 0.828465
0.399094 0.828465 0.399094 0.828465
0.407677 0.828465 0.407677 0.828465
0.416260 0.828465 0.416260 0.828465
0.424843 0.828465 0.424843 0.828465
0.433425 0.828465 0.433425 0.828465
0.442008 0.828465 0.442008 0.828465
0.450591 0.828465 0.450591 0.828465
0.459173 0.828465 0.459173 0.828465
0.467756 0.828465 0.467756 0.828465
0.476339 0.828465 0.476339 0.828465
0.484921 0.828465 0.484921 0.828465
0.493504 0.828465 0.493504 0.828465
0.502087 0.828465 0.502087 0.828465
0.510669 0.828465 0.510669 0.828465
0.519252 0.828465 0.519252 0.828465
0.527835 0.828465 0.527835 0.828465
0.536417 0.828465 0.536417 0.828465
0.545000 0.828465 0.545000 0.828465
-0.545000 0.841772 -0.545000 0.841772
-0.536417 0.841772 -0.536417 0.841772
-0.527835 0.841772 -0.527835 0.841772
-0.519252 0.841772 -0.519252 0.841772
-0.510669 0.841772 -0.510669 0.841772
-0.502087 0.841772 -0.502087 0.841772
-0.493504 0.841772 -0.493504 0.841772
-0.484921 0.841772 -0.484921 0.841772
-0.476339 0.841772 -0.476339 0.841772
-0.467756 0.841772 -0.467756 0.841772
-0.459173 0.841772 -0.459173 0.841772
-0.450591 0.841772 -0.450591 0.841772
-0.442008 0.841772 -0.442008 0.841772
-0.433425 0.841772 -0.433425 0.841772
-0.424843 0.841772 -0.424843 0.841772
-0.416260 0.841772 -0.416260 0.841772
-0.407677 0.841772 -0.407677 0.841772
-0.399094 0.841772 -0.399094 0.841772
-0.390512 0.841772 -0.390512 0.841772
-0.381929 0.841772 -0.381929 0.841772
-0.373346 0.841772 -0.373346 0.841772
-0.364764 0.841772 -0.364764 0.841772
-0.356181 0.841772 -0.356181 0.841772
-0.347598 0.841772 -0.347598 0.841772
-0.339016 0.841772 -0.339016 0.841772
-0.330433 0.841772 -0.330433 0.841772
-0.321850 0.841772 -0.321850 0.841772
-0.313268 0.841772 -0.313268 0.841772
-0.304685 0.841772 -0.304685 0.841772
-0.296102 0.841772 -0.296102 0.841772
-0.287520 0.841772 -0.287520 0.841772
-0.278937 0.841772 -0.278937 0.841772
-0.270354 0.841772 -0.270354 0.841772
-0.261772 0.841772 -0.261772 0.841772
-0.253189 0.841772 -0.253189 0.841772
-0.244606 0.841772 -0.244606 0.841772
-0.236024 0.841772 -0.236024 0.841772
-0.227441 0.841772 -0.227441 0.841772
-0.218858 0.841772 -0.218858 0.841772
-0.210276 0.841772 -0.210276 0.841772
-0.201693 0.841772 -0.201693 0.841772
-0.193110 0.841772 -0.193110 0.841772
-0.184528 0.841772 -0.184528 0.841772
-0.175945 0.841772 -0.175945 0.841772
-0.167362 0.841772 -0.167362 0.841772
-0.158780 0.841772 -0.158780 0.841772
-0.150197 0.841772 -0.150197 0.841772
-0.141614 0.841772 -0.141614 0.841772
-0.133031 0.841772 -0.133031 0.841772
-0.124449 0.841772 -0.124449 0.841772
-0.115866 0.841772 -0.115866 0.841772
-0.107283 0.841772 -0.107283 0.841772
-0.098701 0.841772 -0.098701 0.841772
-0.090118 0.841772 -0.090118 0.841772
-0.081535 0.841772 -0.081535 0.841772
-0.072953 0.841772 -0.072953 0.841772
-0.064370 0.841772 -0.064370 0.841772
-0.055787 0.841772 -0.055787 0.841772
-0.047205 0.841772 -0.047205 0.841772
-0.038622 0.841772 -0.038622 0.841772
-0.030039 0.841772 -0.030039 0.841772
-0.021457 0.841772 -0.021457 0.841772
-0.012874 0.841772 -0.012874 0.841772
-0.004291 0.841772 -0.004291 0.841772
0.004291 0.841772 0.004291 0.841772
0.012874 0.841772 0.012874 0.841772
0.021457 0.841772 0.021457 0.841772
0.030039 0.841772 0.030039 0.841772
0.038622 0.841772 0.038622 0.841772
0.047205 0.841772 0.047205 0.841772
0.055787 0.841772 0.055787 0.841772
0.064370 0.841772 0.064370 0.841772
0.072953 0.841772 0.072953 0.841772
0.081535 0.841772 0.081535 0.841772
0.090118 0.841772 0.090118 0.841772
0.098701 0.841772 0.098701 0.841772
0.107283 0.841772 0.107283 0.841772
0.115866 0.841772 0.115866 0.841772
0.124449 0.841772 0.124449 0.841772
0.133031 0.841772 0.133031 0.841772
0.141614 0.841772 0.141614 0.841772
0.150197 0.841772 0.150197 0.841772
0.158780 0.841772 0.158780 0.841772
0.167362 0.841772 0.167362 0.841772
0.175945 0.841772 0.175945 0.841772
0.184528 0.841772 0.184528 0.841772
0.193110 0.841772 0.193110 0.841772
0.201693 0.841772 0.201693 0.841772
0.210276 0.841772 0.210276 0.841772
0.218858 0.841772 0.218858 0.841772
0.227441 0.841772 0.227441 0.841772
0.236024 0.841772 0.236024 0.841772
0.244606 0.841772 0.244606 0.841772
0.253189 0.841772 0.253189 0.841772
0.261772 0.841772 0.261772 0.841772
0.270354 0.841772 0.270354 0.841772
0.278937 0.841772 0.278937 0.841772
0.287520 0.841772 0.287520 0.841772
0.296102 0.841772 0.296102 0.841772
0.304685 0.841772 0.304685 0.841772
0.313268 0.841772 0.313268 0.841772
0.321850 0.841772 0.321850 0.841772
0.330433 0.841772 0.330433 0.841772
0.339016 0.841772 0.339016 0.841772
0.347598 0.841772 0.347598 0.841772
0.356181 0.841772 0.356181 0.841772
0.364764 0.841772 0.364764 0.841772
0.373346 0.841772 0.373346 0.841772
0.381929 0.841772 0.381929 0.841772
0.390512 0.841772 0.390512 0.841772
0.399094 0.841772 0.399094 0.841772
0.407677 0.841772 0.407677 0.841772
0.416260 0.841772 0.416260 0.841772
0.424843 0.841772 0.424843 0.841772
0.433425 0.841772 0.433425 0.841772
0.442008 0.841772 0.442008 0.841772
0.450591 0.841772 0.450591 0.841772
0.459173 0.841772 0.459173 0.841772
0.467756 0.841772 0.467756 0.841772
0.476339 0.841772 0.476339 0.841772
0.484921 0.841772 0.484921 0.841772
0.493504 0.841772 0.493504 0.841772
0.502087 0.841772 0.502087 0.841772
0.510669 0.841772 0.510669 0.841772
0.519252 0.841772 0.519252 0.841772
0.527835 0.841772 0.527835 0.841772
0.536417 0.841772 0.536417 0.841772
0.545000 0.841772 0.545000 0.841772
-0.545000 0.855079 -0.545000 0.855079
-0.536417 0.855079 -0.536417 0.855079
-0.527835 0.855079 -0.527835 0.855079
-0.519252 0.855079 -0.519252 0.855079
-0.510669 0.855079 -0.510669 0.855079
-0.502087 0.855079 -0.502087 0.855079
-0.493504 0.855079 -0.493504 0.855079
-0.484921 0.855079 -0.484921 0.855079
-0.476339 0.855079 -0.476339 0.855079
-0.467756 0.855079 -0.467756 0.855079
-0.459173 0.855079 -0.459173 0.855079
-0.450591 0.855079 -0.450591 0.855079
-0.442008 0.855079 -0.442008 0.855079
-0.433425 0.855079 -0.433425 0.855079
-0.424843 0.855079 -0.424843 0.855079
-0.416260 0.855079 -0.416260 0.855079
-0.407677 0.855079 -0.407677 0.855079
-0.399094 0.855079 -0.399094 0.855079
-0.390512 0.855079 -0.390512 0.855079
-0.381929 0.855079 -0.381929 0.855079
-0.373346 0.855079 -0.373346 0.855079
-0.364764 0.855079 -0.364764 0.855079
-0.356181 0.855079 -0.356181 0.855079
-0.347598 0.855079 -0.347598 0.855079
-0.339016 0.855079 -0.339016 0.855079
-0.330433 0.855079 -0.330433 0.855079
-0.321850 0.855079 -0.321850 0.855079
-0.313268 0.855079 -0.313268 0.855079
-0.304685 0.855079 -0.304685 0.855079
-0.296102 0.855079 -0.296102 0.855079
-0.287520 0.855079 -0.287520 0.855079
-0.278937 0.855079 -0.278937 0.855079
-0.270354 0.855079 -0.270354 0.855079
-0.261772 0.855079 -0.261772 0.855079
-0.253189 0.855079 -0.253189 0.855079
-0.244606 0.855079 -0.244606 0.855079
-0.236024 0.855079 -0.236024 0.855079
-0.227441 0.855079 -0.227441 0.855079
-0.218858 0.855079 -0.218858 0.855079
-0.210276 0.855079 -0.210276 0.855079
-0.201693 0.855079 -0.201693 0.855079
-0.193110 0.855079 -0.193110 0.855079
-0.184528 0.855079 -0.184528 0.855079
-0.175945 0.855079 -0.175945 0.855079
-0.167362 0.855079 -0.167362 0.855079
-0.158780 0.855079 -0.158780 0.855079
-0.150197 0.855079 -0.150197 0.855079
-0.141614 0.855079 -0.141614 0.855079
-0.133031 0.855079 -0.133031 0.855079
-0.124449 0.855079 -0.124449 0.855079
-0.115866 0.855079 -0.115866 0.855079
-0.107283 0.855079 -0.107283 0.855079
-0.098701 0.855079 -0.098701 0.855079
-0.090118 0.855079 -0.090118 0.855079
-0.081535 0.855079 -0.081535 0.855079
-0.072953 0.855079 -0.072953 0.855079
-0.064370 0.855079 -0.064370 0.855079
-0.055787 0.855079 -0.055787 0.855079
-0.047205 0.855079 -0.047205 0.855079
-0.038622 0.855079 -0.038622 0.855079
-0.030039 0.855079 -0.030039 0.855079
-0.021457 0.855079 -0.021457 0.855079
-0.012874 0.855079 -0.012874 0.855079
-0.004291 0.855079 -0.004291 0.855079
0.004291 0.855079 0.004291 0.855079
0.012874 0.855079 0.012874 0.855079
0.021457 0.855079 0.021457 0.855079
0.030039 0.855079 0.030039 0.855079
0.038622 0.855079 0.038622 0.855079
0.047205 0.855079 0.047205 0.855079
0.055787 0.855079 0.055787 0.855079
0.064370 0.855079 0.064370 0.855079
0.072953 0.855079 0.072953 0.855079
0.081535 0.855079 0.081535 0.855079
0.090118 0.855079 0.090118 0.855079
0.098701 0.855079 0.098701 0.855079
0.107283 0.855079 0.107283 0.855079
0.115866 0.855079 0.115866 0.855079
0.124449 0.855079 0.124449 0.855079
0.133031 0.855079 0.133031 0.855079
0.141614 0.855079 0.141614 0.855079
0.150197 0.855079 0.150197 0.855079
0.158780 0.855079 0.158780 0.855079
0.167362 0.855079 0.167362 0.855079
0.175945 0.855079 0.175945 0.855079
0.184528 0.855079 0.184528 0.855079
0.193110 0.855079 0.193110 0.855079
0.201693 0.855079 0.201693 0.855079
0.210276 0.855079 0.210276 0.855079
0.218858 0.855079 0.218858 0.855079
0.227441 0.855079 0.227441 0.855079
0.236024 0.855079 0.236024 0.855079
0.244606 0.855079 0.244606 0.855079
0.253189 0.855079 0.253189 0.855079
0.261772 0.855079 0.261772 0.855079
0.270354 0.855079 0.270354 0.855079
0.278937 0.855079 0.278937 0.855079
0.287520 0.855079 0.287520 0.855079
0.296102 0.855079 0.296102 0.855079
0.304685 0.855079 0.304685 0.855079
0.313268 0.855079 0.313268 0.855079
0.321850 0.855079 0.321850 0.855079
0.330433 0.855079 0.330433 0.855079
0.339016 0.855079 0.339016 0.855079
0.347598 0.855079 0.347598 0.855079
0.356181 0.855079 0.356181 0.855079
0.364764 0.855079 0.364764 0.855079
0.373346 0.855079 0.373346 0.855079
0.381929 0.855079 0.381929 0.855079
0.390512 0.855079 0.390512 0.855079
0.399094 0.855079 0.399094 0.855079
0.407677 0.855079 0.407677 0.855079
0.416260 0.855079 0.416260 0.855079
0.424843 0.855079 0.424843 0.855079
0.433425 0.855079 0.433425 0.855079
0.442008 0.855079 0.442008 0.855079
0.450591 0.855079 0.450591 0.855079
0.459173 0.855079 0.459173 0.855079
0.467756 0.855079 0.467756 0.855079
0.476339 0.855079 0.476339 0.855079
0.484921 0.855079 0.484921 0.855079
0.493504 0.855079 0.493504 0.855079
0.502087 0.855079 0.502087 0.855079
0.510669 0.855079 0.510669 0.855079
0.519252 0.855079 0.519252 0.855079
0.527835 0.855079 0.527835 0.855079
0.536417 0.855079 0.536417 0.855079
0.545000 0.855079 0.545000 0.855079
-0.545000 0.868386 -0.545000 0.868386
-0.536417 0.868386 -0.536417 0.868386
-0.527835 0.868386 -0.527835 0.868386
-0.519252 0.868386 -0.519252 0.868386
-0.510669 0.868386 -0.510669 0.868386
-0.502087 0.868386 -0.502087 0.868386
-0.493504 0.868386 -0.493504 0.868386
-0.484921 0.868386 -0.484921 0.868386
-0.476339 0.868386 -0.476339 0.868386
-0.467756 0.868386 -0.467756 0.868386
-0.459173 0.868386 -0.459173 0.868386
-0.450591 0.868386 -0.450591 0.868386
-0.442008 0.868386 -0.442008 0.868386
-0.433425 0.868386 -0.433425 0.868386
-0.424843 0.868386 -0.424843 0.868386
-0.416260 0.868386 -0.416260 0.868386
-0.407677 0.868386 -0.407677 0.868386
-0.399094 0.868386 -0.399094 0.868386
-0.390512 0.868386 -0.390512 0.868386
-0.381929 0.868386 -0.381929 0.868386
-0.373346 0.868386 -0.373346 0.868386
-0.364764 0.868386 -0.364764 0.868386
-0.356181 0.868386 -0.356181 0.868386
-0.347598 0.868386 -0.347598 0.868386
-0.339016 0.868386 -0.339016 0.868386
-0.330433 0.868386 -0.330433 0.868386
-0.321850 0.868386 -0.321850 0.868386
-0.313268 0.868386 -0.313268 0.868386
-0.304685 0.868386 -0.304685 0.868386
-0.296102 0.868386 -0.296102 0.868386
-0.287520 0.868386 -0.287520 0.868386
-0.278937 0.868386 -0.278937 0.868386
-0.270354 0.868386 -0.270354 0.868386
-0.261772 0.868386 -0.261772 0.868386
-0.253189 0.868386 -0.253189 0.868386
-0.244606 0.868386 -0.244606 0.868386
-0.236024 0.868386 -0.236024 0.868386
-0.227441 0.868386 -0.227441 0.868386
-0.218858 0.868386 -0.218858 0.868386
-0.210276 0.868386 -0.210276 0.868386
-0.201693 0.868386 -0.201693 0.868386
-0.193110 0.868386 -0.193110 0.868386
-0.184528 0.868386 -0.184528 0.868386
-0.175945 0.868386 -0.175945 0.868386
-0.167362 0.868386 -0.167362 0.868386
-0.158780 0.868386 -0.158780 0.868386
-0.150197 0.868386 -0.150197 0.868386
-0.141614 0.868386 -0.141614 0.868386
-0.133031 0.868386 -0.133031 0.868386
-0.124449 0.868386 -0.124449 0.868386
-0.115866 0.868386 -0.115866 0.868386
-0.107283 0.868386 -0.107283 0.868386
-0.098701 0.868386 -0.098701 0.868386
-0.090118 0.868386 -0.090118 0.868386
-0.081535 0.868386 -0.081535 0.868386
-0.072953 0.868386 -0.072953 0.868386
-0.064370 0.868386 -0.064370 0.868386
-0.055787 0.868386 -0.055787 0.868386
-0.047205 0.868386 -0.047205 0.868386
-0.038622 0.868386 -0.038622 0.868386
-0.030039 0.868386 -0.030039 0.868386
-0.021457 0.868386 -0.021457 0.868386
-0.012874 0.868386 -0.012874 0.868386
-0.004291 0.868386 -0.004291 0.868386
0.004291 0.868386 0.004291 0.868386
0.012874 0.868386 0.012874 0.868386
0.021457 0.868386 0.021457 0.868386
0.030039 0.868386 0.030039 0.868386
0.038622 0.868386 0.038622 0.868386
0.047205 0.868386 0.047205 0.868386
0.055787 0.868386 0.055787 0.868386
0.064370 0.868386 0.064370 0.868386
0.072953 0.868386 0.072953 0.868386
0.081535 0.868386 0.081535 0.868386
0.090118 0.868386 0.090118 0.868386
0.098701 0.868386 0.098701 0.868386
0.107283 0.868386 0.107283 0.868386
0.115866 0.868386 0.115866 0.868386
0.124449 0.868386 0.124449 0.868386
0.133031 0.868386 0.133031 0.868386
0.141614 0.868386 0.141614 0.868386
0.150197 0.868386 0.150197 0.868386
0.158780 0.868386 0.158780 0.868386
0.167362 0.868386 0.167362 0.868386
0.175945 0.868386 0.175945 0.868386
0.184528 0.868386 0.184528 0.868386
0.193110 0.868386 0.193110 0.868386
0.201693 0.868386 0.201693 0.868386
0.210276 0.868386 0.210276 0.868386
0.218858 0.868386 0.218858 0.868386
0.227441 0.868386 0.227441 0.868386
0.236024 0.868386 0.236024 0.868386
0.244606 0.868386 0.244606 0.868386
0.253189 0.868386 0.253189 0.868386
0.261772 0.868386 0.261772 0.868386
0.270354 0.868386 0.270354 0.868386
0.278937 0.868386 0.278937 0.868386
0.287520 0.868386 0.287520 0.868386
0.296102 0.868386 0.296102 0.868386
0.304685 0.868386 0.304685 0.868386
0.313268 0.868386 0.313268 0.868386
0.321850 0.868386 0.321850 0.868386
0.330433 0.868386 0.330433 0.868386
0.339016 0.868386 0.339016 0.868386
0.347598 0.868386 0.347598 0.868386
0.356181 0.868386 0.356181 0.868386
0.364764 0.868386 0.364764 0.868386
0.373346 0.868386 0.373346 0.868386
0.381929 0.868386 0.381929 0.868386
0.390512 0.868386 0.390512 0.868386
0.399094 0.868386 0.399094 0.868386
0.407677 0.868386 0.407677 0.868386
0.416260 0.868386 0.416260 0.868386
0.424843 0.868386 0.424843 0.868386
0.433425 0.868386 0.433425 0.868386
0.442008 0.868386 0.442008 0.868386
0.450591 0.868386 0.450591 0.868386
0.459173 0.868386 0.459173 0.868386
0.467756 0.868386 0.467756 0.868386
0.476339 0.868386 0.476339 0.868386
0.484921 0.868386 0.484921 0.868386
0.493504 0.868386 0.493504 0.868386
0.502087 0.868386 0.502087 0.868386
0.510669 0.868386 0.510669 0.868386
0.519252 0.868386 0.519252 0.868386
0.527835 0.868386 0.527835 0.868386
0.536417 0.868386 0.536417 0.868386
0.545000 0.868386 0.545000 0.868386
-0.545000 0.881693 -0.545000 0.881693
-0.536417 0.881693 -0.536417 0.881693
-0.527835 0.881693 -0.527835 0.881693
-0.519252 0.881693 -0.519252 0.881693
-0.510669 0.881693 -0.510669 0.881693
-0.502087 0.881693 -0.502087 0.881693
-0.493504 0.881693 -0.493504 0.881693
-0.484921 0.881693 -0.484921 0.881693
-0.476339 0.881693 -0.476339 0.881693
-0.467756 0.881693 -0.467756 0.881693
-0.459173 0.881693 -0.459173 0.881693
-0.450591 0.881693 -0.450591 0.881693
-0.442008 0.881693 -0.442008 0.881693
-0.433425 0.881693 -0.433425 0.881693
-0.424843 0.881693 -0.424843 0.881693
-0.416260 0.881693 -0.416260 0.881693
-0.407677 0.881693 -0.407677 0.881693
-0.399094 0.881693 -0.399094 0.881693
-0.390512 0.881693 -0.390512 0.881693
-0.381929 0.881693 -0.381929 0.881693
-0.373346 0.881693 -0.373346 0.881693
-0.364764 0.881693 -0.364764 0.881693
-0.356181 0.881693 -0.356181 0.881693
-0.347598 0.881693 -0.347598 0.881693
-0.339016 0.881693 -0.339016 0.881693
-0.330433 0.881693 -0.330433 0.881693
-0.321850 0.881693 -0.321850 0.881693
-0.313268 0.881693 -0.313268 0.881693
-0.304685 0.881693 -0.304685 0.881693
-0.296102 0.881693 -0.296102 0.881693
-0.287520 0.881693 -0.287520 0.881693
-0.278937 0.881693 -0.278937 0.881693
-0.270354 0.881693 -0.270354 0.881693
-0.261772 0.881693 -0.261772 0.881693
-0.253189 0.881693 -0.253189 0.881693
-0.244606 0.881693 -0.244606 0.881693
-0.236024 0.881693 -0.236024 0.881693
-0.227441 0.881693 -0.227441 0.881693
-0.218858 0.881693 -0.218858 0.881693
-0.210276 0.881693 -0.210276 0.881693
-0.201693 0.881693 -0.201693 0.881693
-0.193110 0.881693 -0.193110 0.881693
-0.184528 0.881693 -0.184528 0.881693
-0.175945 0.881693 -0.175945 0.881693
-0.167362 0.881693 -0.167362 0.881693
-0.158780 0.881693 -0.158780 0.881693
-0.150197 0.881693 -0.150197 0.881693
-0.141614 0.881693 -0.141614 0.881693
-0.133031 0.881693 -0.133031 0.881693
-0.124449 0.881693 -0.124449 0.881693
-0.115866 0.881693 -0.115866 0.881693
-0.107283 0.881693 -0.107283 0.881693
-0.098701 0.881693 -0.098701 0.881693
-0.090118 0.881693 -0.090118 0.881693
-0.081535 0.881693 -0.081535 0.881693
-0.072953 0.881693 -0.072953 0.881693
-0.064370 0.881693 -0.064370 0.881693
-0.055787 0.881693 -0.055787 0.881693
-0.047205 0.881693 -0.047205 0.881693
-0.038622 0.881693 -0.038622 0.881693
-0.030039 0.881693 -0.030039 0.881693
-0.021457 0.881693 -0.021457 0.881693
-0.012874 0.881693 -0.012874 0.881693
-0.004291 0.881693 -0.004291 0.881693
0.004291 0.881693 0.004291 0.881693
0.012874 0.881693 0.012874 0.881693
0.021457 0.881693 0.021457 0.881693
0.030039 0.881693 0.030039 0.881693
0.038622 0.881693 0.038622 0.881693
0.047205 0.881693 0.047205 0.881693
0.055787 0.881693 0.055787 0.881693
0.064370 0.881693 0.064370 0.881693
0.072953 0.881693 0.072953 0.881693
0.081535 0.881693 0.081535 0.881693
0.090118 0.881693 0.090118 0.881693
0.098701 0.881693 0.098701 0.881693
0.107283 0.881693 0.107283 0.881693
0.115866 0.881693 0.115866 0.881693
0.124449 0.881693 0.124449 0.881693
0.133031 0.881693 0.133031 0.881693
0.141614 0.881693 0.141614 0.881693
0.150197 0.881693 0.150197 0.881693
0.158780 0.881693 0.158780 0.881693
0.167362 0.881693 0.167362 0.881693
0.175945 0.881693 0.175945 0.881693
0.184528 0.881693 0.184528 0.881693
0.193110 0.881693 0.193110 0.881693
0.201693 0.881693 0.201693 0.881693
0.210276 0.881693 0.210276 0.881693
0.218858 0.881693 0.218858 0.881693
0.227441 0.881693 0.227441 0.881693
0.236024 0.881693 0.236024 0.881693
0.244606 0.881693 0.244606 0.881693
0.253189 0.881693 0.253189 0.881693
0.261772 0.881693 0.261772 0.881693
0.270354 0.881693 0.270354 0.881693
0.278937 0.881693 0.278937 0.881693
0.287520 0.881693 0.287520 0.881693
0.296102 0.881693 0.296102 0.881693
0.304685 0.881693 0.304685 0.881693
0.313268 0.881693 0.313268 0.881693
0.321850 0.881693 0.321850 0.881693
0.330433 0.881693 0.330433 0.881693
0.339016 0.881693 0.339016 0.881693
0.347598 0.881693 0.347598 0.881693
0.356181 0.881693 0.356181 0.881693
0.364764 0.881693 0.364764 0.881693
0.373346 0.881693 0.373346 0.881693
0.381929 0.881693 0.381929 0.881693
0.390512 0.881693 0.390512 0.881693
0.399094 0.881693 0.399094 0.881693
0.407677 0.881693 0.407677 0.881693
0.416260 0.881693 0.416260 0.881693
0.424843 0.881693 0.424843 0.881693
0.433425 0.881693 0.433425 0.881693
0.442008 0.881693 0.442008 0.881693
0.450591 0.881693 0.450591 0.881693
0.459173 0.881693 0.459173 0.881693
0.467756 0.881693 0.467756 0.881693
0.476339 0.881693 0.476339 0.881693
0.484921 0.881693 0.484921 0.881693
0.493504 0.881693 0.493504 0.881693
0.502087 0.881693 0.502087 0.881693
0.510669 0.881693 0.510669 0.881693
0.519252 0.881693 0.519252 0.881693
0.527835 0.881693 0.527835 0.881693
0.536417 0.881693 0.536417 0.881693
0.545000 0.881693 0.545000 0.881693
-0.545000 0.895000 -0.545000 0.895000
-0.536417 0.895000 -0.536417 0.895000
-0.527835 0.895000 -0.527835 0.895000
-0.519252 0.895000 -0.519252 0.895000
-0.510669 0.895000 -0.510669 0.895000
-0.502087 0.895000 -0.502087 0.895000
-0.493504 0.895000 -0.493504 0.895000
-0.484921 0.895000 -0.484921 0.895000
-0.476339 0.895000 -0.476339 0.895000
-0.467756 0.895000 -0.467756 0.895000
-0.459173 0.895000 -0.459173 0.895000
-0.450591 0.895000 -0.450591 0.895000
-0.442008 0.895000 -0.442008 0.895000
-0.433425 0.895000 -0.433425 0.895000
-0.424843 0.895000 -0.424843 0.895000
-0.416260 0.895000 -0.416260 0.895000
-0.407677 0.895000 -0.407677 0.895000
-0.399094 0.895000 -0.399094 0.895000
-0.390512 0.895000 -0.390512 0.895000
-0.381929 0.895000 -0.381929 0.895000
-0.373346 0.895000 -0.373346 0.895000
-0.364764 0.895000 -0.364764 0.895000
-0.356181 0.895000 -0.356181 0.895000
-0.347598 0.895000 -0.347598 0.895000
-0.339016 0.895000 -0.339016 0.895000
-0.330433 0.895000 -0.330433 0.895000
-0.321850 0.895000 -0.321850 0.895000
-0.313268 0.895000 -0.313268 0.895000
-0.304685 0.895000 -0.304685 0.895000
-0.296102 0.895000 -0.296102 0.895000
-0.287520 0.895000 -0.287520 0.895000
-0.278937 0.895000 -0.278937 0.895000
-0.270354 0.895000 -0.270354 0.895000
-0.261772 0.895000 -0.261772 0.895000
-0.253189 0.895000 -0.253189 0.895000
-0.244606 0.895000 -0.244606 0.895000
-0.236024 0.895000 -0.236024 0.895000
-0.227441 0.895000 -0.227441 0.895000
-0.218858 0.895000 -0.218858 0.895000
-0.210276 0.895000 -0.210276 0.895000
-0.201693 0.895000 -0.201693 0.895000
-0.193110 0.895000 -0.193110 0.895000
-0.184528 0.895000 -0.184528 0.895000
-0.175945 0.895000 -0.175945 0.895000
-0.167362 0.895000 -0.167362 0.895000
-0.158780 0.895000 -0.158780 0.895000
-0.150197 0.895000 -0.150197 0.895000
-0.141614 0.895000 -0.141614 0.895000
-0.133031 0.895000 -0.133031 0.895000
-0.124449 0.895000 -0.124449 0.895000
-0.115866 0.895000 -0.115866 0.895000
-0.107283 0.895000 -0.107283 0.895000
-0.098701 0.895000 -0.098701 0.895000
-0.090118 0.895000 -0.090118 0.895000
-0.081535 0.895000 -0.081535 0.895000
-0.072953 0.895000 -0.072953 0.895000
-0.064370 0.895000 -0.064370 0.895000
-0.055787 0.895000 -0.055787 0.895000
-0.047205 0.895000 -0.047205 0.895000
-0.038622 0.895000 -0.038622 0.895000
-0.030039 0.895000 -0.030039 0.895000
-0.021457 0.895000 -0.021457 0.895000
-0.012874 0.895000 -0.012874 0.895000
-0.004291 0.895000 -0.004291 0.895000
0.004291 0.895000 0.004291 0.895000
0.012874 0.895000 0.012874 0.895000
0.021457 0.895000 0.021457 0.895000
0.030039 0.895000 0.030039 0.895000
0.038622 0.895000 0.038622 0.895000
0.047205 0.895000 0.047205 0.895000
0.055787 0.895000 0.055787 0.895000
0.064370 0.895000 0.064370 0.895000
0.072953 0.895000 0.072953 0.895000
0.081535 0.895000 0.081535 0.895000
0.090118 0.895000 0.090118 0.895000
0.098701 0.895000 0.098701 0.895000
0.107283 0.895000 0.107283 0.895000
0.115866 0.895000 0.115866 0.895000
0.124449 0.895000 0.124449 0.895000
0.133031 0.895000 0.133031 0.895000
0.141614 0.895000 0.141614 0.895000
0.150197 0.895000 0.150197 0.895000
0.158780 0.895000 0.158780 0.895000
0.167362 0.895000 0.167362 0.895000
0.175945 0.895000 0.175945 0.895000
0.184528 0.895000 0.184528 0.895000
0.193110 0.895000 0.193110 0.895000
0.201693 0.895000 0.201693 0.895000
0.210276 0.895000 0.210276 0.895000
0.218858 0.895000 0.218858 0.895000
0.227441 0.895000 0.227441 0.895000
0.236024 0.895000 0.236024 0.895000
0.244606 0.895000 0.244606 0.895000
0.253189 0.895000 0.253189 0.895000
0.261772 0.895000 0.261772 0.895000
0.270354 0.895000 0.270354 0.895000
0.278937 0.895000 0.278937 0.895000
0.287520 0.895000 0.287520 0.895000
0.296102 0.895000 0.296102 0.895000
0.304685 0.895000 0.304685 0.895000
0.313268 0.895000 0.313268 0.895000
0.321850 0.895000 0.321850 0.895000
0.330433 0.895000 0.330433 0.895000
0.339016 0.895000 0.339016 0.895000
0.347598 0.895000 0.347598 0.895000
0.356181 0.895000 0.356181 0.895000
0.364764 0.895000 0.364764 0.895000
0.373346 0.895000 0.373346 0.895000
0.381929 0.895000 0.381929 0.895000
0.390512 0.895000 0.390512 0.895000
0.399094 0.895000 0.399094 0.895000
0.407677 0.895000 0.407677 0.895000
0.416260 0.895000 0.416260 0.895000
0.424843 0.895000 0.424843 0.895000
0.433425 0.895000 0.433425 0.895000
0.442008 0.895000 0.442008 0.895000
0.450591 0.895000 0.450591 0.895000
0.459173 0.895000 0.459173 0.895000
0.467756 0.895000 0.467756 0.895000
0.476339 0.895000 0.476339 0.895000
0.484921 0.895000 0.484921 0.895000
0.493504 0.895000 0.493504 0.895000
0.502087 0.895000 0.502087 0.895000
0.510669 0.895000 0.510669 0.895000
0.519252 0.895000 0.519252 0.895000
0.527835 0.895000 0.527835 0.895000
0.536417 0.895000 0.536417 0.895000
0.545000 0.895000 0.545000 0.895000
