# 光路映射: input_x input_y -> output_x output_y
# 有效光线数: 16384
# columns: in_x in_y out_x out_y
-0.410375 -0.463640 -0.410375 -0.463640
-0.403348 -0.463640 -0.403348 -0.463640
-0.396322 -0.463640 -0.396322 -0.463640
-0.389295 -0.463640 -0.389295 -0.463640
-0.382269 -0.463640 -0.382269 -0.463640
-0.375242 -0.463640 -0.375242 -0.463640
-0.368216 -0.463640 -0.368216 -0.463640
-0.361189 -0.463640 -0.361189 -0.463640
-0.354163 -0.463640 -0.354163 -0.463640
-0.347136 -0.463640 -0.347136 -0.463640
-0.340110 -0.463640 -0.340110 -0.463640
-0.333083 -0.463640 -0.333083 -0.463640
-0.326057 -0.463640 -0.326057 -0.463640
-0.319030 -0.463640 -0.319030 -0.463640
-0.312003 -0.463640 -0.312003 -0.463640
-0.304977 -0.463640 -0.304977 -0.463640
-0.297950 -0.463640 -0.297950 -0.463640
-0.290924 -0.463640 -0.290924 -0.463640
-0.283897 -0.463640 -0.283897 -0.463640
-0.276871 -0.463640 -0.276871 -0.463640
-0.269844 -0.463640 -0.269844 -0.463640
-0.262818 -0.463640 -0.262818 -0.463640
-0.255791 -0.463640 -0.255791 -0.463640
-0.248765 -0.463640 -0.248765 -0.463640
-0.241738 -0.463640 -0.241738 -0.463640
-0.234712 -0.463640 -0.234712 -0.463640
-0.227685 -0.463640 -0.227685 -0.463640
-0.220659 -0.463640 -0.220659 -0.463640
-0.213632 -0.463640 -0.213632 -0.463640
-0.206606 -0.463640 -0.206606 -0.463640
-0.199579 -0.463640 -0.199579 -0.463640
-0.192553 -0.463640 -0.192553 -0.463640
-0.185526 -0.463640 -0.185526 -0.463640
-0.178499 -0.463640 -0.178499 -0.463640
-0.171473 -0.463640 -0.171473 -0.463640
-0.164446 -0.463640 -0.164446 -0.463640
-0.157420 -0.463640 -0.157420 -0.463640
-0.150393 -0.463640 -0.150393 -0.463640
-0.143367 -0.463640 -0.143367 -0.463640
-0.136340 -0.463640 -0.136340 -0.463640
-0.129314 -0.463640 -0.129314 -0.463640
-0.122287 -0.463640 -0.122287 -0.463640
-0.115261 -0.463640 -0.115261 -0.463640
-0.108234 -0.463640 -0.108234 -0.463640
-0.101208 -0.463640 -0.101208 -0.463640
-0.094181 -0.463640 -0.094181 -0.463640
-0.087155 -0.463640 -0.087155 -0.463640
-0.080128 -0.463640 -0.080128 -0.463640
-0.073102 -0.463640 -0.073102 -0.463640
-0.066075 -0.463640 -0.066075 -0.463640
-0.059049 -0.463640 -0.059049 -0.463640
-0.052022 -0.463640 -0.052022 -0.463640
-0.044996 -0.463640 -0.044996 -0.463640
-0.037969 -0.463640 -0.037969 -0.463640
-0.030942 -0.463640 -0.030942 -0.463640
-0.023916 -0.463640 -0.023916 -0.463640
-0.016889 -0.463640 -0.016889 -0.463640
-0.009863 -0.463640 -0.009863 -0.463640
-0.002836 -0.463640 -0.002836 -0.463640
0.004190 -0.463640 0.004190 -0.463640
0.011217 -0.463640 0.011217 -0.463640
0.018243 -0.463640 0.018243 -0.463640
0.025270 -0.463640 0.025270 -0.463640
0.032296 -0.463640 0.032296 -0.463640
0.039323 -0.463640 0.039323 -0.463640
0.046349 -0.463640 0.046349 -0.463640
0.053376 -0.463640 0.053376 -0.463640
0.060402 -0.463640 0.060402 -0.463640
0.067429 -0.463640 0.067429 -0.463640
0.074455 -0.463640 0.074455 -0.463640
0.081482 -0.463640 0.081482 -0.463640
0.088508 -0.463640 0.088508 -0.463640
0.095535 -0.463640 0.095535 -0.463640
0.102561 -0.463640 0.102561 -0.463640
0.109588 -0.463640 0.109588 -0.463640
0.116615 -0.463640 0.116615 -0.463640
0.123641 -0.463640 0.123641 -0.463640
0.130668 -0.463640 0.130668 -0.463640
0.137694 -0.463640 0.137694 -0.463640
0.144721 -0.463640 0.144721 -0.463640
0.151747 -0.463640 0.151747 -0.463640
0.158774 -0.463640 0.158774 -0.463640
0.165800 -0.463640 0.165800 -0.463640
0.172827 -0.463640 0.172827 -0.463640
0.179853 -0.463640 0.179853 -0.463640
0.186880 -0.463640 0.186880 -0.463640
0.193906 -0.463640 0.193906 -0.463640
0.200933 -0.463640 0.200933 -0.463640
0.207959 -0.463640 0.207959 -0.463640
0.214986 -0.463640 0.214986 -0.463640
0.222012 -0.463640 0.222012 -0.463640
0.229039 -0.463640 0.229039 -0.463640
0.236065 -0.463640 0.236065 -0.463640
0.243092 -0.463640 0.243092 -0.463640
0.250118 -0.463640 0.250118 -0.463640
0.257145 -0.463640 0.257145 -0.463640
0.264172 -0.463640 0.264172 -0.463640
0.271198 -0.463640 0.271198 -0.463640
0.278225 -0.463640 0.278225 -0.463640
0.285251 -0.463640 0.285251 -0.463640
0.292278 -0.463640 0.292278 -0.463640
0.299304 -0.463640 0.299304 -0.463640
0.306331 -0.463640 0.306331 -0.463640
0.313357 -0.463640 0.313357 -0.463640
0.320384 -0.463640 0.320384 -0.463640
0.327410 -0.463640 0.327410 -0.463640
0.334437 -0.463640 0.334437 -0.463640
0.341463 -0.463640 0.341463 -0.463640
0.348490 -0.463640 0.348490 -0.463640
0.355516 -0.463640 0.355516 -0.463640
0.362543 -0.463640 0.362543 -0.463640
0.369569 -0.463640 0.369569 -0.463640
0.376596 -0.463640 0.376596 -0.463640
0.383622 -0.463640 0.383622 -0.463640
0.390649 -0.463640 0.390649 -0.463640
0.397676 -0.463640 0.397676 -0.463640
0.404702 -0.463640 0.404702 -0.463640
0.411729 -0.463640 0.411729 -0.463640
0.418755 -0.463640 0.418755 -0.463640
0.425782 -0.463640 0.425782 -0.463640
0.432808 -0.463640 0.432808 -0.463640
0.439835 -0.463640 0.439835 -0.463640
0.446861 -0.463640 0.446861 -0.463640
0.453888 -0.463640 0.453888 -0.463640
0.460914 -0.463640 0.460914 -0.463640
0.467941 -0.463640 0.467941 -0.463640
0.474967 -0.463640 0.474967 -0.463640
0.481994 -0.463640 0.481994 -0.463640
-0.410375 -0.456338 -0.410375 -0.456338
-0.403348 -0.456338 -0.403348 -0.456338
-0.396322 -0.456338 -0.396322 -0.456338
-0.389295 -0.456338 -0.389295 -0.456338
-0.382269 -0.456338 -0.382269 -0.456338
-0.375242 -0.456338 -0.375242 -0.456338
-0.368216 -0.456338 -0.368216 -0.456338
-0.361189 -0.456338 -0.361189 -0.456338
-0.354163 -0.456338 -0.354163 -0.456338
-0.347136 -0.456338 -0.347136 -0.456338
-0.340110 -0.456338 -0.340110 -0.456338
-0.333083 -0.456338 -0.333083 -0.456338
-0.326057 -0.456338 -0.326057 -0.456338
-0.319030 -0.456338 -0.319030 -0.456338
-0.312003 -0.456338 -0.312003 -0.456338
-0.304977 -0.456338 -0.304977 -0.456338
-0.297950 -0.456338 -0.297950 -0.456338
-0.290924 -0.456338 -0.290924 -0.456338
-0.283897 -0.456338 -0.283897 -0.456338
-0.276871 -0.456338 -0.276871 -0.456338
-0.269844 -0.456338 -0.269844 -0.456338
-0.262818 -0.456338 -0.262818 -0.456338
-0.255791 -0.456338 -0.255791 -0.456338
-0.248765 -0.456338 -0.248765 -0.456338
-0.241738 -0.456338 -0.241738 -0.456338
-0.234712 -0.456338 -0.234712 -0.456338
-0.227685 -0.456338 -0.227685 -0.456338
-0.220659 -0.456338 -0.220659 -0.456338
-0.213632 -0.456338 -0.213632 -0.456338
-0.206606 -0.456338 -0.206606 -0.456338
-0.199579 -0.456338 -0.199579 -0.456338
-0.192553 -0.456338 -0.192553 -0.456338
-0.185526 -0.456338 -0.185526 -0.456338
-0.178499 -0.456338 -0.178499 -0.456338
-0.171473 -0.456338 -0.171473 -0.456338
-0.164446 -0.456338 -0.164446 -0.456338
-0.157420 -0.456338 -0.157420 -0.456338
-0.150393 -0.456338 -0.150393 -0.456338
-0.143367 -0.456338 -0.143367 -0.456338
-0.136340 -0.456338 -0.136340 -0.456338
-0.129314 -0.456338 -0.129314 -0.456338
-0.122287 -0.456338 -0.122287 -0.456338
-0.115261 -0.456338 -0.115261 -0.456338
-0.108234 -0.456338 -0.108234 -0.456338
-0.101208 -0.456338 -0.101208 -0.456338
-0.094181 -0.456338 -0.094181 -0.456338
-0.087155 -0.456338 -0.087155 -0.456338
-0.080128 -0.456338 -0.080128 -0.456338
-0.073102 -0.456338 -0.073102 -0.456338
-0.066075 -0.456338 -0.066075 -0.456338
-0.059049 -0.456338 -0.059049 -0.456338
-0.052022 -0.456338 -0.052022 -0.456338
-0.044996 -0.456338 -0.044996 -0.456338
-0.037969 -0.456338 -0.037969 -0.456338
-0.030942 -0.456338 -0.030942 -0.456338
-0.023916 -0.456338 -0.023916 -0.456338
-0.016889 -0.456338 -0.016889 -0.456338
-0.009863 -0.456338 -0.009863 -0.456338
-0.002836 -0.456338 -0.002836 -0.456338
0.004190 -0.456338 0.004190 -0.456338
0.011217 -0.456338 0.011217 -0.456338
0.018243 -0.456338 0.018243 -0.456338
0.025270 -0.456338 0.025270 -0.456338
0.032296 -0.456338 0.032296 -0.456338
0.039323 -0.456338 0.039323 -0.456338
0.046349 -0.456338 0.046349 -0.456338
0.053376 -0.456338 0.053376 -0.456338
0.060402 -0.456338 0.060402 -0.456338
0.067429 -0.456338 0.067429 -0.456338
0.074455 -0.456338 0.074455 -0.456338
0.081482 -0.456338 0.081482 -0.456338
0.088508 -0.456338 0.088508 -0.456338
0.095535 -0.456338 0.095535 -0.456338
0.102561 -0.456338 0.102561 -0.456338
0.109588 -0.456338 0.109588 -0.456338
0.116615 -0.456338 0.116615 -0.456338
0.123641 -0.456338 0.123641 -0.456338
0.130668 -0.456338 0.130668 -0.456338
0.137694 -0.456338 0.137694 -0.456338
0.144721 -0.456338 0.144721 -0.456338
0.151747 -0.456338 0.151747 -0.456338
0.158774 -0.456338 0.158774 -0.456338
0.165800 -0.456338 0.165800 -0.456338
0.172827 -0.456338 0.172827 -0.456338
0.179853 -0.456338 0.179853 -0.456338
0.186880 -0.456338 0.186880 -0.456338
0.193906 -0.456338 0.193906 -0.456338
0.200933 -0.456338 0.200933 -0.456338
0.207959 -0.456338 0.207959 -0.456338
0.214986 -0.456338 0.214986 -0.456338
0.222012 -0.456338 0.222012 -0.456338
0.229039 -0.456338 0.229039 -0.456338
0.236065 -0.456338 0.236065 -0.456338
0.243092 -0.456338 0.243092 -0.456338
0.250118 -0.456338 0.250118 -0.456338
0.257145 -0.456338 0.257145 -0.456338
0.264172 -0.456338 0.264172 -0.456338
0.271198 -0.456338 0.271198 -0.456338
0.278225 -0.456338 0.278225 -0.456338
0.285251 -0.456338 0.285251 -0.456338
0.292278 -0.456338 0.292278 -0.456338
0.299304 -0.456338 0.299304 -0.456338
0.306331 -0.456338 0.306331 -0.456338
0.313357 -0.456338 0.313357 -0.456338
0.320384 -0.456338 0.320384 -0.456338
0.327410 -0.456338 0.327410 -0.456338
0.334437 -0.456338 0.334437 -0.456338
0.341463 -0.456338 0.341463 -0.456338
0.348490 -0.456338 0.348490 -0.456338
0.355516 -0.456338 0.355516 -0.456338
0.362543 -0.456338 0.362543 -0.456338
0.369569 -0.456338 0.369569 -0.456338
0.376596 -0.456338 0.376596 -0.456338
0.383622 -0.456338 0.383622 -0.456338
0.390649 -0.456338 0.390649 -0.456338
0.397676 -0.456338 0.397676 -0.456338
0.404702 -0.456338 0.404702 -0.456338
0.411729 -0.456338 0.411729 -0.456338
0.418755 -0.456338 0.418755 -0.456338
0.425782 -0.456338 0.425782 -0.456338
0.432808 -0.456338 0.432808 -0.456338
0.439835 -0.456338 0.439835 -0.456338
0.446861 -0.456338 0.446861 -0.456338
0.453888 -0.456338 0.453888 -0.456338
0.460914 -0.456338 0.460914 -0.456338
0.467941 -0.456338 0.467941 -0.456338
0.474967 -0.456338 0.474967 -0.456338
0.481994 -0.456338 0.481994 -0.456338
-0.410375 -0.449037 -0.410375 -0.449037
-0.403348 -0.449037 -0.403348 -0.449037
-0.396322 -0.449037 -0.396322 -0.449037
-0.389295 -0.449037 -0.389295 -0.449037
-0.382269 -0.449037 -0.382269 -0.449037
-0.375242 -0.449037 -0.375242 -0.449037
-0.368216 -0.449037 -0.368216 -0.449037
-0.361189 -0.449037 -0.361189 -0.449037
-0.354163 -0.449037 -0.354163 -0.449037
-0.347136 -0.449037 -0.347136 -0.449037
-0.340110 -0.449037 -0.340110 -0.449037
-0.333083 -0.449037 -0.333083 -0.449037
-0.326057 -0.449037 -0.326057 -0.449037
-0.319030 -0.449037 -0.319030 -0.449037
-0.312003 -0.449037 -0.312003 -0.449037
-0.304977 -0.449037 -0.304977 -0.449037
-0.297950 -0.449037 -0.297950 -0.449037
-0.290924 -0.449037 -0.290924 -0.449037
-0.283897 -0.449037 -0.283897 -0.449037
-0.276871 -0.449037 -0.276871 -0.449037
-0.269844 -0.449037 -0.269844 -0.449037
-0.262818 -0.449037 -0.262818 -0.449037
-0.255791 -0.449037 -0.255791 -0.449037
-0.248765 -0.449037 -0.248765 -0.449037
-0.241738 -0.449037 -0.241738 -0.449037
-0.234712 -0.449037 -0.234712 -0.449037
-0.227685 -0.449037 -0.227685 -0.449037
-0.220659 -0.449037 -0.220659 -0.449037
-0.213632 -0.449037 -0.213632 -0.449037
-0.206606 -0.449037 -0.206606 -0.449037
-0.199579 -0.449037 -0.199579 -0.449037
-0.192553 -0.449037 -0.192553 -0.449037
-0.185526 -0.449037 -0.185526 -0.449037
-0.178499 -0.449037 -0.178499 -0.449037
-0.171473 -0.449037 -0.171473 -0.449037
-0.164446 -0.449037 -0.164446 -0.449037
-0.157420 -0.449037 -0.157420 -0.449037
-0.150393 -0.449037 -0.150393 -0.449037
-0.143367 -0.449037 -0.143367 -0.449037
-0.136340 -0.449037 -0.136340 -0.449037
-0.129314 -0.449037 -0.129314 -0.449037
-0.122287 -0.449037 -0.122287 -0.449037
-0.115261 -0.449037 -0.115261 -0.449037
-0.108234 -0.449037 -0.108234 -0.449037
-0.101208 -0.449037 -0.101208 -0.449037
-0.094181 -0.449037 -0.094181 -0.449037
-0.087155 -0.449037 -0.087155 -0.449037
-0.080128 -0.449037 -0.080128 -0.449037
-0.073102 -0.449037 -0.073102 -0.449037
-0.066075 -0.449037 -0.066075 -0.449037
-0.059049 -0.449037 -0.059049 -0.449037
-0.052022 -0.449037 -0.052022 -0.449037
-0.044996 -0.449037 -0.044996 -0.449037
-0.037969 -0.449037 -0.037969 -0.449037
-0.030942 -0.449037 -0.030942 -0.449037
-0.023916 -0.449037 -0.023916 -0.449037
-0.016889 -0.449037 -0.016889 -0.449037
-0.009863 -0.449037 -0.009863 -0.449037
-0.002836 -0.449037 -0.002836 -0.449037
0.004190 -0.449037 0.004190 -0.449037
0.011217 -0.449037 0.011217 -0.449037
0.018243 -0.449037 0.018243 -0.449037
0.025270 -0.449037 0.025270 -0.449037
0.032296 -0.449037 0.032296 -0.449037
0.039323 -0.449037 0.039323 -0.449037
0.046349 -0.449037 0.046349 -0.449037
0.053376 -0.449037 0.053376 -0.449037
0.060402 -0.449037 0.060402 -0.449037
0.067429 -0.449037 0.067429 -0.449037
0.074455 -0.449037 0.074455 -0.449037
0.081482 -0.449037 0.081482 -0.449037
0.088508 -0.449037 0.088508 -0.449037
0.095535 -0.449037 0.095535 -0.449037
0.102561 -0.449037 0.102561 -0.449037
0.109588 -0.449037 0.109588 -0.449037
0.116615 -0.449037 0.116615 -0.449037
0.123641 -0.449037 0.123641 -0.449037
0.130668 -0.449037 0.130668 -0.449037
0.137694 -0.449037 0.137694 -0.449037
0.144721 -0.449037 0.144721 -0.449037
0.151747 -0.449037 0.151747 -0.449037
0.158774 -0.449037 0.158774 -0.449037
0.165800 -0.449037 0.165800 -0.449037
0.172827 -0.449037 0.172827 -0.449037
0.179853 -0.449037 0.179853 -0.449037
0.186880 -0.449037 0.186880 -0.449037
0.193906 -0.449037 0.193906 -0.449037
0.200933 -0.449037 0.200933 -0.449037
0.207959 -0.449037 0.207959 -0.449037
0.214986 -0.449037 0.214986 -0.449037
0.222012 -0.449037 0.222012 -0.449037
0.229039 -0.449037 0.229039 -0.449037
0.236065 -0.449037 0.236065 -0.449037
0.243092 -0.449037 0.243092 -0.449037
0.250118 -0.449037 0.250118 -0.449037
0.257145 -0.449037 0.257145 -0.449037
0.264172 -0.449037 0.264172 -0.449037
0.271198 -0.449037 0.271198 -0.449037
0.278225 -0.449037 0.278225 -0.449037
0.285251 -0.449037 0.285251 -0.449037
0.292278 -0.449037 0.292278 -0.449037
0.299304 -0.449037 0.299304 -0.449037
0.306331 -0.449037 0.306331 -0.449037
0.313357 -0.449037 0.313357 -0.449037
0.320384 -0.449037 0.320384 -0.449037
0.327410 -0.449037 0.327410 -0.449037
0.334437 -0.449037 0.334437 -0.449037
0.341463 -0.449037 0.341463 -0.449037
0.348490 -0.449037 0.348490 -0.449037
0.355516 -0.449037 0.355516 -0.449037
0.362543 -0.449037 0.362543 -0.449037
0.369569 -0.449037 0.369569 -0.449037
0.376596 -0.449037 0.376596 -0.449037
0.383622 -0.449037 0.383622 -0.449037
0.390649 -0.449037 0.390649 -0.449037
0.397676 -0.449037 0.397676 -0.449037
0.404702 -0.449037 0.404702 -0.449037
0.411729 -0.449037 0.411729 -0.449037
0.418755 -0.449037 0.418755 -0.449037
0.425782 -0.449037 0.425782 -0.449037
0.432808 -0.449037 0.432808 -0.449037
0.439835 -0.449037 0.439835 -0.449037
0.446861 -0.449037 0.446861 -0.449037
0.453888 -0.449037 0.453888 -0.449037
0.460914 -0.449037 0.460914 -0.449037
0.467941 -0.449037 0.467941 -0.449037
0.474967 -0.449037 0.474967 -0.449037
0.481994 -0.449037 0.481994 -0.449037
-0.410375 -0.441736 -0.410375 -0.441736
-0.403348 -0.441736 -0.403348 -0.441736
-0.396322 -0.441736 -0.396322 -0.441736
-0.389295 -0.441736 -0.389295 -0.441736
-0.382269 -0.441736 -0.382269 -0.441736
-0.375242 -0.441736 -0.375242 -0.441736
-0.368216 -0.441736 -0.368216 -0.441736
-0.361189 -0.441736 -0.361189 -0.441736
-0.354163 -0.441736 -0.354163 -0.441736
-0.347136 -0.441736 -0.347136 -0.441736
-0.340110 -0.441736 -0.340110 -0.441736
-0.333083 -0.441736 -0.333083 -0.441736
-0.326057 -0.441736 -0.326057 -0.441736
-0.319030 -0.441736 -0.319030 -0.441736
-0.312003 -0.441736 -0.312003 -0.441736
-0.304977 -0.441736 -0.304977 -0.441736
-0.297950 -0.441736 -0.297950 -0.441736
-0.290924 -0.441736 -0.290924 -0.441736
-0.283897 -0.441736 -0.283897 -0.441736
-0.276871 -0.441736 -0.276871 -0.441736
-0.269844 -0.441736 -0.269844 -0.441736
-0.262818 -0.441736 -0.262818 -0.441736
-0.255791 -0.441736 -0.255791 -0.441736
-0.248765 -0.441736 -0.248765 -0.441736
-0.241738 -0.441736 -0.241738 -0.441736
-0.234712 -0.441736 -0.234712 -0.441736
-0.227685 -0.441736 -0.227685 -0.441736
-0.220659 -0.441736 -0.220659 -0.441736
-0.213632 -0.441736 -0.213632 -0.441736
-0.206606 -0.441736 -0.206606 -0.441736
-0.199579 -0.441736 -0.199579 -0.441736
-0.192553 -0.441736 -0.192553 -0.441736
-0.185526 -0.441736 -0.185526 -0.441736
-0.178499 -0.441736 -0.178499 -0.441736
-0.171473 -0.441736 -0.171473 -0.441736
-0.164446 -0.441736 -0.164446 -0.441736
-0.157420 -0.441736 -0.157420 -0.441736
-0.150393 -0.441736 -0.150393 -0.441736
-0.143367 -0.441736 -0.143367 -0.441736
-0.136340 -0.441736 -0.136340 -0.441736
-0.129314 -0.441736 -0.129314 -0.441736
-0.122287 -0.441736 -0.122287 -0.441736
-0.115261 -0.441736 -0.115261 -0.441736
-0.108234 -0.441736 -0.108234 -0.441736
-0.101208 -0.441736 -0.101208 -0.441736
-0.094181 -0.441736 -0.094181 -0.441736
-0.087155 -0.441736 -0.087155 -0.441736
-0.080128 -0.441736 -0.080128 -0.441736
-0.073102 -0.441736 -0.073102 -0.441736
-0.066075 -0.441736 -0.066075 -0.441736
-0.059049 -0.441736 -0.059049 -0.441736
-0.052022 -0.441736 -0.052022 -0.441736
-0.044996 -0.441736 -0.044996 -0.441736
-0.037969 -0.441736 -0.037969 -0.441736
-0.030942 -0.441736 -0.030942 -0.441736
-0.023916 -0.441736 -0.023916 -0.441736
-0.016889 -0.441736 -0.016889 -0.441736
-0.009863 -0.441736 -0.009863 -0.441736
-0.002836 -0.441736 -0.002836 -0.441736
0.004190 -0.441736 0.004190 -0.441736
0.011217 -0.441736 0.011217 -0.441736
0.018243 -0.441736 0.018243 -0.441736
0.025270 -0.441736 0.025270 -0.441736
0.032296 -0.441736 0.032296 -0.441736
0.039323 -0.441736 0.039323 -0.441736
0.046349 -0.441736 0.046349 -0.441736
0.053376 -0.441736 0.053376 -0.441736
0.060402 -0.441736 0.060402 -0.441736
0.067429 -0.441736 0.067429 -0.441736
0.074455 -0.441736 0.074455 -0.441736
0.081482 -0.441736 0.081482 -0.441736
0.088508 -0.441736 0.088508 -0.441736
0.095535 -0.441736 0.095535 -0.441736
0.102561 -0.441736 0.102561 -0.441736
0.109588 -0.441736 0.109588 -0.441736
0.116615 -0.441736 0.116615 -0.441736
0.123641 -0.441736 0.123641 -0.441736
0.130668 -0.441736 0.130668 -0.441736
0.137694 -0.441736 0.137694 -0.441736
0.144721 -0.441736 0.144721 -0.441736
0.151747 -0.441736 0.151747 -0.441736
0.158774 -0.441736 0.158774 -0.441736
0.165800 -0.441736 0.165800 -0.441736
0.172827 -0.441736 0.172827 -0.441736
0.179853 -0.441736 0.179853 -0.441736
0.186880 -0.441736 0.186880 -0.441736
0.193906 -0.441736 0.193906 -0.441736
0.200933 -0.441736 0.200933 -0.441736
0.207959 -0.441736 0.207959 -0.441736
0.214986 -0.441736 0.214986 -0.441736
0.222012 -0.441736 0.222012 -0.441736
0.229039 -0.441736 0.229039 -0.441736
0.236065 -0.441736 0.236065 -0.441736
0.243092 -0.441736 0.243092 -0.441736
0.250118 -0.441736 0.250118 -0.441736
0.257145 -0.441736 0.257145 -0.441736
0.264172 -0.441736 0.264172 -0.441736
0.271198 -0.441736 0.271198 -0.441736
0.278225 -0.441736 0.278225 -0.441736
0.285251 -0.441736 0.285251 -0.441736
0.292278 -0.441736 0.292278 -0.441736
0.299304 -0.441736 0.299304 -0.441736
0.306331 -0.441736 0.306331 -0.441736
0.313357 -0.441736 0.313357 -0.441736
0.320384 -0.441736 0.320384 -0.441736
0.327410 -0.441736 0.327410 -0.441736
0.334437 -0.441736 0.334437 -0.441736
0.341463 -0.441736 0.341463 -0.441736
0.348490 -0.441736 0.348490 -0.441736
0.355516 -0.441736 0.355516 -0.441736
0.362543 -0.441736 0.362543 -0.441736
0.369569 -0.441736 0.369569 -0.441736
0.376596 -0.441736 0.376596 -0.441736
0.383622 -0.441736 0.383622 -0.441736
0.390649 -0.441736 0.390649 -0.441736
0.397676 -0.441736 0.397676 -0.441736
0.404702 -0.441736 0.404702 -0.441736
0.411729 -0.441736 0.411729 -0.441736
0.418755 -0.441736 0.418755 -0.441736
0.425782 -0.441736 0.425782 -0.441736
0.432808 -0.441736 0.432808 -0.441736
0.439835 -0.441736 0.439835 -0.441736
0.446861 -0.441736 0.446861 -0.441736
0.453888 -0.441736 0.453888 -0.441736
0.460914 -0.441736 0.460914 -0.441736
0.467941 -0.441736 0.467941 -0.441736
0.474967 -0.441736 0.474967 -0.441736
0.481994 -0.441736 0.481994 -0.441736
-0.410375 -0.434434 -0.410375 -0.434434
-0.403348 -0.434434 -0.403348 -0.434434
-0.396322 -0.434434 -0.396322 -0.434434
-0.389295 -0.434434 -0.389295 -0.434434
-0.382269 -0.434434 -0.382269 -0.434434
-0.375242 -0.434434 -0.375242 -0.434434
-0.368216 -0.434434 -0.368216 -0.434434
-0.361189 -0.434434 -0.361189 -0.434434
-0.354163 -0.434434 -0.354163 -0.434434
-0.347136 -0.434434 -0.347136 -0.434434
-0.340110 -0.434434 -0.340110 -0.434434
-0.333083 -0.434434 -0.333083 -0.434434
-0.326057 -0.434434 -0.326057 -0.434434
-0.319030 -0.434434 -0.319030 -0.434434
-0.312003 -0.434434 -0.312003 -0.434434
-0.304977 -0.434434 -0.304977 -0.434434
-0.297950 -0.434434 -0.297950 -0.434434
-0.290924 -0.434434 -0.290924 -0.434434
-0.283897 -0.434434 -0.283897 -0.434434
-0.276871 -0.434434 -0.276871 -0.434434
-0.269844 -0.434434 -0.269844 -0.434434
-0.262818 -0.434434 -0.262818 -0.434434
-0.255791 -0.434434 -0.255791 -0.434434
-0.248765 -0.434434 -0.248765 -0.434434
-0.241738 -0.434434 -0.241738 -0.434434
-0.234712 -0.434434 -0.234712 -0.434434
-0.227685 -0.434434 -0.227685 -0.434434
-0.220659 -0.434434 -0.220659 -0.434434
-0.213632 -0.434434 -0.213632 -0.434434
-0.206606 -0.434434 -0.206606 -0.434434
-0.199579 -0.434434 -0.199579 -0.434434
-0.192553 -0.434434 -0.192553 -0.434434
-0.185526 -0.434434 -0.185526 -0.434434
-0.178499 -0.434434 -0.178499 -0.434434
-0.171473 -0.434434 -0.171473 -0.434434
-0.164446 -0.434434 -0.164446 -0.434434
-0.157420 -0.434434 -0.157420 -0.434434
-0.150393 -0.434434 -0.150393 -0.434434
-0.143367 -0.434434 -0.143367 -0.434434
-0.136340 -0.434434 -0.136340 -0.434434
-0.129314 -0.434434 -0.129314 -0.434434
-0.122287 -0.434434 -0.122287 -0.434434
-0.115261 -0.434434 -0.115261 -0.434434
-0.108234 -0.434434 -0.108234 -0.434434
-0.101208 -0.434434 -0.101208 -0.434434
-0.094181 -0.434434 -0.094181 -0.434434
-0.087155 -0.434434 -0.087155 -0.434434
-0.080128 -0.434434 -0.080128 -0.434434
-0.073102 -0.434434 -0.073102 -0.434434
-0.066075 -0.434434 -0.066075 -0.434434
-0.059049 -0.434434 -0.059049 -0.434434
-0.052022 -0.434434 -0.052022 -0.434434
-0.044996 -0.434434 -0.044996 -0.434434
-0.037969 -0.434434 -0.037969 -0.434434
-0.030942 -0.434434 -0.030942 -0.434434
-0.023916 -0.434434 -0.023916 -0.434434
-0.016889 -0.434434 -0.016889 -0.434434
-0.009863 -0.434434 -0.009863 -0.434434
-0.002836 -0.434434 -0.002836 -0.434434
0.004190 -0.434434 0.004190 -0.434434
0.011217 -0.434434 0.011217 -0.434434
0.018243 -0.434434 0.018243 -0.434434
0.025270 -0.434434 0.025270 -0.434434
0.032296 -0.434434 0.032296 -0.434434
0.039323 -0.434434 0.039323 -0.434434
0.046349 -0.434434 0.046349 -0.434434
0.053376 -0.434434 0.053376 -0.434434
0.060402 -0.434434 0.060402 -0.434434
0.067429 -0.434434 0.067429 -0.434434
0.074455 -0.434434 0.074455 -0.434434
0.081482 -0.434434 0.081482 -0.434434
0.088508 -0.434434 0.088508 -0.434434
0.095535 -0.434434 0.095535 -0.434434
0.102561 -0.434434 0.102561 -0.434434
0.109588 -0.434434 0.109588 -0.434434
0.116615 -0.434434 0.116615 -0.434434
0.123641 -0.434434 0.123641 -0.434434
0.130668 -0.434434 0.130668 -0.434434
0.137694 -0.434434 0.137694 -0.434434
0.144721 -0.434434 0.144721 -0.434434
0.151747 -0.434434 0.151747 -0.434434
0.158774 -0.434434 0.158774 -0.434434
0.165800 -0.434434 0.165800 -0.434434
0.172827 -0.434434 0.172827 -0.434434
0.179853 -0.434434 0.179853 -0.434434
0.186880 -0.434434 0.186880 -0.434434
0.193906 -0.434434 0.193906 -0.434434
0.200933 -0.434434 0.200933 -0.434434
0.207959 -0.434434 0.207959 -0.434434
0.214986 -0.434434 0.214986 -0.434434
0.222012 -0.434434 0.222012 -0.434434
0.229039 -0.434434 0.229039 -0.434434
0.236065 -0.434434 0.236065 -0.434434
0.243092 -0.434434 0.243092 -0.434434
0.250118 -0.434434 0.250118 -0.434434
0.257145 -0.434434 0.257145 -0.434434
0.264172 -0.434434 0.264172 -0.434434
0.271198 -0.434434 0.271198 -0.434434
0.278225 -0.434434 0.278225 -0.434434
0.285251 -0.434434 0.285251 -0.434434
0.292278 -0.434434 0.292278 -0.434434
0.299304 -0.434434 0.299304 -0.434434
0.306331 -0.434434 0.306331 -0.434434
0.313357 -0.434434 0.313357 -0.434434
0.320384 -0.434434 0.320384 -0.434434
0.327410 -0.434434 0.327410 -0.434434
0.334437 -0.434434 0.334437 -0.434434
0.341463 -0.434434 0.341463 -0.434434
0.348490 -0.434434 0.348490 -0.434434
0.355516 -0.434434 0.355516 -0.434434
0.362543 -0.434434 0.362543 -0.434434
0.369569 -0.434434 0.369569 -0.434434
0.376596 -0.434434 0.376596 -0.434434
0.383622 -0.434434 0.383622 -0.434434
0.390649 -0.434434 0.390649 -0.434434
0.397676 -0.434434 0.397676 -0.434434
0.404702 -0.434434 0.404702 -0.434434
0.411729 -0.434434 0.411729 -0.434434
0.418755 -0.434434 0.418755 -0.434434
0.425782 -0.434434 0.425782 -0.434434
0.432808 -0.434434 0.432808 -0.434434
0.439835 -0.434434 0.439835 -0.434434
0.446861 -0.434434 0.446861 -0.434434
0.453888 -0.434434 0.453888 -0.434434
0.460914 -0.434434 0.460914 -0.434434
0.467941 -0.434434 0.467941 -0.434434
0.474967 -0.434434 0.474967 -0.434434
0.481994 -0.434434 0.481994 -0.434434
-0.410375 -0.427133 -0.410375 -0.427133
-0.403348 -0.427133 -0.403348 -0.427133
-0.396322 -0.427133 -0.396322 -0.427133
-0.389295 -0.427133 -0.389295 -0.427133
-0.382269 -0.427133 -0.382269 -0.427133
-0.375242 -0.427133 -0.375242 -0.427133
-0.368216 -0.427133 -0.368216 -0.427133
-0.361189 -0.427133 -0.361189 -0.427133
-0.354163 -0.427133 -0.354163 -0.427133
-0.347136 -0.427133 -0.347136 -0.427133
-0.340110 -0.427133 -0.340110 -0.427133
-0.333083 -0.427133 -0.333083 -0.427133
-0.326057 -0.427133 -0.326057 -0.427133
-0.319030 -0.427133 -0.319030 -0.427133
-0.312003 -0.427133 -0.312003 -0.427133
-0.304977 -0.427133 -0.304977 -0.427133
-0.297950 -0.427133 -0.297950 -0.427133
-0.290924 -0.427133 -0.290924 -0.427133
-0.283897 -0.427133 -0.283897 -0.427133
-0.276871 -0.427133 -0.276871 -0.427133
-0.269844 -0.427133 -0.269844 -0.427133
-0.262818 -0.427133 -0.262818 -0.427133
-0.255791 -0.427133 -0.255791 -0.427133
-0.248765 -0.427133 -0.248765 -0.427133
-0.241738 -0.427133 -0.241738 -0.427133
-0.234712 -0.427133 -0.234712 -0.427133
-0.227685 -0.427133 -0.227685 -0.427133
-0.220659 -0.427133 -0.220659 -0.427133
-0.213632 -0.427133 -0.213632 -0.427133
-0.206606 -0.427133 -0.206606 -0.427133
-0.199579 -0.427133 -0.199579 -0.427133
-0.192553 -0.427133 -0.192553 -0.427133
-0.185526 -0.427133 -0.185526 -0.427133
-0.178499 -0.427133 -0.178499 -0.427133
-0.171473 -0.427133 -0.171473 -0.427133
-0.164446 -0.427133 -0.164446 -0.427133
-0.157420 -0.427133 -0.157420 -0.427133
-0.150393 -0.427133 -0.150393 -0.427133
-0.143367 -0.427133 -0.143367 -0.427133
-0.136340 -0.427133 -0.136340 -0.427133
-0.129314 -0.427133 -0.129314 -0.427133
-0.122287 -0.427133 -0.122287 -0.427133
-0.115261 -0.427133 -0.115261 -0.427133
-0.108234 -0.427133 -0.108234 -0.427133
-0.101208 -0.427133 -0.101208 -0.427133
-0.094181 -0.427133 -0.094181 -0.427133
-0.087155 -0.427133 -0.087155 -0.427133
-0.080128 -0.427133 -0.080128 -0.427133
-0.073102 -0.427133 -0.073102 -0.427133
-0.066075 -0.427133 -0.066075 -0.427133
-0.059049 -0.427133 -0.059049 -0.427133
-0.052022 -0.427133 -0.052022 -0.427133
-0.044996 -0.427133 -0.044996 -0.427133
-0.037969 -0.427133 -0.037969 -0.427133
-0.030942 -0.427133 -0.030942 -0.427133
-0.023916 -0.427133 -0.023916 -0.427133
-0.016889 -0.427133 -0.016889 -0.427133
-0.009863 -0.427133 -0.009863 -0.427133
-0.002836 -0.427133 -0.002836 -0.427133
0.004190 -0.427133 0.004190 -0.427133
0.011217 -0.427133 0.011217 -0.427133
0.018243 -0.427133 0.018243 -0.427133
0.025270 -0.427133 0.025270 -0.427133
0.032296 -0.427133 0.032296 -0.427133
0.039323 -0.427133 0.039323 -0.427133
0.046349 -0.427133 0.046349 -0.427133
0.053376 -0.427133 0.053376 -0.427133
0.060402 -0.427133 0.060402 -0.427133
0.067429 -0.427133 0.067429 -0.427133
0.074455 -0.427133 0.074455 -0.427133
0.081482 -0.427133 0.081482 -0.427133
0.088508 -0.427133 0.088508 -0.427133
0.095535 -0.427133 0.095535 -0.427133
0.102561 -0.427133 0.102561 -0.427133
0.109588 -0.427133 0.109588 -0.427133
0.116615 -0.427133 0.116615 -0.427133
0.123641 -0.427133 0.123641 -0.427133
0.130668 -0.427133 0.130668 -0.427133
0.137694 -0.427133 0.137694 -0.427133
0.144721 -0.427133 0.144721 -0.427133
0.151747 -0.427133 0.151747 -0.427133
0.158774 -0.427133 0.158774 -0.427133
0.165800 -0.427133 0.165800 -0.427133
0.172827 -0.427133 0.172827 -0.427133
0.179853 -0.427133 0.179853 -0.427133
0.186880 -0.427133 0.186880 -0.427133
0.193906 -0.427133 0.193906 -0.427133
0.200933 -0.427133 0.200933 -0.427133
0.207959 -0.427133 0.207959 -0.427133
0.214986 -0.427133 0.214986 -0.427133
0.222012 -0.427133 0.222012 -0.427133
0.229039 -0.427133 0.229039 -0.427133
0.236065 -0.427133 0.236065 -0.427133
0.243092 -0.427133 0.243092 -0.427133
0.250118 -0.427133 0.250118 -0.427133
0.257145 -0.427133 0.257145 -0.427133
0.264172 -0.427133 0.264172 -0.427133
0.271198 -0.427133 0.271198 -0.427133
0.278225 -0.427133 0.278225 -0.427133
0.285251 -0.427133 0.285251 -0.427133
0.292278 -0.427133 0.292278 -0.427133
0.299304 -0.427133 0.299304 -0.427133
0.306331 -0.427133 0.306331 -0.427133
0.313357 -0.427133 0.313357 -0.427133
0.320384 -0.427133 0.320384 -0.427133
0.327410 -0.427133 0.327410 -0.427133
0.334437 -0.427133 0.334437 -0.427133
0.341463 -0.427133 0.341463 -0.427133
0.348490 -0.427133 0.348490 -0.427133
0.355516 -0.427133 0.355516 -0.427133
0.362543 -0.427133 0.362543 -0.427133
0.369569 -0.427133 0.369569 -0.427133
0.376596 -0.427133 0.376596 -0.427133
0.383622 -0.427133 0.383622 -0.427133
0.390649 -0.427133 0.390649 -0.427133
0.397676 -0.427133 0.397676 -0.427133
0.404702 -0.427133 0.404702 -0.427133
0.411729 -0.427133 0.411729 -0.427133
0.418755 -0.427133 0.418755 -0.427133
0.425782 -0.427133 0.425782 -0.427133
0.432808 -0.427133 0.432808 -0.427133
0.439835 -0.427133 0.439835 -0.427133
0.446861 -0.427133 0.446861 -0.427133
0.453888 -0.427133 0.453888 -0.427133
0.460914 -0.427133 0.460914 -0.427133
0.467941 -0.427133 0.467941 -0.427133
0.474967 -0.427133 0.474967 -0.427133
0.481994 -0.427133 0.481994 -0.427133
-0.410375 -0.419831 -0.410375 -0.419831
-0.403348 -0.419831 -0.403348 -0.419831
-0.396322 -0.419831 -0.396322 -0.419831
-0.389295 -0.419831 -0.389295 -0.419831
-0.382269 -0.419831 -0.382269 -0.419831
-0.375242 -0.419831 -0.375242 -0.419831
-0.368216 -0.419831 -0.368216 -0.419831
-0.361189 -0.419831 -0.361189 -0.419831
-0.354163 -0.419831 -0.354163 -0.419831
-0.347136 -0.419831 -0.347136 -0.419831
-0.340110 -0.419831 -0.340110 -0.419831
-0.333083 -0.419831 -0.333083 -0.419831
-0.326057 -0.419831 -0.326057 -0.419831
-0.319030 -0.419831 -0.319030 -0.419831
-0.312003 -0.419831 -0.312003 -0.419831
-0.304977 -0.419831 -0.304977 -0.419831
-0.297950 -0.419831 -0.297950 -0.419831
-0.290924 -0.419831 -0.290924 -0.419831
-0.283897 -0.419831 -0.283897 -0.419831
-0.276871 -0.419831 -0.276871 -0.419831
-0.269844 -0.419831 -0.269844 -0.419831
-0.262818 -0.419831 -0.262818 -0.419831
-0.255791 -0.419831 -0.255791 -0.419831
-0.248765 -0.419831 -0.248765 -0.419831
-0.241738 -0.419831 -0.241738 -0.419831
-0.234712 -0.419831 -0.234712 -0.419831
-0.227685 -0.419831 -0.227685 -0.419831
-0.220659 -0.419831 -0.220659 -0.419831
-0.213632 -0.419831 -0.213632 -0.419831
-0.206606 -0.419831 -0.206606 -0.419831
-0.199579 -0.419831 -0.199579 -0.419831
-0.192553 -0.419831 -0.192553 -0.419831
-0.185526 -0.419831 -0.185526 -0.419831
-0.178499 -0.419831 -0.178499 -0.419831
-0.171473 -0.419831 -0.171473 -0.419831
-0.164446 -0.419831 -0.164446 -0.419831
-0.157420 -0.419831 -0.157420 -0.419831
-0.150393 -0.419831 -0.150393 -0.419831
-0.143367 -0.419831 -0.143367 -0.419831
-0.136340 -0.419831 -0.136340 -0.419831
-0.129314 -0.419831 -0.129314 -0.419831
-0.122287 -0.419831 -0.122287 -0.419831
-0.115261 -0.419831 -0.115261 -0.419831
-0.108234 -0.419831 -0.108234 -0.419831
-0.101208 -0.419831 -0.101208 -0.419831
-0.094181 -0.419831 -0.094181 -0.419831
-0.087155 -0.419831 -0.087155 -0.419831
-0.080128 -0.419831 -0.080128 -0.419831
-0.073102 -0.419831 -0.073102 -0.419831
-0.066075 -0.419831 -0.066075 -0.419831
-0.059049 -0.419831 -0.059049 -0.419831
-0.052022 -0.419831 -0.052022 -0.419831
-0.044996 -0.419831 -0.044996 -0.419831
-0.037969 -0.419831 -0.037969 -0.419831
-0.030942 -0.419831 -0.030942 -0.419831
-0.023916 -0.419831 -0.023916 -0.419831
-0.016889 -0.419831 -0.016889 -0.419831
-0.009863 -0.419831 -0.009863 -0.419831
-0.002836 -0.419831 -0.002836 -0.419831
0.004190 -0.419831 0.004190 -0.419831
0.011217 -0.419831 0.011217 -0.419831
0.018243 -0.419831 0.018243 -0.419831
0.025270 -0.419831 0.025270 -0.419831
0.032296 -0.419831 0.032296 -0.419831
0.039323 -0.419831 0.039323 -0.419831
0.046349 -0.419831 0.046349 -0.419831
0.053376 -0.419831 0.053376 -0.419831
0.060402 -0.419831 0.060402 -0.419831
0.067429 -0.419831 0.067429 -0.419831
0.074455 -0.419831 0.074455 -0.419831
0.081482 -0.419831 0.081482 -0.419831
0.088508 -0.419831 0.088508 -0.419831
0.095535 -0.419831 0.095535 -0.419831
0.102561 -0.419831 0.102561 -0.419831
0.109588 -0.419831 0.109588 -0.419831
0.116615 -0.419831 0.116615 -0.419831
0.123641 -0.419831 0.123641 -0.419831
0.130668 -0.419831 0.130668 -0.419831
0.137694 -0.419831 0.137694 -0.419831
0.144721 -0.419831 0.144721 -0.419831
0.151747 -0.419831 0.151747 -0.419831
0.158774 -0.419831 0.158774 -0.419831
0.165800 -0.419831 0.165800 -0.419831
0.172827 -0.419831 0.172827 -0.419831
0.179853 -0.419831 0.179853 -0.419831
0.186880 -0.419831 0.186880 -0.419831
0.193906 -0.419831 0.193906 -0.419831
0.200933 -0.419831 0.200933 -0.419831
0.207959 -0.419831 0.207959 -0.419831
0.214986 -0.419831 0.214986 -0.419831
0.222012 -0.419831 0.222012 -0.419831
0.229039 -0.419831 0.229039 -0.419831
0.236065 -0.419831 0.236065 -0.419831
0.243092 -0.419831 0.243092 -0.419831
0.250118 -0.419831 0.250118 -0.419831
0.257145 -0.419831 0.257145 -0.419831
0.264172 -0.419831 0.264172 -0.419831
0.271198 -0.419831 0.271198 -0.419831
0.278225 -0.419831 0.278225 -0.419831
0.285251 -0.419831 0.285251 -0.419831
0.292278 -0.419831 0.292278 -0.419831
0.299304 -0.419831 0.299304 -0.419831
0.306331 -0.419831 0.306331 -0.419831
0.313357 -0.419831 0.313357 -0.419831
0.320384 -0.419831 0.320384 -0.419831
0.327410 -0.419831 0.327410 -0.419831
0.334437 -0.419831 0.334437 -0.419831
0.341463 -0.419831 0.341463 -0.419831
0.348490 -0.419831 0.348490 -0.419831
0.355516 -0.419831 0.355516 -0.419831
0.362543 -0.419831 0.362543 -0.419831
0.369569 -0.419831 0.369569 -0.419831
0.376596 -0.419831 0.376596 -0.419831
0.383622 -0.419831 0.383622 -0.419831
0.390649 -0.419831 0.390649 -0.419831
0.397676 -0.419831 0.397676 -0.419831
0.404702 -0.419831 0.404702 -0.419831
0.411729 -0.419831 0.411729 -0.419831
0.418755 -0.419831 0.418755 -0.419831
0.425782 -0.419831 0.425782 -0.419831
0.432808 -0.419831 0.432808 -0.419831
0.439835 -0.419831 0.439835 -0.419831
0.446861 -0.419831 0.446861 -0.419831
0.453888 -0.419831 0.453888 -0.419831
0.460914 -0.419831 0.460914 -0.419831
0.467941 -0.419831 0.467941 -0.419831
0.474967 -0.419831 0.474967 -0.419831
0.481994 -0.419831 0.481994 -0.419831
-0.410375 -0.412530 -0.410375 -0.412530
-0.403348 -0.412530 -0.403348 -0.412530
-0.396322 -0.412530 -0.396322 -0.412530
-0.389295 -0.412530 -0.389295 -0.412530
-0.382269 -0.412530 -0.382269 -0.412530
-0.375242 -0.412530 -0.375242 -0.412530
-0.368216 -0.412530 -0.368216 -0.412530
-0.361189 -0.412530 -0.361189 -0.412530
-0.354163 -0.412530 -0.354163 -0.412530
-0.347136 -0.412530 -0.347136 -0.412530
-0.340110 -0.412530 -0.340110 -0.412530
-0.333083 -0.412530 -0.333083 -0.412530
-0.326057 -0.412530 -0.326057 -0.412530
-0.319030 -0.412530 -0.319030 -0.412530
-0.312003 -0.412530 -0.312003 -0.412530
-0.304977 -0.412530 -0.304977 -0.412530
-0.297950 -0.412530 -0.297950 -0.412530
-0.290924 -0.412530 -0.290924 -0.412530
-0.283897 -0.412530 -0.283897 -0.412530
-0.276871 -0.412530 -0.276871 -0.412530
-0.269844 -0.412530 -0.269844 -0.412530
-0.262818 -0.412530 -0.262818 -0.412530
-0.255791 -0.412530 -0.255791 -0.412530
-0.248765 -0.412530 -0.248765 -0.412530
-0.241738 -0.412530 -0.241738 -0.412530
-0.234712 -0.412530 -0.234712 -0.412530
-0.227685 -0.412530 -0.227685 -0.412530
-0.220659 -0.412530 -0.220659 -0.412530
-0.213632 -0.412530 -0.213632 -0.412530
-0.206606 -0.412530 -0.206606 -0.412530
-0.199579 -0.412530 -0.199579 -0.412530
-0.192553 -0.412530 -0.192553 -0.412530
-0.185526 -0.412530 -0.185526 -0.412530
-0.178499 -0.412530 -0.178499 -0.412530
-0.171473 -0.412530 -0.171473 -0.412530
-0.164446 -0.412530 -0.164446 -0.412530
-0.157420 -0.412530 -0.157420 -0.412530
-0.150393 -0.412530 -0.150393 -0.412530
-0.143367 -0.412530 -0.143367 -0.412530
-0.136340 -0.412530 -0.136340 -0.412530
-0.129314 -0.412530 -0.129314 -0.412530
-0.122287 -0.412530 -0.122287 -0.412530
-0.115261 -0.412530 -0.115261 -0.412530
-0.108234 -0.412530 -0.108234 -0.412530
-0.101208 -0.412530 -0.101208 -0.412530
-0.094181 -0.412530 -0.094181 -0.412530
-0.087155 -0.412530 -0.087155 -0.412530
-0.080128 -0.412530 -0.080128 -0.412530
-0.073102 -0.412530 -0.073102 -0.412530
-0.066075 -0.412530 -0.066075 -0.412530
-0.059049 -0.412530 -0.059049 -0.412530
-0.052022 -0.412530 -0.052022 -0.412530
-0.044996 -0.412530 -0.044996 -0.412530
-0.037969 -0.412530 -0.037969 -0.412530
-0.030942 -0.412530 -0.030942 -0.412530
-0.023916 -0.412530 -0.023916 -0.412530
-0.016889 -0.412530 -0.016889 -0.412530
-0.009863 -0.412530 -0.009863 -0.412530
-0.002836 -0.412530 -0.002836 -0.412530
0.004190 -0.412530 0.004190 -0.412530
0.011217 -0.412530 0.011217 -0.412530
0.018243 -0.412530 0.018243 -0.412530
0.025270 -0.412530 0.025270 -0.412530
0.032296 -0.412530 0.032296 -0.412530
0.039323 -0.412530 0.039323 -0.412530
0.046349 -0.412530 0.046349 -0.412530
0.053376 -0.412530 0.053376 -0.412530
0.060402 -0.412530 0.060402 -0.412530
0.067429 -0.412530 0.067429 -0.412530
0.074455 -0.412530 0.074455 -0.412530
0.081482 -0.412530 0.081482 -0.412530
0.088508 -0.412530 0.088508 -0.412530
0.095535 -0.412530 0.095535 -0.412530
0.102561 -0.412530 0.102561 -0.412530
0.109588 -0.412530 0.109588 -0.412530
0.116615 -0.412530 0.116615 -0.412530
0.123641 -0.412530 0.123641 -0.412530
0.130668 -0.412530 0.130668 -0.412530
0.137694 -0.412530 0.137694 -0.412530
0.144721 -0.412530 0.144721 -0.412530
0.151747 -0.412530 0.151747 -0.412530
0.158774 -0.412530 0.158774 -0.412530
0.165800 -0.412530 0.165800 -0.412530
0.172827 -0.412530 0.172827 -0.412530
0.179853 -0.412530 0.179853 -0.412530
0.186880 -0.412530 0.186880 -0.412530
0.193906 -0.412530 0.193906 -0.412530
0.200933 -0.412530 0.200933 -0.412530
0.207959 -0.412530 0.207959 -0.412530
0.214986 -0.412530 0.214986 -0.412530
0.222012 -0.412530 0.222012 -0.412530
0.229039 -0.412530 0.229039 -0.412530
0.236065 -0.412530 0.236065 -0.412530
0.243092 -0.412530 0.243092 -0.412530
0.250118 -0.412530 0.250118 -0.412530
0.257145 -0.412530 0.257145 -0.412530
0.264172 -0.412530 0.264172 -0.412530
0.271198 -0.412530 0.271198 -0.412530
0.278225 -0.412530 0.278225 -0.412530
0.285251 -0.412530 0.285251 -0.412530
0.292278 -0.412530 0.292278 -0.412530
0.299304 -0.412530 0.299304 -0.412530
0.306331 -0.412530 0.306331 -0.412530
0.313357 -0.412530 0.313357 -0.412530
0.320384 -0.412530 0.320384 -0.412530
0.327410 -0.412530 0.327410 -0.412530
0.334437 -0.412530 0.334437 -0.412530
0.341463 -0.412530 0.341463 -0.412530
0.348490 -0.412530 0.348490 -0.412530
0.355516 -0.412530 0.355516 -0.412530
0.362543 -0.412530 0.362543 -0.412530
0.369569 -0.412530 0.369569 -0.412530
0.376596 -0.412530 0.376596 -0.412530
0.383622 -0.412530 0.383622 -0.412530
0.390649 -0.412530 0.390649 -0.412530
0.397676 -0.412530 0.397676 -0.412530
0.404702 -0.412530 0.404702 -0.412530
0.411729 -0.412530 0.411729 -0.412530
0.418755 -0.412530 0.418755 -0.412530
0.425782 -0.412530 0.425782 -0.412530
0.432808 -0.412530 0.432808 -0.412530
0.439835 -0.412530 0.439835 -0.412530
0.446861 -0.412530 0.446861 -0.412530
0.453888 -0.412530 0.453888 -0.412530
0.460914 -0.412530 0.460914 -0.412530
0.467941 -0.412530 0.467941 -0.412530
0.474967 -0.412530 0.474967 -0.412530
0.481994 -0.412530 0.481994 -0.412530
-0.410375 -0.405228 -0.410375 -0.405228
-0.403348 -0.405228 -0.403348 -0.405228
-0.396322 -0.405228 -0.396322 -0.405228
-0.389295 -0.405228 -0.389295 -0.405228
-0.382269 -0.405228 -0.382269 -0.405228
-0.375242 -0.405228 -0.375242 -0.405228
-0.368216 -0.405228 -0.368216 -0.405228
-0.361189 -0.405228 -0.361189 -0.405228
-0.354163 -0.405228 -0.354163 -0.405228
-0.347136 -0.405228 -0.347136 -0.405228
-0.340110 -0.405228 -0.340110 -0.405228
-0.333083 -0.405228 -0.333083 -0.405228
-0.326057 -0.405228 -0.326057 -0.405228
-0.319030 -0.405228 -0.319030 -0.405228
-0.312003 -0.405228 -0.312003 -0.405228
-0.304977 -0.405228 -0.304977 -0.405228
-0.297950 -0.405228 -0.297950 -0.405228
-0.290924 -0.405228 -0.290924 -0.405228
-0.283897 -0.405228 -0.283897 -0.405228
-0.276871 -0.405228 -0.276871 -0.405228
-0.269844 -0.405228 -0.269844 -0.405228
-0.262818 -0.405228 -0.262818 -0.405228
-0.255791 -0.405228 -0.255791 -0.405228
-0.248765 -0.405228 -0.248765 -0.405228
-0.241738 -0.405228 -0.241738 -0.405228
-0.234712 -0.405228 -0.234712 -0.405228
-0.227685 -0.405228 -0.227685 -0.405228
-0.220659 -0.405228 -0.220659 -0.405228
-0.213632 -0.405228 -0.213632 -0.405228
-0.206606 -0.405228 -0.206606 -0.405228
-0.199579 -0.405228 -0.199579 -0.405228
-0.192553 -0.405228 -0.192553 -0.405228
-0.185526 -0.405228 -0.185526 -0.405228
-0.178499 -0.405228 -0.178499 -0.405228
-0.171473 -0.405228 -0.171473 -0.405228
-0.164446 -0.405228 -0.164446 -0.405228
-0.157420 -0.405228 -0.157420 -0.405228
-0.150393 -0.405228 -0.150393 -0.405228
-0.143367 -0.405228 -0.143367 -0.405228
-0.136340 -0.405228 -0.136340 -0.405228
-0.129314 -0.405228 -0.129314 -0.405228
-0.122287 -0.405228 -0.122287 -0.405228
-0.115261 -0.405228 -0.115261 -0.405228
-0.108234 -0.405228 -0.108234 -0.405228
-0.101208 -0.405228 -0.101208 -0.405228
-0.094181 -0.405228 -0.094181 -0.405228
-0.087155 -0.405228 -0.087155 -0.405228
-0.080128 -0.405228 -0.080128 -0.405228
-0.073102 -0.405228 -0.073102 -0.405228
-0.066075 -0.405228 -0.066075 -0.405228
-0.059049 -0.405228 -0.059049 -0.405228
-0.052022 -0.405228 -0.052022 -0.405228
-0.044996 -0.405228 -0.044996 -0.405228
-0.037969 -0.405228 -0.037969 -0.405228
-0.030942 -0.405228 -0.030942 -0.405228
-0.023916 -0.405228 -0.023916 -0.405228
-0.016889 -0.405228 -0.016889 -0.405228
-0.009863 -0.405228 -0.009863 -0.405228
-0.002836 -0.405228 -0.002836 -0.405228
0.004190 -0.405228 0.004190 -0.405228
0.011217 -0.405228 0.011217 -0.405228
0.018243 -0.405228 0.018243 -0.405228
0.025270 -0.405228 0.025270 -0.405228
0.032296 -0.405228 0.032296 -0.405228
0.039323 -0.405228 0.039323 -0.405228
0.046349 -0.405228 0.046349 -0.405228
0.053376 -0.405228 0.053376 -0.405228
0.060402 -0.405228 0.060402 -0.405228
0.067429 -0.405228 0.067429 -0.405228
0.074455 -0.405228 0.074455 -0.405228
0.081482 -0.405228 0.081482 -0.405228
0.088508 -0.405228 0.088508 -0.405228
0.095535 -0.405228 0.095535 -0.405228
0.102561 -0.405228 0.102561 -0.405228
0.109588 -0.405228 0.109588 -0.405228
0.116615 -0.405228 0.116615 -0.405228
0.123641 -0.405228 0.123641 -0.405228
0.130668 -0.405228 0.130668 -0.405228
0.137694 -0.405228 0.137694 -0.405228
0.144721 -0.405228 0.144721 -0.405228
0.151747 -0.405228 0.151747 -0.405228
0.158774 -0.405228 0.158774 -0.405228
0.165800 -0.405228 0.165800 -0.405228
0.172827 -0.405228 0.172827 -0.405228
0.179853 -0.405228 0.179853 -0.405228
0.186880 -0.405228 0.186880 -0.405228
0.193906 -0.405228 0.193906 -0.405228
0.200933 -0.405228 0.200933 -0.405228
0.207959 -0.405228 0.207959 -0.405228
0.214986 -0.405228 0.214986 -0.405228
0.222012 -0.405228 0.222012 -0.405228
0.229039 -0.405228 0.229039 -0.405228
0.236065 -0.405228 0.236065 -0.405228
0.243092 -0.405228 0.243092 -0.405228
0.250118 -0.405228 0.250118 -0.405228
0.257145 -0.405228 0.257145 -0.405228
0.264172 -0.405228 0.264172 -0.405228
0.271198 -0.405228 0.271198 -0.405228
0.278225 -0.405228 0.278225 -0.405228
0.285251 -0.405228 0.285251 -0.405228
0.292278 -0.405228 0.292278 -0.405228
0.299304 -0.405228 0.299304 -0.405228
0.306331 -0.405228 0.306331 -0.405228
0.313357 -0.405228 0.313357 -0.405228
0.320384 -0.405228 0.320384 -0.405228
0.327410 -0.405228 0.327410 -0.405228
0.334437 -0.405228 0.334437 -0.405228
0.341463 -0.405228 0.341463 -0.405228
0.348490 -0.405228 0.348490 -0.405228
0.355516 -0.405228 0.355516 -0.405228
0.362543 -0.405228 0.362543 -0.405228
0.369569 -0.405228 0.369569 -0.405228
0.376596 -0.405228 0.376596 -0.405228
0.383622 -0.405228 0.383622 -0.405228
0.390649 -0.405228 0.390649 -0.405228
0.397676 -0.405228 0.397676 -0.405228
0.404702 -0.405228 0.404702 -0.405228
0.411729 -0.405228 0.411729 -0.405228
0.418755 -0.405228 0.418755 -0.405228
0.425782 -0.405228 0.425782 -0.405228
0.432808 -0.405228 0.432808 -0.405228
0.439835 -0.405228 0.439835 -0.405228
0.446861 -0.405228 0.446861 -0.405228
0.453888 -0.405228 0.453888 -0.405228
0.460914 -0.405228 0.460914 -0.405228
0.467941 -0.405228 0.467941 -0.405228
0.474967 -0.405228 0.474967 -0.405228
0.481994 -0.405228 0.481994 -0.405228
-0.410375 -0.397927 -0.410375 -0.397927
-0.403348 -0.397927 -0.403348 -0.397927
-0.396322 -0.397927 -0.396322 -0.397927
-0.389295 -0.397927 -0.389295 -0.397927
-0.382269 -0.397927 -0.382269 -0.397927
-0.375242 -0.397927 -0.375242 -0.397927
-0.368216 -0.397927 -0.368216 -0.397927
-0.361189 -0.397927 -0.361189 -0.397927
-0.354163 -0.397927 -0.354163 -0.397927
-0.347136 -0.397927 -0.347136 -0.397927
-0.340110 -0.397927 -0.340110 -0.397927
-0.333083 -0.397927 -0.333083 -0.397927
-0.326057 -0.397927 -0.326057 -0.397927
-0.319030 -0.397927 -0.319030 -0.397927
-0.312003 -0.397927 -0.312003 -0.397927
-0.304977 -0.397927 -0.304977 -0.397927
-0.297950 -0.397927 -0.297950 -0.397927
-0.290924 -0.397927 -0.290924 -0.397927
-0.283897 -0.397927 -0.283897 -0.397927
-0.276871 -0.397927 -0.276871 -0.397927
-0.269844 -0.397927 -0.269844 -0.397927
-0.262818 -0.397927 -0.262818 -0.397927
-0.255791 -0.397927 -0.255791 -0.397927
-0.248765 -0.397927 -0.248765 -0.397927
-0.241738 -0.397927 -0.241738 -0.397927
-0.234712 -0.397927 -0.234712 -0.397927
-0.227685 -0.397927 -0.227685 -0.397927
-0.220659 -0.397927 -0.220659 -0.397927
-0.213632 -0.397927 -0.213632 -0.397927
-0.206606 -0.397927 -0.206606 -0.397927
-0.199579 -0.397927 -0.199579 -0.397927
-0.192553 -0.397927 -0.192553 -0.397927
-0.185526 -0.397927 -0.185526 -0.397927
-0.178499 -0.397927 -0.178499 -0.397927
-0.171473 -0.397927 -0.171473 -0.397927
-0.164446 -0.397927 -0.164446 -0.397927
-0.157420 -0.397927 -0.157420 -0.397927
-0.150393 -0.397927 -0.150393 -0.397927
-0.143367 -0.397927 -0.143367 -0.397927
-0.136340 -0.397927 -0.136340 -0.397927
-0.129314 -0.397927 -0.129314 -0.397927
-0.122287 -0.397927 -0.122287 -0.397927
-0.115261 -0.397927 -0.115261 -0.397927
-0.108234 -0.397927 -0.108234 -0.397927
-0.101208 -0.397927 -0.101208 -0.397927
-0.094181 -0.397927 -0.094181 -0.397927
-0.087155 -0.397927 -0.087155 -0.397927
-0.080128 -0.397927 -0.080128 -0.397927
-0.073102 -0.397927 -0.073102 -0.397927
-0.066075 -0.397927 -0.066075 -0.397927
-0.059049 -0.397927 -0.059049 -0.397927
-0.052022 -0.397927 -0.052022 -0.397927
-0.044996 -0.397927 -0.044996 -0.397927
-0.037969 -0.397927 -0.037969 -0.397927
-0.030942 -0.397927 -0.030942 -0.397927
-0.023916 -0.397927 -0.023916 -0.397927
-0.016889 -0.397927 -0.016889 -0.397927
-0.009863 -0.397927 -0.009863 -0.397927
-0.002836 -0.397927 -0.002836 -0.397927
0.004190 -0.397927 0.004190 -0.397927
0.011217 -0.397927 0.011217 -0.397927
0.018243 -0.397927 0.018243 -0.397927
0.025270 -0.397927 0.025270 -0.397927
0.032296 -0.397927 0.032296 -0.397927
0.039323 -0.397927 0.039323 -0.397927
0.046349 -0.397927 0.046349 -0.397927
0.053376 -0.397927 0.053376 -0.397927
0.060402 -0.397927 0.060402 -0.397927
0.067429 -0.397927 0.067429 -0.397927
0.074455 -0.397927 0.074455 -0.397927
0.081482 -0.397927 0.081482 -0.397927
0.088508 -0.397927 0.088508 -0.397927
0.095535 -0.397927 0.095535 -0.397927
0.102561 -0.397927 0.102561 -0.397927
0.109588 -0.397927 0.109588 -0.397927
0.116615 -0.397927 0.116615 -0.397927
0.123641 -0.397927 0.123641 -0.397927
0.130668 -0.397927 0.130668 -0.397927
0.137694 -0.397927 0.137694 -0.397927
0.144721 -0.397927 0.144721 -0.397927
0.151747 -0.397927 0.151747 -0.397927
0.158774 -0.397927 0.158774 -0.397927
0.165800 -0.397927 0.165800 -0.397927
0.172827 -0.397927 0.172827 -0.397927
0.179853 -0.397927 0.179853 -0.397927
0.186880 -0.397927 0.186880 -0.397927
0.193906 -0.397927 0.193906 -0.397927
0.200933 -0.397927 0.200933 -0.397927
0.207959 -0.397927 0.207959 -0.397927
0.214986 -0.397927 0.214986 -0.397927
0.222012 -0.397927 0.222012 -0.397927
0.229039 -0.397927 0.229039 -0.397927
0.236065 -0.397927 0.236065 -0.397927
0.243092 -0.397927 0.243092 -0.397927
0.250118 -0.397927 0.250118 -0.397927
0.257145 -0.397927 0.257145 -0.397927
0.264172 -0.397927 0.264172 -0.397927
0.271198 -0.397927 0.271198 -0.397927
0.278225 -0.397927 0.278225 -0.397927
0.285251 -0.397927 0.285251 -0.397927
0.292278 -0.397927 0.292278 -0.397927
0.299304 -0.397927 0.299304 -0.397927
0.306331 -0.397927 0.306331 -0.397927
0.313357 -0.397927 0.313357 -0.397927
0.320384 -0.397927 0.320384 -0.397927
0.327410 -0.397927 0.327410 -0.397927
0.334437 -0.397927 0.334437 -0.397927
0.341463 -0.397927 0.341463 -0.397927
0.348490 -0.397927 0.348490 -0.397927
0.355516 -0.397927 0.355516 -0.397927
0.362543 -0.397927 0.362543 -0.397927
0.369569 -0.397927 0.369569 -0.397927
0.376596 -0.397927 0.376596 -0.397927
0.383622 -0.397927 0.383622 -0.397927
0.390649 -0.397927 0.390649 -0.397927
0.397676 -0.397927 0.397676 -0.397927
0.404702 -0.397927 0.404702 -0.397927
0.411729 -0.397927 0.411729 -0.397927
0.418755 -0.397927 0.418755 -0.397927
0.425782 -0.397927 0.425782 -0.397927
0.432808 -0.397927 0.432808 -0.397927
0.439835 -0.397927 0.439835 -0.397927
0.446861 -0.397927 0.446861 -0.397927
0.453888 -0.397927 0.453888 -0.397927
0.460914 -0.397927 0.460914 -0.397927
0.467941 -0.397927 0.467941 -0.397927
0.474967 -0.397927 0.474967 -0.397927
0.481994 -0.397927 0.481994 -0.397927
-0.410375 -0.390626 -0.410375 -0.390626
-0.403348 -0.390626 -0.403348 -0.390626
-0.396322 -0.390626 -0.396322 -0.390626
-0.389295 -0.390626 -0.389295 -0.390626
-0.382269 -0.390626 -0.382269 -0.390626
-0.375242 -0.390626 -0.375242 -0.390626
-0.368216 -0.390626 -0.368216 -0.390626
-0.361189 -0.390626 -0.361189 -0.390626
-0.354163 -0.390626 -0.354163 -0.390626
-0.347136 -0.390626 -0.347136 -0.390626
-0.340110 -0.390626 -0.340110 -0.390626
-0.333083 -0.390626 -0.333083 -0.390626
-0.326057 -0.390626 -0.326057 -0.390626
-0.319030 -0.390626 -0.319030 -0.390626
-0.312003 -0.390626 -0.312003 -0.390626
-0.304977 -0.390626 -0.304977 -0.390626
-0.297950 -0.390626 -0.297950 -0.390626
-0.290924 -0.390626 -0.290924 -0.390626
-0.283897 -0.390626 -0.283897 -0.390626
-0.276871 -0.390626 -0.276871 -0.390626
-0.269844 -0.390626 -0.269844 -0.390626
-0.262818 -0.390626 -0.262818 -0.390626
-0.255791 -0.390626 -0.255791 -0.390626
-0.248765 -0.390626 -0.248765 -0.390626
-0.241738 -0.390626 -0.241738 -0.390626
-0.234712 -0.390626 -0.234712 -0.390626
-0.227685 -0.390626 -0.227685 -0.390626
-0.220659 -0.390626 -0.220659 -0.390626
-0.213632 -0.390626 -0.213632 -0.390626
-0.206606 -0.390626 -0.206606 -0.390626
-0.199579 -0.390626 -0.199579 -0.390626
-0.192553 -0.390626 -0.192553 -0.390626
-0.185526 -0.390626 -0.185526 -0.390626
-0.178499 -0.390626 -0.178499 -0.390626
-0.171473 -0.390626 -0.171473 -0.390626
-0.164446 -0.390626 -0.164446 -0.390626
-0.157420 -0.390626 -0.157420 -0.390626
-0.150393 -0.390626 -0.150393 -0.390626
-0.143367 -0.390626 -0.143367 -0.390626
-0.136340 -0.390626 -0.136340 -0.390626
-0.129314 -0.390626 -0.129314 -0.390626
-0.122287 -0.390626 -0.122287 -0.390626
-0.115261 -0.390626 -0.115261 -0.390626
-0.108234 -0.390626 -0.108234 -0.390626
-0.101208 -0.390626 -0.101208 -0.390626
-0.094181 -0.390626 -0.094181 -0.390626
-0.087155 -0.390626 -0.087155 -0.390626
-0.080128 -0.390626 -0.080128 -0.390626
-0.073102 -0.390626 -0.073102 -0.390626
-0.066075 -0.390626 -0.066075 -0.390626
-0.059049 -0.390626 -0.059049 -0.390626
-0.052022 -0.390626 -0.052022 -0.390626
-0.044996 -0.390626 -0.044996 -0.390626
-0.037969 -0.390626 -0.037969 -0.390626
-0.030942 -0.390626 -0.030942 -0.390626
-0.023916 -0.390626 -0.023916 -0.390626
-0.016889 -0.390626 -0.016889 -0.390626
-0.009863 -0.390626 -0.009863 -0.390626
-0.002836 -0.390626 -0.002836 -0.390626
0.004190 -0.390626 0.004190 -0.390626
0.011217 -0.390626 0.011217 -0.390626
0.018243 -0.390626 0.018243 -0.390626
0.025270 -0.390626 0.025270 -0.390626
0.032296 -0.390626 0.032296 -0.390626
0.039323 -0.390626 0.039323 -0.390626
0.046349 -0.390626 0.046349 -0.390626
0.053376 -0.390626 0.053376 -0.390626
0.060402 -0.390626 0.060402 -0.390626
0.067429 -0.390626 0.067429 -0.390626
0.074455 -0.390626 0.074455 -0.390626
0.081482 -0.390626 0.081482 -0.390626
0.088508 -0.390626 0.088508 -0.390626
0.095535 -0.390626 0.095535 -0.390626
0.102561 -0.390626 0.102561 -0.390626
0.109588 -0.390626 0.109588 -0.390626
0.116615 -0.390626 0.116615 -0.390626
0.123641 -0.390626 0.123641 -0.390626
0.130668 -0.390626 0.130668 -0.390626
0.137694 -0.390626 0.137694 -0.390626
0.144721 -0.390626 0.144721 -0.390626
0.151747 -0.390626 0.151747 -0.390626
0.158774 -0.390626 0.158774 -0.390626
0.165800 -0.390626 0.165800 -0.390626
0.172827 -0.390626 0.172827 -0.390626
0.179853 -0.390626 0.179853 -0.390626
0.186880 -0.390626 0.186880 -0.390626
0.193906 -0.390626 0.193906 -0.390626
0.200933 -0.390626 0.200933 -0.390626
0.207959 -0.390626 0.207959 -0.390626
0.214986 -0.390626 0.214986 -0.390626
0.222012 -0.390626 0.222012 -0.390626
0.229039 -0.390626 0.229039 -0.390626
0.236065 -0.390626 0.236065 -0.390626
0.243092 -0.390626 0.243092 -0.390626
0.250118 -0.390626 0.250118 -0.390626
0.257145 -0.390626 0.257145 -0.390626
0.264172 -0.390626 0.264172 -0.390626
0.271198 -0.390626 0.271198 -0.390626
0.278225 -0.390626 0.278225 -0.390626
0.285251 -0.390626 0.285251 -0.390626
0.292278 -0.390626 0.292278 -0.390626
0.299304 -0.390626 0.299304 -0.390626
0.306331 -0.390626 0.306331 -0.390626
0.313357 -0.390626 0.313357 -0.390626
0.320384 -0.390626 0.320384 -0.390626
0.327410 -0.390626 0.327410 -0.390626
0.334437 -0.390626 0.334437 -0.390626
0.341463 -0.390626 0.341463 -0.390626
0.348490 -0.390626 0.348490 -0.390626
0.355516 -0.390626 0.355516 -0.390626
0.362543 -0.390626 0.362543 -0.390626
0.369569 -0.390626 0.369569 -0.390626
0.376596 -0.390626 0.376596 -0.390626
0.383622 -0.390626 0.383622 -0.390626
0.390649 -0.390626 0.390649 -0.390626
0.397676 -0.390626 0.397676 -0.390626
0.404702 -0.390626 0.404702 -0.390626
0.411729 -0.390626 0.411729 -0.390626
0.418755 -0.390626 0.418755 -0.390626
0.425782 -0.390626 0.425782 -0.390626
0.432808 -0.390626 0.432808 -0.390626
0.439835 -0.390626 0.439835 -0.390626
0.446861 -0.390626 0.446861 -0.390626
0.453888 -0.390626 0.453888 -0.390626
0.460914 -0.390626 0.460914 -0.390626
0.467941 -0.390626 0.467941 -0.390626
0.474967 -0.390626 0.474967 -0.390626
0.481994 -0.390626 0.481994 -0.390626
-0.410375 -0.383324 -0.410375 -0.383324
-0.403348 -0.383324 -0.403348 -0.383324
-0.396322 -0.383324 -0.396322 -0.383324
-0.389295 -0.383324 -0.389295 -0.383324
-0.382269 -0.383324 -0.382269 -0.383324
-0.375242 -0.383324 -0.375242 -0.383324
-0.368216 -0.383324 -0.368216 -0.383324
-0.361189 -0.383324 -0.361189 -0.383324
-0.354163 -0.383324 -0.354163 -0.383324
-0.347136 -0.383324 -0.347136 -0.383324
-0.340110 -0.383324 -0.340110 -0.383324
-0.333083 -0.383324 -0.333083 -0.383324
-0.326057 -0.383324 -0.326057 -0.383324
-0.319030 -0.383324 -0.319030 -0.383324
-0.312003 -0.383324 -0.312003 -0.383324
-0.304977 -0.383324 -0.304977 -0.383324
-0.297950 -0.383324 -0.297950 -0.383324
-0.290924 -0.383324 -0.290924 -0.383324
-0.283897 -0.383324 -0.283897 -0.383324
-0.276871 -0.383324 -0.276871 -0.383324
-0.269844 -0.383324 -0.269844 -0.383324
-0.262818 -0.383324 -0.262818 -0.383324
-0.255791 -0.383324 -0.255791 -0.383324
-0.248765 -0.383324 -0.248765 -0.383324
-0.241738 -0.383324 -0.241738 -0.383324
-0.234712 -0.383324 -0.234712 -0.383324
-0.227685 -0.383324 -0.227685 -0.383324
-0.220659 -0.383324 -0.220659 -0.383324
-0.213632 -0.383324 -0.213632 -0.383324
-0.206606 -0.383324 -0.206606 -0.383324
-0.199579 -0.383324 -0.199579 -0.383324
-0.192553 -0.383324 -0.192553 -0.383324
-0.185526 -0.383324 -0.185526 -0.383324
-0.178499 -0.383324 -0.178499 -0.383324
-0.171473 -0.383324 -0.171473 -0.383324
-0.164446 -0.383324 -0.164446 -0.383324
-0.157420 -0.383324 -0.157420 -0.383324
-0.150393 -0.383324 -0.150393 -0.383324
-0.143367 -0.383324 -0.143367 -0.383324
-0.136340 -0.383324 -0.136340 -0.383324
-0.129314 -0.383324 -0.129314 -0.383324
-0.122287 -0.383324 -0.122287 -0.383324
-0.115261 -0.383324 -0.115261 -0.383324
-0.108234 -0.383324 -0.108234 -0.383324
-0.101208 -0.383324 -0.101208 -0.383324
-0.094181 -0.383324 -0.094181 -0.383324
-0.087155 -0.383324 -0.087155 -0.383324
-0.080128 -0.383324 -0.080128 -0.383324
-0.073102 -0.383324 -0.073102 -0.383324
-0.066075 -0.383324 -0.066075 -0.383324
-0.059049 -0.383324 -0.059049 -0.383324
-0.052022 -0.383324 -0.052022 -0.383324
-0.044996 -0.383324 -0.044996 -0.383324
-0.037969 -0.383324 -0.037969 -0.383324
-0.030942 -0.383324 -0.030942 -0.383324
-0.023916 -0.383324 -0.023916 -0.383324
-0.016889 -0.383324 -0.016889 -0.383324
-0.009863 -0.383324 -0.009863 -0.383324
-0.002836 -0.383324 -0.002836 -0.383324
0.004190 -0.383324 0.004190 -0.383324
0.011217 -0.383324 0.011217 -0.383324
0.018243 -0.383324 0.018243 -0.383324
0.025270 -0.383324 0.025270 -0.383324
0.032296 -0.383324 0.032296 -0.383324
0.039323 -0.383324 0.039323 -0.383324
0.046349 -0.383324 0.046349 -0.383324
0.053376 -0.383324 0.053376 -0.383324
0.060402 -0.383324 0.060402 -0.383324
0.067429 -0.383324 0.067429 -0.383324
0.074455 -0.383324 0.074455 -0.383324
0.081482 -0.383324 0.081482 -0.383324
0.088508 -0.383324 0.088508 -0.383324
0.095535 -0.383324 0.095535 -0.383324
0.102561 -0.383324 0.102561 -0.383324
0.109588 -0.383324 0.109588 -0.383324
0.116615 -0.383324 0.116615 -0.383324
0.123641 -0.383324 0.123641 -0.383324
0.130668 -0.383324 0.130668 -0.383324
0.137694 -0.383324 0.137694 -0.383324
0.144721 -0.383324 0.144721 -0.383324
0.151747 -0.383324 0.151747 -0.383324
0.158774 -0.383324 0.158774 -0.383324
0.165800 -0.383324 0.165800 -0.383324
0.172827 -0.383324 0.172827 -0.383324
0.179853 -0.383324 0.179853 -0.383324
0.186880 -0.383324 0.186880 -0.383324
0.193906 -0.383324 0.193906 -0.383324
0.200933 -0.383324 0.200933 -0.383324
0.207959 -0.383324 0.207959 -0.383324
0.214986 -0.383324 0.214986 -0.383324
0.222012 -0.383324 0.222012 -0.383324
0.229039 -0.383324 0.229039 -0.383324
0.236065 -0.383324 0.236065 -0.383324
0.243092 -0.383324 0.243092 -0.383324
0.250118 -0.383324 0.250118 -0.383324
0.257145 -0.383324 0.257145 -0.383324
0.264172 -0.383324 0.264172 -0.383324
0.271198 -0.383324 0.271198 -0.383324
0.278225 -0.383324 0.278225 -0.383324
0.285251 -0.383324 0.285251 -0.383324
0.292278 -0.383324 0.292278 -0.383324
0.299304 -0.383324 0.299304 -0.383324
0.306331 -0.383324 0.306331 -0.383324
0.313357 -0.383324 0.313357 -0.383324
0.320384 -0.383324 0.320384 -0.383324
0.327410 -0.383324 0.327410 -0.383324
0.334437 -0.383324 0.334437 -0.383324
0.341463 -0.383324 0.341463 -0.383324
0.348490 -0.383324 0.348490 -0.383324
0.355516 -0.383324 0.355516 -0.383324
0.362543 -0.383324 0.362543 -0.383324
0.369569 -0.383324 0.369569 -0.383324
0.376596 -0.383324 0.376596 -0.383324
0.383622 -0.383324 0.383622 -0.383324
0.390649 -0.383324 0.390649 -0.383324
0.397676 -0.383324 0.397676 -0.383324
0.404702 -0.383324 0.404702 -0.383324
0.411729 -0.383324 0.411729 -0.383324
0.418755 -0.383324 0.418755 -0.383324
0.425782 -0.383324 0.425782 -0.383324
0.432808 -0.383324 0.432808 -0.383324
0.439835 -0.383324 0.439835 -0.383324
0.446861 -0.383324 0.446861 -0.383324
0.453888 -0.383324 0.453888 -0.383324
0.460914 -0.383324 0.460914 -0.383324
0.467941 -0.383324 0.467941 -0.383324
0.474967 -0.383324 0.474967 -0.383324
0.481994 -0.383324 0.481994 -0.383324
-0.410375 -0.376023 -0.410375 -0.376023
-0.403348 -0.376023 -0.403348 -0.376023
-0.396322 -0.376023 -0.396322 -0.376023
-0.389295 -0.376023 -0.389295 -0.376023
-0.382269 -0.376023 -0.382269 -0.376023
-0.375242 -0.376023 -0.375242 -0.376023
-0.368216 -0.376023 -0.368216 -0.376023
-0.361189 -0.376023 -0.361189 -0.376023
-0.354163 -0.376023 -0.354163 -0.376023
-0.347136 -0.376023 -0.347136 -0.376023
-0.340110 -0.376023 -0.340110 -0.376023
-0.333083 -0.376023 -0.333083 -0.376023
-0.326057 -0.376023 -0.326057 -0.376023
-0.319030 -0.376023 -0.319030 -0.376023
-0.312003 -0.376023 -0.312003 -0.376023
-0.304977 -0.376023 -0.304977 -0.376023
-0.297950 -0.376023 -0.297950 -0.376023
-0.290924 -0.376023 -0.290924 -0.376023
-0.283897 -0.376023 -0.283897 -0.376023
-0.276871 -0.376023 -0.276871 -0.376023
-0.269844 -0.376023 -0.269844 -0.376023
-0.262818 -0.376023 -0.262818 -0.376023
-0.255791 -0.376023 -0.255791 -0.376023
-0.248765 -0.376023 -0.248765 -0.376023
-0.241738 -0.376023 -0.241738 -0.376023
-0.234712 -0.376023 -0.234712 -0.376023
-0.227685 -0.376023 -0.227685 -0.376023
-0.220659 -0.376023 -0.220659 -0.376023
-0.213632 -0.376023 -0.213632 -0.376023
-0.206606 -0.376023 -0.206606 -0.376023
-0.199579 -0.376023 -0.199579 -0.376023
-0.192553 -0.376023 -0.192553 -0.376023
-0.185526 -0.376023 -0.185526 -0.376023
-0.178499 -0.376023 -0.178499 -0.376023
-0.171473 -0.376023 -0.171473 -0.376023
-0.164446 -0.376023 -0.164446 -0.376023
-0.157420 -0.376023 -0.157420 -0.376023
-0.150393 -0.376023 -0.150393 -0.376023
-0.143367 -0.376023 -0.143367 -0.376023
-0.136340 -0.376023 -0.136340 -0.376023
-0.129314 -0.376023 -0.129314 -0.376023
-0.122287 -0.376023 -0.122287 -0.376023
-0.115261 -0.376023 -0.115261 -0.376023
-0.108234 -0.376023 -0.108234 -0.376023
-0.101208 -0.376023 -0.101208 -0.376023
-0.094181 -0.376023 -0.094181 -0.376023
-0.087155 -0.376023 -0.087155 -0.376023
-0.080128 -0.376023 -0.080128 -0.376023
-0.073102 -0.376023 -0.073102 -0.376023
-0.066075 -0.376023 -0.066075 -0.376023
-0.059049 -0.376023 -0.059049 -0.376023
-0.052022 -0.376023 -0.052022 -0.376023
-0.044996 -0.376023 -0.044996 -0.376023
-0.037969 -0.376023 -0.037969 -0.376023
-0.030942 -0.376023 -0.030942 -0.376023
-0.023916 -0.376023 -0.023916 -0.376023
-0.016889 -0.376023 -0.016889 -0.376023
-0.009863 -0.376023 -0.009863 -0.376023
-0.002836 -0.376023 -0.002836 -0.376023
0.004190 -0.376023 0.004190 -0.376023
0.011217 -0.376023 0.011217 -0.376023
0.018243 -0.376023 0.018243 -0.376023
0.025270 -0.376023 0.025270 -0.376023
0.032296 -0.376023 0.032296 -0.376023
0.039323 -0.376023 0.039323 -0.376023
0.046349 -0.376023 0.046349 -0.376023
0.053376 -0.376023 0.053376 -0.376023
0.060402 -0.376023 0.060402 -0.376023
0.067429 -0.376023 0.067429 -0.376023
0.074455 -0.376023 0.074455 -0.376023
0.081482 -0.376023 0.081482 -0.376023
0.088508 -0.376023 0.088508 -0.376023
0.095535 -0.376023 0.095535 -0.376023
0.102561 -0.376023 0.102561 -0.376023
0.109588 -0.376023 0.109588 -0.376023
0.116615 -0.376023 0.116615 -0.376023
0.123641 -0.376023 0.123641 -0.376023
0.130668 -0.376023 0.130668 -0.376023
0.137694 -0.376023 0.137694 -0.376023
0.144721 -0.376023 0.144721 -0.376023
0.151747 -0.376023 0.151747 -0.376023
0.158774 -0.376023 0.158774 -0.376023
0.165800 -0.376023 0.165800 -0.376023
0.172827 -0.376023 0.172827 -0.376023
0.179853 -0.376023 0.179853 -0.376023
0.186880 -0.376023 0.186880 -0.376023
0.193906 -0.376023 0.193906 -0.376023
0.200933 -0.376023 0.200933 -0.376023
0.207959 -0.376023 0.207959 -0.376023
0.214986 -0.376023 0.214986 -0.376023
0.222012 -0.376023 0.222012 -0.376023
0.229039 -0.376023 0.229039 -0.376023
0.236065 -0.376023 0.236065 -0.376023
0.243092 -0.376023 0.243092 -0.376023
0.250118 -0.376023 0.250118 -0.376023
0.257145 -0.376023 0.257145 -0.376023
0.264172 -0.376023 0.264172 -0.376023
0.271198 -0.376023 0.271198 -0.376023
0.278225 -0.376023 0.278225 -0.376023
0.285251 -0.376023 0.285251 -0.376023
0.292278 -0.376023 0.292278 -0.376023
0.299304 -0.376023 0.299304 -0.376023
0.306331 -0.376023 0.306331 -0.376023
0.313357 -0.376023 0.313357 -0.376023
0.320384 -0.376023 0.320384 -0.376023
0.327410 -0.376023 0.327410 -0.376023
0.334437 -0.376023 0.334437 -0.376023
0.341463 -0.376023 0.341463 -0.376023
0.348490 -0.376023 0.348490 -0.376023
0.355516 -0.376023 0.355516 -0.376023
0.362543 -0.376023 0.362543 -0.376023
0.369569 -0.376023 0.369569 -0.376023
0.376596 -0.376023 0.376596 -0.376023
0.383622 -0.376023 0.383622 -0.376023
0.390649 -0.376023 0.390649 -0.376023
0.397676 -0.376023 0.397676 -0.376023
0.404702 -0.376023 0.404702 -0.376023
0.411729 -0.376023 0.411729 -0.376023
0.418755 -0.376023 0.418755 -0.376023
0.425782 -0.376023 0.425782 -0.376023
0.432808 -0.376023 0.432808 -0.376023
0.439835 -0.376023 0.439835 -0.376023
0.446861 -0.376023 0.446861 -0.376023
0.453888 -0.376023 0.453888 -0.376023
0.460914 -0.376023 0.460914 -0.376023
0.467941 -0.376023 0.467941 -0.376023
0.474967 -0.376023 0.474967 -0.376023
0.481994 -0.376023 0.481994 -0.376023
-0.410375 -0.368721 -0.410375 -0.368721
-0.403348 -0.368721 -0.403348 -0.368721
-0.396322 -0.368721 -0.396322 -0.368721
-0.389295 -0.368721 -0.389295 -0.368721
-0.382269 -0.368721 -0.382269 -0.368721
-0.375242 -0.368721 -0.375242 -0.368721
-0.368216 -0.368721 -0.368216 -0.368721
-0.361189 -0.368721 -0.361189 -0.368721
-0.354163 -0.368721 -0.354163 -0.368721
-0.347136 -0.368721 -0.347136 -0.368721
-0.340110 -0.368721 -0.340110 -0.368721
-0.333083 -0.368721 -0.333083 -0.368721
-0.326057 -0.368721 -0.326057 -0.368721
-0.319030 -0.368721 -0.319030 -0.368721
-0.312003 -0.368721 -0.312003 -0.368721
-0.304977 -0.368721 -0.304977 -0.368721
-0.297950 -0.368721 -0.297950 -0.368721
-0.290924 -0.368721 -0.290924 -0.368721
-0.283897 -0.368721 -0.283897 -0.368721
-0.276871 -0.368721 -0.276871 -0.368721
-0.269844 -0.368721 -0.269844 -0.368721
-0.262818 -0.368721 -0.262818 -0.368721
-0.255791 -0.368721 -0.255791 -0.368721
-0.248765 -0.368721 -0.248765 -0.368721
-0.241738 -0.368721 -0.241738 -0.368721
-0.234712 -0.368721 -0.234712 -0.368721
-0.227685 -0.368721 -0.227685 -0.368721
-0.220659 -0.368721 -0.220659 -0.368721
-0.213632 -0.368721 -0.213632 -0.368721
-0.206606 -0.368721 -0.206606 -0.368721
-0.199579 -0.368721 -0.199579 -0.368721
-0.192553 -0.368721 -0.192553 -0.368721
-0.185526 -0.368721 -0.185526 -0.368721
-0.178499 -0.368721 -0.178499 -0.368721
-0.171473 -0.368721 -0.171473 -0.368721
-0.164446 -0.368721 -0.164446 -0.368721
-0.157420 -0.368721 -0.157420 -0.368721
-0.150393 -0.368721 -0.150393 -0.368721
-0.143367 -0.368721 -0.143367 -0.368721
-0.136340 -0.368721 -0.136340 -0.368721
-0.129314 -0.368721 -0.129314 -0.368721
-0.122287 -0.368721 -0.122287 -0.368721
-0.115261 -0.368721 -0.115261 -0.368721
-0.108234 -0.368721 -0.108234 -0.368721
-0.101208 -0.368721 -0.101208 -0.368721
-0.094181 -0.368721 -0.094181 -0.368721
-0.087155 -0.368721 -0.087155 -0.368721
-0.080128 -0.368721 -0.080128 -0.368721
-0.073102 -0.368721 -0.073102 -0.368721
-0.066075 -0.368721 -0.066075 -0.368721
-0.059049 -0.368721 -0.059049 -0.368721
-0.052022 -0.368721 -0.052022 -0.368721
-0.044996 -0.368721 -0.044996 -0.368721
-0.037969 -0.368721 -0.037969 -0.368721
-0.030942 -0.368721 -0.030942 -0.368721
-0.023916 -0.368721 -0.023916 -0.368721
-0.016889 -0.368721 -0.016889 -0.368721
-0.009863 -0.368721 -0.009863 -0.368721
-0.002836 -0.368721 -0.002836 -0.368721
0.004190 -0.368721 0.004190 -0.368721
0.011217 -0.368721 0.011217 -0.368721
0.018243 -0.368721 0.018243 -0.368721
0.025270 -0.368721 0.025270 -0.368721
0.032296 -0.368721 0.032296 -0.368721
0.039323 -0.368721 0.039323 -0.368721
0.046349 -0.368721 0.046349 -0.368721
0.053376 -0.368721 0.053376 -0.368721
0.060402 -0.368721 0.060402 -0.368721
0.067429 -0.368721 0.067429 -0.368721
0.074455 -0.368721 0.074455 -0.368721
0.081482 -0.368721 0.081482 -0.368721
0.088508 -0.368721 0.088508 -0.368721
0.095535 -0.368721 0.095535 -0.368721
0.102561 -0.368721 0.102561 -0.368721
0.109588 -0.368721 0.109588 -0.368721
0.116615 -0.368721 0.116615 -0.368721
0.123641 -0.368721 0.123641 -0.368721
0.130668 -0.368721 0.130668 -0.368721
0.137694 -0.368721 0.137694 -0.368721
0.144721 -0.368721 0.144721 -0.368721
0.151747 -0.368721 0.151747 -0.368721
0.158774 -0.368721 0.158774 -0.368721
0.165800 -0.368721 0.165800 -0.368721
0.172827 -0.368721 0.172827 -0.368721
0.179853 -0.368721 0.179853 -0.368721
0.186880 -0.368721 0.186880 -0.368721
0.193906 -0.368721 0.193906 -0.368721
0.200933 -0.368721 0.200933 -0.368721
0.207959 -0.368721 0.207959 -0.368721
0.214986 -0.368721 0.214986 -0.368721
0.222012 -0.368721 0.222012 -0.368721
0.229039 -0.368721 0.229039 -0.368721
0.236065 -0.368721 0.236065 -0.368721
0.243092 -0.368721 0.243092 -0.368721
0.250118 -0.368721 0.250118 -0.368721
0.257145 -0.368721 0.257145 -0.368721
0.264172 -0.368721 0.264172 -0.368721
0.271198 -0.368721 0.271198 -0.368721
0.278225 -0.368721 0.278225 -0.368721
0.285251 -0.368721 0.285251 -0.368721
0.292278 -0.368721 0.292278 -0.368721
0.299304 -0.368721 0.299304 -0.368721
0.306331 -0.368721 0.306331 -0.368721
0.313357 -0.368721 0.313357 -0.368721
0.320384 -0.368721 0.320384 -0.368721
0.327410 -0.368721 0.327410 -0.368721
0.334437 -0.368721 0.334437 -0.368721
0.341463 -0.368721 0.341463 -0.368721
0.348490 -0.368721 0.348490 -0.368721
0.355516 -0.368721 0.355516 -0.368721
0.362543 -0.368721 0.362543 -0.368721
0.369569 -0.368721 0.369569 -0.368721
0.376596 -0.368721 0.376596 -0.368721
0.383622 -0.368721 0.383622 -0.368721
0.390649 -0.368721 0.390649 -0.368721
0.397676 -0.368721 0.397676 -0.368721
0.404702 -0.368721 0.404702 -0.368721
0.411729 -0.368721 0.411729 -0.368721
0.418755 -0.368721 0.418755 -0.368721
0.425782 -0.368721 0.425782 -0.368721
0.432808 -0.368721 0.432808 -0.368721
0.439835 -0.368721 0.439835 -0.368721
0.446861 -0.368721 0.446861 -0.368721
0.453888 -0.368721 0.453888 -0.368721
0.460914 -0.368721 0.460914 -0.368721
0.467941 -0.368721 0.467941 -0.368721
0.474967 -0.368721 0.474967 -0.368721
0.481994 -0.368721 0.481994 -0.368721
-0.410375 -0.361420 -0.410375 -0.361420
-0.403348 -0.361420 -0.403348 -0.361420
-0.396322 -0.361420 -0.396322 -0.361420
-0.389295 -0.361420 -0.389295 -0.361420
-0.382269 -0.361420 -0.382269 -0.361420
-0.375242 -0.361420 -0.375242 -0.361420
-0.368216 -0.361420 -0.368216 -0.361420
-0.361189 -0.361420 -0.361189 -0.361420
-0.354163 -0.361420 -0.354163 -0.361420
-0.347136 -0.361420 -0.347136 -0.361420
-0.340110 -0.361420 -0.340110 -0.361420
-0.333083 -0.361420 -0.333083 -0.361420
-0.326057 -0.361420 -0.326057 -0.361420
-0.319030 -0.361420 -0.319030 -0.361420
-0.312003 -0.361420 -0.312003 -0.361420
-0.304977 -0.361420 -0.304977 -0.361420
-0.297950 -0.361420 -0.297950 -0.361420
-0.290924 -0.361420 -0.290924 -0.361420
-0.283897 -0.361420 -0.283897 -0.361420
-0.276871 -0.361420 -0.276871 -0.361420
-0.269844 -0.361420 -0.269844 -0.361420
-0.262818 -0.361420 -0.262818 -0.361420
-0.255791 -0.361420 -0.255791 -0.361420
-0.248765 -0.361420 -0.248765 -0.361420
-0.241738 -0.361420 -0.241738 -0.361420
-0.234712 -0.361420 -0.234712 -0.361420
-0.227685 -0.361420 -0.227685 -0.361420
-0.220659 -0.361420 -0.220659 -0.361420
-0.213632 -0.361420 -0.213632 -0.361420
-0.206606 -0.361420 -0.206606 -0.361420
-0.199579 -0.361420 -0.199579 -0.361420
-0.192553 -0.361420 -0.192553 -0.361420
-0.185526 -0.361420 -0.185526 -0.361420
-0.178499 -0.361420 -0.178499 -0.361420
-0.171473 -0.361420 -0.171473 -0.361420
-0.164446 -0.361420 -0.164446 -0.361420
-0.157420 -0.361420 -0.157420 -0.361420
-0.150393 -0.361420 -0.150393 -0.361420
-0.143367 -0.361420 -0.143367 -0.361420
-0.136340 -0.361420 -0.136340 -0.361420
-0.129314 -0.361420 -0.129314 -0.361420
-0.122287 -0.361420 -0.122287 -0.361420
-0.115261 -0.361420 -0.115261 -0.361420
-0.108234 -0.361420 -0.108234 -0.361420
-0.101208 -0.361420 -0.101208 -0.361420
-0.094181 -0.361420 -0.094181 -0.361420
-0.087155 -0.361420 -0.087155 -0.361420
-0.080128 -0.361420 -0.080128 -0.361420
-0.073102 -0.361420 -0.073102 -0.361420
-0.066075 -0.361420 -0.066075 -0.361420
-0.059049 -0.361420 -0.059049 -0.361420
-0.052022 -0.361420 -0.052022 -0.361420
-0.044996 -0.361420 -0.044996 -0.361420
-0.037969 -0.361420 -0.037969 -0.361420
-0.030942 -0.361420 -0.030942 -0.361420
-0.023916 -0.361420 -0.023916 -0.361420
-0.016889 -0.361420 -0.016889 -0.361420
-0.009863 -0.361420 -0.009863 -0.361420
-0.002836 -0.361420 -0.002836 -0.361420
0.004190 -0.361420 0.004190 -0.361420
0.011217 -0.361420 0.011217 -0.361420
0.018243 -0.361420 0.018243 -0.361420
0.025270 -0.361420 0.025270 -0.361420
0.032296 -0.361420 0.032296 -0.361420
0.039323 -0.361420 0.039323 -0.361420
0.046349 -0.361420 0.046349 -0.361420
0.053376 -0.361420 0.053376 -0.361420
0.060402 -0.361420 0.060402 -0.361420
0.067429 -0.361420 0.067429 -0.361420
0.074455 -0.361420 0.074455 -0.361420
0.081482 -0.361420 0.081482 -0.361420
0.088508 -0.361420 0.088508 -0.361420
0.095535 -0.361420 0.095535 -0.361420
0.102561 -0.361420 0.102561 -0.361420
0.109588 -0.361420 0.109588 -0.361420
0.116615 -0.361420 0.116615 -0.361420
0.123641 -0.361420 0.123641 -0.361420
0.130668 -0.361420 0.130668 -0.361420
0.137694 -0.361420 0.137694 -0.361420
0.144721 -0.361420 0.144721 -0.361420
0.151747 -0.361420 0.151747 -0.361420
0.158774 -0.361420 0.158774 -0.361420
0.165800 -0.361420 0.165800 -0.361420
0.172827 -0.361420 0.172827 -0.361420
0.179853 -0.361420 0.179853 -0.361420
0.186880 -0.361420 0.186880 -0.361420
0.193906 -0.361420 0.193906 -0.361420
0.200933 -0.361420 0.200933 -0.361420
0.207959 -0.361420 0.207959 -0.361420
0.214986 -0.361420 0.214986 -0.361420
0.222012 -0.361420 0.222012 -0.361420
0.229039 -0.361420 0.229039 -0.361420
0.236065 -0.361420 0.236065 -0.361420
0.243092 -0.361420 0.243092 -0.361420
0.250118 -0.361420 0.250118 -0.361420
0.257145 -0.361420 0.257145 -0.361420
0.264172 -0.361420 0.264172 -0.361420
0.271198 -0.361420 0.271198 -0.361420
0.278225 -0.361420 0.278225 -0.361420
0.285251 -0.361420 0.285251 -0.361420
0.292278 -0.361420 0.292278 -0.361420
0.299304 -0.361420 0.299304 -0.361420
0.306331 -0.361420 0.306331 -0.361420
0.313357 -0.361420 0.313357 -0.361420
0.320384 -0.361420 0.320384 -0.361420
0.327410 -0.361420 0.327410 -0.361420
0.334437 -0.361420 0.334437 -0.361420
0.341463 -0.361420 0.341463 -0.361420
0.348490 -0.361420 0.348490 -0.361420
0.355516 -0.361420 0.355516 -0.361420
0.362543 -0.361420 0.362543 -0.361420
0.369569 -0.361420 0.369569 -0.361420
0.376596 -0.361420 0.376596 -0.361420
0.383622 -0.361420 0.383622 -0.361420
0.390649 -0.361420 0.390649 -0.361420
0.397676 -0.361420 0.397676 -0.361420
0.404702 -0.361420 0.404702 -0.361420
0.411729 -0.361420 0.411729 -0.361420
0.418755 -0.361420 0.418755 -0.361420
0.425782 -0.361420 0.425782 -0.361420
0.432808 -0.361420 0.432808 -0.361420
0.439835 -0.361420 0.439835 -0.361420
0.446861 -0.361420 0.446861 -0.361420
0.453888 -0.361420 0.453888 -0.361420
0.460914 -0.361420 0.460914 -0.361420
0.467941 -0.361420 0.467941 -0.361420
0.474967 -0.361420 0.474967 -0.361420
0.481994 -0.361420 0.481994 -0.361420
-0.410375 -0.354119 -0.410375 -0.354119
-0.403348 -0.354119 -0.403348 -0.354119
-0.396322 -0.354119 -0.396322 -0.354119
-0.389295 -0.354119 -0.389295 -0.354119
-0.382269 -0.354119 -0.382269 -0.354119
-0.375242 -0.354119 -0.375242 -0.354119
-0.368216 -0.354119 -0.368216 -0.354119
-0.361189 -0.354119 -0.361189 -0.354119
-0.354163 -0.354119 -0.354163 -0.354119
-0.347136 -0.354119 -0.347136 -0.354119
-0.340110 -0.354119 -0.340110 -0.354119
-0.333083 -0.354119 -0.333083 -0.354119
-0.326057 -0.354119 -0.326057 -0.354119
-0.319030 -0.354119 -0.319030 -0.354119
-0.312003 -0.354119 -0.312003 -0.354119
-0.304977 -0.354119 -0.304977 -0.354119
-0.297950 -0.354119 -0.297950 -0.354119
-0.290924 -0.354119 -0.290924 -0.354119
-0.283897 -0.354119 -0.283897 -0.354119
-0.276871 -0.354119 -0.276871 -0.354119
-0.269844 -0.354119 -0.269844 -0.354119
-0.262818 -0.354119 -0.262818 -0.354119
-0.255791 -0.354119 -0.255791 -0.354119
-0.248765 -0.354119 -0.248765 -0.354119
-0.241738 -0.354119 -0.241738 -0.354119
-0.234712 -0.354119 -0.234712 -0.354119
-0.227685 -0.354119 -0.227685 -0.354119
-0.220659 -0.354119 -0.220659 -0.354119
-0.213632 -0.354119 -0.213632 -0.354119
-0.206606 -0.354119 -0.206606 -0.354119
-0.199579 -0.354119 -0.199579 -0.354119
-0.192553 -0.354119 -0.192553 -0.354119
-0.185526 -0.354119 -0.185526 -0.354119
-0.178499 -0.354119 -0.178499 -0.354119
-0.171473 -0.354119 -0.171473 -0.354119
-0.164446 -0.354119 -0.164446 -0.354119
-0.157420 -0.354119 -0.157420 -0.354119
-0.150393 -0.354119 -0.150393 -0.354119
-0.143367 -0.354119 -0.143367 -0.354119
-0.136340 -0.354119 -0.136340 -0.354119
-0.129314 -0.354119 -0.129314 -0.354119
-0.122287 -0.354119 -0.122287 -0.354119
-0.115261 -0.354119 -0.115261 -0.354119
-0.108234 -0.354119 -0.108234 -0.354119
-0.101208 -0.354119 -0.101208 -0.354119
-0.094181 -0.354119 -0.094181 -0.354119
-0.087155 -0.354119 -0.087155 -0.354119
-0.080128 -0.354119 -0.080128 -0.354119
-0.073102 -0.354119 -0.073102 -0.354119
-0.066075 -0.354119 -0.066075 -0.354119
-0.059049 -0.354119 -0.059049 -0.354119
-0.052022 -0.354119 -0.052022 -0.354119
-0.044996 -0.354119 -0.044996 -0.354119
-0.037969 -0.354119 -0.037969 -0.354119
-0.030942 -0.354119 -0.030942 -0.354119
-0.023916 -0.354119 -0.023916 -0.354119
-0.016889 -0.354119 -0.016889 -0.354119
-0.009863 -0.354119 -0.009863 -0.354119
-0.002836 -0.354119 -0.002836 -0.354119
0.004190 -0.354119 0.004190 -0.354119
0.011217 -0.354119 0.011217 -0.354119
0.018243 -0.354119 0.018243 -0.354119
0.025270 -0.354119 0.025270 -0.354119
0.032296 -0.354119 0.032296 -0.354119
0.039323 -0.354119 0.039323 -0.354119
0.046349 -0.354119 0.046349 -0.354119
0.053376 -0.354119 0.053376 -0.354119
0.060402 -0.354119 0.060402 -0.354119
0.067429 -0.354119 0.067429 -0.354119
0.074455 -0.354119 0.074455 -0.354119
0.081482 -0.354119 0.081482 -0.354119
0.088508 -0.354119 0.088508 -0.354119
0.095535 -0.354119 0.095535 -0.354119
0.102561 -0.354119 0.102561 -0.354119
0.109588 -0.354119 0.109588 -0.354119
0.116615 -0.354119 0.116615 -0.354119
0.123641 -0.354119 0.123641 -0.354119
0.130668 -0.354119 0.130668 -0.354119
0.137694 -0.354119 0.137694 -0.354119
0.144721 -0.354119 0.144721 -0.354119
0.151747 -0.354119 0.151747 -0.354119
0.158774 -0.354119 0.158774 -0.354119
0.165800 -0.354119 0.165800 -0.354119
0.172827 -0.354119 0.172827 -0.354119
0.179853 -0.354119 0.179853 -0.354119
0.186880 -0.354119 0.186880 -0.354119
0.193906 -0.354119 0.193906 -0.354119
0.200933 -0.354119 0.200933 -0.354119
0.207959 -0.354119 0.207959 -0.354119
0.214986 -0.354119 0.214986 -0.354119
0.222012 -0.354119 0.222012 -0.354119
0.229039 -0.354119 0.229039 -0.354119
0.236065 -0.354119 0.236065 -0.354119
0.243092 -0.354119 0.243092 -0.354119
0.250118 -0.354119 0.250118 -0.354119
0.257145 -0.354119 0.257145 -0.354119
0.264172 -0.354119 0.264172 -0.354119
0.271198 -0.354119 0.271198 -0.354119
0.278225 -0.354119 0.278225 -0.354119
0.285251 -0.354119 0.285251 -0.354119
0.292278 -0.354119 0.292278 -0.354119
0.299304 -0.354119 0.299304 -0.354119
0.306331 -0.354119 0.306331 -0.354119
0.313357 -0.354119 0.313357 -0.354119
0.320384 -0.354119 0.320384 -0.354119
0.327410 -0.354119 0.327410 -0.354119
0.334437 -0.354119 0.334437 -0.354119
0.341463 -0.354119 0.341463 -0.354119
0.348490 -0.354119 0.348490 -0.354119
0.355516 -0.354119 0.355516 -0.354119
0.362543 -0.354119 0.362543 -0.354119
0.369569 -0.354119 0.369569 -0.354119
0.376596 -0.354119 0.376596 -0.354119
0.383622 -0.354119 0.383622 -0.354119
0.390649 -0.354119 0.390649 -0.354119
0.397676 -0.354119 0.397676 -0.354119
0.404702 -0.354119 0.404702 -0.354119
0.411729 -0.354119 0.411729 -0.354119
0.418755 -0.354119 0.418755 -0.354119
0.425782 -0.354119 0.425782 -0.354119
0.432808 -0.354119 0.432808 -0.354119
0.439835 -0.354119 0.439835 -0.354119
0.446861 -0.354119 0.446861 -0.354119
0.453888 -0.354119 0.453888 -0.354119
0.460914 -0.354119 0.460914 -0.354119
0.467941 -0.354119 0.467941 -0.354119
0.474967 -0.354119 0.474967 -0.354119
0.481994 -0.354119 0.481994 -0.354119
-0.410375 -0.346817 -0.410375 -0.346817
-0.403348 -0.346817 -0.403348 -0.346817
-0.396322 -0.346817 -0.396322 -0.346817
-0.389295 -0.346817 -0.389295 -0.346817
-0.382269 -0.346817 -0.382269 -0.346817
-0.375242 -0.346817 -0.375242 -0.346817
-0.368216 -0.346817 -0.368216 -0.346817
-0.361189 -0.346817 -0.361189 -0.346817
-0.354163 -0.346817 -0.354163 -0.346817
-0.347136 -0.346817 -0.347136 -0.346817
-0.340110 -0.346817 -0.340110 -0.346817
-0.333083 -0.346817 -0.333083 -0.346817
-0.326057 -0.346817 -0.326057 -0.346817
-0.319030 -0.346817 -0.319030 -0.346817
-0.312003 -0.346817 -0.312003 -0.346817
-0.304977 -0.346817 -0.304977 -0.346817
-0.297950 -0.346817 -0.297950 -0.346817
-0.290924 -0.346817 -0.290924 -0.346817
-0.283897 -0.346817 -0.283897 -0.346817
-0.276871 -0.346817 -0.276871 -0.346817
-0.269844 -0.346817 -0.269844 -0.346817
-0.262818 -0.346817 -0.262818 -0.346817
-0.255791 -0.346817 -0.255791 -0.346817
-0.248765 -0.346817 -0.248765 -0.346817
-0.241738 -0.346817 -0.241738 -0.346817
-0.234712 -0.346817 -0.234712 -0.346817
-0.227685 -0.346817 -0.227685 -0.346817
-0.220659 -0.346817 -0.220659 -0.346817
-0.213632 -0.346817 -0.213632 -0.346817
-0.206606 -0.346817 -0.206606 -0.346817
-0.199579 -0.346817 -0.199579 -0.346817
-0.192553 -0.346817 -0.192553 -0.346817
-0.185526 -0.346817 -0.185526 -0.346817
-0.178499 -0.346817 -0.178499 -0.346817
-0.171473 -0.346817 -0.171473 -0.346817
-0.164446 -0.346817 -0.164446 -0.346817
-0.157420 -0.346817 -0.157420 -0.346817
-0.150393 -0.346817 -0.150393 -0.346817
-0.143367 -0.346817 -0.143367 -0.346817
-0.136340 -0.346817 -0.136340 -0.346817
-0.129314 -0.346817 -0.129314 -0.346817
-0.122287 -0.346817 -0.122287 -0.346817
-0.115261 -0.346817 -0.115261 -0.346817
-0.108234 -0.346817 -0.108234 -0.346817
-0.101208 -0.346817 -0.101208 -0.346817
-0.094181 -0.346817 -0.094181 -0.346817
-0.087155 -0.346817 -0.087155 -0.346817
-0.080128 -0.346817 -0.080128 -0.346817
-0.073102 -0.346817 -0.073102 -0.346817
-0.066075 -0.346817 -0.066075 -0.346817
-0.059049 -0.346817 -0.059049 -0.346817
-0.052022 -0.346817 -0.052022 -0.346817
-0.044996 -0.346817 -0.044996 -0.346817
-0.037969 -0.346817 -0.037969 -0.346817
-0.030942 -0.346817 -0.030942 -0.346817
-0.023916 -0.346817 -0.023916 -0.346817
-0.016889 -0.346817 -0.016889 -0.346817
-0.009863 -0.346817 -0.009863 -0.346817
-0.002836 -0.346817 -0.002836 -0.346817
0.004190 -0.346817 0.004190 -0.346817
0.011217 -0.346817 0.011217 -0.346817
0.018243 -0.346817 0.018243 -0.346817
0.025270 -0.346817 0.025270 -0.346817
0.032296 -0.346817 0.032296 -0.346817
0.039323 -0.346817 0.039323 -0.346817
0.046349 -0.346817 0.046349 -0.346817
0.053376 -0.346817 0.053376 -0.346817
0.060402 -0.346817 0.060402 -0.346817
0.067429 -0.346817 0.067429 -0.346817
0.074455 -0.346817 0.074455 -0.346817
0.081482 -0.346817 0.081482 -0.346817
0.088508 -0.346817 0.088508 -0.346817
0.095535 -0.346817 0.095535 -0.346817
0.102561 -0.346817 0.102561 -0.346817
0.109588 -0.346817 0.128737 -0.405753
0.116615 -0.346817 0.116615 -0.346817
0.123641 -0.346817 0.123641 -0.346817
0.130668 -0.346817 0.130668 -0.346817
0.137694 -0.346817 0.137694 -0.346817
0.144721 -0.346817 0.144721 -0.346817
0.151747 -0.346817 0.151747 -0.346817
0.158774 -0.346817 0.158774 -0.346817
0.165800 -0.346817 0.165800 -0.346817
0.172827 -0.346817 0.172827 -0.346817
0.179853 -0.346817 0.179853 -0.346817
0.186880 -0.346817 0.186880 -0.346817
0.193906 -0.346817 0.193906 -0.346817
0.200933 -0.346817 0.200933 -0.346817
0.207959 -0.346817 0.207959 -0.346817
0.214986 -0.346817 0.214986 -0.346817
0.222012 -0.346817 0.222012 -0.346817
0.229039 -0.346817 0.229039 -0.346817
0.236065 -0.346817 0.236065 -0.346817
0.243092 -0.346817 0.243092 -0.346817
0.250118 -0.346817 0.250118 -0.346817
0.257145 -0.346817 0.257145 -0.346817
0.264172 -0.346817 0.264172 -0.346817
0.271198 -0.346817 0.271198 -0.346817
0.278225 -0.346817 0.278225 -0.346817
0.285251 -0.346817 0.285251 -0.346817
0.292278 -0.346817 0.292278 -0.346817
0.299304 -0.346817 0.299304 -0.346817
0.306331 -0.346817 0.306331 -0.346817
0.313357 -0.346817 0.313357 -0.346817
0.320384 -0.346817 0.320384 -0.346817
0.327410 -0.346817 0.327410 -0.346817
0.334437 -0.346817 0.334437 -0.346817
0.341463 -0.346817 0.341463 -0.346817
0.348490 -0.346817 0.348490 -0.346817
0.355516 -0.346817 0.355516 -0.346817
0.362543 -0.346817 0.362543 -0.346817
0.369569 -0.346817 0.369569 -0.346817
0.376596 -0.346817 0.376596 -0.346817
0.383622 -0.346817 0.383622 -0.346817
0.390649 -0.346817 0.390649 -0.346817
0.397676 -0.346817 0.397676 -0.346817
0.404702 -0.346817 0.404702 -0.346817
0.411729 -0.346817 0.411729 -0.346817
0.418755 -0.346817 0.418755 -0.346817
0.425782 -0.346817 0.425782 -0.346817
0.432808 -0.346817 0.432808 -0.346817
0.439835 -0.346817 0.439835 -0.346817
0.446861 -0.346817 0.446861 -0.346817
0.453888 -0.346817 0.453888 -0.346817
0.460914 -0.346817 0.460914 -0.346817
0.467941 -0.346817 0.467941 -0.346817
0.474967 -0.346817 0.474967 -0.346817
0.481994 -0.346817 0.481994 -0.346817
-0.410375 -0.339516 -0.410375 -0.339516
-0.403348 -0.339516 -0.403348 -0.339516
-0.396322 -0.339516 -0.396322 -0.339516
-0.389295 -0.339516 -0.389295 -0.339516
-0.382269 -0.339516 -0.382269 -0.339516
-0.375242 -0.339516 -0.375242 -0.339516
-0.368216 -0.339516 -0.368216 -0.339516
-0.361189 -0.339516 -0.361189 -0.339516
-0.354163 -0.339516 -0.354163 -0.339516
-0.347136 -0.339516 -0.347136 -0.339516
-0.340110 -0.339516 -0.340110 -0.339516
-0.333083 -0.339516 -0.333083 -0.339516
-0.326057 -0.339516 -0.326057 -0.339516
-0.319030 -0.339516 -0.319030 -0.339516
-0.312003 -0.339516 -0.312003 -0.339516
-0.304977 -0.339516 -0.304977 -0.339516
-0.297950 -0.339516 -0.297950 -0.339516
-0.290924 -0.339516 -0.290924 -0.339516
-0.283897 -0.339516 -0.283897 -0.339516
-0.276871 -0.339516 -0.276871 -0.339516
-0.269844 -0.339516 -0.269844 -0.339516
-0.262818 -0.339516 -0.262818 -0.339516
-0.255791 -0.339516 -0.255791 -0.339516
-0.248765 -0.339516 -0.248765 -0.339516
-0.241738 -0.339516 -0.241738 -0.339516
-0.234712 -0.339516 -0.234712 -0.339516
-0.227685 -0.339516 -0.227685 -0.339516
-0.220659 -0.339516 -0.220659 -0.339516
-0.213632 -0.339516 -0.213632 -0.339516
-0.206606 -0.339516 -0.206606 -0.339516
-0.199579 -0.339516 -0.199579 -0.339516
-0.192553 -0.339516 -0.192553 -0.339516
-0.185526 -0.339516 -0.185526 -0.339516
-0.178499 -0.339516 -0.178499 -0.339516
-0.171473 -0.339516 -0.171473 -0.339516
-0.164446 -0.339516 -0.164446 -0.339516
-0.157420 -0.339516 -0.157420 -0.339516
-0.150393 -0.339516 -0.150393 -0.339516
-0.143367 -0.339516 -0.143367 -0.339516
-0.136340 -0.339516 -0.136340 -0.339516
-0.129314 -0.339516 -0.129314 -0.339516
-0.122287 -0.339516 -0.122287 -0.339516
-0.115261 -0.339516 -0.115261 -0.339516
-0.108234 -0.339516 -0.108234 -0.339516
-0.101208 -0.339516 -0.101208 -0.339516
-0.094181 -0.339516 -0.094181 -0.339516
-0.087155 -0.339516 -0.087155 -0.339516
-0.080128 -0.339516 -0.080128 -0.339516
-0.073102 -0.339516 -0.073102 -0.339516
-0.066075 -0.339516 -0.066075 -0.339516
-0.059049 -0.339516 -0.059049 -0.339516
-0.052022 -0.339516 -0.052022 -0.339516
-0.044996 -0.339516 -0.044996 -0.339516
-0.037969 -0.339516 -0.037969 -0.339516
-0.030942 -0.339516 -0.030942 -0.339516
-0.023916 -0.339516 -0.023916 -0.339516
-0.016889 -0.339516 -0.016889 -0.339516
-0.009863 -0.339516 -0.009863 -0.339516
-0.002836 -0.339516 -0.002836 -0.339516
0.004190 -0.339516 0.004190 -0.339516
0.011217 -0.339516 0.011217 -0.339516
0.018243 -0.339516 0.018243 -0.339516
0.025270 -0.339516 0.025270 -0.339516
0.032296 -0.339516 0.032296 -0.339516
0.039323 -0.339516 0.039323 -0.339516
0.046349 -0.339516 0.046349 -0.339516
0.053376 -0.339516 0.053376 -0.339516
0.060402 -0.339516 0.060402 -0.339516
0.067429 -0.339516 0.067429 -0.339516
0.074455 -0.339516 0.074455 -0.339516
0.081482 -0.339516 0.081482 -0.339516
0.088508 -0.339516 0.088508 -0.339516
0.095535 -0.339516 0.095535 -0.339516
0.102561 -0.339516 0.102561 -0.339516
0.109588 -0.339516 0.128726 -0.398416
0.116615 -0.339516 0.116615 -0.339516
0.123641 -0.339516 0.123641 -0.339516
0.130668 -0.339516 0.130668 -0.339516
0.137694 -0.339516 0.137694 -0.339516
0.144721 -0.339516 0.144721 -0.339516
0.151747 -0.339516 0.151747 -0.339516
0.158774 -0.339516 0.158774 -0.339516
0.165800 -0.339516 0.165800 -0.339516
0.172827 -0.339516 0.172827 -0.339516
0.179853 -0.339516 0.179853 -0.339516
0.186880 -0.339516 0.186880 -0.339516
0.193906 -0.339516 0.193906 -0.339516
0.200933 -0.339516 0.200933 -0.339516
0.207959 -0.339516 0.207959 -0.339516
0.214986 -0.339516 0.214986 -0.339516
0.222012 -0.339516 0.222012 -0.339516
0.229039 -0.339516 0.229039 -0.339516
0.236065 -0.339516 0.236065 -0.339516
0.243092 -0.339516 0.243092 -0.339516
0.250118 -0.339516 0.250118 -0.339516
0.257145 -0.339516 0.257145 -0.339516
0.264172 -0.339516 0.264172 -0.339516
0.271198 -0.339516 0.271198 -0.339516
0.278225 -0.339516 0.278225 -0.339516
0.285251 -0.339516 0.285251 -0.339516
0.292278 -0.339516 0.292278 -0.339516
0.299304 -0.339516 0.299304 -0.339516
0.306331 -0.339516 0.306331 -0.339516
0.313357 -0.339516 0.313357 -0.339516
0.320384 -0.339516 0.320384 -0.339516
0.327410 -0.339516 0.327410 -0.339516
0.334437 -0.339516 0.334437 -0.339516
0.341463 -0.339516 0.341463 -0.339516
0.348490 -0.339516 0.348490 -0.339516
0.355516 -0.339516 0.355516 -0.339516
0.362543 -0.339516 0.362543 -0.339516
0.369569 -0.339516 0.369569 -0.339516
0.376596 -0.339516 0.376596 -0.339516
0.383622 -0.339516 0.383622 -0.339516
0.390649 -0.339516 0.390649 -0.339516
0.397676 -0.339516 0.397676 -0.339516
0.404702 -0.339516 0.404702 -0.339516
0.411729 -0.339516 0.411729 -0.339516
0.418755 -0.339516 0.418755 -0.339516
0.425782 -0.339516 0.425782 -0.339516
0.432808 -0.339516 0.432808 -0.339516
0.439835 -0.339516 0.439835 -0.339516
0.446861 -0.339516 0.446861 -0.339516
0.453888 -0.339516 0.453888 -0.339516
0.460914 -0.339516 0.460914 -0.339516
0.467941 -0.339516 0.467941 -0.339516
0.474967 -0.339516 0.474967 -0.339516
0.481994 -0.339516 0.481994 -0.339516
-0.410375 -0.332214 -0.410375 -0.332214
-0.403348 -0.332214 -0.403348 -0.332214
-0.396322 -0.332214 -0.396322 -0.332214
-0.389295 -0.332214 -0.389295 -0.332214
-0.382269 -0.332214 -0.382269 -0.332214
-0.375242 -0.332214 -0.375242 -0.332214
-0.368216 -0.332214 -0.368216 -0.332214
-0.361189 -0.332214 -0.361189 -0.332214
-0.354163 -0.332214 -0.354163 -0.332214
-0.347136 -0.332214 -0.347136 -0.332214
-0.340110 -0.332214 -0.340110 -0.332214
-0.333083 -0.332214 -0.333083 -0.332214
-0.326057 -0.332214 -0.326057 -0.332214
-0.319030 -0.332214 -0.319030 -0.332214
-0.312003 -0.332214 -0.312003 -0.332214
-0.304977 -0.332214 -0.304977 -0.332214
-0.297950 -0.332214 -0.297950 -0.332214
-0.290924 -0.332214 -0.290924 -0.332214
-0.283897 -0.332214 -0.283897 -0.332214
-0.276871 -0.332214 -0.276871 -0.332214
-0.269844 -0.332214 -0.269844 -0.332214
-0.262818 -0.332214 -0.262818 -0.332214
-0.255791 -0.332214 -0.255791 -0.332214
-0.248765 -0.332214 -0.248765 -0.332214
-0.241738 -0.332214 -0.241738 -0.332214
-0.234712 -0.332214 -0.234712 -0.332214
-0.227685 -0.332214 -0.227685 -0.332214
-0.220659 -0.332214 -0.220659 -0.332214
-0.213632 -0.332214 -0.213632 -0.332214
-0.206606 -0.332214 -0.206606 -0.332214
-0.199579 -0.332214 -0.199579 -0.332214
-0.192553 -0.332214 -0.192553 -0.332214
-0.185526 -0.332214 -0.185526 -0.332214
-0.178499 -0.332214 -0.178499 -0.332214
-0.171473 -0.332214 -0.171473 -0.332214
-0.164446 -0.332214 -0.164446 -0.332214
-0.157420 -0.332214 -0.157420 -0.332214
-0.150393 -0.332214 -0.150393 -0.332214
-0.143367 -0.332214 -0.143367 -0.332214
-0.136340 -0.332214 -0.136340 -0.332214
-0.129314 -0.332214 -0.129314 -0.332214
-0.122287 -0.332214 -0.122287 -0.332214
-0.115261 -0.332214 -0.115261 -0.332214
-0.108234 -0.332214 -0.108234 -0.332214
-0.101208 -0.332214 -0.101208 -0.332214
-0.094181 -0.332214 -0.094181 -0.332214
-0.087155 -0.332214 -0.087155 -0.332214
-0.080128 -0.332214 -0.080128 -0.332214
-0.073102 -0.332214 -0.073102 -0.332214
-0.066075 -0.332214 -0.066075 -0.332214
-0.059049 -0.332214 -0.059049 -0.332214
-0.052022 -0.332214 -0.052022 -0.332214
-0.044996 -0.332214 -0.044996 -0.332214
-0.037969 -0.332214 -0.037969 -0.332214
-0.030942 -0.332214 -0.030942 -0.332214
-0.023916 -0.332214 -0.023916 -0.332214
-0.016889 -0.332214 -0.016889 -0.332214
-0.009863 -0.332214 -0.009863 -0.332214
-0.002836 -0.332214 -0.002836 -0.332214
0.004190 -0.332214 0.004190 -0.332214
0.011217 -0.332214 0.011217 -0.332214
0.018243 -0.332214 0.018243 -0.332214
0.025270 -0.332214 0.025270 -0.332214
0.032296 -0.332214 0.032296 -0.332214
0.039323 -0.332214 0.039323 -0.332214
0.046349 -0.332214 0.046349 -0.332214
0.053376 -0.332214 0.053376 -0.332214
0.060402 -0.332214 0.060402 -0.332214
0.067429 -0.332214 0.067429 -0.332214
0.074455 -0.332214 0.074455 -0.332214
0.081482 -0.332214 0.081482 -0.332214
0.088508 -0.332214 0.088508 -0.332214
0.095535 -0.332214 0.095535 -0.332214
0.102561 -0.332214 0.121684 -0.391069
0.109588 -0.332214 0.128715 -0.391079
0.116615 -0.332214 0.116615 -0.332214
0.123641 -0.332214 0.123641 -0.332214
0.130668 -0.332214 0.130668 -0.332214
0.137694 -0.332214 0.137694 -0.332214
0.144721 -0.332214 0.144721 -0.332214
0.151747 -0.332214 0.151747 -0.332214
0.158774 -0.332214 0.158774 -0.332214
0.165800 -0.332214 0.165800 -0.332214
0.172827 -0.332214 0.172827 -0.332214
0.179853 -0.332214 0.179853 -0.332214
0.186880 -0.332214 0.186880 -0.332214
0.193906 -0.332214 0.193906 -0.332214
0.200933 -0.332214 0.200933 -0.332214
0.207959 -0.332214 0.207959 -0.332214
0.214986 -0.332214 0.214986 -0.332214
0.222012 -0.332214 0.222012 -0.332214
0.229039 -0.332214 0.229039 -0.332214
0.236065 -0.332214 0.236065 -0.332214
0.243092 -0.332214 0.243092 -0.332214
0.250118 -0.332214 0.250118 -0.332214
0.257145 -0.332214 0.257145 -0.332214
0.264172 -0.332214 0.264172 -0.332214
0.271198 -0.332214 0.271198 -0.332214
0.278225 -0.332214 0.278225 -0.332214
0.285251 -0.332214 0.285251 -0.332214
0.292278 -0.332214 0.292278 -0.332214
0.299304 -0.332214 0.299304 -0.332214
0.306331 -0.332214 0.306331 -0.332214
0.313357 -0.332214 0.313357 -0.332214
0.320384 -0.332214 0.320384 -0.332214
0.327410 -0.332214 0.327410 -0.332214
0.334437 -0.332214 0.334437 -0.332214
0.341463 -0.332214 0.341463 -0.332214
0.348490 -0.332214 0.348490 -0.332214
0.355516 -0.332214 0.355516 -0.332214
0.362543 -0.332214 0.362543 -0.332214
0.369569 -0.332214 0.369569 -0.332214
0.376596 -0.332214 0.376596 -0.332214
0.383622 -0.332214 0.383622 -0.332214
0.390649 -0.332214 0.390649 -0.332214
0.397676 -0.332214 0.397676 -0.332214
0.404702 -0.332214 0.404702 -0.332214
0.411729 -0.332214 0.411729 -0.332214
0.418755 -0.332214 0.418755 -0.332214
0.425782 -0.332214 0.425782 -0.332214
0.432808 -0.332214 0.432808 -0.332214
0.439835 -0.332214 0.439835 -0.332214
0.446861 -0.332214 0.446861 -0.332214
0.453888 -0.332214 0.453888 -0.332214
0.460914 -0.332214 0.460914 -0.332214
0.467941 -0.332214 0.467941 -0.332214
0.474967 -0.332214 0.474967 -0.332214
0.481994 -0.332214 0.481994 -0.332214
-0.410375 -0.324913 -0.410375 -0.324913
-0.403348 -0.324913 -0.403348 -0.324913
-0.396322 -0.324913 -0.396322 -0.324913
-0.389295 -0.324913 -0.389295 -0.324913
-0.382269 -0.324913 -0.382269 -0.324913
-0.375242 -0.324913 -0.375242 -0.324913
-0.368216 -0.324913 -0.368216 -0.324913
-0.361189 -0.324913 -0.361189 -0.324913
-0.354163 -0.324913 -0.354163 -0.324913
-0.347136 -0.324913 -0.347136 -0.324913
-0.340110 -0.324913 -0.340110 -0.324913
-0.333083 -0.324913 -0.333083 -0.324913
-0.326057 -0.324913 -0.326057 -0.324913
-0.319030 -0.324913 -0.319030 -0.324913
-0.312003 -0.324913 -0.312003 -0.324913
-0.304977 -0.324913 -0.304977 -0.324913
-0.297950 -0.324913 -0.297950 -0.324913
-0.290924 -0.324913 -0.290924 -0.324913
-0.283897 -0.324913 -0.283897 -0.324913
-0.276871 -0.324913 -0.276871 -0.324913
-0.269844 -0.324913 -0.269844 -0.324913
-0.262818 -0.324913 -0.262818 -0.324913
-0.255791 -0.324913 -0.255791 -0.324913
-0.248765 -0.324913 -0.248765 -0.324913
-0.241738 -0.324913 -0.241738 -0.324913
-0.234712 -0.324913 -0.234712 -0.324913
-0.227685 -0.324913 -0.227685 -0.324913
-0.220659 -0.324913 -0.220659 -0.324913
-0.213632 -0.324913 -0.213632 -0.324913
-0.206606 -0.324913 -0.206606 -0.324913
-0.199579 -0.324913 -0.199579 -0.324913
-0.192553 -0.324913 -0.192553 -0.324913
-0.185526 -0.324913 -0.185526 -0.324913
-0.178499 -0.324913 -0.178499 -0.324913
-0.171473 -0.324913 -0.171473 -0.324913
-0.164446 -0.324913 -0.164446 -0.324913
-0.157420 -0.324913 -0.157420 -0.324913
-0.150393 -0.324913 -0.150393 -0.324913
-0.143367 -0.324913 -0.143367 -0.324913
-0.136340 -0.324913 -0.136340 -0.324913
-0.129314 -0.324913 -0.129314 -0.324913
-0.122287 -0.324913 -0.122287 -0.324913
-0.115261 -0.324913 -0.115261 -0.324913
-0.108234 -0.324913 -0.108234 -0.324913
-0.101208 -0.324913 -0.101208 -0.324913
-0.094181 -0.324913 -0.094181 -0.324913
-0.087155 -0.324913 -0.087155 -0.324913
-0.080128 -0.324913 -0.080128 -0.324913
-0.073102 -0.324913 -0.073102 -0.324913
-0.066075 -0.324913 -0.066075 -0.324913
-0.059049 -0.324913 -0.059049 -0.324913
-0.052022 -0.324913 -0.052022 -0.324913
-0.044996 -0.324913 -0.044996 -0.324913
-0.037969 -0.324913 -0.037969 -0.324913
-0.030942 -0.324913 -0.030942 -0.324913
-0.023916 -0.324913 -0.023916 -0.324913
-0.016889 -0.324913 -0.016889 -0.324913
-0.009863 -0.324913 -0.009863 -0.324913
-0.002836 -0.324913 -0.002836 -0.324913
0.004190 -0.324913 0.004190 -0.324913
0.011217 -0.324913 0.011217 -0.324913
0.018243 -0.324913 0.018243 -0.324913
0.025270 -0.324913 0.025270 -0.324913
0.032296 -0.324913 0.032296 -0.324913
0.039323 -0.324913 0.039323 -0.324913
0.046349 -0.324913 0.046349 -0.324913
0.053376 -0.324913 0.053376 -0.324913
0.060402 -0.324913 0.060402 -0.324913
0.067429 -0.324913 0.067429 -0.324913
0.074455 -0.324913 0.074455 -0.324913
0.081482 -0.324913 0.081482 -0.324913
0.088508 -0.324913 0.088508 -0.324913
0.095535 -0.324913 0.114642 -0.383721
0.102561 -0.324913 0.121673 -0.383732
0.109588 -0.324913 0.128703 -0.383743
0.116615 -0.324913 0.116615 -0.324913
0.123641 -0.324913 0.123641 -0.324913
0.130668 -0.324913 0.130668 -0.324913
0.137694 -0.324913 0.137694 -0.324913
0.144721 -0.324913 0.144721 -0.324913
0.151747 -0.324913 0.151747 -0.324913
0.158774 -0.324913 0.158774 -0.324913
0.165800 -0.324913 0.165800 -0.324913
0.172827 -0.324913 0.172827 -0.324913
0.179853 -0.324913 0.179853 -0.324913
0.186880 -0.324913 0.186880 -0.324913
0.193906 -0.324913 0.193906 -0.324913
0.200933 -0.324913 0.200933 -0.324913
0.207959 -0.324913 0.207959 -0.324913
0.214986 -0.324913 0.214986 -0.324913
0.222012 -0.324913 0.222012 -0.324913
0.229039 -0.324913 0.229039 -0.324913
0.236065 -0.324913 0.236065 -0.324913
0.243092 -0.324913 0.243092 -0.324913
0.250118 -0.324913 0.250118 -0.324913
0.257145 -0.324913 0.257145 -0.324913
0.264172 -0.324913 0.264172 -0.324913
0.271198 -0.324913 0.271198 -0.324913
0.278225 -0.324913 0.278225 -0.324913
0.285251 -0.324913 0.285251 -0.324913
0.292278 -0.324913 0.292278 -0.324913
0.299304 -0.324913 0.299304 -0.324913
0.306331 -0.324913 0.306331 -0.324913
0.313357 -0.324913 0.313357 -0.324913
0.320384 -0.324913 0.320384 -0.324913
0.327410 -0.324913 0.327410 -0.324913
0.334437 -0.324913 0.334437 -0.324913
0.341463 -0.324913 0.341463 -0.324913
0.348490 -0.324913 0.348490 -0.324913
0.355516 -0.324913 0.355516 -0.324913
0.362543 -0.324913 0.362543 -0.324913
0.369569 -0.324913 0.369569 -0.324913
0.376596 -0.324913 0.376596 -0.324913
0.383622 -0.324913 0.383622 -0.324913
0.390649 -0.324913 0.390649 -0.324913
0.397676 -0.324913 0.397676 -0.324913
0.404702 -0.324913 0.404702 -0.324913
0.411729 -0.324913 0.411729 -0.324913
0.418755 -0.324913 0.418755 -0.324913
0.425782 -0.324913 0.425782 -0.324913
0.432808 -0.324913 0.432808 -0.324913
0.439835 -0.324913 0.439835 -0.324913
0.446861 -0.324913 0.446861 -0.324913
0.453888 -0.324913 0.453888 -0.324913
0.460914 -0.324913 0.460914 -0.324913
0.467941 -0.324913 0.467941 -0.324913
0.474967 -0.324913 0.474967 -0.324913
0.481994 -0.324913 0.481994 -0.324913
-0.410375 -0.317612 -0.410375 -0.317612
-0.403348 -0.317612 -0.403348 -0.317612
-0.396322 -0.317612 -0.396322 -0.317612
-0.389295 -0.317612 -0.389295 -0.317612
-0.382269 -0.317612 -0.382269 -0.317612
-0.375242 -0.317612 -0.375242 -0.317612
-0.368216 -0.317612 -0.368216 -0.317612
-0.361189 -0.317612 -0.361189 -0.317612
-0.354163 -0.317612 -0.354163 -0.317612
-0.347136 -0.317612 -0.347136 -0.317612
-0.340110 -0.317612 -0.340110 -0.317612
-0.333083 -0.317612 -0.333083 -0.317612
-0.326057 -0.317612 -0.326057 -0.317612
-0.319030 -0.317612 -0.319030 -0.317612
-0.312003 -0.317612 -0.312003 -0.317612
-0.304977 -0.317612 -0.304977 -0.317612
-0.297950 -0.317612 -0.297950 -0.317612
-0.290924 -0.317612 -0.290924 -0.317612
-0.283897 -0.317612 -0.283897 -0.317612
-0.276871 -0.317612 -0.276871 -0.317612
-0.269844 -0.317612 -0.269844 -0.317612
-0.262818 -0.317612 -0.262818 -0.317612
-0.255791 -0.317612 -0.255791 -0.317612
-0.248765 -0.317612 -0.248765 -0.317612
-0.241738 -0.317612 -0.241738 -0.317612
-0.234712 -0.317612 -0.234712 -0.317612
-0.227685 -0.317612 -0.227685 -0.317612
-0.220659 -0.317612 -0.220659 -0.317612
-0.213632 -0.317612 -0.213632 -0.317612
-0.206606 -0.317612 -0.206606 -0.317612
-0.199579 -0.317612 -0.199579 -0.317612
-0.192553 -0.317612 -0.192553 -0.317612
-0.185526 -0.317612 -0.185526 -0.317612
-0.178499 -0.317612 -0.178499 -0.317612
-0.171473 -0.317612 -0.171473 -0.317612
-0.164446 -0.317612 -0.164446 -0.317612
-0.157420 -0.317612 -0.157420 -0.317612
-0.150393 -0.317612 -0.150393 -0.317612
-0.143367 -0.317612 -0.143367 -0.317612
-0.136340 -0.317612 -0.136340 -0.317612
-0.129314 -0.317612 -0.129314 -0.317612
-0.122287 -0.317612 -0.122287 -0.317612
-0.115261 -0.317612 -0.115261 -0.317612
-0.108234 -0.317612 -0.108234 -0.317612
-0.101208 -0.317612 -0.101208 -0.317612
-0.094181 -0.317612 -0.094181 -0.317612
-0.087155 -0.317612 -0.087155 -0.317612
-0.080128 -0.317612 -0.080128 -0.317612
-0.073102 -0.317612 -0.073102 -0.317612
-0.066075 -0.317612 -0.066075 -0.317612
-0.059049 -0.317612 -0.059049 -0.317612
-0.052022 -0.317612 -0.052022 -0.317612
-0.044996 -0.317612 -0.044996 -0.317612
-0.037969 -0.317612 -0.037969 -0.317612
-0.030942 -0.317612 -0.030942 -0.317612
-0.023916 -0.317612 -0.023916 -0.317612
-0.016889 -0.317612 -0.016889 -0.317612
-0.009863 -0.317612 -0.009863 -0.317612
-0.002836 -0.317612 -0.002836 -0.317612
0.004190 -0.317612 0.004190 -0.317612
0.011217 -0.317612 0.011217 -0.317612
0.018243 -0.317612 0.018243 -0.317612
0.025270 -0.317612 0.025270 -0.317612
0.032296 -0.317612 0.032296 -0.317612
0.039323 -0.317612 0.039323 -0.317612
0.046349 -0.317612 0.046349 -0.317612
0.053376 -0.317612 0.053376 -0.317612
0.060402 -0.317612 0.060402 -0.317612
0.067429 -0.317612 0.067429 -0.317612
0.074455 -0.317612 0.074455 -0.317612
0.081482 -0.317612 0.081482 -0.317612
0.088508 -0.317612 0.088508 -0.317612
0.095535 -0.317612 0.114631 -0.376384
0.102561 -0.317612 0.121661 -0.376395
0.109588 -0.317612 0.128692 -0.376406
0.116615 -0.317612 0.116615 -0.317612
0.123641 -0.317612 0.123641 -0.317612
0.130668 -0.317612 0.130668 -0.317612
0.137694 -0.317612 0.137694 -0.317612
0.144721 -0.317612 0.144721 -0.317612
0.151747 -0.317612 0.151747 -0.317612
0.158774 -0.317612 0.158774 -0.317612
0.165800 -0.317612 0.165800 -0.317612
0.172827 -0.317612 0.172827 -0.317612
0.179853 -0.317612 0.179853 -0.317612
0.186880 -0.317612 0.186880 -0.317612
0.193906 -0.317612 0.193906 -0.317612
0.200933 -0.317612 0.200933 -0.317612
0.207959 -0.317612 0.207959 -0.317612
0.214986 -0.317612 0.214986 -0.317612
0.222012 -0.317612 0.222012 -0.317612
0.229039 -0.317612 0.229039 -0.317612
0.236065 -0.317612 0.236065 -0.317612
0.243092 -0.317612 0.243092 -0.317612
0.250118 -0.317612 0.250118 -0.317612
0.257145 -0.317612 0.257145 -0.317612
0.264172 -0.317612 0.264172 -0.317612
0.271198 -0.317612 0.271198 -0.317612
0.278225 -0.317612 0.278225 -0.317612
0.285251 -0.317612 0.285251 -0.317612
0.292278 -0.317612 0.292278 -0.317612
0.299304 -0.317612 0.299304 -0.317612
0.306331 -0.317612 0.306331 -0.317612
0.313357 -0.317612 0.313357 -0.317612
0.320384 -0.317612 0.320384 -0.317612
0.327410 -0.317612 0.327410 -0.317612
0.334437 -0.317612 0.334437 -0.317612
0.341463 -0.317612 0.341463 -0.317612
0.348490 -0.317612 0.348490 -0.317612
0.355516 -0.317612 0.355516 -0.317612
0.362543 -0.317612 0.362543 -0.317612
0.369569 -0.317612 0.369569 -0.317612
0.376596 -0.317612 0.376596 -0.317612
0.383622 -0.317612 0.383622 -0.317612
0.390649 -0.317612 0.390649 -0.317612
0.397676 -0.317612 0.397676 -0.317612
0.404702 -0.317612 0.404702 -0.317612
0.411729 -0.317612 0.411729 -0.317612
0.418755 -0.317612 0.418755 -0.317612
0.425782 -0.317612 0.425782 -0.317612
0.432808 -0.317612 0.432808 -0.317612
0.439835 -0.317612 0.439835 -0.317612
0.446861 -0.317612 0.446861 -0.317612
0.453888 -0.317612 0.453888 -0.317612
0.460914 -0.317612 0.460914 -0.317612
0.467941 -0.317612 0.467941 -0.317612
0.474967 -0.317612 0.474967 -0.317612
0.481994 -0.317612 0.481994 -0.317612
-0.410375 -0.310310 -0.410375 -0.310310
-0.403348 -0.310310 -0.403348 -0.310310
-0.396322 -0.310310 -0.396322 -0.310310
-0.389295 -0.310310 -0.389295 -0.310310
-0.382269 -0.310310 -0.382269 -0.310310
-0.375242 -0.310310 -0.375242 -0.310310
-0.368216 -0.310310 -0.368216 -0.310310
-0.361189 -0.310310 -0.361189 -0.310310
-0.354163 -0.310310 -0.354163 -0.310310
-0.347136 -0.310310 -0.347136 -0.310310
-0.340110 -0.310310 -0.340110 -0.310310
-0.333083 -0.310310 -0.333083 -0.310310
-0.326057 -0.310310 -0.326057 -0.310310
-0.319030 -0.310310 -0.319030 -0.310310
-0.312003 -0.310310 -0.312003 -0.310310
-0.304977 -0.310310 -0.304977 -0.310310
-0.297950 -0.310310 -0.297950 -0.310310
-0.290924 -0.310310 -0.290924 -0.310310
-0.283897 -0.310310 -0.283897 -0.310310
-0.276871 -0.310310 -0.276871 -0.310310
-0.269844 -0.310310 -0.269844 -0.310310
-0.262818 -0.310310 -0.262818 -0.310310
-0.255791 -0.310310 -0.255791 -0.310310
-0.248765 -0.310310 -0.248765 -0.310310
-0.241738 -0.310310 -0.241738 -0.310310
-0.234712 -0.310310 -0.234712 -0.310310
-0.227685 -0.310310 -0.227685 -0.310310
-0.220659 -0.310310 -0.220659 -0.310310
-0.213632 -0.310310 -0.213632 -0.310310
-0.206606 -0.310310 -0.206606 -0.310310
-0.199579 -0.310310 -0.199579 -0.310310
-0.192553 -0.310310 -0.192553 -0.310310
-0.185526 -0.310310 -0.185526 -0.310310
-0.178499 -0.310310 -0.178499 -0.310310
-0.171473 -0.310310 -0.171473 -0.310310
-0.164446 -0.310310 -0.164446 -0.310310
-0.157420 -0.310310 -0.157420 -0.310310
-0.150393 -0.310310 -0.150393 -0.310310
-0.143367 -0.310310 -0.143367 -0.310310
-0.136340 -0.310310 -0.136340 -0.310310
-0.129314 -0.310310 -0.129314 -0.310310
-0.122287 -0.310310 -0.122287 -0.310310
-0.115261 -0.310310 -0.115261 -0.310310
-0.108234 -0.310310 -0.108234 -0.310310
-0.101208 -0.310310 -0.101208 -0.310310
-0.094181 -0.310310 -0.094181 -0.310310
-0.087155 -0.310310 -0.087155 -0.310310
-0.080128 -0.310310 -0.080128 -0.310310
-0.073102 -0.310310 -0.073102 -0.310310
-0.066075 -0.310310 -0.066075 -0.310310
-0.059049 -0.310310 -0.059049 -0.310310
-0.052022 -0.310310 -0.052022 -0.310310
-0.044996 -0.310310 -0.044996 -0.310310
-0.037969 -0.310310 -0.037969 -0.310310
-0.030942 -0.310310 -0.030942 -0.310310
-0.023916 -0.310310 -0.023916 -0.310310
-0.016889 -0.310310 -0.016889 -0.310310
-0.009863 -0.310310 -0.009863 -0.310310
-0.002836 -0.310310 -0.002836 -0.310310
0.004190 -0.310310 0.004190 -0.310310
0.011217 -0.310310 0.011217 -0.310310
0.018243 -0.310310 0.018243 -0.310310
0.025270 -0.310310 0.025270 -0.310310
0.032296 -0.310310 0.032296 -0.310310
0.039323 -0.310310 0.039323 -0.310310
0.046349 -0.310310 0.046349 -0.310310
0.053376 -0.310310 0.053376 -0.310310
0.060402 -0.310310 0.060402 -0.310310
0.067429 -0.310310 0.067429 -0.310310
0.074455 -0.310310 0.074455 -0.310310
0.081482 -0.310310 0.081482 -0.310310
0.088508 -0.310310 0.107589 -0.369037
0.095535 -0.310310 0.114620 -0.369048
0.102561 -0.310310 0.121650 -0.369058
0.109588 -0.310310 0.128680 -0.369069
0.116615 -0.310310 0.116615 -0.310310
0.123641 -0.310310 0.123641 -0.310310
0.130668 -0.310310 0.130668 -0.310310
0.137694 -0.310310 0.137694 -0.310310
0.144721 -0.310310 0.144721 -0.310310
0.151747 -0.310310 0.151747 -0.310310
0.158774 -0.310310 0.158774 -0.310310
0.165800 -0.310310 0.165800 -0.310310
0.172827 -0.310310 0.172827 -0.310310
0.179853 -0.310310 0.179853 -0.310310
0.186880 -0.310310 0.186880 -0.310310
0.193906 -0.310310 0.193906 -0.310310
0.200933 -0.310310 0.200933 -0.310310
0.207959 -0.310310 0.207959 -0.310310
0.214986 -0.310310 0.214986 -0.310310
0.222012 -0.310310 0.222012 -0.310310
0.229039 -0.310310 0.229039 -0.310310
0.236065 -0.310310 0.236065 -0.310310
0.243092 -0.310310 0.243092 -0.310310
0.250118 -0.310310 0.250118 -0.310310
0.257145 -0.310310 0.257145 -0.310310
0.264172 -0.310310 0.264172 -0.310310
0.271198 -0.310310 0.271198 -0.310310
0.278225 -0.310310 0.278225 -0.310310
0.285251 -0.310310 0.285251 -0.310310
0.292278 -0.310310 0.292278 -0.310310
0.299304 -0.310310 0.299304 -0.310310
0.306331 -0.310310 0.306331 -0.310310
0.313357 -0.310310 0.313357 -0.310310
0.320384 -0.310310 0.320384 -0.310310
0.327410 -0.310310 0.327410 -0.310310
0.334437 -0.310310 0.334437 -0.310310
0.341463 -0.310310 0.341463 -0.310310
0.348490 -0.310310 0.348490 -0.310310
0.355516 -0.310310 0.355516 -0.310310
0.362543 -0.310310 0.362543 -0.310310
0.369569 -0.310310 0.369569 -0.310310
0.376596 -0.310310 0.376596 -0.310310
0.383622 -0.310310 0.383622 -0.310310
0.390649 -0.310310 0.390649 -0.310310
0.397676 -0.310310 0.397676 -0.310310
0.404702 -0.310310 0.404702 -0.310310
0.411729 -0.310310 0.411729 -0.310310
0.418755 -0.310310 0.418755 -0.310310
0.425782 -0.310310 0.425782 -0.310310
0.432808 -0.310310 0.432808 -0.310310
0.439835 -0.310310 0.439835 -0.310310
0.446861 -0.310310 0.446861 -0.310310
0.453888 -0.310310 0.453888 -0.310310
0.460914 -0.310310 0.460914 -0.310310
0.467941 -0.310310 0.467941 -0.310310
0.474967 -0.310310 0.474967 -0.310310
0.481994 -0.310310 0.481994 -0.310310
-0.410375 -0.303009 -0.410375 -0.303009
-0.403348 -0.303009 -0.403348 -0.303009
-0.396322 -0.303009 -0.396322 -0.303009
-0.389295 -0.303009 -0.389295 -0.303009
-0.382269 -0.303009 -0.382269 -0.303009
-0.375242 -0.303009 -0.375242 -0.303009
-0.368216 -0.303009 -0.368216 -0.303009
-0.361189 -0.303009 -0.361189 -0.303009
-0.354163 -0.303009 -0.354163 -0.303009
-0.347136 -0.303009 -0.347136 -0.303009
-0.340110 -0.303009 -0.340110 -0.303009
-0.333083 -0.303009 -0.333083 -0.303009
-0.326057 -0.303009 -0.326057 -0.303009
-0.319030 -0.303009 -0.319030 -0.303009
-0.312003 -0.303009 -0.312003 -0.303009
-0.304977 -0.303009 -0.304977 -0.303009
-0.297950 -0.303009 -0.297950 -0.303009
-0.290924 -0.303009 -0.290924 -0.303009
-0.283897 -0.303009 -0.283897 -0.303009
-0.276871 -0.303009 -0.276871 -0.303009
-0.269844 -0.303009 -0.269844 -0.303009
-0.262818 -0.303009 -0.262818 -0.303009
-0.255791 -0.303009 -0.255791 -0.303009
-0.248765 -0.303009 -0.248765 -0.303009
-0.241738 -0.303009 -0.241738 -0.303009
-0.234712 -0.303009 -0.234712 -0.303009
-0.227685 -0.303009 -0.227685 -0.303009
-0.220659 -0.303009 -0.220659 -0.303009
-0.213632 -0.303009 -0.213632 -0.303009
-0.206606 -0.303009 -0.206606 -0.303009
-0.199579 -0.303009 -0.199579 -0.303009
-0.192553 -0.303009 -0.192553 -0.303009
-0.185526 -0.303009 -0.185526 -0.303009
-0.178499 -0.303009 -0.178499 -0.303009
-0.171473 -0.303009 -0.171473 -0.303009
-0.164446 -0.303009 -0.164446 -0.303009
-0.157420 -0.303009 -0.157420 -0.303009
-0.150393 -0.303009 -0.150393 -0.303009
-0.143367 -0.303009 -0.143367 -0.303009
-0.136340 -0.303009 -0.136340 -0.303009
-0.129314 -0.303009 -0.129314 -0.303009
-0.122287 -0.303009 -0.122287 -0.303009
-0.115261 -0.303009 -0.115261 -0.303009
-0.108234 -0.303009 -0.108234 -0.303009
-0.101208 -0.303009 -0.101208 -0.303009
-0.094181 -0.303009 -0.094181 -0.303009
-0.087155 -0.303009 -0.087155 -0.303009
-0.080128 -0.303009 -0.080128 -0.303009
-0.073102 -0.303009 -0.073102 -0.303009
-0.066075 -0.303009 -0.066075 -0.303009
-0.059049 -0.303009 -0.059049 -0.303009
-0.052022 -0.303009 -0.052022 -0.303009
-0.044996 -0.303009 -0.044996 -0.303009
-0.037969 -0.303009 -0.037969 -0.303009
-0.030942 -0.303009 -0.030942 -0.303009
-0.023916 -0.303009 -0.023916 -0.303009
-0.016889 -0.303009 -0.016889 -0.303009
-0.009863 -0.303009 -0.009863 -0.303009
-0.002836 -0.303009 -0.002836 -0.303009
0.004190 -0.303009 0.004190 -0.303009
0.011217 -0.303009 0.011217 -0.303009
0.018243 -0.303009 0.018243 -0.303009
0.025270 -0.303009 0.025270 -0.303009
0.032296 -0.303009 0.032296 -0.303009
0.039323 -0.303009 0.039323 -0.303009
0.046349 -0.303009 0.046349 -0.303009
0.053376 -0.303009 0.053376 -0.303009
0.060402 -0.303009 0.060402 -0.303009
0.067429 -0.303009 0.067429 -0.303009
0.074455 -0.303009 0.074455 -0.303009
0.081482 -0.303009 0.100548 -0.361689
0.088508 -0.303009 0.107578 -0.361700
0.095535 -0.303009 0.114608 -0.361711
0.102561 -0.303009 0.121639 -0.361722
0.109588 -0.303009 0.128669 -0.361733
0.116615 -0.303009 0.116615 -0.303009
0.123641 -0.303009 0.123641 -0.303009
0.130668 -0.303009 0.130668 -0.303009
0.137694 -0.303009 0.137694 -0.303009
0.144721 -0.303009 0.144721 -0.303009
0.151747 -0.303009 0.151747 -0.303009
0.158774 -0.303009 0.158774 -0.303009
0.165800 -0.303009 0.165800 -0.303009
0.172827 -0.303009 0.172827 -0.303009
0.179853 -0.303009 0.179853 -0.303009
0.186880 -0.303009 0.186880 -0.303009
0.193906 -0.303009 0.193906 -0.303009
0.200933 -0.303009 0.200933 -0.303009
0.207959 -0.303009 0.207959 -0.303009
0.214986 -0.303009 0.214986 -0.303009
0.222012 -0.303009 0.222012 -0.303009
0.229039 -0.303009 0.229039 -0.303009
0.236065 -0.303009 0.236065 -0.303009
0.243092 -0.303009 0.243092 -0.303009
0.250118 -0.303009 0.250118 -0.303009
0.257145 -0.303009 0.257145 -0.303009
0.264172 -0.303009 0.264172 -0.303009
0.271198 -0.303009 0.271198 -0.303009
0.278225 -0.303009 0.278225 -0.303009
0.285251 -0.303009 0.285251 -0.303009
0.292278 -0.303009 0.292278 -0.303009
0.299304 -0.303009 0.299304 -0.303009
0.306331 -0.303009 0.306331 -0.303009
0.313357 -0.303009 0.313357 -0.303009
0.320384 -0.303009 0.320384 -0.303009
0.327410 -0.303009 0.327410 -0.303009
0.334437 -0.303009 0.334437 -0.303009
0.341463 -0.303009 0.341463 -0.303009
0.348490 -0.303009 0.348490 -0.303009
0.355516 -0.303009 0.355516 -0.303009
0.362543 -0.303009 0.362543 -0.303009
0.369569 -0.303009 0.369569 -0.303009
0.376596 -0.303009 0.376596 -0.303009
0.383622 -0.303009 0.383622 -0.303009
0.390649 -0.303009 0.390649 -0.303009
0.397676 -0.303009 0.397676 -0.303009
0.404702 -0.303009 0.404702 -0.303009
0.411729 -0.303009 0.411729 -0.303009
0.418755 -0.303009 0.418755 -0.303009
0.425782 -0.303009 0.425782 -0.303009
0.432808 -0.303009 0.432808 -0.303009
0.439835 -0.303009 0.439835 -0.303009
0.446861 -0.303009 0.446861 -0.303009
0.453888 -0.303009 0.453888 -0.303009
0.460914 -0.303009 0.460914 -0.303009
0.467941 -0.303009 0.467941 -0.303009
0.474967 -0.303009 0.474967 -0.303009
0.481994 -0.303009 0.481994 -0.303009
-0.410375 -0.295707 -0.410375 -0.295707
-0.403348 -0.295707 -0.403348 -0.295707
-0.396322 -0.295707 -0.396322 -0.295707
-0.389295 -0.295707 -0.389295 -0.295707
-0.382269 -0.295707 -0.382269 -0.295707
-0.375242 -0.295707 -0.375242 -0.295707
-0.368216 -0.295707 -0.368216 -0.295707
-0.361189 -0.295707 -0.361189 -0.295707
-0.354163 -0.295707 -0.354163 -0.295707
-0.347136 -0.295707 -0.347136 -0.295707
-0.340110 -0.295707 -0.340110 -0.295707
-0.333083 -0.295707 -0.333083 -0.295707
-0.326057 -0.295707 -0.326057 -0.295707
-0.319030 -0.295707 -0.319030 -0.295707
-0.312003 -0.295707 -0.312003 -0.295707
-0.304977 -0.295707 -0.304977 -0.295707
-0.297950 -0.295707 -0.297950 -0.295707
-0.290924 -0.295707 -0.290924 -0.295707
-0.283897 -0.295707 -0.283897 -0.295707
-0.276871 -0.295707 -0.276871 -0.295707
-0.269844 -0.295707 -0.269844 -0.295707
-0.262818 -0.295707 -0.262818 -0.295707
-0.255791 -0.295707 -0.255791 -0.295707
-0.248765 -0.295707 -0.248765 -0.295707
-0.241738 -0.295707 -0.241738 -0.295707
-0.234712 -0.295707 -0.234712 -0.295707
-0.227685 -0.295707 -0.227685 -0.295707
-0.220659 -0.295707 -0.220659 -0.295707
-0.213632 -0.295707 -0.213632 -0.295707
-0.206606 -0.295707 -0.206606 -0.295707
-0.199579 -0.295707 -0.199579 -0.295707
-0.192553 -0.295707 -0.192553 -0.295707
-0.185526 -0.295707 -0.185526 -0.295707
-0.178499 -0.295707 -0.178499 -0.295707
-0.171473 -0.295707 -0.171473 -0.295707
-0.164446 -0.295707 -0.164446 -0.295707
-0.157420 -0.295707 -0.157420 -0.295707
-0.150393 -0.295707 -0.150393 -0.295707
-0.143367 -0.295707 -0.143367 -0.295707
-0.136340 -0.295707 -0.136340 -0.295707
-0.129314 -0.295707 -0.129314 -0.295707
-0.122287 -0.295707 -0.122287 -0.295707
-0.115261 -0.295707 -0.115261 -0.295707
-0.108234 -0.295707 -0.108234 -0.295707
-0.101208 -0.295707 -0.101208 -0.295707
-0.094181 -0.295707 -0.094181 -0.295707
-0.087155 -0.295707 -0.087155 -0.295707
-0.080128 -0.295707 -0.080128 -0.295707
-0.073102 -0.295707 -0.073102 -0.295707
-0.066075 -0.295707 -0.066075 -0.295707
-0.059049 -0.295707 -0.059049 -0.295707
-0.052022 -0.295707 -0.052022 -0.295707
-0.044996 -0.295707 -0.044996 -0.295707
-0.037969 -0.295707 -0.037969 -0.295707
-0.030942 -0.295707 -0.030942 -0.295707
-0.023916 -0.295707 -0.023916 -0.295707
-0.016889 -0.295707 -0.016889 -0.295707
-0.009863 -0.295707 -0.009863 -0.295707
-0.002836 -0.295707 -0.002836 -0.295707
0.004190 -0.295707 0.004190 -0.295707
0.011217 -0.295707 0.011217 -0.295707
0.018243 -0.295707 0.018243 -0.295707
0.025270 -0.295707 0.025270 -0.295707
0.032296 -0.295707 0.032296 -0.295707
0.039323 -0.295707 0.039323 -0.295707
0.046349 -0.295707 0.046349 -0.295707
0.053376 -0.295707 0.053376 -0.295707
0.060402 -0.295707 0.060402 -0.295707
0.067429 -0.295707 0.067429 -0.295707
0.074455 -0.295707 0.074455 -0.295707
0.081482 -0.295707 0.100536 -0.354352
0.088508 -0.295707 0.107567 -0.354363
0.095535 -0.295707 0.114597 -0.354374
0.102561 -0.295707 0.121627 -0.354385
0.109588 -0.295707 0.128658 -0.354396
0.116615 -0.295707 0.116615 -0.295707
0.123641 -0.295707 0.123641 -0.295707
0.130668 -0.295707 0.130668 -0.295707
0.137694 -0.295707 0.137694 -0.295707
0.144721 -0.295707 0.144721 -0.295707
0.151747 -0.295707 0.151747 -0.295707
0.158774 -0.295707 0.158774 -0.295707
0.165800 -0.295707 0.165800 -0.295707
0.172827 -0.295707 0.172827 -0.295707
0.179853 -0.295707 0.179853 -0.295707
0.186880 -0.295707 0.186880 -0.295707
0.193906 -0.295707 0.193906 -0.295707
0.200933 -0.295707 0.200933 -0.295707
0.207959 -0.295707 0.207959 -0.295707
0.214986 -0.295707 0.214986 -0.295707
0.222012 -0.295707 0.222012 -0.295707
0.229039 -0.295707 0.229039 -0.295707
0.236065 -0.295707 0.236065 -0.295707
0.243092 -0.295707 0.243092 -0.295707
0.250118 -0.295707 0.250118 -0.295707
0.257145 -0.295707 0.257145 -0.295707
0.264172 -0.295707 0.264172 -0.295707
0.271198 -0.295707 0.271198 -0.295707
0.278225 -0.295707 0.278225 -0.295707
0.285251 -0.295707 0.285251 -0.295707
0.292278 -0.295707 0.292278 -0.295707
0.299304 -0.295707 0.299304 -0.295707
0.306331 -0.295707 0.306331 -0.295707
0.313357 -0.295707 0.313357 -0.295707
0.320384 -0.295707 0.320384 -0.295707
0.327410 -0.295707 0.327410 -0.295707
0.334437 -0.295707 0.334437 -0.295707
0.341463 -0.295707 0.341463 -0.295707
0.348490 -0.295707 0.348490 -0.295707
0.355516 -0.295707 0.355516 -0.295707
0.362543 -0.295707 0.362543 -0.295707
0.369569 -0.295707 0.369569 -0.295707
0.376596 -0.295707 0.376596 -0.295707
0.383622 -0.295707 0.383622 -0.295707
0.390649 -0.295707 0.390649 -0.295707
0.397676 -0.295707 0.397676 -0.295707
0.404702 -0.295707 0.404702 -0.295707
0.411729 -0.295707 0.411729 -0.295707
0.418755 -0.295707 0.418755 -0.295707
0.425782 -0.295707 0.425782 -0.295707
0.432808 -0.295707 0.432808 -0.295707
0.439835 -0.295707 0.439835 -0.295707
0.446861 -0.295707 0.446861 -0.295707
0.453888 -0.295707 0.453888 -0.295707
0.460914 -0.295707 0.460914 -0.295707
0.467941 -0.295707 0.467941 -0.295707
0.474967 -0.295707 0.474967 -0.295707
0.481994 -0.295707 0.481994 -0.295707
-0.410375 -0.288406 -0.410375 -0.288406
-0.403348 -0.288406 -0.403348 -0.288406
-0.396322 -0.288406 -0.396322 -0.288406
-0.389295 -0.288406 -0.389295 -0.288406
-0.382269 -0.288406 -0.382269 -0.288406
-0.375242 -0.288406 -0.375242 -0.288406
-0.368216 -0.288406 -0.368216 -0.288406
-0.361189 -0.288406 -0.361189 -0.288406
-0.354163 -0.288406 -0.354163 -0.288406
-0.347136 -0.288406 -0.347136 -0.288406
-0.340110 -0.288406 -0.340110 -0.288406
-0.333083 -0.288406 -0.333083 -0.288406
-0.326057 -0.288406 -0.326057 -0.288406
-0.319030 -0.288406 -0.319030 -0.288406
-0.312003 -0.288406 -0.312003 -0.288406
-0.304977 -0.288406 -0.304977 -0.288406
-0.297950 -0.288406 -0.297950 -0.288406
-0.290924 -0.288406 -0.290924 -0.288406
-0.283897 -0.288406 -0.283897 -0.288406
-0.276871 -0.288406 -0.276871 -0.288406
-0.269844 -0.288406 -0.269844 -0.288406
-0.262818 -0.288406 -0.262818 -0.288406
-0.255791 -0.288406 -0.255791 -0.288406
-0.248765 -0.288406 -0.248765 -0.288406
-0.241738 -0.288406 -0.241738 -0.288406
-0.234712 -0.288406 -0.234712 -0.288406
-0.227685 -0.288406 -0.227685 -0.288406
-0.220659 -0.288406 -0.220659 -0.288406
-0.213632 -0.288406 -0.213632 -0.288406
-0.206606 -0.288406 -0.206606 -0.288406
-0.199579 -0.288406 -0.199579 -0.288406
-0.192553 -0.288406 -0.192553 -0.288406
-0.185526 -0.288406 -0.185526 -0.288406
-0.178499 -0.288406 -0.178499 -0.288406
-0.171473 -0.288406 -0.171473 -0.288406
-0.164446 -0.288406 -0.164446 -0.288406
-0.157420 -0.288406 -0.157420 -0.288406
-0.150393 -0.288406 -0.150393 -0.288406
-0.143367 -0.288406 -0.143367 -0.288406
-0.136340 -0.288406 -0.136340 -0.288406
-0.129314 -0.288406 -0.129314 -0.288406
-0.122287 -0.288406 -0.122287 -0.288406
-0.115261 -0.288406 -0.115261 -0.288406
-0.108234 -0.288406 -0.108234 -0.288406
-0.101208 -0.288406 -0.101208 -0.288406
-0.094181 -0.288406 -0.094181 -0.288406
-0.087155 -0.288406 -0.087155 -0.288406
-0.080128 -0.288406 -0.080128 -0.288406
-0.073102 -0.288406 -0.073102 -0.288406
-0.066075 -0.288406 -0.066075 -0.288406
-0.059049 -0.288406 -0.059049 -0.288406
-0.052022 -0.288406 -0.052022 -0.288406
-0.044996 -0.288406 -0.044996 -0.288406
-0.037969 -0.288406 -0.037969 -0.288406
-0.030942 -0.288406 -0.030942 -0.288406
-0.023916 -0.288406 -0.023916 -0.288406
-0.016889 -0.288406 -0.016889 -0.288406
-0.009863 -0.288406 -0.009863 -0.288406
-0.002836 -0.288406 -0.002836 -0.288406
0.004190 -0.288406 0.004190 -0.288406
0.011217 -0.288406 0.011217 -0.288406
0.018243 -0.288406 0.018243 -0.288406
0.025270 -0.288406 0.025270 -0.288406
0.032296 -0.288406 0.032296 -0.288406
0.039323 -0.288406 0.039323 -0.288406
0.046349 -0.288406 0.046349 -0.288406
0.053376 -0.288406 0.053376 -0.288406
0.060402 -0.288406 0.060402 -0.288406
0.067429 -0.288406 0.067429 -0.288406
0.074455 -0.288406 0.093495 -0.347005
0.081482 -0.288406 0.100525 -0.347016
0.088508 -0.288406 0.107555 -0.347027
0.095535 -0.288406 0.114586 -0.347037
0.102561 -0.288406 0.121616 -0.347049
0.109588 -0.288406 0.128646 -0.347060
0.116615 -0.288406 0.116615 -0.288406
0.123641 -0.288406 0.123641 -0.288406
0.130668 -0.288406 0.130668 -0.288406
0.137694 -0.288406 0.137694 -0.288406
0.144721 -0.288406 0.144721 -0.288406
0.151747 -0.288406 0.151747 -0.288406
0.158774 -0.288406 0.158774 -0.288406
0.165800 -0.288406 0.165800 -0.288406
0.172827 -0.288406 0.172827 -0.288406
0.179853 -0.288406 0.179853 -0.288406
0.186880 -0.288406 0.186880 -0.288406
0.193906 -0.288406 0.193906 -0.288406
0.200933 -0.288406 0.200933 -0.288406
0.207959 -0.288406 0.207959 -0.288406
0.214986 -0.288406 0.214986 -0.288406
0.222012 -0.288406 0.222012 -0.288406
0.229039 -0.288406 0.229039 -0.288406
0.236065 -0.288406 0.236065 -0.288406
0.243092 -0.288406 0.243092 -0.288406
0.250118 -0.288406 0.250118 -0.288406
0.257145 -0.288406 0.257145 -0.288406
0.264172 -0.288406 0.264172 -0.288406
0.271198 -0.288406 0.271198 -0.288406
0.278225 -0.288406 0.278225 -0.288406
0.285251 -0.288406 0.285251 -0.288406
0.292278 -0.288406 0.292278 -0.288406
0.299304 -0.288406 0.299304 -0.288406
0.306331 -0.288406 0.306331 -0.288406
0.313357 -0.288406 0.313357 -0.288406
0.320384 -0.288406 0.320384 -0.288406
0.327410 -0.288406 0.327410 -0.288406
0.334437 -0.288406 0.334437 -0.288406
0.341463 -0.288406 0.341463 -0.288406
0.348490 -0.288406 0.348490 -0.288406
0.355516 -0.288406 0.355516 -0.288406
0.362543 -0.288406 0.362543 -0.288406
0.369569 -0.288406 0.369569 -0.288406
0.376596 -0.288406 0.376596 -0.288406
0.383622 -0.288406 0.383622 -0.288406
0.390649 -0.288406 0.390649 -0.288406
0.397676 -0.288406 0.397676 -0.288406
0.404702 -0.288406 0.404702 -0.288406
0.411729 -0.288406 0.411729 -0.288406
0.418755 -0.288406 0.418755 -0.288406
0.425782 -0.288406 0.425782 -0.288406
0.432808 -0.288406 0.432808 -0.288406
0.439835 -0.288406 0.439835 -0.288406
0.446861 -0.288406 0.446861 -0.288406
0.453888 -0.288406 0.453888 -0.288406
0.460914 -0.288406 0.460914 -0.288406
0.467941 -0.288406 0.467941 -0.288406
0.474967 -0.288406 0.474967 -0.288406
0.481994 -0.288406 0.481994 -0.288406
-0.410375 -0.281104 -0.410375 -0.281104
-0.403348 -0.281104 -0.403348 -0.281104
-0.396322 -0.281104 -0.396322 -0.281104
-0.389295 -0.281104 -0.389295 -0.281104
-0.382269 -0.281104 -0.382269 -0.281104
-0.375242 -0.281104 -0.375242 -0.281104
-0.368216 -0.281104 -0.368216 -0.281104
-0.361189 -0.281104 -0.361189 -0.281104
-0.354163 -0.281104 -0.354163 -0.281104
-0.347136 -0.281104 -0.347136 -0.281104
-0.340110 -0.281104 -0.340110 -0.281104
-0.333083 -0.281104 -0.333083 -0.281104
-0.326057 -0.281104 -0.326057 -0.281104
-0.319030 -0.281104 -0.319030 -0.281104
-0.312003 -0.281104 -0.312003 -0.281104
-0.304977 -0.281104 -0.304977 -0.281104
-0.297950 -0.281104 -0.297950 -0.281104
-0.290924 -0.281104 -0.290924 -0.281104
-0.283897 -0.281104 -0.283897 -0.281104
-0.276871 -0.281104 -0.276871 -0.281104
-0.269844 -0.281104 -0.269844 -0.281104
-0.262818 -0.281104 -0.262818 -0.281104
-0.255791 -0.281104 -0.255791 -0.281104
-0.248765 -0.281104 -0.248765 -0.281104
-0.241738 -0.281104 -0.241738 -0.281104
-0.234712 -0.281104 -0.234712 -0.281104
-0.227685 -0.281104 -0.227685 -0.281104
-0.220659 -0.281104 -0.220659 -0.281104
-0.213632 -0.281104 -0.213632 -0.281104
-0.206606 -0.281104 -0.206606 -0.281104
-0.199579 -0.281104 -0.199579 -0.281104
-0.192553 -0.281104 -0.192553 -0.281104
-0.185526 -0.281104 -0.185526 -0.281104
-0.178499 -0.281104 -0.178499 -0.281104
-0.171473 -0.281104 -0.171473 -0.281104
-0.164446 -0.281104 -0.164446 -0.281104
-0.157420 -0.281104 -0.157420 -0.281104
-0.150393 -0.281104 -0.150393 -0.281104
-0.143367 -0.281104 -0.143367 -0.281104
-0.136340 -0.281104 -0.136340 -0.281104
-0.129314 -0.281104 -0.129314 -0.281104
-0.122287 -0.281104 -0.122287 -0.281104
-0.115261 -0.281104 -0.115261 -0.281104
-0.108234 -0.281104 -0.108234 -0.281104
-0.101208 -0.281104 -0.101208 -0.281104
-0.094181 -0.281104 -0.094181 -0.281104
-0.087155 -0.281104 -0.087155 -0.281104
-0.080128 -0.281104 -0.080128 -0.281104
-0.073102 -0.281104 -0.073102 -0.281104
-0.066075 -0.281104 -0.066075 -0.281104
-0.059049 -0.281104 -0.059049 -0.281104
-0.052022 -0.281104 -0.052022 -0.281104
-0.044996 -0.281104 -0.044996 -0.281104
-0.037969 -0.281104 -0.037969 -0.281104
-0.030942 -0.281104 -0.030942 -0.281104
-0.023916 -0.281104 -0.023916 -0.281104
-0.016889 -0.281104 -0.016889 -0.281104
-0.009863 -0.281104 -0.009863 -0.281104
-0.002836 -0.281104 -0.002836 -0.281104
0.004190 -0.281104 0.004190 -0.281104
0.011217 -0.281104 0.011217 -0.281104
0.018243 -0.281104 0.018243 -0.281104
0.025270 -0.281104 0.025270 -0.281104
0.032296 -0.281104 0.032296 -0.281104
0.039323 -0.281104 0.039323 -0.281104
0.046349 -0.281104 0.046349 -0.281104
0.053376 -0.281104 0.053376 -0.281104
0.060402 -0.281104 0.060402 -0.281104
0.067429 -0.281104 0.086453 -0.339657
0.074455 -0.281104 0.093483 -0.339668
0.081482 -0.281104 0.100514 -0.339679
0.088508 -0.281104 0.107544 -0.339690
0.095535 -0.281104 0.114574 -0.339701
0.102561 -0.281104 0.121605 -0.339712
0.109588 -0.281104 0.128635 -0.339723
0.116615 -0.281104 0.116615 -0.281104
0.123641 -0.281104 0.123641 -0.281104
0.130668 -0.281104 0.130668 -0.281104
0.137694 -0.281104 0.137694 -0.281104
0.144721 -0.281104 0.144721 -0.281104
0.151747 -0.281104 0.151747 -0.281104
0.158774 -0.281104 0.158774 -0.281104
0.165800 -0.281104 0.165800 -0.281104
0.172827 -0.281104 0.172827 -0.281104
0.179853 -0.281104 0.179853 -0.281104
0.186880 -0.281104 0.186880 -0.281104
0.193906 -0.281104 0.193906 -0.281104
0.200933 -0.281104 0.200933 -0.281104
0.207959 -0.281104 0.207959 -0.281104
0.214986 -0.281104 0.214986 -0.281104
0.222012 -0.281104 0.222012 -0.281104
0.229039 -0.281104 0.229039 -0.281104
0.236065 -0.281104 0.236065 -0.281104
0.243092 -0.281104 0.243092 -0.281104
0.250118 -0.281104 0.250118 -0.281104
0.257145 -0.281104 0.257145 -0.281104
0.264172 -0.281104 0.264172 -0.281104
0.271198 -0.281104 0.271198 -0.281104
0.278225 -0.281104 0.278225 -0.281104
0.285251 -0.281104 0.285251 -0.281104
0.292278 -0.281104 0.292278 -0.281104
0.299304 -0.281104 0.299304 -0.281104
0.306331 -0.281104 0.306331 -0.281104
0.313357 -0.281104 0.313357 -0.281104
0.320384 -0.281104 0.320384 -0.281104
0.327410 -0.281104 0.327410 -0.281104
0.334437 -0.281104 0.334437 -0.281104
0.341463 -0.281104 0.341463 -0.281104
0.348490 -0.281104 0.348490 -0.281104
0.355516 -0.281104 0.355516 -0.281104
0.362543 -0.281104 0.362543 -0.281104
0.369569 -0.281104 0.369569 -0.281104
0.376596 -0.281104 0.376596 -0.281104
0.383622 -0.281104 0.383622 -0.281104
0.390649 -0.281104 0.390649 -0.281104
0.397676 -0.281104 0.397676 -0.281104
0.404702 -0.281104 0.404702 -0.281104
0.411729 -0.281104 0.411729 -0.281104
0.418755 -0.281104 0.418755 -0.281104
0.425782 -0.281104 0.425782 -0.281104
0.432808 -0.281104 0.432808 -0.281104
0.439835 -0.281104 0.439835 -0.281104
0.446861 -0.281104 0.446861 -0.281104
0.453888 -0.281104 0.453888 -0.281104
0.460914 -0.281104 0.460914 -0.281104
0.467941 -0.281104 0.467941 -0.281104
0.474967 -0.281104 0.474967 -0.281104
0.481994 -0.281104 0.481994 -0.281104
-0.410375 -0.273803 -0.410375 -0.273803
-0.403348 -0.273803 -0.403348 -0.273803
-0.396322 -0.273803 -0.396322 -0.273803
-0.389295 -0.273803 -0.389295 -0.273803
-0.382269 -0.273803 -0.382269 -0.273803
-0.375242 -0.273803 -0.375242 -0.273803
-0.368216 -0.273803 -0.368216 -0.273803
-0.361189 -0.273803 -0.361189 -0.273803
-0.354163 -0.273803 -0.354163 -0.273803
-0.347136 -0.273803 -0.347136 -0.273803
-0.340110 -0.273803 -0.340110 -0.273803
-0.333083 -0.273803 -0.333083 -0.273803
-0.326057 -0.273803 -0.326057 -0.273803
-0.319030 -0.273803 -0.319030 -0.273803
-0.312003 -0.273803 -0.312003 -0.273803
-0.304977 -0.273803 -0.304977 -0.273803
-0.297950 -0.273803 -0.297950 -0.273803
-0.290924 -0.273803 -0.290924 -0.273803
-0.283897 -0.273803 -0.283897 -0.273803
-0.276871 -0.273803 -0.276871 -0.273803
-0.269844 -0.273803 -0.269844 -0.273803
-0.262818 -0.273803 -0.262818 -0.273803
-0.255791 -0.273803 -0.255791 -0.273803
-0.248765 -0.273803 -0.248765 -0.273803
-0.241738 -0.273803 -0.241738 -0.273803
-0.234712 -0.273803 -0.234712 -0.273803
-0.227685 -0.273803 -0.227685 -0.273803
-0.220659 -0.273803 -0.220659 -0.273803
-0.213632 -0.273803 -0.213632 -0.273803
-0.206606 -0.273803 -0.206606 -0.273803
-0.199579 -0.273803 -0.199579 -0.273803
-0.192553 -0.273803 -0.192553 -0.273803
-0.185526 -0.273803 -0.185526 -0.273803
-0.178499 -0.273803 -0.178499 -0.273803
-0.171473 -0.273803 -0.171473 -0.273803
-0.164446 -0.273803 -0.164446 -0.273803
-0.157420 -0.273803 -0.157420 -0.273803
-0.150393 -0.273803 -0.150393 -0.273803
-0.143367 -0.273803 -0.143367 -0.273803
-0.136340 -0.273803 -0.136340 -0.273803
-0.129314 -0.273803 -0.129314 -0.273803
-0.122287 -0.273803 -0.122287 -0.273803
-0.115261 -0.273803 -0.115261 -0.273803
-0.108234 -0.273803 -0.108234 -0.273803
-0.101208 -0.273803 -0.101208 -0.273803
-0.094181 -0.273803 -0.094181 -0.273803
-0.087155 -0.273803 -0.087155 -0.273803
-0.080128 -0.273803 -0.080128 -0.273803
-0.073102 -0.273803 -0.073102 -0.273803
-0.066075 -0.273803 -0.066075 -0.273803
-0.059049 -0.273803 -0.059049 -0.273803
-0.052022 -0.273803 -0.052022 -0.273803
-0.044996 -0.273803 -0.044996 -0.273803
-0.037969 -0.273803 -0.037969 -0.273803
-0.030942 -0.273803 -0.030942 -0.273803
-0.023916 -0.273803 -0.023916 -0.273803
-0.016889 -0.273803 -0.016889 -0.273803
-0.009863 -0.273803 -0.009863 -0.273803
-0.002836 -0.273803 -0.002836 -0.273803
0.004190 -0.273803 0.004190 -0.273803
0.011217 -0.273803 0.011217 -0.273803
0.018243 -0.273803 0.018243 -0.273803
0.025270 -0.273803 0.025270 -0.273803
0.032296 -0.273803 0.032296 -0.273803
0.039323 -0.273803 0.039323 -0.273803
0.046349 -0.273803 0.046349 -0.273803
0.053376 -0.273803 0.053376 -0.273803
0.060402 -0.273803 0.060402 -0.273803
0.067429 -0.273803 0.086442 -0.332320
0.074455 -0.273803 0.093472 -0.332331
0.081482 -0.273803 0.100502 -0.332342
0.088508 -0.273803 0.107532 -0.332353
0.095535 -0.273803 0.114563 -0.332364
0.102561 -0.273803 0.121593 -0.332375
0.109588 -0.273803 0.128623 -0.332386
0.116615 -0.273803 0.116615 -0.273803
0.123641 -0.273803 0.123641 -0.273803
0.130668 -0.273803 0.130668 -0.273803
0.137694 -0.273803 0.137694 -0.273803
0.144721 -0.273803 0.144721 -0.273803
0.151747 -0.273803 0.151747 -0.273803
0.158774 -0.273803 0.158774 -0.273803
0.165800 -0.273803 0.165800 -0.273803
0.172827 -0.273803 0.172827 -0.273803
0.179853 -0.273803 0.179853 -0.273803
0.186880 -0.273803 0.186880 -0.273803
0.193906 -0.273803 0.193906 -0.273803
0.200933 -0.273803 0.200933 -0.273803
0.207959 -0.273803 0.207959 -0.273803
0.214986 -0.273803 0.214986 -0.273803
0.222012 -0.273803 0.222012 -0.273803
0.229039 -0.273803 0.229039 -0.273803
0.236065 -0.273803 0.236065 -0.273803
0.243092 -0.273803 0.243092 -0.273803
0.250118 -0.273803 0.250118 -0.273803
0.257145 -0.273803 0.257145 -0.273803
0.264172 -0.273803 0.264172 -0.273803
0.271198 -0.273803 0.271198 -0.273803
0.278225 -0.273803 0.278225 -0.273803
0.285251 -0.273803 0.285251 -0.273803
0.292278 -0.273803 0.292278 -0.273803
0.299304 -0.273803 0.299304 -0.273803
0.306331 -0.273803 0.306331 -0.273803
0.313357 -0.273803 0.313357 -0.273803
0.320384 -0.273803 0.320384 -0.273803
0.327410 -0.273803 0.327410 -0.273803
0.334437 -0.273803 0.334437 -0.273803
0.341463 -0.273803 0.341463 -0.273803
0.348490 -0.273803 0.348490 -0.273803
0.355516 -0.273803 0.355516 -0.273803
0.362543 -0.273803 0.362543 -0.273803
0.369569 -0.273803 0.369569 -0.273803
0.376596 -0.273803 0.376596 -0.273803
0.383622 -0.273803 0.383622 -0.273803
0.390649 -0.273803 0.390649 -0.273803
0.397676 -0.273803 0.397676 -0.273803
0.404702 -0.273803 0.404702 -0.273803
0.411729 -0.273803 0.411729 -0.273803
0.418755 -0.273803 0.418755 -0.273803
0.425782 -0.273803 0.425782 -0.273803
0.432808 -0.273803 0.432808 -0.273803
0.439835 -0.273803 0.439835 -0.273803
0.446861 -0.273803 0.446861 -0.273803
0.453888 -0.273803 0.453888 -0.273803
0.460914 -0.273803 0.460914 -0.273803
0.467941 -0.273803 0.467941 -0.273803
0.474967 -0.273803 0.474967 -0.273803
0.481994 -0.273803 0.481994 -0.273803
-0.410375 -0.266502 -0.410375 -0.266502
-0.403348 -0.266502 -0.403348 -0.266502
-0.396322 -0.266502 -0.396322 -0.266502
-0.389295 -0.266502 -0.389295 -0.266502
-0.382269 -0.266502 -0.382269 -0.266502
-0.375242 -0.266502 -0.375242 -0.266502
-0.368216 -0.266502 -0.368216 -0.266502
-0.361189 -0.266502 -0.361189 -0.266502
-0.354163 -0.266502 -0.354163 -0.266502
-0.347136 -0.266502 -0.347136 -0.266502
-0.340110 -0.266502 -0.340110 -0.266502
-0.333083 -0.266502 -0.333083 -0.266502
-0.326057 -0.266502 -0.326057 -0.266502
-0.319030 -0.266502 -0.319030 -0.266502
-0.312003 -0.266502 -0.312003 -0.266502
-0.304977 -0.266502 -0.304977 -0.266502
-0.297950 -0.266502 -0.297950 -0.266502
-0.290924 -0.266502 -0.290924 -0.266502
-0.283897 -0.266502 -0.283897 -0.266502
-0.276871 -0.266502 -0.276871 -0.266502
-0.269844 -0.266502 -0.269844 -0.266502
-0.262818 -0.266502 -0.262818 -0.266502
-0.255791 -0.266502 -0.255791 -0.266502
-0.248765 -0.266502 -0.248765 -0.266502
-0.241738 -0.266502 -0.241738 -0.266502
-0.234712 -0.266502 -0.234712 -0.266502
-0.227685 -0.266502 -0.227685 -0.266502
-0.220659 -0.266502 -0.220659 -0.266502
-0.213632 -0.266502 -0.213632 -0.266502
-0.206606 -0.266502 -0.206606 -0.266502
-0.199579 -0.266502 -0.199579 -0.266502
-0.192553 -0.266502 -0.192553 -0.266502
-0.185526 -0.266502 -0.185526 -0.266502
-0.178499 -0.266502 -0.178499 -0.266502
-0.171473 -0.266502 -0.171473 -0.266502
-0.164446 -0.266502 -0.164446 -0.266502
-0.157420 -0.266502 -0.157420 -0.266502
-0.150393 -0.266502 -0.150393 -0.266502
-0.143367 -0.266502 -0.143367 -0.266502
-0.136340 -0.266502 -0.136340 -0.266502
-0.129314 -0.266502 -0.129314 -0.266502
-0.122287 -0.266502 -0.122287 -0.266502
-0.115261 -0.266502 -0.115261 -0.266502
-0.108234 -0.266502 -0.108234 -0.266502
-0.101208 -0.266502 -0.101208 -0.266502
-0.094181 -0.266502 -0.094181 -0.266502
-0.087155 -0.266502 -0.087155 -0.266502
-0.080128 -0.266502 -0.080128 -0.266502
-0.073102 -0.266502 -0.073102 -0.266502
-0.066075 -0.266502 -0.066075 -0.266502
-0.059049 -0.266502 -0.059049 -0.266502
-0.052022 -0.266502 -0.052022 -0.266502
-0.044996 -0.266502 -0.044996 -0.266502
-0.037969 -0.266502 -0.037969 -0.266502
-0.030942 -0.266502 -0.030942 -0.266502
-0.023916 -0.266502 -0.023916 -0.266502
-0.016889 -0.266502 -0.016889 -0.266502
-0.009863 -0.266502 -0.009863 -0.266502
-0.002836 -0.266502 -0.002836 -0.266502
0.004190 -0.266502 0.004190 -0.266502
0.011217 -0.266502 0.011217 -0.266502
0.018243 -0.266502 0.018243 -0.266502
0.025270 -0.266502 0.025270 -0.266502
0.032296 -0.266502 0.032296 -0.266502
0.039323 -0.266502 0.039323 -0.266502
0.046349 -0.266502 0.046349 -0.266502
0.053376 -0.266502 0.053376 -0.266502
0.060402 -0.266502 0.079400 -0.324973
0.067429 -0.266502 0.086430 -0.324984
0.074455 -0.266502 0.093461 -0.324995
0.081482 -0.266502 0.100491 -0.325006
0.088508 -0.266502 0.107521 -0.325017
0.095535 -0.266502 0.114552 -0.325028
0.102561 -0.266502 0.121582 -0.325039
0.109588 -0.266502 0.128612 -0.325050
0.116615 -0.266502 0.116615 -0.266502
0.123641 -0.266502 0.123641 -0.266502
0.130668 -0.266502 0.130668 -0.266502
0.137694 -0.266502 0.137694 -0.266502
0.144721 -0.266502 0.144721 -0.266502
0.151747 -0.266502 0.151747 -0.266502
0.158774 -0.266502 0.158774 -0.266502
0.165800 -0.266502 0.165800 -0.266502
0.172827 -0.266502 0.172827 -0.266502
0.179853 -0.266502 0.179853 -0.266502
0.186880 -0.266502 0.186880 -0.266502
0.193906 -0.266502 0.193906 -0.266502
0.200933 -0.266502 0.200933 -0.266502
0.207959 -0.266502 0.207959 -0.266502
0.214986 -0.266502 0.214986 -0.266502
0.222012 -0.266502 0.222012 -0.266502
0.229039 -0.266502 0.229039 -0.266502
0.236065 -0.266502 0.236065 -0.266502
0.243092 -0.266502 0.243092 -0.266502
0.250118 -0.266502 0.250118 -0.266502
0.257145 -0.266502 0.257145 -0.266502
0.264172 -0.266502 0.264172 -0.266502
0.271198 -0.266502 0.271198 -0.266502
0.278225 -0.266502 0.278225 -0.266502
0.285251 -0.266502 0.285251 -0.266502
0.292278 -0.266502 0.292278 -0.266502
0.299304 -0.266502 0.299304 -0.266502
0.306331 -0.266502 0.306331 -0.266502
0.313357 -0.266502 0.313357 -0.266502
0.320384 -0.266502 0.320384 -0.266502
0.327410 -0.266502 0.327410 -0.266502
0.334437 -0.266502 0.334437 -0.266502
0.341463 -0.266502 0.341463 -0.266502
0.348490 -0.266502 0.348490 -0.266502
0.355516 -0.266502 0.355516 -0.266502
0.362543 -0.266502 0.362543 -0.266502
0.369569 -0.266502 0.369569 -0.266502
0.376596 -0.266502 0.376596 -0.266502
0.383622 -0.266502 0.383622 -0.266502
0.390649 -0.266502 0.390649 -0.266502
0.397676 -0.266502 0.397676 -0.266502
0.404702 -0.266502 0.404702 -0.266502
0.411729 -0.266502 0.411729 -0.266502
0.418755 -0.266502 0.418755 -0.266502
0.425782 -0.266502 0.425782 -0.266502
0.432808 -0.266502 0.432808 -0.266502
0.439835 -0.266502 0.439835 -0.266502
0.446861 -0.266502 0.446861 -0.266502
0.453888 -0.266502 0.453888 -0.266502
0.460914 -0.266502 0.460914 -0.266502
0.467941 -0.266502 0.467941 -0.266502
0.474967 -0.266502 0.474967 -0.266502
0.481994 -0.266502 0.481994 -0.266502
-0.410375 -0.259200 -0.410375 -0.259200
-0.403348 -0.259200 -0.403348 -0.259200
-0.396322 -0.259200 -0.396322 -0.259200
-0.389295 -0.259200 -0.389295 -0.259200
-0.382269 -0.259200 -0.382269 -0.259200
-0.375242 -0.259200 -0.375242 -0.259200
-0.368216 -0.259200 -0.368216 -0.259200
-0.361189 -0.259200 -0.361189 -0.259200
-0.354163 -0.259200 -0.354163 -0.259200
-0.347136 -0.259200 -0.347136 -0.259200
-0.340110 -0.259200 -0.340110 -0.259200
-0.333083 -0.259200 -0.333083 -0.259200
-0.326057 -0.259200 -0.326057 -0.259200
-0.319030 -0.259200 -0.319030 -0.259200
-0.312003 -0.259200 -0.312003 -0.259200
-0.304977 -0.259200 -0.304977 -0.259200
-0.297950 -0.259200 -0.297950 -0.259200
-0.290924 -0.259200 -0.290924 -0.259200
-0.283897 -0.259200 -0.283897 -0.259200
-0.276871 -0.259200 -0.276871 -0.259200
-0.269844 -0.259200 -0.269844 -0.259200
-0.262818 -0.259200 -0.262818 -0.259200
-0.255791 -0.259200 -0.255791 -0.259200
-0.248765 -0.259200 -0.248765 -0.259200
-0.241738 -0.259200 -0.241738 -0.259200
-0.234712 -0.259200 -0.234712 -0.259200
-0.227685 -0.259200 -0.227685 -0.259200
-0.220659 -0.259200 -0.220659 -0.259200
-0.213632 -0.259200 -0.213632 -0.259200
-0.206606 -0.259200 -0.206606 -0.259200
-0.199579 -0.259200 -0.199579 -0.259200
-0.192553 -0.259200 -0.192553 -0.259200
-0.185526 -0.259200 -0.185526 -0.259200
-0.178499 -0.259200 -0.178499 -0.259200
-0.171473 -0.259200 -0.171473 -0.259200
-0.164446 -0.259200 -0.164446 -0.259200
-0.157420 -0.259200 -0.157420 -0.259200
-0.150393 -0.259200 -0.150393 -0.259200
-0.143367 -0.259200 -0.143367 -0.259200
-0.136340 -0.259200 -0.136340 -0.259200
-0.129314 -0.259200 -0.129314 -0.259200
-0.122287 -0.259200 -0.122287 -0.259200
-0.115261 -0.259200 -0.115261 -0.259200
-0.108234 -0.259200 -0.108234 -0.259200
-0.101208 -0.259200 -0.101208 -0.259200
-0.094181 -0.259200 -0.094181 -0.259200
-0.087155 -0.259200 -0.087155 -0.259200
-0.080128 -0.259200 -0.080128 -0.259200
-0.073102 -0.259200 -0.073102 -0.259200
-0.066075 -0.259200 -0.066075 -0.259200
-0.059049 -0.259200 -0.059049 -0.259200
-0.052022 -0.259200 -0.052022 -0.259200
-0.044996 -0.259200 -0.044996 -0.259200
-0.037969 -0.259200 -0.037969 -0.259200
-0.030942 -0.259200 -0.030942 -0.259200
-0.023916 -0.259200 -0.023916 -0.259200
-0.016889 -0.259200 -0.016889 -0.259200
-0.009863 -0.259200 -0.009863 -0.259200
-0.002836 -0.259200 -0.002836 -0.259200
0.004190 -0.259200 0.004190 -0.259200
0.011217 -0.259200 0.011217 -0.259200
0.018243 -0.259200 0.018243 -0.259200
0.025270 -0.259200 0.025270 -0.259200
0.032296 -0.259200 0.032296 -0.259200
0.039323 -0.259200 0.039323 -0.259200
0.046349 -0.259200 0.046349 -0.259200
0.053376 -0.259200 0.072359 -0.317625
0.060402 -0.259200 0.079389 -0.317636
0.067429 -0.259200 0.086419 -0.317647
0.074455 -0.259200 0.093449 -0.317658
0.081482 -0.259200 0.100479 -0.317669
0.088508 -0.259200 0.107510 -0.317680
0.095535 -0.259200 0.114540 -0.317691
0.102561 -0.259200 0.121570 -0.317702
0.109588 -0.259200 0.128600 -0.317713
0.116615 -0.259200 0.116615 -0.259200
0.123641 -0.259200 0.123641 -0.259200
0.130668 -0.259200 0.130668 -0.259200
0.137694 -0.259200 0.137694 -0.259200
0.144721 -0.259200 0.144721 -0.259200
0.151747 -0.259200 0.151747 -0.259200
0.158774 -0.259200 0.158774 -0.259200
0.165800 -0.259200 0.165800 -0.259200
0.172827 -0.259200 0.172827 -0.259200
0.179853 -0.259200 0.179853 -0.259200
0.186880 -0.259200 0.186880 -0.259200
0.193906 -0.259200 0.193906 -0.259200
0.200933 -0.259200 0.200933 -0.259200
0.207959 -0.259200 0.207959 -0.259200
0.214986 -0.259200 0.214986 -0.259200
0.222012 -0.259200 0.222012 -0.259200
0.229039 -0.259200 0.229039 -0.259200
0.236065 -0.259200 0.236065 -0.259200
0.243092 -0.259200 0.243092 -0.259200
0.250118 -0.259200 0.250118 -0.259200
0.257145 -0.259200 0.257145 -0.259200
0.264172 -0.259200 0.264172 -0.259200
0.271198 -0.259200 0.271198 -0.259200
0.278225 -0.259200 0.278225 -0.259200
0.285251 -0.259200 0.285251 -0.259200
0.292278 -0.259200 0.292278 -0.259200
0.299304 -0.259200 0.299304 -0.259200
0.306331 -0.259200 0.306331 -0.259200
0.313357 -0.259200 0.313357 -0.259200
0.320384 -0.259200 0.320384 -0.259200
0.327410 -0.259200 0.327410 -0.259200
0.334437 -0.259200 0.334437 -0.259200
0.341463 -0.259200 0.341463 -0.259200
0.348490 -0.259200 0.348490 -0.259200
0.355516 -0.259200 0.355516 -0.259200
0.362543 -0.259200 0.362543 -0.259200
0.369569 -0.259200 0.369569 -0.259200
0.376596 -0.259200 0.376596 -0.259200
0.383622 -0.259200 0.383622 -0.259200
0.390649 -0.259200 0.390649 -0.259200
0.397676 -0.259200 0.397676 -0.259200
0.404702 -0.259200 0.404702 -0.259200
0.411729 -0.259200 0.411729 -0.259200
0.418755 -0.259200 0.418755 -0.259200
0.425782 -0.259200 0.425782 -0.259200
0.432808 -0.259200 0.432808 -0.259200
0.439835 -0.259200 0.439835 -0.259200
0.446861 -0.259200 0.446861 -0.259200
0.453888 -0.259200 0.453888 -0.259200
0.460914 -0.259200 0.460914 -0.259200
0.467941 -0.259200 0.467941 -0.259200
0.474967 -0.259200 0.474967 -0.259200
0.481994 -0.259200 0.481994 -0.259200
-0.410375 -0.251899 -0.410375 -0.251899
-0.403348 -0.251899 -0.403348 -0.251899
-0.396322 -0.251899 -0.396322 -0.251899
-0.389295 -0.251899 -0.389295 -0.251899
-0.382269 -0.251899 -0.382269 -0.251899
-0.375242 -0.251899 -0.375242 -0.251899
-0.368216 -0.251899 -0.368216 -0.251899
-0.361189 -0.251899 -0.361189 -0.251899
-0.354163 -0.251899 -0.354163 -0.251899
-0.347136 -0.251899 -0.347136 -0.251899
-0.340110 -0.251899 -0.340110 -0.251899
-0.333083 -0.251899 -0.333083 -0.251899
-0.326057 -0.251899 -0.326057 -0.251899
-0.319030 -0.251899 -0.319030 -0.251899
-0.312003 -0.251899 -0.312003 -0.251899
-0.304977 -0.251899 -0.304977 -0.251899
-0.297950 -0.251899 -0.297950 -0.251899
-0.290924 -0.251899 -0.290924 -0.251899
-0.283897 -0.251899 -0.283897 -0.251899
-0.276871 -0.251899 -0.276871 -0.251899
-0.269844 -0.251899 -0.269844 -0.251899
-0.262818 -0.251899 -0.262818 -0.251899
-0.255791 -0.251899 -0.255791 -0.251899
-0.248765 -0.251899 -0.248765 -0.251899
-0.241738 -0.251899 -0.241738 -0.251899
-0.234712 -0.251899 -0.234712 -0.251899
-0.227685 -0.251899 -0.227685 -0.251899
-0.220659 -0.251899 -0.220659 -0.251899
-0.213632 -0.251899 -0.213632 -0.251899
-0.206606 -0.251899 -0.206606 -0.251899
-0.199579 -0.251899 -0.199579 -0.251899
-0.192553 -0.251899 -0.192553 -0.251899
-0.185526 -0.251899 -0.185526 -0.251899
-0.178499 -0.251899 -0.178499 -0.251899
-0.171473 -0.251899 -0.171473 -0.251899
-0.164446 -0.251899 -0.164446 -0.251899
-0.157420 -0.251899 -0.157420 -0.251899
-0.150393 -0.251899 -0.150393 -0.251899
-0.143367 -0.251899 -0.143367 -0.251899
-0.136340 -0.251899 -0.136340 -0.251899
-0.129314 -0.251899 -0.129314 -0.251899
-0.122287 -0.251899 -0.122287 -0.251899
-0.115261 -0.251899 -0.115261 -0.251899
-0.108234 -0.251899 -0.108234 -0.251899
-0.101208 -0.251899 -0.101208 -0.251899
-0.094181 -0.251899 -0.094181 -0.251899
-0.087155 -0.251899 -0.087155 -0.251899
-0.080128 -0.251899 -0.080128 -0.251899
-0.073102 -0.251899 -0.073102 -0.251899
-0.066075 -0.251899 -0.066075 -0.251899
-0.059049 -0.251899 -0.059049 -0.251899
-0.052022 -0.251899 -0.052022 -0.251899
-0.044996 -0.251899 -0.044996 -0.251899
-0.037969 -0.251899 -0.037969 -0.251899
-0.030942 -0.251899 -0.030942 -0.251899
-0.023916 -0.251899 -0.023916 -0.251899
-0.016889 -0.251899 -0.016889 -0.251899
-0.009863 -0.251899 -0.009863 -0.251899
-0.002836 -0.251899 -0.002836 -0.251899
0.004190 -0.251899 0.004190 -0.251899
0.011217 -0.251899 0.011217 -0.251899
0.018243 -0.251899 0.018243 -0.251899
0.025270 -0.251899 0.025270 -0.251899
0.032296 -0.251899 0.032296 -0.251899
0.039323 -0.251899 0.039323 -0.251899
0.046349 -0.251899 0.046349 -0.251899
0.053376 -0.251899 0.072347 -0.310288
0.060402 -0.251899 0.079377 -0.310299
0.067429 -0.251899 0.086408 -0.310310
0.074455 -0.251899 0.093438 -0.310321
0.081482 -0.251899 0.100468 -0.310332
0.088508 -0.251899 0.107498 -0.310343
0.095535 -0.251899 0.114529 -0.310354
0.102561 -0.251899 0.121559 -0.310365
0.109588 -0.251899 0.128589 -0.310376
0.116615 -0.251899 0.116615 -0.251899
0.123641 -0.251899 0.123641 -0.251899
0.130668 -0.251899 0.130668 -0.251899
0.137694 -0.251899 0.137694 -0.251899
0.144721 -0.251899 0.144721 -0.251899
0.151747 -0.251899 0.151747 -0.251899
0.158774 -0.251899 0.158774 -0.251899
0.165800 -0.251899 0.165800 -0.251899
0.172827 -0.251899 0.172827 -0.251899
0.179853 -0.251899 0.179853 -0.251899
0.186880 -0.251899 0.186880 -0.251899
0.193906 -0.251899 0.193906 -0.251899
0.200933 -0.251899 0.200933 -0.251899
0.207959 -0.251899 0.207959 -0.251899
0.214986 -0.251899 0.214986 -0.251899
0.222012 -0.251899 0.222012 -0.251899
0.229039 -0.251899 0.229039 -0.251899
0.236065 -0.251899 0.236065 -0.251899
0.243092 -0.251899 0.243092 -0.251899
0.250118 -0.251899 0.250118 -0.251899
0.257145 -0.251899 0.257145 -0.251899
0.264172 -0.251899 0.264172 -0.251899
0.271198 -0.251899 0.271198 -0.251899
0.278225 -0.251899 0.278225 -0.251899
0.285251 -0.251899 0.285251 -0.251899
0.292278 -0.251899 0.292278 -0.251899
0.299304 -0.251899 0.299304 -0.251899
0.306331 -0.251899 0.306331 -0.251899
0.313357 -0.251899 0.313357 -0.251899
0.320384 -0.251899 0.320384 -0.251899
0.327410 -0.251899 0.327410 -0.251899
0.334437 -0.251899 0.334437 -0.251899
0.341463 -0.251899 0.341463 -0.251899
0.348490 -0.251899 0.348490 -0.251899
0.355516 -0.251899 0.355516 -0.251899
0.362543 -0.251899 0.362543 -0.251899
0.369569 -0.251899 0.369569 -0.251899
0.376596 -0.251899 0.376596 -0.251899
0.383622 -0.251899 0.383622 -0.251899
0.390649 -0.251899 0.390649 -0.251899
0.397676 -0.251899 0.397676 -0.251899
0.404702 -0.251899 0.404702 -0.251899
0.411729 -0.251899 0.411729 -0.251899
0.418755 -0.251899 0.418755 -0.251899
0.425782 -0.251899 0.425782 -0.251899
0.432808 -0.251899 0.432808 -0.251899
0.439835 -0.251899 0.439835 -0.251899
0.446861 -0.251899 0.446861 -0.251899
0.453888 -0.251899 0.453888 -0.251899
0.460914 -0.251899 0.460914 -0.251899
0.467941 -0.251899 0.467941 -0.251899
0.474967 -0.251899 0.474967 -0.251899
0.481994 -0.251899 0.481994 -0.251899
-0.410375 -0.244597 -0.410375 -0.244597
-0.403348 -0.244597 -0.403348 -0.244597
-0.396322 -0.244597 -0.396322 -0.244597
-0.389295 -0.244597 -0.389295 -0.244597
-0.382269 -0.244597 -0.382269 -0.244597
-0.375242 -0.244597 -0.375242 -0.244597
-0.368216 -0.244597 -0.368216 -0.244597
-0.361189 -0.244597 -0.361189 -0.244597
-0.354163 -0.244597 -0.354163 -0.244597
-0.347136 -0.244597 -0.347136 -0.244597
-0.340110 -0.244597 -0.340110 -0.244597
-0.333083 -0.244597 -0.333083 -0.244597
-0.326057 -0.244597 -0.326057 -0.244597
-0.319030 -0.244597 -0.319030 -0.244597
-0.312003 -0.244597 -0.312003 -0.244597
-0.304977 -0.244597 -0.304977 -0.244597
-0.297950 -0.244597 -0.297950 -0.244597
-0.290924 -0.244597 -0.290924 -0.244597
-0.283897 -0.244597 -0.283897 -0.244597
-0.276871 -0.244597 -0.276871 -0.244597
-0.269844 -0.244597 -0.269844 -0.244597
-0.262818 -0.244597 -0.262818 -0.244597
-0.255791 -0.244597 -0.255791 -0.244597
-0.248765 -0.244597 -0.248765 -0.244597
-0.241738 -0.244597 -0.241738 -0.244597
-0.234712 -0.244597 -0.234712 -0.244597
-0.227685 -0.244597 -0.227685 -0.244597
-0.220659 -0.244597 -0.220659 -0.244597
-0.213632 -0.244597 -0.213632 -0.244597
-0.206606 -0.244597 -0.206606 -0.244597
-0.199579 -0.244597 -0.199579 -0.244597
-0.192553 -0.244597 -0.192553 -0.244597
-0.185526 -0.244597 -0.185526 -0.244597
-0.178499 -0.244597 -0.178499 -0.244597
-0.171473 -0.244597 -0.171473 -0.244597
-0.164446 -0.244597 -0.164446 -0.244597
-0.157420 -0.244597 -0.157420 -0.244597
-0.150393 -0.244597 -0.150393 -0.244597
-0.143367 -0.244597 -0.143367 -0.244597
-0.136340 -0.244597 -0.136340 -0.244597
-0.129314 -0.244597 -0.129314 -0.244597
-0.122287 -0.244597 -0.122287 -0.244597
-0.115261 -0.244597 -0.115261 -0.244597
-0.108234 -0.244597 -0.108234 -0.244597
-0.101208 -0.244597 -0.101208 -0.244597
-0.094181 -0.244597 -0.094181 -0.244597
-0.087155 -0.244597 -0.087155 -0.244597
-0.080128 -0.244597 -0.080128 -0.244597
-0.073102 -0.244597 -0.073102 -0.244597
-0.066075 -0.244597 -0.066075 -0.244597
-0.059049 -0.244597 -0.059049 -0.244597
-0.052022 -0.244597 -0.052022 -0.244597
-0.044996 -0.244597 -0.044996 -0.244597
-0.037969 -0.244597 -0.037969 -0.244597
-0.030942 -0.244597 -0.030942 -0.244597
-0.023916 -0.244597 -0.023916 -0.244597
-0.016889 -0.244597 -0.016889 -0.244597
-0.009863 -0.244597 -0.009863 -0.244597
-0.002836 -0.244597 -0.002836 -0.244597
0.004190 -0.244597 0.004190 -0.244597
0.011217 -0.244597 0.011217 -0.244597
0.018243 -0.244597 0.018243 -0.244597
0.025270 -0.244597 0.025270 -0.244597
0.032296 -0.244597 0.032296 -0.244597
0.039323 -0.244597 0.039323 -0.244597
0.046349 -0.244597 0.065306 -0.302941
0.053376 -0.244597 0.072336 -0.302952
0.060402 -0.244597 0.079366 -0.302963
0.067429 -0.244597 0.086396 -0.302974
0.074455 -0.244597 0.093426 -0.302985
0.081482 -0.244597 0.100457 -0.302996
0.088508 -0.244597 0.107487 -0.303007
0.095535 -0.244597 0.114517 -0.303018
0.102561 -0.244597 0.121547 -0.303029
0.109588 -0.244597 0.128577 -0.303040
0.116615 -0.244597 0.116615 -0.244597
0.123641 -0.244597 0.123641 -0.244597
0.130668 -0.244597 0.130668 -0.244597
0.137694 -0.244597 0.137694 -0.244597
0.144721 -0.244597 0.144721 -0.244597
0.151747 -0.244597 0.151747 -0.244597
0.158774 -0.244597 0.158774 -0.244597
0.165800 -0.244597 0.165800 -0.244597
0.172827 -0.244597 0.172827 -0.244597
0.179853 -0.244597 0.179853 -0.244597
0.186880 -0.244597 0.186880 -0.244597
0.193906 -0.244597 0.193906 -0.244597
0.200933 -0.244597 0.200933 -0.244597
0.207959 -0.244597 0.207959 -0.244597
0.214986 -0.244597 0.214986 -0.244597
0.222012 -0.244597 0.222012 -0.244597
0.229039 -0.244597 0.229039 -0.244597
0.236065 -0.244597 0.236065 -0.244597
0.243092 -0.244597 0.243092 -0.244597
0.250118 -0.244597 0.250118 -0.244597
0.257145 -0.244597 0.257145 -0.244597
0.264172 -0.244597 0.264172 -0.244597
0.271198 -0.244597 0.271198 -0.244597
0.278225 -0.244597 0.278225 -0.244597
0.285251 -0.244597 0.285251 -0.244597
0.292278 -0.244597 0.292278 -0.244597
0.299304 -0.244597 0.299304 -0.244597
0.306331 -0.244597 0.306331 -0.244597
0.313357 -0.244597 0.313357 -0.244597
0.320384 -0.244597 0.320384 -0.244597
0.327410 -0.244597 0.327410 -0.244597
0.334437 -0.244597 0.334437 -0.244597
0.341463 -0.244597 0.341463 -0.244597
0.348490 -0.244597 0.348490 -0.244597
0.355516 -0.244597 0.355516 -0.244597
0.362543 -0.244597 0.362543 -0.244597
0.369569 -0.244597 0.369569 -0.244597
0.376596 -0.244597 0.376596 -0.244597
0.383622 -0.244597 0.383622 -0.244597
0.390649 -0.244597 0.390649 -0.244597
0.397676 -0.244597 0.397676 -0.244597
0.404702 -0.244597 0.404702 -0.244597
0.411729 -0.244597 0.411729 -0.244597
0.418755 -0.244597 0.418755 -0.244597
0.425782 -0.244597 0.425782 -0.244597
0.432808 -0.244597 0.432808 -0.244597
0.439835 -0.244597 0.439835 -0.244597
0.446861 -0.244597 0.446861 -0.244597
0.453888 -0.244597 0.453888 -0.244597
0.460914 -0.244597 0.460914 -0.244597
0.467941 -0.244597 0.467941 -0.244597
0.474967 -0.244597 0.474967 -0.244597
0.481994 -0.244597 0.481994 -0.244597
-0.410375 -0.237296 -0.410375 -0.237296
-0.403348 -0.237296 -0.403348 -0.237296
-0.396322 -0.237296 -0.396322 -0.237296
-0.389295 -0.237296 -0.389295 -0.237296
-0.382269 -0.237296 -0.382269 -0.237296
-0.375242 -0.237296 -0.375242 -0.237296
-0.368216 -0.237296 -0.368216 -0.237296
-0.361189 -0.237296 -0.361189 -0.237296
-0.354163 -0.237296 -0.354163 -0.237296
-0.347136 -0.237296 -0.347136 -0.237296
-0.340110 -0.237296 -0.340110 -0.237296
-0.333083 -0.237296 -0.333083 -0.237296
-0.326057 -0.237296 -0.326057 -0.237296
-0.319030 -0.237296 -0.319030 -0.237296
-0.312003 -0.237296 -0.312003 -0.237296
-0.304977 -0.237296 -0.304977 -0.237296
-0.297950 -0.237296 -0.297950 -0.237296
-0.290924 -0.237296 -0.290924 -0.237296
-0.283897 -0.237296 -0.283897 -0.237296
-0.276871 -0.237296 -0.276871 -0.237296
-0.269844 -0.237296 -0.269844 -0.237296
-0.262818 -0.237296 -0.262818 -0.237296
-0.255791 -0.237296 -0.255791 -0.237296
-0.248765 -0.237296 -0.248765 -0.237296
-0.241738 -0.237296 -0.241738 -0.237296
-0.234712 -0.237296 -0.234712 -0.237296
-0.227685 -0.237296 -0.227685 -0.237296
-0.220659 -0.237296 -0.220659 -0.237296
-0.213632 -0.237296 -0.213632 -0.237296
-0.206606 -0.237296 -0.206606 -0.237296
-0.199579 -0.237296 -0.199579 -0.237296
-0.192553 -0.237296 -0.192553 -0.237296
-0.185526 -0.237296 -0.185526 -0.237296
-0.178499 -0.237296 -0.178499 -0.237296
-0.171473 -0.237296 -0.171473 -0.237296
-0.164446 -0.237296 -0.164446 -0.237296
-0.157420 -0.237296 -0.157420 -0.237296
-0.150393 -0.237296 -0.150393 -0.237296
-0.143367 -0.237296 -0.143367 -0.237296
-0.136340 -0.237296 -0.136340 -0.237296
-0.129314 -0.237296 -0.129314 -0.237296
-0.122287 -0.237296 -0.122287 -0.237296
-0.115261 -0.237296 -0.115261 -0.237296
-0.108234 -0.237296 -0.108234 -0.237296
-0.101208 -0.237296 -0.101208 -0.237296
-0.094181 -0.237296 -0.094181 -0.237296
-0.087155 -0.237296 -0.087155 -0.237296
-0.080128 -0.237296 -0.080128 -0.237296
-0.073102 -0.237296 -0.073102 -0.237296
-0.066075 -0.237296 -0.066075 -0.237296
-0.059049 -0.237296 -0.059049 -0.237296
-0.052022 -0.237296 -0.052022 -0.237296
-0.044996 -0.237296 -0.044996 -0.237296
-0.037969 -0.237296 -0.037969 -0.237296
-0.030942 -0.237296 -0.030942 -0.237296
-0.023916 -0.237296 -0.023916 -0.237296
-0.016889 -0.237296 -0.016889 -0.237296
-0.009863 -0.237296 -0.009863 -0.237296
-0.002836 -0.237296 -0.002836 -0.237296
0.004190 -0.237296 0.004190 -0.237296
0.011217 -0.237296 0.011217 -0.237296
0.018243 -0.237296 0.018243 -0.237296
0.025270 -0.237296 0.025270 -0.237296
0.032296 -0.237296 0.032296 -0.237296
0.039323 -0.237296 0.058264 -0.295593
0.046349 -0.237296 0.065294 -0.295604
0.053376 -0.237296 0.072324 -0.295615
0.060402 -0.237296 0.079354 -0.295626
0.067429 -0.237296 0.086385 -0.295637
0.074455 -0.237296 0.093415 -0.295648
0.081482 -0.237296 0.100445 -0.295659
0.088508 -0.237296 0.107476 -0.295670
0.095535 -0.237296 0.114506 -0.295681
0.102561 -0.237296 0.121536 -0.295692
0.109588 -0.237296 0.109588 -0.237296
0.116615 -0.237296 0.116615 -0.237296
0.123641 -0.237296 0.123641 -0.237296
0.130668 -0.237296 0.130668 -0.237296
0.137694 -0.237296 0.137694 -0.237296
0.144721 -0.237296 0.144721 -0.237296
0.151747 -0.237296 0.151747 -0.237296
0.158774 -0.237296 0.158774 -0.237296
0.165800 -0.237296 0.165800 -0.237296
0.172827 -0.237296 0.172827 -0.237296
0.179853 -0.237296 0.179853 -0.237296
0.186880 -0.237296 0.186880 -0.237296
0.193906 -0.237296 0.193906 -0.237296
0.200933 -0.237296 0.200933 -0.237296
0.207959 -0.237296 0.207959 -0.237296
0.214986 -0.237296 0.214986 -0.237296
0.222012 -0.237296 0.222012 -0.237296
0.229039 -0.237296 0.229039 -0.237296
0.236065 -0.237296 0.236065 -0.237296
0.243092 -0.237296 0.243092 -0.237296
0.250118 -0.237296 0.250118 -0.237296
0.257145 -0.237296 0.257145 -0.237296
0.264172 -0.237296 0.264172 -0.237296
0.271198 -0.237296 0.271198 -0.237296
0.278225 -0.237296 0.278225 -0.237296
0.285251 -0.237296 0.285251 -0.237296
0.292278 -0.237296 0.292278 -0.237296
0.299304 -0.237296 0.299304 -0.237296
0.306331 -0.237296 0.306331 -0.237296
0.313357 -0.237296 0.313357 -0.237296
0.320384 -0.237296 0.320384 -0.237296
0.327410 -0.237296 0.327410 -0.237296
0.334437 -0.237296 0.334437 -0.237296
0.341463 -0.237296 0.341463 -0.237296
0.348490 -0.237296 0.348490 -0.237296
0.355516 -0.237296 0.355516 -0.237296
0.362543 -0.237296 0.362543 -0.237296
0.369569 -0.237296 0.369569 -0.237296
0.376596 -0.237296 0.376596 -0.237296
0.383622 -0.237296 0.383622 -0.237296
0.390649 -0.237296 0.390649 -0.237296
0.397676 -0.237296 0.397676 -0.237296
0.404702 -0.237296 0.404702 -0.237296
0.411729 -0.237296 0.411729 -0.237296
0.418755 -0.237296 0.418755 -0.237296
0.425782 -0.237296 0.425782 -0.237296
0.432808 -0.237296 0.432808 -0.237296
0.439835 -0.237296 0.439835 -0.237296
0.446861 -0.237296 0.446861 -0.237296
0.453888 -0.237296 0.453888 -0.237296
0.460914 -0.237296 0.460914 -0.237296
0.467941 -0.237296 0.467941 -0.237296
0.474967 -0.237296 0.474967 -0.237296
0.481994 -0.237296 0.481994 -0.237296
-0.410375 -0.229995 -0.410375 -0.229995
-0.403348 -0.229995 -0.403348 -0.229995
-0.396322 -0.229995 -0.396322 -0.229995
-0.389295 -0.229995 -0.389295 -0.229995
-0.382269 -0.229995 -0.382269 -0.229995
-0.375242 -0.229995 -0.375242 -0.229995
-0.368216 -0.229995 -0.368216 -0.229995
-0.361189 -0.229995 -0.361189 -0.229995
-0.354163 -0.229995 -0.354163 -0.229995
-0.347136 -0.229995 -0.347136 -0.229995
-0.340110 -0.229995 -0.340110 -0.229995
-0.333083 -0.229995 -0.333083 -0.229995
-0.326057 -0.229995 -0.326057 -0.229995
-0.319030 -0.229995 -0.319030 -0.229995
-0.312003 -0.229995 -0.312003 -0.229995
-0.304977 -0.229995 -0.304977 -0.229995
-0.297950 -0.229995 -0.297950 -0.229995
-0.290924 -0.229995 -0.290924 -0.229995
-0.283897 -0.229995 -0.283897 -0.229995
-0.276871 -0.229995 -0.276871 -0.229995
-0.269844 -0.229995 -0.269844 -0.229995
-0.262818 -0.229995 -0.262818 -0.229995
-0.255791 -0.229995 -0.255791 -0.229995
-0.248765 -0.229995 -0.248765 -0.229995
-0.241738 -0.229995 -0.241738 -0.229995
-0.234712 -0.229995 -0.234712 -0.229995
-0.227685 -0.229995 -0.227685 -0.229995
-0.220659 -0.229995 -0.220659 -0.229995
-0.213632 -0.229995 -0.213632 -0.229995
-0.206606 -0.229995 -0.206606 -0.229995
-0.199579 -0.229995 -0.199579 -0.229995
-0.192553 -0.229995 -0.192553 -0.229995
-0.185526 -0.229995 -0.185526 -0.229995
-0.178499 -0.229995 -0.178499 -0.229995
-0.171473 -0.229995 -0.171473 -0.229995
-0.164446 -0.229995 -0.164446 -0.229995
-0.157420 -0.229995 -0.157420 -0.229995
-0.150393 -0.229995 -0.150393 -0.229995
-0.143367 -0.229995 -0.143367 -0.229995
-0.136340 -0.229995 -0.136340 -0.229995
-0.129314 -0.229995 -0.129314 -0.229995
-0.122287 -0.229995 -0.122287 -0.229995
-0.115261 -0.229995 -0.115261 -0.229995
-0.108234 -0.229995 -0.108234 -0.229995
-0.101208 -0.229995 -0.101208 -0.229995
-0.094181 -0.229995 -0.094181 -0.229995
-0.087155 -0.229995 -0.087155 -0.229995
-0.080128 -0.229995 -0.080128 -0.229995
-0.073102 -0.229995 -0.073102 -0.229995
-0.066075 -0.229995 -0.066075 -0.229995
-0.059049 -0.229995 -0.059049 -0.229995
-0.052022 -0.229995 -0.052022 -0.229995
-0.044996 -0.229995 -0.044996 -0.229995
-0.037969 -0.229995 -0.037969 -0.229995
-0.030942 -0.229995 -0.030942 -0.229995
-0.023916 -0.229995 -0.023916 -0.229995
-0.016889 -0.229995 -0.016889 -0.229995
-0.009863 -0.229995 -0.009863 -0.229995
-0.002836 -0.229995 -0.002836 -0.229995
0.004190 -0.229995 0.004190 -0.229995
0.011217 -0.229995 0.011217 -0.229995
0.018243 -0.229995 0.018243 -0.229995
0.025270 -0.229995 0.025270 -0.229995
0.032296 -0.229995 0.032296 -0.229995
0.039323 -0.229995 0.058253 -0.288256
0.046349 -0.229995 0.065283 -0.288267
0.053376 -0.229995 0.072313 -0.288278
0.060402 -0.229995 0.079343 -0.288289
0.067429 -0.229995 0.086373 -0.288300
0.074455 -0.229995 0.093403 -0.288311
0.081482 -0.229995 0.100434 -0.288322
0.088508 -0.229995 0.107464 -0.288333
0.095535 -0.229995 0.114494 -0.288344
0.102561 -0.229995 0.121524 -0.288355
0.109588 -0.229995 0.109588 -0.229995
0.116615 -0.229995 0.116615 -0.229995
0.123641 -0.229995 0.123641 -0.229995
0.130668 -0.229995 0.130668 -0.229995
0.137694 -0.229995 0.137694 -0.229995
0.144721 -0.229995 0.144721 -0.229995
0.151747 -0.229995 0.151747 -0.229995
0.158774 -0.229995 0.158774 -0.229995
0.165800 -0.229995 0.165800 -0.229995
0.172827 -0.229995 0.172827 -0.229995
0.179853 -0.229995 0.179853 -0.229995
0.186880 -0.229995 0.186880 -0.229995
0.193906 -0.229995 0.193906 -0.229995
0.200933 -0.229995 0.200933 -0.229995
0.207959 -0.229995 0.207959 -0.229995
0.214986 -0.229995 0.214986 -0.229995
0.222012 -0.229995 0.222012 -0.229995
0.229039 -0.229995 0.229039 -0.229995
0.236065 -0.229995 0.236065 -0.229995
0.243092 -0.229995 0.243092 -0.229995
0.250118 -0.229995 0.250118 -0.229995
0.257145 -0.229995 0.257145 -0.229995
0.264172 -0.229995 0.264172 -0.229995
0.271198 -0.229995 0.271198 -0.229995
0.278225 -0.229995 0.278225 -0.229995
0.285251 -0.229995 0.285251 -0.229995
0.292278 -0.229995 0.292278 -0.229995
0.299304 -0.229995 0.299304 -0.229995
0.306331 -0.229995 0.306331 -0.229995
0.313357 -0.229995 0.313357 -0.229995
0.320384 -0.229995 0.320384 -0.229995
0.327410 -0.229995 0.327410 -0.229995
0.334437 -0.229995 0.334437 -0.229995
0.341463 -0.229995 0.341463 -0.229995
0.348490 -0.229995 0.348490 -0.229995
0.355516 -0.229995 0.355516 -0.229995
0.362543 -0.229995 0.362543 -0.229995
0.369569 -0.229995 0.369569 -0.229995
0.376596 -0.229995 0.376596 -0.229995
0.383622 -0.229995 0.383622 -0.229995
0.390649 -0.229995 0.390649 -0.229995
0.397676 -0.229995 0.397676 -0.229995
0.404702 -0.229995 0.404702 -0.229995
0.411729 -0.229995 0.411729 -0.229995
0.418755 -0.229995 0.418755 -0.229995
0.425782 -0.229995 0.425782 -0.229995
0.432808 -0.229995 0.432808 -0.229995
0.439835 -0.229995 0.439835 -0.229995
0.446861 -0.229995 0.446861 -0.229995
0.453888 -0.229995 0.453888 -0.229995
0.460914 -0.229995 0.460914 -0.229995
0.467941 -0.229995 0.467941 -0.229995
0.474967 -0.229995 0.474967 -0.229995
0.481994 -0.229995 0.481994 -0.229995
-0.410375 -0.222693 -0.410375 -0.222693
-0.403348 -0.222693 -0.403348 -0.222693
-0.396322 -0.222693 -0.396322 -0.222693
-0.389295 -0.222693 -0.389295 -0.222693
-0.382269 -0.222693 -0.382269 -0.222693
-0.375242 -0.222693 -0.375242 -0.222693
-0.368216 -0.222693 -0.368216 -0.222693
-0.361189 -0.222693 -0.361189 -0.222693
-0.354163 -0.222693 -0.354163 -0.222693
-0.347136 -0.222693 -0.347136 -0.222693
-0.340110 -0.222693 -0.340110 -0.222693
-0.333083 -0.222693 -0.333083 -0.222693
-0.326057 -0.222693 -0.326057 -0.222693
-0.319030 -0.222693 -0.319030 -0.222693
-0.312003 -0.222693 -0.312003 -0.222693
-0.304977 -0.222693 -0.304977 -0.222693
-0.297950 -0.222693 -0.297950 -0.222693
-0.290924 -0.222693 -0.290924 -0.222693
-0.283897 -0.222693 -0.283897 -0.222693
-0.276871 -0.222693 -0.276871 -0.222693
-0.269844 -0.222693 -0.269844 -0.222693
-0.262818 -0.222693 -0.262818 -0.222693
-0.255791 -0.222693 -0.255791 -0.222693
-0.248765 -0.222693 -0.248765 -0.222693
-0.241738 -0.222693 -0.241738 -0.222693
-0.234712 -0.222693 -0.234712 -0.222693
-0.227685 -0.222693 -0.227685 -0.222693
-0.220659 -0.222693 -0.220659 -0.222693
-0.213632 -0.222693 -0.213632 -0.222693
-0.206606 -0.222693 -0.206606 -0.222693
-0.199579 -0.222693 -0.199579 -0.222693
-0.192553 -0.222693 -0.192553 -0.222693
-0.185526 -0.222693 -0.185526 -0.222693
-0.178499 -0.222693 -0.178499 -0.222693
-0.171473 -0.222693 -0.171473 -0.222693
-0.164446 -0.222693 -0.164446 -0.222693
-0.157420 -0.222693 -0.157420 -0.222693
-0.150393 -0.222693 -0.150393 -0.222693
-0.143367 -0.222693 -0.143367 -0.222693
-0.136340 -0.222693 -0.136340 -0.222693
-0.129314 -0.222693 -0.129314 -0.222693
-0.122287 -0.222693 -0.122287 -0.222693
-0.115261 -0.222693 -0.115261 -0.222693
-0.108234 -0.222693 -0.108234 -0.222693
-0.101208 -0.222693 -0.101208 -0.222693
-0.094181 -0.222693 -0.094181 -0.222693
-0.087155 -0.222693 -0.087155 -0.222693
-0.080128 -0.222693 -0.080128 -0.222693
-0.073102 -0.222693 -0.073102 -0.222693
-0.066075 -0.222693 -0.066075 -0.222693
-0.059049 -0.222693 -0.059049 -0.222693
-0.052022 -0.222693 -0.052022 -0.222693
-0.044996 -0.222693 -0.044996 -0.222693
-0.037969 -0.222693 -0.037969 -0.222693
-0.030942 -0.222693 -0.030942 -0.222693
-0.023916 -0.222693 -0.023916 -0.222693
-0.016889 -0.222693 -0.016889 -0.222693
-0.009863 -0.222693 -0.009863 -0.222693
-0.002836 -0.222693 -0.002836 -0.222693
0.004190 -0.222693 0.004190 -0.222693
0.011217 -0.222693 0.011217 -0.222693
0.018243 -0.222693 0.018243 -0.222693
0.025270 -0.222693 0.025270 -0.222693
0.032296 -0.222693 0.051211 -0.280909
0.039323 -0.222693 0.058241 -0.280920
0.046349 -0.222693 0.065271 -0.280931
0.053376 -0.222693 0.072301 -0.280942
0.060402 -0.222693 0.079332 -0.280953
0.067429 -0.222693 0.086362 -0.280964
0.074455 -0.222693 0.093392 -0.280975
0.081482 -0.222693 0.100423 -0.280986
0.088508 -0.222693 0.107453 -0.280997
0.095535 -0.222693 0.114483 -0.281008
0.102561 -0.222693 0.121513 -0.281019
0.109588 -0.222693 0.109588 -0.222693
0.116615 -0.222693 0.116615 -0.222693
0.123641 -0.222693 0.123641 -0.222693
0.130668 -0.222693 0.130668 -0.222693
0.137694 -0.222693 0.137694 -0.222693
0.144721 -0.222693 0.144721 -0.222693
0.151747 -0.222693 0.151747 -0.222693
0.158774 -0.222693 0.158774 -0.222693
0.165800 -0.222693 0.165800 -0.222693
0.172827 -0.222693 0.172827 -0.222693
0.179853 -0.222693 0.179853 -0.222693
0.186880 -0.222693 0.186880 -0.222693
0.193906 -0.222693 0.193906 -0.222693
0.200933 -0.222693 0.200933 -0.222693
0.207959 -0.222693 0.207959 -0.222693
0.214986 -0.222693 0.214986 -0.222693
0.222012 -0.222693 0.222012 -0.222693
0.229039 -0.222693 0.229039 -0.222693
0.236065 -0.222693 0.236065 -0.222693
0.243092 -0.222693 0.243092 -0.222693
0.250118 -0.222693 0.250118 -0.222693
0.257145 -0.222693 0.257145 -0.222693
0.264172 -0.222693 0.264172 -0.222693
0.271198 -0.222693 0.271198 -0.222693
0.278225 -0.222693 0.278225 -0.222693
0.285251 -0.222693 0.285251 -0.222693
0.292278 -0.222693 0.292278 -0.222693
0.299304 -0.222693 0.299304 -0.222693
0.306331 -0.222693 0.306331 -0.222693
0.313357 -0.222693 0.313357 -0.222693
0.320384 -0.222693 0.320384 -0.222693
0.327410 -0.222693 0.327410 -0.222693
0.334437 -0.222693 0.334437 -0.222693
0.341463 -0.222693 0.341463 -0.222693
0.348490 -0.222693 0.348490 -0.222693
0.355516 -0.222693 0.355516 -0.222693
0.362543 -0.222693 0.362543 -0.222693
0.369569 -0.222693 0.369569 -0.222693
0.376596 -0.222693 0.376596 -0.222693
0.383622 -0.222693 0.383622 -0.222693
0.390649 -0.222693 0.390649 -0.222693
0.397676 -0.222693 0.397676 -0.222693
0.404702 -0.222693 0.404702 -0.222693
0.411729 -0.222693 0.411729 -0.222693
0.418755 -0.222693 0.418755 -0.222693
0.425782 -0.222693 0.425782 -0.222693
0.432808 -0.222693 0.432808 -0.222693
0.439835 -0.222693 0.439835 -0.222693
0.446861 -0.222693 0.446861 -0.222693
0.453888 -0.222693 0.453888 -0.222693
0.460914 -0.222693 0.460914 -0.222693
0.467941 -0.222693 0.467941 -0.222693
0.474967 -0.222693 0.474967 -0.222693
0.481994 -0.222693 0.481994 -0.222693
-0.410375 -0.215392 -0.410375 -0.215392
-0.403348 -0.215392 -0.403348 -0.215392
-0.396322 -0.215392 -0.396322 -0.215392
-0.389295 -0.215392 -0.389295 -0.215392
-0.382269 -0.215392 -0.382269 -0.215392
-0.375242 -0.215392 -0.375242 -0.215392
-0.368216 -0.215392 -0.368216 -0.215392
-0.361189 -0.215392 -0.361189 -0.215392
-0.354163 -0.215392 -0.354163 -0.215392
-0.347136 -0.215392 -0.347136 -0.215392
-0.340110 -0.215392 -0.340110 -0.215392
-0.333083 -0.215392 -0.333083 -0.215392
-0.326057 -0.215392 -0.326057 -0.215392
-0.319030 -0.215392 -0.319030 -0.215392
-0.312003 -0.215392 -0.312003 -0.215392
-0.304977 -0.215392 -0.304977 -0.215392
-0.297950 -0.215392 -0.348101 -0.251829
-0.290924 -0.215392 -0.341050 -0.251811
-0.283897 -0.215392 -0.283897 -0.215392
-0.276871 -0.215392 -0.276871 -0.215392
-0.269844 -0.215392 -0.269844 -0.215392
-0.262818 -0.215392 -0.262818 -0.215392
-0.255791 -0.215392 -0.255791 -0.215392
-0.248765 -0.215392 -0.248765 -0.215392
-0.241738 -0.215392 -0.241738 -0.215392
-0.234712 -0.215392 -0.234712 -0.215392
-0.227685 -0.215392 -0.227685 -0.215392
-0.220659 -0.215392 -0.220659 -0.215392
-0.213632 -0.215392 -0.213632 -0.215392
-0.206606 -0.215392 -0.206606 -0.215392
-0.199579 -0.215392 -0.199579 -0.215392
-0.192553 -0.215392 -0.192553 -0.215392
-0.185526 -0.215392 -0.185526 -0.215392
-0.178499 -0.215392 -0.178499 -0.215392
-0.171473 -0.215392 -0.171473 -0.215392
-0.164446 -0.215392 -0.164446 -0.215392
-0.157420 -0.215392 -0.157420 -0.215392
-0.150393 -0.215392 -0.150393 -0.215392
-0.143367 -0.215392 -0.143367 -0.215392
-0.136340 -0.215392 -0.136340 -0.215392
-0.129314 -0.215392 -0.129314 -0.215392
-0.122287 -0.215392 -0.122287 -0.215392
-0.115261 -0.215392 -0.115261 -0.215392
-0.108234 -0.215392 -0.108234 -0.215392
-0.101208 -0.215392 -0.101208 -0.215392
-0.094181 -0.215392 -0.094181 -0.215392
-0.087155 -0.215392 -0.087155 -0.215392
-0.080128 -0.215392 -0.080128 -0.215392
-0.073102 -0.215392 -0.073102 -0.215392
-0.066075 -0.215392 -0.066075 -0.215392
-0.059049 -0.215392 -0.059049 -0.215392
-0.052022 -0.215392 -0.052022 -0.215392
-0.044996 -0.215392 -0.044996 -0.215392
-0.037969 -0.215392 -0.037969 -0.215392
-0.030942 -0.215392 -0.030942 -0.215392
-0.023916 -0.215392 -0.023916 -0.215392
-0.016889 -0.215392 -0.016889 -0.215392
-0.009863 -0.215392 -0.009863 -0.215392
-0.002836 -0.215392 -0.002836 -0.215392
0.004190 -0.215392 0.004190 -0.215392
0.011217 -0.215392 0.011217 -0.215392
0.018243 -0.215392 0.018243 -0.215392
0.025270 -0.215392 0.044170 -0.273561
0.032296 -0.215392 0.051200 -0.273572
0.039323 -0.215392 0.058230 -0.273583
0.046349 -0.215392 0.065260 -0.273594
0.053376 -0.215392 0.072290 -0.273605
0.060402 -0.215392 0.079320 -0.273616
0.067429 -0.215392 0.086350 -0.273627
0.074455 -0.215392 0.093381 -0.273638
0.081482 -0.215392 0.100411 -0.273649
0.088508 -0.215392 0.107441 -0.273660
0.095535 -0.215392 0.114471 -0.273671
0.102561 -0.215392 0.121501 -0.273682
0.109588 -0.215392 0.109588 -0.215392
0.116615 -0.215392 0.116615 -0.215392
0.123641 -0.215392 0.123641 -0.215392
0.130668 -0.215392 0.130668 -0.215392
0.137694 -0.215392 0.137694 -0.215392
0.144721 -0.215392 0.144721 -0.215392
0.151747 -0.215392 0.151747 -0.215392
0.158774 -0.215392 0.158774 -0.215392
0.165800 -0.215392 0.165800 -0.215392
0.172827 -0.215392 0.172827 -0.215392
0.179853 -0.215392 0.179853 -0.215392
0.186880 -0.215392 0.186880 -0.215392
0.193906 -0.215392 0.193906 -0.215392
0.200933 -0.215392 0.200933 -0.215392
0.207959 -0.215392 0.207959 -0.215392
0.214986 -0.215392 0.214986 -0.215392
0.222012 -0.215392 0.222012 -0.215392
0.229039 -0.215392 0.229039 -0.215392
0.236065 -0.215392 0.236065 -0.215392
0.243092 -0.215392 0.243092 -0.215392
0.250118 -0.215392 0.250118 -0.215392
0.257145 -0.215392 0.257145 -0.215392
0.264172 -0.215392 0.264172 -0.215392
0.271198 -0.215392 0.271198 -0.215392
0.278225 -0.215392 0.278225 -0.215392
0.285251 -0.215392 0.285251 -0.215392
0.292278 -0.215392 0.292278 -0.215392
0.299304 -0.215392 0.299304 -0.215392
0.306331 -0.215392 0.306331 -0.215392
0.313357 -0.215392 0.313357 -0.215392
0.320384 -0.215392 0.320384 -0.215392
0.327410 -0.215392 0.327410 -0.215392
0.334437 -0.215392 0.334437 -0.215392
0.341463 -0.215392 0.341463 -0.215392
0.348490 -0.215392 0.348490 -0.215392
0.355516 -0.215392 0.355516 -0.215392
0.362543 -0.215392 0.362543 -0.215392
0.369569 -0.215392 0.369569 -0.215392
0.376596 -0.215392 0.376596 -0.215392
0.383622 -0.215392 0.383622 -0.215392
0.390649 -0.215392 0.390649 -0.215392
0.397676 -0.215392 0.397676 -0.215392
0.404702 -0.215392 0.404702 -0.215392
0.411729 -0.215392 0.411729 -0.215392
0.418755 -0.215392 0.418755 -0.215392
0.425782 -0.215392 0.425782 -0.215392
0.432808 -0.215392 0.432808 -0.215392
0.439835 -0.215392 0.439835 -0.215392
0.446861 -0.215392 0.446861 -0.215392
0.453888 -0.215392 0.453888 -0.215392
0.460914 -0.215392 0.460914 -0.215392
0.467941 -0.215392 0.467941 -0.215392
0.474967 -0.215392 0.474967 -0.215392
0.481994 -0.215392 0.481994 -0.215392
-0.410375 -0.208090 -0.410375 -0.208090
-0.403348 -0.208090 -0.403348 -0.208090
-0.396322 -0.208090 -0.396322 -0.208090
-0.389295 -0.208090 -0.389295 -0.208090
-0.382269 -0.208090 -0.382269 -0.208090
-0.375242 -0.208090 -0.375242 -0.208090
-0.368216 -0.208090 -0.368216 -0.208090
-0.361189 -0.208090 -0.361189 -0.208090
-0.354163 -0.208090 -0.354163 -0.208090
-0.347136 -0.208090 -0.347136 -0.208090
-0.340110 -0.208090 -0.340110 -0.208090
-0.333083 -0.208090 -0.333083 -0.208090
-0.326057 -0.208090 -0.326057 -0.208090
-0.319030 -0.208090 -0.319030 -0.208090
-0.312003 -0.208090 -0.312003 -0.208090
-0.304977 -0.208090 -0.304977 -0.208090
-0.297950 -0.208090 -0.297950 -0.208090
-0.290924 -0.208090 -0.341031 -0.244496
-0.283897 -0.208090 -0.333980 -0.244478
-0.276871 -0.208090 -0.326929 -0.244460
-0.269844 -0.208090 -0.269844 -0.208090
-0.262818 -0.208090 -0.262818 -0.208090
-0.255791 -0.208090 -0.255791 -0.208090
-0.248765 -0.208090 -0.248765 -0.208090
-0.241738 -0.208090 -0.241738 -0.208090
-0.234712 -0.208090 -0.234712 -0.208090
-0.227685 -0.208090 -0.227685 -0.208090
-0.220659 -0.208090 -0.220659 -0.208090
-0.213632 -0.208090 -0.213632 -0.208090
-0.206606 -0.208090 -0.206606 -0.208090
-0.199579 -0.208090 -0.199579 -0.208090
-0.192553 -0.208090 -0.192553 -0.208090
-0.185526 -0.208090 -0.185526 -0.208090
-0.178499 -0.208090 -0.178499 -0.208090
-0.171473 -0.208090 -0.171473 -0.208090
-0.164446 -0.208090 -0.164446 -0.208090
-0.157420 -0.208090 -0.157420 -0.208090
-0.150393 -0.208090 -0.150393 -0.208090
-0.143367 -0.208090 -0.143367 -0.208090
-0.136340 -0.208090 -0.136340 -0.208090
-0.129314 -0.208090 -0.129314 -0.208090
-0.122287 -0.208090 -0.122287 -0.208090
-0.115261 -0.208090 -0.115261 -0.208090
-0.108234 -0.208090 -0.108234 -0.208090
-0.101208 -0.208090 -0.101208 -0.208090
-0.094181 -0.208090 -0.094181 -0.208090
-0.087155 -0.208090 -0.087155 -0.208090
-0.080128 -0.208090 -0.080128 -0.208090
-0.073102 -0.208090 -0.073102 -0.208090
-0.066075 -0.208090 -0.066075 -0.208090
-0.059049 -0.208090 -0.059049 -0.208090
-0.052022 -0.208090 -0.052022 -0.208090
-0.044996 -0.208090 -0.044996 -0.208090
-0.037969 -0.208090 -0.037969 -0.208090
-0.030942 -0.208090 -0.030942 -0.208090
-0.023916 -0.208090 -0.023916 -0.208090
-0.016889 -0.208090 -0.016889 -0.208090
-0.009863 -0.208090 -0.009863 -0.208090
-0.002836 -0.208090 -0.002836 -0.208090
0.004190 -0.208090 0.004190 -0.208090
0.011217 -0.208090 0.011217 -0.208090
0.018243 -0.208090 0.018243 -0.208090
0.025270 -0.208090 0.044158 -0.266224
0.032296 -0.208090 0.051188 -0.266235
0.039323 -0.208090 0.058218 -0.266246
0.046349 -0.208090 0.065248 -0.266257
0.053376 -0.208090 0.072279 -0.266268
0.060402 -0.208090 0.079309 -0.266279
0.067429 -0.208090 0.086339 -0.266290
0.074455 -0.208090 0.093370 -0.266301
0.081482 -0.208090 0.100400 -0.266312
0.088508 -0.208090 0.107430 -0.266323
0.095535 -0.208090 0.114460 -0.266334
0.102561 -0.208090 0.121490 -0.266345
0.109588 -0.208090 0.109588 -0.208090
0.116615 -0.208090 0.116615 -0.208090
0.123641 -0.208090 0.123641 -0.208090
0.130668 -0.208090 0.130668 -0.208090
0.137694 -0.208090 0.137694 -0.208090
0.144721 -0.208090 0.144721 -0.208090
0.151747 -0.208090 0.151747 -0.208090
0.158774 -0.208090 0.158774 -0.208090
0.165800 -0.208090 0.165800 -0.208090
0.172827 -0.208090 0.172827 -0.208090
0.179853 -0.208090 0.179853 -0.208090
0.186880 -0.208090 0.186880 -0.208090
0.193906 -0.208090 0.193906 -0.208090
0.200933 -0.208090 0.200933 -0.208090
0.207959 -0.208090 0.207959 -0.208090
0.214986 -0.208090 0.214986 -0.208090
0.222012 -0.208090 0.222012 -0.208090
0.229039 -0.208090 0.229039 -0.208090
0.236065 -0.208090 0.236065 -0.208090
0.243092 -0.208090 0.243092 -0.208090
0.250118 -0.208090 0.250118 -0.208090
0.257145 -0.208090 0.257145 -0.208090
0.264172 -0.208090 0.264172 -0.208090
0.271198 -0.208090 0.271198 -0.208090
0.278225 -0.208090 0.278225 -0.208090
0.285251 -0.208090 0.285251 -0.208090
0.292278 -0.208090 0.292278 -0.208090
0.299304 -0.208090 0.299304 -0.208090
0.306331 -0.208090 0.306331 -0.208090
0.313357 -0.208090 0.313357 -0.208090
0.320384 -0.208090 0.320384 -0.208090
0.327410 -0.208090 0.327410 -0.208090
0.334437 -0.208090 0.334437 -0.208090
0.341463 -0.208090 0.341463 -0.208090
0.348490 -0.208090 0.348490 -0.208090
0.355516 -0.208090 0.355516 -0.208090
0.362543 -0.208090 0.362543 -0.208090
0.369569 -0.208090 0.369569 -0.208090
0.376596 -0.208090 0.376596 -0.208090
0.383622 -0.208090 0.383622 -0.208090
0.390649 -0.208090 0.390649 -0.208090
0.397676 -0.208090 0.397676 -0.208090
0.404702 -0.208090 0.404702 -0.208090
0.411729 -0.208090 0.411729 -0.208090
0.418755 -0.208090 0.418755 -0.208090
0.425782 -0.208090 0.425782 -0.208090
0.432808 -0.208090 0.432808 -0.208090
0.439835 -0.208090 0.439835 -0.208090
0.446861 -0.208090 0.446861 -0.208090
0.453888 -0.208090 0.453888 -0.208090
0.460914 -0.208090 0.460914 -0.208090
0.467941 -0.208090 0.467941 -0.208090
0.474967 -0.208090 0.474967 -0.208090
0.481994 -0.208090 0.481994 -0.208090
-0.410375 -0.200789 -0.410375 -0.200789
-0.403348 -0.200789 -0.403348 -0.200789
-0.396322 -0.200789 -0.396322 -0.200789
-0.389295 -0.200789 -0.389295 -0.200789
-0.382269 -0.200789 -0.382269 -0.200789
-0.375242 -0.200789 -0.375242 -0.200789
-0.368216 -0.200789 -0.368216 -0.200789
-0.361189 -0.200789 -0.361189 -0.200789
-0.354163 -0.200789 -0.354163 -0.200789
-0.347136 -0.200789 -0.347136 -0.200789
-0.340110 -0.200789 -0.340110 -0.200789
-0.333083 -0.200789 -0.333083 -0.200789
-0.326057 -0.200789 -0.326057 -0.200789
-0.319030 -0.200789 -0.319030 -0.200789
-0.312003 -0.200789 -0.312003 -0.200789
-0.304977 -0.200789 -0.304977 -0.200789
-0.297950 -0.200789 -0.297950 -0.200789
-0.290924 -0.200789 -0.290924 -0.200789
-0.283897 -0.200789 -0.333962 -0.237163
-0.276871 -0.200789 -0.326911 -0.237146
-0.269844 -0.200789 -0.319860 -0.237127
-0.262818 -0.200789 -0.312809 -0.237109
-0.255791 -0.200789 -0.305758 -0.237092
-0.248765 -0.200789 -0.248765 -0.200789
-0.241738 -0.200789 -0.241738 -0.200789
-0.234712 -0.200789 -0.234712 -0.200789
-0.227685 -0.200789 -0.227685 -0.200789
-0.220659 -0.200789 -0.220659 -0.200789
-0.213632 -0.200789 -0.213632 -0.200789
-0.206606 -0.200789 -0.206606 -0.200789
-0.199579 -0.200789 -0.199579 -0.200789
-0.192553 -0.200789 -0.192553 -0.200789
-0.185526 -0.200789 -0.185526 -0.200789
-0.178499 -0.200789 -0.178499 -0.200789
-0.171473 -0.200789 -0.171473 -0.200789
-0.164446 -0.200789 -0.164446 -0.200789
-0.157420 -0.200789 -0.157420 -0.200789
-0.150393 -0.200789 -0.150393 -0.200789
-0.143367 -0.200789 -0.143367 -0.200789
-0.136340 -0.200789 -0.136340 -0.200789
-0.129314 -0.200789 -0.129314 -0.200789
-0.122287 -0.200789 -0.122287 -0.200789
-0.115261 -0.200789 -0.115261 -0.200789
-0.108234 -0.200789 -0.108234 -0.200789
-0.101208 -0.200789 -0.101208 -0.200789
-0.094181 -0.200789 -0.094181 -0.200789
-0.087155 -0.200789 -0.087155 -0.200789
-0.080128 -0.200789 -0.080128 -0.200789
-0.073102 -0.200789 -0.073102 -0.200789
-0.066075 -0.200789 -0.066075 -0.200789
-0.059049 -0.200789 -0.059049 -0.200789
-0.052022 -0.200789 -0.052022 -0.200789
-0.044996 -0.200789 -0.044996 -0.200789
-0.037969 -0.200789 -0.037969 -0.200789
-0.030942 -0.200789 -0.030942 -0.200789
-0.023916 -0.200789 -0.023916 -0.200789
-0.016889 -0.200789 -0.016889 -0.200789
-0.009863 -0.200789 -0.009863 -0.200789
-0.002836 -0.200789 -0.002836 -0.200789
0.004190 -0.200789 0.004190 -0.200789
0.011217 -0.200789 0.011217 -0.200789
0.018243 -0.200789 0.037117 -0.258877
0.025270 -0.200789 0.044147 -0.258888
0.032296 -0.200789 0.051177 -0.258899
0.039323 -0.200789 0.058207 -0.258910
0.046349 -0.200789 0.065237 -0.258921
0.053376 -0.200789 0.072267 -0.258932
0.060402 -0.200789 0.079297 -0.258943
0.067429 -0.200789 0.086328 -0.258954
0.074455 -0.200789 0.093358 -0.258965
0.081482 -0.200789 0.100388 -0.258976
0.088508 -0.200789 0.107418 -0.258987
0.095535 -0.200789 0.114448 -0.258998
0.102561 -0.200789 0.121479 -0.259009
0.109588 -0.200789 0.109588 -0.200789
0.116615 -0.200789 0.116615 -0.200789
0.123641 -0.200789 0.123641 -0.200789
0.130668 -0.200789 0.130668 -0.200789
0.137694 -0.200789 0.137694 -0.200789
0.144721 -0.200789 0.144721 -0.200789
0.151747 -0.200789 0.151747 -0.200789
0.158774 -0.200789 0.158774 -0.200789
0.165800 -0.200789 0.165800 -0.200789
0.172827 -0.200789 0.172827 -0.200789
0.179853 -0.200789 0.179853 -0.200789
0.186880 -0.200789 0.186880 -0.200789
0.193906 -0.200789 0.193906 -0.200789
0.200933 -0.200789 0.200933 -0.200789
0.207959 -0.200789 0.207959 -0.200789
0.214986 -0.200789 0.214986 -0.200789
0.222012 -0.200789 0.222012 -0.200789
0.229039 -0.200789 0.229039 -0.200789
0.236065 -0.200789 0.236065 -0.200789
0.243092 -0.200789 0.243092 -0.200789
0.250118 -0.200789 0.250118 -0.200789
0.257145 -0.200789 0.257145 -0.200789
0.264172 -0.200789 0.264172 -0.200789
0.271198 -0.200789 0.271198 -0.200789
0.278225 -0.200789 0.278225 -0.200789
0.285251 -0.200789 0.285251 -0.200789
0.292278 -0.200789 0.292278 -0.200789
0.299304 -0.200789 0.299304 -0.200789
0.306331 -0.200789 0.306331 -0.200789
0.313357 -0.200789 0.313357 -0.200789
0.320384 -0.200789 0.320384 -0.200789
0.327410 -0.200789 0.327410 -0.200789
0.334437 -0.200789 0.334437 -0.200789
0.341463 -0.200789 0.341463 -0.200789
0.348490 -0.200789 0.348490 -0.200789
0.355516 -0.200789 0.355516 -0.200789
0.362543 -0.200789 0.362543 -0.200789
0.369569 -0.200789 0.369569 -0.200789
0.376596 -0.200789 0.376596 -0.200789
0.383622 -0.200789 0.383622 -0.200789
0.390649 -0.200789 0.390649 -0.200789
0.397676 -0.200789 0.397676 -0.200789
0.404702 -0.200789 0.404702 -0.200789
0.411729 -0.200789 0.411729 -0.200789
0.418755 -0.200789 0.418755 -0.200789
0.425782 -0.200789 0.425782 -0.200789
0.432808 -0.200789 0.432808 -0.200789
0.439835 -0.200789 0.439835 -0.200789
0.446861 -0.200789 0.446861 -0.200789
0.453888 -0.200789 0.453888 -0.200789
0.460914 -0.200789 0.460914 -0.200789
0.467941 -0.200789 0.467941 -0.200789
0.474967 -0.200789 0.474967 -0.200789
0.481994 -0.200789 0.481994 -0.200789
-0.410375 -0.193487 -0.410375 -0.193487
-0.403348 -0.193487 -0.403348 -0.193487
-0.396322 -0.193487 -0.396322 -0.193487
-0.389295 -0.193487 -0.389295 -0.193487
-0.382269 -0.193487 -0.382269 -0.193487
-0.375242 -0.193487 -0.375242 -0.193487
-0.368216 -0.193487 -0.368216 -0.193487
-0.361189 -0.193487 -0.361189 -0.193487
-0.354163 -0.193487 -0.354163 -0.193487
-0.347136 -0.193487 -0.347136 -0.193487
-0.340110 -0.193487 -0.340110 -0.193487
-0.333083 -0.193487 -0.333083 -0.193487
-0.326057 -0.193487 -0.326057 -0.193487
-0.319030 -0.193487 -0.319030 -0.193487
-0.312003 -0.193487 -0.312003 -0.193487
-0.304977 -0.193487 -0.304977 -0.193487
-0.297950 -0.193487 -0.297950 -0.193487
-0.290924 -0.193487 -0.290924 -0.193487
-0.283897 -0.193487 -0.283897 -0.193487
-0.276871 -0.193487 -0.326892 -0.229831
-0.269844 -0.193487 -0.319841 -0.229813
-0.262818 -0.193487 -0.312790 -0.229795
-0.255791 -0.193487 -0.305739 -0.229777
-0.248765 -0.193487 -0.298688 -0.229759
-0.241738 -0.193487 -0.291637 -0.229741
-0.234712 -0.193487 -0.284586 -0.229723
-0.227685 -0.193487 -0.227685 -0.193487
-0.220659 -0.193487 -0.220659 -0.193487
-0.213632 -0.193487 -0.213632 -0.193487
-0.206606 -0.193487 -0.206606 -0.193487
-0.199579 -0.193487 -0.199579 -0.193487
-0.192553 -0.193487 -0.192553 -0.193487
-0.185526 -0.193487 -0.185526 -0.193487
-0.178499 -0.193487 -0.178499 -0.193487
-0.171473 -0.193487 -0.171473 -0.193487
-0.164446 -0.193487 -0.164446 -0.193487
-0.157420 -0.193487 -0.157420 -0.193487
-0.150393 -0.193487 -0.150393 -0.193487
-0.143367 -0.193487 -0.143367 -0.193487
-0.136340 -0.193487 -0.136340 -0.193487
-0.129314 -0.193487 -0.129314 -0.193487
-0.122287 -0.193487 -0.122287 -0.193487
-0.115261 -0.193487 -0.115261 -0.193487
-0.108234 -0.193487 -0.108234 -0.193487
-0.101208 -0.193487 -0.101208 -0.193487
-0.094181 -0.193487 -0.094181 -0.193487
-0.087155 -0.193487 -0.087155 -0.193487
-0.080128 -0.193487 -0.080128 -0.193487
-0.073102 -0.193487 -0.073102 -0.193487
-0.066075 -0.193487 -0.066075 -0.193487
-0.059049 -0.193487 -0.059049 -0.193487
-0.052022 -0.193487 -0.052022 -0.193487
-0.044996 -0.193487 -0.044996 -0.193487
-0.037969 -0.193487 -0.037969 -0.193487
-0.030942 -0.193487 -0.030942 -0.193487
-0.023916 -0.193487 -0.023916 -0.193487
-0.016889 -0.193487 -0.016889 -0.193487
-0.009863 -0.193487 -0.009863 -0.193487
-0.002836 -0.193487 -0.002836 -0.193487
0.004190 -0.193487 0.004190 -0.193487
0.011217 -0.193487 0.030075 -0.251529
0.018243 -0.193487 0.037105 -0.251540
0.025270 -0.193487 0.044135 -0.251551
0.032296 -0.193487 0.051165 -0.251562
0.039323 -0.193487 0.058195 -0.251573
0.046349 -0.193487 0.065226 -0.251584
0.053376 -0.193487 0.072256 -0.251595
0.060402 -0.193487 0.079286 -0.251606
0.067429 -0.193487 0.086317 -0.251617
0.074455 -0.193487 0.093347 -0.251628
0.081482 -0.193487 0.100377 -0.251639
0.088508 -0.193487 0.107407 -0.251650
0.095535 -0.193487 0.114437 -0.251661
0.102561 -0.193487 0.121467 -0.251672
0.109588 -0.193487 0.109588 -0.193487
0.116615 -0.193487 0.116615 -0.193487
0.123641 -0.193487 0.123641 -0.193487
0.130668 -0.193487 0.130668 -0.193487
0.137694 -0.193487 0.137694 -0.193487
0.144721 -0.193487 0.144721 -0.193487
0.151747 -0.193487 0.151747 -0.193487
0.158774 -0.193487 0.158774 -0.193487
0.165800 -0.193487 0.165800 -0.193487
0.172827 -0.193487 0.172827 -0.193487
0.179853 -0.193487 0.179853 -0.193487
0.186880 -0.193487 0.186880 -0.193487
0.193906 -0.193487 0.193906 -0.193487
0.200933 -0.193487 0.200933 -0.193487
0.207959 -0.193487 0.207959 -0.193487
0.214986 -0.193487 0.214986 -0.193487
0.222012 -0.193487 0.222012 -0.193487
0.229039 -0.193487 0.229039 -0.193487
0.236065 -0.193487 0.236065 -0.193487
0.243092 -0.193487 0.243092 -0.193487
0.250118 -0.193487 0.250118 -0.193487
0.257145 -0.193487 0.257145 -0.193487
0.264172 -0.193487 0.264172 -0.193487
0.271198 -0.193487 0.271198 -0.193487
0.278225 -0.193487 0.278225 -0.193487
0.285251 -0.193487 0.285251 -0.193487
0.292278 -0.193487 0.292278 -0.193487
0.299304 -0.193487 0.299304 -0.193487
0.306331 -0.193487 0.306331 -0.193487
0.313357 -0.193487 0.313357 -0.193487
0.320384 -0.193487 0.320384 -0.193487
0.327410 -0.193487 0.327410 -0.193487
0.334437 -0.193487 0.334437 -0.193487
0.341463 -0.193487 0.341463 -0.193487
0.348490 -0.193487 0.348490 -0.193487
0.355516 -0.193487 0.355516 -0.193487
0.362543 -0.193487 0.362543 -0.193487
0.369569 -0.193487 0.369569 -0.193487
0.376596 -0.193487 0.376596 -0.193487
0.383622 -0.193487 0.383622 -0.193487
0.390649 -0.193487 0.390649 -0.193487
0.397676 -0.193487 0.397676 -0.193487
0.404702 -0.193487 0.404702 -0.193487
0.411729 -0.193487 0.411729 -0.193487
0.418755 -0.193487 0.418755 -0.193487
0.425782 -0.193487 0.425782 -0.193487
0.432808 -0.193487 0.432808 -0.193487
0.439835 -0.193487 0.439835 -0.193487
0.446861 -0.193487 0.446861 -0.193487
0.453888 -0.193487 0.453888 -0.193487
0.460914 -0.193487 0.460914 -0.193487
0.467941 -0.193487 0.467941 -0.193487
0.474967 -0.193487 0.474967 -0.193487
0.481994 -0.193487 0.481994 -0.193487
-0.410375 -0.186186 -0.410375 -0.186186
-0.403348 -0.186186 -0.403348 -0.186186
-0.396322 -0.186186 -0.396322 -0.186186
-0.389295 -0.186186 -0.389295 -0.186186
-0.382269 -0.186186 -0.382269 -0.186186
-0.375242 -0.186186 -0.375242 -0.186186
-0.368216 -0.186186 -0.368216 -0.186186
-0.361189 -0.186186 -0.361189 -0.186186
-0.354163 -0.186186 -0.354163 -0.186186
-0.347136 -0.186186 -0.347136 -0.186186
-0.340110 -0.186186 -0.340110 -0.186186
-0.333083 -0.186186 -0.333083 -0.186186
-0.326057 -0.186186 -0.326057 -0.186186
-0.319030 -0.186186 -0.319030 -0.186186
-0.312003 -0.186186 -0.312003 -0.186186
-0.304977 -0.186186 -0.304977 -0.186186
-0.297950 -0.186186 -0.297950 -0.186186
-0.290924 -0.186186 -0.290924 -0.186186
-0.283897 -0.186186 -0.283897 -0.186186
-0.276871 -0.186186 -0.276871 -0.186186
-0.269844 -0.186186 -0.319822 -0.222498
-0.262818 -0.186186 -0.312771 -0.222480
-0.255791 -0.186186 -0.305721 -0.222462
-0.248765 -0.186186 -0.298670 -0.222444
-0.241738 -0.186186 -0.291619 -0.222426
-0.234712 -0.186186 -0.284567 -0.222408
-0.227685 -0.186186 -0.277516 -0.222391
-0.220659 -0.186186 -0.270465 -0.222373
-0.213632 -0.186186 -0.213632 -0.186186
-0.206606 -0.186186 -0.206606 -0.186186
-0.199579 -0.186186 -0.199579 -0.186186
-0.192553 -0.186186 -0.192553 -0.186186
-0.185526 -0.186186 -0.185526 -0.186186
-0.178499 -0.186186 -0.178499 -0.186186
-0.171473 -0.186186 -0.171473 -0.186186
-0.164446 -0.186186 -0.164446 -0.186186
-0.157420 -0.186186 -0.157420 -0.186186
-0.150393 -0.186186 -0.150393 -0.186186
-0.143367 -0.186186 -0.143367 -0.186186
-0.136340 -0.186186 -0.136340 -0.186186
-0.129314 -0.186186 -0.129314 -0.186186
-0.122287 -0.186186 -0.122287 -0.186186
-0.115261 -0.186186 -0.115261 -0.186186
-0.108234 -0.186186 -0.108234 -0.186186
-0.101208 -0.186186 -0.101208 -0.186186
-0.094181 -0.186186 -0.094181 -0.186186
-0.087155 -0.186186 -0.087155 -0.186186
-0.080128 -0.186186 -0.080128 -0.186186
-0.073102 -0.186186 -0.073102 -0.186186
-0.066075 -0.186186 -0.066075 -0.186186
-0.059049 -0.186186 -0.059049 -0.186186
-0.052022 -0.186186 -0.052022 -0.186186
-0.044996 -0.186186 -0.044996 -0.186186
-0.037969 -0.186186 -0.037969 -0.186186
-0.030942 -0.186186 -0.030942 -0.186186
-0.023916 -0.186186 -0.023916 -0.186186
-0.016889 -0.186186 -0.016889 -0.186186
-0.009863 -0.186186 -0.009863 -0.186186
-0.002836 -0.186186 -0.002836 -0.186186
0.004190 -0.186186 0.004190 -0.186186
0.011217 -0.186186 0.030064 -0.244192
0.018243 -0.186186 0.037094 -0.244203
0.025270 -0.186186 0.044124 -0.244214
0.032296 -0.186186 0.051154 -0.244225
0.039323 -0.186186 0.058184 -0.244236
0.046349 -0.186186 0.065214 -0.244247
0.053376 -0.186186 0.072244 -0.244258
0.060402 -0.186186 0.079274 -0.244269
0.067429 -0.186186 0.086305 -0.244280
0.074455 -0.186186 0.093335 -0.244291
0.081482 -0.186186 0.100365 -0.244302
0.088508 -0.186186 0.107395 -0.244313
0.095535 -0.186186 0.114426 -0.244324
0.102561 -0.186186 0.121456 -0.244335
0.109588 -0.186186 0.109588 -0.186186
0.116615 -0.186186 0.116615 -0.186186
0.123641 -0.186186 0.123641 -0.186186
0.130668 -0.186186 0.130668 -0.186186
0.137694 -0.186186 0.137694 -0.186186
0.144721 -0.186186 0.144721 -0.186186
0.151747 -0.186186 0.151747 -0.186186
0.158774 -0.186186 0.158774 -0.186186
0.165800 -0.186186 0.165800 -0.186186
0.172827 -0.186186 0.172827 -0.186186
0.179853 -0.186186 0.179853 -0.186186
0.186880 -0.186186 0.186880 -0.186186
0.193906 -0.186186 0.193906 -0.186186
0.200933 -0.186186 0.200933 -0.186186
0.207959 -0.186186 0.207959 -0.186186
0.214986 -0.186186 0.214986 -0.186186
0.222012 -0.186186 0.222012 -0.186186
0.229039 -0.186186 0.229039 -0.186186
0.236065 -0.186186 0.236065 -0.186186
0.243092 -0.186186 0.243092 -0.186186
0.250118 -0.186186 0.250118 -0.186186
0.257145 -0.186186 0.257145 -0.186186
0.264172 -0.186186 0.264172 -0.186186
0.271198 -0.186186 0.271198 -0.186186
0.278225 -0.186186 0.278225 -0.186186
0.285251 -0.186186 0.285251 -0.186186
0.292278 -0.186186 0.292278 -0.186186
0.299304 -0.186186 0.299304 -0.186186
0.306331 -0.186186 0.306331 -0.186186
0.313357 -0.186186 0.313357 -0.186186
0.320384 -0.186186 0.320384 -0.186186
0.327410 -0.186186 0.327410 -0.186186
0.334437 -0.186186 0.334437 -0.186186
0.341463 -0.186186 0.341463 -0.186186
0.348490 -0.186186 0.348490 -0.186186
0.355516 -0.186186 0.355516 -0.186186
0.362543 -0.186186 0.362543 -0.186186
0.369569 -0.186186 0.369569 -0.186186
0.376596 -0.186186 0.376596 -0.186186
0.383622 -0.186186 0.383622 -0.186186
0.390649 -0.186186 0.390649 -0.186186
0.397676 -0.186186 0.397676 -0.186186
0.404702 -0.186186 0.404702 -0.186186
0.411729 -0.186186 0.411729 -0.186186
0.418755 -0.186186 0.418755 -0.186186
0.425782 -0.186186 0.425782 -0.186186
0.432808 -0.186186 0.432808 -0.186186
0.439835 -0.186186 0.439835 -0.186186
0.446861 -0.186186 0.446861 -0.186186
0.453888 -0.186186 0.453888 -0.186186
0.460914 -0.186186 0.460914 -0.186186
0.467941 -0.186186 0.467941 -0.186186
0.474967 -0.186186 0.474967 -0.186186
0.481994 -0.186186 0.481994 -0.186186
-0.410375 -0.178885 -0.410375 -0.178885
-0.403348 -0.178885 -0.403348 -0.178885
-0.396322 -0.178885 -0.396322 -0.178885
-0.389295 -0.178885 -0.389295 -0.178885
-0.382269 -0.178885 -0.382269 -0.178885
-0.375242 -0.178885 -0.375242 -0.178885
-0.368216 -0.178885 -0.368216 -0.178885
-0.361189 -0.178885 -0.361189 -0.178885
-0.354163 -0.178885 -0.354163 -0.178885
-0.347136 -0.178885 -0.347136 -0.178885
-0.340110 -0.178885 -0.340110 -0.178885
-0.333083 -0.178885 -0.333083 -0.178885
-0.326057 -0.178885 -0.326057 -0.178885
-0.319030 -0.178885 -0.319030 -0.178885
-0.312003 -0.178885 -0.312003 -0.178885
-0.304977 -0.178885 -0.304977 -0.178885
-0.297950 -0.178885 -0.297950 -0.178885
-0.290924 -0.178885 -0.290924 -0.178885
-0.283897 -0.178885 -0.283897 -0.178885
-0.276871 -0.178885 -0.276871 -0.178885
-0.269844 -0.178885 -0.269844 -0.178885
-0.262818 -0.178885 -0.312753 -0.215165
-0.255791 -0.178885 -0.305702 -0.215148
-0.248765 -0.178885 -0.298651 -0.215130
-0.241738 -0.178885 -0.291600 -0.215111
-0.234712 -0.178885 -0.284549 -0.215094
-0.227685 -0.178885 -0.277498 -0.215076
-0.220659 -0.178885 -0.270447 -0.215058
-0.213632 -0.178885 -0.263396 -0.215040
-0.206606 -0.178885 -0.256345 -0.215022
-0.199579 -0.178885 -0.249294 -0.215004
-0.192553 -0.178885 -0.192553 -0.178885
-0.185526 -0.178885 -0.185526 -0.178885
-0.178499 -0.178885 -0.178499 -0.178885
-0.171473 -0.178885 -0.171473 -0.178885
-0.164446 -0.178885 -0.164446 -0.178885
-0.157420 -0.178885 -0.157420 -0.178885
-0.150393 -0.178885 -0.150393 -0.178885
-0.143367 -0.178885 -0.143367 -0.178885
-0.136340 -0.178885 -0.136340 -0.178885
-0.129314 -0.178885 -0.129314 -0.178885
-0.122287 -0.178885 -0.122287 -0.178885
-0.115261 -0.178885 -0.115261 -0.178885
-0.108234 -0.178885 -0.108234 -0.178885
-0.101208 -0.178885 -0.101208 -0.178885
-0.094181 -0.178885 -0.094181 -0.178885
-0.087155 -0.178885 -0.087155 -0.178885
-0.080128 -0.178885 -0.080128 -0.178885
-0.073102 -0.178885 -0.073102 -0.178885
-0.066075 -0.178885 -0.066075 -0.178885
-0.059049 -0.178885 -0.059049 -0.178885
-0.052022 -0.178885 -0.052022 -0.178885
-0.044996 -0.178885 -0.044996 -0.178885
-0.037969 -0.178885 -0.037969 -0.178885
-0.030942 -0.178885 -0.030942 -0.178885
-0.023916 -0.178885 -0.023916 -0.178885
-0.016889 -0.178885 -0.016889 -0.178885
-0.009863 -0.178885 -0.009863 -0.178885
-0.002836 -0.178885 -0.002836 -0.178885
0.004190 -0.178885 0.023022 -0.236845
0.011217 -0.178885 0.030052 -0.236856
0.018243 -0.178885 0.037082 -0.236867
0.025270 -0.178885 0.044112 -0.236878
0.032296 -0.178885 0.051142 -0.236889
0.039323 -0.178885 0.058173 -0.236900
0.046349 -0.178885 0.065203 -0.236911
0.053376 -0.178885 0.072233 -0.236922
0.060402 -0.178885 0.079264 -0.236933
0.067429 -0.178885 0.086294 -0.236944
0.074455 -0.178885 0.093324 -0.236955
0.081482 -0.178885 0.100354 -0.236966
0.088508 -0.178885 0.107384 -0.236977
0.095535 -0.178885 0.114414 -0.236988
0.102561 -0.178885 0.121444 -0.236999
0.109588 -0.178885 0.109588 -0.178885
0.116615 -0.178885 0.116615 -0.178885
0.123641 -0.178885 0.123641 -0.178885
0.130668 -0.178885 0.130668 -0.178885
0.137694 -0.178885 0.137694 -0.178885
0.144721 -0.178885 0.144721 -0.178885
0.151747 -0.178885 0.151747 -0.178885
0.158774 -0.178885 0.158774 -0.178885
0.165800 -0.178885 0.165800 -0.178885
0.172827 -0.178885 0.172827 -0.178885
0.179853 -0.178885 0.179853 -0.178885
0.186880 -0.178885 0.186880 -0.178885
0.193906 -0.178885 0.193906 -0.178885
0.200933 -0.178885 0.200933 -0.178885
0.207959 -0.178885 0.207959 -0.178885
0.214986 -0.178885 0.214986 -0.178885
0.222012 -0.178885 0.222012 -0.178885
0.229039 -0.178885 0.229039 -0.178885
0.236065 -0.178885 0.236065 -0.178885
0.243092 -0.178885 0.243092 -0.178885
0.250118 -0.178885 0.250118 -0.178885
0.257145 -0.178885 0.257145 -0.178885
0.264172 -0.178885 0.264172 -0.178885
0.271198 -0.178885 0.271198 -0.178885
0.278225 -0.178885 0.278225 -0.178885
0.285251 -0.178885 0.285251 -0.178885
0.292278 -0.178885 0.292278 -0.178885
0.299304 -0.178885 0.299304 -0.178885
0.306331 -0.178885 0.306331 -0.178885
0.313357 -0.178885 0.313357 -0.178885
0.320384 -0.178885 0.320384 -0.178885
0.327410 -0.178885 0.327410 -0.178885
0.334437 -0.178885 0.334437 -0.178885
0.341463 -0.178885 0.341463 -0.178885
0.348490 -0.178885 0.348490 -0.178885
0.355516 -0.178885 0.355516 -0.178885
0.362543 -0.178885 0.362543 -0.178885
0.369569 -0.178885 0.369569 -0.178885
0.376596 -0.178885 0.376596 -0.178885
0.383622 -0.178885 0.383622 -0.178885
0.390649 -0.178885 0.390649 -0.178885
0.397676 -0.178885 0.397676 -0.178885
0.404702 -0.178885 0.404702 -0.178885
0.411729 -0.178885 0.411729 -0.178885
0.418755 -0.178885 0.418755 -0.178885
0.425782 -0.178885 0.425782 -0.178885
0.432808 -0.178885 0.432808 -0.178885
0.439835 -0.178885 0.439835 -0.178885
0.446861 -0.178885 0.446861 -0.178885
0.453888 -0.178885 0.453888 -0.178885
0.460914 -0.178885 0.460914 -0.178885
0.467941 -0.178885 0.467941 -0.178885
0.474967 -0.178885 0.474967 -0.178885
0.481994 -0.178885 0.481994 -0.178885
-0.410375 -0.171583 -0.410375 -0.171583
-0.403348 -0.171583 -0.403348 -0.171583
-0.396322 -0.171583 -0.396322 -0.171583
-0.389295 -0.171583 -0.389295 -0.171583
-0.382269 -0.171583 -0.382269 -0.171583
-0.375242 -0.171583 -0.375242 -0.171583
-0.368216 -0.171583 -0.368216 -0.171583
-0.361189 -0.171583 -0.361189 -0.171583
-0.354163 -0.171583 -0.354163 -0.171583
-0.347136 -0.171583 -0.347136 -0.171583
-0.340110 -0.171583 -0.340110 -0.171583
-0.333083 -0.171583 -0.333083 -0.171583
-0.326057 -0.171583 -0.326057 -0.171583
-0.319030 -0.171583 -0.319030 -0.171583
-0.312003 -0.171583 -0.312003 -0.171583
-0.304977 -0.171583 -0.304977 -0.171583
-0.297950 -0.171583 -0.297950 -0.171583
-0.290924 -0.171583 -0.290924 -0.171583
-0.283897 -0.171583 -0.283897 -0.171583
-0.276871 -0.171583 -0.276871 -0.171583
-0.269844 -0.171583 -0.269844 -0.171583
-0.262818 -0.171583 -0.312734 -0.207851
-0.255791 -0.171583 -0.305683 -0.207833
-0.248765 -0.171583 -0.298632 -0.207815
-0.241738 -0.171583 -0.291581 -0.207797
-0.234712 -0.171583 -0.284530 -0.207779
-0.227685 -0.171583 -0.277479 -0.207761
-0.220659 -0.171583 -0.270428 -0.207743
-0.213632 -0.171583 -0.263377 -0.207725
-0.206606 -0.171583 -0.256326 -0.207707
-0.199579 -0.171583 -0.249275 -0.207690
-0.192553 -0.171583 -0.242224 -0.207672
-0.185526 -0.171583 -0.235173 -0.207654
-0.178499 -0.171583 -0.228122 -0.207636
-0.171473 -0.171583 -0.171473 -0.171583
-0.164446 -0.171583 -0.164446 -0.171583
-0.157420 -0.171583 -0.157420 -0.171583
-0.150393 -0.171583 -0.150393 -0.171583
-0.143367 -0.171583 -0.143367 -0.171583
-0.136340 -0.171583 -0.136340 -0.171583
-0.129314 -0.171583 -0.129314 -0.171583
-0.122287 -0.171583 -0.122287 -0.171583
-0.115261 -0.171583 -0.115261 -0.171583
-0.108234 -0.171583 -0.108234 -0.171583
-0.101208 -0.171583 -0.101208 -0.171583
-0.094181 -0.171583 -0.094181 -0.171583
-0.087155 -0.171583 -0.087155 -0.171583
-0.080128 -0.171583 -0.080128 -0.171583
-0.073102 -0.171583 -0.073102 -0.171583
-0.066075 -0.171583 -0.066075 -0.171583
-0.059049 -0.171583 -0.059049 -0.171583
-0.052022 -0.171583 -0.052022 -0.171583
-0.044996 -0.171583 -0.044996 -0.171583
-0.037969 -0.171583 -0.037969 -0.171583
-0.030942 -0.171583 -0.030942 -0.171583
-0.023916 -0.171583 -0.023916 -0.171583
-0.016889 -0.171583 -0.016889 -0.171583
-0.009863 -0.171583 -0.009863 -0.171583
-0.002836 -0.171583 0.015981 -0.229497
0.004190 -0.171583 0.023011 -0.229508
0.011217 -0.171583 0.030041 -0.229519
0.018243 -0.171583 0.037071 -0.229530
0.025270 -0.171583 0.044101 -0.229541
0.032296 -0.171583 0.051131 -0.229552
0.039323 -0.171583 0.058161 -0.229563
0.046349 -0.171583 0.065191 -0.229574
0.053376 -0.171583 0.072221 -0.229585
0.060402 -0.171583 0.079252 -0.229596
0.067429 -0.171583 0.086282 -0.229607
0.074455 -0.171583 0.093312 -0.229618
0.081482 -0.171583 0.100342 -0.229629
0.088508 -0.171583 0.107373 -0.229640
0.095535 -0.171583 0.114403 -0.229651
0.102561 -0.171583 0.121433 -0.229662
0.109588 -0.171583 0.109588 -0.171583
0.116615 -0.171583 0.116615 -0.171583
0.123641 -0.171583 0.123641 -0.171583
0.130668 -0.171583 0.130668 -0.171583
0.137694 -0.171583 0.137694 -0.171583
0.144721 -0.171583 0.144721 -0.171583
0.151747 -0.171583 0.151747 -0.171583
0.158774 -0.171583 0.158774 -0.171583
0.165800 -0.171583 0.165800 -0.171583
0.172827 -0.171583 0.172827 -0.171583
0.179853 -0.171583 0.179853 -0.171583
0.186880 -0.171583 0.186880 -0.171583
0.193906 -0.171583 0.193906 -0.171583
0.200933 -0.171583 0.200933 -0.171583
0.207959 -0.171583 0.207959 -0.171583
0.214986 -0.171583 0.214986 -0.171583
0.222012 -0.171583 0.222012 -0.171583
0.229039 -0.171583 0.229039 -0.171583
0.236065 -0.171583 0.236065 -0.171583
0.243092 -0.171583 0.243092 -0.171583
0.250118 -0.171583 0.250118 -0.171583
0.257145 -0.171583 0.257145 -0.171583
0.264172 -0.171583 0.264172 -0.171583
0.271198 -0.171583 0.271198 -0.171583
0.278225 -0.171583 0.278225 -0.171583
0.285251 -0.171583 0.285251 -0.171583
0.292278 -0.171583 0.292278 -0.171583
0.299304 -0.171583 0.299304 -0.171583
0.306331 -0.171583 0.306331 -0.171583
0.313357 -0.171583 0.313357 -0.171583
0.320384 -0.171583 0.320384 -0.171583
0.327410 -0.171583 0.327410 -0.171583
0.334437 -0.171583 0.334437 -0.171583
0.341463 -0.171583 0.341463 -0.171583
0.348490 -0.171583 0.348490 -0.171583
0.355516 -0.171583 0.355516 -0.171583
0.362543 -0.171583 0.362543 -0.171583
0.369569 -0.171583 0.369569 -0.171583
0.376596 -0.171583 0.376596 -0.171583
0.383622 -0.171583 0.383622 -0.171583
0.390649 -0.171583 0.390649 -0.171583
0.397676 -0.171583 0.397676 -0.171583
0.404702 -0.171583 0.404702 -0.171583
0.411729 -0.171583 0.411729 -0.171583
0.418755 -0.171583 0.418755 -0.171583
0.425782 -0.171583 0.425782 -0.171583
0.432808 -0.171583 0.432808 -0.171583
0.439835 -0.171583 0.439835 -0.171583
0.446861 -0.171583 0.446861 -0.171583
0.453888 -0.171583 0.453888 -0.171583
0.460914 -0.171583 0.460914 -0.171583
0.467941 -0.171583 0.467941 -0.171583
0.474967 -0.171583 0.474967 -0.171583
0.481994 -0.171583 0.481994 -0.171583
-0.410375 -0.164282 -0.410375 -0.164282
-0.403348 -0.164282 -0.403348 -0.164282
-0.396322 -0.164282 -0.396322 -0.164282
-0.389295 -0.164282 -0.389295 -0.164282
-0.382269 -0.164282 -0.382269 -0.164282
-0.375242 -0.164282 -0.375242 -0.164282
-0.368216 -0.164282 -0.368216 -0.164282
-0.361189 -0.164282 -0.361189 -0.164282
-0.354163 -0.164282 -0.354163 -0.164282
-0.347136 -0.164282 -0.347136 -0.164282
-0.340110 -0.164282 -0.340110 -0.164282
-0.333083 -0.164282 -0.333083 -0.164282
-0.326057 -0.164282 -0.326057 -0.164282
-0.319030 -0.164282 -0.319030 -0.164282
-0.312003 -0.164282 -0.312003 -0.164282
-0.304977 -0.164282 -0.304977 -0.164282
-0.297950 -0.164282 -0.297950 -0.164282
-0.290924 -0.164282 -0.290924 -0.164282
-0.283897 -0.164282 -0.283897 -0.164282
-0.276871 -0.164282 -0.276871 -0.164282
-0.269844 -0.164282 -0.269844 -0.164282
-0.262818 -0.164282 -0.262818 -0.164282
-0.255791 -0.164282 -0.305665 -0.200518
-0.248765 -0.164282 -0.298614 -0.200500
-0.241738 -0.164282 -0.291563 -0.200482
-0.234712 -0.164282 -0.284512 -0.200464
-0.227685 -0.164282 -0.277460 -0.200446
-0.220659 -0.164282 -0.270410 -0.200428
-0.213632 -0.164282 -0.263359 -0.200410
-0.206606 -0.164282 -0.256308 -0.200392
-0.199579 -0.164282 -0.249257 -0.200375
-0.192553 -0.164282 -0.242206 -0.200357
-0.185526 -0.164282 -0.235154 -0.200339
-0.178499 -0.164282 -0.228103 -0.200321
-0.171473 -0.164282 -0.221052 -0.200303
-0.164446 -0.164282 -0.214001 -0.200286
-0.157420 -0.164282 -0.157420 -0.164282
-0.150393 -0.164282 -0.150393 -0.164282
-0.143367 -0.164282 -0.143367 -0.164282
-0.136340 -0.164282 -0.136340 -0.164282
-0.129314 -0.164282 -0.129314 -0.164282
-0.122287 -0.164282 -0.122287 -0.164282
-0.115261 -0.164282 -0.115261 -0.164282
-0.108234 -0.164282 -0.108234 -0.164282
-0.101208 -0.164282 -0.101208 -0.164282
-0.094181 -0.164282 -0.094181 -0.164282
-0.087155 -0.164282 -0.087155 -0.164282
-0.080128 -0.164282 -0.080128 -0.164282
-0.073102 -0.164282 -0.073102 -0.164282
-0.066075 -0.164282 -0.066075 -0.164282
-0.059049 -0.164282 -0.059049 -0.164282
-0.052022 -0.164282 -0.052022 -0.164282
-0.044996 -0.164282 -0.044996 -0.164282
-0.037969 -0.164282 -0.037969 -0.164282
-0.030942 -0.164282 -0.030942 -0.164282
-0.023916 -0.164282 -0.023916 -0.164282
-0.016889 -0.164282 -0.016889 -0.164282
-0.009863 -0.164282 -0.009863 -0.164282
-0.002836 -0.164282 0.015969 -0.222160
0.004190 -0.164282 0.022999 -0.222171
0.011217 -0.164282 0.030029 -0.222182
0.018243 -0.164282 0.037059 -0.222193
0.025270 -0.164282 0.044089 -0.222204
0.032296 -0.164282 0.051120 -0.222215
0.039323 -0.164282 0.058150 -0.222226
0.046349 -0.164282 0.065180 -0.222237
0.053376 -0.164282 0.072210 -0.222249
0.060402 -0.164282 0.079241 -0.222259
0.067429 -0.164282 0.086271 -0.222270
0.074455 -0.164282 0.093301 -0.222281
0.081482 -0.164282 0.100331 -0.222292
0.088508 -0.164282 0.107361 -0.222303
0.095535 -0.164282 0.114391 -0.222314
0.102561 -0.164282 0.121421 -0.222325
0.109588 -0.164282 0.109588 -0.164282
0.116615 -0.164282 0.116615 -0.164282
0.123641 -0.164282 0.123641 -0.164282
0.130668 -0.164282 0.130668 -0.164282
0.137694 -0.164282 0.137694 -0.164282
0.144721 -0.164282 0.144721 -0.164282
0.151747 -0.164282 0.151747 -0.164282
0.158774 -0.164282 0.158774 -0.164282
0.165800 -0.164282 0.165800 -0.164282
0.172827 -0.164282 0.172827 -0.164282
0.179853 -0.164282 0.179853 -0.164282
0.186880 -0.164282 0.186880 -0.164282
0.193906 -0.164282 0.193906 -0.164282
0.200933 -0.164282 0.200933 -0.164282
0.207959 -0.164282 0.207959 -0.164282
0.214986 -0.164282 0.214986 -0.164282
0.222012 -0.164282 0.222012 -0.164282
0.229039 -0.164282 0.229039 -0.164282
0.236065 -0.164282 0.236065 -0.164282
0.243092 -0.164282 0.243092 -0.164282
0.250118 -0.164282 0.250118 -0.164282
0.257145 -0.164282 0.257145 -0.164282
0.264172 -0.164282 0.264172 -0.164282
0.271198 -0.164282 0.271198 -0.164282
0.278225 -0.164282 0.278225 -0.164282
0.285251 -0.164282 0.285251 -0.164282
0.292278 -0.164282 0.292278 -0.164282
0.299304 -0.164282 0.299304 -0.164282
0.306331 -0.164282 0.306331 -0.164282
0.313357 -0.164282 0.313357 -0.164282
0.320384 -0.164282 0.320384 -0.164282
0.327410 -0.164282 0.327410 -0.164282
0.334437 -0.164282 0.334437 -0.164282
0.341463 -0.164282 0.341463 -0.164282
0.348490 -0.164282 0.348490 -0.164282
0.355516 -0.164282 0.355516 -0.164282
0.362543 -0.164282 0.362543 -0.164282
0.369569 -0.164282 0.369569 -0.164282
0.376596 -0.164282 0.376596 -0.164282
0.383622 -0.164282 0.383622 -0.164282
0.390649 -0.164282 0.390649 -0.164282
0.397676 -0.164282 0.397676 -0.164282
0.404702 -0.164282 0.404702 -0.164282
0.411729 -0.164282 0.411729 -0.164282
0.418755 -0.164282 0.418755 -0.164282
0.425782 -0.164282 0.425782 -0.164282
0.432808 -0.164282 0.432808 -0.164282
0.439835 -0.164282 0.439835 -0.164282
0.446861 -0.164282 0.446861 -0.164282
0.453888 -0.164282 0.453888 -0.164282
0.460914 -0.164282 0.460914 -0.164282
0.467941 -0.164282 0.467941 -0.164282
0.474967 -0.164282 0.474967 -0.164282
0.481994 -0.164282 0.481994 -0.164282
-0.410375 -0.156980 -0.410375 -0.156980
-0.403348 -0.156980 -0.403348 -0.156980
-0.396322 -0.156980 -0.396322 -0.156980
-0.389295 -0.156980 -0.389295 -0.156980
-0.382269 -0.156980 -0.382269 -0.156980
-0.375242 -0.156980 -0.375242 -0.156980
-0.368216 -0.156980 -0.368216 -0.156980
-0.361189 -0.156980 -0.361189 -0.156980
-0.354163 -0.156980 -0.354163 -0.156980
-0.347136 -0.156980 -0.347136 -0.156980
-0.340110 -0.156980 -0.340110 -0.156980
-0.333083 -0.156980 -0.333083 -0.156980
-0.326057 -0.156980 -0.326057 -0.156980
-0.319030 -0.156980 -0.319030 -0.156980
-0.312003 -0.156980 -0.312003 -0.156980
-0.304977 -0.156980 -0.304977 -0.156980
-0.297950 -0.156980 -0.297950 -0.156980
-0.290924 -0.156980 -0.290924 -0.156980
-0.283897 -0.156980 -0.283897 -0.156980
-0.276871 -0.156980 -0.276871 -0.156980
-0.269844 -0.156980 -0.269844 -0.156980
-0.262818 -0.156980 -0.262818 -0.156980
-0.255791 -0.156980 -0.255791 -0.156980
-0.248765 -0.156980 -0.298595 -0.193185
-0.241738 -0.156980 -0.291544 -0.193167
-0.234712 -0.156980 -0.284493 -0.193149
-0.227685 -0.156980 -0.277442 -0.193132
-0.220659 -0.156980 -0.270391 -0.193114
-0.213632 -0.156980 -0.263340 -0.193095
-0.206606 -0.156980 -0.256289 -0.193078
-0.199579 -0.156980 -0.249238 -0.193060
-0.192553 -0.156980 -0.242187 -0.193042
-0.185526 -0.156980 -0.235136 -0.193024
-0.178499 -0.156980 -0.228085 -0.193006
-0.171473 -0.156980 -0.221034 -0.192988
-0.164446 -0.156980 -0.213983 -0.192971
-0.157420 -0.156980 -0.206932 -0.192953
-0.150393 -0.156980 -0.199881 -0.192935
-0.143367 -0.156980 -0.192830 -0.192917
-0.136340 -0.156980 -0.136340 -0.156980
-0.129314 -0.156980 -0.129314 -0.156980
-0.122287 -0.156980 -0.122287 -0.156980
-0.115261 -0.156980 -0.115261 -0.156980
-0.108234 -0.156980 -0.108234 -0.156980
-0.101208 -0.156980 -0.101208 -0.156980
-0.094181 -0.156980 -0.094181 -0.156980
-0.087155 -0.156980 -0.087155 -0.156980
-0.080128 -0.156980 -0.080128 -0.156980
-0.073102 -0.156980 -0.073102 -0.156980
-0.066075 -0.156980 -0.066075 -0.156980
-0.059049 -0.156980 -0.059049 -0.156980
-0.052022 -0.156980 -0.052022 -0.156980
-0.044996 -0.156980 -0.044996 -0.156980
-0.037969 -0.156980 -0.037969 -0.156980
-0.030942 -0.156980 -0.030942 -0.156980
-0.023916 -0.156980 -0.023916 -0.156980
-0.016889 -0.156980 -0.016889 -0.156980
-0.009863 -0.156980 0.008928 -0.214813
-0.002836 -0.156980 0.015958 -0.214824
0.004190 -0.156980 0.022988 -0.214835
0.011217 -0.156980 0.030018 -0.214846
0.018243 -0.156980 0.037048 -0.214857
0.025270 -0.156980 0.044078 -0.214868
0.032296 -0.156980 0.051108 -0.214879
0.039323 -0.156980 0.058138 -0.214890
0.046349 -0.156980 0.065168 -0.214901
0.053376 -0.156980 0.072199 -0.214912
0.060402 -0.156980 0.079229 -0.214923
0.067429 -0.156980 0.086259 -0.214934
0.074455 -0.156980 0.093289 -0.214945
0.081482 -0.156980 0.100320 -0.214956
0.088508 -0.156980 0.107350 -0.214967
0.095535 -0.156980 0.114380 -0.214978
0.102561 -0.156980 0.121410 -0.214989
0.109588 -0.156980 0.109588 -0.156980
0.116615 -0.156980 0.116615 -0.156980
0.123641 -0.156980 0.123641 -0.156980
0.130668 -0.156980 0.130668 -0.156980
0.137694 -0.156980 0.137694 -0.156980
0.144721 -0.156980 0.144721 -0.156980
0.151747 -0.156980 0.151747 -0.156980
0.158774 -0.156980 0.158774 -0.156980
0.165800 -0.156980 0.165800 -0.156980
0.172827 -0.156980 0.172827 -0.156980
0.179853 -0.156980 0.179853 -0.156980
0.186880 -0.156980 0.186880 -0.156980
0.193906 -0.156980 0.193906 -0.156980
0.200933 -0.156980 0.200933 -0.156980
0.207959 -0.156980 0.207959 -0.156980
0.214986 -0.156980 0.214986 -0.156980
0.222012 -0.156980 0.222012 -0.156980
0.229039 -0.156980 0.229039 -0.156980
0.236065 -0.156980 0.236065 -0.156980
0.243092 -0.156980 0.243092 -0.156980
0.250118 -0.156980 0.250118 -0.156980
0.257145 -0.156980 0.257145 -0.156980
0.264172 -0.156980 0.264172 -0.156980
0.271198 -0.156980 0.271198 -0.156980
0.278225 -0.156980 0.278225 -0.156980
0.285251 -0.156980 0.285251 -0.156980
0.292278 -0.156980 0.292278 -0.156980
0.299304 -0.156980 0.299304 -0.156980
0.306331 -0.156980 0.306331 -0.156980
0.313357 -0.156980 0.313357 -0.156980
0.320384 -0.156980 0.320384 -0.156980
0.327410 -0.156980 0.327410 -0.156980
0.334437 -0.156980 0.334437 -0.156980
0.341463 -0.156980 0.341463 -0.156980
0.348490 -0.156980 0.348490 -0.156980
0.355516 -0.156980 0.355516 -0.156980
0.362543 -0.156980 0.362543 -0.156980
0.369569 -0.156980 0.369569 -0.156980
0.376596 -0.156980 0.376596 -0.156980
0.383622 -0.156980 0.383622 -0.156980
0.390649 -0.156980 0.390649 -0.156980
0.397676 -0.156980 0.397676 -0.156980
0.404702 -0.156980 0.404702 -0.156980
0.411729 -0.156980 0.411729 -0.156980
0.418755 -0.156980 0.418755 -0.156980
0.425782 -0.156980 0.425782 -0.156980
0.432808 -0.156980 0.432808 -0.156980
0.439835 -0.156980 0.439835 -0.156980
0.446861 -0.156980 0.446861 -0.156980
0.453888 -0.156980 0.453888 -0.156980
0.460914 -0.156980 0.460914 -0.156980
0.467941 -0.156980 0.467941 -0.156980
0.474967 -0.156980 0.474967 -0.156980
0.481994 -0.156980 0.481994 -0.156980
-0.410375 -0.149679 -0.410375 -0.149679
-0.403348 -0.149679 -0.403348 -0.149679
-0.396322 -0.149679 -0.396322 -0.149679
-0.389295 -0.149679 -0.389295 -0.149679
-0.382269 -0.149679 -0.382269 -0.149679
-0.375242 -0.149679 -0.375242 -0.149679
-0.368216 -0.149679 -0.368216 -0.149679
-0.361189 -0.149679 -0.361189 -0.149679
-0.354163 -0.149679 -0.354163 -0.149679
-0.347136 -0.149679 -0.347136 -0.149679
-0.340110 -0.149679 -0.340110 -0.149679
-0.333083 -0.149679 -0.333083 -0.149679
-0.326057 -0.149679 -0.326057 -0.149679
-0.319030 -0.149679 -0.319030 -0.149679
-0.312003 -0.149679 -0.312003 -0.149679
-0.304977 -0.149679 -0.304977 -0.149679
-0.297950 -0.149679 -0.297950 -0.149679
-0.290924 -0.149679 -0.290924 -0.149679
-0.283897 -0.149679 -0.283897 -0.149679
-0.276871 -0.149679 -0.276871 -0.149679
-0.269844 -0.149679 -0.269844 -0.149679
-0.262818 -0.149679 -0.262818 -0.149679
-0.255791 -0.149679 -0.255791 -0.149679
-0.248765 -0.149679 -0.248765 -0.149679
-0.241738 -0.149679 -0.291526 -0.185852
-0.234712 -0.149679 -0.284474 -0.185835
-0.227685 -0.149679 -0.277423 -0.185817
-0.220659 -0.149679 -0.270372 -0.185799
-0.213632 -0.149679 -0.263321 -0.185781
-0.206606 -0.149679 -0.256270 -0.185763
-0.199579 -0.149679 -0.249220 -0.185745
-0.192553 -0.149679 -0.242168 -0.185727
-0.185526 -0.149679 -0.235117 -0.185709
-0.178499 -0.149679 -0.228066 -0.185691
-0.171473 -0.149679 -0.221015 -0.185674
-0.164446 -0.149679 -0.213964 -0.185656
-0.157420 -0.149679 -0.206913 -0.185638
-0.150393 -0.149679 -0.199862 -0.185620
-0.143367 -0.149679 -0.192811 -0.185602
-0.136340 -0.149679 -0.185760 -0.185584
-0.129314 -0.149679 -0.178709 -0.185567
-0.122287 -0.149679 -0.171658 -0.185549
-0.115261 -0.149679 -0.115261 -0.149679
-0.108234 -0.149679 -0.108234 -0.149679
-0.101208 -0.149679 -0.101208 -0.149679
-0.094181 -0.149679 -0.094181 -0.149679
-0.087155 -0.149679 -0.087155 -0.149679
-0.080128 -0.149679 -0.080128 -0.149679
-0.073102 -0.149679 -0.073102 -0.149679
-0.066075 -0.149679 -0.066075 -0.149679
-0.059049 -0.149679 -0.059049 -0.149679
-0.052022 -0.149679 -0.052022 -0.149679
-0.044996 -0.149679 -0.044996 -0.149679
-0.037969 -0.149679 -0.037969 -0.149679
-0.030942 -0.149679 -0.030942 -0.149679
-0.023916 -0.149679 -0.023916 -0.149679
-0.016889 -0.149679 -0.016889 -0.149679
-0.009863 -0.149679 0.008916 -0.207476
-0.002836 -0.149679 0.015946 -0.207487
0.004190 -0.149679 0.022976 -0.207498
0.011217 -0.149679 0.030006 -0.207509
0.018243 -0.149679 0.037036 -0.207520
0.025270 -0.149679 0.044067 -0.207531
0.032296 -0.149679 0.051097 -0.207542
0.039323 -0.149679 0.058127 -0.207553
0.046349 -0.149679 0.065157 -0.207564
0.053376 -0.149679 0.072188 -0.207575
0.060402 -0.149679 0.079218 -0.207586
0.067429 -0.149679 0.086248 -0.207597
0.074455 -0.149679 0.093278 -0.207608
0.081482 -0.149679 0.100308 -0.207619
0.088508 -0.149679 0.107338 -0.207630
0.095535 -0.149679 0.114368 -0.207641
0.102561 -0.149679 0.121398 -0.207652
0.109588 -0.149679 0.109588 -0.149679
0.116615 -0.149679 0.116615 -0.149679
0.123641 -0.149679 0.123641 -0.149679
0.130668 -0.149679 0.130668 -0.149679
0.137694 -0.149679 0.137694 -0.149679
0.144721 -0.149679 0.144721 -0.149679
0.151747 -0.149679 0.151747 -0.149679
0.158774 -0.149679 0.158774 -0.149679
0.165800 -0.149679 0.165800 -0.149679
0.172827 -0.149679 0.172827 -0.149679
0.179853 -0.149679 0.179853 -0.149679
0.186880 -0.149679 0.186880 -0.149679
0.193906 -0.149679 0.193906 -0.149679
0.200933 -0.149679 0.200933 -0.149679
0.207959 -0.149679 0.207959 -0.149679
0.214986 -0.149679 0.214986 -0.149679
0.222012 -0.149679 0.222012 -0.149679
0.229039 -0.149679 0.229039 -0.149679
0.236065 -0.149679 0.236065 -0.149679
0.243092 -0.149679 0.243092 -0.149679
0.250118 -0.149679 0.250118 -0.149679
0.257145 -0.149679 0.257145 -0.149679
0.264172 -0.149679 0.264172 -0.149679
0.271198 -0.149679 0.271198 -0.149679
0.278225 -0.149679 0.278225 -0.149679
0.285251 -0.149679 0.285251 -0.149679
0.292278 -0.149679 0.292278 -0.149679
0.299304 -0.149679 0.299304 -0.149679
0.306331 -0.149679 0.306331 -0.149679
0.313357 -0.149679 0.313357 -0.149679
0.320384 -0.149679 0.320384 -0.149679
0.327410 -0.149679 0.327410 -0.149679
0.334437 -0.149679 0.334437 -0.149679
0.341463 -0.149679 0.341463 -0.149679
0.348490 -0.149679 0.348490 -0.149679
0.355516 -0.149679 0.355516 -0.149679
0.362543 -0.149679 0.362543 -0.149679
0.369569 -0.149679 0.369569 -0.149679
0.376596 -0.149679 0.376596 -0.149679
0.383622 -0.149679 0.383622 -0.149679
0.390649 -0.149679 0.390649 -0.149679
0.397676 -0.149679 0.397676 -0.149679
0.404702 -0.149679 0.404702 -0.149679
0.411729 -0.149679 0.411729 -0.149679
0.418755 -0.149679 0.418755 -0.149679
0.425782 -0.149679 0.425782 -0.149679
0.432808 -0.149679 0.432808 -0.149679
0.439835 -0.149679 0.439835 -0.149679
0.446861 -0.149679 0.446861 -0.149679
0.453888 -0.149679 0.453888 -0.149679
0.460914 -0.149679 0.460914 -0.149679
0.467941 -0.149679 0.467941 -0.149679
0.474967 -0.149679 0.474967 -0.149679
0.481994 -0.149679 0.481994 -0.149679
-0.410375 -0.142378 -0.410375 -0.142378
-0.403348 -0.142378 -0.403348 -0.142378
-0.396322 -0.142378 -0.396322 -0.142378
-0.389295 -0.142378 -0.389295 -0.142378
-0.382269 -0.142378 -0.382269 -0.142378
-0.375242 -0.142378 -0.375242 -0.142378
-0.368216 -0.142378 -0.368216 -0.142378
-0.361189 -0.142378 -0.361189 -0.142378
-0.354163 -0.142378 -0.354163 -0.142378
-0.347136 -0.142378 -0.347136 -0.142378
-0.340110 -0.142378 -0.340110 -0.142378
-0.333083 -0.142378 -0.333083 -0.142378
-0.326057 -0.142378 -0.326057 -0.142378
-0.319030 -0.142378 -0.319030 -0.142378
-0.312003 -0.142378 -0.312003 -0.142378
-0.304977 -0.142378 -0.304977 -0.142378
-0.297950 -0.142378 -0.297950 -0.142378
-0.290924 -0.142378 -0.290924 -0.142378
-0.283897 -0.142378 -0.283897 -0.142378
-0.276871 -0.142378 -0.276871 -0.142378
-0.269844 -0.142378 -0.269844 -0.142378
-0.262818 -0.142378 -0.262818 -0.142378
-0.255791 -0.142378 -0.255791 -0.142378
-0.248765 -0.142378 -0.248765 -0.142378
-0.241738 -0.142378 -0.241738 -0.142378
-0.234712 -0.142378 -0.284456 -0.178520
-0.227685 -0.142378 -0.277405 -0.178502
-0.220659 -0.142378 -0.270354 -0.178484
-0.213632 -0.142378 -0.263303 -0.178466
-0.206606 -0.142378 -0.256252 -0.178448
-0.199579 -0.142378 -0.249201 -0.178431
-0.192553 -0.142378 -0.242150 -0.178412
-0.185526 -0.142378 -0.235099 -0.178394
-0.178499 -0.142378 -0.228048 -0.178377
-0.171473 -0.142378 -0.220997 -0.178359
-0.164446 -0.142378 -0.213946 -0.178341
-0.157420 -0.142378 -0.206895 -0.178323
-0.150393 -0.142378 -0.199844 -0.178305
-0.143367 -0.142378 -0.192792 -0.178287
-0.136340 -0.142378 -0.185741 -0.178270
-0.129314 -0.142378 -0.178690 -0.178252
-0.122287 -0.142378 -0.171639 -0.178234
-0.115261 -0.142378 -0.164588 -0.178216
-0.108234 -0.142378 -0.157537 -0.178198
-0.101208 -0.142378 -0.150486 -0.178180
-0.094181 -0.142378 -0.094181 -0.142378
-0.087155 -0.142378 -0.087155 -0.142378
-0.080128 -0.142378 -0.080128 -0.142378
-0.073102 -0.142378 -0.073102 -0.142378
-0.066075 -0.142378 -0.066075 -0.142378
-0.059049 -0.142378 -0.059049 -0.142378
-0.052022 -0.142378 -0.052022 -0.142378
-0.044996 -0.142378 -0.044996 -0.142378
-0.037969 -0.142378 -0.037969 -0.142378
-0.030942 -0.142378 -0.030942 -0.142378
-0.023916 -0.142378 -0.023916 -0.142378
-0.016889 -0.142378 -0.016889 -0.142378
-0.009863 -0.142378 -0.009863 -0.142378
-0.002836 -0.142378 0.015935 -0.200150
0.004190 -0.142378 0.022965 -0.200161
0.011217 -0.142378 0.029995 -0.200172
0.018243 -0.142378 0.037025 -0.200183
0.025270 -0.142378 0.044055 -0.200194
0.032296 -0.142378 0.051085 -0.200205
0.039323 -0.142378 0.058115 -0.200217
0.046349 -0.142378 0.065146 -0.200227
0.053376 -0.142378 0.072176 -0.200238
0.060402 -0.142378 0.079206 -0.200249
0.067429 -0.142378 0.086236 -0.200260
0.074455 -0.142378 0.093267 -0.200271
0.081482 -0.142378 0.100297 -0.200282
0.088508 -0.142378 0.107327 -0.200293
0.095535 -0.142378 0.114357 -0.200304
0.102561 -0.142378 0.121387 -0.200315
0.109588 -0.142378 0.109588 -0.142378
0.116615 -0.142378 0.116615 -0.142378
0.123641 -0.142378 0.123641 -0.142378
0.130668 -0.142378 0.130668 -0.142378
0.137694 -0.142378 0.137694 -0.142378
0.144721 -0.142378 0.144721 -0.142378
0.151747 -0.142378 0.151747 -0.142378
0.158774 -0.142378 0.158774 -0.142378
0.165800 -0.142378 0.165800 -0.142378
0.172827 -0.142378 0.172827 -0.142378
0.179853 -0.142378 0.179853 -0.142378
0.186880 -0.142378 0.186880 -0.142378
0.193906 -0.142378 0.193906 -0.142378
0.200933 -0.142378 0.200933 -0.142378
0.207959 -0.142378 0.207959 -0.142378
0.214986 -0.142378 0.214986 -0.142378
0.222012 -0.142378 0.222012 -0.142378
0.229039 -0.142378 0.229039 -0.142378
0.236065 -0.142378 0.236065 -0.142378
0.243092 -0.142378 0.243092 -0.142378
0.250118 -0.142378 0.250118 -0.142378
0.257145 -0.142378 0.257145 -0.142378
0.264172 -0.142378 0.264172 -0.142378
0.271198 -0.142378 0.271198 -0.142378
0.278225 -0.142378 0.278225 -0.142378
0.285251 -0.142378 0.285251 -0.142378
0.292278 -0.142378 0.292278 -0.142378
0.299304 -0.142378 0.299304 -0.142378
0.306331 -0.142378 0.306331 -0.142378
0.313357 -0.142378 0.313357 -0.142378
0.320384 -0.142378 0.320384 -0.142378
0.327410 -0.142378 0.327410 -0.142378
0.334437 -0.142378 0.334437 -0.142378
0.341463 -0.142378 0.341463 -0.142378
0.348490 -0.142378 0.348490 -0.142378
0.355516 -0.142378 0.355516 -0.142378
0.362543 -0.142378 0.362543 -0.142378
0.369569 -0.142378 0.369569 -0.142378
0.376596 -0.142378 0.376596 -0.142378
0.383622 -0.142378 0.383622 -0.142378
0.390649 -0.142378 0.390649 -0.142378
0.397676 -0.142378 0.397676 -0.142378
0.404702 -0.142378 0.404702 -0.142378
0.411729 -0.142378 0.411729 -0.142378
0.418755 -0.142378 0.418755 -0.142378
0.425782 -0.142378 0.425782 -0.142378
0.432808 -0.142378 0.432808 -0.142378
0.439835 -0.142378 0.439835 -0.142378
0.446861 -0.142378 0.446861 -0.142378
0.453888 -0.142378 0.453888 -0.142378
0.460914 -0.142378 0.460914 -0.142378
0.467941 -0.142378 0.467941 -0.142378
0.474967 -0.142378 0.474967 -0.142378
0.481994 -0.142378 0.481994 -0.142378
-0.410375 -0.135076 -0.410375 -0.135076
-0.403348 -0.135076 -0.403348 -0.135076
-0.396322 -0.135076 -0.396322 -0.135076
-0.389295 -0.135076 -0.389295 -0.135076
-0.382269 -0.135076 -0.382269 -0.135076
-0.375242 -0.135076 -0.375242 -0.135076
-0.368216 -0.135076 -0.368216 -0.135076
-0.361189 -0.135076 -0.361189 -0.135076
-0.354163 -0.135076 -0.354163 -0.135076
-0.347136 -0.135076 -0.347136 -0.135076
-0.340110 -0.135076 -0.340110 -0.135076
-0.333083 -0.135076 -0.333083 -0.135076
-0.326057 -0.135076 -0.326057 -0.135076
-0.319030 -0.135076 -0.319030 -0.135076
-0.312003 -0.135076 -0.312003 -0.135076
-0.304977 -0.135076 -0.304977 -0.135076
-0.297950 -0.135076 -0.297950 -0.135076
-0.290924 -0.135076 -0.290924 -0.135076
-0.283897 -0.135076 -0.283897 -0.135076
-0.276871 -0.135076 -0.276871 -0.135076
-0.269844 -0.135076 -0.269844 -0.135076
-0.262818 -0.135076 -0.262818 -0.135076
-0.255791 -0.135076 -0.255791 -0.135076
-0.248765 -0.135076 -0.248765 -0.135076
-0.241738 -0.135076 -0.241738 -0.135076
-0.234712 -0.135076 -0.234712 -0.135076
-0.227685 -0.135076 -0.277386 -0.171187
-0.220659 -0.135076 -0.270335 -0.171169
-0.213632 -0.135076 -0.263284 -0.171151
-0.206606 -0.135076 -0.256233 -0.171134
-0.199579 -0.135076 -0.249182 -0.171116
-0.192553 -0.135076 -0.242131 -0.171098
-0.185526 -0.135076 -0.235080 -0.171079
-0.178499 -0.135076 -0.228029 -0.171062
-0.171473 -0.135076 -0.220978 -0.171044
-0.164446 -0.135076 -0.213927 -0.171026
-0.157420 -0.135076 -0.206876 -0.171008
-0.150393 -0.135076 -0.199825 -0.170990
-0.143367 -0.135076 -0.192774 -0.170973
-0.136340 -0.135076 -0.185723 -0.170955
-0.129314 -0.135076 -0.178672 -0.170937
-0.122287 -0.135076 -0.171621 -0.170919
-0.115261 -0.135076 -0.164570 -0.170901
-0.108234 -0.135076 -0.157519 -0.170883
-0.101208 -0.135076 -0.150468 -0.170866
-0.094181 -0.135076 -0.143417 -0.170848
-0.087155 -0.135076 -0.136365 -0.170830
-0.080128 -0.135076 -0.080128 -0.135076
-0.073102 -0.135076 -0.073102 -0.135076
-0.066075 -0.135076 -0.066075 -0.135076
-0.059049 -0.135076 -0.059049 -0.135076
-0.052022 -0.135076 -0.052022 -0.135076
-0.044996 -0.135076 -0.044996 -0.135076
-0.037969 -0.135076 -0.037969 -0.135076
-0.030942 -0.135076 -0.030942 -0.135076
-0.023916 -0.135076 -0.023916 -0.135076
-0.016889 -0.135076 -0.016889 -0.135076
-0.009863 -0.135076 -0.009863 -0.135076
-0.002836 -0.135076 0.015923 -0.192814
0.004190 -0.135076 0.022953 -0.192825
0.011217 -0.135076 0.029983 -0.192836
0.018243 -0.135076 0.037014 -0.192847
0.025270 -0.135076 0.044044 -0.192858
0.032296 -0.135076 0.051074 -0.192869
0.039323 -0.135076 0.058104 -0.192880
0.046349 -0.135076 0.065135 -0.192891
0.053376 -0.135076 0.072165 -0.192902
0.060402 -0.135076 0.079195 -0.192913
0.067429 -0.135076 0.086225 -0.192924
0.074455 -0.135076 0.093255 -0.192935
0.081482 -0.135076 0.100285 -0.192946
0.088508 -0.135076 0.107315 -0.192957
0.095535 -0.135076 0.114345 -0.192968
0.102561 -0.135076 0.121376 -0.192979
0.109588 -0.135076 0.109588 -0.135076
0.116615 -0.135076 0.116615 -0.135076
0.123641 -0.135076 0.123641 -0.135076
0.130668 -0.135076 0.130668 -0.135076
0.137694 -0.135076 0.137694 -0.135076
0.144721 -0.135076 0.144721 -0.135076
0.151747 -0.135076 0.151747 -0.135076
0.158774 -0.135076 0.158774 -0.135076
0.165800 -0.135076 0.165800 -0.135076
0.172827 -0.135076 0.172827 -0.135076
0.179853 -0.135076 0.179853 -0.135076
0.186880 -0.135076 0.186880 -0.135076
0.193906 -0.135076 0.193906 -0.135076
0.200933 -0.135076 0.200933 -0.135076
0.207959 -0.135076 0.207959 -0.135076
0.214986 -0.135076 0.214986 -0.135076
0.222012 -0.135076 0.222012 -0.135076
0.229039 -0.135076 0.229039 -0.135076
0.236065 -0.135076 0.236065 -0.135076
0.243092 -0.135076 0.243092 -0.135076
0.250118 -0.135076 0.250118 -0.135076
0.257145 -0.135076 0.257145 -0.135076
0.264172 -0.135076 0.264172 -0.135076
0.271198 -0.135076 0.271198 -0.135076
0.278225 -0.135076 0.278225 -0.135076
0.285251 -0.135076 0.285251 -0.135076
0.292278 -0.135076 0.292278 -0.135076
0.299304 -0.135076 0.299304 -0.135076
0.306331 -0.135076 0.306331 -0.135076
0.313357 -0.135076 0.313357 -0.135076
0.320384 -0.135076 0.320384 -0.135076
0.327410 -0.135076 0.327410 -0.135076
0.334437 -0.135076 0.334437 -0.135076
0.341463 -0.135076 0.341463 -0.135076
0.348490 -0.135076 0.348490 -0.135076
0.355516 -0.135076 0.355516 -0.135076
0.362543 -0.135076 0.362543 -0.135076
0.369569 -0.135076 0.369569 -0.135076
0.376596 -0.135076 0.376596 -0.135076
0.383622 -0.135076 0.383622 -0.135076
0.390649 -0.135076 0.390649 -0.135076
0.397676 -0.135076 0.397676 -0.135076
0.404702 -0.135076 0.404702 -0.135076
0.411729 -0.135076 0.411729 -0.135076
0.418755 -0.135076 0.418755 -0.135076
0.425782 -0.135076 0.425782 -0.135076
0.432808 -0.135076 0.432808 -0.135076
0.439835 -0.135076 0.439835 -0.135076
0.446861 -0.135076 0.446861 -0.135076
0.453888 -0.135076 0.453888 -0.135076
0.460914 -0.135076 0.460914 -0.135076
0.467941 -0.135076 0.467941 -0.135076
0.474967 -0.135076 0.474967 -0.135076
0.481994 -0.135076 0.481994 -0.135076
-0.410375 -0.127775 -0.410375 -0.127775
-0.403348 -0.127775 -0.403348 -0.127775
-0.396322 -0.127775 -0.396322 -0.127775
-0.389295 -0.127775 -0.389295 -0.127775
-0.382269 -0.127775 -0.382269 -0.127775
-0.375242 -0.127775 -0.375242 -0.127775
-0.368216 -0.127775 -0.368216 -0.127775
-0.361189 -0.127775 -0.361189 -0.127775
-0.354163 -0.127775 -0.354163 -0.127775
-0.347136 -0.127775 -0.347136 -0.127775
-0.340110 -0.127775 -0.340110 -0.127775
-0.333083 -0.127775 -0.333083 -0.127775
-0.326057 -0.127775 -0.326057 -0.127775
-0.319030 -0.127775 -0.319030 -0.127775
-0.312003 -0.127775 -0.312003 -0.127775
-0.304977 -0.127775 -0.304977 -0.127775
-0.297950 -0.127775 -0.297950 -0.127775
-0.290924 -0.127775 -0.290924 -0.127775
-0.283897 -0.127775 -0.283897 -0.127775
-0.276871 -0.127775 -0.276871 -0.127775
-0.269844 -0.127775 -0.269844 -0.127775
-0.262818 -0.127775 -0.262818 -0.127775
-0.255791 -0.127775 -0.255791 -0.127775
-0.248765 -0.127775 -0.248765 -0.127775
-0.241738 -0.127775 -0.241738 -0.127775
-0.234712 -0.127775 -0.234712 -0.127775
-0.227685 -0.127775 -0.277368 -0.163872
-0.220659 -0.127775 -0.270317 -0.163854
-0.213632 -0.127775 -0.263266 -0.163836
-0.206606 -0.127775 -0.256215 -0.163819
-0.199579 -0.127775 -0.249164 -0.163801
-0.192553 -0.127775 -0.242113 -0.163783
-0.185526 -0.127775 -0.235061 -0.163765
-0.178499 -0.127775 -0.228010 -0.163747
-0.171473 -0.127775 -0.220960 -0.163729
-0.164446 -0.127775 -0.213909 -0.163711
-0.157420 -0.127775 -0.206858 -0.163693
-0.150393 -0.127775 -0.199807 -0.163675
-0.143367 -0.127775 -0.192755 -0.163658
-0.136340 -0.127775 -0.185704 -0.163640
-0.129314 -0.127775 -0.178653 -0.163622
-0.122287 -0.127775 -0.171602 -0.163604
-0.115261 -0.127775 -0.164551 -0.163586
-0.108234 -0.127775 -0.157500 -0.163569
-0.101208 -0.127775 -0.150449 -0.163551
-0.094181 -0.127775 -0.143398 -0.163533
-0.087155 -0.127775 -0.136347 -0.163515
-0.080128 -0.127775 -0.080128 -0.127775
-0.073102 -0.127775 -0.073102 -0.127775
-0.066075 -0.127775 -0.066075 -0.127775
-0.059049 -0.127775 -0.059049 -0.127775
-0.052022 -0.127775 -0.052022 -0.127775
-0.044996 -0.127775 -0.044996 -0.127775
-0.037969 -0.127775 -0.037969 -0.127775
-0.030942 -0.127775 -0.030942 -0.127775
-0.023916 -0.127775 -0.023916 -0.127775
-0.016889 -0.127775 -0.016889 -0.127775
-0.009863 -0.127775 -0.009863 -0.127775
-0.002836 -0.127775 0.015912 -0.185477
0.004190 -0.127775 0.022942 -0.185488
0.011217 -0.127775 0.029972 -0.185499
0.018243 -0.127775 0.037002 -0.185510
0.025270 -0.127775 0.044032 -0.185521
0.032296 -0.127775 0.051062 -0.185532
0.039323 -0.127775 0.058092 -0.185543
0.046349 -0.127775 0.065123 -0.185554
0.053376 -0.127775 0.072153 -0.185565
0.060402 -0.127775 0.079183 -0.185576
0.067429 -0.127775 0.086214 -0.185587
0.074455 -0.127775 0.093244 -0.185598
0.081482 -0.127775 0.100274 -0.185609
0.088508 -0.127775 0.107304 -0.185620
0.095535 -0.127775 0.114334 -0.185631
0.102561 -0.127775 0.121364 -0.185642
0.109588 -0.127775 0.109588 -0.127775
0.116615 -0.127775 0.116615 -0.127775
0.123641 -0.127775 0.123641 -0.127775
0.130668 -0.127775 0.130668 -0.127775
0.137694 -0.127775 0.137694 -0.127775
0.144721 -0.127775 0.144721 -0.127775
0.151747 -0.127775 0.151747 -0.127775
0.158774 -0.127775 0.158774 -0.127775
0.165800 -0.127775 0.165800 -0.127775
0.172827 -0.127775 0.172827 -0.127775
0.179853 -0.127775 0.179853 -0.127775
0.186880 -0.127775 0.186880 -0.127775
0.193906 -0.127775 0.193906 -0.127775
0.200933 -0.127775 0.200933 -0.127775
0.207959 -0.127775 0.207959 -0.127775
0.214986 -0.127775 0.214986 -0.127775
0.222012 -0.127775 0.222012 -0.127775
0.229039 -0.127775 0.229039 -0.127775
0.236065 -0.127775 0.236065 -0.127775
0.243092 -0.127775 0.243092 -0.127775
0.250118 -0.127775 0.250118 -0.127775
0.257145 -0.127775 0.257145 -0.127775
0.264172 -0.127775 0.264172 -0.127775
0.271198 -0.127775 0.271198 -0.127775
0.278225 -0.127775 0.278225 -0.127775
0.285251 -0.127775 0.285251 -0.127775
0.292278 -0.127775 0.292278 -0.127775
0.299304 -0.127775 0.299304 -0.127775
0.306331 -0.127775 0.306331 -0.127775
0.313357 -0.127775 0.313357 -0.127775
0.320384 -0.127775 0.320384 -0.127775
0.327410 -0.127775 0.327410 -0.127775
0.334437 -0.127775 0.334437 -0.127775
0.341463 -0.127775 0.341463 -0.127775
0.348490 -0.127775 0.348490 -0.127775
0.355516 -0.127775 0.355516 -0.127775
0.362543 -0.127775 0.362543 -0.127775
0.369569 -0.127775 0.369569 -0.127775
0.376596 -0.127775 0.376596 -0.127775
0.383622 -0.127775 0.383622 -0.127775
0.390649 -0.127775 0.390649 -0.127775
0.397676 -0.127775 0.397676 -0.127775
0.404702 -0.127775 0.404702 -0.127775
0.411729 -0.127775 0.411729 -0.127775
0.418755 -0.127775 0.418755 -0.127775
0.425782 -0.127775 0.425782 -0.127775
0.432808 -0.127775 0.432808 -0.127775
0.439835 -0.127775 0.439835 -0.127775
0.446861 -0.127775 0.446861 -0.127775
0.453888 -0.127775 0.453888 -0.127775
0.460914 -0.127775 0.460914 -0.127775
0.467941 -0.127775 0.467941 -0.127775
0.474967 -0.127775 0.474967 -0.127775
0.481994 -0.127775 0.481994 -0.127775
-0.410375 -0.120473 -0.410375 -0.120473
-0.403348 -0.120473 -0.403348 -0.120473
-0.396322 -0.120473 -0.396322 -0.120473
-0.389295 -0.120473 -0.389295 -0.120473
-0.382269 -0.120473 -0.382269 -0.120473
-0.375242 -0.120473 -0.375242 -0.120473
-0.368216 -0.120473 -0.368216 -0.120473
-0.361189 -0.120473 -0.361189 -0.120473
-0.354163 -0.120473 -0.354163 -0.120473
-0.347136 -0.120473 -0.347136 -0.120473
-0.340110 -0.120473 -0.340110 -0.120473
-0.333083 -0.120473 -0.333083 -0.120473
-0.326057 -0.120473 -0.326057 -0.120473
-0.319030 -0.120473 -0.319030 -0.120473
-0.312003 -0.120473 -0.312003 -0.120473
-0.304977 -0.120473 -0.304977 -0.120473
-0.297950 -0.120473 -0.297950 -0.120473
-0.290924 -0.120473 -0.290924 -0.120473
-0.283897 -0.120473 -0.283897 -0.120473
-0.276871 -0.120473 -0.276871 -0.120473
-0.269844 -0.120473 -0.269844 -0.120473
-0.262818 -0.120473 -0.262818 -0.120473
-0.255791 -0.120473 -0.255791 -0.120473
-0.248765 -0.120473 -0.248765 -0.120473
-0.241738 -0.120473 -0.241738 -0.120473
-0.234712 -0.120473 -0.234712 -0.120473
-0.227685 -0.120473 -0.227685 -0.120473
-0.220659 -0.120473 -0.270298 -0.156539
-0.213632 -0.120473 -0.263247 -0.156522
-0.206606 -0.120473 -0.256196 -0.156504
-0.199579 -0.120473 -0.249145 -0.156486
-0.192553 -0.120473 -0.242094 -0.156468
-0.185526 -0.120473 -0.235043 -0.156450
-0.178499 -0.120473 -0.227992 -0.156432
-0.171473 -0.120473 -0.220941 -0.156415
-0.164446 -0.120473 -0.213890 -0.156396
-0.157420 -0.120473 -0.206839 -0.156378
-0.150393 -0.120473 -0.199788 -0.156361
-0.143367 -0.120473 -0.192737 -0.156343
-0.136340 -0.120473 -0.185686 -0.156325
-0.129314 -0.120473 -0.178635 -0.156307
-0.122287 -0.120473 -0.171584 -0.156289
-0.115261 -0.120473 -0.164533 -0.156271
-0.108234 -0.120473 -0.157482 -0.156254
-0.101208 -0.120473 -0.150431 -0.156236
-0.094181 -0.120473 -0.143379 -0.156218
-0.087155 -0.120473 -0.136328 -0.156200
-0.080128 -0.120473 -0.129277 -0.156182
-0.073102 -0.120473 -0.073102 -0.120473
-0.066075 -0.120473 -0.066075 -0.120473
-0.059049 -0.120473 -0.059049 -0.120473
-0.052022 -0.120473 -0.052022 -0.120473
-0.044996 -0.120473 -0.044996 -0.120473
-0.037969 -0.120473 -0.037969 -0.120473
-0.030942 -0.120473 -0.030942 -0.120473
-0.023916 -0.120473 -0.023916 -0.120473
-0.016889 -0.120473 -0.016889 -0.120473
-0.009863 -0.120473 -0.009863 -0.120473
-0.002836 -0.120473 0.015900 -0.178140
0.004190 -0.120473 0.022930 -0.178151
0.011217 -0.120473 0.029961 -0.178162
0.018243 -0.120473 0.036991 -0.178173
0.025270 -0.120473 0.044021 -0.178185
0.032296 -0.120473 0.051051 -0.178196
0.039323 -0.120473 0.058082 -0.178206
0.046349 -0.120473 0.065112 -0.178217
0.053376 -0.120473 0.072142 -0.178228
0.060402 -0.120473 0.079172 -0.178239
0.067429 -0.120473 0.086202 -0.178250
0.074455 -0.120473 0.093232 -0.178261
0.081482 -0.120473 0.100262 -0.178272
0.088508 -0.120473 0.107292 -0.178283
0.095535 -0.120473 0.114323 -0.178294
0.102561 -0.120473 0.102561 -0.120473
0.109588 -0.120473 0.109588 -0.120473
0.116615 -0.120473 0.116615 -0.120473
0.123641 -0.120473 0.123641 -0.120473
0.130668 -0.120473 0.130668 -0.120473
0.137694 -0.120473 0.137694 -0.120473
0.144721 -0.120473 0.144721 -0.120473
0.151747 -0.120473 0.151747 -0.120473
0.158774 -0.120473 0.158774 -0.120473
0.165800 -0.120473 0.165800 -0.120473
0.172827 -0.120473 0.172827 -0.120473
0.179853 -0.120473 0.179853 -0.120473
0.186880 -0.120473 0.186880 -0.120473
0.193906 -0.120473 0.193906 -0.120473
0.200933 -0.120473 0.200933 -0.120473
0.207959 -0.120473 0.207959 -0.120473
0.214986 -0.120473 0.214986 -0.120473
0.222012 -0.120473 0.222012 -0.120473
0.229039 -0.120473 0.229039 -0.120473
0.236065 -0.120473 0.236065 -0.120473
0.243092 -0.120473 0.243092 -0.120473
0.250118 -0.120473 0.250118 -0.120473
0.257145 -0.120473 0.257145 -0.120473
0.264172 -0.120473 0.264172 -0.120473
0.271198 -0.120473 0.271198 -0.120473
0.278225 -0.120473 0.278225 -0.120473
0.285251 -0.120473 0.285251 -0.120473
0.292278 -0.120473 0.292278 -0.120473
0.299304 -0.120473 0.299304 -0.120473
0.306331 -0.120473 0.306331 -0.120473
0.313357 -0.120473 0.313357 -0.120473
0.320384 -0.120473 0.320384 -0.120473
0.327410 -0.120473 0.327410 -0.120473
0.334437 -0.120473 0.334437 -0.120473
0.341463 -0.120473 0.341463 -0.120473
0.348490 -0.120473 0.348490 -0.120473
0.355516 -0.120473 0.355516 -0.120473
0.362543 -0.120473 0.362543 -0.120473
0.369569 -0.120473 0.369569 -0.120473
0.376596 -0.120473 0.376596 -0.120473
0.383622 -0.120473 0.383622 -0.120473
0.390649 -0.120473 0.390649 -0.120473
0.397676 -0.120473 0.397676 -0.120473
0.404702 -0.120473 0.404702 -0.120473
0.411729 -0.120473 0.411729 -0.120473
0.418755 -0.120473 0.418755 -0.120473
0.425782 -0.120473 0.425782 -0.120473
0.432808 -0.120473 0.432808 -0.120473
0.439835 -0.120473 0.439835 -0.120473
0.446861 -0.120473 0.446861 -0.120473
0.453888 -0.120473 0.453888 -0.120473
0.460914 -0.120473 0.460914 -0.120473
0.467941 -0.120473 0.467941 -0.120473
0.474967 -0.120473 0.474967 -0.120473
0.481994 -0.120473 0.481994 -0.120473
-0.410375 -0.113172 -0.410375 -0.113172
-0.403348 -0.113172 -0.403348 -0.113172
-0.396322 -0.113172 -0.396322 -0.113172
-0.389295 -0.113172 -0.389295 -0.113172
-0.382269 -0.113172 -0.382269 -0.113172
-0.375242 -0.113172 -0.375242 -0.113172
-0.368216 -0.113172 -0.368216 -0.113172
-0.361189 -0.113172 -0.361189 -0.113172
-0.354163 -0.113172 -0.354163 -0.113172
-0.347136 -0.113172 -0.347136 -0.113172
-0.340110 -0.113172 -0.340110 -0.113172
-0.333083 -0.113172 -0.333083 -0.113172
-0.326057 -0.113172 -0.326057 -0.113172
-0.319030 -0.113172 -0.319030 -0.113172
-0.312003 -0.113172 -0.312003 -0.113172
-0.304977 -0.113172 -0.304977 -0.113172
-0.297950 -0.113172 -0.297950 -0.113172
-0.290924 -0.113172 -0.290924 -0.113172
-0.283897 -0.113172 -0.283897 -0.113172
-0.276871 -0.113172 -0.276871 -0.113172
-0.269844 -0.113172 -0.269844 -0.113172
-0.262818 -0.113172 -0.262818 -0.113172
-0.255791 -0.113172 -0.255791 -0.113172
-0.248765 -0.113172 -0.248765 -0.113172
-0.241738 -0.113172 -0.241738 -0.113172
-0.234712 -0.113172 -0.234712 -0.113172
-0.227685 -0.113172 -0.227685 -0.113172
-0.220659 -0.113172 -0.220659 -0.113172
-0.213632 -0.113172 -0.263229 -0.149207
-0.206606 -0.113172 -0.256178 -0.149189
-0.199579 -0.113172 -0.249127 -0.149171
-0.192553 -0.113172 -0.242075 -0.149153
-0.185526 -0.113172 -0.235024 -0.149135
-0.178499 -0.113172 -0.227973 -0.149118
-0.171473 -0.113172 -0.220922 -0.149100
-0.164446 -0.113172 -0.213871 -0.149082
-0.157420 -0.113172 -0.206820 -0.149064
-0.150393 -0.113172 -0.199769 -0.149046
-0.143367 -0.113172 -0.192718 -0.149028
-0.136340 -0.113172 -0.185667 -0.149010
-0.129314 -0.113172 -0.178616 -0.148992
-0.122287 -0.113172 -0.171565 -0.148974
-0.115261 -0.113172 -0.164514 -0.148957
-0.108234 -0.113172 -0.157463 -0.148939
-0.101208 -0.113172 -0.150412 -0.148921
-0.094181 -0.113172 -0.143361 -0.148903
-0.087155 -0.113172 -0.136310 -0.148885
-0.080128 -0.113172 -0.129259 -0.148867
-0.073102 -0.113172 -0.122208 -0.148850
-0.066075 -0.113172 -0.066075 -0.113172
-0.059049 -0.113172 -0.059049 -0.113172
-0.052022 -0.113172 -0.052022 -0.113172
-0.044996 -0.113172 -0.044996 -0.113172
-0.037969 -0.113172 -0.037969 -0.113172
-0.030942 -0.113172 -0.030942 -0.113172
-0.023916 -0.113172 -0.023916 -0.113172
-0.016889 -0.113172 -0.016889 -0.113172
-0.009863 -0.113172 -0.009863 -0.113172
-0.002836 -0.113172 0.015889 -0.170804
0.004190 -0.113172 0.022919 -0.170815
0.011217 -0.113172 0.029949 -0.170826
0.018243 -0.113172 0.036979 -0.170837
0.025270 -0.113172 0.044009 -0.170848
0.032296 -0.113172 0.051039 -0.170859
0.039323 -0.113172 0.058070 -0.170870
0.046349 -0.113172 0.065100 -0.170881
0.053376 -0.113172 0.072130 -0.170892
0.060402 -0.113172 0.079161 -0.170903
0.067429 -0.113172 0.086191 -0.170914
0.074455 -0.113172 0.093221 -0.170925
0.081482 -0.113172 0.100251 -0.170936
0.088508 -0.113172 0.107281 -0.170947
0.095535 -0.113172 0.095535 -0.113172
0.102561 -0.113172 0.102561 -0.113172
0.109588 -0.113172 0.109588 -0.113172
0.116615 -0.113172 0.116615 -0.113172
0.123641 -0.113172 0.123641 -0.113172
0.130668 -0.113172 0.130668 -0.113172
0.137694 -0.113172 0.137694 -0.113172
0.144721 -0.113172 0.144721 -0.113172
0.151747 -0.113172 0.151747 -0.113172
0.158774 -0.113172 0.158774 -0.113172
0.165800 -0.113172 0.165800 -0.113172
0.172827 -0.113172 0.172827 -0.113172
0.179853 -0.113172 0.179853 -0.113172
0.186880 -0.113172 0.186880 -0.113172
0.193906 -0.113172 0.193906 -0.113172
0.200933 -0.113172 0.200933 -0.113172
0.207959 -0.113172 0.207959 -0.113172
0.214986 -0.113172 0.214986 -0.113172
0.222012 -0.113172 0.222012 -0.113172
0.229039 -0.113172 0.229039 -0.113172
0.236065 -0.113172 0.236065 -0.113172
0.243092 -0.113172 0.243092 -0.113172
0.250118 -0.113172 0.250118 -0.113172
0.257145 -0.113172 0.257145 -0.113172
0.264172 -0.113172 0.264172 -0.113172
0.271198 -0.113172 0.271198 -0.113172
0.278225 -0.113172 0.278225 -0.113172
0.285251 -0.113172 0.285251 -0.113172
0.292278 -0.113172 0.292278 -0.113172
0.299304 -0.113172 0.299304 -0.113172
0.306331 -0.113172 0.306331 -0.113172
0.313357 -0.113172 0.313357 -0.113172
0.320384 -0.113172 0.320384 -0.113172
0.327410 -0.113172 0.327410 -0.113172
0.334437 -0.113172 0.334437 -0.113172
0.341463 -0.113172 0.341463 -0.113172
0.348490 -0.113172 0.348490 -0.113172
0.355516 -0.113172 0.355516 -0.113172
0.362543 -0.113172 0.362543 -0.113172
0.369569 -0.113172 0.369569 -0.113172
0.376596 -0.113172 0.376596 -0.113172
0.383622 -0.113172 0.383622 -0.113172
0.390649 -0.113172 0.390649 -0.113172
0.397676 -0.113172 0.397676 -0.113172
0.404702 -0.113172 0.404702 -0.113172
0.411729 -0.113172 0.411729 -0.113172
0.418755 -0.113172 0.418755 -0.113172
0.425782 -0.113172 0.425782 -0.113172
0.432808 -0.113172 0.432808 -0.113172
0.439835 -0.113172 0.439835 -0.113172
0.446861 -0.113172 0.446861 -0.113172
0.453888 -0.113172 0.453888 -0.113172
0.460914 -0.113172 0.460914 -0.113172
0.467941 -0.113172 0.467941 -0.113172
0.474967 -0.113172 0.474967 -0.113172
0.481994 -0.113172 0.481994 -0.113172
-0.410375 -0.105871 -0.410375 -0.105871
-0.403348 -0.105871 -0.403348 -0.105871
-0.396322 -0.105871 -0.396322 -0.105871
-0.389295 -0.105871 -0.389295 -0.105871
-0.382269 -0.105871 -0.382269 -0.105871
-0.375242 -0.105871 -0.375242 -0.105871
-0.368216 -0.105871 -0.368216 -0.105871
-0.361189 -0.105871 -0.361189 -0.105871
-0.354163 -0.105871 -0.354163 -0.105871
-0.347136 -0.105871 -0.347136 -0.105871
-0.340110 -0.105871 -0.340110 -0.105871
-0.333083 -0.105871 -0.333083 -0.105871
-0.326057 -0.105871 -0.326057 -0.105871
-0.319030 -0.105871 -0.319030 -0.105871
-0.312003 -0.105871 -0.312003 -0.105871
-0.304977 -0.105871 -0.304977 -0.105871
-0.297950 -0.105871 -0.297950 -0.105871
-0.290924 -0.105871 -0.290924 -0.105871
-0.283897 -0.105871 -0.283897 -0.105871
-0.276871 -0.105871 -0.276871 -0.105871
-0.269844 -0.105871 -0.269844 -0.105871
-0.262818 -0.105871 -0.262818 -0.105871
-0.255791 -0.105871 -0.255791 -0.105871
-0.248765 -0.105871 -0.248765 -0.105871
-0.241738 -0.105871 -0.241738 -0.105871
-0.234712 -0.105871 -0.234712 -0.105871
-0.227685 -0.105871 -0.227685 -0.105871
-0.220659 -0.105871 -0.220659 -0.105871
-0.213632 -0.105871 -0.213632 -0.105871
-0.206606 -0.105871 -0.256159 -0.141874
-0.199579 -0.105871 -0.249108 -0.141856
-0.192553 -0.105871 -0.242057 -0.141838
-0.185526 -0.105871 -0.235006 -0.141821
-0.178499 -0.105871 -0.227955 -0.141803
-0.171473 -0.105871 -0.220904 -0.141785
-0.164446 -0.105871 -0.213853 -0.141767
-0.157420 -0.105871 -0.206802 -0.141749
-0.150393 -0.105871 -0.199751 -0.141731
-0.143367 -0.105871 -0.192700 -0.141713
-0.136340 -0.105871 -0.185649 -0.141695
-0.129314 -0.105871 -0.178598 -0.141677
-0.122287 -0.105871 -0.171547 -0.141660
-0.115261 -0.105871 -0.164496 -0.141642
-0.108234 -0.105871 -0.157445 -0.141624
-0.101208 -0.105871 -0.150393 -0.141606
-0.094181 -0.105871 -0.143342 -0.141588
-0.087155 -0.105871 -0.136291 -0.141570
-0.080128 -0.105871 -0.129240 -0.141553
-0.073102 -0.105871 -0.122189 -0.141535
-0.066075 -0.105871 -0.066075 -0.105871
-0.059049 -0.105871 -0.059049 -0.105871
-0.052022 -0.105871 -0.052022 -0.105871
-0.044996 -0.105871 -0.044996 -0.105871
-0.037969 -0.105871 -0.037969 -0.105871
-0.030942 -0.105871 -0.030942 -0.105871
-0.023916 -0.105871 -0.023916 -0.105871
-0.016889 -0.105871 -0.016889 -0.105871
-0.009863 -0.105871 -0.009863 -0.105871
-0.002836 -0.105871 0.015877 -0.163467
0.004190 -0.105871 0.022908 -0.163478
0.011217 -0.105871 0.029938 -0.163489
0.018243 -0.105871 0.036968 -0.163500
0.025270 -0.105871 0.043998 -0.163511
0.032296 -0.105871 0.051028 -0.163522
0.039323 -0.105871 0.058059 -0.163533
0.046349 -0.105871 0.065089 -0.163544
0.053376 -0.105871 0.072119 -0.163555
0.060402 -0.105871 0.079149 -0.163566
0.067429 -0.105871 0.086179 -0.163577
0.074455 -0.105871 0.093209 -0.163588
0.081482 -0.105871 0.100239 -0.163599
0.088508 -0.105871 0.088508 -0.105871
0.095535 -0.105871 0.095535 -0.105871
0.102561 -0.105871 0.102561 -0.105871
0.109588 -0.105871 0.109588 -0.105871
0.116615 -0.105871 0.116615 -0.105871
0.123641 -0.105871 0.123641 -0.105871
0.130668 -0.105871 0.130668 -0.105871
0.137694 -0.105871 0.137694 -0.105871
0.144721 -0.105871 0.144721 -0.105871
0.151747 -0.105871 0.151747 -0.105871
0.158774 -0.105871 0.158774 -0.105871
0.165800 -0.105871 0.165800 -0.105871
0.172827 -0.105871 0.172827 -0.105871
0.179853 -0.105871 0.179853 -0.105871
0.186880 -0.105871 0.186880 -0.105871
0.193906 -0.105871 0.193906 -0.105871
0.200933 -0.105871 0.200933 -0.105871
0.207959 -0.105871 0.207959 -0.105871
0.214986 -0.105871 0.214986 -0.105871
0.222012 -0.105871 0.222012 -0.105871
0.229039 -0.105871 0.229039 -0.105871
0.236065 -0.105871 0.236065 -0.105871
0.243092 -0.105871 0.243092 -0.105871
0.250118 -0.105871 0.250118 -0.105871
0.257145 -0.105871 0.257145 -0.105871
0.264172 -0.105871 0.264172 -0.105871
0.271198 -0.105871 0.271198 -0.105871
0.278225 -0.105871 0.278225 -0.105871
0.285251 -0.105871 0.285251 -0.105871
0.292278 -0.105871 0.292278 -0.105871
0.299304 -0.105871 0.299304 -0.105871
0.306331 -0.105871 0.306331 -0.105871
0.313357 -0.105871 0.313357 -0.105871
0.320384 -0.105871 0.320384 -0.105871
0.327410 -0.105871 0.327410 -0.105871
0.334437 -0.105871 0.334437 -0.105871
0.341463 -0.105871 0.341463 -0.105871
0.348490 -0.105871 0.348490 -0.105871
0.355516 -0.105871 0.355516 -0.105871
0.362543 -0.105871 0.362543 -0.105871
0.369569 -0.105871 0.369569 -0.105871
0.376596 -0.105871 0.376596 -0.105871
0.383622 -0.105871 0.383622 -0.105871
0.390649 -0.105871 0.390649 -0.105871
0.397676 -0.105871 0.397676 -0.105871
0.404702 -0.105871 0.404702 -0.105871
0.411729 -0.105871 0.411729 -0.105871
0.418755 -0.105871 0.418755 -0.105871
0.425782 -0.105871 0.425782 -0.105871
0.432808 -0.105871 0.432808 -0.105871
0.439835 -0.105871 0.439835 -0.105871
0.446861 -0.105871 0.446861 -0.105871
0.453888 -0.105871 0.453888 -0.105871
0.460914 -0.105871 0.460914 -0.105871
0.467941 -0.105871 0.467941 -0.105871
0.474967 -0.105871 0.474967 -0.105871
0.481994 -0.105871 0.481994 -0.105871
-0.410375 -0.098569 -0.410375 -0.098569
-0.403348 -0.098569 -0.403348 -0.098569
-0.396322 -0.098569 -0.396322 -0.098569
-0.389295 -0.098569 -0.389295 -0.098569
-0.382269 -0.098569 -0.382269 -0.098569
-0.375242 -0.098569 -0.375242 -0.098569
-0.368216 -0.098569 -0.368216 -0.098569
-0.361189 -0.098569 -0.361189 -0.098569
-0.354163 -0.098569 -0.354163 -0.098569
-0.347136 -0.098569 -0.347136 -0.098569
-0.340110 -0.098569 -0.340110 -0.098569
-0.333083 -0.098569 -0.333083 -0.098569
-0.326057 -0.098569 -0.326057 -0.098569
-0.319030 -0.098569 -0.319030 -0.098569
-0.312003 -0.098569 -0.312003 -0.098569
-0.304977 -0.098569 -0.304977 -0.098569
-0.297950 -0.098569 -0.297950 -0.098569
-0.290924 -0.098569 -0.290924 -0.098569
-0.283897 -0.098569 -0.283897 -0.098569
-0.276871 -0.098569 -0.276871 -0.098569
-0.269844 -0.098569 -0.269844 -0.098569
-0.262818 -0.098569 -0.262818 -0.098569
-0.255791 -0.098569 -0.255791 -0.098569
-0.248765 -0.098569 -0.248765 -0.098569
-0.241738 -0.098569 -0.241738 -0.098569
-0.234712 -0.098569 -0.234712 -0.098569
-0.227685 -0.098569 -0.227685 -0.098569
-0.220659 -0.098569 -0.220659 -0.098569
-0.213632 -0.098569 -0.213632 -0.098569
-0.206606 -0.098569 -0.206606 -0.098569
-0.199579 -0.098569 -0.249089 -0.134541
-0.192553 -0.098569 -0.242038 -0.134523
-0.185526 -0.098569 -0.234987 -0.134506
-0.178499 -0.098569 -0.227936 -0.134488
-0.171473 -0.098569 -0.220885 -0.134470
-0.164446 -0.098569 -0.213834 -0.134452
-0.157420 -0.098569 -0.206783 -0.134434
-0.150393 -0.098569 -0.199732 -0.134417
-0.143367 -0.098569 -0.192681 -0.134399
-0.136340 -0.098569 -0.185630 -0.134381
-0.129314 -0.098569 -0.178579 -0.134362
-0.122287 -0.098569 -0.171528 -0.134345
-0.115261 -0.098569 -0.164477 -0.134327
-0.108234 -0.098569 -0.157426 -0.134309
-0.101208 -0.098569 -0.150375 -0.134291
-0.094181 -0.098569 -0.143324 -0.134273
-0.087155 -0.098569 -0.136273 -0.134256
-0.080128 -0.098569 -0.129222 -0.134238
-0.073102 -0.098569 -0.122171 -0.134220
-0.066075 -0.098569 -0.115120 -0.134202
-0.059049 -0.098569 -0.059049 -0.098569
-0.052022 -0.098569 -0.052022 -0.098569
-0.044996 -0.098569 -0.044996 -0.098569
-0.037969 -0.098569 -0.037969 -0.098569
-0.030942 -0.098569 -0.030942 -0.098569
-0.023916 -0.098569 -0.023916 -0.098569
-0.016889 -0.098569 -0.016889 -0.098569
-0.009863 -0.098569 -0.009863 -0.098569
-0.002836 -0.098569 0.015866 -0.156130
0.004190 -0.098569 0.022896 -0.156141
0.011217 -0.098569 0.029926 -0.156153
0.018243 -0.098569 0.036956 -0.156164
0.025270 -0.098569 0.043986 -0.156175
0.032296 -0.098569 0.051017 -0.156185
0.039323 -0.098569 0.058047 -0.156196
0.046349 -0.098569 0.065077 -0.156207
0.053376 -0.098569 0.072108 -0.156218
0.060402 -0.098569 0.079138 -0.156229
0.067429 -0.098569 0.086168 -0.156240
0.074455 -0.098569 0.093198 -0.156251
0.081482 -0.098569 0.100228 -0.156262
0.088508 -0.098569 0.088508 -0.098569
0.095535 -0.098569 0.095535 -0.098569
0.102561 -0.098569 0.102561 -0.098569
0.109588 -0.098569 0.109588 -0.098569
0.116615 -0.098569 0.116615 -0.098569
0.123641 -0.098569 0.123641 -0.098569
0.130668 -0.098569 0.130668 -0.098569
0.137694 -0.098569 0.137694 -0.098569
0.144721 -0.098569 0.144721 -0.098569
0.151747 -0.098569 0.151747 -0.098569
0.158774 -0.098569 0.158774 -0.098569
0.165800 -0.098569 0.165800 -0.098569
0.172827 -0.098569 0.172827 -0.098569
0.179853 -0.098569 0.179853 -0.098569
0.186880 -0.098569 0.186880 -0.098569
0.193906 -0.098569 0.193906 -0.098569
0.200933 -0.098569 0.200933 -0.098569
0.207959 -0.098569 0.207959 -0.098569
0.214986 -0.098569 0.214986 -0.098569
0.222012 -0.098569 0.222012 -0.098569
0.229039 -0.098569 0.229039 -0.098569
0.236065 -0.098569 0.236065 -0.098569
0.243092 -0.098569 0.243092 -0.098569
0.250118 -0.098569 0.250118 -0.098569
0.257145 -0.098569 0.257145 -0.098569
0.264172 -0.098569 0.264172 -0.098569
0.271198 -0.098569 0.271198 -0.098569
0.278225 -0.098569 0.278225 -0.098569
0.285251 -0.098569 0.285251 -0.098569
0.292278 -0.098569 0.292278 -0.098569
0.299304 -0.098569 0.299304 -0.098569
0.306331 -0.098569 0.306331 -0.098569
0.313357 -0.098569 0.313357 -0.098569
0.320384 -0.098569 0.320384 -0.098569
0.327410 -0.098569 0.327410 -0.098569
0.334437 -0.098569 0.334437 -0.098569
0.341463 -0.098569 0.341463 -0.098569
0.348490 -0.098569 0.348490 -0.098569
0.355516 -0.098569 0.355516 -0.098569
0.362543 -0.098569 0.362543 -0.098569
0.369569 -0.098569 0.369569 -0.098569
0.376596 -0.098569 0.376596 -0.098569
0.383622 -0.098569 0.383622 -0.098569
0.390649 -0.098569 0.390649 -0.098569
0.397676 -0.098569 0.397676 -0.098569
0.404702 -0.098569 0.404702 -0.098569
0.411729 -0.098569 0.411729 -0.098569
0.418755 -0.098569 0.418755 -0.098569
0.425782 -0.098569 0.425782 -0.098569
0.432808 -0.098569 0.432808 -0.098569
0.439835 -0.098569 0.439835 -0.098569
0.446861 -0.098569 0.446861 -0.098569
0.453888 -0.098569 0.453888 -0.098569
0.460914 -0.098569 0.460914 -0.098569
0.467941 -0.098569 0.467941 -0.098569
0.474967 -0.098569 0.474967 -0.098569
0.481994 -0.098569 0.481994 -0.098569
-0.410375 -0.091268 -0.410375 -0.091268
-0.403348 -0.091268 -0.403348 -0.091268
-0.396322 -0.091268 -0.396322 -0.091268
-0.389295 -0.091268 -0.389295 -0.091268
-0.382269 -0.091268 -0.382269 -0.091268
-0.375242 -0.091268 -0.375242 -0.091268
-0.368216 -0.091268 -0.368216 -0.091268
-0.361189 -0.091268 -0.361189 -0.091268
-0.354163 -0.091268 -0.354163 -0.091268
-0.347136 -0.091268 -0.347136 -0.091268
-0.340110 -0.091268 -0.340110 -0.091268
-0.333083 -0.091268 -0.333083 -0.091268
-0.326057 -0.091268 -0.326057 -0.091268
-0.319030 -0.091268 -0.319030 -0.091268
-0.312003 -0.091268 -0.312003 -0.091268
-0.304977 -0.091268 -0.304977 -0.091268
-0.297950 -0.091268 -0.297950 -0.091268
-0.290924 -0.091268 -0.290924 -0.091268
-0.283897 -0.091268 -0.283897 -0.091268
-0.276871 -0.091268 -0.276871 -0.091268
-0.269844 -0.091268 -0.269844 -0.091268
-0.262818 -0.091268 -0.262818 -0.091268
-0.255791 -0.091268 -0.255791 -0.091268
-0.248765 -0.091268 -0.248765 -0.091268
-0.241738 -0.091268 -0.241738 -0.091268
-0.234712 -0.091268 -0.234712 -0.091268
-0.227685 -0.091268 -0.227685 -0.091268
-0.220659 -0.091268 -0.220659 -0.091268
-0.213632 -0.091268 -0.213632 -0.091268
-0.206606 -0.091268 -0.206606 -0.091268
-0.199579 -0.091268 -0.199579 -0.091268
-0.192553 -0.091268 -0.242020 -0.127209
-0.185526 -0.091268 -0.234969 -0.127191
-0.178499 -0.091268 -0.227918 -0.127173
-0.171473 -0.091268 -0.220867 -0.127155
-0.164446 -0.091268 -0.213816 -0.127137
-0.157420 -0.091268 -0.206765 -0.127119
-0.150393 -0.091268 -0.199713 -0.127102
-0.143367 -0.091268 -0.192662 -0.127084
-0.136340 -0.091268 -0.185611 -0.127066
-0.129314 -0.091268 -0.178560 -0.127048
-0.122287 -0.091268 -0.171510 -0.127030
-0.115261 -0.091268 -0.164459 -0.127012
-0.108234 -0.091268 -0.157407 -0.126994
-0.101208 -0.091268 -0.150356 -0.126976
-0.094181 -0.091268 -0.143305 -0.126958
-0.087155 -0.091268 -0.136254 -0.126941
-0.080128 -0.091268 -0.129203 -0.126923
-0.073102 -0.091268 -0.122152 -0.126905
-0.066075 -0.091268 -0.115101 -0.126887
-0.059049 -0.091268 -0.108050 -0.126869
-0.052022 -0.091268 -0.052022 -0.091268
-0.044996 -0.091268 -0.044996 -0.091268
-0.037969 -0.091268 -0.037969 -0.091268
-0.030942 -0.091268 -0.030942 -0.091268
-0.023916 -0.091268 -0.023916 -0.091268
-0.016889 -0.091268 -0.016889 -0.091268
-0.009863 -0.091268 -0.009863 -0.091268
-0.002836 -0.091268 0.015855 -0.148794
0.004190 -0.091268 0.022885 -0.148805
0.011217 -0.091268 0.029915 -0.148816
0.018243 -0.091268 0.036945 -0.148827
0.025270 -0.091268 0.043975 -0.148838
0.032296 -0.091268 0.051006 -0.148849
0.039323 -0.091268 0.058036 -0.148860
0.046349 -0.091268 0.065066 -0.148871
0.053376 -0.091268 0.072096 -0.148882
0.060402 -0.091268 0.079126 -0.148893
0.067429 -0.091268 0.086156 -0.148904
0.074455 -0.091268 0.093186 -0.148915
0.081482 -0.091268 0.081482 -0.091268
0.088508 -0.091268 0.088508 -0.091268
0.095535 -0.091268 0.095535 -0.091268
0.102561 -0.091268 0.102561 -0.091268
0.109588 -0.091268 0.109588 -0.091268
0.116615 -0.091268 0.116615 -0.091268
0.123641 -0.091268 0.123641 -0.091268
0.130668 -0.091268 0.130668 -0.091268
0.137694 -0.091268 0.137694 -0.091268
0.144721 -0.091268 0.144721 -0.091268
0.151747 -0.091268 0.151747 -0.091268
0.158774 -0.091268 0.158774 -0.091268
0.165800 -0.091268 0.165800 -0.091268
0.172827 -0.091268 0.172827 -0.091268
0.179853 -0.091268 0.179853 -0.091268
0.186880 -0.091268 0.186880 -0.091268
0.193906 -0.091268 0.193906 -0.091268
0.200933 -0.091268 0.200933 -0.091268
0.207959 -0.091268 0.207959 -0.091268
0.214986 -0.091268 0.214986 -0.091268
0.222012 -0.091268 0.222012 -0.091268
0.229039 -0.091268 0.229039 -0.091268
0.236065 -0.091268 0.236065 -0.091268
0.243092 -0.091268 0.243092 -0.091268
0.250118 -0.091268 0.250118 -0.091268
0.257145 -0.091268 0.257145 -0.091268
0.264172 -0.091268 0.264172 -0.091268
0.271198 -0.091268 0.271198 -0.091268
0.278225 -0.091268 0.278225 -0.091268
0.285251 -0.091268 0.285251 -0.091268
0.292278 -0.091268 0.292278 -0.091268
0.299304 -0.091268 0.299304 -0.091268
0.306331 -0.091268 0.306331 -0.091268
0.313357 -0.091268 0.313357 -0.091268
0.320384 -0.091268 0.320384 -0.091268
0.327410 -0.091268 0.327410 -0.091268
0.334437 -0.091268 0.334437 -0.091268
0.341463 -0.091268 0.341463 -0.091268
0.348490 -0.091268 0.348490 -0.091268
0.355516 -0.091268 0.355516 -0.091268
0.362543 -0.091268 0.362543 -0.091268
0.369569 -0.091268 0.369569 -0.091268
0.376596 -0.091268 0.376596 -0.091268
0.383622 -0.091268 0.383622 -0.091268
0.390649 -0.091268 0.390649 -0.091268
0.397676 -0.091268 0.397676 -0.091268
0.404702 -0.091268 0.404702 -0.091268
0.411729 -0.091268 0.411729 -0.091268
0.418755 -0.091268 0.418755 -0.091268
0.425782 -0.091268 0.425782 -0.091268
0.432808 -0.091268 0.432808 -0.091268
0.439835 -0.091268 0.439835 -0.091268
0.446861 -0.091268 0.446861 -0.091268
0.453888 -0.091268 0.453888 -0.091268
0.460914 -0.091268 0.460914 -0.091268
0.467941 -0.091268 0.467941 -0.091268
0.474967 -0.091268 0.474967 -0.091268
0.481994 -0.091268 0.481994 -0.091268
-0.410375 -0.083966 -0.410375 -0.083966
-0.403348 -0.083966 -0.403348 -0.083966
-0.396322 -0.083966 -0.396322 -0.083966
-0.389295 -0.083966 -0.389295 -0.083966
-0.382269 -0.083966 -0.382269 -0.083966
-0.375242 -0.083966 -0.375242 -0.083966
-0.368216 -0.083966 -0.368216 -0.083966
-0.361189 -0.083966 -0.361189 -0.083966
-0.354163 -0.083966 -0.354163 -0.083966
-0.347136 -0.083966 -0.347136 -0.083966
-0.340110 -0.083966 -0.340110 -0.083966
-0.333083 -0.083966 -0.333083 -0.083966
-0.326057 -0.083966 -0.326057 -0.083966
-0.319030 -0.083966 -0.319030 -0.083966
-0.312003 -0.083966 -0.312003 -0.083966
-0.304977 -0.083966 -0.304977 -0.083966
-0.297950 -0.083966 -0.297950 -0.083966
-0.290924 -0.083966 -0.290924 -0.083966
-0.283897 -0.083966 -0.283897 -0.083966
-0.276871 -0.083966 -0.276871 -0.083966
-0.269844 -0.083966 -0.269844 -0.083966
-0.262818 -0.083966 -0.262818 -0.083966
-0.255791 -0.083966 -0.255791 -0.083966
-0.248765 -0.083966 -0.248765 -0.083966
-0.241738 -0.083966 -0.241738 -0.083966
-0.234712 -0.083966 -0.234712 -0.083966
-0.227685 -0.083966 -0.227685 -0.083966
-0.220659 -0.083966 -0.220659 -0.083966
-0.213632 -0.083966 -0.213632 -0.083966
-0.206606 -0.083966 -0.206606 -0.083966
-0.199579 -0.083966 -0.199579 -0.083966
-0.192553 -0.083966 -0.242001 -0.119894
-0.185526 -0.083966 -0.234950 -0.119876
-0.178499 -0.083966 -0.227899 -0.119858
-0.171473 -0.083966 -0.220848 -0.119840
-0.164446 -0.083966 -0.213797 -0.119822
-0.157420 -0.083966 -0.206746 -0.119805
-0.150393 -0.083966 -0.199695 -0.119787
-0.143367 -0.083966 -0.192644 -0.119769
-0.136340 -0.083966 -0.185593 -0.119751
-0.129314 -0.083966 -0.178542 -0.119733
-0.122287 -0.083966 -0.171491 -0.119715
-0.115261 -0.083966 -0.164440 -0.119697
-0.108234 -0.083966 -0.157389 -0.119679
-0.101208 -0.083966 -0.150338 -0.119661
-0.094181 -0.083966 -0.143287 -0.119644
-0.087155 -0.083966 -0.136236 -0.119626
-0.080128 -0.083966 -0.129185 -0.119608
-0.073102 -0.083966 -0.122134 -0.119590
-0.066075 -0.083966 -0.115083 -0.119572
-0.059049 -0.083966 -0.108032 -0.119554
-0.052022 -0.083966 -0.052022 -0.083966
-0.044996 -0.083966 -0.044996 -0.083966
-0.037969 -0.083966 -0.037969 -0.083966
-0.030942 -0.083966 -0.030942 -0.083966
-0.023916 -0.083966 -0.023916 -0.083966
-0.016889 -0.083966 -0.016889 -0.083966
-0.009863 -0.083966 -0.009863 -0.083966
-0.002836 -0.083966 0.015843 -0.141457
0.004190 -0.083966 0.022873 -0.141468
0.011217 -0.083966 0.029903 -0.141479
0.018243 -0.083966 0.036933 -0.141490
0.025270 -0.083966 0.043964 -0.141501
0.032296 -0.083966 0.050994 -0.141512
0.039323 -0.083966 0.058024 -0.141523
0.046349 -0.083966 0.065055 -0.141534
0.053376 -0.083966 0.072085 -0.141545
0.060402 -0.083966 0.079115 -0.141556
0.067429 -0.083966 0.086145 -0.141567
0.074455 -0.083966 0.074455 -0.083966
0.081482 -0.083966 0.081482 -0.083966
0.088508 -0.083966 0.088508 -0.083966
0.095535 -0.083966 0.095535 -0.083966
0.102561 -0.083966 0.102561 -0.083966
0.109588 -0.083966 0.109588 -0.083966
0.116615 -0.083966 0.116615 -0.083966
0.123641 -0.083966 0.123641 -0.083966
0.130668 -0.083966 0.130668 -0.083966
0.137694 -0.083966 0.137694 -0.083966
0.144721 -0.083966 0.144721 -0.083966
0.151747 -0.083966 0.151747 -0.083966
0.158774 -0.083966 0.158774 -0.083966
0.165800 -0.083966 0.165800 -0.083966
0.172827 -0.083966 0.172827 -0.083966
0.179853 -0.083966 0.179853 -0.083966
0.186880 -0.083966 0.186880 -0.083966
0.193906 -0.083966 0.193906 -0.083966
0.200933 -0.083966 0.200933 -0.083966
0.207959 -0.083966 0.207959 -0.083966
0.214986 -0.083966 0.214986 -0.083966
0.222012 -0.083966 0.222012 -0.083966
0.229039 -0.083966 0.229039 -0.083966
0.236065 -0.083966 0.236065 -0.083966
0.243092 -0.083966 0.243092 -0.083966
0.250118 -0.083966 0.250118 -0.083966
0.257145 -0.083966 0.257145 -0.083966
0.264172 -0.083966 0.264172 -0.083966
0.271198 -0.083966 0.271198 -0.083966
0.278225 -0.083966 0.278225 -0.083966
0.285251 -0.083966 0.285251 -0.083966
0.292278 -0.083966 0.292278 -0.083966
0.299304 -0.083966 0.299304 -0.083966
0.306331 -0.083966 0.306331 -0.083966
0.313357 -0.083966 0.313357 -0.083966
0.320384 -0.083966 0.320384 -0.083966
0.327410 -0.083966 0.327410 -0.083966
0.334437 -0.083966 0.334437 -0.083966
0.341463 -0.083966 0.341463 -0.083966
0.348490 -0.083966 0.348490 -0.083966
0.355516 -0.083966 0.355516 -0.083966
0.362543 -0.083966 0.362543 -0.083966
0.369569 -0.083966 0.369569 -0.083966
0.376596 -0.083966 0.376596 -0.083966
0.383622 -0.083966 0.383622 -0.083966
0.390649 -0.083966 0.390649 -0.083966
0.397676 -0.083966 0.397676 -0.083966
0.404702 -0.083966 0.404702 -0.083966
0.411729 -0.083966 0.411729 -0.083966
0.418755 -0.083966 0.418755 -0.083966
0.425782 -0.083966 0.425782 -0.083966
0.432808 -0.083966 0.432808 -0.083966
0.439835 -0.083966 0.439835 -0.083966
0.446861 -0.083966 0.446861 -0.083966
0.453888 -0.083966 0.453888 -0.083966
0.460914 -0.083966 0.460914 -0.083966
0.467941 -0.083966 0.467941 -0.083966
0.474967 -0.083966 0.474967 -0.083966
0.481994 -0.083966 0.481994 -0.083966
-0.410375 -0.076665 -0.410375 -0.076665
-0.403348 -0.076665 -0.403348 -0.076665
-0.396322 -0.076665 -0.396322 -0.076665
-0.389295 -0.076665 -0.389295 -0.076665
-0.382269 -0.076665 -0.382269 -0.076665
-0.375242 -0.076665 -0.375242 -0.076665
-0.368216 -0.076665 -0.368216 -0.076665
-0.361189 -0.076665 -0.361189 -0.076665
-0.354163 -0.076665 -0.354163 -0.076665
-0.347136 -0.076665 -0.347136 -0.076665
-0.340110 -0.076665 -0.340110 -0.076665
-0.333083 -0.076665 -0.333083 -0.076665
-0.326057 -0.076665 -0.326057 -0.076665
-0.319030 -0.076665 -0.319030 -0.076665
-0.312003 -0.076665 -0.312003 -0.076665
-0.304977 -0.076665 -0.304977 -0.076665
-0.297950 -0.076665 -0.297950 -0.076665
-0.290924 -0.076665 -0.290924 -0.076665
-0.283897 -0.076665 -0.283897 -0.076665
-0.276871 -0.076665 -0.276871 -0.076665
-0.269844 -0.076665 -0.269844 -0.076665
-0.262818 -0.076665 -0.262818 -0.076665
-0.255791 -0.076665 -0.255791 -0.076665
-0.248765 -0.076665 -0.248765 -0.076665
-0.241738 -0.076665 -0.241738 -0.076665
-0.234712 -0.076665 -0.234712 -0.076665
-0.227685 -0.076665 -0.227685 -0.076665
-0.220659 -0.076665 -0.220659 -0.076665
-0.213632 -0.076665 -0.213632 -0.076665
-0.206606 -0.076665 -0.206606 -0.076665
-0.199579 -0.076665 -0.199579 -0.076665
-0.192553 -0.076665 -0.192553 -0.076665
-0.185526 -0.076665 -0.234932 -0.112561
-0.178499 -0.076665 -0.227881 -0.112543
-0.171473 -0.076665 -0.220830 -0.112525
-0.164446 -0.076665 -0.213779 -0.112508
-0.157420 -0.076665 -0.206728 -0.112490
-0.150393 -0.076665 -0.199676 -0.112472
-0.143367 -0.076665 -0.192625 -0.112454
-0.136340 -0.076665 -0.185574 -0.112436
-0.129314 -0.076665 -0.178523 -0.112418
-0.122287 -0.076665 -0.171472 -0.112401
-0.115261 -0.076665 -0.164421 -0.112383
-0.108234 -0.076665 -0.157370 -0.112365
-0.101208 -0.076665 -0.150319 -0.112347
-0.094181 -0.076665 -0.143268 -0.112329
-0.087155 -0.076665 -0.136217 -0.112311
-0.080128 -0.076665 -0.129166 -0.112293
-0.073102 -0.076665 -0.122115 -0.112275
-0.066075 -0.076665 -0.115064 -0.112257
-0.059049 -0.076665 -0.108013 -0.112240
-0.052022 -0.076665 -0.100962 -0.112222
-0.044996 -0.076665 -0.044996 -0.076665
-0.037969 -0.076665 -0.037969 -0.076665
-0.030942 -0.076665 -0.030942 -0.076665
-0.023916 -0.076665 -0.023916 -0.076665
-0.016889 -0.076665 -0.016889 -0.076665
-0.009863 -0.076665 -0.009863 -0.076665
-0.002836 -0.076665 0.015832 -0.134121
0.004190 -0.076665 0.022862 -0.134132
0.011217 -0.076665 0.029892 -0.134143
0.018243 -0.076665 0.036922 -0.134154
0.025270 -0.076665 0.043953 -0.134164
0.032296 -0.076665 0.050983 -0.134175
0.039323 -0.076665 0.058013 -0.134186
0.046349 -0.076665 0.065043 -0.134197
0.053376 -0.076665 0.072073 -0.134208
0.060402 -0.076665 0.079103 -0.134219
0.067429 -0.076665 0.067429 -0.076665
0.074455 -0.076665 0.074455 -0.076665
0.081482 -0.076665 0.081482 -0.076665
0.088508 -0.076665 0.088508 -0.076665
0.095535 -0.076665 0.095535 -0.076665
0.102561 -0.076665 0.102561 -0.076665
0.109588 -0.076665 0.109588 -0.076665
0.116615 -0.076665 0.116615 -0.076665
0.123641 -0.076665 0.123641 -0.076665
0.130668 -0.076665 0.130668 -0.076665
0.137694 -0.076665 0.137694 -0.076665
0.144721 -0.076665 0.144721 -0.076665
0.151747 -0.076665 0.151747 -0.076665
0.158774 -0.076665 0.158774 -0.076665
0.165800 -0.076665 0.165800 -0.076665
0.172827 -0.076665 0.172827 -0.076665
0.179853 -0.076665 0.179853 -0.076665
0.186880 -0.076665 0.186880 -0.076665
0.193906 -0.076665 0.193906 -0.076665
0.200933 -0.076665 0.200933 -0.076665
0.207959 -0.076665 0.207959 -0.076665
0.214986 -0.076665 0.214986 -0.076665
0.222012 -0.076665 0.222012 -0.076665
0.229039 -0.076665 0.229039 -0.076665
0.236065 -0.076665 0.236065 -0.076665
0.243092 -0.076665 0.243092 -0.076665
0.250118 -0.076665 0.250118 -0.076665
0.257145 -0.076665 0.257145 -0.076665
0.264172 -0.076665 0.264172 -0.076665
0.271198 -0.076665 0.271198 -0.076665
0.278225 -0.076665 0.278225 -0.076665
0.285251 -0.076665 0.285251 -0.076665
0.292278 -0.076665 0.292278 -0.076665
0.299304 -0.076665 0.299304 -0.076665
0.306331 -0.076665 0.306331 -0.076665
0.313357 -0.076665 0.313357 -0.076665
0.320384 -0.076665 0.320384 -0.076665
0.327410 -0.076665 0.327410 -0.076665
0.334437 -0.076665 0.334437 -0.076665
0.341463 -0.076665 0.341463 -0.076665
0.348490 -0.076665 0.348490 -0.076665
0.355516 -0.076665 0.355516 -0.076665
0.362543 -0.076665 0.362543 -0.076665
0.369569 -0.076665 0.369569 -0.076665
0.376596 -0.076665 0.376596 -0.076665
0.383622 -0.076665 0.383622 -0.076665
0.390649 -0.076665 0.390649 -0.076665
0.397676 -0.076665 0.397676 -0.076665
0.404702 -0.076665 0.404702 -0.076665
0.411729 -0.076665 0.411729 -0.076665
0.418755 -0.076665 0.418755 -0.076665
0.425782 -0.076665 0.425782 -0.076665
0.432808 -0.076665 0.432808 -0.076665
0.439835 -0.076665 0.439835 -0.076665
0.446861 -0.076665 0.446861 -0.076665
0.453888 -0.076665 0.453888 -0.076665
0.460914 -0.076665 0.460914 -0.076665
0.467941 -0.076665 0.467941 -0.076665
0.474967 -0.076665 0.474967 -0.076665
0.481994 -0.076665 0.481994 -0.076665
-0.410375 -0.069363 -0.410375 -0.069363
-0.403348 -0.069363 -0.403348 -0.069363
-0.396322 -0.069363 -0.396322 -0.069363
-0.389295 -0.069363 -0.389295 -0.069363
-0.382269 -0.069363 -0.382269 -0.069363
-0.375242 -0.069363 -0.375242 -0.069363
-0.368216 -0.069363 -0.368216 -0.069363
-0.361189 -0.069363 -0.361189 -0.069363
-0.354163 -0.069363 -0.354163 -0.069363
-0.347136 -0.069363 -0.347136 -0.069363
-0.340110 -0.069363 -0.340110 -0.069363
-0.333083 -0.069363 -0.333083 -0.069363
-0.326057 -0.069363 -0.326057 -0.069363
-0.319030 -0.069363 -0.319030 -0.069363
-0.312003 -0.069363 -0.312003 -0.069363
-0.304977 -0.069363 -0.304977 -0.069363
-0.297950 -0.069363 -0.297950 -0.069363
-0.290924 -0.069363 -0.290924 -0.069363
-0.283897 -0.069363 -0.283897 -0.069363
-0.276871 -0.069363 -0.276871 -0.069363
-0.269844 -0.069363 -0.269844 -0.069363
-0.262818 -0.069363 -0.262818 -0.069363
-0.255791 -0.069363 -0.255791 -0.069363
-0.248765 -0.069363 -0.248765 -0.069363
-0.241738 -0.069363 -0.241738 -0.069363
-0.234712 -0.069363 -0.234712 -0.069363
-0.227685 -0.069363 -0.227685 -0.069363
-0.220659 -0.069363 -0.220659 -0.069363
-0.213632 -0.069363 -0.213632 -0.069363
-0.206606 -0.069363 -0.206606 -0.069363
-0.199579 -0.069363 -0.199579 -0.069363
-0.192553 -0.069363 -0.192553 -0.069363
-0.185526 -0.069363 -0.185526 -0.069363
-0.178499 -0.069363 -0.227862 -0.105228
-0.171473 -0.069363 -0.220811 -0.105210
-0.164446 -0.069363 -0.213760 -0.105193
-0.157420 -0.069363 -0.206709 -0.105175
-0.150393 -0.069363 -0.199658 -0.105157
-0.143367 -0.069363 -0.192607 -0.105139
-0.136340 -0.069363 -0.185556 -0.105121
-0.129314 -0.069363 -0.178505 -0.105104
-0.122287 -0.069363 -0.171454 -0.105086
-0.115261 -0.069363 -0.164403 -0.105068
-0.108234 -0.069363 -0.157352 -0.105050
-0.101208 -0.069363 -0.150300 -0.105032
-0.094181 -0.069363 -0.143250 -0.105014
-0.087155 -0.069363 -0.136199 -0.104996
-0.080128 -0.069363 -0.129148 -0.104978
-0.073102 -0.069363 -0.122097 -0.104960
-0.066075 -0.069363 -0.115046 -0.104943
-0.059049 -0.069363 -0.107994 -0.104925
-0.052022 -0.069363 -0.100943 -0.104907
-0.044996 -0.069363 -0.093892 -0.104889
-0.037969 -0.069363 -0.037969 -0.069363
-0.030942 -0.069363 -0.030942 -0.069363
-0.023916 -0.069363 -0.023916 -0.069363
-0.016889 -0.069363 -0.016889 -0.069363
-0.009863 -0.069363 -0.009863 -0.069363
-0.002836 -0.069363 0.015820 -0.126784
0.004190 -0.069363 0.022850 -0.126795
0.011217 -0.069363 0.029880 -0.126806
0.018243 -0.069363 0.036911 -0.126817
0.025270 -0.069363 0.043941 -0.126828
0.032296 -0.069363 0.050971 -0.126839
0.039323 -0.069363 0.058002 -0.126850
0.046349 -0.069363 0.065032 -0.126861
0.053376 -0.069363 0.072062 -0.126872
0.060402 -0.069363 0.060402 -0.069363
0.067429 -0.069363 0.067429 -0.069363
0.074455 -0.069363 0.074455 -0.069363
0.081482 -0.069363 0.081482 -0.069363
0.088508 -0.069363 0.088508 -0.069363
0.095535 -0.069363 0.095535 -0.069363
0.102561 -0.069363 0.102561 -0.069363
0.109588 -0.069363 0.109588 -0.069363
0.116615 -0.069363 0.116615 -0.069363
0.123641 -0.069363 0.123641 -0.069363
0.130668 -0.069363 0.130668 -0.069363
0.137694 -0.069363 0.137694 -0.069363
0.144721 -0.069363 0.144721 -0.069363
0.151747 -0.069363 0.151747 -0.069363
0.158774 -0.069363 0.158774 -0.069363
0.165800 -0.069363 0.165800 -0.069363
0.172827 -0.069363 0.172827 -0.069363
0.179853 -0.069363 0.179853 -0.069363
0.186880 -0.069363 0.186880 -0.069363
0.193906 -0.069363 0.193906 -0.069363
0.200933 -0.069363 0.200933 -0.069363
0.207959 -0.069363 0.207959 -0.069363
0.214986 -0.069363 0.214986 -0.069363
0.222012 -0.069363 0.222012 -0.069363
0.229039 -0.069363 0.229039 -0.069363
0.236065 -0.069363 0.236065 -0.069363
0.243092 -0.069363 0.243092 -0.069363
0.250118 -0.069363 0.250118 -0.069363
0.257145 -0.069363 0.257145 -0.069363
0.264172 -0.069363 0.264172 -0.069363
0.271198 -0.069363 0.271198 -0.069363
0.278225 -0.069363 0.278225 -0.069363
0.285251 -0.069363 0.285251 -0.069363
0.292278 -0.069363 0.292278 -0.069363
0.299304 -0.069363 0.299304 -0.069363
0.306331 -0.069363 0.306331 -0.069363
0.313357 -0.069363 0.313357 -0.069363
0.320384 -0.069363 0.320384 -0.069363
0.327410 -0.069363 0.327410 -0.069363
0.334437 -0.069363 0.334437 -0.069363
0.341463 -0.069363 0.341463 -0.069363
0.348490 -0.069363 0.348490 -0.069363
0.355516 -0.069363 0.355516 -0.069363
0.362543 -0.069363 0.362543 -0.069363
0.369569 -0.069363 0.369569 -0.069363
0.376596 -0.069363 0.376596 -0.069363
0.383622 -0.069363 0.383622 -0.069363
0.390649 -0.069363 0.390649 -0.069363
0.397676 -0.069363 0.397676 -0.069363
0.404702 -0.069363 0.404702 -0.069363
0.411729 -0.069363 0.411729 -0.069363
0.418755 -0.069363 0.418755 -0.069363
0.425782 -0.069363 0.425782 -0.069363
0.432808 -0.069363 0.432808 -0.069363
0.439835 -0.069363 0.439835 -0.069363
0.446861 -0.069363 0.446861 -0.069363
0.453888 -0.069363 0.453888 -0.069363
0.460914 -0.069363 0.460914 -0.069363
0.467941 -0.069363 0.467941 -0.069363
0.474967 -0.069363 0.474967 -0.069363
0.481994 -0.069363 0.481994 -0.069363
-0.410375 -0.062062 -0.410375 -0.062062
-0.403348 -0.062062 -0.403348 -0.062062
-0.396322 -0.062062 -0.396322 -0.062062
-0.389295 -0.062062 -0.389295 -0.062062
-0.382269 -0.062062 -0.382269 -0.062062
-0.375242 -0.062062 -0.375242 -0.062062
-0.368216 -0.062062 -0.368216 -0.062062
-0.361189 -0.062062 -0.361189 -0.062062
-0.354163 -0.062062 -0.354163 -0.062062
-0.347136 -0.062062 -0.347136 -0.062062
-0.340110 -0.062062 -0.340110 -0.062062
-0.333083 -0.062062 -0.333083 -0.062062
-0.326057 -0.062062 -0.326057 -0.062062
-0.319030 -0.062062 -0.319030 -0.062062
-0.312003 -0.062062 -0.312003 -0.062062
-0.304977 -0.062062 -0.304977 -0.062062
-0.297950 -0.062062 -0.297950 -0.062062
-0.290924 -0.062062 -0.290924 -0.062062
-0.283897 -0.062062 -0.283897 -0.062062
-0.276871 -0.062062 -0.276871 -0.062062
-0.269844 -0.062062 -0.269844 -0.062062
-0.262818 -0.062062 -0.262818 -0.062062
-0.255791 -0.062062 -0.255791 -0.062062
-0.248765 -0.062062 -0.248765 -0.062062
-0.241738 -0.062062 -0.241738 -0.062062
-0.234712 -0.062062 -0.234712 -0.062062
-0.227685 -0.062062 -0.227685 -0.062062
-0.220659 -0.062062 -0.220659 -0.062062
-0.213632 -0.062062 -0.213632 -0.062062
-0.206606 -0.062062 -0.206606 -0.062062
-0.199579 -0.062062 -0.199579 -0.062062
-0.192553 -0.062062 -0.192553 -0.062062
-0.185526 -0.062062 -0.185526 -0.062062
-0.178499 -0.062062 -0.178499 -0.062062
-0.171473 -0.062062 -0.220793 -0.097896
-0.164446 -0.062062 -0.213742 -0.097878
-0.157420 -0.062062 -0.206690 -0.097860
-0.150393 -0.062062 -0.199639 -0.097842
-0.143367 -0.062062 -0.192588 -0.097824
-0.136340 -0.062062 -0.185537 -0.097806
-0.129314 -0.062062 -0.178486 -0.097789
-0.122287 -0.062062 -0.171435 -0.097771
-0.115261 -0.062062 -0.164384 -0.097753
-0.108234 -0.062062 -0.157333 -0.097735
-0.101208 -0.062062 -0.150282 -0.097717
-0.094181 -0.062062 -0.143231 -0.097699
-0.087155 -0.062062 -0.136180 -0.097682
-0.080128 -0.062062 -0.129129 -0.097663
-0.073102 -0.062062 -0.122078 -0.097645
-0.066075 -0.062062 -0.115027 -0.097628
-0.059049 -0.062062 -0.107976 -0.097610
-0.052022 -0.062062 -0.100925 -0.097592
-0.044996 -0.062062 -0.093874 -0.097574
-0.037969 -0.062062 -0.037969 -0.062062
-0.030942 -0.062062 -0.030942 -0.062062
-0.023916 -0.062062 -0.023916 -0.062062
-0.016889 -0.062062 -0.016889 -0.062062
-0.009863 -0.062062 -0.009863 -0.062062
-0.002836 -0.062062 0.015809 -0.119447
0.004190 -0.062062 0.022839 -0.119458
0.011217 -0.062062 0.029869 -0.119469
0.018243 -0.062062 0.036899 -0.119480
0.025270 -0.062062 0.043930 -0.119491
0.032296 -0.062062 0.050960 -0.119502
0.039323 -0.062062 0.057990 -0.119513
0.046349 -0.062062 0.065020 -0.119524
0.053376 -0.062062 0.053376 -0.062062
0.060402 -0.062062 0.060402 -0.062062
0.067429 -0.062062 0.067429 -0.062062
0.074455 -0.062062 0.074455 -0.062062
0.081482 -0.062062 0.081482 -0.062062
0.088508 -0.062062 0.088508 -0.062062
0.095535 -0.062062 0.095535 -0.062062
0.102561 -0.062062 0.102561 -0.062062
0.109588 -0.062062 0.109588 -0.062062
0.116615 -0.062062 0.116615 -0.062062
0.123641 -0.062062 0.123641 -0.062062
0.130668 -0.062062 0.130668 -0.062062
0.137694 -0.062062 0.137694 -0.062062
0.144721 -0.062062 0.144721 -0.062062
0.151747 -0.062062 0.151747 -0.062062
0.158774 -0.062062 0.158774 -0.062062
0.165800 -0.062062 0.165800 -0.062062
0.172827 -0.062062 0.172827 -0.062062
0.179853 -0.062062 0.179853 -0.062062
0.186880 -0.062062 0.186880 -0.062062
0.193906 -0.062062 0.193906 -0.062062
0.200933 -0.062062 0.200933 -0.062062
0.207959 -0.062062 0.207959 -0.062062
0.214986 -0.062062 0.214986 -0.062062
0.222012 -0.062062 0.222012 -0.062062
0.229039 -0.062062 0.229039 -0.062062
0.236065 -0.062062 0.236065 -0.062062
0.243092 -0.062062 0.243092 -0.062062
0.250118 -0.062062 0.250118 -0.062062
0.257145 -0.062062 0.257145 -0.062062
0.264172 -0.062062 0.264172 -0.062062
0.271198 -0.062062 0.271198 -0.062062
0.278225 -0.062062 0.278225 -0.062062
0.285251 -0.062062 0.285251 -0.062062
0.292278 -0.062062 0.292278 -0.062062
0.299304 -0.062062 0.299304 -0.062062
0.306331 -0.062062 0.306331 -0.062062
0.313357 -0.062062 0.313357 -0.062062
0.320384 -0.062062 0.320384 -0.062062
0.327410 -0.062062 0.327410 -0.062062
0.334437 -0.062062 0.334437 -0.062062
0.341463 -0.062062 0.341463 -0.062062
0.348490 -0.062062 0.348490 -0.062062
0.355516 -0.062062 0.355516 -0.062062
0.362543 -0.062062 0.362543 -0.062062
0.369569 -0.062062 0.369569 -0.062062
0.376596 -0.062062 0.376596 -0.062062
0.383622 -0.062062 0.383622 -0.062062
0.390649 -0.062062 0.390649 -0.062062
0.397676 -0.062062 0.397676 -0.062062
0.404702 -0.062062 0.404702 -0.062062
0.411729 -0.062062 0.411729 -0.062062
0.418755 -0.062062 0.418755 -0.062062
0.425782 -0.062062 0.425782 -0.062062
0.432808 -0.062062 0.432808 -0.062062
0.439835 -0.062062 0.439835 -0.062062
0.446861 -0.062062 0.446861 -0.062062
0.453888 -0.062062 0.453888 -0.062062
0.460914 -0.062062 0.460914 -0.062062
0.467941 -0.062062 0.467941 -0.062062
0.474967 -0.062062 0.474967 -0.062062
0.481994 -0.062062 0.481994 -0.062062
-0.410375 -0.054761 -0.410375 -0.054761
-0.403348 -0.054761 -0.403348 -0.054761
-0.396322 -0.054761 -0.396322 -0.054761
-0.389295 -0.054761 -0.389295 -0.054761
-0.382269 -0.054761 -0.382269 -0.054761
-0.375242 -0.054761 -0.375242 -0.054761
-0.368216 -0.054761 -0.368216 -0.054761
-0.361189 -0.054761 -0.361189 -0.054761
-0.354163 -0.054761 -0.354163 -0.054761
-0.347136 -0.054761 -0.347136 -0.054761
-0.340110 -0.054761 -0.340110 -0.054761
-0.333083 -0.054761 -0.333083 -0.054761
-0.326057 -0.054761 -0.326057 -0.054761
-0.319030 -0.054761 -0.319030 -0.054761
-0.312003 -0.054761 -0.312003 -0.054761
-0.304977 -0.054761 -0.304977 -0.054761
-0.297950 -0.054761 -0.297950 -0.054761
-0.290924 -0.054761 -0.290924 -0.054761
-0.283897 -0.054761 -0.283897 -0.054761
-0.276871 -0.054761 -0.276871 -0.054761
-0.269844 -0.054761 -0.269844 -0.054761
-0.262818 -0.054761 -0.262818 -0.054761
-0.255791 -0.054761 -0.255791 -0.054761
-0.248765 -0.054761 -0.248765 -0.054761
-0.241738 -0.054761 -0.241738 -0.054761
-0.234712 -0.054761 -0.234712 -0.054761
-0.227685 -0.054761 -0.227685 -0.054761
-0.220659 -0.054761 -0.220659 -0.054761
-0.213632 -0.054761 -0.213632 -0.054761
-0.206606 -0.054761 -0.206606 -0.054761
-0.199579 -0.054761 -0.199579 -0.054761
-0.192553 -0.054761 -0.192553 -0.054761
-0.185526 -0.054761 -0.185526 -0.054761
-0.178499 -0.054761 -0.178499 -0.054761
-0.171473 -0.054761 -0.171473 -0.054761
-0.164446 -0.054761 -0.213723 -0.090563
-0.157420 -0.054761 -0.206672 -0.090545
-0.150393 -0.054761 -0.199621 -0.090527
-0.143367 -0.054761 -0.192570 -0.090509
-0.136340 -0.054761 -0.185519 -0.090492
-0.129314 -0.054761 -0.178468 -0.090474
-0.122287 -0.054761 -0.171417 -0.090456
-0.115261 -0.054761 -0.164366 -0.090438
-0.108234 -0.054761 -0.157314 -0.090420
-0.101208 -0.054761 -0.150263 -0.090402
-0.094181 -0.054761 -0.143212 -0.090385
-0.087155 -0.054761 -0.136161 -0.090367
-0.080128 -0.054761 -0.129110 -0.090349
-0.073102 -0.054761 -0.122060 -0.090331
-0.066075 -0.054761 -0.115008 -0.090313
-0.059049 -0.054761 -0.107957 -0.090295
-0.052022 -0.054761 -0.100906 -0.090277
-0.044996 -0.054761 -0.093855 -0.090259
-0.037969 -0.054761 -0.086804 -0.090241
-0.030942 -0.054761 -0.030942 -0.054761
-0.023916 -0.054761 -0.023916 -0.054761
-0.016889 -0.054761 -0.016889 -0.054761
-0.009863 -0.054761 -0.009863 -0.054761
-0.002836 -0.054761 0.015797 -0.112111
0.004190 -0.054761 0.022827 -0.112122
0.011217 -0.054761 0.029858 -0.112133
0.018243 -0.054761 0.036888 -0.112143
0.025270 -0.054761 0.043918 -0.112154
0.032296 -0.054761 0.050949 -0.112165
0.039323 -0.054761 0.057979 -0.112176
0.046349 -0.054761 0.046349 -0.054761
0.053376 -0.054761 0.053376 -0.054761
0.060402 -0.054761 0.060402 -0.054761
0.067429 -0.054761 0.067429 -0.054761
0.074455 -0.054761 0.074455 -0.054761
0.081482 -0.054761 0.081482 -0.054761
0.088508 -0.054761 0.088508 -0.054761
0.095535 -0.054761 0.095535 -0.054761
0.102561 -0.054761 0.102561 -0.054761
0.109588 -0.054761 0.109588 -0.054761
0.116615 -0.054761 0.116615 -0.054761
0.123641 -0.054761 0.123641 -0.054761
0.130668 -0.054761 0.130668 -0.054761
0.137694 -0.054761 0.198457 -0.054761
0.144721 -0.054761 0.205521 -0.054761
0.151747 -0.054761 0.212585 -0.054761
0.158774 -0.054761 0.219649 -0.054761
0.165800 -0.054761 0.226713 -0.054761
0.172827 -0.054761 0.172827 -0.054761
0.179853 -0.054761 0.179853 -0.054761
0.186880 -0.054761 0.186880 -0.054761
0.193906 -0.054761 0.193906 -0.054761
0.200933 -0.054761 0.200933 -0.054761
0.207959 -0.054761 0.207959 -0.054761
0.214986 -0.054761 0.214986 -0.054761
0.222012 -0.054761 0.222012 -0.054761
0.229039 -0.054761 0.229039 -0.054761
0.236065 -0.054761 0.236065 -0.054761
0.243092 -0.054761 0.243092 -0.054761
0.250118 -0.054761 0.250118 -0.054761
0.257145 -0.054761 0.257145 -0.054761
0.264172 -0.054761 0.264172 -0.054761
0.271198 -0.054761 0.271198 -0.054761
0.278225 -0.054761 0.278225 -0.054761
0.285251 -0.054761 0.285251 -0.054761
0.292278 -0.054761 0.292278 -0.054761
0.299304 -0.054761 0.299304 -0.054761
0.306331 -0.054761 0.306331 -0.054761
0.313357 -0.054761 0.313357 -0.054761
0.320384 -0.054761 0.320384 -0.054761
0.327410 -0.054761 0.327410 -0.054761
0.334437 -0.054761 0.334437 -0.054761
0.341463 -0.054761 0.341463 -0.054761
0.348490 -0.054761 0.348490 -0.054761
0.355516 -0.054761 0.355516 -0.054761
0.362543 -0.054761 0.362543 -0.054761
0.369569 -0.054761 0.369569 -0.054761
0.376596 -0.054761 0.376596 -0.054761
0.383622 -0.054761 0.383622 -0.054761
0.390649 -0.054761 0.390649 -0.054761
0.397676 -0.054761 0.397676 -0.054761
0.404702 -0.054761 0.404702 -0.054761
0.411729 -0.054761 0.411729 -0.054761
0.418755 -0.054761 0.418755 -0.054761
0.425782 -0.054761 0.425782 -0.054761
0.432808 -0.054761 0.432808 -0.054761
0.439835 -0.054761 0.439835 -0.054761
0.446861 -0.054761 0.446861 -0.054761
0.453888 -0.054761 0.453888 -0.054761
0.460914 -0.054761 0.460914 -0.054761
0.467941 -0.054761 0.467941 -0.054761
0.474967 -0.054761 0.474967 -0.054761
0.481994 -0.054761 0.481994 -0.054761
-0.410375 -0.047459 -0.410375 -0.047459
-0.403348 -0.047459 -0.403348 -0.047459
-0.396322 -0.047459 -0.396322 -0.047459
-0.389295 -0.047459 -0.389295 -0.047459
-0.382269 -0.047459 -0.382269 -0.047459
-0.375242 -0.047459 -0.375242 -0.047459
-0.368216 -0.047459 -0.368216 -0.047459
-0.361189 -0.047459 -0.361189 -0.047459
-0.354163 -0.047459 -0.354163 -0.047459
-0.347136 -0.047459 -0.347136 -0.047459
-0.340110 -0.047459 -0.340110 -0.047459
-0.333083 -0.047459 -0.333083 -0.047459
-0.326057 -0.047459 -0.326057 -0.047459
-0.319030 -0.047459 -0.319030 -0.047459
-0.312003 -0.047459 -0.312003 -0.047459
-0.304977 -0.047459 -0.304977 -0.047459
-0.297950 -0.047459 -0.297950 -0.047459
-0.290924 -0.047459 -0.290924 -0.047459
-0.283897 -0.047459 -0.283897 -0.047459
-0.276871 -0.047459 -0.276871 -0.047459
-0.269844 -0.047459 -0.269844 -0.047459
-0.262818 -0.047459 -0.262818 -0.047459
-0.255791 -0.047459 -0.255791 -0.047459
-0.248765 -0.047459 -0.248765 -0.047459
-0.241738 -0.047459 -0.241738 -0.047459
-0.234712 -0.047459 -0.234712 -0.047459
-0.227685 -0.047459 -0.227685 -0.047459
-0.220659 -0.047459 -0.220659 -0.047459
-0.213632 -0.047459 -0.213632 -0.047459
-0.206606 -0.047459 -0.206606 -0.047459
-0.199579 -0.047459 -0.199579 -0.047459
-0.192553 -0.047459 -0.192553 -0.047459
-0.185526 -0.047459 -0.185526 -0.047459
-0.178499 -0.047459 -0.178499 -0.047459
-0.171473 -0.047459 -0.171473 -0.047459
-0.164446 -0.047459 -0.164446 -0.047459
-0.157420 -0.047459 -0.206653 -0.083230
-0.150393 -0.047459 -0.199602 -0.083212
-0.143367 -0.047459 -0.192551 -0.083195
-0.136340 -0.047459 -0.185500 -0.083177
-0.129314 -0.047459 -0.178449 -0.083159
-0.122287 -0.047459 -0.171398 -0.083141
-0.115261 -0.047459 -0.164347 -0.083123
-0.108234 -0.047459 -0.157296 -0.083105
-0.101208 -0.047459 -0.150245 -0.083088
-0.094181 -0.047459 -0.143194 -0.083070
-0.087155 -0.047459 -0.136143 -0.083052
-0.080128 -0.047459 -0.129092 -0.083034
-0.073102 -0.047459 -0.122041 -0.083016
-0.066075 -0.047459 -0.114990 -0.082998
-0.059049 -0.047459 -0.107939 -0.082980
-0.052022 -0.047459 -0.100888 -0.082962
-0.044996 -0.047459 -0.093837 -0.082944
-0.037969 -0.047459 -0.086786 -0.082927
-0.030942 -0.047459 0.453732 -0.749616
-0.023916 -0.047459 -0.226522 0.186413
-0.016889 -0.047459 0.204944 0.377560
-0.009863 -0.047459 0.663279 0.126739
-0.002836 -0.047459 -0.002836 -0.384230
0.004190 -0.047459 0.015138 0.392823
0.011217 -0.047459 0.022168 0.392415
0.018243 -0.047459 0.196233 0.168127
0.025270 -0.047459 0.206093 0.360431
0.032296 -0.047459 -0.285499 -0.759219
0.039323 -0.047459 0.057967 -0.104840
0.046349 -0.047459 0.046349 -0.047459
0.053376 -0.047459 0.053376 -0.047459
0.060402 -0.047459 0.060402 -0.047459
0.067429 -0.047459 0.067429 -0.047459
0.074455 -0.047459 0.074455 -0.047459
0.081482 -0.047459 0.081482 -0.047459
0.088508 -0.047459 0.088508 -0.047459
0.095535 -0.047459 0.095535 -0.047459
0.102561 -0.047459 0.102561 -0.047459
0.109588 -0.047459 0.109588 -0.047459
0.116615 -0.047459 0.116615 -0.047459
0.123641 -0.047459 0.184329 -0.047459
0.130668 -0.047459 0.191393 -0.047459
0.137694 -0.047459 0.198457 -0.047459
0.144721 -0.047459 0.205521 -0.047459
0.151747 -0.047459 0.212585 -0.047459
0.158774 -0.047459 0.219649 -0.047459
0.165800 -0.047459 0.226713 -0.047459
0.172827 -0.047459 0.233777 -0.047459
0.179853 -0.047459 0.240841 -0.047459
0.186880 -0.047459 0.247905 -0.047459
0.193906 -0.047459 0.254969 -0.047459
0.200933 -0.047459 0.200933 -0.047459
0.207959 -0.047459 0.207959 -0.047459
0.214986 -0.047459 0.214986 -0.047459
0.222012 -0.047459 0.222012 -0.047459
0.229039 -0.047459 0.229039 -0.047459
0.236065 -0.047459 0.236065 -0.047459
0.243092 -0.047459 0.243092 -0.047459
0.250118 -0.047459 0.250118 -0.047459
0.257145 -0.047459 0.257145 -0.047459
0.264172 -0.047459 0.264172 -0.047459
0.271198 -0.047459 0.271198 -0.047459
0.278225 -0.047459 0.278225 -0.047459
0.285251 -0.047459 0.285251 -0.047459
0.292278 -0.047459 0.292278 -0.047459
0.299304 -0.047459 0.299304 -0.047459
0.306331 -0.047459 0.306331 -0.047459
0.313357 -0.047459 0.313357 -0.047459
0.320384 -0.047459 0.320384 -0.047459
0.327410 -0.047459 0.327410 -0.047459
0.334437 -0.047459 0.334437 -0.047459
0.341463 -0.047459 0.341463 -0.047459
0.348490 -0.047459 0.348490 -0.047459
0.355516 -0.047459 0.355516 -0.047459
0.362543 -0.047459 0.362543 -0.047459
0.369569 -0.047459 0.369569 -0.047459
0.376596 -0.047459 0.376596 -0.047459
0.383622 -0.047459 0.383622 -0.047459
0.390649 -0.047459 0.390649 -0.047459
0.397676 -0.047459 0.397676 -0.047459
0.404702 -0.047459 0.404702 -0.047459
0.411729 -0.047459 0.411729 -0.047459
0.418755 -0.047459 0.418755 -0.047459
0.425782 -0.047459 0.425782 -0.047459
0.432808 -0.047459 0.432808 -0.047459
0.439835 -0.047459 0.439835 -0.047459
0.446861 -0.047459 0.446861 -0.047459
0.453888 -0.047459 0.453888 -0.047459
0.460914 -0.047459 0.460914 -0.047459
0.467941 -0.047459 0.467941 -0.047459
0.474967 -0.047459 0.474967 -0.047459
0.481994 -0.047459 0.481994 -0.047459
-0.410375 -0.040158 -0.410375 -0.040158
-0.403348 -0.040158 -0.403348 -0.040158
-0.396322 -0.040158 -0.396322 -0.040158
-0.389295 -0.040158 -0.389295 -0.040158
-0.382269 -0.040158 -0.382269 -0.040158
-0.375242 -0.040158 -0.375242 -0.040158
-0.368216 -0.040158 -0.368216 -0.040158
-0.361189 -0.040158 -0.361189 -0.040158
-0.354163 -0.040158 -0.354163 -0.040158
-0.347136 -0.040158 -0.347136 -0.040158
-0.340110 -0.040158 -0.340110 -0.040158
-0.333083 -0.040158 -0.333083 -0.040158
-0.326057 -0.040158 -0.326057 -0.040158
-0.319030 -0.040158 -0.319030 -0.040158
-0.312003 -0.040158 -0.312003 -0.040158
-0.304977 -0.040158 -0.304977 -0.040158
-0.297950 -0.040158 -0.297950 -0.040158
-0.290924 -0.040158 -0.290924 -0.040158
-0.283897 -0.040158 -0.283897 -0.040158
-0.276871 -0.040158 -0.276871 -0.040158
-0.269844 -0.040158 -0.269844 -0.040158
-0.262818 -0.040158 -0.262818 -0.040158
-0.255791 -0.040158 -0.255791 -0.040158
-0.248765 -0.040158 -0.248765 -0.040158
-0.241738 -0.040158 -0.241738 -0.040158
-0.234712 -0.040158 -0.234712 -0.040158
-0.227685 -0.040158 -0.227685 -0.040158
-0.220659 -0.040158 -0.220659 -0.040158
-0.213632 -0.040158 -0.213632 -0.040158
-0.206606 -0.040158 -0.206606 -0.040158
-0.199579 -0.040158 -0.199579 -0.040158
-0.192553 -0.040158 -0.192553 -0.040158
-0.185526 -0.040158 -0.185526 -0.040158
-0.178499 -0.040158 -0.178499 -0.040158
-0.171473 -0.040158 -0.171473 -0.040158
-0.164446 -0.040158 -0.164446 -0.040158
-0.157420 -0.040158 -0.157420 -0.040158
-0.150393 -0.040158 -0.199584 -0.075898
-0.143367 -0.040158 -0.192533 -0.075880
-0.136340 -0.040158 -0.185482 -0.075862
-0.129314 -0.040158 -0.178431 -0.075844
-0.122287 -0.040158 -0.171380 -0.075826
-0.115261 -0.040158 -0.164328 -0.075808
-0.108234 -0.040158 -0.157277 -0.075791
-0.101208 -0.040158 -0.150226 -0.075773
-0.094181 -0.040158 -0.143175 -0.075755
-0.087155 -0.040158 -0.136124 -0.075737
-0.080128 -0.040158 -0.129073 -0.075719
-0.073102 -0.040158 -0.122022 -0.075701
-0.066075 -0.040158 -0.114971 -0.075684
-0.059049 -0.040158 -0.107920 -0.075666
-0.052022 -0.040158 -0.100869 -0.075647
-0.044996 -0.040158 -0.093818 -0.075630
-0.037969 -0.040158 -0.086767 -0.075612
-0.030942 -0.040158 0.368702 -1.420664
-0.023916 -0.040158 0.259328 -0.358186
-0.016889 -0.040158 -0.128832 -0.099711
-0.009863 -0.040158 -0.121523 -0.100284
-0.002836 -0.040158 -0.137192 0.249364
0.004190 -0.040158 0.091237 -0.133939
0.011217 -0.040158 0.145954 0.248575
0.018243 -0.040158 -0.246350 -0.017163
0.025270 -0.040158 -0.274414 -0.092715
0.032296 -0.040158 -0.260911 -0.096669
0.039323 -0.040158 0.039323 -0.040158
0.046349 -0.040158 0.046349 -0.040158
0.053376 -0.040158 0.053376 -0.040158
0.060402 -0.040158 0.060402 -0.040158
0.067429 -0.040158 0.067429 -0.040158
0.074455 -0.040158 0.074455 -0.040158
0.081482 -0.040158 0.081482 -0.040158
0.088508 -0.040158 0.088508 -0.040158
0.095535 -0.040158 0.095535 -0.040158
0.102561 -0.040158 0.163137 -0.040158
0.109588 -0.040158 0.170201 -0.040158
0.116615 -0.040158 0.177265 -0.040158
0.123641 -0.040158 0.184329 -0.040158
0.130668 -0.040158 0.191393 -0.040158
0.137694 -0.040158 0.198457 -0.040158
0.144721 -0.040158 0.205521 -0.040158
0.151747 -0.040158 0.212585 -0.040158
0.158774 -0.040158 0.219649 -0.040158
0.165800 -0.040158 0.226713 -0.040158
0.172827 -0.040158 0.233777 -0.040158
0.179853 -0.040158 0.240841 -0.040158
0.186880 -0.040158 0.247905 -0.040158
0.193906 -0.040158 0.254969 -0.040158
0.200933 -0.040158 0.262033 -0.040158
0.207959 -0.040158 0.269097 -0.040158
0.214986 -0.040158 0.276161 -0.040158
0.222012 -0.040158 0.283225 -0.040158
0.229039 -0.040158 0.229039 -0.040158
0.236065 -0.040158 0.236065 -0.040158
0.243092 -0.040158 0.243092 -0.040158
0.250118 -0.040158 0.250118 -0.040158
0.257145 -0.040158 0.257145 -0.040158
0.264172 -0.040158 0.264172 -0.040158
0.271198 -0.040158 0.271198 -0.040158
0.278225 -0.040158 0.278225 -0.040158
0.285251 -0.040158 0.285251 -0.040158
0.292278 -0.040158 0.292278 -0.040158
0.299304 -0.040158 0.299304 -0.040158
0.306331 -0.040158 0.306331 -0.040158
0.313357 -0.040158 0.313357 -0.040158
0.320384 -0.040158 0.320384 -0.040158
0.327410 -0.040158 0.327410 -0.040158
0.334437 -0.040158 0.334437 -0.040158
0.341463 -0.040158 0.341463 -0.040158
0.348490 -0.040158 0.348490 -0.040158
0.355516 -0.040158 0.355516 -0.040158
0.362543 -0.040158 0.362543 -0.040158
0.369569 -0.040158 0.369569 -0.040158
0.376596 -0.040158 0.376596 -0.040158
0.383622 -0.040158 0.383622 -0.040158
0.390649 -0.040158 0.390649 -0.040158
0.397676 -0.040158 0.397676 -0.040158
0.404702 -0.040158 0.404702 -0.040158
0.411729 -0.040158 0.411729 -0.040158
0.418755 -0.040158 0.418755 -0.040158
0.425782 -0.040158 0.425782 -0.040158
0.432808 -0.040158 0.432808 -0.040158
0.439835 -0.040158 0.439835 -0.040158
0.446861 -0.040158 0.446861 -0.040158
0.453888 -0.040158 0.453888 -0.040158
0.460914 -0.040158 0.460914 -0.040158
0.467941 -0.040158 0.467941 -0.040158
0.474967 -0.040158 0.474967 -0.040158
0.481994 -0.040158 0.481994 -0.040158
-0.410375 -0.032856 -0.410375 -0.032856
-0.403348 -0.032856 -0.403348 -0.032856
-0.396322 -0.032856 -0.396322 -0.032856
-0.389295 -0.032856 -0.389295 -0.032856
-0.382269 -0.032856 -0.382269 -0.032856
-0.375242 -0.032856 -0.375242 -0.032856
-0.368216 -0.032856 -0.368216 -0.032856
-0.361189 -0.032856 -0.361189 -0.032856
-0.354163 -0.032856 -0.354163 -0.032856
-0.347136 -0.032856 -0.347136 -0.032856
-0.340110 -0.032856 -0.340110 -0.032856
-0.333083 -0.032856 -0.333083 -0.032856
-0.326057 -0.032856 -0.326057 -0.032856
-0.319030 -0.032856 -0.319030 -0.032856
-0.312003 -0.032856 -0.312003 -0.032856
-0.304977 -0.032856 -0.304977 -0.032856
-0.297950 -0.032856 -0.297950 -0.032856
-0.290924 -0.032856 -0.290924 -0.032856
-0.283897 -0.032856 -0.283897 -0.032856
-0.276871 -0.032856 -0.276871 -0.032856
-0.269844 -0.032856 -0.269844 -0.032856
-0.262818 -0.032856 -0.262818 -0.032856
-0.255791 -0.032856 -0.255791 -0.032856
-0.248765 -0.032856 -0.248765 -0.032856
-0.241738 -0.032856 -0.241738 -0.032856
-0.234712 -0.032856 -0.234712 -0.032856
-0.227685 -0.032856 -0.227685 -0.032856
-0.220659 -0.032856 -0.220659 -0.032856
-0.213632 -0.032856 -0.213632 -0.032856
-0.206606 -0.032856 -0.206606 -0.032856
-0.199579 -0.032856 -0.199579 -0.032856
-0.192553 -0.032856 -0.192553 -0.032856
-0.185526 -0.032856 -0.185526 -0.032856
-0.178499 -0.032856 -0.178499 -0.032856
-0.171473 -0.032856 -0.171473 -0.032856
-0.164446 -0.032856 -0.164446 -0.032856
-0.157420 -0.032856 -0.157420 -0.032856
-0.150393 -0.032856 -0.150393 -0.032856
-0.143367 -0.032856 -0.143367 -0.032856
-0.136340 -0.032856 -0.136340 -0.032856
-0.129314 -0.032856 -0.178412 -0.068529
-0.122287 -0.032856 -0.171361 -0.068511
-0.115261 -0.032856 -0.164310 -0.068493
-0.108234 -0.032856 -0.157259 -0.068476
-0.101208 -0.032856 -0.150208 -0.068458
-0.094181 -0.032856 -0.143157 -0.068440
-0.087155 -0.032856 -0.136106 -0.068422
-0.080128 -0.032856 -0.129055 -0.068404
-0.073102 -0.032856 -0.122004 -0.068387
-0.066075 -0.032856 -0.114953 -0.068369
-0.059049 -0.032856 -0.107901 -0.068351
-0.052022 -0.032856 -0.100850 -0.068333
-0.044996 -0.032856 -0.093800 -0.068315
-0.037969 -0.032856 0.100398 0.041265
-0.030942 -0.032856 -0.135052 0.196895
-0.023916 -0.032856 -0.039886 -0.181029
-0.016889 -0.032856 -0.204373 -0.051725
-0.009863 -0.032856 -0.009863 0.030737
-0.002836 -0.032856 -0.002836 0.030737
0.004190 -0.032856 0.017483 -0.052931
0.011217 -0.032856 -0.058116 -0.005248
0.018243 -0.032856 0.184367 -0.067665
0.025270 -0.032856 0.022966 -0.152667
0.032296 -0.032856 0.012790 -0.142951
0.039323 -0.032856 -0.240509 0.128702
0.046349 -0.032856 0.046349 -0.032856
0.053376 -0.032856 0.053376 -0.032856
0.060402 -0.032856 0.060402 -0.032856
0.067429 -0.032856 0.067429 -0.032856
0.074455 -0.032856 0.074455 -0.032856
0.081482 -0.032856 0.081482 -0.032856
0.088508 -0.032856 0.149009 -0.032856
0.095535 -0.032856 0.156073 -0.032856
0.102561 -0.032856 0.163137 -0.032856
0.109588 -0.032856 0.170201 -0.032856
0.116615 -0.032856 0.177265 -0.032856
0.123641 -0.032856 0.184329 -0.032856
0.130668 -0.032856 0.191393 -0.032856
0.137694 -0.032856 0.198457 -0.032856
0.144721 -0.032856 0.205521 -0.032856
0.151747 -0.032856 0.212585 -0.032856
0.158774 -0.032856 0.219649 -0.032856
0.165800 -0.032856 0.226713 -0.032856
0.172827 -0.032856 0.233777 -0.032856
0.179853 -0.032856 0.240841 -0.032856
0.186880 -0.032856 0.247905 -0.032856
0.193906 -0.032856 0.254969 -0.032856
0.200933 -0.032856 0.262033 -0.032856
0.207959 -0.032856 0.269097 -0.032856
0.214986 -0.032856 0.276161 -0.032856
0.222012 -0.032856 0.283225 -0.032856
0.229039 -0.032856 0.290289 -0.032856
0.236065 -0.032856 0.297353 -0.032856
0.243092 -0.032856 0.304417 -0.032856
0.250118 -0.032856 0.311481 -0.032856
0.257145 -0.032856 0.257145 -0.032856
0.264172 -0.032856 0.264172 -0.032856
0.271198 -0.032856 0.271198 -0.032856
0.278225 -0.032856 0.278225 -0.032856
0.285251 -0.032856 0.285251 -0.032856
0.292278 -0.032856 0.292278 -0.032856
0.299304 -0.032856 0.299304 -0.032856
0.306331 -0.032856 0.306331 -0.032856
0.313357 -0.032856 0.313357 -0.032856
0.320384 -0.032856 0.320384 -0.032856
0.327410 -0.032856 0.327410 -0.032856
0.334437 -0.032856 0.334437 -0.032856
0.341463 -0.032856 0.341463 -0.032856
0.348490 -0.032856 0.348490 -0.032856
0.355516 -0.032856 0.355516 -0.032856
0.362543 -0.032856 0.362543 -0.032856
0.369569 -0.032856 0.369569 -0.032856
0.376596 -0.032856 0.376596 -0.032856
0.383622 -0.032856 0.383622 -0.032856
0.390649 -0.032856 0.390649 -0.032856
0.397676 -0.032856 0.397676 -0.032856
0.404702 -0.032856 0.404702 -0.032856
0.411729 -0.032856 0.411729 -0.032856
0.418755 -0.032856 0.418755 -0.032856
0.425782 -0.032856 0.425782 -0.032856
0.432808 -0.032856 0.432808 -0.032856
0.439835 -0.032856 0.439835 -0.032856
0.446861 -0.032856 0.446861 -0.032856
0.453888 -0.032856 0.453888 -0.032856
0.460914 -0.032856 0.460914 -0.032856
0.467941 -0.032856 0.467941 -0.032856
0.474967 -0.032856 0.474967 -0.032856
0.481994 -0.032856 0.481994 -0.032856
-0.410375 -0.025555 -0.410375 -0.025555
-0.403348 -0.025555 -0.403348 -0.025555
-0.396322 -0.025555 -0.396322 -0.025555
-0.389295 -0.025555 -0.389295 -0.025555
-0.382269 -0.025555 -0.382269 -0.025555
-0.375242 -0.025555 -0.375242 -0.025555
-0.368216 -0.025555 -0.368216 -0.025555
-0.361189 -0.025555 -0.361189 -0.025555
-0.354163 -0.025555 -0.354163 -0.025555
-0.347136 -0.025555 -0.347136 -0.025555
-0.340110 -0.025555 -0.340110 -0.025555
-0.333083 -0.025555 -0.333083 -0.025555
-0.326057 -0.025555 -0.326057 -0.025555
-0.319030 -0.025555 -0.319030 -0.025555
-0.312003 -0.025555 -0.312003 -0.025555
-0.304977 -0.025555 -0.304977 -0.025555
-0.297950 -0.025555 -0.297950 -0.025555
-0.290924 -0.025555 -0.290924 -0.025555
-0.283897 -0.025555 -0.283897 -0.025555
-0.276871 -0.025555 -0.276871 -0.025555
-0.269844 -0.025555 -0.269844 -0.025555
-0.262818 -0.025555 -0.262818 -0.025555
-0.255791 -0.025555 -0.255791 -0.025555
-0.248765 -0.025555 -0.248765 -0.025555
-0.241738 -0.025555 -0.241738 -0.025555
-0.234712 -0.025555 -0.234712 -0.025555
-0.227685 -0.025555 -0.227685 -0.025555
-0.220659 -0.025555 -0.220659 -0.025555
-0.213632 -0.025555 -0.213632 -0.025555
-0.206606 -0.025555 -0.206606 -0.025555
-0.199579 -0.025555 -0.199579 -0.025555
-0.192553 -0.025555 -0.192553 -0.025555
-0.185526 -0.025555 -0.185526 -0.025555
-0.178499 -0.025555 -0.178499 -0.025555
-0.171473 -0.025555 -0.171473 -0.025555
-0.164446 -0.025555 -0.164446 -0.025555
-0.157420 -0.025555 -0.157420 -0.025555
-0.150393 -0.025555 -0.150393 -0.025555
-0.143367 -0.025555 -0.143367 -0.025555
-0.136340 -0.025555 -0.136340 -0.025555
-0.129314 -0.025555 -0.129314 -0.025555
-0.122287 -0.025555 -0.122287 -0.025555
-0.115261 -0.025555 -0.115261 -0.025555
-0.108234 -0.025555 -0.108234 -0.025555
-0.101208 -0.025555 -0.101208 -0.025555
-0.094181 -0.025555 -0.143138 -0.061125
-0.087155 -0.025555 -0.136087 -0.061107
-0.080128 -0.025555 -0.129036 -0.061089
-0.073102 -0.025555 -0.121985 -0.061072
-0.066075 -0.025555 -0.114934 -0.061054
-0.059049 -0.025555 -0.107883 -0.061036
-0.052022 -0.025555 -0.100832 -0.061018
-0.044996 -0.025555 0.090321 0.046805
-0.037969 -0.025555 -0.009501 -0.014883
-0.030942 -0.025555 0.242386 0.028904
-0.023916 -0.025555 -0.040680 -0.040429
-0.016889 -0.025555 -0.078624 -0.015244
-0.009863 -0.025555 0.022286 -0.073295
-0.002836 -0.025555 -0.002836 0.022589
0.004190 -0.025555 0.017482 -0.044800
0.011217 -0.025555 0.008183 -0.053140
0.018243 -0.025555 0.059239 -0.027791
0.025270 -0.025555 0.275041 -0.169760
0.032296 -0.025555 0.023841 -0.141515
0.039323 -0.025555 0.070290 -0.043435
0.046349 -0.025555 0.046349 -0.025555
0.053376 -0.025555 0.053376 -0.025555
0.060402 -0.025555 0.060402 -0.025555
0.067429 -0.025555 0.127817 -0.025555
0.074455 -0.025555 0.134881 -0.025555
0.081482 -0.025555 0.141945 -0.025555
0.088508 -0.025555 0.149009 -0.025555
0.095535 -0.025555 0.156073 -0.025555
0.102561 -0.025555 0.163137 -0.025555
0.109588 -0.025555 0.170201 -0.025555
0.116615 -0.025555 0.177265 -0.025555
0.123641 -0.025555 0.184329 -0.025555
0.130668 -0.025555 0.191393 -0.025555
0.137694 -0.025555 0.198457 -0.025555
0.144721 -0.025555 0.205521 -0.025555
0.151747 -0.025555 0.212585 -0.025555
0.158774 -0.025555 0.219649 -0.025555
0.165800 -0.025555 0.226713 -0.025555
0.172827 -0.025555 0.233777 -0.025555
0.179853 -0.025555 0.240841 -0.025555
0.186880 -0.025555 0.247905 -0.025555
0.193906 -0.025555 0.254969 -0.025555
0.200933 -0.025555 0.262033 -0.025555
0.207959 -0.025555 0.269097 -0.025555
0.214986 -0.025555 0.276161 -0.025555
0.222012 -0.025555 0.283225 -0.025555
0.229039 -0.025555 0.290289 -0.025555
0.236065 -0.025555 0.297353 -0.025555
0.243092 -0.025555 0.304417 -0.025555
0.250118 -0.025555 0.311481 -0.025555
0.257145 -0.025555 0.318545 -0.025555
0.264172 -0.025555 0.325609 -0.025555
0.271198 -0.025555 0.332673 -0.025555
0.278225 -0.025555 0.339737 -0.025555
0.285251 -0.025555 0.285251 -0.025555
0.292278 -0.025555 0.292278 -0.025555
0.299304 -0.025555 0.299304 -0.025555
0.306331 -0.025555 0.306331 -0.025555
0.313357 -0.025555 0.313357 -0.025555
0.320384 -0.025555 0.320384 -0.025555
0.327410 -0.025555 0.327410 -0.025555
0.334437 -0.025555 0.334437 -0.025555
0.341463 -0.025555 0.341463 -0.025555
0.348490 -0.025555 0.348490 -0.025555
0.355516 -0.025555 0.355516 -0.025555
0.362543 -0.025555 0.362543 -0.025555
0.369569 -0.025555 0.369569 -0.025555
0.376596 -0.025555 0.376596 -0.025555
0.383622 -0.025555 0.383622 -0.025555
0.390649 -0.025555 0.390649 -0.025555
0.397676 -0.025555 0.397676 -0.025555
0.404702 -0.025555 0.404702 -0.025555
0.411729 -0.025555 0.411729 -0.025555
0.418755 -0.025555 0.418755 -0.025555
0.425782 -0.025555 0.425782 -0.025555
0.432808 -0.025555 0.432808 -0.025555
0.439835 -0.025555 0.439835 -0.025555
0.446861 -0.025555 0.446861 -0.025555
0.453888 -0.025555 0.453888 -0.025555
0.460914 -0.025555 0.460914 -0.025555
0.467941 -0.025555 0.467941 -0.025555
0.474967 -0.025555 0.474967 -0.025555
0.481994 -0.025555 0.481994 -0.025555
-0.410375 -0.018254 -0.410375 -0.018254
-0.403348 -0.018254 -0.403348 -0.018254
-0.396322 -0.018254 -0.396322 -0.018254
-0.389295 -0.018254 -0.389295 -0.018254
-0.382269 -0.018254 -0.382269 -0.018254
-0.375242 -0.018254 -0.375242 -0.018254
-0.368216 -0.018254 -0.368216 -0.018254
-0.361189 -0.018254 -0.361189 -0.018254
-0.354163 -0.018254 -0.354163 -0.018254
-0.347136 -0.018254 -0.347136 -0.018254
-0.340110 -0.018254 -0.340110 -0.018254
-0.333083 -0.018254 -0.333083 -0.018254
-0.326057 -0.018254 -0.326057 -0.018254
-0.319030 -0.018254 -0.319030 -0.018254
-0.312003 -0.018254 -0.312003 -0.018254
-0.304977 -0.018254 -0.304977 -0.018254
-0.297950 -0.018254 -0.297950 -0.018254
-0.290924 -0.018254 -0.290924 -0.018254
-0.283897 -0.018254 -0.283897 -0.018254
-0.276871 -0.018254 -0.276871 -0.018254
-0.269844 -0.018254 -0.269844 -0.018254
-0.262818 -0.018254 -0.262818 -0.018254
-0.255791 -0.018254 -0.255791 -0.018254
-0.248765 -0.018254 -0.248765 -0.018254
-0.241738 -0.018254 -0.241738 -0.018254
-0.234712 -0.018254 -0.234712 -0.018254
-0.227685 -0.018254 -0.227685 -0.018254
-0.220659 -0.018254 -0.220659 -0.018254
-0.213632 -0.018254 -0.213632 -0.018254
-0.206606 -0.018254 -0.206606 -0.018254
-0.199579 -0.018254 -0.199579 -0.018254
-0.192553 -0.018254 -0.192553 -0.018254
-0.185526 -0.018254 -0.185526 -0.018254
-0.178499 -0.018254 -0.178499 -0.018254
-0.171473 -0.018254 -0.171473 -0.018254
-0.164446 -0.018254 -0.164446 -0.018254
-0.157420 -0.018254 -0.157420 -0.018254
-0.150393 -0.018254 -0.150393 -0.018254
-0.143367 -0.018254 -0.143367 -0.018254
-0.136340 -0.018254 -0.136340 -0.018254
-0.129314 -0.018254 -0.129314 -0.018254
-0.122287 -0.018254 -0.122287 -0.018254
-0.115261 -0.018254 -0.115261 -0.018254
-0.108234 -0.018254 -0.108234 -0.018254
-0.101208 -0.018254 -0.101208 -0.018254
-0.094181 -0.018254 -0.094181 -0.018254
-0.087155 -0.018254 -0.087155 -0.018254
-0.080128 -0.018254 -0.080128 -0.018254
-0.073102 -0.018254 -0.073102 -0.018254
-0.066075 -0.018254 -0.114915 -0.053739
-0.059049 -0.018254 -0.107864 -0.053721
-0.052022 -0.018254 -0.100813 -0.053703
-0.044996 -0.018254 0.094962 0.056786
-0.037969 -0.018254 -0.020468 -0.013912
-0.030942 -0.018254 -0.137937 -0.085222
-0.023916 -0.018254 -0.040313 -0.032916
-0.016889 -0.018254 -0.032689 -0.032570
-0.009863 -0.018254 -0.061770 0.009916
-0.002836 -0.018254 -0.002836 0.014441
0.004190 -0.018254 0.017482 -0.036668
0.011217 -0.018254 0.101109 0.008694
0.018243 -0.018254 0.013065 0.048413
0.025270 -0.018254 -0.026423 0.011591
0.032296 -0.018254 -0.428623 0.247859
0.039323 -0.018254 0.037723 0.010086
0.046349 -0.018254 -0.082626 0.083623
0.053376 -0.018254 0.113689 -0.018254
0.060402 -0.018254 0.120753 -0.018254
0.067429 -0.018254 0.127817 -0.018254
0.074455 -0.018254 0.134881 -0.018254
0.081482 -0.018254 0.141945 -0.018254
0.088508 -0.018254 0.149009 -0.018254
0.095535 -0.018254 0.156073 -0.018254
0.102561 -0.018254 0.163137 -0.018254
0.109588 -0.018254 0.170201 -0.018254
0.116615 -0.018254 0.177265 -0.018254
0.123641 -0.018254 0.184329 -0.018254
0.130668 -0.018254 0.191393 -0.018254
0.137694 -0.018254 0.198457 -0.018254
0.144721 -0.018254 0.205521 -0.018254
0.151747 -0.018254 0.212585 -0.018254
0.158774 -0.018254 0.219649 -0.018254
0.165800 -0.018254 0.226713 -0.018254
0.172827 -0.018254 0.233777 -0.018254
0.179853 -0.018254 0.240841 -0.018254
0.186880 -0.018254 0.247905 -0.018254
0.193906 -0.018254 0.254969 -0.018254
0.200933 -0.018254 0.262033 -0.018254
0.207959 -0.018254 0.269097 -0.018254
0.214986 -0.018254 0.276161 -0.018254
0.222012 -0.018254 0.283225 -0.018254
0.229039 -0.018254 0.290289 -0.018254
0.236065 -0.018254 0.297353 -0.018254
0.243092 -0.018254 0.304417 -0.018254
0.250118 -0.018254 0.311481 -0.018254
0.257145 -0.018254 0.318545 -0.018254
0.264172 -0.018254 0.325609 -0.018254
0.271198 -0.018254 0.332673 -0.018254
0.278225 -0.018254 0.339737 -0.018254
0.285251 -0.018254 0.346801 -0.018254
0.292278 -0.018254 0.353865 -0.018254
0.299304 -0.018254 0.360929 -0.018254
0.306331 -0.018254 0.367993 -0.018254
0.313357 -0.018254 0.313357 -0.018254
0.320384 -0.018254 0.320384 -0.018254
0.327410 -0.018254 0.327410 -0.018254
0.334437 -0.018254 0.334437 -0.018254
0.341463 -0.018254 0.341463 -0.018254
0.348490 -0.018254 0.348490 -0.018254
0.355516 -0.018254 0.355516 -0.018254
0.362543 -0.018254 0.362543 -0.018254
0.369569 -0.018254 0.369569 -0.018254
0.376596 -0.018254 0.376596 -0.018254
0.383622 -0.018254 0.383622 -0.018254
0.390649 -0.018254 0.390649 -0.018254
0.397676 -0.018254 0.397676 -0.018254
0.404702 -0.018254 0.404702 -0.018254
0.411729 -0.018254 0.411729 -0.018254
0.418755 -0.018254 0.418755 -0.018254
0.425782 -0.018254 0.425782 -0.018254
0.432808 -0.018254 0.432808 -0.018254
0.439835 -0.018254 0.439835 -0.018254
0.446861 -0.018254 0.446861 -0.018254
0.453888 -0.018254 0.453888 -0.018254
0.460914 -0.018254 0.460914 -0.018254
0.467941 -0.018254 0.467941 -0.018254
0.474967 -0.018254 0.474967 -0.018254
0.481994 -0.018254 0.481994 -0.018254
-0.410375 -0.010952 -0.410375 -0.010952
-0.403348 -0.010952 -0.403348 -0.010952
-0.396322 -0.010952 -0.396322 -0.010952
-0.389295 -0.010952 -0.389295 -0.010952
-0.382269 -0.010952 -0.382269 -0.010952
-0.375242 -0.010952 -0.375242 -0.010952
-0.368216 -0.010952 -0.368216 -0.010952
-0.361189 -0.010952 -0.361189 -0.010952
-0.354163 -0.010952 -0.354163 -0.010952
-0.347136 -0.010952 -0.347136 -0.010952
-0.340110 -0.010952 -0.340110 -0.010952
-0.333083 -0.010952 -0.333083 -0.010952
-0.326057 -0.010952 -0.326057 -0.010952
-0.319030 -0.010952 -0.319030 -0.010952
-0.312003 -0.010952 -0.312003 -0.010952
-0.304977 -0.010952 -0.304977 -0.010952
-0.297950 -0.010952 -0.297950 -0.010952
-0.290924 -0.010952 -0.290924 -0.010952
-0.283897 -0.010952 -0.283897 -0.010952
-0.276871 -0.010952 -0.276871 -0.010952
-0.269844 -0.010952 -0.269844 -0.010952
-0.262818 -0.010952 -0.262818 -0.010952
-0.255791 -0.010952 -0.255791 -0.010952
-0.248765 -0.010952 -0.248765 -0.010952
-0.241738 -0.010952 -0.241738 -0.010952
-0.234712 -0.010952 -0.234712 -0.010952
-0.227685 -0.010952 -0.227685 -0.010952
-0.220659 -0.010952 -0.220659 -0.010952
-0.213632 -0.010952 -0.213632 -0.010952
-0.206606 -0.010952 -0.206606 -0.010952
-0.199579 -0.010952 -0.199579 -0.010952
-0.192553 -0.010952 -0.192553 -0.010952
-0.185526 -0.010952 -0.185526 -0.010952
-0.178499 -0.010952 -0.178499 -0.010952
-0.171473 -0.010952 -0.171473 -0.010952
-0.164446 -0.010952 -0.164446 -0.010952
-0.157420 -0.010952 -0.157420 -0.010952
-0.150393 -0.010952 -0.150393 -0.010952
-0.143367 -0.010952 -0.143367 -0.010952
-0.136340 -0.010952 -0.136340 -0.010952
-0.129314 -0.010952 -0.129314 -0.010952
-0.122287 -0.010952 -0.122287 -0.010952
-0.115261 -0.010952 -0.115261 -0.010952
-0.108234 -0.010952 -0.108234 -0.010952
-0.101208 -0.010952 -0.101208 -0.010952
-0.094181 -0.010952 -0.094181 -0.010952
-0.087155 -0.010952 -0.087155 -0.010952
-0.080128 -0.010952 -0.080128 -0.010952
-0.073102 -0.010952 -0.073102 -0.010952
-0.066075 -0.010952 -0.066075 -0.010952
-0.059049 -0.010952 -0.059049 -0.010952
-0.052022 -0.010952 0.231419 0.105057
-0.044996 -0.010952 0.103096 -0.212615
-0.037969 -0.010952 -0.161283 0.052685
-0.030942 -0.010952 -0.047570 -0.025747
-0.023916 -0.010952 -0.039946 -0.025402
-0.016889 -0.010952 -0.032322 -0.025057
-0.009863 -0.010952 0.008585 0.074553
-0.002836 -0.010952 -0.054329 0.001885
0.004190 -0.010952 -0.079748 0.029065
0.011217 -0.010952 -0.036155 -0.036259
0.018243 -0.010952 -0.015608 0.008592
0.025270 -0.010952 0.049801 -0.000312
0.032296 -0.010952 -0.028146 -0.050074
0.039323 -0.010952 0.129146 0.048613
0.046349 -0.010952 0.163795 0.033198
0.053376 -0.010952 -0.074366 0.039175
0.060402 -0.010952 0.120753 -0.010952
0.067429 -0.010952 0.127817 -0.010952
0.074455 -0.010952 0.134881 -0.010952
0.081482 -0.010952 0.141945 -0.010952
0.088508 -0.010952 0.149009 -0.010952
0.095535 -0.010952 0.156073 -0.010952
0.102561 -0.010952 0.163137 -0.010952
0.109588 -0.010952 0.170201 -0.010952
0.116615 -0.010952 0.177265 -0.010952
0.123641 -0.010952 0.184329 -0.010952
0.130668 -0.010952 0.191393 -0.010952
0.137694 -0.010952 0.198457 -0.010952
0.144721 -0.010952 0.205521 -0.010952
0.151747 -0.010952 0.212585 -0.010952
0.158774 -0.010952 0.219649 -0.010952
0.165800 -0.010952 0.226713 -0.010952
0.172827 -0.010952 0.233777 -0.010952
0.179853 -0.010952 0.240841 -0.010952
0.186880 -0.010952 0.247905 -0.010952
0.193906 -0.010952 0.254969 -0.010952
0.200933 -0.010952 0.262033 -0.010952
0.207959 -0.010952 0.269097 -0.010952
0.214986 -0.010952 0.276161 -0.010952
0.222012 -0.010952 0.283225 -0.010952
0.229039 -0.010952 0.290289 -0.010952
0.236065 -0.010952 0.297353 -0.010952
0.243092 -0.010952 0.304417 -0.010952
0.250118 -0.010952 0.311481 -0.010952
0.257145 -0.010952 0.318545 -0.010952
0.264172 -0.010952 0.325609 -0.010952
0.271198 -0.010952 0.332673 -0.010952
0.278225 -0.010952 0.339737 -0.010952
0.285251 -0.010952 0.346801 -0.010952
0.292278 -0.010952 0.353865 -0.010952
0.299304 -0.010952 0.360929 -0.010952
0.306331 -0.010952 0.367993 -0.010952
0.313357 -0.010952 0.375057 -0.010952
0.320384 -0.010952 0.382121 -0.010952
0.327410 -0.010952 0.389185 -0.010952
0.334437 -0.010952 0.334437 -0.010952
0.341463 -0.010952 0.341463 -0.010952
0.348490 -0.010952 0.348490 -0.010952
0.355516 -0.010952 0.355516 -0.010952
0.362543 -0.010952 0.362543 -0.010952
0.369569 -0.010952 0.369569 -0.010952
0.376596 -0.010952 0.376596 -0.010952
0.383622 -0.010952 0.383622 -0.010952
0.390649 -0.010952 0.390649 -0.010952
0.397676 -0.010952 0.397676 -0.010952
0.404702 -0.010952 0.404702 -0.010952
0.411729 -0.010952 0.411729 -0.010952
0.418755 -0.010952 0.418755 -0.010952
0.425782 -0.010952 0.425782 -0.010952
0.432808 -0.010952 0.432808 -0.010952
0.439835 -0.010952 0.439835 -0.010952
0.446861 -0.010952 0.446861 -0.010952
0.453888 -0.010952 0.453888 -0.010952
0.460914 -0.010952 0.460914 -0.010952
0.467941 -0.010952 0.467941 -0.010952
0.474967 -0.010952 0.474967 -0.010952
0.481994 -0.010952 0.481994 -0.010952
-0.410375 -0.003651 -0.410375 -0.003651
-0.403348 -0.003651 -0.403348 -0.003651
-0.396322 -0.003651 -0.396322 -0.003651
-0.389295 -0.003651 -0.389295 -0.003651
-0.382269 -0.003651 -0.382269 -0.003651
-0.375242 -0.003651 -0.375242 -0.003651
-0.368216 -0.003651 -0.368216 -0.003651
-0.361189 -0.003651 -0.361189 -0.003651
-0.354163 -0.003651 -0.354163 -0.003651
-0.347136 -0.003651 -0.347136 -0.003651
-0.340110 -0.003651 -0.340110 -0.003651
-0.333083 -0.003651 -0.333083 -0.003651
-0.326057 -0.003651 -0.326057 -0.003651
-0.319030 -0.003651 -0.319030 -0.003651
-0.312003 -0.003651 -0.312003 -0.003651
-0.304977 -0.003651 -0.304977 -0.003651
-0.297950 -0.003651 -0.297950 -0.003651
-0.290924 -0.003651 -0.290924 -0.003651
-0.283897 -0.003651 -0.283897 -0.003651
-0.276871 -0.003651 -0.276871 -0.003651
-0.269844 -0.003651 -0.269844 -0.003651
-0.262818 -0.003651 -0.262818 -0.003651
-0.255791 -0.003651 -0.255791 -0.003651
-0.248765 -0.003651 -0.248765 -0.003651
-0.241738 -0.003651 -0.241738 -0.003651
-0.234712 -0.003651 -0.234712 -0.003651
-0.227685 -0.003651 -0.227685 -0.003651
-0.220659 -0.003651 -0.220659 -0.003651
-0.213632 -0.003651 -0.213632 -0.003651
-0.206606 -0.003651 -0.206606 -0.003651
-0.199579 -0.003651 -0.199579 -0.003651
-0.192553 -0.003651 -0.192553 -0.003651
-0.185526 -0.003651 -0.185526 -0.003651
-0.178499 -0.003651 -0.178499 -0.003651
-0.171473 -0.003651 -0.171473 -0.003651
-0.164446 -0.003651 -0.164446 -0.003651
-0.157420 -0.003651 -0.157420 -0.003651
-0.150393 -0.003651 -0.150393 -0.003651
-0.143367 -0.003651 -0.143367 -0.003651
-0.136340 -0.003651 -0.136340 -0.003651
-0.129314 -0.003651 -0.129314 -0.003651
-0.122287 -0.003651 -0.122287 -0.003651
-0.115261 -0.003651 -0.115261 -0.003651
-0.108234 -0.003651 -0.108234 -0.003651
-0.101208 -0.003651 -0.101208 -0.003651
-0.094181 -0.003651 -0.094181 -0.003651
-0.087155 -0.003651 -0.087155 -0.003651
-0.080128 -0.003651 -0.080128 -0.003651
-0.073102 -0.003651 -0.073102 -0.003651
-0.066075 -0.003651 -0.066075 -0.003651
-0.059049 -0.003651 -0.059049 -0.003651
-0.052022 -0.003651 0.211736 0.357259
-0.044996 -0.003651 -0.160961 0.064834
-0.037969 -0.003651 -0.079112 0.151780
-0.030942 -0.003651 -0.050730 -0.059881
-0.023916 -0.003651 -0.054569 -0.053302
-0.016889 -0.003651 -0.011261 -0.073944
-0.009863 -0.003651 -0.034553 0.046734
-0.002836 -0.003651 -0.115411 -0.093357
0.004190 -0.003651 -0.082074 0.046155
0.011217 -0.003651 0.007690 0.042527
0.018243 -0.003651 0.040608 -0.079843
0.025270 -0.003651 0.048235 -0.027837
0.032296 -0.003651 0.055859 -0.027794
0.039323 -0.003651 0.153484 0.131674
0.046349 -0.003651 0.173862 0.034745
0.053376 -0.003651 -0.042505 0.268186
0.060402 -0.003651 0.120753 -0.003651
0.067429 -0.003651 0.127817 -0.003651
0.074455 -0.003651 0.134881 -0.003651
0.081482 -0.003651 0.141945 -0.003651
0.088508 -0.003651 0.149009 -0.003651
0.095535 -0.003651 0.156073 -0.003651
0.102561 -0.003651 0.163137 -0.003651
0.109588 -0.003651 0.170201 -0.003651
0.116615 -0.003651 0.177265 -0.003651
0.123641 -0.003651 0.184329 -0.003651
0.130668 -0.003651 0.191393 -0.003651
0.137694 -0.003651 0.198457 -0.003651
0.144721 -0.003651 0.205521 -0.003651
0.151747 -0.003651 0.212585 -0.003651
0.158774 -0.003651 0.219649 -0.003651
0.165800 -0.003651 0.226713 -0.003651
0.172827 -0.003651 0.233777 -0.003651
0.179853 -0.003651 0.240841 -0.003651
0.186880 -0.003651 0.247905 -0.003651
0.193906 -0.003651 0.254969 -0.003651
0.200933 -0.003651 0.262033 -0.003651
0.207959 -0.003651 0.269097 -0.003651
0.214986 -0.003651 0.276161 -0.003651
0.222012 -0.003651 0.283225 -0.003651
0.229039 -0.003651 0.290289 -0.003651
0.236065 -0.003651 0.297353 -0.003651
0.243092 -0.003651 0.304417 -0.003651
0.250118 -0.003651 0.311481 -0.003651
0.257145 -0.003651 0.318545 -0.003651
0.264172 -0.003651 0.325609 -0.003651
0.271198 -0.003651 0.332673 -0.003651
0.278225 -0.003651 0.339737 -0.003651
0.285251 -0.003651 0.346801 -0.003651
0.292278 -0.003651 0.353865 -0.003651
0.299304 -0.003651 0.360929 -0.003651
0.306331 -0.003651 0.367993 -0.003651
0.313357 -0.003651 0.375057 -0.003651
0.320384 -0.003651 0.382121 -0.003651
0.327410 -0.003651 0.389185 -0.003651
0.334437 -0.003651 0.396249 -0.003651
0.341463 -0.003651 0.403313 -0.003651
0.348490 -0.003651 0.410377 -0.003651
0.355516 -0.003651 0.417441 -0.003651
0.362543 -0.003651 0.362543 -0.003651
0.369569 -0.003651 0.369569 -0.003651
0.376596 -0.003651 0.376596 -0.003651
0.383622 -0.003651 0.383622 -0.003651
0.390649 -0.003651 0.390649 -0.003651
0.397676 -0.003651 0.397676 -0.003651
0.404702 -0.003651 0.404702 -0.003651
0.411729 -0.003651 0.411729 -0.003651
0.418755 -0.003651 0.418755 -0.003651
0.425782 -0.003651 0.425782 -0.003651
0.432808 -0.003651 0.432808 -0.003651
0.439835 -0.003651 0.439835 -0.003651
0.446861 -0.003651 0.446861 -0.003651
0.453888 -0.003651 0.453888 -0.003651
0.460914 -0.003651 0.460914 -0.003651
0.467941 -0.003651 0.467941 -0.003651
0.474967 -0.003651 0.474967 -0.003651
0.481994 -0.003651 0.481994 -0.003651
-0.410375 0.003651 -0.410375 0.003651
-0.403348 0.003651 -0.403348 0.003651
-0.396322 0.003651 -0.396322 0.003651
-0.389295 0.003651 -0.389295 0.003651
-0.382269 0.003651 -0.382269 0.003651
-0.375242 0.003651 -0.375242 0.003651
-0.368216 0.003651 -0.368216 0.003651
-0.361189 0.003651 -0.361189 0.003651
-0.354163 0.003651 -0.354163 0.003651
-0.347136 0.003651 -0.347136 0.003651
-0.340110 0.003651 -0.340110 0.003651
-0.333083 0.003651 -0.333083 0.003651
-0.326057 0.003651 -0.326057 0.003651
-0.319030 0.003651 -0.319030 0.003651
-0.312003 0.003651 -0.312003 0.003651
-0.304977 0.003651 -0.304977 0.003651
-0.297950 0.003651 -0.297950 0.003651
-0.290924 0.003651 -0.290924 0.003651
-0.283897 0.003651 -0.283897 0.003651
-0.276871 0.003651 -0.276871 0.003651
-0.269844 0.003651 -0.269844 0.003651
-0.262818 0.003651 -0.262818 0.003651
-0.255791 0.003651 -0.255791 0.003651
-0.248765 0.003651 -0.248765 0.003651
-0.241738 0.003651 -0.241738 0.003651
-0.234712 0.003651 -0.234712 0.003651
-0.227685 0.003651 -0.227685 0.003651
-0.220659 0.003651 -0.220659 0.003651
-0.213632 0.003651 -0.213632 0.003651
-0.206606 0.003651 -0.206606 0.003651
-0.199579 0.003651 -0.199579 0.003651
-0.192553 0.003651 -0.192553 0.003651
-0.185526 0.003651 -0.185526 0.003651
-0.178499 0.003651 -0.178499 0.003651
-0.171473 0.003651 -0.171473 0.003651
-0.164446 0.003651 -0.164446 0.003651
-0.157420 0.003651 -0.157420 0.003651
-0.150393 0.003651 -0.150393 0.003651
-0.143367 0.003651 -0.143367 0.003651
-0.136340 0.003651 -0.136340 0.003651
-0.129314 0.003651 -0.129314 0.003651
-0.122287 0.003651 -0.122287 0.003651
-0.115261 0.003651 -0.115261 0.003651
-0.108234 0.003651 -0.108234 0.003651
-0.101208 0.003651 -0.101208 0.003651
-0.094181 0.003651 -0.094181 0.003651
-0.087155 0.003651 -0.087155 0.003651
-0.080128 0.003651 -0.080128 0.003651
-0.073102 0.003651 -0.073102 0.003651
-0.066075 0.003651 -0.066075 0.003651
-0.059049 0.003651 -0.059049 0.003651
-0.052022 0.003651 0.211737 -0.357257
-0.044996 0.003651 -0.160960 -0.064833
-0.037969 0.003651 -0.079112 -0.151780
-0.030942 0.003651 -0.050730 0.059881
-0.023916 0.003651 -0.054569 0.053302
-0.016889 0.003651 -0.011261 0.073944
-0.009863 0.003651 -0.034553 -0.046734
-0.002836 0.003651 -0.115411 0.093357
0.004190 0.003651 -0.082074 -0.046155
0.011217 0.003651 0.007690 -0.042527
0.018243 0.003651 0.040608 0.079843
0.025270 0.003651 0.048235 0.027837
0.032296 0.003651 0.055859 0.027794
0.039323 0.003651 0.153484 -0.131674
0.046349 0.003651 0.173863 -0.034746
0.053376 0.003651 -0.042505 -0.268187
0.060402 0.003651 0.120753 0.003651
0.067429 0.003651 0.127817 0.003651
0.074455 0.003651 0.134881 0.003651
0.081482 0.003651 0.141945 0.003651
0.088508 0.003651 0.149009 0.003651
0.095535 0.003651 0.156073 0.003651
0.102561 0.003651 0.163137 0.003651
0.109588 0.003651 0.170201 0.003651
0.116615 0.003651 0.177265 0.003651
0.123641 0.003651 0.184329 0.003651
0.130668 0.003651 0.191393 0.003651
0.137694 0.003651 0.198457 0.003651
0.144721 0.003651 0.205521 0.003651
0.151747 0.003651 0.212585 0.003651
0.158774 0.003651 0.219649 0.003651
0.165800 0.003651 0.226713 0.003651
0.172827 0.003651 0.233777 0.003651
0.179853 0.003651 0.240841 0.003651
0.186880 0.003651 0.247905 0.003651
0.193906 0.003651 0.254969 0.003651
0.200933 0.003651 0.262033 0.003651
0.207959 0.003651 0.269097 0.003651
0.214986 0.003651 0.276161 0.003651
0.222012 0.003651 0.283225 0.003651
0.229039 0.003651 0.290289 0.003651
0.236065 0.003651 0.297353 0.003651
0.243092 0.003651 0.304417 0.003651
0.250118 0.003651 0.311481 0.003651
0.257145 0.003651 0.318545 0.003651
0.264172 0.003651 0.325609 0.003651
0.271198 0.003651 0.332673 0.003651
0.278225 0.003651 0.339737 0.003651
0.285251 0.003651 0.346801 0.003651
0.292278 0.003651 0.353865 0.003651
0.299304 0.003651 0.360929 0.003651
0.306331 0.003651 0.367993 0.003651
0.313357 0.003651 0.375057 0.003651
0.320384 0.003651 0.382121 0.003651
0.327410 0.003651 0.389185 0.003651
0.334437 0.003651 0.396249 0.003651
0.341463 0.003651 0.403313 0.003651
0.348490 0.003651 0.410377 0.003651
0.355516 0.003651 0.417441 0.003651
0.362543 0.003651 0.362543 0.003651
0.369569 0.003651 0.369569 0.003651
0.376596 0.003651 0.376596 0.003651
0.383622 0.003651 0.383622 0.003651
0.390649 0.003651 0.390649 0.003651
0.397676 0.003651 0.397676 0.003651
0.404702 0.003651 0.404702 0.003651
0.411729 0.003651 0.411729 0.003651
0.418755 0.003651 0.418755 0.003651
0.425782 0.003651 0.425782 0.003651
0.432808 0.003651 0.432808 0.003651
0.439835 0.003651 0.439835 0.003651
0.446861 0.003651 0.446861 0.003651
0.453888 0.003651 0.453888 0.003651
0.460914 0.003651 0.460914 0.003651
0.467941 0.003651 0.467941 0.003651
0.474967 0.003651 0.474967 0.003651
0.481994 0.003651 0.481994 0.003651
-0.410375 0.010952 -0.410375 0.010952
-0.403348 0.010952 -0.403348 0.010952
-0.396322 0.010952 -0.396322 0.010952
-0.389295 0.010952 -0.389295 0.010952
-0.382269 0.010952 -0.382269 0.010952
-0.375242 0.010952 -0.375242 0.010952
-0.368216 0.010952 -0.368216 0.010952
-0.361189 0.010952 -0.361189 0.010952
-0.354163 0.010952 -0.354163 0.010952
-0.347136 0.010952 -0.347136 0.010952
-0.340110 0.010952 -0.340110 0.010952
-0.333083 0.010952 -0.333083 0.010952
-0.326057 0.010952 -0.326057 0.010952
-0.319030 0.010952 -0.319030 0.010952
-0.312003 0.010952 -0.312003 0.010952
-0.304977 0.010952 -0.304977 0.010952
-0.297950 0.010952 -0.297950 0.010952
-0.290924 0.010952 -0.290924 0.010952
-0.283897 0.010952 -0.283897 0.010952
-0.276871 0.010952 -0.276871 0.010952
-0.269844 0.010952 -0.269844 0.010952
-0.262818 0.010952 -0.262818 0.010952
-0.255791 0.010952 -0.255791 0.010952
-0.248765 0.010952 -0.248765 0.010952
-0.241738 0.010952 -0.241738 0.010952
-0.234712 0.010952 -0.234712 0.010952
-0.227685 0.010952 -0.227685 0.010952
-0.220659 0.010952 -0.220659 0.010952
-0.213632 0.010952 -0.213632 0.010952
-0.206606 0.010952 -0.206606 0.010952
-0.199579 0.010952 -0.199579 0.010952
-0.192553 0.010952 -0.192553 0.010952
-0.185526 0.010952 -0.185526 0.010952
-0.178499 0.010952 -0.178499 0.010952
-0.171473 0.010952 -0.171473 0.010952
-0.164446 0.010952 -0.164446 0.010952
-0.157420 0.010952 -0.157420 0.010952
-0.150393 0.010952 -0.150393 0.010952
-0.143367 0.010952 -0.143367 0.010952
-0.136340 0.010952 -0.136340 0.010952
-0.129314 0.010952 -0.129314 0.010952
-0.122287 0.010952 -0.122287 0.010952
-0.115261 0.010952 -0.115261 0.010952
-0.108234 0.010952 -0.108234 0.010952
-0.101208 0.010952 -0.101208 0.010952
-0.094181 0.010952 -0.094181 0.010952
-0.087155 0.010952 -0.087155 0.010952
-0.080128 0.010952 -0.080128 0.010952
-0.073102 0.010952 -0.073102 0.010952
-0.066075 0.010952 -0.066075 0.010952
-0.059049 0.010952 -0.059049 0.010952
-0.052022 0.010952 0.231421 -0.105058
-0.044996 0.010952 0.103094 0.212614
-0.037969 0.010952 -0.161281 -0.052686
-0.030942 0.010952 -0.047570 0.025747
-0.023916 0.010952 -0.039946 0.025402
-0.016889 0.010952 -0.032322 0.025057
-0.009863 0.010952 0.008585 -0.074553
-0.002836 0.010952 -0.054329 -0.001885
0.004190 0.010952 -0.079748 -0.029065
0.011217 0.010952 -0.036155 0.036259
0.018243 0.010952 -0.015608 -0.008592
0.025270 0.010952 0.049801 0.000312
0.032296 0.010952 -0.028146 0.050074
0.039323 0.010952 0.129148 -0.048611
0.046349 0.010952 0.163796 -0.033199
0.053376 0.010952 -0.074364 -0.039174
0.060402 0.010952 0.120753 0.010952
0.067429 0.010952 0.127817 0.010952
0.074455 0.010952 0.134881 0.010952
0.081482 0.010952 0.141945 0.010952
0.088508 0.010952 0.149009 0.010952
0.095535 0.010952 0.156073 0.010952
0.102561 0.010952 0.163137 0.010952
0.109588 0.010952 0.170201 0.010952
0.116615 0.010952 0.177265 0.010952
0.123641 0.010952 0.184329 0.010952
0.130668 0.010952 0.191393 0.010952
0.137694 0.010952 0.198457 0.010952
0.144721 0.010952 0.205521 0.010952
0.151747 0.010952 0.212585 0.010952
0.158774 0.010952 0.219649 0.010952
0.165800 0.010952 0.226713 0.010952
0.172827 0.010952 0.233777 0.010952
0.179853 0.010952 0.240841 0.010952
0.186880 0.010952 0.247905 0.010952
0.193906 0.010952 0.254969 0.010952
0.200933 0.010952 0.262033 0.010952
0.207959 0.010952 0.269097 0.010952
0.214986 0.010952 0.276161 0.010952
0.222012 0.010952 0.283225 0.010952
0.229039 0.010952 0.290289 0.010952
0.236065 0.010952 0.297353 0.010952
0.243092 0.010952 0.304417 0.010952
0.250118 0.010952 0.311481 0.010952
0.257145 0.010952 0.318545 0.010952
0.264172 0.010952 0.325609 0.010952
0.271198 0.010952 0.332673 0.010952
0.278225 0.010952 0.339737 0.010952
0.285251 0.010952 0.346801 0.010952
0.292278 0.010952 0.353865 0.010952
0.299304 0.010952 0.360929 0.010952
0.306331 0.010952 0.367993 0.010952
0.313357 0.010952 0.375057 0.010952
0.320384 0.010952 0.382121 0.010952
0.327410 0.010952 0.389185 0.010952
0.334437 0.010952 0.334437 0.010952
0.341463 0.010952 0.341463 0.010952
0.348490 0.010952 0.348490 0.010952
0.355516 0.010952 0.355516 0.010952
0.362543 0.010952 0.362543 0.010952
0.369569 0.010952 0.369569 0.010952
0.376596 0.010952 0.376596 0.010952
0.383622 0.010952 0.383622 0.010952
0.390649 0.010952 0.390649 0.010952
0.397676 0.010952 0.397676 0.010952
0.404702 0.010952 0.404702 0.010952
0.411729 0.010952 0.411729 0.010952
0.418755 0.010952 0.418755 0.010952
0.425782 0.010952 0.425782 0.010952
0.432808 0.010952 0.432808 0.010952
0.439835 0.010952 0.439835 0.010952
0.446861 0.010952 0.446861 0.010952
0.453888 0.010952 0.453888 0.010952
0.460914 0.010952 0.460914 0.010952
0.467941 0.010952 0.467941 0.010952
0.474967 0.010952 0.474967 0.010952
0.481994 0.010952 0.481994 0.010952
-0.410375 0.018254 -0.410375 0.018254
-0.403348 0.018254 -0.403348 0.018254
-0.396322 0.018254 -0.396322 0.018254
-0.389295 0.018254 -0.389295 0.018254
-0.382269 0.018254 -0.382269 0.018254
-0.375242 0.018254 -0.375242 0.018254
-0.368216 0.018254 -0.368216 0.018254
-0.361189 0.018254 -0.361189 0.018254
-0.354163 0.018254 -0.354163 0.018254
-0.347136 0.018254 -0.347136 0.018254
-0.340110 0.018254 -0.340110 0.018254
-0.333083 0.018254 -0.333083 0.018254
-0.326057 0.018254 -0.326057 0.018254
-0.319030 0.018254 -0.319030 0.018254
-0.312003 0.018254 -0.312003 0.018254
-0.304977 0.018254 -0.304977 0.018254
-0.297950 0.018254 -0.297950 0.018254
-0.290924 0.018254 -0.290924 0.018254
-0.283897 0.018254 -0.283897 0.018254
-0.276871 0.018254 -0.276871 0.018254
-0.269844 0.018254 -0.269844 0.018254
-0.262818 0.018254 -0.262818 0.018254
-0.255791 0.018254 -0.255791 0.018254
-0.248765 0.018254 -0.248765 0.018254
-0.241738 0.018254 -0.241738 0.018254
-0.234712 0.018254 -0.234712 0.018254
-0.227685 0.018254 -0.227685 0.018254
-0.220659 0.018254 -0.220659 0.018254
-0.213632 0.018254 -0.213632 0.018254
-0.206606 0.018254 -0.206606 0.018254
-0.199579 0.018254 -0.199579 0.018254
-0.192553 0.018254 -0.192553 0.018254
-0.185526 0.018254 -0.185526 0.018254
-0.178499 0.018254 -0.178499 0.018254
-0.171473 0.018254 -0.171473 0.018254
-0.164446 0.018254 -0.164446 0.018254
-0.157420 0.018254 -0.157420 0.018254
-0.150393 0.018254 -0.150393 0.018254
-0.143367 0.018254 -0.143367 0.018254
-0.136340 0.018254 -0.136340 0.018254
-0.129314 0.018254 -0.129314 0.018254
-0.122287 0.018254 -0.122287 0.018254
-0.115261 0.018254 -0.115261 0.018254
-0.108234 0.018254 -0.108234 0.018254
-0.101208 0.018254 -0.101208 0.018254
-0.094181 0.018254 -0.094181 0.018254
-0.087155 0.018254 -0.087155 0.018254
-0.080128 0.018254 -0.080128 0.018254
-0.073102 0.018254 -0.073102 0.018254
-0.066075 0.018254 -0.114915 0.053739
-0.059049 0.018254 -0.107864 0.053721
-0.052022 0.018254 -0.100813 0.053703
-0.044996 0.018254 0.094964 -0.056787
-0.037969 0.018254 -0.020466 0.013911
-0.030942 0.018254 -0.137937 0.085222
-0.023916 0.018254 -0.040313 0.032916
-0.016889 0.018254 -0.032689 0.032570
-0.009863 0.018254 -0.061770 -0.009916
-0.002836 0.018254 -0.002836 -0.014441
0.004190 0.018254 0.017482 0.036668
0.011217 0.018254 0.101109 -0.008694
0.018243 0.018254 0.013065 -0.048413
0.025270 0.018254 -0.026423 -0.011591
0.032296 0.018254 -0.428627 -0.247862
0.039323 0.018254 0.037724 -0.010087
0.046349 0.018254 -0.082625 -0.083622
0.053376 0.018254 0.113689 0.018254
0.060402 0.018254 0.120753 0.018254
0.067429 0.018254 0.127817 0.018254
0.074455 0.018254 0.134881 0.018254
0.081482 0.018254 0.141945 0.018254
0.088508 0.018254 0.149009 0.018254
0.095535 0.018254 0.156073 0.018254
0.102561 0.018254 0.163137 0.018254
0.109588 0.018254 0.170201 0.018254
0.116615 0.018254 0.177265 0.018254
0.123641 0.018254 0.184329 0.018254
0.130668 0.018254 0.191393 0.018254
0.137694 0.018254 0.198457 0.018254
0.144721 0.018254 0.205521 0.018254
0.151747 0.018254 0.212585 0.018254
0.158774 0.018254 0.219649 0.018254
0.165800 0.018254 0.226713 0.018254
0.172827 0.018254 0.233777 0.018254
0.179853 0.018254 0.240841 0.018254
0.186880 0.018254 0.247905 0.018254
0.193906 0.018254 0.254969 0.018254
0.200933 0.018254 0.262033 0.018254
0.207959 0.018254 0.269097 0.018254
0.214986 0.018254 0.276161 0.018254
0.222012 0.018254 0.283225 0.018254
0.229039 0.018254 0.290289 0.018254
0.236065 0.018254 0.297353 0.018254
0.243092 0.018254 0.304417 0.018254
0.250118 0.018254 0.311481 0.018254
0.257145 0.018254 0.318545 0.018254
0.264172 0.018254 0.325609 0.018254
0.271198 0.018254 0.332673 0.018254
0.278225 0.018254 0.339737 0.018254
0.285251 0.018254 0.346801 0.018254
0.292278 0.018254 0.353865 0.018254
0.299304 0.018254 0.360929 0.018254
0.306331 0.018254 0.367993 0.018254
0.313357 0.018254 0.313357 0.018254
0.320384 0.018254 0.320384 0.018254
0.327410 0.018254 0.327410 0.018254
0.334437 0.018254 0.334437 0.018254
0.341463 0.018254 0.341463 0.018254
0.348490 0.018254 0.348490 0.018254
0.355516 0.018254 0.355516 0.018254
0.362543 0.018254 0.362543 0.018254
0.369569 0.018254 0.369569 0.018254
0.376596 0.018254 0.376596 0.018254
0.383622 0.018254 0.383622 0.018254
0.390649 0.018254 0.390649 0.018254
0.397676 0.018254 0.397676 0.018254
0.404702 0.018254 0.404702 0.018254
0.411729 0.018254 0.411729 0.018254
0.418755 0.018254 0.418755 0.018254
0.425782 0.018254 0.425782 0.018254
0.432808 0.018254 0.432808 0.018254
0.439835 0.018254 0.439835 0.018254
0.446861 0.018254 0.446861 0.018254
0.453888 0.018254 0.453888 0.018254
0.460914 0.018254 0.460914 0.018254
0.467941 0.018254 0.467941 0.018254
0.474967 0.018254 0.474967 0.018254
0.481994 0.018254 0.481994 0.018254
-0.410375 0.025555 -0.410375 0.025555
-0.403348 0.025555 -0.403348 0.025555
-0.396322 0.025555 -0.396322 0.025555
-0.389295 0.025555 -0.389295 0.025555
-0.382269 0.025555 -0.382269 0.025555
-0.375242 0.025555 -0.375242 0.025555
-0.368216 0.025555 -0.368216 0.025555
-0.361189 0.025555 -0.361189 0.025555
-0.354163 0.025555 -0.354163 0.025555
-0.347136 0.025555 -0.347136 0.025555
-0.340110 0.025555 -0.340110 0.025555
-0.333083 0.025555 -0.333083 0.025555
-0.326057 0.025555 -0.326057 0.025555
-0.319030 0.025555 -0.319030 0.025555
-0.312003 0.025555 -0.312003 0.025555
-0.304977 0.025555 -0.304977 0.025555
-0.297950 0.025555 -0.297950 0.025555
-0.290924 0.025555 -0.290924 0.025555
-0.283897 0.025555 -0.283897 0.025555
-0.276871 0.025555 -0.276871 0.025555
-0.269844 0.025555 -0.269844 0.025555
-0.262818 0.025555 -0.262818 0.025555
-0.255791 0.025555 -0.255791 0.025555
-0.248765 0.025555 -0.248765 0.025555
-0.241738 0.025555 -0.241738 0.025555
-0.234712 0.025555 -0.234712 0.025555
-0.227685 0.025555 -0.227685 0.025555
-0.220659 0.025555 -0.220659 0.025555
-0.213632 0.025555 -0.213632 0.025555
-0.206606 0.025555 -0.206606 0.025555
-0.199579 0.025555 -0.199579 0.025555
-0.192553 0.025555 -0.192553 0.025555
-0.185526 0.025555 -0.185526 0.025555
-0.178499 0.025555 -0.178499 0.025555
-0.171473 0.025555 -0.171473 0.025555
-0.164446 0.025555 -0.164446 0.025555
-0.157420 0.025555 -0.157420 0.025555
-0.150393 0.025555 -0.150393 0.025555
-0.143367 0.025555 -0.143367 0.025555
-0.136340 0.025555 -0.136340 0.025555
-0.129314 0.025555 -0.129314 0.025555
-0.122287 0.025555 -0.122287 0.025555
-0.115261 0.025555 -0.115261 0.025555
-0.108234 0.025555 -0.108234 0.025555
-0.101208 0.025555 -0.101208 0.025555
-0.094181 0.025555 -0.143138 0.061125
-0.087155 0.025555 -0.136087 0.061107
-0.080128 0.025555 -0.129036 0.061089
-0.073102 0.025555 -0.121985 0.061072
-0.066075 0.025555 -0.114934 0.061054
-0.059049 0.025555 -0.107883 0.061036
-0.052022 0.025555 -0.100832 0.061018
-0.044996 0.025555 0.090322 -0.046806
-0.037969 0.025555 -0.009502 0.014884
-0.030942 0.025555 0.242382 -0.028902
-0.023916 0.025555 -0.040680 0.040429
-0.016889 0.025555 -0.078624 0.015244
-0.009863 0.025555 0.022286 0.073295
-0.002836 0.025555 -0.002836 -0.022589
0.004190 0.025555 0.017482 0.044800
0.011217 0.025555 0.008183 0.053140
0.018243 0.025555 0.059239 0.027791
0.025270 0.025555 0.275041 0.169760
0.032296 0.025555 0.023843 0.141516
0.039323 0.025555 0.070288 0.043433
0.046349 0.025555 0.046349 0.025555
0.053376 0.025555 0.053376 0.025555
0.060402 0.025555 0.060402 0.025555
0.067429 0.025555 0.127817 0.025555
0.074455 0.025555 0.134881 0.025555
0.081482 0.025555 0.141945 0.025555
0.088508 0.025555 0.149009 0.025555
0.095535 0.025555 0.156073 0.025555
0.102561 0.025555 0.163137 0.025555
0.109588 0.025555 0.170201 0.025555
0.116615 0.025555 0.177265 0.025555
0.123641 0.025555 0.184329 0.025555
0.130668 0.025555 0.191393 0.025555
0.137694 0.025555 0.198457 0.025555
0.144721 0.025555 0.205521 0.025555
0.151747 0.025555 0.212585 0.025555
0.158774 0.025555 0.219649 0.025555
0.165800 0.025555 0.226713 0.025555
0.172827 0.025555 0.233777 0.025555
0.179853 0.025555 0.240841 0.025555
0.186880 0.025555 0.247905 0.025555
0.193906 0.025555 0.254969 0.025555
0.200933 0.025555 0.262033 0.025555
0.207959 0.025555 0.269097 0.025555
0.214986 0.025555 0.276161 0.025555
0.222012 0.025555 0.283225 0.025555
0.229039 0.025555 0.290289 0.025555
0.236065 0.025555 0.297353 0.025555
0.243092 0.025555 0.304417 0.025555
0.250118 0.025555 0.311481 0.025555
0.257145 0.025555 0.318545 0.025555
0.264172 0.025555 0.325609 0.025555
0.271198 0.025555 0.332673 0.025555
0.278225 0.025555 0.339737 0.025555
0.285251 0.025555 0.285251 0.025555
0.292278 0.025555 0.292278 0.025555
0.299304 0.025555 0.299304 0.025555
0.306331 0.025555 0.306331 0.025555
0.313357 0.025555 0.313357 0.025555
0.320384 0.025555 0.320384 0.025555
0.327410 0.025555 0.327410 0.025555
0.334437 0.025555 0.334437 0.025555
0.341463 0.025555 0.341463 0.025555
0.348490 0.025555 0.348490 0.025555
0.355516 0.025555 0.355516 0.025555
0.362543 0.025555 0.362543 0.025555
0.369569 0.025555 0.369569 0.025555
0.376596 0.025555 0.376596 0.025555
0.383622 0.025555 0.383622 0.025555
0.390649 0.025555 0.390649 0.025555
0.397676 0.025555 0.397676 0.025555
0.404702 0.025555 0.404702 0.025555
0.411729 0.025555 0.411729 0.025555
0.418755 0.025555 0.418755 0.025555
0.425782 0.025555 0.425782 0.025555
0.432808 0.025555 0.432808 0.025555
0.439835 0.025555 0.439835 0.025555
0.446861 0.025555 0.446861 0.025555
0.453888 0.025555 0.453888 0.025555
0.460914 0.025555 0.460914 0.025555
0.467941 0.025555 0.467941 0.025555
0.474967 0.025555 0.474967 0.025555
0.481994 0.025555 0.481994 0.025555
-0.410375 0.032856 -0.410375 0.032856
-0.403348 0.032856 -0.403348 0.032856
-0.396322 0.032856 -0.396322 0.032856
-0.389295 0.032856 -0.389295 0.032856
-0.382269 0.032856 -0.382269 0.032856
-0.375242 0.032856 -0.375242 0.032856
-0.368216 0.032856 -0.368216 0.032856
-0.361189 0.032856 -0.361189 0.032856
-0.354163 0.032856 -0.354163 0.032856
-0.347136 0.032856 -0.347136 0.032856
-0.340110 0.032856 -0.340110 0.032856
-0.333083 0.032856 -0.333083 0.032856
-0.326057 0.032856 -0.326057 0.032856
-0.319030 0.032856 -0.319030 0.032856
-0.312003 0.032856 -0.312003 0.032856
-0.304977 0.032856 -0.304977 0.032856
-0.297950 0.032856 -0.297950 0.032856
-0.290924 0.032856 -0.290924 0.032856
-0.283897 0.032856 -0.283897 0.032856
-0.276871 0.032856 -0.276871 0.032856
-0.269844 0.032856 -0.269844 0.032856
-0.262818 0.032856 -0.262818 0.032856
-0.255791 0.032856 -0.255791 0.032856
-0.248765 0.032856 -0.248765 0.032856
-0.241738 0.032856 -0.241738 0.032856
-0.234712 0.032856 -0.234712 0.032856
-0.227685 0.032856 -0.227685 0.032856
-0.220659 0.032856 -0.220659 0.032856
-0.213632 0.032856 -0.213632 0.032856
-0.206606 0.032856 -0.206606 0.032856
-0.199579 0.032856 -0.199579 0.032856
-0.192553 0.032856 -0.192553 0.032856
-0.185526 0.032856 -0.185526 0.032856
-0.178499 0.032856 -0.178499 0.032856
-0.171473 0.032856 -0.171473 0.032856
-0.164446 0.032856 -0.164446 0.032856
-0.157420 0.032856 -0.157420 0.032856
-0.150393 0.032856 -0.150393 0.032856
-0.143367 0.032856 -0.143367 0.032856
-0.136340 0.032856 -0.136340 0.032856
-0.129314 0.032856 -0.178412 0.068529
-0.122287 0.032856 -0.171361 0.068511
-0.115261 0.032856 -0.164310 0.068493
-0.108234 0.032856 -0.157259 0.068476
-0.101208 0.032856 -0.150208 0.068458
-0.094181 0.032856 -0.143157 0.068440
-0.087155 0.032856 -0.136106 0.068422
-0.080128 0.032856 -0.129055 0.068404
-0.073102 0.032856 -0.122004 0.068387
-0.066075 0.032856 -0.114953 0.068369
-0.059049 0.032856 -0.107901 0.068351
-0.052022 0.032856 -0.100850 0.068333
-0.044996 0.032856 -0.093800 0.068315
-0.037969 0.032856 0.100399 -0.041265
-0.030942 0.032856 -0.135053 -0.196893
-0.023916 0.032856 -0.039884 0.181028
-0.016889 0.032856 -0.204373 0.051725
-0.009863 0.032856 -0.009863 -0.030737
-0.002836 0.032856 -0.002836 -0.030737
0.004190 0.032856 0.017483 0.052931
0.011217 0.032856 -0.058116 0.005248
0.018243 0.032856 0.184367 0.067665
0.025270 0.032856 0.022968 0.152669
0.032296 0.032856 0.012789 0.142952
0.039323 0.032856 -0.240508 -0.128701
0.046349 0.032856 0.046349 0.032856
0.053376 0.032856 0.053376 0.032856
0.060402 0.032856 0.060402 0.032856
0.067429 0.032856 0.067429 0.032856
0.074455 0.032856 0.074455 0.032856
0.081482 0.032856 0.081482 0.032856
0.088508 0.032856 0.149009 0.032856
0.095535 0.032856 0.156073 0.032856
0.102561 0.032856 0.163137 0.032856
0.109588 0.032856 0.170201 0.032856
0.116615 0.032856 0.177265 0.032856
0.123641 0.032856 0.184329 0.032856
0.130668 0.032856 0.191393 0.032856
0.137694 0.032856 0.198457 0.032856
0.144721 0.032856 0.205521 0.032856
0.151747 0.032856 0.212585 0.032856
0.158774 0.032856 0.219649 0.032856
0.165800 0.032856 0.226713 0.032856
0.172827 0.032856 0.233777 0.032856
0.179853 0.032856 0.240841 0.032856
0.186880 0.032856 0.247905 0.032856
0.193906 0.032856 0.254969 0.032856
0.200933 0.032856 0.262033 0.032856
0.207959 0.032856 0.269097 0.032856
0.214986 0.032856 0.276161 0.032856
0.222012 0.032856 0.283225 0.032856
0.229039 0.032856 0.290289 0.032856
0.236065 0.032856 0.297353 0.032856
0.243092 0.032856 0.304417 0.032856
0.250118 0.032856 0.311481 0.032856
0.257145 0.032856 0.257145 0.032856
0.264172 0.032856 0.264172 0.032856
0.271198 0.032856 0.271198 0.032856
0.278225 0.032856 0.278225 0.032856
0.285251 0.032856 0.285251 0.032856
0.292278 0.032856 0.292278 0.032856
0.299304 0.032856 0.299304 0.032856
0.306331 0.032856 0.306331 0.032856
0.313357 0.032856 0.313357 0.032856
0.320384 0.032856 0.320384 0.032856
0.327410 0.032856 0.327410 0.032856
0.334437 0.032856 0.334437 0.032856
0.341463 0.032856 0.341463 0.032856
0.348490 0.032856 0.348490 0.032856
0.355516 0.032856 0.355516 0.032856
0.362543 0.032856 0.362543 0.032856
0.369569 0.032856 0.369569 0.032856
0.376596 0.032856 0.376596 0.032856
0.383622 0.032856 0.383622 0.032856
0.390649 0.032856 0.390649 0.032856
0.397676 0.032856 0.397676 0.032856
0.404702 0.032856 0.404702 0.032856
0.411729 0.032856 0.411729 0.032856
0.418755 0.032856 0.418755 0.032856
0.425782 0.032856 0.425782 0.032856
0.432808 0.032856 0.432808 0.032856
0.439835 0.032856 0.439835 0.032856
0.446861 0.032856 0.446861 0.032856
0.453888 0.032856 0.453888 0.032856
0.460914 0.032856 0.460914 0.032856
0.467941 0.032856 0.467941 0.032856
0.474967 0.032856 0.474967 0.032856
0.481994 0.032856 0.481994 0.032856
-0.410375 0.040158 -0.410375 0.040158
-0.403348 0.040158 -0.403348 0.040158
-0.396322 0.040158 -0.396322 0.040158
-0.389295 0.040158 -0.389295 0.040158
-0.382269 0.040158 -0.382269 0.040158
-0.375242 0.040158 -0.375242 0.040158
-0.368216 0.040158 -0.368216 0.040158
-0.361189 0.040158 -0.361189 0.040158
-0.354163 0.040158 -0.354163 0.040158
-0.347136 0.040158 -0.347136 0.040158
-0.340110 0.040158 -0.340110 0.040158
-0.333083 0.040158 -0.333083 0.040158
-0.326057 0.040158 -0.326057 0.040158
-0.319030 0.040158 -0.319030 0.040158
-0.312003 0.040158 -0.312003 0.040158
-0.304977 0.040158 -0.304977 0.040158
-0.297950 0.040158 -0.297950 0.040158
-0.290924 0.040158 -0.290924 0.040158
-0.283897 0.040158 -0.283897 0.040158
-0.276871 0.040158 -0.276871 0.040158
-0.269844 0.040158 -0.269844 0.040158
-0.262818 0.040158 -0.262818 0.040158
-0.255791 0.040158 -0.255791 0.040158
-0.248765 0.040158 -0.248765 0.040158
-0.241738 0.040158 -0.241738 0.040158
-0.234712 0.040158 -0.234712 0.040158
-0.227685 0.040158 -0.227685 0.040158
-0.220659 0.040158 -0.220659 0.040158
-0.213632 0.040158 -0.213632 0.040158
-0.206606 0.040158 -0.206606 0.040158
-0.199579 0.040158 -0.199579 0.040158
-0.192553 0.040158 -0.192553 0.040158
-0.185526 0.040158 -0.185526 0.040158
-0.178499 0.040158 -0.178499 0.040158
-0.171473 0.040158 -0.171473 0.040158
-0.164446 0.040158 -0.164446 0.040158
-0.157420 0.040158 -0.157420 0.040158
-0.150393 0.040158 -0.199584 0.075898
-0.143367 0.040158 -0.192533 0.075880
-0.136340 0.040158 -0.185482 0.075862
-0.129314 0.040158 -0.178431 0.075844
-0.122287 0.040158 -0.171380 0.075826
-0.115261 0.040158 -0.164328 0.075808
-0.108234 0.040158 -0.157277 0.075791
-0.101208 0.040158 -0.150226 0.075773
-0.094181 0.040158 -0.143175 0.075755
-0.087155 0.040158 -0.136124 0.075737
-0.080128 0.040158 -0.129073 0.075719
-0.073102 0.040158 -0.122022 0.075701
-0.066075 0.040158 -0.114971 0.075684
-0.059049 0.040158 -0.107920 0.075666
-0.052022 0.040158 -0.100869 0.075647
-0.044996 0.040158 -0.093818 0.075630
-0.037969 0.040158 -0.086767 0.075612
-0.030942 0.040158 0.368701 1.420670
-0.023916 0.040158 0.259329 0.358186
-0.016889 0.040158 -0.128832 0.099711
-0.009863 0.040158 -0.121523 0.100284
-0.002836 0.040158 -0.137192 -0.249364
0.004190 0.040158 0.091237 0.133939
0.011217 0.040158 0.145954 -0.248575
0.018243 0.040158 -0.246350 0.017163
0.025270 0.040158 -0.274416 0.092716
0.032296 0.040158 -0.260912 0.096671
0.039323 0.040158 0.039323 0.040158
0.046349 0.040158 0.046349 0.040158
0.053376 0.040158 0.053376 0.040158
0.060402 0.040158 0.060402 0.040158
0.067429 0.040158 0.067429 0.040158
0.074455 0.040158 0.074455 0.040158
0.081482 0.040158 0.081482 0.040158
0.088508 0.040158 0.088508 0.040158
0.095535 0.040158 0.095535 0.040158
0.102561 0.040158 0.163137 0.040158
0.109588 0.040158 0.170201 0.040158
0.116615 0.040158 0.177265 0.040158
0.123641 0.040158 0.184329 0.040158
0.130668 0.040158 0.191393 0.040158
0.137694 0.040158 0.198457 0.040158
0.144721 0.040158 0.205521 0.040158
0.151747 0.040158 0.212585 0.040158
0.158774 0.040158 0.219649 0.040158
0.165800 0.040158 0.226713 0.040158
0.172827 0.040158 0.233777 0.040158
0.179853 0.040158 0.240841 0.040158
0.186880 0.040158 0.247905 0.040158
0.193906 0.040158 0.254969 0.040158
0.200933 0.040158 0.262033 0.040158
0.207959 0.040158 0.269097 0.040158
0.214986 0.040158 0.276161 0.040158
0.222012 0.040158 0.283225 0.040158
0.229039 0.040158 0.229039 0.040158
0.236065 0.040158 0.236065 0.040158
0.243092 0.040158 0.243092 0.040158
0.250118 0.040158 0.250118 0.040158
0.257145 0.040158 0.257145 0.040158
0.264172 0.040158 0.264172 0.040158
0.271198 0.040158 0.271198 0.040158
0.278225 0.040158 0.278225 0.040158
0.285251 0.040158 0.285251 0.040158
0.292278 0.040158 0.292278 0.040158
0.299304 0.040158 0.299304 0.040158
0.306331 0.040158 0.306331 0.040158
0.313357 0.040158 0.313357 0.040158
0.320384 0.040158 0.320384 0.040158
0.327410 0.040158 0.327410 0.040158
0.334437 0.040158 0.334437 0.040158
0.341463 0.040158 0.341463 0.040158
0.348490 0.040158 0.348490 0.040158
0.355516 0.040158 0.355516 0.040158
0.362543 0.040158 0.362543 0.040158
0.369569 0.040158 0.369569 0.040158
0.376596 0.040158 0.376596 0.040158
0.383622 0.040158 0.383622 0.040158
0.390649 0.040158 0.390649 0.040158
0.397676 0.040158 0.397676 0.040158
0.404702 0.040158 0.404702 0.040158
0.411729 0.040158 0.411729 0.040158
0.418755 0.040158 0.418755 0.040158
0.425782 0.040158 0.425782 0.040158
0.432808 0.040158 0.432808 0.040158
0.439835 0.040158 0.439835 0.040158
0.446861 0.040158 0.446861 0.040158
0.453888 0.040158 0.453888 0.040158
0.460914 0.040158 0.460914 0.040158
0.467941 0.040158 0.467941 0.040158
0.474967 0.040158 0.474967 0.040158
0.481994 0.040158 0.481994 0.040158
-0.410375 0.047459 -0.410375 0.047459
-0.403348 0.047459 -0.403348 0.047459
-0.396322 0.047459 -0.396322 0.047459
-0.389295 0.047459 -0.389295 0.047459
-0.382269 0.047459 -0.382269 0.047459
-0.375242 0.047459 -0.375242 0.047459
-0.368216 0.047459 -0.368216 0.047459
-0.361189 0.047459 -0.361189 0.047459
-0.354163 0.047459 -0.354163 0.047459
-0.347136 0.047459 -0.347136 0.047459
-0.340110 0.047459 -0.340110 0.047459
-0.333083 0.047459 -0.333083 0.047459
-0.326057 0.047459 -0.326057 0.047459
-0.319030 0.047459 -0.319030 0.047459
-0.312003 0.047459 -0.312003 0.047459
-0.304977 0.047459 -0.304977 0.047459
-0.297950 0.047459 -0.297950 0.047459
-0.290924 0.047459 -0.290924 0.047459
-0.283897 0.047459 -0.283897 0.047459
-0.276871 0.047459 -0.276871 0.047459
-0.269844 0.047459 -0.269844 0.047459
-0.262818 0.047459 -0.262818 0.047459
-0.255791 0.047459 -0.255791 0.047459
-0.248765 0.047459 -0.248765 0.047459
-0.241738 0.047459 -0.241738 0.047459
-0.234712 0.047459 -0.234712 0.047459
-0.227685 0.047459 -0.227685 0.047459
-0.220659 0.047459 -0.220659 0.047459
-0.213632 0.047459 -0.213632 0.047459
-0.206606 0.047459 -0.206606 0.047459
-0.199579 0.047459 -0.199579 0.047459
-0.192553 0.047459 -0.192553 0.047459
-0.185526 0.047459 -0.185526 0.047459
-0.178499 0.047459 -0.178499 0.047459
-0.171473 0.047459 -0.171473 0.047459
-0.164446 0.047459 -0.164446 0.047459
-0.157420 0.047459 -0.206653 0.083230
-0.150393 0.047459 -0.199602 0.083212
-0.143367 0.047459 -0.192551 0.083195
-0.136340 0.047459 -0.185500 0.083177
-0.129314 0.047459 -0.178449 0.083159
-0.122287 0.047459 -0.171398 0.083141
-0.115261 0.047459 -0.164347 0.083123
-0.108234 0.047459 -0.157296 0.083105
-0.101208 0.047459 -0.150245 0.083088
-0.094181 0.047459 -0.143194 0.083070
-0.087155 0.047459 -0.136143 0.083052
-0.080128 0.047459 -0.129092 0.083034
-0.073102 0.047459 -0.122041 0.083016
-0.066075 0.047459 -0.114990 0.082998
-0.059049 0.047459 -0.107939 0.082980
-0.052022 0.047459 -0.100888 0.082962
-0.044996 0.047459 -0.093837 0.082944
-0.037969 0.047459 -0.086786 0.082927
-0.030942 0.047459 0.453730 0.749615
-0.023916 0.047459 -0.226522 -0.186413
-0.016889 0.047459 0.204944 -0.377560
-0.009863 0.047459 0.663279 -0.126739
-0.002836 0.047459 -0.002836 0.384230
0.004190 0.047459 0.015138 -0.392823
0.011217 0.047459 0.022168 -0.392415
0.018243 0.047459 0.196233 -0.168127
0.025270 0.047459 0.206093 -0.360431
0.032296 0.047459 -0.285498 0.759219
0.039323 0.047459 0.057967 0.104840
0.046349 0.047459 0.046349 0.047459
0.053376 0.047459 0.053376 0.047459
0.060402 0.047459 0.060402 0.047459
0.067429 0.047459 0.067429 0.047459
0.074455 0.047459 0.074455 0.047459
0.081482 0.047459 0.081482 0.047459
0.088508 0.047459 0.088508 0.047459
0.095535 0.047459 0.095535 0.047459
0.102561 0.047459 0.102561 0.047459
0.109588 0.047459 0.109588 0.047459
0.116615 0.047459 0.116615 0.047459
0.123641 0.047459 0.184329 0.047459
0.130668 0.047459 0.191393 0.047459
0.137694 0.047459 0.198457 0.047459
0.144721 0.047459 0.205521 0.047459
0.151747 0.047459 0.212585 0.047459
0.158774 0.047459 0.219649 0.047459
0.165800 0.047459 0.226713 0.047459
0.172827 0.047459 0.233777 0.047459
0.179853 0.047459 0.240841 0.047459
0.186880 0.047459 0.247905 0.047459
0.193906 0.047459 0.254969 0.047459
0.200933 0.047459 0.200933 0.047459
0.207959 0.047459 0.207959 0.047459
0.214986 0.047459 0.214986 0.047459
0.222012 0.047459 0.222012 0.047459
0.229039 0.047459 0.229039 0.047459
0.236065 0.047459 0.236065 0.047459
0.243092 0.047459 0.243092 0.047459
0.250118 0.047459 0.250118 0.047459
0.257145 0.047459 0.257145 0.047459
0.264172 0.047459 0.264172 0.047459
0.271198 0.047459 0.271198 0.047459
0.278225 0.047459 0.278225 0.047459
0.285251 0.047459 0.285251 0.047459
0.292278 0.047459 0.292278 0.047459
0.299304 0.047459 0.299304 0.047459
0.306331 0.047459 0.306331 0.047459
0.313357 0.047459 0.313357 0.047459
0.320384 0.047459 0.320384 0.047459
0.327410 0.047459 0.327410 0.047459
0.334437 0.047459 0.334437 0.047459
0.341463 0.047459 0.341463 0.047459
0.348490 0.047459 0.348490 0.047459
0.355516 0.047459 0.355516 0.047459
0.362543 0.047459 0.362543 0.047459
0.369569 0.047459 0.369569 0.047459
0.376596 0.047459 0.376596 0.047459
0.383622 0.047459 0.383622 0.047459
0.390649 0.047459 0.390649 0.047459
0.397676 0.047459 0.397676 0.047459
0.404702 0.047459 0.404702 0.047459
0.411729 0.047459 0.411729 0.047459
0.418755 0.047459 0.418755 0.047459
0.425782 0.047459 0.425782 0.047459
0.432808 0.047459 0.432808 0.047459
0.439835 0.047459 0.439835 0.047459
0.446861 0.047459 0.446861 0.047459
0.453888 0.047459 0.453888 0.047459
0.460914 0.047459 0.460914 0.047459
0.467941 0.047459 0.467941 0.047459
0.474967 0.047459 0.474967 0.047459
0.481994 0.047459 0.481994 0.047459
-0.410375 0.054761 -0.410375 0.054761
-0.403348 0.054761 -0.403348 0.054761
-0.396322 0.054761 -0.396322 0.054761
-0.389295 0.054761 -0.389295 0.054761
-0.382269 0.054761 -0.382269 0.054761
-0.375242 0.054761 -0.375242 0.054761
-0.368216 0.054761 -0.368216 0.054761
-0.361189 0.054761 -0.361189 0.054761
-0.354163 0.054761 -0.354163 0.054761
-0.347136 0.054761 -0.347136 0.054761
-0.340110 0.054761 -0.340110 0.054761
-0.333083 0.054761 -0.333083 0.054761
-0.326057 0.054761 -0.326057 0.054761
-0.319030 0.054761 -0.319030 0.054761
-0.312003 0.054761 -0.312003 0.054761
-0.304977 0.054761 -0.304977 0.054761
-0.297950 0.054761 -0.297950 0.054761
-0.290924 0.054761 -0.290924 0.054761
-0.283897 0.054761 -0.283897 0.054761
-0.276871 0.054761 -0.276871 0.054761
-0.269844 0.054761 -0.269844 0.054761
-0.262818 0.054761 -0.262818 0.054761
-0.255791 0.054761 -0.255791 0.054761
-0.248765 0.054761 -0.248765 0.054761
-0.241738 0.054761 -0.241738 0.054761
-0.234712 0.054761 -0.234712 0.054761
-0.227685 0.054761 -0.227685 0.054761
-0.220659 0.054761 -0.220659 0.054761
-0.213632 0.054761 -0.213632 0.054761
-0.206606 0.054761 -0.206606 0.054761
-0.199579 0.054761 -0.199579 0.054761
-0.192553 0.054761 -0.192553 0.054761
-0.185526 0.054761 -0.185526 0.054761
-0.178499 0.054761 -0.178499 0.054761
-0.171473 0.054761 -0.171473 0.054761
-0.164446 0.054761 -0.213723 0.090563
-0.157420 0.054761 -0.206672 0.090545
-0.150393 0.054761 -0.199621 0.090527
-0.143367 0.054761 -0.192570 0.090509
-0.136340 0.054761 -0.185519 0.090492
-0.129314 0.054761 -0.178468 0.090474
-0.122287 0.054761 -0.171417 0.090456
-0.115261 0.054761 -0.164366 0.090438
-0.108234 0.054761 -0.157314 0.090420
-0.101208 0.054761 -0.150263 0.090402
-0.094181 0.054761 -0.143212 0.090385
-0.087155 0.054761 -0.136161 0.090367
-0.080128 0.054761 -0.129110 0.090349
-0.073102 0.054761 -0.122060 0.090331
-0.066075 0.054761 -0.115008 0.090313
-0.059049 0.054761 -0.107957 0.090295
-0.052022 0.054761 -0.100906 0.090277
-0.044996 0.054761 -0.093855 0.090259
-0.037969 0.054761 -0.086804 0.090241
-0.030942 0.054761 -0.030942 0.054761
-0.023916 0.054761 -0.023916 0.054761
-0.016889 0.054761 -0.016889 0.054761
-0.009863 0.054761 -0.009863 0.054761
-0.002836 0.054761 0.015797 0.112111
0.004190 0.054761 0.022827 0.112122
0.011217 0.054761 0.029858 0.112133
0.018243 0.054761 0.036888 0.112143
0.025270 0.054761 0.043918 0.112154
0.032296 0.054761 0.050949 0.112165
0.039323 0.054761 0.057979 0.112176
0.046349 0.054761 0.046349 0.054761
0.053376 0.054761 0.053376 0.054761
0.060402 0.054761 0.060402 0.054761
0.067429 0.054761 0.067429 0.054761
0.074455 0.054761 0.074455 0.054761
0.081482 0.054761 0.081482 0.054761
0.088508 0.054761 0.088508 0.054761
0.095535 0.054761 0.095535 0.054761
0.102561 0.054761 0.102561 0.054761
0.109588 0.054761 0.109588 0.054761
0.116615 0.054761 0.116615 0.054761
0.123641 0.054761 0.123641 0.054761
0.130668 0.054761 0.130668 0.054761
0.137694 0.054761 0.198457 0.054761
0.144721 0.054761 0.205521 0.054761
0.151747 0.054761 0.212585 0.054761
0.158774 0.054761 0.219649 0.054761
0.165800 0.054761 0.226713 0.054761
0.172827 0.054761 0.172827 0.054761
0.179853 0.054761 0.179853 0.054761
0.186880 0.054761 0.186880 0.054761
0.193906 0.054761 0.193906 0.054761
0.200933 0.054761 0.200933 0.054761
0.207959 0.054761 0.207959 0.054761
0.214986 0.054761 0.214986 0.054761
0.222012 0.054761 0.222012 0.054761
0.229039 0.054761 0.229039 0.054761
0.236065 0.054761 0.236065 0.054761
0.243092 0.054761 0.243092 0.054761
0.250118 0.054761 0.250118 0.054761
0.257145 0.054761 0.257145 0.054761
0.264172 0.054761 0.264172 0.054761
0.271198 0.054761 0.271198 0.054761
0.278225 0.054761 0.278225 0.054761
0.285251 0.054761 0.285251 0.054761
0.292278 0.054761 0.292278 0.054761
0.299304 0.054761 0.299304 0.054761
0.306331 0.054761 0.306331 0.054761
0.313357 0.054761 0.313357 0.054761
0.320384 0.054761 0.320384 0.054761
0.327410 0.054761 0.327410 0.054761
0.334437 0.054761 0.334437 0.054761
0.341463 0.054761 0.341463 0.054761
0.348490 0.054761 0.348490 0.054761
0.355516 0.054761 0.355516 0.054761
0.362543 0.054761 0.362543 0.054761
0.369569 0.054761 0.369569 0.054761
0.376596 0.054761 0.376596 0.054761
0.383622 0.054761 0.383622 0.054761
0.390649 0.054761 0.390649 0.054761
0.397676 0.054761 0.397676 0.054761
0.404702 0.054761 0.404702 0.054761
0.411729 0.054761 0.411729 0.054761
0.418755 0.054761 0.418755 0.054761
0.425782 0.054761 0.425782 0.054761
0.432808 0.054761 0.432808 0.054761
0.439835 0.054761 0.439835 0.054761
0.446861 0.054761 0.446861 0.054761
0.453888 0.054761 0.453888 0.054761
0.460914 0.054761 0.460914 0.054761
0.467941 0.054761 0.467941 0.054761
0.474967 0.054761 0.474967 0.054761
0.481994 0.054761 0.481994 0.054761
-0.410375 0.062062 -0.410375 0.062062
-0.403348 0.062062 -0.403348 0.062062
-0.396322 0.062062 -0.396322 0.062062
-0.389295 0.062062 -0.389295 0.062062
-0.382269 0.062062 -0.382269 0.062062
-0.375242 0.062062 -0.375242 0.062062
-0.368216 0.062062 -0.368216 0.062062
-0.361189 0.062062 -0.361189 0.062062
-0.354163 0.062062 -0.354163 0.062062
-0.347136 0.062062 -0.347136 0.062062
-0.340110 0.062062 -0.340110 0.062062
-0.333083 0.062062 -0.333083 0.062062
-0.326057 0.062062 -0.326057 0.062062
-0.319030 0.062062 -0.319030 0.062062
-0.312003 0.062062 -0.312003 0.062062
-0.304977 0.062062 -0.304977 0.062062
-0.297950 0.062062 -0.297950 0.062062
-0.290924 0.062062 -0.290924 0.062062
-0.283897 0.062062 -0.283897 0.062062
-0.276871 0.062062 -0.276871 0.062062
-0.269844 0.062062 -0.269844 0.062062
-0.262818 0.062062 -0.262818 0.062062
-0.255791 0.062062 -0.255791 0.062062
-0.248765 0.062062 -0.248765 0.062062
-0.241738 0.062062 -0.241738 0.062062
-0.234712 0.062062 -0.234712 0.062062
-0.227685 0.062062 -0.227685 0.062062
-0.220659 0.062062 -0.220659 0.062062
-0.213632 0.062062 -0.213632 0.062062
-0.206606 0.062062 -0.206606 0.062062
-0.199579 0.062062 -0.199579 0.062062
-0.192553 0.062062 -0.192553 0.062062
-0.185526 0.062062 -0.185526 0.062062
-0.178499 0.062062 -0.178499 0.062062
-0.171473 0.062062 -0.220793 0.097896
-0.164446 0.062062 -0.213742 0.097878
-0.157420 0.062062 -0.206690 0.097860
-0.150393 0.062062 -0.199639 0.097842
-0.143367 0.062062 -0.192588 0.097824
-0.136340 0.062062 -0.185537 0.097806
-0.129314 0.062062 -0.178486 0.097789
-0.122287 0.062062 -0.171435 0.097771
-0.115261 0.062062 -0.164384 0.097753
-0.108234 0.062062 -0.157333 0.097735
-0.101208 0.062062 -0.150282 0.097717
-0.094181 0.062062 -0.143231 0.097699
-0.087155 0.062062 -0.136180 0.097682
-0.080128 0.062062 -0.129129 0.097663
-0.073102 0.062062 -0.122078 0.097645
-0.066075 0.062062 -0.115027 0.097628
-0.059049 0.062062 -0.107976 0.097610
-0.052022 0.062062 -0.100925 0.097592
-0.044996 0.062062 -0.093874 0.097574
-0.037969 0.062062 -0.037969 0.062062
-0.030942 0.062062 -0.030942 0.062062
-0.023916 0.062062 -0.023916 0.062062
-0.016889 0.062062 -0.016889 0.062062
-0.009863 0.062062 -0.009863 0.062062
-0.002836 0.062062 0.015809 0.119447
0.004190 0.062062 0.022839 0.119458
0.011217 0.062062 0.029869 0.119469
0.018243 0.062062 0.036899 0.119480
0.025270 0.062062 0.043930 0.119491
0.032296 0.062062 0.050960 0.119502
0.039323 0.062062 0.057990 0.119513
0.046349 0.062062 0.065020 0.119524
0.053376 0.062062 0.053376 0.062062
0.060402 0.062062 0.060402 0.062062
0.067429 0.062062 0.067429 0.062062
0.074455 0.062062 0.074455 0.062062
0.081482 0.062062 0.081482 0.062062
0.088508 0.062062 0.088508 0.062062
0.095535 0.062062 0.095535 0.062062
0.102561 0.062062 0.102561 0.062062
0.109588 0.062062 0.109588 0.062062
0.116615 0.062062 0.116615 0.062062
0.123641 0.062062 0.123641 0.062062
0.130668 0.062062 0.130668 0.062062
0.137694 0.062062 0.137694 0.062062
0.144721 0.062062 0.144721 0.062062
0.151747 0.062062 0.151747 0.062062
0.158774 0.062062 0.158774 0.062062
0.165800 0.062062 0.165800 0.062062
0.172827 0.062062 0.172827 0.062062
0.179853 0.062062 0.179853 0.062062
0.186880 0.062062 0.186880 0.062062
0.193906 0.062062 0.193906 0.062062
0.200933 0.062062 0.200933 0.062062
0.207959 0.062062 0.207959 0.062062
0.214986 0.062062 0.214986 0.062062
0.222012 0.062062 0.222012 0.062062
0.229039 0.062062 0.229039 0.062062
0.236065 0.062062 0.236065 0.062062
0.243092 0.062062 0.243092 0.062062
0.250118 0.062062 0.250118 0.062062
0.257145 0.062062 0.257145 0.062062
0.264172 0.062062 0.264172 0.062062
0.271198 0.062062 0.271198 0.062062
0.278225 0.062062 0.278225 0.062062
0.285251 0.062062 0.285251 0.062062
0.292278 0.062062 0.292278 0.062062
0.299304 0.062062 0.299304 0.062062
0.306331 0.062062 0.306331 0.062062
0.313357 0.062062 0.313357 0.062062
0.320384 0.062062 0.320384 0.062062
0.327410 0.062062 0.327410 0.062062
0.334437 0.062062 0.334437 0.062062
0.341463 0.062062 0.341463 0.062062
0.348490 0.062062 0.348490 0.062062
0.355516 0.062062 0.355516 0.062062
0.362543 0.062062 0.362543 0.062062
0.369569 0.062062 0.369569 0.062062
0.376596 0.062062 0.376596 0.062062
0.383622 0.062062 0.383622 0.062062
0.390649 0.062062 0.390649 0.062062
0.397676 0.062062 0.397676 0.062062
0.404702 0.062062 0.404702 0.062062
0.411729 0.062062 0.411729 0.062062
0.418755 0.062062 0.418755 0.062062
0.425782 0.062062 0.425782 0.062062
0.432808 0.062062 0.432808 0.062062
0.439835 0.062062 0.439835 0.062062
0.446861 0.062062 0.446861 0.062062
0.453888 0.062062 0.453888 0.062062
0.460914 0.062062 0.460914 0.062062
0.467941 0.062062 0.467941 0.062062
0.474967 0.062062 0.474967 0.062062
0.481994 0.062062 0.481994 0.062062
-0.410375 0.069363 -0.410375 0.069363
-0.403348 0.069363 -0.403348 0.069363
-0.396322 0.069363 -0.396322 0.069363
-0.389295 0.069363 -0.389295 0.069363
-0.382269 0.069363 -0.382269 0.069363
-0.375242 0.069363 -0.375242 0.069363
-0.368216 0.069363 -0.368216 0.069363
-0.361189 0.069363 -0.361189 0.069363
-0.354163 0.069363 -0.354163 0.069363
-0.347136 0.069363 -0.347136 0.069363
-0.340110 0.069363 -0.340110 0.069363
-0.333083 0.069363 -0.333083 0.069363
-0.326057 0.069363 -0.326057 0.069363
-0.319030 0.069363 -0.319030 0.069363
-0.312003 0.069363 -0.312003 0.069363
-0.304977 0.069363 -0.304977 0.069363
-0.297950 0.069363 -0.297950 0.069363
-0.290924 0.069363 -0.290924 0.069363
-0.283897 0.069363 -0.283897 0.069363
-0.276871 0.069363 -0.276871 0.069363
-0.269844 0.069363 -0.269844 0.069363
-0.262818 0.069363 -0.262818 0.069363
-0.255791 0.069363 -0.255791 0.069363
-0.248765 0.069363 -0.248765 0.069363
-0.241738 0.069363 -0.241738 0.069363
-0.234712 0.069363 -0.234712 0.069363
-0.227685 0.069363 -0.227685 0.069363
-0.220659 0.069363 -0.220659 0.069363
-0.213632 0.069363 -0.213632 0.069363
-0.206606 0.069363 -0.206606 0.069363
-0.199579 0.069363 -0.199579 0.069363
-0.192553 0.069363 -0.192553 0.069363
-0.185526 0.069363 -0.185526 0.069363
-0.178499 0.069363 -0.227862 0.105228
-0.171473 0.069363 -0.220811 0.105210
-0.164446 0.069363 -0.213760 0.105193
-0.157420 0.069363 -0.206709 0.105175
-0.150393 0.069363 -0.199658 0.105157
-0.143367 0.069363 -0.192607 0.105139
-0.136340 0.069363 -0.185556 0.105121
-0.129314 0.069363 -0.178505 0.105104
-0.122287 0.069363 -0.171454 0.105086
-0.115261 0.069363 -0.164403 0.105068
-0.108234 0.069363 -0.157352 0.105050
-0.101208 0.069363 -0.150300 0.105032
-0.094181 0.069363 -0.143250 0.105014
-0.087155 0.069363 -0.136199 0.104996
-0.080128 0.069363 -0.129148 0.104978
-0.073102 0.069363 -0.122097 0.104960
-0.066075 0.069363 -0.115046 0.104943
-0.059049 0.069363 -0.107994 0.104925
-0.052022 0.069363 -0.100943 0.104907
-0.044996 0.069363 -0.093892 0.104889
-0.037969 0.069363 -0.037969 0.069363
-0.030942 0.069363 -0.030942 0.069363
-0.023916 0.069363 -0.023916 0.069363
-0.016889 0.069363 -0.016889 0.069363
-0.009863 0.069363 -0.009863 0.069363
-0.002836 0.069363 0.015820 0.126784
0.004190 0.069363 0.022850 0.126795
0.011217 0.069363 0.029880 0.126806
0.018243 0.069363 0.036911 0.126817
0.025270 0.069363 0.043941 0.126828
0.032296 0.069363 0.050971 0.126839
0.039323 0.069363 0.058002 0.126850
0.046349 0.069363 0.065032 0.126861
0.053376 0.069363 0.072062 0.126872
0.060402 0.069363 0.060402 0.069363
0.067429 0.069363 0.067429 0.069363
0.074455 0.069363 0.074455 0.069363
0.081482 0.069363 0.081482 0.069363
0.088508 0.069363 0.088508 0.069363
0.095535 0.069363 0.095535 0.069363
0.102561 0.069363 0.102561 0.069363
0.109588 0.069363 0.109588 0.069363
0.116615 0.069363 0.116615 0.069363
0.123641 0.069363 0.123641 0.069363
0.130668 0.069363 0.130668 0.069363
0.137694 0.069363 0.137694 0.069363
0.144721 0.069363 0.144721 0.069363
0.151747 0.069363 0.151747 0.069363
0.158774 0.069363 0.158774 0.069363
0.165800 0.069363 0.165800 0.069363
0.172827 0.069363 0.172827 0.069363
0.179853 0.069363 0.179853 0.069363
0.186880 0.069363 0.186880 0.069363
0.193906 0.069363 0.193906 0.069363
0.200933 0.069363 0.200933 0.069363
0.207959 0.069363 0.207959 0.069363
0.214986 0.069363 0.214986 0.069363
0.222012 0.069363 0.222012 0.069363
0.229039 0.069363 0.229039 0.069363
0.236065 0.069363 0.236065 0.069363
0.243092 0.069363 0.243092 0.069363
0.250118 0.069363 0.250118 0.069363
0.257145 0.069363 0.257145 0.069363
0.264172 0.069363 0.264172 0.069363
0.271198 0.069363 0.271198 0.069363
0.278225 0.069363 0.278225 0.069363
0.285251 0.069363 0.285251 0.069363
0.292278 0.069363 0.292278 0.069363
0.299304 0.069363 0.299304 0.069363
0.306331 0.069363 0.306331 0.069363
0.313357 0.069363 0.313357 0.069363
0.320384 0.069363 0.320384 0.069363
0.327410 0.069363 0.327410 0.069363
0.334437 0.069363 0.334437 0.069363
0.341463 0.069363 0.341463 0.069363
0.348490 0.069363 0.348490 0.069363
0.355516 0.069363 0.355516 0.069363
0.362543 0.069363 0.362543 0.069363
0.369569 0.069363 0.369569 0.069363
0.376596 0.069363 0.376596 0.069363
0.383622 0.069363 0.383622 0.069363
0.390649 0.069363 0.390649 0.069363
0.397676 0.069363 0.397676 0.069363
0.404702 0.069363 0.404702 0.069363
0.411729 0.069363 0.411729 0.069363
0.418755 0.069363 0.418755 0.069363
0.425782 0.069363 0.425782 0.069363
0.432808 0.069363 0.432808 0.069363
0.439835 0.069363 0.439835 0.069363
0.446861 0.069363 0.446861 0.069363
0.453888 0.069363 0.453888 0.069363
0.460914 0.069363 0.460914 0.069363
0.467941 0.069363 0.467941 0.069363
0.474967 0.069363 0.474967 0.069363
0.481994 0.069363 0.481994 0.069363
-0.410375 0.076665 -0.410375 0.076665
-0.403348 0.076665 -0.403348 0.076665
-0.396322 0.076665 -0.396322 0.076665
-0.389295 0.076665 -0.389295 0.076665
-0.382269 0.076665 -0.382269 0.076665
-0.375242 0.076665 -0.375242 0.076665
-0.368216 0.076665 -0.368216 0.076665
-0.361189 0.076665 -0.361189 0.076665
-0.354163 0.076665 -0.354163 0.076665
-0.347136 0.076665 -0.347136 0.076665
-0.340110 0.076665 -0.340110 0.076665
-0.333083 0.076665 -0.333083 0.076665
-0.326057 0.076665 -0.326057 0.076665
-0.319030 0.076665 -0.319030 0.076665
-0.312003 0.076665 -0.312003 0.076665
-0.304977 0.076665 -0.304977 0.076665
-0.297950 0.076665 -0.297950 0.076665
-0.290924 0.076665 -0.290924 0.076665
-0.283897 0.076665 -0.283897 0.076665
-0.276871 0.076665 -0.276871 0.076665
-0.269844 0.076665 -0.269844 0.076665
-0.262818 0.076665 -0.262818 0.076665
-0.255791 0.076665 -0.255791 0.076665
-0.248765 0.076665 -0.248765 0.076665
-0.241738 0.076665 -0.241738 0.076665
-0.234712 0.076665 -0.234712 0.076665
-0.227685 0.076665 -0.227685 0.076665
-0.220659 0.076665 -0.220659 0.076665
-0.213632 0.076665 -0.213632 0.076665
-0.206606 0.076665 -0.206606 0.076665
-0.199579 0.076665 -0.199579 0.076665
-0.192553 0.076665 -0.192553 0.076665
-0.185526 0.076665 -0.234932 0.112561
-0.178499 0.076665 -0.227881 0.112543
-0.171473 0.076665 -0.220830 0.112525
-0.164446 0.076665 -0.213779 0.112508
-0.157420 0.076665 -0.206728 0.112490
-0.150393 0.076665 -0.199676 0.112472
-0.143367 0.076665 -0.192625 0.112454
-0.136340 0.076665 -0.185574 0.112436
-0.129314 0.076665 -0.178523 0.112418
-0.122287 0.076665 -0.171472 0.112401
-0.115261 0.076665 -0.164421 0.112383
-0.108234 0.076665 -0.157370 0.112365
-0.101208 0.076665 -0.150319 0.112347
-0.094181 0.076665 -0.143268 0.112329
-0.087155 0.076665 -0.136217 0.112311
-0.080128 0.076665 -0.129166 0.112293
-0.073102 0.076665 -0.122115 0.112275
-0.066075 0.076665 -0.115064 0.112257
-0.059049 0.076665 -0.108013 0.112240
-0.052022 0.076665 -0.100962 0.112222
-0.044996 0.076665 -0.044996 0.076665
-0.037969 0.076665 -0.037969 0.076665
-0.030942 0.076665 -0.030942 0.076665
-0.023916 0.076665 -0.023916 0.076665
-0.016889 0.076665 -0.016889 0.076665
-0.009863 0.076665 -0.009863 0.076665
-0.002836 0.076665 0.015832 0.134121
0.004190 0.076665 0.022862 0.134132
0.011217 0.076665 0.029892 0.134143
0.018243 0.076665 0.036922 0.134154
0.025270 0.076665 0.043953 0.134164
0.032296 0.076665 0.050983 0.134175
0.039323 0.076665 0.058013 0.134186
0.046349 0.076665 0.065043 0.134197
0.053376 0.076665 0.072073 0.134208
0.060402 0.076665 0.079103 0.134219
0.067429 0.076665 0.067429 0.076665
0.074455 0.076665 0.074455 0.076665
0.081482 0.076665 0.081482 0.076665
0.088508 0.076665 0.088508 0.076665
0.095535 0.076665 0.095535 0.076665
0.102561 0.076665 0.102561 0.076665
0.109588 0.076665 0.109588 0.076665
0.116615 0.076665 0.116615 0.076665
0.123641 0.076665 0.123641 0.076665
0.130668 0.076665 0.130668 0.076665
0.137694 0.076665 0.137694 0.076665
0.144721 0.076665 0.144721 0.076665
0.151747 0.076665 0.151747 0.076665
0.158774 0.076665 0.158774 0.076665
0.165800 0.076665 0.165800 0.076665
0.172827 0.076665 0.172827 0.076665
0.179853 0.076665 0.179853 0.076665
0.186880 0.076665 0.186880 0.076665
0.193906 0.076665 0.193906 0.076665
0.200933 0.076665 0.200933 0.076665
0.207959 0.076665 0.207959 0.076665
0.214986 0.076665 0.214986 0.076665
0.222012 0.076665 0.222012 0.076665
0.229039 0.076665 0.229039 0.076665
0.236065 0.076665 0.236065 0.076665
0.243092 0.076665 0.243092 0.076665
0.250118 0.076665 0.250118 0.076665
0.257145 0.076665 0.257145 0.076665
0.264172 0.076665 0.264172 0.076665
0.271198 0.076665 0.271198 0.076665
0.278225 0.076665 0.278225 0.076665
0.285251 0.076665 0.285251 0.076665
0.292278 0.076665 0.292278 0.076665
0.299304 0.076665 0.299304 0.076665
0.306331 0.076665 0.306331 0.076665
0.313357 0.076665 0.313357 0.076665
0.320384 0.076665 0.320384 0.076665
0.327410 0.076665 0.327410 0.076665
0.334437 0.076665 0.334437 0.076665
0.341463 0.076665 0.341463 0.076665
0.348490 0.076665 0.348490 0.076665
0.355516 0.076665 0.355516 0.076665
0.362543 0.076665 0.362543 0.076665
0.369569 0.076665 0.369569 0.076665
0.376596 0.076665 0.376596 0.076665
0.383622 0.076665 0.383622 0.076665
0.390649 0.076665 0.390649 0.076665
0.397676 0.076665 0.397676 0.076665
0.404702 0.076665 0.404702 0.076665
0.411729 0.076665 0.411729 0.076665
0.418755 0.076665 0.418755 0.076665
0.425782 0.076665 0.425782 0.076665
0.432808 0.076665 0.432808 0.076665
0.439835 0.076665 0.439835 0.076665
0.446861 0.076665 0.446861 0.076665
0.453888 0.076665 0.453888 0.076665
0.460914 0.076665 0.460914 0.076665
0.467941 0.076665 0.467941 0.076665
0.474967 0.076665 0.474967 0.076665
0.481994 0.076665 0.481994 0.076665
-0.410375 0.083966 -0.410375 0.083966
-0.403348 0.083966 -0.403348 0.083966
-0.396322 0.083966 -0.396322 0.083966
-0.389295 0.083966 -0.389295 0.083966
-0.382269 0.083966 -0.382269 0.083966
-0.375242 0.083966 -0.375242 0.083966
-0.368216 0.083966 -0.368216 0.083966
-0.361189 0.083966 -0.361189 0.083966
-0.354163 0.083966 -0.354163 0.083966
-0.347136 0.083966 -0.347136 0.083966
-0.340110 0.083966 -0.340110 0.083966
-0.333083 0.083966 -0.333083 0.083966
-0.326057 0.083966 -0.326057 0.083966
-0.319030 0.083966 -0.319030 0.083966
-0.312003 0.083966 -0.312003 0.083966
-0.304977 0.083966 -0.304977 0.083966
-0.297950 0.083966 -0.297950 0.083966
-0.290924 0.083966 -0.290924 0.083966
-0.283897 0.083966 -0.283897 0.083966
-0.276871 0.083966 -0.276871 0.083966
-0.269844 0.083966 -0.269844 0.083966
-0.262818 0.083966 -0.262818 0.083966
-0.255791 0.083966 -0.255791 0.083966
-0.248765 0.083966 -0.248765 0.083966
-0.241738 0.083966 -0.241738 0.083966
-0.234712 0.083966 -0.234712 0.083966
-0.227685 0.083966 -0.227685 0.083966
-0.220659 0.083966 -0.220659 0.083966
-0.213632 0.083966 -0.213632 0.083966
-0.206606 0.083966 -0.206606 0.083966
-0.199579 0.083966 -0.199579 0.083966
-0.192553 0.083966 -0.242001 0.119894
-0.185526 0.083966 -0.234950 0.119876
-0.178499 0.083966 -0.227899 0.119858
-0.171473 0.083966 -0.220848 0.119840
-0.164446 0.083966 -0.213797 0.119822
-0.157420 0.083966 -0.206746 0.119805
-0.150393 0.083966 -0.199695 0.119787
-0.143367 0.083966 -0.192644 0.119769
-0.136340 0.083966 -0.185593 0.119751
-0.129314 0.083966 -0.178542 0.119733
-0.122287 0.083966 -0.171491 0.119715
-0.115261 0.083966 -0.164440 0.119697
-0.108234 0.083966 -0.157389 0.119679
-0.101208 0.083966 -0.150338 0.119661
-0.094181 0.083966 -0.143287 0.119644
-0.087155 0.083966 -0.136236 0.119626
-0.080128 0.083966 -0.129185 0.119608
-0.073102 0.083966 -0.122134 0.119590
-0.066075 0.083966 -0.115083 0.119572
-0.059049 0.083966 -0.108032 0.119554
-0.052022 0.083966 -0.052022 0.083966
-0.044996 0.083966 -0.044996 0.083966
-0.037969 0.083966 -0.037969 0.083966
-0.030942 0.083966 -0.030942 0.083966
-0.023916 0.083966 -0.023916 0.083966
-0.016889 0.083966 -0.016889 0.083966
-0.009863 0.083966 -0.009863 0.083966
-0.002836 0.083966 0.015843 0.141457
0.004190 0.083966 0.022873 0.141468
0.011217 0.083966 0.029903 0.141479
0.018243 0.083966 0.036933 0.141490
0.025270 0.083966 0.043964 0.141501
0.032296 0.083966 0.050994 0.141512
0.039323 0.083966 0.058024 0.141523
0.046349 0.083966 0.065055 0.141534
0.053376 0.083966 0.072085 0.141545
0.060402 0.083966 0.079115 0.141556
0.067429 0.083966 0.086145 0.141567
0.074455 0.083966 0.074455 0.083966
0.081482 0.083966 0.081482 0.083966
0.088508 0.083966 0.088508 0.083966
0.095535 0.083966 0.095535 0.083966
0.102561 0.083966 0.102561 0.083966
0.109588 0.083966 0.109588 0.083966
0.116615 0.083966 0.116615 0.083966
0.123641 0.083966 0.123641 0.083966
0.130668 0.083966 0.130668 0.083966
0.137694 0.083966 0.137694 0.083966
0.144721 0.083966 0.144721 0.083966
0.151747 0.083966 0.151747 0.083966
0.158774 0.083966 0.158774 0.083966
0.165800 0.083966 0.165800 0.083966
0.172827 0.083966 0.172827 0.083966
0.179853 0.083966 0.179853 0.083966
0.186880 0.083966 0.186880 0.083966
0.193906 0.083966 0.193906 0.083966
0.200933 0.083966 0.200933 0.083966
0.207959 0.083966 0.207959 0.083966
0.214986 0.083966 0.214986 0.083966
0.222012 0.083966 0.222012 0.083966
0.229039 0.083966 0.229039 0.083966
0.236065 0.083966 0.236065 0.083966
0.243092 0.083966 0.243092 0.083966
0.250118 0.083966 0.250118 0.083966
0.257145 0.083966 0.257145 0.083966
0.264172 0.083966 0.264172 0.083966
0.271198 0.083966 0.271198 0.083966
0.278225 0.083966 0.278225 0.083966
0.285251 0.083966 0.285251 0.083966
0.292278 0.083966 0.292278 0.083966
0.299304 0.083966 0.299304 0.083966
0.306331 0.083966 0.306331 0.083966
0.313357 0.083966 0.313357 0.083966
0.320384 0.083966 0.320384 0.083966
0.327410 0.083966 0.327410 0.083966
0.334437 0.083966 0.334437 0.083966
0.341463 0.083966 0.341463 0.083966
0.348490 0.083966 0.348490 0.083966
0.355516 0.083966 0.355516 0.083966
0.362543 0.083966 0.362543 0.083966
0.369569 0.083966 0.369569 0.083966
0.376596 0.083966 0.376596 0.083966
0.383622 0.083966 0.383622 0.083966
0.390649 0.083966 0.390649 0.083966
0.397676 0.083966 0.397676 0.083966
0.404702 0.083966 0.404702 0.083966
0.411729 0.083966 0.411729 0.083966
0.418755 0.083966 0.418755 0.083966
0.425782 0.083966 0.425782 0.083966
0.432808 0.083966 0.432808 0.083966
0.439835 0.083966 0.439835 0.083966
0.446861 0.083966 0.446861 0.083966
0.453888 0.083966 0.453888 0.083966
0.460914 0.083966 0.460914 0.083966
0.467941 0.083966 0.467941 0.083966
0.474967 0.083966 0.474967 0.083966
0.481994 0.083966 0.481994 0.083966
-0.410375 0.091268 -0.410375 0.091268
-0.403348 0.091268 -0.403348 0.091268
-0.396322 0.091268 -0.396322 0.091268
-0.389295 0.091268 -0.389295 0.091268
-0.382269 0.091268 -0.382269 0.091268
-0.375242 0.091268 -0.375242 0.091268
-0.368216 0.091268 -0.368216 0.091268
-0.361189 0.091268 -0.361189 0.091268
-0.354163 0.091268 -0.354163 0.091268
-0.347136 0.091268 -0.347136 0.091268
-0.340110 0.091268 -0.340110 0.091268
-0.333083 0.091268 -0.333083 0.091268
-0.326057 0.091268 -0.326057 0.091268
-0.319030 0.091268 -0.319030 0.091268
-0.312003 0.091268 -0.312003 0.091268
-0.304977 0.091268 -0.304977 0.091268
-0.297950 0.091268 -0.297950 0.091268
-0.290924 0.091268 -0.290924 0.091268
-0.283897 0.091268 -0.283897 0.091268
-0.276871 0.091268 -0.276871 0.091268
-0.269844 0.091268 -0.269844 0.091268
-0.262818 0.091268 -0.262818 0.091268
-0.255791 0.091268 -0.255791 0.091268
-0.248765 0.091268 -0.248765 0.091268
-0.241738 0.091268 -0.241738 0.091268
-0.234712 0.091268 -0.234712 0.091268
-0.227685 0.091268 -0.227685 0.091268
-0.220659 0.091268 -0.220659 0.091268
-0.213632 0.091268 -0.213632 0.091268
-0.206606 0.091268 -0.206606 0.091268
-0.199579 0.091268 -0.199579 0.091268
-0.192553 0.091268 -0.242020 0.127209
-0.185526 0.091268 -0.234969 0.127191
-0.178499 0.091268 -0.227918 0.127173
-0.171473 0.091268 -0.220867 0.127155
-0.164446 0.091268 -0.213816 0.127137
-0.157420 0.091268 -0.206765 0.127119
-0.150393 0.091268 -0.199713 0.127102
-0.143367 0.091268 -0.192662 0.127084
-0.136340 0.091268 -0.185611 0.127066
-0.129314 0.091268 -0.178560 0.127048
-0.122287 0.091268 -0.171510 0.127030
-0.115261 0.091268 -0.164459 0.127012
-0.108234 0.091268 -0.157407 0.126994
-0.101208 0.091268 -0.150356 0.126976
-0.094181 0.091268 -0.143305 0.126958
-0.087155 0.091268 -0.136254 0.126941
-0.080128 0.091268 -0.129203 0.126923
-0.073102 0.091268 -0.122152 0.126905
-0.066075 0.091268 -0.115101 0.126887
-0.059049 0.091268 -0.108050 0.126869
-0.052022 0.091268 -0.052022 0.091268
-0.044996 0.091268 -0.044996 0.091268
-0.037969 0.091268 -0.037969 0.091268
-0.030942 0.091268 -0.030942 0.091268
-0.023916 0.091268 -0.023916 0.091268
-0.016889 0.091268 -0.016889 0.091268
-0.009863 0.091268 -0.009863 0.091268
-0.002836 0.091268 0.015855 0.148794
0.004190 0.091268 0.022885 0.148805
0.011217 0.091268 0.029915 0.148816
0.018243 0.091268 0.036945 0.148827
0.025270 0.091268 0.043975 0.148838
0.032296 0.091268 0.051006 0.148849
0.039323 0.091268 0.058036 0.148860
0.046349 0.091268 0.065066 0.148871
0.053376 0.091268 0.072096 0.148882
0.060402 0.091268 0.079126 0.148893
0.067429 0.091268 0.086156 0.148904
0.074455 0.091268 0.093186 0.148915
0.081482 0.091268 0.081482 0.091268
0.088508 0.091268 0.088508 0.091268
0.095535 0.091268 0.095535 0.091268
0.102561 0.091268 0.102561 0.091268
0.109588 0.091268 0.109588 0.091268
0.116615 0.091268 0.116615 0.091268
0.123641 0.091268 0.123641 0.091268
0.130668 0.091268 0.130668 0.091268
0.137694 0.091268 0.137694 0.091268
0.144721 0.091268 0.144721 0.091268
0.151747 0.091268 0.151747 0.091268
0.158774 0.091268 0.158774 0.091268
0.165800 0.091268 0.165800 0.091268
0.172827 0.091268 0.172827 0.091268
0.179853 0.091268 0.179853 0.091268
0.186880 0.091268 0.186880 0.091268
0.193906 0.091268 0.193906 0.091268
0.200933 0.091268 0.200933 0.091268
0.207959 0.091268 0.207959 0.091268
0.214986 0.091268 0.214986 0.091268
0.222012 0.091268 0.222012 0.091268
0.229039 0.091268 0.229039 0.091268
0.236065 0.091268 0.236065 0.091268
0.243092 0.091268 0.243092 0.091268
0.250118 0.091268 0.250118 0.091268
0.257145 0.091268 0.257145 0.091268
0.264172 0.091268 0.264172 0.091268
0.271198 0.091268 0.271198 0.091268
0.278225 0.091268 0.278225 0.091268
0.285251 0.091268 0.285251 0.091268
0.292278 0.091268 0.292278 0.091268
0.299304 0.091268 0.299304 0.091268
0.306331 0.091268 0.306331 0.091268
0.313357 0.091268 0.313357 0.091268
0.320384 0.091268 0.320384 0.091268
0.327410 0.091268 0.327410 0.091268
0.334437 0.091268 0.334437 0.091268
0.341463 0.091268 0.341463 0.091268
0.348490 0.091268 0.348490 0.091268
0.355516 0.091268 0.355516 0.091268
0.362543 0.091268 0.362543 0.091268
0.369569 0.091268 0.369569 0.091268
0.376596 0.091268 0.376596 0.091268
0.383622 0.091268 0.383622 0.091268
0.390649 0.091268 0.390649 0.091268
0.397676 0.091268 0.397676 0.091268
0.404702 0.091268 0.404702 0.091268
0.411729 0.091268 0.411729 0.091268
0.418755 0.091268 0.418755 0.091268
0.425782 0.091268 0.425782 0.091268
0.432808 0.091268 0.432808 0.091268
0.439835 0.091268 0.439835 0.091268
0.446861 0.091268 0.446861 0.091268
0.453888 0.091268 0.453888 0.091268
0.460914 0.091268 0.460914 0.091268
0.467941 0.091268 0.467941 0.091268
0.474967 0.091268 0.474967 0.091268
0.481994 0.091268 0.481994 0.091268
-0.410375 0.098569 -0.410375 0.098569
-0.403348 0.098569 -0.403348 0.098569
-0.396322 0.098569 -0.396322 0.098569
-0.389295 0.098569 -0.389295 0.098569
-0.382269 0.098569 -0.382269 0.098569
-0.375242 0.098569 -0.375242 0.098569
-0.368216 0.098569 -0.368216 0.098569
-0.361189 0.098569 -0.361189 0.098569
-0.354163 0.098569 -0.354163 0.098569
-0.347136 0.098569 -0.347136 0.098569
-0.340110 0.098569 -0.340110 0.098569
-0.333083 0.098569 -0.333083 0.098569
-0.326057 0.098569 -0.326057 0.098569
-0.319030 0.098569 -0.319030 0.098569
-0.312003 0.098569 -0.312003 0.098569
-0.304977 0.098569 -0.304977 0.098569
-0.297950 0.098569 -0.297950 0.098569
-0.290924 0.098569 -0.290924 0.098569
-0.283897 0.098569 -0.283897 0.098569
-0.276871 0.098569 -0.276871 0.098569
-0.269844 0.098569 -0.269844 0.098569
-0.262818 0.098569 -0.262818 0.098569
-0.255791 0.098569 -0.255791 0.098569
-0.248765 0.098569 -0.248765 0.098569
-0.241738 0.098569 -0.241738 0.098569
-0.234712 0.098569 -0.234712 0.098569
-0.227685 0.098569 -0.227685 0.098569
-0.220659 0.098569 -0.220659 0.098569
-0.213632 0.098569 -0.213632 0.098569
-0.206606 0.098569 -0.206606 0.098569
-0.199579 0.098569 -0.249089 0.134541
-0.192553 0.098569 -0.242038 0.134523
-0.185526 0.098569 -0.234987 0.134506
-0.178499 0.098569 -0.227936 0.134488
-0.171473 0.098569 -0.220885 0.134470
-0.164446 0.098569 -0.213834 0.134452
-0.157420 0.098569 -0.206783 0.134434
-0.150393 0.098569 -0.199732 0.134417
-0.143367 0.098569 -0.192681 0.134399
-0.136340 0.098569 -0.185630 0.134381
-0.129314 0.098569 -0.178579 0.134362
-0.122287 0.098569 -0.171528 0.134345
-0.115261 0.098569 -0.164477 0.134327
-0.108234 0.098569 -0.157426 0.134309
-0.101208 0.098569 -0.150375 0.134291
-0.094181 0.098569 -0.143324 0.134273
-0.087155 0.098569 -0.136273 0.134256
-0.080128 0.098569 -0.129222 0.134238
-0.073102 0.098569 -0.122171 0.134220
-0.066075 0.098569 -0.115120 0.134202
-0.059049 0.098569 -0.059049 0.098569
-0.052022 0.098569 -0.052022 0.098569
-0.044996 0.098569 -0.044996 0.098569
-0.037969 0.098569 -0.037969 0.098569
-0.030942 0.098569 -0.030942 0.098569
-0.023916 0.098569 -0.023916 0.098569
-0.016889 0.098569 -0.016889 0.098569
-0.009863 0.098569 -0.009863 0.098569
-0.002836 0.098569 0.015866 0.156130
0.004190 0.098569 0.022896 0.156141
0.011217 0.098569 0.029926 0.156153
0.018243 0.098569 0.036956 0.156164
0.025270 0.098569 0.043986 0.156175
0.032296 0.098569 0.051017 0.156185
0.039323 0.098569 0.058047 0.156196
0.046349 0.098569 0.065077 0.156207
0.053376 0.098569 0.072108 0.156218
0.060402 0.098569 0.079138 0.156229
0.067429 0.098569 0.086168 0.156240
0.074455 0.098569 0.093198 0.156251
0.081482 0.098569 0.100228 0.156262
0.088508 0.098569 0.088508 0.098569
0.095535 0.098569 0.095535 0.098569
0.102561 0.098569 0.102561 0.098569
0.109588 0.098569 0.109588 0.098569
0.116615 0.098569 0.116615 0.098569
0.123641 0.098569 0.123641 0.098569
0.130668 0.098569 0.130668 0.098569
0.137694 0.098569 0.137694 0.098569
0.144721 0.098569 0.144721 0.098569
0.151747 0.098569 0.151747 0.098569
0.158774 0.098569 0.158774 0.098569
0.165800 0.098569 0.165800 0.098569
0.172827 0.098569 0.172827 0.098569
0.179853 0.098569 0.179853 0.098569
0.186880 0.098569 0.186880 0.098569
0.193906 0.098569 0.193906 0.098569
0.200933 0.098569 0.200933 0.098569
0.207959 0.098569 0.207959 0.098569
0.214986 0.098569 0.214986 0.098569
0.222012 0.098569 0.222012 0.098569
0.229039 0.098569 0.229039 0.098569
0.236065 0.098569 0.236065 0.098569
0.243092 0.098569 0.243092 0.098569
0.250118 0.098569 0.250118 0.098569
0.257145 0.098569 0.257145 0.098569
0.264172 0.098569 0.264172 0.098569
0.271198 0.098569 0.271198 0.098569
0.278225 0.098569 0.278225 0.098569
0.285251 0.098569 0.285251 0.098569
0.292278 0.098569 0.292278 0.098569
0.299304 0.098569 0.299304 0.098569
0.306331 0.098569 0.306331 0.098569
0.313357 0.098569 0.313357 0.098569
0.320384 0.098569 0.320384 0.098569
0.327410 0.098569 0.327410 0.098569
0.334437 0.098569 0.334437 0.098569
0.341463 0.098569 0.341463 0.098569
0.348490 0.098569 0.348490 0.098569
0.355516 0.098569 0.355516 0.098569
0.362543 0.098569 0.362543 0.098569
0.369569 0.098569 0.369569 0.098569
0.376596 0.098569 0.376596 0.098569
0.383622 0.098569 0.383622 0.098569
0.390649 0.098569 0.390649 0.098569
0.397676 0.098569 0.397676 0.098569
0.404702 0.098569 0.404702 0.098569
0.411729 0.098569 0.411729 0.098569
0.418755 0.098569 0.418755 0.098569
0.425782 0.098569 0.425782 0.098569
0.432808 0.098569 0.432808 0.098569
0.439835 0.098569 0.439835 0.098569
0.446861 0.098569 0.446861 0.098569
0.453888 0.098569 0.453888 0.098569
0.460914 0.098569 0.460914 0.098569
0.467941 0.098569 0.467941 0.098569
0.474967 0.098569 0.474967 0.098569
0.481994 0.098569 0.481994 0.098569
-0.410375 0.105871 -0.410375 0.105871
-0.403348 0.105871 -0.403348 0.105871
-0.396322 0.105871 -0.396322 0.105871
-0.389295 0.105871 -0.389295 0.105871
-0.382269 0.105871 -0.382269 0.105871
-0.375242 0.105871 -0.375242 0.105871
-0.368216 0.105871 -0.368216 0.105871
-0.361189 0.105871 -0.361189 0.105871
-0.354163 0.105871 -0.354163 0.105871
-0.347136 0.105871 -0.347136 0.105871
-0.340110 0.105871 -0.340110 0.105871
-0.333083 0.105871 -0.333083 0.105871
-0.326057 0.105871 -0.326057 0.105871
-0.319030 0.105871 -0.319030 0.105871
-0.312003 0.105871 -0.312003 0.105871
-0.304977 0.105871 -0.304977 0.105871
-0.297950 0.105871 -0.297950 0.105871
-0.290924 0.105871 -0.290924 0.105871
-0.283897 0.105871 -0.283897 0.105871
-0.276871 0.105871 -0.276871 0.105871
-0.269844 0.105871 -0.269844 0.105871
-0.262818 0.105871 -0.262818 0.105871
-0.255791 0.105871 -0.255791 0.105871
-0.248765 0.105871 -0.248765 0.105871
-0.241738 0.105871 -0.241738 0.105871
-0.234712 0.105871 -0.234712 0.105871
-0.227685 0.105871 -0.227685 0.105871
-0.220659 0.105871 -0.220659 0.105871
-0.213632 0.105871 -0.213632 0.105871
-0.206606 0.105871 -0.256159 0.141874
-0.199579 0.105871 -0.249108 0.141856
-0.192553 0.105871 -0.242057 0.141838
-0.185526 0.105871 -0.235006 0.141821
-0.178499 0.105871 -0.227955 0.141803
-0.171473 0.105871 -0.220904 0.141785
-0.164446 0.105871 -0.213853 0.141767
-0.157420 0.105871 -0.206802 0.141749
-0.150393 0.105871 -0.199751 0.141731
-0.143367 0.105871 -0.192700 0.141713
-0.136340 0.105871 -0.185649 0.141695
-0.129314 0.105871 -0.178598 0.141677
-0.122287 0.105871 -0.171547 0.141660
-0.115261 0.105871 -0.164496 0.141642
-0.108234 0.105871 -0.157445 0.141624
-0.101208 0.105871 -0.150393 0.141606
-0.094181 0.105871 -0.143342 0.141588
-0.087155 0.105871 -0.136291 0.141570
-0.080128 0.105871 -0.129240 0.141553
-0.073102 0.105871 -0.122189 0.141535
-0.066075 0.105871 -0.066075 0.105871
-0.059049 0.105871 -0.059049 0.105871
-0.052022 0.105871 -0.052022 0.105871
-0.044996 0.105871 -0.044996 0.105871
-0.037969 0.105871 -0.037969 0.105871
-0.030942 0.105871 -0.030942 0.105871
-0.023916 0.105871 -0.023916 0.105871
-0.016889 0.105871 -0.016889 0.105871
-0.009863 0.105871 -0.009863 0.105871
-0.002836 0.105871 0.015877 0.163467
0.004190 0.105871 0.022908 0.163478
0.011217 0.105871 0.029938 0.163489
0.018243 0.105871 0.036968 0.163500
0.025270 0.105871 0.043998 0.163511
0.032296 0.105871 0.051028 0.163522
0.039323 0.105871 0.058059 0.163533
0.046349 0.105871 0.065089 0.163544
0.053376 0.105871 0.072119 0.163555
0.060402 0.105871 0.079149 0.163566
0.067429 0.105871 0.086179 0.163577
0.074455 0.105871 0.093209 0.163588
0.081482 0.105871 0.100239 0.163599
0.088508 0.105871 0.088508 0.105871
0.095535 0.105871 0.095535 0.105871
0.102561 0.105871 0.102561 0.105871
0.109588 0.105871 0.109588 0.105871
0.116615 0.105871 0.116615 0.105871
0.123641 0.105871 0.123641 0.105871
0.130668 0.105871 0.130668 0.105871
0.137694 0.105871 0.137694 0.105871
0.144721 0.105871 0.144721 0.105871
0.151747 0.105871 0.151747 0.105871
0.158774 0.105871 0.158774 0.105871
0.165800 0.105871 0.165800 0.105871
0.172827 0.105871 0.172827 0.105871
0.179853 0.105871 0.179853 0.105871
0.186880 0.105871 0.186880 0.105871
0.193906 0.105871 0.193906 0.105871
0.200933 0.105871 0.200933 0.105871
0.207959 0.105871 0.207959 0.105871
0.214986 0.105871 0.214986 0.105871
0.222012 0.105871 0.222012 0.105871
0.229039 0.105871 0.229039 0.105871
0.236065 0.105871 0.236065 0.105871
0.243092 0.105871 0.243092 0.105871
0.250118 0.105871 0.250118 0.105871
0.257145 0.105871 0.257145 0.105871
0.264172 0.105871 0.264172 0.105871
0.271198 0.105871 0.271198 0.105871
0.278225 0.105871 0.278225 0.105871
0.285251 0.105871 0.285251 0.105871
0.292278 0.105871 0.292278 0.105871
0.299304 0.105871 0.299304 0.105871
0.306331 0.105871 0.306331 0.105871
0.313357 0.105871 0.313357 0.105871
0.320384 0.105871 0.320384 0.105871
0.327410 0.105871 0.327410 0.105871
0.334437 0.105871 0.334437 0.105871
0.341463 0.105871 0.341463 0.105871
0.348490 0.105871 0.348490 0.105871
0.355516 0.105871 0.355516 0.105871
0.362543 0.105871 0.362543 0.105871
0.369569 0.105871 0.369569 0.105871
0.376596 0.105871 0.376596 0.105871
0.383622 0.105871 0.383622 0.105871
0.390649 0.105871 0.390649 0.105871
0.397676 0.105871 0.397676 0.105871
0.404702 0.105871 0.404702 0.105871
0.411729 0.105871 0.411729 0.105871
0.418755 0.105871 0.418755 0.105871
0.425782 0.105871 0.425782 0.105871
0.432808 0.105871 0.432808 0.105871
0.439835 0.105871 0.439835 0.105871
0.446861 0.105871 0.446861 0.105871
0.453888 0.105871 0.453888 0.105871
0.460914 0.105871 0.460914 0.105871
0.467941 0.105871 0.467941 0.105871
0.474967 0.105871 0.474967 0.105871
0.481994 0.105871 0.481994 0.105871
-0.410375 0.113172 -0.410375 0.113172
-0.403348 0.113172 -0.403348 0.113172
-0.396322 0.113172 -0.396322 0.113172
-0.389295 0.113172 -0.389295 0.113172
-0.382269 0.113172 -0.382269 0.113172
-0.375242 0.113172 -0.375242 0.113172
-0.368216 0.113172 -0.368216 0.113172
-0.361189 0.113172 -0.361189 0.113172
-0.354163 0.113172 -0.354163 0.113172
-0.347136 0.113172 -0.347136 0.113172
-0.340110 0.113172 -0.340110 0.113172
-0.333083 0.113172 -0.333083 0.113172
-0.326057 0.113172 -0.326057 0.113172
-0.319030 0.113172 -0.319030 0.113172
-0.312003 0.113172 -0.312003 0.113172
-0.304977 0.113172 -0.304977 0.113172
-0.297950 0.113172 -0.297950 0.113172
-0.290924 0.113172 -0.290924 0.113172
-0.283897 0.113172 -0.283897 0.113172
-0.276871 0.113172 -0.276871 0.113172
-0.269844 0.113172 -0.269844 0.113172
-0.262818 0.113172 -0.262818 0.113172
-0.255791 0.113172 -0.255791 0.113172
-0.248765 0.113172 -0.248765 0.113172
-0.241738 0.113172 -0.241738 0.113172
-0.234712 0.113172 -0.234712 0.113172
-0.227685 0.113172 -0.227685 0.113172
-0.220659 0.113172 -0.220659 0.113172
-0.213632 0.113172 -0.263229 0.149207
-0.206606 0.113172 -0.256178 0.149189
-0.199579 0.113172 -0.249127 0.149171
-0.192553 0.113172 -0.242075 0.149153
-0.185526 0.113172 -0.235024 0.149135
-0.178499 0.113172 -0.227973 0.149118
-0.171473 0.113172 -0.220922 0.149100
-0.164446 0.113172 -0.213871 0.149082
-0.157420 0.113172 -0.206820 0.149064
-0.150393 0.113172 -0.199769 0.149046
-0.143367 0.113172 -0.192718 0.149028
-0.136340 0.113172 -0.185667 0.149010
-0.129314 0.113172 -0.178616 0.148992
-0.122287 0.113172 -0.171565 0.148974
-0.115261 0.113172 -0.164514 0.148957
-0.108234 0.113172 -0.157463 0.148939
-0.101208 0.113172 -0.150412 0.148921
-0.094181 0.113172 -0.143361 0.148903
-0.087155 0.113172 -0.136310 0.148885
-0.080128 0.113172 -0.129259 0.148867
-0.073102 0.113172 -0.122208 0.148850
-0.066075 0.113172 -0.066075 0.113172
-0.059049 0.113172 -0.059049 0.113172
-0.052022 0.113172 -0.052022 0.113172
-0.044996 0.113172 -0.044996 0.113172
-0.037969 0.113172 -0.037969 0.113172
-0.030942 0.113172 -0.030942 0.113172
-0.023916 0.113172 -0.023916 0.113172
-0.016889 0.113172 -0.016889 0.113172
-0.009863 0.113172 -0.009863 0.113172
-0.002836 0.113172 0.015889 0.170804
0.004190 0.113172 0.022919 0.170815
0.011217 0.113172 0.029949 0.170826
0.018243 0.113172 0.036979 0.170837
0.025270 0.113172 0.044009 0.170848
0.032296 0.113172 0.051039 0.170859
0.039323 0.113172 0.058070 0.170870
0.046349 0.113172 0.065100 0.170881
0.053376 0.113172 0.072130 0.170892
0.060402 0.113172 0.079161 0.170903
0.067429 0.113172 0.086191 0.170914
0.074455 0.113172 0.093221 0.170925
0.081482 0.113172 0.100251 0.170936
0.088508 0.113172 0.107281 0.170947
0.095535 0.113172 0.095535 0.113172
0.102561 0.113172 0.102561 0.113172
0.109588 0.113172 0.109588 0.113172
0.116615 0.113172 0.116615 0.113172
0.123641 0.113172 0.123641 0.113172
0.130668 0.113172 0.130668 0.113172
0.137694 0.113172 0.137694 0.113172
0.144721 0.113172 0.144721 0.113172
0.151747 0.113172 0.151747 0.113172
0.158774 0.113172 0.158774 0.113172
0.165800 0.113172 0.165800 0.113172
0.172827 0.113172 0.172827 0.113172
0.179853 0.113172 0.179853 0.113172
0.186880 0.113172 0.186880 0.113172
0.193906 0.113172 0.193906 0.113172
0.200933 0.113172 0.200933 0.113172
0.207959 0.113172 0.207959 0.113172
0.214986 0.113172 0.214986 0.113172
0.222012 0.113172 0.222012 0.113172
0.229039 0.113172 0.229039 0.113172
0.236065 0.113172 0.236065 0.113172
0.243092 0.113172 0.243092 0.113172
0.250118 0.113172 0.250118 0.113172
0.257145 0.113172 0.257145 0.113172
0.264172 0.113172 0.264172 0.113172
0.271198 0.113172 0.271198 0.113172
0.278225 0.113172 0.278225 0.113172
0.285251 0.113172 0.285251 0.113172
0.292278 0.113172 0.292278 0.113172
0.299304 0.113172 0.299304 0.113172
0.306331 0.113172 0.306331 0.113172
0.313357 0.113172 0.313357 0.113172
0.320384 0.113172 0.320384 0.113172
0.327410 0.113172 0.327410 0.113172
0.334437 0.113172 0.334437 0.113172
0.341463 0.113172 0.341463 0.113172
0.348490 0.113172 0.348490 0.113172
0.355516 0.113172 0.355516 0.113172
0.362543 0.113172 0.362543 0.113172
0.369569 0.113172 0.369569 0.113172
0.376596 0.113172 0.376596 0.113172
0.383622 0.113172 0.383622 0.113172
0.390649 0.113172 0.390649 0.113172
0.397676 0.113172 0.397676 0.113172
0.404702 0.113172 0.404702 0.113172
0.411729 0.113172 0.411729 0.113172
0.418755 0.113172 0.418755 0.113172
0.425782 0.113172 0.425782 0.113172
0.432808 0.113172 0.432808 0.113172
0.439835 0.113172 0.439835 0.113172
0.446861 0.113172 0.446861 0.113172
0.453888 0.113172 0.453888 0.113172
0.460914 0.113172 0.460914 0.113172
0.467941 0.113172 0.467941 0.113172
0.474967 0.113172 0.474967 0.113172
0.481994 0.113172 0.481994 0.113172
-0.410375 0.120473 -0.410375 0.120473
-0.403348 0.120473 -0.403348 0.120473
-0.396322 0.120473 -0.396322 0.120473
-0.389295 0.120473 -0.389295 0.120473
-0.382269 0.120473 -0.382269 0.120473
-0.375242 0.120473 -0.375242 0.120473
-0.368216 0.120473 -0.368216 0.120473
-0.361189 0.120473 -0.361189 0.120473
-0.354163 0.120473 -0.354163 0.120473
-0.347136 0.120473 -0.347136 0.120473
-0.340110 0.120473 -0.340110 0.120473
-0.333083 0.120473 -0.333083 0.120473
-0.326057 0.120473 -0.326057 0.120473
-0.319030 0.120473 -0.319030 0.120473
-0.312003 0.120473 -0.312003 0.120473
-0.304977 0.120473 -0.304977 0.120473
-0.297950 0.120473 -0.297950 0.120473
-0.290924 0.120473 -0.290924 0.120473
-0.283897 0.120473 -0.283897 0.120473
-0.276871 0.120473 -0.276871 0.120473
-0.269844 0.120473 -0.269844 0.120473
-0.262818 0.120473 -0.262818 0.120473
-0.255791 0.120473 -0.255791 0.120473
-0.248765 0.120473 -0.248765 0.120473
-0.241738 0.120473 -0.241738 0.120473
-0.234712 0.120473 -0.234712 0.120473
-0.227685 0.120473 -0.227685 0.120473
-0.220659 0.120473 -0.270298 0.156539
-0.213632 0.120473 -0.263247 0.156522
-0.206606 0.120473 -0.256196 0.156504
-0.199579 0.120473 -0.249145 0.156486
-0.192553 0.120473 -0.242094 0.156468
-0.185526 0.120473 -0.235043 0.156450
-0.178499 0.120473 -0.227992 0.156432
-0.171473 0.120473 -0.220941 0.156415
-0.164446 0.120473 -0.213890 0.156396
-0.157420 0.120473 -0.206839 0.156378
-0.150393 0.120473 -0.199788 0.156361
-0.143367 0.120473 -0.192737 0.156343
-0.136340 0.120473 -0.185686 0.156325
-0.129314 0.120473 -0.178635 0.156307
-0.122287 0.120473 -0.171584 0.156289
-0.115261 0.120473 -0.164533 0.156271
-0.108234 0.120473 -0.157482 0.156254
-0.101208 0.120473 -0.150431 0.156236
-0.094181 0.120473 -0.143379 0.156218
-0.087155 0.120473 -0.136328 0.156200
-0.080128 0.120473 -0.129277 0.156182
-0.073102 0.120473 -0.073102 0.120473
-0.066075 0.120473 -0.066075 0.120473
-0.059049 0.120473 -0.059049 0.120473
-0.052022 0.120473 -0.052022 0.120473
-0.044996 0.120473 -0.044996 0.120473
-0.037969 0.120473 -0.037969 0.120473
-0.030942 0.120473 -0.030942 0.120473
-0.023916 0.120473 -0.023916 0.120473
-0.016889 0.120473 -0.016889 0.120473
-0.009863 0.120473 -0.009863 0.120473
-0.002836 0.120473 0.015900 0.178140
0.004190 0.120473 0.022930 0.178151
0.011217 0.120473 0.029961 0.178162
0.018243 0.120473 0.036991 0.178173
0.025270 0.120473 0.044021 0.178185
0.032296 0.120473 0.051051 0.178196
0.039323 0.120473 0.058082 0.178206
0.046349 0.120473 0.065112 0.178217
0.053376 0.120473 0.072142 0.178228
0.060402 0.120473 0.079172 0.178239
0.067429 0.120473 0.086202 0.178250
0.074455 0.120473 0.093232 0.178261
0.081482 0.120473 0.100262 0.178272
0.088508 0.120473 0.107292 0.178283
0.095535 0.120473 0.114323 0.178294
0.102561 0.120473 0.102561 0.120473
0.109588 0.120473 0.109588 0.120473
0.116615 0.120473 0.116615 0.120473
0.123641 0.120473 0.123641 0.120473
0.130668 0.120473 0.130668 0.120473
0.137694 0.120473 0.137694 0.120473
0.144721 0.120473 0.144721 0.120473
0.151747 0.120473 0.151747 0.120473
0.158774 0.120473 0.158774 0.120473
0.165800 0.120473 0.165800 0.120473
0.172827 0.120473 0.172827 0.120473
0.179853 0.120473 0.179853 0.120473
0.186880 0.120473 0.186880 0.120473
0.193906 0.120473 0.193906 0.120473
0.200933 0.120473 0.200933 0.120473
0.207959 0.120473 0.207959 0.120473
0.214986 0.120473 0.214986 0.120473
0.222012 0.120473 0.222012 0.120473
0.229039 0.120473 0.229039 0.120473
0.236065 0.120473 0.236065 0.120473
0.243092 0.120473 0.243092 0.120473
0.250118 0.120473 0.250118 0.120473
0.257145 0.120473 0.257145 0.120473
0.264172 0.120473 0.264172 0.120473
0.271198 0.120473 0.271198 0.120473
0.278225 0.120473 0.278225 0.120473
0.285251 0.120473 0.285251 0.120473
0.292278 0.120473 0.292278 0.120473
0.299304 0.120473 0.299304 0.120473
0.306331 0.120473 0.306331 0.120473
0.313357 0.120473 0.313357 0.120473
0.320384 0.120473 0.320384 0.120473
0.327410 0.120473 0.327410 0.120473
0.334437 0.120473 0.334437 0.120473
0.341463 0.120473 0.341463 0.120473
0.348490 0.120473 0.348490 0.120473
0.355516 0.120473 0.355516 0.120473
0.362543 0.120473 0.362543 0.120473
0.369569 0.120473 0.369569 0.120473
0.376596 0.120473 0.376596 0.120473
0.383622 0.120473 0.383622 0.120473
0.390649 0.120473 0.390649 0.120473
0.397676 0.120473 0.397676 0.120473
0.404702 0.120473 0.404702 0.120473
0.411729 0.120473 0.411729 0.120473
0.418755 0.120473 0.418755 0.120473
0.425782 0.120473 0.425782 0.120473
0.432808 0.120473 0.432808 0.120473
0.439835 0.120473 0.439835 0.120473
0.446861 0.120473 0.446861 0.120473
0.453888 0.120473 0.453888 0.120473
0.460914 0.120473 0.460914 0.120473
0.467941 0.120473 0.467941 0.120473
0.474967 0.120473 0.474967 0.120473
0.481994 0.120473 0.481994 0.120473
-0.410375 0.127775 -0.410375 0.127775
-0.403348 0.127775 -0.403348 0.127775
-0.396322 0.127775 -0.396322 0.127775
-0.389295 0.127775 -0.389295 0.127775
-0.382269 0.127775 -0.382269 0.127775
-0.375242 0.127775 -0.375242 0.127775
-0.368216 0.127775 -0.368216 0.127775
-0.361189 0.127775 -0.361189 0.127775
-0.354163 0.127775 -0.354163 0.127775
-0.347136 0.127775 -0.347136 0.127775
-0.340110 0.127775 -0.340110 0.127775
-0.333083 0.127775 -0.333083 0.127775
-0.326057 0.127775 -0.326057 0.127775
-0.319030 0.127775 -0.319030 0.127775
-0.312003 0.127775 -0.312003 0.127775
-0.304977 0.127775 -0.304977 0.127775
-0.297950 0.127775 -0.297950 0.127775
-0.290924 0.127775 -0.290924 0.127775
-0.283897 0.127775 -0.283897 0.127775
-0.276871 0.127775 -0.276871 0.127775
-0.269844 0.127775 -0.269844 0.127775
-0.262818 0.127775 -0.262818 0.127775
-0.255791 0.127775 -0.255791 0.127775
-0.248765 0.127775 -0.248765 0.127775
-0.241738 0.127775 -0.241738 0.127775
-0.234712 0.127775 -0.234712 0.127775
-0.227685 0.127775 -0.277368 0.163872
-0.220659 0.127775 -0.270317 0.163854
-0.213632 0.127775 -0.263266 0.163836
-0.206606 0.127775 -0.256215 0.163819
-0.199579 0.127775 -0.249164 0.163801
-0.192553 0.127775 -0.242113 0.163783
-0.185526 0.127775 -0.235061 0.163765
-0.178499 0.127775 -0.228010 0.163747
-0.171473 0.127775 -0.220960 0.163729
-0.164446 0.127775 -0.213909 0.163711
-0.157420 0.127775 -0.206858 0.163693
-0.150393 0.127775 -0.199807 0.163675
-0.143367 0.127775 -0.192755 0.163658
-0.136340 0.127775 -0.185704 0.163640
-0.129314 0.127775 -0.178653 0.163622
-0.122287 0.127775 -0.171602 0.163604
-0.115261 0.127775 -0.164551 0.163586
-0.108234 0.127775 -0.157500 0.163569
-0.101208 0.127775 -0.150449 0.163551
-0.094181 0.127775 -0.143398 0.163533
-0.087155 0.127775 -0.136347 0.163515
-0.080128 0.127775 -0.080128 0.127775
-0.073102 0.127775 -0.073102 0.127775
-0.066075 0.127775 -0.066075 0.127775
-0.059049 0.127775 -0.059049 0.127775
-0.052022 0.127775 -0.052022 0.127775
-0.044996 0.127775 -0.044996 0.127775
-0.037969 0.127775 -0.037969 0.127775
-0.030942 0.127775 -0.030942 0.127775
-0.023916 0.127775 -0.023916 0.127775
-0.016889 0.127775 -0.016889 0.127775
-0.009863 0.127775 -0.009863 0.127775
-0.002836 0.127775 0.015912 0.185477
0.004190 0.127775 0.022942 0.185488
0.011217 0.127775 0.029972 0.185499
0.018243 0.127775 0.037002 0.185510
0.025270 0.127775 0.044032 0.185521
0.032296 0.127775 0.051062 0.185532
0.039323 0.127775 0.058092 0.185543
0.046349 0.127775 0.065123 0.185554
0.053376 0.127775 0.072153 0.185565
0.060402 0.127775 0.079183 0.185576
0.067429 0.127775 0.086214 0.185587
0.074455 0.127775 0.093244 0.185598
0.081482 0.127775 0.100274 0.185609
0.088508 0.127775 0.107304 0.185620
0.095535 0.127775 0.114334 0.185631
0.102561 0.127775 0.121364 0.185642
0.109588 0.127775 0.109588 0.127775
0.116615 0.127775 0.116615 0.127775
0.123641 0.127775 0.123641 0.127775
0.130668 0.127775 0.130668 0.127775
0.137694 0.127775 0.137694 0.127775
0.144721 0.127775 0.144721 0.127775
0.151747 0.127775 0.151747 0.127775
0.158774 0.127775 0.158774 0.127775
0.165800 0.127775 0.165800 0.127775
0.172827 0.127775 0.172827 0.127775
0.179853 0.127775 0.179853 0.127775
0.186880 0.127775 0.186880 0.127775
0.193906 0.127775 0.193906 0.127775
0.200933 0.127775 0.200933 0.127775
0.207959 0.127775 0.207959 0.127775
0.214986 0.127775 0.214986 0.127775
0.222012 0.127775 0.222012 0.127775
0.229039 0.127775 0.229039 0.127775
0.236065 0.127775 0.236065 0.127775
0.243092 0.127775 0.243092 0.127775
0.250118 0.127775 0.250118 0.127775
0.257145 0.127775 0.257145 0.127775
0.264172 0.127775 0.264172 0.127775
0.271198 0.127775 0.271198 0.127775
0.278225 0.127775 0.278225 0.127775
0.285251 0.127775 0.285251 0.127775
0.292278 0.127775 0.292278 0.127775
0.299304 0.127775 0.299304 0.127775
0.306331 0.127775 0.306331 0.127775
0.313357 0.127775 0.313357 0.127775
0.320384 0.127775 0.320384 0.127775
0.327410 0.127775 0.327410 0.127775
0.334437 0.127775 0.334437 0.127775
0.341463 0.127775 0.341463 0.127775
0.348490 0.127775 0.348490 0.127775
0.355516 0.127775 0.355516 0.127775
0.362543 0.127775 0.362543 0.127775
0.369569 0.127775 0.369569 0.127775
0.376596 0.127775 0.376596 0.127775
0.383622 0.127775 0.383622 0.127775
0.390649 0.127775 0.390649 0.127775
0.397676 0.127775 0.397676 0.127775
0.404702 0.127775 0.404702 0.127775
0.411729 0.127775 0.411729 0.127775
0.418755 0.127775 0.418755 0.127775
0.425782 0.127775 0.425782 0.127775
0.432808 0.127775 0.432808 0.127775
0.439835 0.127775 0.439835 0.127775
0.446861 0.127775 0.446861 0.127775
0.453888 0.127775 0.453888 0.127775
0.460914 0.127775 0.460914 0.127775
0.467941 0.127775 0.467941 0.127775
0.474967 0.127775 0.474967 0.127775
0.481994 0.127775 0.481994 0.127775
-0.410375 0.135076 -0.410375 0.135076
-0.403348 0.135076 -0.403348 0.135076
-0.396322 0.135076 -0.396322 0.135076
-0.389295 0.135076 -0.389295 0.135076
-0.382269 0.135076 -0.382269 0.135076
-0.375242 0.135076 -0.375242 0.135076
-0.368216 0.135076 -0.368216 0.135076
-0.361189 0.135076 -0.361189 0.135076
-0.354163 0.135076 -0.354163 0.135076
-0.347136 0.135076 -0.347136 0.135076
-0.340110 0.135076 -0.340110 0.135076
-0.333083 0.135076 -0.333083 0.135076
-0.326057 0.135076 -0.326057 0.135076
-0.319030 0.135076 -0.319030 0.135076
-0.312003 0.135076 -0.312003 0.135076
-0.304977 0.135076 -0.304977 0.135076
-0.297950 0.135076 -0.297950 0.135076
-0.290924 0.135076 -0.290924 0.135076
-0.283897 0.135076 -0.283897 0.135076
-0.276871 0.135076 -0.276871 0.135076
-0.269844 0.135076 -0.269844 0.135076
-0.262818 0.135076 -0.262818 0.135076
-0.255791 0.135076 -0.255791 0.135076
-0.248765 0.135076 -0.248765 0.135076
-0.241738 0.135076 -0.241738 0.135076
-0.234712 0.135076 -0.234712 0.135076
-0.227685 0.135076 -0.277386 0.171187
-0.220659 0.135076 -0.270335 0.171169
-0.213632 0.135076 -0.263284 0.171151
-0.206606 0.135076 -0.256233 0.171134
-0.199579 0.135076 -0.249182 0.171116
-0.192553 0.135076 -0.242131 0.171098
-0.185526 0.135076 -0.235080 0.171079
-0.178499 0.135076 -0.228029 0.171062
-0.171473 0.135076 -0.220978 0.171044
-0.164446 0.135076 -0.213927 0.171026
-0.157420 0.135076 -0.206876 0.171008
-0.150393 0.135076 -0.199825 0.170990
-0.143367 0.135076 -0.192774 0.170973
-0.136340 0.135076 -0.185723 0.170955
-0.129314 0.135076 -0.178672 0.170937
-0.122287 0.135076 -0.171621 0.170919
-0.115261 0.135076 -0.164570 0.170901
-0.108234 0.135076 -0.157519 0.170883
-0.101208 0.135076 -0.150468 0.170866
-0.094181 0.135076 -0.143417 0.170848
-0.087155 0.135076 -0.136365 0.170830
-0.080128 0.135076 -0.080128 0.135076
-0.073102 0.135076 -0.073102 0.135076
-0.066075 0.135076 -0.066075 0.135076
-0.059049 0.135076 -0.059049 0.135076
-0.052022 0.135076 -0.052022 0.135076
-0.044996 0.135076 -0.044996 0.135076
-0.037969 0.135076 -0.037969 0.135076
-0.030942 0.135076 -0.030942 0.135076
-0.023916 0.135076 -0.023916 0.135076
-0.016889 0.135076 -0.016889 0.135076
-0.009863 0.135076 -0.009863 0.135076
-0.002836 0.135076 0.015923 0.192814
0.004190 0.135076 0.022953 0.192825
0.011217 0.135076 0.029983 0.192836
0.018243 0.135076 0.037014 0.192847
0.025270 0.135076 0.044044 0.192858
0.032296 0.135076 0.051074 0.192869
0.039323 0.135076 0.058104 0.192880
0.046349 0.135076 0.065135 0.192891
0.053376 0.135076 0.072165 0.192902
0.060402 0.135076 0.079195 0.192913
0.067429 0.135076 0.086225 0.192924
0.074455 0.135076 0.093255 0.192935
0.081482 0.135076 0.100285 0.192946
0.088508 0.135076 0.107315 0.192957
0.095535 0.135076 0.114345 0.192968
0.102561 0.135076 0.121376 0.192979
0.109588 0.135076 0.109588 0.135076
0.116615 0.135076 0.116615 0.135076
0.123641 0.135076 0.123641 0.135076
0.130668 0.135076 0.130668 0.135076
0.137694 0.135076 0.137694 0.135076
0.144721 0.135076 0.144721 0.135076
0.151747 0.135076 0.151747 0.135076
0.158774 0.135076 0.158774 0.135076
0.165800 0.135076 0.165800 0.135076
0.172827 0.135076 0.172827 0.135076
0.179853 0.135076 0.179853 0.135076
0.186880 0.135076 0.186880 0.135076
0.193906 0.135076 0.193906 0.135076
0.200933 0.135076 0.200933 0.135076
0.207959 0.135076 0.207959 0.135076
0.214986 0.135076 0.214986 0.135076
0.222012 0.135076 0.222012 0.135076
0.229039 0.135076 0.229039 0.135076
0.236065 0.135076 0.236065 0.135076
0.243092 0.135076 0.243092 0.135076
0.250118 0.135076 0.250118 0.135076
0.257145 0.135076 0.257145 0.135076
0.264172 0.135076 0.264172 0.135076
0.271198 0.135076 0.271198 0.135076
0.278225 0.135076 0.278225 0.135076
0.285251 0.135076 0.285251 0.135076
0.292278 0.135076 0.292278 0.135076
0.299304 0.135076 0.299304 0.135076
0.306331 0.135076 0.306331 0.135076
0.313357 0.135076 0.313357 0.135076
0.320384 0.135076 0.320384 0.135076
0.327410 0.135076 0.327410 0.135076
0.334437 0.135076 0.334437 0.135076
0.341463 0.135076 0.341463 0.135076
0.348490 0.135076 0.348490 0.135076
0.355516 0.135076 0.355516 0.135076
0.362543 0.135076 0.362543 0.135076
0.369569 0.135076 0.369569 0.135076
0.376596 0.135076 0.376596 0.135076
0.383622 0.135076 0.383622 0.135076
0.390649 0.135076 0.390649 0.135076
0.397676 0.135076 0.397676 0.135076
0.404702 0.135076 0.404702 0.135076
0.411729 0.135076 0.411729 0.135076
0.418755 0.135076 0.418755 0.135076
0.425782 0.135076 0.425782 0.135076
0.432808 0.135076 0.432808 0.135076
0.439835 0.135076 0.439835 0.135076
0.446861 0.135076 0.446861 0.135076
0.453888 0.135076 0.453888 0.135076
0.460914 0.135076 0.460914 0.135076
0.467941 0.135076 0.467941 0.135076
0.474967 0.135076 0.474967 0.135076
0.481994 0.135076 0.481994 0.135076
-0.410375 0.142378 -0.410375 0.142378
-0.403348 0.142378 -0.403348 0.142378
-0.396322 0.142378 -0.396322 0.142378
-0.389295 0.142378 -0.389295 0.142378
-0.382269 0.142378 -0.382269 0.142378
-0.375242 0.142378 -0.375242 0.142378
-0.368216 0.142378 -0.368216 0.142378
-0.361189 0.142378 -0.361189 0.142378
-0.354163 0.142378 -0.354163 0.142378
-0.347136 0.142378 -0.347136 0.142378
-0.340110 0.142378 -0.340110 0.142378
-0.333083 0.142378 -0.333083 0.142378
-0.326057 0.142378 -0.326057 0.142378
-0.319030 0.142378 -0.319030 0.142378
-0.312003 0.142378 -0.312003 0.142378
-0.304977 0.142378 -0.304977 0.142378
-0.297950 0.142378 -0.297950 0.142378
-0.290924 0.142378 -0.290924 0.142378
-0.283897 0.142378 -0.283897 0.142378
-0.276871 0.142378 -0.276871 0.142378
-0.269844 0.142378 -0.269844 0.142378
-0.262818 0.142378 -0.262818 0.142378
-0.255791 0.142378 -0.255791 0.142378
-0.248765 0.142378 -0.248765 0.142378
-0.241738 0.142378 -0.241738 0.142378
-0.234712 0.142378 -0.284456 0.178520
-0.227685 0.142378 -0.277405 0.178502
-0.220659 0.142378 -0.270354 0.178484
-0.213632 0.142378 -0.263303 0.178466
-0.206606 0.142378 -0.256252 0.178448
-0.199579 0.142378 -0.249201 0.178431
-0.192553 0.142378 -0.242150 0.178412
-0.185526 0.142378 -0.235099 0.178394
-0.178499 0.142378 -0.228048 0.178377
-0.171473 0.142378 -0.220997 0.178359
-0.164446 0.142378 -0.213946 0.178341
-0.157420 0.142378 -0.206895 0.178323
-0.150393 0.142378 -0.199844 0.178305
-0.143367 0.142378 -0.192792 0.178287
-0.136340 0.142378 -0.185741 0.178270
-0.129314 0.142378 -0.178690 0.178252
-0.122287 0.142378 -0.171639 0.178234
-0.115261 0.142378 -0.164588 0.178216
-0.108234 0.142378 -0.157537 0.178198
-0.101208 0.142378 -0.150486 0.178180
-0.094181 0.142378 -0.094181 0.142378
-0.087155 0.142378 -0.087155 0.142378
-0.080128 0.142378 -0.080128 0.142378
-0.073102 0.142378 -0.073102 0.142378
-0.066075 0.142378 -0.066075 0.142378
-0.059049 0.142378 -0.059049 0.142378
-0.052022 0.142378 -0.052022 0.142378
-0.044996 0.142378 -0.044996 0.142378
-0.037969 0.142378 -0.037969 0.142378
-0.030942 0.142378 -0.030942 0.142378
-0.023916 0.142378 -0.023916 0.142378
-0.016889 0.142378 -0.016889 0.142378
-0.009863 0.142378 -0.009863 0.142378
-0.002836 0.142378 0.015935 0.200150
0.004190 0.142378 0.022965 0.200161
0.011217 0.142378 0.029995 0.200172
0.018243 0.142378 0.037025 0.200183
0.025270 0.142378 0.044055 0.200194
0.032296 0.142378 0.051085 0.200205
0.039323 0.142378 0.058115 0.200217
0.046349 0.142378 0.065146 0.200227
0.053376 0.142378 0.072176 0.200238
0.060402 0.142378 0.079206 0.200249
0.067429 0.142378 0.086236 0.200260
0.074455 0.142378 0.093267 0.200271
0.081482 0.142378 0.100297 0.200282
0.088508 0.142378 0.107327 0.200293
0.095535 0.142378 0.114357 0.200304
0.102561 0.142378 0.121387 0.200315
0.109588 0.142378 0.109588 0.142378
0.116615 0.142378 0.116615 0.142378
0.123641 0.142378 0.123641 0.142378
0.130668 0.142378 0.130668 0.142378
0.137694 0.142378 0.137694 0.142378
0.144721 0.142378 0.144721 0.142378
0.151747 0.142378 0.151747 0.142378
0.158774 0.142378 0.158774 0.142378
0.165800 0.142378 0.165800 0.142378
0.172827 0.142378 0.172827 0.142378
0.179853 0.142378 0.179853 0.142378
0.186880 0.142378 0.186880 0.142378
0.193906 0.142378 0.193906 0.142378
0.200933 0.142378 0.200933 0.142378
0.207959 0.142378 0.207959 0.142378
0.214986 0.142378 0.214986 0.142378
0.222012 0.142378 0.222012 0.142378
0.229039 0.142378 0.229039 0.142378
0.236065 0.142378 0.236065 0.142378
0.243092 0.142378 0.243092 0.142378
0.250118 0.142378 0.250118 0.142378
0.257145 0.142378 0.257145 0.142378
0.264172 0.142378 0.264172 0.142378
0.271198 0.142378 0.271198 0.142378
0.278225 0.142378 0.278225 0.142378
0.285251 0.142378 0.285251 0.142378
0.292278 0.142378 0.292278 0.142378
0.299304 0.142378 0.299304 0.142378
0.306331 0.142378 0.306331 0.142378
0.313357 0.142378 0.313357 0.142378
0.320384 0.142378 0.320384 0.142378
0.327410 0.142378 0.327410 0.142378
0.334437 0.142378 0.334437 0.142378
0.341463 0.142378 0.341463 0.142378
0.348490 0.142378 0.348490 0.142378
0.355516 0.142378 0.355516 0.142378
0.362543 0.142378 0.362543 0.142378
0.369569 0.142378 0.369569 0.142378
0.376596 0.142378 0.376596 0.142378
0.383622 0.142378 0.383622 0.142378
0.390649 0.142378 0.390649 0.142378
0.397676 0.142378 0.397676 0.142378
0.404702 0.142378 0.404702 0.142378
0.411729 0.142378 0.411729 0.142378
0.418755 0.142378 0.418755 0.142378
0.425782 0.142378 0.425782 0.142378
0.432808 0.142378 0.432808 0.142378
0.439835 0.142378 0.439835 0.142378
0.446861 0.142378 0.446861 0.142378
0.453888 0.142378 0.453888 0.142378
0.460914 0.142378 0.460914 0.142378
0.467941 0.142378 0.467941 0.142378
0.474967 0.142378 0.474967 0.142378
0.481994 0.142378 0.481994 0.142378
-0.410375 0.149679 -0.410375 0.149679
-0.403348 0.149679 -0.403348 0.149679
-0.396322 0.149679 -0.396322 0.149679
-0.389295 0.149679 -0.389295 0.149679
-0.382269 0.149679 -0.382269 0.149679
-0.375242 0.149679 -0.375242 0.149679
-0.368216 0.149679 -0.368216 0.149679
-0.361189 0.149679 -0.361189 0.149679
-0.354163 0.149679 -0.354163 0.149679
-0.347136 0.149679 -0.347136 0.149679
-0.340110 0.149679 -0.340110 0.149679
-0.333083 0.149679 -0.333083 0.149679
-0.326057 0.149679 -0.326057 0.149679
-0.319030 0.149679 -0.319030 0.149679
-0.312003 0.149679 -0.312003 0.149679
-0.304977 0.149679 -0.304977 0.149679
-0.297950 0.149679 -0.297950 0.149679
-0.290924 0.149679 -0.290924 0.149679
-0.283897 0.149679 -0.283897 0.149679
-0.276871 0.149679 -0.276871 0.149679
-0.269844 0.149679 -0.269844 0.149679
-0.262818 0.149679 -0.262818 0.149679
-0.255791 0.149679 -0.255791 0.149679
-0.248765 0.149679 -0.248765 0.149679
-0.241738 0.149679 -0.291526 0.185852
-0.234712 0.149679 -0.284474 0.185835
-0.227685 0.149679 -0.277423 0.185817
-0.220659 0.149679 -0.270372 0.185799
-0.213632 0.149679 -0.263321 0.185781
-0.206606 0.149679 -0.256270 0.185763
-0.199579 0.149679 -0.249220 0.185745
-0.192553 0.149679 -0.242168 0.185727
-0.185526 0.149679 -0.235117 0.185709
-0.178499 0.149679 -0.228066 0.185691
-0.171473 0.149679 -0.221015 0.185674
-0.164446 0.149679 -0.213964 0.185656
-0.157420 0.149679 -0.206913 0.185638
-0.150393 0.149679 -0.199862 0.185620
-0.143367 0.149679 -0.192811 0.185602
-0.136340 0.149679 -0.185760 0.185584
-0.129314 0.149679 -0.178709 0.185567
-0.122287 0.149679 -0.171658 0.185549
-0.115261 0.149679 -0.115261 0.149679
-0.108234 0.149679 -0.108234 0.149679
-0.101208 0.149679 -0.101208 0.149679
-0.094181 0.149679 -0.094181 0.149679
-0.087155 0.149679 -0.087155 0.149679
-0.080128 0.149679 -0.080128 0.149679
-0.073102 0.149679 -0.073102 0.149679
-0.066075 0.149679 -0.066075 0.149679
-0.059049 0.149679 -0.059049 0.149679
-0.052022 0.149679 -0.052022 0.149679
-0.044996 0.149679 -0.044996 0.149679
-0.037969 0.149679 -0.037969 0.149679
-0.030942 0.149679 -0.030942 0.149679
-0.023916 0.149679 -0.023916 0.149679
-0.016889 0.149679 -0.016889 0.149679
-0.009863 0.149679 0.008916 0.207476
-0.002836 0.149679 0.015946 0.207487
0.004190 0.149679 0.022976 0.207498
0.011217 0.149679 0.030006 0.207509
0.018243 0.149679 0.037036 0.207520
0.025270 0.149679 0.044067 0.207531
0.032296 0.149679 0.051097 0.207542
0.039323 0.149679 0.058127 0.207553
0.046349 0.149679 0.065157 0.207564
0.053376 0.149679 0.072188 0.207575
0.060402 0.149679 0.079218 0.207586
0.067429 0.149679 0.086248 0.207597
0.074455 0.149679 0.093278 0.207608
0.081482 0.149679 0.100308 0.207619
0.088508 0.149679 0.107338 0.207630
0.095535 0.149679 0.114368 0.207641
0.102561 0.149679 0.121398 0.207652
0.109588 0.149679 0.109588 0.149679
0.116615 0.149679 0.116615 0.149679
0.123641 0.149679 0.123641 0.149679
0.130668 0.149679 0.130668 0.149679
0.137694 0.149679 0.137694 0.149679
0.144721 0.149679 0.144721 0.149679
0.151747 0.149679 0.151747 0.149679
0.158774 0.149679 0.158774 0.149679
0.165800 0.149679 0.165800 0.149679
0.172827 0.149679 0.172827 0.149679
0.179853 0.149679 0.179853 0.149679
0.186880 0.149679 0.186880 0.149679
0.193906 0.149679 0.193906 0.149679
0.200933 0.149679 0.200933 0.149679
0.207959 0.149679 0.207959 0.149679
0.214986 0.149679 0.214986 0.149679
0.222012 0.149679 0.222012 0.149679
0.229039 0.149679 0.229039 0.149679
0.236065 0.149679 0.236065 0.149679
0.243092 0.149679 0.243092 0.149679
0.250118 0.149679 0.250118 0.149679
0.257145 0.149679 0.257145 0.149679
0.264172 0.149679 0.264172 0.149679
0.271198 0.149679 0.271198 0.149679
0.278225 0.149679 0.278225 0.149679
0.285251 0.149679 0.285251 0.149679
0.292278 0.149679 0.292278 0.149679
0.299304 0.149679 0.299304 0.149679
0.306331 0.149679 0.306331 0.149679
0.313357 0.149679 0.313357 0.149679
0.320384 0.149679 0.320384 0.149679
0.327410 0.149679 0.327410 0.149679
0.334437 0.149679 0.334437 0.149679
0.341463 0.149679 0.341463 0.149679
0.348490 0.149679 0.348490 0.149679
0.355516 0.149679 0.355516 0.149679
0.362543 0.149679 0.362543 0.149679
0.369569 0.149679 0.369569 0.149679
0.376596 0.149679 0.376596 0.149679
0.383622 0.149679 0.383622 0.149679
0.390649 0.149679 0.390649 0.149679
0.397676 0.149679 0.397676 0.149679
0.404702 0.149679 0.404702 0.149679
0.411729 0.149679 0.411729 0.149679
0.418755 0.149679 0.418755 0.149679
0.425782 0.149679 0.425782 0.149679
0.432808 0.149679 0.432808 0.149679
0.439835 0.149679 0.439835 0.149679
0.446861 0.149679 0.446861 0.149679
0.453888 0.149679 0.453888 0.149679
0.460914 0.149679 0.460914 0.149679
0.467941 0.149679 0.467941 0.149679
0.474967 0.149679 0.474967 0.149679
0.481994 0.149679 0.481994 0.149679
-0.410375 0.156980 -0.410375 0.156980
-0.403348 0.156980 -0.403348 0.156980
-0.396322 0.156980 -0.396322 0.156980
-0.389295 0.156980 -0.389295 0.156980
-0.382269 0.156980 -0.382269 0.156980
-0.375242 0.156980 -0.375242 0.156980
-0.368216 0.156980 -0.368216 0.156980
-0.361189 0.156980 -0.361189 0.156980
-0.354163 0.156980 -0.354163 0.156980
-0.347136 0.156980 -0.347136 0.156980
-0.340110 0.156980 -0.340110 0.156980
-0.333083 0.156980 -0.333083 0.156980
-0.326057 0.156980 -0.326057 0.156980
-0.319030 0.156980 -0.319030 0.156980
-0.312003 0.156980 -0.312003 0.156980
-0.304977 0.156980 -0.304977 0.156980
-0.297950 0.156980 -0.297950 0.156980
-0.290924 0.156980 -0.290924 0.156980
-0.283897 0.156980 -0.283897 0.156980
-0.276871 0.156980 -0.276871 0.156980
-0.269844 0.156980 -0.269844 0.156980
-0.262818 0.156980 -0.262818 0.156980
-0.255791 0.156980 -0.255791 0.156980
-0.248765 0.156980 -0.298595 0.193185
-0.241738 0.156980 -0.291544 0.193167
-0.234712 0.156980 -0.284493 0.193149
-0.227685 0.156980 -0.277442 0.193132
-0.220659 0.156980 -0.270391 0.193114
-0.213632 0.156980 -0.263340 0.193095
-0.206606 0.156980 -0.256289 0.193078
-0.199579 0.156980 -0.249238 0.193060
-0.192553 0.156980 -0.242187 0.193042
-0.185526 0.156980 -0.235136 0.193024
-0.178499 0.156980 -0.228085 0.193006
-0.171473 0.156980 -0.221034 0.192988
-0.164446 0.156980 -0.213983 0.192971
-0.157420 0.156980 -0.206932 0.192953
-0.150393 0.156980 -0.199881 0.192935
-0.143367 0.156980 -0.192830 0.192917
-0.136340 0.156980 -0.136340 0.156980
-0.129314 0.156980 -0.129314 0.156980
-0.122287 0.156980 -0.122287 0.156980
-0.115261 0.156980 -0.115261 0.156980
-0.108234 0.156980 -0.108234 0.156980
-0.101208 0.156980 -0.101208 0.156980
-0.094181 0.156980 -0.094181 0.156980
-0.087155 0.156980 -0.087155 0.156980
-0.080128 0.156980 -0.080128 0.156980
-0.073102 0.156980 -0.073102 0.156980
-0.066075 0.156980 -0.066075 0.156980
-0.059049 0.156980 -0.059049 0.156980
-0.052022 0.156980 -0.052022 0.156980
-0.044996 0.156980 -0.044996 0.156980
-0.037969 0.156980 -0.037969 0.156980
-0.030942 0.156980 -0.030942 0.156980
-0.023916 0.156980 -0.023916 0.156980
-0.016889 0.156980 -0.016889 0.156980
-0.009863 0.156980 0.008928 0.214813
-0.002836 0.156980 0.015958 0.214824
0.004190 0.156980 0.022988 0.214835
0.011217 0.156980 0.030018 0.214846
0.018243 0.156980 0.037048 0.214857
0.025270 0.156980 0.044078 0.214868
0.032296 0.156980 0.051108 0.214879
0.039323 0.156980 0.058138 0.214890
0.046349 0.156980 0.065168 0.214901
0.053376 0.156980 0.072199 0.214912
0.060402 0.156980 0.079229 0.214923
0.067429 0.156980 0.086259 0.214934
0.074455 0.156980 0.093289 0.214945
0.081482 0.156980 0.100320 0.214956
0.088508 0.156980 0.107350 0.214967
0.095535 0.156980 0.114380 0.214978
0.102561 0.156980 0.121410 0.214989
0.109588 0.156980 0.109588 0.156980
0.116615 0.156980 0.116615 0.156980
0.123641 0.156980 0.123641 0.156980
0.130668 0.156980 0.130668 0.156980
0.137694 0.156980 0.137694 0.156980
0.144721 0.156980 0.144721 0.156980
0.151747 0.156980 0.151747 0.156980
0.158774 0.156980 0.158774 0.156980
0.165800 0.156980 0.165800 0.156980
0.172827 0.156980 0.172827 0.156980
0.179853 0.156980 0.179853 0.156980
0.186880 0.156980 0.186880 0.156980
0.193906 0.156980 0.193906 0.156980
0.200933 0.156980 0.200933 0.156980
0.207959 0.156980 0.207959 0.156980
0.214986 0.156980 0.214986 0.156980
0.222012 0.156980 0.222012 0.156980
0.229039 0.156980 0.229039 0.156980
0.236065 0.156980 0.236065 0.156980
0.243092 0.156980 0.243092 0.156980
0.250118 0.156980 0.250118 0.156980
0.257145 0.156980 0.257145 0.156980
0.264172 0.156980 0.264172 0.156980
0.271198 0.156980 0.271198 0.156980
0.278225 0.156980 0.278225 0.156980
0.285251 0.156980 0.285251 0.156980
0.292278 0.156980 0.292278 0.156980
0.299304 0.156980 0.299304 0.156980
0.306331 0.156980 0.306331 0.156980
0.313357 0.156980 0.313357 0.156980
0.320384 0.156980 0.320384 0.156980
0.327410 0.156980 0.327410 0.156980
0.334437 0.156980 0.334437 0.156980
0.341463 0.156980 0.341463 0.156980
0.348490 0.156980 0.348490 0.156980
0.355516 0.156980 0.355516 0.156980
0.362543 0.156980 0.362543 0.156980
0.369569 0.156980 0.369569 0.156980
0.376596 0.156980 0.376596 0.156980
0.383622 0.156980 0.383622 0.156980
0.390649 0.156980 0.390649 0.156980
0.397676 0.156980 0.397676 0.156980
0.404702 0.156980 0.404702 0.156980
0.411729 0.156980 0.411729 0.156980
0.418755 0.156980 0.418755 0.156980
0.425782 0.156980 0.425782 0.156980
0.432808 0.156980 0.432808 0.156980
0.439835 0.156980 0.439835 0.156980
0.446861 0.156980 0.446861 0.156980
0.453888 0.156980 0.453888 0.156980
0.460914 0.156980 0.460914 0.156980
0.467941 0.156980 0.467941 0.156980
0.474967 0.156980 0.474967 0.156980
0.481994 0.156980 0.481994 0.156980
-0.410375 0.164282 -0.410375 0.164282
-0.403348 0.164282 -0.403348 0.164282
-0.396322 0.164282 -0.396322 0.164282
-0.389295 0.164282 -0.389295 0.164282
-0.382269 0.164282 -0.382269 0.164282
-0.375242 0.164282 -0.375242 0.164282
-0.368216 0.164282 -0.368216 0.164282
-0.361189 0.164282 -0.361189 0.164282
-0.354163 0.164282 -0.354163 0.164282
-0.347136 0.164282 -0.347136 0.164282
-0.340110 0.164282 -0.340110 0.164282
-0.333083 0.164282 -0.333083 0.164282
-0.326057 0.164282 -0.326057 0.164282
-0.319030 0.164282 -0.319030 0.164282
-0.312003 0.164282 -0.312003 0.164282
-0.304977 0.164282 -0.304977 0.164282
-0.297950 0.164282 -0.297950 0.164282
-0.290924 0.164282 -0.290924 0.164282
-0.283897 0.164282 -0.283897 0.164282
-0.276871 0.164282 -0.276871 0.164282
-0.269844 0.164282 -0.269844 0.164282
-0.262818 0.164282 -0.262818 0.164282
-0.255791 0.164282 -0.305665 0.200518
-0.248765 0.164282 -0.298614 0.200500
-0.241738 0.164282 -0.291563 0.200482
-0.234712 0.164282 -0.284512 0.200464
-0.227685 0.164282 -0.277460 0.200446
-0.220659 0.164282 -0.270410 0.200428
-0.213632 0.164282 -0.263359 0.200410
-0.206606 0.164282 -0.256308 0.200392
-0.199579 0.164282 -0.249257 0.200375
-0.192553 0.164282 -0.242206 0.200357
-0.185526 0.164282 -0.235154 0.200339
-0.178499 0.164282 -0.228103 0.200321
-0.171473 0.164282 -0.221052 0.200303
-0.164446 0.164282 -0.214001 0.200286
-0.157420 0.164282 -0.157420 0.164282
-0.150393 0.164282 -0.150393 0.164282
-0.143367 0.164282 -0.143367 0.164282
-0.136340 0.164282 -0.136340 0.164282
-0.129314 0.164282 -0.129314 0.164282
-0.122287 0.164282 -0.122287 0.164282
-0.115261 0.164282 -0.115261 0.164282
-0.108234 0.164282 -0.108234 0.164282
-0.101208 0.164282 -0.101208 0.164282
-0.094181 0.164282 -0.094181 0.164282
-0.087155 0.164282 -0.087155 0.164282
-0.080128 0.164282 -0.080128 0.164282
-0.073102 0.164282 -0.073102 0.164282
-0.066075 0.164282 -0.066075 0.164282
-0.059049 0.164282 -0.059049 0.164282
-0.052022 0.164282 -0.052022 0.164282
-0.044996 0.164282 -0.044996 0.164282
-0.037969 0.164282 -0.037969 0.164282
-0.030942 0.164282 -0.030942 0.164282
-0.023916 0.164282 -0.023916 0.164282
-0.016889 0.164282 -0.016889 0.164282
-0.009863 0.164282 -0.009863 0.164282
-0.002836 0.164282 0.015969 0.222160
0.004190 0.164282 0.022999 0.222171
0.011217 0.164282 0.030029 0.222182
0.018243 0.164282 0.037059 0.222193
0.025270 0.164282 0.044089 0.222204
0.032296 0.164282 0.051120 0.222215
0.039323 0.164282 0.058150 0.222226
0.046349 0.164282 0.065180 0.222237
0.053376 0.164282 0.072210 0.222249
0.060402 0.164282 0.079241 0.222259
0.067429 0.164282 0.086271 0.222270
0.074455 0.164282 0.093301 0.222281
0.081482 0.164282 0.100331 0.222292
0.088508 0.164282 0.107361 0.222303
0.095535 0.164282 0.114391 0.222314
0.102561 0.164282 0.121421 0.222325
0.109588 0.164282 0.109588 0.164282
0.116615 0.164282 0.116615 0.164282
0.123641 0.164282 0.123641 0.164282
0.130668 0.164282 0.130668 0.164282
0.137694 0.164282 0.137694 0.164282
0.144721 0.164282 0.144721 0.164282
0.151747 0.164282 0.151747 0.164282
0.158774 0.164282 0.158774 0.164282
0.165800 0.164282 0.165800 0.164282
0.172827 0.164282 0.172827 0.164282
0.179853 0.164282 0.179853 0.164282
0.186880 0.164282 0.186880 0.164282
0.193906 0.164282 0.193906 0.164282
0.200933 0.164282 0.200933 0.164282
0.207959 0.164282 0.207959 0.164282
0.214986 0.164282 0.214986 0.164282
0.222012 0.164282 0.222012 0.164282
0.229039 0.164282 0.229039 0.164282
0.236065 0.164282 0.236065 0.164282
0.243092 0.164282 0.243092 0.164282
0.250118 0.164282 0.250118 0.164282
0.257145 0.164282 0.257145 0.164282
0.264172 0.164282 0.264172 0.164282
0.271198 0.164282 0.271198 0.164282
0.278225 0.164282 0.278225 0.164282
0.285251 0.164282 0.285251 0.164282
0.292278 0.164282 0.292278 0.164282
0.299304 0.164282 0.299304 0.164282
0.306331 0.164282 0.306331 0.164282
0.313357 0.164282 0.313357 0.164282
0.320384 0.164282 0.320384 0.164282
0.327410 0.164282 0.327410 0.164282
0.334437 0.164282 0.334437 0.164282
0.341463 0.164282 0.341463 0.164282
0.348490 0.164282 0.348490 0.164282
0.355516 0.164282 0.355516 0.164282
0.362543 0.164282 0.362543 0.164282
0.369569 0.164282 0.369569 0.164282
0.376596 0.164282 0.376596 0.164282
0.383622 0.164282 0.383622 0.164282
0.390649 0.164282 0.390649 0.164282
0.397676 0.164282 0.397676 0.164282
0.404702 0.164282 0.404702 0.164282
0.411729 0.164282 0.411729 0.164282
0.418755 0.164282 0.418755 0.164282
0.425782 0.164282 0.425782 0.164282
0.432808 0.164282 0.432808 0.164282
0.439835 0.164282 0.439835 0.164282
0.446861 0.164282 0.446861 0.164282
0.453888 0.164282 0.453888 0.164282
0.460914 0.164282 0.460914 0.164282
0.467941 0.164282 0.467941 0.164282
0.474967 0.164282 0.474967 0.164282
0.481994 0.164282 0.481994 0.164282
-0.410375 0.171583 -0.410375 0.171583
-0.403348 0.171583 -0.403348 0.171583
-0.396322 0.171583 -0.396322 0.171583
-0.389295 0.171583 -0.389295 0.171583
-0.382269 0.171583 -0.382269 0.171583
-0.375242 0.171583 -0.375242 0.171583
-0.368216 0.171583 -0.368216 0.171583
-0.361189 0.171583 -0.361189 0.171583
-0.354163 0.171583 -0.354163 0.171583
-0.347136 0.171583 -0.347136 0.171583
-0.340110 0.171583 -0.340110 0.171583
-0.333083 0.171583 -0.333083 0.171583
-0.326057 0.171583 -0.326057 0.171583
-0.319030 0.171583 -0.319030 0.171583
-0.312003 0.171583 -0.312003 0.171583
-0.304977 0.171583 -0.304977 0.171583
-0.297950 0.171583 -0.297950 0.171583
-0.290924 0.171583 -0.290924 0.171583
-0.283897 0.171583 -0.283897 0.171583
-0.276871 0.171583 -0.276871 0.171583
-0.269844 0.171583 -0.269844 0.171583
-0.262818 0.171583 -0.312734 0.207851
-0.255791 0.171583 -0.305683 0.207833
-0.248765 0.171583 -0.298632 0.207815
-0.241738 0.171583 -0.291581 0.207797
-0.234712 0.171583 -0.284530 0.207779
-0.227685 0.171583 -0.277479 0.207761
-0.220659 0.171583 -0.270428 0.207743
-0.213632 0.171583 -0.263377 0.207725
-0.206606 0.171583 -0.256326 0.207707
-0.199579 0.171583 -0.249275 0.207690
-0.192553 0.171583 -0.242224 0.207672
-0.185526 0.171583 -0.235173 0.207654
-0.178499 0.171583 -0.228122 0.207636
-0.171473 0.171583 -0.171473 0.171583
-0.164446 0.171583 -0.164446 0.171583
-0.157420 0.171583 -0.157420 0.171583
-0.150393 0.171583 -0.150393 0.171583
-0.143367 0.171583 -0.143367 0.171583
-0.136340 0.171583 -0.136340 0.171583
-0.129314 0.171583 -0.129314 0.171583
-0.122287 0.171583 -0.122287 0.171583
-0.115261 0.171583 -0.115261 0.171583
-0.108234 0.171583 -0.108234 0.171583
-0.101208 0.171583 -0.101208 0.171583
-0.094181 0.171583 -0.094181 0.171583
-0.087155 0.171583 -0.087155 0.171583
-0.080128 0.171583 -0.080128 0.171583
-0.073102 0.171583 -0.073102 0.171583
-0.066075 0.171583 -0.066075 0.171583
-0.059049 0.171583 -0.059049 0.171583
-0.052022 0.171583 -0.052022 0.171583
-0.044996 0.171583 -0.044996 0.171583
-0.037969 0.171583 -0.037969 0.171583
-0.030942 0.171583 -0.030942 0.171583
-0.023916 0.171583 -0.023916 0.171583
-0.016889 0.171583 -0.016889 0.171583
-0.009863 0.171583 -0.009863 0.171583
-0.002836 0.171583 0.015981 0.229497
0.004190 0.171583 0.023011 0.229508
0.011217 0.171583 0.030041 0.229519
0.018243 0.171583 0.037071 0.229530
0.025270 0.171583 0.044101 0.229541
0.032296 0.171583 0.051131 0.229552
0.039323 0.171583 0.058161 0.229563
0.046349 0.171583 0.065191 0.229574
0.053376 0.171583 0.072221 0.229585
0.060402 0.171583 0.079252 0.229596
0.067429 0.171583 0.086282 0.229607
0.074455 0.171583 0.093312 0.229618
0.081482 0.171583 0.100342 0.229629
0.088508 0.171583 0.107373 0.229640
0.095535 0.171583 0.114403 0.229651
0.102561 0.171583 0.121433 0.229662
0.109588 0.171583 0.109588 0.171583
0.116615 0.171583 0.116615 0.171583
0.123641 0.171583 0.123641 0.171583
0.130668 0.171583 0.130668 0.171583
0.137694 0.171583 0.137694 0.171583
0.144721 0.171583 0.144721 0.171583
0.151747 0.171583 0.151747 0.171583
0.158774 0.171583 0.158774 0.171583
0.165800 0.171583 0.165800 0.171583
0.172827 0.171583 0.172827 0.171583
0.179853 0.171583 0.179853 0.171583
0.186880 0.171583 0.186880 0.171583
0.193906 0.171583 0.193906 0.171583
0.200933 0.171583 0.200933 0.171583
0.207959 0.171583 0.207959 0.171583
0.214986 0.171583 0.214986 0.171583
0.222012 0.171583 0.222012 0.171583
0.229039 0.171583 0.229039 0.171583
0.236065 0.171583 0.236065 0.171583
0.243092 0.171583 0.243092 0.171583
0.250118 0.171583 0.250118 0.171583
0.257145 0.171583 0.257145 0.171583
0.264172 0.171583 0.264172 0.171583
0.271198 0.171583 0.271198 0.171583
0.278225 0.171583 0.278225 0.171583
0.285251 0.171583 0.285251 0.171583
0.292278 0.171583 0.292278 0.171583
0.299304 0.171583 0.299304 0.171583
0.306331 0.171583 0.306331 0.171583
0.313357 0.171583 0.313357 0.171583
0.320384 0.171583 0.320384 0.171583
0.327410 0.171583 0.327410 0.171583
0.334437 0.171583 0.334437 0.171583
0.341463 0.171583 0.341463 0.171583
0.348490 0.171583 0.348490 0.171583
0.355516 0.171583 0.355516 0.171583
0.362543 0.171583 0.362543 0.171583
0.369569 0.171583 0.369569 0.171583
0.376596 0.171583 0.376596 0.171583
0.383622 0.171583 0.383622 0.171583
0.390649 0.171583 0.390649 0.171583
0.397676 0.171583 0.397676 0.171583
0.404702 0.171583 0.404702 0.171583
0.411729 0.171583 0.411729 0.171583
0.418755 0.171583 0.418755 0.171583
0.425782 0.171583 0.425782 0.171583
0.432808 0.171583 0.432808 0.171583
0.439835 0.171583 0.439835 0.171583
0.446861 0.171583 0.446861 0.171583
0.453888 0.171583 0.453888 0.171583
0.460914 0.171583 0.460914 0.171583
0.467941 0.171583 0.467941 0.171583
0.474967 0.171583 0.474967 0.171583
0.481994 0.171583 0.481994 0.171583
-0.410375 0.178885 -0.410375 0.178885
-0.403348 0.178885 -0.403348 0.178885
-0.396322 0.178885 -0.396322 0.178885
-0.389295 0.178885 -0.389295 0.178885
-0.382269 0.178885 -0.382269 0.178885
-0.375242 0.178885 -0.375242 0.178885
-0.368216 0.178885 -0.368216 0.178885
-0.361189 0.178885 -0.361189 0.178885
-0.354163 0.178885 -0.354163 0.178885
-0.347136 0.178885 -0.347136 0.178885
-0.340110 0.178885 -0.340110 0.178885
-0.333083 0.178885 -0.333083 0.178885
-0.326057 0.178885 -0.326057 0.178885
-0.319030 0.178885 -0.319030 0.178885
-0.312003 0.178885 -0.312003 0.178885
-0.304977 0.178885 -0.304977 0.178885
-0.297950 0.178885 -0.297950 0.178885
-0.290924 0.178885 -0.290924 0.178885
-0.283897 0.178885 -0.283897 0.178885
-0.276871 0.178885 -0.276871 0.178885
-0.269844 0.178885 -0.269844 0.178885
-0.262818 0.178885 -0.312753 0.215165
-0.255791 0.178885 -0.305702 0.215148
-0.248765 0.178885 -0.298651 0.215130
-0.241738 0.178885 -0.291600 0.215111
-0.234712 0.178885 -0.284549 0.215094
-0.227685 0.178885 -0.277498 0.215076
-0.220659 0.178885 -0.270447 0.215058
-0.213632 0.178885 -0.263396 0.215040
-0.206606 0.178885 -0.256345 0.215022
-0.199579 0.178885 -0.249294 0.215004
-0.192553 0.178885 -0.192553 0.178885
-0.185526 0.178885 -0.185526 0.178885
-0.178499 0.178885 -0.178499 0.178885
-0.171473 0.178885 -0.171473 0.178885
-0.164446 0.178885 -0.164446 0.178885
-0.157420 0.178885 -0.157420 0.178885
-0.150393 0.178885 -0.150393 0.178885
-0.143367 0.178885 -0.143367 0.178885
-0.136340 0.178885 -0.136340 0.178885
-0.129314 0.178885 -0.129314 0.178885
-0.122287 0.178885 -0.122287 0.178885
-0.115261 0.178885 -0.115261 0.178885
-0.108234 0.178885 -0.108234 0.178885
-0.101208 0.178885 -0.101208 0.178885
-0.094181 0.178885 -0.094181 0.178885
-0.087155 0.178885 -0.087155 0.178885
-0.080128 0.178885 -0.080128 0.178885
-0.073102 0.178885 -0.073102 0.178885
-0.066075 0.178885 -0.066075 0.178885
-0.059049 0.178885 -0.059049 0.178885
-0.052022 0.178885 -0.052022 0.178885
-0.044996 0.178885 -0.044996 0.178885
-0.037969 0.178885 -0.037969 0.178885
-0.030942 0.178885 -0.030942 0.178885
-0.023916 0.178885 -0.023916 0.178885
-0.016889 0.178885 -0.016889 0.178885
-0.009863 0.178885 -0.009863 0.178885
-0.002836 0.178885 -0.002836 0.178885
0.004190 0.178885 0.023022 0.236845
0.011217 0.178885 0.030052 0.236856
0.018243 0.178885 0.037082 0.236867
0.025270 0.178885 0.044112 0.236878
0.032296 0.178885 0.051142 0.236889
0.039323 0.178885 0.058173 0.236900
0.046349 0.178885 0.065203 0.236911
0.053376 0.178885 0.072233 0.236922
0.060402 0.178885 0.079264 0.236933
0.067429 0.178885 0.086294 0.236944
0.074455 0.178885 0.093324 0.236955
0.081482 0.178885 0.100354 0.236966
0.088508 0.178885 0.107384 0.236977
0.095535 0.178885 0.114414 0.236988
0.102561 0.178885 0.121444 0.236999
0.109588 0.178885 0.109588 0.178885
0.116615 0.178885 0.116615 0.178885
0.123641 0.178885 0.123641 0.178885
0.130668 0.178885 0.130668 0.178885
0.137694 0.178885 0.137694 0.178885
0.144721 0.178885 0.144721 0.178885
0.151747 0.178885 0.151747 0.178885
0.158774 0.178885 0.158774 0.178885
0.165800 0.178885 0.165800 0.178885
0.172827 0.178885 0.172827 0.178885
0.179853 0.178885 0.179853 0.178885
0.186880 0.178885 0.186880 0.178885
0.193906 0.178885 0.193906 0.178885
0.200933 0.178885 0.200933 0.178885
0.207959 0.178885 0.207959 0.178885
0.214986 0.178885 0.214986 0.178885
0.222012 0.178885 0.222012 0.178885
0.229039 0.178885 0.229039 0.178885
0.236065 0.178885 0.236065 0.178885
0.243092 0.178885 0.243092 0.178885
0.250118 0.178885 0.250118 0.178885
0.257145 0.178885 0.257145 0.178885
0.264172 0.178885 0.264172 0.178885
0.271198 0.178885 0.271198 0.178885
0.278225 0.178885 0.278225 0.178885
0.285251 0.178885 0.285251 0.178885
0.292278 0.178885 0.292278 0.178885
0.299304 0.178885 0.299304 0.178885
0.306331 0.178885 0.306331 0.178885
0.313357 0.178885 0.313357 0.178885
0.320384 0.178885 0.320384 0.178885
0.327410 0.178885 0.327410 0.178885
0.334437 0.178885 0.334437 0.178885
0.341463 0.178885 0.341463 0.178885
0.348490 0.178885 0.348490 0.178885
0.355516 0.178885 0.355516 0.178885
0.362543 0.178885 0.362543 0.178885
0.369569 0.178885 0.369569 0.178885
0.376596 0.178885 0.376596 0.178885
0.383622 0.178885 0.383622 0.178885
0.390649 0.178885 0.390649 0.178885
0.397676 0.178885 0.397676 0.178885
0.404702 0.178885 0.404702 0.178885
0.411729 0.178885 0.411729 0.178885
0.418755 0.178885 0.418755 0.178885
0.425782 0.178885 0.425782 0.178885
0.432808 0.178885 0.432808 0.178885
0.439835 0.178885 0.439835 0.178885
0.446861 0.178885 0.446861 0.178885
0.453888 0.178885 0.453888 0.178885
0.460914 0.178885 0.460914 0.178885
0.467941 0.178885 0.467941 0.178885
0.474967 0.178885 0.474967 0.178885
0.481994 0.178885 0.481994 0.178885
-0.410375 0.186186 -0.410375 0.186186
-0.403348 0.186186 -0.403348 0.186186
-0.396322 0.186186 -0.396322 0.186186
-0.389295 0.186186 -0.389295 0.186186
-0.382269 0.186186 -0.382269 0.186186
-0.375242 0.186186 -0.375242 0.186186
-0.368216 0.186186 -0.368216 0.186186
-0.361189 0.186186 -0.361189 0.186186
-0.354163 0.186186 -0.354163 0.186186
-0.347136 0.186186 -0.347136 0.186186
-0.340110 0.186186 -0.340110 0.186186
-0.333083 0.186186 -0.333083 0.186186
-0.326057 0.186186 -0.326057 0.186186
-0.319030 0.186186 -0.319030 0.186186
-0.312003 0.186186 -0.312003 0.186186
-0.304977 0.186186 -0.304977 0.186186
-0.297950 0.186186 -0.297950 0.186186
-0.290924 0.186186 -0.290924 0.186186
-0.283897 0.186186 -0.283897 0.186186
-0.276871 0.186186 -0.276871 0.186186
-0.269844 0.186186 -0.319822 0.222498
-0.262818 0.186186 -0.312771 0.222480
-0.255791 0.186186 -0.305721 0.222462
-0.248765 0.186186 -0.298670 0.222444
-0.241738 0.186186 -0.291619 0.222426
-0.234712 0.186186 -0.284567 0.222408
-0.227685 0.186186 -0.277516 0.222391
-0.220659 0.186186 -0.270465 0.222373
-0.213632 0.186186 -0.213632 0.186186
-0.206606 0.186186 -0.206606 0.186186
-0.199579 0.186186 -0.199579 0.186186
-0.192553 0.186186 -0.192553 0.186186
-0.185526 0.186186 -0.185526 0.186186
-0.178499 0.186186 -0.178499 0.186186
-0.171473 0.186186 -0.171473 0.186186
-0.164446 0.186186 -0.164446 0.186186
-0.157420 0.186186 -0.157420 0.186186
-0.150393 0.186186 -0.150393 0.186186
-0.143367 0.186186 -0.143367 0.186186
-0.136340 0.186186 -0.136340 0.186186
-0.129314 0.186186 -0.129314 0.186186
-0.122287 0.186186 -0.122287 0.186186
-0.115261 0.186186 -0.115261 0.186186
-0.108234 0.186186 -0.108234 0.186186
-0.101208 0.186186 -0.101208 0.186186
-0.094181 0.186186 -0.094181 0.186186
-0.087155 0.186186 -0.087155 0.186186
-0.080128 0.186186 -0.080128 0.186186
-0.073102 0.186186 -0.073102 0.186186
-0.066075 0.186186 -0.066075 0.186186
-0.059049 0.186186 -0.059049 0.186186
-0.052022 0.186186 -0.052022 0.186186
-0.044996 0.186186 -0.044996 0.186186
-0.037969 0.186186 -0.037969 0.186186
-0.030942 0.186186 -0.030942 0.186186
-0.023916 0.186186 -0.023916 0.186186
-0.016889 0.186186 -0.016889 0.186186
-0.009863 0.186186 -0.009863 0.186186
-0.002836 0.186186 -0.002836 0.186186
0.004190 0.186186 0.004190 0.186186
0.011217 0.186186 0.030064 0.244192
0.018243 0.186186 0.037094 0.244203
0.025270 0.186186 0.044124 0.244214
0.032296 0.186186 0.051154 0.244225
0.039323 0.186186 0.058184 0.244236
0.046349 0.186186 0.065214 0.244247
0.053376 0.186186 0.072244 0.244258
0.060402 0.186186 0.079274 0.244269
0.067429 0.186186 0.086305 0.244280
0.074455 0.186186 0.093335 0.244291
0.081482 0.186186 0.100365 0.244302
0.088508 0.186186 0.107395 0.244313
0.095535 0.186186 0.114426 0.244324
0.102561 0.186186 0.121456 0.244335
0.109588 0.186186 0.109588 0.186186
0.116615 0.186186 0.116615 0.186186
0.123641 0.186186 0.123641 0.186186
0.130668 0.186186 0.130668 0.186186
0.137694 0.186186 0.137694 0.186186
0.144721 0.186186 0.144721 0.186186
0.151747 0.186186 0.151747 0.186186
0.158774 0.186186 0.158774 0.186186
0.165800 0.186186 0.165800 0.186186
0.172827 0.186186 0.172827 0.186186
0.179853 0.186186 0.179853 0.186186
0.186880 0.186186 0.186880 0.186186
0.193906 0.186186 0.193906 0.186186
0.200933 0.186186 0.200933 0.186186
0.207959 0.186186 0.207959 0.186186
0.214986 0.186186 0.214986 0.186186
0.222012 0.186186 0.222012 0.186186
0.229039 0.186186 0.229039 0.186186
0.236065 0.186186 0.236065 0.186186
0.243092 0.186186 0.243092 0.186186
0.250118 0.186186 0.250118 0.186186
0.257145 0.186186 0.257145 0.186186
0.264172 0.186186 0.264172 0.186186
0.271198 0.186186 0.271198 0.186186
0.278225 0.186186 0.278225 0.186186
0.285251 0.186186 0.285251 0.186186
0.292278 0.186186 0.292278 0.186186
0.299304 0.186186 0.299304 0.186186
0.306331 0.186186 0.306331 0.186186
0.313357 0.186186 0.313357 0.186186
0.320384 0.186186 0.320384 0.186186
0.327410 0.186186 0.327410 0.186186
0.334437 0.186186 0.334437 0.186186
0.341463 0.186186 0.341463 0.186186
0.348490 0.186186 0.348490 0.186186
0.355516 0.186186 0.355516 0.186186
0.362543 0.186186 0.362543 0.186186
0.369569 0.186186 0.369569 0.186186
0.376596 0.186186 0.376596 0.186186
0.383622 0.186186 0.383622 0.186186
0.390649 0.186186 0.390649 0.186186
0.397676 0.186186 0.397676 0.186186
0.404702 0.186186 0.404702 0.186186
0.411729 0.186186 0.411729 0.186186
0.418755 0.186186 0.418755 0.186186
0.425782 0.186186 0.425782 0.186186
0.432808 0.186186 0.432808 0.186186
0.439835 0.186186 0.439835 0.186186
0.446861 0.186186 0.446861 0.186186
0.453888 0.186186 0.453888 0.186186
0.460914 0.186186 0.460914 0.186186
0.467941 0.186186 0.467941 0.186186
0.474967 0.186186 0.474967 0.186186
0.481994 0.186186 0.481994 0.186186
-0.410375 0.193487 -0.410375 0.193487
-0.403348 0.193487 -0.403348 0.193487
-0.396322 0.193487 -0.396322 0.193487
-0.389295 0.193487 -0.389295 0.193487
-0.382269 0.193487 -0.382269 0.193487
-0.375242 0.193487 -0.375242 0.193487
-0.368216 0.193487 -0.368216 0.193487
-0.361189 0.193487 -0.361189 0.193487
-0.354163 0.193487 -0.354163 0.193487
-0.347136 0.193487 -0.347136 0.193487
-0.340110 0.193487 -0.340110 0.193487
-0.333083 0.193487 -0.333083 0.193487
-0.326057 0.193487 -0.326057 0.193487
-0.319030 0.193487 -0.319030 0.193487
-0.312003 0.193487 -0.312003 0.193487
-0.304977 0.193487 -0.304977 0.193487
-0.297950 0.193487 -0.297950 0.193487
-0.290924 0.193487 -0.290924 0.193487
-0.283897 0.193487 -0.283897 0.193487
-0.276871 0.193487 -0.326892 0.229831
-0.269844 0.193487 -0.319841 0.229813
-0.262818 0.193487 -0.312790 0.229795
-0.255791 0.193487 -0.305739 0.229777
-0.248765 0.193487 -0.298688 0.229759
-0.241738 0.193487 -0.291637 0.229741
-0.234712 0.193487 -0.284586 0.229723
-0.227685 0.193487 -0.227685 0.193487
-0.220659 0.193487 -0.220659 0.193487
-0.213632 0.193487 -0.213632 0.193487
-0.206606 0.193487 -0.206606 0.193487
-0.199579 0.193487 -0.199579 0.193487
-0.192553 0.193487 -0.192553 0.193487
-0.185526 0.193487 -0.185526 0.193487
-0.178499 0.193487 -0.178499 0.193487
-0.171473 0.193487 -0.171473 0.193487
-0.164446 0.193487 -0.164446 0.193487
-0.157420 0.193487 -0.157420 0.193487
-0.150393 0.193487 -0.150393 0.193487
-0.143367 0.193487 -0.143367 0.193487
-0.136340 0.193487 -0.136340 0.193487
-0.129314 0.193487 -0.129314 0.193487
-0.122287 0.193487 -0.122287 0.193487
-0.115261 0.193487 -0.115261 0.193487
-0.108234 0.193487 -0.108234 0.193487
-0.101208 0.193487 -0.101208 0.193487
-0.094181 0.193487 -0.094181 0.193487
-0.087155 0.193487 -0.087155 0.193487
-0.080128 0.193487 -0.080128 0.193487
-0.073102 0.193487 -0.073102 0.193487
-0.066075 0.193487 -0.066075 0.193487
-0.059049 0.193487 -0.059049 0.193487
-0.052022 0.193487 -0.052022 0.193487
-0.044996 0.193487 -0.044996 0.193487
-0.037969 0.193487 -0.037969 0.193487
-0.030942 0.193487 -0.030942 0.193487
-0.023916 0.193487 -0.023916 0.193487
-0.016889 0.193487 -0.016889 0.193487
-0.009863 0.193487 -0.009863 0.193487
-0.002836 0.193487 -0.002836 0.193487
0.004190 0.193487 0.004190 0.193487
0.011217 0.193487 0.030075 0.251529
0.018243 0.193487 0.037105 0.251540
0.025270 0.193487 0.044135 0.251551
0.032296 0.193487 0.051165 0.251562
0.039323 0.193487 0.058195 0.251573
0.046349 0.193487 0.065226 0.251584
0.053376 0.193487 0.072256 0.251595
0.060402 0.193487 0.079286 0.251606
0.067429 0.193487 0.086317 0.251617
0.074455 0.193487 0.093347 0.251628
0.081482 0.193487 0.100377 0.251639
0.088508 0.193487 0.107407 0.251650
0.095535 0.193487 0.114437 0.251661
0.102561 0.193487 0.121467 0.251672
0.109588 0.193487 0.109588 0.193487
0.116615 0.193487 0.116615 0.193487
0.123641 0.193487 0.123641 0.193487
0.130668 0.193487 0.130668 0.193487
0.137694 0.193487 0.137694 0.193487
0.144721 0.193487 0.144721 0.193487
0.151747 0.193487 0.151747 0.193487
0.158774 0.193487 0.158774 0.193487
0.165800 0.193487 0.165800 0.193487
0.172827 0.193487 0.172827 0.193487
0.179853 0.193487 0.179853 0.193487
0.186880 0.193487 0.186880 0.193487
0.193906 0.193487 0.193906 0.193487
0.200933 0.193487 0.200933 0.193487
0.207959 0.193487 0.207959 0.193487
0.214986 0.193487 0.214986 0.193487
0.222012 0.193487 0.222012 0.193487
0.229039 0.193487 0.229039 0.193487
0.236065 0.193487 0.236065 0.193487
0.243092 0.193487 0.243092 0.193487
0.250118 0.193487 0.250118 0.193487
0.257145 0.193487 0.257145 0.193487
0.264172 0.193487 0.264172 0.193487
0.271198 0.193487 0.271198 0.193487
0.278225 0.193487 0.278225 0.193487
0.285251 0.193487 0.285251 0.193487
0.292278 0.193487 0.292278 0.193487
0.299304 0.193487 0.299304 0.193487
0.306331 0.193487 0.306331 0.193487
0.313357 0.193487 0.313357 0.193487
0.320384 0.193487 0.320384 0.193487
0.327410 0.193487 0.327410 0.193487
0.334437 0.193487 0.334437 0.193487
0.341463 0.193487 0.341463 0.193487
0.348490 0.193487 0.348490 0.193487
0.355516 0.193487 0.355516 0.193487
0.362543 0.193487 0.362543 0.193487
0.369569 0.193487 0.369569 0.193487
0.376596 0.193487 0.376596 0.193487
0.383622 0.193487 0.383622 0.193487
0.390649 0.193487 0.390649 0.193487
0.397676 0.193487 0.397676 0.193487
0.404702 0.193487 0.404702 0.193487
0.411729 0.193487 0.411729 0.193487
0.418755 0.193487 0.418755 0.193487
0.425782 0.193487 0.425782 0.193487
0.432808 0.193487 0.432808 0.193487
0.439835 0.193487 0.439835 0.193487
0.446861 0.193487 0.446861 0.193487
0.453888 0.193487 0.453888 0.193487
0.460914 0.193487 0.460914 0.193487
0.467941 0.193487 0.467941 0.193487
0.474967 0.193487 0.474967 0.193487
0.481994 0.193487 0.481994 0.193487
-0.410375 0.200789 -0.410375 0.200789
-0.403348 0.200789 -0.403348 0.200789
-0.396322 0.200789 -0.396322 0.200789
-0.389295 0.200789 -0.389295 0.200789
-0.382269 0.200789 -0.382269 0.200789
-0.375242 0.200789 -0.375242 0.200789
-0.368216 0.200789 -0.368216 0.200789
-0.361189 0.200789 -0.361189 0.200789
-0.354163 0.200789 -0.354163 0.200789
-0.347136 0.200789 -0.347136 0.200789
-0.340110 0.200789 -0.340110 0.200789
-0.333083 0.200789 -0.333083 0.200789
-0.326057 0.200789 -0.326057 0.200789
-0.319030 0.200789 -0.319030 0.200789
-0.312003 0.200789 -0.312003 0.200789
-0.304977 0.200789 -0.304977 0.200789
-0.297950 0.200789 -0.297950 0.200789
-0.290924 0.200789 -0.290924 0.200789
-0.283897 0.200789 -0.333962 0.237163
-0.276871 0.200789 -0.326911 0.237146
-0.269844 0.200789 -0.319860 0.237127
-0.262818 0.200789 -0.312809 0.237109
-0.255791 0.200789 -0.305758 0.237092
-0.248765 0.200789 -0.248765 0.200789
-0.241738 0.200789 -0.241738 0.200789
-0.234712 0.200789 -0.234712 0.200789
-0.227685 0.200789 -0.227685 0.200789
-0.220659 0.200789 -0.220659 0.200789
-0.213632 0.200789 -0.213632 0.200789
-0.206606 0.200789 -0.206606 0.200789
-0.199579 0.200789 -0.199579 0.200789
-0.192553 0.200789 -0.192553 0.200789
-0.185526 0.200789 -0.185526 0.200789
-0.178499 0.200789 -0.178499 0.200789
-0.171473 0.200789 -0.171473 0.200789
-0.164446 0.200789 -0.164446 0.200789
-0.157420 0.200789 -0.157420 0.200789
-0.150393 0.200789 -0.150393 0.200789
-0.143367 0.200789 -0.143367 0.200789
-0.136340 0.200789 -0.136340 0.200789
-0.129314 0.200789 -0.129314 0.200789
-0.122287 0.200789 -0.122287 0.200789
-0.115261 0.200789 -0.115261 0.200789
-0.108234 0.200789 -0.108234 0.200789
-0.101208 0.200789 -0.101208 0.200789
-0.094181 0.200789 -0.094181 0.200789
-0.087155 0.200789 -0.087155 0.200789
-0.080128 0.200789 -0.080128 0.200789
-0.073102 0.200789 -0.073102 0.200789
-0.066075 0.200789 -0.066075 0.200789
-0.059049 0.200789 -0.059049 0.200789
-0.052022 0.200789 -0.052022 0.200789
-0.044996 0.200789 -0.044996 0.200789
-0.037969 0.200789 -0.037969 0.200789
-0.030942 0.200789 -0.030942 0.200789
-0.023916 0.200789 -0.023916 0.200789
-0.016889 0.200789 -0.016889 0.200789
-0.009863 0.200789 -0.009863 0.200789
-0.002836 0.200789 -0.002836 0.200789
0.004190 0.200789 0.004190 0.200789
0.011217 0.200789 0.011217 0.200789
0.018243 0.200789 0.037117 0.258877
0.025270 0.200789 0.044147 0.258888
0.032296 0.200789 0.051177 0.258899
0.039323 0.200789 0.058207 0.258910
0.046349 0.200789 0.065237 0.258921
0.053376 0.200789 0.072267 0.258932
0.060402 0.200789 0.079297 0.258943
0.067429 0.200789 0.086328 0.258954
0.074455 0.200789 0.093358 0.258965
0.081482 0.200789 0.100388 0.258976
0.088508 0.200789 0.107418 0.258987
0.095535 0.200789 0.114448 0.258998
0.102561 0.200789 0.121479 0.259009
0.109588 0.200789 0.109588 0.200789
0.116615 0.200789 0.116615 0.200789
0.123641 0.200789 0.123641 0.200789
0.130668 0.200789 0.130668 0.200789
0.137694 0.200789 0.137694 0.200789
0.144721 0.200789 0.144721 0.200789
0.151747 0.200789 0.151747 0.200789
0.158774 0.200789 0.158774 0.200789
0.165800 0.200789 0.165800 0.200789
0.172827 0.200789 0.172827 0.200789
0.179853 0.200789 0.179853 0.200789
0.186880 0.200789 0.186880 0.200789
0.193906 0.200789 0.193906 0.200789
0.200933 0.200789 0.200933 0.200789
0.207959 0.200789 0.207959 0.200789
0.214986 0.200789 0.214986 0.200789
0.222012 0.200789 0.222012 0.200789
0.229039 0.200789 0.229039 0.200789
0.236065 0.200789 0.236065 0.200789
0.243092 0.200789 0.243092 0.200789
0.250118 0.200789 0.250118 0.200789
0.257145 0.200789 0.257145 0.200789
0.264172 0.200789 0.264172 0.200789
0.271198 0.200789 0.271198 0.200789
0.278225 0.200789 0.278225 0.200789
0.285251 0.200789 0.285251 0.200789
0.292278 0.200789 0.292278 0.200789
0.299304 0.200789 0.299304 0.200789
0.306331 0.200789 0.306331 0.200789
0.313357 0.200789 0.313357 0.200789
0.320384 0.200789 0.320384 0.200789
0.327410 0.200789 0.327410 0.200789
0.334437 0.200789 0.334437 0.200789
0.341463 0.200789 0.341463 0.200789
0.348490 0.200789 0.348490 0.200789
0.355516 0.200789 0.355516 0.200789
0.362543 0.200789 0.362543 0.200789
0.369569 0.200789 0.369569 0.200789
0.376596 0.200789 0.376596 0.200789
0.383622 0.200789 0.383622 0.200789
0.390649 0.200789 0.390649 0.200789
0.397676 0.200789 0.397676 0.200789
0.404702 0.200789 0.404702 0.200789
0.411729 0.200789 0.411729 0.200789
0.418755 0.200789 0.418755 0.200789
0.425782 0.200789 0.425782 0.200789
0.432808 0.200789 0.432808 0.200789
0.439835 0.200789 0.439835 0.200789
0.446861 0.200789 0.446861 0.200789
0.453888 0.200789 0.453888 0.200789
0.460914 0.200789 0.460914 0.200789
0.467941 0.200789 0.467941 0.200789
0.474967 0.200789 0.474967 0.200789
0.481994 0.200789 0.481994 0.200789
-0.410375 0.208090 -0.410375 0.208090
-0.403348 0.208090 -0.403348 0.208090
-0.396322 0.208090 -0.396322 0.208090
-0.389295 0.208090 -0.389295 0.208090
-0.382269 0.208090 -0.382269 0.208090
-0.375242 0.208090 -0.375242 0.208090
-0.368216 0.208090 -0.368216 0.208090
-0.361189 0.208090 -0.361189 0.208090
-0.354163 0.208090 -0.354163 0.208090
-0.347136 0.208090 -0.347136 0.208090
-0.340110 0.208090 -0.340110 0.208090
-0.333083 0.208090 -0.333083 0.208090
-0.326057 0.208090 -0.326057 0.208090
-0.319030 0.208090 -0.319030 0.208090
-0.312003 0.208090 -0.312003 0.208090
-0.304977 0.208090 -0.304977 0.208090
-0.297950 0.208090 -0.297950 0.208090
-0.290924 0.208090 -0.341031 0.244496
-0.283897 0.208090 -0.333980 0.244478
-0.276871 0.208090 -0.326929 0.244460
-0.269844 0.208090 -0.269844 0.208090
-0.262818 0.208090 -0.262818 0.208090
-0.255791 0.208090 -0.255791 0.208090
-0.248765 0.208090 -0.248765 0.208090
-0.241738 0.208090 -0.241738 0.208090
-0.234712 0.208090 -0.234712 0.208090
-0.227685 0.208090 -0.227685 0.208090
-0.220659 0.208090 -0.220659 0.208090
-0.213632 0.208090 -0.213632 0.208090
-0.206606 0.208090 -0.206606 0.208090
-0.199579 0.208090 -0.199579 0.208090
-0.192553 0.208090 -0.192553 0.208090
-0.185526 0.208090 -0.185526 0.208090
-0.178499 0.208090 -0.178499 0.208090
-0.171473 0.208090 -0.171473 0.208090
-0.164446 0.208090 -0.164446 0.208090
-0.157420 0.208090 -0.157420 0.208090
-0.150393 0.208090 -0.150393 0.208090
-0.143367 0.208090 -0.143367 0.208090
-0.136340 0.208090 -0.136340 0.208090
-0.129314 0.208090 -0.129314 0.208090
-0.122287 0.208090 -0.122287 0.208090
-0.115261 0.208090 -0.115261 0.208090
-0.108234 0.208090 -0.108234 0.208090
-0.101208 0.208090 -0.101208 0.208090
-0.094181 0.208090 -0.094181 0.208090
-0.087155 0.208090 -0.087155 0.208090
-0.080128 0.208090 -0.080128 0.208090
-0.073102 0.208090 -0.073102 0.208090
-0.066075 0.208090 -0.066075 0.208090
-0.059049 0.208090 -0.059049 0.208090
-0.052022 0.208090 -0.052022 0.208090
-0.044996 0.208090 -0.044996 0.208090
-0.037969 0.208090 -0.037969 0.208090
-0.030942 0.208090 -0.030942 0.208090
-0.023916 0.208090 -0.023916 0.208090
-0.016889 0.208090 -0.016889 0.208090
-0.009863 0.208090 -0.009863 0.208090
-0.002836 0.208090 -0.002836 0.208090
0.004190 0.208090 0.004190 0.208090
0.011217 0.208090 0.011217 0.208090
0.018243 0.208090 0.018243 0.208090
0.025270 0.208090 0.044158 0.266224
0.032296 0.208090 0.051188 0.266235
0.039323 0.208090 0.058218 0.266246
0.046349 0.208090 0.065248 0.266257
0.053376 0.208090 0.072279 0.266268
0.060402 0.208090 0.079309 0.266279
0.067429 0.208090 0.086339 0.266290
0.074455 0.208090 0.093370 0.266301
0.081482 0.208090 0.100400 0.266312
0.088508 0.208090 0.107430 0.266323
0.095535 0.208090 0.114460 0.266334
0.102561 0.208090 0.121490 0.266345
0.109588 0.208090 0.109588 0.208090
0.116615 0.208090 0.116615 0.208090
0.123641 0.208090 0.123641 0.208090
0.130668 0.208090 0.130668 0.208090
0.137694 0.208090 0.137694 0.208090
0.144721 0.208090 0.144721 0.208090
0.151747 0.208090 0.151747 0.208090
0.158774 0.208090 0.158774 0.208090
0.165800 0.208090 0.165800 0.208090
0.172827 0.208090 0.172827 0.208090
0.179853 0.208090 0.179853 0.208090
0.186880 0.208090 0.186880 0.208090
0.193906 0.208090 0.193906 0.208090
0.200933 0.208090 0.200933 0.208090
0.207959 0.208090 0.207959 0.208090
0.214986 0.208090 0.214986 0.208090
0.222012 0.208090 0.222012 0.208090
0.229039 0.208090 0.229039 0.208090
0.236065 0.208090 0.236065 0.208090
0.243092 0.208090 0.243092 0.208090
0.250118 0.208090 0.250118 0.208090
0.257145 0.208090 0.257145 0.208090
0.264172 0.208090 0.264172 0.208090
0.271198 0.208090 0.271198 0.208090
0.278225 0.208090 0.278225 0.208090
0.285251 0.208090 0.285251 0.208090
0.292278 0.208090 0.292278 0.208090
0.299304 0.208090 0.299304 0.208090
0.306331 0.208090 0.306331 0.208090
0.313357 0.208090 0.313357 0.208090
0.320384 0.208090 0.320384 0.208090
0.327410 0.208090 0.327410 0.208090
0.334437 0.208090 0.334437 0.208090
0.341463 0.208090 0.341463 0.208090
0.348490 0.208090 0.348490 0.208090
0.355516 0.208090 0.355516 0.208090
0.362543 0.208090 0.362543 0.208090
0.369569 0.208090 0.369569 0.208090
0.376596 0.208090 0.376596 0.208090
0.383622 0.208090 0.383622 0.208090
0.390649 0.208090 0.390649 0.208090
0.397676 0.208090 0.397676 0.208090
0.404702 0.208090 0.404702 0.208090
0.411729 0.208090 0.411729 0.208090
0.418755 0.208090 0.418755 0.208090
0.425782 0.208090 0.425782 0.208090
0.432808 0.208090 0.432808 0.208090
0.439835 0.208090 0.439835 0.208090
0.446861 0.208090 0.446861 0.208090
0.453888 0.208090 0.453888 0.208090
0.460914 0.208090 0.460914 0.208090
0.467941 0.208090 0.467941 0.208090
0.474967 0.208090 0.474967 0.208090
0.481994 0.208090 0.481994 0.208090
-0.410375 0.215392 -0.410375 0.215392
-0.403348 0.215392 -0.403348 0.215392
-0.396322 0.215392 -0.396322 0.215392
-0.389295 0.215392 -0.389295 0.215392
-0.382269 0.215392 -0.382269 0.215392
-0.375242 0.215392 -0.375242 0.215392
-0.368216 0.215392 -0.368216 0.215392
-0.361189 0.215392 -0.361189 0.215392
-0.354163 0.215392 -0.354163 0.215392
-0.347136 0.215392 -0.347136 0.215392
-0.340110 0.215392 -0.340110 0.215392
-0.333083 0.215392 -0.333083 0.215392
-0.326057 0.215392 -0.326057 0.215392
-0.319030 0.215392 -0.319030 0.215392
-0.312003 0.215392 -0.312003 0.215392
-0.304977 0.215392 -0.304977 0.215392
-0.297950 0.215392 -0.348101 0.251829
-0.290924 0.215392 -0.341050 0.251811
-0.283897 0.215392 -0.283897 0.215392
-0.276871 0.215392 -0.276871 0.215392
-0.269844 0.215392 -0.269844 0.215392
-0.262818 0.215392 -0.262818 0.215392
-0.255791 0.215392 -0.255791 0.215392
-0.248765 0.215392 -0.248765 0.215392
-0.241738 0.215392 -0.241738 0.215392
-0.234712 0.215392 -0.234712 0.215392
-0.227685 0.215392 -0.227685 0.215392
-0.220659 0.215392 -0.220659 0.215392
-0.213632 0.215392 -0.213632 0.215392
-0.206606 0.215392 -0.206606 0.215392
-0.199579 0.215392 -0.199579 0.215392
-0.192553 0.215392 -0.192553 0.215392
-0.185526 0.215392 -0.185526 0.215392
-0.178499 0.215392 -0.178499 0.215392
-0.171473 0.215392 -0.171473 0.215392
-0.164446 0.215392 -0.164446 0.215392
-0.157420 0.215392 -0.157420 0.215392
-0.150393 0.215392 -0.150393 0.215392
-0.143367 0.215392 -0.143367 0.215392
-0.136340 0.215392 -0.136340 0.215392
-0.129314 0.215392 -0.129314 0.215392
-0.122287 0.215392 -0.122287 0.215392
-0.115261 0.215392 -0.115261 0.215392
-0.108234 0.215392 -0.108234 0.215392
-0.101208 0.215392 -0.101208 0.215392
-0.094181 0.215392 -0.094181 0.215392
-0.087155 0.215392 -0.087155 0.215392
-0.080128 0.215392 -0.080128 0.215392
-0.073102 0.215392 -0.073102 0.215392
-0.066075 0.215392 -0.066075 0.215392
-0.059049 0.215392 -0.059049 0.215392
-0.052022 0.215392 -0.052022 0.215392
-0.044996 0.215392 -0.044996 0.215392
-0.037969 0.215392 -0.037969 0.215392
-0.030942 0.215392 -0.030942 0.215392
-0.023916 0.215392 -0.023916 0.215392
-0.016889 0.215392 -0.016889 0.215392
-0.009863 0.215392 -0.009863 0.215392
-0.002836 0.215392 -0.002836 0.215392
0.004190 0.215392 0.004190 0.215392
0.011217 0.215392 0.011217 0.215392
0.018243 0.215392 0.018243 0.215392
0.025270 0.215392 0.044170 0.273561
0.032296 0.215392 0.051200 0.273572
0.039323 0.215392 0.058230 0.273583
0.046349 0.215392 0.065260 0.273594
0.053376 0.215392 0.072290 0.273605
0.060402 0.215392 0.079320 0.273616
0.067429 0.215392 0.086350 0.273627
0.074455 0.215392 0.093381 0.273638
0.081482 0.215392 0.100411 0.273649
0.088508 0.215392 0.107441 0.273660
0.095535 0.215392 0.114471 0.273671
0.102561 0.215392 0.121501 0.273682
0.109588 0.215392 0.109588 0.215392
0.116615 0.215392 0.116615 0.215392
0.123641 0.215392 0.123641 0.215392
0.130668 0.215392 0.130668 0.215392
0.137694 0.215392 0.137694 0.215392
0.144721 0.215392 0.144721 0.215392
0.151747 0.215392 0.151747 0.215392
0.158774 0.215392 0.158774 0.215392
0.165800 0.215392 0.165800 0.215392
0.172827 0.215392 0.172827 0.215392
0.179853 0.215392 0.179853 0.215392
0.186880 0.215392 0.186880 0.215392
0.193906 0.215392 0.193906 0.215392
0.200933 0.215392 0.200933 0.215392
0.207959 0.215392 0.207959 0.215392
0.214986 0.215392 0.214986 0.215392
0.222012 0.215392 0.222012 0.215392
0.229039 0.215392 0.229039 0.215392
0.236065 0.215392 0.236065 0.215392
0.243092 0.215392 0.243092 0.215392
0.250118 0.215392 0.250118 0.215392
0.257145 0.215392 0.257145 0.215392
0.264172 0.215392 0.264172 0.215392
0.271198 0.215392 0.271198 0.215392
0.278225 0.215392 0.278225 0.215392
0.285251 0.215392 0.285251 0.215392
0.292278 0.215392 0.292278 0.215392
0.299304 0.215392 0.299304 0.215392
0.306331 0.215392 0.306331 0.215392
0.313357 0.215392 0.313357 0.215392
0.320384 0.215392 0.320384 0.215392
0.327410 0.215392 0.327410 0.215392
0.334437 0.215392 0.334437 0.215392
0.341463 0.215392 0.341463 0.215392
0.348490 0.215392 0.348490 0.215392
0.355516 0.215392 0.355516 0.215392
0.362543 0.215392 0.362543 0.215392
0.369569 0.215392 0.369569 0.215392
0.376596 0.215392 0.376596 0.215392
0.383622 0.215392 0.383622 0.215392
0.390649 0.215392 0.390649 0.215392
0.397676 0.215392 0.397676 0.215392
0.404702 0.215392 0.404702 0.215392
0.411729 0.215392 0.411729 0.215392
0.418755 0.215392 0.418755 0.215392
0.425782 0.215392 0.425782 0.215392
0.432808 0.215392 0.432808 0.215392
0.439835 0.215392 0.439835 0.215392
0.446861 0.215392 0.446861 0.215392
0.453888 0.215392 0.453888 0.215392
0.460914 0.215392 0.460914 0.215392
0.467941 0.215392 0.467941 0.215392
0.474967 0.215392 0.474967 0.215392
0.481994 0.215392 0.481994 0.215392
-0.410375 0.222693 -0.410375 0.222693
-0.403348 0.222693 -0.403348 0.222693
-0.396322 0.222693 -0.396322 0.222693
-0.389295 0.222693 -0.389295 0.222693
-0.382269 0.222693 -0.382269 0.222693
-0.375242 0.222693 -0.375242 0.222693
-0.368216 0.222693 -0.368216 0.222693
-0.361189 0.222693 -0.361189 0.222693
-0.354163 0.222693 -0.354163 0.222693
-0.347136 0.222693 -0.347136 0.222693
-0.340110 0.222693 -0.340110 0.222693
-0.333083 0.222693 -0.333083 0.222693
-0.326057 0.222693 -0.326057 0.222693
-0.319030 0.222693 -0.319030 0.222693
-0.312003 0.222693 -0.312003 0.222693
-0.304977 0.222693 -0.304977 0.222693
-0.297950 0.222693 -0.297950 0.222693
-0.290924 0.222693 -0.290924 0.222693
-0.283897 0.222693 -0.283897 0.222693
-0.276871 0.222693 -0.276871 0.222693
-0.269844 0.222693 -0.269844 0.222693
-0.262818 0.222693 -0.262818 0.222693
-0.255791 0.222693 -0.255791 0.222693
-0.248765 0.222693 -0.248765 0.222693
-0.241738 0.222693 -0.241738 0.222693
-0.234712 0.222693 -0.234712 0.222693
-0.227685 0.222693 -0.227685 0.222693
-0.220659 0.222693 -0.220659 0.222693
-0.213632 0.222693 -0.213632 0.222693
-0.206606 0.222693 -0.206606 0.222693
-0.199579 0.222693 -0.199579 0.222693
-0.192553 0.222693 -0.192553 0.222693
-0.185526 0.222693 -0.185526 0.222693
-0.178499 0.222693 -0.178499 0.222693
-0.171473 0.222693 -0.171473 0.222693
-0.164446 0.222693 -0.164446 0.222693
-0.157420 0.222693 -0.157420 0.222693
-0.150393 0.222693 -0.150393 0.222693
-0.143367 0.222693 -0.143367 0.222693
-0.136340 0.222693 -0.136340 0.222693
-0.129314 0.222693 -0.129314 0.222693
-0.122287 0.222693 -0.122287 0.222693
-0.115261 0.222693 -0.115261 0.222693
-0.108234 0.222693 -0.108234 0.222693
-0.101208 0.222693 -0.101208 0.222693
-0.094181 0.222693 -0.094181 0.222693
-0.087155 0.222693 -0.087155 0.222693
-0.080128 0.222693 -0.080128 0.222693
-0.073102 0.222693 -0.073102 0.222693
-0.066075 0.222693 -0.066075 0.222693
-0.059049 0.222693 -0.059049 0.222693
-0.052022 0.222693 -0.052022 0.222693
-0.044996 0.222693 -0.044996 0.222693
-0.037969 0.222693 -0.037969 0.222693
-0.030942 0.222693 -0.030942 0.222693
-0.023916 0.222693 -0.023916 0.222693
-0.016889 0.222693 -0.016889 0.222693
-0.009863 0.222693 -0.009863 0.222693
-0.002836 0.222693 -0.002836 0.222693
0.004190 0.222693 0.004190 0.222693
0.011217 0.222693 0.011217 0.222693
0.018243 0.222693 0.018243 0.222693
0.025270 0.222693 0.025270 0.222693
0.032296 0.222693 0.051211 0.280909
0.039323 0.222693 0.058241 0.280920
0.046349 0.222693 0.065271 0.280931
0.053376 0.222693 0.072301 0.280942
0.060402 0.222693 0.079332 0.280953
0.067429 0.222693 0.086362 0.280964
0.074455 0.222693 0.093392 0.280975
0.081482 0.222693 0.100423 0.280986
0.088508 0.222693 0.107453 0.280997
0.095535 0.222693 0.114483 0.281008
0.102561 0.222693 0.121513 0.281019
0.109588 0.222693 0.109588 0.222693
0.116615 0.222693 0.116615 0.222693
0.123641 0.222693 0.123641 0.222693
0.130668 0.222693 0.130668 0.222693
0.137694 0.222693 0.137694 0.222693
0.144721 0.222693 0.144721 0.222693
0.151747 0.222693 0.151747 0.222693
0.158774 0.222693 0.158774 0.222693
0.165800 0.222693 0.165800 0.222693
0.172827 0.222693 0.172827 0.222693
0.179853 0.222693 0.179853 0.222693
0.186880 0.222693 0.186880 0.222693
0.193906 0.222693 0.193906 0.222693
0.200933 0.222693 0.200933 0.222693
0.207959 0.222693 0.207959 0.222693
0.214986 0.222693 0.214986 0.222693
0.222012 0.222693 0.222012 0.222693
0.229039 0.222693 0.229039 0.222693
0.236065 0.222693 0.236065 0.222693
0.243092 0.222693 0.243092 0.222693
0.250118 0.222693 0.250118 0.222693
0.257145 0.222693 0.257145 0.222693
0.264172 0.222693 0.264172 0.222693
0.271198 0.222693 0.271198 0.222693
0.278225 0.222693 0.278225 0.222693
0.285251 0.222693 0.285251 0.222693
0.292278 0.222693 0.292278 0.222693
0.299304 0.222693 0.299304 0.222693
0.306331 0.222693 0.306331 0.222693
0.313357 0.222693 0.313357 0.222693
0.320384 0.222693 0.320384 0.222693
0.327410 0.222693 0.327410 0.222693
0.334437 0.222693 0.334437 0.222693
0.341463 0.222693 0.341463 0.222693
0.348490 0.222693 0.348490 0.222693
0.355516 0.222693 0.355516 0.222693
0.362543 0.222693 0.362543 0.222693
0.369569 0.222693 0.369569 0.222693
0.376596 0.222693 0.376596 0.222693
0.383622 0.222693 0.383622 0.222693
0.390649 0.222693 0.390649 0.222693
0.397676 0.222693 0.397676 0.222693
0.404702 0.222693 0.404702 0.222693
0.411729 0.222693 0.411729 0.222693
0.418755 0.222693 0.418755 0.222693
0.425782 0.222693 0.425782 0.222693
0.432808 0.222693 0.432808 0.222693
0.439835 0.222693 0.439835 0.222693
0.446861 0.222693 0.446861 0.222693
0.453888 0.222693 0.453888 0.222693
0.460914 0.222693 0.460914 0.222693
0.467941 0.222693 0.467941 0.222693
0.474967 0.222693 0.474967 0.222693
0.481994 0.222693 0.481994 0.222693
-0.410375 0.229995 -0.410375 0.229995
-0.403348 0.229995 -0.403348 0.229995
-0.396322 0.229995 -0.396322 0.229995
-0.389295 0.229995 -0.389295 0.229995
-0.382269 0.229995 -0.382269 0.229995
-0.375242 0.229995 -0.375242 0.229995
-0.368216 0.229995 -0.368216 0.229995
-0.361189 0.229995 -0.361189 0.229995
-0.354163 0.229995 -0.354163 0.229995
-0.347136 0.229995 -0.347136 0.229995
-0.340110 0.229995 -0.340110 0.229995
-0.333083 0.229995 -0.333083 0.229995
-0.326057 0.229995 -0.326057 0.229995
-0.319030 0.229995 -0.319030 0.229995
-0.312003 0.229995 -0.312003 0.229995
-0.304977 0.229995 -0.304977 0.229995
-0.297950 0.229995 -0.297950 0.229995
-0.290924 0.229995 -0.290924 0.229995
-0.283897 0.229995 -0.283897 0.229995
-0.276871 0.229995 -0.276871 0.229995
-0.269844 0.229995 -0.269844 0.229995
-0.262818 0.229995 -0.262818 0.229995
-0.255791 0.229995 -0.255791 0.229995
-0.248765 0.229995 -0.248765 0.229995
-0.241738 0.229995 -0.241738 0.229995
-0.234712 0.229995 -0.234712 0.229995
-0.227685 0.229995 -0.227685 0.229995
-0.220659 0.229995 -0.220659 0.229995
-0.213632 0.229995 -0.213632 0.229995
-0.206606 0.229995 -0.206606 0.229995
-0.199579 0.229995 -0.199579 0.229995
-0.192553 0.229995 -0.192553 0.229995
-0.185526 0.229995 -0.185526 0.229995
-0.178499 0.229995 -0.178499 0.229995
-0.171473 0.229995 -0.171473 0.229995
-0.164446 0.229995 -0.164446 0.229995
-0.157420 0.229995 -0.157420 0.229995
-0.150393 0.229995 -0.150393 0.229995
-0.143367 0.229995 -0.143367 0.229995
-0.136340 0.229995 -0.136340 0.229995
-0.129314 0.229995 -0.129314 0.229995
-0.122287 0.229995 -0.122287 0.229995
-0.115261 0.229995 -0.115261 0.229995
-0.108234 0.229995 -0.108234 0.229995
-0.101208 0.229995 -0.101208 0.229995
-0.094181 0.229995 -0.094181 0.229995
-0.087155 0.229995 -0.087155 0.229995
-0.080128 0.229995 -0.080128 0.229995
-0.073102 0.229995 -0.073102 0.229995
-0.066075 0.229995 -0.066075 0.229995
-0.059049 0.229995 -0.059049 0.229995
-0.052022 0.229995 -0.052022 0.229995
-0.044996 0.229995 -0.044996 0.229995
-0.037969 0.229995 -0.037969 0.229995
-0.030942 0.229995 -0.030942 0.229995
-0.023916 0.229995 -0.023916 0.229995
-0.016889 0.229995 -0.016889 0.229995
-0.009863 0.229995 -0.009863 0.229995
-0.002836 0.229995 -0.002836 0.229995
0.004190 0.229995 0.004190 0.229995
0.011217 0.229995 0.011217 0.229995
0.018243 0.229995 0.018243 0.229995
0.025270 0.229995 0.025270 0.229995
0.032296 0.229995 0.032296 0.229995
0.039323 0.229995 0.058253 0.288256
0.046349 0.229995 0.065283 0.288267
0.053376 0.229995 0.072313 0.288278
0.060402 0.229995 0.079343 0.288289
0.067429 0.229995 0.086373 0.288300
0.074455 0.229995 0.093403 0.288311
0.081482 0.229995 0.100434 0.288322
0.088508 0.229995 0.107464 0.288333
0.095535 0.229995 0.114494 0.288344
0.102561 0.229995 0.121524 0.288355
0.109588 0.229995 0.109588 0.229995
0.116615 0.229995 0.116615 0.229995
0.123641 0.229995 0.123641 0.229995
0.130668 0.229995 0.130668 0.229995
0.137694 0.229995 0.137694 0.229995
0.144721 0.229995 0.144721 0.229995
0.151747 0.229995 0.151747 0.229995
0.158774 0.229995 0.158774 0.229995
0.165800 0.229995 0.165800 0.229995
0.172827 0.229995 0.172827 0.229995
0.179853 0.229995 0.179853 0.229995
0.186880 0.229995 0.186880 0.229995
0.193906 0.229995 0.193906 0.229995
0.200933 0.229995 0.200933 0.229995
0.207959 0.229995 0.207959 0.229995
0.214986 0.229995 0.214986 0.229995
0.222012 0.229995 0.222012 0.229995
0.229039 0.229995 0.229039 0.229995
0.236065 0.229995 0.236065 0.229995
0.243092 0.229995 0.243092 0.229995
0.250118 0.229995 0.250118 0.229995
0.257145 0.229995 0.257145 0.229995
0.264172 0.229995 0.264172 0.229995
0.271198 0.229995 0.271198 0.229995
0.278225 0.229995 0.278225 0.229995
0.285251 0.229995 0.285251 0.229995
0.292278 0.229995 0.292278 0.229995
0.299304 0.229995 0.299304 0.229995
0.306331 0.229995 0.306331 0.229995
0.313357 0.229995 0.313357 0.229995
0.320384 0.229995 0.320384 0.229995
0.327410 0.229995 0.327410 0.229995
0.334437 0.229995 0.334437 0.229995
0.341463 0.229995 0.341463 0.229995
0.348490 0.229995 0.348490 0.229995
0.355516 0.229995 0.355516 0.229995
0.362543 0.229995 0.362543 0.229995
0.369569 0.229995 0.369569 0.229995
0.376596 0.229995 0.376596 0.229995
0.383622 0.229995 0.383622 0.229995
0.390649 0.229995 0.390649 0.229995
0.397676 0.229995 0.397676 0.229995
0.404702 0.229995 0.404702 0.229995
0.411729 0.229995 0.411729 0.229995
0.418755 0.229995 0.418755 0.229995
0.425782 0.229995 0.425782 0.229995
0.432808 0.229995 0.432808 0.229995
0.439835 0.229995 0.439835 0.229995
0.446861 0.229995 0.446861 0.229995
0.453888 0.229995 0.453888 0.229995
0.460914 0.229995 0.460914 0.229995
0.467941 0.229995 0.467941 0.229995
0.474967 0.229995 0.474967 0.229995
0.481994 0.229995 0.481994 0.229995
-0.410375 0.237296 -0.410375 0.237296
-0.403348 0.237296 -0.403348 0.237296
-0.396322 0.237296 -0.396322 0.237296
-0.389295 0.237296 -0.389295 0.237296
-0.382269 0.237296 -0.382269 0.237296
-0.375242 0.237296 -0.375242 0.237296
-0.368216 0.237296 -0.368216 0.237296
-0.361189 0.237296 -0.361189 0.237296
-0.354163 0.237296 -0.354163 0.237296
-0.347136 0.237296 -0.347136 0.237296
-0.340110 0.237296 -0.340110 0.237296
-0.333083 0.237296 -0.333083 0.237296
-0.326057 0.237296 -0.326057 0.237296
-0.319030 0.237296 -0.319030 0.237296
-0.312003 0.237296 -0.312003 0.237296
-0.304977 0.237296 -0.304977 0.237296
-0.297950 0.237296 -0.297950 0.237296
-0.290924 0.237296 -0.290924 0.237296
-0.283897 0.237296 -0.283897 0.237296
-0.276871 0.237296 -0.276871 0.237296
-0.269844 0.237296 -0.269844 0.237296
-0.262818 0.237296 -0.262818 0.237296
-0.255791 0.237296 -0.255791 0.237296
-0.248765 0.237296 -0.248765 0.237296
-0.241738 0.237296 -0.241738 0.237296
-0.234712 0.237296 -0.234712 0.237296
-0.227685 0.237296 -0.227685 0.237296
-0.220659 0.237296 -0.220659 0.237296
-0.213632 0.237296 -0.213632 0.237296
-0.206606 0.237296 -0.206606 0.237296
-0.199579 0.237296 -0.199579 0.237296
-0.192553 0.237296 -0.192553 0.237296
-0.185526 0.237296 -0.185526 0.237296
-0.178499 0.237296 -0.178499 0.237296
-0.171473 0.237296 -0.171473 0.237296
-0.164446 0.237296 -0.164446 0.237296
-0.157420 0.237296 -0.157420 0.237296
-0.150393 0.237296 -0.150393 0.237296
-0.143367 0.237296 -0.143367 0.237296
-0.136340 0.237296 -0.136340 0.237296
-0.129314 0.237296 -0.129314 0.237296
-0.122287 0.237296 -0.122287 0.237296
-0.115261 0.237296 -0.115261 0.237296
-0.108234 0.237296 -0.108234 0.237296
-0.101208 0.237296 -0.101208 0.237296
-0.094181 0.237296 -0.094181 0.237296
-0.087155 0.237296 -0.087155 0.237296
-0.080128 0.237296 -0.080128 0.237296
-0.073102 0.237296 -0.073102 0.237296
-0.066075 0.237296 -0.066075 0.237296
-0.059049 0.237296 -0.059049 0.237296
-0.052022 0.237296 -0.052022 0.237296
-0.044996 0.237296 -0.044996 0.237296
-0.037969 0.237296 -0.037969 0.237296
-0.030942 0.237296 -0.030942 0.237296
-0.023916 0.237296 -0.023916 0.237296
-0.016889 0.237296 -0.016889 0.237296
-0.009863 0.237296 -0.009863 0.237296
-0.002836 0.237296 -0.002836 0.237296
0.004190 0.237296 0.004190 0.237296
0.011217 0.237296 0.011217 0.237296
0.018243 0.237296 0.018243 0.237296
0.025270 0.237296 0.025270 0.237296
0.032296 0.237296 0.032296 0.237296
0.039323 0.237296 0.058264 0.295593
0.046349 0.237296 0.065294 0.295604
0.053376 0.237296 0.072324 0.295615
0.060402 0.237296 0.079354 0.295626
0.067429 0.237296 0.086385 0.295637
0.074455 0.237296 0.093415 0.295648
0.081482 0.237296 0.100445 0.295659
0.088508 0.237296 0.107476 0.295670
0.095535 0.237296 0.114506 0.295681
0.102561 0.237296 0.121536 0.295692
0.109588 0.237296 0.109588 0.237296
0.116615 0.237296 0.116615 0.237296
0.123641 0.237296 0.123641 0.237296
0.130668 0.237296 0.130668 0.237296
0.137694 0.237296 0.137694 0.237296
0.144721 0.237296 0.144721 0.237296
0.151747 0.237296 0.151747 0.237296
0.158774 0.237296 0.158774 0.237296
0.165800 0.237296 0.165800 0.237296
0.172827 0.237296 0.172827 0.237296
0.179853 0.237296 0.179853 0.237296
0.186880 0.237296 0.186880 0.237296
0.193906 0.237296 0.193906 0.237296
0.200933 0.237296 0.200933 0.237296
0.207959 0.237296 0.207959 0.237296
0.214986 0.237296 0.214986 0.237296
0.222012 0.237296 0.222012 0.237296
0.229039 0.237296 0.229039 0.237296
0.236065 0.237296 0.236065 0.237296
0.243092 0.237296 0.243092 0.237296
0.250118 0.237296 0.250118 0.237296
0.257145 0.237296 0.257145 0.237296
0.264172 0.237296 0.264172 0.237296
0.271198 0.237296 0.271198 0.237296
0.278225 0.237296 0.278225 0.237296
0.285251 0.237296 0.285251 0.237296
0.292278 0.237296 0.292278 0.237296
0.299304 0.237296 0.299304 0.237296
0.306331 0.237296 0.306331 0.237296
0.313357 0.237296 0.313357 0.237296
0.320384 0.237296 0.320384 0.237296
0.327410 0.237296 0.327410 0.237296
0.334437 0.237296 0.334437 0.237296
0.341463 0.237296 0.341463 0.237296
0.348490 0.237296 0.348490 0.237296
0.355516 0.237296 0.355516 0.237296
0.362543 0.237296 0.362543 0.237296
0.369569 0.237296 0.369569 0.237296
0.376596 0.237296 0.376596 0.237296
0.383622 0.237296 0.383622 0.237296
0.390649 0.237296 0.390649 0.237296
0.397676 0.237296 0.397676 0.237296
0.404702 0.237296 0.404702 0.237296
0.411729 0.237296 0.411729 0.237296
0.418755 0.237296 0.418755 0.237296
0.425782 0.237296 0.425782 0.237296
0.432808 0.237296 0.432808 0.237296
0.439835 0.237296 0.439835 0.237296
0.446861 0.237296 0.446861 0.237296
0.453888 0.237296 0.453888 0.237296
0.460914 0.237296 0.460914 0.237296
0.467941 0.237296 0.467941 0.237296
0.474967 0.237296 0.474967 0.237296
0.481994 0.237296 0.481994 0.237296
-0.410375 0.244597 -0.410375 0.244597
-0.403348 0.244597 -0.403348 0.244597
-0.396322 0.244597 -0.396322 0.244597
-0.389295 0.244597 -0.389295 0.244597
-0.382269 0.244597 -0.382269 0.244597
-0.375242 0.244597 -0.375242 0.244597
-0.368216 0.244597 -0.368216 0.244597
-0.361189 0.244597 -0.361189 0.244597
-0.354163 0.244597 -0.354163 0.244597
-0.347136 0.244597 -0.347136 0.244597
-0.340110 0.244597 -0.340110 0.244597
-0.333083 0.244597 -0.333083 0.244597
-0.326057 0.244597 -0.326057 0.244597
-0.319030 0.244597 -0.319030 0.244597
-0.312003 0.244597 -0.312003 0.244597
-0.304977 0.244597 -0.304977 0.244597
-0.297950 0.244597 -0.297950 0.244597
-0.290924 0.244597 -0.290924 0.244597
-0.283897 0.244597 -0.283897 0.244597
-0.276871 0.244597 -0.276871 0.244597
-0.269844 0.244597 -0.269844 0.244597
-0.262818 0.244597 -0.262818 0.244597
-0.255791 0.244597 -0.255791 0.244597
-0.248765 0.244597 -0.248765 0.244597
-0.241738 0.244597 -0.241738 0.244597
-0.234712 0.244597 -0.234712 0.244597
-0.227685 0.244597 -0.227685 0.244597
-0.220659 0.244597 -0.220659 0.244597
-0.213632 0.244597 -0.213632 0.244597
-0.206606 0.244597 -0.206606 0.244597
-0.199579 0.244597 -0.199579 0.244597
-0.192553 0.244597 -0.192553 0.244597
-0.185526 0.244597 -0.185526 0.244597
-0.178499 0.244597 -0.178499 0.244597
-0.171473 0.244597 -0.171473 0.244597
-0.164446 0.244597 -0.164446 0.244597
-0.157420 0.244597 -0.157420 0.244597
-0.150393 0.244597 -0.150393 0.244597
-0.143367 0.244597 -0.143367 0.244597
-0.136340 0.244597 -0.136340 0.244597
-0.129314 0.244597 -0.129314 0.244597
-0.122287 0.244597 -0.122287 0.244597
-0.115261 0.244597 -0.115261 0.244597
-0.108234 0.244597 -0.108234 0.244597
-0.101208 0.244597 -0.101208 0.244597
-0.094181 0.244597 -0.094181 0.244597
-0.087155 0.244597 -0.087155 0.244597
-0.080128 0.244597 -0.080128 0.244597
-0.073102 0.244597 -0.073102 0.244597
-0.066075 0.244597 -0.066075 0.244597
-0.059049 0.244597 -0.059049 0.244597
-0.052022 0.244597 -0.052022 0.244597
-0.044996 0.244597 -0.044996 0.244597
-0.037969 0.244597 -0.037969 0.244597
-0.030942 0.244597 -0.030942 0.244597
-0.023916 0.244597 -0.023916 0.244597
-0.016889 0.244597 -0.016889 0.244597
-0.009863 0.244597 -0.009863 0.244597
-0.002836 0.244597 -0.002836 0.244597
0.004190 0.244597 0.004190 0.244597
0.011217 0.244597 0.011217 0.244597
0.018243 0.244597 0.018243 0.244597
0.025270 0.244597 0.025270 0.244597
0.032296 0.244597 0.032296 0.244597
0.039323 0.244597 0.039323 0.244597
0.046349 0.244597 0.065306 0.302941
0.053376 0.244597 0.072336 0.302952
0.060402 0.244597 0.079366 0.302963
0.067429 0.244597 0.086396 0.302974
0.074455 0.244597 0.093426 0.302985
0.081482 0.244597 0.100457 0.302996
0.088508 0.244597 0.107487 0.303007
0.095535 0.244597 0.114517 0.303018
0.102561 0.244597 0.121547 0.303029
0.109588 0.244597 0.128577 0.303040
0.116615 0.244597 0.116615 0.244597
0.123641 0.244597 0.123641 0.244597
0.130668 0.244597 0.130668 0.244597
0.137694 0.244597 0.137694 0.244597
0.144721 0.244597 0.144721 0.244597
0.151747 0.244597 0.151747 0.244597
0.158774 0.244597 0.158774 0.244597
0.165800 0.244597 0.165800 0.244597
0.172827 0.244597 0.172827 0.244597
0.179853 0.244597 0.179853 0.244597
0.186880 0.244597 0.186880 0.244597
0.193906 0.244597 0.193906 0.244597
0.200933 0.244597 0.200933 0.244597
0.207959 0.244597 0.207959 0.244597
0.214986 0.244597 0.214986 0.244597
0.222012 0.244597 0.222012 0.244597
0.229039 0.244597 0.229039 0.244597
0.236065 0.244597 0.236065 0.244597
0.243092 0.244597 0.243092 0.244597
0.250118 0.244597 0.250118 0.244597
0.257145 0.244597 0.257145 0.244597
0.264172 0.244597 0.264172 0.244597
0.271198 0.244597 0.271198 0.244597
0.278225 0.244597 0.278225 0.244597
0.285251 0.244597 0.285251 0.244597
0.292278 0.244597 0.292278 0.244597
0.299304 0.244597 0.299304 0.244597
0.306331 0.244597 0.306331 0.244597
0.313357 0.244597 0.313357 0.244597
0.320384 0.244597 0.320384 0.244597
0.327410 0.244597 0.327410 0.244597
0.334437 0.244597 0.334437 0.244597
0.341463 0.244597 0.341463 0.244597
0.348490 0.244597 0.348490 0.244597
0.355516 0.244597 0.355516 0.244597
0.362543 0.244597 0.362543 0.244597
0.369569 0.244597 0.369569 0.244597
0.376596 0.244597 0.376596 0.244597
0.383622 0.244597 0.383622 0.244597
0.390649 0.244597 0.390649 0.244597
0.397676 0.244597 0.397676 0.244597
0.404702 0.244597 0.404702 0.244597
0.411729 0.244597 0.411729 0.244597
0.418755 0.244597 0.418755 0.244597
0.425782 0.244597 0.425782 0.244597
0.432808 0.244597 0.432808 0.244597
0.439835 0.244597 0.439835 0.244597
0.446861 0.244597 0.446861 0.244597
0.453888 0.244597 0.453888 0.244597
0.460914 0.244597 0.460914 0.244597
0.467941 0.244597 0.467941 0.244597
0.474967 0.244597 0.474967 0.244597
0.481994 0.244597 0.481994 0.244597
-0.410375 0.251899 -0.410375 0.251899
-0.403348 0.251899 -0.403348 0.251899
-0.396322 0.251899 -0.396322 0.251899
-0.389295 0.251899 -0.389295 0.251899
-0.382269 0.251899 -0.382269 0.251899
-0.375242 0.251899 -0.375242 0.251899
-0.368216 0.251899 -0.368216 0.251899
-0.361189 0.251899 -0.361189 0.251899
-0.354163 0.251899 -0.354163 0.251899
-0.347136 0.251899 -0.347136 0.251899
-0.340110 0.251899 -0.340110 0.251899
-0.333083 0.251899 -0.333083 0.251899
-0.326057 0.251899 -0.326057 0.251899
-0.319030 0.251899 -0.319030 0.251899
-0.312003 0.251899 -0.312003 0.251899
-0.304977 0.251899 -0.304977 0.251899
-0.297950 0.251899 -0.297950 0.251899
-0.290924 0.251899 -0.290924 0.251899
-0.283897 0.251899 -0.283897 0.251899
-0.276871 0.251899 -0.276871 0.251899
-0.269844 0.251899 -0.269844 0.251899
-0.262818 0.251899 -0.262818 0.251899
-0.255791 0.251899 -0.255791 0.251899
-0.248765 0.251899 -0.248765 0.251899
-0.241738 0.251899 -0.241738 0.251899
-0.234712 0.251899 -0.234712 0.251899
-0.227685 0.251899 -0.227685 0.251899
-0.220659 0.251899 -0.220659 0.251899
-0.213632 0.251899 -0.213632 0.251899
-0.206606 0.251899 -0.206606 0.251899
-0.199579 0.251899 -0.199579 0.251899
-0.192553 0.251899 -0.192553 0.251899
-0.185526 0.251899 -0.185526 0.251899
-0.178499 0.251899 -0.178499 0.251899
-0.171473 0.251899 -0.171473 0.251899
-0.164446 0.251899 -0.164446 0.251899
-0.157420 0.251899 -0.157420 0.251899
-0.150393 0.251899 -0.150393 0.251899
-0.143367 0.251899 -0.143367 0.251899
-0.136340 0.251899 -0.136340 0.251899
-0.129314 0.251899 -0.129314 0.251899
-0.122287 0.251899 -0.122287 0.251899
-0.115261 0.251899 -0.115261 0.251899
-0.108234 0.251899 -0.108234 0.251899
-0.101208 0.251899 -0.101208 0.251899
-0.094181 0.251899 -0.094181 0.251899
-0.087155 0.251899 -0.087155 0.251899
-0.080128 0.251899 -0.080128 0.251899
-0.073102 0.251899 -0.073102 0.251899
-0.066075 0.251899 -0.066075 0.251899
-0.059049 0.251899 -0.059049 0.251899
-0.052022 0.251899 -0.052022 0.251899
-0.044996 0.251899 -0.044996 0.251899
-0.037969 0.251899 -0.037969 0.251899
-0.030942 0.251899 -0.030942 0.251899
-0.023916 0.251899 -0.023916 0.251899
-0.016889 0.251899 -0.016889 0.251899
-0.009863 0.251899 -0.009863 0.251899
-0.002836 0.251899 -0.002836 0.251899
0.004190 0.251899 0.004190 0.251899
0.011217 0.251899 0.011217 0.251899
0.018243 0.251899 0.018243 0.251899
0.025270 0.251899 0.025270 0.251899
0.032296 0.251899 0.032296 0.251899
0.039323 0.251899 0.039323 0.251899
0.046349 0.251899 0.046349 0.251899
0.053376 0.251899 0.072347 0.310288
0.060402 0.251899 0.079377 0.310299
0.067429 0.251899 0.086408 0.310310
0.074455 0.251899 0.093438 0.310321
0.081482 0.251899 0.100468 0.310332
0.088508 0.251899 0.107498 0.310343
0.095535 0.251899 0.114529 0.310354
0.102561 0.251899 0.121559 0.310365
0.109588 0.251899 0.128589 0.310376
0.116615 0.251899 0.116615 0.251899
0.123641 0.251899 0.123641 0.251899
0.130668 0.251899 0.130668 0.251899
0.137694 0.251899 0.137694 0.251899
0.144721 0.251899 0.144721 0.251899
0.151747 0.251899 0.151747 0.251899
0.158774 0.251899 0.158774 0.251899
0.165800 0.251899 0.165800 0.251899
0.172827 0.251899 0.172827 0.251899
0.179853 0.251899 0.179853 0.251899
0.186880 0.251899 0.186880 0.251899
0.193906 0.251899 0.193906 0.251899
0.200933 0.251899 0.200933 0.251899
0.207959 0.251899 0.207959 0.251899
0.214986 0.251899 0.214986 0.251899
0.222012 0.251899 0.222012 0.251899
0.229039 0.251899 0.229039 0.251899
0.236065 0.251899 0.236065 0.251899
0.243092 0.251899 0.243092 0.251899
0.250118 0.251899 0.250118 0.251899
0.257145 0.251899 0.257145 0.251899
0.264172 0.251899 0.264172 0.251899
0.271198 0.251899 0.271198 0.251899
0.278225 0.251899 0.278225 0.251899
0.285251 0.251899 0.285251 0.251899
0.292278 0.251899 0.292278 0.251899
0.299304 0.251899 0.299304 0.251899
0.306331 0.251899 0.306331 0.251899
0.313357 0.251899 0.313357 0.251899
0.320384 0.251899 0.320384 0.251899
0.327410 0.251899 0.327410 0.251899
0.334437 0.251899 0.334437 0.251899
0.341463 0.251899 0.341463 0.251899
0.348490 0.251899 0.348490 0.251899
0.355516 0.251899 0.355516 0.251899
0.362543 0.251899 0.362543 0.251899
0.369569 0.251899 0.369569 0.251899
0.376596 0.251899 0.376596 0.251899
0.383622 0.251899 0.383622 0.251899
0.390649 0.251899 0.390649 0.251899
0.397676 0.251899 0.397676 0.251899
0.404702 0.251899 0.404702 0.251899
0.411729 0.251899 0.411729 0.251899
0.418755 0.251899 0.418755 0.251899
0.425782 0.251899 0.425782 0.251899
0.432808 0.251899 0.432808 0.251899
0.439835 0.251899 0.439835 0.251899
0.446861 0.251899 0.446861 0.251899
0.453888 0.251899 0.453888 0.251899
0.460914 0.251899 0.460914 0.251899
0.467941 0.251899 0.467941 0.251899
0.474967 0.251899 0.474967 0.251899
0.481994 0.251899 0.481994 0.251899
-0.410375 0.259200 -0.410375 0.259200
-0.403348 0.259200 -0.403348 0.259200
-0.396322 0.259200 -0.396322 0.259200
-0.389295 0.259200 -0.389295 0.259200
-0.382269 0.259200 -0.382269 0.259200
-0.375242 0.259200 -0.375242 0.259200
-0.368216 0.259200 -0.368216 0.259200
-0.361189 0.259200 -0.361189 0.259200
-0.354163 0.259200 -0.354163 0.259200
-0.347136 0.259200 -0.347136 0.259200
-0.340110 0.259200 -0.340110 0.259200
-0.333083 0.259200 -0.333083 0.259200
-0.326057 0.259200 -0.326057 0.259200
-0.319030 0.259200 -0.319030 0.259200
-0.312003 0.259200 -0.312003 0.259200
-0.304977 0.259200 -0.304977 0.259200
-0.297950 0.259200 -0.297950 0.259200
-0.290924 0.259200 -0.290924 0.259200
-0.283897 0.259200 -0.283897 0.259200
-0.276871 0.259200 -0.276871 0.259200
-0.269844 0.259200 -0.269844 0.259200
-0.262818 0.259200 -0.262818 0.259200
-0.255791 0.259200 -0.255791 0.259200
-0.248765 0.259200 -0.248765 0.259200
-0.241738 0.259200 -0.241738 0.259200
-0.234712 0.259200 -0.234712 0.259200
-0.227685 0.259200 -0.227685 0.259200
-0.220659 0.259200 -0.220659 0.259200
-0.213632 0.259200 -0.213632 0.259200
-0.206606 0.259200 -0.206606 0.259200
-0.199579 0.259200 -0.199579 0.259200
-0.192553 0.259200 -0.192553 0.259200
-0.185526 0.259200 -0.185526 0.259200
-0.178499 0.259200 -0.178499 0.259200
-0.171473 0.259200 -0.171473 0.259200
-0.164446 0.259200 -0.164446 0.259200
-0.157420 0.259200 -0.157420 0.259200
-0.150393 0.259200 -0.150393 0.259200
-0.143367 0.259200 -0.143367 0.259200
-0.136340 0.259200 -0.136340 0.259200
-0.129314 0.259200 -0.129314 0.259200
-0.122287 0.259200 -0.122287 0.259200
-0.115261 0.259200 -0.115261 0.259200
-0.108234 0.259200 -0.108234 0.259200
-0.101208 0.259200 -0.101208 0.259200
-0.094181 0.259200 -0.094181 0.259200
-0.087155 0.259200 -0.087155 0.259200
-0.080128 0.259200 -0.080128 0.259200
-0.073102 0.259200 -0.073102 0.259200
-0.066075 0.259200 -0.066075 0.259200
-0.059049 0.259200 -0.059049 0.259200
-0.052022 0.259200 -0.052022 0.259200
-0.044996 0.259200 -0.044996 0.259200
-0.037969 0.259200 -0.037969 0.259200
-0.030942 0.259200 -0.030942 0.259200
-0.023916 0.259200 -0.023916 0.259200
-0.016889 0.259200 -0.016889 0.259200
-0.009863 0.259200 -0.009863 0.259200
-0.002836 0.259200 -0.002836 0.259200
0.004190 0.259200 0.004190 0.259200
0.011217 0.259200 0.011217 0.259200
0.018243 0.259200 0.018243 0.259200
0.025270 0.259200 0.025270 0.259200
0.032296 0.259200 0.032296 0.259200
0.039323 0.259200 0.039323 0.259200
0.046349 0.259200 0.046349 0.259200
0.053376 0.259200 0.072359 0.317625
0.060402 0.259200 0.079389 0.317636
0.067429 0.259200 0.086419 0.317647
0.074455 0.259200 0.093449 0.317658
0.081482 0.259200 0.100479 0.317669
0.088508 0.259200 0.107510 0.317680
0.095535 0.259200 0.114540 0.317691
0.102561 0.259200 0.121570 0.317702
0.109588 0.259200 0.128600 0.317713
0.116615 0.259200 0.116615 0.259200
0.123641 0.259200 0.123641 0.259200
0.130668 0.259200 0.130668 0.259200
0.137694 0.259200 0.137694 0.259200
0.144721 0.259200 0.144721 0.259200
0.151747 0.259200 0.151747 0.259200
0.158774 0.259200 0.158774 0.259200
0.165800 0.259200 0.165800 0.259200
0.172827 0.259200 0.172827 0.259200
0.179853 0.259200 0.179853 0.259200
0.186880 0.259200 0.186880 0.259200
0.193906 0.259200 0.193906 0.259200
0.200933 0.259200 0.200933 0.259200
0.207959 0.259200 0.207959 0.259200
0.214986 0.259200 0.214986 0.259200
0.222012 0.259200 0.222012 0.259200
0.229039 0.259200 0.229039 0.259200
0.236065 0.259200 0.236065 0.259200
0.243092 0.259200 0.243092 0.259200
0.250118 0.259200 0.250118 0.259200
0.257145 0.259200 0.257145 0.259200
0.264172 0.259200 0.264172 0.259200
0.271198 0.259200 0.271198 0.259200
0.278225 0.259200 0.278225 0.259200
0.285251 0.259200 0.285251 0.259200
0.292278 0.259200 0.292278 0.259200
0.299304 0.259200 0.299304 0.259200
0.306331 0.259200 0.306331 0.259200
0.313357 0.259200 0.313357 0.259200
0.320384 0.259200 0.320384 0.259200
0.327410 0.259200 0.327410 0.259200
0.334437 0.259200 0.334437 0.259200
0.341463 0.259200 0.341463 0.259200
0.348490 0.259200 0.348490 0.259200
0.355516 0.259200 0.355516 0.259200
0.362543 0.259200 0.362543 0.259200
0.369569 0.259200 0.369569 0.259200
0.376596 0.259200 0.376596 0.259200
0.383622 0.259200 0.383622 0.259200
0.390649 0.259200 0.390649 0.259200
0.397676 0.259200 0.397676 0.259200
0.404702 0.259200 0.404702 0.259200
0.411729 0.259200 0.411729 0.259200
0.418755 0.259200 0.418755 0.259200
0.425782 0.259200 0.425782 0.259200
0.432808 0.259200 0.432808 0.259200
0.439835 0.259200 0.439835 0.259200
0.446861 0.259200 0.446861 0.259200
0.453888 0.259200 0.453888 0.259200
0.460914 0.259200 0.460914 0.259200
0.467941 0.259200 0.467941 0.259200
0.474967 0.259200 0.474967 0.259200
0.481994 0.259200 0.481994 0.259200
-0.410375 0.266502 -0.410375 0.266502
-0.403348 0.266502 -0.403348 0.266502
-0.396322 0.266502 -0.396322 0.266502
-0.389295 0.266502 -0.389295 0.266502
-0.382269 0.266502 -0.382269 0.266502
-0.375242 0.266502 -0.375242 0.266502
-0.368216 0.266502 -0.368216 0.266502
-0.361189 0.266502 -0.361189 0.266502
-0.354163 0.266502 -0.354163 0.266502
-0.347136 0.266502 -0.347136 0.266502
-0.340110 0.266502 -0.340110 0.266502
-0.333083 0.266502 -0.333083 0.266502
-0.326057 0.266502 -0.326057 0.266502
-0.319030 0.266502 -0.319030 0.266502
-0.312003 0.266502 -0.312003 0.266502
-0.304977 0.266502 -0.304977 0.266502
-0.297950 0.266502 -0.297950 0.266502
-0.290924 0.266502 -0.290924 0.266502
-0.283897 0.266502 -0.283897 0.266502
-0.276871 0.266502 -0.276871 0.266502
-0.269844 0.266502 -0.269844 0.266502
-0.262818 0.266502 -0.262818 0.266502
-0.255791 0.266502 -0.255791 0.266502
-0.248765 0.266502 -0.248765 0.266502
-0.241738 0.266502 -0.241738 0.266502
-0.234712 0.266502 -0.234712 0.266502
-0.227685 0.266502 -0.227685 0.266502
-0.220659 0.266502 -0.220659 0.266502
-0.213632 0.266502 -0.213632 0.266502
-0.206606 0.266502 -0.206606 0.266502
-0.199579 0.266502 -0.199579 0.266502
-0.192553 0.266502 -0.192553 0.266502
-0.185526 0.266502 -0.185526 0.266502
-0.178499 0.266502 -0.178499 0.266502
-0.171473 0.266502 -0.171473 0.266502
-0.164446 0.266502 -0.164446 0.266502
-0.157420 0.266502 -0.157420 0.266502
-0.150393 0.266502 -0.150393 0.266502
-0.143367 0.266502 -0.143367 0.266502
-0.136340 0.266502 -0.136340 0.266502
-0.129314 0.266502 -0.129314 0.266502
-0.122287 0.266502 -0.122287 0.266502
-0.115261 0.266502 -0.115261 0.266502
-0.108234 0.266502 -0.108234 0.266502
-0.101208 0.266502 -0.101208 0.266502
-0.094181 0.266502 -0.094181 0.266502
-0.087155 0.266502 -0.087155 0.266502
-0.080128 0.266502 -0.080128 0.266502
-0.073102 0.266502 -0.073102 0.266502
-0.066075 0.266502 -0.066075 0.266502
-0.059049 0.266502 -0.059049 0.266502
-0.052022 0.266502 -0.052022 0.266502
-0.044996 0.266502 -0.044996 0.266502
-0.037969 0.266502 -0.037969 0.266502
-0.030942 0.266502 -0.030942 0.266502
-0.023916 0.266502 -0.023916 0.266502
-0.016889 0.266502 -0.016889 0.266502
-0.009863 0.266502 -0.009863 0.266502
-0.002836 0.266502 -0.002836 0.266502
0.004190 0.266502 0.004190 0.266502
0.011217 0.266502 0.011217 0.266502
0.018243 0.266502 0.018243 0.266502
0.025270 0.266502 0.025270 0.266502
0.032296 0.266502 0.032296 0.266502
0.039323 0.266502 0.039323 0.266502
0.046349 0.266502 0.046349 0.266502
0.053376 0.266502 0.053376 0.266502
0.060402 0.266502 0.079400 0.324973
0.067429 0.266502 0.086430 0.324984
0.074455 0.266502 0.093461 0.324995
0.081482 0.266502 0.100491 0.325006
0.088508 0.266502 0.107521 0.325017
0.095535 0.266502 0.114552 0.325028
0.102561 0.266502 0.121582 0.325039
0.109588 0.266502 0.128612 0.325050
0.116615 0.266502 0.116615 0.266502
0.123641 0.266502 0.123641 0.266502
0.130668 0.266502 0.130668 0.266502
0.137694 0.266502 0.137694 0.266502
0.144721 0.266502 0.144721 0.266502
0.151747 0.266502 0.151747 0.266502
0.158774 0.266502 0.158774 0.266502
0.165800 0.266502 0.165800 0.266502
0.172827 0.266502 0.172827 0.266502
0.179853 0.266502 0.179853 0.266502
0.186880 0.266502 0.186880 0.266502
0.193906 0.266502 0.193906 0.266502
0.200933 0.266502 0.200933 0.266502
0.207959 0.266502 0.207959 0.266502
0.214986 0.266502 0.214986 0.266502
0.222012 0.266502 0.222012 0.266502
0.229039 0.266502 0.229039 0.266502
0.236065 0.266502 0.236065 0.266502
0.243092 0.266502 0.243092 0.266502
0.250118 0.266502 0.250118 0.266502
0.257145 0.266502 0.257145 0.266502
0.264172 0.266502 0.264172 0.266502
0.271198 0.266502 0.271198 0.266502
0.278225 0.266502 0.278225 0.266502
0.285251 0.266502 0.285251 0.266502
0.292278 0.266502 0.292278 0.266502
0.299304 0.266502 0.299304 0.266502
0.306331 0.266502 0.306331 0.266502
0.313357 0.266502 0.313357 0.266502
0.320384 0.266502 0.320384 0.266502
0.327410 0.266502 0.327410 0.266502
0.334437 0.266502 0.334437 0.266502
0.341463 0.266502 0.341463 0.266502
0.348490 0.266502 0.348490 0.266502
0.355516 0.266502 0.355516 0.266502
0.362543 0.266502 0.362543 0.266502
0.369569 0.266502 0.369569 0.266502
0.376596 0.266502 0.376596 0.266502
0.383622 0.266502 0.383622 0.266502
0.390649 0.266502 0.390649 0.266502
0.397676 0.266502 0.397676 0.266502
0.404702 0.266502 0.404702 0.266502
0.411729 0.266502 0.411729 0.266502
0.418755 0.266502 0.418755 0.266502
0.425782 0.266502 0.425782 0.266502
0.432808 0.266502 0.432808 0.266502
0.439835 0.266502 0.439835 0.266502
0.446861 0.266502 0.446861 0.266502
0.453888 0.266502 0.453888 0.266502
0.460914 0.266502 0.460914 0.266502
0.467941 0.266502 0.467941 0.266502
0.474967 0.266502 0.474967 0.266502
0.481994 0.266502 0.481994 0.266502
-0.410375 0.273803 -0.410375 0.273803
-0.403348 0.273803 -0.403348 0.273803
-0.396322 0.273803 -0.396322 0.273803
-0.389295 0.273803 -0.389295 0.273803
-0.382269 0.273803 -0.382269 0.273803
-0.375242 0.273803 -0.375242 0.273803
-0.368216 0.273803 -0.368216 0.273803
-0.361189 0.273803 -0.361189 0.273803
-0.354163 0.273803 -0.354163 0.273803
-0.347136 0.273803 -0.347136 0.273803
-0.340110 0.273803 -0.340110 0.273803
-0.333083 0.273803 -0.333083 0.273803
-0.326057 0.273803 -0.326057 0.273803
-0.319030 0.273803 -0.319030 0.273803
-0.312003 0.273803 -0.312003 0.273803
-0.304977 0.273803 -0.304977 0.273803
-0.297950 0.273803 -0.297950 0.273803
-0.290924 0.273803 -0.290924 0.273803
-0.283897 0.273803 -0.283897 0.273803
-0.276871 0.273803 -0.276871 0.273803
-0.269844 0.273803 -0.269844 0.273803
-0.262818 0.273803 -0.262818 0.273803
-0.255791 0.273803 -0.255791 0.273803
-0.248765 0.273803 -0.248765 0.273803
-0.241738 0.273803 -0.241738 0.273803
-0.234712 0.273803 -0.234712 0.273803
-0.227685 0.273803 -0.227685 0.273803
-0.220659 0.273803 -0.220659 0.273803
-0.213632 0.273803 -0.213632 0.273803
-0.206606 0.273803 -0.206606 0.273803
-0.199579 0.273803 -0.199579 0.273803
-0.192553 0.273803 -0.192553 0.273803
-0.185526 0.273803 -0.185526 0.273803
-0.178499 0.273803 -0.178499 0.273803
-0.171473 0.273803 -0.171473 0.273803
-0.164446 0.273803 -0.164446 0.273803
-0.157420 0.273803 -0.157420 0.273803
-0.150393 0.273803 -0.150393 0.273803
-0.143367 0.273803 -0.143367 0.273803
-0.136340 0.273803 -0.136340 0.273803
-0.129314 0.273803 -0.129314 0.273803
-0.122287 0.273803 -0.122287 0.273803
-0.115261 0.273803 -0.115261 0.273803
-0.108234 0.273803 -0.108234 0.273803
-0.101208 0.273803 -0.101208 0.273803
-0.094181 0.273803 -0.094181 0.273803
-0.087155 0.273803 -0.087155 0.273803
-0.080128 0.273803 -0.080128 0.273803
-0.073102 0.273803 -0.073102 0.273803
-0.066075 0.273803 -0.066075 0.273803
-0.059049 0.273803 -0.059049 0.273803
-0.052022 0.273803 -0.052022 0.273803
-0.044996 0.273803 -0.044996 0.273803
-0.037969 0.273803 -0.037969 0.273803
-0.030942 0.273803 -0.030942 0.273803
-0.023916 0.273803 -0.023916 0.273803
-0.016889 0.273803 -0.016889 0.273803
-0.009863 0.273803 -0.009863 0.273803
-0.002836 0.273803 -0.002836 0.273803
0.004190 0.273803 0.004190 0.273803
0.011217 0.273803 0.011217 0.273803
0.018243 0.273803 0.018243 0.273803
0.025270 0.273803 0.025270 0.273803
0.032296 0.273803 0.032296 0.273803
0.039323 0.273803 0.039323 0.273803
0.046349 0.273803 0.046349 0.273803
0.053376 0.273803 0.053376 0.273803
0.060402 0.273803 0.060402 0.273803
0.067429 0.273803 0.086442 0.332320
0.074455 0.273803 0.093472 0.332331
0.081482 0.273803 0.100502 0.332342
0.088508 0.273803 0.107532 0.332353
0.095535 0.273803 0.114563 0.332364
0.102561 0.273803 0.121593 0.332375
0.109588 0.273803 0.128623 0.332386
0.116615 0.273803 0.116615 0.273803
0.123641 0.273803 0.123641 0.273803
0.130668 0.273803 0.130668 0.273803
0.137694 0.273803 0.137694 0.273803
0.144721 0.273803 0.144721 0.273803
0.151747 0.273803 0.151747 0.273803
0.158774 0.273803 0.158774 0.273803
0.165800 0.273803 0.165800 0.273803
0.172827 0.273803 0.172827 0.273803
0.179853 0.273803 0.179853 0.273803
0.186880 0.273803 0.186880 0.273803
0.193906 0.273803 0.193906 0.273803
0.200933 0.273803 0.200933 0.273803
0.207959 0.273803 0.207959 0.273803
0.214986 0.273803 0.214986 0.273803
0.222012 0.273803 0.222012 0.273803
0.229039 0.273803 0.229039 0.273803
0.236065 0.273803 0.236065 0.273803
0.243092 0.273803 0.243092 0.273803
0.250118 0.273803 0.250118 0.273803
0.257145 0.273803 0.257145 0.273803
0.264172 0.273803 0.264172 0.273803
0.271198 0.273803 0.271198 0.273803
0.278225 0.273803 0.278225 0.273803
0.285251 0.273803 0.285251 0.273803
0.292278 0.273803 0.292278 0.273803
0.299304 0.273803 0.299304 0.273803
0.306331 0.273803 0.306331 0.273803
0.313357 0.273803 0.313357 0.273803
0.320384 0.273803 0.320384 0.273803
0.327410 0.273803 0.327410 0.273803
0.334437 0.273803 0.334437 0.273803
0.341463 0.273803 0.341463 0.273803
0.348490 0.273803 0.348490 0.273803
0.355516 0.273803 0.355516 0.273803
0.362543 0.273803 0.362543 0.273803
0.369569 0.273803 0.369569 0.273803
0.376596 0.273803 0.376596 0.273803
0.383622 0.273803 0.383622 0.273803
0.390649 0.273803 0.390649 0.273803
0.397676 0.273803 0.397676 0.273803
0.404702 0.273803 0.404702 0.273803
0.411729 0.273803 0.411729 0.273803
0.418755 0.273803 0.418755 0.273803
0.425782 0.273803 0.425782 0.273803
0.432808 0.273803 0.432808 0.273803
0.439835 0.273803 0.439835 0.273803
0.446861 0.273803 0.446861 0.273803
0.453888 0.273803 0.453888 0.273803
0.460914 0.273803 0.460914 0.273803
0.467941 0.273803 0.467941 0.273803
0.474967 0.273803 0.474967 0.273803
0.481994 0.273803 0.481994 0.273803
-0.410375 0.281104 -0.410375 0.281104
-0.403348 0.281104 -0.403348 0.281104
-0.396322 0.281104 -0.396322 0.281104
-0.389295 0.281104 -0.389295 0.281104
-0.382269 0.281104 -0.382269 0.281104
-0.375242 0.281104 -0.375242 0.281104
-0.368216 0.281104 -0.368216 0.281104
-0.361189 0.281104 -0.361189 0.281104
-0.354163 0.281104 -0.354163 0.281104
-0.347136 0.281104 -0.347136 0.281104
-0.340110 0.281104 -0.340110 0.281104
-0.333083 0.281104 -0.333083 0.281104
-0.326057 0.281104 -0.326057 0.281104
-0.319030 0.281104 -0.319030 0.281104
-0.312003 0.281104 -0.312003 0.281104
-0.304977 0.281104 -0.304977 0.281104
-0.297950 0.281104 -0.297950 0.281104
-0.290924 0.281104 -0.290924 0.281104
-0.283897 0.281104 -0.283897 0.281104
-0.276871 0.281104 -0.276871 0.281104
-0.269844 0.281104 -0.269844 0.281104
-0.262818 0.281104 -0.262818 0.281104
-0.255791 0.281104 -0.255791 0.281104
-0.248765 0.281104 -0.248765 0.281104
-0.241738 0.281104 -0.241738 0.281104
-0.234712 0.281104 -0.234712 0.281104
-0.227685 0.281104 -0.227685 0.281104
-0.220659 0.281104 -0.220659 0.281104
-0.213632 0.281104 -0.213632 0.281104
-0.206606 0.281104 -0.206606 0.281104
-0.199579 0.281104 -0.199579 0.281104
-0.192553 0.281104 -0.192553 0.281104
-0.185526 0.281104 -0.185526 0.281104
-0.178499 0.281104 -0.178499 0.281104
-0.171473 0.281104 -0.171473 0.281104
-0.164446 0.281104 -0.164446 0.281104
-0.157420 0.281104 -0.157420 0.281104
-0.150393 0.281104 -0.150393 0.281104
-0.143367 0.281104 -0.143367 0.281104
-0.136340 0.281104 -0.136340 0.281104
-0.129314 0.281104 -0.129314 0.281104
-0.122287 0.281104 -0.122287 0.281104
-0.115261 0.281104 -0.115261 0.281104
-0.108234 0.281104 -0.108234 0.281104
-0.101208 0.281104 -0.101208 0.281104
-0.094181 0.281104 -0.094181 0.281104
-0.087155 0.281104 -0.087155 0.281104
-0.080128 0.281104 -0.080128 0.281104
-0.073102 0.281104 -0.073102 0.281104
-0.066075 0.281104 -0.066075 0.281104
-0.059049 0.281104 -0.059049 0.281104
-0.052022 0.281104 -0.052022 0.281104
-0.044996 0.281104 -0.044996 0.281104
-0.037969 0.281104 -0.037969 0.281104
-0.030942 0.281104 -0.030942 0.281104
-0.023916 0.281104 -0.023916 0.281104
-0.016889 0.281104 -0.016889 0.281104
-0.009863 0.281104 -0.009863 0.281104
-0.002836 0.281104 -0.002836 0.281104
0.004190 0.281104 0.004190 0.281104
0.011217 0.281104 0.011217 0.281104
0.018243 0.281104 0.018243 0.281104
0.025270 0.281104 0.025270 0.281104
0.032296 0.281104 0.032296 0.281104
0.039323 0.281104 0.039323 0.281104
0.046349 0.281104 0.046349 0.281104
0.053376 0.281104 0.053376 0.281104
0.060402 0.281104 0.060402 0.281104
0.067429 0.281104 0.086453 0.339657
0.074455 0.281104 0.093483 0.339668
0.081482 0.281104 0.100514 0.339679
0.088508 0.281104 0.107544 0.339690
0.095535 0.281104 0.114574 0.339701
0.102561 0.281104 0.121605 0.339712
0.109588 0.281104 0.128635 0.339723
0.116615 0.281104 0.116615 0.281104
0.123641 0.281104 0.123641 0.281104
0.130668 0.281104 0.130668 0.281104
0.137694 0.281104 0.137694 0.281104
0.144721 0.281104 0.144721 0.281104
0.151747 0.281104 0.151747 0.281104
0.158774 0.281104 0.158774 0.281104
0.165800 0.281104 0.165800 0.281104
0.172827 0.281104 0.172827 0.281104
0.179853 0.281104 0.179853 0.281104
0.186880 0.281104 0.186880 0.281104
0.193906 0.281104 0.193906 0.281104
0.200933 0.281104 0.200933 0.281104
0.207959 0.281104 0.207959 0.281104
0.214986 0.281104 0.214986 0.281104
0.222012 0.281104 0.222012 0.281104
0.229039 0.281104 0.229039 0.281104
0.236065 0.281104 0.236065 0.281104
0.243092 0.281104 0.243092 0.281104
0.250118 0.281104 0.250118 0.281104
0.257145 0.281104 0.257145 0.281104
0.264172 0.281104 0.264172 0.281104
0.271198 0.281104 0.271198 0.281104
0.278225 0.281104 0.278225 0.281104
0.285251 0.281104 0.285251 0.281104
0.292278 0.281104 0.292278 0.281104
0.299304 0.281104 0.299304 0.281104
0.306331 0.281104 0.306331 0.281104
0.313357 0.281104 0.313357 0.281104
0.320384 0.281104 0.320384 0.281104
0.327410 0.281104 0.327410 0.281104
0.334437 0.281104 0.334437 0.281104
0.341463 0.281104 0.341463 0.281104
0.348490 0.281104 0.348490 0.281104
0.355516 0.281104 0.355516 0.281104
0.362543 0.281104 0.362543 0.281104
0.369569 0.281104 0.369569 0.281104
0.376596 0.281104 0.376596 0.281104
0.383622 0.281104 0.383622 0.281104
0.390649 0.281104 0.390649 0.281104
0.397676 0.281104 0.397676 0.281104
0.404702 0.281104 0.404702 0.281104
0.411729 0.281104 0.411729 0.281104
0.418755 0.281104 0.418755 0.281104
0.425782 0.281104 0.425782 0.281104
0.432808 0.281104 0.432808 0.281104
0.439835 0.281104 0.439835 0.281104
0.446861 0.281104 0.446861 0.281104
0.453888 0.281104 0.453888 0.281104
0.460914 0.281104 0.460914 0.281104
0.467941 0.281104 0.467941 0.281104
0.474967 0.281104 0.474967 0.281104
0.481994 0.281104 0.481994 0.281104
-0.410375 0.288406 -0.410375 0.288406
-0.403348 0.288406 -0.403348 0.288406
-0.396322 0.288406 -0.396322 0.288406
-0.389295 0.288406 -0.389295 0.288406
-0.382269 0.288406 -0.382269 0.288406
-0.375242 0.288406 -0.375242 0.288406
-0.368216 0.288406 -0.368216 0.288406
-0.361189 0.288406 -0.361189 0.288406
-0.354163 0.288406 -0.354163 0.288406
-0.347136 0.288406 -0.347136 0.288406
-0.340110 0.288406 -0.340110 0.288406
-0.333083 0.288406 -0.333083 0.288406
-0.326057 0.288406 -0.326057 0.288406
-0.319030 0.288406 -0.319030 0.288406
-0.312003 0.288406 -0.312003 0.288406
-0.304977 0.288406 -0.304977 0.288406
-0.297950 0.288406 -0.297950 0.288406
-0.290924 0.288406 -0.290924 0.288406
-0.283897 0.288406 -0.283897 0.288406
-0.276871 0.288406 -0.276871 0.288406
-0.269844 0.288406 -0.269844 0.288406
-0.262818 0.288406 -0.262818 0.288406
-0.255791 0.288406 -0.255791 0.288406
-0.248765 0.288406 -0.248765 0.288406
-0.241738 0.288406 -0.241738 0.288406
-0.234712 0.288406 -0.234712 0.288406
-0.227685 0.288406 -0.227685 0.288406
-0.220659 0.288406 -0.220659 0.288406
-0.213632 0.288406 -0.213632 0.288406
-0.206606 0.288406 -0.206606 0.288406
-0.199579 0.288406 -0.199579 0.288406
-0.192553 0.288406 -0.192553 0.288406
-0.185526 0.288406 -0.185526 0.288406
-0.178499 0.288406 -0.178499 0.288406
-0.171473 0.288406 -0.171473 0.288406
-0.164446 0.288406 -0.164446 0.288406
-0.157420 0.288406 -0.157420 0.288406
-0.150393 0.288406 -0.150393 0.288406
-0.143367 0.288406 -0.143367 0.288406
-0.136340 0.288406 -0.136340 0.288406
-0.129314 0.288406 -0.129314 0.288406
-0.122287 0.288406 -0.122287 0.288406
-0.115261 0.288406 -0.115261 0.288406
-0.108234 0.288406 -0.108234 0.288406
-0.101208 0.288406 -0.101208 0.288406
-0.094181 0.288406 -0.094181 0.288406
-0.087155 0.288406 -0.087155 0.288406
-0.080128 0.288406 -0.080128 0.288406
-0.073102 0.288406 -0.073102 0.288406
-0.066075 0.288406 -0.066075 0.288406
-0.059049 0.288406 -0.059049 0.288406
-0.052022 0.288406 -0.052022 0.288406
-0.044996 0.288406 -0.044996 0.288406
-0.037969 0.288406 -0.037969 0.288406
-0.030942 0.288406 -0.030942 0.288406
-0.023916 0.288406 -0.023916 0.288406
-0.016889 0.288406 -0.016889 0.288406
-0.009863 0.288406 -0.009863 0.288406
-0.002836 0.288406 -0.002836 0.288406
0.004190 0.288406 0.004190 0.288406
0.011217 0.288406 0.011217 0.288406
0.018243 0.288406 0.018243 0.288406
0.025270 0.288406 0.025270 0.288406
0.032296 0.288406 0.032296 0.288406
0.039323 0.288406 0.039323 0.288406
0.046349 0.288406 0.046349 0.288406
0.053376 0.288406 0.053376 0.288406
0.060402 0.288406 0.060402 0.288406
0.067429 0.288406 0.067429 0.288406
0.074455 0.288406 0.093495 0.347005
0.081482 0.288406 0.100525 0.347016
0.088508 0.288406 0.107555 0.347027
0.095535 0.288406 0.114586 0.347037
0.102561 0.288406 0.121616 0.347049
0.109588 0.288406 0.128646 0.347060
0.116615 0.288406 0.116615 0.288406
0.123641 0.288406 0.123641 0.288406
0.130668 0.288406 0.130668 0.288406
0.137694 0.288406 0.137694 0.288406
0.144721 0.288406 0.144721 0.288406
0.151747 0.288406 0.151747 0.288406
0.158774 0.288406 0.158774 0.288406
0.165800 0.288406 0.165800 0.288406
0.172827 0.288406 0.172827 0.288406
0.179853 0.288406 0.179853 0.288406
0.186880 0.288406 0.186880 0.288406
0.193906 0.288406 0.193906 0.288406
0.200933 0.288406 0.200933 0.288406
0.207959 0.288406 0.207959 0.288406
0.214986 0.288406 0.214986 0.288406
0.222012 0.288406 0.222012 0.288406
0.229039 0.288406 0.229039 0.288406
0.236065 0.288406 0.236065 0.288406
0.243092 0.288406 0.243092 0.288406
0.250118 0.288406 0.250118 0.288406
0.257145 0.288406 0.257145 0.288406
0.264172 0.288406 0.264172 0.288406
0.271198 0.288406 0.271198 0.288406
0.278225 0.288406 0.278225 0.288406
0.285251 0.288406 0.285251 0.288406
0.292278 0.288406 0.292278 0.288406
0.299304 0.288406 0.299304 0.288406
0.306331 0.288406 0.306331 0.288406
0.313357 0.288406 0.313357 0.288406
0.320384 0.288406 0.320384 0.288406
0.327410 0.288406 0.327410 0.288406
0.334437 0.288406 0.334437 0.288406
0.341463 0.288406 0.341463 0.288406
0.348490 0.288406 0.348490 0.288406
0.355516 0.288406 0.355516 0.288406
0.362543 0.288406 0.362543 0.288406
0.369569 0.288406 0.369569 0.288406
0.376596 0.288406 0.376596 0.288406
0.383622 0.288406 0.383622 0.288406
0.390649 0.288406 0.390649 0.288406
0.397676 0.288406 0.397676 0.288406
0.404702 0.288406 0.404702 0.288406
0.411729 0.288406 0.411729 0.288406
0.418755 0.288406 0.418755 0.288406
0.425782 0.288406 0.425782 0.288406
0.432808 0.288406 0.432808 0.288406
0.439835 0.288406 0.439835 0.288406
0.446861 0.288406 0.446861 0.288406
0.453888 0.288406 0.453888 0.288406
0.460914 0.288406 0.460914 0.288406
0.467941 0.288406 0.467941 0.288406
0.474967 0.288406 0.474967 0.288406
0.481994 0.288406 0.481994 0.288406
-0.410375 0.295707 -0.410375 0.295707
-0.403348 0.295707 -0.403348 0.295707
-0.396322 0.295707 -0.396322 0.295707
-0.389295 0.295707 -0.389295 0.295707
-0.382269 0.295707 -0.382269 0.295707
-0.375242 0.295707 -0.375242 0.295707
-0.368216 0.295707 -0.368216 0.295707
-0.361189 0.295707 -0.361189 0.295707
-0.354163 0.295707 -0.354163 0.295707
-0.347136 0.295707 -0.347136 0.295707
-0.340110 0.295707 -0.340110 0.295707
-0.333083 0.295707 -0.333083 0.295707
-0.326057 0.295707 -0.326057 0.295707
-0.319030 0.295707 -0.319030 0.295707
-0.312003 0.295707 -0.312003 0.295707
-0.304977 0.295707 -0.304977 0.295707
-0.297950 0.295707 -0.297950 0.295707
-0.290924 0.295707 -0.290924 0.295707
-0.283897 0.295707 -0.283897 0.295707
-0.276871 0.295707 -0.276871 0.295707
-0.269844 0.295707 -0.269844 0.295707
-0.262818 0.295707 -0.262818 0.295707
-0.255791 0.295707 -0.255791 0.295707
-0.248765 0.295707 -0.248765 0.295707
-0.241738 0.295707 -0.241738 0.295707
-0.234712 0.295707 -0.234712 0.295707
-0.227685 0.295707 -0.227685 0.295707
-0.220659 0.295707 -0.220659 0.295707
-0.213632 0.295707 -0.213632 0.295707
-0.206606 0.295707 -0.206606 0.295707
-0.199579 0.295707 -0.199579 0.295707
-0.192553 0.295707 -0.192553 0.295707
-0.185526 0.295707 -0.185526 0.295707
-0.178499 0.295707 -0.178499 0.295707
-0.171473 0.295707 -0.171473 0.295707
-0.164446 0.295707 -0.164446 0.295707
-0.157420 0.295707 -0.157420 0.295707
-0.150393 0.295707 -0.150393 0.295707
-0.143367 0.295707 -0.143367 0.295707
-0.136340 0.295707 -0.136340 0.295707
-0.129314 0.295707 -0.129314 0.295707
-0.122287 0.295707 -0.122287 0.295707
-0.115261 0.295707 -0.115261 0.295707
-0.108234 0.295707 -0.108234 0.295707
-0.101208 0.295707 -0.101208 0.295707
-0.094181 0.295707 -0.094181 0.295707
-0.087155 0.295707 -0.087155 0.295707
-0.080128 0.295707 -0.080128 0.295707
-0.073102 0.295707 -0.073102 0.295707
-0.066075 0.295707 -0.066075 0.295707
-0.059049 0.295707 -0.059049 0.295707
-0.052022 0.295707 -0.052022 0.295707
-0.044996 0.295707 -0.044996 0.295707
-0.037969 0.295707 -0.037969 0.295707
-0.030942 0.295707 -0.030942 0.295707
-0.023916 0.295707 -0.023916 0.295707
-0.016889 0.295707 -0.016889 0.295707
-0.009863 0.295707 -0.009863 0.295707
-0.002836 0.295707 -0.002836 0.295707
0.004190 0.295707 0.004190 0.295707
0.011217 0.295707 0.011217 0.295707
0.018243 0.295707 0.018243 0.295707
0.025270 0.295707 0.025270 0.295707
0.032296 0.295707 0.032296 0.295707
0.039323 0.295707 0.039323 0.295707
0.046349 0.295707 0.046349 0.295707
0.053376 0.295707 0.053376 0.295707
0.060402 0.295707 0.060402 0.295707
0.067429 0.295707 0.067429 0.295707
0.074455 0.295707 0.074455 0.295707
0.081482 0.295707 0.100536 0.354352
0.088508 0.295707 0.107567 0.354363
0.095535 0.295707 0.114597 0.354374
0.102561 0.295707 0.121627 0.354385
0.109588 0.295707 0.128658 0.354396
0.116615 0.295707 0.116615 0.295707
0.123641 0.295707 0.123641 0.295707
0.130668 0.295707 0.130668 0.295707
0.137694 0.295707 0.137694 0.295707
0.144721 0.295707 0.144721 0.295707
0.151747 0.295707 0.151747 0.295707
0.158774 0.295707 0.158774 0.295707
0.165800 0.295707 0.165800 0.295707
0.172827 0.295707 0.172827 0.295707
0.179853 0.295707 0.179853 0.295707
0.186880 0.295707 0.186880 0.295707
0.193906 0.295707 0.193906 0.295707
0.200933 0.295707 0.200933 0.295707
0.207959 0.295707 0.207959 0.295707
0.214986 0.295707 0.214986 0.295707
0.222012 0.295707 0.222012 0.295707
0.229039 0.295707 0.229039 0.295707
0.236065 0.295707 0.236065 0.295707
0.243092 0.295707 0.243092 0.295707
0.250118 0.295707 0.250118 0.295707
0.257145 0.295707 0.257145 0.295707
0.264172 0.295707 0.264172 0.295707
0.271198 0.295707 0.271198 0.295707
0.278225 0.295707 0.278225 0.295707
0.285251 0.295707 0.285251 0.295707
0.292278 0.295707 0.292278 0.295707
0.299304 0.295707 0.299304 0.295707
0.306331 0.295707 0.306331 0.295707
0.313357 0.295707 0.313357 0.295707
0.320384 0.295707 0.320384 0.295707
0.327410 0.295707 0.327410 0.295707
0.334437 0.295707 0.334437 0.295707
0.341463 0.295707 0.341463 0.295707
0.348490 0.295707 0.348490 0.295707
0.355516 0.295707 0.355516 0.295707
0.362543 0.295707 0.362543 0.295707
0.369569 0.295707 0.369569 0.295707
0.376596 0.295707 0.376596 0.295707
0.383622 0.295707 0.383622 0.295707
0.390649 0.295707 0.390649 0.295707
0.397676 0.295707 0.397676 0.295707
0.404702 0.295707 0.404702 0.295707
0.411729 0.295707 0.411729 0.295707
0.418755 0.295707 0.418755 0.295707
0.425782 0.295707 0.425782 0.295707
0.432808 0.295707 0.432808 0.295707
0.439835 0.295707 0.439835 0.295707
0.446861 0.295707 0.446861 0.295707
0.453888 0.295707 0.453888 0.295707
0.460914 0.295707 0.460914 0.295707
0.467941 0.295707 0.467941 0.295707
0.474967 0.295707 0.474967 0.295707
0.481994 0.295707 0.481994 0.295707
-0.410375 0.303009 -0.410375 0.303009
-0.403348 0.303009 -0.403348 0.303009
-0.396322 0.303009 -0.396322 0.303009
-0.389295 0.303009 -0.389295 0.303009
-0.382269 0.303009 -0.382269 0.303009
-0.375242 0.303009 -0.375242 0.303009
-0.368216 0.303009 -0.368216 0.303009
-0.361189 0.303009 -0.361189 0.303009
-0.354163 0.303009 -0.354163 0.303009
-0.347136 0.303009 -0.347136 0.303009
-0.340110 0.303009 -0.340110 0.303009
-0.333083 0.303009 -0.333083 0.303009
-0.326057 0.303009 -0.326057 0.303009
-0.319030 0.303009 -0.319030 0.303009
-0.312003 0.303009 -0.312003 0.303009
-0.304977 0.303009 -0.304977 0.303009
-0.297950 0.303009 -0.297950 0.303009
-0.290924 0.303009 -0.290924 0.303009
-0.283897 0.303009 -0.283897 0.303009
-0.276871 0.303009 -0.276871 0.303009
-0.269844 0.303009 -0.269844 0.303009
-0.262818 0.303009 -0.262818 0.303009
-0.255791 0.303009 -0.255791 0.303009
-0.248765 0.303009 -0.248765 0.303009
-0.241738 0.303009 -0.241738 0.303009
-0.234712 0.303009 -0.234712 0.303009
-0.227685 0.303009 -0.227685 0.303009
-0.220659 0.303009 -0.220659 0.303009
-0.213632 0.303009 -0.213632 0.303009
-0.206606 0.303009 -0.206606 0.303009
-0.199579 0.303009 -0.199579 0.303009
-0.192553 0.303009 -0.192553 0.303009
-0.185526 0.303009 -0.185526 0.303009
-0.178499 0.303009 -0.178499 0.303009
-0.171473 0.303009 -0.171473 0.303009
-0.164446 0.303009 -0.164446 0.303009
-0.157420 0.303009 -0.157420 0.303009
-0.150393 0.303009 -0.150393 0.303009
-0.143367 0.303009 -0.143367 0.303009
-0.136340 0.303009 -0.136340 0.303009
-0.129314 0.303009 -0.129314 0.303009
-0.122287 0.303009 -0.122287 0.303009
-0.115261 0.303009 -0.115261 0.303009
-0.108234 0.303009 -0.108234 0.303009
-0.101208 0.303009 -0.101208 0.303009
-0.094181 0.303009 -0.094181 0.303009
-0.087155 0.303009 -0.087155 0.303009
-0.080128 0.303009 -0.080128 0.303009
-0.073102 0.303009 -0.073102 0.303009
-0.066075 0.303009 -0.066075 0.303009
-0.059049 0.303009 -0.059049 0.303009
-0.052022 0.303009 -0.052022 0.303009
-0.044996 0.303009 -0.044996 0.303009
-0.037969 0.303009 -0.037969 0.303009
-0.030942 0.303009 -0.030942 0.303009
-0.023916 0.303009 -0.023916 0.303009
-0.016889 0.303009 -0.016889 0.303009
-0.009863 0.303009 -0.009863 0.303009
-0.002836 0.303009 -0.002836 0.303009
0.004190 0.303009 0.004190 0.303009
0.011217 0.303009 0.011217 0.303009
0.018243 0.303009 0.018243 0.303009
0.025270 0.303009 0.025270 0.303009
0.032296 0.303009 0.032296 0.303009
0.039323 0.303009 0.039323 0.303009
0.046349 0.303009 0.046349 0.303009
0.053376 0.303009 0.053376 0.303009
0.060402 0.303009 0.060402 0.303009
0.067429 0.303009 0.067429 0.303009
0.074455 0.303009 0.074455 0.303009
0.081482 0.303009 0.100548 0.361689
0.088508 0.303009 0.107578 0.361700
0.095535 0.303009 0.114608 0.361711
0.102561 0.303009 0.121639 0.361722
0.109588 0.303009 0.128669 0.361733
0.116615 0.303009 0.116615 0.303009
0.123641 0.303009 0.123641 0.303009
0.130668 0.303009 0.130668 0.303009
0.137694 0.303009 0.137694 0.303009
0.144721 0.303009 0.144721 0.303009
0.151747 0.303009 0.151747 0.303009
0.158774 0.303009 0.158774 0.303009
0.165800 0.303009 0.165800 0.303009
0.172827 0.303009 0.172827 0.303009
0.179853 0.303009 0.179853 0.303009
0.186880 0.303009 0.186880 0.303009
0.193906 0.303009 0.193906 0.303009
0.200933 0.303009 0.200933 0.303009
0.207959 0.303009 0.207959 0.303009
0.214986 0.303009 0.214986 0.303009
0.222012 0.303009 0.222012 0.303009
0.229039 0.303009 0.229039 0.303009
0.236065 0.303009 0.236065 0.303009
0.243092 0.303009 0.243092 0.303009
0.250118 0.303009 0.250118 0.303009
0.257145 0.303009 0.257145 0.303009
0.264172 0.303009 0.264172 0.303009
0.271198 0.303009 0.271198 0.303009
0.278225 0.303009 0.278225 0.303009
0.285251 0.303009 0.285251 0.303009
0.292278 0.303009 0.292278 0.303009
0.299304 0.303009 0.299304 0.303009
0.306331 0.303009 0.306331 0.303009
0.313357 0.303009 0.313357 0.303009
0.320384 0.303009 0.320384 0.303009
0.327410 0.303009 0.327410 0.303009
0.334437 0.303009 0.334437 0.303009
0.341463 0.303009 0.341463 0.303009
0.348490 0.303009 0.348490 0.303009
0.355516 0.303009 0.355516 0.303009
0.362543 0.303009 0.362543 0.303009
0.369569 0.303009 0.369569 0.303009
0.376596 0.303009 0.376596 0.303009
0.383622 0.303009 0.383622 0.303009
0.390649 0.303009 0.390649 0.303009
0.397676 0.303009 0.397676 0.303009
0.404702 0.303009 0.404702 0.303009
0.411729 0.303009 0.411729 0.303009
0.418755 0.303009 0.418755 0.303009
0.425782 0.303009 0.425782 0.303009
0.432808 0.303009 0.432808 0.303009
0.439835 0.303009 0.439835 0.303009
0.446861 0.303009 0.446861 0.303009
0.453888 0.303009 0.453888 0.303009
0.460914 0.303009 0.460914 0.303009
0.467941 0.303009 0.467941 0.303009
0.474967 0.303009 0.474967 0.303009
0.481994 0.303009 0.481994 0.303009
-0.410375 0.310310 -0.410375 0.310310
-0.403348 0.310310 -0.403348 0.310310
-0.396322 0.310310 -0.396322 0.310310
-0.389295 0.310310 -0.389295 0.310310
-0.382269 0.310310 -0.382269 0.310310
-0.375242 0.310310 -0.375242 0.310310
-0.368216 0.310310 -0.368216 0.310310
-0.361189 0.310310 -0.361189 0.310310
-0.354163 0.310310 -0.354163 0.310310
-0.347136 0.310310 -0.347136 0.310310
-0.340110 0.310310 -0.340110 0.310310
-0.333083 0.310310 -0.333083 0.310310
-0.326057 0.310310 -0.326057 0.310310
-0.319030 0.310310 -0.319030 0.310310
-0.312003 0.310310 -0.312003 0.310310
-0.304977 0.310310 -0.304977 0.310310
-0.297950 0.310310 -0.297950 0.310310
-0.290924 0.310310 -0.290924 0.310310
-0.283897 0.310310 -0.283897 0.310310
-0.276871 0.310310 -0.276871 0.310310
-0.269844 0.310310 -0.269844 0.310310
-0.262818 0.310310 -0.262818 0.310310
-0.255791 0.310310 -0.255791 0.310310
-0.248765 0.310310 -0.248765 0.310310
-0.241738 0.310310 -0.241738 0.310310
-0.234712 0.310310 -0.234712 0.310310
-0.227685 0.310310 -0.227685 0.310310
-0.220659 0.310310 -0.220659 0.310310
-0.213632 0.310310 -0.213632 0.310310
-0.206606 0.310310 -0.206606 0.310310
-0.199579 0.310310 -0.199579 0.310310
-0.192553 0.310310 -0.192553 0.310310
-0.185526 0.310310 -0.185526 0.310310
-0.178499 0.310310 -0.178499 0.310310
-0.171473 0.310310 -0.171473 0.310310
-0.164446 0.310310 -0.164446 0.310310
-0.157420 0.310310 -0.157420 0.310310
-0.150393 0.310310 -0.150393 0.310310
-0.143367 0.310310 -0.143367 0.310310
-0.136340 0.310310 -0.136340 0.310310
-0.129314 0.310310 -0.129314 0.310310
-0.122287 0.310310 -0.122287 0.310310
-0.115261 0.310310 -0.115261 0.310310
-0.108234 0.310310 -0.108234 0.310310
-0.101208 0.310310 -0.101208 0.310310
-0.094181 0.310310 -0.094181 0.310310
-0.087155 0.310310 -0.087155 0.310310
-0.080128 0.310310 -0.080128 0.310310
-0.073102 0.310310 -0.073102 0.310310
-0.066075 0.310310 -0.066075 0.310310
-0.059049 0.310310 -0.059049 0.310310
-0.052022 0.310310 -0.052022 0.310310
-0.044996 0.310310 -0.044996 0.310310
-0.037969 0.310310 -0.037969 0.310310
-0.030942 0.310310 -0.030942 0.310310
-0.023916 0.310310 -0.023916 0.310310
-0.016889 0.310310 -0.016889 0.310310
-0.009863 0.310310 -0.009863 0.310310
-0.002836 0.310310 -0.002836 0.310310
0.004190 0.310310 0.004190 0.310310
0.011217 0.310310 0.011217 0.310310
0.018243 0.310310 0.018243 0.310310
0.025270 0.310310 0.025270 0.310310
0.032296 0.310310 0.032296 0.310310
0.039323 0.310310 0.039323 0.310310
0.046349 0.310310 0.046349 0.310310
0.053376 0.310310 0.053376 0.310310
0.060402 0.310310 0.060402 0.310310
0.067429 0.310310 0.067429 0.310310
0.074455 0.310310 0.074455 0.310310
0.081482 0.310310 0.081482 0.310310
0.088508 0.310310 0.107589 0.369037
0.095535 0.310310 0.114620 0.369048
0.102561 0.310310 0.121650 0.369058
0.109588 0.310310 0.128680 0.369069
0.116615 0.310310 0.116615 0.310310
0.123641 0.310310 0.123641 0.310310
0.130668 0.310310 0.130668 0.310310
0.137694 0.310310 0.137694 0.310310
0.144721 0.310310 0.144721 0.310310
0.151747 0.310310 0.151747 0.310310
0.158774 0.310310 0.158774 0.310310
0.165800 0.310310 0.165800 0.310310
0.172827 0.310310 0.172827 0.310310
0.179853 0.310310 0.179853 0.310310
0.186880 0.310310 0.186880 0.310310
0.193906 0.310310 0.193906 0.310310
0.200933 0.310310 0.200933 0.310310
0.207959 0.310310 0.207959 0.310310
0.214986 0.310310 0.214986 0.310310
0.222012 0.310310 0.222012 0.310310
0.229039 0.310310 0.229039 0.310310
0.236065 0.310310 0.236065 0.310310
0.243092 0.310310 0.243092 0.310310
0.250118 0.310310 0.250118 0.310310
0.257145 0.310310 0.257145 0.310310
0.264172 0.310310 0.264172 0.310310
0.271198 0.310310 0.271198 0.310310
0.278225 0.310310 0.278225 0.310310
0.285251 0.310310 0.285251 0.310310
0.292278 0.310310 0.292278 0.310310
0.299304 0.310310 0.299304 0.310310
0.306331 0.310310 0.306331 0.310310
0.313357 0.310310 0.313357 0.310310
0.320384 0.310310 0.320384 0.310310
0.327410 0.310310 0.327410 0.310310
0.334437 0.310310 0.334437 0.310310
0.341463 0.310310 0.341463 0.310310
0.348490 0.310310 0.348490 0.310310
0.355516 0.310310 0.355516 0.310310
0.362543 0.310310 0.362543 0.310310
0.369569 0.310310 0.369569 0.310310
0.376596 0.310310 0.376596 0.310310
0.383622 0.310310 0.383622 0.310310
0.390649 0.310310 0.390649 0.310310
0.397676 0.310310 0.397676 0.310310
0.404702 0.310310 0.404702 0.310310
0.411729 0.310310 0.411729 0.310310
0.418755 0.310310 0.418755 0.310310
0.425782 0.310310 0.425782 0.310310
0.432808 0.310310 0.432808 0.310310
0.439835 0.310310 0.439835 0.310310
0.446861 0.310310 0.446861 0.310310
0.453888 0.310310 0.453888 0.310310
0.460914 0.310310 0.460914 0.310310
0.467941 0.310310 0.467941 0.310310
0.474967 0.310310 0.474967 0.310310
0.481994 0.310310 0.481994 0.310310
-0.410375 0.317612 -0.410375 0.317612
-0.403348 0.317612 -0.403348 0.317612
-0.396322 0.317612 -0.396322 0.317612
-0.389295 0.317612 -0.389295 0.317612
-0.382269 0.317612 -0.382269 0.317612
-0.375242 0.317612 -0.375242 0.317612
-0.368216 0.317612 -0.368216 0.317612
-0.361189 0.317612 -0.361189 0.317612
-0.354163 0.317612 -0.354163 0.317612
-0.347136 0.317612 -0.347136 0.317612
-0.340110 0.317612 -0.340110 0.317612
-0.333083 0.317612 -0.333083 0.317612
-0.326057 0.317612 -0.326057 0.317612
-0.319030 0.317612 -0.319030 0.317612
-0.312003 0.317612 -0.312003 0.317612
-0.304977 0.317612 -0.304977 0.317612
-0.297950 0.317612 -0.297950 0.317612
-0.290924 0.317612 -0.290924 0.317612
-0.283897 0.317612 -0.283897 0.317612
-0.276871 0.317612 -0.276871 0.317612
-0.269844 0.317612 -0.269844 0.317612
-0.262818 0.317612 -0.262818 0.317612
-0.255791 0.317612 -0.255791 0.317612
-0.248765 0.317612 -0.248765 0.317612
-0.241738 0.317612 -0.241738 0.317612
-0.234712 0.317612 -0.234712 0.317612
-0.227685 0.317612 -0.227685 0.317612
-0.220659 0.317612 -0.220659 0.317612
-0.213632 0.317612 -0.213632 0.317612
-0.206606 0.317612 -0.206606 0.317612
-0.199579 0.317612 -0.199579 0.317612
-0.192553 0.317612 -0.192553 0.317612
-0.185526 0.317612 -0.185526 0.317612
-0.178499 0.317612 -0.178499 0.317612
-0.171473 0.317612 -0.171473 0.317612
-0.164446 0.317612 -0.164446 0.317612
-0.157420 0.317612 -0.157420 0.317612
-0.150393 0.317612 -0.150393 0.317612
-0.143367 0.317612 -0.143367 0.317612
-0.136340 0.317612 -0.136340 0.317612
-0.129314 0.317612 -0.129314 0.317612
-0.122287 0.317612 -0.122287 0.317612
-0.115261 0.317612 -0.115261 0.317612
-0.108234 0.317612 -0.108234 0.317612
-0.101208 0.317612 -0.101208 0.317612
-0.094181 0.317612 -0.094181 0.317612
-0.087155 0.317612 -0.087155 0.317612
-0.080128 0.317612 -0.080128 0.317612
-0.073102 0.317612 -0.073102 0.317612
-0.066075 0.317612 -0.066075 0.317612
-0.059049 0.317612 -0.059049 0.317612
-0.052022 0.317612 -0.052022 0.317612
-0.044996 0.317612 -0.044996 0.317612
-0.037969 0.317612 -0.037969 0.317612
-0.030942 0.317612 -0.030942 0.317612
-0.023916 0.317612 -0.023916 0.317612
-0.016889 0.317612 -0.016889 0.317612
-0.009863 0.317612 -0.009863 0.317612
-0.002836 0.317612 -0.002836 0.317612
0.004190 0.317612 0.004190 0.317612
0.011217 0.317612 0.011217 0.317612
0.018243 0.317612 0.018243 0.317612
0.025270 0.317612 0.025270 0.317612
0.032296 0.317612 0.032296 0.317612
0.039323 0.317612 0.039323 0.317612
0.046349 0.317612 0.046349 0.317612
0.053376 0.317612 0.053376 0.317612
0.060402 0.317612 0.060402 0.317612
0.067429 0.317612 0.067429 0.317612
0.074455 0.317612 0.074455 0.317612
0.081482 0.317612 0.081482 0.317612
0.088508 0.317612 0.088508 0.317612
0.095535 0.317612 0.114631 0.376384
0.102561 0.317612 0.121661 0.376395
0.109588 0.317612 0.128692 0.376406
0.116615 0.317612 0.116615 0.317612
0.123641 0.317612 0.123641 0.317612
0.130668 0.317612 0.130668 0.317612
0.137694 0.317612 0.137694 0.317612
0.144721 0.317612 0.144721 0.317612
0.151747 0.317612 0.151747 0.317612
0.158774 0.317612 0.158774 0.317612
0.165800 0.317612 0.165800 0.317612
0.172827 0.317612 0.172827 0.317612
0.179853 0.317612 0.179853 0.317612
0.186880 0.317612 0.186880 0.317612
0.193906 0.317612 0.193906 0.317612
0.200933 0.317612 0.200933 0.317612
0.207959 0.317612 0.207959 0.317612
0.214986 0.317612 0.214986 0.317612
0.222012 0.317612 0.222012 0.317612
0.229039 0.317612 0.229039 0.317612
0.236065 0.317612 0.236065 0.317612
0.243092 0.317612 0.243092 0.317612
0.250118 0.317612 0.250118 0.317612
0.257145 0.317612 0.257145 0.317612
0.264172 0.317612 0.264172 0.317612
0.271198 0.317612 0.271198 0.317612
0.278225 0.317612 0.278225 0.317612
0.285251 0.317612 0.285251 0.317612
0.292278 0.317612 0.292278 0.317612
0.299304 0.317612 0.299304 0.317612
0.306331 0.317612 0.306331 0.317612
0.313357 0.317612 0.313357 0.317612
0.320384 0.317612 0.320384 0.317612
0.327410 0.317612 0.327410 0.317612
0.334437 0.317612 0.334437 0.317612
0.341463 0.317612 0.341463 0.317612
0.348490 0.317612 0.348490 0.317612
0.355516 0.317612 0.355516 0.317612
0.362543 0.317612 0.362543 0.317612
0.369569 0.317612 0.369569 0.317612
0.376596 0.317612 0.376596 0.317612
0.383622 0.317612 0.383622 0.317612
0.390649 0.317612 0.390649 0.317612
0.397676 0.317612 0.397676 0.317612
0.404702 0.317612 0.404702 0.317612
0.411729 0.317612 0.411729 0.317612
0.418755 0.317612 0.418755 0.317612
0.425782 0.317612 0.425782 0.317612
0.432808 0.317612 0.432808 0.317612
0.439835 0.317612 0.439835 0.317612
0.446861 0.317612 0.446861 0.317612
0.453888 0.317612 0.453888 0.317612
0.460914 0.317612 0.460914 0.317612
0.467941 0.317612 0.467941 0.317612
0.474967 0.317612 0.474967 0.317612
0.481994 0.317612 0.481994 0.317612
-0.410375 0.324913 -0.410375 0.324913
-0.403348 0.324913 -0.403348 0.324913
-0.396322 0.324913 -0.396322 0.324913
-0.389295 0.324913 -0.389295 0.324913
-0.382269 0.324913 -0.382269 0.324913
-0.375242 0.324913 -0.375242 0.324913
-0.368216 0.324913 -0.368216 0.324913
-0.361189 0.324913 -0.361189 0.324913
-0.354163 0.324913 -0.354163 0.324913
-0.347136 0.324913 -0.347136 0.324913
-0.340110 0.324913 -0.340110 0.324913
-0.333083 0.324913 -0.333083 0.324913
-0.326057 0.324913 -0.326057 0.324913
-0.319030 0.324913 -0.319030 0.324913
-0.312003 0.324913 -0.312003 0.324913
-0.304977 0.324913 -0.304977 0.324913
-0.297950 0.324913 -0.297950 0.324913
-0.290924 0.324913 -0.290924 0.324913
-0.283897 0.324913 -0.283897 0.324913
-0.276871 0.324913 -0.276871 0.324913
-0.269844 0.324913 -0.269844 0.324913
-0.262818 0.324913 -0.262818 0.324913
-0.255791 0.324913 -0.255791 0.324913
-0.248765 0.324913 -0.248765 0.324913
-0.241738 0.324913 -0.241738 0.324913
-0.234712 0.324913 -0.234712 0.324913
-0.227685 0.324913 -0.227685 0.324913
-0.220659 0.324913 -0.220659 0.324913
-0.213632 0.324913 -0.213632 0.324913
-0.206606 0.324913 -0.206606 0.324913
-0.199579 0.324913 -0.199579 0.324913
-0.192553 0.324913 -0.192553 0.324913
-0.185526 0.324913 -0.185526 0.324913
-0.178499 0.324913 -0.178499 0.324913
-0.171473 0.324913 -0.171473 0.324913
-0.164446 0.324913 -0.164446 0.324913
-0.157420 0.324913 -0.157420 0.324913
-0.150393 0.324913 -0.150393 0.324913
-0.143367 0.324913 -0.143367 0.324913
-0.136340 0.324913 -0.136340 0.324913
-0.129314 0.324913 -0.129314 0.324913
-0.122287 0.324913 -0.122287 0.324913
-0.115261 0.324913 -0.115261 0.324913
-0.108234 0.324913 -0.108234 0.324913
-0.101208 0.324913 -0.101208 0.324913
-0.094181 0.324913 -0.094181 0.324913
-0.087155 0.324913 -0.087155 0.324913
-0.080128 0.324913 -0.080128 0.324913
-0.073102 0.324913 -0.073102 0.324913
-0.066075 0.324913 -0.066075 0.324913
-0.059049 0.324913 -0.059049 0.324913
-0.052022 0.324913 -0.052022 0.324913
-0.044996 0.324913 -0.044996 0.324913
-0.037969 0.324913 -0.037969 0.324913
-0.030942 0.324913 -0.030942 0.324913
-0.023916 0.324913 -0.023916 0.324913
-0.016889 0.324913 -0.016889 0.324913
-0.009863 0.324913 -0.009863 0.324913
-0.002836 0.324913 -0.002836 0.324913
0.004190 0.324913 0.004190 0.324913
0.011217 0.324913 0.011217 0.324913
0.018243 0.324913 0.018243 0.324913
0.025270 0.324913 0.025270 0.324913
0.032296 0.324913 0.032296 0.324913
0.039323 0.324913 0.039323 0.324913
0.046349 0.324913 0.046349 0.324913
0.053376 0.324913 0.053376 0.324913
0.060402 0.324913 0.060402 0.324913
0.067429 0.324913 0.067429 0.324913
0.074455 0.324913 0.074455 0.324913
0.081482 0.324913 0.081482 0.324913
0.088508 0.324913 0.088508 0.324913
0.095535 0.324913 0.114642 0.383721
0.102561 0.324913 0.121673 0.383732
0.109588 0.324913 0.128703 0.383743
0.116615 0.324913 0.116615 0.324913
0.123641 0.324913 0.123641 0.324913
0.130668 0.324913 0.130668 0.324913
0.137694 0.324913 0.137694 0.324913
0.144721 0.324913 0.144721 0.324913
0.151747 0.324913 0.151747 0.324913
0.158774 0.324913 0.158774 0.324913
0.165800 0.324913 0.165800 0.324913
0.172827 0.324913 0.172827 0.324913
0.179853 0.324913 0.179853 0.324913
0.186880 0.324913 0.186880 0.324913
0.193906 0.324913 0.193906 0.324913
0.200933 0.324913 0.200933 0.324913
0.207959 0.324913 0.207959 0.324913
0.214986 0.324913 0.214986 0.324913
0.222012 0.324913 0.222012 0.324913
0.229039 0.324913 0.229039 0.324913
0.236065 0.324913 0.236065 0.324913
0.243092 0.324913 0.243092 0.324913
0.250118 0.324913 0.250118 0.324913
0.257145 0.324913 0.257145 0.324913
0.264172 0.324913 0.264172 0.324913
0.271198 0.324913 0.271198 0.324913
0.278225 0.324913 0.278225 0.324913
0.285251 0.324913 0.285251 0.324913
0.292278 0.324913 0.292278 0.324913
0.299304 0.324913 0.299304 0.324913
0.306331 0.324913 0.306331 0.324913
0.313357 0.324913 0.313357 0.324913
0.320384 0.324913 0.320384 0.324913
0.327410 0.324913 0.327410 0.324913
0.334437 0.324913 0.334437 0.324913
0.341463 0.324913 0.341463 0.324913
0.348490 0.324913 0.348490 0.324913
0.355516 0.324913 0.355516 0.324913
0.362543 0.324913 0.362543 0.324913
0.369569 0.324913 0.369569 0.324913
0.376596 0.324913 0.376596 0.324913
0.383622 0.324913 0.383622 0.324913
0.390649 0.324913 0.390649 0.324913
0.397676 0.324913 0.397676 0.324913
0.404702 0.324913 0.404702 0.324913
0.411729 0.324913 0.411729 0.324913
0.418755 0.324913 0.418755 0.324913
0.425782 0.324913 0.425782 0.324913
0.432808 0.324913 0.432808 0.324913
0.439835 0.324913 0.439835 0.324913
0.446861 0.324913 0.446861 0.324913
0.453888 0.324913 0.453888 0.324913
0.460914 0.324913 0.460914 0.324913
0.467941 0.324913 0.467941 0.324913
0.474967 0.324913 0.474967 0.324913
0.481994 0.324913 0.481994 0.324913
-0.410375 0.332214 -0.410375 0.332214
-0.403348 0.332214 -0.403348 0.332214
-0.396322 0.332214 -0.396322 0.332214
-0.389295 0.332214 -0.389295 0.332214
-0.382269 0.332214 -0.382269 0.332214
-0.375242 0.332214 -0.375242 0.332214
-0.368216 0.332214 -0.368216 0.332214
-0.361189 0.332214 -0.361189 0.332214
-0.354163 0.332214 -0.354163 0.332214
-0.347136 0.332214 -0.347136 0.332214
-0.340110 0.332214 -0.340110 0.332214
-0.333083 0.332214 -0.333083 0.332214
-0.326057 0.332214 -0.326057 0.332214
-0.319030 0.332214 -0.319030 0.332214
-0.312003 0.332214 -0.312003 0.332214
-0.304977 0.332214 -0.304977 0.332214
-0.297950 0.332214 -0.297950 0.332214
-0.290924 0.332214 -0.290924 0.332214
-0.283897 0.332214 -0.283897 0.332214
-0.276871 0.332214 -0.276871 0.332214
-0.269844 0.332214 -0.269844 0.332214
-0.262818 0.332214 -0.262818 0.332214
-0.255791 0.332214 -0.255791 0.332214
-0.248765 0.332214 -0.248765 0.332214
-0.241738 0.332214 -0.241738 0.332214
-0.234712 0.332214 -0.234712 0.332214
-0.227685 0.332214 -0.227685 0.332214
-0.220659 0.332214 -0.220659 0.332214
-0.213632 0.332214 -0.213632 0.332214
-0.206606 0.332214 -0.206606 0.332214
-0.199579 0.332214 -0.199579 0.332214
-0.192553 0.332214 -0.192553 0.332214
-0.185526 0.332214 -0.185526 0.332214
-0.178499 0.332214 -0.178499 0.332214
-0.171473 0.332214 -0.171473 0.332214
-0.164446 0.332214 -0.164446 0.332214
-0.157420 0.332214 -0.157420 0.332214
-0.150393 0.332214 -0.150393 0.332214
-0.143367 0.332214 -0.143367 0.332214
-0.136340 0.332214 -0.136340 0.332214
-0.129314 0.332214 -0.129314 0.332214
-0.122287 0.332214 -0.122287 0.332214
-0.115261 0.332214 -0.115261 0.332214
-0.108234 0.332214 -0.108234 0.332214
-0.101208 0.332214 -0.101208 0.332214
-0.094181 0.332214 -0.094181 0.332214
-0.087155 0.332214 -0.087155 0.332214
-0.080128 0.332214 -0.080128 0.332214
-0.073102 0.332214 -0.073102 0.332214
-0.066075 0.332214 -0.066075 0.332214
-0.059049 0.332214 -0.059049 0.332214
-0.052022 0.332214 -0.052022 0.332214
-0.044996 0.332214 -0.044996 0.332214
-0.037969 0.332214 -0.037969 0.332214
-0.030942 0.332214 -0.030942 0.332214
-0.023916 0.332214 -0.023916 0.332214
-0.016889 0.332214 -0.016889 0.332214
-0.009863 0.332214 -0.009863 0.332214
-0.002836 0.332214 -0.002836 0.332214
0.004190 0.332214 0.004190 0.332214
0.011217 0.332214 0.011217 0.332214
0.018243 0.332214 0.018243 0.332214
0.025270 0.332214 0.025270 0.332214
0.032296 0.332214 0.032296 0.332214
0.039323 0.332214 0.039323 0.332214
0.046349 0.332214 0.046349 0.332214
0.053376 0.332214 0.053376 0.332214
0.060402 0.332214 0.060402 0.332214
0.067429 0.332214 0.067429 0.332214
0.074455 0.332214 0.074455 0.332214
0.081482 0.332214 0.081482 0.332214
0.088508 0.332214 0.088508 0.332214
0.095535 0.332214 0.095535 0.332214
0.102561 0.332214 0.121684 0.391069
0.109588 0.332214 0.128715 0.391079
0.116615 0.332214 0.116615 0.332214
0.123641 0.332214 0.123641 0.332214
0.130668 0.332214 0.130668 0.332214
0.137694 0.332214 0.137694 0.332214
0.144721 0.332214 0.144721 0.332214
0.151747 0.332214 0.151747 0.332214
0.158774 0.332214 0.158774 0.332214
0.165800 0.332214 0.165800 0.332214
0.172827 0.332214 0.172827 0.332214
0.179853 0.332214 0.179853 0.332214
0.186880 0.332214 0.186880 0.332214
0.193906 0.332214 0.193906 0.332214
0.200933 0.332214 0.200933 0.332214
0.207959 0.332214 0.207959 0.332214
0.214986 0.332214 0.214986 0.332214
0.222012 0.332214 0.222012 0.332214
0.229039 0.332214 0.229039 0.332214
0.236065 0.332214 0.236065 0.332214
0.243092 0.332214 0.243092 0.332214
0.250118 0.332214 0.250118 0.332214
0.257145 0.332214 0.257145 0.332214
0.264172 0.332214 0.264172 0.332214
0.271198 0.332214 0.271198 0.332214
0.278225 0.332214 0.278225 0.332214
0.285251 0.332214 0.285251 0.332214
0.292278 0.332214 0.292278 0.332214
0.299304 0.332214 0.299304 0.332214
0.306331 0.332214 0.306331 0.332214
0.313357 0.332214 0.313357 0.332214
0.320384 0.332214 0.320384 0.332214
0.327410 0.332214 0.327410 0.332214
0.334437 0.332214 0.334437 0.332214
0.341463 0.332214 0.341463 0.332214
0.348490 0.332214 0.348490 0.332214
0.355516 0.332214 0.355516 0.332214
0.362543 0.332214 0.362543 0.332214
0.369569 0.332214 0.369569 0.332214
0.376596 0.332214 0.376596 0.332214
0.383622 0.332214 0.383622 0.332214
0.390649 0.332214 0.390649 0.332214
0.397676 0.332214 0.397676 0.332214
0.404702 0.332214 0.404702 0.332214
0.411729 0.332214 0.411729 0.332214
0.418755 0.332214 0.418755 0.332214
0.425782 0.332214 0.425782 0.332214
0.432808 0.332214 0.432808 0.332214
0.439835 0.332214 0.439835 0.332214
0.446861 0.332214 0.446861 0.332214
0.453888 0.332214 0.453888 0.332214
0.460914 0.332214 0.460914 0.332214
0.467941 0.332214 0.467941 0.332214
0.474967 0.332214 0.474967 0.332214
0.481994 0.332214 0.481994 0.332214
-0.410375 0.339516 -0.410375 0.339516
-0.403348 0.339516 -0.403348 0.339516
-0.396322 0.339516 -0.396322 0.339516
-0.389295 0.339516 -0.389295 0.339516
-0.382269 0.339516 -0.382269 0.339516
-0.375242 0.339516 -0.375242 0.339516
-0.368216 0.339516 -0.368216 0.339516
-0.361189 0.339516 -0.361189 0.339516
-0.354163 0.339516 -0.354163 0.339516
-0.347136 0.339516 -0.347136 0.339516
-0.340110 0.339516 -0.340110 0.339516
-0.333083 0.339516 -0.333083 0.339516
-0.326057 0.339516 -0.326057 0.339516
-0.319030 0.339516 -0.319030 0.339516
-0.312003 0.339516 -0.312003 0.339516
-0.304977 0.339516 -0.304977 0.339516
-0.297950 0.339516 -0.297950 0.339516
-0.290924 0.339516 -0.290924 0.339516
-0.283897 0.339516 -0.283897 0.339516
-0.276871 0.339516 -0.276871 0.339516
-0.269844 0.339516 -0.269844 0.339516
-0.262818 0.339516 -0.262818 0.339516
-0.255791 0.339516 -0.255791 0.339516
-0.248765 0.339516 -0.248765 0.339516
-0.241738 0.339516 -0.241738 0.339516
-0.234712 0.339516 -0.234712 0.339516
-0.227685 0.339516 -0.227685 0.339516
-0.220659 0.339516 -0.220659 0.339516
-0.213632 0.339516 -0.213632 0.339516
-0.206606 0.339516 -0.206606 0.339516
-0.199579 0.339516 -0.199579 0.339516
-0.192553 0.339516 -0.192553 0.339516
-0.185526 0.339516 -0.185526 0.339516
-0.178499 0.339516 -0.178499 0.339516
-0.171473 0.339516 -0.171473 0.339516
-0.164446 0.339516 -0.164446 0.339516
-0.157420 0.339516 -0.157420 0.339516
-0.150393 0.339516 -0.150393 0.339516
-0.143367 0.339516 -0.143367 0.339516
-0.136340 0.339516 -0.136340 0.339516
-0.129314 0.339516 -0.129314 0.339516
-0.122287 0.339516 -0.122287 0.339516
-0.115261 0.339516 -0.115261 0.339516
-0.108234 0.339516 -0.108234 0.339516
-0.101208 0.339516 -0.101208 0.339516
-0.094181 0.339516 -0.094181 0.339516
-0.087155 0.339516 -0.087155 0.339516
-0.080128 0.339516 -0.080128 0.339516
-0.073102 0.339516 -0.073102 0.339516
-0.066075 0.339516 -0.066075 0.339516
-0.059049 0.339516 -0.059049 0.339516
-0.052022 0.339516 -0.052022 0.339516
-0.044996 0.339516 -0.044996 0.339516
-0.037969 0.339516 -0.037969 0.339516
-0.030942 0.339516 -0.030942 0.339516
-0.023916 0.339516 -0.023916 0.339516
-0.016889 0.339516 -0.016889 0.339516
-0.009863 0.339516 -0.009863 0.339516
-0.002836 0.339516 -0.002836 0.339516
0.004190 0.339516 0.004190 0.339516
0.011217 0.339516 0.011217 0.339516
0.018243 0.339516 0.018243 0.339516
0.025270 0.339516 0.025270 0.339516
0.032296 0.339516 0.032296 0.339516
0.039323 0.339516 0.039323 0.339516
0.046349 0.339516 0.046349 0.339516
0.053376 0.339516 0.053376 0.339516
0.060402 0.339516 0.060402 0.339516
0.067429 0.339516 0.067429 0.339516
0.074455 0.339516 0.074455 0.339516
0.081482 0.339516 0.081482 0.339516
0.088508 0.339516 0.088508 0.339516
0.095535 0.339516 0.095535 0.339516
0.102561 0.339516 0.102561 0.339516
0.109588 0.339516 0.128726 0.398416
0.116615 0.339516 0.116615 0.339516
0.123641 0.339516 0.123641 0.339516
0.130668 0.339516 0.130668 0.339516
0.137694 0.339516 0.137694 0.339516
0.144721 0.339516 0.144721 0.339516
0.151747 0.339516 0.151747 0.339516
0.158774 0.339516 0.158774 0.339516
0.165800 0.339516 0.165800 0.339516
0.172827 0.339516 0.172827 0.339516
0.179853 0.339516 0.179853 0.339516
0.186880 0.339516 0.186880 0.339516
0.193906 0.339516 0.193906 0.339516
0.200933 0.339516 0.200933 0.339516
0.207959 0.339516 0.207959 0.339516
0.214986 0.339516 0.214986 0.339516
0.222012 0.339516 0.222012 0.339516
0.229039 0.339516 0.229039 0.339516
0.236065 0.339516 0.236065 0.339516
0.243092 0.339516 0.243092 0.339516
0.250118 0.339516 0.250118 0.339516
0.257145 0.339516 0.257145 0.339516
0.264172 0.339516 0.264172 0.339516
0.271198 0.339516 0.271198 0.339516
0.278225 0.339516 0.278225 0.339516
0.285251 0.339516 0.285251 0.339516
0.292278 0.339516 0.292278 0.339516
0.299304 0.339516 0.299304 0.339516
0.306331 0.339516 0.306331 0.339516
0.313357 0.339516 0.313357 0.339516
0.320384 0.339516 0.320384 0.339516
0.327410 0.339516 0.327410 0.339516
0.334437 0.339516 0.334437 0.339516
0.341463 0.339516 0.341463 0.339516
0.348490 0.339516 0.348490 0.339516
0.355516 0.339516 0.355516 0.339516
0.362543 0.339516 0.362543 0.339516
0.369569 0.339516 0.369569 0.339516
0.376596 0.339516 0.376596 0.339516
0.383622 0.339516 0.383622 0.339516
0.390649 0.339516 0.390649 0.339516
0.397676 0.339516 0.397676 0.339516
0.404702 0.339516 0.404702 0.339516
0.411729 0.339516 0.411729 0.339516
0.418755 0.339516 0.418755 0.339516
0.425782 0.339516 0.425782 0.339516
0.432808 0.339516 0.432808 0.339516
0.439835 0.339516 0.439835 0.339516
0.446861 0.339516 0.446861 0.339516
0.453888 0.339516 0.453888 0.339516
0.460914 0.339516 0.460914 0.339516
0.467941 0.339516 0.467941 0.339516
0.474967 0.339516 0.474967 0.339516
0.481994 0.339516 0.481994 0.339516
-0.410375 0.346817 -0.410375 0.346817
-0.403348 0.346817 -0.403348 0.346817
-0.396322 0.346817 -0.396322 0.346817
-0.389295 0.346817 -0.389295 0.346817
-0.382269 0.346817 -0.382269 0.346817
-0.375242 0.346817 -0.375242 0.346817
-0.368216 0.346817 -0.368216 0.346817
-0.361189 0.346817 -0.361189 0.346817
-0.354163 0.346817 -0.354163 0.346817
-0.347136 0.346817 -0.347136 0.346817
-0.340110 0.346817 -0.340110 0.346817
-0.333083 0.346817 -0.333083 0.346817
-0.326057 0.346817 -0.326057 0.346817
-0.319030 0.346817 -0.319030 0.346817
-0.312003 0.346817 -0.312003 0.346817
-0.304977 0.346817 -0.304977 0.346817
-0.297950 0.346817 -0.297950 0.346817
-0.290924 0.346817 -0.290924 0.346817
-0.283897 0.346817 -0.283897 0.346817
-0.276871 0.346817 -0.276871 0.346817
-0.269844 0.346817 -0.269844 0.346817
-0.262818 0.346817 -0.262818 0.346817
-0.255791 0.346817 -0.255791 0.346817
-0.248765 0.346817 -0.248765 0.346817
-0.241738 0.346817 -0.241738 0.346817
-0.234712 0.346817 -0.234712 0.346817
-0.227685 0.346817 -0.227685 0.346817
-0.220659 0.346817 -0.220659 0.346817
-0.213632 0.346817 -0.213632 0.346817
-0.206606 0.346817 -0.206606 0.346817
-0.199579 0.346817 -0.199579 0.346817
-0.192553 0.346817 -0.192553 0.346817
-0.185526 0.346817 -0.185526 0.346817
-0.178499 0.346817 -0.178499 0.346817
-0.171473 0.346817 -0.171473 0.346817
-0.164446 0.346817 -0.164446 0.346817
-0.157420 0.346817 -0.157420 0.346817
-0.150393 0.346817 -0.150393 0.346817
-0.143367 0.346817 -0.143367 0.346817
-0.136340 0.346817 -0.136340 0.346817
-0.129314 0.346817 -0.129314 0.346817
-0.122287 0.346817 -0.122287 0.346817
-0.115261 0.346817 -0.115261 0.346817
-0.108234 0.346817 -0.108234 0.346817
-0.101208 0.346817 -0.101208 0.346817
-0.094181 0.346817 -0.094181 0.346817
-0.087155 0.346817 -0.087155 0.346817
-0.080128 0.346817 -0.080128 0.346817
-0.073102 0.346817 -0.073102 0.346817
-0.066075 0.346817 -0.066075 0.346817
-0.059049 0.346817 -0.059049 0.346817
-0.052022 0.346817 -0.052022 0.346817
-0.044996 0.346817 -0.044996 0.346817
-0.037969 0.346817 -0.037969 0.346817
-0.030942 0.346817 -0.030942 0.346817
-0.023916 0.346817 -0.023916 0.346817
-0.016889 0.346817 -0.016889 0.346817
-0.009863 0.346817 -0.009863 0.346817
-0.002836 0.346817 -0.002836 0.346817
0.004190 0.346817 0.004190 0.346817
0.011217 0.346817 0.011217 0.346817
0.018243 0.346817 0.018243 0.346817
0.025270 0.346817 0.025270 0.346817
0.032296 0.346817 0.032296 0.346817
0.039323 0.346817 0.039323 0.346817
0.046349 0.346817 0.046349 0.346817
0.053376 0.346817 0.053376 0.346817
0.060402 0.346817 0.060402 0.346817
0.067429 0.346817 0.067429 0.346817
0.074455 0.346817 0.074455 0.346817
0.081482 0.346817 0.081482 0.346817
0.088508 0.346817 0.088508 0.346817
0.095535 0.346817 0.095535 0.346817
0.102561 0.346817 0.102561 0.346817
0.109588 0.346817 0.128737 0.405753
0.116615 0.346817 0.116615 0.346817
0.123641 0.346817 0.123641 0.346817
0.130668 0.346817 0.130668 0.346817
0.137694 0.346817 0.137694 0.346817
0.144721 0.346817 0.144721 0.346817
0.151747 0.346817 0.151747 0.346817
0.158774 0.346817 0.158774 0.346817
0.165800 0.346817 0.165800 0.346817
0.172827 0.346817 0.172827 0.346817
0.179853 0.346817 0.179853 0.346817
0.186880 0.346817 0.186880 0.346817
0.193906 0.346817 0.193906 0.346817
0.200933 0.346817 0.200933 0.346817
0.207959 0.346817 0.207959 0.346817
0.214986 0.346817 0.214986 0.346817
0.222012 0.346817 0.222012 0.346817
0.229039 0.346817 0.229039 0.346817
0.236065 0.346817 0.236065 0.346817
0.243092 0.346817 0.243092 0.346817
0.250118 0.346817 0.250118 0.346817
0.257145 0.346817 0.257145 0.346817
0.264172 0.346817 0.264172 0.346817
0.271198 0.346817 0.271198 0.346817
0.278225 0.346817 0.278225 0.346817
0.285251 0.346817 0.285251 0.346817
0.292278 0.346817 0.292278 0.346817
0.299304 0.346817 0.299304 0.346817
0.306331 0.346817 0.306331 0.346817
0.313357 0.346817 0.313357 0.346817
0.320384 0.346817 0.320384 0.346817
0.327410 0.346817 0.327410 0.346817
0.334437 0.346817 0.334437 0.346817
0.341463 0.346817 0.341463 0.346817
0.348490 0.346817 0.348490 0.346817
0.355516 0.346817 0.355516 0.346817
0.362543 0.346817 0.362543 0.346817
0.369569 0.346817 0.369569 0.346817
0.376596 0.346817 0.376596 0.346817
0.383622 0.346817 0.383622 0.346817
0.390649 0.346817 0.390649 0.346817
0.397676 0.346817 0.397676 0.346817
0.404702 0.346817 0.404702 0.346817
0.411729 0.346817 0.411729 0.346817
0.418755 0.346817 0.418755 0.346817
0.425782 0.346817 0.425782 0.346817
0.432808 0.346817 0.432808 0.346817
0.439835 0.346817 0.439835 0.346817
0.446861 0.346817 0.446861 0.346817
0.453888 0.346817 0.453888 0.346817
0.460914 0.346817 0.460914 0.346817
0.467941 0.346817 0.467941 0.346817
0.474967 0.346817 0.474967 0.346817
0.481994 0.346817 0.481994 0.346817
-0.410375 0.354119 -0.410375 0.354119
-0.403348 0.354119 -0.403348 0.354119
-0.396322 0.354119 -0.396322 0.354119
-0.389295 0.354119 -0.389295 0.354119
-0.382269 0.354119 -0.382269 0.354119
-0.375242 0.354119 -0.375242 0.354119
-0.368216 0.354119 -0.368216 0.354119
-0.361189 0.354119 -0.361189 0.354119
-0.354163 0.354119 -0.354163 0.354119
-0.347136 0.354119 -0.347136 0.354119
-0.340110 0.354119 -0.340110 0.354119
-0.333083 0.354119 -0.333083 0.354119
-0.326057 0.354119 -0.326057 0.354119
-0.319030 0.354119 -0.319030 0.354119
-0.312003 0.354119 -0.312003 0.354119
-0.304977 0.354119 -0.304977 0.354119
-0.297950 0.354119 -0.297950 0.354119
-0.290924 0.354119 -0.290924 0.354119
-0.283897 0.354119 -0.283897 0.354119
-0.276871 0.354119 -0.276871 0.354119
-0.269844 0.354119 -0.269844 0.354119
-0.262818 0.354119 -0.262818 0.354119
-0.255791 0.354119 -0.255791 0.354119
-0.248765 0.354119 -0.248765 0.354119
-0.241738 0.354119 -0.241738 0.354119
-0.234712 0.354119 -0.234712 0.354119
-0.227685 0.354119 -0.227685 0.354119
-0.220659 0.354119 -0.220659 0.354119
-0.213632 0.354119 -0.213632 0.354119
-0.206606 0.354119 -0.206606 0.354119
-0.199579 0.354119 -0.199579 0.354119
-0.192553 0.354119 -0.192553 0.354119
-0.185526 0.354119 -0.185526 0.354119
-0.178499 0.354119 -0.178499 0.354119
-0.171473 0.354119 -0.171473 0.354119
-0.164446 0.354119 -0.164446 0.354119
-0.157420 0.354119 -0.157420 0.354119
-0.150393 0.354119 -0.150393 0.354119
-0.143367 0.354119 -0.143367 0.354119
-0.136340 0.354119 -0.136340 0.354119
-0.129314 0.354119 -0.129314 0.354119
-0.122287 0.354119 -0.122287 0.354119
-0.115261 0.354119 -0.115261 0.354119
-0.108234 0.354119 -0.108234 0.354119
-0.101208 0.354119 -0.101208 0.354119
-0.094181 0.354119 -0.094181 0.354119
-0.087155 0.354119 -0.087155 0.354119
-0.080128 0.354119 -0.080128 0.354119
-0.073102 0.354119 -0.073102 0.354119
-0.066075 0.354119 -0.066075 0.354119
-0.059049 0.354119 -0.059049 0.354119
-0.052022 0.354119 -0.052022 0.354119
-0.044996 0.354119 -0.044996 0.354119
-0.037969 0.354119 -0.037969 0.354119
-0.030942 0.354119 -0.030942 0.354119
-0.023916 0.354119 -0.023916 0.354119
-0.016889 0.354119 -0.016889 0.354119
-0.009863 0.354119 -0.009863 0.354119
-0.002836 0.354119 -0.002836 0.354119
0.004190 0.354119 0.004190 0.354119
0.011217 0.354119 0.011217 0.354119
0.018243 0.354119 0.018243 0.354119
0.025270 0.354119 0.025270 0.354119
0.032296 0.354119 0.032296 0.354119
0.039323 0.354119 0.039323 0.354119
0.046349 0.354119 0.046349 0.354119
0.053376 0.354119 0.053376 0.354119
0.060402 0.354119 0.060402 0.354119
0.067429 0.354119 0.067429 0.354119
0.074455 0.354119 0.074455 0.354119
0.081482 0.354119 0.081482 0.354119
0.088508 0.354119 0.088508 0.354119
0.095535 0.354119 0.095535 0.354119
0.102561 0.354119 0.102561 0.354119
0.109588 0.354119 0.109588 0.354119
0.116615 0.354119 0.116615 0.354119
0.123641 0.354119 0.123641 0.354119
0.130668 0.354119 0.130668 0.354119
0.137694 0.354119 0.137694 0.354119
0.144721 0.354119 0.144721 0.354119
0.151747 0.354119 0.151747 0.354119
0.158774 0.354119 0.158774 0.354119
0.165800 0.354119 0.165800 0.354119
0.172827 0.354119 0.172827 0.354119
0.179853 0.354119 0.179853 0.354119
0.186880 0.354119 0.186880 0.354119
0.193906 0.354119 0.193906 0.354119
0.200933 0.354119 0.200933 0.354119
0.207959 0.354119 0.207959 0.354119
0.214986 0.354119 0.214986 0.354119
0.222012 0.354119 0.222012 0.354119
0.229039 0.354119 0.229039 0.354119
0.236065 0.354119 0.236065 0.354119
0.243092 0.354119 0.243092 0.354119
0.250118 0.354119 0.250118 0.354119
0.257145 0.354119 0.257145 0.354119
0.264172 0.354119 0.264172 0.354119
0.271198 0.354119 0.271198 0.354119
0.278225 0.354119 0.278225 0.354119
0.285251 0.354119 0.285251 0.354119
0.292278 0.354119 0.292278 0.354119
0.299304 0.354119 0.299304 0.354119
0.306331 0.354119 0.306331 0.354119
0.313357 0.354119 0.313357 0.354119
0.320384 0.354119 0.320384 0.354119
0.327410 0.354119 0.327410 0.354119
0.334437 0.354119 0.334437 0.354119
0.341463 0.354119 0.341463 0.354119
0.348490 0.354119 0.348490 0.354119
0.355516 0.354119 0.355516 0.354119
0.362543 0.354119 0.362543 0.354119
0.369569 0.354119 0.369569 0.354119
0.376596 0.354119 0.376596 0.354119
0.383622 0.354119 0.383622 0.354119
0.390649 0.354119 0.390649 0.354119
0.397676 0.354119 0.397676 0.354119
0.404702 0.354119 0.404702 0.354119
0.411729 0.354119 0.411729 0.354119
0.418755 0.354119 0.418755 0.354119
0.425782 0.354119 0.425782 0.354119
0.432808 0.354119 0.432808 0.354119
0.439835 0.354119 0.439835 0.354119
0.446861 0.354119 0.446861 0.354119
0.453888 0.354119 0.453888 0.354119
0.460914 0.354119 0.460914 0.354119
0.467941 0.354119 0.467941 0.354119
0.474967 0.354119 0.474967 0.354119
0.481994 0.354119 0.481994 0.354119
-0.410375 0.361420 -0.410375 0.361420
-0.403348 0.361420 -0.403348 0.361420
-0.396322 0.361420 -0.396322 0.361420
-0.389295 0.361420 -0.389295 0.361420
-0.382269 0.361420 -0.382269 0.361420
-0.375242 0.361420 -0.375242 0.361420
-0.368216 0.361420 -0.368216 0.361420
-0.361189 0.361420 -0.361189 0.361420
-0.354163 0.361420 -0.354163 0.361420
-0.347136 0.361420 -0.347136 0.361420
-0.340110 0.361420 -0.340110 0.361420
-0.333083 0.361420 -0.333083 0.361420
-0.326057 0.361420 -0.326057 0.361420
-0.319030 0.361420 -0.319030 0.361420
-0.312003 0.361420 -0.312003 0.361420
-0.304977 0.361420 -0.304977 0.361420
-0.297950 0.361420 -0.297950 0.361420
-0.290924 0.361420 -0.290924 0.361420
-0.283897 0.361420 -0.283897 0.361420
-0.276871 0.361420 -0.276871 0.361420
-0.269844 0.361420 -0.269844 0.361420
-0.262818 0.361420 -0.262818 0.361420
-0.255791 0.361420 -0.255791 0.361420
-0.248765 0.361420 -0.248765 0.361420
-0.241738 0.361420 -0.241738 0.361420
-0.234712 0.361420 -0.234712 0.361420
-0.227685 0.361420 -0.227685 0.361420
-0.220659 0.361420 -0.220659 0.361420
-0.213632 0.361420 -0.213632 0.361420
-0.206606 0.361420 -0.206606 0.361420
-0.199579 0.361420 -0.199579 0.361420
-0.192553 0.361420 -0.192553 0.361420
-0.185526 0.361420 -0.185526 0.361420
-0.178499 0.361420 -0.178499 0.361420
-0.171473 0.361420 -0.171473 0.361420
-0.164446 0.361420 -0.164446 0.361420
-0.157420 0.361420 -0.157420 0.361420
-0.150393 0.361420 -0.150393 0.361420
-0.143367 0.361420 -0.143367 0.361420
-0.136340 0.361420 -0.136340 0.361420
-0.129314 0.361420 -0.129314 0.361420
-0.122287 0.361420 -0.122287 0.361420
-0.115261 0.361420 -0.115261 0.361420
-0.108234 0.361420 -0.108234 0.361420
-0.101208 0.361420 -0.101208 0.361420
-0.094181 0.361420 -0.094181 0.361420
-0.087155 0.361420 -0.087155 0.361420
-0.080128 0.361420 -0.080128 0.361420
-0.073102 0.361420 -0.073102 0.361420
-0.066075 0.361420 -0.066075 0.361420
-0.059049 0.361420 -0.059049 0.361420
-0.052022 0.361420 -0.052022 0.361420
-0.044996 0.361420 -0.044996 0.361420
-0.037969 0.361420 -0.037969 0.361420
-0.030942 0.361420 -0.030942 0.361420
-0.023916 0.361420 -0.023916 0.361420
-0.016889 0.361420 -0.016889 0.361420
-0.009863 0.361420 -0.009863 0.361420
-0.002836 0.361420 -0.002836 0.361420
0.004190 0.361420 0.004190 0.361420
0.011217 0.361420 0.011217 0.361420
0.018243 0.361420 0.018243 0.361420
0.025270 0.361420 0.025270 0.361420
0.032296 0.361420 0.032296 0.361420
0.039323 0.361420 0.039323 0.361420
0.046349 0.361420 0.046349 0.361420
0.053376 0.361420 0.053376 0.361420
0.060402 0.361420 0.060402 0.361420
0.067429 0.361420 0.067429 0.361420
0.074455 0.361420 0.074455 0.361420
0.081482 0.361420 0.081482 0.361420
0.088508 0.361420 0.088508 0.361420
0.095535 0.361420 0.095535 0.361420
0.102561 0.361420 0.102561 0.361420
0.109588 0.361420 0.109588 0.361420
0.116615 0.361420 0.116615 0.361420
0.123641 0.361420 0.123641 0.361420
0.130668 0.361420 0.130668 0.361420
0.137694 0.361420 0.137694 0.361420
0.144721 0.361420 0.144721 0.361420
0.151747 0.361420 0.151747 0.361420
0.158774 0.361420 0.158774 0.361420
0.165800 0.361420 0.165800 0.361420
0.172827 0.361420 0.172827 0.361420
0.179853 0.361420 0.179853 0.361420
0.186880 0.361420 0.186880 0.361420
0.193906 0.361420 0.193906 0.361420
0.200933 0.361420 0.200933 0.361420
0.207959 0.361420 0.207959 0.361420
0.214986 0.361420 0.214986 0.361420
0.222012 0.361420 0.222012 0.361420
0.229039 0.361420 0.229039 0.361420
0.236065 0.361420 0.236065 0.361420
0.243092 0.361420 0.243092 0.361420
0.250118 0.361420 0.250118 0.361420
0.257145 0.361420 0.257145 0.361420
0.264172 0.361420 0.264172 0.361420
0.271198 0.361420 0.271198 0.361420
0.278225 0.361420 0.278225 0.361420
0.285251 0.361420 0.285251 0.361420
0.292278 0.361420 0.292278 0.361420
0.299304 0.361420 0.299304 0.361420
0.306331 0.361420 0.306331 0.361420
0.313357 0.361420 0.313357 0.361420
0.320384 0.361420 0.320384 0.361420
0.327410 0.361420 0.327410 0.361420
0.334437 0.361420 0.334437 0.361420
0.341463 0.361420 0.341463 0.361420
0.348490 0.361420 0.348490 0.361420
0.355516 0.361420 0.355516 0.361420
0.362543 0.361420 0.362543 0.361420
0.369569 0.361420 0.369569 0.361420
0.376596 0.361420 0.376596 0.361420
0.383622 0.361420 0.383622 0.361420
0.390649 0.361420 0.390649 0.361420
0.397676 0.361420 0.397676 0.361420
0.404702 0.361420 0.404702 0.361420
0.411729 0.361420 0.411729 0.361420
0.418755 0.361420 0.418755 0.361420
0.425782 0.361420 0.425782 0.361420
0.432808 0.361420 0.432808 0.361420
0.439835 0.361420 0.439835 0.361420
0.446861 0.361420 0.446861 0.361420
0.453888 0.361420 0.453888 0.361420
0.460914 0.361420 0.460914 0.361420
0.467941 0.361420 0.467941 0.361420
0.474967 0.361420 0.474967 0.361420
0.481994 0.361420 0.481994 0.361420
-0.410375 0.368721 -0.410375 0.368721
-0.403348 0.368721 -0.403348 0.368721
-0.396322 0.368721 -0.396322 0.368721
-0.389295 0.368721 -0.389295 0.368721
-0.382269 0.368721 -0.382269 0.368721
-0.375242 0.368721 -0.375242 0.368721
-0.368216 0.368721 -0.368216 0.368721
-0.361189 0.368721 -0.361189 0.368721
-0.354163 0.368721 -0.354163 0.368721
-0.347136 0.368721 -0.347136 0.368721
-0.340110 0.368721 -0.340110 0.368721
-0.333083 0.368721 -0.333083 0.368721
-0.326057 0.368721 -0.326057 0.368721
-0.319030 0.368721 -0.319030 0.368721
-0.312003 0.368721 -0.312003 0.368721
-0.304977 0.368721 -0.304977 0.368721
-0.297950 0.368721 -0.297950 0.368721
-0.290924 0.368721 -0.290924 0.368721
-0.283897 0.368721 -0.283897 0.368721
-0.276871 0.368721 -0.276871 0.368721
-0.269844 0.368721 -0.269844 0.368721
-0.262818 0.368721 -0.262818 0.368721
-0.255791 0.368721 -0.255791 0.368721
-0.248765 0.368721 -0.248765 0.368721
-0.241738 0.368721 -0.241738 0.368721
-0.234712 0.368721 -0.234712 0.368721
-0.227685 0.368721 -0.227685 0.368721
-0.220659 0.368721 -0.220659 0.368721
-0.213632 0.368721 -0.213632 0.368721
-0.206606 0.368721 -0.206606 0.368721
-0.199579 0.368721 -0.199579 0.368721
-0.192553 0.368721 -0.192553 0.368721
-0.185526 0.368721 -0.185526 0.368721
-0.178499 0.368721 -0.178499 0.368721
-0.171473 0.368721 -0.171473 0.368721
-0.164446 0.368721 -0.164446 0.368721
-0.157420 0.368721 -0.157420 0.368721
-0.150393 0.368721 -0.150393 0.368721
-0.143367 0.368721 -0.143367 0.368721
-0.136340 0.368721 -0.136340 0.368721
-0.129314 0.368721 -0.129314 0.368721
-0.122287 0.368721 -0.122287 0.368721
-0.115261 0.368721 -0.115261 0.368721
-0.108234 0.368721 -0.108234 0.368721
-0.101208 0.368721 -0.101208 0.368721
-0.094181 0.368721 -0.094181 0.368721
-0.087155 0.368721 -0.087155 0.368721
-0.080128 0.368721 -0.080128 0.368721
-0.073102 0.368721 -0.073102 0.368721
-0.066075 0.368721 -0.066075 0.368721
-0.059049 0.368721 -0.059049 0.368721
-0.052022 0.368721 -0.052022 0.368721
-0.044996 0.368721 -0.044996 0.368721
-0.037969 0.368721 -0.037969 0.368721
-0.030942 0.368721 -0.030942 0.368721
-0.023916 0.368721 -0.023916 0.368721
-0.016889 0.368721 -0.016889 0.368721
-0.009863 0.368721 -0.009863 0.368721
-0.002836 0.368721 -0.002836 0.368721
0.004190 0.368721 0.004190 0.368721
0.011217 0.368721 0.011217 0.368721
0.018243 0.368721 0.018243 0.368721
0.025270 0.368721 0.025270 0.368721
0.032296 0.368721 0.032296 0.368721
0.039323 0.368721 0.039323 0.368721
0.046349 0.368721 0.046349 0.368721
0.053376 0.368721 0.053376 0.368721
0.060402 0.368721 0.060402 0.368721
0.067429 0.368721 0.067429 0.368721
0.074455 0.368721 0.074455 0.368721
0.081482 0.368721 0.081482 0.368721
0.088508 0.368721 0.088508 0.368721
0.095535 0.368721 0.095535 0.368721
0.102561 0.368721 0.102561 0.368721
0.109588 0.368721 0.109588 0.368721
0.116615 0.368721 0.116615 0.368721
0.123641 0.368721 0.123641 0.368721
0.130668 0.368721 0.130668 0.368721
0.137694 0.368721 0.137694 0.368721
0.144721 0.368721 0.144721 0.368721
0.151747 0.368721 0.151747 0.368721
0.158774 0.368721 0.158774 0.368721
0.165800 0.368721 0.165800 0.368721
0.172827 0.368721 0.172827 0.368721
0.179853 0.368721 0.179853 0.368721
0.186880 0.368721 0.186880 0.368721
0.193906 0.368721 0.193906 0.368721
0.200933 0.368721 0.200933 0.368721
0.207959 0.368721 0.207959 0.368721
0.214986 0.368721 0.214986 0.368721
0.222012 0.368721 0.222012 0.368721
0.229039 0.368721 0.229039 0.368721
0.236065 0.368721 0.236065 0.368721
0.243092 0.368721 0.243092 0.368721
0.250118 0.368721 0.250118 0.368721
0.257145 0.368721 0.257145 0.368721
0.264172 0.368721 0.264172 0.368721
0.271198 0.368721 0.271198 0.368721
0.278225 0.368721 0.278225 0.368721
0.285251 0.368721 0.285251 0.368721
0.292278 0.368721 0.292278 0.368721
0.299304 0.368721 0.299304 0.368721
0.306331 0.368721 0.306331 0.368721
0.313357 0.368721 0.313357 0.368721
0.320384 0.368721 0.320384 0.368721
0.327410 0.368721 0.327410 0.368721
0.334437 0.368721 0.334437 0.368721
0.341463 0.368721 0.341463 0.368721
0.348490 0.368721 0.348490 0.368721
0.355516 0.368721 0.355516 0.368721
0.362543 0.368721 0.362543 0.368721
0.369569 0.368721 0.369569 0.368721
0.376596 0.368721 0.376596 0.368721
0.383622 0.368721 0.383622 0.368721
0.390649 0.368721 0.390649 0.368721
0.397676 0.368721 0.397676 0.368721
0.404702 0.368721 0.404702 0.368721
0.411729 0.368721 0.411729 0.368721
0.418755 0.368721 0.418755 0.368721
0.425782 0.368721 0.425782 0.368721
0.432808 0.368721 0.432808 0.368721
0.439835 0.368721 0.439835 0.368721
0.446861 0.368721 0.446861 0.368721
0.453888 0.368721 0.453888 0.368721
0.460914 0.368721 0.460914 0.368721
0.467941 0.368721 0.467941 0.368721
0.474967 0.368721 0.474967 0.368721
0.481994 0.368721 0.481994 0.368721
-0.410375 0.376023 -0.410375 0.376023
-0.403348 0.376023 -0.403348 0.376023
-0.396322 0.376023 -0.396322 0.376023
-0.389295 0.376023 -0.389295 0.376023
-0.382269 0.376023 -0.382269 0.376023
-0.375242 0.376023 -0.375242 0.376023
-0.368216 0.376023 -0.368216 0.376023
-0.361189 0.376023 -0.361189 0.376023
-0.354163 0.376023 -0.354163 0.376023
-0.347136 0.376023 -0.347136 0.376023
-0.340110 0.376023 -0.340110 0.376023
-0.333083 0.376023 -0.333083 0.376023
-0.326057 0.376023 -0.326057 0.376023
-0.319030 0.376023 -0.319030 0.376023
-0.312003 0.376023 -0.312003 0.376023
-0.304977 0.376023 -0.304977 0.376023
-0.297950 0.376023 -0.297950 0.376023
-0.290924 0.376023 -0.290924 0.376023
-0.283897 0.376023 -0.283897 0.376023
-0.276871 0.376023 -0.276871 0.376023
-0.269844 0.376023 -0.269844 0.376023
-0.262818 0.376023 -0.262818 0.376023
-0.255791 0.376023 -0.255791 0.376023
-0.248765 0.376023 -0.248765 0.376023
-0.241738 0.376023 -0.241738 0.376023
-0.234712 0.376023 -0.234712 0.376023
-0.227685 0.376023 -0.227685 0.376023
-0.220659 0.376023 -0.220659 0.376023
-0.213632 0.376023 -0.213632 0.376023
-0.206606 0.376023 -0.206606 0.376023
-0.199579 0.376023 -0.199579 0.376023
-0.192553 0.376023 -0.192553 0.376023
-0.185526 0.376023 -0.185526 0.376023
-0.178499 0.376023 -0.178499 0.376023
-0.171473 0.376023 -0.171473 0.376023
-0.164446 0.376023 -0.164446 0.376023
-0.157420 0.376023 -0.157420 0.376023
-0.150393 0.376023 -0.150393 0.376023
-0.143367 0.376023 -0.143367 0.376023
-0.136340 0.376023 -0.136340 0.376023
-0.129314 0.376023 -0.129314 0.376023
-0.122287 0.376023 -0.122287 0.376023
-0.115261 0.376023 -0.115261 0.376023
-0.108234 0.376023 -0.108234 0.376023
-0.101208 0.376023 -0.101208 0.376023
-0.094181 0.376023 -0.094181 0.376023
-0.087155 0.376023 -0.087155 0.376023
-0.080128 0.376023 -0.080128 0.376023
-0.073102 0.376023 -0.073102 0.376023
-0.066075 0.376023 -0.066075 0.376023
-0.059049 0.376023 -0.059049 0.376023
-0.052022 0.376023 -0.052022 0.376023
-0.044996 0.376023 -0.044996 0.376023
-0.037969 0.376023 -0.037969 0.376023
-0.030942 0.376023 -0.030942 0.376023
-0.023916 0.376023 -0.023916 0.376023
-0.016889 0.376023 -0.016889 0.376023
-0.009863 0.376023 -0.009863 0.376023
-0.002836 0.376023 -0.002836 0.376023
0.004190 0.376023 0.004190 0.376023
0.011217 0.376023 0.011217 0.376023
0.018243 0.376023 0.018243 0.376023
0.025270 0.376023 0.025270 0.376023
0.032296 0.376023 0.032296 0.376023
0.039323 0.376023 0.039323 0.376023
0.046349 0.376023 0.046349 0.376023
0.053376 0.376023 0.053376 0.376023
0.060402 0.376023 0.060402 0.376023
0.067429 0.376023 0.067429 0.376023
0.074455 0.376023 0.074455 0.376023
0.081482 0.376023 0.081482 0.376023
0.088508 0.376023 0.088508 0.376023
0.095535 0.376023 0.095535 0.376023
0.102561 0.376023 0.102561 0.376023
0.109588 0.376023 0.109588 0.376023
0.116615 0.376023 0.116615 0.376023
0.123641 0.376023 0.123641 0.376023
0.130668 0.376023 0.130668 0.376023
0.137694 0.376023 0.137694 0.376023
0.144721 0.376023 0.144721 0.376023
0.151747 0.376023 0.151747 0.376023
0.158774 0.376023 0.158774 0.376023
0.165800 0.376023 0.165800 0.376023
0.172827 0.376023 0.172827 0.376023
0.179853 0.376023 0.179853 0.376023
0.186880 0.376023 0.186880 0.376023
0.193906 0.376023 0.193906 0.376023
0.200933 0.376023 0.200933 0.376023
0.207959 0.376023 0.207959 0.376023
0.214986 0.376023 0.214986 0.376023
0.222012 0.376023 0.222012 0.376023
0.229039 0.376023 0.229039 0.376023
0.236065 0.376023 0.236065 0.376023
0.243092 0.376023 0.243092 0.376023
0.250118 0.376023 0.250118 0.376023
0.257145 0.376023 0.257145 0.376023
0.264172 0.376023 0.264172 0.376023
0.271198 0.376023 0.271198 0.376023
0.278225 0.376023 0.278225 0.376023
0.285251 0.376023 0.285251 0.376023
0.292278 0.376023 0.292278 0.376023
0.299304 0.376023 0.299304 0.376023
0.306331 0.376023 0.306331 0.376023
0.313357 0.376023 0.313357 0.376023
0.320384 0.376023 0.320384 0.376023
0.327410 0.376023 0.327410 0.376023
0.334437 0.376023 0.334437 0.376023
0.341463 0.376023 0.341463 0.376023
0.348490 0.376023 0.348490 0.376023
0.355516 0.376023 0.355516 0.376023
0.362543 0.376023 0.362543 0.376023
0.369569 0.376023 0.369569 0.376023
0.376596 0.376023 0.376596 0.376023
0.383622 0.376023 0.383622 0.376023
0.390649 0.376023 0.390649 0.376023
0.397676 0.376023 0.397676 0.376023
0.404702 0.376023 0.404702 0.376023
0.411729 0.376023 0.411729 0.376023
0.418755 0.376023 0.418755 0.376023
0.425782 0.376023 0.425782 0.376023
0.432808 0.376023 0.432808 0.376023
0.439835 0.376023 0.439835 0.376023
0.446861 0.376023 0.446861 0.376023
0.453888 0.376023 0.453888 0.376023
0.460914 0.376023 0.460914 0.376023
0.467941 0.376023 0.467941 0.376023
0.474967 0.376023 0.474967 0.376023
0.481994 0.376023 0.481994 0.376023
-0.410375 0.383324 -0.410375 0.383324
-0.403348 0.383324 -0.403348 0.383324
-0.396322 0.383324 -0.396322 0.383324
-0.389295 0.383324 -0.389295 0.383324
-0.382269 0.383324 -0.382269 0.383324
-0.375242 0.383324 -0.375242 0.383324
-0.368216 0.383324 -0.368216 0.383324
-0.361189 0.383324 -0.361189 0.383324
-0.354163 0.383324 -0.354163 0.383324
-0.347136 0.383324 -0.347136 0.383324
-0.340110 0.383324 -0.340110 0.383324
-0.333083 0.383324 -0.333083 0.383324
-0.326057 0.383324 -0.326057 0.383324
-0.319030 0.383324 -0.319030 0.383324
-0.312003 0.383324 -0.312003 0.383324
-0.304977 0.383324 -0.304977 0.383324
-0.297950 0.383324 -0.297950 0.383324
-0.290924 0.383324 -0.290924 0.383324
-0.283897 0.383324 -0.283897 0.383324
-0.276871 0.383324 -0.276871 0.383324
-0.269844 0.383324 -0.269844 0.383324
-0.262818 0.383324 -0.262818 0.383324
-0.255791 0.383324 -0.255791 0.383324
-0.248765 0.383324 -0.248765 0.383324
-0.241738 0.383324 -0.241738 0.383324
-0.234712 0.383324 -0.234712 0.383324
-0.227685 0.383324 -0.227685 0.383324
-0.220659 0.383324 -0.220659 0.383324
-0.213632 0.383324 -0.213632 0.383324
-0.206606 0.383324 -0.206606 0.383324
-0.199579 0.383324 -0.199579 0.383324
-0.192553 0.383324 -0.192553 0.383324
-0.185526 0.383324 -0.185526 0.383324
-0.178499 0.383324 -0.178499 0.383324
-0.171473 0.383324 -0.171473 0.383324
-0.164446 0.383324 -0.164446 0.383324
-0.157420 0.383324 -0.157420 0.383324
-0.150393 0.383324 -0.150393 0.383324
-0.143367 0.383324 -0.143367 0.383324
-0.136340 0.383324 -0.136340 0.383324
-0.129314 0.383324 -0.129314 0.383324
-0.122287 0.383324 -0.122287 0.383324
-0.115261 0.383324 -0.115261 0.383324
-0.108234 0.383324 -0.108234 0.383324
-0.101208 0.383324 -0.101208 0.383324
-0.094181 0.383324 -0.094181 0.383324
-0.087155 0.383324 -0.087155 0.383324
-0.080128 0.383324 -0.080128 0.383324
-0.073102 0.383324 -0.073102 0.383324
-0.066075 0.383324 -0.066075 0.383324
-0.059049 0.383324 -0.059049 0.383324
-0.052022 0.383324 -0.052022 0.383324
-0.044996 0.383324 -0.044996 0.383324
-0.037969 0.383324 -0.037969 0.383324
-0.030942 0.383324 -0.030942 0.383324
-0.023916 0.383324 -0.023916 0.383324
-0.016889 0.383324 -0.016889 0.383324
-0.009863 0.383324 -0.009863 0.383324
-0.002836 0.383324 -0.002836 0.383324
0.004190 0.383324 0.004190 0.383324
0.011217 0.383324 0.011217 0.383324
0.018243 0.383324 0.018243 0.383324
0.025270 0.383324 0.025270 0.383324
0.032296 0.383324 0.032296 0.383324
0.039323 0.383324 0.039323 0.383324
0.046349 0.383324 0.046349 0.383324
0.053376 0.383324 0.053376 0.383324
0.060402 0.383324 0.060402 0.383324
0.067429 0.383324 0.067429 0.383324
0.074455 0.383324 0.074455 0.383324
0.081482 0.383324 0.081482 0.383324
0.088508 0.383324 0.088508 0.383324
0.095535 0.383324 0.095535 0.383324
0.102561 0.383324 0.102561 0.383324
0.109588 0.383324 0.109588 0.383324
0.116615 0.383324 0.116615 0.383324
0.123641 0.383324 0.123641 0.383324
0.130668 0.383324 0.130668 0.383324
0.137694 0.383324 0.137694 0.383324
0.144721 0.383324 0.144721 0.383324
0.151747 0.383324 0.151747 0.383324
0.158774 0.383324 0.158774 0.383324
0.165800 0.383324 0.165800 0.383324
0.172827 0.383324 0.172827 0.383324
0.179853 0.383324 0.179853 0.383324
0.186880 0.383324 0.186880 0.383324
0.193906 0.383324 0.193906 0.383324
0.200933 0.383324 0.200933 0.383324
0.207959 0.383324 0.207959 0.383324
0.214986 0.383324 0.214986 0.383324
0.222012 0.383324 0.222012 0.383324
0.229039 0.383324 0.229039 0.383324
0.236065 0.383324 0.236065 0.383324
0.243092 0.383324 0.243092 0.383324
0.250118 0.383324 0.250118 0.383324
0.257145 0.383324 0.257145 0.383324
0.264172 0.383324 0.264172 0.383324
0.271198 0.383324 0.271198 0.383324
0.278225 0.383324 0.278225 0.383324
0.285251 0.383324 0.285251 0.383324
0.292278 0.383324 0.292278 0.383324
0.299304 0.383324 0.299304 0.383324
0.306331 0.383324 0.306331 0.383324
0.313357 0.383324 0.313357 0.383324
0.320384 0.383324 0.320384 0.383324
0.327410 0.383324 0.327410 0.383324
0.334437 0.383324 0.334437 0.383324
0.341463 0.383324 0.341463 0.383324
0.348490 0.383324 0.348490 0.383324
0.355516 0.383324 0.355516 0.383324
0.362543 0.383324 0.362543 0.383324
0.369569 0.383324 0.369569 0.383324
0.376596 0.383324 0.376596 0.383324
0.383622 0.383324 0.383622 0.383324
0.390649 0.383324 0.390649 0.383324
0.397676 0.383324 0.397676 0.383324
0.404702 0.383324 0.404702 0.383324
0.411729 0.383324 0.411729 0.383324
0.418755 0.383324 0.418755 0.383324
0.425782 0.383324 0.425782 0.383324
0.432808 0.383324 0.432808 0.383324
0.439835 0.383324 0.439835 0.383324
0.446861 0.383324 0.446861 0.383324
0.453888 0.383324 0.453888 0.383324
0.460914 0.383324 0.460914 0.383324
0.467941 0.383324 0.467941 0.383324
0.474967 0.383324 0.474967 0.383324
0.481994 0.383324 0.481994 0.383324
-0.410375 0.390626 -0.410375 0.390626
-0.403348 0.390626 -0.403348 0.390626
-0.396322 0.390626 -0.396322 0.390626
-0.389295 0.390626 -0.389295 0.390626
-0.382269 0.390626 -0.382269 0.390626
-0.375242 0.390626 -0.375242 0.390626
-0.368216 0.390626 -0.368216 0.390626
-0.361189 0.390626 -0.361189 0.390626
-0.354163 0.390626 -0.354163 0.390626
-0.347136 0.390626 -0.347136 0.390626
-0.340110 0.390626 -0.340110 0.390626
-0.333083 0.390626 -0.333083 0.390626
-0.326057 0.390626 -0.326057 0.390626
-0.319030 0.390626 -0.319030 0.390626
-0.312003 0.390626 -0.312003 0.390626
-0.304977 0.390626 -0.304977 0.390626
-0.297950 0.390626 -0.297950 0.390626
-0.290924 0.390626 -0.290924 0.390626
-0.283897 0.390626 -0.283897 0.390626
-0.276871 0.390626 -0.276871 0.390626
-0.269844 0.390626 -0.269844 0.390626
-0.262818 0.390626 -0.262818 0.390626
-0.255791 0.390626 -0.255791 0.390626
-0.248765 0.390626 -0.248765 0.390626
-0.241738 0.390626 -0.241738 0.390626
-0.234712 0.390626 -0.234712 0.390626
-0.227685 0.390626 -0.227685 0.390626
-0.220659 0.390626 -0.220659 0.390626
-0.213632 0.390626 -0.213632 0.390626
-0.206606 0.390626 -0.206606 0.390626
-0.199579 0.390626 -0.199579 0.390626
-0.192553 0.390626 -0.192553 0.390626
-0.185526 0.390626 -0.185526 0.390626
-0.178499 0.390626 -0.178499 0.390626
-0.171473 0.390626 -0.171473 0.390626
-0.164446 0.390626 -0.164446 0.390626
-0.157420 0.390626 -0.157420 0.390626
-0.150393 0.390626 -0.150393 0.390626
-0.143367 0.390626 -0.143367 0.390626
-0.136340 0.390626 -0.136340 0.390626
-0.129314 0.390626 -0.129314 0.390626
-0.122287 0.390626 -0.122287 0.390626
-0.115261 0.390626 -0.115261 0.390626
-0.108234 0.390626 -0.108234 0.390626
-0.101208 0.390626 -0.101208 0.390626
-0.094181 0.390626 -0.094181 0.390626
-0.087155 0.390626 -0.087155 0.390626
-0.080128 0.390626 -0.080128 0.390626
-0.073102 0.390626 -0.073102 0.390626
-0.066075 0.390626 -0.066075 0.390626
-0.059049 0.390626 -0.059049 0.390626
-0.052022 0.390626 -0.052022 0.390626
-0.044996 0.390626 -0.044996 0.390626
-0.037969 0.390626 -0.037969 0.390626
-0.030942 0.390626 -0.030942 0.390626
-0.023916 0.390626 -0.023916 0.390626
-0.016889 0.390626 -0.016889 0.390626
-0.009863 0.390626 -0.009863 0.390626
-0.002836 0.390626 -0.002836 0.390626
0.004190 0.390626 0.004190 0.390626
0.011217 0.390626 0.011217 0.390626
0.018243 0.390626 0.018243 0.390626
0.025270 0.390626 0.025270 0.390626
0.032296 0.390626 0.032296 0.390626
0.039323 0.390626 0.039323 0.390626
0.046349 0.390626 0.046349 0.390626
0.053376 0.390626 0.053376 0.390626
0.060402 0.390626 0.060402 0.390626
0.067429 0.390626 0.067429 0.390626
0.074455 0.390626 0.074455 0.390626
0.081482 0.390626 0.081482 0.390626
0.088508 0.390626 0.088508 0.390626
0.095535 0.390626 0.095535 0.390626
0.102561 0.390626 0.102561 0.390626
0.109588 0.390626 0.109588 0.390626
0.116615 0.390626 0.116615 0.390626
0.123641 0.390626 0.123641 0.390626
0.130668 0.390626 0.130668 0.390626
0.137694 0.390626 0.137694 0.390626
0.144721 0.390626 0.144721 0.390626
0.151747 0.390626 0.151747 0.390626
0.158774 0.390626 0.158774 0.390626
0.165800 0.390626 0.165800 0.390626
0.172827 0.390626 0.172827 0.390626
0.179853 0.390626 0.179853 0.390626
0.186880 0.390626 0.186880 0.390626
0.193906 0.390626 0.193906 0.390626
0.200933 0.390626 0.200933 0.390626
0.207959 0.390626 0.207959 0.390626
0.214986 0.390626 0.214986 0.390626
0.222012 0.390626 0.222012 0.390626
0.229039 0.390626 0.229039 0.390626
0.236065 0.390626 0.236065 0.390626
0.243092 0.390626 0.243092 0.390626
0.250118 0.390626 0.250118 0.390626
0.257145 0.390626 0.257145 0.390626
0.264172 0.390626 0.264172 0.390626
0.271198 0.390626 0.271198 0.390626
0.278225 0.390626 0.278225 0.390626
0.285251 0.390626 0.285251 0.390626
0.292278 0.390626 0.292278 0.390626
0.299304 0.390626 0.299304 0.390626
0.306331 0.390626 0.306331 0.390626
0.313357 0.390626 0.313357 0.390626
0.320384 0.390626 0.320384 0.390626
0.327410 0.390626 0.327410 0.390626
0.334437 0.390626 0.334437 0.390626
0.341463 0.390626 0.341463 0.390626
0.348490 0.390626 0.348490 0.390626
0.355516 0.390626 0.355516 0.390626
0.362543 0.390626 0.362543 0.390626
0.369569 0.390626 0.369569 0.390626
0.376596 0.390626 0.376596 0.390626
0.383622 0.390626 0.383622 0.390626
0.390649 0.390626 0.390649 0.390626
0.397676 0.390626 0.397676 0.390626
0.404702 0.390626 0.404702 0.390626
0.411729 0.390626 0.411729 0.390626
0.418755 0.390626 0.418755 0.390626
0.425782 0.390626 0.425782 0.390626
0.432808 0.390626 0.432808 0.390626
0.439835 0.390626 0.439835 0.390626
0.446861 0.390626 0.446861 0.390626
0.453888 0.390626 0.453888 0.390626
0.460914 0.390626 0.460914 0.390626
0.467941 0.390626 0.467941 0.390626
0.474967 0.390626 0.474967 0.390626
0.481994 0.390626 0.481994 0.390626
-0.410375 0.397927 -0.410375 0.397927
-0.403348 0.397927 -0.403348 0.397927
-0.396322 0.397927 -0.396322 0.397927
-0.389295 0.397927 -0.389295 0.397927
-0.382269 0.397927 -0.382269 0.397927
-0.375242 0.397927 -0.375242 0.397927
-0.368216 0.397927 -0.368216 0.397927
-0.361189 0.397927 -0.361189 0.397927
-0.354163 0.397927 -0.354163 0.397927
-0.347136 0.397927 -0.347136 0.397927
-0.340110 0.397927 -0.340110 0.397927
-0.333083 0.397927 -0.333083 0.397927
-0.326057 0.397927 -0.326057 0.397927
-0.319030 0.397927 -0.319030 0.397927
-0.312003 0.397927 -0.312003 0.397927
-0.304977 0.397927 -0.304977 0.397927
-0.297950 0.397927 -0.297950 0.397927
-0.290924 0.397927 -0.290924 0.397927
-0.283897 0.397927 -0.283897 0.397927
-0.276871 0.397927 -0.276871 0.397927
-0.269844 0.397927 -0.269844 0.397927
-0.262818 0.397927 -0.262818 0.397927
-0.255791 0.397927 -0.255791 0.397927
-0.248765 0.397927 -0.248765 0.397927
-0.241738 0.397927 -0.241738 0.397927
-0.234712 0.397927 -0.234712 0.397927
-0.227685 0.397927 -0.227685 0.397927
-0.220659 0.397927 -0.220659 0.397927
-0.213632 0.397927 -0.213632 0.397927
-0.206606 0.397927 -0.206606 0.397927
-0.199579 0.397927 -0.199579 0.397927
-0.192553 0.397927 -0.192553 0.397927
-0.185526 0.397927 -0.185526 0.397927
-0.178499 0.397927 -0.178499 0.397927
-0.171473 0.397927 -0.171473 0.397927
-0.164446 0.397927 -0.164446 0.397927
-0.157420 0.397927 -0.157420 0.397927
-0.150393 0.397927 -0.150393 0.397927
-0.143367 0.397927 -0.143367 0.397927
-0.136340 0.397927 -0.136340 0.397927
-0.129314 0.397927 -0.129314 0.397927
-0.122287 0.397927 -0.122287 0.397927
-0.115261 0.397927 -0.115261 0.397927
-0.108234 0.397927 -0.108234 0.397927
-0.101208 0.397927 -0.101208 0.397927
-0.094181 0.397927 -0.094181 0.397927
-0.087155 0.397927 -0.087155 0.397927
-0.080128 0.397927 -0.080128 0.397927
-0.073102 0.397927 -0.073102 0.397927
-0.066075 0.397927 -0.066075 0.397927
-0.059049 0.397927 -0.059049 0.397927
-0.052022 0.397927 -0.052022 0.397927
-0.044996 0.397927 -0.044996 0.397927
-0.037969 0.397927 -0.037969 0.397927
-0.030942 0.397927 -0.030942 0.397927
-0.023916 0.397927 -0.023916 0.397927
-0.016889 0.397927 -0.016889 0.397927
-0.009863 0.397927 -0.009863 0.397927
-0.002836 0.397927 -0.002836 0.397927
0.004190 0.397927 0.004190 0.397927
0.011217 0.397927 0.011217 0.397927
0.018243 0.397927 0.018243 0.397927
0.025270 0.397927 0.025270 0.397927
0.032296 0.397927 0.032296 0.397927
0.039323 0.397927 0.039323 0.397927
0.046349 0.397927 0.046349 0.397927
0.053376 0.397927 0.053376 0.397927
0.060402 0.397927 0.060402 0.397927
0.067429 0.397927 0.067429 0.397927
0.074455 0.397927 0.074455 0.397927
0.081482 0.397927 0.081482 0.397927
0.088508 0.397927 0.088508 0.397927
0.095535 0.397927 0.095535 0.397927
0.102561 0.397927 0.102561 0.397927
0.109588 0.397927 0.109588 0.397927
0.116615 0.397927 0.116615 0.397927
0.123641 0.397927 0.123641 0.397927
0.130668 0.397927 0.130668 0.397927
0.137694 0.397927 0.137694 0.397927
0.144721 0.397927 0.144721 0.397927
0.151747 0.397927 0.151747 0.397927
0.158774 0.397927 0.158774 0.397927
0.165800 0.397927 0.165800 0.397927
0.172827 0.397927 0.172827 0.397927
0.179853 0.397927 0.179853 0.397927
0.186880 0.397927 0.186880 0.397927
0.193906 0.397927 0.193906 0.397927
0.200933 0.397927 0.200933 0.397927
0.207959 0.397927 0.207959 0.397927
0.214986 0.397927 0.214986 0.397927
0.222012 0.397927 0.222012 0.397927
0.229039 0.397927 0.229039 0.397927
0.236065 0.397927 0.236065 0.397927
0.243092 0.397927 0.243092 0.397927
0.250118 0.397927 0.250118 0.397927
0.257145 0.397927 0.257145 0.397927
0.264172 0.397927 0.264172 0.397927
0.271198 0.397927 0.271198 0.397927
0.278225 0.397927 0.278225 0.397927
0.285251 0.397927 0.285251 0.397927
0.292278 0.397927 0.292278 0.397927
0.299304 0.397927 0.299304 0.397927
0.306331 0.397927 0.306331 0.397927
0.313357 0.397927 0.313357 0.397927
0.320384 0.397927 0.320384 0.397927
0.327410 0.397927 0.327410 0.397927
0.334437 0.397927 0.334437 0.397927
0.341463 0.397927 0.341463 0.397927
0.348490 0.397927 0.348490 0.397927
0.355516 0.397927 0.355516 0.397927
0.362543 0.397927 0.362543 0.397927
0.369569 0.397927 0.369569 0.397927
0.376596 0.397927 0.376596 0.397927
0.383622 0.397927 0.383622 0.397927
0.390649 0.397927 0.390649 0.397927
0.397676 0.397927 0.397676 0.397927
0.404702 0.397927 0.404702 0.397927
0.411729 0.397927 0.411729 0.397927
0.418755 0.397927 0.418755 0.397927
0.425782 0.397927 0.425782 0.397927
0.432808 0.397927 0.432808 0.397927
0.439835 0.397927 0.439835 0.397927
0.446861 0.397927 0.446861 0.397927
0.453888 0.397927 0.453888 0.397927
0.460914 0.397927 0.460914 0.397927
0.467941 0.397927 0.467941 0.397927
0.474967 0.397927 0.474967 0.397927
0.481994 0.397927 0.481994 0.397927
-0.410375 0.405228 -0.410375 0.405228
-0.403348 0.405228 -0.403348 0.405228
-0.396322 0.405228 -0.396322 0.405228
-0.389295 0.405228 -0.389295 0.405228
-0.382269 0.405228 -0.382269 0.405228
-0.375242 0.405228 -0.375242 0.405228
-0.368216 0.405228 -0.368216 0.405228
-0.361189 0.405228 -0.361189 0.405228
-0.354163 0.405228 -0.354163 0.405228
-0.347136 0.405228 -0.347136 0.405228
-0.340110 0.405228 -0.340110 0.405228
-0.333083 0.405228 -0.333083 0.405228
-0.326057 0.405228 -0.326057 0.405228
-0.319030 0.405228 -0.319030 0.405228
-0.312003 0.405228 -0.312003 0.405228
-0.304977 0.405228 -0.304977 0.405228
-0.297950 0.405228 -0.297950 0.405228
-0.290924 0.405228 -0.290924 0.405228
-0.283897 0.405228 -0.283897 0.405228
-0.276871 0.405228 -0.276871 0.405228
-0.269844 0.405228 -0.269844 0.405228
-0.262818 0.405228 -0.262818 0.405228
-0.255791 0.405228 -0.255791 0.405228
-0.248765 0.405228 -0.248765 0.405228
-0.241738 0.405228 -0.241738 0.405228
-0.234712 0.405228 -0.234712 0.405228
-0.227685 0.405228 -0.227685 0.405228
-0.220659 0.405228 -0.220659 0.405228
-0.213632 0.405228 -0.213632 0.405228
-0.206606 0.405228 -0.206606 0.405228
-0.199579 0.405228 -0.199579 0.405228
-0.192553 0.405228 -0.192553 0.405228
-0.185526 0.405228 -0.185526 0.405228
-0.178499 0.405228 -0.178499 0.405228
-0.171473 0.405228 -0.171473 0.405228
-0.164446 0.405228 -0.164446 0.405228
-0.157420 0.405228 -0.157420 0.405228
-0.150393 0.405228 -0.150393 0.405228
-0.143367 0.405228 -0.143367 0.405228
-0.136340 0.405228 -0.136340 0.405228
-0.129314 0.405228 -0.129314 0.405228
-0.122287 0.405228 -0.122287 0.405228
-0.115261 0.405228 -0.115261 0.405228
-0.108234 0.405228 -0.108234 0.405228
-0.101208 0.405228 -0.101208 0.405228
-0.094181 0.405228 -0.094181 0.405228
-0.087155 0.405228 -0.087155 0.405228
-0.080128 0.405228 -0.080128 0.405228
-0.073102 0.405228 -0.073102 0.405228
-0.066075 0.405228 -0.066075 0.405228
-0.059049 0.405228 -0.059049 0.405228
-0.052022 0.405228 -0.052022 0.405228
-0.044996 0.405228 -0.044996 0.405228
-0.037969 0.405228 -0.037969 0.405228
-0.030942 0.405228 -0.030942 0.405228
-0.023916 0.405228 -0.023916 0.405228
-0.016889 0.405228 -0.016889 0.405228
-0.009863 0.405228 -0.009863 0.405228
-0.002836 0.405228 -0.002836 0.405228
0.004190 0.405228 0.004190 0.405228
0.011217 0.405228 0.011217 0.405228
0.018243 0.405228 0.018243 0.405228
0.025270 0.405228 0.025270 0.405228
0.032296 0.405228 0.032296 0.405228
0.039323 0.405228 0.039323 0.405228
0.046349 0.405228 0.046349 0.405228
0.053376 0.405228 0.053376 0.405228
0.060402 0.405228 0.060402 0.405228
0.067429 0.405228 0.067429 0.405228
0.074455 0.405228 0.074455 0.405228
0.081482 0.405228 0.081482 0.405228
0.088508 0.405228 0.088508 0.405228
0.095535 0.405228 0.095535 0.405228
0.102561 0.405228 0.102561 0.405228
0.109588 0.405228 0.109588 0.405228
0.116615 0.405228 0.116615 0.405228
0.123641 0.405228 0.123641 0.405228
0.130668 0.405228 0.130668 0.405228
0.137694 0.405228 0.137694 0.405228
0.144721 0.405228 0.144721 0.405228
0.151747 0.405228 0.151747 0.405228
0.158774 0.405228 0.158774 0.405228
0.165800 0.405228 0.165800 0.405228
0.172827 0.405228 0.172827 0.405228
0.179853 0.405228 0.179853 0.405228
0.186880 0.405228 0.186880 0.405228
0.193906 0.405228 0.193906 0.405228
0.200933 0.405228 0.200933 0.405228
0.207959 0.405228 0.207959 0.405228
0.214986 0.405228 0.214986 0.405228
0.222012 0.405228 0.222012 0.405228
0.229039 0.405228 0.229039 0.405228
0.236065 0.405228 0.236065 0.405228
0.243092 0.405228 0.243092 0.405228
0.250118 0.405228 0.250118 0.405228
0.257145 0.405228 0.257145 0.405228
0.264172 0.405228 0.264172 0.405228
0.271198 0.405228 0.271198 0.405228
0.278225 0.405228 0.278225 0.405228
0.285251 0.405228 0.285251 0.405228
0.292278 0.405228 0.292278 0.405228
0.299304 0.405228 0.299304 0.405228
0.306331 0.405228 0.306331 0.405228
0.313357 0.405228 0.313357 0.405228
0.320384 0.405228 0.320384 0.405228
0.327410 0.405228 0.327410 0.405228
0.334437 0.405228 0.334437 0.405228
0.341463 0.405228 0.341463 0.405228
0.348490 0.405228 0.348490 0.405228
0.355516 0.405228 0.355516 0.405228
0.362543 0.405228 0.362543 0.405228
0.369569 0.405228 0.369569 0.405228
0.376596 0.405228 0.376596 0.405228
0.383622 0.405228 0.383622 0.405228
0.390649 0.405228 0.390649 0.405228
0.397676 0.405228 0.397676 0.405228
0.404702 0.405228 0.404702 0.405228
0.411729 0.405228 0.411729 0.405228
0.418755 0.405228 0.418755 0.405228
0.425782 0.405228 0.425782 0.405228
0.432808 0.405228 0.432808 0.405228
0.439835 0.405228 0.439835 0.405228
0.446861 0.405228 0.446861 0.405228
0.453888 0.405228 0.453888 0.405228
0.460914 0.405228 0.460914 0.405228
0.467941 0.405228 0.467941 0.405228
0.474967 0.405228 0.474967 0.405228
0.481994 0.405228 0.481994 0.405228
-0.410375 0.412530 -0.410375 0.412530
-0.403348 0.412530 -0.403348 0.412530
-0.396322 0.412530 -0.396322 0.412530
-0.389295 0.412530 -0.389295 0.412530
-0.382269 0.412530 -0.382269 0.412530
-0.375242 0.412530 -0.375242 0.412530
-0.368216 0.412530 -0.368216 0.412530
-0.361189 0.412530 -0.361189 0.412530
-0.354163 0.412530 -0.354163 0.412530
-0.347136 0.412530 -0.347136 0.412530
-0.340110 0.412530 -0.340110 0.412530
-0.333083 0.412530 -0.333083 0.412530
-0.326057 0.412530 -0.326057 0.412530
-0.319030 0.412530 -0.319030 0.412530
-0.312003 0.412530 -0.312003 0.412530
-0.304977 0.412530 -0.304977 0.412530
-0.297950 0.412530 -0.297950 0.412530
-0.290924 0.412530 -0.290924 0.412530
-0.283897 0.412530 -0.283897 0.412530
-0.276871 0.412530 -0.276871 0.412530
-0.269844 0.412530 -0.269844 0.412530
-0.262818 0.412530 -0.262818 0.412530
-0.255791 0.412530 -0.255791 0.412530
-0.248765 0.412530 -0.248765 0.412530
-0.241738 0.412530 -0.241738 0.412530
-0.234712 0.412530 -0.234712 0.412530
-0.227685 0.412530 -0.227685 0.412530
-0.220659 0.412530 -0.220659 0.412530
-0.213632 0.412530 -0.213632 0.412530
-0.206606 0.412530 -0.206606 0.412530
-0.199579 0.412530 -0.199579 0.412530
-0.192553 0.412530 -0.192553 0.412530
-0.185526 0.412530 -0.185526 0.412530
-0.178499 0.412530 -0.178499 0.412530
-0.171473 0.412530 -0.171473 0.412530
-0.164446 0.412530 -0.164446 0.412530
-0.157420 0.412530 -0.157420 0.412530
-0.150393 0.412530 -0.150393 0.412530
-0.143367 0.412530 -0.143367 0.412530
-0.136340 0.412530 -0.136340 0.412530
-0.129314 0.412530 -0.129314 0.412530
-0.122287 0.412530 -0.122287 0.412530
-0.115261 0.412530 -0.115261 0.412530
-0.108234 0.412530 -0.108234 0.412530
-0.101208 0.412530 -0.101208 0.412530
-0.094181 0.412530 -0.094181 0.412530
-0.087155 0.412530 -0.087155 0.412530
-0.080128 0.412530 -0.080128 0.412530
-0.073102 0.412530 -0.073102 0.412530
-0.066075 0.412530 -0.066075 0.412530
-0.059049 0.412530 -0.059049 0.412530
-0.052022 0.412530 -0.052022 0.412530
-0.044996 0.412530 -0.044996 0.412530
-0.037969 0.412530 -0.037969 0.412530
-0.030942 0.412530 -0.030942 0.412530
-0.023916 0.412530 -0.023916 0.412530
-0.016889 0.412530 -0.016889 0.412530
-0.009863 0.412530 -0.009863 0.412530
-0.002836 0.412530 -0.002836 0.412530
0.004190 0.412530 0.004190 0.412530
0.011217 0.412530 0.011217 0.412530
0.018243 0.412530 0.018243 0.412530
0.025270 0.412530 0.025270 0.412530
0.032296 0.412530 0.032296 0.412530
0.039323 0.412530 0.039323 0.412530
0.046349 0.412530 0.046349 0.412530
0.053376 0.412530 0.053376 0.412530
0.060402 0.412530 0.060402 0.412530
0.067429 0.412530 0.067429 0.412530
0.074455 0.412530 0.074455 0.412530
0.081482 0.412530 0.081482 0.412530
0.088508 0.412530 0.088508 0.412530
0.095535 0.412530 0.095535 0.412530
0.102561 0.412530 0.102561 0.412530
0.109588 0.412530 0.109588 0.412530
0.116615 0.412530 0.116615 0.412530
0.123641 0.412530 0.123641 0.412530
0.130668 0.412530 0.130668 0.412530
0.137694 0.412530 0.137694 0.412530
0.144721 0.412530 0.144721 0.412530
0.151747 0.412530 0.151747 0.412530
0.158774 0.412530 0.158774 0.412530
0.165800 0.412530 0.165800 0.412530
0.172827 0.412530 0.172827 0.412530
0.179853 0.412530 0.179853 0.412530
0.186880 0.412530 0.186880 0.412530
0.193906 0.412530 0.193906 0.412530
0.200933 0.412530 0.200933 0.412530
0.207959 0.412530 0.207959 0.412530
0.214986 0.412530 0.214986 0.412530
0.222012 0.412530 0.222012 0.412530
0.229039 0.412530 0.229039 0.412530
0.236065 0.412530 0.236065 0.412530
0.243092 0.412530 0.243092 0.412530
0.250118 0.412530 0.250118 0.412530
0.257145 0.412530 0.257145 0.412530
0.264172 0.412530 0.264172 0.412530
0.271198 0.412530 0.271198 0.412530
0.278225 0.412530 0.278225 0.412530
0.285251 0.412530 0.285251 0.412530
0.292278 0.412530 0.292278 0.412530
0.299304 0.412530 0.299304 0.412530
0.306331 0.412530 0.306331 0.412530
0.313357 0.412530 0.313357 0.412530
0.320384 0.412530 0.320384 0.412530
0.327410 0.412530 0.327410 0.412530
0.334437 0.412530 0.334437 0.412530
0.341463 0.412530 0.341463 0.412530
0.348490 0.412530 0.348490 0.412530
0.355516 0.412530 0.355516 0.412530
0.362543 0.412530 0.362543 0.412530
0.369569 0.412530 0.369569 0.412530
0.376596 0.412530 0.376596 0.412530
0.383622 0.412530 0.383622 0.412530
0.390649 0.412530 0.390649 0.412530
0.397676 0.412530 0.397676 0.412530
0.404702 0.412530 0.404702 0.412530
0.411729 0.412530 0.411729 0.412530
0.418755 0.412530 0.418755 0.412530
0.425782 0.412530 0.425782 0.412530
0.432808 0.412530 0.432808 0.412530
0.439835 0.412530 0.439835 0.412530
0.446861 0.412530 0.446861 0.412530
0.453888 0.412530 0.453888 0.412530
0.460914 0.412530 0.460914 0.412530
0.467941 0.412530 0.467941 0.412530
0.474967 0.412530 0.474967 0.412530
0.481994 0.412530 0.481994 0.412530
-0.410375 0.419831 -0.410375 0.419831
-0.403348 0.419831 -0.403348 0.419831
-0.396322 0.419831 -0.396322 0.419831
-0.389295 0.419831 -0.389295 0.419831
-0.382269 0.419831 -0.382269 0.419831
-0.375242 0.419831 -0.375242 0.419831
-0.368216 0.419831 -0.368216 0.419831
-0.361189 0.419831 -0.361189 0.419831
-0.354163 0.419831 -0.354163 0.419831
-0.347136 0.419831 -0.347136 0.419831
-0.340110 0.419831 -0.340110 0.419831
-0.333083 0.419831 -0.333083 0.419831
-0.326057 0.419831 -0.326057 0.419831
-0.319030 0.419831 -0.319030 0.419831
-0.312003 0.419831 -0.312003 0.419831
-0.304977 0.419831 -0.304977 0.419831
-0.297950 0.419831 -0.297950 0.419831
-0.290924 0.419831 -0.290924 0.419831
-0.283897 0.419831 -0.283897 0.419831
-0.276871 0.419831 -0.276871 0.419831
-0.269844 0.419831 -0.269844 0.419831
-0.262818 0.419831 -0.262818 0.419831
-0.255791 0.419831 -0.255791 0.419831
-0.248765 0.419831 -0.248765 0.419831
-0.241738 0.419831 -0.241738 0.419831
-0.234712 0.419831 -0.234712 0.419831
-0.227685 0.419831 -0.227685 0.419831
-0.220659 0.419831 -0.220659 0.419831
-0.213632 0.419831 -0.213632 0.419831
-0.206606 0.419831 -0.206606 0.419831
-0.199579 0.419831 -0.199579 0.419831
-0.192553 0.419831 -0.192553 0.419831
-0.185526 0.419831 -0.185526 0.419831
-0.178499 0.419831 -0.178499 0.419831
-0.171473 0.419831 -0.171473 0.419831
-0.164446 0.419831 -0.164446 0.419831
-0.157420 0.419831 -0.157420 0.419831
-0.150393 0.419831 -0.150393 0.419831
-0.143367 0.419831 -0.143367 0.419831
-0.136340 0.419831 -0.136340 0.419831
-0.129314 0.419831 -0.129314 0.419831
-0.122287 0.419831 -0.122287 0.419831
-0.115261 0.419831 -0.115261 0.419831
-0.108234 0.419831 -0.108234 0.419831
-0.101208 0.419831 -0.101208 0.419831
-0.094181 0.419831 -0.094181 0.419831
-0.087155 0.419831 -0.087155 0.419831
-0.080128 0.419831 -0.080128 0.419831
-0.073102 0.419831 -0.073102 0.419831
-0.066075 0.419831 -0.066075 0.419831
-0.059049 0.419831 -0.059049 0.419831
-0.052022 0.419831 -0.052022 0.419831
-0.044996 0.419831 -0.044996 0.419831
-0.037969 0.419831 -0.037969 0.419831
-0.030942 0.419831 -0.030942 0.419831
-0.023916 0.419831 -0.023916 0.419831
-0.016889 0.419831 -0.016889 0.419831
-0.009863 0.419831 -0.009863 0.419831
-0.002836 0.419831 -0.002836 0.419831
0.004190 0.419831 0.004190 0.419831
0.011217 0.419831 0.011217 0.419831
0.018243 0.419831 0.018243 0.419831
0.025270 0.419831 0.025270 0.419831
0.032296 0.419831 0.032296 0.419831
0.039323 0.419831 0.039323 0.419831
0.046349 0.419831 0.046349 0.419831
0.053376 0.419831 0.053376 0.419831
0.060402 0.419831 0.060402 0.419831
0.067429 0.419831 0.067429 0.419831
0.074455 0.419831 0.074455 0.419831
0.081482 0.419831 0.081482 0.419831
0.088508 0.419831 0.088508 0.419831
0.095535 0.419831 0.095535 0.419831
0.102561 0.419831 0.102561 0.419831
0.109588 0.419831 0.109588 0.419831
0.116615 0.419831 0.116615 0.419831
0.123641 0.419831 0.123641 0.419831
0.130668 0.419831 0.130668 0.419831
0.137694 0.419831 0.137694 0.419831
0.144721 0.419831 0.144721 0.419831
0.151747 0.419831 0.151747 0.419831
0.158774 0.419831 0.158774 0.419831
0.165800 0.419831 0.165800 0.419831
0.172827 0.419831 0.172827 0.419831
0.179853 0.419831 0.179853 0.419831
0.186880 0.419831 0.186880 0.419831
0.193906 0.419831 0.193906 0.419831
0.200933 0.419831 0.200933 0.419831
0.207959 0.419831 0.207959 0.419831
0.214986 0.419831 0.214986 0.419831
0.222012 0.419831 0.222012 0.419831
0.229039 0.419831 0.229039 0.419831
0.236065 0.419831 0.236065 0.419831
0.243092 0.419831 0.243092 0.419831
0.250118 0.419831 0.250118 0.419831
0.257145 0.419831 0.257145 0.419831
0.264172 0.419831 0.264172 0.419831
0.271198 0.419831 0.271198 0.419831
0.278225 0.419831 0.278225 0.419831
0.285251 0.419831 0.285251 0.419831
0.292278 0.419831 0.292278 0.419831
0.299304 0.419831 0.299304 0.419831
0.306331 0.419831 0.306331 0.419831
0.313357 0.419831 0.313357 0.419831
0.320384 0.419831 0.320384 0.419831
0.327410 0.419831 0.327410 0.419831
0.334437 0.419831 0.334437 0.419831
0.341463 0.419831 0.341463 0.419831
0.348490 0.419831 0.348490 0.419831
0.355516 0.419831 0.355516 0.419831
0.362543 0.419831 0.362543 0.419831
0.369569 0.419831 0.369569 0.419831
0.376596 0.419831 0.376596 0.419831
0.383622 0.419831 0.383622 0.419831
0.390649 0.419831 0.390649 0.419831
0.397676 0.419831 0.397676 0.419831
0.404702 0.419831 0.404702 0.419831
0.411729 0.419831 0.411729 0.419831
0.418755 0.419831 0.418755 0.419831
0.425782 0.419831 0.425782 0.419831
0.432808 0.419831 0.432808 0.419831
0.439835 0.419831 0.439835 0.419831
0.446861 0.419831 0.446861 0.419831
0.453888 0.419831 0.453888 0.419831
0.460914 0.419831 0.460914 0.419831
0.467941 0.419831 0.467941 0.419831
0.474967 0.419831 0.474967 0.419831
0.481994 0.419831 0.481994 0.419831
-0.410375 0.427133 -0.410375 0.427133
-0.403348 0.427133 -0.403348 0.427133
-0.396322 0.427133 -0.396322 0.427133
-0.389295 0.427133 -0.389295 0.427133
-0.382269 0.427133 -0.382269 0.427133
-0.375242 0.427133 -0.375242 0.427133
-0.368216 0.427133 -0.368216 0.427133
-0.361189 0.427133 -0.361189 0.427133
-0.354163 0.427133 -0.354163 0.427133
-0.347136 0.427133 -0.347136 0.427133
-0.340110 0.427133 -0.340110 0.427133
-0.333083 0.427133 -0.333083 0.427133
-0.326057 0.427133 -0.326057 0.427133
-0.319030 0.427133 -0.319030 0.427133
-0.312003 0.427133 -0.312003 0.427133
-0.304977 0.427133 -0.304977 0.427133
-0.297950 0.427133 -0.297950 0.427133
-0.290924 0.427133 -0.290924 0.427133
-0.283897 0.427133 -0.283897 0.427133
-0.276871 0.427133 -0.276871 0.427133
-0.269844 0.427133 -0.269844 0.427133
-0.262818 0.427133 -0.262818 0.427133
-0.255791 0.427133 -0.255791 0.427133
-0.248765 0.427133 -0.248765 0.427133
-0.241738 0.427133 -0.241738 0.427133
-0.234712 0.427133 -0.234712 0.427133
-0.227685 0.427133 -0.227685 0.427133
-0.220659 0.427133 -0.220659 0.427133
-0.213632 0.427133 -0.213632 0.427133
-0.206606 0.427133 -0.206606 0.427133
-0.199579 0.427133 -0.199579 0.427133
-0.192553 0.427133 -0.192553 0.427133
-0.185526 0.427133 -0.185526 0.427133
-0.178499 0.427133 -0.178499 0.427133
-0.171473 0.427133 -0.171473 0.427133
-0.164446 0.427133 -0.164446 0.427133
-0.157420 0.427133 -0.157420 0.427133
-0.150393 0.427133 -0.150393 0.427133
-0.143367 0.427133 -0.143367 0.427133
-0.136340 0.427133 -0.136340 0.427133
-0.129314 0.427133 -0.129314 0.427133
-0.122287 0.427133 -0.122287 0.427133
-0.115261 0.427133 -0.115261 0.427133
-0.108234 0.427133 -0.108234 0.427133
-0.101208 0.427133 -0.101208 0.427133
-0.094181 0.427133 -0.094181 0.427133
-0.087155 0.427133 -0.087155 0.427133
-0.080128 0.427133 -0.080128 0.427133
-0.073102 0.427133 -0.073102 0.427133
-0.066075 0.427133 -0.066075 0.427133
-0.059049 0.427133 -0.059049 0.427133
-0.052022 0.427133 -0.052022 0.427133
-0.044996 0.427133 -0.044996 0.427133
-0.037969 0.427133 -0.037969 0.427133
-0.030942 0.427133 -0.030942 0.427133
-0.023916 0.427133 -0.023916 0.427133
-0.016889 0.427133 -0.016889 0.427133
-0.009863 0.427133 -0.009863 0.427133
-0.002836 0.427133 -0.002836 0.427133
0.004190 0.427133 0.004190 0.427133
0.011217 0.427133 0.011217 0.427133
0.018243 0.427133 0.018243 0.427133
0.025270 0.427133 0.025270 0.427133
0.032296 0.427133 0.032296 0.427133
0.039323 0.427133 0.039323 0.427133
0.046349 0.427133 0.046349 0.427133
0.053376 0.427133 0.053376 0.427133
0.060402 0.427133 0.060402 0.427133
0.067429 0.427133 0.067429 0.427133
0.074455 0.427133 0.074455 0.427133
0.081482 0.427133 0.081482 0.427133
0.088508 0.427133 0.088508 0.427133
0.095535 0.427133 0.095535 0.427133
0.102561 0.427133 0.102561 0.427133
0.109588 0.427133 0.109588 0.427133
0.116615 0.427133 0.116615 0.427133
0.123641 0.427133 0.123641 0.427133
0.130668 0.427133 0.130668 0.427133
0.137694 0.427133 0.137694 0.427133
0.144721 0.427133 0.144721 0.427133
0.151747 0.427133 0.151747 0.427133
0.158774 0.427133 0.158774 0.427133
0.165800 0.427133 0.165800 0.427133
0.172827 0.427133 0.172827 0.427133
0.179853 0.427133 0.179853 0.427133
0.186880 0.427133 0.186880 0.427133
0.193906 0.427133 0.193906 0.427133
0.200933 0.427133 0.200933 0.427133
0.207959 0.427133 0.207959 0.427133
0.214986 0.427133 0.214986 0.427133
0.222012 0.427133 0.222012 0.427133
0.229039 0.427133 0.229039 0.427133
0.236065 0.427133 0.236065 0.427133
0.243092 0.427133 0.243092 0.427133
0.250118 0.427133 0.250118 0.427133
0.257145 0.427133 0.257145 0.427133
0.264172 0.427133 0.264172 0.427133
0.271198 0.427133 0.271198 0.427133
0.278225 0.427133 0.278225 0.427133
0.285251 0.427133 0.285251 0.427133
0.292278 0.427133 0.292278 0.427133
0.299304 0.427133 0.299304 0.427133
0.306331 0.427133 0.306331 0.427133
0.313357 0.427133 0.313357 0.427133
0.320384 0.427133 0.320384 0.427133
0.327410 0.427133 0.327410 0.427133
0.334437 0.427133 0.334437 0.427133
0.341463 0.427133 0.341463 0.427133
0.348490 0.427133 0.348490 0.427133
0.355516 0.427133 0.355516 0.427133
0.362543 0.427133 0.362543 0.427133
0.369569 0.427133 0.369569 0.427133
0.376596 0.427133 0.376596 0.427133
0.383622 0.427133 0.383622 0.427133
0.390649 0.427133 0.390649 0.427133
0.397676 0.427133 0.397676 0.427133
0.404702 0.427133 0.404702 0.427133
0.411729 0.427133 0.411729 0.427133
0.418755 0.427133 0.418755 0.427133
0.425782 0.427133 0.425782 0.427133
0.432808 0.427133 0.432808 0.427133
0.439835 0.427133 0.439835 0.427133
0.446861 0.427133 0.446861 0.427133
0.453888 0.427133 0.453888 0.427133
0.460914 0.427133 0.460914 0.427133
0.467941 0.427133 0.467941 0.427133
0.474967 0.427133 0.474967 0.427133
0.481994 0.427133 0.481994 0.427133
-0.410375 0.434434 -0.410375 0.434434
-0.403348 0.434434 -0.403348 0.434434
-0.396322 0.434434 -0.396322 0.434434
-0.389295 0.434434 -0.389295 0.434434
-0.382269 0.434434 -0.382269 0.434434
-0.375242 0.434434 -0.375242 0.434434
-0.368216 0.434434 -0.368216 0.434434
-0.361189 0.434434 -0.361189 0.434434
-0.354163 0.434434 -0.354163 0.434434
-0.347136 0.434434 -0.347136 0.434434
-0.340110 0.434434 -0.340110 0.434434
-0.333083 0.434434 -0.333083 0.434434
-0.326057 0.434434 -0.326057 0.434434
-0.319030 0.434434 -0.319030 0.434434
-0.312003 0.434434 -0.312003 0.434434
-0.304977 0.434434 -0.304977 0.434434
-0.297950 0.434434 -0.297950 0.434434
-0.290924 0.434434 -0.290924 0.434434
-0.283897 0.434434 -0.283897 0.434434
-0.276871 0.434434 -0.276871 0.434434
-0.269844 0.434434 -0.269844 0.434434
-0.262818 0.434434 -0.262818 0.434434
-0.255791 0.434434 -0.255791 0.434434
-0.248765 0.434434 -0.248765 0.434434
-0.241738 0.434434 -0.241738 0.434434
-0.234712 0.434434 -0.234712 0.434434
-0.227685 0.434434 -0.227685 0.434434
-0.220659 0.434434 -0.220659 0.434434
-0.213632 0.434434 -0.213632 0.434434
-0.206606 0.434434 -0.206606 0.434434
-0.199579 0.434434 -0.199579 0.434434
-0.192553 0.434434 -0.192553 0.434434
-0.185526 0.434434 -0.185526 0.434434
-0.178499 0.434434 -0.178499 0.434434
-0.171473 0.434434 -0.171473 0.434434
-0.164446 0.434434 -0.164446 0.434434
-0.157420 0.434434 -0.157420 0.434434
-0.150393 0.434434 -0.150393 0.434434
-0.143367 0.434434 -0.143367 0.434434
-0.136340 0.434434 -0.136340 0.434434
-0.129314 0.434434 -0.129314 0.434434
-0.122287 0.434434 -0.122287 0.434434
-0.115261 0.434434 -0.115261 0.434434
-0.108234 0.434434 -0.108234 0.434434
-0.101208 0.434434 -0.101208 0.434434
-0.094181 0.434434 -0.094181 0.434434
-0.087155 0.434434 -0.087155 0.434434
-0.080128 0.434434 -0.080128 0.434434
-0.073102 0.434434 -0.073102 0.434434
-0.066075 0.434434 -0.066075 0.434434
-0.059049 0.434434 -0.059049 0.434434
-0.052022 0.434434 -0.052022 0.434434
-0.044996 0.434434 -0.044996 0.434434
-0.037969 0.434434 -0.037969 0.434434
-0.030942 0.434434 -0.030942 0.434434
-0.023916 0.434434 -0.023916 0.434434
-0.016889 0.434434 -0.016889 0.434434
-0.009863 0.434434 -0.009863 0.434434
-0.002836 0.434434 -0.002836 0.434434
0.004190 0.434434 0.004190 0.434434
0.011217 0.434434 0.011217 0.434434
0.018243 0.434434 0.018243 0.434434
0.025270 0.434434 0.025270 0.434434
0.032296 0.434434 0.032296 0.434434
0.039323 0.434434 0.039323 0.434434
0.046349 0.434434 0.046349 0.434434
0.053376 0.434434 0.053376 0.434434
0.060402 0.434434 0.060402 0.434434
0.067429 0.434434 0.067429 0.434434
0.074455 0.434434 0.074455 0.434434
0.081482 0.434434 0.081482 0.434434
0.088508 0.434434 0.088508 0.434434
0.095535 0.434434 0.095535 0.434434
0.102561 0.434434 0.102561 0.434434
0.109588 0.434434 0.109588 0.434434
0.116615 0.434434 0.116615 0.434434
0.123641 0.434434 0.123641 0.434434
0.130668 0.434434 0.130668 0.434434
0.137694 0.434434 0.137694 0.434434
0.144721 0.434434 0.144721 0.434434
0.151747 0.434434 0.151747 0.434434
0.158774 0.434434 0.158774 0.434434
0.165800 0.434434 0.165800 0.434434
0.172827 0.434434 0.172827 0.434434
0.179853 0.434434 0.179853 0.434434
0.186880 0.434434 0.186880 0.434434
0.193906 0.434434 0.193906 0.434434
0.200933 0.434434 0.200933 0.434434
0.207959 0.434434 0.207959 0.434434
0.214986 0.434434 0.214986 0.434434
0.222012 0.434434 0.222012 0.434434
0.229039 0.434434 0.229039 0.434434
0.236065 0.434434 0.236065 0.434434
0.243092 0.434434 0.243092 0.434434
0.250118 0.434434 0.250118 0.434434
0.257145 0.434434 0.257145 0.434434
0.264172 0.434434 0.264172 0.434434
0.271198 0.434434 0.271198 0.434434
0.278225 0.434434 0.278225 0.434434
0.285251 0.434434 0.285251 0.434434
0.292278 0.434434 0.292278 0.434434
0.299304 0.434434 0.299304 0.434434
0.306331 0.434434 0.306331 0.434434
0.313357 0.434434 0.313357 0.434434
0.320384 0.434434 0.320384 0.434434
0.327410 0.434434 0.327410 0.434434
0.334437 0.434434 0.334437 0.434434
0.341463 0.434434 0.341463 0.434434
0.348490 0.434434 0.348490 0.434434
0.355516 0.434434 0.355516 0.434434
0.362543 0.434434 0.362543 0.434434
0.369569 0.434434 0.369569 0.434434
0.376596 0.434434 0.376596 0.434434
0.383622 0.434434 0.383622 0.434434
0.390649 0.434434 0.390649 0.434434
0.397676 0.434434 0.397676 0.434434
0.404702 0.434434 0.404702 0.434434
0.411729 0.434434 0.411729 0.434434
0.418755 0.434434 0.418755 0.434434
0.425782 0.434434 0.425782 0.434434
0.432808 0.434434 0.432808 0.434434
0.439835 0.434434 0.439835 0.434434
0.446861 0.434434 0.446861 0.434434
0.453888 0.434434 0.453888 0.434434
0.460914 0.434434 0.460914 0.434434
0.467941 0.434434 0.467941 0.434434
0.474967 0.434434 0.474967 0.434434
0.481994 0.434434 0.481994 0.434434
-0.410375 0.441736 -0.410375 0.441736
-0.403348 0.441736 -0.403348 0.441736
-0.396322 0.441736 -0.396322 0.441736
-0.389295 0.441736 -0.389295 0.441736
-0.382269 0.441736 -0.382269 0.441736
-0.375242 0.441736 -0.375242 0.441736
-0.368216 0.441736 -0.368216 0.441736
-0.361189 0.441736 -0.361189 0.441736
-0.354163 0.441736 -0.354163 0.441736
-0.347136 0.441736 -0.347136 0.441736
-0.340110 0.441736 -0.340110 0.441736
-0.333083 0.441736 -0.333083 0.441736
-0.326057 0.441736 -0.326057 0.441736
-0.319030 0.441736 -0.319030 0.441736
-0.312003 0.441736 -0.312003 0.441736
-0.304977 0.441736 -0.304977 0.441736
-0.297950 0.441736 -0.297950 0.441736
-0.290924 0.441736 -0.290924 0.441736
-0.283897 0.441736 -0.283897 0.441736
-0.276871 0.441736 -0.276871 0.441736
-0.269844 0.441736 -0.269844 0.441736
-0.262818 0.441736 -0.262818 0.441736
-0.255791 0.441736 -0.255791 0.441736
-0.248765 0.441736 -0.248765 0.441736
-0.241738 0.441736 -0.241738 0.441736
-0.234712 0.441736 -0.234712 0.441736
-0.227685 0.441736 -0.227685 0.441736
-0.220659 0.441736 -0.220659 0.441736
-0.213632 0.441736 -0.213632 0.441736
-0.206606 0.441736 -0.206606 0.441736
-0.199579 0.441736 -0.199579 0.441736
-0.192553 0.441736 -0.192553 0.441736
-0.185526 0.441736 -0.185526 0.441736
-0.178499 0.441736 -0.178499 0.441736
-0.171473 0.441736 -0.171473 0.441736
-0.164446 0.441736 -0.164446 0.441736
-0.157420 0.441736 -0.157420 0.441736
-0.150393 0.441736 -0.150393 0.441736
-0.143367 0.441736 -0.143367 0.441736
-0.136340 0.441736 -0.136340 0.441736
-0.129314 0.441736 -0.129314 0.441736
-0.122287 0.441736 -0.122287 0.441736
-0.115261 0.441736 -0.115261 0.441736
-0.108234 0.441736 -0.108234 0.441736
-0.101208 0.441736 -0.101208 0.441736
-0.094181 0.441736 -0.094181 0.441736
-0.087155 0.441736 -0.087155 0.441736
-0.080128 0.441736 -0.080128 0.441736
-0.073102 0.441736 -0.073102 0.441736
-0.066075 0.441736 -0.066075 0.441736
-0.059049 0.441736 -0.059049 0.441736
-0.052022 0.441736 -0.052022 0.441736
-0.044996 0.441736 -0.044996 0.441736
-0.037969 0.441736 -0.037969 0.441736
-0.030942 0.441736 -0.030942 0.441736
-0.023916 0.441736 -0.023916 0.441736
-0.016889 0.441736 -0.016889 0.441736
-0.009863 0.441736 -0.009863 0.441736
-0.002836 0.441736 -0.002836 0.441736
0.004190 0.441736 0.004190 0.441736
0.011217 0.441736 0.011217 0.441736
0.018243 0.441736 0.018243 0.441736
0.025270 0.441736 0.025270 0.441736
0.032296 0.441736 0.032296 0.441736
0.039323 0.441736 0.039323 0.441736
0.046349 0.441736 0.046349 0.441736
0.053376 0.441736 0.053376 0.441736
0.060402 0.441736 0.060402 0.441736
0.067429 0.441736 0.067429 0.441736
0.074455 0.441736 0.074455 0.441736
0.081482 0.441736 0.081482 0.441736
0.088508 0.441736 0.088508 0.441736
0.095535 0.441736 0.095535 0.441736
0.102561 0.441736 0.102561 0.441736
0.109588 0.441736 0.109588 0.441736
0.116615 0.441736 0.116615 0.441736
0.123641 0.441736 0.123641 0.441736
0.130668 0.441736 0.130668 0.441736
0.137694 0.441736 0.137694 0.441736
0.144721 0.441736 0.144721 0.441736
0.151747 0.441736 0.151747 0.441736
0.158774 0.441736 0.158774 0.441736
0.165800 0.441736 0.165800 0.441736
0.172827 0.441736 0.172827 0.441736
0.179853 0.441736 0.179853 0.441736
0.186880 0.441736 0.186880 0.441736
0.193906 0.441736 0.193906 0.441736
0.200933 0.441736 0.200933 0.441736
0.207959 0.441736 0.207959 0.441736
0.214986 0.441736 0.214986 0.441736
0.222012 0.441736 0.222012 0.441736
0.229039 0.441736 0.229039 0.441736
0.236065 0.441736 0.236065 0.441736
0.243092 0.441736 0.243092 0.441736
0.250118 0.441736 0.250118 0.441736
0.257145 0.441736 0.257145 0.441736
0.264172 0.441736 0.264172 0.441736
0.271198 0.441736 0.271198 0.441736
0.278225 0.441736 0.278225 0.441736
0.285251 0.441736 0.285251 0.441736
0.292278 0.441736 0.292278 0.441736
0.299304 0.441736 0.299304 0.441736
0.306331 0.441736 0.306331 0.441736
0.313357 0.441736 0.313357 0.441736
0.320384 0.441736 0.320384 0.441736
0.327410 0.441736 0.327410 0.441736
0.334437 0.441736 0.334437 0.441736
0.341463 0.441736 0.341463 0.441736
0.348490 0.441736 0.348490 0.441736
0.355516 0.441736 0.355516 0.441736
0.362543 0.441736 0.362543 0.441736
0.369569 0.441736 0.369569 0.441736
0.376596 0.441736 0.376596 0.441736
0.383622 0.441736 0.383622 0.441736
0.390649 0.441736 0.390649 0.441736
0.397676 0.441736 0.397676 0.441736
0.404702 0.441736 0.404702 0.441736
0.411729 0.441736 0.411729 0.441736
0.418755 0.441736 0.418755 0.441736
0.425782 0.441736 0.425782 0.441736
0.432808 0.441736 0.432808 0.441736
0.439835 0.441736 0.439835 0.441736
0.446861 0.441736 0.446861 0.441736
0.453888 0.441736 0.453888 0.441736
0.460914 0.441736 0.460914 0.441736
0.467941 0.441736 0.467941 0.441736
0.474967 0.441736 0.474967 0.441736
0.481994 0.441736 0.481994 0.441736
-0.410375 0.449037 -0.410375 0.449037
-0.403348 0.449037 -0.403348 0.449037
-0.396322 0.449037 -0.396322 0.449037
-0.389295 0.449037 -0.389295 0.449037
-0.382269 0.449037 -0.382269 0.449037
-0.375242 0.449037 -0.375242 0.449037
-0.368216 0.449037 -0.368216 0.449037
-0.361189 0.449037 -0.361189 0.449037
-0.354163 0.449037 -0.354163 0.449037
-0.347136 0.449037 -0.347136 0.449037
-0.340110 0.449037 -0.340110 0.449037
-0.333083 0.449037 -0.333083 0.449037
-0.326057 0.449037 -0.326057 0.449037
-0.319030 0.449037 -0.319030 0.449037
-0.312003 0.449037 -0.312003 0.449037
-0.304977 0.449037 -0.304977 0.449037
-0.297950 0.449037 -0.297950 0.449037
-0.290924 0.449037 -0.290924 0.449037
-0.283897 0.449037 -0.283897 0.449037
-0.276871 0.449037 -0.276871 0.449037
-0.269844 0.449037 -0.269844 0.449037
-0.262818 0.449037 -0.262818 0.449037
-0.255791 0.449037 -0.255791 0.449037
-0.248765 0.449037 -0.248765 0.449037
-0.241738 0.449037 -0.241738 0.449037
-0.234712 0.449037 -0.234712 0.449037
-0.227685 0.449037 -0.227685 0.449037
-0.220659 0.449037 -0.220659 0.449037
-0.213632 0.449037 -0.213632 0.449037
-0.206606 0.449037 -0.206606 0.449037
-0.199579 0.449037 -0.199579 0.449037
-0.192553 0.449037 -0.192553 0.449037
-0.185526 0.449037 -0.185526 0.449037
-0.178499 0.449037 -0.178499 0.449037
-0.171473 0.449037 -0.171473 0.449037
-0.164446 0.449037 -0.164446 0.449037
-0.157420 0.449037 -0.157420 0.449037
-0.150393 0.449037 -0.150393 0.449037
-0.143367 0.449037 -0.143367 0.449037
-0.136340 0.449037 -0.136340 0.449037
-0.129314 0.449037 -0.129314 0.449037
-0.122287 0.449037 -0.122287 0.449037
-0.115261 0.449037 -0.115261 0.449037
-0.108234 0.449037 -0.108234 0.449037
-0.101208 0.449037 -0.101208 0.449037
-0.094181 0.449037 -0.094181 0.449037
-0.087155 0.449037 -0.087155 0.449037
-0.080128 0.449037 -0.080128 0.449037
-0.073102 0.449037 -0.073102 0.449037
-0.066075 0.449037 -0.066075 0.449037
-0.059049 0.449037 -0.059049 0.449037
-0.052022 0.449037 -0.052022 0.449037
-0.044996 0.449037 -0.044996 0.449037
-0.037969 0.449037 -0.037969 0.449037
-0.030942 0.449037 -0.030942 0.449037
-0.023916 0.449037 -0.023916 0.449037
-0.016889 0.449037 -0.016889 0.449037
-0.009863 0.449037 -0.009863 0.449037
-0.002836 0.449037 -0.002836 0.449037
0.004190 0.449037 0.004190 0.449037
0.011217 0.449037 0.011217 0.449037
0.018243 0.449037 0.018243 0.449037
0.025270 0.449037 0.025270 0.449037
0.032296 0.449037 0.032296 0.449037
0.039323 0.449037 0.039323 0.449037
0.046349 0.449037 0.046349 0.449037
0.053376 0.449037 0.053376 0.449037
0.060402 0.449037 0.060402 0.449037
0.067429 0.449037 0.067429 0.449037
0.074455 0.449037 0.074455 0.449037
0.081482 0.449037 0.081482 0.449037
0.088508 0.449037 0.088508 0.449037
0.095535 0.449037 0.095535 0.449037
0.102561 0.449037 0.102561 0.449037
0.109588 0.449037 0.109588 0.449037
0.116615 0.449037 0.116615 0.449037
0.123641 0.449037 0.123641 0.449037
0.130668 0.449037 0.130668 0.449037
0.137694 0.449037 0.137694 0.449037
0.144721 0.449037 0.144721 0.449037
0.151747 0.449037 0.151747 0.449037
0.158774 0.449037 0.158774 0.449037
0.165800 0.449037 0.165800 0.449037
0.172827 0.449037 0.172827 0.449037
0.179853 0.449037 0.179853 0.449037
0.186880 0.449037 0.186880 0.449037
0.193906 0.449037 0.193906 0.449037
0.200933 0.449037 0.200933 0.449037
0.207959 0.449037 0.207959 0.449037
0.214986 0.449037 0.214986 0.449037
0.222012 0.449037 0.222012 0.449037
0.229039 0.449037 0.229039 0.449037
0.236065 0.449037 0.236065 0.449037
0.243092 0.449037 0.243092 0.449037
0.250118 0.449037 0.250118 0.449037
0.257145 0.449037 0.257145 0.449037
0.264172 0.449037 0.264172 0.449037
0.271198 0.449037 0.271198 0.449037
0.278225 0.449037 0.278225 0.449037
0.285251 0.449037 0.285251 0.449037
0.292278 0.449037 0.292278 0.449037
0.299304 0.449037 0.299304 0.449037
0.306331 0.449037 0.306331 0.449037
0.313357 0.449037 0.313357 0.449037
0.320384 0.449037 0.320384 0.449037
0.327410 0.449037 0.327410 0.449037
0.334437 0.449037 0.334437 0.449037
0.341463 0.449037 0.341463 0.449037
0.348490 0.449037 0.348490 0.449037
0.355516 0.449037 0.355516 0.449037
0.362543 0.449037 0.362543 0.449037
0.369569 0.449037 0.369569 0.449037
0.376596 0.449037 0.376596 0.449037
0.383622 0.449037 0.383622 0.449037
0.390649 0.449037 0.390649 0.449037
0.397676 0.449037 0.397676 0.449037
0.404702 0.449037 0.404702 0.449037
0.411729 0.449037 0.411729 0.449037
0.418755 0.449037 0.418755 0.449037
0.425782 0.449037 0.425782 0.449037
0.432808 0.449037 0.432808 0.449037
0.439835 0.449037 0.439835 0.449037
0.446861 0.449037 0.446861 0.449037
0.453888 0.449037 0.453888 0.449037
0.460914 0.449037 0.460914 0.449037
0.467941 0.449037 0.467941 0.449037
0.474967 0.449037 0.474967 0.449037
0.481994 0.449037 0.481994 0.449037
-0.410375 0.456338 -0.410375 0.456338
-0.403348 0.456338 -0.403348 0.456338
-0.396322 0.456338 -0.396322 0.456338
-0.389295 0.456338 -0.389295 0.456338
-0.382269 0.456338 -0.382269 0.456338
-0.375242 0.456338 -0.375242 0.456338
-0.368216 0.456338 -0.368216 0.456338
-0.361189 0.456338 -0.361189 0.456338
-0.354163 0.456338 -0.354163 0.456338
-0.347136 0.456338 -0.347136 0.456338
-0.340110 0.456338 -0.340110 0.456338
-0.333083 0.456338 -0.333083 0.456338
-0.326057 0.456338 -0.326057 0.456338
-0.319030 0.456338 -0.319030 0.456338
-0.312003 0.456338 -0.312003 0.456338
-0.304977 0.456338 -0.304977 0.456338
-0.297950 0.456338 -0.297950 0.456338
-0.290924 0.456338 -0.290924 0.456338
-0.283897 0.456338 -0.283897 0.456338
-0.276871 0.456338 -0.276871 0.456338
-0.269844 0.456338 -0.269844 0.456338
-0.262818 0.456338 -0.262818 0.456338
-0.255791 0.456338 -0.255791 0.456338
-0.248765 0.456338 -0.248765 0.456338
-0.241738 0.456338 -0.241738 0.456338
-0.234712 0.456338 -0.234712 0.456338
-0.227685 0.456338 -0.227685 0.456338
-0.220659 0.456338 -0.220659 0.456338
-0.213632 0.456338 -0.213632 0.456338
-0.206606 0.456338 -0.206606 0.456338
-0.199579 0.456338 -0.199579 0.456338
-0.192553 0.456338 -0.192553 0.456338
-0.185526 0.456338 -0.185526 0.456338
-0.178499 0.456338 -0.178499 0.456338
-0.171473 0.456338 -0.171473 0.456338
-0.164446 0.456338 -0.164446 0.456338
-0.157420 0.456338 -0.157420 0.456338
-0.150393 0.456338 -0.150393 0.456338
-0.143367 0.456338 -0.143367 0.456338
-0.136340 0.456338 -0.136340 0.456338
-0.129314 0.456338 -0.129314 0.456338
-0.122287 0.456338 -0.122287 0.456338
-0.115261 0.456338 -0.115261 0.456338
-0.108234 0.456338 -0.108234 0.456338
-0.101208 0.456338 -0.101208 0.456338
-0.094181 0.456338 -0.094181 0.456338
-0.087155 0.456338 -0.087155 0.456338
-0.080128 0.456338 -0.080128 0.456338
-0.073102 0.456338 -0.073102 0.456338
-0.066075 0.456338 -0.066075 0.456338
-0.059049 0.456338 -0.059049 0.456338
-0.052022 0.456338 -0.052022 0.456338
-0.044996 0.456338 -0.044996 0.456338
-0.037969 0.456338 -0.037969 0.456338
-0.030942 0.456338 -0.030942 0.456338
-0.023916 0.456338 -0.023916 0.456338
-0.016889 0.456338 -0.016889 0.456338
-0.009863 0.456338 -0.009863 0.456338
-0.002836 0.456338 -0.002836 0.456338
0.004190 0.456338 0.004190 0.456338
0.011217 0.456338 0.011217 0.456338
0.018243 0.456338 0.018243 0.456338
0.025270 0.456338 0.025270 0.456338
0.032296 0.456338 0.032296 0.456338
0.039323 0.456338 0.039323 0.456338
0.046349 0.456338 0.046349 0.456338
0.053376 0.456338 0.053376 0.456338
0.060402 0.456338 0.060402 0.456338
0.067429 0.456338 0.067429 0.456338
0.074455 0.456338 0.074455 0.456338
0.081482 0.456338 0.081482 0.456338
0.088508 0.456338 0.088508 0.456338
0.095535 0.456338 0.095535 0.456338
0.102561 0.456338 0.102561 0.456338
0.109588 0.456338 0.109588 0.456338
0.116615 0.456338 0.116615 0.456338
0.123641 0.456338 0.123641 0.456338
0.130668 0.456338 0.130668 0.456338
0.137694 0.456338 0.137694 0.456338
0.144721 0.456338 0.144721 0.456338
0.151747 0.456338 0.151747 0.456338
0.158774 0.456338 0.158774 0.456338
0.165800 0.456338 0.165800 0.456338
0.172827 0.456338 0.172827 0.456338
0.179853 0.456338 0.179853 0.456338
0.186880 0.456338 0.186880 0.456338
0.193906 0.456338 0.193906 0.456338
0.200933 0.456338 0.200933 0.456338
0.207959 0.456338 0.207959 0.456338
0.214986 0.456338 0.214986 0.456338
0.222012 0.456338 0.222012 0.456338
0.229039 0.456338 0.229039 0.456338
0.236065 0.456338 0.236065 0.456338
0.243092 0.456338 0.243092 0.456338
0.250118 0.456338 0.250118 0.456338
0.257145 0.456338 0.257145 0.456338
0.264172 0.456338 0.264172 0.456338
0.271198 0.456338 0.271198 0.456338
0.278225 0.456338 0.278225 0.456338
0.285251 0.456338 0.285251 0.456338
0.292278 0.456338 0.292278 0.456338
0.299304 0.456338 0.299304 0.456338
0.306331 0.456338 0.306331 0.456338
0.313357 0.456338 0.313357 0.456338
0.320384 0.456338 0.320384 0.456338
0.327410 0.456338 0.327410 0.456338
0.334437 0.456338 0.334437 0.456338
0.341463 0.456338 0.341463 0.456338
0.348490 0.456338 0.348490 0.456338
0.355516 0.456338 0.355516 0.456338
0.362543 0.456338 0.362543 0.456338
0.369569 0.456338 0.369569 0.456338
0.376596 0.456338 0.376596 0.456338
0.383622 0.456338 0.383622 0.456338
0.390649 0.456338 0.390649 0.456338
0.397676 0.456338 0.397676 0.456338
0.404702 0.456338 0.404702 0.456338
0.411729 0.456338 0.411729 0.456338
0.418755 0.456338 0.418755 0.456338
0.425782 0.456338 0.425782 0.456338
0.432808 0.456338 0.432808 0.456338
0.439835 0.456338 0.439835 0.456338
0.446861 0.456338 0.446861 0.456338
0.453888 0.456338 0.453888 0.456338
0.460914 0.456338 0.460914 0.456338
0.467941 0.456338 0.467941 0.456338
0.474967 0.456338 0.474967 0.456338
0.481994 0.456338 0.481994 0.456338
-0.410375 0.463640 -0.410375 0.463640
-0.403348 0.463640 -0.403348 0.463640
-0.396322 0.463640 -0.396322 0.463640
-0.389295 0.463640 -0.389295 0.463640
-0.382269 0.463640 -0.382269 0.463640
-0.375242 0.463640 -0.375242 0.463640
-0.368216 0.463640 -0.368216 0.463640
-0.361189 0.463640 -0.361189 0.463640
-0.354163 0.463640 -0.354163 0.463640
-0.347136 0.463640 -0.347136 0.463640
-0.340110 0.463640 -0.340110 0.463640
-0.333083 0.463640 -0.333083 0.463640
-0.326057 0.463640 -0.326057 0.463640
-0.319030 0.463640 -0.319030 0.463640
-0.312003 0.463640 -0.312003 0.463640
-0.304977 0.463640 -0.304977 0.463640
-0.297950 0.463640 -0.297950 0.463640
-0.290924 0.463640 -0.290924 0.463640
-0.283897 0.463640 -0.283897 0.463640
-0.276871 0.463640 -0.276871 0.463640
-0.269844 0.463640 -0.269844 0.463640
-0.262818 0.463640 -0.262818 0.463640
-0.255791 0.463640 -0.255791 0.463640
-0.248765 0.463640 -0.248765 0.463640
-0.241738 0.463640 -0.241738 0.463640
-0.234712 0.463640 -0.234712 0.463640
-0.227685 0.463640 -0.227685 0.463640
-0.220659 0.463640 -0.220659 0.463640
-0.213632 0.463640 -0.213632 0.463640
-0.206606 0.463640 -0.206606 0.463640
-0.199579 0.463640 -0.199579 0.463640
-0.192553 0.463640 -0.192553 0.463640
-0.185526 0.463640 -0.185526 0.463640
-0.178499 0.463640 -0.178499 0.463640
-0.171473 0.463640 -0.171473 0.463640
-0.164446 0.463640 -0.164446 0.463640
-0.157420 0.463640 -0.157420 0.463640
-0.150393 0.463640 -0.150393 0.463640
-0.143367 0.463640 -0.143367 0.463640
-0.136340 0.463640 -0.136340 0.463640
-0.129314 0.463640 -0.129314 0.463640
-0.122287 0.463640 -0.122287 0.463640
-0.115261 0.463640 -0.115261 0.463640
-0.108234 0.463640 -0.108234 0.463640
-0.101208 0.463640 -0.101208 0.463640
-0.094181 0.463640 -0.094181 0.463640
-0.087155 0.463640 -0.087155 0.463640
-0.080128 0.463640 -0.080128 0.463640
-0.073102 0.463640 -0.073102 0.463640
-0.066075 0.463640 -0.066075 0.463640
-0.059049 0.463640 -0.059049 0.463640
-0.052022 0.463640 -0.052022 0.463640
-0.044996 0.463640 -0.044996 0.463640
-0.037969 0.463640 -0.037969 0.463640
-0.030942 0.463640 -0.030942 0.463640
-0.023916 0.463640 -0.023916 0.463640
-0.016889 0.463640 -0.016889 0.463640
-0.009863 0.463640 -0.009863 0.463640
-0.002836 0.463640 -0.002836 0.463640
0.004190 0.463640 0.004190 0.463640
0.011217 0.463640 0.011217 0.463640
0.018243 0.463640 0.018243 0.463640
0.025270 0.463640 0.025270 0.463640
0.032296 0.463640 0.032296 0.463640
0.039323 0.463640 0.039323 0.463640
0.046349 0.463640 0.046349 0.463640
0.053376 0.463640 0.053376 0.463640
0.060402 0.463640 0.060402 0.463640
0.067429 0.463640 0.067429 0.463640
0.074455 0.463640 0.074455 0.463640
0.081482 0.463640 0.081482 0.463640
0.088508 0.463640 0.088508 0.463640
0.095535 0.463640 0.095535 0.463640
0.102561 0.463640 0.102561 0.463640
0.109588 0.463640 0.109588 0.463640
0.116615 0.463640 0.116615 0.463640
0.123641 0.463640 0.123641 0.463640
0.130668 0.463640 0.130668 0.463640
0.137694 0.463640 0.137694 0.463640
0.144721 0.463640 0.144721 0.463640
0.151747 0.463640 0.151747 0.463640
0.158774 0.463640 0.158774 0.463640
0.165800 0.463640 0.165800 0.463640
0.172827 0.463640 0.172827 0.463640
0.179853 0.463640 0.179853 0.463640
0.186880 0.463640 0.186880 0.463640
0.193906 0.463640 0.193906 0.463640
0.200933 0.463640 0.200933 0.463640
0.207959 0.463640 0.207959 0.463640
0.214986 0.463640 0.214986 0.463640
0.222012 0.463640 0.222012 0.463640
0.229039 0.463640 0.229039 0.463640
0.236065 0.463640 0.236065 0.463640
0.243092 0.463640 0.243092 0.463640
0.250118 0.463640 0.250118 0.463640
0.257145 0.463640 0.257145 0.463640
0.264172 0.463640 0.264172 0.463640
0.271198 0.463640 0.271198 0.463640
0.278225 0.463640 0.278225 0.463640
0.285251 0.463640 0.285251 0.463640
0.292278 0.463640 0.292278 0.463640
0.299304 0.463640 0.299304 0.463640
0.306331 0.463640 0.306331 0.463640
0.313357 0.463640 0.313357 0.463640
0.320384 0.463640 0.320384 0.463640
0.327410 0.463640 0.327410 0.463640
0.334437 0.463640 0.334437 0.463640
0.341463 0.463640 0.341463 0.463640
0.348490 0.463640 0.348490 0.463640
0.355516 0.463640 0.355516 0.463640
0.362543 0.463640 0.362543 0.463640
0.369569 0.463640 0.369569 0.463640
0.376596 0.463640 0.376596 0.463640
0.383622 0.463640 0.383622 0.463640
0.390649 0.463640 0.390649 0.463640
0.397676 0.463640 0.397676 0.463640
0.404702 0.463640 0.404702 0.463640
0.411729 0.463640 0.411729 0.463640
0.418755 0.463640 0.418755 0.463640
0.425782 0.463640 0.425782 0.463640
0.432808 0.463640 0.432808 0.463640
0.439835 0.463640 0.439835 0.463640
0.446861 0.463640 0.446861 0.463640
0.453888 0.463640 0.453888 0.463640
0.460914 0.463640 0.460914 0.463640
0.467941 0.463640 0.467941 0.463640
0.474967 0.463640 0.474967 0.463640
0.481994 0.463640 0.481994 0.463640
