# 光路映射: input_x input_y -> output_x output_y
# 有效光线数: 16384
# columns: in_x in_y out_x out_y
-2.600000 -1.050000 -2.600000 -1.050000
-2.559055 -1.050000 -2.559055 -1.050000
-2.518110 -1.050000 -2.518110 -1.050000
-2.477165 -1.050000 -2.477165 -1.050000
-2.436220 -1.050000 -2.436220 -1.050000
-2.395276 -1.050000 -2.395276 -1.050000
-2.354331 -1.050000 -2.354331 -1.050000
-2.313386 -1.050000 -2.313386 -1.050000
-2.272441 -1.050000 -2.272441 -1.050000
-2.231496 -1.050000 -2.231496 -1.050000
-2.190551 -1.050000 -2.190551 -1.050000
-2.149606 -1.050000 -2.149606 -1.050000
-2.108661 -1.050000 -2.108661 -1.050000
-2.067717 -1.050000 -2.067717 -1.050000
-2.026772 -1.050000 -2.026772 -1.050000
-1.985827 -1.050000 -1.985827 -1.050000
-1.944882 -1.050000 -1.944882 -1.050000
-1.903937 -1.050000 -1.903937 -1.050000
-1.862992 -1.050000 -1.862992 -1.050000
-1.822047 -1.050000 -1.822047 -1.050000
-1.781102 -1.050000 -1.781102 -1.050000
-1.740157 -1.050000 -1.740157 -1.050000
-1.699213 -1.050000 -1.699213 -1.050000
-1.658268 -1.050000 -1.658268 -1.050000
-1.617323 -1.050000 -1.617323 -1.050000
-1.576378 -1.050000 -1.576378 -1.050000
-1.535433 -1.050000 -1.535433 -1.050000
-1.494488 -1.050000 -1.494488 -1.050000
-1.453543 -1.050000 -1.453543 -1.050000
-1.412598 -1.050000 -1.412598 -1.050000
-1.371654 -1.050000 -1.371654 -1.050000
-1.330709 -1.050000 -1.330709 -1.050000
-1.289764 -1.050000 -1.289764 -1.050000
-1.248819 -1.050000 -1.248819 -1.050000
-1.207874 -1.050000 -1.207874 -1.050000
-1.166929 -1.050000 -1.166929 -1.050000
-1.125984 -1.050000 -1.125984 -1.050000
-1.085039 -1.050000 -1.085039 -1.050000
-1.044094 -1.050000 -1.044094 -1.050000
-1.003150 -1.050000 -1.003150 -1.050000
-0.962205 -1.050000 -0.962205 -1.050000
-0.921260 -1.050000 -0.921260 -1.050000
-0.880315 -1.050000 -0.880315 -1.050000
-0.839370 -1.050000 -0.839370 -1.050000
-0.798425 -1.050000 -0.798425 -1.050000
-0.757480 -1.050000 -0.757480 -1.050000
-0.716535 -1.050000 -0.716535 -1.050000
-0.675591 -1.050000 -0.675591 -1.050000
-0.634646 -1.050000 -0.634646 -1.050000
-0.593701 -1.050000 -0.593701 -1.050000
-0.552756 -1.050000 -0.552756 -1.050000
-0.511811 -1.050000 -0.511811 -1.050000
-0.470866 -1.050000 -0.470866 -1.050000
-0.429921 -1.050000 -0.429921 -1.050000
-0.388976 -1.050000 -0.388976 -1.050000
-0.348031 -1.050000 -0.348031 -1.050000
-0.307087 -1.050000 -0.307087 -1.050000
-0.266142 -1.050000 -0.266142 -1.050000
-0.225197 -1.050000 -0.225197 -1.050000
-0.184252 -1.050000 -0.184252 -1.050000
-0.143307 -1.050000 -0.143307 -1.050000
-0.102362 -1.050000 -0.102362 -1.050000
-0.061417 -1.050000 -0.061417 -1.050000
-0.020472 -1.050000 -0.020472 -1.050000
0.020472 -1.050000 0.020472 -1.050000
0.061417 -1.050000 0.061417 -1.050000
0.102362 -1.050000 0.102362 -1.050000
0.143307 -1.050000 0.143307 -1.050000
0.184252 -1.050000 0.184252 -1.050000
0.225197 -1.050000 0.225197 -1.050000
0.266142 -1.050000 0.266142 -1.050000
0.307087 -1.050000 0.307087 -1.050000
0.348031 -1.050000 0.348031 -1.050000
0.388976 -1.050000 0.388976 -1.050000
0.429921 -1.050000 0.429921 -1.050000
0.470866 -1.050000 0.470866 -1.050000
0.511811 -1.050000 0.511811 -1.050000
0.552756 -1.050000 0.552756 -1.050000
0.593701 -1.050000 0.593701 -1.050000
0.634646 -1.050000 0.634646 -1.050000
0.675591 -1.050000 0.675591 -1.050000
0.716535 -1.050000 0.716535 -1.050000
0.757480 -1.050000 0.757480 -1.050000
0.798425 -1.050000 0.798425 -1.050000
0.839370 -1.050000 0.839370 -1.050000
0.880315 -1.050000 0.880315 -1.050000
0.921260 -1.050000 0.921260 -1.050000
0.962205 -1.050000 0.962205 -1.050000
1.003150 -1.050000 1.003150 -1.050000
1.044094 -1.050000 1.044094 -1.050000
1.085039 -1.050000 1.085039 -1.050000
1.125984 -1.050000 1.125984 -1.050000
1.166929 -1.050000 1.166929 -1.050000
1.207874 -1.050000 1.207874 -1.050000
1.248819 -1.050000 1.248819 -1.050000
1.289764 -1.050000 1.289764 -1.050000
1.330709 -1.050000 1.330709 -1.050000
1.371654 -1.050000 1.371654 -1.050000
1.412598 -1.050000 1.412598 -1.050000
1.453543 -1.050000 1.453543 -1.050000
1.494488 -1.050000 1.494488 -1.050000
1.535433 -1.050000 1.535433 -1.050000
1.576378 -1.050000 1.576378 -1.050000
1.617323 -1.050000 1.617323 -1.050000
1.658268 -1.050000 1.658268 -1.050000
1.699213 -1.050000 1.699213 -1.050000
1.740157 -1.050000 1.740157 -1.050000
1.781102 -1.050000 1.781102 -1.050000
1.822047 -1.050000 1.822047 -1.050000
1.862992 -1.050000 1.862992 -1.050000
1.903937 -1.050000 1.903937 -1.050000
1.944882 -1.050000 1.944882 -1.050000
1.985827 -1.050000 1.985827 -1.050000
2.026772 -1.050000 2.026772 -1.050000
2.067717 -1.050000 2.067717 -1.050000
2.108661 -1.050000 2.108661 -1.050000
2.149606 -1.050000 2.149606 -1.050000
2.190551 -1.050000 2.190551 -1.050000
2.231496 -1.050000 2.231496 -1.050000
2.272441 -1.050000 2.272441 -1.050000
2.313386 -1.050000 2.313386 -1.050000
2.354331 -1.050000 2.354331 -1.050000
2.395276 -1.050000 2.395276 -1.050000
2.436220 -1.050000 2.436220 -1.050000
2.477165 -1.050000 2.477165 -1.050000
2.518110 -1.050000 2.518110 -1.050000
2.559055 -1.050000 2.559055 -1.050000
2.600000 -1.050000 2.600000 -1.050000
-2.600000 -1.033465 -2.600000 -1.033465
-2.559055 -1.033465 -2.559055 -1.033465
-2.518110 -1.033465 -2.518110 -1.033465
-2.477165 -1.033465 -2.477165 -1.033465
-2.436220 -1.033465 -2.436220 -1.033465
-2.395276 -1.033465 -2.395276 -1.033465
-2.354331 -1.033465 -2.354331 -1.033465
-2.313386 -1.033465 -2.313386 -1.033465
-2.272441 -1.033465 -2.272441 -1.033465
-2.231496 -1.033465 -2.231496 -1.033465
-2.190551 -1.033465 -2.190551 -1.033465
-2.149606 -1.033465 -2.149606 -1.033465
-2.108661 -1.033465 -2.108661 -1.033465
-2.067717 -1.033465 -2.067717 -1.033465
-2.026772 -1.033465 -2.026772 -1.033465
-1.985827 -1.033465 -1.985827 -1.033465
-1.944882 -1.033465 -1.944882 -1.033465
-1.903937 -1.033465 -1.903937 -1.033465
-1.862992 -1.033465 -1.862992 -1.033465
-1.822047 -1.033465 -1.822047 -1.033465
-1.781102 -1.033465 -1.781102 -1.033465
-1.740157 -1.033465 -1.740157 -1.033465
-1.699213 -1.033465 -1.699213 -1.033465
-1.658268 -1.033465 -1.658268 -1.033465
-1.617323 -1.033465 -1.617323 -1.033465
-1.576378 -1.033465 -1.576378 -1.033465
-1.535433 -1.033465 -1.535433 -1.033465
-1.494488 -1.033465 -1.494488 -1.033465
-1.453543 -1.033465 -1.453543 -1.033465
-1.412598 -1.033465 -1.412598 -1.033465
-1.371654 -1.033465 -1.371654 -1.033465
-1.330709 -1.033465 -1.330709 -1.033465
-1.289764 -1.033465 -1.289764 -1.033465
-1.248819 -1.033465 -1.248819 -1.033465
-1.207874 -1.033465 -1.207874 -1.033465
-1.166929 -1.033465 -1.166929 -1.033465
-1.125984 -1.033465 -1.125984 -1.033465
-1.085039 -1.033465 -1.085039 -1.033465
-1.044094 -1.033465 -1.044094 -1.033465
-1.003150 -1.033465 -1.003150 -1.033465
-0.962205 -1.033465 -0.962205 -1.033465
-0.921260 -1.033465 -0.921260 -1.033465
-0.880315 -1.033465 -0.880315 -1.033465
-0.839370 -1.033465 -0.839370 -1.033465
-0.798425 -1.033465 -0.798425 -1.033465
-0.757480 -1.033465 -0.757480 -1.033465
-0.716535 -1.033465 -0.716535 -1.033465
-0.675591 -1.033465 -0.675591 -1.033465
-0.634646 -1.033465 -0.634646 -1.033465
-0.593701 -1.033465 -0.593701 -1.033465
-0.552756 -1.033465 -0.552756 -1.033465
-0.511811 -1.033465 -0.511811 -1.033465
-0.470866 -1.033465 -0.470866 -1.033465
-0.429921 -1.033465 -0.429921 -1.033465
-0.388976 -1.033465 -0.388976 -1.033465
-0.348031 -1.033465 -0.348031 -1.033465
-0.307087 -1.033465 -0.307087 -1.033465
-0.266142 -1.033465 -0.266142 -1.033465
-0.225197 -1.033465 -0.225197 -1.033465
-0.184252 -1.033465 -0.184252 -1.033465
-0.143307 -1.033465 -0.143307 -1.033465
-0.102362 -1.033465 -0.102362 -1.033465
-0.061417 -1.033465 -0.061417 -1.033465
-0.020472 -1.033465 -0.020472 -1.033465
0.020472 -1.033465 0.020472 -1.033465
0.061417 -1.033465 0.061417 -1.033465
0.102362 -1.033465 0.102362 -1.033465
0.143307 -1.033465 0.143307 -1.033465
0.184252 -1.033465 0.184252 -1.033465
0.225197 -1.033465 0.225197 -1.033465
0.266142 -1.033465 0.266142 -1.033465
0.307087 -1.033465 0.307087 -1.033465
0.348031 -1.033465 0.348031 -1.033465
0.388976 -1.033465 0.388976 -1.033465
0.429921 -1.033465 0.429921 -1.033465
0.470866 -1.033465 0.470866 -1.033465
0.511811 -1.033465 0.511811 -1.033465
0.552756 -1.033465 0.552756 -1.033465
0.593701 -1.033465 0.593701 -1.033465
0.634646 -1.033465 0.634646 -1.033465
0.675591 -1.033465 0.675591 -1.033465
0.716535 -1.033465 0.716535 -1.033465
0.757480 -1.033465 0.757480 -1.033465
0.798425 -1.033465 0.798425 -1.033465
0.839370 -1.033465 0.839370 -1.033465
0.880315 -1.033465 0.880315 -1.033465
0.921260 -1.033465 0.921260 -1.033465
0.962205 -1.033465 0.962205 -1.033465
1.003150 -1.033465 1.003150 -1.033465
1.044094 -1.033465 1.044094 -1.033465
1.085039 -1.033465 1.085039 -1.033465
1.125984 -1.033465 1.125984 -1.033465
1.166929 -1.033465 1.166929 -1.033465
1.207874 -1.033465 1.207874 -1.033465
1.248819 -1.033465 1.248819 -1.033465
1.289764 -1.033465 1.289764 -1.033465
1.330709 -1.033465 1.330709 -1.033465
1.371654 -1.033465 1.371654 -1.033465
1.412598 -1.033465 1.412598 -1.033465
1.453543 -1.033465 1.453543 -1.033465
1.494488 -1.033465 1.494488 -1.033465
1.535433 -1.033465 1.535433 -1.033465
1.576378 -1.033465 1.576378 -1.033465
1.617323 -1.033465 1.617323 -1.033465
1.658268 -1.033465 1.658268 -1.033465
1.699213 -1.033465 1.699213 -1.033465
1.740157 -1.033465 1.740157 -1.033465
1.781102 -1.033465 1.781102 -1.033465
1.822047 -1.033465 1.822047 -1.033465
1.862992 -1.033465 1.862992 -1.033465
1.903937 -1.033465 1.903937 -1.033465
1.944882 -1.033465 1.944882 -1.033465
1.985827 -1.033465 1.985827 -1.033465
2.026772 -1.033465 2.026772 -1.033465
2.067717 -1.033465 2.067717 -1.033465
2.108661 -1.033465 2.108661 -1.033465
2.149606 -1.033465 2.149606 -1.033465
2.190551 -1.033465 2.190551 -1.033465
2.231496 -1.033465 2.231496 -1.033465
2.272441 -1.033465 2.272441 -1.033465
2.313386 -1.033465 2.313386 -1.033465
2.354331 -1.033465 2.354331 -1.033465
2.395276 -1.033465 2.395276 -1.033465
2.436220 -1.033465 2.436220 -1.033465
2.477165 -1.033465 2.477165 -1.033465
2.518110 -1.033465 2.518110 -1.033465
2.559055 -1.033465 2.559055 -1.033465
2.600000 -1.033465 2.600000 -1.033465
-2.600000 -1.016929 -2.600000 -1.016929
-2.559055 -1.016929 -2.559055 -1.016929
-2.518110 -1.016929 -2.518110 -1.016929
-2.477165 -1.016929 -2.477165 -1.016929
-2.436220 -1.016929 -2.436220 -1.016929
-2.395276 -1.016929 -2.395276 -1.016929
-2.354331 -1.016929 -2.354331 -1.016929
-2.313386 -1.016929 -2.313386 -1.016929
-2.272441 -1.016929 -2.272441 -1.016929
-2.231496 -1.016929 -2.231496 -1.016929
-2.190551 -1.016929 -2.190551 -1.016929
-2.149606 -1.016929 -2.149606 -1.016929
-2.108661 -1.016929 -2.108661 -1.016929
-2.067717 -1.016929 -2.067717 -1.016929
-2.026772 -1.016929 -2.026772 -1.016929
-1.985827 -1.016929 -1.985827 -1.016929
-1.944882 -1.016929 -1.944882 -1.016929
-1.903937 -1.016929 -1.903937 -1.016929
-1.862992 -1.016929 -1.862992 -1.016929
-1.822047 -1.016929 -1.822047 -1.016929
-1.781102 -1.016929 -1.781102 -1.016929
-1.740157 -1.016929 -1.740157 -1.016929
-1.699213 -1.016929 -1.699213 -1.016929
-1.658268 -1.016929 -1.658268 -1.016929
-1.617323 -1.016929 -1.617323 -1.016929
-1.576378 -1.016929 -1.576378 -1.016929
-1.535433 -1.016929 -1.535433 -1.016929
-1.494488 -1.016929 -1.494488 -1.016929
-1.453543 -1.016929 -1.453543 -1.016929
-1.412598 -1.016929 -1.412598 -1.016929
-1.371654 -1.016929 -1.371654 -1.016929
-1.330709 -1.016929 -1.330709 -1.016929
-1.289764 -1.016929 -1.289764 -1.016929
-1.248819 -1.016929 -1.248819 -1.016929
-1.207874 -1.016929 -1.207874 -1.016929
-1.166929 -1.016929 -1.166929 -1.016929
-1.125984 -1.016929 -1.125984 -1.016929
-1.085039 -1.016929 -1.085039 -1.016929
-1.044094 -1.016929 -1.044094 -1.016929
-1.003150 -1.016929 -1.003150 -1.016929
-0.962205 -1.016929 -0.962205 -1.016929
-0.921260 -1.016929 -0.921260 -1.016929
-0.880315 -1.016929 -0.880315 -1.016929
-0.839370 -1.016929 -0.839370 -1.016929
-0.798425 -1.016929 -0.798425 -1.016929
-0.757480 -1.016929 -0.757480 -1.016929
-0.716535 -1.016929 -0.716535 -1.016929
-0.675591 -1.016929 -0.675591 -1.016929
-0.634646 -1.016929 -0.634646 -1.016929
-0.593701 -1.016929 -0.593701 -1.016929
-0.552756 -1.016929 -0.552756 -1.016929
-0.511811 -1.016929 -0.511811 -1.016929
-0.470866 -1.016929 -0.470866 -1.016929
-0.429921 -1.016929 -0.429921 -1.016929
-0.388976 -1.016929 -0.388976 -1.016929
-0.348031 -1.016929 -0.348031 -1.016929
-0.307087 -1.016929 -0.307087 -1.016929
-0.266142 -1.016929 -0.266142 -1.016929
-0.225197 -1.016929 -0.225197 -1.016929
-0.184252 -1.016929 -0.184252 -1.016929
-0.143307 -1.016929 -0.143307 -1.016929
-0.102362 -1.016929 -0.102362 -1.016929
-0.061417 -1.016929 -0.061417 -1.016929
-0.020472 -1.016929 -0.020472 -1.016929
0.020472 -1.016929 0.020472 -1.016929
0.061417 -1.016929 0.061417 -1.016929
0.102362 -1.016929 0.102362 -1.016929
0.143307 -1.016929 0.143307 -1.016929
0.184252 -1.016929 0.184252 -1.016929
0.225197 -1.016929 0.225197 -1.016929
0.266142 -1.016929 0.266142 -1.016929
0.307087 -1.016929 0.307087 -1.016929
0.348031 -1.016929 0.348031 -1.016929
0.388976 -1.016929 0.388976 -1.016929
0.429921 -1.016929 0.429921 -1.016929
0.470866 -1.016929 0.470866 -1.016929
0.511811 -1.016929 0.511811 -1.016929
0.552756 -1.016929 0.552756 -1.016929
0.593701 -1.016929 0.593701 -1.016929
0.634646 -1.016929 0.634646 -1.016929
0.675591 -1.016929 0.675591 -1.016929
0.716535 -1.016929 0.716535 -1.016929
0.757480 -1.016929 0.757480 -1.016929
0.798425 -1.016929 0.798425 -1.016929
0.839370 -1.016929 0.839370 -1.016929
0.880315 -1.016929 0.880315 -1.016929
0.921260 -1.016929 0.921260 -1.016929
0.962205 -1.016929 0.962205 -1.016929
1.003150 -1.016929 1.003150 -1.016929
1.044094 -1.016929 1.044094 -1.016929
1.085039 -1.016929 1.085039 -1.016929
1.125984 -1.016929 1.125984 -1.016929
1.166929 -1.016929 1.166929 -1.016929
1.207874 -1.016929 1.207874 -1.016929
1.248819 -1.016929 1.248819 -1.016929
1.289764 -1.016929 1.289764 -1.016929
1.330709 -1.016929 1.330709 -1.016929
1.371654 -1.016929 1.371654 -1.016929
1.412598 -1.016929 1.412598 -1.016929
1.453543 -1.016929 1.453543 -1.016929
1.494488 -1.016929 1.494488 -1.016929
1.535433 -1.016929 1.535433 -1.016929
1.576378 -1.016929 1.576378 -1.016929
1.617323 -1.016929 1.617323 -1.016929
1.658268 -1.016929 1.658268 -1.016929
1.699213 -1.016929 1.699213 -1.016929
1.740157 -1.016929 1.740157 -1.016929
1.781102 -1.016929 1.781102 -1.016929
1.822047 -1.016929 1.822047 -1.016929
1.862992 -1.016929 1.862992 -1.016929
1.903937 -1.016929 1.903937 -1.016929
1.944882 -1.016929 1.944882 -1.016929
1.985827 -1.016929 1.985827 -1.016929
2.026772 -1.016929 2.026772 -1.016929
2.067717 -1.016929 2.067717 -1.016929
2.108661 -1.016929 2.108661 -1.016929
2.149606 -1.016929 2.149606 -1.016929
2.190551 -1.016929 2.190551 -1.016929
2.231496 -1.016929 2.231496 -1.016929
2.272441 -1.016929 2.272441 -1.016929
2.313386 -1.016929 2.313386 -1.016929
2.354331 -1.016929 2.354331 -1.016929
2.395276 -1.016929 2.395276 -1.016929
2.436220 -1.016929 2.436220 -1.016929
2.477165 -1.016929 2.477165 -1.016929
2.518110 -1.016929 2.518110 -1.016929
2.559055 -1.016929 2.559055 -1.016929
2.600000 -1.016929 2.600000 -1.016929
-2.600000 -1.000394 -2.600000 -1.000394
-2.559055 -1.000394 -2.559055 -1.000394
-2.518110 -1.000394 -2.518110 -1.000394
-2.477165 -1.000394 -2.477165 -1.000394
-2.436220 -1.000394 -2.436220 -1.000394
-2.395276 -1.000394 -2.395276 -1.000394
-2.354331 -1.000394 -2.354331 -1.000394
-2.313386 -1.000394 -2.313386 -1.000394
-2.272441 -1.000394 -2.272441 -1.000394
-2.231496 -1.000394 -2.231496 -1.000394
-2.190551 -1.000394 -2.190551 -1.000394
-2.149606 -1.000394 -2.149606 -1.000394
-2.108661 -1.000394 -2.108661 -1.000394
-2.067717 -1.000394 -2.067717 -1.000394
-2.026772 -1.000394 -2.026772 -1.000394
-1.985827 -1.000394 -1.985827 -1.000394
-1.944882 -1.000394 -1.944882 -1.000394
-1.903937 -1.000394 -1.903937 -1.000394
-1.862992 -1.000394 -1.862992 -1.000394
-1.822047 -1.000394 -1.822047 -1.000394
-1.781102 -1.000394 -1.781102 -1.000394
-1.740157 -1.000394 -1.740157 -1.000394
-1.699213 -1.000394 -1.699213 -1.000394
-1.658268 -1.000394 -1.658268 -1.000394
-1.617323 -1.000394 -1.617323 -1.000394
-1.576378 -1.000394 -1.576378 -1.000394
-1.535433 -1.000394 -1.535433 -1.000394
-1.494488 -1.000394 -1.494488 -1.000394
-1.453543 -1.000394 -1.453543 -1.000394
-1.412598 -1.000394 -1.412598 -1.000394
-1.371654 -1.000394 -1.371654 -1.000394
-1.330709 -1.000394 -1.330709 -1.000394
-1.289764 -1.000394 -1.289764 -1.000394
-1.248819 -1.000394 -1.248819 -1.000394
-1.207874 -1.000394 -1.207874 -1.000394
-1.166929 -1.000394 -1.166929 -1.000394
-1.125984 -1.000394 -1.125984 -1.000394
-1.085039 -1.000394 -1.085039 -1.000394
-1.044094 -1.000394 -1.044094 -1.000394
-1.003150 -1.000394 -1.003150 -1.000394
-0.962205 -1.000394 -0.962205 -1.000394
-0.921260 -1.000394 -0.921260 -1.000394
-0.880315 -1.000394 -0.880315 -1.000394
-0.839370 -1.000394 -0.839370 -1.000394
-0.798425 -1.000394 -0.798425 -1.000394
-0.757480 -1.000394 -0.757480 -1.000394
-0.716535 -1.000394 -0.716535 -1.000394
-0.675591 -1.000394 -0.675591 -1.000394
-0.634646 -1.000394 -0.634646 -1.000394
-0.593701 -1.000394 -0.593701 -1.000394
-0.552756 -1.000394 -0.552756 -1.000394
-0.511811 -1.000394 -0.511811 -1.000394
-0.470866 -1.000394 -0.470866 -1.000394
-0.429921 -1.000394 -0.429921 -1.000394
-0.388976 -1.000394 -0.388976 -1.000394
-0.348031 -1.000394 -0.348031 -1.000394
-0.307087 -1.000394 -0.307087 -1.000394
-0.266142 -1.000394 -0.266142 -1.000394
-0.225197 -1.000394 -0.225197 -1.000394
-0.184252 -1.000394 -0.184252 -1.000394
-0.143307 -1.000394 -0.143307 -1.000394
-0.102362 -1.000394 -0.102362 -1.000394
-0.061417 -1.000394 -0.061417 -1.000394
-0.020472 -1.000394 -0.020472 -1.000394
0.020472 -1.000394 0.020472 -1.000394
0.061417 -1.000394 0.061417 -1.000394
0.102362 -1.000394 0.102362 -1.000394
0.143307 -1.000394 0.143307 -1.000394
0.184252 -1.000394 0.184252 -1.000394
0.225197 -1.000394 0.225197 -1.000394
0.266142 -1.000394 0.266142 -1.000394
0.307087 -1.000394 0.307087 -1.000394
0.348031 -1.000394 0.348031 -1.000394
0.388976 -1.000394 0.388976 -1.000394
0.429921 -1.000394 0.429921 -1.000394
0.470866 -1.000394 0.470866 -1.000394
0.511811 -1.000394 0.511811 -1.000394
0.552756 -1.000394 0.552756 -1.000394
0.593701 -1.000394 0.593701 -1.000394
0.634646 -1.000394 0.634646 -1.000394
0.675591 -1.000394 0.675591 -1.000394
0.716535 -1.000394 0.716535 -1.000394
0.757480 -1.000394 0.757480 -1.000394
0.798425 -1.000394 0.798425 -1.000394
0.839370 -1.000394 0.839370 -1.000394
0.880315 -1.000394 0.880315 -1.000394
0.921260 -1.000394 0.921260 -1.000394
0.962205 -1.000394 0.962205 -1.000394
1.003150 -1.000394 1.003150 -1.000394
1.044094 -1.000394 1.044094 -1.000394
1.085039 -1.000394 1.085039 -1.000394
1.125984 -1.000394 1.125984 -1.000394
1.166929 -1.000394 1.166929 -1.000394
1.207874 -1.000394 1.207874 -1.000394
1.248819 -1.000394 1.248819 -1.000394
1.289764 -1.000394 1.289764 -1.000394
1.330709 -1.000394 1.330709 -1.000394
1.371654 -1.000394 1.371654 -1.000394
1.412598 -1.000394 1.412598 -1.000394
1.453543 -1.000394 1.453543 -1.000394
1.494488 -1.000394 1.494488 -1.000394
1.535433 -1.000394 1.535433 -1.000394
1.576378 -1.000394 1.576378 -1.000394
1.617323 -1.000394 1.617323 -1.000394
1.658268 -1.000394 1.658268 -1.000394
1.699213 -1.000394 1.699213 -1.000394
1.740157 -1.000394 1.740157 -1.000394
1.781102 -1.000394 1.781102 -1.000394
1.822047 -1.000394 1.822047 -1.000394
1.862992 -1.000394 1.862992 -1.000394
1.903937 -1.000394 1.903937 -1.000394
1.944882 -1.000394 1.944882 -1.000394
1.985827 -1.000394 1.985827 -1.000394
2.026772 -1.000394 2.026772 -1.000394
2.067717 -1.000394 2.067717 -1.000394
2.108661 -1.000394 2.108661 -1.000394
2.149606 -1.000394 2.149606 -1.000394
2.190551 -1.000394 2.190551 -1.000394
2.231496 -1.000394 2.231496 -1.000394
2.272441 -1.000394 2.272441 -1.000394
2.313386 -1.000394 2.313386 -1.000394
2.354331 -1.000394 2.354331 -1.000394
2.395276 -1.000394 2.395276 -1.000394
2.436220 -1.000394 2.436220 -1.000394
2.477165 -1.000394 2.477165 -1.000394
2.518110 -1.000394 2.518110 -1.000394
2.559055 -1.000394 2.559055 -1.000394
2.600000 -1.000394 2.600000 -1.000394
-2.600000 -0.983858 -2.600000 -0.983858
-2.559055 -0.983858 -2.559055 -0.983858
-2.518110 -0.983858 -2.518110 -0.983858
-2.477165 -0.983858 -2.477165 -0.983858
-2.436220 -0.983858 -2.436220 -0.983858
-2.395276 -0.983858 -2.395276 -0.983858
-2.354331 -0.983858 -2.354331 -0.983858
-2.313386 -0.983858 -2.313386 -0.983858
-2.272441 -0.983858 -2.272441 -0.983858
-2.231496 -0.983858 -2.231496 -0.983858
-2.190551 -0.983858 -2.190551 -0.983858
-2.149606 -0.983858 -2.149606 -0.983858
-2.108661 -0.983858 -2.108661 -0.983858
-2.067717 -0.983858 -2.067717 -0.983858
-2.026772 -0.983858 -2.026772 -0.983858
-1.985827 -0.983858 -1.985827 -0.983858
-1.944882 -0.983858 -1.944882 -0.983858
-1.903937 -0.983858 -1.903937 -0.983858
-1.862992 -0.983858 -1.862992 -0.983858
-1.822047 -0.983858 -1.822047 -0.983858
-1.781102 -0.983858 -1.781102 -0.983858
-1.740157 -0.983858 -1.740157 -0.983858
-1.699213 -0.983858 -1.699213 -0.983858
-1.658268 -0.983858 -1.658268 -0.983858
-1.617323 -0.983858 -1.617323 -0.983858
-1.576378 -0.983858 -1.576378 -0.983858
-1.535433 -0.983858 -1.535433 -0.983858
-1.494488 -0.983858 -1.494488 -0.983858
-1.453543 -0.983858 -1.453543 -0.983858
-1.412598 -0.983858 -1.412598 -0.983858
-1.371654 -0.983858 -1.371654 -0.983858
-1.330709 -0.983858 -1.330709 -0.983858
-1.289764 -0.983858 -1.289764 -0.983858
-1.248819 -0.983858 -1.248819 -0.983858
-1.207874 -0.983858 -1.207874 -0.983858
-1.166929 -0.983858 -1.166929 -0.983858
-1.125984 -0.983858 -1.125984 -0.983858
-1.085039 -0.983858 -1.085039 -0.983858
-1.044094 -0.983858 -1.044094 -0.983858
-1.003150 -0.983858 -1.003150 -0.983858
-0.962205 -0.983858 -0.962205 -0.983858
-0.921260 -0.983858 -0.921260 -0.983858
-0.880315 -0.983858 -0.880315 -0.983858
-0.839370 -0.983858 -0.839370 -0.983858
-0.798425 -0.983858 -0.798425 -0.983858
-0.757480 -0.983858 -0.757480 -0.983858
-0.716535 -0.983858 -0.716535 -0.983858
-0.675591 -0.983858 -0.675591 -0.983858
-0.634646 -0.983858 -0.634646 -0.983858
-0.593701 -0.983858 -0.593701 -0.983858
-0.552756 -0.983858 -0.552756 -0.983858
-0.511811 -0.983858 -0.511811 -0.983858
-0.470866 -0.983858 -0.470866 -0.983858
-0.429921 -0.983858 -0.429921 -0.983858
-0.388976 -0.983858 -0.388976 -0.983858
-0.348031 -0.983858 -0.348031 -0.983858
-0.307087 -0.983858 -0.307087 -0.983858
-0.266142 -0.983858 -0.266142 -0.983858
-0.225197 -0.983858 -0.225197 -0.983858
-0.184252 -0.983858 -0.184252 -0.983858
-0.143307 -0.983858 -0.143307 -0.983858
-0.102362 -0.983858 -0.102362 -0.983858
-0.061417 -0.983858 -0.061417 -0.983858
-0.020472 -0.983858 -0.020472 -0.983858
0.020472 -0.983858 0.020472 -0.983858
0.061417 -0.983858 0.061417 -0.983858
0.102362 -0.983858 0.102362 -0.983858
0.143307 -0.983858 0.143307 -0.983858
0.184252 -0.983858 0.184252 -0.983858
0.225197 -0.983858 0.225197 -0.983858
0.266142 -0.983858 0.266142 -0.983858
0.307087 -0.983858 0.307087 -0.983858
0.348031 -0.983858 0.348031 -0.983858
0.388976 -0.983858 0.388976 -0.983858
0.429921 -0.983858 0.429921 -0.983858
0.470866 -0.983858 0.470866 -0.983858
0.511811 -0.983858 0.511811 -0.983858
0.552756 -0.983858 0.552756 -0.983858
0.593701 -0.983858 0.593701 -0.983858
0.634646 -0.983858 0.634646 -0.983858
0.675591 -0.983858 0.675591 -0.983858
0.716535 -0.983858 0.716535 -0.983858
0.757480 -0.983858 0.757480 -0.983858
0.798425 -0.983858 0.798425 -0.983858
0.839370 -0.983858 0.839370 -0.983858
0.880315 -0.983858 0.880315 -0.983858
0.921260 -0.983858 0.921260 -0.983858
0.962205 -0.983858 0.962205 -0.983858
1.003150 -0.983858 1.003150 -0.983858
1.044094 -0.983858 1.044094 -0.983858
1.085039 -0.983858 1.085039 -0.983858
1.125984 -0.983858 1.125984 -0.983858
1.166929 -0.983858 1.166929 -0.983858
1.207874 -0.983858 1.207874 -0.983858
1.248819 -0.983858 1.248819 -0.983858
1.289764 -0.983858 1.289764 -0.983858
1.330709 -0.983858 1.330709 -0.983858
1.371654 -0.983858 1.371654 -0.983858
1.412598 -0.983858 1.412598 -0.983858
1.453543 -0.983858 1.453543 -0.983858
1.494488 -0.983858 1.494488 -0.983858
1.535433 -0.983858 1.535433 -0.983858
1.576378 -0.983858 1.576378 -0.983858
1.617323 -0.983858 1.617323 -0.983858
1.658268 -0.983858 1.658268 -0.983858
1.699213 -0.983858 1.699213 -0.983858
1.740157 -0.983858 1.740157 -0.983858
1.781102 -0.983858 1.781102 -0.983858
1.822047 -0.983858 1.822047 -0.983858
1.862992 -0.983858 1.862992 -0.983858
1.903937 -0.983858 1.903937 -0.983858
1.944882 -0.983858 1.944882 -0.983858
1.985827 -0.983858 1.985827 -0.983858
2.026772 -0.983858 2.026772 -0.983858
2.067717 -0.983858 2.067717 -0.983858
2.108661 -0.983858 2.108661 -0.983858
2.149606 -0.983858 2.149606 -0.983858
2.190551 -0.983858 2.190551 -0.983858
2.231496 -0.983858 2.231496 -0.983858
2.272441 -0.983858 2.272441 -0.983858
2.313386 -0.983858 2.313386 -0.983858
2.354331 -0.983858 2.354331 -0.983858
2.395276 -0.983858 2.395276 -0.983858
2.436220 -0.983858 2.436220 -0.983858
2.477165 -0.983858 2.477165 -0.983858
2.518110 -0.983858 2.518110 -0.983858
2.559055 -0.983858 2.559055 -0.983858
2.600000 -0.983858 2.600000 -0.983858
-2.600000 -0.967323 -2.600000 -0.967323
-2.559055 -0.967323 -2.559055 -0.967323
-2.518110 -0.967323 -2.518110 -0.967323
-2.477165 -0.967323 -2.477165 -0.967323
-2.436220 -0.967323 -2.436220 -0.967323
-2.395276 -0.967323 -2.395276 -0.967323
-2.354331 -0.967323 -2.354331 -0.967323
-2.313386 -0.967323 -2.313386 -0.967323
-2.272441 -0.967323 -2.272441 -0.967323
-2.231496 -0.967323 -2.231496 -0.967323
-2.190551 -0.967323 -2.190551 -0.967323
-2.149606 -0.967323 -2.149606 -0.967323
-2.108661 -0.967323 -2.108661 -0.967323
-2.067717 -0.967323 -2.067717 -0.967323
-2.026772 -0.967323 -2.026772 -0.967323
-1.985827 -0.967323 -1.985827 -0.967323
-1.944882 -0.967323 -1.944882 -0.967323
-1.903937 -0.967323 -1.903937 -0.967323
-1.862992 -0.967323 -1.862992 -0.967323
-1.822047 -0.967323 -1.822047 -0.967323
-1.781102 -0.967323 -1.781102 -0.967323
-1.740157 -0.967323 -1.740157 -0.967323
-1.699213 -0.967323 -1.699213 -0.967323
-1.658268 -0.967323 -1.658268 -0.967323
-1.617323 -0.967323 -1.617323 -0.967323
-1.576378 -0.967323 -1.576378 -0.967323
-1.535433 -0.967323 -1.535433 -0.967323
-1.494488 -0.967323 -1.494488 -0.967323
-1.453543 -0.967323 -1.453543 -0.967323
-1.412598 -0.967323 -1.412598 -0.967323
-1.371654 -0.967323 -1.371654 -0.967323
-1.330709 -0.967323 -1.330709 -0.967323
-1.289764 -0.967323 -1.289764 -0.967323
-1.248819 -0.967323 -1.248819 -0.967323
-1.207874 -0.967323 -1.207874 -0.967323
-1.166929 -0.967323 -1.166929 -0.967323
-1.125984 -0.967323 -1.125984 -0.967323
-1.085039 -0.967323 -1.085039 -0.967323
-1.044094 -0.967323 -1.044094 -0.967323
-1.003150 -0.967323 -1.003150 -0.967323
-0.962205 -0.967323 -0.962205 -0.967323
-0.921260 -0.967323 -0.921260 -0.967323
-0.880315 -0.967323 -0.880315 -0.967323
-0.839370 -0.967323 -0.839370 -0.967323
-0.798425 -0.967323 -0.798425 -0.967323
-0.757480 -0.967323 -0.757480 -0.967323
-0.716535 -0.967323 -0.716535 -0.967323
-0.675591 -0.967323 -0.675591 -0.967323
-0.634646 -0.967323 -0.634646 -0.967323
-0.593701 -0.967323 -0.593701 -0.967323
-0.552756 -0.967323 -0.552756 -0.967323
-0.511811 -0.967323 -0.511811 -0.967323
-0.470866 -0.967323 -0.470866 -0.967323
-0.429921 -0.967323 -0.429921 -0.967323
-0.388976 -0.967323 -0.388976 -0.967323
-0.348031 -0.967323 -0.348031 -0.967323
-0.307087 -0.967323 -0.307087 -0.967323
-0.266142 -0.967323 -0.266142 -0.967323
-0.225197 -0.967323 -0.225197 -0.967323
-0.184252 -0.967323 -0.184252 -0.967323
-0.143307 -0.967323 -0.143307 -0.967323
-0.102362 -0.967323 -0.102362 -0.967323
-0.061417 -0.967323 -0.061417 -0.967323
-0.020472 -0.967323 -0.020472 -0.967323
0.020472 -0.967323 0.020472 -0.967323
0.061417 -0.967323 0.061417 -0.967323
0.102362 -0.967323 0.102362 -0.967323
0.143307 -0.967323 0.143307 -0.967323
0.184252 -0.967323 0.184252 -0.967323
0.225197 -0.967323 0.225197 -0.967323
0.266142 -0.967323 0.266142 -0.967323
0.307087 -0.967323 0.307087 -0.967323
0.348031 -0.967323 0.348031 -0.967323
0.388976 -0.967323 0.388976 -0.967323
0.429921 -0.967323 0.429921 -0.967323
0.470866 -0.967323 0.470866 -0.967323
0.511811 -0.967323 0.511811 -0.967323
0.552756 -0.967323 0.552756 -0.967323
0.593701 -0.967323 0.593701 -0.967323
0.634646 -0.967323 0.634646 -0.967323
0.675591 -0.967323 0.675591 -0.967323
0.716535 -0.967323 0.716535 -0.967323
0.757480 -0.967323 0.757480 -0.967323
0.798425 -0.967323 0.798425 -0.967323
0.839370 -0.967323 0.839370 -0.967323
0.880315 -0.967323 0.880315 -0.967323
0.921260 -0.967323 0.921260 -0.967323
0.962205 -0.967323 0.962205 -0.967323
1.003150 -0.967323 1.003150 -0.967323
1.044094 -0.967323 1.044094 -0.967323
1.085039 -0.967323 1.085039 -0.967323
1.125984 -0.967323 1.125984 -0.967323
1.166929 -0.967323 1.166929 -0.967323
1.207874 -0.967323 1.207874 -0.967323
1.248819 -0.967323 1.248819 -0.967323
1.289764 -0.967323 1.289764 -0.967323
1.330709 -0.967323 1.330709 -0.967323
1.371654 -0.967323 1.371654 -0.967323
1.412598 -0.967323 1.412598 -0.967323
1.453543 -0.967323 1.453543 -0.967323
1.494488 -0.967323 1.494488 -0.967323
1.535433 -0.967323 1.535433 -0.967323
1.576378 -0.967323 1.576378 -0.967323
1.617323 -0.967323 1.617323 -0.967323
1.658268 -0.967323 1.658268 -0.967323
1.699213 -0.967323 1.699213 -0.967323
1.740157 -0.967323 1.740157 -0.967323
1.781102 -0.967323 1.781102 -0.967323
1.822047 -0.967323 1.822047 -0.967323
1.862992 -0.967323 1.862992 -0.967323
1.903937 -0.967323 1.903937 -0.967323
1.944882 -0.967323 1.944882 -0.967323
1.985827 -0.967323 1.985827 -0.967323
2.026772 -0.967323 2.026772 -0.967323
2.067717 -0.967323 2.067717 -0.967323
2.108661 -0.967323 2.108661 -0.967323
2.149606 -0.967323 2.149606 -0.967323
2.190551 -0.967323 2.190551 -0.967323
2.231496 -0.967323 2.231496 -0.967323
2.272441 -0.967323 2.272441 -0.967323
2.313386 -0.967323 2.313386 -0.967323
2.354331 -0.967323 2.354331 -0.967323
2.395276 -0.967323 2.395276 -0.967323
2.436220 -0.967323 2.436220 -0.967323
2.477165 -0.967323 2.477165 -0.967323
2.518110 -0.967323 2.518110 -0.967323
2.559055 -0.967323 2.559055 -0.967323
2.600000 -0.967323 2.600000 -0.967323
-2.600000 -0.950787 -2.600000 -0.950787
-2.559055 -0.950787 -2.559055 -0.950787
-2.518110 -0.950787 -2.518110 -0.950787
-2.477165 -0.950787 -2.477165 -0.950787
-2.436220 -0.950787 -2.436220 -0.950787
-2.395276 -0.950787 -2.395276 -0.950787
-2.354331 -0.950787 -2.354331 -0.950787
-2.313386 -0.950787 -2.313386 -0.950787
-2.272441 -0.950787 -2.272441 -0.950787
-2.231496 -0.950787 -2.231496 -0.950787
-2.190551 -0.950787 -2.190551 -0.950787
-2.149606 -0.950787 -2.149606 -0.950787
-2.108661 -0.950787 -2.108661 -0.950787
-2.067717 -0.950787 -2.067717 -0.950787
-2.026772 -0.950787 -2.026772 -0.950787
-1.985827 -0.950787 -1.985827 -0.950787
-1.944882 -0.950787 -1.944882 -0.950787
-1.903937 -0.950787 -1.903937 -0.950787
-1.862992 -0.950787 -1.862992 -0.950787
-1.822047 -0.950787 -1.822047 -0.950787
-1.781102 -0.950787 -1.781102 -0.950787
-1.740157 -0.950787 -1.740157 -0.950787
-1.699213 -0.950787 -1.699213 -0.950787
-1.658268 -0.950787 -1.658268 -0.950787
-1.617323 -0.950787 -1.617323 -0.950787
-1.576378 -0.950787 -1.576378 -0.950787
-1.535433 -0.950787 -1.535433 -0.950787
-1.494488 -0.950787 -1.494488 -0.950787
-1.453543 -0.950787 -1.453543 -0.950787
-1.412598 -0.950787 -1.412598 -0.950787
-1.371654 -0.950787 -1.371654 -0.950787
-1.330709 -0.950787 -1.330709 -0.950787
-1.289764 -0.950787 -1.289764 -0.950787
-1.248819 -0.950787 -1.248819 -0.950787
-1.207874 -0.950787 -1.207874 -0.950787
-1.166929 -0.950787 -1.166929 -0.950787
-1.125984 -0.950787 -1.125984 -0.950787
-1.085039 -0.950787 -1.085039 -0.950787
-1.044094 -0.950787 -1.044094 -0.950787
-1.003150 -0.950787 -1.003150 -0.950787
-0.962205 -0.950787 -0.962205 -0.950787
-0.921260 -0.950787 -0.921260 -0.950787
-0.880315 -0.950787 -0.880315 -0.950787
-0.839370 -0.950787 -0.839370 -0.950787
-0.798425 -0.950787 -0.798425 -0.950787
-0.757480 -0.950787 -0.757480 -0.950787
-0.716535 -0.950787 -0.716535 -0.950787
-0.675591 -0.950787 -0.675591 -0.950787
-0.634646 -0.950787 -0.634646 -0.950787
-0.593701 -0.950787 -0.593701 -0.950787
-0.552756 -0.950787 -0.552756 -0.950787
-0.511811 -0.950787 -0.511811 -0.950787
-0.470866 -0.950787 -0.470866 -0.950787
-0.429921 -0.950787 -0.429921 -0.950787
-0.388976 -0.950787 -0.388976 -0.950787
-0.348031 -0.950787 -0.348031 -0.950787
-0.307087 -0.950787 -0.307087 -0.950787
-0.266142 -0.950787 -0.266142 -0.950787
-0.225197 -0.950787 -0.225197 -0.950787
-0.184252 -0.950787 -0.184252 -0.950787
-0.143307 -0.950787 -0.143307 -0.950787
-0.102362 -0.950787 -0.102362 -0.950787
-0.061417 -0.950787 -0.061417 -0.950787
-0.020472 -0.950787 -0.020472 -0.950787
0.020472 -0.950787 0.020472 -0.950787
0.061417 -0.950787 0.061417 -0.950787
0.102362 -0.950787 0.102362 -0.950787
0.143307 -0.950787 0.143307 -0.950787
0.184252 -0.950787 0.184252 -0.950787
0.225197 -0.950787 0.225197 -0.950787
0.266142 -0.950787 0.266142 -0.950787
0.307087 -0.950787 0.307087 -0.950787
0.348031 -0.950787 0.348031 -0.950787
0.388976 -0.950787 0.388976 -0.950787
0.429921 -0.950787 0.429921 -0.950787
0.470866 -0.950787 0.470866 -0.950787
0.511811 -0.950787 0.511811 -0.950787
0.552756 -0.950787 0.552756 -0.950787
0.593701 -0.950787 0.593701 -0.950787
0.634646 -0.950787 0.634646 -0.950787
0.675591 -0.950787 0.675591 -0.950787
0.716535 -0.950787 0.716535 -0.950787
0.757480 -0.950787 0.757480 -0.950787
0.798425 -0.950787 0.798425 -0.950787
0.839370 -0.950787 0.839370 -0.950787
0.880315 -0.950787 0.880315 -0.950787
0.921260 -0.950787 0.921260 -0.950787
0.962205 -0.950787 0.962205 -0.950787
1.003150 -0.950787 1.003150 -0.950787
1.044094 -0.950787 1.044094 -0.950787
1.085039 -0.950787 1.085039 -0.950787
1.125984 -0.950787 1.125984 -0.950787
1.166929 -0.950787 1.166929 -0.950787
1.207874 -0.950787 1.207874 -0.950787
1.248819 -0.950787 1.248819 -0.950787
1.289764 -0.950787 1.289764 -0.950787
1.330709 -0.950787 1.330709 -0.950787
1.371654 -0.950787 1.371654 -0.950787
1.412598 -0.950787 1.412598 -0.950787
1.453543 -0.950787 1.453543 -0.950787
1.494488 -0.950787 1.494488 -0.950787
1.535433 -0.950787 1.535433 -0.950787
1.576378 -0.950787 1.576378 -0.950787
1.617323 -0.950787 1.617323 -0.950787
1.658268 -0.950787 1.658268 -0.950787
1.699213 -0.950787 1.699213 -0.950787
1.740157 -0.950787 1.740157 -0.950787
1.781102 -0.950787 1.781102 -0.950787
1.822047 -0.950787 1.822047 -0.950787
1.862992 -0.950787 1.862992 -0.950787
1.903937 -0.950787 1.903937 -0.950787
1.944882 -0.950787 1.944882 -0.950787
1.985827 -0.950787 1.985827 -0.950787
2.026772 -0.950787 2.026772 -0.950787
2.067717 -0.950787 2.067717 -0.950787
2.108661 -0.950787 2.108661 -0.950787
2.149606 -0.950787 2.149606 -0.950787
2.190551 -0.950787 2.190551 -0.950787
2.231496 -0.950787 2.231496 -0.950787
2.272441 -0.950787 2.272441 -0.950787
2.313386 -0.950787 2.313386 -0.950787
2.354331 -0.950787 2.354331 -0.950787
2.395276 -0.950787 2.395276 -0.950787
2.436220 -0.950787 2.436220 -0.950787
2.477165 -0.950787 2.477165 -0.950787
2.518110 -0.950787 2.518110 -0.950787
2.559055 -0.950787 2.559055 -0.950787
2.600000 -0.950787 2.600000 -0.950787
-2.600000 -0.934252 -2.600000 -0.934252
-2.559055 -0.934252 -2.559055 -0.934252
-2.518110 -0.934252 -2.518110 -0.934252
-2.477165 -0.934252 -2.477165 -0.934252
-2.436220 -0.934252 -2.436220 -0.934252
-2.395276 -0.934252 -2.395276 -0.934252
-2.354331 -0.934252 -2.354331 -0.934252
-2.313386 -0.934252 -2.313386 -0.934252
-2.272441 -0.934252 -2.272441 -0.934252
-2.231496 -0.934252 -2.231496 -0.934252
-2.190551 -0.934252 -2.190551 -0.934252
-2.149606 -0.934252 -2.149606 -0.934252
-2.108661 -0.934252 -2.108661 -0.934252
-2.067717 -0.934252 -2.067717 -0.934252
-2.026772 -0.934252 -2.026772 -0.934252
-1.985827 -0.934252 -1.985827 -0.934252
-1.944882 -0.934252 -1.944882 -0.934252
-1.903937 -0.934252 -1.903937 -0.934252
-1.862992 -0.934252 -1.862992 -0.934252
-1.822047 -0.934252 -1.822047 -0.934252
-1.781102 -0.934252 -1.781102 -0.934252
-1.740157 -0.934252 -1.740157 -0.934252
-1.699213 -0.934252 -1.699213 -0.934252
-1.658268 -0.934252 -1.658268 -0.934252
-1.617323 -0.934252 -1.617323 -0.934252
-1.576378 -0.934252 -1.576378 -0.934252
-1.535433 -0.934252 -1.535433 -0.934252
-1.494488 -0.934252 -1.494488 -0.934252
-1.453543 -0.934252 -1.453543 -0.934252
-1.412598 -0.934252 -1.412598 -0.934252
-1.371654 -0.934252 -1.371654 -0.934252
-1.330709 -0.934252 -1.330709 -0.934252
-1.289764 -0.934252 -1.289764 -0.934252
-1.248819 -0.934252 -1.248819 -0.934252
-1.207874 -0.934252 -1.207874 -0.934252
-1.166929 -0.934252 -1.166929 -0.934252
-1.125984 -0.934252 -1.125984 -0.934252
-1.085039 -0.934252 -1.085039 -0.934252
-1.044094 -0.934252 -1.044094 -0.934252
-1.003150 -0.934252 -1.003150 -0.934252
-0.962205 -0.934252 -0.962205 -0.934252
-0.921260 -0.934252 -0.921260 -0.934252
-0.880315 -0.934252 -0.880315 -0.934252
-0.839370 -0.934252 -0.839370 -0.934252
-0.798425 -0.934252 -0.798425 -0.934252
-0.757480 -0.934252 -0.757480 -0.934252
-0.716535 -0.934252 -0.716535 -0.934252
-0.675591 -0.934252 -0.675591 -0.934252
-0.634646 -0.934252 -0.634646 -0.934252
-0.593701 -0.934252 -0.593701 -0.934252
-0.552756 -0.934252 -0.552756 -0.934252
-0.511811 -0.934252 -0.511811 -0.934252
-0.470866 -0.934252 -0.470866 -0.934252
-0.429921 -0.934252 -0.429921 -0.934252
-0.388976 -0.934252 -0.388976 -0.934252
-0.348031 -0.934252 -0.348031 -0.934252
-0.307087 -0.934252 -0.307087 -0.934252
-0.266142 -0.934252 -0.266142 -0.934252
-0.225197 -0.934252 -0.225197 -0.934252
-0.184252 -0.934252 -0.184252 -0.934252
-0.143307 -0.934252 -0.143307 -0.934252
-0.102362 -0.934252 -0.102362 -0.934252
-0.061417 -0.934252 -0.061417 -0.934252
-0.020472 -0.934252 -0.020472 -0.934252
0.020472 -0.934252 0.020472 -0.934252
0.061417 -0.934252 0.061417 -0.934252
0.102362 -0.934252 0.102362 -0.934252
0.143307 -0.934252 0.143307 -0.934252
0.184252 -0.934252 0.184252 -0.934252
0.225197 -0.934252 0.225197 -0.934252
0.266142 -0.934252 0.266142 -0.934252
0.307087 -0.934252 0.307087 -0.934252
0.348031 -0.934252 0.348031 -0.934252
0.388976 -0.934252 0.388976 -0.934252
0.429921 -0.934252 0.429921 -0.934252
0.470866 -0.934252 0.470866 -0.934252
0.511811 -0.934252 0.511811 -0.934252
0.552756 -0.934252 0.552756 -0.934252
0.593701 -0.934252 0.593701 -0.934252
0.634646 -0.934252 0.634646 -0.934252
0.675591 -0.934252 0.675591 -0.934252
0.716535 -0.934252 0.716535 -0.934252
0.757480 -0.934252 0.757480 -0.934252
0.798425 -0.934252 0.798425 -0.934252
0.839370 -0.934252 0.839370 -0.934252
0.880315 -0.934252 0.880315 -0.934252
0.921260 -0.934252 0.921260 -0.934252
0.962205 -0.934252 0.962205 -0.934252
1.003150 -0.934252 1.003150 -0.934252
1.044094 -0.934252 1.044094 -0.934252
1.085039 -0.934252 1.085039 -0.934252
1.125984 -0.934252 1.125984 -0.934252
1.166929 -0.934252 1.166929 -0.934252
1.207874 -0.934252 1.207874 -0.934252
1.248819 -0.934252 1.248819 -0.934252
1.289764 -0.934252 1.289764 -0.934252
1.330709 -0.934252 1.330709 -0.934252
1.371654 -0.934252 1.371654 -0.934252
1.412598 -0.934252 1.412598 -0.934252
1.453543 -0.934252 1.453543 -0.934252
1.494488 -0.934252 1.494488 -0.934252
1.535433 -0.934252 1.535433 -0.934252
1.576378 -0.934252 1.576378 -0.934252
1.617323 -0.934252 1.617323 -0.934252
1.658268 -0.934252 1.658268 -0.934252
1.699213 -0.934252 1.699213 -0.934252
1.740157 -0.934252 1.740157 -0.934252
1.781102 -0.934252 1.781102 -0.934252
1.822047 -0.934252 1.822047 -0.934252
1.862992 -0.934252 1.862992 -0.934252
1.903937 -0.934252 1.903937 -0.934252
1.944882 -0.934252 1.944882 -0.934252
1.985827 -0.934252 1.985827 -0.934252
2.026772 -0.934252 2.026772 -0.934252
2.067717 -0.934252 2.067717 -0.934252
2.108661 -0.934252 2.108661 -0.934252
2.149606 -0.934252 2.149606 -0.934252
2.190551 -0.934252 2.190551 -0.934252
2.231496 -0.934252 2.231496 -0.934252
2.272441 -0.934252 2.272441 -0.934252
2.313386 -0.934252 2.313386 -0.934252
2.354331 -0.934252 2.354331 -0.934252
2.395276 -0.934252 2.395276 -0.934252
2.436220 -0.934252 2.436220 -0.934252
2.477165 -0.934252 2.477165 -0.934252
2.518110 -0.934252 2.518110 -0.934252
2.559055 -0.934252 2.559055 -0.934252
2.600000 -0.934252 2.600000 -0.934252
-2.600000 -0.917717 -2.600000 -0.917717
-2.559055 -0.917717 -2.559055 -0.917717
-2.518110 -0.917717 -2.518110 -0.917717
-2.477165 -0.917717 -2.477165 -0.917717
-2.436220 -0.917717 -2.436220 -0.917717
-2.395276 -0.917717 -2.395276 -0.917717
-2.354331 -0.917717 -2.354331 -0.917717
-2.313386 -0.917717 -2.313386 -0.917717
-2.272441 -0.917717 -2.272441 -0.917717
-2.231496 -0.917717 -2.231496 -0.917717
-2.190551 -0.917717 -2.190551 -0.917717
-2.149606 -0.917717 -2.149606 -0.917717
-2.108661 -0.917717 -2.108661 -0.917717
-2.067717 -0.917717 -2.067717 -0.917717
-2.026772 -0.917717 -2.026772 -0.917717
-1.985827 -0.917717 -1.985827 -0.917717
-1.944882 -0.917717 -1.944882 -0.917717
-1.903937 -0.917717 -1.903937 -0.917717
-1.862992 -0.917717 -1.862992 -0.917717
-1.822047 -0.917717 -1.822047 -0.917717
-1.781102 -0.917717 -1.781102 -0.917717
-1.740157 -0.917717 -1.740157 -0.917717
-1.699213 -0.917717 -1.699213 -0.917717
-1.658268 -0.917717 -1.658268 -0.917717
-1.617323 -0.917717 -1.617323 -0.917717
-1.576378 -0.917717 -1.576378 -0.917717
-1.535433 -0.917717 -1.535433 -0.917717
-1.494488 -0.917717 -1.494488 -0.917717
-1.453543 -0.917717 -1.453543 -0.917717
-1.412598 -0.917717 -1.412598 -0.917717
-1.371654 -0.917717 -1.371654 -0.917717
-1.330709 -0.917717 -1.330709 -0.917717
-1.289764 -0.917717 -1.289764 -0.917717
-1.248819 -0.917717 -1.248819 -0.917717
-1.207874 -0.917717 -1.207874 -0.917717
-1.166929 -0.917717 -1.166929 -0.917717
-1.125984 -0.917717 -1.125984 -0.917717
-1.085039 -0.917717 -1.085039 -0.917717
-1.044094 -0.917717 -1.044094 -0.917717
-1.003150 -0.917717 -1.003150 -0.917717
-0.962205 -0.917717 -0.962205 -0.917717
-0.921260 -0.917717 -0.921260 -0.917717
-0.880315 -0.917717 -0.880315 -0.917717
-0.839370 -0.917717 -0.839370 -0.917717
-0.798425 -0.917717 -0.798425 -0.917717
-0.757480 -0.917717 -0.757480 -0.917717
-0.716535 -0.917717 -0.716535 -0.917717
-0.675591 -0.917717 -0.675591 -0.917717
-0.634646 -0.917717 -0.634646 -0.917717
-0.593701 -0.917717 -0.593701 -0.917717
-0.552756 -0.917717 -0.552756 -0.917717
-0.511811 -0.917717 -0.511811 -0.917717
-0.470866 -0.917717 -0.470866 -0.917717
-0.429921 -0.917717 -0.429921 -0.917717
-0.388976 -0.917717 -0.388976 -0.917717
-0.348031 -0.917717 -0.348031 -0.917717
-0.307087 -0.917717 -0.307087 -0.917717
-0.266142 -0.917717 -0.266142 -0.917717
-0.225197 -0.917717 -0.225197 -0.917717
-0.184252 -0.917717 -0.184252 -0.917717
-0.143307 -0.917717 -0.143307 -0.917717
-0.102362 -0.917717 -0.102362 -0.917717
-0.061417 -0.917717 -0.061417 -0.917717
-0.020472 -0.917717 -0.020472 -0.917717
0.020472 -0.917717 0.020472 -0.917717
0.061417 -0.917717 0.061417 -0.917717
0.102362 -0.917717 0.102362 -0.917717
0.143307 -0.917717 0.143307 -0.917717
0.184252 -0.917717 0.184252 -0.917717
0.225197 -0.917717 0.225197 -0.917717
0.266142 -0.917717 0.266142 -0.917717
0.307087 -0.917717 0.307087 -0.917717
0.348031 -0.917717 0.348031 -0.917717
0.388976 -0.917717 0.388976 -0.917717
0.429921 -0.917717 0.429921 -0.917717
0.470866 -0.917717 0.470866 -0.917717
0.511811 -0.917717 0.511811 -0.917717
0.552756 -0.917717 0.552756 -0.917717
0.593701 -0.917717 0.593701 -0.917717
0.634646 -0.917717 0.634646 -0.917717
0.675591 -0.917717 0.675591 -0.917717
0.716535 -0.917717 0.716535 -0.917717
0.757480 -0.917717 0.757480 -0.917717
0.798425 -0.917717 0.798425 -0.917717
0.839370 -0.917717 0.839370 -0.917717
0.880315 -0.917717 0.880315 -0.917717
0.921260 -0.917717 0.921260 -0.917717
0.962205 -0.917717 0.962205 -0.917717
1.003150 -0.917717 1.003150 -0.917717
1.044094 -0.917717 1.044094 -0.917717
1.085039 -0.917717 1.085039 -0.917717
1.125984 -0.917717 1.125984 -0.917717
1.166929 -0.917717 1.166929 -0.917717
1.207874 -0.917717 1.207874 -0.917717
1.248819 -0.917717 1.248819 -0.917717
1.289764 -0.917717 1.289764 -0.917717
1.330709 -0.917717 1.330709 -0.917717
1.371654 -0.917717 1.371654 -0.917717
1.412598 -0.917717 1.412598 -0.917717
1.453543 -0.917717 1.453543 -0.917717
1.494488 -0.917717 1.494488 -0.917717
1.535433 -0.917717 1.535433 -0.917717
1.576378 -0.917717 1.576378 -0.917717
1.617323 -0.917717 1.617323 -0.917717
1.658268 -0.917717 1.658268 -0.917717
1.699213 -0.917717 1.699213 -0.917717
1.740157 -0.917717 1.740157 -0.917717
1.781102 -0.917717 1.781102 -0.917717
1.822047 -0.917717 1.822047 -0.917717
1.862992 -0.917717 1.862992 -0.917717
1.903937 -0.917717 1.903937 -0.917717
1.944882 -0.917717 1.944882 -0.917717
1.985827 -0.917717 1.985827 -0.917717
2.026772 -0.917717 2.026772 -0.917717
2.067717 -0.917717 2.067717 -0.917717
2.108661 -0.917717 2.108661 -0.917717
2.149606 -0.917717 2.149606 -0.917717
2.190551 -0.917717 2.190551 -0.917717
2.231496 -0.917717 2.231496 -0.917717
2.272441 -0.917717 2.272441 -0.917717
2.313386 -0.917717 2.313386 -0.917717
2.354331 -0.917717 2.354331 -0.917717
2.395276 -0.917717 2.395276 -0.917717
2.436220 -0.917717 2.436220 -0.917717
2.477165 -0.917717 2.477165 -0.917717
2.518110 -0.917717 2.518110 -0.917717
2.559055 -0.917717 2.559055 -0.917717
2.600000 -0.917717 2.600000 -0.917717
-2.600000 -0.901181 -2.600000 -0.901181
-2.559055 -0.901181 -2.559055 -0.901181
-2.518110 -0.901181 -2.518110 -0.901181
-2.477165 -0.901181 -2.477165 -0.901181
-2.436220 -0.901181 -2.436220 -0.901181
-2.395276 -0.901181 -2.395276 -0.901181
-2.354331 -0.901181 -2.354331 -0.901181
-2.313386 -0.901181 -2.313386 -0.901181
-2.272441 -0.901181 -2.272441 -0.901181
-2.231496 -0.901181 -2.231496 -0.901181
-2.190551 -0.901181 -2.190551 -0.901181
-2.149606 -0.901181 -2.149606 -0.901181
-2.108661 -0.901181 -2.108661 -0.901181
-2.067717 -0.901181 -2.067717 -0.901181
-2.026772 -0.901181 -2.026772 -0.901181
-1.985827 -0.901181 -1.985827 -0.901181
-1.944882 -0.901181 -1.944882 -0.901181
-1.903937 -0.901181 -1.903937 -0.901181
-1.862992 -0.901181 -1.862992 -0.901181
-1.822047 -0.901181 -1.822047 -0.901181
-1.781102 -0.901181 -1.781102 -0.901181
-1.740157 -0.901181 -1.740157 -0.901181
-1.699213 -0.901181 -1.699213 -0.901181
-1.658268 -0.901181 -1.658268 -0.901181
-1.617323 -0.901181 -1.617323 -0.901181
-1.576378 -0.901181 -1.576378 -0.901181
-1.535433 -0.901181 -1.535433 -0.901181
-1.494488 -0.901181 -1.494488 -0.901181
-1.453543 -0.901181 -1.453543 -0.901181
-1.412598 -0.901181 -1.412598 -0.901181
-1.371654 -0.901181 -1.371654 -0.901181
-1.330709 -0.901181 -1.330709 -0.901181
-1.289764 -0.901181 -1.289764 -0.901181
-1.248819 -0.901181 -1.248819 -0.901181
-1.207874 -0.901181 -1.207874 -0.901181
-1.166929 -0.901181 -1.166929 -0.901181
-1.125984 -0.901181 -1.125984 -0.901181
-1.085039 -0.901181 -1.085039 -0.901181
-1.044094 -0.901181 -1.044094 -0.901181
-1.003150 -0.901181 -1.003150 -0.901181
-0.962205 -0.901181 -0.962205 -0.901181
-0.921260 -0.901181 -0.921260 -0.901181
-0.880315 -0.901181 -0.880315 -0.901181
-0.839370 -0.901181 -0.839370 -0.901181
-0.798425 -0.901181 -0.798425 -0.901181
-0.757480 -0.901181 -0.757480 -0.901181
-0.716535 -0.901181 -0.716535 -0.901181
-0.675591 -0.901181 -0.675591 -0.901181
-0.634646 -0.901181 -0.634646 -0.901181
-0.593701 -0.901181 -0.593701 -0.901181
-0.552756 -0.901181 -0.552756 -0.901181
-0.511811 -0.901181 -0.511811 -0.901181
-0.470866 -0.901181 -0.470866 -0.901181
-0.429921 -0.901181 -0.429921 -0.901181
-0.388976 -0.901181 -0.388976 -0.901181
-0.348031 -0.901181 -0.348031 -0.901181
-0.307087 -0.901181 -0.307087 -0.901181
-0.266142 -0.901181 -0.266142 -0.901181
-0.225197 -0.901181 -0.225197 -0.901181
-0.184252 -0.901181 -0.184252 -0.901181
-0.143307 -0.901181 -0.143307 -0.901181
-0.102362 -0.901181 -0.102362 -0.901181
-0.061417 -0.901181 -0.061417 -0.901181
-0.020472 -0.901181 -0.020472 -0.901181
0.020472 -0.901181 0.020472 -0.901181
0.061417 -0.901181 0.061417 -0.901181
0.102362 -0.901181 0.102362 -0.901181
0.143307 -0.901181 0.143307 -0.901181
0.184252 -0.901181 0.184252 -0.901181
0.225197 -0.901181 0.225197 -0.901181
0.266142 -0.901181 0.266142 -0.901181
0.307087 -0.901181 0.307087 -0.901181
0.348031 -0.901181 0.348031 -0.901181
0.388976 -0.901181 0.388976 -0.901181
0.429921 -0.901181 0.429921 -0.901181
0.470866 -0.901181 0.470866 -0.901181
0.511811 -0.901181 0.511811 -0.901181
0.552756 -0.901181 0.552756 -0.901181
0.593701 -0.901181 0.593701 -0.901181
0.634646 -0.901181 0.634646 -0.901181
0.675591 -0.901181 0.675591 -0.901181
0.716535 -0.901181 0.716535 -0.901181
0.757480 -0.901181 0.757480 -0.901181
0.798425 -0.901181 0.798425 -0.901181
0.839370 -0.901181 0.839370 -0.901181
0.880315 -0.901181 0.880315 -0.901181
0.921260 -0.901181 0.921260 -0.901181
0.962205 -0.901181 0.962205 -0.901181
1.003150 -0.901181 1.003150 -0.901181
1.044094 -0.901181 1.044094 -0.901181
1.085039 -0.901181 1.085039 -0.901181
1.125984 -0.901181 1.125984 -0.901181
1.166929 -0.901181 1.166929 -0.901181
1.207874 -0.901181 1.207874 -0.901181
1.248819 -0.901181 1.248819 -0.901181
1.289764 -0.901181 1.289764 -0.901181
1.330709 -0.901181 1.330709 -0.901181
1.371654 -0.901181 1.371654 -0.901181
1.412598 -0.901181 1.412598 -0.901181
1.453543 -0.901181 1.453543 -0.901181
1.494488 -0.901181 1.494488 -0.901181
1.535433 -0.901181 1.535433 -0.901181
1.576378 -0.901181 1.576378 -0.901181
1.617323 -0.901181 1.617323 -0.901181
1.658268 -0.901181 1.658268 -0.901181
1.699213 -0.901181 1.699213 -0.901181
1.740157 -0.901181 1.740157 -0.901181
1.781102 -0.901181 1.781102 -0.901181
1.822047 -0.901181 1.822047 -0.901181
1.862992 -0.901181 1.862992 -0.901181
1.903937 -0.901181 1.903937 -0.901181
1.944882 -0.901181 1.944882 -0.901181
1.985827 -0.901181 1.985827 -0.901181
2.026772 -0.901181 2.026772 -0.901181
2.067717 -0.901181 2.067717 -0.901181
2.108661 -0.901181 2.108661 -0.901181
2.149606 -0.901181 2.149606 -0.901181
2.190551 -0.901181 2.190551 -0.901181
2.231496 -0.901181 2.231496 -0.901181
2.272441 -0.901181 2.272441 -0.901181
2.313386 -0.901181 2.313386 -0.901181
2.354331 -0.901181 2.354331 -0.901181
2.395276 -0.901181 2.395276 -0.901181
2.436220 -0.901181 2.436220 -0.901181
2.477165 -0.901181 2.477165 -0.901181
2.518110 -0.901181 2.518110 -0.901181
2.559055 -0.901181 2.559055 -0.901181
2.600000 -0.901181 2.600000 -0.901181
-2.600000 -0.884646 -2.600000 -0.884646
-2.559055 -0.884646 -2.559055 -0.884646
-2.518110 -0.884646 -2.518110 -0.884646
-2.477165 -0.884646 -2.477165 -0.884646
-2.436220 -0.884646 -2.436220 -0.884646
-2.395276 -0.884646 -2.395276 -0.884646
-2.354331 -0.884646 -2.354331 -0.884646
-2.313386 -0.884646 -2.313386 -0.884646
-2.272441 -0.884646 -2.272441 -0.884646
-2.231496 -0.884646 -2.231496 -0.884646
-2.190551 -0.884646 -2.190551 -0.884646
-2.149606 -0.884646 -2.149606 -0.884646
-2.108661 -0.884646 -2.108661 -0.884646
-2.067717 -0.884646 -2.067717 -0.884646
-2.026772 -0.884646 -2.026772 -0.884646
-1.985827 -0.884646 -1.985827 -0.884646
-1.944882 -0.884646 -1.944882 -0.884646
-1.903937 -0.884646 -1.903937 -0.884646
-1.862992 -0.884646 -1.862992 -0.884646
-1.822047 -0.884646 -1.822047 -0.884646
-1.781102 -0.884646 -1.781102 -0.884646
-1.740157 -0.884646 -1.740157 -0.884646
-1.699213 -0.884646 -1.699213 -0.884646
-1.658268 -0.884646 -1.658268 -0.884646
-1.617323 -0.884646 -1.617323 -0.884646
-1.576378 -0.884646 -1.576378 -0.884646
-1.535433 -0.884646 -1.535433 -0.884646
-1.494488 -0.884646 -1.494488 -0.884646
-1.453543 -0.884646 -1.453543 -0.884646
-1.412598 -0.884646 -1.412598 -0.884646
-1.371654 -0.884646 -1.371654 -0.884646
-1.330709 -0.884646 -1.330709 -0.884646
-1.289764 -0.884646 -1.289764 -0.884646
-1.248819 -0.884646 -1.248819 -0.884646
-1.207874 -0.884646 -1.207874 -0.884646
-1.166929 -0.884646 -1.166929 -0.884646
-1.125984 -0.884646 -1.125984 -0.884646
-1.085039 -0.884646 -1.085039 -0.884646
-1.044094 -0.884646 -1.044094 -0.884646
-1.003150 -0.884646 -1.003150 -0.884646
-0.962205 -0.884646 -0.962205 -0.884646
-0.921260 -0.884646 -0.921260 -0.884646
-0.880315 -0.884646 -0.880315 -0.884646
-0.839370 -0.884646 -0.839370 -0.884646
-0.798425 -0.884646 -0.798425 -0.884646
-0.757480 -0.884646 -0.757480 -0.884646
-0.716535 -0.884646 -0.716535 -0.884646
-0.675591 -0.884646 -0.675591 -0.884646
-0.634646 -0.884646 -0.634646 -0.884646
-0.593701 -0.884646 -0.593701 -0.884646
-0.552756 -0.884646 -0.552756 -0.884646
-0.511811 -0.884646 -0.511811 -0.884646
-0.470866 -0.884646 -0.470866 -0.884646
-0.429921 -0.884646 -0.429921 -0.884646
-0.388976 -0.884646 -0.388976 -0.884646
-0.348031 -0.884646 -0.348031 -0.884646
-0.307087 -0.884646 -0.307087 -0.884646
-0.266142 -0.884646 -0.266142 -0.884646
-0.225197 -0.884646 -0.225197 -0.884646
-0.184252 -0.884646 -0.184252 -0.884646
-0.143307 -0.884646 -0.143307 -0.884646
-0.102362 -0.884646 -0.102362 -0.884646
-0.061417 -0.884646 -0.061417 -0.884646
-0.020472 -0.884646 -0.020472 -0.884646
0.020472 -0.884646 0.020472 -0.884646
0.061417 -0.884646 0.061417 -0.884646
0.102362 -0.884646 0.102362 -0.884646
0.143307 -0.884646 0.143307 -0.884646
0.184252 -0.884646 0.184252 -0.884646
0.225197 -0.884646 0.225197 -0.884646
0.266142 -0.884646 0.266142 -0.884646
0.307087 -0.884646 0.307087 -0.884646
0.348031 -0.884646 0.348031 -0.884646
0.388976 -0.884646 0.388976 -0.884646
0.429921 -0.884646 0.429921 -0.884646
0.470866 -0.884646 0.470866 -0.884646
0.511811 -0.884646 0.511811 -0.884646
0.552756 -0.884646 0.552756 -0.884646
0.593701 -0.884646 0.593701 -0.884646
0.634646 -0.884646 0.634646 -0.884646
0.675591 -0.884646 0.675591 -0.884646
0.716535 -0.884646 0.716535 -0.884646
0.757480 -0.884646 0.757480 -0.884646
0.798425 -0.884646 0.798425 -0.884646
0.839370 -0.884646 0.839370 -0.884646
0.880315 -0.884646 0.880315 -0.884646
0.921260 -0.884646 0.921260 -0.884646
0.962205 -0.884646 0.962205 -0.884646
1.003150 -0.884646 1.003150 -0.884646
1.044094 -0.884646 1.044094 -0.884646
1.085039 -0.884646 1.085039 -0.884646
1.125984 -0.884646 1.125984 -0.884646
1.166929 -0.884646 1.166929 -0.884646
1.207874 -0.884646 1.207874 -0.884646
1.248819 -0.884646 1.248819 -0.884646
1.289764 -0.884646 1.289764 -0.884646
1.330709 -0.884646 1.330709 -0.884646
1.371654 -0.884646 1.371654 -0.884646
1.412598 -0.884646 1.412598 -0.884646
1.453543 -0.884646 1.453543 -0.884646
1.494488 -0.884646 1.494488 -0.884646
1.535433 -0.884646 1.535433 -0.884646
1.576378 -0.884646 1.576378 -0.884646
1.617323 -0.884646 1.617323 -0.884646
1.658268 -0.884646 1.658268 -0.884646
1.699213 -0.884646 1.699213 -0.884646
1.740157 -0.884646 1.740157 -0.884646
1.781102 -0.884646 1.781102 -0.884646
1.822047 -0.884646 1.822047 -0.884646
1.862992 -0.884646 1.862992 -0.884646
1.903937 -0.884646 1.903937 -0.884646
1.944882 -0.884646 1.944882 -0.884646
1.985827 -0.884646 1.985827 -0.884646
2.026772 -0.884646 2.026772 -0.884646
2.067717 -0.884646 2.067717 -0.884646
2.108661 -0.884646 2.108661 -0.884646
2.149606 -0.884646 2.149606 -0.884646
2.190551 -0.884646 2.190551 -0.884646
2.231496 -0.884646 2.231496 -0.884646
2.272441 -0.884646 2.272441 -0.884646
2.313386 -0.884646 2.313386 -0.884646
2.354331 -0.884646 2.354331 -0.884646
2.395276 -0.884646 2.395276 -0.884646
2.436220 -0.884646 2.436220 -0.884646
2.477165 -0.884646 2.477165 -0.884646
2.518110 -0.884646 2.518110 -0.884646
2.559055 -0.884646 2.559055 -0.884646
2.600000 -0.884646 2.600000 -0.884646
-2.600000 -0.868110 -2.600000 -0.868110
-2.559055 -0.868110 -2.559055 -0.868110
-2.518110 -0.868110 -2.518110 -0.868110
-2.477165 -0.868110 -2.477165 -0.868110
-2.436220 -0.868110 -2.436220 -0.868110
-2.395276 -0.868110 -2.395276 -0.868110
-2.354331 -0.868110 -2.354331 -0.868110
-2.313386 -0.868110 -2.313386 -0.868110
-2.272441 -0.868110 -2.272441 -0.868110
-2.231496 -0.868110 -2.231496 -0.868110
-2.190551 -0.868110 -2.190551 -0.868110
-2.149606 -0.868110 -2.149606 -0.868110
-2.108661 -0.868110 -2.108661 -0.868110
-2.067717 -0.868110 -2.067717 -0.868110
-2.026772 -0.868110 -2.026772 -0.868110
-1.985827 -0.868110 -1.985827 -0.868110
-1.944882 -0.868110 -1.944882 -0.868110
-1.903937 -0.868110 -1.903937 -0.868110
-1.862992 -0.868110 -1.862992 -0.868110
-1.822047 -0.868110 -1.822047 -0.868110
-1.781102 -0.868110 -1.781102 -0.868110
-1.740157 -0.868110 -1.740157 -0.868110
-1.699213 -0.868110 -1.699213 -0.868110
-1.658268 -0.868110 -1.658268 -0.868110
-1.617323 -0.868110 -1.617323 -0.868110
-1.576378 -0.868110 -1.576378 -0.868110
-1.535433 -0.868110 -1.535433 -0.868110
-1.494488 -0.868110 -1.494488 -0.868110
-1.453543 -0.868110 -1.453543 -0.868110
-1.412598 -0.868110 -1.412598 -0.868110
-1.371654 -0.868110 -1.371654 -0.868110
-1.330709 -0.868110 -1.330709 -0.868110
-1.289764 -0.868110 -1.289764 -0.868110
-1.248819 -0.868110 -1.248819 -0.868110
-1.207874 -0.868110 -1.207874 -0.868110
-1.166929 -0.868110 -1.166929 -0.868110
-1.125984 -0.868110 -1.125984 -0.868110
-1.085039 -0.868110 -1.085039 -0.868110
-1.044094 -0.868110 -1.044094 -0.868110
-1.003150 -0.868110 -1.003150 -0.868110
-0.962205 -0.868110 -0.962205 -0.868110
-0.921260 -0.868110 -0.921260 -0.868110
-0.880315 -0.868110 -0.880315 -0.868110
-0.839370 -0.868110 -0.839370 -0.868110
-0.798425 -0.868110 -0.798425 -0.868110
-0.757480 -0.868110 -0.757480 -0.868110
-0.716535 -0.868110 -0.716535 -0.868110
-0.675591 -0.868110 -0.675591 -0.868110
-0.634646 -0.868110 -0.634646 -0.868110
-0.593701 -0.868110 -0.593701 -0.868110
-0.552756 -0.868110 -0.552756 -0.868110
-0.511811 -0.868110 -0.511811 -0.868110
-0.470866 -0.868110 -0.470866 -0.868110
-0.429921 -0.868110 -0.429921 -0.868110
-0.388976 -0.868110 -0.388976 -0.868110
-0.348031 -0.868110 -0.348031 -0.868110
-0.307087 -0.868110 -0.307087 -0.868110
-0.266142 -0.868110 -0.266142 -0.868110
-0.225197 -0.868110 -0.225197 -0.868110
-0.184252 -0.868110 -0.184252 -0.868110
-0.143307 -0.868110 -0.143307 -0.868110
-0.102362 -0.868110 -0.102362 -0.868110
-0.061417 -0.868110 -0.061417 -0.868110
-0.020472 -0.868110 -0.020472 -0.868110
0.020472 -0.868110 0.020472 -0.868110
0.061417 -0.868110 0.061417 -0.868110
0.102362 -0.868110 0.102362 -0.868110
0.143307 -0.868110 0.143307 -0.868110
0.184252 -0.868110 0.184252 -0.868110
0.225197 -0.868110 0.225197 -0.868110
0.266142 -0.868110 0.266142 -0.868110
0.307087 -0.868110 0.307087 -0.868110
0.348031 -0.868110 0.348031 -0.868110
0.388976 -0.868110 0.388976 -0.868110
0.429921 -0.868110 0.429921 -0.868110
0.470866 -0.868110 0.470866 -0.868110
0.511811 -0.868110 0.511811 -0.868110
0.552756 -0.868110 0.552756 -0.868110
0.593701 -0.868110 0.593701 -0.868110
0.634646 -0.868110 0.634646 -0.868110
0.675591 -0.868110 0.675591 -0.868110
0.716535 -0.868110 0.716535 -0.868110
0.757480 -0.868110 0.757480 -0.868110
0.798425 -0.868110 0.798425 -0.868110
0.839370 -0.868110 0.839370 -0.868110
0.880315 -0.868110 0.880315 -0.868110
0.921260 -0.868110 0.921260 -0.868110
0.962205 -0.868110 0.962205 -0.868110
1.003150 -0.868110 1.003150 -0.868110
1.044094 -0.868110 1.044094 -0.868110
1.085039 -0.868110 1.085039 -0.868110
1.125984 -0.868110 1.125984 -0.868110
1.166929 -0.868110 1.166929 -0.868110
1.207874 -0.868110 1.207874 -0.868110
1.248819 -0.868110 1.248819 -0.868110
1.289764 -0.868110 1.289764 -0.868110
1.330709 -0.868110 1.330709 -0.868110
1.371654 -0.868110 1.371654 -0.868110
1.412598 -0.868110 1.412598 -0.868110
1.453543 -0.868110 1.453543 -0.868110
1.494488 -0.868110 1.494488 -0.868110
1.535433 -0.868110 1.535433 -0.868110
1.576378 -0.868110 1.576378 -0.868110
1.617323 -0.868110 1.617323 -0.868110
1.658268 -0.868110 1.658268 -0.868110
1.699213 -0.868110 1.699213 -0.868110
1.740157 -0.868110 1.740157 -0.868110
1.781102 -0.868110 1.781102 -0.868110
1.822047 -0.868110 1.822047 -0.868110
1.862992 -0.868110 1.862992 -0.868110
1.903937 -0.868110 1.903937 -0.868110
1.944882 -0.868110 1.944882 -0.868110
1.985827 -0.868110 1.985827 -0.868110
2.026772 -0.868110 2.026772 -0.868110
2.067717 -0.868110 2.067717 -0.868110
2.108661 -0.868110 2.108661 -0.868110
2.149606 -0.868110 2.149606 -0.868110
2.190551 -0.868110 2.190551 -0.868110
2.231496 -0.868110 2.231496 -0.868110
2.272441 -0.868110 2.272441 -0.868110
2.313386 -0.868110 2.313386 -0.868110
2.354331 -0.868110 2.354331 -0.868110
2.395276 -0.868110 2.395276 -0.868110
2.436220 -0.868110 2.436220 -0.868110
2.477165 -0.868110 2.477165 -0.868110
2.518110 -0.868110 2.518110 -0.868110
2.559055 -0.868110 2.559055 -0.868110
2.600000 -0.868110 2.600000 -0.868110
-2.600000 -0.851575 -2.600000 -0.851575
-2.559055 -0.851575 -2.559055 -0.851575
-2.518110 -0.851575 -2.518110 -0.851575
-2.477165 -0.851575 -2.477165 -0.851575
-2.436220 -0.851575 -2.436220 -0.851575
-2.395276 -0.851575 -2.395276 -0.851575
-2.354331 -0.851575 -2.354331 -0.851575
-2.313386 -0.851575 -2.313386 -0.851575
-2.272441 -0.851575 -2.272441 -0.851575
-2.231496 -0.851575 -2.231496 -0.851575
-2.190551 -0.851575 -2.190551 -0.851575
-2.149606 -0.851575 -2.149606 -0.851575
-2.108661 -0.851575 -2.108661 -0.851575
-2.067717 -0.851575 -2.067717 -0.851575
-2.026772 -0.851575 -2.026772 -0.851575
-1.985827 -0.851575 -1.985827 -0.851575
-1.944882 -0.851575 -1.944882 -0.851575
-1.903937 -0.851575 -1.903937 -0.851575
-1.862992 -0.851575 -1.862992 -0.851575
-1.822047 -0.851575 -1.822047 -0.851575
-1.781102 -0.851575 -1.781102 -0.851575
-1.740157 -0.851575 -1.740157 -0.851575
-1.699213 -0.851575 -1.699213 -0.851575
-1.658268 -0.851575 -1.658268 -0.851575
-1.617323 -0.851575 -1.617323 -0.851575
-1.576378 -0.851575 -1.576378 -0.851575
-1.535433 -0.851575 -1.535433 -0.851575
-1.494488 -0.851575 -1.494488 -0.851575
-1.453543 -0.851575 -1.453543 -0.851575
-1.412598 -0.851575 -1.412598 -0.851575
-1.371654 -0.851575 -1.371654 -0.851575
-1.330709 -0.851575 -1.330709 -0.851575
-1.289764 -0.851575 -1.289764 -0.851575
-1.248819 -0.851575 -1.248819 -0.851575
-1.207874 -0.851575 -1.207874 -0.851575
-1.166929 -0.851575 -1.166929 -0.851575
-1.125984 -0.851575 -1.125984 -0.851575
-1.085039 -0.851575 -1.085039 -0.851575
-1.044094 -0.851575 -1.044094 -0.851575
-1.003150 -0.851575 -1.003150 -0.851575
-0.962205 -0.851575 -0.962205 -0.851575
-0.921260 -0.851575 -0.921260 -0.851575
-0.880315 -0.851575 -0.880315 -0.851575
-0.839370 -0.851575 -0.839370 -0.851575
-0.798425 -0.851575 -0.798425 -0.851575
-0.757480 -0.851575 -0.757480 -0.851575
-0.716535 -0.851575 -0.716535 -0.851575
-0.675591 -0.851575 -0.675591 -0.851575
-0.634646 -0.851575 -0.634646 -0.851575
-0.593701 -0.851575 -0.593701 -0.851575
-0.552756 -0.851575 -0.552756 -0.851575
-0.511811 -0.851575 -0.511811 -0.851575
-0.470866 -0.851575 -0.470866 -0.851575
-0.429921 -0.851575 -0.429921 -0.851575
-0.388976 -0.851575 -0.388976 -0.851575
-0.348031 -0.851575 -0.348031 -0.851575
-0.307087 -0.851575 -0.307087 -0.851575
-0.266142 -0.851575 -0.266142 -0.851575
-0.225197 -0.851575 -0.225197 -0.851575
-0.184252 -0.851575 -0.184252 -0.851575
-0.143307 -0.851575 -0.143307 -0.851575
-0.102362 -0.851575 -0.102362 -0.851575
-0.061417 -0.851575 -0.061417 -0.851575
-0.020472 -0.851575 -0.020472 -0.851575
0.020472 -0.851575 0.020472 -0.851575
0.061417 -0.851575 0.061417 -0.851575
0.102362 -0.851575 0.102362 -0.851575
0.143307 -0.851575 0.143307 -0.851575
0.184252 -0.851575 0.184252 -0.851575
0.225197 -0.851575 0.225197 -0.851575
0.266142 -0.851575 0.266142 -0.851575
0.307087 -0.851575 0.307087 -0.851575
0.348031 -0.851575 0.348031 -0.851575
0.388976 -0.851575 0.388976 -0.851575
0.429921 -0.851575 0.429921 -0.851575
0.470866 -0.851575 0.470866 -0.851575
0.511811 -0.851575 0.511811 -0.851575
0.552756 -0.851575 0.552756 -0.851575
0.593701 -0.851575 0.593701 -0.851575
0.634646 -0.851575 0.634646 -0.851575
0.675591 -0.851575 0.675591 -0.851575
0.716535 -0.851575 0.716535 -0.851575
0.757480 -0.851575 0.757480 -0.851575
0.798425 -0.851575 0.798425 -0.851575
0.839370 -0.851575 0.839370 -0.851575
0.880315 -0.851575 0.880315 -0.851575
0.921260 -0.851575 0.921260 -0.851575
0.962205 -0.851575 0.962205 -0.851575
1.003150 -0.851575 1.003150 -0.851575
1.044094 -0.851575 1.044094 -0.851575
1.085039 -0.851575 1.085039 -0.851575
1.125984 -0.851575 1.125984 -0.851575
1.166929 -0.851575 1.166929 -0.851575
1.207874 -0.851575 1.207874 -0.851575
1.248819 -0.851575 1.248819 -0.851575
1.289764 -0.851575 1.289764 -0.851575
1.330709 -0.851575 1.330709 -0.851575
1.371654 -0.851575 1.371654 -0.851575
1.412598 -0.851575 1.412598 -0.851575
1.453543 -0.851575 1.453543 -0.851575
1.494488 -0.851575 1.494488 -0.851575
1.535433 -0.851575 1.535433 -0.851575
1.576378 -0.851575 1.576378 -0.851575
1.617323 -0.851575 1.617323 -0.851575
1.658268 -0.851575 1.658268 -0.851575
1.699213 -0.851575 1.699213 -0.851575
1.740157 -0.851575 1.740157 -0.851575
1.781102 -0.851575 1.781102 -0.851575
1.822047 -0.851575 1.822047 -0.851575
1.862992 -0.851575 1.862992 -0.851575
1.903937 -0.851575 1.903937 -0.851575
1.944882 -0.851575 1.944882 -0.851575
1.985827 -0.851575 1.985827 -0.851575
2.026772 -0.851575 2.026772 -0.851575
2.067717 -0.851575 2.067717 -0.851575
2.108661 -0.851575 2.108661 -0.851575
2.149606 -0.851575 2.149606 -0.851575
2.190551 -0.851575 2.190551 -0.851575
2.231496 -0.851575 2.231496 -0.851575
2.272441 -0.851575 2.272441 -0.851575
2.313386 -0.851575 2.313386 -0.851575
2.354331 -0.851575 2.354331 -0.851575
2.395276 -0.851575 2.395276 -0.851575
2.436220 -0.851575 2.436220 -0.851575
2.477165 -0.851575 2.477165 -0.851575
2.518110 -0.851575 2.518110 -0.851575
2.559055 -0.851575 2.559055 -0.851575
2.600000 -0.851575 2.600000 -0.851575
-2.600000 -0.835039 -2.600000 -0.835039
-2.559055 -0.835039 -2.559055 -0.835039
-2.518110 -0.835039 -2.518110 -0.835039
-2.477165 -0.835039 -2.477165 -0.835039
-2.436220 -0.835039 -2.436220 -0.835039
-2.395276 -0.835039 -2.395276 -0.835039
-2.354331 -0.835039 -2.354331 -0.835039
-2.313386 -0.835039 -2.313386 -0.835039
-2.272441 -0.835039 -2.272441 -0.835039
-2.231496 -0.835039 -2.231496 -0.835039
-2.190551 -0.835039 -2.190551 -0.835039
-2.149606 -0.835039 -2.149606 -0.835039
-2.108661 -0.835039 -2.108661 -0.835039
-2.067717 -0.835039 -2.067717 -0.835039
-2.026772 -0.835039 -2.026772 -0.835039
-1.985827 -0.835039 -1.985827 -0.835039
-1.944882 -0.835039 -1.944882 -0.835039
-1.903937 -0.835039 -1.903937 -0.835039
-1.862992 -0.835039 -1.862992 -0.835039
-1.822047 -0.835039 -1.822047 -0.835039
-1.781102 -0.835039 -1.781102 -0.835039
-1.740157 -0.835039 -1.740157 -0.835039
-1.699213 -0.835039 -1.699213 -0.835039
-1.658268 -0.835039 -1.658268 -0.835039
-1.617323 -0.835039 -1.617323 -0.835039
-1.576378 -0.835039 -1.576378 -0.835039
-1.535433 -0.835039 -1.535433 -0.835039
-1.494488 -0.835039 -1.494488 -0.835039
-1.453543 -0.835039 -1.453543 -0.835039
-1.412598 -0.835039 -1.412598 -0.835039
-1.371654 -0.835039 -1.371654 -0.835039
-1.330709 -0.835039 -1.330709 -0.835039
-1.289764 -0.835039 -1.289764 -0.835039
-1.248819 -0.835039 -1.248819 -0.835039
-1.207874 -0.835039 -1.207874 -0.835039
-1.166929 -0.835039 -1.166929 -0.835039
-1.125984 -0.835039 -1.125984 -0.835039
-1.085039 -0.835039 -1.085039 -0.835039
-1.044094 -0.835039 -1.044094 -0.835039
-1.003150 -0.835039 -1.003150 -0.835039
-0.962205 -0.835039 -0.962205 -0.835039
-0.921260 -0.835039 -0.921260 -0.835039
-0.880315 -0.835039 -0.880315 -0.835039
-0.839370 -0.835039 -0.839370 -0.835039
-0.798425 -0.835039 -0.798425 -0.835039
-0.757480 -0.835039 -0.757480 -0.835039
-0.716535 -0.835039 -0.716535 -0.835039
-0.675591 -0.835039 -0.675591 -0.835039
-0.634646 -0.835039 -0.634646 -0.835039
-0.593701 -0.835039 -0.593701 -0.835039
-0.552756 -0.835039 -0.552756 -0.835039
-0.511811 -0.835039 -0.511811 -0.835039
-0.470866 -0.835039 -0.470866 -0.835039
-0.429921 -0.835039 -0.429921 -0.835039
-0.388976 -0.835039 -0.388976 -0.835039
-0.348031 -0.835039 -0.348031 -0.835039
-0.307087 -0.835039 -0.307087 -0.835039
-0.266142 -0.835039 -0.266142 -0.835039
-0.225197 -0.835039 -0.225197 -0.835039
-0.184252 -0.835039 -0.184252 -0.835039
-0.143307 -0.835039 -0.143307 -0.835039
-0.102362 -0.835039 -0.102362 -0.835039
-0.061417 -0.835039 -0.061417 -0.835039
-0.020472 -0.835039 -0.020472 -0.835039
0.020472 -0.835039 0.020472 -0.835039
0.061417 -0.835039 0.061417 -0.835039
0.102362 -0.835039 0.102362 -0.835039
0.143307 -0.835039 0.143307 -0.835039
0.184252 -0.835039 0.184252 -0.835039
0.225197 -0.835039 0.225197 -0.835039
0.266142 -0.835039 0.266142 -0.835039
0.307087 -0.835039 0.307087 -0.835039
0.348031 -0.835039 0.348031 -0.835039
0.388976 -0.835039 0.388976 -0.835039
0.429921 -0.835039 0.429921 -0.835039
0.470866 -0.835039 0.470866 -0.835039
0.511811 -0.835039 0.511811 -0.835039
0.552756 -0.835039 0.552756 -0.835039
0.593701 -0.835039 0.593701 -0.835039
0.634646 -0.835039 0.634646 -0.835039
0.675591 -0.835039 0.675591 -0.835039
0.716535 -0.835039 0.716535 -0.835039
0.757480 -0.835039 0.757480 -0.835039
0.798425 -0.835039 0.798425 -0.835039
0.839370 -0.835039 0.839370 -0.835039
0.880315 -0.835039 0.880315 -0.835039
0.921260 -0.835039 0.921260 -0.835039
0.962205 -0.835039 0.962205 -0.835039
1.003150 -0.835039 1.003150 -0.835039
1.044094 -0.835039 1.044094 -0.835039
1.085039 -0.835039 1.085039 -0.835039
1.125984 -0.835039 1.125984 -0.835039
1.166929 -0.835039 1.166929 -0.835039
1.207874 -0.835039 1.207874 -0.835039
1.248819 -0.835039 1.248819 -0.835039
1.289764 -0.835039 1.289764 -0.835039
1.330709 -0.835039 1.330709 -0.835039
1.371654 -0.835039 1.371654 -0.835039
1.412598 -0.835039 1.412598 -0.835039
1.453543 -0.835039 1.453543 -0.835039
1.494488 -0.835039 1.494488 -0.835039
1.535433 -0.835039 1.535433 -0.835039
1.576378 -0.835039 1.576378 -0.835039
1.617323 -0.835039 1.617323 -0.835039
1.658268 -0.835039 1.658268 -0.835039
1.699213 -0.835039 1.699213 -0.835039
1.740157 -0.835039 1.740157 -0.835039
1.781102 -0.835039 1.781102 -0.835039
1.822047 -0.835039 1.822047 -0.835039
1.862992 -0.835039 1.862992 -0.835039
1.903937 -0.835039 1.903937 -0.835039
1.944882 -0.835039 1.944882 -0.835039
1.985827 -0.835039 1.985827 -0.835039
2.026772 -0.835039 2.026772 -0.835039
2.067717 -0.835039 2.067717 -0.835039
2.108661 -0.835039 2.108661 -0.835039
2.149606 -0.835039 2.149606 -0.835039
2.190551 -0.835039 2.190551 -0.835039
2.231496 -0.835039 2.231496 -0.835039
2.272441 -0.835039 2.272441 -0.835039
2.313386 -0.835039 2.313386 -0.835039
2.354331 -0.835039 2.354331 -0.835039
2.395276 -0.835039 2.395276 -0.835039
2.436220 -0.835039 2.436220 -0.835039
2.477165 -0.835039 2.477165 -0.835039
2.518110 -0.835039 2.518110 -0.835039
2.559055 -0.835039 2.559055 -0.835039
2.600000 -0.835039 2.600000 -0.835039
-2.600000 -0.818504 -2.600000 -0.818504
-2.559055 -0.818504 -2.559055 -0.818504
-2.518110 -0.818504 -2.518110 -0.818504
-2.477165 -0.818504 -2.477165 -0.818504
-2.436220 -0.818504 -2.436220 -0.818504
-2.395276 -0.818504 -2.395276 -0.818504
-2.354331 -0.818504 -2.354331 -0.818504
-2.313386 -0.818504 -2.313386 -0.818504
-2.272441 -0.818504 -2.272441 -0.818504
-2.231496 -0.818504 -2.231496 -0.818504
-2.190551 -0.818504 -2.190551 -0.818504
-2.149606 -0.818504 -2.149606 -0.818504
-2.108661 -0.818504 -2.108661 -0.818504
-2.067717 -0.818504 -2.067717 -0.818504
-2.026772 -0.818504 -2.026772 -0.818504
-1.985827 -0.818504 -1.985827 -0.818504
-1.944882 -0.818504 -1.944882 -0.818504
-1.903937 -0.818504 -1.903937 -0.818504
-1.862992 -0.818504 -1.862992 -0.818504
-1.822047 -0.818504 -1.822047 -0.818504
-1.781102 -0.818504 -1.781102 -0.818504
-1.740157 -0.818504 -1.740157 -0.818504
-1.699213 -0.818504 -1.699213 -0.818504
-1.658268 -0.818504 -1.658268 -0.818504
-1.617323 -0.818504 -1.617323 -0.818504
-1.576378 -0.818504 -1.576378 -0.818504
-1.535433 -0.818504 -1.535433 -0.818504
-1.494488 -0.818504 -1.494488 -0.818504
-1.453543 -0.818504 -1.453543 -0.818504
-1.412598 -0.818504 -1.412598 -0.818504
-1.371654 -0.818504 -1.371654 -0.818504
-1.330709 -0.818504 -1.330709 -0.818504
-1.289764 -0.818504 -1.289764 -0.818504
-1.248819 -0.818504 -1.248819 -0.818504
-1.207874 -0.818504 -1.207874 -0.818504
-1.166929 -0.818504 -1.166929 -0.818504
-1.125984 -0.818504 -1.125984 -0.818504
-1.085039 -0.818504 -1.085039 -0.818504
-1.044094 -0.818504 -1.044094 -0.818504
-1.003150 -0.818504 -1.003150 -0.818504
-0.962205 -0.818504 -0.962205 -0.818504
-0.921260 -0.818504 -0.921260 -0.818504
-0.880315 -0.818504 -0.880315 -0.818504
-0.839370 -0.818504 -0.839370 -0.818504
-0.798425 -0.818504 -0.798425 -0.818504
-0.757480 -0.818504 -0.757480 -0.818504
-0.716535 -0.818504 -0.716535 -0.818504
-0.675591 -0.818504 -0.675591 -0.818504
-0.634646 -0.818504 -0.634646 -0.818504
-0.593701 -0.818504 -0.593701 -0.818504
-0.552756 -0.818504 -0.552756 -0.818504
-0.511811 -0.818504 -0.511811 -0.818504
-0.470866 -0.818504 -0.470866 -0.818504
-0.429921 -0.818504 -0.429921 -0.818504
-0.388976 -0.818504 -0.388976 -0.818504
-0.348031 -0.818504 -0.348031 -0.818504
-0.307087 -0.818504 -0.307087 -0.818504
-0.266142 -0.818504 -0.266142 -0.818504
-0.225197 -0.818504 -0.225197 -0.818504
-0.184252 -0.818504 -0.184252 -0.818504
-0.143307 -0.818504 -0.143307 -0.818504
-0.102362 -0.818504 -0.102362 -0.818504
-0.061417 -0.818504 -0.061417 -0.818504
-0.020472 -0.818504 -0.020472 -0.818504
0.020472 -0.818504 0.020472 -0.818504
0.061417 -0.818504 0.061417 -0.818504
0.102362 -0.818504 0.102362 -0.818504
0.143307 -0.818504 0.143307 -0.818504
0.184252 -0.818504 0.184252 -0.818504
0.225197 -0.818504 0.225197 -0.818504
0.266142 -0.818504 0.266142 -0.818504
0.307087 -0.818504 0.307087 -0.818504
0.348031 -0.818504 0.348031 -0.818504
0.388976 -0.818504 0.388976 -0.818504
0.429921 -0.818504 0.429921 -0.818504
0.470866 -0.818504 0.470866 -0.818504
0.511811 -0.818504 0.511811 -0.818504
0.552756 -0.818504 0.552756 -0.818504
0.593701 -0.818504 0.593701 -0.818504
0.634646 -0.818504 0.634646 -0.818504
0.675591 -0.818504 0.675591 -0.818504
0.716535 -0.818504 0.716535 -0.818504
0.757480 -0.818504 0.757480 -0.818504
0.798425 -0.818504 0.798425 -0.818504
0.839370 -0.818504 0.839370 -0.818504
0.880315 -0.818504 0.880315 -0.818504
0.921260 -0.818504 0.921260 -0.818504
0.962205 -0.818504 0.962205 -0.818504
1.003150 -0.818504 1.003150 -0.818504
1.044094 -0.818504 1.044094 -0.818504
1.085039 -0.818504 1.085039 -0.818504
1.125984 -0.818504 1.125984 -0.818504
1.166929 -0.818504 1.166929 -0.818504
1.207874 -0.818504 1.207874 -0.818504
1.248819 -0.818504 1.248819 -0.818504
1.289764 -0.818504 1.289764 -0.818504
1.330709 -0.818504 1.330709 -0.818504
1.371654 -0.818504 1.371654 -0.818504
1.412598 -0.818504 1.412598 -0.818504
1.453543 -0.818504 1.453543 -0.818504
1.494488 -0.818504 1.494488 -0.818504
1.535433 -0.818504 1.535433 -0.818504
1.576378 -0.818504 1.576378 -0.818504
1.617323 -0.818504 1.617323 -0.818504
1.658268 -0.818504 1.658268 -0.818504
1.699213 -0.818504 1.699213 -0.818504
1.740157 -0.818504 1.740157 -0.818504
1.781102 -0.818504 1.781102 -0.818504
1.822047 -0.818504 1.822047 -0.818504
1.862992 -0.818504 1.862992 -0.818504
1.903937 -0.818504 1.903937 -0.818504
1.944882 -0.818504 1.944882 -0.818504
1.985827 -0.818504 1.985827 -0.818504
2.026772 -0.818504 2.026772 -0.818504
2.067717 -0.818504 2.067717 -0.818504
2.108661 -0.818504 2.108661 -0.818504
2.149606 -0.818504 2.149606 -0.818504
2.190551 -0.818504 2.190551 -0.818504
2.231496 -0.818504 2.231496 -0.818504
2.272441 -0.818504 2.272441 -0.818504
2.313386 -0.818504 2.313386 -0.818504
2.354331 -0.818504 2.354331 -0.818504
2.395276 -0.818504 2.395276 -0.818504
2.436220 -0.818504 2.436220 -0.818504
2.477165 -0.818504 2.477165 -0.818504
2.518110 -0.818504 2.518110 -0.818504
2.559055 -0.818504 2.559055 -0.818504
2.600000 -0.818504 2.600000 -0.818504
-2.600000 -0.801969 -2.600000 -0.801969
-2.559055 -0.801969 -2.559055 -0.801969
-2.518110 -0.801969 -2.518110 -0.801969
-2.477165 -0.801969 -2.477165 -0.801969
-2.436220 -0.801969 -2.436220 -0.801969
-2.395276 -0.801969 -2.395276 -0.801969
-2.354331 -0.801969 -2.354331 -0.801969
-2.313386 -0.801969 -2.313386 -0.801969
-2.272441 -0.801969 -2.272441 -0.801969
-2.231496 -0.801969 -2.231496 -0.801969
-2.190551 -0.801969 -2.190551 -0.801969
-2.149606 -0.801969 -2.149606 -0.801969
-2.108661 -0.801969 -2.108661 -0.801969
-2.067717 -0.801969 -2.067717 -0.801969
-2.026772 -0.801969 -2.026772 -0.801969
-1.985827 -0.801969 -1.985827 -0.801969
-1.944882 -0.801969 -1.944882 -0.801969
-1.903937 -0.801969 -1.903937 -0.801969
-1.862992 -0.801969 -1.862992 -0.801969
-1.822047 -0.801969 -1.822047 -0.801969
-1.781102 -0.801969 -1.781102 -0.801969
-1.740157 -0.801969 -1.740157 -0.801969
-1.699213 -0.801969 -1.699213 -0.801969
-1.658268 -0.801969 -1.658268 -0.801969
-1.617323 -0.801969 -1.617323 -0.801969
-1.576378 -0.801969 -1.576378 -0.801969
-1.535433 -0.801969 -1.535433 -0.801969
-1.494488 -0.801969 -1.494488 -0.801969
-1.453543 -0.801969 -1.453543 -0.801969
-1.412598 -0.801969 -1.412598 -0.801969
-1.371654 -0.801969 -1.371654 -0.801969
-1.330709 -0.801969 -1.330709 -0.801969
-1.289764 -0.801969 -1.289764 -0.801969
-1.248819 -0.801969 -1.248819 -0.801969
-1.207874 -0.801969 -1.207874 -0.801969
-1.166929 -0.801969 -1.166929 -0.801969
-1.125984 -0.801969 -1.125984 -0.801969
-1.085039 -0.801969 -1.085039 -0.801969
-1.044094 -0.801969 -1.044094 -0.801969
-1.003150 -0.801969 -1.003150 -0.801969
-0.962205 -0.801969 -0.962205 -0.801969
-0.921260 -0.801969 -0.921260 -0.801969
-0.880315 -0.801969 -0.880315 -0.801969
-0.839370 -0.801969 -0.839370 -0.801969
-0.798425 -0.801969 -0.798425 -0.801969
-0.757480 -0.801969 -0.757480 -0.801969
-0.716535 -0.801969 -0.716535 -0.801969
-0.675591 -0.801969 -0.675591 -0.801969
-0.634646 -0.801969 -0.634646 -0.801969
-0.593701 -0.801969 -0.593701 -0.801969
-0.552756 -0.801969 -0.552756 -0.801969
-0.511811 -0.801969 -0.511811 -0.801969
-0.470866 -0.801969 -0.470866 -0.801969
-0.429921 -0.801969 -0.429921 -0.801969
-0.388976 -0.801969 -0.388976 -0.801969
-0.348031 -0.801969 -0.348031 -0.801969
-0.307087 -0.801969 -0.307087 -0.801969
-0.266142 -0.801969 -0.266142 -0.801969
-0.225197 -0.801969 -0.225197 -0.801969
-0.184252 -0.801969 -0.184252 -0.801969
-0.143307 -0.801969 -0.143307 -0.801969
-0.102362 -0.801969 -0.102362 -0.801969
-0.061417 -0.801969 -0.061417 -0.801969
-0.020472 -0.801969 -0.020472 -0.801969
0.020472 -0.801969 0.020472 -0.801969
0.061417 -0.801969 0.061417 -0.801969
0.102362 -0.801969 0.102362 -0.801969
0.143307 -0.801969 0.143307 -0.801969
0.184252 -0.801969 0.184252 -0.801969
0.225197 -0.801969 0.225197 -0.801969
0.266142 -0.801969 0.266142 -0.801969
0.307087 -0.801969 0.307087 -0.801969
0.348031 -0.801969 0.348031 -0.801969
0.388976 -0.801969 0.388976 -0.801969
0.429921 -0.801969 0.429921 -0.801969
0.470866 -0.801969 0.470866 -0.801969
0.511811 -0.801969 0.511811 -0.801969
0.552756 -0.801969 0.552756 -0.801969
0.593701 -0.801969 0.593701 -0.801969
0.634646 -0.801969 0.634646 -0.801969
0.675591 -0.801969 0.675591 -0.801969
0.716535 -0.801969 0.716535 -0.801969
0.757480 -0.801969 0.757480 -0.801969
0.798425 -0.801969 0.798425 -0.801969
0.839370 -0.801969 0.839370 -0.801969
0.880315 -0.801969 0.880315 -0.801969
0.921260 -0.801969 0.921260 -0.801969
0.962205 -0.801969 0.962205 -0.801969
1.003150 -0.801969 1.003150 -0.801969
1.044094 -0.801969 1.044094 -0.801969
1.085039 -0.801969 1.085039 -0.801969
1.125984 -0.801969 1.125984 -0.801969
1.166929 -0.801969 1.166929 -0.801969
1.207874 -0.801969 1.207874 -0.801969
1.248819 -0.801969 1.248819 -0.801969
1.289764 -0.801969 1.289764 -0.801969
1.330709 -0.801969 1.330709 -0.801969
1.371654 -0.801969 1.371654 -0.801969
1.412598 -0.801969 1.412598 -0.801969
1.453543 -0.801969 1.453543 -0.801969
1.494488 -0.801969 1.494488 -0.801969
1.535433 -0.801969 1.535433 -0.801969
1.576378 -0.801969 1.576378 -0.801969
1.617323 -0.801969 1.617323 -0.801969
1.658268 -0.801969 1.658268 -0.801969
1.699213 -0.801969 1.699213 -0.801969
1.740157 -0.801969 1.740157 -0.801969
1.781102 -0.801969 1.781102 -0.801969
1.822047 -0.801969 1.822047 -0.801969
1.862992 -0.801969 1.862992 -0.801969
1.903937 -0.801969 1.903937 -0.801969
1.944882 -0.801969 1.944882 -0.801969
1.985827 -0.801969 1.985827 -0.801969
2.026772 -0.801969 2.026772 -0.801969
2.067717 -0.801969 2.067717 -0.801969
2.108661 -0.801969 2.108661 -0.801969
2.149606 -0.801969 2.149606 -0.801969
2.190551 -0.801969 2.190551 -0.801969
2.231496 -0.801969 2.231496 -0.801969
2.272441 -0.801969 2.272441 -0.801969
2.313386 -0.801969 2.313386 -0.801969
2.354331 -0.801969 2.354331 -0.801969
2.395276 -0.801969 2.395276 -0.801969
2.436220 -0.801969 2.436220 -0.801969
2.477165 -0.801969 2.477165 -0.801969
2.518110 -0.801969 2.518110 -0.801969
2.559055 -0.801969 2.559055 -0.801969
2.600000 -0.801969 2.600000 -0.801969
-2.600000 -0.785433 -2.600000 -0.785433
-2.559055 -0.785433 -2.559055 -0.785433
-2.518110 -0.785433 -2.518110 -0.785433
-2.477165 -0.785433 -2.477165 -0.785433
-2.436220 -0.785433 -2.436220 -0.785433
-2.395276 -0.785433 -2.395276 -0.785433
-2.354331 -0.785433 -2.354331 -0.785433
-2.313386 -0.785433 -2.313386 -0.785433
-2.272441 -0.785433 -2.272441 -0.785433
-2.231496 -0.785433 -2.231496 -0.785433
-2.190551 -0.785433 -2.190551 -0.785433
-2.149606 -0.785433 -2.149606 -0.785433
-2.108661 -0.785433 -2.108661 -0.785433
-2.067717 -0.785433 -2.067717 -0.785433
-2.026772 -0.785433 -2.026772 -0.785433
-1.985827 -0.785433 -1.985827 -0.785433
-1.944882 -0.785433 -1.944882 -0.785433
-1.903937 -0.785433 -1.903937 -0.785433
-1.862992 -0.785433 -1.862992 -0.785433
-1.822047 -0.785433 -1.822047 -0.785433
-1.781102 -0.785433 -1.781102 -0.785433
-1.740157 -0.785433 -1.740157 -0.785433
-1.699213 -0.785433 -1.699213 -0.785433
-1.658268 -0.785433 -1.658268 -0.785433
-1.617323 -0.785433 -1.617323 -0.785433
-1.576378 -0.785433 -1.576378 -0.785433
-1.535433 -0.785433 -1.535433 -0.785433
-1.494488 -0.785433 -1.494488 -0.785433
-1.453543 -0.785433 -1.453543 -0.785433
-1.412598 -0.785433 -1.412598 -0.785433
-1.371654 -0.785433 -1.371654 -0.785433
-1.330709 -0.785433 -1.330709 -0.785433
-1.289764 -0.785433 -1.289764 -0.785433
-1.248819 -0.785433 -1.248819 -0.785433
-1.207874 -0.785433 -1.207874 -0.785433
-1.166929 -0.785433 -1.166929 -0.785433
-1.125984 -0.785433 -1.125984 -0.785433
-1.085039 -0.785433 -1.085039 -0.785433
-1.044094 -0.785433 -1.044094 -0.785433
-1.003150 -0.785433 -1.003150 -0.785433
-0.962205 -0.785433 -0.962205 -0.785433
-0.921260 -0.785433 -0.921260 -0.785433
-0.880315 -0.785433 -0.880315 -0.785433
-0.839370 -0.785433 -0.839370 -0.785433
-0.798425 -0.785433 -0.798425 -0.785433
-0.757480 -0.785433 -0.757480 -0.785433
-0.716535 -0.785433 -0.716535 -0.785433
-0.675591 -0.785433 -0.675591 -0.785433
-0.634646 -0.785433 -0.634646 -0.785433
-0.593701 -0.785433 -0.593701 -0.785433
-0.552756 -0.785433 -0.552756 -0.785433
-0.511811 -0.785433 -0.511811 -0.785433
-0.470866 -0.785433 -0.470866 -0.785433
-0.429921 -0.785433 -0.429921 -0.785433
-0.388976 -0.785433 -0.388976 -0.785433
-0.348031 -0.785433 -0.348031 -0.785433
-0.307087 -0.785433 -0.307087 -0.785433
-0.266142 -0.785433 -0.266142 -0.785433
-0.225197 -0.785433 -0.225197 -0.785433
-0.184252 -0.785433 -0.184252 -0.785433
-0.143307 -0.785433 -0.143307 -0.785433
-0.102362 -0.785433 -0.102362 -0.785433
-0.061417 -0.785433 -0.061417 -0.785433
-0.020472 -0.785433 -0.020472 -0.785433
0.020472 -0.785433 0.020472 -0.785433
0.061417 -0.785433 0.061417 -0.785433
0.102362 -0.785433 0.102362 -0.785433
0.143307 -0.785433 0.143307 -0.785433
0.184252 -0.785433 0.184252 -0.785433
0.225197 -0.785433 0.225197 -0.785433
0.266142 -0.785433 0.266142 -0.785433
0.307087 -0.785433 0.307087 -0.785433
0.348031 -0.785433 0.348031 -0.785433
0.388976 -0.785433 0.388976 -0.785433
0.429921 -0.785433 0.429921 -0.785433
0.470866 -0.785433 0.470866 -0.785433
0.511811 -0.785433 0.511811 -0.785433
0.552756 -0.785433 0.552756 -0.785433
0.593701 -0.785433 0.593701 -0.785433
0.634646 -0.785433 0.634646 -0.785433
0.675591 -0.785433 0.675591 -0.785433
0.716535 -0.785433 0.716535 -0.785433
0.757480 -0.785433 0.757480 -0.785433
0.798425 -0.785433 0.798425 -0.785433
0.839370 -0.785433 0.839370 -0.785433
0.880315 -0.785433 0.880315 -0.785433
0.921260 -0.785433 0.921260 -0.785433
0.962205 -0.785433 0.962205 -0.785433
1.003150 -0.785433 1.003150 -0.785433
1.044094 -0.785433 1.044094 -0.785433
1.085039 -0.785433 1.085039 -0.785433
1.125984 -0.785433 1.125984 -0.785433
1.166929 -0.785433 1.166929 -0.785433
1.207874 -0.785433 1.207874 -0.785433
1.248819 -0.785433 1.248819 -0.785433
1.289764 -0.785433 1.289764 -0.785433
1.330709 -0.785433 1.330709 -0.785433
1.371654 -0.785433 1.371654 -0.785433
1.412598 -0.785433 1.412598 -0.785433
1.453543 -0.785433 1.453543 -0.785433
1.494488 -0.785433 1.494488 -0.785433
1.535433 -0.785433 1.535433 -0.785433
1.576378 -0.785433 1.576378 -0.785433
1.617323 -0.785433 1.617323 -0.785433
1.658268 -0.785433 1.658268 -0.785433
1.699213 -0.785433 1.699213 -0.785433
1.740157 -0.785433 1.740157 -0.785433
1.781102 -0.785433 1.781102 -0.785433
1.822047 -0.785433 1.822047 -0.785433
1.862992 -0.785433 1.862992 -0.785433
1.903937 -0.785433 1.903937 -0.785433
1.944882 -0.785433 1.944882 -0.785433
1.985827 -0.785433 1.985827 -0.785433
2.026772 -0.785433 2.026772 -0.785433
2.067717 -0.785433 2.067717 -0.785433
2.108661 -0.785433 2.108661 -0.785433
2.149606 -0.785433 2.149606 -0.785433
2.190551 -0.785433 2.190551 -0.785433
2.231496 -0.785433 2.231496 -0.785433
2.272441 -0.785433 2.272441 -0.785433
2.313386 -0.785433 2.313386 -0.785433
2.354331 -0.785433 2.354331 -0.785433
2.395276 -0.785433 2.395276 -0.785433
2.436220 -0.785433 2.436220 -0.785433
2.477165 -0.785433 2.477165 -0.785433
2.518110 -0.785433 2.518110 -0.785433
2.559055 -0.785433 2.559055 -0.785433
2.600000 -0.785433 2.600000 -0.785433
-2.600000 -0.768898 -2.600000 -0.768898
-2.559055 -0.768898 -2.559055 -0.768898
-2.518110 -0.768898 -2.518110 -0.768898
-2.477165 -0.768898 -2.477165 -0.768898
-2.436220 -0.768898 -2.436220 -0.768898
-2.395276 -0.768898 -2.395276 -0.768898
-2.354331 -0.768898 -2.354331 -0.768898
-2.313386 -0.768898 -2.313386 -0.768898
-2.272441 -0.768898 -2.272441 -0.768898
-2.231496 -0.768898 -2.231496 -0.768898
-2.190551 -0.768898 -2.190551 -0.768898
-2.149606 -0.768898 -2.149606 -0.768898
-2.108661 -0.768898 -2.108661 -0.768898
-2.067717 -0.768898 -2.067717 -0.768898
-2.026772 -0.768898 -2.026772 -0.768898
-1.985827 -0.768898 -1.985827 -0.768898
-1.944882 -0.768898 -1.944882 -0.768898
-1.903937 -0.768898 -1.903937 -0.768898
-1.862992 -0.768898 -1.862992 -0.768898
-1.822047 -0.768898 -1.822047 -0.768898
-1.781102 -0.768898 -1.781102 -0.768898
-1.740157 -0.768898 -1.740157 -0.768898
-1.699213 -0.768898 -1.699213 -0.768898
-1.658268 -0.768898 -1.658268 -0.768898
-1.617323 -0.768898 -1.617323 -0.768898
-1.576378 -0.768898 -1.576378 -0.768898
-1.535433 -0.768898 -1.535433 -0.768898
-1.494488 -0.768898 -1.494488 -0.768898
-1.453543 -0.768898 -1.453543 -0.768898
-1.412598 -0.768898 -1.412598 -0.768898
-1.371654 -0.768898 -1.371654 -0.768898
-1.330709 -0.768898 -1.330709 -0.768898
-1.289764 -0.768898 -1.289764 -0.768898
-1.248819 -0.768898 -1.248819 -0.768898
-1.207874 -0.768898 -1.207874 -0.768898
-1.166929 -0.768898 -1.166929 -0.768898
-1.125984 -0.768898 -1.125984 -0.768898
-1.085039 -0.768898 -1.085039 -0.768898
-1.044094 -0.768898 -1.044094 -0.768898
-1.003150 -0.768898 -1.003150 -0.768898
-0.962205 -0.768898 -0.962205 -0.768898
-0.921260 -0.768898 -0.921260 -0.768898
-0.880315 -0.768898 -0.880315 -0.768898
-0.839370 -0.768898 -0.839370 -0.768898
-0.798425 -0.768898 -0.798425 -0.768898
-0.757480 -0.768898 -0.757480 -0.768898
-0.716535 -0.768898 -0.716535 -0.768898
-0.675591 -0.768898 -0.675591 -0.768898
-0.634646 -0.768898 -0.634646 -0.768898
-0.593701 -0.768898 -0.593701 -0.768898
-0.552756 -0.768898 -0.552756 -0.768898
-0.511811 -0.768898 -0.511811 -0.768898
-0.470866 -0.768898 -0.470866 -0.768898
-0.429921 -0.768898 -0.429921 -0.768898
-0.388976 -0.768898 -0.388976 -0.768898
-0.348031 -0.768898 -0.348031 -0.768898
-0.307087 -0.768898 -0.307087 -0.768898
-0.266142 -0.768898 -0.266142 -0.768898
-0.225197 -0.768898 -0.225197 -0.768898
-0.184252 -0.768898 -0.184252 -0.768898
-0.143307 -0.768898 -0.143307 -0.768898
-0.102362 -0.768898 -0.102362 -0.768898
-0.061417 -0.768898 -0.061417 -0.768898
-0.020472 -0.768898 -0.020472 -0.768898
0.020472 -0.768898 0.020472 -0.768898
0.061417 -0.768898 0.061417 -0.768898
0.102362 -0.768898 0.102362 -0.768898
0.143307 -0.768898 0.143307 -0.768898
0.184252 -0.768898 0.184252 -0.768898
0.225197 -0.768898 0.225197 -0.768898
0.266142 -0.768898 0.266142 -0.768898
0.307087 -0.768898 0.307087 -0.768898
0.348031 -0.768898 0.348031 -0.768898
0.388976 -0.768898 0.388976 -0.768898
0.429921 -0.768898 0.429921 -0.768898
0.470866 -0.768898 0.470866 -0.768898
0.511811 -0.768898 0.511811 -0.768898
0.552756 -0.768898 0.552756 -0.768898
0.593701 -0.768898 0.593701 -0.768898
0.634646 -0.768898 0.634646 -0.768898
0.675591 -0.768898 0.675591 -0.768898
0.716535 -0.768898 0.716535 -0.768898
0.757480 -0.768898 0.757480 -0.768898
0.798425 -0.768898 0.798425 -0.768898
0.839370 -0.768898 0.839370 -0.768898
0.880315 -0.768898 0.880315 -0.768898
0.921260 -0.768898 0.921260 -0.768898
0.962205 -0.768898 0.962205 -0.768898
1.003150 -0.768898 1.003150 -0.768898
1.044094 -0.768898 1.044094 -0.768898
1.085039 -0.768898 1.085039 -0.768898
1.125984 -0.768898 1.125984 -0.768898
1.166929 -0.768898 1.166929 -0.768898
1.207874 -0.768898 1.207874 -0.768898
1.248819 -0.768898 1.248819 -0.768898
1.289764 -0.768898 1.289764 -0.768898
1.330709 -0.768898 1.330709 -0.768898
1.371654 -0.768898 1.371654 -0.768898
1.412598 -0.768898 1.412598 -0.768898
1.453543 -0.768898 1.453543 -0.768898
1.494488 -0.768898 1.494488 -0.768898
1.535433 -0.768898 1.535433 -0.768898
1.576378 -0.768898 1.576378 -0.768898
1.617323 -0.768898 1.617323 -0.768898
1.658268 -0.768898 1.658268 -0.768898
1.699213 -0.768898 1.699213 -0.768898
1.740157 -0.768898 1.740157 -0.768898
1.781102 -0.768898 1.781102 -0.768898
1.822047 -0.768898 1.822047 -0.768898
1.862992 -0.768898 1.862992 -0.768898
1.903937 -0.768898 1.903937 -0.768898
1.944882 -0.768898 1.944882 -0.768898
1.985827 -0.768898 1.985827 -0.768898
2.026772 -0.768898 2.026772 -0.768898
2.067717 -0.768898 2.067717 -0.768898
2.108661 -0.768898 2.108661 -0.768898
2.149606 -0.768898 2.149606 -0.768898
2.190551 -0.768898 2.190551 -0.768898
2.231496 -0.768898 2.231496 -0.768898
2.272441 -0.768898 2.272441 -0.768898
2.313386 -0.768898 2.313386 -0.768898
2.354331 -0.768898 2.354331 -0.768898
2.395276 -0.768898 2.395276 -0.768898
2.436220 -0.768898 2.436220 -0.768898
2.477165 -0.768898 2.477165 -0.768898
2.518110 -0.768898 2.518110 -0.768898
2.559055 -0.768898 2.559055 -0.768898
2.600000 -0.768898 2.600000 -0.768898
-2.600000 -0.752362 -2.600000 -0.752362
-2.559055 -0.752362 -2.559055 -0.752362
-2.518110 -0.752362 -2.518110 -0.752362
-2.477165 -0.752362 -2.477165 -0.752362
-2.436220 -0.752362 -2.436220 -0.752362
-2.395276 -0.752362 -2.395276 -0.752362
-2.354331 -0.752362 -2.354331 -0.752362
-2.313386 -0.752362 -2.313386 -0.752362
-2.272441 -0.752362 -2.272441 -0.752362
-2.231496 -0.752362 -2.231496 -0.752362
-2.190551 -0.752362 -2.190551 -0.752362
-2.149606 -0.752362 -2.149606 -0.752362
-2.108661 -0.752362 -2.108661 -0.752362
-2.067717 -0.752362 -2.067717 -0.752362
-2.026772 -0.752362 -2.026772 -0.752362
-1.985827 -0.752362 -1.985827 -0.752362
-1.944882 -0.752362 -1.944882 -0.752362
-1.903937 -0.752362 -1.903937 -0.752362
-1.862992 -0.752362 -1.862992 -0.752362
-1.822047 -0.752362 -1.822047 -0.752362
-1.781102 -0.752362 -1.781102 -0.752362
-1.740157 -0.752362 -1.740157 -0.752362
-1.699213 -0.752362 -1.699213 -0.752362
-1.658268 -0.752362 -1.658268 -0.752362
-1.617323 -0.752362 -1.617323 -0.752362
-1.576378 -0.752362 -1.576378 -0.752362
-1.535433 -0.752362 -1.535433 -0.752362
-1.494488 -0.752362 -1.494488 -0.752362
-1.453543 -0.752362 -1.453543 -0.752362
-1.412598 -0.752362 -1.412598 -0.752362
-1.371654 -0.752362 -1.371654 -0.752362
-1.330709 -0.752362 -1.330709 -0.752362
-1.289764 -0.752362 -1.289764 -0.752362
-1.248819 -0.752362 -1.248819 -0.752362
-1.207874 -0.752362 -1.207874 -0.752362
-1.166929 -0.752362 -1.166929 -0.752362
-1.125984 -0.752362 -1.125984 -0.752362
-1.085039 -0.752362 -1.085039 -0.752362
-1.044094 -0.752362 -1.044094 -0.752362
-1.003150 -0.752362 -1.003150 -0.752362
-0.962205 -0.752362 -0.962205 -0.752362
-0.921260 -0.752362 -0.921260 -0.752362
-0.880315 -0.752362 -0.880315 -0.752362
-0.839370 -0.752362 -0.839370 -0.752362
-0.798425 -0.752362 -0.798425 -0.752362
-0.757480 -0.752362 -0.757480 -0.752362
-0.716535 -0.752362 -0.716535 -0.752362
-0.675591 -0.752362 -0.675591 -0.752362
-0.634646 -0.752362 -0.634646 -0.752362
-0.593701 -0.752362 -0.593701 -0.752362
-0.552756 -0.752362 -0.552756 -0.752362
-0.511811 -0.752362 -0.511811 -0.752362
-0.470866 -0.752362 -0.470866 -0.752362
-0.429921 -0.752362 -0.429921 -0.752362
-0.388976 -0.752362 -0.388976 -0.752362
-0.348031 -0.752362 -0.348031 -0.752362
-0.307087 -0.752362 -0.307087 -0.752362
-0.266142 -0.752362 -0.266142 -0.752362
-0.225197 -0.752362 -0.225197 -0.752362
-0.184252 -0.752362 -0.184252 -0.752362
-0.143307 -0.752362 -0.143307 -0.752362
-0.102362 -0.752362 -0.102362 -0.752362
-0.061417 -0.752362 -0.061417 -0.752362
-0.020472 -0.752362 -0.020472 -0.752362
0.020472 -0.752362 0.020472 -0.752362
0.061417 -0.752362 0.061417 -0.752362
0.102362 -0.752362 0.102362 -0.752362
0.143307 -0.752362 0.143307 -0.752362
0.184252 -0.752362 0.184252 -0.752362
0.225197 -0.752362 0.225197 -0.752362
0.266142 -0.752362 0.266142 -0.752362
0.307087 -0.752362 0.307087 -0.752362
0.348031 -0.752362 0.348031 -0.752362
0.388976 -0.752362 0.388976 -0.752362
0.429921 -0.752362 0.429921 -0.752362
0.470866 -0.752362 0.470866 -0.752362
0.511811 -0.752362 0.511811 -0.752362
0.552756 -0.752362 0.552756 -0.752362
0.593701 -0.752362 0.593701 -0.752362
0.634646 -0.752362 0.634646 -0.752362
0.675591 -0.752362 0.675591 -0.752362
0.716535 -0.752362 0.716535 -0.752362
0.757480 -0.752362 0.757480 -0.752362
0.798425 -0.752362 0.798425 -0.752362
0.839370 -0.752362 0.839370 -0.752362
0.880315 -0.752362 0.880315 -0.752362
0.921260 -0.752362 0.921260 -0.752362
0.962205 -0.752362 0.962205 -0.752362
1.003150 -0.752362 1.003150 -0.752362
1.044094 -0.752362 1.044094 -0.752362
1.085039 -0.752362 1.085039 -0.752362
1.125984 -0.752362 1.125984 -0.752362
1.166929 -0.752362 1.166929 -0.752362
1.207874 -0.752362 1.207874 -0.752362
1.248819 -0.752362 1.248819 -0.752362
1.289764 -0.752362 1.289764 -0.752362
1.330709 -0.752362 1.330709 -0.752362
1.371654 -0.752362 1.371654 -0.752362
1.412598 -0.752362 1.412598 -0.752362
1.453543 -0.752362 1.453543 -0.752362
1.494488 -0.752362 1.494488 -0.752362
1.535433 -0.752362 1.535433 -0.752362
1.576378 -0.752362 1.576378 -0.752362
1.617323 -0.752362 1.617323 -0.752362
1.658268 -0.752362 1.658268 -0.752362
1.699213 -0.752362 1.699213 -0.752362
1.740157 -0.752362 1.740157 -0.752362
1.781102 -0.752362 1.781102 -0.752362
1.822047 -0.752362 1.822047 -0.752362
1.862992 -0.752362 1.862992 -0.752362
1.903937 -0.752362 1.903937 -0.752362
1.944882 -0.752362 1.944882 -0.752362
1.985827 -0.752362 1.985827 -0.752362
2.026772 -0.752362 2.026772 -0.752362
2.067717 -0.752362 2.067717 -0.752362
2.108661 -0.752362 2.108661 -0.752362
2.149606 -0.752362 2.149606 -0.752362
2.190551 -0.752362 2.190551 -0.752362
2.231496 -0.752362 2.231496 -0.752362
2.272441 -0.752362 2.272441 -0.752362
2.313386 -0.752362 2.313386 -0.752362
2.354331 -0.752362 2.354331 -0.752362
2.395276 -0.752362 2.395276 -0.752362
2.436220 -0.752362 2.436220 -0.752362
2.477165 -0.752362 2.477165 -0.752362
2.518110 -0.752362 2.518110 -0.752362
2.559055 -0.752362 2.559055 -0.752362
2.600000 -0.752362 2.600000 -0.752362
-2.600000 -0.735827 -2.600000 -0.735827
-2.559055 -0.735827 -2.559055 -0.735827
-2.518110 -0.735827 -2.518110 -0.735827
-2.477165 -0.735827 -2.477165 -0.735827
-2.436220 -0.735827 -2.436220 -0.735827
-2.395276 -0.735827 -2.395276 -0.735827
-2.354331 -0.735827 -2.354331 -0.735827
-2.313386 -0.735827 -2.313386 -0.735827
-2.272441 -0.735827 -2.272441 -0.735827
-2.231496 -0.735827 -2.231496 -0.735827
-2.190551 -0.735827 -2.190551 -0.735827
-2.149606 -0.735827 -2.149606 -0.735827
-2.108661 -0.735827 -2.108661 -0.735827
-2.067717 -0.735827 -2.067717 -0.735827
-2.026772 -0.735827 -2.026772 -0.735827
-1.985827 -0.735827 -1.985827 -0.735827
-1.944882 -0.735827 -1.944882 -0.735827
-1.903937 -0.735827 -1.903937 -0.735827
-1.862992 -0.735827 -1.862992 -0.735827
-1.822047 -0.735827 -1.822047 -0.735827
-1.781102 -0.735827 -1.781102 -0.735827
-1.740157 -0.735827 -1.740157 -0.735827
-1.699213 -0.735827 -1.699213 -0.735827
-1.658268 -0.735827 -1.658268 -0.735827
-1.617323 -0.735827 -1.617323 -0.735827
-1.576378 -0.735827 -1.576378 -0.735827
-1.535433 -0.735827 -1.535433 -0.735827
-1.494488 -0.735827 -1.494488 -0.735827
-1.453543 -0.735827 -1.453543 -0.735827
-1.412598 -0.735827 -1.412598 -0.735827
-1.371654 -0.735827 -1.371654 -0.735827
-1.330709 -0.735827 -1.330709 -0.735827
-1.289764 -0.735827 -1.289764 -0.735827
-1.248819 -0.735827 -1.248819 -0.735827
-1.207874 -0.735827 -1.207874 -0.735827
-1.166929 -0.735827 -1.166929 -0.735827
-1.125984 -0.735827 -1.125984 -0.735827
-1.085039 -0.735827 -1.085039 -0.735827
-1.044094 -0.735827 -1.044094 -0.735827
-1.003150 -0.735827 -1.003150 -0.735827
-0.962205 -0.735827 -0.962205 -0.735827
-0.921260 -0.735827 -0.921260 -0.735827
-0.880315 -0.735827 -0.880315 -0.735827
-0.839370 -0.735827 -0.839370 -0.735827
-0.798425 -0.735827 -0.798425 -0.735827
-0.757480 -0.735827 -0.757480 -0.735827
-0.716535 -0.735827 -0.716535 -0.735827
-0.675591 -0.735827 -0.675591 -0.735827
-0.634646 -0.735827 -0.634646 -0.735827
-0.593701 -0.735827 -0.593701 -0.735827
-0.552756 -0.735827 -0.552756 -0.735827
-0.511811 -0.735827 -0.511811 -0.735827
-0.470866 -0.735827 -0.470866 -0.735827
-0.429921 -0.735827 -0.429921 -0.735827
-0.388976 -0.735827 -0.388976 -0.735827
-0.348031 -0.735827 -0.348031 -0.735827
-0.307087 -0.735827 -0.307087 -0.735827
-0.266142 -0.735827 -0.266142 -0.735827
-0.225197 -0.735827 -0.225197 -0.735827
-0.184252 -0.735827 -0.184252 -0.735827
-0.143307 -0.735827 -0.143307 -0.735827
-0.102362 -0.735827 -0.102362 -0.735827
-0.061417 -0.735827 -0.061417 -0.735827
-0.020472 -0.735827 -0.020472 -0.735827
0.020472 -0.735827 0.020472 -0.735827
0.061417 -0.735827 0.061417 -0.735827
0.102362 -0.735827 0.102362 -0.735827
0.143307 -0.735827 0.143307 -0.735827
0.184252 -0.735827 0.184252 -0.735827
0.225197 -0.735827 0.225197 -0.735827
0.266142 -0.735827 0.266142 -0.735827
0.307087 -0.735827 0.307087 -0.735827
0.348031 -0.735827 0.348031 -0.735827
0.388976 -0.735827 0.388976 -0.735827
0.429921 -0.735827 0.429921 -0.735827
0.470866 -0.735827 0.470866 -0.735827
0.511811 -0.735827 0.511811 -0.735827
0.552756 -0.735827 0.552756 -0.735827
0.593701 -0.735827 0.593701 -0.735827
0.634646 -0.735827 0.634646 -0.735827
0.675591 -0.735827 0.675591 -0.735827
0.716535 -0.735827 0.716535 -0.735827
0.757480 -0.735827 0.757480 -0.735827
0.798425 -0.735827 0.798425 -0.735827
0.839370 -0.735827 0.839370 -0.735827
0.880315 -0.735827 0.880315 -0.735827
0.921260 -0.735827 0.921260 -0.735827
0.962205 -0.735827 0.962205 -0.735827
1.003150 -0.735827 1.003150 -0.735827
1.044094 -0.735827 1.044094 -0.735827
1.085039 -0.735827 1.085039 -0.735827
1.125984 -0.735827 1.125984 -0.735827
1.166929 -0.735827 1.166929 -0.735827
1.207874 -0.735827 1.207874 -0.735827
1.248819 -0.735827 1.248819 -0.735827
1.289764 -0.735827 1.289764 -0.735827
1.330709 -0.735827 1.330709 -0.735827
1.371654 -0.735827 1.371654 -0.735827
1.412598 -0.735827 1.412598 -0.735827
1.453543 -0.735827 1.453543 -0.735827
1.494488 -0.735827 1.494488 -0.735827
1.535433 -0.735827 1.535433 -0.735827
1.576378 -0.735827 1.576378 -0.735827
1.617323 -0.735827 1.617323 -0.735827
1.658268 -0.735827 1.658268 -0.735827
1.699213 -0.735827 1.699213 -0.735827
1.740157 -0.735827 1.740157 -0.735827
1.781102 -0.735827 1.781102 -0.735827
1.822047 -0.735827 1.822047 -0.735827
1.862992 -0.735827 1.862992 -0.735827
1.903937 -0.735827 1.903937 -0.735827
1.944882 -0.735827 1.944882 -0.735827
1.985827 -0.735827 1.985827 -0.735827
2.026772 -0.735827 2.026772 -0.735827
2.067717 -0.735827 2.067717 -0.735827
2.108661 -0.735827 2.108661 -0.735827
2.149606 -0.735827 2.149606 -0.735827
2.190551 -0.735827 2.190551 -0.735827
2.231496 -0.735827 2.231496 -0.735827
2.272441 -0.735827 2.272441 -0.735827
2.313386 -0.735827 2.313386 -0.735827
2.354331 -0.735827 2.354331 -0.735827
2.395276 -0.735827 2.395276 -0.735827
2.436220 -0.735827 2.436220 -0.735827
2.477165 -0.735827 2.477165 -0.735827
2.518110 -0.735827 2.518110 -0.735827
2.559055 -0.735827 2.559055 -0.735827
2.600000 -0.735827 2.600000 -0.735827
-2.600000 -0.719291 -2.600000 -0.719291
-2.559055 -0.719291 -2.559055 -0.719291
-2.518110 -0.719291 -2.518110 -0.719291
-2.477165 -0.719291 -2.477165 -0.719291
-2.436220 -0.719291 -2.436220 -0.719291
-2.395276 -0.719291 -2.395276 -0.719291
-2.354331 -0.719291 -2.354331 -0.719291
-2.313386 -0.719291 -2.313386 -0.719291
-2.272441 -0.719291 -2.272441 -0.719291
-2.231496 -0.719291 -2.231496 -0.719291
-2.190551 -0.719291 -2.190551 -0.719291
-2.149606 -0.719291 -2.149606 -0.719291
-2.108661 -0.719291 -2.108661 -0.719291
-2.067717 -0.719291 -2.067717 -0.719291
-2.026772 -0.719291 -2.026772 -0.719291
-1.985827 -0.719291 -1.985827 -0.719291
-1.944882 -0.719291 -1.944882 -0.719291
-1.903937 -0.719291 -1.903937 -0.719291
-1.862992 -0.719291 -1.862992 -0.719291
-1.822047 -0.719291 -1.822047 -0.719291
-1.781102 -0.719291 -1.781102 -0.719291
-1.740157 -0.719291 -1.740157 -0.719291
-1.699213 -0.719291 -1.699213 -0.719291
-1.658268 -0.719291 -1.658268 -0.719291
-1.617323 -0.719291 -1.617323 -0.719291
-1.576378 -0.719291 -1.576378 -0.719291
-1.535433 -0.719291 -1.535433 -0.719291
-1.494488 -0.719291 -1.494488 -0.719291
-1.453543 -0.719291 -1.453543 -0.719291
-1.412598 -0.719291 -1.412598 -0.719291
-1.371654 -0.719291 -1.371654 -0.719291
-1.330709 -0.719291 -1.330709 -0.719291
-1.289764 -0.719291 -1.289764 -0.719291
-1.248819 -0.719291 -1.248819 -0.719291
-1.207874 -0.719291 -1.207874 -0.719291
-1.166929 -0.719291 -1.166929 -0.719291
-1.125984 -0.719291 -1.125984 -0.719291
-1.085039 -0.719291 -1.085039 -0.719291
-1.044094 -0.719291 -1.044094 -0.719291
-1.003150 -0.719291 -1.003150 -0.719291
-0.962205 -0.719291 -0.962205 -0.719291
-0.921260 -0.719291 -0.921260 -0.719291
-0.880315 -0.719291 -0.880315 -0.719291
-0.839370 -0.719291 -0.839370 -0.719291
-0.798425 -0.719291 -0.798425 -0.719291
-0.757480 -0.719291 -0.757480 -0.719291
-0.716535 -0.719291 -0.716535 -0.719291
-0.675591 -0.719291 -0.675591 -0.719291
-0.634646 -0.719291 -0.634646 -0.719291
-0.593701 -0.719291 -0.593701 -0.719291
-0.552756 -0.719291 -0.552756 -0.719291
-0.511811 -0.719291 -0.511811 -0.719291
-0.470866 -0.719291 -0.470866 -0.719291
-0.429921 -0.719291 -0.429921 -0.719291
-0.388976 -0.719291 -0.388976 -0.719291
-0.348031 -0.719291 -0.348031 -0.719291
-0.307087 -0.719291 -0.307087 -0.719291
-0.266142 -0.719291 -0.266142 -0.719291
-0.225197 -0.719291 -0.225197 -0.719291
-0.184252 -0.719291 -0.184252 -0.719291
-0.143307 -0.719291 -0.143307 -0.719291
-0.102362 -0.719291 -0.102362 -0.719291
-0.061417 -0.719291 -0.061417 -0.719291
-0.020472 -0.719291 -0.020472 -0.719291
0.020472 -0.719291 0.020472 -0.719291
0.061417 -0.719291 0.061417 -0.719291
0.102362 -0.719291 0.102362 -0.719291
0.143307 -0.719291 0.143307 -0.719291
0.184252 -0.719291 0.184252 -0.719291
0.225197 -0.719291 0.225197 -0.719291
0.266142 -0.719291 0.266142 -0.719291
0.307087 -0.719291 0.307087 -0.719291
0.348031 -0.719291 0.348031 -0.719291
0.388976 -0.719291 0.388976 -0.719291
0.429921 -0.719291 0.429921 -0.719291
0.470866 -0.719291 0.470866 -0.719291
0.511811 -0.719291 0.511811 -0.719291
0.552756 -0.719291 0.552756 -0.719291
0.593701 -0.719291 0.593701 -0.719291
0.634646 -0.719291 0.634646 -0.719291
0.675591 -0.719291 0.675591 -0.719291
0.716535 -0.719291 0.716535 -0.719291
0.757480 -0.719291 0.757480 -0.719291
0.798425 -0.719291 0.798425 -0.719291
0.839370 -0.719291 0.839370 -0.719291
0.880315 -0.719291 0.880315 -0.719291
0.921260 -0.719291 0.921260 -0.719291
0.962205 -0.719291 0.962205 -0.719291
1.003150 -0.719291 1.003150 -0.719291
1.044094 -0.719291 1.044094 -0.719291
1.085039 -0.719291 1.085039 -0.719291
1.125984 -0.719291 1.125984 -0.719291
1.166929 -0.719291 1.166929 -0.719291
1.207874 -0.719291 1.207874 -0.719291
1.248819 -0.719291 1.248819 -0.719291
1.289764 -0.719291 1.289764 -0.719291
1.330709 -0.719291 1.330709 -0.719291
1.371654 -0.719291 1.371654 -0.719291
1.412598 -0.719291 1.412598 -0.719291
1.453543 -0.719291 1.453543 -0.719291
1.494488 -0.719291 1.494488 -0.719291
1.535433 -0.719291 1.535433 -0.719291
1.576378 -0.719291 1.576378 -0.719291
1.617323 -0.719291 1.617323 -0.719291
1.658268 -0.719291 1.658268 -0.719291
1.699213 -0.719291 1.699213 -0.719291
1.740157 -0.719291 1.740157 -0.719291
1.781102 -0.719291 1.781102 -0.719291
1.822047 -0.719291 1.822047 -0.719291
1.862992 -0.719291 1.862992 -0.719291
1.903937 -0.719291 1.903937 -0.719291
1.944882 -0.719291 1.944882 -0.719291
1.985827 -0.719291 1.985827 -0.719291
2.026772 -0.719291 2.026772 -0.719291
2.067717 -0.719291 2.067717 -0.719291
2.108661 -0.719291 2.108661 -0.719291
2.149606 -0.719291 2.149606 -0.719291
2.190551 -0.719291 2.190551 -0.719291
2.231496 -0.719291 2.231496 -0.719291
2.272441 -0.719291 2.272441 -0.719291
2.313386 -0.719291 2.313386 -0.719291
2.354331 -0.719291 2.354331 -0.719291
2.395276 -0.719291 2.395276 -0.719291
2.436220 -0.719291 2.436220 -0.719291
2.477165 -0.719291 2.477165 -0.719291
2.518110 -0.719291 2.518110 -0.719291
2.559055 -0.719291 2.559055 -0.719291
2.600000 -0.719291 2.600000 -0.719291
-2.600000 -0.702756 -2.600000 -0.702756
-2.559055 -0.702756 -2.559055 -0.702756
-2.518110 -0.702756 -2.518110 -0.702756
-2.477165 -0.702756 -2.477165 -0.702756
-2.436220 -0.702756 -2.436220 -0.702756
-2.395276 -0.702756 -2.395276 -0.702756
-2.354331 -0.702756 -2.354331 -0.702756
-2.313386 -0.702756 -2.313386 -0.702756
-2.272441 -0.702756 -2.272441 -0.702756
-2.231496 -0.702756 -2.231496 -0.702756
-2.190551 -0.702756 -2.190551 -0.702756
-2.149606 -0.702756 -2.149606 -0.702756
-2.108661 -0.702756 -2.108661 -0.702756
-2.067717 -0.702756 -2.067717 -0.702756
-2.026772 -0.702756 -2.026772 -0.702756
-1.985827 -0.702756 -1.985827 -0.702756
-1.944882 -0.702756 -1.944882 -0.702756
-1.903937 -0.702756 -1.903937 -0.702756
-1.862992 -0.702756 -1.862992 -0.702756
-1.822047 -0.702756 -1.822047 -0.702756
-1.781102 -0.702756 -1.781102 -0.702756
-1.740157 -0.702756 -1.740157 -0.702756
-1.699213 -0.702756 -1.699213 -0.702756
-1.658268 -0.702756 -1.658268 -0.702756
-1.617323 -0.702756 -1.617323 -0.702756
-1.576378 -0.702756 -1.576378 -0.702756
-1.535433 -0.702756 -1.535433 -0.702756
-1.494488 -0.702756 -1.494488 -0.702756
-1.453543 -0.702756 -1.453543 -0.702756
-1.412598 -0.702756 -1.412598 -0.702756
-1.371654 -0.702756 -1.371654 -0.702756
-1.330709 -0.702756 -1.330709 -0.702756
-1.289764 -0.702756 -1.289764 -0.702756
-1.248819 -0.702756 -1.248819 -0.702756
-1.207874 -0.702756 -1.207874 -0.702756
-1.166929 -0.702756 -1.166929 -0.702756
-1.125984 -0.702756 -1.125984 -0.702756
-1.085039 -0.702756 -1.085039 -0.702756
-1.044094 -0.702756 -1.044094 -0.702756
-1.003150 -0.702756 -1.003150 -0.702756
-0.962205 -0.702756 -0.962205 -0.702756
-0.921260 -0.702756 -0.921260 -0.702756
-0.880315 -0.702756 -0.880315 -0.702756
-0.839370 -0.702756 -0.839370 -0.702756
-0.798425 -0.702756 -0.798425 -0.702756
-0.757480 -0.702756 -0.757480 -0.702756
-0.716535 -0.702756 -0.716535 -0.702756
-0.675591 -0.702756 -0.675591 -0.702756
-0.634646 -0.702756 -0.634646 -0.702756
-0.593701 -0.702756 -0.593701 -0.702756
-0.552756 -0.702756 -0.552756 -0.702756
-0.511811 -0.702756 -0.511811 -0.702756
-0.470866 -0.702756 -0.470866 -0.702756
-0.429921 -0.702756 -0.429921 -0.702756
-0.388976 -0.702756 -0.388976 -0.702756
-0.348031 -0.702756 -0.348031 -0.702756
-0.307087 -0.702756 -0.307087 -0.702756
-0.266142 -0.702756 -0.266142 -0.702756
-0.225197 -0.702756 -0.225197 -0.702756
-0.184252 -0.702756 -0.184252 -0.702756
-0.143307 -0.702756 -0.143307 -0.702756
-0.102362 -0.702756 -0.102362 -0.702756
-0.061417 -0.702756 -0.061417 -0.702756
-0.020472 -0.702756 -0.020472 -0.702756
0.020472 -0.702756 0.020472 -0.702756
0.061417 -0.702756 0.061417 -0.702756
0.102362 -0.702756 0.102362 -0.702756
0.143307 -0.702756 0.143307 -0.702756
0.184252 -0.702756 0.184252 -0.702756
0.225197 -0.702756 0.225197 -0.702756
0.266142 -0.702756 0.266142 -0.702756
0.307087 -0.702756 0.307087 -0.702756
0.348031 -0.702756 0.348031 -0.702756
0.388976 -0.702756 0.388976 -0.702756
0.429921 -0.702756 0.429921 -0.702756
0.470866 -0.702756 0.470866 -0.702756
0.511811 -0.702756 0.511811 -0.702756
0.552756 -0.702756 0.552756 -0.702756
0.593701 -0.702756 0.593701 -0.702756
0.634646 -0.702756 0.634646 -0.702756
0.675591 -0.702756 0.675591 -0.702756
0.716535 -0.702756 0.716535 -0.702756
0.757480 -0.702756 0.757480 -0.702756
0.798425 -0.702756 0.798425 -0.702756
0.839370 -0.702756 0.839370 -0.702756
0.880315 -0.702756 0.880315 -0.702756
0.921260 -0.702756 0.921260 -0.702756
0.962205 -0.702756 0.962205 -0.702756
1.003150 -0.702756 1.003150 -0.702756
1.044094 -0.702756 1.044094 -0.702756
1.085039 -0.702756 1.085039 -0.702756
1.125984 -0.702756 1.125984 -0.702756
1.166929 -0.702756 1.166929 -0.702756
1.207874 -0.702756 1.207874 -0.702756
1.248819 -0.702756 1.248819 -0.702756
1.289764 -0.702756 1.289764 -0.702756
1.330709 -0.702756 1.330709 -0.702756
1.371654 -0.702756 1.371654 -0.702756
1.412598 -0.702756 1.412598 -0.702756
1.453543 -0.702756 1.453543 -0.702756
1.494488 -0.702756 1.494488 -0.702756
1.535433 -0.702756 1.535433 -0.702756
1.576378 -0.702756 1.576378 -0.702756
1.617323 -0.702756 1.617323 -0.702756
1.658268 -0.702756 1.658268 -0.702756
1.699213 -0.702756 1.699213 -0.702756
1.740157 -0.702756 1.740157 -0.702756
1.781102 -0.702756 1.781102 -0.702756
1.822047 -0.702756 1.822047 -0.702756
1.862992 -0.702756 1.862992 -0.702756
1.903937 -0.702756 1.903937 -0.702756
1.944882 -0.702756 1.944882 -0.702756
1.985827 -0.702756 1.985827 -0.702756
2.026772 -0.702756 2.026772 -0.702756
2.067717 -0.702756 2.067717 -0.702756
2.108661 -0.702756 2.108661 -0.702756
2.149606 -0.702756 2.149606 -0.702756
2.190551 -0.702756 2.190551 -0.702756
2.231496 -0.702756 2.231496 -0.702756
2.272441 -0.702756 2.272441 -0.702756
2.313386 -0.702756 2.313386 -0.702756
2.354331 -0.702756 2.354331 -0.702756
2.395276 -0.702756 2.395276 -0.702756
2.436220 -0.702756 2.436220 -0.702756
2.477165 -0.702756 2.477165 -0.702756
2.518110 -0.702756 2.518110 -0.702756
2.559055 -0.702756 2.559055 -0.702756
2.600000 -0.702756 2.600000 -0.702756
-2.600000 -0.686220 -2.600000 -0.686220
-2.559055 -0.686220 -2.559055 -0.686220
-2.518110 -0.686220 -2.518110 -0.686220
-2.477165 -0.686220 -2.477165 -0.686220
-2.436220 -0.686220 -2.436220 -0.686220
-2.395276 -0.686220 -2.395276 -0.686220
-2.354331 -0.686220 -2.354331 -0.686220
-2.313386 -0.686220 -2.313386 -0.686220
-2.272441 -0.686220 -2.272441 -0.686220
-2.231496 -0.686220 -2.231496 -0.686220
-2.190551 -0.686220 -2.190551 -0.686220
-2.149606 -0.686220 -2.149606 -0.686220
-2.108661 -0.686220 -2.108661 -0.686220
-2.067717 -0.686220 -2.067717 -0.686220
-2.026772 -0.686220 -2.026772 -0.686220
-1.985827 -0.686220 -1.985827 -0.686220
-1.944882 -0.686220 -1.944882 -0.686220
-1.903937 -0.686220 -1.903937 -0.686220
-1.862992 -0.686220 -1.862992 -0.686220
-1.822047 -0.686220 -1.822047 -0.686220
-1.781102 -0.686220 -1.781102 -0.686220
-1.740157 -0.686220 -1.740157 -0.686220
-1.699213 -0.686220 -1.699213 -0.686220
-1.658268 -0.686220 -1.658268 -0.686220
-1.617323 -0.686220 -1.617323 -0.686220
-1.576378 -0.686220 -1.576378 -0.686220
-1.535433 -0.686220 -1.535433 -0.686220
-1.494488 -0.686220 -1.494488 -0.686220
-1.453543 -0.686220 -1.453543 -0.686220
-1.412598 -0.686220 -1.412598 -0.686220
-1.371654 -0.686220 -1.371654 -0.686220
-1.330709 -0.686220 -1.330709 -0.686220
-1.289764 -0.686220 -1.289764 -0.686220
-1.248819 -0.686220 -1.248819 -0.686220
-1.207874 -0.686220 -1.207874 -0.686220
-1.166929 -0.686220 -1.166929 -0.686220
-1.125984 -0.686220 -1.125984 -0.686220
-1.085039 -0.686220 -1.085039 -0.686220
-1.044094 -0.686220 -1.044094 -0.686220
-1.003150 -0.686220 -1.003150 -0.686220
-0.962205 -0.686220 -0.962205 -0.686220
-0.921260 -0.686220 -0.921260 -0.686220
-0.880315 -0.686220 -0.880315 -0.686220
-0.839370 -0.686220 -0.839370 -0.686220
-0.798425 -0.686220 -0.798425 -0.686220
-0.757480 -0.686220 -0.757480 -0.686220
-0.716535 -0.686220 -0.716535 -0.686220
-0.675591 -0.686220 -0.675591 -0.686220
-0.634646 -0.686220 -0.634646 -0.686220
-0.593701 -0.686220 -0.593701 -0.686220
-0.552756 -0.686220 -0.552756 -0.686220
-0.511811 -0.686220 -0.511811 -0.686220
-0.470866 -0.686220 -0.470866 -0.686220
-0.429921 -0.686220 -0.429921 -0.686220
-0.388976 -0.686220 -0.388976 -0.686220
-0.348031 -0.686220 -0.348031 -0.686220
-0.307087 -0.686220 -0.307087 -0.686220
-0.266142 -0.686220 -0.266142 -0.686220
-0.225197 -0.686220 -0.225197 -0.686220
-0.184252 -0.686220 -0.184252 -0.686220
-0.143307 -0.686220 -0.143307 -0.686220
-0.102362 -0.686220 -0.102362 -0.686220
-0.061417 -0.686220 -0.061417 -0.686220
-0.020472 -0.686220 -0.020472 -0.686220
0.020472 -0.686220 0.020472 -0.686220
0.061417 -0.686220 0.061417 -0.686220
0.102362 -0.686220 0.102362 -0.686220
0.143307 -0.686220 0.143307 -0.686220
0.184252 -0.686220 0.184252 -0.686220
0.225197 -0.686220 0.225197 -0.686220
0.266142 -0.686220 0.266142 -0.686220
0.307087 -0.686220 0.307087 -0.686220
0.348031 -0.686220 0.348031 -0.686220
0.388976 -0.686220 0.388976 -0.686220
0.429921 -0.686220 0.429921 -0.686220
0.470866 -0.686220 0.470866 -0.686220
0.511811 -0.686220 0.511811 -0.686220
0.552756 -0.686220 0.552756 -0.686220
0.593701 -0.686220 0.593701 -0.686220
0.634646 -0.686220 0.634646 -0.686220
0.675591 -0.686220 0.675591 -0.686220
0.716535 -0.686220 0.716535 -0.686220
0.757480 -0.686220 0.757480 -0.686220
0.798425 -0.686220 0.798425 -0.686220
0.839370 -0.686220 0.839370 -0.686220
0.880315 -0.686220 0.880315 -0.686220
0.921260 -0.686220 0.921260 -0.686220
0.962205 -0.686220 0.962205 -0.686220
1.003150 -0.686220 1.003150 -0.686220
1.044094 -0.686220 1.044094 -0.686220
1.085039 -0.686220 1.085039 -0.686220
1.125984 -0.686220 1.125984 -0.686220
1.166929 -0.686220 1.166929 -0.686220
1.207874 -0.686220 1.207874 -0.686220
1.248819 -0.686220 1.248819 -0.686220
1.289764 -0.686220 1.289764 -0.686220
1.330709 -0.686220 1.330709 -0.686220
1.371654 -0.686220 1.371654 -0.686220
1.412598 -0.686220 1.412598 -0.686220
1.453543 -0.686220 1.453543 -0.686220
1.494488 -0.686220 1.494488 -0.686220
1.535433 -0.686220 1.535433 -0.686220
1.576378 -0.686220 1.576378 -0.686220
1.617323 -0.686220 1.617323 -0.686220
1.658268 -0.686220 1.658268 -0.686220
1.699213 -0.686220 1.699213 -0.686220
1.740157 -0.686220 1.740157 -0.686220
1.781102 -0.686220 1.781102 -0.686220
1.822047 -0.686220 1.822047 -0.686220
1.862992 -0.686220 1.862992 -0.686220
1.903937 -0.686220 1.903937 -0.686220
1.944882 -0.686220 1.944882 -0.686220
1.985827 -0.686220 1.985827 -0.686220
2.026772 -0.686220 2.026772 -0.686220
2.067717 -0.686220 2.067717 -0.686220
2.108661 -0.686220 2.108661 -0.686220
2.149606 -0.686220 2.149606 -0.686220
2.190551 -0.686220 2.190551 -0.686220
2.231496 -0.686220 2.231496 -0.686220
2.272441 -0.686220 2.272441 -0.686220
2.313386 -0.686220 2.313386 -0.686220
2.354331 -0.686220 2.354331 -0.686220
2.395276 -0.686220 2.395276 -0.686220
2.436220 -0.686220 2.436220 -0.686220
2.477165 -0.686220 2.477165 -0.686220
2.518110 -0.686220 2.518110 -0.686220
2.559055 -0.686220 2.559055 -0.686220
2.600000 -0.686220 2.600000 -0.686220
-2.600000 -0.669685 -2.600000 -0.669685
-2.559055 -0.669685 -2.559055 -0.669685
-2.518110 -0.669685 -2.518110 -0.669685
-2.477165 -0.669685 -2.477165 -0.669685
-2.436220 -0.669685 -2.436220 -0.669685
-2.395276 -0.669685 -2.395276 -0.669685
-2.354331 -0.669685 -2.354331 -0.669685
-2.313386 -0.669685 -2.313386 -0.669685
-2.272441 -0.669685 -2.272441 -0.669685
-2.231496 -0.669685 -2.231496 -0.669685
-2.190551 -0.669685 -2.190551 -0.669685
-2.149606 -0.669685 -2.149606 -0.669685
-2.108661 -0.669685 -2.108661 -0.669685
-2.067717 -0.669685 -2.067717 -0.669685
-2.026772 -0.669685 -2.026772 -0.669685
-1.985827 -0.669685 -1.985827 -0.669685
-1.944882 -0.669685 -1.944882 -0.669685
-1.903937 -0.669685 -1.903937 -0.669685
-1.862992 -0.669685 -1.862992 -0.669685
-1.822047 -0.669685 -1.822047 -0.669685
-1.781102 -0.669685 -1.781102 -0.669685
-1.740157 -0.669685 -1.740157 -0.669685
-1.699213 -0.669685 -1.699213 -0.669685
-1.658268 -0.669685 -1.658268 -0.669685
-1.617323 -0.669685 -1.617323 -0.669685
-1.576378 -0.669685 -1.576378 -0.669685
-1.535433 -0.669685 -1.535433 -0.669685
-1.494488 -0.669685 -1.494488 -0.669685
-1.453543 -0.669685 -1.453543 -0.669685
-1.412598 -0.669685 -1.412598 -0.669685
-1.371654 -0.669685 -1.371654 -0.669685
-1.330709 -0.669685 -1.330709 -0.669685
-1.289764 -0.669685 -1.289764 -0.669685
-1.248819 -0.669685 -1.248819 -0.669685
-1.207874 -0.669685 -1.207874 -0.669685
-1.166929 -0.669685 -1.166929 -0.669685
-1.125984 -0.669685 -1.125984 -0.669685
-1.085039 -0.669685 -1.085039 -0.669685
-1.044094 -0.669685 -1.044094 -0.669685
-1.003150 -0.669685 -1.003150 -0.669685
-0.962205 -0.669685 -0.962205 -0.669685
-0.921260 -0.669685 -0.921260 -0.669685
-0.880315 -0.669685 -0.880315 -0.669685
-0.839370 -0.669685 -0.839370 -0.669685
-0.798425 -0.669685 -0.798425 -0.669685
-0.757480 -0.669685 -0.757480 -0.669685
-0.716535 -0.669685 -0.716535 -0.669685
-0.675591 -0.669685 -0.675591 -0.669685
-0.634646 -0.669685 -0.634646 -0.669685
-0.593701 -0.669685 -0.593701 -0.669685
-0.552756 -0.669685 -0.552756 -0.669685
-0.511811 -0.669685 -0.511811 -0.669685
-0.470866 -0.669685 -0.470866 -0.669685
-0.429921 -0.669685 -0.429921 -0.669685
-0.388976 -0.669685 -0.388976 -0.669685
-0.348031 -0.669685 -0.348031 -0.669685
-0.307087 -0.669685 -0.307087 -0.669685
-0.266142 -0.669685 -0.266142 -0.669685
-0.225197 -0.669685 -0.225197 -0.669685
-0.184252 -0.669685 -0.184252 -0.669685
-0.143307 -0.669685 -0.143307 -0.669685
-0.102362 -0.669685 -0.102362 -0.669685
-0.061417 -0.669685 -0.061417 -0.669685
-0.020472 -0.669685 -0.020472 -0.669685
0.020472 -0.669685 0.020472 -0.669685
0.061417 -0.669685 0.061417 -0.669685
0.102362 -0.669685 0.102362 -0.669685
0.143307 -0.669685 0.143307 -0.669685
0.184252 -0.669685 0.184252 -0.669685
0.225197 -0.669685 0.225197 -0.669685
0.266142 -0.669685 0.266142 -0.669685
0.307087 -0.669685 0.307087 -0.669685
0.348031 -0.669685 0.348031 -0.669685
0.388976 -0.669685 0.388976 -0.669685
0.429921 -0.669685 0.429921 -0.669685
0.470866 -0.669685 0.470866 -0.669685
0.511811 -0.669685 0.511811 -0.669685
0.552756 -0.669685 0.552756 -0.669685
0.593701 -0.669685 0.593701 -0.669685
0.634646 -0.669685 0.634646 -0.669685
0.675591 -0.669685 0.675591 -0.669685
0.716535 -0.669685 0.716535 -0.669685
0.757480 -0.669685 0.757480 -0.669685
0.798425 -0.669685 0.798425 -0.669685
0.839370 -0.669685 0.839370 -0.669685
0.880315 -0.669685 0.880315 -0.669685
0.921260 -0.669685 0.921260 -0.669685
0.962205 -0.669685 0.962205 -0.669685
1.003150 -0.669685 1.003150 -0.669685
1.044094 -0.669685 1.044094 -0.669685
1.085039 -0.669685 1.085039 -0.669685
1.125984 -0.669685 1.125984 -0.669685
1.166929 -0.669685 1.166929 -0.669685
1.207874 -0.669685 1.207874 -0.669685
1.248819 -0.669685 1.248819 -0.669685
1.289764 -0.669685 1.289764 -0.669685
1.330709 -0.669685 1.330709 -0.669685
1.371654 -0.669685 1.371654 -0.669685
1.412598 -0.669685 1.412598 -0.669685
1.453543 -0.669685 1.453543 -0.669685
1.494488 -0.669685 1.494488 -0.669685
1.535433 -0.669685 1.535433 -0.669685
1.576378 -0.669685 1.576378 -0.669685
1.617323 -0.669685 1.617323 -0.669685
1.658268 -0.669685 1.658268 -0.669685
1.699213 -0.669685 1.699213 -0.669685
1.740157 -0.669685 1.740157 -0.669685
1.781102 -0.669685 1.781102 -0.669685
1.822047 -0.669685 1.822047 -0.669685
1.862992 -0.669685 1.862992 -0.669685
1.903937 -0.669685 1.903937 -0.669685
1.944882 -0.669685 1.944882 -0.669685
1.985827 -0.669685 1.985827 -0.669685
2.026772 -0.669685 2.026772 -0.669685
2.067717 -0.669685 2.067717 -0.669685
2.108661 -0.669685 2.108661 -0.669685
2.149606 -0.669685 2.149606 -0.669685
2.190551 -0.669685 2.190551 -0.669685
2.231496 -0.669685 2.231496 -0.669685
2.272441 -0.669685 2.272441 -0.669685
2.313386 -0.669685 2.313386 -0.669685
2.354331 -0.669685 2.354331 -0.669685
2.395276 -0.669685 2.395276 -0.669685
2.436220 -0.669685 2.436220 -0.669685
2.477165 -0.669685 2.477165 -0.669685
2.518110 -0.669685 2.518110 -0.669685
2.559055 -0.669685 2.559055 -0.669685
2.600000 -0.669685 2.600000 -0.669685
-2.600000 -0.653150 -2.600000 -0.653150
-2.559055 -0.653150 -2.559055 -0.653150
-2.518110 -0.653150 -2.518110 -0.653150
-2.477165 -0.653150 -2.477165 -0.653150
-2.436220 -0.653150 -2.436220 -0.653150
-2.395276 -0.653150 -2.395276 -0.653150
-2.354331 -0.653150 -2.354331 -0.653150
-2.313386 -0.653150 -2.313386 -0.653150
-2.272441 -0.653150 -2.272441 -0.653150
-2.231496 -0.653150 -2.231496 -0.653150
-2.190551 -0.653150 -2.190551 -0.653150
-2.149606 -0.653150 -2.149606 -0.653150
-2.108661 -0.653150 -2.108661 -0.653150
-2.067717 -0.653150 -2.067717 -0.653150
-2.026772 -0.653150 -2.026772 -0.653150
-1.985827 -0.653150 -1.985827 -0.653150
-1.944882 -0.653150 -1.944882 -0.653150
-1.903937 -0.653150 -1.903937 -0.653150
-1.862992 -0.653150 -1.862992 -0.653150
-1.822047 -0.653150 -1.822047 -0.653150
-1.781102 -0.653150 -1.781102 -0.653150
-1.740157 -0.653150 -1.740157 -0.653150
-1.699213 -0.653150 -1.699213 -0.653150
-1.658268 -0.653150 -1.658268 -0.653150
-1.617323 -0.653150 -1.617323 -0.653150
-1.576378 -0.653150 -1.576378 -0.653150
-1.535433 -0.653150 -1.535433 -0.653150
-1.494488 -0.653150 -1.494488 -0.653150
-1.453543 -0.653150 -1.453543 -0.653150
-1.412598 -0.653150 -1.412598 -0.653150
-1.371654 -0.653150 -1.371654 -0.653150
-1.330709 -0.653150 -1.330709 -0.653150
-1.289764 -0.653150 -1.289764 -0.653150
-1.248819 -0.653150 -1.248819 -0.653150
-1.207874 -0.653150 -1.207874 -0.653150
-1.166929 -0.653150 -1.166929 -0.653150
-1.125984 -0.653150 -1.125984 -0.653150
-1.085039 -0.653150 -1.085039 -0.653150
-1.044094 -0.653150 -1.044094 -0.653150
-1.003150 -0.653150 -1.003150 -0.653150
-0.962205 -0.653150 -0.962205 -0.653150
-0.921260 -0.653150 -0.921260 -0.653150
-0.880315 -0.653150 -0.880315 -0.653150
-0.839370 -0.653150 -0.839370 -0.653150
-0.798425 -0.653150 -0.798425 -0.653150
-0.757480 -0.653150 -0.757480 -0.653150
-0.716535 -0.653150 -0.716535 -0.653150
-0.675591 -0.653150 -0.675591 -0.653150
-0.634646 -0.653150 -0.634646 -0.653150
-0.593701 -0.653150 -0.593701 -0.653150
-0.552756 -0.653150 -0.552756 -0.653150
-0.511811 -0.653150 -0.511811 -0.653150
-0.470866 -0.653150 -0.470866 -0.653150
-0.429921 -0.653150 -0.429921 -0.653150
-0.388976 -0.653150 -0.388976 -0.653150
-0.348031 -0.653150 -0.348031 -0.653150
-0.307087 -0.653150 -0.307087 -0.653150
-0.266142 -0.653150 -0.266142 -0.653150
-0.225197 -0.653150 -0.225197 -0.653150
-0.184252 -0.653150 -0.184252 -0.653150
-0.143307 -0.653150 -0.143307 -0.653150
-0.102362 -0.653150 -0.102362 -0.653150
-0.061417 -0.653150 -0.061417 -0.653150
-0.020472 -0.653150 -0.020472 -0.653150
0.020472 -0.653150 0.020472 -0.653150
0.061417 -0.653150 0.061417 -0.653150
0.102362 -0.653150 0.102362 -0.653150
0.143307 -0.653150 0.143307 -0.653150
0.184252 -0.653150 0.184252 -0.653150
0.225197 -0.653150 0.225197 -0.653150
0.266142 -0.653150 0.266142 -0.653150
0.307087 -0.653150 0.307087 -0.653150
0.348031 -0.653150 0.348031 -0.653150
0.388976 -0.653150 0.388976 -0.653150
0.429921 -0.653150 0.429921 -0.653150
0.470866 -0.653150 0.470866 -0.653150
0.511811 -0.653150 0.511811 -0.653150
0.552756 -0.653150 0.552756 -0.653150
0.593701 -0.653150 0.593701 -0.653150
0.634646 -0.653150 0.634646 -0.653150
0.675591 -0.653150 0.675591 -0.653150
0.716535 -0.653150 0.716535 -0.653150
0.757480 -0.653150 0.757480 -0.653150
0.798425 -0.653150 0.798425 -0.653150
0.839370 -0.653150 0.839370 -0.653150
0.880315 -0.653150 0.880315 -0.653150
0.921260 -0.653150 0.921260 -0.653150
0.962205 -0.653150 0.962205 -0.653150
1.003150 -0.653150 1.003150 -0.653150
1.044094 -0.653150 1.044094 -0.653150
1.085039 -0.653150 1.085039 -0.653150
1.125984 -0.653150 1.125984 -0.653150
1.166929 -0.653150 1.166929 -0.653150
1.207874 -0.653150 1.207874 -0.653150
1.248819 -0.653150 1.248819 -0.653150
1.289764 -0.653150 1.289764 -0.653150
1.330709 -0.653150 1.330709 -0.653150
1.371654 -0.653150 1.371654 -0.653150
1.412598 -0.653150 1.412598 -0.653150
1.453543 -0.653150 1.453543 -0.653150
1.494488 -0.653150 1.494488 -0.653150
1.535433 -0.653150 1.535433 -0.653150
1.576378 -0.653150 1.576378 -0.653150
1.617323 -0.653150 1.617323 -0.653150
1.658268 -0.653150 1.658268 -0.653150
1.699213 -0.653150 1.699213 -0.653150
1.740157 -0.653150 1.740157 -0.653150
1.781102 -0.653150 1.781102 -0.653150
1.822047 -0.653150 1.822047 -0.653150
1.862992 -0.653150 1.862992 -0.653150
1.903937 -0.653150 1.903937 -0.653150
1.944882 -0.653150 1.944882 -0.653150
1.985827 -0.653150 1.985827 -0.653150
2.026772 -0.653150 2.026772 -0.653150
2.067717 -0.653150 2.067717 -0.653150
2.108661 -0.653150 2.108661 -0.653150
2.149606 -0.653150 2.149606 -0.653150
2.190551 -0.653150 2.190551 -0.653150
2.231496 -0.653150 2.231496 -0.653150
2.272441 -0.653150 2.272441 -0.653150
2.313386 -0.653150 2.313386 -0.653150
2.354331 -0.653150 2.354331 -0.653150
2.395276 -0.653150 2.395276 -0.653150
2.436220 -0.653150 2.436220 -0.653150
2.477165 -0.653150 2.477165 -0.653150
2.518110 -0.653150 2.518110 -0.653150
2.559055 -0.653150 2.559055 -0.653150
2.600000 -0.653150 2.600000 -0.653150
-2.600000 -0.636614 -2.600000 -0.636614
-2.559055 -0.636614 -2.559055 -0.636614
-2.518110 -0.636614 -2.518110 -0.636614
-2.477165 -0.636614 -2.477165 -0.636614
-2.436220 -0.636614 -2.436220 -0.636614
-2.395276 -0.636614 -2.395276 -0.636614
-2.354331 -0.636614 -2.354331 -0.636614
-2.313386 -0.636614 -2.313386 -0.636614
-2.272441 -0.636614 -2.272441 -0.636614
-2.231496 -0.636614 -2.231496 -0.636614
-2.190551 -0.636614 -2.190551 -0.636614
-2.149606 -0.636614 -2.149606 -0.636614
-2.108661 -0.636614 -2.108661 -0.636614
-2.067717 -0.636614 -2.067717 -0.636614
-2.026772 -0.636614 -2.026772 -0.636614
-1.985827 -0.636614 -1.985827 -0.636614
-1.944882 -0.636614 -1.944882 -0.636614
-1.903937 -0.636614 -1.903937 -0.636614
-1.862992 -0.636614 -1.862992 -0.636614
-1.822047 -0.636614 -1.822047 -0.636614
-1.781102 -0.636614 -1.781102 -0.636614
-1.740157 -0.636614 -1.740157 -0.636614
-1.699213 -0.636614 -1.699213 -0.636614
-1.658268 -0.636614 -1.658268 -0.636614
-1.617323 -0.636614 -1.617323 -0.636614
-1.576378 -0.636614 -1.576378 -0.636614
-1.535433 -0.636614 -1.535433 -0.636614
-1.494488 -0.636614 -1.494488 -0.636614
-1.453543 -0.636614 -1.453543 -0.636614
-1.412598 -0.636614 -1.412598 -0.636614
-1.371654 -0.636614 -1.371654 -0.636614
-1.330709 -0.636614 -1.330709 -0.636614
-1.289764 -0.636614 -1.289764 -0.636614
-1.248819 -0.636614 -1.248819 -0.636614
-1.207874 -0.636614 -1.207874 -0.636614
-1.166929 -0.636614 -1.166929 -0.636614
-1.125984 -0.636614 -1.125984 -0.636614
-1.085039 -0.636614 -1.085039 -0.636614
-1.044094 -0.636614 -1.044094 -0.636614
-1.003150 -0.636614 -1.003150 -0.636614
-0.962205 -0.636614 -0.962205 -0.636614
-0.921260 -0.636614 -0.921260 -0.636614
-0.880315 -0.636614 -0.880315 -0.636614
-0.839370 -0.636614 -0.839370 -0.636614
-0.798425 -0.636614 -0.798425 -0.636614
-0.757480 -0.636614 -0.757480 -0.636614
-0.716535 -0.636614 -0.716535 -0.636614
-0.675591 -0.636614 -0.675591 -0.636614
-0.634646 -0.636614 -0.634646 -0.636614
-0.593701 -0.636614 -0.593701 -0.636614
-0.552756 -0.636614 -0.552756 -0.636614
-0.511811 -0.636614 -0.511811 -0.636614
-0.470866 -0.636614 -0.470866 -0.636614
-0.429921 -0.636614 -0.429921 -0.636614
-0.388976 -0.636614 -0.388976 -0.636614
-0.348031 -0.636614 -0.348031 -0.636614
-0.307087 -0.636614 -0.307087 -0.636614
-0.266142 -0.636614 -0.266142 -0.636614
-0.225197 -0.636614 -0.225197 -0.636614
-0.184252 -0.636614 -0.184252 -0.636614
-0.143307 -0.636614 -0.143307 -0.636614
-0.102362 -0.636614 -0.102362 -0.636614
-0.061417 -0.636614 -0.061417 -0.636614
-0.020472 -0.636614 -0.020472 -0.636614
0.020472 -0.636614 0.020472 -0.636614
0.061417 -0.636614 0.061417 -0.636614
0.102362 -0.636614 0.102362 -0.636614
0.143307 -0.636614 0.143307 -0.636614
0.184252 -0.636614 0.184252 -0.636614
0.225197 -0.636614 0.225197 -0.636614
0.266142 -0.636614 0.266142 -0.636614
0.307087 -0.636614 0.307087 -0.636614
0.348031 -0.636614 0.348031 -0.636614
0.388976 -0.636614 0.388976 -0.636614
0.429921 -0.636614 0.429921 -0.636614
0.470866 -0.636614 0.470866 -0.636614
0.511811 -0.636614 0.511811 -0.636614
0.552756 -0.636614 0.552756 -0.636614
0.593701 -0.636614 0.593701 -0.636614
0.634646 -0.636614 0.634646 -0.636614
0.675591 -0.636614 0.675591 -0.636614
0.716535 -0.636614 0.716535 -0.636614
0.757480 -0.636614 0.757480 -0.636614
0.798425 -0.636614 0.798425 -0.636614
0.839370 -0.636614 0.839370 -0.636614
0.880315 -0.636614 0.880315 -0.636614
0.921260 -0.636614 0.921260 -0.636614
0.962205 -0.636614 0.962205 -0.636614
1.003150 -0.636614 1.003150 -0.636614
1.044094 -0.636614 1.044094 -0.636614
1.085039 -0.636614 1.085039 -0.636614
1.125984 -0.636614 1.125984 -0.636614
1.166929 -0.636614 1.166929 -0.636614
1.207874 -0.636614 1.207874 -0.636614
1.248819 -0.636614 1.248819 -0.636614
1.289764 -0.636614 1.289764 -0.636614
1.330709 -0.636614 1.330709 -0.636614
1.371654 -0.636614 1.371654 -0.636614
1.412598 -0.636614 1.412598 -0.636614
1.453543 -0.636614 1.453543 -0.636614
1.494488 -0.636614 1.494488 -0.636614
1.535433 -0.636614 1.535433 -0.636614
1.576378 -0.636614 1.576378 -0.636614
1.617323 -0.636614 1.617323 -0.636614
1.658268 -0.636614 1.658268 -0.636614
1.699213 -0.636614 1.699213 -0.636614
1.740157 -0.636614 1.740157 -0.636614
1.781102 -0.636614 1.781102 -0.636614
1.822047 -0.636614 1.822047 -0.636614
1.862992 -0.636614 1.862992 -0.636614
1.903937 -0.636614 1.903937 -0.636614
1.944882 -0.636614 1.944882 -0.636614
1.985827 -0.636614 1.985827 -0.636614
2.026772 -0.636614 2.026772 -0.636614
2.067717 -0.636614 2.067717 -0.636614
2.108661 -0.636614 2.108661 -0.636614
2.149606 -0.636614 2.149606 -0.636614
2.190551 -0.636614 2.190551 -0.636614
2.231496 -0.636614 2.231496 -0.636614
2.272441 -0.636614 2.272441 -0.636614
2.313386 -0.636614 2.313386 -0.636614
2.354331 -0.636614 2.354331 -0.636614
2.395276 -0.636614 2.395276 -0.636614
2.436220 -0.636614 2.436220 -0.636614
2.477165 -0.636614 2.477165 -0.636614
2.518110 -0.636614 2.518110 -0.636614
2.559055 -0.636614 2.559055 -0.636614
2.600000 -0.636614 2.600000 -0.636614
-2.600000 -0.620079 -2.600000 -0.620079
-2.559055 -0.620079 -2.559055 -0.620079
-2.518110 -0.620079 -2.518110 -0.620079
-2.477165 -0.620079 -2.477165 -0.620079
-2.436220 -0.620079 -2.436220 -0.620079
-2.395276 -0.620079 -2.395276 -0.620079
-2.354331 -0.620079 -2.354331 -0.620079
-2.313386 -0.620079 -2.313386 -0.620079
-2.272441 -0.620079 -2.272441 -0.620079
-2.231496 -0.620079 -2.231496 -0.620079
-2.190551 -0.620079 -2.190551 -0.620079
-2.149606 -0.620079 -2.149606 -0.620079
-2.108661 -0.620079 -2.108661 -0.620079
-2.067717 -0.620079 -2.067717 -0.620079
-2.026772 -0.620079 -2.026772 -0.620079
-1.985827 -0.620079 -1.985827 -0.620079
-1.944882 -0.620079 -1.944882 -0.620079
-1.903937 -0.620079 -1.903937 -0.620079
-1.862992 -0.620079 -1.862992 -0.620079
-1.822047 -0.620079 -1.822047 -0.620079
-1.781102 -0.620079 -1.781102 -0.620079
-1.740157 -0.620079 -1.740157 -0.620079
-1.699213 -0.620079 -1.699213 -0.620079
-1.658268 -0.620079 -1.658268 -0.620079
-1.617323 -0.620079 -1.617323 -0.620079
-1.576378 -0.620079 -1.576378 -0.620079
-1.535433 -0.620079 -1.535433 -0.620079
-1.494488 -0.620079 -1.494488 -0.620079
-1.453543 -0.620079 -1.453543 -0.620079
-1.412598 -0.620079 -1.412598 -0.620079
-1.371654 -0.620079 -1.371654 -0.620079
-1.330709 -0.620079 -1.330709 -0.620079
-1.289764 -0.620079 -1.289764 -0.620079
-1.248819 -0.620079 -1.248819 -0.620079
-1.207874 -0.620079 -1.207874 -0.620079
-1.166929 -0.620079 -1.166929 -0.620079
-1.125984 -0.620079 -1.125984 -0.620079
-1.085039 -0.620079 -1.085039 -0.620079
-1.044094 -0.620079 -1.044094 -0.620079
-1.003150 -0.620079 -1.003150 -0.620079
-0.962205 -0.620079 -0.962205 -0.620079
-0.921260 -0.620079 -0.921260 -0.620079
-0.880315 -0.620079 -0.880315 -0.620079
-0.839370 -0.620079 -0.839370 -0.620079
-0.798425 -0.620079 -0.798425 -0.620079
-0.757480 -0.620079 -0.757480 -0.620079
-0.716535 -0.620079 -0.716535 -0.620079
-0.675591 -0.620079 -0.675591 -0.620079
-0.634646 -0.620079 -0.634646 -0.620079
-0.593701 -0.620079 -0.593701 -0.620079
-0.552756 -0.620079 -0.552756 -0.620079
-0.511811 -0.620079 -0.511811 -0.620079
-0.470866 -0.620079 -0.470866 -0.620079
-0.429921 -0.620079 -0.429921 -0.620079
-0.388976 -0.620079 -0.388976 -0.620079
-0.348031 -0.620079 -0.348031 -0.620079
-0.307087 -0.620079 -0.307087 -0.620079
-0.266142 -0.620079 -0.266142 -0.620079
-0.225197 -0.620079 -0.225197 -0.620079
-0.184252 -0.620079 -0.184252 -0.620079
-0.143307 -0.620079 -0.143307 -0.620079
-0.102362 -0.620079 -0.102362 -0.620079
-0.061417 -0.620079 -0.061417 -0.620079
-0.020472 -0.620079 -0.020472 -0.620079
0.020472 -0.620079 0.020472 -0.620079
0.061417 -0.620079 0.061417 -0.620079
0.102362 -0.620079 0.102362 -0.620079
0.143307 -0.620079 0.143307 -0.620079
0.184252 -0.620079 0.184252 -0.620079
0.225197 -0.620079 0.225197 -0.620079
0.266142 -0.620079 0.266142 -0.620079
0.307087 -0.620079 0.307087 -0.620079
0.348031 -0.620079 0.348031 -0.620079
0.388976 -0.620079 0.388976 -0.620079
0.429921 -0.620079 0.429921 -0.620079
0.470866 -0.620079 0.470866 -0.620079
0.511811 -0.620079 0.511811 -0.620079
0.552756 -0.620079 0.552756 -0.620079
0.593701 -0.620079 0.593701 -0.620079
0.634646 -0.620079 0.634646 -0.620079
0.675591 -0.620079 0.675591 -0.620079
0.716535 -0.620079 0.716535 -0.620079
0.757480 -0.620079 0.757480 -0.620079
0.798425 -0.620079 0.798425 -0.620079
0.839370 -0.620079 0.839370 -0.620079
0.880315 -0.620079 0.880315 -0.620079
0.921260 -0.620079 0.921260 -0.620079
0.962205 -0.620079 0.962205 -0.620079
1.003150 -0.620079 1.003150 -0.620079
1.044094 -0.620079 1.044094 -0.620079
1.085039 -0.620079 1.085039 -0.620079
1.125984 -0.620079 1.125984 -0.620079
1.166929 -0.620079 1.166929 -0.620079
1.207874 -0.620079 1.207874 -0.620079
1.248819 -0.620079 1.248819 -0.620079
1.289764 -0.620079 1.289764 -0.620079
1.330709 -0.620079 1.330709 -0.620079
1.371654 -0.620079 1.371654 -0.620079
1.412598 -0.620079 1.412598 -0.620079
1.453543 -0.620079 1.453543 -0.620079
1.494488 -0.620079 1.494488 -0.620079
1.535433 -0.620079 1.535433 -0.620079
1.576378 -0.620079 1.576378 -0.620079
1.617323 -0.620079 1.617323 -0.620079
1.658268 -0.620079 1.658268 -0.620079
1.699213 -0.620079 1.699213 -0.620079
1.740157 -0.620079 1.740157 -0.620079
1.781102 -0.620079 1.781102 -0.620079
1.822047 -0.620079 1.822047 -0.620079
1.862992 -0.620079 1.862992 -0.620079
1.903937 -0.620079 1.903937 -0.620079
1.944882 -0.620079 1.944882 -0.620079
1.985827 -0.620079 1.985827 -0.620079
2.026772 -0.620079 2.026772 -0.620079
2.067717 -0.620079 2.067717 -0.620079
2.108661 -0.620079 2.108661 -0.620079
2.149606 -0.620079 2.149606 -0.620079
2.190551 -0.620079 2.190551 -0.620079
2.231496 -0.620079 2.231496 -0.620079
2.272441 -0.620079 2.272441 -0.620079
2.313386 -0.620079 2.313386 -0.620079
2.354331 -0.620079 2.354331 -0.620079
2.395276 -0.620079 2.395276 -0.620079
2.436220 -0.620079 2.436220 -0.620079
2.477165 -0.620079 2.477165 -0.620079
2.518110 -0.620079 2.518110 -0.620079
2.559055 -0.620079 2.559055 -0.620079
2.600000 -0.620079 2.600000 -0.620079
-2.600000 -0.603543 -2.600000 -0.603543
-2.559055 -0.603543 -2.559055 -0.603543
-2.518110 -0.603543 -2.518110 -0.603543
-2.477165 -0.603543 -2.477165 -0.603543
-2.436220 -0.603543 -2.436220 -0.603543
-2.395276 -0.603543 -2.395276 -0.603543
-2.354331 -0.603543 -2.354331 -0.603543
-2.313386 -0.603543 -2.313386 -0.603543
-2.272441 -0.603543 -2.272441 -0.603543
-2.231496 -0.603543 -2.231496 -0.603543
-2.190551 -0.603543 -2.190551 -0.603543
-2.149606 -0.603543 -2.149606 -0.603543
-2.108661 -0.603543 -2.108661 -0.603543
-2.067717 -0.603543 -2.067717 -0.603543
-2.026772 -0.603543 -2.026772 -0.603543
-1.985827 -0.603543 -1.985827 -0.603543
-1.944882 -0.603543 -1.944882 -0.603543
-1.903937 -0.603543 -1.903937 -0.603543
-1.862992 -0.603543 -1.862992 -0.603543
-1.822047 -0.603543 -1.822047 -0.603543
-1.781102 -0.603543 -1.781102 -0.603543
-1.740157 -0.603543 -1.740157 -0.603543
-1.699213 -0.603543 -1.699213 -0.603543
-1.658268 -0.603543 -1.658268 -0.603543
-1.617323 -0.603543 -1.617323 -0.603543
-1.576378 -0.603543 -1.576378 -0.603543
-1.535433 -0.603543 -1.535433 -0.603543
-1.494488 -0.603543 -1.494488 -0.603543
-1.453543 -0.603543 -1.453543 -0.603543
-1.412598 -0.603543 -1.412598 -0.603543
-1.371654 -0.603543 -1.371654 -0.603543
-1.330709 -0.603543 -1.330709 -0.603543
-1.289764 -0.603543 -1.289764 -0.603543
-1.248819 -0.603543 -1.248819 -0.603543
-1.207874 -0.603543 -1.207874 -0.603543
-1.166929 -0.603543 -1.166929 -0.603543
-1.125984 -0.603543 -1.125984 -0.603543
-1.085039 -0.603543 -1.085039 -0.603543
-1.044094 -0.603543 -1.044094 -0.603543
-1.003150 -0.603543 -1.003150 -0.603543
-0.962205 -0.603543 -0.962205 -0.603543
-0.921260 -0.603543 -0.921260 -0.603543
-0.880315 -0.603543 -0.880315 -0.603543
-0.839370 -0.603543 -0.839370 -0.603543
-0.798425 -0.603543 -0.798425 -0.603543
-0.757480 -0.603543 -0.757480 -0.603543
-0.716535 -0.603543 -0.716535 -0.603543
-0.675591 -0.603543 -0.675591 -0.603543
-0.634646 -0.603543 -0.634646 -0.603543
-0.593701 -0.603543 -0.593701 -0.603543
-0.552756 -0.603543 -0.552756 -0.603543
-0.511811 -0.603543 -0.511811 -0.603543
-0.470866 -0.603543 -0.470866 -0.603543
-0.429921 -0.603543 -0.429921 -0.603543
-0.388976 -0.603543 -0.388976 -0.603543
-0.348031 -0.603543 -0.348031 -0.603543
-0.307087 -0.603543 -0.307087 -0.603543
-0.266142 -0.603543 -0.266142 -0.603543
-0.225197 -0.603543 -0.225197 -0.603543
-0.184252 -0.603543 -0.184252 -0.603543
-0.143307 -0.603543 -0.143307 -0.603543
-0.102362 -0.603543 -0.102362 -0.603543
-0.061417 -0.603543 -0.061417 -0.603543
-0.020472 -0.603543 -0.020472 -0.603543
0.020472 -0.603543 0.020472 -0.603543
0.061417 -0.603543 0.061417 -0.603543
0.102362 -0.603543 0.102362 -0.603543
0.143307 -0.603543 0.143307 -0.603543
0.184252 -0.603543 0.184252 -0.603543
0.225197 -0.603543 0.225197 -0.603543
0.266142 -0.603543 0.266142 -0.603543
0.307087 -0.603543 0.307087 -0.603543
0.348031 -0.603543 0.348031 -0.603543
0.388976 -0.603543 0.388976 -0.603543
0.429921 -0.603543 0.429921 -0.603543
0.470866 -0.603543 0.470866 -0.603543
0.511811 -0.603543 0.511811 -0.603543
0.552756 -0.603543 0.552756 -0.603543
0.593701 -0.603543 0.593701 -0.603543
0.634646 -0.603543 0.634646 -0.603543
0.675591 -0.603543 0.675591 -0.603543
0.716535 -0.603543 0.716535 -0.603543
0.757480 -0.603543 0.757480 -0.603543
0.798425 -0.603543 0.798425 -0.603543
0.839370 -0.603543 0.839370 -0.603543
0.880315 -0.603543 0.880315 -0.603543
0.921260 -0.603543 0.921260 -0.603543
0.962205 -0.603543 0.962205 -0.603543
1.003150 -0.603543 1.003150 -0.603543
1.044094 -0.603543 1.044094 -0.603543
1.085039 -0.603543 1.085039 -0.603543
1.125984 -0.603543 1.125984 -0.603543
1.166929 -0.603543 1.166929 -0.603543
1.207874 -0.603543 1.207874 -0.603543
1.248819 -0.603543 1.248819 -0.603543
1.289764 -0.603543 1.289764 -0.603543
1.330709 -0.603543 1.330709 -0.603543
1.371654 -0.603543 1.371654 -0.603543
1.412598 -0.603543 1.412598 -0.603543
1.453543 -0.603543 1.453543 -0.603543
1.494488 -0.603543 1.494488 -0.603543
1.535433 -0.603543 1.535433 -0.603543
1.576378 -0.603543 1.576378 -0.603543
1.617323 -0.603543 1.617323 -0.603543
1.658268 -0.603543 1.658268 -0.603543
1.699213 -0.603543 1.699213 -0.603543
1.740157 -0.603543 1.740157 -0.603543
1.781102 -0.603543 1.781102 -0.603543
1.822047 -0.603543 1.822047 -0.603543
1.862992 -0.603543 1.862992 -0.603543
1.903937 -0.603543 1.903937 -0.603543
1.944882 -0.603543 1.944882 -0.603543
1.985827 -0.603543 1.985827 -0.603543
2.026772 -0.603543 2.026772 -0.603543
2.067717 -0.603543 2.067717 -0.603543
2.108661 -0.603543 2.108661 -0.603543
2.149606 -0.603543 2.149606 -0.603543
2.190551 -0.603543 2.190551 -0.603543
2.231496 -0.603543 2.231496 -0.603543
2.272441 -0.603543 2.272441 -0.603543
2.313386 -0.603543 2.313386 -0.603543
2.354331 -0.603543 2.354331 -0.603543
2.395276 -0.603543 2.395276 -0.603543
2.436220 -0.603543 2.436220 -0.603543
2.477165 -0.603543 2.477165 -0.603543
2.518110 -0.603543 2.518110 -0.603543
2.559055 -0.603543 2.559055 -0.603543
2.600000 -0.603543 2.600000 -0.603543
-2.600000 -0.587008 -2.600000 -0.587008
-2.559055 -0.587008 -2.559055 -0.587008
-2.518110 -0.587008 -2.518110 -0.587008
-2.477165 -0.587008 -2.477165 -0.587008
-2.436220 -0.587008 -2.436220 -0.587008
-2.395276 -0.587008 -2.395276 -0.587008
-2.354331 -0.587008 -2.354331 -0.587008
-2.313386 -0.587008 -2.313386 -0.587008
-2.272441 -0.587008 -2.272441 -0.587008
-2.231496 -0.587008 -2.231496 -0.587008
-2.190551 -0.587008 -2.190551 -0.587008
-2.149606 -0.587008 -2.149606 -0.587008
-2.108661 -0.587008 -2.108661 -0.587008
-2.067717 -0.587008 -2.067717 -0.587008
-2.026772 -0.587008 -2.026772 -0.587008
-1.985827 -0.587008 -1.985827 -0.587008
-1.944882 -0.587008 -1.944882 -0.587008
-1.903937 -0.587008 -1.903937 -0.587008
-1.862992 -0.587008 -1.862992 -0.587008
-1.822047 -0.587008 -1.822047 -0.587008
-1.781102 -0.587008 -1.781102 -0.587008
-1.740157 -0.587008 -1.740157 -0.587008
-1.699213 -0.587008 -1.699213 -0.587008
-1.658268 -0.587008 -1.658268 -0.587008
-1.617323 -0.587008 -1.617323 -0.587008
-1.576378 -0.587008 -1.576378 -0.587008
-1.535433 -0.587008 -1.535433 -0.587008
-1.494488 -0.587008 -1.494488 -0.587008
-1.453543 -0.587008 -1.453543 -0.587008
-1.412598 -0.587008 -1.412598 -0.587008
-1.371654 -0.587008 -1.371654 -0.587008
-1.330709 -0.587008 -1.330709 -0.587008
-1.289764 -0.587008 -1.289764 -0.587008
-1.248819 -0.587008 -1.248819 -0.587008
-1.207874 -0.587008 -1.207874 -0.587008
-1.166929 -0.587008 -1.166929 -0.587008
-1.125984 -0.587008 -1.125984 -0.587008
-1.085039 -0.587008 -1.085039 -0.587008
-1.044094 -0.587008 -1.044094 -0.587008
-1.003150 -0.587008 -1.003150 -0.587008
-0.962205 -0.587008 -0.962205 -0.587008
-0.921260 -0.587008 -0.921260 -0.587008
-0.880315 -0.587008 -0.880315 -0.587008
-0.839370 -0.587008 -0.839370 -0.587008
-0.798425 -0.587008 -0.798425 -0.587008
-0.757480 -0.587008 -0.757480 -0.587008
-0.716535 -0.587008 -0.716535 -0.587008
-0.675591 -0.587008 -0.675591 -0.587008
-0.634646 -0.587008 -0.634646 -0.587008
-0.593701 -0.587008 -0.593701 -0.587008
-0.552756 -0.587008 -0.552756 -0.587008
-0.511811 -0.587008 -0.511811 -0.587008
-0.470866 -0.587008 -0.470866 -0.587008
-0.429921 -0.587008 -0.429921 -0.587008
-0.388976 -0.587008 -0.388976 -0.587008
-0.348031 -0.587008 -0.348031 -0.587008
-0.307087 -0.587008 -0.307087 -0.587008
-0.266142 -0.587008 -0.266142 -0.587008
-0.225197 -0.587008 -0.225197 -0.587008
-0.184252 -0.587008 -0.184252 -0.587008
-0.143307 -0.587008 -0.143307 -0.587008
-0.102362 -0.587008 -0.102362 -0.587008
-0.061417 -0.587008 -0.061417 -0.587008
-0.020472 -0.587008 -0.020472 -0.587008
0.020472 -0.587008 0.020472 -0.587008
0.061417 -0.587008 0.061417 -0.587008
0.102362 -0.587008 0.102362 -0.587008
0.143307 -0.587008 0.143307 -0.587008
0.184252 -0.587008 0.184252 -0.587008
0.225197 -0.587008 0.225197 -0.587008
0.266142 -0.587008 0.266142 -0.587008
0.307087 -0.587008 0.307087 -0.587008
0.348031 -0.587008 0.348031 -0.587008
0.388976 -0.587008 0.388976 -0.587008
0.429921 -0.587008 0.429921 -0.587008
0.470866 -0.587008 0.470866 -0.587008
0.511811 -0.587008 0.511811 -0.587008
0.552756 -0.587008 0.552756 -0.587008
0.593701 -0.587008 0.593701 -0.587008
0.634646 -0.587008 0.634646 -0.587008
0.675591 -0.587008 0.675591 -0.587008
0.716535 -0.587008 0.716535 -0.587008
0.757480 -0.587008 0.757480 -0.587008
0.798425 -0.587008 0.798425 -0.587008
0.839370 -0.587008 0.839370 -0.587008
0.880315 -0.587008 0.880315 -0.587008
0.921260 -0.587008 0.921260 -0.587008
0.962205 -0.587008 0.962205 -0.587008
1.003150 -0.587008 1.003150 -0.587008
1.044094 -0.587008 1.044094 -0.587008
1.085039 -0.587008 1.085039 -0.587008
1.125984 -0.587008 1.125984 -0.587008
1.166929 -0.587008 1.166929 -0.587008
1.207874 -0.587008 1.207874 -0.587008
1.248819 -0.587008 1.248819 -0.587008
1.289764 -0.587008 1.289764 -0.587008
1.330709 -0.587008 1.330709 -0.587008
1.371654 -0.587008 1.371654 -0.587008
1.412598 -0.587008 1.412598 -0.587008
1.453543 -0.587008 1.453543 -0.587008
1.494488 -0.587008 1.494488 -0.587008
1.535433 -0.587008 1.535433 -0.587008
1.576378 -0.587008 1.576378 -0.587008
1.617323 -0.587008 1.617323 -0.587008
1.658268 -0.587008 1.658268 -0.587008
1.699213 -0.587008 1.699213 -0.587008
1.740157 -0.587008 1.740157 -0.587008
1.781102 -0.587008 1.781102 -0.587008
1.822047 -0.587008 1.822047 -0.587008
1.862992 -0.587008 1.862992 -0.587008
1.903937 -0.587008 1.903937 -0.587008
1.944882 -0.587008 1.944882 -0.587008
1.985827 -0.587008 1.985827 -0.587008
2.026772 -0.587008 2.026772 -0.587008
2.067717 -0.587008 2.067717 -0.587008
2.108661 -0.587008 2.108661 -0.587008
2.149606 -0.587008 2.149606 -0.587008
2.190551 -0.587008 2.190551 -0.587008
2.231496 -0.587008 2.231496 -0.587008
2.272441 -0.587008 2.272441 -0.587008
2.313386 -0.587008 2.313386 -0.587008
2.354331 -0.587008 2.354331 -0.587008
2.395276 -0.587008 2.395276 -0.587008
2.436220 -0.587008 2.436220 -0.587008
2.477165 -0.587008 2.477165 -0.587008
2.518110 -0.587008 2.518110 -0.587008
2.559055 -0.587008 2.559055 -0.587008
2.600000 -0.587008 2.600000 -0.587008
-2.600000 -0.570472 -2.600000 -0.570472
-2.559055 -0.570472 -2.559055 -0.570472
-2.518110 -0.570472 -2.518110 -0.570472
-2.477165 -0.570472 -2.477165 -0.570472
-2.436220 -0.570472 -2.436220 -0.570472
-2.395276 -0.570472 -2.395276 -0.570472
-2.354331 -0.570472 -2.354331 -0.570472
-2.313386 -0.570472 -2.313386 -0.570472
-2.272441 -0.570472 -2.272441 -0.570472
-2.231496 -0.570472 -2.231496 -0.570472
-2.190551 -0.570472 -2.190551 -0.570472
-2.149606 -0.570472 -2.149606 -0.570472
-2.108661 -0.570472 -2.108661 -0.570472
-2.067717 -0.570472 -2.067717 -0.570472
-2.026772 -0.570472 -2.026772 -0.570472
-1.985827 -0.570472 -1.985827 -0.570472
-1.944882 -0.570472 -1.944882 -0.570472
-1.903937 -0.570472 -1.903937 -0.570472
-1.862992 -0.570472 -1.862992 -0.570472
-1.822047 -0.570472 -1.822047 -0.570472
-1.781102 -0.570472 -1.781102 -0.570472
-1.740157 -0.570472 -1.740157 -0.570472
-1.699213 -0.570472 -1.699213 -0.570472
-1.658268 -0.570472 -1.658268 -0.570472
-1.617323 -0.570472 -1.617323 -0.570472
-1.576378 -0.570472 -1.576378 -0.570472
-1.535433 -0.570472 -1.535433 -0.570472
-1.494488 -0.570472 -1.494488 -0.570472
-1.453543 -0.570472 -1.453543 -0.570472
-1.412598 -0.570472 -1.412598 -0.570472
-1.371654 -0.570472 -1.371654 -0.570472
-1.330709 -0.570472 -1.330709 -0.570472
-1.289764 -0.570472 -1.289764 -0.570472
-1.248819 -0.570472 -1.248819 -0.570472
-1.207874 -0.570472 -1.207874 -0.570472
-1.166929 -0.570472 -1.166929 -0.570472
-1.125984 -0.570472 -1.125984 -0.570472
-1.085039 -0.570472 -1.085039 -0.570472
-1.044094 -0.570472 -1.044094 -0.570472
-1.003150 -0.570472 -1.003150 -0.570472
-0.962205 -0.570472 -0.962205 -0.570472
-0.921260 -0.570472 -0.921260 -0.570472
-0.880315 -0.570472 -0.880315 -0.570472
-0.839370 -0.570472 -0.839370 -0.570472
-0.798425 -0.570472 -0.798425 -0.570472
-0.757480 -0.570472 -0.757480 -0.570472
-0.716535 -0.570472 -0.716535 -0.570472
-0.675591 -0.570472 -0.675591 -0.570472
-0.634646 -0.570472 -0.634646 -0.570472
-0.593701 -0.570472 -0.593701 -0.570472
-0.552756 -0.570472 -0.552756 -0.570472
-0.511811 -0.570472 -0.511811 -0.570472
-0.470866 -0.570472 -0.470866 -0.570472
-0.429921 -0.570472 -0.429921 -0.570472
-0.388976 -0.570472 -0.388976 -0.570472
-0.348031 -0.570472 -0.348031 -0.570472
-0.307087 -0.570472 -0.307087 -0.570472
-0.266142 -0.570472 -0.266142 -0.570472
-0.225197 -0.570472 -0.225197 -0.570472
-0.184252 -0.570472 -0.184252 -0.570472
-0.143307 -0.570472 -0.143307 -0.570472
-0.102362 -0.570472 -0.102362 -0.570472
-0.061417 -0.570472 -0.061417 -0.570472
-0.020472 -0.570472 -0.020472 -0.570472
0.020472 -0.570472 0.020472 -0.570472
0.061417 -0.570472 0.061417 -0.570472
0.102362 -0.570472 0.102362 -0.570472
0.143307 -0.570472 0.143307 -0.570472
0.184252 -0.570472 0.184252 -0.570472
0.225197 -0.570472 0.225197 -0.570472
0.266142 -0.570472 0.266142 -0.570472
0.307087 -0.570472 0.307087 -0.570472
0.348031 -0.570472 0.348031 -0.570472
0.388976 -0.570472 0.388976 -0.570472
0.429921 -0.570472 0.429921 -0.570472
0.470866 -0.570472 0.470866 -0.570472
0.511811 -0.570472 0.511811 -0.570472
0.552756 -0.570472 0.552756 -0.570472
0.593701 -0.570472 0.593701 -0.570472
0.634646 -0.570472 0.634646 -0.570472
0.675591 -0.570472 0.675591 -0.570472
0.716535 -0.570472 0.716535 -0.570472
0.757480 -0.570472 0.757480 -0.570472
0.798425 -0.570472 0.798425 -0.570472
0.839370 -0.570472 0.839370 -0.570472
0.880315 -0.570472 0.880315 -0.570472
0.921260 -0.570472 0.921260 -0.570472
0.962205 -0.570472 0.962205 -0.570472
1.003150 -0.570472 1.003150 -0.570472
1.044094 -0.570472 1.044094 -0.570472
1.085039 -0.570472 1.085039 -0.570472
1.125984 -0.570472 1.125984 -0.570472
1.166929 -0.570472 1.166929 -0.570472
1.207874 -0.570472 1.207874 -0.570472
1.248819 -0.570472 1.248819 -0.570472
1.289764 -0.570472 1.289764 -0.570472
1.330709 -0.570472 1.330709 -0.570472
1.371654 -0.570472 1.371654 -0.570472
1.412598 -0.570472 1.412598 -0.570472
1.453543 -0.570472 1.453543 -0.570472
1.494488 -0.570472 1.494488 -0.570472
1.535433 -0.570472 1.535433 -0.570472
1.576378 -0.570472 1.576378 -0.570472
1.617323 -0.570472 1.617323 -0.570472
1.658268 -0.570472 1.658268 -0.570472
1.699213 -0.570472 1.699213 -0.570472
1.740157 -0.570472 1.740157 -0.570472
1.781102 -0.570472 1.781102 -0.570472
1.822047 -0.570472 1.822047 -0.570472
1.862992 -0.570472 1.862992 -0.570472
1.903937 -0.570472 1.903937 -0.570472
1.944882 -0.570472 1.944882 -0.570472
1.985827 -0.570472 1.985827 -0.570472
2.026772 -0.570472 2.026772 -0.570472
2.067717 -0.570472 2.067717 -0.570472
2.108661 -0.570472 2.108661 -0.570472
2.149606 -0.570472 2.149606 -0.570472
2.190551 -0.570472 2.190551 -0.570472
2.231496 -0.570472 2.231496 -0.570472
2.272441 -0.570472 2.272441 -0.570472
2.313386 -0.570472 2.313386 -0.570472
2.354331 -0.570472 2.354331 -0.570472
2.395276 -0.570472 2.395276 -0.570472
2.436220 -0.570472 2.436220 -0.570472
2.477165 -0.570472 2.477165 -0.570472
2.518110 -0.570472 2.518110 -0.570472
2.559055 -0.570472 2.559055 -0.570472
2.600000 -0.570472 2.600000 -0.570472
-2.600000 -0.553937 -2.600000 -0.553937
-2.559055 -0.553937 -2.559055 -0.553937
-2.518110 -0.553937 -2.518110 -0.553937
-2.477165 -0.553937 -2.477165 -0.553937
-2.436220 -0.553937 -2.436220 -0.553937
-2.395276 -0.553937 -2.395276 -0.553937
-2.354331 -0.553937 -2.354331 -0.553937
-2.313386 -0.553937 -2.313386 -0.553937
-2.272441 -0.553937 -2.272441 -0.553937
-2.231496 -0.553937 -2.231496 -0.553937
-2.190551 -0.553937 -2.190551 -0.553937
-2.149606 -0.553937 -2.149606 -0.553937
-2.108661 -0.553937 -2.108661 -0.553937
-2.067717 -0.553937 -2.067717 -0.553937
-2.026772 -0.553937 -2.026772 -0.553937
-1.985827 -0.553937 -1.985827 -0.553937
-1.944882 -0.553937 -1.944882 -0.553937
-1.903937 -0.553937 -1.903937 -0.553937
-1.862992 -0.553937 -1.862992 -0.553937
-1.822047 -0.553937 -1.822047 -0.553937
-1.781102 -0.553937 -1.781102 -0.553937
-1.740157 -0.553937 -1.740157 -0.553937
-1.699213 -0.553937 -1.699213 -0.553937
-1.658268 -0.553937 -1.658268 -0.553937
-1.617323 -0.553937 -1.617323 -0.553937
-1.576378 -0.553937 -1.576378 -0.553937
-1.535433 -0.553937 -1.535433 -0.553937
-1.494488 -0.553937 -1.494488 -0.553937
-1.453543 -0.553937 -1.453543 -0.553937
-1.412598 -0.553937 -1.412598 -0.553937
-1.371654 -0.553937 -1.371654 -0.553937
-1.330709 -0.553937 -1.330709 -0.553937
-1.289764 -0.553937 -1.289764 -0.553937
-1.248819 -0.553937 -1.248819 -0.553937
-1.207874 -0.553937 -1.207874 -0.553937
-1.166929 -0.553937 -1.166929 -0.553937
-1.125984 -0.553937 -1.125984 -0.553937
-1.085039 -0.553937 -1.085039 -0.553937
-1.044094 -0.553937 -1.044094 -0.553937
-1.003150 -0.553937 -1.003150 -0.553937
-0.962205 -0.553937 -0.962205 -0.553937
-0.921260 -0.553937 -0.921260 -0.553937
-0.880315 -0.553937 -0.880315 -0.553937
-0.839370 -0.553937 -0.839370 -0.553937
-0.798425 -0.553937 -0.798425 -0.553937
-0.757480 -0.553937 -0.757480 -0.553937
-0.716535 -0.553937 -0.716535 -0.553937
-0.675591 -0.553937 -0.675591 -0.553937
-0.634646 -0.553937 -0.634646 -0.553937
-0.593701 -0.553937 -0.593701 -0.553937
-0.552756 -0.553937 -0.552756 -0.553937
-0.511811 -0.553937 -0.511811 -0.553937
-0.470866 -0.553937 -0.470866 -0.553937
-0.429921 -0.553937 -0.429921 -0.553937
-0.388976 -0.553937 -0.388976 -0.553937
-0.348031 -0.553937 -0.348031 -0.553937
-0.307087 -0.553937 -0.307087 -0.553937
-0.266142 -0.553937 -0.266142 -0.553937
-0.225197 -0.553937 -0.225197 -0.553937
-0.184252 -0.553937 -0.184252 -0.553937
-0.143307 -0.553937 -0.143307 -0.553937
-0.102362 -0.553937 -0.102362 -0.553937
-0.061417 -0.553937 -0.061417 -0.553937
-0.020472 -0.553937 -0.020472 -0.553937
0.020472 -0.553937 0.020472 -0.553937
0.061417 -0.553937 0.061417 -0.553937
0.102362 -0.553937 0.102362 -0.553937
0.143307 -0.553937 0.143307 -0.553937
0.184252 -0.553937 0.184252 -0.553937
0.225197 -0.553937 0.225197 -0.553937
0.266142 -0.553937 0.266142 -0.553937
0.307087 -0.553937 0.307087 -0.553937
0.348031 -0.553937 0.348031 -0.553937
0.388976 -0.553937 0.388976 -0.553937
0.429921 -0.553937 0.429921 -0.553937
0.470866 -0.553937 0.470866 -0.553937
0.511811 -0.553937 0.511811 -0.553937
0.552756 -0.553937 0.552756 -0.553937
0.593701 -0.553937 0.593701 -0.553937
0.634646 -0.553937 0.634646 -0.553937
0.675591 -0.553937 0.675591 -0.553937
0.716535 -0.553937 0.716535 -0.553937
0.757480 -0.553937 0.757480 -0.553937
0.798425 -0.553937 0.798425 -0.553937
0.839370 -0.553937 0.839370 -0.553937
0.880315 -0.553937 0.880315 -0.553937
0.921260 -0.553937 0.921260 -0.553937
0.962205 -0.553937 0.962205 -0.553937
1.003150 -0.553937 1.003150 -0.553937
1.044094 -0.553937 1.044094 -0.553937
1.085039 -0.553937 1.085039 -0.553937
1.125984 -0.553937 1.125984 -0.553937
1.166929 -0.553937 1.166929 -0.553937
1.207874 -0.553937 1.207874 -0.553937
1.248819 -0.553937 1.248819 -0.553937
1.289764 -0.553937 1.289764 -0.553937
1.330709 -0.553937 1.330709 -0.553937
1.371654 -0.553937 1.371654 -0.553937
1.412598 -0.553937 1.412598 -0.553937
1.453543 -0.553937 1.453543 -0.553937
1.494488 -0.553937 1.494488 -0.553937
1.535433 -0.553937 1.535433 -0.553937
1.576378 -0.553937 1.576378 -0.553937
1.617323 -0.553937 1.617323 -0.553937
1.658268 -0.553937 1.658268 -0.553937
1.699213 -0.553937 1.699213 -0.553937
1.740157 -0.553937 1.740157 -0.553937
1.781102 -0.553937 1.781102 -0.553937
1.822047 -0.553937 1.822047 -0.553937
1.862992 -0.553937 1.862992 -0.553937
1.903937 -0.553937 1.903937 -0.553937
1.944882 -0.553937 1.944882 -0.553937
1.985827 -0.553937 1.985827 -0.553937
2.026772 -0.553937 2.026772 -0.553937
2.067717 -0.553937 2.067717 -0.553937
2.108661 -0.553937 2.108661 -0.553937
2.149606 -0.553937 2.149606 -0.553937
2.190551 -0.553937 2.190551 -0.553937
2.231496 -0.553937 2.231496 -0.553937
2.272441 -0.553937 2.272441 -0.553937
2.313386 -0.553937 2.313386 -0.553937
2.354331 -0.553937 2.354331 -0.553937
2.395276 -0.553937 2.395276 -0.553937
2.436220 -0.553937 2.436220 -0.553937
2.477165 -0.553937 2.477165 -0.553937
2.518110 -0.553937 2.518110 -0.553937
2.559055 -0.553937 2.559055 -0.553937
2.600000 -0.553937 2.600000 -0.553937
-2.600000 -0.537402 -2.600000 -0.537402
-2.559055 -0.537402 -2.559055 -0.537402
-2.518110 -0.537402 -2.518110 -0.537402
-2.477165 -0.537402 -2.477165 -0.537402
-2.436220 -0.537402 -2.436220 -0.537402
-2.395276 -0.537402 -2.395276 -0.537402
-2.354331 -0.537402 -2.354331 -0.537402
-2.313386 -0.537402 -2.313386 -0.537402
-2.272441 -0.537402 -2.272441 -0.537402
-2.231496 -0.537402 -2.231496 -0.537402
-2.190551 -0.537402 -2.190551 -0.537402
-2.149606 -0.537402 -2.149606 -0.537402
-2.108661 -0.537402 -2.108661 -0.537402
-2.067717 -0.537402 -2.067717 -0.537402
-2.026772 -0.537402 -2.026772 -0.537402
-1.985827 -0.537402 -1.985827 -0.537402
-1.944882 -0.537402 -1.944882 -0.537402
-1.903937 -0.537402 -1.903937 -0.537402
-1.862992 -0.537402 -1.862992 -0.537402
-1.822047 -0.537402 -1.822047 -0.537402
-1.781102 -0.537402 -1.781102 -0.537402
-1.740157 -0.537402 -1.740157 -0.537402
-1.699213 -0.537402 -1.699213 -0.537402
-1.658268 -0.537402 -1.658268 -0.537402
-1.617323 -0.537402 -1.617323 -0.537402
-1.576378 -0.537402 -1.576378 -0.537402
-1.535433 -0.537402 -1.535433 -0.537402
-1.494488 -0.537402 -1.494488 -0.537402
-1.453543 -0.537402 -1.453543 -0.537402
-1.412598 -0.537402 -1.412598 -0.537402
-1.371654 -0.537402 -1.371654 -0.537402
-1.330709 -0.537402 -1.330709 -0.537402
-1.289764 -0.537402 -1.289764 -0.537402
-1.248819 -0.537402 -1.248819 -0.537402
-1.207874 -0.537402 -1.207874 -0.537402
-1.166929 -0.537402 -1.166929 -0.537402
-1.125984 -0.537402 -1.125984 -0.537402
-1.085039 -0.537402 -1.085039 -0.537402
-1.044094 -0.537402 -1.044094 -0.537402
-1.003150 -0.537402 -1.003150 -0.537402
-0.962205 -0.537402 -0.962205 -0.537402
-0.921260 -0.537402 -0.921260 -0.537402
-0.880315 -0.537402 -0.880315 -0.537402
-0.839370 -0.537402 -0.839370 -0.537402
-0.798425 -0.537402 -0.798425 -0.537402
-0.757480 -0.537402 -0.757480 -0.537402
-0.716535 -0.537402 -0.716535 -0.537402
-0.675591 -0.537402 -0.675591 -0.537402
-0.634646 -0.537402 -0.634646 -0.537402
-0.593701 -0.537402 -0.593701 -0.537402
-0.552756 -0.537402 -0.552756 -0.537402
-0.511811 -0.537402 -0.511811 -0.537402
-0.470866 -0.537402 -0.470866 -0.537402
-0.429921 -0.537402 -0.429921 -0.537402
-0.388976 -0.537402 -0.388976 -0.537402
-0.348031 -0.537402 -0.348031 -0.537402
-0.307087 -0.537402 -0.307087 -0.537402
-0.266142 -0.537402 -0.266142 -0.537402
-0.225197 -0.537402 -0.225197 -0.537402
-0.184252 -0.537402 -0.184252 -0.537402
-0.143307 -0.537402 -0.143307 -0.537402
-0.102362 -0.537402 -0.102362 -0.537402
-0.061417 -0.537402 -0.061417 -0.537402
-0.020472 -0.537402 -0.020472 -0.537402
0.020472 -0.537402 0.020472 -0.537402
0.061417 -0.537402 0.061417 -0.537402
0.102362 -0.537402 0.102362 -0.537402
0.143307 -0.537402 0.143307 -0.537402
0.184252 -0.537402 0.184252 -0.537402
0.225197 -0.537402 0.225197 -0.537402
0.266142 -0.537402 0.266142 -0.537402
0.307087 -0.537402 0.307087 -0.537402
0.348031 -0.537402 0.348031 -0.537402
0.388976 -0.537402 0.388976 -0.537402
0.429921 -0.537402 0.429921 -0.537402
0.470866 -0.537402 0.470866 -0.537402
0.511811 -0.537402 0.511811 -0.537402
0.552756 -0.537402 0.552756 -0.537402
0.593701 -0.537402 0.593701 -0.537402
0.634646 -0.537402 0.634646 -0.537402
0.675591 -0.537402 0.675591 -0.537402
0.716535 -0.537402 0.716535 -0.537402
0.757480 -0.537402 0.757480 -0.537402
0.798425 -0.537402 0.798425 -0.537402
0.839370 -0.537402 0.839370 -0.537402
0.880315 -0.537402 0.880315 -0.537402
0.921260 -0.537402 0.921260 -0.537402
0.962205 -0.537402 0.962205 -0.537402
1.003150 -0.537402 1.003150 -0.537402
1.044094 -0.537402 1.044094 -0.537402
1.085039 -0.537402 1.085039 -0.537402
1.125984 -0.537402 1.125984 -0.537402
1.166929 -0.537402 1.166929 -0.537402
1.207874 -0.537402 1.207874 -0.537402
1.248819 -0.537402 1.248819 -0.537402
1.289764 -0.537402 1.289764 -0.537402
1.330709 -0.537402 1.330709 -0.537402
1.371654 -0.537402 1.371654 -0.537402
1.412598 -0.537402 1.412598 -0.537402
1.453543 -0.537402 1.453543 -0.537402
1.494488 -0.537402 1.494488 -0.537402
1.535433 -0.537402 1.535433 -0.537402
1.576378 -0.537402 1.576378 -0.537402
1.617323 -0.537402 1.617323 -0.537402
1.658268 -0.537402 1.658268 -0.537402
1.699213 -0.537402 1.699213 -0.537402
1.740157 -0.537402 1.740157 -0.537402
1.781102 -0.537402 1.781102 -0.537402
1.822047 -0.537402 1.822047 -0.537402
1.862992 -0.537402 1.862992 -0.537402
1.903937 -0.537402 1.903937 -0.537402
1.944882 -0.537402 1.944882 -0.537402
1.985827 -0.537402 1.985827 -0.537402
2.026772 -0.537402 2.026772 -0.537402
2.067717 -0.537402 2.067717 -0.537402
2.108661 -0.537402 2.108661 -0.537402
2.149606 -0.537402 2.149606 -0.537402
2.190551 -0.537402 2.190551 -0.537402
2.231496 -0.537402 2.231496 -0.537402
2.272441 -0.537402 2.272441 -0.537402
2.313386 -0.537402 2.313386 -0.537402
2.354331 -0.537402 2.354331 -0.537402
2.395276 -0.537402 2.395276 -0.537402
2.436220 -0.537402 2.436220 -0.537402
2.477165 -0.537402 2.477165 -0.537402
2.518110 -0.537402 2.518110 -0.537402
2.559055 -0.537402 2.559055 -0.537402
2.600000 -0.537402 2.600000 -0.537402
-2.600000 -0.520866 -2.600000 -0.520866
-2.559055 -0.520866 -2.559055 -0.520866
-2.518110 -0.520866 -2.518110 -0.520866
-2.477165 -0.520866 -2.477165 -0.520866
-2.436220 -0.520866 -2.436220 -0.520866
-2.395276 -0.520866 -2.395276 -0.520866
-2.354331 -0.520866 -2.354331 -0.520866
-2.313386 -0.520866 -2.313386 -0.520866
-2.272441 -0.520866 -2.272441 -0.520866
-2.231496 -0.520866 -2.231496 -0.520866
-2.190551 -0.520866 -2.190551 -0.520866
-2.149606 -0.520866 -2.149606 -0.520866
-2.108661 -0.520866 -2.108661 -0.520866
-2.067717 -0.520866 -2.067717 -0.520866
-2.026772 -0.520866 -2.026772 -0.520866
-1.985827 -0.520866 -1.985827 -0.520866
-1.944882 -0.520866 -1.944882 -0.520866
-1.903937 -0.520866 -1.903937 -0.520866
-1.862992 -0.520866 -1.862992 -0.520866
-1.822047 -0.520866 -1.822047 -0.520866
-1.781102 -0.520866 -1.781102 -0.520866
-1.740157 -0.520866 -1.740157 -0.520866
-1.699213 -0.520866 -1.699213 -0.520866
-1.658268 -0.520866 -1.658268 -0.520866
-1.617323 -0.520866 -1.617323 -0.520866
-1.576378 -0.520866 -1.576378 -0.520866
-1.535433 -0.520866 -1.535433 -0.520866
-1.494488 -0.520866 -1.494488 -0.520866
-1.453543 -0.520866 -1.453543 -0.520866
-1.412598 -0.520866 -1.412598 -0.520866
-1.371654 -0.520866 -1.371654 -0.520866
-1.330709 -0.520866 -1.330709 -0.520866
-1.289764 -0.520866 -1.289764 -0.520866
-1.248819 -0.520866 -1.248819 -0.520866
-1.207874 -0.520866 -1.207874 -0.520866
-1.166929 -0.520866 -1.166929 -0.520866
-1.125984 -0.520866 -1.125984 -0.520866
-1.085039 -0.520866 -1.085039 -0.520866
-1.044094 -0.520866 -1.044094 -0.520866
-1.003150 -0.520866 -1.003150 -0.520866
-0.962205 -0.520866 -0.962205 -0.520866
-0.921260 -0.520866 -0.921260 -0.520866
-0.880315 -0.520866 -0.880315 -0.520866
-0.839370 -0.520866 -0.839370 -0.520866
-0.798425 -0.520866 -0.798425 -0.520866
-0.757480 -0.520866 -0.757480 -0.520866
-0.716535 -0.520866 -0.716535 -0.520866
-0.675591 -0.520866 -0.675591 -0.520866
-0.634646 -0.520866 -0.634646 -0.520866
-0.593701 -0.520866 -0.593701 -0.520866
-0.552756 -0.520866 -0.552756 -0.520866
-0.511811 -0.520866 -0.511811 -0.520866
-0.470866 -0.520866 -0.470866 -0.520866
-0.429921 -0.520866 -0.429921 -0.520866
-0.388976 -0.520866 -0.388976 -0.520866
-0.348031 -0.520866 -0.348031 -0.520866
-0.307087 -0.520866 -0.307087 -0.520866
-0.266142 -0.520866 -0.266142 -0.520866
-0.225197 -0.520866 -0.225197 -0.520866
-0.184252 -0.520866 -0.184252 -0.520866
-0.143307 -0.520866 -0.143307 -0.520866
-0.102362 -0.520866 -0.102362 -0.520866
-0.061417 -0.520866 -0.061417 -0.520866
-0.020472 -0.520866 -0.020472 -0.520866
0.020472 -0.520866 0.020472 -0.520866
0.061417 -0.520866 0.061417 -0.520866
0.102362 -0.520866 0.102362 -0.520866
0.143307 -0.520866 0.143307 -0.520866
0.184252 -0.520866 0.184252 -0.520866
0.225197 -0.520866 0.225197 -0.520866
0.266142 -0.520866 0.266142 -0.520866
0.307087 -0.520866 0.307087 -0.520866
0.348031 -0.520866 0.348031 -0.520866
0.388976 -0.520866 0.388976 -0.520866
0.429921 -0.520866 0.429921 -0.520866
0.470866 -0.520866 0.470866 -0.520866
0.511811 -0.520866 0.511811 -0.520866
0.552756 -0.520866 0.552756 -0.520866
0.593701 -0.520866 0.593701 -0.520866
0.634646 -0.520866 0.634646 -0.520866
0.675591 -0.520866 0.675591 -0.520866
0.716535 -0.520866 0.716535 -0.520866
0.757480 -0.520866 0.757480 -0.520866
0.798425 -0.520866 0.798425 -0.520866
0.839370 -0.520866 0.839370 -0.520866
0.880315 -0.520866 0.880315 -0.520866
0.921260 -0.520866 0.921260 -0.520866
0.962205 -0.520866 0.962205 -0.520866
1.003150 -0.520866 1.003150 -0.520866
1.044094 -0.520866 1.044094 -0.520866
1.085039 -0.520866 1.085039 -0.520866
1.125984 -0.520866 1.125984 -0.520866
1.166929 -0.520866 1.166929 -0.520866
1.207874 -0.520866 1.207874 -0.520866
1.248819 -0.520866 1.248819 -0.520866
1.289764 -0.520866 1.289764 -0.520866
1.330709 -0.520866 1.330709 -0.520866
1.371654 -0.520866 1.371654 -0.520866
1.412598 -0.520866 1.412598 -0.520866
1.453543 -0.520866 1.453543 -0.520866
1.494488 -0.520866 1.494488 -0.520866
1.535433 -0.520866 1.535433 -0.520866
1.576378 -0.520866 1.576378 -0.520866
1.617323 -0.520866 1.617323 -0.520866
1.658268 -0.520866 1.658268 -0.520866
1.699213 -0.520866 1.699213 -0.520866
1.740157 -0.520866 1.740157 -0.520866
1.781102 -0.520866 1.781102 -0.520866
1.822047 -0.520866 1.822047 -0.520866
1.862992 -0.520866 1.862992 -0.520866
1.903937 -0.520866 1.903937 -0.520866
1.944882 -0.520866 1.944882 -0.520866
1.985827 -0.520866 1.985827 -0.520866
2.026772 -0.520866 2.026772 -0.520866
2.067717 -0.520866 2.067717 -0.520866
2.108661 -0.520866 2.108661 -0.520866
2.149606 -0.520866 2.149606 -0.520866
2.190551 -0.520866 2.190551 -0.520866
2.231496 -0.520866 2.231496 -0.520866
2.272441 -0.520866 2.272441 -0.520866
2.313386 -0.520866 2.313386 -0.520866
2.354331 -0.520866 2.354331 -0.520866
2.395276 -0.520866 2.395276 -0.520866
2.436220 -0.520866 2.436220 -0.520866
2.477165 -0.520866 2.477165 -0.520866
2.518110 -0.520866 2.518110 -0.520866
2.559055 -0.520866 2.559055 -0.520866
2.600000 -0.520866 2.600000 -0.520866
-2.600000 -0.504331 -2.600000 -0.504331
-2.559055 -0.504331 -2.559055 -0.504331
-2.518110 -0.504331 -2.518110 -0.504331
-2.477165 -0.504331 -2.477165 -0.504331
-2.436220 -0.504331 -2.436220 -0.504331
-2.395276 -0.504331 -2.395276 -0.504331
-2.354331 -0.504331 -2.354331 -0.504331
-2.313386 -0.504331 -2.313386 -0.504331
-2.272441 -0.504331 -2.272441 -0.504331
-2.231496 -0.504331 -2.231496 -0.504331
-2.190551 -0.504331 -2.190551 -0.504331
-2.149606 -0.504331 -2.149606 -0.504331
-2.108661 -0.504331 -2.108661 -0.504331
-2.067717 -0.504331 -2.067717 -0.504331
-2.026772 -0.504331 -2.026772 -0.504331
-1.985827 -0.504331 -1.985827 -0.504331
-1.944882 -0.504331 -1.944882 -0.504331
-1.903937 -0.504331 -1.903937 -0.504331
-1.862992 -0.504331 -1.862992 -0.504331
-1.822047 -0.504331 -1.822047 -0.504331
-1.781102 -0.504331 -1.781102 -0.504331
-1.740157 -0.504331 -1.740157 -0.504331
-1.699213 -0.504331 -1.699213 -0.504331
-1.658268 -0.504331 -1.658268 -0.504331
-1.617323 -0.504331 -1.617323 -0.504331
-1.576378 -0.504331 -1.576378 -0.504331
-1.535433 -0.504331 -1.535433 -0.504331
-1.494488 -0.504331 -1.494488 -0.504331
-1.453543 -0.504331 -1.453543 -0.504331
-1.412598 -0.504331 -1.412598 -0.504331
-1.371654 -0.504331 -1.371654 -0.504331
-1.330709 -0.504331 -1.330709 -0.504331
-1.289764 -0.504331 -1.289764 -0.504331
-1.248819 -0.504331 -1.248819 -0.504331
-1.207874 -0.504331 -1.207874 -0.504331
-1.166929 -0.504331 -1.166929 -0.504331
-1.125984 -0.504331 -1.125984 -0.504331
-1.085039 -0.504331 -1.085039 -0.504331
-1.044094 -0.504331 -1.044094 -0.504331
-1.003150 -0.504331 -1.003150 -0.504331
-0.962205 -0.504331 -0.962205 -0.504331
-0.921260 -0.504331 -0.921260 -0.504331
-0.880315 -0.504331 -0.880315 -0.504331
-0.839370 -0.504331 -0.839370 -0.504331
-0.798425 -0.504331 -0.798425 -0.504331
-0.757480 -0.504331 -0.757480 -0.504331
-0.716535 -0.504331 -0.716535 -0.504331
-0.675591 -0.504331 -0.675591 -0.504331
-0.634646 -0.504331 -0.634646 -0.504331
-0.593701 -0.504331 -0.593701 -0.504331
-0.552756 -0.504331 -0.552756 -0.504331
-0.511811 -0.504331 -0.511811 -0.504331
-0.470866 -0.504331 -0.470866 -0.504331
-0.429921 -0.504331 -0.429921 -0.504331
-0.388976 -0.504331 -0.388976 -0.504331
-0.348031 -0.504331 -0.348031 -0.504331
-0.307087 -0.504331 -0.307087 -0.504331
-0.266142 -0.504331 -0.266142 -0.504331
-0.225197 -0.504331 -0.225197 -0.504331
-0.184252 -0.504331 -0.184252 -0.504331
-0.143307 -0.504331 -0.143307 -0.504331
-0.102362 -0.504331 -0.102362 -0.504331
-0.061417 -0.504331 -0.061417 -0.504331
-0.020472 -0.504331 -0.020472 -0.504331
0.020472 -0.504331 0.020472 -0.504331
0.061417 -0.504331 0.061417 -0.504331
0.102362 -0.504331 0.102362 -0.504331
0.143307 -0.504331 0.143307 -0.504331
0.184252 -0.504331 0.184252 -0.504331
0.225197 -0.504331 0.225197 -0.504331
0.266142 -0.504331 0.266142 -0.504331
0.307087 -0.504331 0.307087 -0.504331
0.348031 -0.504331 0.348031 -0.504331
0.388976 -0.504331 0.388976 -0.504331
0.429921 -0.504331 0.429921 -0.504331
0.470866 -0.504331 0.470866 -0.504331
0.511811 -0.504331 0.511811 -0.504331
0.552756 -0.504331 0.552756 -0.504331
0.593701 -0.504331 0.593701 -0.504331
0.634646 -0.504331 0.634646 -0.504331
0.675591 -0.504331 0.675591 -0.504331
0.716535 -0.504331 0.716535 -0.504331
0.757480 -0.504331 0.757480 -0.504331
0.798425 -0.504331 0.798425 -0.504331
0.839370 -0.504331 0.839370 -0.504331
0.880315 -0.504331 0.880315 -0.504331
0.921260 -0.504331 0.921260 -0.504331
0.962205 -0.504331 0.962205 -0.504331
1.003150 -0.504331 1.003150 -0.504331
1.044094 -0.504331 1.044094 -0.504331
1.085039 -0.504331 1.085039 -0.504331
1.125984 -0.504331 1.125984 -0.504331
1.166929 -0.504331 1.166929 -0.504331
1.207874 -0.504331 1.207874 -0.504331
1.248819 -0.504331 1.248819 -0.504331
1.289764 -0.504331 1.289764 -0.504331
1.330709 -0.504331 1.330709 -0.504331
1.371654 -0.504331 1.371654 -0.504331
1.412598 -0.504331 1.412598 -0.504331
1.453543 -0.504331 1.453543 -0.504331
1.494488 -0.504331 1.494488 -0.504331
1.535433 -0.504331 1.535433 -0.504331
1.576378 -0.504331 1.576378 -0.504331
1.617323 -0.504331 1.617323 -0.504331
1.658268 -0.504331 1.658268 -0.504331
1.699213 -0.504331 1.699213 -0.504331
1.740157 -0.504331 1.740157 -0.504331
1.781102 -0.504331 1.781102 -0.504331
1.822047 -0.504331 1.822047 -0.504331
1.862992 -0.504331 1.862992 -0.504331
1.903937 -0.504331 1.903937 -0.504331
1.944882 -0.504331 1.944882 -0.504331
1.985827 -0.504331 1.985827 -0.504331
2.026772 -0.504331 2.026772 -0.504331
2.067717 -0.504331 2.067717 -0.504331
2.108661 -0.504331 2.108661 -0.504331
2.149606 -0.504331 2.149606 -0.504331
2.190551 -0.504331 2.190551 -0.504331
2.231496 -0.504331 2.231496 -0.504331
2.272441 -0.504331 2.272441 -0.504331
2.313386 -0.504331 2.313386 -0.504331
2.354331 -0.504331 2.354331 -0.504331
2.395276 -0.504331 2.395276 -0.504331
2.436220 -0.504331 2.436220 -0.504331
2.477165 -0.504331 2.477165 -0.504331
2.518110 -0.504331 2.518110 -0.504331
2.559055 -0.504331 2.559055 -0.504331
2.600000 -0.504331 2.600000 -0.504331
-2.600000 -0.487795 -2.600000 -0.487795
-2.559055 -0.487795 -2.559055 -0.487795
-2.518110 -0.487795 -2.518110 -0.487795
-2.477165 -0.487795 -2.477165 -0.487795
-2.436220 -0.487795 -2.436220 -0.487795
-2.395276 -0.487795 -2.395276 -0.487795
-2.354331 -0.487795 -2.354331 -0.487795
-2.313386 -0.487795 -2.313386 -0.487795
-2.272441 -0.487795 -2.272441 -0.487795
-2.231496 -0.487795 -2.231496 -0.487795
-2.190551 -0.487795 -2.190551 -0.487795
-2.149606 -0.487795 -2.149606 -0.487795
-2.108661 -0.487795 -2.108661 -0.487795
-2.067717 -0.487795 -2.067717 -0.487795
-2.026772 -0.487795 -2.026772 -0.487795
-1.985827 -0.487795 -1.985827 -0.487795
-1.944882 -0.487795 -1.944882 -0.487795
-1.903937 -0.487795 -1.903937 -0.487795
-1.862992 -0.487795 -1.862992 -0.487795
-1.822047 -0.487795 -1.822047 -0.487795
-1.781102 -0.487795 -1.781102 -0.487795
-1.740157 -0.487795 -1.740157 -0.487795
-1.699213 -0.487795 -1.699213 -0.487795
-1.658268 -0.487795 -1.658268 -0.487795
-1.617323 -0.487795 -1.617323 -0.487795
-1.576378 -0.487795 -1.576378 -0.487795
-1.535433 -0.487795 -1.535433 -0.487795
-1.494488 -0.487795 -1.494488 -0.487795
-1.453543 -0.487795 -1.453543 -0.487795
-1.412598 -0.487795 -1.412598 -0.487795
-1.371654 -0.487795 -1.371654 -0.487795
-1.330709 -0.487795 -1.330709 -0.487795
-1.289764 -0.487795 -1.289764 -0.487795
-1.248819 -0.487795 -1.248819 -0.487795
-1.207874 -0.487795 -1.207874 -0.487795
-1.166929 -0.487795 -1.166929 -0.487795
-1.125984 -0.487795 -1.125984 -0.487795
-1.085039 -0.487795 -1.085039 -0.487795
-1.044094 -0.487795 -1.044094 -0.487795
-1.003150 -0.487795 -1.003150 -0.487795
-0.962205 -0.487795 -0.962205 -0.487795
-0.921260 -0.487795 -0.921260 -0.487795
-0.880315 -0.487795 -0.880315 -0.487795
-0.839370 -0.487795 -0.839370 -0.487795
-0.798425 -0.487795 -0.798425 -0.487795
-0.757480 -0.487795 -0.757480 -0.487795
-0.716535 -0.487795 -0.716535 -0.487795
-0.675591 -0.487795 -0.675591 -0.487795
-0.634646 -0.487795 -0.634646 -0.487795
-0.593701 -0.487795 -0.593701 -0.487795
-0.552756 -0.487795 -0.552756 -0.487795
-0.511811 -0.487795 -0.511811 -0.487795
-0.470866 -0.487795 -0.470866 -0.487795
-0.429921 -0.487795 -0.429921 -0.487795
-0.388976 -0.487795 -0.388976 -0.487795
-0.348031 -0.487795 -0.348031 -0.487795
-0.307087 -0.487795 -0.307087 -0.487795
-0.266142 -0.487795 -0.266142 -0.487795
-0.225197 -0.487795 -0.225197 -0.487795
-0.184252 -0.487795 -0.184252 -0.487795
-0.143307 -0.487795 -0.143307 -0.487795
-0.102362 -0.487795 -0.102362 -0.487795
-0.061417 -0.487795 -0.061417 -0.487795
-0.020472 -0.487795 -0.020472 -0.487795
0.020472 -0.487795 0.020472 -0.487795
0.061417 -0.487795 0.061417 -0.487795
0.102362 -0.487795 0.102362 -0.487795
0.143307 -0.487795 0.143307 -0.487795
0.184252 -0.487795 0.184252 -0.487795
0.225197 -0.487795 0.225197 -0.487795
0.266142 -0.487795 0.266142 -0.487795
0.307087 -0.487795 0.307087 -0.487795
0.348031 -0.487795 0.348031 -0.487795
0.388976 -0.487795 0.388976 -0.487795
0.429921 -0.487795 0.429921 -0.487795
0.470866 -0.487795 0.470866 -0.487795
0.511811 -0.487795 0.511811 -0.487795
0.552756 -0.487795 0.552756 -0.487795
0.593701 -0.487795 0.593701 -0.487795
0.634646 -0.487795 0.634646 -0.487795
0.675591 -0.487795 0.675591 -0.487795
0.716535 -0.487795 0.716535 -0.487795
0.757480 -0.487795 0.757480 -0.487795
0.798425 -0.487795 0.798425 -0.487795
0.839370 -0.487795 0.839370 -0.487795
0.880315 -0.487795 0.880315 -0.487795
0.921260 -0.487795 0.921260 -0.487795
0.962205 -0.487795 0.962205 -0.487795
1.003150 -0.487795 1.003150 -0.487795
1.044094 -0.487795 1.044094 -0.487795
1.085039 -0.487795 1.085039 -0.487795
1.125984 -0.487795 1.125984 -0.487795
1.166929 -0.487795 1.166929 -0.487795
1.207874 -0.487795 1.207874 -0.487795
1.248819 -0.487795 1.248819 -0.487795
1.289764 -0.487795 1.289764 -0.487795
1.330709 -0.487795 1.330709 -0.487795
1.371654 -0.487795 1.371654 -0.487795
1.412598 -0.487795 1.412598 -0.487795
1.453543 -0.487795 1.453543 -0.487795
1.494488 -0.487795 1.494488 -0.487795
1.535433 -0.487795 1.535433 -0.487795
1.576378 -0.487795 1.576378 -0.487795
1.617323 -0.487795 1.617323 -0.487795
1.658268 -0.487795 1.658268 -0.487795
1.699213 -0.487795 1.699213 -0.487795
1.740157 -0.487795 1.740157 -0.487795
1.781102 -0.487795 1.781102 -0.487795
1.822047 -0.487795 1.822047 -0.487795
1.862992 -0.487795 1.862992 -0.487795
1.903937 -0.487795 1.903937 -0.487795
1.944882 -0.487795 1.944882 -0.487795
1.985827 -0.487795 1.985827 -0.487795
2.026772 -0.487795 2.026772 -0.487795
2.067717 -0.487795 2.067717 -0.487795
2.108661 -0.487795 2.108661 -0.487795
2.149606 -0.487795 2.149606 -0.487795
2.190551 -0.487795 2.190551 -0.487795
2.231496 -0.487795 2.231496 -0.487795
2.272441 -0.487795 2.272441 -0.487795
2.313386 -0.487795 2.313386 -0.487795
2.354331 -0.487795 2.354331 -0.487795
2.395276 -0.487795 2.395276 -0.487795
2.436220 -0.487795 2.436220 -0.487795
2.477165 -0.487795 2.477165 -0.487795
2.518110 -0.487795 2.518110 -0.487795
2.559055 -0.487795 2.559055 -0.487795
2.600000 -0.487795 2.600000 -0.487795
-2.600000 -0.471260 -2.600000 -0.471260
-2.559055 -0.471260 -2.559055 -0.471260
-2.518110 -0.471260 -2.518110 -0.471260
-2.477165 -0.471260 -2.477165 -0.471260
-2.436220 -0.471260 -2.436220 -0.471260
-2.395276 -0.471260 -2.395276 -0.471260
-2.354331 -0.471260 -2.354331 -0.471260
-2.313386 -0.471260 -2.313386 -0.471260
-2.272441 -0.471260 -2.272441 -0.471260
-2.231496 -0.471260 -2.231496 -0.471260
-2.190551 -0.471260 -2.190551 -0.471260
-2.149606 -0.471260 -2.149606 -0.471260
-2.108661 -0.471260 -2.108661 -0.471260
-2.067717 -0.471260 -2.067717 -0.471260
-2.026772 -0.471260 -2.026772 -0.471260
-1.985827 -0.471260 -1.985827 -0.471260
-1.944882 -0.471260 -1.944882 -0.471260
-1.903937 -0.471260 -1.903937 -0.471260
-1.862992 -0.471260 -1.862992 -0.471260
-1.822047 -0.471260 -1.822047 -0.471260
-1.781102 -0.471260 -1.781102 -0.471260
-1.740157 -0.471260 -1.740157 -0.471260
-1.699213 -0.471260 -1.699213 -0.471260
-1.658268 -0.471260 -1.658268 -0.471260
-1.617323 -0.471260 -1.617323 -0.471260
-1.576378 -0.471260 -1.576378 -0.471260
-1.535433 -0.471260 -1.535433 -0.471260
-1.494488 -0.471260 -1.494488 -0.471260
-1.453543 -0.471260 -1.453543 -0.471260
-1.412598 -0.471260 -1.412598 -0.471260
-1.371654 -0.471260 -1.371654 -0.471260
-1.330709 -0.471260 -1.330709 -0.471260
-1.289764 -0.471260 -1.289764 -0.471260
-1.248819 -0.471260 -1.248819 -0.471260
-1.207874 -0.471260 -1.207874 -0.471260
-1.166929 -0.471260 -1.166929 -0.471260
-1.125984 -0.471260 -1.125984 -0.471260
-1.085039 -0.471260 -1.085039 -0.471260
-1.044094 -0.471260 -1.044094 -0.471260
-1.003150 -0.471260 -1.003150 -0.471260
-0.962205 -0.471260 -0.962205 -0.471260
-0.921260 -0.471260 -0.921260 -0.471260
-0.880315 -0.471260 -0.880315 -0.471260
-0.839370 -0.471260 -0.839370 -0.471260
-0.798425 -0.471260 -0.798425 -0.471260
-0.757480 -0.471260 -0.757480 -0.471260
-0.716535 -0.471260 -0.716535 -0.471260
-0.675591 -0.471260 -0.675591 -0.471260
-0.634646 -0.471260 -0.634646 -0.471260
-0.593701 -0.471260 -0.593701 -0.471260
-0.552756 -0.471260 -0.552756 -0.471260
-0.511811 -0.471260 -0.511811 -0.471260
-0.470866 -0.471260 -0.470866 -0.471260
-0.429921 -0.471260 -0.429921 -0.471260
-0.388976 -0.471260 -0.388976 -0.471260
-0.348031 -0.471260 -0.348031 -0.471260
-0.307087 -0.471260 -0.307087 -0.471260
-0.266142 -0.471260 -0.266142 -0.471260
-0.225197 -0.471260 -0.225197 -0.471260
-0.184252 -0.471260 -0.184252 -0.471260
-0.143307 -0.471260 -0.143307 -0.471260
-0.102362 -0.471260 -0.102362 -0.471260
-0.061417 -0.471260 -0.061417 -0.471260
-0.020472 -0.471260 -0.020472 -0.471260
0.020472 -0.471260 0.020472 -0.471260
0.061417 -0.471260 0.061417 -0.471260
0.102362 -0.471260 0.102362 -0.471260
0.143307 -0.471260 0.143307 -0.471260
0.184252 -0.471260 0.184252 -0.471260
0.225197 -0.471260 0.225197 -0.471260
0.266142 -0.471260 0.266142 -0.471260
0.307087 -0.471260 0.307087 -0.471260
0.348031 -0.471260 0.348031 -0.471260
0.388976 -0.471260 0.388976 -0.471260
0.429921 -0.471260 0.429921 -0.471260
0.470866 -0.471260 0.470866 -0.471260
0.511811 -0.471260 0.511811 -0.471260
0.552756 -0.471260 0.552756 -0.471260
0.593701 -0.471260 0.593701 -0.471260
0.634646 -0.471260 0.634646 -0.471260
0.675591 -0.471260 0.675591 -0.471260
0.716535 -0.471260 0.716535 -0.471260
0.757480 -0.471260 0.757480 -0.471260
0.798425 -0.471260 0.798425 -0.471260
0.839370 -0.471260 0.839370 -0.471260
0.880315 -0.471260 0.880315 -0.471260
0.921260 -0.471260 0.921260 -0.471260
0.962205 -0.471260 0.962205 -0.471260
1.003150 -0.471260 1.003150 -0.471260
1.044094 -0.471260 1.044094 -0.471260
1.085039 -0.471260 1.085039 -0.471260
1.125984 -0.471260 1.125984 -0.471260
1.166929 -0.471260 1.166929 -0.471260
1.207874 -0.471260 1.207874 -0.471260
1.248819 -0.471260 1.248819 -0.471260
1.289764 -0.471260 1.289764 -0.471260
1.330709 -0.471260 1.330709 -0.471260
1.371654 -0.471260 1.371654 -0.471260
1.412598 -0.471260 1.412598 -0.471260
1.453543 -0.471260 1.453543 -0.471260
1.494488 -0.471260 1.494488 -0.471260
1.535433 -0.471260 1.535433 -0.471260
1.576378 -0.471260 1.576378 -0.471260
1.617323 -0.471260 1.617323 -0.471260
1.658268 -0.471260 1.658268 -0.471260
1.699213 -0.471260 1.699213 -0.471260
1.740157 -0.471260 1.740157 -0.471260
1.781102 -0.471260 1.781102 -0.471260
1.822047 -0.471260 1.822047 -0.471260
1.862992 -0.471260 1.862992 -0.471260
1.903937 -0.471260 1.903937 -0.471260
1.944882 -0.471260 1.944882 -0.471260
1.985827 -0.471260 1.985827 -0.471260
2.026772 -0.471260 2.026772 -0.471260
2.067717 -0.471260 2.067717 -0.471260
2.108661 -0.471260 2.108661 -0.471260
2.149606 -0.471260 2.149606 -0.471260
2.190551 -0.471260 2.190551 -0.471260
2.231496 -0.471260 2.231496 -0.471260
2.272441 -0.471260 2.272441 -0.471260
2.313386 -0.471260 2.313386 -0.471260
2.354331 -0.471260 2.354331 -0.471260
2.395276 -0.471260 2.395276 -0.471260
2.436220 -0.471260 2.436220 -0.471260
2.477165 -0.471260 2.477165 -0.471260
2.518110 -0.471260 2.518110 -0.471260
2.559055 -0.471260 2.559055 -0.471260
2.600000 -0.471260 2.600000 -0.471260
-2.600000 -0.454724 -2.600000 -0.454724
-2.559055 -0.454724 -2.559055 -0.454724
-2.518110 -0.454724 -2.518110 -0.454724
-2.477165 -0.454724 -2.477165 -0.454724
-2.436220 -0.454724 -2.436220 -0.454724
-2.395276 -0.454724 -2.395276 -0.454724
-2.354331 -0.454724 -2.354331 -0.454724
-2.313386 -0.454724 -2.313386 -0.454724
-2.272441 -0.454724 -2.272441 -0.454724
-2.231496 -0.454724 -2.231496 -0.454724
-2.190551 -0.454724 -2.190551 -0.454724
-2.149606 -0.454724 -2.149606 -0.454724
-2.108661 -0.454724 -2.108661 -0.454724
-2.067717 -0.454724 -2.067717 -0.454724
-2.026772 -0.454724 -2.026772 -0.454724
-1.985827 -0.454724 -1.985827 -0.454724
-1.944882 -0.454724 -1.944882 -0.454724
-1.903937 -0.454724 -1.903937 -0.454724
-1.862992 -0.454724 -1.862992 -0.454724
-1.822047 -0.454724 -1.822047 -0.454724
-1.781102 -0.454724 -1.781102 -0.454724
-1.740157 -0.454724 -1.740157 -0.454724
-1.699213 -0.454724 -1.699213 -0.454724
-1.658268 -0.454724 -1.658268 -0.454724
-1.617323 -0.454724 -1.617323 -0.454724
-1.576378 -0.454724 -1.576378 -0.454724
-1.535433 -0.454724 -1.535433 -0.454724
-1.494488 -0.454724 -1.494488 -0.454724
-1.453543 -0.454724 -1.453543 -0.454724
-1.412598 -0.454724 -1.412598 -0.454724
-1.371654 -0.454724 -1.371654 -0.454724
-1.330709 -0.454724 -1.330709 -0.454724
-1.289764 -0.454724 -1.289764 -0.454724
-1.248819 -0.454724 -1.248819 -0.454724
-1.207874 -0.454724 -1.207874 -0.454724
-1.166929 -0.454724 -1.166929 -0.454724
-1.125984 -0.454724 -1.125984 -0.454724
-1.085039 -0.454724 -1.085039 -0.454724
-1.044094 -0.454724 -1.044094 -0.454724
-1.003150 -0.454724 -1.003150 -0.454724
-0.962205 -0.454724 -0.962205 -0.454724
-0.921260 -0.454724 -0.921260 -0.454724
-0.880315 -0.454724 -0.880315 -0.454724
-0.839370 -0.454724 -0.839370 -0.454724
-0.798425 -0.454724 -0.798425 -0.454724
-0.757480 -0.454724 -0.757480 -0.454724
-0.716535 -0.454724 -0.716535 -0.454724
-0.675591 -0.454724 -0.675591 -0.454724
-0.634646 -0.454724 -0.634646 -0.454724
-0.593701 -0.454724 -0.593701 -0.454724
-0.552756 -0.454724 -0.552756 -0.454724
-0.511811 -0.454724 -0.511811 -0.454724
-0.470866 -0.454724 -0.470866 -0.454724
-0.429921 -0.454724 -0.429921 -0.454724
-0.388976 -0.454724 -0.388976 -0.454724
-0.348031 -0.454724 -0.348031 -0.454724
-0.307087 -0.454724 -0.307087 -0.454724
-0.266142 -0.454724 -0.266142 -0.454724
-0.225197 -0.454724 -0.225197 -0.454724
-0.184252 -0.454724 -0.184252 -0.454724
-0.143307 -0.454724 -0.143307 -0.454724
-0.102362 -0.454724 -0.102362 -0.454724
-0.061417 -0.454724 -0.061417 -0.454724
-0.020472 -0.454724 -0.020472 -0.454724
0.020472 -0.454724 0.020472 -0.454724
0.061417 -0.454724 0.061417 -0.454724
0.102362 -0.454724 0.102362 -0.454724
0.143307 -0.454724 0.143307 -0.454724
0.184252 -0.454724 0.184252 -0.454724
0.225197 -0.454724 0.225197 -0.454724
0.266142 -0.454724 0.266142 -0.454724
0.307087 -0.454724 0.307087 -0.454724
0.348031 -0.454724 0.348031 -0.454724
0.388976 -0.454724 0.388976 -0.454724
0.429921 -0.454724 0.429921 -0.454724
0.470866 -0.454724 0.470866 -0.454724
0.511811 -0.454724 0.511811 -0.454724
0.552756 -0.454724 0.552756 -0.454724
0.593701 -0.454724 0.593701 -0.454724
0.634646 -0.454724 0.634646 -0.454724
0.675591 -0.454724 0.675591 -0.454724
0.716535 -0.454724 0.716535 -0.454724
0.757480 -0.454724 0.757480 -0.454724
0.798425 -0.454724 0.798425 -0.454724
0.839370 -0.454724 0.839370 -0.454724
0.880315 -0.454724 0.880315 -0.454724
0.921260 -0.454724 0.921260 -0.454724
0.962205 -0.454724 0.962205 -0.454724
1.003150 -0.454724 1.003150 -0.454724
1.044094 -0.454724 1.044094 -0.454724
1.085039 -0.454724 1.085039 -0.454724
1.125984 -0.454724 1.125984 -0.454724
1.166929 -0.454724 1.166929 -0.454724
1.207874 -0.454724 1.207874 -0.454724
1.248819 -0.454724 1.248819 -0.454724
1.289764 -0.454724 1.289764 -0.454724
1.330709 -0.454724 1.330709 -0.454724
1.371654 -0.454724 1.371654 -0.454724
1.412598 -0.454724 1.412598 -0.454724
1.453543 -0.454724 1.453543 -0.454724
1.494488 -0.454724 1.494488 -0.454724
1.535433 -0.454724 1.535433 -0.454724
1.576378 -0.454724 1.576378 -0.454724
1.617323 -0.454724 1.617323 -0.454724
1.658268 -0.454724 1.658268 -0.454724
1.699213 -0.454724 1.699213 -0.454724
1.740157 -0.454724 1.740157 -0.454724
1.781102 -0.454724 1.781102 -0.454724
1.822047 -0.454724 1.822047 -0.454724
1.862992 -0.454724 1.862992 -0.454724
1.903937 -0.454724 1.903937 -0.454724
1.944882 -0.454724 1.944882 -0.454724
1.985827 -0.454724 1.985827 -0.454724
2.026772 -0.454724 2.026772 -0.454724
2.067717 -0.454724 2.067717 -0.454724
2.108661 -0.454724 2.108661 -0.454724
2.149606 -0.454724 2.149606 -0.454724
2.190551 -0.454724 2.190551 -0.454724
2.231496 -0.454724 2.231496 -0.454724
2.272441 -0.454724 2.272441 -0.454724
2.313386 -0.454724 2.313386 -0.454724
2.354331 -0.454724 2.354331 -0.454724
2.395276 -0.454724 2.395276 -0.454724
2.436220 -0.454724 2.436220 -0.454724
2.477165 -0.454724 2.477165 -0.454724
2.518110 -0.454724 2.518110 -0.454724
2.559055 -0.454724 2.559055 -0.454724
2.600000 -0.454724 2.600000 -0.454724
-2.600000 -0.438189 -2.600000 -0.438189
-2.559055 -0.438189 -2.559055 -0.438189
-2.518110 -0.438189 -2.518110 -0.438189
-2.477165 -0.438189 -2.477165 -0.438189
-2.436220 -0.438189 -2.436220 -0.438189
-2.395276 -0.438189 -2.395276 -0.438189
-2.354331 -0.438189 -2.354331 -0.438189
-2.313386 -0.438189 -2.313386 -0.438189
-2.272441 -0.438189 -2.272441 -0.438189
-2.231496 -0.438189 -2.231496 -0.438189
-2.190551 -0.438189 -2.190551 -0.438189
-2.149606 -0.438189 -2.149606 -0.438189
-2.108661 -0.438189 -2.108661 -0.438189
-2.067717 -0.438189 -2.067717 -0.438189
-2.026772 -0.438189 -2.026772 -0.438189
-1.985827 -0.438189 -1.985827 -0.438189
-1.944882 -0.438189 -1.944882 -0.438189
-1.903937 -0.438189 -1.903937 -0.438189
-1.862992 -0.438189 -1.862992 -0.438189
-1.822047 -0.438189 -1.822047 -0.438189
-1.781102 -0.438189 -1.781102 -0.438189
-1.740157 -0.438189 -1.740157 -0.438189
-1.699213 -0.438189 -1.699213 -0.438189
-1.658268 -0.438189 -1.658268 -0.438189
-1.617323 -0.438189 -1.617323 -0.438189
-1.576378 -0.438189 -1.576378 -0.438189
-1.535433 -0.438189 -1.535433 -0.438189
-1.494488 -0.438189 -1.494488 -0.438189
-1.453543 -0.438189 -1.453543 -0.438189
-1.412598 -0.438189 -1.412598 -0.438189
-1.371654 -0.438189 -1.371654 -0.438189
-1.330709 -0.438189 -1.330709 -0.438189
-1.289764 -0.438189 -1.289764 -0.438189
-1.248819 -0.438189 -1.248819 -0.438189
-1.207874 -0.438189 -1.207874 -0.438189
-1.166929 -0.438189 -1.166929 -0.438189
-1.125984 -0.438189 -1.125984 -0.438189
-1.085039 -0.438189 -1.085039 -0.438189
-1.044094 -0.438189 -1.044094 -0.438189
-1.003150 -0.438189 -1.003150 -0.438189
-0.962205 -0.438189 -0.962205 -0.438189
-0.921260 -0.438189 -0.921260 -0.438189
-0.880315 -0.438189 -0.880315 -0.438189
-0.839370 -0.438189 -0.839370 -0.438189
-0.798425 -0.438189 -0.798425 -0.438189
-0.757480 -0.438189 -0.757480 -0.438189
-0.716535 -0.438189 -0.716535 -0.438189
-0.675591 -0.438189 -0.294888 -0.438189
-0.634646 -0.438189 -0.187984 -0.438189
-0.593701 -0.438189 -0.253058 -0.438189
-0.552756 -0.438189 -0.186379 -0.438189
-0.511811 -0.438189 -0.244749 -0.438189
-0.470866 -0.438189 -0.192553 -0.438189
-0.429921 -0.438189 -0.238839 -0.438189
-0.388976 -0.438189 -0.193219 -0.438189
-0.348031 -0.438189 -0.147598 -0.438189
-0.307087 -0.438189 -0.101977 -0.438189
-0.266142 -0.438189 -0.147294 -0.438189
-0.225197 -0.438189 -0.104861 -0.438189
-0.184252 -0.438189 -0.062427 -0.438189
-0.143307 -0.438189 -0.103252 -0.438189
-0.102362 -0.438189 -0.062151 -0.438189
-0.061417 -0.438189 -0.021050 -0.438189
-0.020472 -0.438189 0.020051 -0.438189
0.020472 -0.438189 -0.020051 -0.438189
0.061417 -0.438189 0.021050 -0.438189
0.102362 -0.438189 0.062151 -0.438189
0.143307 -0.438189 0.103252 -0.438189
0.184252 -0.438189 0.062427 -0.438189
0.225197 -0.438189 0.104861 -0.438189
0.266142 -0.438189 0.147294 -0.438189
0.307087 -0.438189 0.101977 -0.438189
0.348031 -0.438189 0.147598 -0.438189
0.388976 -0.438189 0.193219 -0.438189
0.429921 -0.438189 0.238839 -0.438189
0.470866 -0.438189 0.192553 -0.438189
0.511811 -0.438189 0.244749 -0.438189
0.552756 -0.438189 0.186379 -0.438189
0.593701 -0.438189 0.253058 -0.438189
0.634646 -0.438189 0.187984 -0.438189
0.675591 -0.438189 0.294888 -0.438189
0.716535 -0.438189 0.716535 -0.438189
0.757480 -0.438189 0.757480 -0.438189
0.798425 -0.438189 0.798425 -0.438189
0.839370 -0.438189 0.839370 -0.438189
0.880315 -0.438189 0.880315 -0.438189
0.921260 -0.438189 0.921260 -0.438189
0.962205 -0.438189 0.962205 -0.438189
1.003150 -0.438189 1.003150 -0.438189
1.044094 -0.438189 1.044094 -0.438189
1.085039 -0.438189 1.085039 -0.438189
1.125984 -0.438189 1.125984 -0.438189
1.166929 -0.438189 1.166929 -0.438189
1.207874 -0.438189 1.207874 -0.438189
1.248819 -0.438189 1.248819 -0.438189
1.289764 -0.438189 1.289764 -0.438189
1.330709 -0.438189 1.330709 -0.438189
1.371654 -0.438189 1.371654 -0.438189
1.412598 -0.438189 1.412598 -0.438189
1.453543 -0.438189 1.453543 -0.438189
1.494488 -0.438189 1.494488 -0.438189
1.535433 -0.438189 1.535433 -0.438189
1.576378 -0.438189 1.576378 -0.438189
1.617323 -0.438189 1.617323 -0.438189
1.658268 -0.438189 1.658268 -0.438189
1.699213 -0.438189 1.699213 -0.438189
1.740157 -0.438189 1.740157 -0.438189
1.781102 -0.438189 1.781102 -0.438189
1.822047 -0.438189 1.822047 -0.438189
1.862992 -0.438189 1.862992 -0.438189
1.903937 -0.438189 1.903937 -0.438189
1.944882 -0.438189 1.944882 -0.438189
1.985827 -0.438189 1.985827 -0.438189
2.026772 -0.438189 2.026772 -0.438189
2.067717 -0.438189 2.067717 -0.438189
2.108661 -0.438189 2.108661 -0.438189
2.149606 -0.438189 2.149606 -0.438189
2.190551 -0.438189 2.190551 -0.438189
2.231496 -0.438189 2.231496 -0.438189
2.272441 -0.438189 2.272441 -0.438189
2.313386 -0.438189 2.313386 -0.438189
2.354331 -0.438189 2.354331 -0.438189
2.395276 -0.438189 2.395276 -0.438189
2.436220 -0.438189 2.436220 -0.438189
2.477165 -0.438189 2.477165 -0.438189
2.518110 -0.438189 2.518110 -0.438189
2.559055 -0.438189 2.559055 -0.438189
2.600000 -0.438189 2.600000 -0.438189
-2.600000 -0.421654 -2.600000 -0.421654
-2.559055 -0.421654 -2.559055 -0.421654
-2.518110 -0.421654 -2.518110 -0.421654
-2.477165 -0.421654 -2.477165 -0.421654
-2.436220 -0.421654 -2.436220 -0.421654
-2.395276 -0.421654 -2.395276 -0.421654
-2.354331 -0.421654 -2.354331 -0.421654
-2.313386 -0.421654 -2.313386 -0.421654
-2.272441 -0.421654 -2.272441 -0.421654
-2.231496 -0.421654 -2.231496 -0.421654
-2.190551 -0.421654 -2.190551 -0.421654
-2.149606 -0.421654 -2.149606 -0.421654
-2.108661 -0.421654 -2.108661 -0.421654
-2.067717 -0.421654 -2.067717 -0.421654
-2.026772 -0.421654 -2.026772 -0.421654
-1.985827 -0.421654 -1.985827 -0.421654
-1.944882 -0.421654 -1.944882 -0.421654
-1.903937 -0.421654 -1.903937 -0.421654
-1.862992 -0.421654 -1.862992 -0.421654
-1.822047 -0.421654 -1.822047 -0.421654
-1.781102 -0.421654 -1.781102 -0.421654
-1.740157 -0.421654 -1.740157 -0.421654
-1.699213 -0.421654 -1.699213 -0.421654
-1.658268 -0.421654 -1.658268 -0.421654
-1.617323 -0.421654 -1.617323 -0.421654
-1.576378 -0.421654 -1.576378 -0.421654
-1.535433 -0.421654 -1.535433 -0.421654
-1.494488 -0.421654 -1.494488 -0.421654
-1.453543 -0.421654 -1.453543 -0.421654
-1.412598 -0.421654 -1.412598 -0.421654
-1.371654 -0.421654 -1.371654 -0.421654
-1.330709 -0.421654 -1.330709 -0.421654
-1.289764 -0.421654 -1.289764 -0.421654
-1.248819 -0.421654 -1.248819 -0.421654
-1.207874 -0.421654 -1.207874 -0.421654
-1.166929 -0.421654 -1.166929 -0.421654
-1.125984 -0.421654 -1.125984 -0.421654
-1.085039 -0.421654 -1.085039 -0.421654
-1.044094 -0.421654 -1.044094 -0.421654
-1.003150 -0.421654 -1.003150 -0.421654
-0.962205 -0.421654 -0.962205 -0.421654
-0.921260 -0.421654 -0.921260 -0.421654
-0.880315 -0.421654 -0.880315 -0.421654
-0.839370 -0.421654 -0.839370 -0.421654
-0.798425 -0.421654 -0.798425 -0.421654
-0.757480 -0.421654 -0.757480 -0.421654
-0.716535 -0.421654 -0.716535 -0.421654
-0.675591 -0.421654 -0.294888 -0.421654
-0.634646 -0.421654 -0.187984 -0.421654
-0.593701 -0.421654 -0.253058 -0.421654
-0.552756 -0.421654 -0.186379 -0.421654
-0.511811 -0.421654 -0.244749 -0.421654
-0.470866 -0.421654 -0.192553 -0.421654
-0.429921 -0.421654 -0.238839 -0.421654
-0.388976 -0.421654 -0.193219 -0.421654
-0.348031 -0.421654 -0.147598 -0.421654
-0.307087 -0.421654 -0.101977 -0.421654
-0.266142 -0.421654 -0.147294 -0.421654
-0.225197 -0.421654 -0.104861 -0.421654
-0.184252 -0.421654 -0.062427 -0.421654
-0.143307 -0.421654 -0.103252 -0.421654
-0.102362 -0.421654 -0.062151 -0.421654
-0.061417 -0.421654 -0.021050 -0.421654
-0.020472 -0.421654 0.020051 -0.421654
0.020472 -0.421654 -0.020051 -0.421654
0.061417 -0.421654 0.021050 -0.421654
0.102362 -0.421654 0.062151 -0.421654
0.143307 -0.421654 0.103252 -0.421654
0.184252 -0.421654 0.062427 -0.421654
0.225197 -0.421654 0.104861 -0.421654
0.266142 -0.421654 0.147294 -0.421654
0.307087 -0.421654 0.101977 -0.421654
0.348031 -0.421654 0.147598 -0.421654
0.388976 -0.421654 0.193219 -0.421654
0.429921 -0.421654 0.238839 -0.421654
0.470866 -0.421654 0.192553 -0.421654
0.511811 -0.421654 0.244749 -0.421654
0.552756 -0.421654 0.186379 -0.421654
0.593701 -0.421654 0.253058 -0.421654
0.634646 -0.421654 0.187984 -0.421654
0.675591 -0.421654 0.294888 -0.421654
0.716535 -0.421654 0.716535 -0.421654
0.757480 -0.421654 0.757480 -0.421654
0.798425 -0.421654 0.798425 -0.421654
0.839370 -0.421654 0.839370 -0.421654
0.880315 -0.421654 0.880315 -0.421654
0.921260 -0.421654 0.921260 -0.421654
0.962205 -0.421654 0.962205 -0.421654
1.003150 -0.421654 1.003150 -0.421654
1.044094 -0.421654 1.044094 -0.421654
1.085039 -0.421654 1.085039 -0.421654
1.125984 -0.421654 1.125984 -0.421654
1.166929 -0.421654 1.166929 -0.421654
1.207874 -0.421654 1.207874 -0.421654
1.248819 -0.421654 1.248819 -0.421654
1.289764 -0.421654 1.289764 -0.421654
1.330709 -0.421654 1.330709 -0.421654
1.371654 -0.421654 1.371654 -0.421654
1.412598 -0.421654 1.412598 -0.421654
1.453543 -0.421654 1.453543 -0.421654
1.494488 -0.421654 1.494488 -0.421654
1.535433 -0.421654 1.535433 -0.421654
1.576378 -0.421654 1.576378 -0.421654
1.617323 -0.421654 1.617323 -0.421654
1.658268 -0.421654 1.658268 -0.421654
1.699213 -0.421654 1.699213 -0.421654
1.740157 -0.421654 1.740157 -0.421654
1.781102 -0.421654 1.781102 -0.421654
1.822047 -0.421654 1.822047 -0.421654
1.862992 -0.421654 1.862992 -0.421654
1.903937 -0.421654 1.903937 -0.421654
1.944882 -0.421654 1.944882 -0.421654
1.985827 -0.421654 1.985827 -0.421654
2.026772 -0.421654 2.026772 -0.421654
2.067717 -0.421654 2.067717 -0.421654
2.108661 -0.421654 2.108661 -0.421654
2.149606 -0.421654 2.149606 -0.421654
2.190551 -0.421654 2.190551 -0.421654
2.231496 -0.421654 2.231496 -0.421654
2.272441 -0.421654 2.272441 -0.421654
2.313386 -0.421654 2.313386 -0.421654
2.354331 -0.421654 2.354331 -0.421654
2.395276 -0.421654 2.395276 -0.421654
2.436220 -0.421654 2.436220 -0.421654
2.477165 -0.421654 2.477165 -0.421654
2.518110 -0.421654 2.518110 -0.421654
2.559055 -0.421654 2.559055 -0.421654
2.600000 -0.421654 2.600000 -0.421654
-2.600000 -0.405118 -2.600000 -0.405118
-2.559055 -0.405118 -2.559055 -0.405118
-2.518110 -0.405118 -2.518110 -0.405118
-2.477165 -0.405118 -2.477165 -0.405118
-2.436220 -0.405118 -2.436220 -0.405118
-2.395276 -0.405118 -2.395276 -0.405118
-2.354331 -0.405118 -2.354331 -0.405118
-2.313386 -0.405118 -2.313386 -0.405118
-2.272441 -0.405118 -2.272441 -0.405118
-2.231496 -0.405118 -2.231496 -0.405118
-2.190551 -0.405118 -2.190551 -0.405118
-2.149606 -0.405118 -2.149606 -0.405118
-2.108661 -0.405118 -2.108661 -0.405118
-2.067717 -0.405118 -2.067717 -0.405118
-2.026772 -0.405118 -2.026772 -0.405118
-1.985827 -0.405118 -1.985827 -0.405118
-1.944882 -0.405118 -1.944882 -0.405118
-1.903937 -0.405118 -1.903937 -0.405118
-1.862992 -0.405118 -1.862992 -0.405118
-1.822047 -0.405118 -1.822047 -0.405118
-1.781102 -0.405118 -1.781102 -0.405118
-1.740157 -0.405118 -1.740157 -0.405118
-1.699213 -0.405118 -1.699213 -0.405118
-1.658268 -0.405118 -1.658268 -0.405118
-1.617323 -0.405118 -1.617323 -0.405118
-1.576378 -0.405118 -1.576378 -0.405118
-1.535433 -0.405118 -1.535433 -0.405118
-1.494488 -0.405118 -1.494488 -0.405118
-1.453543 -0.405118 -1.453543 -0.405118
-1.412598 -0.405118 -1.412598 -0.405118
-1.371654 -0.405118 -1.371654 -0.405118
-1.330709 -0.405118 -1.330709 -0.405118
-1.289764 -0.405118 -1.289764 -0.405118
-1.248819 -0.405118 -1.248819 -0.405118
-1.207874 -0.405118 -1.207874 -0.405118
-1.166929 -0.405118 -1.166929 -0.405118
-1.125984 -0.405118 -1.125984 -0.405118
-1.085039 -0.405118 -1.085039 -0.405118
-1.044094 -0.405118 -1.044094 -0.405118
-1.003150 -0.405118 -1.003150 -0.405118
-0.962205 -0.405118 -0.962205 -0.405118
-0.921260 -0.405118 -0.921260 -0.405118
-0.880315 -0.405118 -0.880315 -0.405118
-0.839370 -0.405118 -0.839370 -0.405118
-0.798425 -0.405118 -0.798425 -0.405118
-0.757480 -0.405118 -0.757480 -0.405118
-0.716535 -0.405118 -0.716535 -0.405118
-0.675591 -0.405118 -0.294888 -0.405118
-0.634646 -0.405118 -0.187984 -0.405118
-0.593701 -0.405118 -0.253058 -0.405118
-0.552756 -0.405118 -0.186379 -0.405118
-0.511811 -0.405118 -0.244749 -0.405118
-0.470866 -0.405118 -0.192553 -0.405118
-0.429921 -0.405118 -0.238839 -0.405118
-0.388976 -0.405118 -0.193219 -0.405118
-0.348031 -0.405118 -0.147598 -0.405118
-0.307087 -0.405118 -0.101977 -0.405118
-0.266142 -0.405118 -0.147294 -0.405118
-0.225197 -0.405118 -0.104861 -0.405118
-0.184252 -0.405118 -0.062427 -0.405118
-0.143307 -0.405118 -0.103252 -0.405118
-0.102362 -0.405118 -0.062151 -0.405118
-0.061417 -0.405118 -0.021050 -0.405118
-0.020472 -0.405118 0.020051 -0.405118
0.020472 -0.405118 -0.020051 -0.405118
0.061417 -0.405118 0.021050 -0.405118
0.102362 -0.405118 0.062151 -0.405118
0.143307 -0.405118 0.103252 -0.405118
0.184252 -0.405118 0.062427 -0.405118
0.225197 -0.405118 0.104861 -0.405118
0.266142 -0.405118 0.147294 -0.405118
0.307087 -0.405118 0.101977 -0.405118
0.348031 -0.405118 0.147598 -0.405118
0.388976 -0.405118 0.193219 -0.405118
0.429921 -0.405118 0.238839 -0.405118
0.470866 -0.405118 0.192553 -0.405118
0.511811 -0.405118 0.244749 -0.405118
0.552756 -0.405118 0.186379 -0.405118
0.593701 -0.405118 0.253058 -0.405118
0.634646 -0.405118 0.187984 -0.405118
0.675591 -0.405118 0.294888 -0.405118
0.716535 -0.405118 0.716535 -0.405118
0.757480 -0.405118 0.757480 -0.405118
0.798425 -0.405118 0.798425 -0.405118
0.839370 -0.405118 0.839370 -0.405118
0.880315 -0.405118 0.880315 -0.405118
0.921260 -0.405118 0.921260 -0.405118
0.962205 -0.405118 0.962205 -0.405118
1.003150 -0.405118 1.003150 -0.405118
1.044094 -0.405118 1.044094 -0.405118
1.085039 -0.405118 1.085039 -0.405118
1.125984 -0.405118 1.125984 -0.405118
1.166929 -0.405118 1.166929 -0.405118
1.207874 -0.405118 1.207874 -0.405118
1.248819 -0.405118 1.248819 -0.405118
1.289764 -0.405118 1.289764 -0.405118
1.330709 -0.405118 1.330709 -0.405118
1.371654 -0.405118 1.371654 -0.405118
1.412598 -0.405118 1.412598 -0.405118
1.453543 -0.405118 1.453543 -0.405118
1.494488 -0.405118 1.494488 -0.405118
1.535433 -0.405118 1.535433 -0.405118
1.576378 -0.405118 1.576378 -0.405118
1.617323 -0.405118 1.617323 -0.405118
1.658268 -0.405118 1.658268 -0.405118
1.699213 -0.405118 1.699213 -0.405118
1.740157 -0.405118 1.740157 -0.405118
1.781102 -0.405118 1.781102 -0.405118
1.822047 -0.405118 1.822047 -0.405118
1.862992 -0.405118 1.862992 -0.405118
1.903937 -0.405118 1.903937 -0.405118
1.944882 -0.405118 1.944882 -0.405118
1.985827 -0.405118 1.985827 -0.405118
2.026772 -0.405118 2.026772 -0.405118
2.067717 -0.405118 2.067717 -0.405118
2.108661 -0.405118 2.108661 -0.405118
2.149606 -0.405118 2.149606 -0.405118
2.190551 -0.405118 2.190551 -0.405118
2.231496 -0.405118 2.231496 -0.405118
2.272441 -0.405118 2.272441 -0.405118
2.313386 -0.405118 2.313386 -0.405118
2.354331 -0.405118 2.354331 -0.405118
2.395276 -0.405118 2.395276 -0.405118
2.436220 -0.405118 2.436220 -0.405118
2.477165 -0.405118 2.477165 -0.405118
2.518110 -0.405118 2.518110 -0.405118
2.559055 -0.405118 2.559055 -0.405118
2.600000 -0.405118 2.600000 -0.405118
-2.600000 -0.388583 -2.600000 -0.388583
-2.559055 -0.388583 -2.559055 -0.388583
-2.518110 -0.388583 -2.518110 -0.388583
-2.477165 -0.388583 -2.477165 -0.388583
-2.436220 -0.388583 -2.436220 -0.388583
-2.395276 -0.388583 -2.395276 -0.388583
-2.354331 -0.388583 -2.354331 -0.388583
-2.313386 -0.388583 -2.313386 -0.388583
-2.272441 -0.388583 -2.272441 -0.388583
-2.231496 -0.388583 -2.231496 -0.388583
-2.190551 -0.388583 -2.190551 -0.388583
-2.149606 -0.388583 -2.149606 -0.388583
-2.108661 -0.388583 -2.108661 -0.388583
-2.067717 -0.388583 -2.067717 -0.388583
-2.026772 -0.388583 -2.026772 -0.388583
-1.985827 -0.388583 -1.985827 -0.388583
-1.944882 -0.388583 -1.944882 -0.388583
-1.903937 -0.388583 -1.903937 -0.388583
-1.862992 -0.388583 -1.862992 -0.388583
-1.822047 -0.388583 -1.822047 -0.388583
-1.781102 -0.388583 -1.781102 -0.388583
-1.740157 -0.388583 -1.740157 -0.388583
-1.699213 -0.388583 -1.699213 -0.388583
-1.658268 -0.388583 -1.658268 -0.388583
-1.617323 -0.388583 -1.617323 -0.388583
-1.576378 -0.388583 -1.576378 -0.388583
-1.535433 -0.388583 -1.535433 -0.388583
-1.494488 -0.388583 -1.494488 -0.388583
-1.453543 -0.388583 -1.453543 -0.388583
-1.412598 -0.388583 -1.412598 -0.388583
-1.371654 -0.388583 -1.371654 -0.388583
-1.330709 -0.388583 -1.330709 -0.388583
-1.289764 -0.388583 -1.289764 -0.388583
-1.248819 -0.388583 -1.248819 -0.388583
-1.207874 -0.388583 -1.207874 -0.388583
-1.166929 -0.388583 -1.166929 -0.388583
-1.125984 -0.388583 -1.125984 -0.388583
-1.085039 -0.388583 -1.085039 -0.388583
-1.044094 -0.388583 -1.044094 -0.388583
-1.003150 -0.388583 -1.003150 -0.388583
-0.962205 -0.388583 -0.962205 -0.388583
-0.921260 -0.388583 -0.921260 -0.388583
-0.880315 -0.388583 -0.880315 -0.388583
-0.839370 -0.388583 -0.839370 -0.388583
-0.798425 -0.388583 -0.798425 -0.388583
-0.757480 -0.388583 -0.757480 -0.388583
-0.716535 -0.388583 -0.716535 -0.388583
-0.675591 -0.388583 -0.675591 -0.388583
-0.634646 -0.388583 -0.634646 -0.388583
-0.593701 -0.388583 -0.593701 -0.388583
-0.552756 -0.388583 -0.552756 -0.388583
-0.511811 -0.388583 -0.511811 -0.388583
-0.470866 -0.388583 -0.470866 -0.388583
-0.429921 -0.388583 -0.429921 -0.388583
-0.388976 -0.388583 -0.388976 -0.388583
-0.348031 -0.388583 -0.348031 -0.388583
-0.307087 -0.388583 -0.307087 -0.388583
-0.266142 -0.388583 -0.266142 -0.388583
-0.225197 -0.388583 -0.225197 -0.388583
-0.184252 -0.388583 -0.184252 -0.388583
-0.143307 -0.388583 -0.143307 -0.388583
-0.102362 -0.388583 -0.102362 -0.388583
-0.061417 -0.388583 -0.061417 -0.388583
-0.020472 -0.388583 -0.020472 -0.388583
0.020472 -0.388583 0.020472 -0.388583
0.061417 -0.388583 0.061417 -0.388583
0.102362 -0.388583 0.102362 -0.388583
0.143307 -0.388583 0.143307 -0.388583
0.184252 -0.388583 0.184252 -0.388583
0.225197 -0.388583 0.225197 -0.388583
0.266142 -0.388583 0.266142 -0.388583
0.307087 -0.388583 0.307087 -0.388583
0.348031 -0.388583 0.348031 -0.388583
0.388976 -0.388583 0.388976 -0.388583
0.429921 -0.388583 0.429921 -0.388583
0.470866 -0.388583 0.470866 -0.388583
0.511811 -0.388583 0.511811 -0.388583
0.552756 -0.388583 0.552756 -0.388583
0.593701 -0.388583 0.593701 -0.388583
0.634646 -0.388583 0.634646 -0.388583
0.675591 -0.388583 0.675591 -0.388583
0.716535 -0.388583 0.716535 -0.388583
0.757480 -0.388583 0.757480 -0.388583
0.798425 -0.388583 0.798425 -0.388583
0.839370 -0.388583 0.839370 -0.388583
0.880315 -0.388583 0.880315 -0.388583
0.921260 -0.388583 0.921260 -0.388583
0.962205 -0.388583 0.962205 -0.388583
1.003150 -0.388583 1.003150 -0.388583
1.044094 -0.388583 1.044094 -0.388583
1.085039 -0.388583 1.085039 -0.388583
1.125984 -0.388583 1.125984 -0.388583
1.166929 -0.388583 1.166929 -0.388583
1.207874 -0.388583 1.207874 -0.388583
1.248819 -0.388583 1.248819 -0.388583
1.289764 -0.388583 1.289764 -0.388583
1.330709 -0.388583 1.330709 -0.388583
1.371654 -0.388583 1.371654 -0.388583
1.412598 -0.388583 1.412598 -0.388583
1.453543 -0.388583 1.453543 -0.388583
1.494488 -0.388583 1.494488 -0.388583
1.535433 -0.388583 1.535433 -0.388583
1.576378 -0.388583 1.576378 -0.388583
1.617323 -0.388583 1.617323 -0.388583
1.658268 -0.388583 1.658268 -0.388583
1.699213 -0.388583 1.699213 -0.388583
1.740157 -0.388583 1.740157 -0.388583
1.781102 -0.388583 1.781102 -0.388583
1.822047 -0.388583 1.822047 -0.388583
1.862992 -0.388583 1.862992 -0.388583
1.903937 -0.388583 1.903937 -0.388583
1.944882 -0.388583 1.944882 -0.388583
1.985827 -0.388583 1.985827 -0.388583
2.026772 -0.388583 2.026772 -0.388583
2.067717 -0.388583 2.067717 -0.388583
2.108661 -0.388583 2.108661 -0.388583
2.149606 -0.388583 2.149606 -0.388583
2.190551 -0.388583 2.190551 -0.388583
2.231496 -0.388583 2.231496 -0.388583
2.272441 -0.388583 2.272441 -0.388583
2.313386 -0.388583 2.313386 -0.388583
2.354331 -0.388583 2.354331 -0.388583
2.395276 -0.388583 2.395276 -0.388583
2.436220 -0.388583 2.436220 -0.388583
2.477165 -0.388583 2.477165 -0.388583
2.518110 -0.388583 2.518110 -0.388583
2.559055 -0.388583 2.559055 -0.388583
2.600000 -0.388583 2.600000 -0.388583
-2.600000 -0.372047 -2.600000 -0.372047
-2.559055 -0.372047 -2.559055 -0.372047
-2.518110 -0.372047 -2.518110 -0.372047
-2.477165 -0.372047 -2.477165 -0.372047
-2.436220 -0.372047 -2.436220 -0.372047
-2.395276 -0.372047 -2.395276 -0.372047
-2.354331 -0.372047 -2.354331 -0.372047
-2.313386 -0.372047 -2.313386 -0.372047
-2.272441 -0.372047 -2.272441 -0.372047
-2.231496 -0.372047 -2.231496 -0.372047
-2.190551 -0.372047 -2.190551 -0.372047
-2.149606 -0.372047 -2.149606 -0.372047
-2.108661 -0.372047 -2.108661 -0.372047
-2.067717 -0.372047 -2.067717 -0.372047
-2.026772 -0.372047 -2.026772 -0.372047
-1.985827 -0.372047 -1.985827 -0.372047
-1.944882 -0.372047 -1.944882 -0.372047
-1.903937 -0.372047 -1.903937 -0.372047
-1.862992 -0.372047 -1.862992 -0.372047
-1.822047 -0.372047 -1.822047 -0.372047
-1.781102 -0.372047 -1.781102 -0.372047
-1.740157 -0.372047 -1.740157 -0.372047
-1.699213 -0.372047 -1.699213 -0.372047
-1.658268 -0.372047 -1.658268 -0.372047
-1.617323 -0.372047 -1.617323 -0.372047
-1.576378 -0.372047 -1.576378 -0.372047
-1.535433 -0.372047 -1.535433 -0.372047
-1.494488 -0.372047 -1.494488 -0.372047
-1.453543 -0.372047 -1.453543 -0.372047
-1.412598 -0.372047 -1.412598 -0.372047
-1.371654 -0.372047 -1.371654 -0.372047
-1.330709 -0.372047 -1.330709 -0.372047
-1.289764 -0.372047 -1.289764 -0.372047
-1.248819 -0.372047 -1.248819 -0.372047
-1.207874 -0.372047 -1.207874 -0.372047
-1.166929 -0.372047 -1.166929 -0.372047
-1.125984 -0.372047 -1.125984 -0.372047
-1.085039 -0.372047 -1.085039 -0.372047
-1.044094 -0.372047 -1.044094 -0.372047
-1.003150 -0.372047 -1.003150 -0.372047
-0.962205 -0.372047 -0.962205 -0.372047
-0.921260 -0.372047 -0.921260 -0.372047
-0.880315 -0.372047 -0.880315 -0.372047
-0.839370 -0.372047 -0.839370 -0.372047
-0.798425 -0.372047 -0.798425 -0.372047
-0.757480 -0.372047 -0.757480 -0.372047
-0.716535 -0.372047 -0.716535 -0.372047
-0.675591 -0.372047 -0.675591 -0.372047
-0.634646 -0.372047 -0.634646 -0.372047
-0.593701 -0.372047 -0.593701 -0.372047
-0.552756 -0.372047 -0.552756 -0.372047
-0.511811 -0.372047 -0.511811 -0.372047
-0.470866 -0.372047 -0.470866 -0.372047
-0.429921 -0.372047 -0.429921 -0.372047
-0.388976 -0.372047 -0.388976 -0.372047
-0.348031 -0.372047 -0.348031 -0.372047
-0.307087 -0.372047 -0.307087 -0.372047
-0.266142 -0.372047 -0.266142 -0.372047
-0.225197 -0.372047 -0.225197 -0.372047
-0.184252 -0.372047 -0.184252 -0.372047
-0.143307 -0.372047 -0.143307 -0.372047
-0.102362 -0.372047 -0.102362 -0.372047
-0.061417 -0.372047 -0.061417 -0.372047
-0.020472 -0.372047 -0.020472 -0.372047
0.020472 -0.372047 0.020472 -0.372047
0.061417 -0.372047 0.061417 -0.372047
0.102362 -0.372047 0.102362 -0.372047
0.143307 -0.372047 0.143307 -0.372047
0.184252 -0.372047 0.184252 -0.372047
0.225197 -0.372047 0.225197 -0.372047
0.266142 -0.372047 0.266142 -0.372047
0.307087 -0.372047 0.307087 -0.372047
0.348031 -0.372047 0.348031 -0.372047
0.388976 -0.372047 0.388976 -0.372047
0.429921 -0.372047 0.429921 -0.372047
0.470866 -0.372047 0.470866 -0.372047
0.511811 -0.372047 0.511811 -0.372047
0.552756 -0.372047 0.552756 -0.372047
0.593701 -0.372047 0.593701 -0.372047
0.634646 -0.372047 0.634646 -0.372047
0.675591 -0.372047 0.675591 -0.372047
0.716535 -0.372047 0.716535 -0.372047
0.757480 -0.372047 0.757480 -0.372047
0.798425 -0.372047 0.798425 -0.372047
0.839370 -0.372047 0.839370 -0.372047
0.880315 -0.372047 0.880315 -0.372047
0.921260 -0.372047 0.921260 -0.372047
0.962205 -0.372047 0.962205 -0.372047
1.003150 -0.372047 1.003150 -0.372047
1.044094 -0.372047 1.044094 -0.372047
1.085039 -0.372047 1.085039 -0.372047
1.125984 -0.372047 1.125984 -0.372047
1.166929 -0.372047 1.166929 -0.372047
1.207874 -0.372047 1.207874 -0.372047
1.248819 -0.372047 1.248819 -0.372047
1.289764 -0.372047 1.289764 -0.372047
1.330709 -0.372047 1.330709 -0.372047
1.371654 -0.372047 1.371654 -0.372047
1.412598 -0.372047 1.412598 -0.372047
1.453543 -0.372047 1.453543 -0.372047
1.494488 -0.372047 1.494488 -0.372047
1.535433 -0.372047 1.535433 -0.372047
1.576378 -0.372047 1.576378 -0.372047
1.617323 -0.372047 1.617323 -0.372047
1.658268 -0.372047 1.658268 -0.372047
1.699213 -0.372047 1.699213 -0.372047
1.740157 -0.372047 1.740157 -0.372047
1.781102 -0.372047 1.781102 -0.372047
1.822047 -0.372047 1.822047 -0.372047
1.862992 -0.372047 1.862992 -0.372047
1.903937 -0.372047 1.903937 -0.372047
1.944882 -0.372047 1.944882 -0.372047
1.985827 -0.372047 1.985827 -0.372047
2.026772 -0.372047 2.026772 -0.372047
2.067717 -0.372047 2.067717 -0.372047
2.108661 -0.372047 2.108661 -0.372047
2.149606 -0.372047 2.149606 -0.372047
2.190551 -0.372047 2.190551 -0.372047
2.231496 -0.372047 2.231496 -0.372047
2.272441 -0.372047 2.272441 -0.372047
2.313386 -0.372047 2.313386 -0.372047
2.354331 -0.372047 2.354331 -0.372047
2.395276 -0.372047 2.395276 -0.372047
2.436220 -0.372047 2.436220 -0.372047
2.477165 -0.372047 2.477165 -0.372047
2.518110 -0.372047 2.518110 -0.372047
2.559055 -0.372047 2.559055 -0.372047
2.600000 -0.372047 2.600000 -0.372047
-2.600000 -0.355512 -2.600000 -0.355512
-2.559055 -0.355512 -2.559055 -0.355512
-2.518110 -0.355512 -2.518110 -0.355512
-2.477165 -0.355512 -2.477165 -0.355512
-2.436220 -0.355512 -2.436220 -0.355512
-2.395276 -0.355512 -2.395276 -0.355512
-2.354331 -0.355512 -2.354331 -0.355512
-2.313386 -0.355512 -2.313386 -0.355512
-2.272441 -0.355512 -2.272441 -0.355512
-2.231496 -0.355512 -2.231496 -0.355512
-2.190551 -0.355512 -2.190551 -0.355512
-2.149606 -0.355512 -2.149606 -0.355512
-2.108661 -0.355512 -2.108661 -0.355512
-2.067717 -0.355512 -2.067717 -0.355512
-2.026772 -0.355512 -2.026772 -0.355512
-1.985827 -0.355512 -1.985827 -0.355512
-1.944882 -0.355512 -1.944882 -0.355512
-1.903937 -0.355512 -1.903937 -0.355512
-1.862992 -0.355512 -1.862992 -0.355512
-1.822047 -0.355512 -1.822047 -0.355512
-1.781102 -0.355512 -1.781102 -0.355512
-1.740157 -0.355512 -1.740157 -0.355512
-1.699213 -0.355512 -1.699213 -0.355512
-1.658268 -0.355512 -1.658268 -0.355512
-1.617323 -0.355512 -1.617323 -0.355512
-1.576378 -0.355512 -1.576378 -0.355512
-1.535433 -0.355512 -1.535433 -0.355512
-1.494488 -0.355512 -1.494488 -0.355512
-1.453543 -0.355512 -1.453543 -0.355512
-1.412598 -0.355512 -1.412598 -0.355512
-1.371654 -0.355512 -1.371654 -0.355512
-1.330709 -0.355512 -1.330709 -0.355512
-1.289764 -0.355512 -1.289764 -0.355512
-1.248819 -0.355512 -1.248819 -0.355512
-1.207874 -0.355512 -1.207874 -0.355512
-1.166929 -0.355512 -1.166929 -0.355512
-1.125984 -0.355512 -1.125984 -0.355512
-1.085039 -0.355512 -1.085039 -0.355512
-1.044094 -0.355512 -1.044094 -0.355512
-1.003150 -0.355512 -1.003150 -0.355512
-0.962205 -0.355512 -0.962205 -0.355512
-0.921260 -0.355512 -0.921260 -0.355512
-0.880315 -0.355512 -0.880315 -0.355512
-0.839370 -0.355512 -0.839370 -0.355512
-0.798425 -0.355512 -0.798425 -0.355512
-0.757480 -0.355512 -0.757480 -0.355512
-0.716535 -0.355512 -0.716535 -0.355512
-0.675591 -0.355512 -0.675591 -0.355512
-0.634646 -0.355512 -0.634646 -0.355512
-0.593701 -0.355512 -0.593701 -0.355512
-0.552756 -0.355512 -0.552756 -0.355512
-0.511811 -0.355512 -0.511811 -0.355512
-0.470866 -0.355512 -0.470866 -0.355512
-0.429921 -0.355512 -0.429921 -0.355512
-0.388976 -0.355512 -0.388976 -0.355512
-0.348031 -0.355512 -0.348031 -0.355512
-0.307087 -0.355512 -0.307087 -0.355512
-0.266142 -0.355512 -0.266142 -0.355512
-0.225197 -0.355512 -0.225197 -0.355512
-0.184252 -0.355512 -0.184252 -0.355512
-0.143307 -0.355512 -0.143307 -0.355512
-0.102362 -0.355512 -0.102362 -0.355512
-0.061417 -0.355512 -0.061417 -0.355512
-0.020472 -0.355512 -0.020472 -0.355512
0.020472 -0.355512 0.020472 -0.355512
0.061417 -0.355512 0.061417 -0.355512
0.102362 -0.355512 0.102362 -0.355512
0.143307 -0.355512 0.143307 -0.355512
0.184252 -0.355512 0.184252 -0.355512
0.225197 -0.355512 0.225197 -0.355512
0.266142 -0.355512 0.266142 -0.355512
0.307087 -0.355512 0.307087 -0.355512
0.348031 -0.355512 0.348031 -0.355512
0.388976 -0.355512 0.388976 -0.355512
0.429921 -0.355512 0.429921 -0.355512
0.470866 -0.355512 0.470866 -0.355512
0.511811 -0.355512 0.511811 -0.355512
0.552756 -0.355512 0.552756 -0.355512
0.593701 -0.355512 0.593701 -0.355512
0.634646 -0.355512 0.634646 -0.355512
0.675591 -0.355512 0.675591 -0.355512
0.716535 -0.355512 0.716535 -0.355512
0.757480 -0.355512 0.757480 -0.355512
0.798425 -0.355512 0.798425 -0.355512
0.839370 -0.355512 0.839370 -0.355512
0.880315 -0.355512 0.880315 -0.355512
0.921260 -0.355512 0.921260 -0.355512
0.962205 -0.355512 0.962205 -0.355512
1.003150 -0.355512 1.003150 -0.355512
1.044094 -0.355512 1.044094 -0.355512
1.085039 -0.355512 1.085039 -0.355512
1.125984 -0.355512 1.125984 -0.355512
1.166929 -0.355512 1.166929 -0.355512
1.207874 -0.355512 1.207874 -0.355512
1.248819 -0.355512 1.248819 -0.355512
1.289764 -0.355512 1.289764 -0.355512
1.330709 -0.355512 1.330709 -0.355512
1.371654 -0.355512 1.371654 -0.355512
1.412598 -0.355512 1.412598 -0.355512
1.453543 -0.355512 1.453543 -0.355512
1.494488 -0.355512 1.494488 -0.355512
1.535433 -0.355512 1.535433 -0.355512
1.576378 -0.355512 1.576378 -0.355512
1.617323 -0.355512 1.617323 -0.355512
1.658268 -0.355512 1.658268 -0.355512
1.699213 -0.355512 1.699213 -0.355512
1.740157 -0.355512 1.740157 -0.355512
1.781102 -0.355512 1.781102 -0.355512
1.822047 -0.355512 1.822047 -0.355512
1.862992 -0.355512 1.862992 -0.355512
1.903937 -0.355512 1.903937 -0.355512
1.944882 -0.355512 1.944882 -0.355512
1.985827 -0.355512 1.985827 -0.355512
2.026772 -0.355512 2.026772 -0.355512
2.067717 -0.355512 2.067717 -0.355512
2.108661 -0.355512 2.108661 -0.355512
2.149606 -0.355512 2.149606 -0.355512
2.190551 -0.355512 2.190551 -0.355512
2.231496 -0.355512 2.231496 -0.355512
2.272441 -0.355512 2.272441 -0.355512
2.313386 -0.355512 2.313386 -0.355512
2.354331 -0.355512 2.354331 -0.355512
2.395276 -0.355512 2.395276 -0.355512
2.436220 -0.355512 2.436220 -0.355512
2.477165 -0.355512 2.477165 -0.355512
2.518110 -0.355512 2.518110 -0.355512
2.559055 -0.355512 2.559055 -0.355512
2.600000 -0.355512 2.600000 -0.355512
-2.600000 -0.338976 -2.600000 -0.338976
-2.559055 -0.338976 -2.559055 -0.338976
-2.518110 -0.338976 -2.518110 -0.338976
-2.477165 -0.338976 -2.477165 -0.338976
-2.436220 -0.338976 -2.436220 -0.338976
-2.395276 -0.338976 -2.395276 -0.338976
-2.354331 -0.338976 -2.354331 -0.338976
-2.313386 -0.338976 -2.313386 -0.338976
-2.272441 -0.338976 -2.272441 -0.338976
-2.231496 -0.338976 -2.231496 -0.338976
-2.190551 -0.338976 -2.190551 -0.338976
-2.149606 -0.338976 -2.149606 -0.338976
-2.108661 -0.338976 -2.108661 -0.338976
-2.067717 -0.338976 -2.067717 -0.338976
-2.026772 -0.338976 -2.026772 -0.338976
-1.985827 -0.338976 -1.985827 -0.338976
-1.944882 -0.338976 -1.944882 -0.338976
-1.903937 -0.338976 -1.903937 -0.338976
-1.862992 -0.338976 -1.862992 -0.338976
-1.822047 -0.338976 -1.822047 -0.338976
-1.781102 -0.338976 -1.781102 -0.338976
-1.740157 -0.338976 -1.740157 -0.338976
-1.699213 -0.338976 -1.699213 -0.338976
-1.658268 -0.338976 -1.658268 -0.338976
-1.617323 -0.338976 -1.617323 -0.338976
-1.576378 -0.338976 -1.576378 -0.338976
-1.535433 -0.338976 -1.535433 -0.338976
-1.494488 -0.338976 -1.494488 -0.338976
-1.453543 -0.338976 -1.453543 -0.338976
-1.412598 -0.338976 -1.412598 -0.338976
-1.371654 -0.338976 -1.371654 -0.338976
-1.330709 -0.338976 -1.330709 -0.338976
-1.289764 -0.338976 -1.289764 -0.338976
-1.248819 -0.338976 -1.248819 -0.338976
-1.207874 -0.338976 -1.207874 -0.338976
-1.166929 -0.338976 -1.166929 -0.338976
-1.125984 -0.338976 -1.125984 -0.338976
-1.085039 -0.338976 -1.085039 -0.338976
-1.044094 -0.338976 -1.044094 -0.338976
-1.003150 -0.338976 -1.003150 -0.338976
-0.962205 -0.338976 -0.962205 -0.338976
-0.921260 -0.338976 -0.921260 -0.338976
-0.880315 -0.338976 -0.880315 -0.338976
-0.839370 -0.338976 -0.839370 -0.338976
-0.798425 -0.338976 -0.798425 -0.338976
-0.757480 -0.338976 -0.757480 -0.338976
-0.716535 -0.338976 -0.716535 -0.338976
-0.675591 -0.338976 -0.675591 -0.338976
-0.634646 -0.338976 -0.634646 -0.338976
-0.593701 -0.338976 -0.593701 -0.338976
-0.552756 -0.338976 -0.552756 -0.338976
-0.511811 -0.338976 -0.511811 -0.338976
-0.470866 -0.338976 -0.470866 -0.338976
-0.429921 -0.338976 -0.429921 -0.338976
-0.388976 -0.338976 -0.388976 -0.338976
-0.348031 -0.338976 -0.348031 -0.338976
-0.307087 -0.338976 -0.307087 -0.338976
-0.266142 -0.338976 -0.266142 -0.338976
-0.225197 -0.338976 -0.225197 -0.338976
-0.184252 -0.338976 -0.184252 -0.338976
-0.143307 -0.338976 -0.143307 -0.338976
-0.102362 -0.338976 -0.102362 -0.338976
-0.061417 -0.338976 -0.061417 -0.338976
-0.020472 -0.338976 -0.020472 -0.338976
0.020472 -0.338976 0.020472 -0.338976
0.061417 -0.338976 0.061417 -0.338976
0.102362 -0.338976 0.102362 -0.338976
0.143307 -0.338976 0.143307 -0.338976
0.184252 -0.338976 0.184252 -0.338976
0.225197 -0.338976 0.225197 -0.338976
0.266142 -0.338976 0.266142 -0.338976
0.307087 -0.338976 0.307087 -0.338976
0.348031 -0.338976 0.348031 -0.338976
0.388976 -0.338976 0.388976 -0.338976
0.429921 -0.338976 0.429921 -0.338976
0.470866 -0.338976 0.470866 -0.338976
0.511811 -0.338976 0.511811 -0.338976
0.552756 -0.338976 0.552756 -0.338976
0.593701 -0.338976 0.593701 -0.338976
0.634646 -0.338976 0.634646 -0.338976
0.675591 -0.338976 0.675591 -0.338976
0.716535 -0.338976 0.716535 -0.338976
0.757480 -0.338976 0.757480 -0.338976
0.798425 -0.338976 0.798425 -0.338976
0.839370 -0.338976 0.839370 -0.338976
0.880315 -0.338976 0.880315 -0.338976
0.921260 -0.338976 0.921260 -0.338976
0.962205 -0.338976 0.962205 -0.338976
1.003150 -0.338976 1.003150 -0.338976
1.044094 -0.338976 1.044094 -0.338976
1.085039 -0.338976 1.085039 -0.338976
1.125984 -0.338976 1.125984 -0.338976
1.166929 -0.338976 1.166929 -0.338976
1.207874 -0.338976 1.207874 -0.338976
1.248819 -0.338976 1.248819 -0.338976
1.289764 -0.338976 1.289764 -0.338976
1.330709 -0.338976 1.330709 -0.338976
1.371654 -0.338976 1.371654 -0.338976
1.412598 -0.338976 1.412598 -0.338976
1.453543 -0.338976 1.453543 -0.338976
1.494488 -0.338976 1.494488 -0.338976
1.535433 -0.338976 1.535433 -0.338976
1.576378 -0.338976 1.576378 -0.338976
1.617323 -0.338976 1.617323 -0.338976
1.658268 -0.338976 1.658268 -0.338976
1.699213 -0.338976 1.699213 -0.338976
1.740157 -0.338976 1.740157 -0.338976
1.781102 -0.338976 1.781102 -0.338976
1.822047 -0.338976 1.822047 -0.338976
1.862992 -0.338976 1.862992 -0.338976
1.903937 -0.338976 1.903937 -0.338976
1.944882 -0.338976 1.944882 -0.338976
1.985827 -0.338976 1.985827 -0.338976
2.026772 -0.338976 2.026772 -0.338976
2.067717 -0.338976 2.067717 -0.338976
2.108661 -0.338976 2.108661 -0.338976
2.149606 -0.338976 2.149606 -0.338976
2.190551 -0.338976 2.190551 -0.338976
2.231496 -0.338976 2.231496 -0.338976
2.272441 -0.338976 2.272441 -0.338976
2.313386 -0.338976 2.313386 -0.338976
2.354331 -0.338976 2.354331 -0.338976
2.395276 -0.338976 2.395276 -0.338976
2.436220 -0.338976 2.436220 -0.338976
2.477165 -0.338976 2.477165 -0.338976
2.518110 -0.338976 2.518110 -0.338976
2.559055 -0.338976 2.559055 -0.338976
2.600000 -0.338976 2.600000 -0.338976
-2.600000 -0.322441 -2.600000 -0.322441
-2.559055 -0.322441 -2.559055 -0.322441
-2.518110 -0.322441 -2.518110 -0.322441
-2.477165 -0.322441 -2.477165 -0.322441
-2.436220 -0.322441 -2.436220 -0.322441
-2.395276 -0.322441 -2.395276 -0.322441
-2.354331 -0.322441 -2.354331 -0.322441
-2.313386 -0.322441 -2.313386 -0.322441
-2.272441 -0.322441 -2.272441 -0.322441
-2.231496 -0.322441 -2.231496 -0.322441
-2.190551 -0.322441 -2.190551 -0.322441
-2.149606 -0.322441 -2.149606 -0.322441
-2.108661 -0.322441 -2.108661 -0.322441
-2.067717 -0.322441 -2.067717 -0.322441
-2.026772 -0.322441 -2.026772 -0.322441
-1.985827 -0.322441 -1.985827 -0.322441
-1.944882 -0.322441 -1.944882 -0.322441
-1.903937 -0.322441 -1.903937 -0.322441
-1.862992 -0.322441 -1.862992 -0.322441
-1.822047 -0.322441 -1.822047 -0.322441
-1.781102 -0.322441 -1.781102 -0.322441
-1.740157 -0.322441 -1.740157 -0.322441
-1.699213 -0.322441 -1.699213 -0.322441
-1.658268 -0.322441 -1.658268 -0.322441
-1.617323 -0.322441 -1.617323 -0.322441
-1.576378 -0.322441 -1.576378 -0.322441
-1.535433 -0.322441 -1.535433 -0.322441
-1.494488 -0.322441 -1.494488 -0.322441
-1.453543 -0.322441 -1.453543 -0.322441
-1.412598 -0.322441 -1.412598 -0.322441
-1.371654 -0.322441 -1.371654 -0.322441
-1.330709 -0.322441 -1.330709 -0.322441
-1.289764 -0.322441 -1.289764 -0.322441
-1.248819 -0.322441 -1.248819 -0.322441
-1.207874 -0.322441 -1.207874 -0.322441
-1.166929 -0.322441 -1.166929 -0.322441
-1.125984 -0.322441 -1.125984 -0.322441
-1.085039 -0.322441 -1.085039 -0.322441
-1.044094 -0.322441 -1.044094 -0.322441
-1.003150 -0.322441 -1.003150 -0.322441
-0.962205 -0.322441 -0.962205 -0.322441
-0.921260 -0.322441 -0.921260 -0.322441
-0.880315 -0.322441 -0.880315 -0.322441
-0.839370 -0.322441 -0.839370 -0.322441
-0.798425 -0.322441 -0.798425 -0.322441
-0.757480 -0.322441 -0.757480 -0.322441
-0.716535 -0.322441 -0.716535 -0.322441
-0.675591 -0.322441 -0.675591 -0.322441
-0.634646 -0.322441 -0.634646 -0.322441
-0.593701 -0.322441 -0.593701 -0.322441
-0.552756 -0.322441 -0.552756 -0.322441
-0.511811 -0.322441 -0.511811 -0.322441
-0.470866 -0.322441 -0.470866 -0.322441
-0.429921 -0.322441 -0.429921 -0.322441
-0.388976 -0.322441 -0.388976 -0.322441
-0.348031 -0.322441 -0.348031 -0.322441
-0.307087 -0.322441 -0.307087 -0.322441
-0.266142 -0.322441 -0.266142 -0.322441
-0.225197 -0.322441 -0.225197 -0.322441
-0.184252 -0.322441 -0.184252 -0.322441
-0.143307 -0.322441 -0.143307 -0.322441
-0.102362 -0.322441 -0.102362 -0.322441
-0.061417 -0.322441 -0.061417 -0.322441
-0.020472 -0.322441 -0.020472 -0.322441
0.020472 -0.322441 0.020472 -0.322441
0.061417 -0.322441 0.061417 -0.322441
0.102362 -0.322441 0.102362 -0.322441
0.143307 -0.322441 0.143307 -0.322441
0.184252 -0.322441 0.184252 -0.322441
0.225197 -0.322441 0.225197 -0.322441
0.266142 -0.322441 0.266142 -0.322441
0.307087 -0.322441 0.307087 -0.322441
0.348031 -0.322441 0.348031 -0.322441
0.388976 -0.322441 0.388976 -0.322441
0.429921 -0.322441 0.429921 -0.322441
0.470866 -0.322441 0.470866 -0.322441
0.511811 -0.322441 0.511811 -0.322441
0.552756 -0.322441 0.552756 -0.322441
0.593701 -0.322441 0.593701 -0.322441
0.634646 -0.322441 0.634646 -0.322441
0.675591 -0.322441 0.675591 -0.322441
0.716535 -0.322441 0.716535 -0.322441
0.757480 -0.322441 0.757480 -0.322441
0.798425 -0.322441 0.798425 -0.322441
0.839370 -0.322441 0.839370 -0.322441
0.880315 -0.322441 0.880315 -0.322441
0.921260 -0.322441 0.921260 -0.322441
0.962205 -0.322441 0.962205 -0.322441
1.003150 -0.322441 1.003150 -0.322441
1.044094 -0.322441 1.044094 -0.322441
1.085039 -0.322441 1.085039 -0.322441
1.125984 -0.322441 1.125984 -0.322441
1.166929 -0.322441 1.166929 -0.322441
1.207874 -0.322441 1.207874 -0.322441
1.248819 -0.322441 1.248819 -0.322441
1.289764 -0.322441 1.289764 -0.322441
1.330709 -0.322441 1.330709 -0.322441
1.371654 -0.322441 1.371654 -0.322441
1.412598 -0.322441 1.412598 -0.322441
1.453543 -0.322441 1.453543 -0.322441
1.494488 -0.322441 1.494488 -0.322441
1.535433 -0.322441 1.535433 -0.322441
1.576378 -0.322441 1.576378 -0.322441
1.617323 -0.322441 1.617323 -0.322441
1.658268 -0.322441 1.658268 -0.322441
1.699213 -0.322441 1.699213 -0.322441
1.740157 -0.322441 1.740157 -0.322441
1.781102 -0.322441 1.781102 -0.322441
1.822047 -0.322441 1.822047 -0.322441
1.862992 -0.322441 1.862992 -0.322441
1.903937 -0.322441 1.903937 -0.322441
1.944882 -0.322441 1.944882 -0.322441
1.985827 -0.322441 1.985827 -0.322441
2.026772 -0.322441 2.026772 -0.322441
2.067717 -0.322441 2.067717 -0.322441
2.108661 -0.322441 2.108661 -0.322441
2.149606 -0.322441 2.149606 -0.322441
2.190551 -0.322441 2.190551 -0.322441
2.231496 -0.322441 2.231496 -0.322441
2.272441 -0.322441 2.272441 -0.322441
2.313386 -0.322441 2.313386 -0.322441
2.354331 -0.322441 2.354331 -0.322441
2.395276 -0.322441 2.395276 -0.322441
2.436220 -0.322441 2.436220 -0.322441
2.477165 -0.322441 2.477165 -0.322441
2.518110 -0.322441 2.518110 -0.322441
2.559055 -0.322441 2.559055 -0.322441
2.600000 -0.322441 2.600000 -0.322441
-2.600000 -0.305906 -2.600000 -0.305906
-2.559055 -0.305906 -2.559055 -0.305906
-2.518110 -0.305906 -2.518110 -0.305906
-2.477165 -0.305906 -2.477165 -0.305906
-2.436220 -0.305906 -2.436220 -0.305906
-2.395276 -0.305906 -2.395276 -0.305906
-2.354331 -0.305906 -2.354331 -0.305906
-2.313386 -0.305906 -2.313386 -0.305906
-2.272441 -0.305906 -2.272441 -0.305906
-2.231496 -0.305906 -2.231496 -0.305906
-2.190551 -0.305906 -2.190551 -0.305906
-2.149606 -0.305906 -2.149606 -0.305906
-2.108661 -0.305906 -2.108661 -0.305906
-2.067717 -0.305906 -2.067717 -0.305906
-2.026772 -0.305906 -2.026772 -0.305906
-1.985827 -0.305906 -1.985827 -0.305906
-1.944882 -0.305906 -1.944882 -0.305906
-1.903937 -0.305906 -1.903937 -0.305906
-1.862992 -0.305906 -1.862992 -0.305906
-1.822047 -0.305906 -1.822047 -0.305906
-1.781102 -0.305906 -1.781102 -0.305906
-1.740157 -0.305906 -1.740157 -0.305906
-1.699213 -0.305906 -1.699213 -0.305906
-1.658268 -0.305906 -1.658268 -0.305906
-1.617323 -0.305906 -1.617323 -0.305906
-1.576378 -0.305906 -1.576378 -0.305906
-1.535433 -0.305906 -1.535433 -0.305906
-1.494488 -0.305906 -1.494488 -0.305906
-1.453543 -0.305906 -1.453543 -0.305906
-1.412598 -0.305906 -1.412598 -0.305906
-1.371654 -0.305906 -1.371654 -0.305906
-1.330709 -0.305906 -1.330709 -0.305906
-1.289764 -0.305906 -1.289764 -0.305906
-1.248819 -0.305906 -1.248819 -0.305906
-1.207874 -0.305906 -1.207874 -0.305906
-1.166929 -0.305906 -1.166929 -0.305906
-1.125984 -0.305906 -1.125984 -0.305906
-1.085039 -0.305906 -1.085039 -0.305906
-1.044094 -0.305906 -1.044094 -0.305906
-1.003150 -0.305906 -1.003150 -0.305906
-0.962205 -0.305906 -0.962205 -0.305906
-0.921260 -0.305906 -0.921260 -0.305906
-0.880315 -0.305906 -0.880315 -0.305906
-0.839370 -0.305906 -0.839370 -0.305906
-0.798425 -0.305906 -0.798425 -0.305906
-0.757480 -0.305906 -0.757480 -0.305906
-0.716535 -0.305906 -0.716535 -0.305906
-0.675591 -0.305906 -0.675591 -0.305906
-0.634646 -0.305906 -0.634646 -0.305906
-0.593701 -0.305906 -0.593701 -0.305906
-0.552756 -0.305906 -0.552756 -0.305906
-0.511811 -0.305906 -0.511811 -0.305906
-0.470866 -0.305906 -0.470866 -0.305906
-0.429921 -0.305906 -0.429921 -0.305906
-0.388976 -0.305906 -0.388976 -0.305906
-0.348031 -0.305906 -0.348031 -0.305906
-0.307087 -0.305906 -0.307087 -0.305906
-0.266142 -0.305906 -0.266142 -0.305906
-0.225197 -0.305906 -0.225197 -0.305906
-0.184252 -0.305906 -0.184252 -0.305906
-0.143307 -0.305906 -0.143307 -0.305906
-0.102362 -0.305906 -0.102362 -0.305906
-0.061417 -0.305906 -0.061417 -0.305906
-0.020472 -0.305906 -0.020472 -0.305906
0.020472 -0.305906 0.020472 -0.305906
0.061417 -0.305906 0.061417 -0.305906
0.102362 -0.305906 0.102362 -0.305906
0.143307 -0.305906 0.143307 -0.305906
0.184252 -0.305906 0.184252 -0.305906
0.225197 -0.305906 0.225197 -0.305906
0.266142 -0.305906 0.266142 -0.305906
0.307087 -0.305906 0.307087 -0.305906
0.348031 -0.305906 0.348031 -0.305906
0.388976 -0.305906 0.388976 -0.305906
0.429921 -0.305906 0.429921 -0.305906
0.470866 -0.305906 0.470866 -0.305906
0.511811 -0.305906 0.511811 -0.305906
0.552756 -0.305906 0.552756 -0.305906
0.593701 -0.305906 0.593701 -0.305906
0.634646 -0.305906 0.634646 -0.305906
0.675591 -0.305906 0.675591 -0.305906
0.716535 -0.305906 0.716535 -0.305906
0.757480 -0.305906 0.757480 -0.305906
0.798425 -0.305906 0.798425 -0.305906
0.839370 -0.305906 0.839370 -0.305906
0.880315 -0.305906 0.880315 -0.305906
0.921260 -0.305906 0.921260 -0.305906
0.962205 -0.305906 0.962205 -0.305906
1.003150 -0.305906 1.003150 -0.305906
1.044094 -0.305906 1.044094 -0.305906
1.085039 -0.305906 1.085039 -0.305906
1.125984 -0.305906 1.125984 -0.305906
1.166929 -0.305906 1.166929 -0.305906
1.207874 -0.305906 1.207874 -0.305906
1.248819 -0.305906 1.248819 -0.305906
1.289764 -0.305906 1.289764 -0.305906
1.330709 -0.305906 1.330709 -0.305906
1.371654 -0.305906 1.371654 -0.305906
1.412598 -0.305906 1.412598 -0.305906
1.453543 -0.305906 1.453543 -0.305906
1.494488 -0.305906 1.494488 -0.305906
1.535433 -0.305906 1.535433 -0.305906
1.576378 -0.305906 1.576378 -0.305906
1.617323 -0.305906 1.617323 -0.305906
1.658268 -0.305906 1.658268 -0.305906
1.699213 -0.305906 1.699213 -0.305906
1.740157 -0.305906 1.740157 -0.305906
1.781102 -0.305906 1.781102 -0.305906
1.822047 -0.305906 1.822047 -0.305906
1.862992 -0.305906 1.862992 -0.305906
1.903937 -0.305906 1.903937 -0.305906
1.944882 -0.305906 1.944882 -0.305906
1.985827 -0.305906 1.985827 -0.305906
2.026772 -0.305906 2.026772 -0.305906
2.067717 -0.305906 2.067717 -0.305906
2.108661 -0.305906 2.108661 -0.305906
2.149606 -0.305906 2.149606 -0.305906
2.190551 -0.305906 2.190551 -0.305906
2.231496 -0.305906 2.231496 -0.305906
2.272441 -0.305906 2.272441 -0.305906
2.313386 -0.305906 2.313386 -0.305906
2.354331 -0.305906 2.354331 -0.305906
2.395276 -0.305906 2.395276 -0.305906
2.436220 -0.305906 2.436220 -0.305906
2.477165 -0.305906 2.477165 -0.305906
2.518110 -0.305906 2.518110 -0.305906
2.559055 -0.305906 2.559055 -0.305906
2.600000 -0.305906 2.600000 -0.305906
-2.600000 -0.289370 -2.600000 -0.289370
-2.559055 -0.289370 -2.559055 -0.289370
-2.518110 -0.289370 -2.518110 -0.289370
-2.477165 -0.289370 -2.477165 -0.289370
-2.436220 -0.289370 -2.436220 -0.289370
-2.395276 -0.289370 -2.395276 -0.289370
-2.354331 -0.289370 -2.354331 -0.289370
-2.313386 -0.289370 -2.313386 -0.289370
-2.272441 -0.289370 -2.272441 -0.289370
-2.231496 -0.289370 -2.231496 -0.289370
-2.190551 -0.289370 -2.190551 -0.289370
-2.149606 -0.289370 -2.149606 -0.289370
-2.108661 -0.289370 -2.108661 -0.289370
-2.067717 -0.289370 -2.067717 -0.289370
-2.026772 -0.289370 -2.026772 -0.289370
-1.985827 -0.289370 -1.985827 -0.289370
-1.944882 -0.289370 -1.944882 -0.289370
-1.903937 -0.289370 -1.903937 -0.289370
-1.862992 -0.289370 -1.862992 -0.289370
-1.822047 -0.289370 -1.822047 -0.289370
-1.781102 -0.289370 -1.781102 -0.289370
-1.740157 -0.289370 -1.740157 -0.289370
-1.699213 -0.289370 -1.699213 -0.289370
-1.658268 -0.289370 -1.658268 -0.289370
-1.617323 -0.289370 -1.617323 -0.289370
-1.576378 -0.289370 -1.576378 -0.289370
-1.535433 -0.289370 -1.535433 -0.289370
-1.494488 -0.289370 -1.494488 -0.289370
-1.453543 -0.289370 -1.453543 -0.289370
-1.412598 -0.289370 -1.412598 -0.289370
-1.371654 -0.289370 -1.371654 -0.289370
-1.330709 -0.289370 -1.330709 -0.289370
-1.289764 -0.289370 -1.289764 -0.289370
-1.248819 -0.289370 -1.248819 -0.289370
-1.207874 -0.289370 -1.207874 -0.289370
-1.166929 -0.289370 -1.166929 -0.289370
-1.125984 -0.289370 -1.125984 -0.289370
-1.085039 -0.289370 -1.085039 -0.289370
-1.044094 -0.289370 -1.044094 -0.289370
-1.003150 -0.289370 -1.003150 -0.289370
-0.962205 -0.289370 -0.962205 -0.289370
-0.921260 -0.289370 -0.921260 -0.289370
-0.880315 -0.289370 -0.880315 -0.289370
-0.839370 -0.289370 -0.839370 -0.289370
-0.798425 -0.289370 -0.798425 -0.289370
-0.757480 -0.289370 -0.757480 -0.289370
-0.716535 -0.289370 -0.716535 -0.289370
-0.675591 -0.289370 -0.675591 -0.289370
-0.634646 -0.289370 -0.634646 -0.289370
-0.593701 -0.289370 -0.593701 -0.289370
-0.552756 -0.289370 -0.552756 -0.289370
-0.511811 -0.289370 -0.511811 -0.289370
-0.470866 -0.289370 -0.470866 -0.289370
-0.429921 -0.289370 -0.429921 -0.289370
-0.388976 -0.289370 -0.388976 -0.289370
-0.348031 -0.289370 -0.348031 -0.289370
-0.307087 -0.289370 -0.307087 -0.289370
-0.266142 -0.289370 -0.266142 -0.289370
-0.225197 -0.289370 -0.225197 -0.289370
-0.184252 -0.289370 -0.184252 -0.289370
-0.143307 -0.289370 -0.143307 -0.289370
-0.102362 -0.289370 -0.102362 -0.289370
-0.061417 -0.289370 -0.061417 -0.289370
-0.020472 -0.289370 -0.020472 -0.289370
0.020472 -0.289370 0.020472 -0.289370
0.061417 -0.289370 0.061417 -0.289370
0.102362 -0.289370 0.102362 -0.289370
0.143307 -0.289370 0.143307 -0.289370
0.184252 -0.289370 0.184252 -0.289370
0.225197 -0.289370 0.225197 -0.289370
0.266142 -0.289370 0.266142 -0.289370
0.307087 -0.289370 0.307087 -0.289370
0.348031 -0.289370 0.348031 -0.289370
0.388976 -0.289370 0.388976 -0.289370
0.429921 -0.289370 0.429921 -0.289370
0.470866 -0.289370 0.470866 -0.289370
0.511811 -0.289370 0.511811 -0.289370
0.552756 -0.289370 0.552756 -0.289370
0.593701 -0.289370 0.593701 -0.289370
0.634646 -0.289370 0.634646 -0.289370
0.675591 -0.289370 0.675591 -0.289370
0.716535 -0.289370 0.716535 -0.289370
0.757480 -0.289370 0.757480 -0.289370
0.798425 -0.289370 0.798425 -0.289370
0.839370 -0.289370 0.839370 -0.289370
0.880315 -0.289370 0.880315 -0.289370
0.921260 -0.289370 0.921260 -0.289370
0.962205 -0.289370 0.962205 -0.289370
1.003150 -0.289370 1.003150 -0.289370
1.044094 -0.289370 1.044094 -0.289370
1.085039 -0.289370 1.085039 -0.289370
1.125984 -0.289370 1.125984 -0.289370
1.166929 -0.289370 1.166929 -0.289370
1.207874 -0.289370 1.207874 -0.289370
1.248819 -0.289370 1.248819 -0.289370
1.289764 -0.289370 1.289764 -0.289370
1.330709 -0.289370 1.330709 -0.289370
1.371654 -0.289370 1.371654 -0.289370
1.412598 -0.289370 1.412598 -0.289370
1.453543 -0.289370 1.453543 -0.289370
1.494488 -0.289370 1.494488 -0.289370
1.535433 -0.289370 1.535433 -0.289370
1.576378 -0.289370 1.576378 -0.289370
1.617323 -0.289370 1.617323 -0.289370
1.658268 -0.289370 1.658268 -0.289370
1.699213 -0.289370 1.699213 -0.289370
1.740157 -0.289370 1.740157 -0.289370
1.781102 -0.289370 1.781102 -0.289370
1.822047 -0.289370 1.822047 -0.289370
1.862992 -0.289370 1.862992 -0.289370
1.903937 -0.289370 1.903937 -0.289370
1.944882 -0.289370 1.944882 -0.289370
1.985827 -0.289370 1.985827 -0.289370
2.026772 -0.289370 2.026772 -0.289370
2.067717 -0.289370 2.067717 -0.289370
2.108661 -0.289370 2.108661 -0.289370
2.149606 -0.289370 2.149606 -0.289370
2.190551 -0.289370 2.190551 -0.289370
2.231496 -0.289370 2.231496 -0.289370
2.272441 -0.289370 2.272441 -0.289370
2.313386 -0.289370 2.313386 -0.289370
2.354331 -0.289370 2.354331 -0.289370
2.395276 -0.289370 2.395276 -0.289370
2.436220 -0.289370 2.436220 -0.289370
2.477165 -0.289370 2.477165 -0.289370
2.518110 -0.289370 2.518110 -0.289370
2.559055 -0.289370 2.559055 -0.289370
2.600000 -0.289370 2.600000 -0.289370
-2.600000 -0.272835 -2.600000 -0.272835
-2.559055 -0.272835 -2.559055 -0.272835
-2.518110 -0.272835 -2.518110 -0.272835
-2.477165 -0.272835 -2.477165 -0.272835
-2.436220 -0.272835 -2.436220 -0.272835
-2.395276 -0.272835 -2.395276 -0.272835
-2.354331 -0.272835 -2.354331 -0.272835
-2.313386 -0.272835 -2.313386 -0.272835
-2.272441 -0.272835 -2.272441 -0.272835
-2.231496 -0.272835 -2.231496 -0.272835
-2.190551 -0.272835 -2.190551 -0.272835
-2.149606 -0.272835 -2.149606 -0.272835
-2.108661 -0.272835 -2.108661 -0.272835
-2.067717 -0.272835 -2.067717 -0.272835
-2.026772 -0.272835 -2.026772 -0.272835
-1.985827 -0.272835 -1.985827 -0.272835
-1.944882 -0.272835 -1.944882 -0.272835
-1.903937 -0.272835 -1.903937 -0.272835
-1.862992 -0.272835 -1.862992 -0.272835
-1.822047 -0.272835 -1.822047 -0.272835
-1.781102 -0.272835 -1.781102 -0.272835
-1.740157 -0.272835 -1.740157 -0.272835
-1.699213 -0.272835 -1.699213 -0.272835
-1.658268 -0.272835 -1.658268 -0.272835
-1.617323 -0.272835 -1.617323 -0.272835
-1.576378 -0.272835 -1.576378 -0.272835
-1.535433 -0.272835 -1.535433 -0.272835
-1.494488 -0.272835 -1.494488 -0.272835
-1.453543 -0.272835 -1.453543 -0.272835
-1.412598 -0.272835 -1.412598 -0.272835
-1.371654 -0.272835 -1.371654 -0.272835
-1.330709 -0.272835 -1.330709 -0.272835
-1.289764 -0.272835 -1.289764 -0.272835
-1.248819 -0.272835 -1.248819 -0.272835
-1.207874 -0.272835 -1.207874 -0.272835
-1.166929 -0.272835 -1.166929 -0.272835
-1.125984 -0.272835 -1.125984 -0.272835
-1.085039 -0.272835 -1.085039 -0.272835
-1.044094 -0.272835 -1.044094 -0.272835
-1.003150 -0.272835 -1.003150 -0.272835
-0.962205 -0.272835 -0.962205 -0.272835
-0.921260 -0.272835 -0.921260 -0.272835
-0.880315 -0.272835 -0.880315 -0.272835
-0.839370 -0.272835 -0.839370 -0.272835
-0.798425 -0.272835 -0.798425 -0.272835
-0.757480 -0.272835 -0.757480 -0.272835
-0.716535 -0.272835 -0.716535 -0.272835
-0.675591 -0.272835 -0.675591 -0.272835
-0.634646 -0.272835 -0.634646 -0.272835
-0.593701 -0.272835 -0.593701 -0.272835
-0.552756 -0.272835 -0.552756 -0.272835
-0.511811 -0.272835 -0.511811 -0.272835
-0.470866 -0.272835 -0.470866 -0.272835
-0.429921 -0.272835 -0.429921 -0.272835
-0.388976 -0.272835 -0.388976 -0.272835
-0.348031 -0.272835 -0.348031 -0.272835
-0.307087 -0.272835 -0.307087 -0.272835
-0.266142 -0.272835 -0.266142 -0.272835
-0.225197 -0.272835 -0.225197 -0.272835
-0.184252 -0.272835 -0.184252 -0.272835
-0.143307 -0.272835 -0.143307 -0.272835
-0.102362 -0.272835 -0.102362 -0.272835
-0.061417 -0.272835 -0.061417 -0.272835
-0.020472 -0.272835 -0.020472 -0.272835
0.020472 -0.272835 0.020472 -0.272835
0.061417 -0.272835 0.061417 -0.272835
0.102362 -0.272835 0.102362 -0.272835
0.143307 -0.272835 0.143307 -0.272835
0.184252 -0.272835 0.184252 -0.272835
0.225197 -0.272835 0.225197 -0.272835
0.266142 -0.272835 0.266142 -0.272835
0.307087 -0.272835 0.307087 -0.272835
0.348031 -0.272835 0.348031 -0.272835
0.388976 -0.272835 0.388976 -0.272835
0.429921 -0.272835 0.429921 -0.272835
0.470866 -0.272835 0.470866 -0.272835
0.511811 -0.272835 0.511811 -0.272835
0.552756 -0.272835 0.552756 -0.272835
0.593701 -0.272835 0.593701 -0.272835
0.634646 -0.272835 0.634646 -0.272835
0.675591 -0.272835 0.675591 -0.272835
0.716535 -0.272835 0.716535 -0.272835
0.757480 -0.272835 0.757480 -0.272835
0.798425 -0.272835 0.798425 -0.272835
0.839370 -0.272835 0.839370 -0.272835
0.880315 -0.272835 0.880315 -0.272835
0.921260 -0.272835 0.921260 -0.272835
0.962205 -0.272835 0.962205 -0.272835
1.003150 -0.272835 1.003150 -0.272835
1.044094 -0.272835 1.044094 -0.272835
1.085039 -0.272835 1.085039 -0.272835
1.125984 -0.272835 1.125984 -0.272835
1.166929 -0.272835 1.166929 -0.272835
1.207874 -0.272835 1.207874 -0.272835
1.248819 -0.272835 1.248819 -0.272835
1.289764 -0.272835 1.289764 -0.272835
1.330709 -0.272835 1.330709 -0.272835
1.371654 -0.272835 1.371654 -0.272835
1.412598 -0.272835 1.412598 -0.272835
1.453543 -0.272835 1.453543 -0.272835
1.494488 -0.272835 1.494488 -0.272835
1.535433 -0.272835 1.535433 -0.272835
1.576378 -0.272835 1.576378 -0.272835
1.617323 -0.272835 1.617323 -0.272835
1.658268 -0.272835 1.658268 -0.272835
1.699213 -0.272835 1.699213 -0.272835
1.740157 -0.272835 1.740157 -0.272835
1.781102 -0.272835 1.781102 -0.272835
1.822047 -0.272835 1.822047 -0.272835
1.862992 -0.272835 1.862992 -0.272835
1.903937 -0.272835 1.903937 -0.272835
1.944882 -0.272835 1.944882 -0.272835
1.985827 -0.272835 1.985827 -0.272835
2.026772 -0.272835 2.026772 -0.272835
2.067717 -0.272835 2.067717 -0.272835
2.108661 -0.272835 2.108661 -0.272835
2.149606 -0.272835 2.149606 -0.272835
2.190551 -0.272835 2.190551 -0.272835
2.231496 -0.272835 2.231496 -0.272835
2.272441 -0.272835 2.272441 -0.272835
2.313386 -0.272835 2.313386 -0.272835
2.354331 -0.272835 2.354331 -0.272835
2.395276 -0.272835 2.395276 -0.272835
2.436220 -0.272835 2.436220 -0.272835
2.477165 -0.272835 2.477165 -0.272835
2.518110 -0.272835 2.518110 -0.272835
2.559055 -0.272835 2.559055 -0.272835
2.600000 -0.272835 2.600000 -0.272835
-2.600000 -0.256299 -2.600000 -0.256299
-2.559055 -0.256299 -2.559055 -0.256299
-2.518110 -0.256299 -2.518110 -0.256299
-2.477165 -0.256299 -2.477165 -0.256299
-2.436220 -0.256299 -2.436220 -0.256299
-2.395276 -0.256299 -2.395276 -0.256299
-2.354331 -0.256299 -2.354331 -0.256299
-2.313386 -0.256299 -2.313386 -0.256299
-2.272441 -0.256299 -2.272441 -0.256299
-2.231496 -0.256299 -2.231496 -0.256299
-2.190551 -0.256299 -2.190551 -0.256299
-2.149606 -0.256299 -2.149606 -0.256299
-2.108661 -0.256299 -2.108661 -0.256299
-2.067717 -0.256299 -2.067717 -0.256299
-2.026772 -0.256299 -2.026772 -0.256299
-1.985827 -0.256299 -1.985827 -0.256299
-1.944882 -0.256299 -1.944882 -0.256299
-1.903937 -0.256299 -1.903937 -0.256299
-1.862992 -0.256299 -1.862992 -0.256299
-1.822047 -0.256299 -1.822047 -0.256299
-1.781102 -0.256299 -1.781102 -0.256299
-1.740157 -0.256299 -1.740157 -0.256299
-1.699213 -0.256299 -1.699213 -0.256299
-1.658268 -0.256299 -1.658268 -0.256299
-1.617323 -0.256299 -1.617323 -0.256299
-1.576378 -0.256299 -1.576378 -0.256299
-1.535433 -0.256299 -1.535433 -0.256299
-1.494488 -0.256299 -1.494488 -0.256299
-1.453543 -0.256299 -1.453543 -0.256299
-1.412598 -0.256299 -1.412598 -0.256299
-1.371654 -0.256299 -1.371654 -0.256299
-1.330709 -0.256299 -1.330709 -0.256299
-1.289764 -0.256299 -1.289764 -0.256299
-1.248819 -0.256299 -1.248819 -0.256299
-1.207874 -0.256299 -1.207874 -0.256299
-1.166929 -0.256299 -1.166929 -0.256299
-1.125984 -0.256299 -1.125984 -0.256299
-1.085039 -0.256299 -1.085039 -0.256299
-1.044094 -0.256299 -1.044094 -0.256299
-1.003150 -0.256299 -1.003150 -0.256299
-0.962205 -0.256299 -0.962205 -0.256299
-0.921260 -0.256299 -0.921260 -0.256299
-0.880315 -0.256299 -0.880315 -0.256299
-0.839370 -0.256299 -0.839370 -0.256299
-0.798425 -0.256299 -0.798425 -0.256299
-0.757480 -0.256299 -0.757480 -0.256299
-0.716535 -0.256299 -0.716535 -0.256299
-0.675591 -0.256299 -0.675591 -0.256299
-0.634646 -0.256299 -0.634646 -0.256299
-0.593701 -0.256299 -0.593701 -0.256299
-0.552756 -0.256299 -0.552756 -0.256299
-0.511811 -0.256299 -0.511811 -0.256299
-0.470866 -0.256299 -0.470866 -0.256299
-0.429921 -0.256299 -0.429921 -0.256299
-0.388976 -0.256299 -0.388976 -0.256299
-0.348031 -0.256299 -0.348031 -0.256299
-0.307087 -0.256299 -0.307087 -0.256299
-0.266142 -0.256299 -0.266142 -0.256299
-0.225197 -0.256299 -0.225197 -0.256299
-0.184252 -0.256299 -0.184252 -0.256299
-0.143307 -0.256299 -0.143307 -0.256299
-0.102362 -0.256299 -0.102362 -0.256299
-0.061417 -0.256299 -0.061417 -0.256299
-0.020472 -0.256299 -0.020472 -0.256299
0.020472 -0.256299 0.020472 -0.256299
0.061417 -0.256299 0.061417 -0.256299
0.102362 -0.256299 0.102362 -0.256299
0.143307 -0.256299 0.143307 -0.256299
0.184252 -0.256299 0.184252 -0.256299
0.225197 -0.256299 0.225197 -0.256299
0.266142 -0.256299 0.266142 -0.256299
0.307087 -0.256299 0.307087 -0.256299
0.348031 -0.256299 0.348031 -0.256299
0.388976 -0.256299 0.388976 -0.256299
0.429921 -0.256299 0.429921 -0.256299
0.470866 -0.256299 0.470866 -0.256299
0.511811 -0.256299 0.511811 -0.256299
0.552756 -0.256299 0.552756 -0.256299
0.593701 -0.256299 0.593701 -0.256299
0.634646 -0.256299 0.634646 -0.256299
0.675591 -0.256299 0.675591 -0.256299
0.716535 -0.256299 0.716535 -0.256299
0.757480 -0.256299 0.757480 -0.256299
0.798425 -0.256299 0.798425 -0.256299
0.839370 -0.256299 0.839370 -0.256299
0.880315 -0.256299 0.880315 -0.256299
0.921260 -0.256299 0.921260 -0.256299
0.962205 -0.256299 0.962205 -0.256299
1.003150 -0.256299 1.003150 -0.256299
1.044094 -0.256299 1.044094 -0.256299
1.085039 -0.256299 1.085039 -0.256299
1.125984 -0.256299 1.125984 -0.256299
1.166929 -0.256299 1.166929 -0.256299
1.207874 -0.256299 1.207874 -0.256299
1.248819 -0.256299 1.248819 -0.256299
1.289764 -0.256299 1.289764 -0.256299
1.330709 -0.256299 1.330709 -0.256299
1.371654 -0.256299 1.371654 -0.256299
1.412598 -0.256299 1.412598 -0.256299
1.453543 -0.256299 1.453543 -0.256299
1.494488 -0.256299 1.494488 -0.256299
1.535433 -0.256299 1.535433 -0.256299
1.576378 -0.256299 1.576378 -0.256299
1.617323 -0.256299 1.617323 -0.256299
1.658268 -0.256299 1.658268 -0.256299
1.699213 -0.256299 1.699213 -0.256299
1.740157 -0.256299 1.740157 -0.256299
1.781102 -0.256299 1.781102 -0.256299
1.822047 -0.256299 1.822047 -0.256299
1.862992 -0.256299 1.862992 -0.256299
1.903937 -0.256299 1.903937 -0.256299
1.944882 -0.256299 1.944882 -0.256299
1.985827 -0.256299 1.985827 -0.256299
2.026772 -0.256299 2.026772 -0.256299
2.067717 -0.256299 2.067717 -0.256299
2.108661 -0.256299 2.108661 -0.256299
2.149606 -0.256299 2.149606 -0.256299
2.190551 -0.256299 2.190551 -0.256299
2.231496 -0.256299 2.231496 -0.256299
2.272441 -0.256299 2.272441 -0.256299
2.313386 -0.256299 2.313386 -0.256299
2.354331 -0.256299 2.354331 -0.256299
2.395276 -0.256299 2.395276 -0.256299
2.436220 -0.256299 2.436220 -0.256299
2.477165 -0.256299 2.477165 -0.256299
2.518110 -0.256299 2.518110 -0.256299
2.559055 -0.256299 2.559055 -0.256299
2.600000 -0.256299 2.600000 -0.256299
-2.600000 -0.239764 -2.600000 -0.239764
-2.559055 -0.239764 -2.559055 -0.239764
-2.518110 -0.239764 -2.518110 -0.239764
-2.477165 -0.239764 -2.477165 -0.239764
-2.436220 -0.239764 -2.436220 -0.239764
-2.395276 -0.239764 -2.395276 -0.239764
-2.354331 -0.239764 -2.354331 -0.239764
-2.313386 -0.239764 -2.313386 -0.239764
-2.272441 -0.239764 -2.272441 -0.239764
-2.231496 -0.239764 -2.231496 -0.239764
-2.190551 -0.239764 -2.190551 -0.239764
-2.149606 -0.239764 -2.149606 -0.239764
-2.108661 -0.239764 -2.108661 -0.239764
-2.067717 -0.239764 -2.067717 -0.239764
-2.026772 -0.239764 -2.026772 -0.239764
-1.985827 -0.239764 -1.985827 -0.239764
-1.944882 -0.239764 -1.944882 -0.239764
-1.903937 -0.239764 -1.903937 -0.239764
-1.862992 -0.239764 -1.862992 -0.239764
-1.822047 -0.239764 -1.822047 -0.239764
-1.781102 -0.239764 -1.781102 -0.239764
-1.740157 -0.239764 -1.740157 -0.239764
-1.699213 -0.239764 -1.699213 -0.239764
-1.658268 -0.239764 -1.658268 -0.239764
-1.617323 -0.239764 -1.617323 -0.239764
-1.576378 -0.239764 -1.576378 -0.239764
-1.535433 -0.239764 -1.535433 -0.239764
-1.494488 -0.239764 -1.494488 -0.239764
-1.453543 -0.239764 -1.453543 -0.239764
-1.412598 -0.239764 -1.412598 -0.239764
-1.371654 -0.239764 -1.371654 -0.239764
-1.330709 -0.239764 -1.330709 -0.239764
-1.289764 -0.239764 -1.289764 -0.239764
-1.248819 -0.239764 -1.248819 -0.239764
-1.207874 -0.239764 -1.207874 -0.239764
-1.166929 -0.239764 -1.166929 -0.239764
-1.125984 -0.239764 -1.125984 -0.239764
-1.085039 -0.239764 -1.085039 -0.239764
-1.044094 -0.239764 -1.044094 -0.239764
-1.003150 -0.239764 -1.003150 -0.239764
-0.962205 -0.239764 -0.962205 -0.239764
-0.921260 -0.239764 -0.921260 -0.239764
-0.880315 -0.239764 -0.880315 -0.239764
-0.839370 -0.239764 -0.839370 -0.239764
-0.798425 -0.239764 -0.798425 -0.239764
-0.757480 -0.239764 -0.757480 -0.239764
-0.716535 -0.239764 -0.716535 -0.239764
-0.675591 -0.239764 -0.675591 -0.239764
-0.634646 -0.239764 -0.634646 -0.239764
-0.593701 -0.239764 -0.593701 -0.239764
-0.552756 -0.239764 -0.552756 -0.239764
-0.511811 -0.239764 -0.511811 -0.239764
-0.470866 -0.239764 -0.470866 -0.239764
-0.429921 -0.239764 -0.429921 -0.239764
-0.388976 -0.239764 -0.388976 -0.239764
-0.348031 -0.239764 -0.348031 -0.239764
-0.307087 -0.239764 -0.307087 -0.239764
-0.266142 -0.239764 -0.266142 -0.239764
-0.225197 -0.239764 -0.225197 -0.239764
-0.184252 -0.239764 -0.184252 -0.239764
-0.143307 -0.239764 -0.143307 -0.239764
-0.102362 -0.239764 -0.102362 -0.239764
-0.061417 -0.239764 -0.061417 -0.239764
-0.020472 -0.239764 -0.020472 -0.239764
0.020472 -0.239764 0.020472 -0.239764
0.061417 -0.239764 0.061417 -0.239764
0.102362 -0.239764 0.102362 -0.239764
0.143307 -0.239764 0.143307 -0.239764
0.184252 -0.239764 0.184252 -0.239764
0.225197 -0.239764 0.225197 -0.239764
0.266142 -0.239764 0.266142 -0.239764
0.307087 -0.239764 0.307087 -0.239764
0.348031 -0.239764 0.348031 -0.239764
0.388976 -0.239764 0.388976 -0.239764
0.429921 -0.239764 0.429921 -0.239764
0.470866 -0.239764 0.470866 -0.239764
0.511811 -0.239764 0.511811 -0.239764
0.552756 -0.239764 0.552756 -0.239764
0.593701 -0.239764 0.593701 -0.239764
0.634646 -0.239764 0.634646 -0.239764
0.675591 -0.239764 0.675591 -0.239764
0.716535 -0.239764 0.716535 -0.239764
0.757480 -0.239764 0.757480 -0.239764
0.798425 -0.239764 0.798425 -0.239764
0.839370 -0.239764 0.839370 -0.239764
0.880315 -0.239764 0.880315 -0.239764
0.921260 -0.239764 0.921260 -0.239764
0.962205 -0.239764 0.962205 -0.239764
1.003150 -0.239764 1.003150 -0.239764
1.044094 -0.239764 1.044094 -0.239764
1.085039 -0.239764 1.085039 -0.239764
1.125984 -0.239764 1.125984 -0.239764
1.166929 -0.239764 1.166929 -0.239764
1.207874 -0.239764 1.207874 -0.239764
1.248819 -0.239764 1.248819 -0.239764
1.289764 -0.239764 1.289764 -0.239764
1.330709 -0.239764 1.330709 -0.239764
1.371654 -0.239764 1.371654 -0.239764
1.412598 -0.239764 1.412598 -0.239764
1.453543 -0.239764 1.453543 -0.239764
1.494488 -0.239764 1.494488 -0.239764
1.535433 -0.239764 1.535433 -0.239764
1.576378 -0.239764 1.576378 -0.239764
1.617323 -0.239764 1.617323 -0.239764
1.658268 -0.239764 1.658268 -0.239764
1.699213 -0.239764 1.699213 -0.239764
1.740157 -0.239764 1.740157 -0.239764
1.781102 -0.239764 1.781102 -0.239764
1.822047 -0.239764 1.822047 -0.239764
1.862992 -0.239764 1.862992 -0.239764
1.903937 -0.239764 1.903937 -0.239764
1.944882 -0.239764 1.944882 -0.239764
1.985827 -0.239764 1.985827 -0.239764
2.026772 -0.239764 2.026772 -0.239764
2.067717 -0.239764 2.067717 -0.239764
2.108661 -0.239764 2.108661 -0.239764
2.149606 -0.239764 2.149606 -0.239764
2.190551 -0.239764 2.190551 -0.239764
2.231496 -0.239764 2.231496 -0.239764
2.272441 -0.239764 2.272441 -0.239764
2.313386 -0.239764 2.313386 -0.239764
2.354331 -0.239764 2.354331 -0.239764
2.395276 -0.239764 2.395276 -0.239764
2.436220 -0.239764 2.436220 -0.239764
2.477165 -0.239764 2.477165 -0.239764
2.518110 -0.239764 2.518110 -0.239764
2.559055 -0.239764 2.559055 -0.239764
2.600000 -0.239764 2.600000 -0.239764
-2.600000 -0.223228 -2.600000 -0.223228
-2.559055 -0.223228 -2.559055 -0.223228
-2.518110 -0.223228 -2.518110 -0.223228
-2.477165 -0.223228 -2.477165 -0.223228
-2.436220 -0.223228 -2.436220 -0.223228
-2.395276 -0.223228 -2.395276 -0.223228
-2.354331 -0.223228 -2.354331 -0.223228
-2.313386 -0.223228 -2.313386 -0.223228
-2.272441 -0.223228 -2.272441 -0.223228
-2.231496 -0.223228 -2.231496 -0.223228
-2.190551 -0.223228 -2.190551 -0.223228
-2.149606 -0.223228 -2.149606 -0.223228
-2.108661 -0.223228 -2.108661 -0.223228
-2.067717 -0.223228 -2.067717 -0.223228
-2.026772 -0.223228 -2.026772 -0.223228
-1.985827 -0.223228 -1.985827 -0.223228
-1.944882 -0.223228 -1.944882 -0.223228
-1.903937 -0.223228 -1.903937 -0.223228
-1.862992 -0.223228 -1.862992 -0.223228
-1.822047 -0.223228 -1.822047 -0.223228
-1.781102 -0.223228 -1.781102 -0.223228
-1.740157 -0.223228 -1.740157 -0.223228
-1.699213 -0.223228 -1.699213 -0.223228
-1.658268 -0.223228 -1.658268 -0.223228
-1.617323 -0.223228 -1.617323 -0.223228
-1.576378 -0.223228 -1.576378 -0.223228
-1.535433 -0.223228 -1.535433 -0.223228
-1.494488 -0.223228 -1.494488 -0.223228
-1.453543 -0.223228 -1.453543 -0.223228
-1.412598 -0.223228 -1.412598 -0.223228
-1.371654 -0.223228 -1.371654 -0.223228
-1.330709 -0.223228 -1.330709 -0.223228
-1.289764 -0.223228 -1.289764 -0.223228
-1.248819 -0.223228 -1.248819 -0.223228
-1.207874 -0.223228 -1.207874 -0.223228
-1.166929 -0.223228 -1.166929 -0.223228
-1.125984 -0.223228 -1.125984 -0.223228
-1.085039 -0.223228 -1.085039 -0.223228
-1.044094 -0.223228 -1.044094 -0.223228
-1.003150 -0.223228 -1.003150 -0.223228
-0.962205 -0.223228 -0.962205 -0.223228
-0.921260 -0.223228 -0.921260 -0.223228
-0.880315 -0.223228 -0.880315 -0.223228
-0.839370 -0.223228 -0.839370 -0.223228
-0.798425 -0.223228 -0.798425 -0.223228
-0.757480 -0.223228 -0.757480 -0.223228
-0.716535 -0.223228 -0.716535 -0.223228
-0.675591 -0.223228 -0.675591 -0.223228
-0.634646 -0.223228 -0.634646 -0.223228
-0.593701 -0.223228 -0.593701 -0.223228
-0.552756 -0.223228 -0.552756 -0.223228
-0.511811 -0.223228 -0.511811 -0.223228
-0.470866 -0.223228 -0.470866 -0.223228
-0.429921 -0.223228 -0.429921 -0.223228
-0.388976 -0.223228 -0.388976 -0.223228
-0.348031 -0.223228 -0.348031 -0.223228
-0.307087 -0.223228 -0.307087 -0.223228
-0.266142 -0.223228 -0.266142 -0.223228
-0.225197 -0.223228 -0.225197 -0.223228
-0.184252 -0.223228 -0.184252 -0.223228
-0.143307 -0.223228 -0.143307 -0.223228
-0.102362 -0.223228 -0.102362 -0.223228
-0.061417 -0.223228 -0.061417 -0.223228
-0.020472 -0.223228 -0.020472 -0.223228
0.020472 -0.223228 0.020472 -0.223228
0.061417 -0.223228 0.061417 -0.223228
0.102362 -0.223228 0.102362 -0.223228
0.143307 -0.223228 0.143307 -0.223228
0.184252 -0.223228 0.184252 -0.223228
0.225197 -0.223228 0.225197 -0.223228
0.266142 -0.223228 0.266142 -0.223228
0.307087 -0.223228 0.307087 -0.223228
0.348031 -0.223228 0.348031 -0.223228
0.388976 -0.223228 0.388976 -0.223228
0.429921 -0.223228 0.429921 -0.223228
0.470866 -0.223228 0.470866 -0.223228
0.511811 -0.223228 0.511811 -0.223228
0.552756 -0.223228 0.552756 -0.223228
0.593701 -0.223228 0.593701 -0.223228
0.634646 -0.223228 0.634646 -0.223228
0.675591 -0.223228 0.675591 -0.223228
0.716535 -0.223228 0.716535 -0.223228
0.757480 -0.223228 0.757480 -0.223228
0.798425 -0.223228 0.798425 -0.223228
0.839370 -0.223228 0.839370 -0.223228
0.880315 -0.223228 0.880315 -0.223228
0.921260 -0.223228 0.921260 -0.223228
0.962205 -0.223228 0.962205 -0.223228
1.003150 -0.223228 1.003150 -0.223228
1.044094 -0.223228 1.044094 -0.223228
1.085039 -0.223228 1.085039 -0.223228
1.125984 -0.223228 1.125984 -0.223228
1.166929 -0.223228 1.166929 -0.223228
1.207874 -0.223228 1.207874 -0.223228
1.248819 -0.223228 1.248819 -0.223228
1.289764 -0.223228 1.289764 -0.223228
1.330709 -0.223228 1.330709 -0.223228
1.371654 -0.223228 1.371654 -0.223228
1.412598 -0.223228 1.412598 -0.223228
1.453543 -0.223228 1.453543 -0.223228
1.494488 -0.223228 1.494488 -0.223228
1.535433 -0.223228 1.535433 -0.223228
1.576378 -0.223228 1.576378 -0.223228
1.617323 -0.223228 1.617323 -0.223228
1.658268 -0.223228 1.658268 -0.223228
1.699213 -0.223228 1.699213 -0.223228
1.740157 -0.223228 1.740157 -0.223228
1.781102 -0.223228 1.781102 -0.223228
1.822047 -0.223228 1.822047 -0.223228
1.862992 -0.223228 1.862992 -0.223228
1.903937 -0.223228 1.903937 -0.223228
1.944882 -0.223228 1.944882 -0.223228
1.985827 -0.223228 1.985827 -0.223228
2.026772 -0.223228 2.026772 -0.223228
2.067717 -0.223228 2.067717 -0.223228
2.108661 -0.223228 2.108661 -0.223228
2.149606 -0.223228 2.149606 -0.223228
2.190551 -0.223228 2.190551 -0.223228
2.231496 -0.223228 2.231496 -0.223228
2.272441 -0.223228 2.272441 -0.223228
2.313386 -0.223228 2.313386 -0.223228
2.354331 -0.223228 2.354331 -0.223228
2.395276 -0.223228 2.395276 -0.223228
2.436220 -0.223228 2.436220 -0.223228
2.477165 -0.223228 2.477165 -0.223228
2.518110 -0.223228 2.518110 -0.223228
2.559055 -0.223228 2.559055 -0.223228
2.600000 -0.223228 2.600000 -0.223228
-2.600000 -0.206693 -2.600000 -0.206693
-2.559055 -0.206693 -2.559055 -0.206693
-2.518110 -0.206693 -2.518110 -0.206693
-2.477165 -0.206693 -2.477165 -0.206693
-2.436220 -0.206693 -2.436220 -0.206693
-2.395276 -0.206693 -2.395276 -0.206693
-2.354331 -0.206693 -2.354331 -0.206693
-2.313386 -0.206693 -2.313386 -0.206693
-2.272441 -0.206693 -2.272441 -0.206693
-2.231496 -0.206693 -2.231496 -0.206693
-2.190551 -0.206693 -2.190551 -0.206693
-2.149606 -0.206693 -2.149606 -0.206693
-2.108661 -0.206693 -2.108661 -0.206693
-2.067717 -0.206693 -2.067717 -0.206693
-2.026772 -0.206693 -2.026772 -0.206693
-1.985827 -0.206693 -1.985827 -0.206693
-1.944882 -0.206693 -1.944882 -0.206693
-1.903937 -0.206693 -1.903937 -0.206693
-1.862992 -0.206693 -1.862992 -0.206693
-1.822047 -0.206693 -1.822047 -0.206693
-1.781102 -0.206693 -1.781102 -0.206693
-1.740157 -0.206693 -1.740157 -0.206693
-1.699213 -0.206693 -1.699213 -0.206693
-1.658268 -0.206693 -1.658268 -0.206693
-1.617323 -0.206693 -1.617323 -0.206693
-1.576378 -0.206693 -1.576378 -0.206693
-1.535433 -0.206693 -1.535433 -0.206693
-1.494488 -0.206693 -1.494488 -0.206693
-1.453543 -0.206693 -1.453543 -0.206693
-1.412598 -0.206693 -1.412598 -0.206693
-1.371654 -0.206693 -1.371654 -0.206693
-1.330709 -0.206693 -1.330709 -0.206693
-1.289764 -0.206693 -1.289764 -0.206693
-1.248819 -0.206693 -1.248819 -0.206693
-1.207874 -0.206693 -1.207874 -0.206693
-1.166929 -0.206693 -1.166929 -0.206693
-1.125984 -0.206693 -1.125984 -0.206693
-1.085039 -0.206693 -1.085039 -0.206693
-1.044094 -0.206693 -1.044094 -0.206693
-1.003150 -0.206693 -1.003150 -0.206693
-0.962205 -0.206693 -0.962205 -0.206693
-0.921260 -0.206693 -0.921260 -0.206693
-0.880315 -0.206693 -0.880315 -0.206693
-0.839370 -0.206693 -0.839370 -0.206693
-0.798425 -0.206693 -0.798425 -0.206693
-0.757480 -0.206693 -0.757480 -0.206693
-0.716535 -0.206693 -0.716535 -0.206693
-0.675591 -0.206693 -0.675591 -0.206693
-0.634646 -0.206693 -0.634646 -0.206693
-0.593701 -0.206693 -0.593701 -0.206693
-0.552756 -0.206693 -0.552756 -0.206693
-0.511811 -0.206693 -0.511811 -0.206693
-0.470866 -0.206693 -0.470866 -0.206693
-0.429921 -0.206693 -0.429921 -0.206693
-0.388976 -0.206693 -0.388976 -0.206693
-0.348031 -0.206693 -0.348031 -0.206693
-0.307087 -0.206693 -0.307087 -0.206693
-0.266142 -0.206693 -0.266142 -0.206693
-0.225197 -0.206693 -0.225197 -0.206693
-0.184252 -0.206693 -0.184252 -0.206693
-0.143307 -0.206693 -0.143307 -0.206693
-0.102362 -0.206693 -0.102362 -0.206693
-0.061417 -0.206693 -0.061417 -0.206693
-0.020472 -0.206693 -0.020472 -0.206693
0.020472 -0.206693 0.020472 -0.206693
0.061417 -0.206693 0.061417 -0.206693
0.102362 -0.206693 0.102362 -0.206693
0.143307 -0.206693 0.143307 -0.206693
0.184252 -0.206693 0.184252 -0.206693
0.225197 -0.206693 0.225197 -0.206693
0.266142 -0.206693 0.266142 -0.206693
0.307087 -0.206693 0.307087 -0.206693
0.348031 -0.206693 0.348031 -0.206693
0.388976 -0.206693 0.388976 -0.206693
0.429921 -0.206693 0.429921 -0.206693
0.470866 -0.206693 0.470866 -0.206693
0.511811 -0.206693 0.511811 -0.206693
0.552756 -0.206693 0.552756 -0.206693
0.593701 -0.206693 0.593701 -0.206693
0.634646 -0.206693 0.634646 -0.206693
0.675591 -0.206693 0.675591 -0.206693
0.716535 -0.206693 0.716535 -0.206693
0.757480 -0.206693 0.757480 -0.206693
0.798425 -0.206693 0.798425 -0.206693
0.839370 -0.206693 0.839370 -0.206693
0.880315 -0.206693 0.880315 -0.206693
0.921260 -0.206693 0.921260 -0.206693
0.962205 -0.206693 0.962205 -0.206693
1.003150 -0.206693 1.003150 -0.206693
1.044094 -0.206693 1.044094 -0.206693
1.085039 -0.206693 1.085039 -0.206693
1.125984 -0.206693 1.125984 -0.206693
1.166929 -0.206693 1.166929 -0.206693
1.207874 -0.206693 1.207874 -0.206693
1.248819 -0.206693 1.248819 -0.206693
1.289764 -0.206693 1.289764 -0.206693
1.330709 -0.206693 1.330709 -0.206693
1.371654 -0.206693 1.371654 -0.206693
1.412598 -0.206693 1.412598 -0.206693
1.453543 -0.206693 1.453543 -0.206693
1.494488 -0.206693 1.494488 -0.206693
1.535433 -0.206693 1.535433 -0.206693
1.576378 -0.206693 1.576378 -0.206693
1.617323 -0.206693 1.617323 -0.206693
1.658268 -0.206693 1.658268 -0.206693
1.699213 -0.206693 1.699213 -0.206693
1.740157 -0.206693 1.740157 -0.206693
1.781102 -0.206693 1.781102 -0.206693
1.822047 -0.206693 1.822047 -0.206693
1.862992 -0.206693 1.862992 -0.206693
1.903937 -0.206693 1.903937 -0.206693
1.944882 -0.206693 1.944882 -0.206693
1.985827 -0.206693 1.985827 -0.206693
2.026772 -0.206693 2.026772 -0.206693
2.067717 -0.206693 2.067717 -0.206693
2.108661 -0.206693 2.108661 -0.206693
2.149606 -0.206693 2.149606 -0.206693
2.190551 -0.206693 2.190551 -0.206693
2.231496 -0.206693 2.231496 -0.206693
2.272441 -0.206693 2.272441 -0.206693
2.313386 -0.206693 2.313386 -0.206693
2.354331 -0.206693 2.354331 -0.206693
2.395276 -0.206693 2.395276 -0.206693
2.436220 -0.206693 2.436220 -0.206693
2.477165 -0.206693 2.477165 -0.206693
2.518110 -0.206693 2.518110 -0.206693
2.559055 -0.206693 2.559055 -0.206693
2.600000 -0.206693 2.600000 -0.206693
-2.600000 -0.190157 -2.600000 -0.190157
-2.559055 -0.190157 -2.559055 -0.190157
-2.518110 -0.190157 -2.518110 -0.190157
-2.477165 -0.190157 -2.477165 -0.190157
-2.436220 -0.190157 -2.436220 -0.190157
-2.395276 -0.190157 -2.395276 -0.190157
-2.354331 -0.190157 -2.354331 -0.190157
-2.313386 -0.190157 -2.313386 -0.190157
-2.272441 -0.190157 -2.272441 -0.190157
-2.231496 -0.190157 -2.231496 -0.190157
-2.190551 -0.190157 -2.190551 -0.190157
-2.149606 -0.190157 -2.149606 -0.190157
-2.108661 -0.190157 -2.108661 -0.190157
-2.067717 -0.190157 -2.067717 -0.190157
-2.026772 -0.190157 -2.026772 -0.190157
-1.985827 -0.190157 -1.985827 -0.190157
-1.944882 -0.190157 -1.944882 -0.190157
-1.903937 -0.190157 -1.903937 -0.190157
-1.862992 -0.190157 -1.862992 -0.190157
-1.822047 -0.190157 -1.822047 -0.190157
-1.781102 -0.190157 -1.781102 -0.190157
-1.740157 -0.190157 -1.740157 -0.190157
-1.699213 -0.190157 -1.699213 -0.190157
-1.658268 -0.190157 -1.658268 -0.190157
-1.617323 -0.190157 -1.617323 -0.190157
-1.576378 -0.190157 -1.576378 -0.190157
-1.535433 -0.190157 -1.535433 -0.190157
-1.494488 -0.190157 -1.494488 -0.190157
-1.453543 -0.190157 -1.453543 -0.190157
-1.412598 -0.190157 -1.412598 -0.190157
-1.371654 -0.190157 -1.371654 -0.190157
-1.330709 -0.190157 -1.330709 -0.190157
-1.289764 -0.190157 -1.289764 -0.190157
-1.248819 -0.190157 -1.248819 -0.190157
-1.207874 -0.190157 -1.207874 -0.190157
-1.166929 -0.190157 -1.166929 -0.190157
-1.125984 -0.190157 -1.125984 -0.190157
-1.085039 -0.190157 -1.085039 -0.190157
-1.044094 -0.190157 -1.044094 -0.190157
-1.003150 -0.190157 -1.003150 -0.190157
-0.962205 -0.190157 -0.962205 -0.190157
-0.921260 -0.190157 -0.921260 -0.190157
-0.880315 -0.190157 -0.880315 -0.190157
-0.839370 -0.190157 -0.839370 -0.190157
-0.798425 -0.190157 -0.798425 -0.190157
-0.757480 -0.190157 -0.757480 -0.190157
-0.716535 -0.190157 -0.716535 -0.190157
-0.675591 -0.190157 -0.675591 -0.190157
-0.634646 -0.190157 -0.634646 -0.190157
-0.593701 -0.190157 -0.593701 -0.190157
-0.552756 -0.190157 -0.552756 -0.190157
-0.511811 -0.190157 -0.511811 -0.190157
-0.470866 -0.190157 -0.470866 -0.190157
-0.429921 -0.190157 -0.429921 -0.190157
-0.388976 -0.190157 -0.388976 -0.190157
-0.348031 -0.190157 -0.348031 -0.190157
-0.307087 -0.190157 -0.307087 -0.190157
-0.266142 -0.190157 -0.266142 -0.190157
-0.225197 -0.190157 -0.225197 -0.190157
-0.184252 -0.190157 -0.184252 -0.190157
-0.143307 -0.190157 -0.143307 -0.190157
-0.102362 -0.190157 -0.102362 -0.190157
-0.061417 -0.190157 -0.061417 -0.190157
-0.020472 -0.190157 -0.020472 -0.190157
0.020472 -0.190157 0.020472 -0.190157
0.061417 -0.190157 0.061417 -0.190157
0.102362 -0.190157 0.102362 -0.190157
0.143307 -0.190157 0.143307 -0.190157
0.184252 -0.190157 0.184252 -0.190157
0.225197 -0.190157 0.225197 -0.190157
0.266142 -0.190157 0.266142 -0.190157
0.307087 -0.190157 0.307087 -0.190157
0.348031 -0.190157 0.348031 -0.190157
0.388976 -0.190157 0.388976 -0.190157
0.429921 -0.190157 0.429921 -0.190157
0.470866 -0.190157 0.470866 -0.190157
0.511811 -0.190157 0.511811 -0.190157
0.552756 -0.190157 0.552756 -0.190157
0.593701 -0.190157 0.593701 -0.190157
0.634646 -0.190157 0.634646 -0.190157
0.675591 -0.190157 0.675591 -0.190157
0.716535 -0.190157 0.716535 -0.190157
0.757480 -0.190157 0.757480 -0.190157
0.798425 -0.190157 0.798425 -0.190157
0.839370 -0.190157 0.839370 -0.190157
0.880315 -0.190157 0.880315 -0.190157
0.921260 -0.190157 0.921260 -0.190157
0.962205 -0.190157 0.962205 -0.190157
1.003150 -0.190157 1.003150 -0.190157
1.044094 -0.190157 1.044094 -0.190157
1.085039 -0.190157 1.085039 -0.190157
1.125984 -0.190157 1.125984 -0.190157
1.166929 -0.190157 1.166929 -0.190157
1.207874 -0.190157 1.207874 -0.190157
1.248819 -0.190157 1.248819 -0.190157
1.289764 -0.190157 1.289764 -0.190157
1.330709 -0.190157 1.330709 -0.190157
1.371654 -0.190157 1.371654 -0.190157
1.412598 -0.190157 1.412598 -0.190157
1.453543 -0.190157 1.453543 -0.190157
1.494488 -0.190157 1.494488 -0.190157
1.535433 -0.190157 1.535433 -0.190157
1.576378 -0.190157 1.576378 -0.190157
1.617323 -0.190157 1.617323 -0.190157
1.658268 -0.190157 1.658268 -0.190157
1.699213 -0.190157 1.699213 -0.190157
1.740157 -0.190157 1.740157 -0.190157
1.781102 -0.190157 1.781102 -0.190157
1.822047 -0.190157 1.822047 -0.190157
1.862992 -0.190157 1.862992 -0.190157
1.903937 -0.190157 1.903937 -0.190157
1.944882 -0.190157 1.944882 -0.190157
1.985827 -0.190157 1.985827 -0.190157
2.026772 -0.190157 2.026772 -0.190157
2.067717 -0.190157 2.067717 -0.190157
2.108661 -0.190157 2.108661 -0.190157
2.149606 -0.190157 2.149606 -0.190157
2.190551 -0.190157 2.190551 -0.190157
2.231496 -0.190157 2.231496 -0.190157
2.272441 -0.190157 2.272441 -0.190157
2.313386 -0.190157 2.313386 -0.190157
2.354331 -0.190157 2.354331 -0.190157
2.395276 -0.190157 2.395276 -0.190157
2.436220 -0.190157 2.436220 -0.190157
2.477165 -0.190157 2.477165 -0.190157
2.518110 -0.190157 2.518110 -0.190157
2.559055 -0.190157 2.559055 -0.190157
2.600000 -0.190157 2.600000 -0.190157
-2.600000 -0.173622 -2.600000 -0.173622
-2.559055 -0.173622 -2.559055 -0.173622
-2.518110 -0.173622 -2.518110 -0.173622
-2.477165 -0.173622 -2.477165 -0.173622
-2.436220 -0.173622 -2.436220 -0.173622
-2.395276 -0.173622 -2.395276 -0.173622
-2.354331 -0.173622 -2.354331 -0.173622
-2.313386 -0.173622 -2.313386 -0.173622
-2.272441 -0.173622 -2.272441 -0.173622
-2.231496 -0.173622 -2.231496 -0.173622
-2.190551 -0.173622 -2.190551 -0.173622
-2.149606 -0.173622 -2.149606 -0.173622
-2.108661 -0.173622 -2.108661 -0.173622
-2.067717 -0.173622 -2.067717 -0.173622
-2.026772 -0.173622 -2.026772 -0.173622
-1.985827 -0.173622 -1.985827 -0.173622
-1.944882 -0.173622 -1.944882 -0.173622
-1.903937 -0.173622 -1.903937 -0.173622
-1.862992 -0.173622 -1.862992 -0.173622
-1.822047 -0.173622 -1.822047 -0.173622
-1.781102 -0.173622 -1.781102 -0.173622
-1.740157 -0.173622 -1.740157 -0.173622
-1.699213 -0.173622 -1.699213 -0.173622
-1.658268 -0.173622 -1.658268 -0.173622
-1.617323 -0.173622 -1.617323 -0.173622
-1.576378 -0.173622 -1.576378 -0.173622
-1.535433 -0.173622 -1.535433 -0.173622
-1.494488 -0.173622 -1.494488 -0.173622
-1.453543 -0.173622 -1.453543 -0.173622
-1.412598 -0.173622 -1.412598 -0.173622
-1.371654 -0.173622 -1.371654 -0.173622
-1.330709 -0.173622 -1.330709 -0.173622
-1.289764 -0.173622 -1.289764 -0.173622
-1.248819 -0.173622 -1.248819 -0.173622
-1.207874 -0.173622 -1.207874 -0.173622
-1.166929 -0.173622 -1.166929 -0.173622
-1.125984 -0.173622 -1.125984 -0.173622
-1.085039 -0.173622 -1.085039 -0.173622
-1.044094 -0.173622 -1.044094 -0.173622
-1.003150 -0.173622 -1.003150 -0.173622
-0.962205 -0.173622 -0.962205 -0.173622
-0.921260 -0.173622 -0.921260 -0.173622
-0.880315 -0.173622 -0.880315 -0.173622
-0.839370 -0.173622 -0.839370 -0.173622
-0.798425 -0.173622 -0.798425 -0.173622
-0.757480 -0.173622 -0.757480 -0.173622
-0.716535 -0.173622 -0.716535 -0.173622
-0.675591 -0.173622 -0.675591 -0.173622
-0.634646 -0.173622 -0.634646 -0.173622
-0.593701 -0.173622 -0.593701 -0.173622
-0.552756 -0.173622 -0.552756 -0.173622
-0.511811 -0.173622 -0.511811 -0.173622
-0.470866 -0.173622 -0.470866 -0.173622
-0.429921 -0.173622 -0.429921 -0.173622
-0.388976 -0.173622 -0.388976 -0.173622
-0.348031 -0.173622 -0.348031 -0.173622
-0.307087 -0.173622 -0.307087 -0.173622
-0.266142 -0.173622 -0.266142 -0.173622
-0.225197 -0.173622 -0.225197 -0.173622
-0.184252 -0.173622 -0.184252 -0.173622
-0.143307 -0.173622 -0.143307 -0.173622
-0.102362 -0.173622 -0.102362 -0.173622
-0.061417 -0.173622 -0.061417 -0.173622
-0.020472 -0.173622 -0.020472 -0.173622
0.020472 -0.173622 0.020472 -0.173622
0.061417 -0.173622 0.061417 -0.173622
0.102362 -0.173622 0.102362 -0.173622
0.143307 -0.173622 0.143307 -0.173622
0.184252 -0.173622 0.184252 -0.173622
0.225197 -0.173622 0.225197 -0.173622
0.266142 -0.173622 0.266142 -0.173622
0.307087 -0.173622 0.307087 -0.173622
0.348031 -0.173622 0.348031 -0.173622
0.388976 -0.173622 0.388976 -0.173622
0.429921 -0.173622 0.429921 -0.173622
0.470866 -0.173622 0.470866 -0.173622
0.511811 -0.173622 0.511811 -0.173622
0.552756 -0.173622 0.552756 -0.173622
0.593701 -0.173622 0.593701 -0.173622
0.634646 -0.173622 0.634646 -0.173622
0.675591 -0.173622 0.675591 -0.173622
0.716535 -0.173622 0.716535 -0.173622
0.757480 -0.173622 0.757480 -0.173622
0.798425 -0.173622 0.798425 -0.173622
0.839370 -0.173622 0.839370 -0.173622
0.880315 -0.173622 0.880315 -0.173622
0.921260 -0.173622 0.921260 -0.173622
0.962205 -0.173622 0.962205 -0.173622
1.003150 -0.173622 1.003150 -0.173622
1.044094 -0.173622 1.044094 -0.173622
1.085039 -0.173622 1.085039 -0.173622
1.125984 -0.173622 1.125984 -0.173622
1.166929 -0.173622 1.166929 -0.173622
1.207874 -0.173622 1.207874 -0.173622
1.248819 -0.173622 1.248819 -0.173622
1.289764 -0.173622 1.289764 -0.173622
1.330709 -0.173622 1.330709 -0.173622
1.371654 -0.173622 1.371654 -0.173622
1.412598 -0.173622 1.412598 -0.173622
1.453543 -0.173622 1.453543 -0.173622
1.494488 -0.173622 1.494488 -0.173622
1.535433 -0.173622 1.535433 -0.173622
1.576378 -0.173622 1.576378 -0.173622
1.617323 -0.173622 1.617323 -0.173622
1.658268 -0.173622 1.658268 -0.173622
1.699213 -0.173622 1.699213 -0.173622
1.740157 -0.173622 1.740157 -0.173622
1.781102 -0.173622 1.781102 -0.173622
1.822047 -0.173622 1.822047 -0.173622
1.862992 -0.173622 1.862992 -0.173622
1.903937 -0.173622 1.903937 -0.173622
1.944882 -0.173622 1.944882 -0.173622
1.985827 -0.173622 1.985827 -0.173622
2.026772 -0.173622 2.026772 -0.173622
2.067717 -0.173622 2.067717 -0.173622
2.108661 -0.173622 2.108661 -0.173622
2.149606 -0.173622 2.149606 -0.173622
2.190551 -0.173622 2.190551 -0.173622
2.231496 -0.173622 2.231496 -0.173622
2.272441 -0.173622 2.272441 -0.173622
2.313386 -0.173622 2.313386 -0.173622
2.354331 -0.173622 2.354331 -0.173622
2.395276 -0.173622 2.395276 -0.173622
2.436220 -0.173622 2.436220 -0.173622
2.477165 -0.173622 2.477165 -0.173622
2.518110 -0.173622 2.518110 -0.173622
2.559055 -0.173622 2.559055 -0.173622
2.600000 -0.173622 2.600000 -0.173622
-2.600000 -0.157087 -2.600000 -0.157087
-2.559055 -0.157087 -2.559055 -0.157087
-2.518110 -0.157087 -2.518110 -0.157087
-2.477165 -0.157087 -2.477165 -0.157087
-2.436220 -0.157087 -2.436220 -0.157087
-2.395276 -0.157087 -2.395276 -0.157087
-2.354331 -0.157087 -2.354331 -0.157087
-2.313386 -0.157087 -2.313386 -0.157087
-2.272441 -0.157087 -2.272441 -0.157087
-2.231496 -0.157087 -2.231496 -0.157087
-2.190551 -0.157087 -2.190551 -0.157087
-2.149606 -0.157087 -2.149606 -0.157087
-2.108661 -0.157087 -2.108661 -0.157087
-2.067717 -0.157087 -2.067717 -0.157087
-2.026772 -0.157087 -2.026772 -0.157087
-1.985827 -0.157087 -1.985827 -0.157087
-1.944882 -0.157087 -1.944882 -0.157087
-1.903937 -0.157087 -1.903937 -0.157087
-1.862992 -0.157087 -1.862992 -0.157087
-1.822047 -0.157087 -1.822047 -0.157087
-1.781102 -0.157087 -1.781102 -0.157087
-1.740157 -0.157087 -1.740157 -0.157087
-1.699213 -0.157087 -1.699213 -0.157087
-1.658268 -0.157087 -1.658268 -0.157087
-1.617323 -0.157087 -1.617323 -0.157087
-1.576378 -0.157087 -1.576378 -0.157087
-1.535433 -0.157087 -1.535433 -0.157087
-1.494488 -0.157087 -1.494488 -0.157087
-1.453543 -0.157087 -1.453543 -0.157087
-1.412598 -0.157087 -1.412598 -0.157087
-1.371654 -0.157087 -1.371654 -0.157087
-1.330709 -0.157087 -1.330709 -0.157087
-1.289764 -0.157087 -1.289764 -0.157087
-1.248819 -0.157087 -1.248819 -0.157087
-1.207874 -0.157087 -1.207874 -0.157087
-1.166929 -0.157087 -1.166929 -0.157087
-1.125984 -0.157087 -1.125984 -0.157087
-1.085039 -0.157087 -1.085039 -0.157087
-1.044094 -0.157087 -1.044094 -0.157087
-1.003150 -0.157087 -1.003150 -0.157087
-0.962205 -0.157087 -0.962205 -0.157087
-0.921260 -0.157087 -0.921260 -0.157087
-0.880315 -0.157087 -0.880315 -0.157087
-0.839370 -0.157087 -0.839370 -0.157087
-0.798425 -0.157087 -0.798425 -0.157087
-0.757480 -0.157087 -0.757480 -0.157087
-0.716535 -0.157087 -0.716535 -0.157087
-0.675591 -0.157087 -0.675591 -0.157087
-0.634646 -0.157087 -0.634646 -0.157087
-0.593701 -0.157087 -0.593701 -0.157087
-0.552756 -0.157087 -0.552756 -0.157087
-0.511811 -0.157087 -0.511811 -0.157087
-0.470866 -0.157087 -0.470866 -0.157087
-0.429921 -0.157087 -0.429921 -0.157087
-0.388976 -0.157087 -0.388976 -0.157087
-0.348031 -0.157087 -0.348031 -0.157087
-0.307087 -0.157087 -0.307087 -0.157087
-0.266142 -0.157087 -0.266142 -0.157087
-0.225197 -0.157087 -0.225197 -0.157087
-0.184252 -0.157087 -0.184252 -0.157087
-0.143307 -0.157087 -0.143307 -0.157087
-0.102362 -0.157087 -0.102362 -0.157087
-0.061417 -0.157087 -0.061417 -0.157087
-0.020472 -0.157087 -0.020472 -0.157087
0.020472 -0.157087 0.020472 -0.157087
0.061417 -0.157087 0.061417 -0.157087
0.102362 -0.157087 0.102362 -0.157087
0.143307 -0.157087 0.143307 -0.157087
0.184252 -0.157087 0.184252 -0.157087
0.225197 -0.157087 0.225197 -0.157087
0.266142 -0.157087 0.266142 -0.157087
0.307087 -0.157087 0.307087 -0.157087
0.348031 -0.157087 0.348031 -0.157087
0.388976 -0.157087 0.388976 -0.157087
0.429921 -0.157087 0.429921 -0.157087
0.470866 -0.157087 0.470866 -0.157087
0.511811 -0.157087 0.511811 -0.157087
0.552756 -0.157087 0.552756 -0.157087
0.593701 -0.157087 0.593701 -0.157087
0.634646 -0.157087 0.634646 -0.157087
0.675591 -0.157087 0.675591 -0.157087
0.716535 -0.157087 0.716535 -0.157087
0.757480 -0.157087 0.757480 -0.157087
0.798425 -0.157087 0.798425 -0.157087
0.839370 -0.157087 0.839370 -0.157087
0.880315 -0.157087 0.880315 -0.157087
0.921260 -0.157087 0.921260 -0.157087
0.962205 -0.157087 0.962205 -0.157087
1.003150 -0.157087 1.003150 -0.157087
1.044094 -0.157087 1.044094 -0.157087
1.085039 -0.157087 1.085039 -0.157087
1.125984 -0.157087 1.125984 -0.157087
1.166929 -0.157087 1.166929 -0.157087
1.207874 -0.157087 1.207874 -0.157087
1.248819 -0.157087 1.248819 -0.157087
1.289764 -0.157087 1.289764 -0.157087
1.330709 -0.157087 1.330709 -0.157087
1.371654 -0.157087 1.371654 -0.157087
1.412598 -0.157087 1.412598 -0.157087
1.453543 -0.157087 1.453543 -0.157087
1.494488 -0.157087 1.494488 -0.157087
1.535433 -0.157087 1.535433 -0.157087
1.576378 -0.157087 1.576378 -0.157087
1.617323 -0.157087 1.617323 -0.157087
1.658268 -0.157087 1.658268 -0.157087
1.699213 -0.157087 1.699213 -0.157087
1.740157 -0.157087 1.740157 -0.157087
1.781102 -0.157087 1.781102 -0.157087
1.822047 -0.157087 1.822047 -0.157087
1.862992 -0.157087 1.862992 -0.157087
1.903937 -0.157087 1.903937 -0.157087
1.944882 -0.157087 1.944882 -0.157087
1.985827 -0.157087 1.985827 -0.157087
2.026772 -0.157087 2.026772 -0.157087
2.067717 -0.157087 2.067717 -0.157087
2.108661 -0.157087 2.108661 -0.157087
2.149606 -0.157087 2.149606 -0.157087
2.190551 -0.157087 2.190551 -0.157087
2.231496 -0.157087 2.231496 -0.157087
2.272441 -0.157087 2.272441 -0.157087
2.313386 -0.157087 2.313386 -0.157087
2.354331 -0.157087 2.354331 -0.157087
2.395276 -0.157087 2.395276 -0.157087
2.436220 -0.157087 2.436220 -0.157087
2.477165 -0.157087 2.477165 -0.157087
2.518110 -0.157087 2.518110 -0.157087
2.559055 -0.157087 2.559055 -0.157087
2.600000 -0.157087 2.600000 -0.157087
-2.600000 -0.140551 -2.600000 -0.140551
-2.559055 -0.140551 -2.559055 -0.140551
-2.518110 -0.140551 -2.518110 -0.140551
-2.477165 -0.140551 -2.477165 -0.140551
-2.436220 -0.140551 -2.436220 -0.140551
-2.395276 -0.140551 -2.395276 -0.140551
-2.354331 -0.140551 -2.354331 -0.140551
-2.313386 -0.140551 -2.313386 -0.140551
-2.272441 -0.140551 -2.272441 -0.140551
-2.231496 -0.140551 -2.231496 -0.140551
-2.190551 -0.140551 -2.190551 -0.140551
-2.149606 -0.140551 -2.149606 -0.140551
-2.108661 -0.140551 -2.108661 -0.140551
-2.067717 -0.140551 -2.067717 -0.140551
-2.026772 -0.140551 -2.026772 -0.140551
-1.985827 -0.140551 -1.985827 -0.140551
-1.944882 -0.140551 -1.944882 -0.140551
-1.903937 -0.140551 -1.903937 -0.140551
-1.862992 -0.140551 -1.862992 -0.140551
-1.822047 -0.140551 -1.822047 -0.140551
-1.781102 -0.140551 -1.781102 -0.140551
-1.740157 -0.140551 -1.740157 -0.140551
-1.699213 -0.140551 -1.699213 -0.140551
-1.658268 -0.140551 -1.658268 -0.140551
-1.617323 -0.140551 -1.617323 -0.140551
-1.576378 -0.140551 -1.576378 -0.140551
-1.535433 -0.140551 -1.535433 -0.140551
-1.494488 -0.140551 -1.494488 -0.140551
-1.453543 -0.140551 -1.453543 -0.140551
-1.412598 -0.140551 -1.412598 -0.140551
-1.371654 -0.140551 -1.371654 -0.140551
-1.330709 -0.140551 -1.330709 -0.140551
-1.289764 -0.140551 -1.289764 -0.140551
-1.248819 -0.140551 -1.248819 -0.140551
-1.207874 -0.140551 -1.207874 -0.140551
-1.166929 -0.140551 -1.166929 -0.140551
-1.125984 -0.140551 -1.125984 -0.140551
-1.085039 -0.140551 -1.085039 -0.140551
-1.044094 -0.140551 -1.044094 -0.140551
-1.003150 -0.140551 -1.003150 -0.140551
-0.962205 -0.140551 -0.962205 -0.140551
-0.921260 -0.140551 -0.921260 -0.140551
-0.880315 -0.140551 -0.880315 -0.140551
-0.839370 -0.140551 -0.839370 -0.140551
-0.798425 -0.140551 -0.798425 -0.140551
-0.757480 -0.140551 -0.757480 -0.140551
-0.716535 -0.140551 -0.716535 -0.140551
-0.675591 -0.140551 -0.675591 -0.140551
-0.634646 -0.140551 -0.634646 -0.140551
-0.593701 -0.140551 -0.593701 -0.140551
-0.552756 -0.140551 -0.552756 -0.140551
-0.511811 -0.140551 -0.511811 -0.140551
-0.470866 -0.140551 -0.470866 -0.140551
-0.429921 -0.140551 -0.429921 -0.140551
-0.388976 -0.140551 -0.388976 -0.140551
-0.348031 -0.140551 -0.348031 -0.140551
-0.307087 -0.140551 -0.307087 -0.140551
-0.266142 -0.140551 -0.266142 -0.140551
-0.225197 -0.140551 -0.225197 -0.140551
-0.184252 -0.140551 -0.184252 -0.140551
-0.143307 -0.140551 -0.143307 -0.140551
-0.102362 -0.140551 -0.102362 -0.140551
-0.061417 -0.140551 -0.061417 -0.140551
-0.020472 -0.140551 -0.020472 -0.140551
0.020472 -0.140551 0.020472 -0.140551
0.061417 -0.140551 0.061417 -0.140551
0.102362 -0.140551 0.102362 -0.140551
0.143307 -0.140551 0.143307 -0.140551
0.184252 -0.140551 0.184252 -0.140551
0.225197 -0.140551 0.225197 -0.140551
0.266142 -0.140551 0.266142 -0.140551
0.307087 -0.140551 0.307087 -0.140551
0.348031 -0.140551 0.348031 -0.140551
0.388976 -0.140551 0.388976 -0.140551
0.429921 -0.140551 0.429921 -0.140551
0.470866 -0.140551 0.470866 -0.140551
0.511811 -0.140551 0.511811 -0.140551
0.552756 -0.140551 0.552756 -0.140551
0.593701 -0.140551 0.593701 -0.140551
0.634646 -0.140551 0.634646 -0.140551
0.675591 -0.140551 0.675591 -0.140551
0.716535 -0.140551 0.716535 -0.140551
0.757480 -0.140551 0.757480 -0.140551
0.798425 -0.140551 0.798425 -0.140551
0.839370 -0.140551 0.839370 -0.140551
0.880315 -0.140551 0.880315 -0.140551
0.921260 -0.140551 0.921260 -0.140551
0.962205 -0.140551 0.962205 -0.140551
1.003150 -0.140551 1.003150 -0.140551
1.044094 -0.140551 1.044094 -0.140551
1.085039 -0.140551 1.085039 -0.140551
1.125984 -0.140551 1.125984 -0.140551
1.166929 -0.140551 1.166929 -0.140551
1.207874 -0.140551 1.207874 -0.140551
1.248819 -0.140551 1.248819 -0.140551
1.289764 -0.140551 1.289764 -0.140551
1.330709 -0.140551 1.330709 -0.140551
1.371654 -0.140551 1.371654 -0.140551
1.412598 -0.140551 1.412598 -0.140551
1.453543 -0.140551 1.453543 -0.140551
1.494488 -0.140551 1.494488 -0.140551
1.535433 -0.140551 1.535433 -0.140551
1.576378 -0.140551 1.576378 -0.140551
1.617323 -0.140551 1.617323 -0.140551
1.658268 -0.140551 1.658268 -0.140551
1.699213 -0.140551 1.699213 -0.140551
1.740157 -0.140551 1.740157 -0.140551
1.781102 -0.140551 1.781102 -0.140551
1.822047 -0.140551 1.822047 -0.140551
1.862992 -0.140551 1.862992 -0.140551
1.903937 -0.140551 1.903937 -0.140551
1.944882 -0.140551 1.944882 -0.140551
1.985827 -0.140551 1.985827 -0.140551
2.026772 -0.140551 2.026772 -0.140551
2.067717 -0.140551 2.067717 -0.140551
2.108661 -0.140551 2.108661 -0.140551
2.149606 -0.140551 2.149606 -0.140551
2.190551 -0.140551 2.190551 -0.140551
2.231496 -0.140551 2.231496 -0.140551
2.272441 -0.140551 2.272441 -0.140551
2.313386 -0.140551 2.313386 -0.140551
2.354331 -0.140551 2.354331 -0.140551
2.395276 -0.140551 2.395276 -0.140551
2.436220 -0.140551 2.436220 -0.140551
2.477165 -0.140551 2.477165 -0.140551
2.518110 -0.140551 2.518110 -0.140551
2.559055 -0.140551 2.559055 -0.140551
2.600000 -0.140551 2.600000 -0.140551
-2.600000 -0.124016 -2.600000 -0.124016
-2.559055 -0.124016 -2.559055 -0.124016
-2.518110 -0.124016 -2.518110 -0.124016
-2.477165 -0.124016 -2.477165 -0.124016
-2.436220 -0.124016 -2.436220 -0.124016
-2.395276 -0.124016 -2.395276 -0.124016
-2.354331 -0.124016 -2.354331 -0.124016
-2.313386 -0.124016 -2.313386 -0.124016
-2.272441 -0.124016 -2.272441 -0.124016
-2.231496 -0.124016 -2.231496 -0.124016
-2.190551 -0.124016 -2.190551 -0.124016
-2.149606 -0.124016 -2.149606 -0.124016
-2.108661 -0.124016 -2.108661 -0.124016
-2.067717 -0.124016 -2.067717 -0.124016
-2.026772 -0.124016 -2.026772 -0.124016
-1.985827 -0.124016 -1.985827 -0.124016
-1.944882 -0.124016 -1.944882 -0.124016
-1.903937 -0.124016 -1.903937 -0.124016
-1.862992 -0.124016 -1.862992 -0.124016
-1.822047 -0.124016 -1.822047 -0.124016
-1.781102 -0.124016 -1.781102 -0.124016
-1.740157 -0.124016 -1.740157 -0.124016
-1.699213 -0.124016 -1.699213 -0.124016
-1.658268 -0.124016 -1.658268 -0.124016
-1.617323 -0.124016 -1.617323 -0.124016
-1.576378 -0.124016 -1.576378 -0.124016
-1.535433 -0.124016 -1.535433 -0.124016
-1.494488 -0.124016 -1.494488 -0.124016
-1.453543 -0.124016 -1.453543 -0.124016
-1.412598 -0.124016 -1.412598 -0.124016
-1.371654 -0.124016 -1.371654 -0.124016
-1.330709 -0.124016 -1.330709 -0.124016
-1.289764 -0.124016 -1.289764 -0.124016
-1.248819 -0.124016 -1.248819 -0.124016
-1.207874 -0.124016 -1.207874 -0.124016
-1.166929 -0.124016 -1.166929 -0.124016
-1.125984 -0.124016 -1.125984 -0.124016
-1.085039 -0.124016 -1.085039 -0.124016
-1.044094 -0.124016 -1.044094 -0.124016
-1.003150 -0.124016 -1.003150 -0.124016
-0.962205 -0.124016 -0.962205 -0.124016
-0.921260 -0.124016 -0.921260 -0.124016
-0.880315 -0.124016 -0.880315 -0.124016
-0.839370 -0.124016 -0.839370 -0.124016
-0.798425 -0.124016 -0.798425 -0.124016
-0.757480 -0.124016 -0.757480 -0.124016
-0.716535 -0.124016 -0.716535 -0.124016
-0.675591 -0.124016 -0.675591 -0.124016
-0.634646 -0.124016 -0.634646 -0.124016
-0.593701 -0.124016 -0.593701 -0.124016
-0.552756 -0.124016 -0.552756 -0.124016
-0.511811 -0.124016 -0.511811 -0.124016
-0.470866 -0.124016 -0.470866 -0.124016
-0.429921 -0.124016 -0.429921 -0.124016
-0.388976 -0.124016 -0.388976 -0.124016
-0.348031 -0.124016 -0.348031 -0.124016
-0.307087 -0.124016 -0.307087 -0.124016
-0.266142 -0.124016 -0.266142 -0.124016
-0.225197 -0.124016 -0.225197 -0.124016
-0.184252 -0.124016 -0.184252 -0.124016
-0.143307 -0.124016 -0.143307 -0.124016
-0.102362 -0.124016 -0.102362 -0.124016
-0.061417 -0.124016 -0.061417 -0.124016
-0.020472 -0.124016 -0.020472 -0.124016
0.020472 -0.124016 0.020472 -0.124016
0.061417 -0.124016 0.061417 -0.124016
0.102362 -0.124016 0.102362 -0.124016
0.143307 -0.124016 0.143307 -0.124016
0.184252 -0.124016 0.184252 -0.124016
0.225197 -0.124016 0.225197 -0.124016
0.266142 -0.124016 0.266142 -0.124016
0.307087 -0.124016 0.307087 -0.124016
0.348031 -0.124016 0.348031 -0.124016
0.388976 -0.124016 0.388976 -0.124016
0.429921 -0.124016 0.429921 -0.124016
0.470866 -0.124016 0.470866 -0.124016
0.511811 -0.124016 0.511811 -0.124016
0.552756 -0.124016 0.552756 -0.124016
0.593701 -0.124016 0.593701 -0.124016
0.634646 -0.124016 0.634646 -0.124016
0.675591 -0.124016 0.675591 -0.124016
0.716535 -0.124016 0.716535 -0.124016
0.757480 -0.124016 0.757480 -0.124016
0.798425 -0.124016 0.798425 -0.124016
0.839370 -0.124016 0.839370 -0.124016
0.880315 -0.124016 0.880315 -0.124016
0.921260 -0.124016 0.921260 -0.124016
0.962205 -0.124016 0.962205 -0.124016
1.003150 -0.124016 1.003150 -0.124016
1.044094 -0.124016 1.044094 -0.124016
1.085039 -0.124016 1.085039 -0.124016
1.125984 -0.124016 1.125984 -0.124016
1.166929 -0.124016 1.166929 -0.124016
1.207874 -0.124016 1.207874 -0.124016
1.248819 -0.124016 1.248819 -0.124016
1.289764 -0.124016 1.289764 -0.124016
1.330709 -0.124016 1.330709 -0.124016
1.371654 -0.124016 1.371654 -0.124016
1.412598 -0.124016 1.412598 -0.124016
1.453543 -0.124016 1.453543 -0.124016
1.494488 -0.124016 1.494488 -0.124016
1.535433 -0.124016 1.535433 -0.124016
1.576378 -0.124016 1.576378 -0.124016
1.617323 -0.124016 1.617323 -0.124016
1.658268 -0.124016 1.658268 -0.124016
1.699213 -0.124016 1.699213 -0.124016
1.740157 -0.124016 1.740157 -0.124016
1.781102 -0.124016 1.781102 -0.124016
1.822047 -0.124016 1.822047 -0.124016
1.862992 -0.124016 1.862992 -0.124016
1.903937 -0.124016 1.903937 -0.124016
1.944882 -0.124016 1.944882 -0.124016
1.985827 -0.124016 1.985827 -0.124016
2.026772 -0.124016 2.026772 -0.124016
2.067717 -0.124016 2.067717 -0.124016
2.108661 -0.124016 2.108661 -0.124016
2.149606 -0.124016 2.149606 -0.124016
2.190551 -0.124016 2.190551 -0.124016
2.231496 -0.124016 2.231496 -0.124016
2.272441 -0.124016 2.272441 -0.124016
2.313386 -0.124016 2.313386 -0.124016
2.354331 -0.124016 2.354331 -0.124016
2.395276 -0.124016 2.395276 -0.124016
2.436220 -0.124016 2.436220 -0.124016
2.477165 -0.124016 2.477165 -0.124016
2.518110 -0.124016 2.518110 -0.124016
2.559055 -0.124016 2.559055 -0.124016
2.600000 -0.124016 2.600000 -0.124016
-2.600000 -0.107480 -2.600000 -0.107480
-2.559055 -0.107480 -2.559055 -0.107480
-2.518110 -0.107480 -2.518110 -0.107480
-2.477165 -0.107480 -2.477165 -0.107480
-2.436220 -0.107480 -2.436220 -0.107480
-2.395276 -0.107480 -2.395276 -0.107480
-2.354331 -0.107480 -2.354331 -0.107480
-2.313386 -0.107480 -2.313386 -0.107480
-2.272441 -0.107480 -2.272441 -0.107480
-2.231496 -0.107480 -2.231496 -0.107480
-2.190551 -0.107480 -2.190551 -0.107480
-2.149606 -0.107480 -2.149606 -0.107480
-2.108661 -0.107480 -2.108661 -0.107480
-2.067717 -0.107480 -2.067717 -0.107480
-2.026772 -0.107480 -2.026772 -0.107480
-1.985827 -0.107480 -1.985827 -0.107480
-1.944882 -0.107480 -1.944882 -0.107480
-1.903937 -0.107480 -1.903937 -0.107480
-1.862992 -0.107480 -1.862992 -0.107480
-1.822047 -0.107480 -1.822047 -0.107480
-1.781102 -0.107480 -1.781102 -0.107480
-1.740157 -0.107480 -1.740157 -0.107480
-1.699213 -0.107480 -1.699213 -0.107480
-1.658268 -0.107480 -1.658268 -0.107480
-1.617323 -0.107480 -1.617323 -0.107480
-1.576378 -0.107480 -1.576378 -0.107480
-1.535433 -0.107480 -1.535433 -0.107480
-1.494488 -0.107480 -1.494488 -0.107480
-1.453543 -0.107480 -1.453543 -0.107480
-1.412598 -0.107480 -1.412598 -0.107480
-1.371654 -0.107480 -1.371654 -0.107480
-1.330709 -0.107480 -1.330709 -0.107480
-1.289764 -0.107480 -1.289764 -0.107480
-1.248819 -0.107480 -1.248819 -0.107480
-1.207874 -0.107480 -1.207874 -0.107480
-1.166929 -0.107480 -1.166929 -0.107480
-1.125984 -0.107480 -1.125984 -0.107480
-1.085039 -0.107480 -1.085039 -0.107480
-1.044094 -0.107480 -1.044094 -0.107480
-1.003150 -0.107480 -1.003150 -0.107480
-0.962205 -0.107480 -0.962205 -0.107480
-0.921260 -0.107480 -0.921260 -0.107480
-0.880315 -0.107480 -0.880315 -0.107480
-0.839370 -0.107480 -0.839370 -0.107480
-0.798425 -0.107480 -0.798425 -0.107480
-0.757480 -0.107480 -0.757480 -0.107480
-0.716535 -0.107480 -0.716535 -0.107480
-0.675591 -0.107480 -0.675591 -0.107480
-0.634646 -0.107480 -0.634646 -0.107480
-0.593701 -0.107480 -0.593701 -0.107480
-0.552756 -0.107480 -0.552756 -0.107480
-0.511811 -0.107480 -0.511811 -0.107480
-0.470866 -0.107480 -0.470866 -0.107480
-0.429921 -0.107480 -0.429921 -0.107480
-0.388976 -0.107480 -0.388976 -0.107480
-0.348031 -0.107480 -0.348031 -0.107480
-0.307087 -0.107480 -0.307087 -0.107480
-0.266142 -0.107480 -0.266142 -0.107480
-0.225197 -0.107480 -0.225197 -0.107480
-0.184252 -0.107480 -0.184252 -0.107480
-0.143307 -0.107480 -0.143307 -0.107480
-0.102362 -0.107480 -0.102362 -0.107480
-0.061417 -0.107480 -0.061417 -0.107480
-0.020472 -0.107480 -0.020472 -0.107480
0.020472 -0.107480 0.020472 -0.107480
0.061417 -0.107480 0.061417 -0.107480
0.102362 -0.107480 0.102362 -0.107480
0.143307 -0.107480 0.143307 -0.107480
0.184252 -0.107480 0.184252 -0.107480
0.225197 -0.107480 0.225197 -0.107480
0.266142 -0.107480 0.266142 -0.107480
0.307087 -0.107480 0.307087 -0.107480
0.348031 -0.107480 0.348031 -0.107480
0.388976 -0.107480 0.388976 -0.107480
0.429921 -0.107480 0.429921 -0.107480
0.470866 -0.107480 0.470866 -0.107480
0.511811 -0.107480 0.511811 -0.107480
0.552756 -0.107480 0.552756 -0.107480
0.593701 -0.107480 0.593701 -0.107480
0.634646 -0.107480 0.634646 -0.107480
0.675591 -0.107480 0.675591 -0.107480
0.716535 -0.107480 0.716535 -0.107480
0.757480 -0.107480 0.757480 -0.107480
0.798425 -0.107480 0.798425 -0.107480
0.839370 -0.107480 0.839370 -0.107480
0.880315 -0.107480 0.880315 -0.107480
0.921260 -0.107480 0.921260 -0.107480
0.962205 -0.107480 0.962205 -0.107480
1.003150 -0.107480 1.003150 -0.107480
1.044094 -0.107480 1.044094 -0.107480
1.085039 -0.107480 1.085039 -0.107480
1.125984 -0.107480 1.125984 -0.107480
1.166929 -0.107480 1.166929 -0.107480
1.207874 -0.107480 1.207874 -0.107480
1.248819 -0.107480 1.248819 -0.107480
1.289764 -0.107480 1.289764 -0.107480
1.330709 -0.107480 1.330709 -0.107480
1.371654 -0.107480 1.371654 -0.107480
1.412598 -0.107480 1.412598 -0.107480
1.453543 -0.107480 1.453543 -0.107480
1.494488 -0.107480 1.494488 -0.107480
1.535433 -0.107480 1.535433 -0.107480
1.576378 -0.107480 1.576378 -0.107480
1.617323 -0.107480 1.617323 -0.107480
1.658268 -0.107480 1.658268 -0.107480
1.699213 -0.107480 1.699213 -0.107480
1.740157 -0.107480 1.740157 -0.107480
1.781102 -0.107480 1.781102 -0.107480
1.822047 -0.107480 1.822047 -0.107480
1.862992 -0.107480 1.862992 -0.107480
1.903937 -0.107480 1.903937 -0.107480
1.944882 -0.107480 1.944882 -0.107480
1.985827 -0.107480 1.985827 -0.107480
2.026772 -0.107480 2.026772 -0.107480
2.067717 -0.107480 2.067717 -0.107480
2.108661 -0.107480 2.108661 -0.107480
2.149606 -0.107480 2.149606 -0.107480
2.190551 -0.107480 2.190551 -0.107480
2.231496 -0.107480 2.231496 -0.107480
2.272441 -0.107480 2.272441 -0.107480
2.313386 -0.107480 2.313386 -0.107480
2.354331 -0.107480 2.354331 -0.107480
2.395276 -0.107480 2.395276 -0.107480
2.436220 -0.107480 2.436220 -0.107480
2.477165 -0.107480 2.477165 -0.107480
2.518110 -0.107480 2.518110 -0.107480
2.559055 -0.107480 2.559055 -0.107480
2.600000 -0.107480 2.600000 -0.107480
-2.600000 -0.090945 -2.600000 -0.090945
-2.559055 -0.090945 -2.559055 -0.090945
-2.518110 -0.090945 -2.518110 -0.090945
-2.477165 -0.090945 -2.477165 -0.090945
-2.436220 -0.090945 -2.436220 -0.090945
-2.395276 -0.090945 -2.395276 -0.090945
-2.354331 -0.090945 -2.354331 -0.090945
-2.313386 -0.090945 -2.313386 -0.090945
-2.272441 -0.090945 -2.272441 -0.090945
-2.231496 -0.090945 -2.231496 -0.090945
-2.190551 -0.090945 -2.190551 -0.090945
-2.149606 -0.090945 -2.149606 -0.090945
-2.108661 -0.090945 -2.108661 -0.090945
-2.067717 -0.090945 -2.067717 -0.090945
-2.026772 -0.090945 -2.026772 -0.090945
-1.985827 -0.090945 -1.985827 -0.090945
-1.944882 -0.090945 -1.944882 -0.090945
-1.903937 -0.090945 -1.903937 -0.090945
-1.862992 -0.090945 -1.862992 -0.090945
-1.822047 -0.090945 -1.822047 -0.090945
-1.781102 -0.090945 -1.781102 -0.090945
-1.740157 -0.090945 -1.740157 -0.090945
-1.699213 -0.090945 -1.699213 -0.090945
-1.658268 -0.090945 -1.658268 -0.090945
-1.617323 -0.090945 -1.617323 -0.090945
-1.576378 -0.090945 -1.576378 -0.090945
-1.535433 -0.090945 -1.535433 -0.090945
-1.494488 -0.090945 -1.494488 -0.090945
-1.453543 -0.090945 -1.453543 -0.090945
-1.412598 -0.090945 -1.412598 -0.090945
-1.371654 -0.090945 -1.371654 -0.090945
-1.330709 -0.090945 -1.330709 -0.090945
-1.289764 -0.090945 -1.289764 -0.090945
-1.248819 -0.090945 -1.248819 -0.090945
-1.207874 -0.090945 -1.207874 -0.090945
-1.166929 -0.090945 -1.166929 -0.090945
-1.125984 -0.090945 -1.125984 -0.090945
-1.085039 -0.090945 -1.085039 -0.090945
-1.044094 -0.090945 -1.044094 -0.090945
-1.003150 -0.090945 -1.003150 -0.090945
-0.962205 -0.090945 -0.962205 -0.090945
-0.921260 -0.090945 -0.921260 -0.090945
-0.880315 -0.090945 -0.880315 -0.090945
-0.839370 -0.090945 -0.839370 -0.090945
-0.798425 -0.090945 -0.798425 -0.090945
-0.757480 -0.090945 -0.757480 -0.090945
-0.716535 -0.090945 -0.716535 -0.090945
-0.675591 -0.090945 -0.675591 -0.090945
-0.634646 -0.090945 -0.634646 -0.090945
-0.593701 -0.090945 -0.593701 -0.090945
-0.552756 -0.090945 -0.552756 -0.090945
-0.511811 -0.090945 -0.511811 -0.090945
-0.470866 -0.090945 -0.470866 -0.090945
-0.429921 -0.090945 -0.429921 -0.090945
-0.388976 -0.090945 -0.388976 -0.090945
-0.348031 -0.090945 -0.348031 -0.090945
-0.307087 -0.090945 -0.307087 -0.090945
-0.266142 -0.090945 -0.266142 -0.090945
-0.225197 -0.090945 -0.225197 -0.090945
-0.184252 -0.090945 -0.184252 -0.090945
-0.143307 -0.090945 -0.143307 -0.090945
-0.102362 -0.090945 -0.102362 -0.090945
-0.061417 -0.090945 -0.061417 -0.090945
-0.020472 -0.090945 -0.020472 -0.090945
0.020472 -0.090945 0.020472 -0.090945
0.061417 -0.090945 0.061417 -0.090945
0.102362 -0.090945 0.102362 -0.090945
0.143307 -0.090945 0.143307 -0.090945
0.184252 -0.090945 0.184252 -0.090945
0.225197 -0.090945 0.225197 -0.090945
0.266142 -0.090945 0.266142 -0.090945
0.307087 -0.090945 0.307087 -0.090945
0.348031 -0.090945 0.348031 -0.090945
0.388976 -0.090945 0.388976 -0.090945
0.429921 -0.090945 0.429921 -0.090945
0.470866 -0.090945 0.470866 -0.090945
0.511811 -0.090945 0.511811 -0.090945
0.552756 -0.090945 0.552756 -0.090945
0.593701 -0.090945 0.593701 -0.090945
0.634646 -0.090945 0.634646 -0.090945
0.675591 -0.090945 0.675591 -0.090945
0.716535 -0.090945 0.716535 -0.090945
0.757480 -0.090945 0.757480 -0.090945
0.798425 -0.090945 0.798425 -0.090945
0.839370 -0.090945 0.839370 -0.090945
0.880315 -0.090945 0.880315 -0.090945
0.921260 -0.090945 0.921260 -0.090945
0.962205 -0.090945 0.962205 -0.090945
1.003150 -0.090945 1.003150 -0.090945
1.044094 -0.090945 1.044094 -0.090945
1.085039 -0.090945 1.085039 -0.090945
1.125984 -0.090945 1.125984 -0.090945
1.166929 -0.090945 1.166929 -0.090945
1.207874 -0.090945 1.207874 -0.090945
1.248819 -0.090945 1.248819 -0.090945
1.289764 -0.090945 1.289764 -0.090945
1.330709 -0.090945 1.330709 -0.090945
1.371654 -0.090945 1.371654 -0.090945
1.412598 -0.090945 1.412598 -0.090945
1.453543 -0.090945 1.453543 -0.090945
1.494488 -0.090945 1.494488 -0.090945
1.535433 -0.090945 1.535433 -0.090945
1.576378 -0.090945 1.576378 -0.090945
1.617323 -0.090945 1.617323 -0.090945
1.658268 -0.090945 1.658268 -0.090945
1.699213 -0.090945 1.699213 -0.090945
1.740157 -0.090945 1.740157 -0.090945
1.781102 -0.090945 1.781102 -0.090945
1.822047 -0.090945 1.822047 -0.090945
1.862992 -0.090945 1.862992 -0.090945
1.903937 -0.090945 1.903937 -0.090945
1.944882 -0.090945 1.944882 -0.090945
1.985827 -0.090945 1.985827 -0.090945
2.026772 -0.090945 2.026772 -0.090945
2.067717 -0.090945 2.067717 -0.090945
2.108661 -0.090945 2.108661 -0.090945
2.149606 -0.090945 2.149606 -0.090945
2.190551 -0.090945 2.190551 -0.090945
2.231496 -0.090945 2.231496 -0.090945
2.272441 -0.090945 2.272441 -0.090945
2.313386 -0.090945 2.313386 -0.090945
2.354331 -0.090945 2.354331 -0.090945
2.395276 -0.090945 2.395276 -0.090945
2.436220 -0.090945 2.436220 -0.090945
2.477165 -0.090945 2.477165 -0.090945
2.518110 -0.090945 2.518110 -0.090945
2.559055 -0.090945 2.559055 -0.090945
2.600000 -0.090945 2.600000 -0.090945
-2.600000 -0.074409 -2.600000 -0.074409
-2.559055 -0.074409 -2.559055 -0.074409
-2.518110 -0.074409 -2.518110 -0.074409
-2.477165 -0.074409 -2.477165 -0.074409
-2.436220 -0.074409 -2.436220 -0.074409
-2.395276 -0.074409 -2.395276 -0.074409
-2.354331 -0.074409 -2.354331 -0.074409
-2.313386 -0.074409 -2.313386 -0.074409
-2.272441 -0.074409 -2.272441 -0.074409
-2.231496 -0.074409 -2.231496 -0.074409
-2.190551 -0.074409 -2.190551 -0.074409
-2.149606 -0.074409 -2.149606 -0.074409
-2.108661 -0.074409 -2.108661 -0.074409
-2.067717 -0.074409 -2.067717 -0.074409
-2.026772 -0.074409 -2.026772 -0.074409
-1.985827 -0.074409 -1.985827 -0.074409
-1.944882 -0.074409 -1.944882 -0.074409
-1.903937 -0.074409 -1.903937 -0.074409
-1.862992 -0.074409 -1.862992 -0.074409
-1.822047 -0.074409 -1.822047 -0.074409
-1.781102 -0.074409 -1.781102 -0.074409
-1.740157 -0.074409 -1.740157 -0.074409
-1.699213 -0.074409 -1.699213 -0.074409
-1.658268 -0.074409 -1.658268 -0.074409
-1.617323 -0.074409 -1.617323 -0.074409
-1.576378 -0.074409 -1.576378 -0.074409
-1.535433 -0.074409 -1.535433 -0.074409
-1.494488 -0.074409 -1.494488 -0.074409
-1.453543 -0.074409 -1.453543 -0.074409
-1.412598 -0.074409 -1.412598 -0.074409
-1.371654 -0.074409 -1.371654 -0.074409
-1.330709 -0.074409 -1.330709 -0.074409
-1.289764 -0.074409 -1.289764 -0.074409
-1.248819 -0.074409 -1.248819 -0.074409
-1.207874 -0.074409 -1.207874 -0.074409
-1.166929 -0.074409 -1.166929 -0.074409
-1.125984 -0.074409 -1.125984 -0.074409
-1.085039 -0.074409 -1.085039 -0.074409
-1.044094 -0.074409 -1.044094 -0.074409
-1.003150 -0.074409 -1.003150 -0.074409
-0.962205 -0.074409 -0.962205 -0.074409
-0.921260 -0.074409 -0.921260 -0.074409
-0.880315 -0.074409 -0.880315 -0.074409
-0.839370 -0.074409 -0.839370 -0.074409
-0.798425 -0.074409 -0.798425 -0.074409
-0.757480 -0.074409 -0.757480 -0.074409
-0.716535 -0.074409 -0.716535 -0.074409
-0.675591 -0.074409 -0.675591 -0.074409
-0.634646 -0.074409 -0.634646 -0.074409
-0.593701 -0.074409 -0.593701 -0.074409
-0.552756 -0.074409 -0.552756 -0.074409
-0.511811 -0.074409 -0.511811 -0.074409
-0.470866 -0.074409 -0.470866 -0.074409
-0.429921 -0.074409 -0.429921 -0.074409
-0.388976 -0.074409 -0.388976 -0.074409
-0.348031 -0.074409 -0.348031 -0.074409
-0.307087 -0.074409 -0.307087 -0.074409
-0.266142 -0.074409 -0.266142 -0.074409
-0.225197 -0.074409 -0.225197 -0.074409
-0.184252 -0.074409 -0.184252 -0.074409
-0.143307 -0.074409 -0.143307 -0.074409
-0.102362 -0.074409 -0.102362 -0.074409
-0.061417 -0.074409 -0.061417 -0.074409
-0.020472 -0.074409 -0.020472 -0.074409
0.020472 -0.074409 0.020472 -0.074409
0.061417 -0.074409 0.061417 -0.074409
0.102362 -0.074409 0.102362 -0.074409
0.143307 -0.074409 0.143307 -0.074409
0.184252 -0.074409 0.184252 -0.074409
0.225197 -0.074409 0.225197 -0.074409
0.266142 -0.074409 0.266142 -0.074409
0.307087 -0.074409 0.307087 -0.074409
0.348031 -0.074409 0.348031 -0.074409
0.388976 -0.074409 0.388976 -0.074409
0.429921 -0.074409 0.429921 -0.074409
0.470866 -0.074409 0.470866 -0.074409
0.511811 -0.074409 0.511811 -0.074409
0.552756 -0.074409 0.552756 -0.074409
0.593701 -0.074409 0.593701 -0.074409
0.634646 -0.074409 0.634646 -0.074409
0.675591 -0.074409 0.675591 -0.074409
0.716535 -0.074409 0.716535 -0.074409
0.757480 -0.074409 0.757480 -0.074409
0.798425 -0.074409 0.798425 -0.074409
0.839370 -0.074409 0.839370 -0.074409
0.880315 -0.074409 0.880315 -0.074409
0.921260 -0.074409 0.921260 -0.074409
0.962205 -0.074409 0.962205 -0.074409
1.003150 -0.074409 1.003150 -0.074409
1.044094 -0.074409 1.044094 -0.074409
1.085039 -0.074409 1.085039 -0.074409
1.125984 -0.074409 1.125984 -0.074409
1.166929 -0.074409 1.166929 -0.074409
1.207874 -0.074409 1.207874 -0.074409
1.248819 -0.074409 1.248819 -0.074409
1.289764 -0.074409 1.289764 -0.074409
1.330709 -0.074409 1.330709 -0.074409
1.371654 -0.074409 1.371654 -0.074409
1.412598 -0.074409 1.412598 -0.074409
1.453543 -0.074409 1.453543 -0.074409
1.494488 -0.074409 1.494488 -0.074409
1.535433 -0.074409 1.535433 -0.074409
1.576378 -0.074409 1.576378 -0.074409
1.617323 -0.074409 1.617323 -0.074409
1.658268 -0.074409 1.658268 -0.074409
1.699213 -0.074409 1.699213 -0.074409
1.740157 -0.074409 1.740157 -0.074409
1.781102 -0.074409 1.781102 -0.074409
1.822047 -0.074409 1.822047 -0.074409
1.862992 -0.074409 1.862992 -0.074409
1.903937 -0.074409 1.903937 -0.074409
1.944882 -0.074409 1.944882 -0.074409
1.985827 -0.074409 1.985827 -0.074409
2.026772 -0.074409 2.026772 -0.074409
2.067717 -0.074409 2.067717 -0.074409
2.108661 -0.074409 2.108661 -0.074409
2.149606 -0.074409 2.149606 -0.074409
2.190551 -0.074409 2.190551 -0.074409
2.231496 -0.074409 2.231496 -0.074409
2.272441 -0.074409 2.272441 -0.074409
2.313386 -0.074409 2.313386 -0.074409
2.354331 -0.074409 2.354331 -0.074409
2.395276 -0.074409 2.395276 -0.074409
2.436220 -0.074409 2.436220 -0.074409
2.477165 -0.074409 2.477165 -0.074409
2.518110 -0.074409 2.518110 -0.074409
2.559055 -0.074409 2.559055 -0.074409
2.600000 -0.074409 2.600000 -0.074409
-2.600000 -0.057874 -2.600000 -0.057874
-2.559055 -0.057874 -2.559055 -0.057874
-2.518110 -0.057874 -2.518110 -0.057874
-2.477165 -0.057874 -2.477165 -0.057874
-2.436220 -0.057874 -2.436220 -0.057874
-2.395276 -0.057874 -2.395276 -0.057874
-2.354331 -0.057874 -2.354331 -0.057874
-2.313386 -0.057874 -2.313386 -0.057874
-2.272441 -0.057874 -2.272441 -0.057874
-2.231496 -0.057874 -2.231496 -0.057874
-2.190551 -0.057874 -2.190551 -0.057874
-2.149606 -0.057874 -2.149606 -0.057874
-2.108661 -0.057874 -2.108661 -0.057874
-2.067717 -0.057874 -2.067717 -0.057874
-2.026772 -0.057874 -2.026772 -0.057874
-1.985827 -0.057874 -1.985827 -0.057874
-1.944882 -0.057874 -1.944882 -0.057874
-1.903937 -0.057874 -1.903937 -0.057874
-1.862992 -0.057874 -1.862992 -0.057874
-1.822047 -0.057874 -1.822047 -0.057874
-1.781102 -0.057874 -1.781102 -0.057874
-1.740157 -0.057874 -1.740157 -0.057874
-1.699213 -0.057874 -1.699213 -0.057874
-1.658268 -0.057874 -1.658268 -0.057874
-1.617323 -0.057874 -1.617323 -0.057874
-1.576378 -0.057874 -1.576378 -0.057874
-1.535433 -0.057874 -1.535433 -0.057874
-1.494488 -0.057874 -1.494488 -0.057874
-1.453543 -0.057874 -1.453543 -0.057874
-1.412598 -0.057874 -1.412598 -0.057874
-1.371654 -0.057874 -1.371654 -0.057874
-1.330709 -0.057874 -1.330709 -0.057874
-1.289764 -0.057874 -1.289764 -0.057874
-1.248819 -0.057874 -1.248819 -0.057874
-1.207874 -0.057874 -1.207874 -0.057874
-1.166929 -0.057874 -1.166929 -0.057874
-1.125984 -0.057874 -1.125984 -0.057874
-1.085039 -0.057874 -1.085039 -0.057874
-1.044094 -0.057874 -1.044094 -0.057874
-1.003150 -0.057874 -1.003150 -0.057874
-0.962205 -0.057874 -0.962205 -0.057874
-0.921260 -0.057874 -0.921260 -0.057874
-0.880315 -0.057874 -0.880315 -0.057874
-0.839370 -0.057874 -0.839370 -0.057874
-0.798425 -0.057874 -0.798425 -0.057874
-0.757480 -0.057874 -0.757480 -0.057874
-0.716535 -0.057874 -0.716535 -0.057874
-0.675591 -0.057874 -0.675591 -0.057874
-0.634646 -0.057874 -0.634646 -0.057874
-0.593701 -0.057874 -0.593701 -0.057874
-0.552756 -0.057874 -0.552756 -0.057874
-0.511811 -0.057874 -0.511811 -0.057874
-0.470866 -0.057874 -0.470866 -0.057874
-0.429921 -0.057874 -0.429921 -0.057874
-0.388976 -0.057874 -0.388976 -0.057874
-0.348031 -0.057874 -0.348031 -0.057874
-0.307087 -0.057874 -0.307087 -0.057874
-0.266142 -0.057874 -0.266142 -0.057874
-0.225197 -0.057874 -0.225197 -0.057874
-0.184252 -0.057874 -0.184252 -0.057874
-0.143307 -0.057874 -0.143307 -0.057874
-0.102362 -0.057874 -0.102362 -0.057874
-0.061417 -0.057874 -0.061417 -0.057874
-0.020472 -0.057874 -0.020472 -0.057874
0.020472 -0.057874 0.020472 -0.057874
0.061417 -0.057874 0.061417 -0.057874
0.102362 -0.057874 0.102362 -0.057874
0.143307 -0.057874 0.143307 -0.057874
0.184252 -0.057874 0.184252 -0.057874
0.225197 -0.057874 0.225197 -0.057874
0.266142 -0.057874 0.266142 -0.057874
0.307087 -0.057874 0.307087 -0.057874
0.348031 -0.057874 0.348031 -0.057874
0.388976 -0.057874 0.388976 -0.057874
0.429921 -0.057874 0.429921 -0.057874
0.470866 -0.057874 0.470866 -0.057874
0.511811 -0.057874 0.511811 -0.057874
0.552756 -0.057874 0.552756 -0.057874
0.593701 -0.057874 0.593701 -0.057874
0.634646 -0.057874 0.634646 -0.057874
0.675591 -0.057874 0.675591 -0.057874
0.716535 -0.057874 0.716535 -0.057874
0.757480 -0.057874 0.757480 -0.057874
0.798425 -0.057874 0.798425 -0.057874
0.839370 -0.057874 0.839370 -0.057874
0.880315 -0.057874 0.880315 -0.057874
0.921260 -0.057874 0.921260 -0.057874
0.962205 -0.057874 0.962205 -0.057874
1.003150 -0.057874 1.003150 -0.057874
1.044094 -0.057874 1.044094 -0.057874
1.085039 -0.057874 1.085039 -0.057874
1.125984 -0.057874 1.125984 -0.057874
1.166929 -0.057874 1.166929 -0.057874
1.207874 -0.057874 1.207874 -0.057874
1.248819 -0.057874 1.248819 -0.057874
1.289764 -0.057874 1.289764 -0.057874
1.330709 -0.057874 1.330709 -0.057874
1.371654 -0.057874 1.371654 -0.057874
1.412598 -0.057874 1.412598 -0.057874
1.453543 -0.057874 1.453543 -0.057874
1.494488 -0.057874 1.494488 -0.057874
1.535433 -0.057874 1.535433 -0.057874
1.576378 -0.057874 1.576378 -0.057874
1.617323 -0.057874 1.617323 -0.057874
1.658268 -0.057874 1.658268 -0.057874
1.699213 -0.057874 1.699213 -0.057874
1.740157 -0.057874 1.740157 -0.057874
1.781102 -0.057874 1.781102 -0.057874
1.822047 -0.057874 1.822047 -0.057874
1.862992 -0.057874 1.862992 -0.057874
1.903937 -0.057874 1.903937 -0.057874
1.944882 -0.057874 1.944882 -0.057874
1.985827 -0.057874 1.985827 -0.057874
2.026772 -0.057874 2.026772 -0.057874
2.067717 -0.057874 2.067717 -0.057874
2.108661 -0.057874 2.108661 -0.057874
2.149606 -0.057874 2.149606 -0.057874
2.190551 -0.057874 2.190551 -0.057874
2.231496 -0.057874 2.231496 -0.057874
2.272441 -0.057874 2.272441 -0.057874
2.313386 -0.057874 2.313386 -0.057874
2.354331 -0.057874 2.354331 -0.057874
2.395276 -0.057874 2.395276 -0.057874
2.436220 -0.057874 2.436220 -0.057874
2.477165 -0.057874 2.477165 -0.057874
2.518110 -0.057874 2.518110 -0.057874
2.559055 -0.057874 2.559055 -0.057874
2.600000 -0.057874 2.600000 -0.057874
-2.600000 -0.041339 -2.600000 -0.041339
-2.559055 -0.041339 -2.559055 -0.041339
-2.518110 -0.041339 -2.518110 -0.041339
-2.477165 -0.041339 -2.477165 -0.041339
-2.436220 -0.041339 -2.436220 -0.041339
-2.395276 -0.041339 -2.395276 -0.041339
-2.354331 -0.041339 -2.354331 -0.041339
-2.313386 -0.041339 -2.313386 -0.041339
-2.272441 -0.041339 -2.272441 -0.041339
-2.231496 -0.041339 -2.231496 -0.041339
-2.190551 -0.041339 -2.190551 -0.041339
-2.149606 -0.041339 -2.149606 -0.041339
-2.108661 -0.041339 -2.108661 -0.041339
-2.067717 -0.041339 -2.067717 -0.041339
-2.026772 -0.041339 -2.026772 -0.041339
-1.985827 -0.041339 -1.985827 -0.041339
-1.944882 -0.041339 -1.944882 -0.041339
-1.903937 -0.041339 -1.903937 -0.041339
-1.862992 -0.041339 -1.862992 -0.041339
-1.822047 -0.041339 -1.822047 -0.041339
-1.781102 -0.041339 -1.781102 -0.041339
-1.740157 -0.041339 -1.740157 -0.041339
-1.699213 -0.041339 -1.699213 -0.041339
-1.658268 -0.041339 -1.658268 -0.041339
-1.617323 -0.041339 -1.617323 -0.041339
-1.576378 -0.041339 -1.576378 -0.041339
-1.535433 -0.041339 -1.535433 -0.041339
-1.494488 -0.041339 -1.494488 -0.041339
-1.453543 -0.041339 -1.453543 -0.041339
-1.412598 -0.041339 -1.412598 -0.041339
-1.371654 -0.041339 -1.371654 -0.041339
-1.330709 -0.041339 -1.330709 -0.041339
-1.289764 -0.041339 -1.289764 -0.041339
-1.248819 -0.041339 -1.248819 -0.041339
-1.207874 -0.041339 -1.207874 -0.041339
-1.166929 -0.041339 -1.166929 -0.041339
-1.125984 -0.041339 -1.125984 -0.041339
-1.085039 -0.041339 -1.085039 -0.041339
-1.044094 -0.041339 -1.044094 -0.041339
-1.003150 -0.041339 -1.003150 -0.041339
-0.962205 -0.041339 -0.962205 -0.041339
-0.921260 -0.041339 -0.921260 -0.041339
-0.880315 -0.041339 -0.880315 -0.041339
-0.839370 -0.041339 -0.839370 -0.041339
-0.798425 -0.041339 -0.798425 -0.041339
-0.757480 -0.041339 -0.757480 -0.041339
-0.716535 -0.041339 -0.716535 -0.041339
-0.675591 -0.041339 -0.675591 -0.041339
-0.634646 -0.041339 -0.634646 -0.041339
-0.593701 -0.041339 -0.593701 -0.041339
-0.552756 -0.041339 -0.552756 -0.041339
-0.511811 -0.041339 -0.511811 -0.041339
-0.470866 -0.041339 -0.470866 -0.041339
-0.429921 -0.041339 -0.429921 -0.041339
-0.388976 -0.041339 -0.388976 -0.041339
-0.348031 -0.041339 -0.348031 -0.041339
-0.307087 -0.041339 -0.307087 -0.041339
-0.266142 -0.041339 -0.266142 -0.041339
-0.225197 -0.041339 -0.225197 -0.041339
-0.184252 -0.041339 -0.184252 -0.041339
-0.143307 -0.041339 -0.143307 -0.041339
-0.102362 -0.041339 -0.102362 -0.041339
-0.061417 -0.041339 -0.061417 -0.041339
-0.020472 -0.041339 -0.020472 -0.041339
0.020472 -0.041339 0.020472 -0.041339
0.061417 -0.041339 0.061417 -0.041339
0.102362 -0.041339 0.102362 -0.041339
0.143307 -0.041339 0.143307 -0.041339
0.184252 -0.041339 0.184252 -0.041339
0.225197 -0.041339 0.225197 -0.041339
0.266142 -0.041339 0.266142 -0.041339
0.307087 -0.041339 0.307087 -0.041339
0.348031 -0.041339 0.348031 -0.041339
0.388976 -0.041339 0.388976 -0.041339
0.429921 -0.041339 0.429921 -0.041339
0.470866 -0.041339 0.470866 -0.041339
0.511811 -0.041339 0.511811 -0.041339
0.552756 -0.041339 0.552756 -0.041339
0.593701 -0.041339 0.593701 -0.041339
0.634646 -0.041339 0.634646 -0.041339
0.675591 -0.041339 0.675591 -0.041339
0.716535 -0.041339 0.716535 -0.041339
0.757480 -0.041339 0.757480 -0.041339
0.798425 -0.041339 0.798425 -0.041339
0.839370 -0.041339 0.839370 -0.041339
0.880315 -0.041339 0.880315 -0.041339
0.921260 -0.041339 0.921260 -0.041339
0.962205 -0.041339 0.962205 -0.041339
1.003150 -0.041339 1.003150 -0.041339
1.044094 -0.041339 1.044094 -0.041339
1.085039 -0.041339 1.085039 -0.041339
1.125984 -0.041339 1.125984 -0.041339
1.166929 -0.041339 1.166929 -0.041339
1.207874 -0.041339 1.207874 -0.041339
1.248819 -0.041339 1.248819 -0.041339
1.289764 -0.041339 1.289764 -0.041339
1.330709 -0.041339 1.330709 -0.041339
1.371654 -0.041339 1.371654 -0.041339
1.412598 -0.041339 1.412598 -0.041339
1.453543 -0.041339 1.453543 -0.041339
1.494488 -0.041339 1.494488 -0.041339
1.535433 -0.041339 1.535433 -0.041339
1.576378 -0.041339 1.576378 -0.041339
1.617323 -0.041339 1.617323 -0.041339
1.658268 -0.041339 1.658268 -0.041339
1.699213 -0.041339 1.699213 -0.041339
1.740157 -0.041339 1.740157 -0.041339
1.781102 -0.041339 1.781102 -0.041339
1.822047 -0.041339 1.822047 -0.041339
1.862992 -0.041339 1.862992 -0.041339
1.903937 -0.041339 1.903937 -0.041339
1.944882 -0.041339 1.944882 -0.041339
1.985827 -0.041339 1.985827 -0.041339
2.026772 -0.041339 2.026772 -0.041339
2.067717 -0.041339 2.067717 -0.041339
2.108661 -0.041339 2.108661 -0.041339
2.149606 -0.041339 2.149606 -0.041339
2.190551 -0.041339 2.190551 -0.041339
2.231496 -0.041339 2.231496 -0.041339
2.272441 -0.041339 2.272441 -0.041339
2.313386 -0.041339 2.313386 -0.041339
2.354331 -0.041339 2.354331 -0.041339
2.395276 -0.041339 2.395276 -0.041339
2.436220 -0.041339 2.436220 -0.041339
2.477165 -0.041339 2.477165 -0.041339
2.518110 -0.041339 2.518110 -0.041339
2.559055 -0.041339 2.559055 -0.041339
2.600000 -0.041339 2.600000 -0.041339
-2.600000 -0.024803 -2.600000 -0.024803
-2.559055 -0.024803 -2.559055 -0.024803
-2.518110 -0.024803 -2.518110 -0.024803
-2.477165 -0.024803 -2.477165 -0.024803
-2.436220 -0.024803 -2.436220 -0.024803
-2.395276 -0.024803 -2.395276 -0.024803
-2.354331 -0.024803 -2.354331 -0.024803
-2.313386 -0.024803 -2.313386 -0.024803
-2.272441 -0.024803 -2.272441 -0.024803
-2.231496 -0.024803 -2.231496 -0.024803
-2.190551 -0.024803 -2.190551 -0.024803
-2.149606 -0.024803 -2.149606 -0.024803
-2.108661 -0.024803 -2.108661 -0.024803
-2.067717 -0.024803 -2.067717 -0.024803
-2.026772 -0.024803 -2.026772 -0.024803
-1.985827 -0.024803 -1.985827 -0.024803
-1.944882 -0.024803 -1.944882 -0.024803
-1.903937 -0.024803 -1.903937 -0.024803
-1.862992 -0.024803 -1.862992 -0.024803
-1.822047 -0.024803 -1.822047 -0.024803
-1.781102 -0.024803 -1.781102 -0.024803
-1.740157 -0.024803 -1.740157 -0.024803
-1.699213 -0.024803 -1.699213 -0.024803
-1.658268 -0.024803 -1.658268 -0.024803
-1.617323 -0.024803 -1.617323 -0.024803
-1.576378 -0.024803 -1.576378 -0.024803
-1.535433 -0.024803 -1.535433 -0.024803
-1.494488 -0.024803 -1.494488 -0.024803
-1.453543 -0.024803 -1.453543 -0.024803
-1.412598 -0.024803 -1.412598 -0.024803
-1.371654 -0.024803 -1.371654 -0.024803
-1.330709 -0.024803 -1.330709 -0.024803
-1.289764 -0.024803 -1.289764 -0.024803
-1.248819 -0.024803 -1.248819 -0.024803
-1.207874 -0.024803 -1.207874 -0.024803
-1.166929 -0.024803 -1.166929 -0.024803
-1.125984 -0.024803 -1.125984 -0.024803
-1.085039 -0.024803 -1.085039 -0.024803
-1.044094 -0.024803 -1.044094 -0.024803
-1.003150 -0.024803 -1.003150 -0.024803
-0.962205 -0.024803 -0.962205 -0.024803
-0.921260 -0.024803 -0.921260 -0.024803
-0.880315 -0.024803 -0.880315 -0.024803
-0.839370 -0.024803 -0.839370 -0.024803
-0.798425 -0.024803 -0.798425 -0.024803
-0.757480 -0.024803 -0.757480 -0.024803
-0.716535 -0.024803 -0.716535 -0.024803
-0.675591 -0.024803 -0.675591 -0.024803
-0.634646 -0.024803 -0.634646 -0.024803
-0.593701 -0.024803 -0.593701 -0.024803
-0.552756 -0.024803 -0.552756 -0.024803
-0.511811 -0.024803 -0.511811 -0.024803
-0.470866 -0.024803 -0.470866 -0.024803
-0.429921 -0.024803 -0.429921 -0.024803
-0.388976 -0.024803 -0.388976 -0.024803
-0.348031 -0.024803 -0.348031 -0.024803
-0.307087 -0.024803 -0.307087 -0.024803
-0.266142 -0.024803 -0.266142 -0.024803
-0.225197 -0.024803 -0.225197 -0.024803
-0.184252 -0.024803 -0.184252 -0.024803
-0.143307 -0.024803 -0.143307 -0.024803
-0.102362 -0.024803 -0.102362 -0.024803
-0.061417 -0.024803 -0.061417 -0.024803
-0.020472 -0.024803 -0.020472 -0.024803
0.020472 -0.024803 0.020472 -0.024803
0.061417 -0.024803 0.061417 -0.024803
0.102362 -0.024803 0.102362 -0.024803
0.143307 -0.024803 0.143307 -0.024803
0.184252 -0.024803 0.184252 -0.024803
0.225197 -0.024803 0.225197 -0.024803
0.266142 -0.024803 0.266142 -0.024803
0.307087 -0.024803 0.307087 -0.024803
0.348031 -0.024803 0.348031 -0.024803
0.388976 -0.024803 0.388976 -0.024803
0.429921 -0.024803 0.429921 -0.024803
0.470866 -0.024803 0.470866 -0.024803
0.511811 -0.024803 0.511811 -0.024803
0.552756 -0.024803 0.552756 -0.024803
0.593701 -0.024803 0.593701 -0.024803
0.634646 -0.024803 0.634646 -0.024803
0.675591 -0.024803 0.675591 -0.024803
0.716535 -0.024803 0.716535 -0.024803
0.757480 -0.024803 0.757480 -0.024803
0.798425 -0.024803 0.798425 -0.024803
0.839370 -0.024803 0.839370 -0.024803
0.880315 -0.024803 0.880315 -0.024803
0.921260 -0.024803 0.921260 -0.024803
0.962205 -0.024803 0.962205 -0.024803
1.003150 -0.024803 1.003150 -0.024803
1.044094 -0.024803 1.044094 -0.024803
1.085039 -0.024803 1.085039 -0.024803
1.125984 -0.024803 1.125984 -0.024803
1.166929 -0.024803 1.166929 -0.024803
1.207874 -0.024803 1.207874 -0.024803
1.248819 -0.024803 1.248819 -0.024803
1.289764 -0.024803 1.289764 -0.024803
1.330709 -0.024803 1.330709 -0.024803
1.371654 -0.024803 1.371654 -0.024803
1.412598 -0.024803 1.412598 -0.024803
1.453543 -0.024803 1.453543 -0.024803
1.494488 -0.024803 1.494488 -0.024803
1.535433 -0.024803 1.535433 -0.024803
1.576378 -0.024803 1.576378 -0.024803
1.617323 -0.024803 1.617323 -0.024803
1.658268 -0.024803 1.658268 -0.024803
1.699213 -0.024803 1.699213 -0.024803
1.740157 -0.024803 1.740157 -0.024803
1.781102 -0.024803 1.781102 -0.024803
1.822047 -0.024803 1.822047 -0.024803
1.862992 -0.024803 1.862992 -0.024803
1.903937 -0.024803 1.903937 -0.024803
1.944882 -0.024803 1.944882 -0.024803
1.985827 -0.024803 1.985827 -0.024803
2.026772 -0.024803 2.026772 -0.024803
2.067717 -0.024803 2.067717 -0.024803
2.108661 -0.024803 2.108661 -0.024803
2.149606 -0.024803 2.149606 -0.024803
2.190551 -0.024803 2.190551 -0.024803
2.231496 -0.024803 2.231496 -0.024803
2.272441 -0.024803 2.272441 -0.024803
2.313386 -0.024803 2.313386 -0.024803
2.354331 -0.024803 2.354331 -0.024803
2.395276 -0.024803 2.395276 -0.024803
2.436220 -0.024803 2.436220 -0.024803
2.477165 -0.024803 2.477165 -0.024803
2.518110 -0.024803 2.518110 -0.024803
2.559055 -0.024803 2.559055 -0.024803
2.600000 -0.024803 2.600000 -0.024803
-2.600000 -0.008268 -2.600000 -0.008268
-2.559055 -0.008268 -2.559055 -0.008268
-2.518110 -0.008268 -2.518110 -0.008268
-2.477165 -0.008268 -2.477165 -0.008268
-2.436220 -0.008268 -2.436220 -0.008268
-2.395276 -0.008268 -2.395276 -0.008268
-2.354331 -0.008268 -2.354331 -0.008268
-2.313386 -0.008268 -2.313386 -0.008268
-2.272441 -0.008268 -2.272441 -0.008268
-2.231496 -0.008268 -2.231496 -0.008268
-2.190551 -0.008268 -2.190551 -0.008268
-2.149606 -0.008268 -2.149606 -0.008268
-2.108661 -0.008268 -2.108661 -0.008268
-2.067717 -0.008268 -2.067717 -0.008268
-2.026772 -0.008268 -2.026772 -0.008268
-1.985827 -0.008268 -1.985827 -0.008268
-1.944882 -0.008268 -1.944882 -0.008268
-1.903937 -0.008268 -1.903937 -0.008268
-1.862992 -0.008268 -1.862992 -0.008268
-1.822047 -0.008268 -1.822047 -0.008268
-1.781102 -0.008268 -1.781102 -0.008268
-1.740157 -0.008268 -1.740157 -0.008268
-1.699213 -0.008268 -1.699213 -0.008268
-1.658268 -0.008268 -1.658268 -0.008268
-1.617323 -0.008268 -1.617323 -0.008268
-1.576378 -0.008268 -1.576378 -0.008268
-1.535433 -0.008268 -1.535433 -0.008268
-1.494488 -0.008268 -1.494488 -0.008268
-1.453543 -0.008268 -1.453543 -0.008268
-1.412598 -0.008268 -1.412598 -0.008268
-1.371654 -0.008268 -1.371654 -0.008268
-1.330709 -0.008268 -1.330709 -0.008268
-1.289764 -0.008268 -1.289764 -0.008268
-1.248819 -0.008268 -1.248819 -0.008268
-1.207874 -0.008268 -1.207874 -0.008268
-1.166929 -0.008268 -1.166929 -0.008268
-1.125984 -0.008268 -1.125984 -0.008268
-1.085039 -0.008268 -1.085039 -0.008268
-1.044094 -0.008268 -1.044094 -0.008268
-1.003150 -0.008268 -1.003150 -0.008268
-0.962205 -0.008268 -0.962205 -0.008268
-0.921260 -0.008268 -0.921260 -0.008268
-0.880315 -0.008268 -0.880315 -0.008268
-0.839370 -0.008268 -0.839370 -0.008268
-0.798425 -0.008268 -0.798425 -0.008268
-0.757480 -0.008268 -0.757480 -0.008268
-0.716535 -0.008268 -0.716535 -0.008268
-0.675591 -0.008268 -0.675591 -0.008268
-0.634646 -0.008268 -0.634646 -0.008268
-0.593701 -0.008268 -0.593701 -0.008268
-0.552756 -0.008268 -0.552756 -0.008268
-0.511811 -0.008268 -0.511811 -0.008268
-0.470866 -0.008268 -0.470866 -0.008268
-0.429921 -0.008268 -0.429921 -0.008268
-0.388976 -0.008268 -0.388976 -0.008268
-0.348031 -0.008268 -0.348031 -0.008268
-0.307087 -0.008268 -0.307087 -0.008268
-0.266142 -0.008268 -0.266142 -0.008268
-0.225197 -0.008268 -0.225197 -0.008268
-0.184252 -0.008268 -0.184252 -0.008268
-0.143307 -0.008268 -0.143307 -0.008268
-0.102362 -0.008268 -0.102362 -0.008268
-0.061417 -0.008268 -0.061417 -0.008268
-0.020472 -0.008268 -0.020472 -0.008268
0.020472 -0.008268 0.020472 -0.008268
0.061417 -0.008268 0.061417 -0.008268
0.102362 -0.008268 0.102362 -0.008268
0.143307 -0.008268 0.143307 -0.008268
0.184252 -0.008268 0.184252 -0.008268
0.225197 -0.008268 0.225197 -0.008268
0.266142 -0.008268 0.266142 -0.008268
0.307087 -0.008268 0.307087 -0.008268
0.348031 -0.008268 0.348031 -0.008268
0.388976 -0.008268 0.388976 -0.008268
0.429921 -0.008268 0.429921 -0.008268
0.470866 -0.008268 0.470866 -0.008268
0.511811 -0.008268 0.511811 -0.008268
0.552756 -0.008268 0.552756 -0.008268
0.593701 -0.008268 0.593701 -0.008268
0.634646 -0.008268 0.634646 -0.008268
0.675591 -0.008268 0.675591 -0.008268
0.716535 -0.008268 0.716535 -0.008268
0.757480 -0.008268 0.757480 -0.008268
0.798425 -0.008268 0.798425 -0.008268
0.839370 -0.008268 0.839370 -0.008268
0.880315 -0.008268 0.880315 -0.008268
0.921260 -0.008268 0.921260 -0.008268
0.962205 -0.008268 0.962205 -0.008268
1.003150 -0.008268 1.003150 -0.008268
1.044094 -0.008268 1.044094 -0.008268
1.085039 -0.008268 1.085039 -0.008268
1.125984 -0.008268 1.125984 -0.008268
1.166929 -0.008268 1.166929 -0.008268
1.207874 -0.008268 1.207874 -0.008268
1.248819 -0.008268 1.248819 -0.008268
1.289764 -0.008268 1.289764 -0.008268
1.330709 -0.008268 1.330709 -0.008268
1.371654 -0.008268 1.371654 -0.008268
1.412598 -0.008268 1.412598 -0.008268
1.453543 -0.008268 1.453543 -0.008268
1.494488 -0.008268 1.494488 -0.008268
1.535433 -0.008268 1.535433 -0.008268
1.576378 -0.008268 1.576378 -0.008268
1.617323 -0.008268 1.617323 -0.008268
1.658268 -0.008268 1.658268 -0.008268
1.699213 -0.008268 1.699213 -0.008268
1.740157 -0.008268 1.740157 -0.008268
1.781102 -0.008268 1.781102 -0.008268
1.822047 -0.008268 1.822047 -0.008268
1.862992 -0.008268 1.862992 -0.008268
1.903937 -0.008268 1.903937 -0.008268
1.944882 -0.008268 1.944882 -0.008268
1.985827 -0.008268 1.985827 -0.008268
2.026772 -0.008268 2.026772 -0.008268
2.067717 -0.008268 2.067717 -0.008268
2.108661 -0.008268 2.108661 -0.008268
2.149606 -0.008268 2.149606 -0.008268
2.190551 -0.008268 2.190551 -0.008268
2.231496 -0.008268 2.231496 -0.008268
2.272441 -0.008268 2.272441 -0.008268
2.313386 -0.008268 2.313386 -0.008268
2.354331 -0.008268 2.354331 -0.008268
2.395276 -0.008268 2.395276 -0.008268
2.436220 -0.008268 2.436220 -0.008268
2.477165 -0.008268 2.477165 -0.008268
2.518110 -0.008268 2.518110 -0.008268
2.559055 -0.008268 2.559055 -0.008268
2.600000 -0.008268 2.600000 -0.008268
-2.600000 0.008268 -2.600000 0.008268
-2.559055 0.008268 -2.559055 0.008268
-2.518110 0.008268 -2.518110 0.008268
-2.477165 0.008268 -2.477165 0.008268
-2.436220 0.008268 -2.436220 0.008268
-2.395276 0.008268 -2.395276 0.008268
-2.354331 0.008268 -2.354331 0.008268
-2.313386 0.008268 -2.313386 0.008268
-2.272441 0.008268 -2.272441 0.008268
-2.231496 0.008268 -2.231496 0.008268
-2.190551 0.008268 -2.190551 0.008268
-2.149606 0.008268 -2.149606 0.008268
-2.108661 0.008268 -2.108661 0.008268
-2.067717 0.008268 -2.067717 0.008268
-2.026772 0.008268 -2.026772 0.008268
-1.985827 0.008268 -1.985827 0.008268
-1.944882 0.008268 -1.944882 0.008268
-1.903937 0.008268 -1.903937 0.008268
-1.862992 0.008268 -1.862992 0.008268
-1.822047 0.008268 -1.822047 0.008268
-1.781102 0.008268 -1.781102 0.008268
-1.740157 0.008268 -1.740157 0.008268
-1.699213 0.008268 -1.699213 0.008268
-1.658268 0.008268 -1.658268 0.008268
-1.617323 0.008268 -1.617323 0.008268
-1.576378 0.008268 -1.576378 0.008268
-1.535433 0.008268 -1.535433 0.008268
-1.494488 0.008268 -1.494488 0.008268
-1.453543 0.008268 -1.453543 0.008268
-1.412598 0.008268 -1.412598 0.008268
-1.371654 0.008268 -1.371654 0.008268
-1.330709 0.008268 -1.330709 0.008268
-1.289764 0.008268 -1.289764 0.008268
-1.248819 0.008268 -1.248819 0.008268
-1.207874 0.008268 -1.207874 0.008268
-1.166929 0.008268 -1.166929 0.008268
-1.125984 0.008268 -1.125984 0.008268
-1.085039 0.008268 -1.085039 0.008268
-1.044094 0.008268 -1.044094 0.008268
-1.003150 0.008268 -1.003150 0.008268
-0.962205 0.008268 -0.962205 0.008268
-0.921260 0.008268 -0.921260 0.008268
-0.880315 0.008268 -0.880315 0.008268
-0.839370 0.008268 -0.839370 0.008268
-0.798425 0.008268 -0.798425 0.008268
-0.757480 0.008268 -0.757480 0.008268
-0.716535 0.008268 -0.716535 0.008268
-0.675591 0.008268 -0.675591 0.008268
-0.634646 0.008268 -0.634646 0.008268
-0.593701 0.008268 -0.593701 0.008268
-0.552756 0.008268 -0.552756 0.008268
-0.511811 0.008268 -0.511811 0.008268
-0.470866 0.008268 -0.470866 0.008268
-0.429921 0.008268 -0.429921 0.008268
-0.388976 0.008268 -0.388976 0.008268
-0.348031 0.008268 -0.348031 0.008268
-0.307087 0.008268 -0.307087 0.008268
-0.266142 0.008268 -0.266142 0.008268
-0.225197 0.008268 -0.225197 0.008268
-0.184252 0.008268 -0.184252 0.008268
-0.143307 0.008268 -0.143307 0.008268
-0.102362 0.008268 -0.102362 0.008268
-0.061417 0.008268 -0.061417 0.008268
-0.020472 0.008268 -0.020472 0.008268
0.020472 0.008268 0.020472 0.008268
0.061417 0.008268 0.061417 0.008268
0.102362 0.008268 0.102362 0.008268
0.143307 0.008268 0.143307 0.008268
0.184252 0.008268 0.184252 0.008268
0.225197 0.008268 0.225197 0.008268
0.266142 0.008268 0.266142 0.008268
0.307087 0.008268 0.307087 0.008268
0.348031 0.008268 0.348031 0.008268
0.388976 0.008268 0.388976 0.008268
0.429921 0.008268 0.429921 0.008268
0.470866 0.008268 0.470866 0.008268
0.511811 0.008268 0.511811 0.008268
0.552756 0.008268 0.552756 0.008268
0.593701 0.008268 0.593701 0.008268
0.634646 0.008268 0.634646 0.008268
0.675591 0.008268 0.675591 0.008268
0.716535 0.008268 0.716535 0.008268
0.757480 0.008268 0.757480 0.008268
0.798425 0.008268 0.798425 0.008268
0.839370 0.008268 0.839370 0.008268
0.880315 0.008268 0.880315 0.008268
0.921260 0.008268 0.921260 0.008268
0.962205 0.008268 0.962205 0.008268
1.003150 0.008268 1.003150 0.008268
1.044094 0.008268 1.044094 0.008268
1.085039 0.008268 1.085039 0.008268
1.125984 0.008268 1.125984 0.008268
1.166929 0.008268 1.166929 0.008268
1.207874 0.008268 1.207874 0.008268
1.248819 0.008268 1.248819 0.008268
1.289764 0.008268 1.289764 0.008268
1.330709 0.008268 1.330709 0.008268
1.371654 0.008268 1.371654 0.008268
1.412598 0.008268 1.412598 0.008268
1.453543 0.008268 1.453543 0.008268
1.494488 0.008268 1.494488 0.008268
1.535433 0.008268 1.535433 0.008268
1.576378 0.008268 1.576378 0.008268
1.617323 0.008268 1.617323 0.008268
1.658268 0.008268 1.658268 0.008268
1.699213 0.008268 1.699213 0.008268
1.740157 0.008268 1.740157 0.008268
1.781102 0.008268 1.781102 0.008268
1.822047 0.008268 1.822047 0.008268
1.862992 0.008268 1.862992 0.008268
1.903937 0.008268 1.903937 0.008268
1.944882 0.008268 1.944882 0.008268
1.985827 0.008268 1.985827 0.008268
2.026772 0.008268 2.026772 0.008268
2.067717 0.008268 2.067717 0.008268
2.108661 0.008268 2.108661 0.008268
2.149606 0.008268 2.149606 0.008268
2.190551 0.008268 2.190551 0.008268
2.231496 0.008268 2.231496 0.008268
2.272441 0.008268 2.272441 0.008268
2.313386 0.008268 2.313386 0.008268
2.354331 0.008268 2.354331 0.008268
2.395276 0.008268 2.395276 0.008268
2.436220 0.008268 2.436220 0.008268
2.477165 0.008268 2.477165 0.008268
2.518110 0.008268 2.518110 0.008268
2.559055 0.008268 2.559055 0.008268
2.600000 0.008268 2.600000 0.008268
-2.600000 0.024803 -2.600000 0.024803
-2.559055 0.024803 -2.559055 0.024803
-2.518110 0.024803 -2.518110 0.024803
-2.477165 0.024803 -2.477165 0.024803
-2.436220 0.024803 -2.436220 0.024803
-2.395276 0.024803 -2.395276 0.024803
-2.354331 0.024803 -2.354331 0.024803
-2.313386 0.024803 -2.313386 0.024803
-2.272441 0.024803 -2.272441 0.024803
-2.231496 0.024803 -2.231496 0.024803
-2.190551 0.024803 -2.190551 0.024803
-2.149606 0.024803 -2.149606 0.024803
-2.108661 0.024803 -2.108661 0.024803
-2.067717 0.024803 -2.067717 0.024803
-2.026772 0.024803 -2.026772 0.024803
-1.985827 0.024803 -1.985827 0.024803
-1.944882 0.024803 -1.944882 0.024803
-1.903937 0.024803 -1.903937 0.024803
-1.862992 0.024803 -1.862992 0.024803
-1.822047 0.024803 -1.822047 0.024803
-1.781102 0.024803 -1.781102 0.024803
-1.740157 0.024803 -1.740157 0.024803
-1.699213 0.024803 -1.699213 0.024803
-1.658268 0.024803 -1.658268 0.024803
-1.617323 0.024803 -1.617323 0.024803
-1.576378 0.024803 -1.576378 0.024803
-1.535433 0.024803 -1.535433 0.024803
-1.494488 0.024803 -1.494488 0.024803
-1.453543 0.024803 -1.453543 0.024803
-1.412598 0.024803 -1.412598 0.024803
-1.371654 0.024803 -1.371654 0.024803
-1.330709 0.024803 -1.330709 0.024803
-1.289764 0.024803 -1.289764 0.024803
-1.248819 0.024803 -1.248819 0.024803
-1.207874 0.024803 -1.207874 0.024803
-1.166929 0.024803 -1.166929 0.024803
-1.125984 0.024803 -1.125984 0.024803
-1.085039 0.024803 -1.085039 0.024803
-1.044094 0.024803 -1.044094 0.024803
-1.003150 0.024803 -1.003150 0.024803
-0.962205 0.024803 -0.962205 0.024803
-0.921260 0.024803 -0.921260 0.024803
-0.880315 0.024803 -0.880315 0.024803
-0.839370 0.024803 -0.839370 0.024803
-0.798425 0.024803 -0.798425 0.024803
-0.757480 0.024803 -0.757480 0.024803
-0.716535 0.024803 -0.716535 0.024803
-0.675591 0.024803 -0.675591 0.024803
-0.634646 0.024803 -0.634646 0.024803
-0.593701 0.024803 -0.593701 0.024803
-0.552756 0.024803 -0.552756 0.024803
-0.511811 0.024803 -0.511811 0.024803
-0.470866 0.024803 -0.470866 0.024803
-0.429921 0.024803 -0.429921 0.024803
-0.388976 0.024803 -0.388976 0.024803
-0.348031 0.024803 -0.348031 0.024803
-0.307087 0.024803 -0.307087 0.024803
-0.266142 0.024803 -0.266142 0.024803
-0.225197 0.024803 -0.225197 0.024803
-0.184252 0.024803 -0.184252 0.024803
-0.143307 0.024803 -0.143307 0.024803
-0.102362 0.024803 -0.102362 0.024803
-0.061417 0.024803 -0.061417 0.024803
-0.020472 0.024803 -0.020472 0.024803
0.020472 0.024803 0.020472 0.024803
0.061417 0.024803 0.061417 0.024803
0.102362 0.024803 0.102362 0.024803
0.143307 0.024803 0.143307 0.024803
0.184252 0.024803 0.184252 0.024803
0.225197 0.024803 0.225197 0.024803
0.266142 0.024803 0.266142 0.024803
0.307087 0.024803 0.307087 0.024803
0.348031 0.024803 0.348031 0.024803
0.388976 0.024803 0.388976 0.024803
0.429921 0.024803 0.429921 0.024803
0.470866 0.024803 0.470866 0.024803
0.511811 0.024803 0.511811 0.024803
0.552756 0.024803 0.552756 0.024803
0.593701 0.024803 0.593701 0.024803
0.634646 0.024803 0.634646 0.024803
0.675591 0.024803 0.675591 0.024803
0.716535 0.024803 0.716535 0.024803
0.757480 0.024803 0.757480 0.024803
0.798425 0.024803 0.798425 0.024803
0.839370 0.024803 0.839370 0.024803
0.880315 0.024803 0.880315 0.024803
0.921260 0.024803 0.921260 0.024803
0.962205 0.024803 0.962205 0.024803
1.003150 0.024803 1.003150 0.024803
1.044094 0.024803 1.044094 0.024803
1.085039 0.024803 1.085039 0.024803
1.125984 0.024803 1.125984 0.024803
1.166929 0.024803 1.166929 0.024803
1.207874 0.024803 1.207874 0.024803
1.248819 0.024803 1.248819 0.024803
1.289764 0.024803 1.289764 0.024803
1.330709 0.024803 1.330709 0.024803
1.371654 0.024803 1.371654 0.024803
1.412598 0.024803 1.412598 0.024803
1.453543 0.024803 1.453543 0.024803
1.494488 0.024803 1.494488 0.024803
1.535433 0.024803 1.535433 0.024803
1.576378 0.024803 1.576378 0.024803
1.617323 0.024803 1.617323 0.024803
1.658268 0.024803 1.658268 0.024803
1.699213 0.024803 1.699213 0.024803
1.740157 0.024803 1.740157 0.024803
1.781102 0.024803 1.781102 0.024803
1.822047 0.024803 1.822047 0.024803
1.862992 0.024803 1.862992 0.024803
1.903937 0.024803 1.903937 0.024803
1.944882 0.024803 1.944882 0.024803
1.985827 0.024803 1.985827 0.024803
2.026772 0.024803 2.026772 0.024803
2.067717 0.024803 2.067717 0.024803
2.108661 0.024803 2.108661 0.024803
2.149606 0.024803 2.149606 0.024803
2.190551 0.024803 2.190551 0.024803
2.231496 0.024803 2.231496 0.024803
2.272441 0.024803 2.272441 0.024803
2.313386 0.024803 2.313386 0.024803
2.354331 0.024803 2.354331 0.024803
2.395276 0.024803 2.395276 0.024803
2.436220 0.024803 2.436220 0.024803
2.477165 0.024803 2.477165 0.024803
2.518110 0.024803 2.518110 0.024803
2.559055 0.024803 2.559055 0.024803
2.600000 0.024803 2.600000 0.024803
-2.600000 0.041339 -2.600000 0.041339
-2.559055 0.041339 -2.559055 0.041339
-2.518110 0.041339 -2.518110 0.041339
-2.477165 0.041339 -2.477165 0.041339
-2.436220 0.041339 -2.436220 0.041339
-2.395276 0.041339 -2.395276 0.041339
-2.354331 0.041339 -2.354331 0.041339
-2.313386 0.041339 -2.313386 0.041339
-2.272441 0.041339 -2.272441 0.041339
-2.231496 0.041339 -2.231496 0.041339
-2.190551 0.041339 -2.190551 0.041339
-2.149606 0.041339 -2.149606 0.041339
-2.108661 0.041339 -2.108661 0.041339
-2.067717 0.041339 -2.067717 0.041339
-2.026772 0.041339 -2.026772 0.041339
-1.985827 0.041339 -1.985827 0.041339
-1.944882 0.041339 -1.944882 0.041339
-1.903937 0.041339 -1.903937 0.041339
-1.862992 0.041339 -1.862992 0.041339
-1.822047 0.041339 -1.822047 0.041339
-1.781102 0.041339 -1.781102 0.041339
-1.740157 0.041339 -1.740157 0.041339
-1.699213 0.041339 -1.699213 0.041339
-1.658268 0.041339 -1.658268 0.041339
-1.617323 0.041339 -1.617323 0.041339
-1.576378 0.041339 -1.576378 0.041339
-1.535433 0.041339 -1.535433 0.041339
-1.494488 0.041339 -1.494488 0.041339
-1.453543 0.041339 -1.453543 0.041339
-1.412598 0.041339 -1.412598 0.041339
-1.371654 0.041339 -1.371654 0.041339
-1.330709 0.041339 -1.330709 0.041339
-1.289764 0.041339 -1.289764 0.041339
-1.248819 0.041339 -1.248819 0.041339
-1.207874 0.041339 -1.207874 0.041339
-1.166929 0.041339 -1.166929 0.041339
-1.125984 0.041339 -1.125984 0.041339
-1.085039 0.041339 -1.085039 0.041339
-1.044094 0.041339 -1.044094 0.041339
-1.003150 0.041339 -1.003150 0.041339
-0.962205 0.041339 -0.962205 0.041339
-0.921260 0.041339 -0.921260 0.041339
-0.880315 0.041339 -0.880315 0.041339
-0.839370 0.041339 -0.839370 0.041339
-0.798425 0.041339 -0.798425 0.041339
-0.757480 0.041339 -0.757480 0.041339
-0.716535 0.041339 -0.716535 0.041339
-0.675591 0.041339 -0.675591 0.041339
-0.634646 0.041339 -0.634646 0.041339
-0.593701 0.041339 -0.593701 0.041339
-0.552756 0.041339 -0.552756 0.041339
-0.511811 0.041339 -0.511811 0.041339
-0.470866 0.041339 -0.470866 0.041339
-0.429921 0.041339 -0.429921 0.041339
-0.388976 0.041339 -0.388976 0.041339
-0.348031 0.041339 -0.348031 0.041339
-0.307087 0.041339 -0.307087 0.041339
-0.266142 0.041339 -0.266142 0.041339
-0.225197 0.041339 -0.225197 0.041339
-0.184252 0.041339 -0.184252 0.041339
-0.143307 0.041339 -0.143307 0.041339
-0.102362 0.041339 -0.102362 0.041339
-0.061417 0.041339 -0.061417 0.041339
-0.020472 0.041339 -0.020472 0.041339
0.020472 0.041339 0.020472 0.041339
0.061417 0.041339 0.061417 0.041339
0.102362 0.041339 0.102362 0.041339
0.143307 0.041339 0.143307 0.041339
0.184252 0.041339 0.184252 0.041339
0.225197 0.041339 0.225197 0.041339
0.266142 0.041339 0.266142 0.041339
0.307087 0.041339 0.307087 0.041339
0.348031 0.041339 0.348031 0.041339
0.388976 0.041339 0.388976 0.041339
0.429921 0.041339 0.429921 0.041339
0.470866 0.041339 0.470866 0.041339
0.511811 0.041339 0.511811 0.041339
0.552756 0.041339 0.552756 0.041339
0.593701 0.041339 0.593701 0.041339
0.634646 0.041339 0.634646 0.041339
0.675591 0.041339 0.675591 0.041339
0.716535 0.041339 0.716535 0.041339
0.757480 0.041339 0.757480 0.041339
0.798425 0.041339 0.798425 0.041339
0.839370 0.041339 0.839370 0.041339
0.880315 0.041339 0.880315 0.041339
0.921260 0.041339 0.921260 0.041339
0.962205 0.041339 0.962205 0.041339
1.003150 0.041339 1.003150 0.041339
1.044094 0.041339 1.044094 0.041339
1.085039 0.041339 1.085039 0.041339
1.125984 0.041339 1.125984 0.041339
1.166929 0.041339 1.166929 0.041339
1.207874 0.041339 1.207874 0.041339
1.248819 0.041339 1.248819 0.041339
1.289764 0.041339 1.289764 0.041339
1.330709 0.041339 1.330709 0.041339
1.371654 0.041339 1.371654 0.041339
1.412598 0.041339 1.412598 0.041339
1.453543 0.041339 1.453543 0.041339
1.494488 0.041339 1.494488 0.041339
1.535433 0.041339 1.535433 0.041339
1.576378 0.041339 1.576378 0.041339
1.617323 0.041339 1.617323 0.041339
1.658268 0.041339 1.658268 0.041339
1.699213 0.041339 1.699213 0.041339
1.740157 0.041339 1.740157 0.041339
1.781102 0.041339 1.781102 0.041339
1.822047 0.041339 1.822047 0.041339
1.862992 0.041339 1.862992 0.041339
1.903937 0.041339 1.903937 0.041339
1.944882 0.041339 1.944882 0.041339
1.985827 0.041339 1.985827 0.041339
2.026772 0.041339 2.026772 0.041339
2.067717 0.041339 2.067717 0.041339
2.108661 0.041339 2.108661 0.041339
2.149606 0.041339 2.149606 0.041339
2.190551 0.041339 2.190551 0.041339
2.231496 0.041339 2.231496 0.041339
2.272441 0.041339 2.272441 0.041339
2.313386 0.041339 2.313386 0.041339
2.354331 0.041339 2.354331 0.041339
2.395276 0.041339 2.395276 0.041339
2.436220 0.041339 2.436220 0.041339
2.477165 0.041339 2.477165 0.041339
2.518110 0.041339 2.518110 0.041339
2.559055 0.041339 2.559055 0.041339
2.600000 0.041339 2.600000 0.041339
-2.600000 0.057874 -2.600000 0.057874
-2.559055 0.057874 -2.559055 0.057874
-2.518110 0.057874 -2.518110 0.057874
-2.477165 0.057874 -2.477165 0.057874
-2.436220 0.057874 -2.436220 0.057874
-2.395276 0.057874 -2.395276 0.057874
-2.354331 0.057874 -2.354331 0.057874
-2.313386 0.057874 -2.313386 0.057874
-2.272441 0.057874 -2.272441 0.057874
-2.231496 0.057874 -2.231496 0.057874
-2.190551 0.057874 -2.190551 0.057874
-2.149606 0.057874 -2.149606 0.057874
-2.108661 0.057874 -2.108661 0.057874
-2.067717 0.057874 -2.067717 0.057874
-2.026772 0.057874 -2.026772 0.057874
-1.985827 0.057874 -1.985827 0.057874
-1.944882 0.057874 -1.944882 0.057874
-1.903937 0.057874 -1.903937 0.057874
-1.862992 0.057874 -1.862992 0.057874
-1.822047 0.057874 -1.822047 0.057874
-1.781102 0.057874 -1.781102 0.057874
-1.740157 0.057874 -1.740157 0.057874
-1.699213 0.057874 -1.699213 0.057874
-1.658268 0.057874 -1.658268 0.057874
-1.617323 0.057874 -1.617323 0.057874
-1.576378 0.057874 -1.576378 0.057874
-1.535433 0.057874 -1.535433 0.057874
-1.494488 0.057874 -1.494488 0.057874
-1.453543 0.057874 -1.453543 0.057874
-1.412598 0.057874 -1.412598 0.057874
-1.371654 0.057874 -1.371654 0.057874
-1.330709 0.057874 -1.330709 0.057874
-1.289764 0.057874 -1.289764 0.057874
-1.248819 0.057874 -1.248819 0.057874
-1.207874 0.057874 -1.207874 0.057874
-1.166929 0.057874 -1.166929 0.057874
-1.125984 0.057874 -1.125984 0.057874
-1.085039 0.057874 -1.085039 0.057874
-1.044094 0.057874 -1.044094 0.057874
-1.003150 0.057874 -1.003150 0.057874
-0.962205 0.057874 -0.962205 0.057874
-0.921260 0.057874 -0.921260 0.057874
-0.880315 0.057874 -0.880315 0.057874
-0.839370 0.057874 -0.839370 0.057874
-0.798425 0.057874 -0.798425 0.057874
-0.757480 0.057874 -0.757480 0.057874
-0.716535 0.057874 -0.716535 0.057874
-0.675591 0.057874 -0.675591 0.057874
-0.634646 0.057874 -0.634646 0.057874
-0.593701 0.057874 -0.593701 0.057874
-0.552756 0.057874 -0.552756 0.057874
-0.511811 0.057874 -0.511811 0.057874
-0.470866 0.057874 -0.470866 0.057874
-0.429921 0.057874 -0.429921 0.057874
-0.388976 0.057874 -0.388976 0.057874
-0.348031 0.057874 -0.348031 0.057874
-0.307087 0.057874 -0.307087 0.057874
-0.266142 0.057874 -0.266142 0.057874
-0.225197 0.057874 -0.225197 0.057874
-0.184252 0.057874 -0.184252 0.057874
-0.143307 0.057874 -0.143307 0.057874
-0.102362 0.057874 -0.102362 0.057874
-0.061417 0.057874 -0.061417 0.057874
-0.020472 0.057874 -0.020472 0.057874
0.020472 0.057874 0.020472 0.057874
0.061417 0.057874 0.061417 0.057874
0.102362 0.057874 0.102362 0.057874
0.143307 0.057874 0.143307 0.057874
0.184252 0.057874 0.184252 0.057874
0.225197 0.057874 0.225197 0.057874
0.266142 0.057874 0.266142 0.057874
0.307087 0.057874 0.307087 0.057874
0.348031 0.057874 0.348031 0.057874
0.388976 0.057874 0.388976 0.057874
0.429921 0.057874 0.429921 0.057874
0.470866 0.057874 0.470866 0.057874
0.511811 0.057874 0.511811 0.057874
0.552756 0.057874 0.552756 0.057874
0.593701 0.057874 0.593701 0.057874
0.634646 0.057874 0.634646 0.057874
0.675591 0.057874 0.675591 0.057874
0.716535 0.057874 0.716535 0.057874
0.757480 0.057874 0.757480 0.057874
0.798425 0.057874 0.798425 0.057874
0.839370 0.057874 0.839370 0.057874
0.880315 0.057874 0.880315 0.057874
0.921260 0.057874 0.921260 0.057874
0.962205 0.057874 0.962205 0.057874
1.003150 0.057874 1.003150 0.057874
1.044094 0.057874 1.044094 0.057874
1.085039 0.057874 1.085039 0.057874
1.125984 0.057874 1.125984 0.057874
1.166929 0.057874 1.166929 0.057874
1.207874 0.057874 1.207874 0.057874
1.248819 0.057874 1.248819 0.057874
1.289764 0.057874 1.289764 0.057874
1.330709 0.057874 1.330709 0.057874
1.371654 0.057874 1.371654 0.057874
1.412598 0.057874 1.412598 0.057874
1.453543 0.057874 1.453543 0.057874
1.494488 0.057874 1.494488 0.057874
1.535433 0.057874 1.535433 0.057874
1.576378 0.057874 1.576378 0.057874
1.617323 0.057874 1.617323 0.057874
1.658268 0.057874 1.658268 0.057874
1.699213 0.057874 1.699213 0.057874
1.740157 0.057874 1.740157 0.057874
1.781102 0.057874 1.781102 0.057874
1.822047 0.057874 1.822047 0.057874
1.862992 0.057874 1.862992 0.057874
1.903937 0.057874 1.903937 0.057874
1.944882 0.057874 1.944882 0.057874
1.985827 0.057874 1.985827 0.057874
2.026772 0.057874 2.026772 0.057874
2.067717 0.057874 2.067717 0.057874
2.108661 0.057874 2.108661 0.057874
2.149606 0.057874 2.149606 0.057874
2.190551 0.057874 2.190551 0.057874
2.231496 0.057874 2.231496 0.057874
2.272441 0.057874 2.272441 0.057874
2.313386 0.057874 2.313386 0.057874
2.354331 0.057874 2.354331 0.057874
2.395276 0.057874 2.395276 0.057874
2.436220 0.057874 2.436220 0.057874
2.477165 0.057874 2.477165 0.057874
2.518110 0.057874 2.518110 0.057874
2.559055 0.057874 2.559055 0.057874
2.600000 0.057874 2.600000 0.057874
-2.600000 0.074409 -2.600000 0.074409
-2.559055 0.074409 -2.559055 0.074409
-2.518110 0.074409 -2.518110 0.074409
-2.477165 0.074409 -2.477165 0.074409
-2.436220 0.074409 -2.436220 0.074409
-2.395276 0.074409 -2.395276 0.074409
-2.354331 0.074409 -2.354331 0.074409
-2.313386 0.074409 -2.313386 0.074409
-2.272441 0.074409 -2.272441 0.074409
-2.231496 0.074409 -2.231496 0.074409
-2.190551 0.074409 -2.190551 0.074409
-2.149606 0.074409 -2.149606 0.074409
-2.108661 0.074409 -2.108661 0.074409
-2.067717 0.074409 -2.067717 0.074409
-2.026772 0.074409 -2.026772 0.074409
-1.985827 0.074409 -1.985827 0.074409
-1.944882 0.074409 -1.944882 0.074409
-1.903937 0.074409 -1.903937 0.074409
-1.862992 0.074409 -1.862992 0.074409
-1.822047 0.074409 -1.822047 0.074409
-1.781102 0.074409 -1.781102 0.074409
-1.740157 0.074409 -1.740157 0.074409
-1.699213 0.074409 -1.699213 0.074409
-1.658268 0.074409 -1.658268 0.074409
-1.617323 0.074409 -1.617323 0.074409
-1.576378 0.074409 -1.576378 0.074409
-1.535433 0.074409 -1.535433 0.074409
-1.494488 0.074409 -1.494488 0.074409
-1.453543 0.074409 -1.453543 0.074409
-1.412598 0.074409 -1.412598 0.074409
-1.371654 0.074409 -1.371654 0.074409
-1.330709 0.074409 -1.330709 0.074409
-1.289764 0.074409 -1.289764 0.074409
-1.248819 0.074409 -1.248819 0.074409
-1.207874 0.074409 -1.207874 0.074409
-1.166929 0.074409 -1.166929 0.074409
-1.125984 0.074409 -1.125984 0.074409
-1.085039 0.074409 -1.085039 0.074409
-1.044094 0.074409 -1.044094 0.074409
-1.003150 0.074409 -1.003150 0.074409
-0.962205 0.074409 -0.962205 0.074409
-0.921260 0.074409 -0.921260 0.074409
-0.880315 0.074409 -0.880315 0.074409
-0.839370 0.074409 -0.839370 0.074409
-0.798425 0.074409 -0.798425 0.074409
-0.757480 0.074409 -0.757480 0.074409
-0.716535 0.074409 -0.716535 0.074409
-0.675591 0.074409 -0.675591 0.074409
-0.634646 0.074409 -0.634646 0.074409
-0.593701 0.074409 -0.593701 0.074409
-0.552756 0.074409 -0.552756 0.074409
-0.511811 0.074409 -0.511811 0.074409
-0.470866 0.074409 -0.470866 0.074409
-0.429921 0.074409 -0.429921 0.074409
-0.388976 0.074409 -0.388976 0.074409
-0.348031 0.074409 -0.348031 0.074409
-0.307087 0.074409 -0.307087 0.074409
-0.266142 0.074409 -0.266142 0.074409
-0.225197 0.074409 -0.225197 0.074409
-0.184252 0.074409 -0.184252 0.074409
-0.143307 0.074409 -0.143307 0.074409
-0.102362 0.074409 -0.102362 0.074409
-0.061417 0.074409 -0.061417 0.074409
-0.020472 0.074409 -0.020472 0.074409
0.020472 0.074409 0.020472 0.074409
0.061417 0.074409 0.061417 0.074409
0.102362 0.074409 0.102362 0.074409
0.143307 0.074409 0.143307 0.074409
0.184252 0.074409 0.184252 0.074409
0.225197 0.074409 0.225197 0.074409
0.266142 0.074409 0.266142 0.074409
0.307087 0.074409 0.307087 0.074409
0.348031 0.074409 0.348031 0.074409
0.388976 0.074409 0.388976 0.074409
0.429921 0.074409 0.429921 0.074409
0.470866 0.074409 0.470866 0.074409
0.511811 0.074409 0.511811 0.074409
0.552756 0.074409 0.552756 0.074409
0.593701 0.074409 0.593701 0.074409
0.634646 0.074409 0.634646 0.074409
0.675591 0.074409 0.675591 0.074409
0.716535 0.074409 0.716535 0.074409
0.757480 0.074409 0.757480 0.074409
0.798425 0.074409 0.798425 0.074409
0.839370 0.074409 0.839370 0.074409
0.880315 0.074409 0.880315 0.074409
0.921260 0.074409 0.921260 0.074409
0.962205 0.074409 0.962205 0.074409
1.003150 0.074409 1.003150 0.074409
1.044094 0.074409 1.044094 0.074409
1.085039 0.074409 1.085039 0.074409
1.125984 0.074409 1.125984 0.074409
1.166929 0.074409 1.166929 0.074409
1.207874 0.074409 1.207874 0.074409
1.248819 0.074409 1.248819 0.074409
1.289764 0.074409 1.289764 0.074409
1.330709 0.074409 1.330709 0.074409
1.371654 0.074409 1.371654 0.074409
1.412598 0.074409 1.412598 0.074409
1.453543 0.074409 1.453543 0.074409
1.494488 0.074409 1.494488 0.074409
1.535433 0.074409 1.535433 0.074409
1.576378 0.074409 1.576378 0.074409
1.617323 0.074409 1.617323 0.074409
1.658268 0.074409 1.658268 0.074409
1.699213 0.074409 1.699213 0.074409
1.740157 0.074409 1.740157 0.074409
1.781102 0.074409 1.781102 0.074409
1.822047 0.074409 1.822047 0.074409
1.862992 0.074409 1.862992 0.074409
1.903937 0.074409 1.903937 0.074409
1.944882 0.074409 1.944882 0.074409
1.985827 0.074409 1.985827 0.074409
2.026772 0.074409 2.026772 0.074409
2.067717 0.074409 2.067717 0.074409
2.108661 0.074409 2.108661 0.074409
2.149606 0.074409 2.149606 0.074409
2.190551 0.074409 2.190551 0.074409
2.231496 0.074409 2.231496 0.074409
2.272441 0.074409 2.272441 0.074409
2.313386 0.074409 2.313386 0.074409
2.354331 0.074409 2.354331 0.074409
2.395276 0.074409 2.395276 0.074409
2.436220 0.074409 2.436220 0.074409
2.477165 0.074409 2.477165 0.074409
2.518110 0.074409 2.518110 0.074409
2.559055 0.074409 2.559055 0.074409
2.600000 0.074409 2.600000 0.074409
-2.600000 0.090945 -2.600000 0.090945
-2.559055 0.090945 -2.559055 0.090945
-2.518110 0.090945 -2.518110 0.090945
-2.477165 0.090945 -2.477165 0.090945
-2.436220 0.090945 -2.436220 0.090945
-2.395276 0.090945 -2.395276 0.090945
-2.354331 0.090945 -2.354331 0.090945
-2.313386 0.090945 -2.313386 0.090945
-2.272441 0.090945 -2.272441 0.090945
-2.231496 0.090945 -2.231496 0.090945
-2.190551 0.090945 -2.190551 0.090945
-2.149606 0.090945 -2.149606 0.090945
-2.108661 0.090945 -2.108661 0.090945
-2.067717 0.090945 -2.067717 0.090945
-2.026772 0.090945 -2.026772 0.090945
-1.985827 0.090945 -1.985827 0.090945
-1.944882 0.090945 -1.944882 0.090945
-1.903937 0.090945 -1.903937 0.090945
-1.862992 0.090945 -1.862992 0.090945
-1.822047 0.090945 -1.822047 0.090945
-1.781102 0.090945 -1.781102 0.090945
-1.740157 0.090945 -1.740157 0.090945
-1.699213 0.090945 -1.699213 0.090945
-1.658268 0.090945 -1.658268 0.090945
-1.617323 0.090945 -1.617323 0.090945
-1.576378 0.090945 -1.576378 0.090945
-1.535433 0.090945 -1.535433 0.090945
-1.494488 0.090945 -1.494488 0.090945
-1.453543 0.090945 -1.453543 0.090945
-1.412598 0.090945 -1.412598 0.090945
-1.371654 0.090945 -1.371654 0.090945
-1.330709 0.090945 -1.330709 0.090945
-1.289764 0.090945 -1.289764 0.090945
-1.248819 0.090945 -1.248819 0.090945
-1.207874 0.090945 -1.207874 0.090945
-1.166929 0.090945 -1.166929 0.090945
-1.125984 0.090945 -1.125984 0.090945
-1.085039 0.090945 -1.085039 0.090945
-1.044094 0.090945 -1.044094 0.090945
-1.003150 0.090945 -1.003150 0.090945
-0.962205 0.090945 -0.962205 0.090945
-0.921260 0.090945 -0.921260 0.090945
-0.880315 0.090945 -0.880315 0.090945
-0.839370 0.090945 -0.839370 0.090945
-0.798425 0.090945 -0.798425 0.090945
-0.757480 0.090945 -0.757480 0.090945
-0.716535 0.090945 -0.716535 0.090945
-0.675591 0.090945 -0.675591 0.090945
-0.634646 0.090945 -0.634646 0.090945
-0.593701 0.090945 -0.593701 0.090945
-0.552756 0.090945 -0.552756 0.090945
-0.511811 0.090945 -0.511811 0.090945
-0.470866 0.090945 -0.470866 0.090945
-0.429921 0.090945 -0.429921 0.090945
-0.388976 0.090945 -0.388976 0.090945
-0.348031 0.090945 -0.348031 0.090945
-0.307087 0.090945 -0.307087 0.090945
-0.266142 0.090945 -0.266142 0.090945
-0.225197 0.090945 -0.225197 0.090945
-0.184252 0.090945 -0.184252 0.090945
-0.143307 0.090945 -0.143307 0.090945
-0.102362 0.090945 -0.102362 0.090945
-0.061417 0.090945 -0.061417 0.090945
-0.020472 0.090945 -0.020472 0.090945
0.020472 0.090945 0.020472 0.090945
0.061417 0.090945 0.061417 0.090945
0.102362 0.090945 0.102362 0.090945
0.143307 0.090945 0.143307 0.090945
0.184252 0.090945 0.184252 0.090945
0.225197 0.090945 0.225197 0.090945
0.266142 0.090945 0.266142 0.090945
0.307087 0.090945 0.307087 0.090945
0.348031 0.090945 0.348031 0.090945
0.388976 0.090945 0.388976 0.090945
0.429921 0.090945 0.429921 0.090945
0.470866 0.090945 0.470866 0.090945
0.511811 0.090945 0.511811 0.090945
0.552756 0.090945 0.552756 0.090945
0.593701 0.090945 0.593701 0.090945
0.634646 0.090945 0.634646 0.090945
0.675591 0.090945 0.675591 0.090945
0.716535 0.090945 0.716535 0.090945
0.757480 0.090945 0.757480 0.090945
0.798425 0.090945 0.798425 0.090945
0.839370 0.090945 0.839370 0.090945
0.880315 0.090945 0.880315 0.090945
0.921260 0.090945 0.921260 0.090945
0.962205 0.090945 0.962205 0.090945
1.003150 0.090945 1.003150 0.090945
1.044094 0.090945 1.044094 0.090945
1.085039 0.090945 1.085039 0.090945
1.125984 0.090945 1.125984 0.090945
1.166929 0.090945 1.166929 0.090945
1.207874 0.090945 1.207874 0.090945
1.248819 0.090945 1.248819 0.090945
1.289764 0.090945 1.289764 0.090945
1.330709 0.090945 1.330709 0.090945
1.371654 0.090945 1.371654 0.090945
1.412598 0.090945 1.412598 0.090945
1.453543 0.090945 1.453543 0.090945
1.494488 0.090945 1.494488 0.090945
1.535433 0.090945 1.535433 0.090945
1.576378 0.090945 1.576378 0.090945
1.617323 0.090945 1.617323 0.090945
1.658268 0.090945 1.658268 0.090945
1.699213 0.090945 1.699213 0.090945
1.740157 0.090945 1.740157 0.090945
1.781102 0.090945 1.781102 0.090945
1.822047 0.090945 1.822047 0.090945
1.862992 0.090945 1.862992 0.090945
1.903937 0.090945 1.903937 0.090945
1.944882 0.090945 1.944882 0.090945
1.985827 0.090945 1.985827 0.090945
2.026772 0.090945 2.026772 0.090945
2.067717 0.090945 2.067717 0.090945
2.108661 0.090945 2.108661 0.090945
2.149606 0.090945 2.149606 0.090945
2.190551 0.090945 2.190551 0.090945
2.231496 0.090945 2.231496 0.090945
2.272441 0.090945 2.272441 0.090945
2.313386 0.090945 2.313386 0.090945
2.354331 0.090945 2.354331 0.090945
2.395276 0.090945 2.395276 0.090945
2.436220 0.090945 2.436220 0.090945
2.477165 0.090945 2.477165 0.090945
2.518110 0.090945 2.518110 0.090945
2.559055 0.090945 2.559055 0.090945
2.600000 0.090945 2.600000 0.090945
-2.600000 0.107480 -2.600000 0.107480
-2.559055 0.107480 -2.559055 0.107480
-2.518110 0.107480 -2.518110 0.107480
-2.477165 0.107480 -2.477165 0.107480
-2.436220 0.107480 -2.436220 0.107480
-2.395276 0.107480 -2.395276 0.107480
-2.354331 0.107480 -2.354331 0.107480
-2.313386 0.107480 -2.313386 0.107480
-2.272441 0.107480 -2.272441 0.107480
-2.231496 0.107480 -2.231496 0.107480
-2.190551 0.107480 -2.190551 0.107480
-2.149606 0.107480 -2.149606 0.107480
-2.108661 0.107480 -2.108661 0.107480
-2.067717 0.107480 -2.067717 0.107480
-2.026772 0.107480 -2.026772 0.107480
-1.985827 0.107480 -1.985827 0.107480
-1.944882 0.107480 -1.944882 0.107480
-1.903937 0.107480 -1.903937 0.107480
-1.862992 0.107480 -1.862992 0.107480
-1.822047 0.107480 -1.822047 0.107480
-1.781102 0.107480 -1.781102 0.107480
-1.740157 0.107480 -1.740157 0.107480
-1.699213 0.107480 -1.699213 0.107480
-1.658268 0.107480 -1.658268 0.107480
-1.617323 0.107480 -1.617323 0.107480
-1.576378 0.107480 -1.576378 0.107480
-1.535433 0.107480 -1.535433 0.107480
-1.494488 0.107480 -1.494488 0.107480
-1.453543 0.107480 -1.453543 0.107480
-1.412598 0.107480 -1.412598 0.107480
-1.371654 0.107480 -1.371654 0.107480
-1.330709 0.107480 -1.330709 0.107480
-1.289764 0.107480 -1.289764 0.107480
-1.248819 0.107480 -1.248819 0.107480
-1.207874 0.107480 -1.207874 0.107480
-1.166929 0.107480 -1.166929 0.107480
-1.125984 0.107480 -1.125984 0.107480
-1.085039 0.107480 -1.085039 0.107480
-1.044094 0.107480 -1.044094 0.107480
-1.003150 0.107480 -1.003150 0.107480
-0.962205 0.107480 -0.962205 0.107480
-0.921260 0.107480 -0.921260 0.107480
-0.880315 0.107480 -0.880315 0.107480
-0.839370 0.107480 -0.839370 0.107480
-0.798425 0.107480 -0.798425 0.107480
-0.757480 0.107480 -0.757480 0.107480
-0.716535 0.107480 -0.716535 0.107480
-0.675591 0.107480 -0.675591 0.107480
-0.634646 0.107480 -0.634646 0.107480
-0.593701 0.107480 -0.593701 0.107480
-0.552756 0.107480 -0.552756 0.107480
-0.511811 0.107480 -0.511811 0.107480
-0.470866 0.107480 -0.470866 0.107480
-0.429921 0.107480 -0.429921 0.107480
-0.388976 0.107480 -0.388976 0.107480
-0.348031 0.107480 -0.348031 0.107480
-0.307087 0.107480 -0.307087 0.107480
-0.266142 0.107480 -0.266142 0.107480
-0.225197 0.107480 -0.225197 0.107480
-0.184252 0.107480 -0.184252 0.107480
-0.143307 0.107480 -0.143307 0.107480
-0.102362 0.107480 -0.102362 0.107480
-0.061417 0.107480 -0.061417 0.107480
-0.020472 0.107480 -0.020472 0.107480
0.020472 0.107480 0.020472 0.107480
0.061417 0.107480 0.061417 0.107480
0.102362 0.107480 0.102362 0.107480
0.143307 0.107480 0.143307 0.107480
0.184252 0.107480 0.184252 0.107480
0.225197 0.107480 0.225197 0.107480
0.266142 0.107480 0.266142 0.107480
0.307087 0.107480 0.307087 0.107480
0.348031 0.107480 0.348031 0.107480
0.388976 0.107480 0.388976 0.107480
0.429921 0.107480 0.429921 0.107480
0.470866 0.107480 0.470866 0.107480
0.511811 0.107480 0.511811 0.107480
0.552756 0.107480 0.552756 0.107480
0.593701 0.107480 0.593701 0.107480
0.634646 0.107480 0.634646 0.107480
0.675591 0.107480 0.675591 0.107480
0.716535 0.107480 0.716535 0.107480
0.757480 0.107480 0.757480 0.107480
0.798425 0.107480 0.798425 0.107480
0.839370 0.107480 0.839370 0.107480
0.880315 0.107480 0.880315 0.107480
0.921260 0.107480 0.921260 0.107480
0.962205 0.107480 0.962205 0.107480
1.003150 0.107480 1.003150 0.107480
1.044094 0.107480 1.044094 0.107480
1.085039 0.107480 1.085039 0.107480
1.125984 0.107480 1.125984 0.107480
1.166929 0.107480 1.166929 0.107480
1.207874 0.107480 1.207874 0.107480
1.248819 0.107480 1.248819 0.107480
1.289764 0.107480 1.289764 0.107480
1.330709 0.107480 1.330709 0.107480
1.371654 0.107480 1.371654 0.107480
1.412598 0.107480 1.412598 0.107480
1.453543 0.107480 1.453543 0.107480
1.494488 0.107480 1.494488 0.107480
1.535433 0.107480 1.535433 0.107480
1.576378 0.107480 1.576378 0.107480
1.617323 0.107480 1.617323 0.107480
1.658268 0.107480 1.658268 0.107480
1.699213 0.107480 1.699213 0.107480
1.740157 0.107480 1.740157 0.107480
1.781102 0.107480 1.781102 0.107480
1.822047 0.107480 1.822047 0.107480
1.862992 0.107480 1.862992 0.107480
1.903937 0.107480 1.903937 0.107480
1.944882 0.107480 1.944882 0.107480
1.985827 0.107480 1.985827 0.107480
2.026772 0.107480 2.026772 0.107480
2.067717 0.107480 2.067717 0.107480
2.108661 0.107480 2.108661 0.107480
2.149606 0.107480 2.149606 0.107480
2.190551 0.107480 2.190551 0.107480
2.231496 0.107480 2.231496 0.107480
2.272441 0.107480 2.272441 0.107480
2.313386 0.107480 2.313386 0.107480
2.354331 0.107480 2.354331 0.107480
2.395276 0.107480 2.395276 0.107480
2.436220 0.107480 2.436220 0.107480
2.477165 0.107480 2.477165 0.107480
2.518110 0.107480 2.518110 0.107480
2.559055 0.107480 2.559055 0.107480
2.600000 0.107480 2.600000 0.107480
-2.600000 0.124016 -2.600000 0.124016
-2.559055 0.124016 -2.559055 0.124016
-2.518110 0.124016 -2.518110 0.124016
-2.477165 0.124016 -2.477165 0.124016
-2.436220 0.124016 -2.436220 0.124016
-2.395276 0.124016 -2.395276 0.124016
-2.354331 0.124016 -2.354331 0.124016
-2.313386 0.124016 -2.313386 0.124016
-2.272441 0.124016 -2.272441 0.124016
-2.231496 0.124016 -2.231496 0.124016
-2.190551 0.124016 -2.190551 0.124016
-2.149606 0.124016 -2.149606 0.124016
-2.108661 0.124016 -2.108661 0.124016
-2.067717 0.124016 -2.067717 0.124016
-2.026772 0.124016 -2.026772 0.124016
-1.985827 0.124016 -1.985827 0.124016
-1.944882 0.124016 -1.944882 0.124016
-1.903937 0.124016 -1.903937 0.124016
-1.862992 0.124016 -1.862992 0.124016
-1.822047 0.124016 -1.822047 0.124016
-1.781102 0.124016 -1.781102 0.124016
-1.740157 0.124016 -1.740157 0.124016
-1.699213 0.124016 -1.699213 0.124016
-1.658268 0.124016 -1.658268 0.124016
-1.617323 0.124016 -1.617323 0.124016
-1.576378 0.124016 -1.576378 0.124016
-1.535433 0.124016 -1.535433 0.124016
-1.494488 0.124016 -1.494488 0.124016
-1.453543 0.124016 -1.453543 0.124016
-1.412598 0.124016 -1.412598 0.124016
-1.371654 0.124016 -1.371654 0.124016
-1.330709 0.124016 -1.330709 0.124016
-1.289764 0.124016 -1.289764 0.124016
-1.248819 0.124016 -1.248819 0.124016
-1.207874 0.124016 -1.207874 0.124016
-1.166929 0.124016 -1.166929 0.124016
-1.125984 0.124016 -1.125984 0.124016
-1.085039 0.124016 -1.085039 0.124016
-1.044094 0.124016 -1.044094 0.124016
-1.003150 0.124016 -1.003150 0.124016
-0.962205 0.124016 -0.962205 0.124016
-0.921260 0.124016 -0.921260 0.124016
-0.880315 0.124016 -0.880315 0.124016
-0.839370 0.124016 -0.839370 0.124016
-0.798425 0.124016 -0.798425 0.124016
-0.757480 0.124016 -0.757480 0.124016
-0.716535 0.124016 -0.716535 0.124016
-0.675591 0.124016 -0.675591 0.124016
-0.634646 0.124016 -0.634646 0.124016
-0.593701 0.124016 -0.593701 0.124016
-0.552756 0.124016 -0.552756 0.124016
-0.511811 0.124016 -0.511811 0.124016
-0.470866 0.124016 -0.470866 0.124016
-0.429921 0.124016 -0.429921 0.124016
-0.388976 0.124016 -0.388976 0.124016
-0.348031 0.124016 -0.348031 0.124016
-0.307087 0.124016 -0.307087 0.124016
-0.266142 0.124016 -0.266142 0.124016
-0.225197 0.124016 -0.225197 0.124016
-0.184252 0.124016 -0.184252 0.124016
-0.143307 0.124016 -0.143307 0.124016
-0.102362 0.124016 -0.102362 0.124016
-0.061417 0.124016 -0.061417 0.124016
-0.020472 0.124016 -0.020472 0.124016
0.020472 0.124016 0.020472 0.124016
0.061417 0.124016 0.061417 0.124016
0.102362 0.124016 0.102362 0.124016
0.143307 0.124016 0.143307 0.124016
0.184252 0.124016 0.184252 0.124016
0.225197 0.124016 0.225197 0.124016
0.266142 0.124016 0.266142 0.124016
0.307087 0.124016 0.307087 0.124016
0.348031 0.124016 0.348031 0.124016
0.388976 0.124016 0.388976 0.124016
0.429921 0.124016 0.429921 0.124016
0.470866 0.124016 0.470866 0.124016
0.511811 0.124016 0.511811 0.124016
0.552756 0.124016 0.552756 0.124016
0.593701 0.124016 0.593701 0.124016
0.634646 0.124016 0.634646 0.124016
0.675591 0.124016 0.675591 0.124016
0.716535 0.124016 0.716535 0.124016
0.757480 0.124016 0.757480 0.124016
0.798425 0.124016 0.798425 0.124016
0.839370 0.124016 0.839370 0.124016
0.880315 0.124016 0.880315 0.124016
0.921260 0.124016 0.921260 0.124016
0.962205 0.124016 0.962205 0.124016
1.003150 0.124016 1.003150 0.124016
1.044094 0.124016 1.044094 0.124016
1.085039 0.124016 1.085039 0.124016
1.125984 0.124016 1.125984 0.124016
1.166929 0.124016 1.166929 0.124016
1.207874 0.124016 1.207874 0.124016
1.248819 0.124016 1.248819 0.124016
1.289764 0.124016 1.289764 0.124016
1.330709 0.124016 1.330709 0.124016
1.371654 0.124016 1.371654 0.124016
1.412598 0.124016 1.412598 0.124016
1.453543 0.124016 1.453543 0.124016
1.494488 0.124016 1.494488 0.124016
1.535433 0.124016 1.535433 0.124016
1.576378 0.124016 1.576378 0.124016
1.617323 0.124016 1.617323 0.124016
1.658268 0.124016 1.658268 0.124016
1.699213 0.124016 1.699213 0.124016
1.740157 0.124016 1.740157 0.124016
1.781102 0.124016 1.781102 0.124016
1.822047 0.124016 1.822047 0.124016
1.862992 0.124016 1.862992 0.124016
1.903937 0.124016 1.903937 0.124016
1.944882 0.124016 1.944882 0.124016
1.985827 0.124016 1.985827 0.124016
2.026772 0.124016 2.026772 0.124016
2.067717 0.124016 2.067717 0.124016
2.108661 0.124016 2.108661 0.124016
2.149606 0.124016 2.149606 0.124016
2.190551 0.124016 2.190551 0.124016
2.231496 0.124016 2.231496 0.124016
2.272441 0.124016 2.272441 0.124016
2.313386 0.124016 2.313386 0.124016
2.354331 0.124016 2.354331 0.124016
2.395276 0.124016 2.395276 0.124016
2.436220 0.124016 2.436220 0.124016
2.477165 0.124016 2.477165 0.124016
2.518110 0.124016 2.518110 0.124016
2.559055 0.124016 2.559055 0.124016
2.600000 0.124016 2.600000 0.124016
-2.600000 0.140551 -2.600000 0.140551
-2.559055 0.140551 -2.559055 0.140551
-2.518110 0.140551 -2.518110 0.140551
-2.477165 0.140551 -2.477165 0.140551
-2.436220 0.140551 -2.436220 0.140551
-2.395276 0.140551 -2.395276 0.140551
-2.354331 0.140551 -2.354331 0.140551
-2.313386 0.140551 -2.313386 0.140551
-2.272441 0.140551 -2.272441 0.140551
-2.231496 0.140551 -2.231496 0.140551
-2.190551 0.140551 -2.190551 0.140551
-2.149606 0.140551 -2.149606 0.140551
-2.108661 0.140551 -2.108661 0.140551
-2.067717 0.140551 -2.067717 0.140551
-2.026772 0.140551 -2.026772 0.140551
-1.985827 0.140551 -1.985827 0.140551
-1.944882 0.140551 -1.944882 0.140551
-1.903937 0.140551 -1.903937 0.140551
-1.862992 0.140551 -1.862992 0.140551
-1.822047 0.140551 -1.822047 0.140551
-1.781102 0.140551 -1.781102 0.140551
-1.740157 0.140551 -1.740157 0.140551
-1.699213 0.140551 -1.699213 0.140551
-1.658268 0.140551 -1.658268 0.140551
-1.617323 0.140551 -1.617323 0.140551
-1.576378 0.140551 -1.576378 0.140551
-1.535433 0.140551 -1.535433 0.140551
-1.494488 0.140551 -1.494488 0.140551
-1.453543 0.140551 -1.453543 0.140551
-1.412598 0.140551 -1.412598 0.140551
-1.371654 0.140551 -1.371654 0.140551
-1.330709 0.140551 -1.330709 0.140551
-1.289764 0.140551 -1.289764 0.140551
-1.248819 0.140551 -1.248819 0.140551
-1.207874 0.140551 -1.207874 0.140551
-1.166929 0.140551 -1.166929 0.140551
-1.125984 0.140551 -1.125984 0.140551
-1.085039 0.140551 -1.085039 0.140551
-1.044094 0.140551 -1.044094 0.140551
-1.003150 0.140551 -1.003150 0.140551
-0.962205 0.140551 -0.962205 0.140551
-0.921260 0.140551 -0.921260 0.140551
-0.880315 0.140551 -0.880315 0.140551
-0.839370 0.140551 -0.839370 0.140551
-0.798425 0.140551 -0.798425 0.140551
-0.757480 0.140551 -0.757480 0.140551
-0.716535 0.140551 -0.716535 0.140551
-0.675591 0.140551 -0.675591 0.140551
-0.634646 0.140551 -0.634646 0.140551
-0.593701 0.140551 -0.593701 0.140551
-0.552756 0.140551 -0.552756 0.140551
-0.511811 0.140551 -0.511811 0.140551
-0.470866 0.140551 -0.470866 0.140551
-0.429921 0.140551 -0.429921 0.140551
-0.388976 0.140551 -0.388976 0.140551
-0.348031 0.140551 -0.348031 0.140551
-0.307087 0.140551 -0.307087 0.140551
-0.266142 0.140551 -0.266142 0.140551
-0.225197 0.140551 -0.225197 0.140551
-0.184252 0.140551 -0.184252 0.140551
-0.143307 0.140551 -0.143307 0.140551
-0.102362 0.140551 -0.102362 0.140551
-0.061417 0.140551 -0.061417 0.140551
-0.020472 0.140551 -0.020472 0.140551
0.020472 0.140551 0.020472 0.140551
0.061417 0.140551 0.061417 0.140551
0.102362 0.140551 0.102362 0.140551
0.143307 0.140551 0.143307 0.140551
0.184252 0.140551 0.184252 0.140551
0.225197 0.140551 0.225197 0.140551
0.266142 0.140551 0.266142 0.140551
0.307087 0.140551 0.307087 0.140551
0.348031 0.140551 0.348031 0.140551
0.388976 0.140551 0.388976 0.140551
0.429921 0.140551 0.429921 0.140551
0.470866 0.140551 0.470866 0.140551
0.511811 0.140551 0.511811 0.140551
0.552756 0.140551 0.552756 0.140551
0.593701 0.140551 0.593701 0.140551
0.634646 0.140551 0.634646 0.140551
0.675591 0.140551 0.675591 0.140551
0.716535 0.140551 0.716535 0.140551
0.757480 0.140551 0.757480 0.140551
0.798425 0.140551 0.798425 0.140551
0.839370 0.140551 0.839370 0.140551
0.880315 0.140551 0.880315 0.140551
0.921260 0.140551 0.921260 0.140551
0.962205 0.140551 0.962205 0.140551
1.003150 0.140551 1.003150 0.140551
1.044094 0.140551 1.044094 0.140551
1.085039 0.140551 1.085039 0.140551
1.125984 0.140551 1.125984 0.140551
1.166929 0.140551 1.166929 0.140551
1.207874 0.140551 1.207874 0.140551
1.248819 0.140551 1.248819 0.140551
1.289764 0.140551 1.289764 0.140551
1.330709 0.140551 1.330709 0.140551
1.371654 0.140551 1.371654 0.140551
1.412598 0.140551 1.412598 0.140551
1.453543 0.140551 1.453543 0.140551
1.494488 0.140551 1.494488 0.140551
1.535433 0.140551 1.535433 0.140551
1.576378 0.140551 1.576378 0.140551
1.617323 0.140551 1.617323 0.140551
1.658268 0.140551 1.658268 0.140551
1.699213 0.140551 1.699213 0.140551
1.740157 0.140551 1.740157 0.140551
1.781102 0.140551 1.781102 0.140551
1.822047 0.140551 1.822047 0.140551
1.862992 0.140551 1.862992 0.140551
1.903937 0.140551 1.903937 0.140551
1.944882 0.140551 1.944882 0.140551
1.985827 0.140551 1.985827 0.140551
2.026772 0.140551 2.026772 0.140551
2.067717 0.140551 2.067717 0.140551
2.108661 0.140551 2.108661 0.140551
2.149606 0.140551 2.149606 0.140551
2.190551 0.140551 2.190551 0.140551
2.231496 0.140551 2.231496 0.140551
2.272441 0.140551 2.272441 0.140551
2.313386 0.140551 2.313386 0.140551
2.354331 0.140551 2.354331 0.140551
2.395276 0.140551 2.395276 0.140551
2.436220 0.140551 2.436220 0.140551
2.477165 0.140551 2.477165 0.140551
2.518110 0.140551 2.518110 0.140551
2.559055 0.140551 2.559055 0.140551
2.600000 0.140551 2.600000 0.140551
-2.600000 0.157087 -2.600000 0.157087
-2.559055 0.157087 -2.559055 0.157087
-2.518110 0.157087 -2.518110 0.157087
-2.477165 0.157087 -2.477165 0.157087
-2.436220 0.157087 -2.436220 0.157087
-2.395276 0.157087 -2.395276 0.157087
-2.354331 0.157087 -2.354331 0.157087
-2.313386 0.157087 -2.313386 0.157087
-2.272441 0.157087 -2.272441 0.157087
-2.231496 0.157087 -2.231496 0.157087
-2.190551 0.157087 -2.190551 0.157087
-2.149606 0.157087 -2.149606 0.157087
-2.108661 0.157087 -2.108661 0.157087
-2.067717 0.157087 -2.067717 0.157087
-2.026772 0.157087 -2.026772 0.157087
-1.985827 0.157087 -1.985827 0.157087
-1.944882 0.157087 -1.944882 0.157087
-1.903937 0.157087 -1.903937 0.157087
-1.862992 0.157087 -1.862992 0.157087
-1.822047 0.157087 -1.822047 0.157087
-1.781102 0.157087 -1.781102 0.157087
-1.740157 0.157087 -1.740157 0.157087
-1.699213 0.157087 -1.699213 0.157087
-1.658268 0.157087 -1.658268 0.157087
-1.617323 0.157087 -1.617323 0.157087
-1.576378 0.157087 -1.576378 0.157087
-1.535433 0.157087 -1.535433 0.157087
-1.494488 0.157087 -1.494488 0.157087
-1.453543 0.157087 -1.453543 0.157087
-1.412598 0.157087 -1.412598 0.157087
-1.371654 0.157087 -1.371654 0.157087
-1.330709 0.157087 -1.330709 0.157087
-1.289764 0.157087 -1.289764 0.157087
-1.248819 0.157087 -1.248819 0.157087
-1.207874 0.157087 -1.207874 0.157087
-1.166929 0.157087 -1.166929 0.157087
-1.125984 0.157087 -1.125984 0.157087
-1.085039 0.157087 -1.085039 0.157087
-1.044094 0.157087 -1.044094 0.157087
-1.003150 0.157087 -1.003150 0.157087
-0.962205 0.157087 -0.962205 0.157087
-0.921260 0.157087 -0.921260 0.157087
-0.880315 0.157087 -0.880315 0.157087
-0.839370 0.157087 -0.839370 0.157087
-0.798425 0.157087 -0.798425 0.157087
-0.757480 0.157087 -0.757480 0.157087
-0.716535 0.157087 -0.716535 0.157087
-0.675591 0.157087 -0.675591 0.157087
-0.634646 0.157087 -0.634646 0.157087
-0.593701 0.157087 -0.593701 0.157087
-0.552756 0.157087 -0.552756 0.157087
-0.511811 0.157087 -0.511811 0.157087
-0.470866 0.157087 -0.470866 0.157087
-0.429921 0.157087 -0.429921 0.157087
-0.388976 0.157087 -0.388976 0.157087
-0.348031 0.157087 -0.348031 0.157087
-0.307087 0.157087 -0.307087 0.157087
-0.266142 0.157087 -0.266142 0.157087
-0.225197 0.157087 -0.225197 0.157087
-0.184252 0.157087 -0.184252 0.157087
-0.143307 0.157087 -0.143307 0.157087
-0.102362 0.157087 -0.102362 0.157087
-0.061417 0.157087 -0.061417 0.157087
-0.020472 0.157087 -0.020472 0.157087
0.020472 0.157087 0.020472 0.157087
0.061417 0.157087 0.061417 0.157087
0.102362 0.157087 0.102362 0.157087
0.143307 0.157087 0.143307 0.157087
0.184252 0.157087 0.184252 0.157087
0.225197 0.157087 0.225197 0.157087
0.266142 0.157087 0.266142 0.157087
0.307087 0.157087 0.307087 0.157087
0.348031 0.157087 0.348031 0.157087
0.388976 0.157087 0.388976 0.157087
0.429921 0.157087 0.429921 0.157087
0.470866 0.157087 0.470866 0.157087
0.511811 0.157087 0.511811 0.157087
0.552756 0.157087 0.552756 0.157087
0.593701 0.157087 0.593701 0.157087
0.634646 0.157087 0.634646 0.157087
0.675591 0.157087 0.675591 0.157087
0.716535 0.157087 0.716535 0.157087
0.757480 0.157087 0.757480 0.157087
0.798425 0.157087 0.798425 0.157087
0.839370 0.157087 0.839370 0.157087
0.880315 0.157087 0.880315 0.157087
0.921260 0.157087 0.921260 0.157087
0.962205 0.157087 0.962205 0.157087
1.003150 0.157087 1.003150 0.157087
1.044094 0.157087 1.044094 0.157087
1.085039 0.157087 1.085039 0.157087
1.125984 0.157087 1.125984 0.157087
1.166929 0.157087 1.166929 0.157087
1.207874 0.157087 1.207874 0.157087
1.248819 0.157087 1.248819 0.157087
1.289764 0.157087 1.289764 0.157087
1.330709 0.157087 1.330709 0.157087
1.371654 0.157087 1.371654 0.157087
1.412598 0.157087 1.412598 0.157087
1.453543 0.157087 1.453543 0.157087
1.494488 0.157087 1.494488 0.157087
1.535433 0.157087 1.535433 0.157087
1.576378 0.157087 1.576378 0.157087
1.617323 0.157087 1.617323 0.157087
1.658268 0.157087 1.658268 0.157087
1.699213 0.157087 1.699213 0.157087
1.740157 0.157087 1.740157 0.157087
1.781102 0.157087 1.781102 0.157087
1.822047 0.157087 1.822047 0.157087
1.862992 0.157087 1.862992 0.157087
1.903937 0.157087 1.903937 0.157087
1.944882 0.157087 1.944882 0.157087
1.985827 0.157087 1.985827 0.157087
2.026772 0.157087 2.026772 0.157087
2.067717 0.157087 2.067717 0.157087
2.108661 0.157087 2.108661 0.157087
2.149606 0.157087 2.149606 0.157087
2.190551 0.157087 2.190551 0.157087
2.231496 0.157087 2.231496 0.157087
2.272441 0.157087 2.272441 0.157087
2.313386 0.157087 2.313386 0.157087
2.354331 0.157087 2.354331 0.157087
2.395276 0.157087 2.395276 0.157087
2.436220 0.157087 2.436220 0.157087
2.477165 0.157087 2.477165 0.157087
2.518110 0.157087 2.518110 0.157087
2.559055 0.157087 2.559055 0.157087
2.600000 0.157087 2.600000 0.157087
-2.600000 0.173622 -2.600000 0.173622
-2.559055 0.173622 -2.559055 0.173622
-2.518110 0.173622 -2.518110 0.173622
-2.477165 0.173622 -2.477165 0.173622
-2.436220 0.173622 -2.436220 0.173622
-2.395276 0.173622 -2.395276 0.173622
-2.354331 0.173622 -2.354331 0.173622
-2.313386 0.173622 -2.313386 0.173622
-2.272441 0.173622 -2.272441 0.173622
-2.231496 0.173622 -2.231496 0.173622
-2.190551 0.173622 -2.190551 0.173622
-2.149606 0.173622 -2.149606 0.173622
-2.108661 0.173622 -2.108661 0.173622
-2.067717 0.173622 -2.067717 0.173622
-2.026772 0.173622 -2.026772 0.173622
-1.985827 0.173622 -1.985827 0.173622
-1.944882 0.173622 -1.944882 0.173622
-1.903937 0.173622 -1.903937 0.173622
-1.862992 0.173622 -1.862992 0.173622
-1.822047 0.173622 -1.822047 0.173622
-1.781102 0.173622 -1.781102 0.173622
-1.740157 0.173622 -1.740157 0.173622
-1.699213 0.173622 -1.699213 0.173622
-1.658268 0.173622 -1.658268 0.173622
-1.617323 0.173622 -1.617323 0.173622
-1.576378 0.173622 -1.576378 0.173622
-1.535433 0.173622 -1.535433 0.173622
-1.494488 0.173622 -1.494488 0.173622
-1.453543 0.173622 -1.453543 0.173622
-1.412598 0.173622 -1.412598 0.173622
-1.371654 0.173622 -1.371654 0.173622
-1.330709 0.173622 -1.330709 0.173622
-1.289764 0.173622 -1.289764 0.173622
-1.248819 0.173622 -1.248819 0.173622
-1.207874 0.173622 -1.207874 0.173622
-1.166929 0.173622 -1.166929 0.173622
-1.125984 0.173622 -1.125984 0.173622
-1.085039 0.173622 -1.085039 0.173622
-1.044094 0.173622 -1.044094 0.173622
-1.003150 0.173622 -1.003150 0.173622
-0.962205 0.173622 -0.962205 0.173622
-0.921260 0.173622 -0.921260 0.173622
-0.880315 0.173622 -0.880315 0.173622
-0.839370 0.173622 -0.839370 0.173622
-0.798425 0.173622 -0.798425 0.173622
-0.757480 0.173622 -0.757480 0.173622
-0.716535 0.173622 -0.716535 0.173622
-0.675591 0.173622 -0.675591 0.173622
-0.634646 0.173622 -0.634646 0.173622
-0.593701 0.173622 -0.593701 0.173622
-0.552756 0.173622 -0.552756 0.173622
-0.511811 0.173622 -0.511811 0.173622
-0.470866 0.173622 -0.470866 0.173622
-0.429921 0.173622 -0.429921 0.173622
-0.388976 0.173622 -0.388976 0.173622
-0.348031 0.173622 -0.348031 0.173622
-0.307087 0.173622 -0.307087 0.173622
-0.266142 0.173622 -0.266142 0.173622
-0.225197 0.173622 -0.225197 0.173622
-0.184252 0.173622 -0.184252 0.173622
-0.143307 0.173622 -0.143307 0.173622
-0.102362 0.173622 -0.102362 0.173622
-0.061417 0.173622 -0.061417 0.173622
-0.020472 0.173622 -0.020472 0.173622
0.020472 0.173622 0.020472 0.173622
0.061417 0.173622 0.061417 0.173622
0.102362 0.173622 0.102362 0.173622
0.143307 0.173622 0.143307 0.173622
0.184252 0.173622 0.184252 0.173622
0.225197 0.173622 0.225197 0.173622
0.266142 0.173622 0.266142 0.173622
0.307087 0.173622 0.307087 0.173622
0.348031 0.173622 0.348031 0.173622
0.388976 0.173622 0.388976 0.173622
0.429921 0.173622 0.429921 0.173622
0.470866 0.173622 0.470866 0.173622
0.511811 0.173622 0.511811 0.173622
0.552756 0.173622 0.552756 0.173622
0.593701 0.173622 0.593701 0.173622
0.634646 0.173622 0.634646 0.173622
0.675591 0.173622 0.675591 0.173622
0.716535 0.173622 0.716535 0.173622
0.757480 0.173622 0.757480 0.173622
0.798425 0.173622 0.798425 0.173622
0.839370 0.173622 0.839370 0.173622
0.880315 0.173622 0.880315 0.173622
0.921260 0.173622 0.921260 0.173622
0.962205 0.173622 0.962205 0.173622
1.003150 0.173622 1.003150 0.173622
1.044094 0.173622 1.044094 0.173622
1.085039 0.173622 1.085039 0.173622
1.125984 0.173622 1.125984 0.173622
1.166929 0.173622 1.166929 0.173622
1.207874 0.173622 1.207874 0.173622
1.248819 0.173622 1.248819 0.173622
1.289764 0.173622 1.289764 0.173622
1.330709 0.173622 1.330709 0.173622
1.371654 0.173622 1.371654 0.173622
1.412598 0.173622 1.412598 0.173622
1.453543 0.173622 1.453543 0.173622
1.494488 0.173622 1.494488 0.173622
1.535433 0.173622 1.535433 0.173622
1.576378 0.173622 1.576378 0.173622
1.617323 0.173622 1.617323 0.173622
1.658268 0.173622 1.658268 0.173622
1.699213 0.173622 1.699213 0.173622
1.740157 0.173622 1.740157 0.173622
1.781102 0.173622 1.781102 0.173622
1.822047 0.173622 1.822047 0.173622
1.862992 0.173622 1.862992 0.173622
1.903937 0.173622 1.903937 0.173622
1.944882 0.173622 1.944882 0.173622
1.985827 0.173622 1.985827 0.173622
2.026772 0.173622 2.026772 0.173622
2.067717 0.173622 2.067717 0.173622
2.108661 0.173622 2.108661 0.173622
2.149606 0.173622 2.149606 0.173622
2.190551 0.173622 2.190551 0.173622
2.231496 0.173622 2.231496 0.173622
2.272441 0.173622 2.272441 0.173622
2.313386 0.173622 2.313386 0.173622
2.354331 0.173622 2.354331 0.173622
2.395276 0.173622 2.395276 0.173622
2.436220 0.173622 2.436220 0.173622
2.477165 0.173622 2.477165 0.173622
2.518110 0.173622 2.518110 0.173622
2.559055 0.173622 2.559055 0.173622
2.600000 0.173622 2.600000 0.173622
-2.600000 0.190157 -2.600000 0.190157
-2.559055 0.190157 -2.559055 0.190157
-2.518110 0.190157 -2.518110 0.190157
-2.477165 0.190157 -2.477165 0.190157
-2.436220 0.190157 -2.436220 0.190157
-2.395276 0.190157 -2.395276 0.190157
-2.354331 0.190157 -2.354331 0.190157
-2.313386 0.190157 -2.313386 0.190157
-2.272441 0.190157 -2.272441 0.190157
-2.231496 0.190157 -2.231496 0.190157
-2.190551 0.190157 -2.190551 0.190157
-2.149606 0.190157 -2.149606 0.190157
-2.108661 0.190157 -2.108661 0.190157
-2.067717 0.190157 -2.067717 0.190157
-2.026772 0.190157 -2.026772 0.190157
-1.985827 0.190157 -1.985827 0.190157
-1.944882 0.190157 -1.944882 0.190157
-1.903937 0.190157 -1.903937 0.190157
-1.862992 0.190157 -1.862992 0.190157
-1.822047 0.190157 -1.822047 0.190157
-1.781102 0.190157 -1.781102 0.190157
-1.740157 0.190157 -1.740157 0.190157
-1.699213 0.190157 -1.699213 0.190157
-1.658268 0.190157 -1.658268 0.190157
-1.617323 0.190157 -1.617323 0.190157
-1.576378 0.190157 -1.576378 0.190157
-1.535433 0.190157 -1.535433 0.190157
-1.494488 0.190157 -1.494488 0.190157
-1.453543 0.190157 -1.453543 0.190157
-1.412598 0.190157 -1.412598 0.190157
-1.371654 0.190157 -1.371654 0.190157
-1.330709 0.190157 -1.330709 0.190157
-1.289764 0.190157 -1.289764 0.190157
-1.248819 0.190157 -1.248819 0.190157
-1.207874 0.190157 -1.207874 0.190157
-1.166929 0.190157 -1.166929 0.190157
-1.125984 0.190157 -1.125984 0.190157
-1.085039 0.190157 -1.085039 0.190157
-1.044094 0.190157 -1.044094 0.190157
-1.003150 0.190157 -1.003150 0.190157
-0.962205 0.190157 -0.962205 0.190157
-0.921260 0.190157 -0.921260 0.190157
-0.880315 0.190157 -0.880315 0.190157
-0.839370 0.190157 -0.839370 0.190157
-0.798425 0.190157 -0.798425 0.190157
-0.757480 0.190157 -0.757480 0.190157
-0.716535 0.190157 -0.716535 0.190157
-0.675591 0.190157 -0.675591 0.190157
-0.634646 0.190157 -0.634646 0.190157
-0.593701 0.190157 -0.593701 0.190157
-0.552756 0.190157 -0.552756 0.190157
-0.511811 0.190157 -0.511811 0.190157
-0.470866 0.190157 -0.470866 0.190157
-0.429921 0.190157 -0.429921 0.190157
-0.388976 0.190157 -0.388976 0.190157
-0.348031 0.190157 -0.348031 0.190157
-0.307087 0.190157 -0.307087 0.190157
-0.266142 0.190157 -0.266142 0.190157
-0.225197 0.190157 -0.225197 0.190157
-0.184252 0.190157 -0.184252 0.190157
-0.143307 0.190157 -0.143307 0.190157
-0.102362 0.190157 -0.102362 0.190157
-0.061417 0.190157 -0.061417 0.190157
-0.020472 0.190157 -0.020472 0.190157
0.020472 0.190157 0.020472 0.190157
0.061417 0.190157 0.061417 0.190157
0.102362 0.190157 0.102362 0.190157
0.143307 0.190157 0.143307 0.190157
0.184252 0.190157 0.184252 0.190157
0.225197 0.190157 0.225197 0.190157
0.266142 0.190157 0.266142 0.190157
0.307087 0.190157 0.307087 0.190157
0.348031 0.190157 0.348031 0.190157
0.388976 0.190157 0.388976 0.190157
0.429921 0.190157 0.429921 0.190157
0.470866 0.190157 0.470866 0.190157
0.511811 0.190157 0.511811 0.190157
0.552756 0.190157 0.552756 0.190157
0.593701 0.190157 0.593701 0.190157
0.634646 0.190157 0.634646 0.190157
0.675591 0.190157 0.675591 0.190157
0.716535 0.190157 0.716535 0.190157
0.757480 0.190157 0.757480 0.190157
0.798425 0.190157 0.798425 0.190157
0.839370 0.190157 0.839370 0.190157
0.880315 0.190157 0.880315 0.190157
0.921260 0.190157 0.921260 0.190157
0.962205 0.190157 0.962205 0.190157
1.003150 0.190157 1.003150 0.190157
1.044094 0.190157 1.044094 0.190157
1.085039 0.190157 1.085039 0.190157
1.125984 0.190157 1.125984 0.190157
1.166929 0.190157 1.166929 0.190157
1.207874 0.190157 1.207874 0.190157
1.248819 0.190157 1.248819 0.190157
1.289764 0.190157 1.289764 0.190157
1.330709 0.190157 1.330709 0.190157
1.371654 0.190157 1.371654 0.190157
1.412598 0.190157 1.412598 0.190157
1.453543 0.190157 1.453543 0.190157
1.494488 0.190157 1.494488 0.190157
1.535433 0.190157 1.535433 0.190157
1.576378 0.190157 1.576378 0.190157
1.617323 0.190157 1.617323 0.190157
1.658268 0.190157 1.658268 0.190157
1.699213 0.190157 1.699213 0.190157
1.740157 0.190157 1.740157 0.190157
1.781102 0.190157 1.781102 0.190157
1.822047 0.190157 1.822047 0.190157
1.862992 0.190157 1.862992 0.190157
1.903937 0.190157 1.903937 0.190157
1.944882 0.190157 1.944882 0.190157
1.985827 0.190157 1.985827 0.190157
2.026772 0.190157 2.026772 0.190157
2.067717 0.190157 2.067717 0.190157
2.108661 0.190157 2.108661 0.190157
2.149606 0.190157 2.149606 0.190157
2.190551 0.190157 2.190551 0.190157
2.231496 0.190157 2.231496 0.190157
2.272441 0.190157 2.272441 0.190157
2.313386 0.190157 2.313386 0.190157
2.354331 0.190157 2.354331 0.190157
2.395276 0.190157 2.395276 0.190157
2.436220 0.190157 2.436220 0.190157
2.477165 0.190157 2.477165 0.190157
2.518110 0.190157 2.518110 0.190157
2.559055 0.190157 2.559055 0.190157
2.600000 0.190157 2.600000 0.190157
-2.600000 0.206693 -2.600000 0.206693
-2.559055 0.206693 -2.559055 0.206693
-2.518110 0.206693 -2.518110 0.206693
-2.477165 0.206693 -2.477165 0.206693
-2.436220 0.206693 -2.436220 0.206693
-2.395276 0.206693 -2.395276 0.206693
-2.354331 0.206693 -2.354331 0.206693
-2.313386 0.206693 -2.313386 0.206693
-2.272441 0.206693 -2.272441 0.206693
-2.231496 0.206693 -2.231496 0.206693
-2.190551 0.206693 -2.190551 0.206693
-2.149606 0.206693 -2.149606 0.206693
-2.108661 0.206693 -2.108661 0.206693
-2.067717 0.206693 -2.067717 0.206693
-2.026772 0.206693 -2.026772 0.206693
-1.985827 0.206693 -1.985827 0.206693
-1.944882 0.206693 -1.944882 0.206693
-1.903937 0.206693 -1.903937 0.206693
-1.862992 0.206693 -1.862992 0.206693
-1.822047 0.206693 -1.822047 0.206693
-1.781102 0.206693 -1.781102 0.206693
-1.740157 0.206693 -1.740157 0.206693
-1.699213 0.206693 -1.699213 0.206693
-1.658268 0.206693 -1.658268 0.206693
-1.617323 0.206693 -1.617323 0.206693
-1.576378 0.206693 -1.576378 0.206693
-1.535433 0.206693 -1.535433 0.206693
-1.494488 0.206693 -1.494488 0.206693
-1.453543 0.206693 -1.453543 0.206693
-1.412598 0.206693 -1.412598 0.206693
-1.371654 0.206693 -1.371654 0.206693
-1.330709 0.206693 -1.330709 0.206693
-1.289764 0.206693 -1.289764 0.206693
-1.248819 0.206693 -1.248819 0.206693
-1.207874 0.206693 -1.207874 0.206693
-1.166929 0.206693 -1.166929 0.206693
-1.125984 0.206693 -1.125984 0.206693
-1.085039 0.206693 -1.085039 0.206693
-1.044094 0.206693 -1.044094 0.206693
-1.003150 0.206693 -1.003150 0.206693
-0.962205 0.206693 -0.962205 0.206693
-0.921260 0.206693 -0.921260 0.206693
-0.880315 0.206693 -0.880315 0.206693
-0.839370 0.206693 -0.839370 0.206693
-0.798425 0.206693 -0.798425 0.206693
-0.757480 0.206693 -0.757480 0.206693
-0.716535 0.206693 -0.716535 0.206693
-0.675591 0.206693 -0.675591 0.206693
-0.634646 0.206693 -0.634646 0.206693
-0.593701 0.206693 -0.593701 0.206693
-0.552756 0.206693 -0.552756 0.206693
-0.511811 0.206693 -0.511811 0.206693
-0.470866 0.206693 -0.470866 0.206693
-0.429921 0.206693 -0.429921 0.206693
-0.388976 0.206693 -0.388976 0.206693
-0.348031 0.206693 -0.348031 0.206693
-0.307087 0.206693 -0.307087 0.206693
-0.266142 0.206693 -0.266142 0.206693
-0.225197 0.206693 -0.225197 0.206693
-0.184252 0.206693 -0.184252 0.206693
-0.143307 0.206693 -0.143307 0.206693
-0.102362 0.206693 -0.102362 0.206693
-0.061417 0.206693 -0.061417 0.206693
-0.020472 0.206693 -0.020472 0.206693
0.020472 0.206693 0.020472 0.206693
0.061417 0.206693 0.061417 0.206693
0.102362 0.206693 0.102362 0.206693
0.143307 0.206693 0.143307 0.206693
0.184252 0.206693 0.184252 0.206693
0.225197 0.206693 0.225197 0.206693
0.266142 0.206693 0.266142 0.206693
0.307087 0.206693 0.307087 0.206693
0.348031 0.206693 0.348031 0.206693
0.388976 0.206693 0.388976 0.206693
0.429921 0.206693 0.429921 0.206693
0.470866 0.206693 0.470866 0.206693
0.511811 0.206693 0.511811 0.206693
0.552756 0.206693 0.552756 0.206693
0.593701 0.206693 0.593701 0.206693
0.634646 0.206693 0.634646 0.206693
0.675591 0.206693 0.675591 0.206693
0.716535 0.206693 0.716535 0.206693
0.757480 0.206693 0.757480 0.206693
0.798425 0.206693 0.798425 0.206693
0.839370 0.206693 0.839370 0.206693
0.880315 0.206693 0.880315 0.206693
0.921260 0.206693 0.921260 0.206693
0.962205 0.206693 0.962205 0.206693
1.003150 0.206693 1.003150 0.206693
1.044094 0.206693 1.044094 0.206693
1.085039 0.206693 1.085039 0.206693
1.125984 0.206693 1.125984 0.206693
1.166929 0.206693 1.166929 0.206693
1.207874 0.206693 1.207874 0.206693
1.248819 0.206693 1.248819 0.206693
1.289764 0.206693 1.289764 0.206693
1.330709 0.206693 1.330709 0.206693
1.371654 0.206693 1.371654 0.206693
1.412598 0.206693 1.412598 0.206693
1.453543 0.206693 1.453543 0.206693
1.494488 0.206693 1.494488 0.206693
1.535433 0.206693 1.535433 0.206693
1.576378 0.206693 1.576378 0.206693
1.617323 0.206693 1.617323 0.206693
1.658268 0.206693 1.658268 0.206693
1.699213 0.206693 1.699213 0.206693
1.740157 0.206693 1.740157 0.206693
1.781102 0.206693 1.781102 0.206693
1.822047 0.206693 1.822047 0.206693
1.862992 0.206693 1.862992 0.206693
1.903937 0.206693 1.903937 0.206693
1.944882 0.206693 1.944882 0.206693
1.985827 0.206693 1.985827 0.206693
2.026772 0.206693 2.026772 0.206693
2.067717 0.206693 2.067717 0.206693
2.108661 0.206693 2.108661 0.206693
2.149606 0.206693 2.149606 0.206693
2.190551 0.206693 2.190551 0.206693
2.231496 0.206693 2.231496 0.206693
2.272441 0.206693 2.272441 0.206693
2.313386 0.206693 2.313386 0.206693
2.354331 0.206693 2.354331 0.206693
2.395276 0.206693 2.395276 0.206693
2.436220 0.206693 2.436220 0.206693
2.477165 0.206693 2.477165 0.206693
2.518110 0.206693 2.518110 0.206693
2.559055 0.206693 2.559055 0.206693
2.600000 0.206693 2.600000 0.206693
-2.600000 0.223228 -2.600000 0.223228
-2.559055 0.223228 -2.559055 0.223228
-2.518110 0.223228 -2.518110 0.223228
-2.477165 0.223228 -2.477165 0.223228
-2.436220 0.223228 -2.436220 0.223228
-2.395276 0.223228 -2.395276 0.223228
-2.354331 0.223228 -2.354331 0.223228
-2.313386 0.223228 -2.313386 0.223228
-2.272441 0.223228 -2.272441 0.223228
-2.231496 0.223228 -2.231496 0.223228
-2.190551 0.223228 -2.190551 0.223228
-2.149606 0.223228 -2.149606 0.223228
-2.108661 0.223228 -2.108661 0.223228
-2.067717 0.223228 -2.067717 0.223228
-2.026772 0.223228 -2.026772 0.223228
-1.985827 0.223228 -1.985827 0.223228
-1.944882 0.223228 -1.944882 0.223228
-1.903937 0.223228 -1.903937 0.223228
-1.862992 0.223228 -1.862992 0.223228
-1.822047 0.223228 -1.822047 0.223228
-1.781102 0.223228 -1.781102 0.223228
-1.740157 0.223228 -1.740157 0.223228
-1.699213 0.223228 -1.699213 0.223228
-1.658268 0.223228 -1.658268 0.223228
-1.617323 0.223228 -1.617323 0.223228
-1.576378 0.223228 -1.576378 0.223228
-1.535433 0.223228 -1.535433 0.223228
-1.494488 0.223228 -1.494488 0.223228
-1.453543 0.223228 -1.453543 0.223228
-1.412598 0.223228 -1.412598 0.223228
-1.371654 0.223228 -1.371654 0.223228
-1.330709 0.223228 -1.330709 0.223228
-1.289764 0.223228 -1.289764 0.223228
-1.248819 0.223228 -1.248819 0.223228
-1.207874 0.223228 -1.207874 0.223228
-1.166929 0.223228 -1.166929 0.223228
-1.125984 0.223228 -1.125984 0.223228
-1.085039 0.223228 -1.085039 0.223228
-1.044094 0.223228 -1.044094 0.223228
-1.003150 0.223228 -1.003150 0.223228
-0.962205 0.223228 -0.962205 0.223228
-0.921260 0.223228 -0.921260 0.223228
-0.880315 0.223228 -0.880315 0.223228
-0.839370 0.223228 -0.839370 0.223228
-0.798425 0.223228 -0.798425 0.223228
-0.757480 0.223228 -0.757480 0.223228
-0.716535 0.223228 -0.716535 0.223228
-0.675591 0.223228 -0.675591 0.223228
-0.634646 0.223228 -0.634646 0.223228
-0.593701 0.223228 -0.593701 0.223228
-0.552756 0.223228 -0.552756 0.223228
-0.511811 0.223228 -0.511811 0.223228
-0.470866 0.223228 -0.470866 0.223228
-0.429921 0.223228 -0.429921 0.223228
-0.388976 0.223228 -0.388976 0.223228
-0.348031 0.223228 -0.348031 0.223228
-0.307087 0.223228 -0.307087 0.223228
-0.266142 0.223228 -0.266142 0.223228
-0.225197 0.223228 -0.225197 0.223228
-0.184252 0.223228 -0.184252 0.223228
-0.143307 0.223228 -0.143307 0.223228
-0.102362 0.223228 -0.102362 0.223228
-0.061417 0.223228 -0.061417 0.223228
-0.020472 0.223228 -0.020472 0.223228
0.020472 0.223228 0.020472 0.223228
0.061417 0.223228 0.061417 0.223228
0.102362 0.223228 0.102362 0.223228
0.143307 0.223228 0.143307 0.223228
0.184252 0.223228 0.184252 0.223228
0.225197 0.223228 0.225197 0.223228
0.266142 0.223228 0.266142 0.223228
0.307087 0.223228 0.307087 0.223228
0.348031 0.223228 0.348031 0.223228
0.388976 0.223228 0.388976 0.223228
0.429921 0.223228 0.429921 0.223228
0.470866 0.223228 0.470866 0.223228
0.511811 0.223228 0.511811 0.223228
0.552756 0.223228 0.552756 0.223228
0.593701 0.223228 0.593701 0.223228
0.634646 0.223228 0.634646 0.223228
0.675591 0.223228 0.675591 0.223228
0.716535 0.223228 0.716535 0.223228
0.757480 0.223228 0.757480 0.223228
0.798425 0.223228 0.798425 0.223228
0.839370 0.223228 0.839370 0.223228
0.880315 0.223228 0.880315 0.223228
0.921260 0.223228 0.921260 0.223228
0.962205 0.223228 0.962205 0.223228
1.003150 0.223228 1.003150 0.223228
1.044094 0.223228 1.044094 0.223228
1.085039 0.223228 1.085039 0.223228
1.125984 0.223228 1.125984 0.223228
1.166929 0.223228 1.166929 0.223228
1.207874 0.223228 1.207874 0.223228
1.248819 0.223228 1.248819 0.223228
1.289764 0.223228 1.289764 0.223228
1.330709 0.223228 1.330709 0.223228
1.371654 0.223228 1.371654 0.223228
1.412598 0.223228 1.412598 0.223228
1.453543 0.223228 1.453543 0.223228
1.494488 0.223228 1.494488 0.223228
1.535433 0.223228 1.535433 0.223228
1.576378 0.223228 1.576378 0.223228
1.617323 0.223228 1.617323 0.223228
1.658268 0.223228 1.658268 0.223228
1.699213 0.223228 1.699213 0.223228
1.740157 0.223228 1.740157 0.223228
1.781102 0.223228 1.781102 0.223228
1.822047 0.223228 1.822047 0.223228
1.862992 0.223228 1.862992 0.223228
1.903937 0.223228 1.903937 0.223228
1.944882 0.223228 1.944882 0.223228
1.985827 0.223228 1.985827 0.223228
2.026772 0.223228 2.026772 0.223228
2.067717 0.223228 2.067717 0.223228
2.108661 0.223228 2.108661 0.223228
2.149606 0.223228 2.149606 0.223228
2.190551 0.223228 2.190551 0.223228
2.231496 0.223228 2.231496 0.223228
2.272441 0.223228 2.272441 0.223228
2.313386 0.223228 2.313386 0.223228
2.354331 0.223228 2.354331 0.223228
2.395276 0.223228 2.395276 0.223228
2.436220 0.223228 2.436220 0.223228
2.477165 0.223228 2.477165 0.223228
2.518110 0.223228 2.518110 0.223228
2.559055 0.223228 2.559055 0.223228
2.600000 0.223228 2.600000 0.223228
-2.600000 0.239764 -2.600000 0.239764
-2.559055 0.239764 -2.559055 0.239764
-2.518110 0.239764 -2.518110 0.239764
-2.477165 0.239764 -2.477165 0.239764
-2.436220 0.239764 -2.436220 0.239764
-2.395276 0.239764 -2.395276 0.239764
-2.354331 0.239764 -2.354331 0.239764
-2.313386 0.239764 -2.313386 0.239764
-2.272441 0.239764 -2.272441 0.239764
-2.231496 0.239764 -2.231496 0.239764
-2.190551 0.239764 -2.190551 0.239764
-2.149606 0.239764 -2.149606 0.239764
-2.108661 0.239764 -2.108661 0.239764
-2.067717 0.239764 -2.067717 0.239764
-2.026772 0.239764 -2.026772 0.239764
-1.985827 0.239764 -1.985827 0.239764
-1.944882 0.239764 -1.944882 0.239764
-1.903937 0.239764 -1.903937 0.239764
-1.862992 0.239764 -1.862992 0.239764
-1.822047 0.239764 -1.822047 0.239764
-1.781102 0.239764 -1.781102 0.239764
-1.740157 0.239764 -1.740157 0.239764
-1.699213 0.239764 -1.699213 0.239764
-1.658268 0.239764 -1.658268 0.239764
-1.617323 0.239764 -1.617323 0.239764
-1.576378 0.239764 -1.576378 0.239764
-1.535433 0.239764 -1.535433 0.239764
-1.494488 0.239764 -1.494488 0.239764
-1.453543 0.239764 -1.453543 0.239764
-1.412598 0.239764 -1.412598 0.239764
-1.371654 0.239764 -1.371654 0.239764
-1.330709 0.239764 -1.330709 0.239764
-1.289764 0.239764 -1.289764 0.239764
-1.248819 0.239764 -1.248819 0.239764
-1.207874 0.239764 -1.207874 0.239764
-1.166929 0.239764 -1.166929 0.239764
-1.125984 0.239764 -1.125984 0.239764
-1.085039 0.239764 -1.085039 0.239764
-1.044094 0.239764 -1.044094 0.239764
-1.003150 0.239764 -1.003150 0.239764
-0.962205 0.239764 -0.962205 0.239764
-0.921260 0.239764 -0.921260 0.239764
-0.880315 0.239764 -0.880315 0.239764
-0.839370 0.239764 -0.839370 0.239764
-0.798425 0.239764 -0.798425 0.239764
-0.757480 0.239764 -0.757480 0.239764
-0.716535 0.239764 -0.716535 0.239764
-0.675591 0.239764 -0.675591 0.239764
-0.634646 0.239764 -0.634646 0.239764
-0.593701 0.239764 -0.593701 0.239764
-0.552756 0.239764 -0.552756 0.239764
-0.511811 0.239764 -0.511811 0.239764
-0.470866 0.239764 -0.470866 0.239764
-0.429921 0.239764 -0.429921 0.239764
-0.388976 0.239764 -0.388976 0.239764
-0.348031 0.239764 -0.348031 0.239764
-0.307087 0.239764 -0.307087 0.239764
-0.266142 0.239764 -0.266142 0.239764
-0.225197 0.239764 -0.225197 0.239764
-0.184252 0.239764 -0.184252 0.239764
-0.143307 0.239764 -0.143307 0.239764
-0.102362 0.239764 -0.102362 0.239764
-0.061417 0.239764 -0.061417 0.239764
-0.020472 0.239764 -0.020472 0.239764
0.020472 0.239764 0.020472 0.239764
0.061417 0.239764 0.061417 0.239764
0.102362 0.239764 0.102362 0.239764
0.143307 0.239764 0.143307 0.239764
0.184252 0.239764 0.184252 0.239764
0.225197 0.239764 0.225197 0.239764
0.266142 0.239764 0.266142 0.239764
0.307087 0.239764 0.307087 0.239764
0.348031 0.239764 0.348031 0.239764
0.388976 0.239764 0.388976 0.239764
0.429921 0.239764 0.429921 0.239764
0.470866 0.239764 0.470866 0.239764
0.511811 0.239764 0.511811 0.239764
0.552756 0.239764 0.552756 0.239764
0.593701 0.239764 0.593701 0.239764
0.634646 0.239764 0.634646 0.239764
0.675591 0.239764 0.675591 0.239764
0.716535 0.239764 0.716535 0.239764
0.757480 0.239764 0.757480 0.239764
0.798425 0.239764 0.798425 0.239764
0.839370 0.239764 0.839370 0.239764
0.880315 0.239764 0.880315 0.239764
0.921260 0.239764 0.921260 0.239764
0.962205 0.239764 0.962205 0.239764
1.003150 0.239764 1.003150 0.239764
1.044094 0.239764 1.044094 0.239764
1.085039 0.239764 1.085039 0.239764
1.125984 0.239764 1.125984 0.239764
1.166929 0.239764 1.166929 0.239764
1.207874 0.239764 1.207874 0.239764
1.248819 0.239764 1.248819 0.239764
1.289764 0.239764 1.289764 0.239764
1.330709 0.239764 1.330709 0.239764
1.371654 0.239764 1.371654 0.239764
1.412598 0.239764 1.412598 0.239764
1.453543 0.239764 1.453543 0.239764
1.494488 0.239764 1.494488 0.239764
1.535433 0.239764 1.535433 0.239764
1.576378 0.239764 1.576378 0.239764
1.617323 0.239764 1.617323 0.239764
1.658268 0.239764 1.658268 0.239764
1.699213 0.239764 1.699213 0.239764
1.740157 0.239764 1.740157 0.239764
1.781102 0.239764 1.781102 0.239764
1.822047 0.239764 1.822047 0.239764
1.862992 0.239764 1.862992 0.239764
1.903937 0.239764 1.903937 0.239764
1.944882 0.239764 1.944882 0.239764
1.985827 0.239764 1.985827 0.239764
2.026772 0.239764 2.026772 0.239764
2.067717 0.239764 2.067717 0.239764
2.108661 0.239764 2.108661 0.239764
2.149606 0.239764 2.149606 0.239764
2.190551 0.239764 2.190551 0.239764
2.231496 0.239764 2.231496 0.239764
2.272441 0.239764 2.272441 0.239764
2.313386 0.239764 2.313386 0.239764
2.354331 0.239764 2.354331 0.239764
2.395276 0.239764 2.395276 0.239764
2.436220 0.239764 2.436220 0.239764
2.477165 0.239764 2.477165 0.239764
2.518110 0.239764 2.518110 0.239764
2.559055 0.239764 2.559055 0.239764
2.600000 0.239764 2.600000 0.239764
-2.600000 0.256299 -2.600000 0.256299
-2.559055 0.256299 -2.559055 0.256299
-2.518110 0.256299 -2.518110 0.256299
-2.477165 0.256299 -2.477165 0.256299
-2.436220 0.256299 -2.436220 0.256299
-2.395276 0.256299 -2.395276 0.256299
-2.354331 0.256299 -2.354331 0.256299
-2.313386 0.256299 -2.313386 0.256299
-2.272441 0.256299 -2.272441 0.256299
-2.231496 0.256299 -2.231496 0.256299
-2.190551 0.256299 -2.190551 0.256299
-2.149606 0.256299 -2.149606 0.256299
-2.108661 0.256299 -2.108661 0.256299
-2.067717 0.256299 -2.067717 0.256299
-2.026772 0.256299 -2.026772 0.256299
-1.985827 0.256299 -1.985827 0.256299
-1.944882 0.256299 -1.944882 0.256299
-1.903937 0.256299 -1.903937 0.256299
-1.862992 0.256299 -1.862992 0.256299
-1.822047 0.256299 -1.822047 0.256299
-1.781102 0.256299 -1.781102 0.256299
-1.740157 0.256299 -1.740157 0.256299
-1.699213 0.256299 -1.699213 0.256299
-1.658268 0.256299 -1.658268 0.256299
-1.617323 0.256299 -1.617323 0.256299
-1.576378 0.256299 -1.576378 0.256299
-1.535433 0.256299 -1.535433 0.256299
-1.494488 0.256299 -1.494488 0.256299
-1.453543 0.256299 -1.453543 0.256299
-1.412598 0.256299 -1.412598 0.256299
-1.371654 0.256299 -1.371654 0.256299
-1.330709 0.256299 -1.330709 0.256299
-1.289764 0.256299 -1.289764 0.256299
-1.248819 0.256299 -1.248819 0.256299
-1.207874 0.256299 -1.207874 0.256299
-1.166929 0.256299 -1.166929 0.256299
-1.125984 0.256299 -1.125984 0.256299
-1.085039 0.256299 -1.085039 0.256299
-1.044094 0.256299 -1.044094 0.256299
-1.003150 0.256299 -1.003150 0.256299
-0.962205 0.256299 -0.962205 0.256299
-0.921260 0.256299 -0.921260 0.256299
-0.880315 0.256299 -0.880315 0.256299
-0.839370 0.256299 -0.839370 0.256299
-0.798425 0.256299 -0.798425 0.256299
-0.757480 0.256299 -0.757480 0.256299
-0.716535 0.256299 -0.716535 0.256299
-0.675591 0.256299 -0.675591 0.256299
-0.634646 0.256299 -0.634646 0.256299
-0.593701 0.256299 -0.593701 0.256299
-0.552756 0.256299 -0.552756 0.256299
-0.511811 0.256299 -0.511811 0.256299
-0.470866 0.256299 -0.470866 0.256299
-0.429921 0.256299 -0.429921 0.256299
-0.388976 0.256299 -0.388976 0.256299
-0.348031 0.256299 -0.348031 0.256299
-0.307087 0.256299 -0.307087 0.256299
-0.266142 0.256299 -0.266142 0.256299
-0.225197 0.256299 -0.225197 0.256299
-0.184252 0.256299 -0.184252 0.256299
-0.143307 0.256299 -0.143307 0.256299
-0.102362 0.256299 -0.102362 0.256299
-0.061417 0.256299 -0.061417 0.256299
-0.020472 0.256299 -0.020472 0.256299
0.020472 0.256299 0.020472 0.256299
0.061417 0.256299 0.061417 0.256299
0.102362 0.256299 0.102362 0.256299
0.143307 0.256299 0.143307 0.256299
0.184252 0.256299 0.184252 0.256299
0.225197 0.256299 0.225197 0.256299
0.266142 0.256299 0.266142 0.256299
0.307087 0.256299 0.307087 0.256299
0.348031 0.256299 0.348031 0.256299
0.388976 0.256299 0.388976 0.256299
0.429921 0.256299 0.429921 0.256299
0.470866 0.256299 0.470866 0.256299
0.511811 0.256299 0.511811 0.256299
0.552756 0.256299 0.552756 0.256299
0.593701 0.256299 0.593701 0.256299
0.634646 0.256299 0.634646 0.256299
0.675591 0.256299 0.675591 0.256299
0.716535 0.256299 0.716535 0.256299
0.757480 0.256299 0.757480 0.256299
0.798425 0.256299 0.798425 0.256299
0.839370 0.256299 0.839370 0.256299
0.880315 0.256299 0.880315 0.256299
0.921260 0.256299 0.921260 0.256299
0.962205 0.256299 0.962205 0.256299
1.003150 0.256299 1.003150 0.256299
1.044094 0.256299 1.044094 0.256299
1.085039 0.256299 1.085039 0.256299
1.125984 0.256299 1.125984 0.256299
1.166929 0.256299 1.166929 0.256299
1.207874 0.256299 1.207874 0.256299
1.248819 0.256299 1.248819 0.256299
1.289764 0.256299 1.289764 0.256299
1.330709 0.256299 1.330709 0.256299
1.371654 0.256299 1.371654 0.256299
1.412598 0.256299 1.412598 0.256299
1.453543 0.256299 1.453543 0.256299
1.494488 0.256299 1.494488 0.256299
1.535433 0.256299 1.535433 0.256299
1.576378 0.256299 1.576378 0.256299
1.617323 0.256299 1.617323 0.256299
1.658268 0.256299 1.658268 0.256299
1.699213 0.256299 1.699213 0.256299
1.740157 0.256299 1.740157 0.256299
1.781102 0.256299 1.781102 0.256299
1.822047 0.256299 1.822047 0.256299
1.862992 0.256299 1.862992 0.256299
1.903937 0.256299 1.903937 0.256299
1.944882 0.256299 1.944882 0.256299
1.985827 0.256299 1.985827 0.256299
2.026772 0.256299 2.026772 0.256299
2.067717 0.256299 2.067717 0.256299
2.108661 0.256299 2.108661 0.256299
2.149606 0.256299 2.149606 0.256299
2.190551 0.256299 2.190551 0.256299
2.231496 0.256299 2.231496 0.256299
2.272441 0.256299 2.272441 0.256299
2.313386 0.256299 2.313386 0.256299
2.354331 0.256299 2.354331 0.256299
2.395276 0.256299 2.395276 0.256299
2.436220 0.256299 2.436220 0.256299
2.477165 0.256299 2.477165 0.256299
2.518110 0.256299 2.518110 0.256299
2.559055 0.256299 2.559055 0.256299
2.600000 0.256299 2.600000 0.256299
-2.600000 0.272835 -2.600000 0.272835
-2.559055 0.272835 -2.559055 0.272835
-2.518110 0.272835 -2.518110 0.272835
-2.477165 0.272835 -2.477165 0.272835
-2.436220 0.272835 -2.436220 0.272835
-2.395276 0.272835 -2.395276 0.272835
-2.354331 0.272835 -2.354331 0.272835
-2.313386 0.272835 -2.313386 0.272835
-2.272441 0.272835 -2.272441 0.272835
-2.231496 0.272835 -2.231496 0.272835
-2.190551 0.272835 -2.190551 0.272835
-2.149606 0.272835 -2.149606 0.272835
-2.108661 0.272835 -2.108661 0.272835
-2.067717 0.272835 -2.067717 0.272835
-2.026772 0.272835 -2.026772 0.272835
-1.985827 0.272835 -1.985827 0.272835
-1.944882 0.272835 -1.944882 0.272835
-1.903937 0.272835 -1.903937 0.272835
-1.862992 0.272835 -1.862992 0.272835
-1.822047 0.272835 -1.822047 0.272835
-1.781102 0.272835 -1.781102 0.272835
-1.740157 0.272835 -1.740157 0.272835
-1.699213 0.272835 -1.699213 0.272835
-1.658268 0.272835 -1.658268 0.272835
-1.617323 0.272835 -1.617323 0.272835
-1.576378 0.272835 -1.576378 0.272835
-1.535433 0.272835 -1.535433 0.272835
-1.494488 0.272835 -1.494488 0.272835
-1.453543 0.272835 -1.453543 0.272835
-1.412598 0.272835 -1.412598 0.272835
-1.371654 0.272835 -1.371654 0.272835
-1.330709 0.272835 -1.330709 0.272835
-1.289764 0.272835 -1.289764 0.272835
-1.248819 0.272835 -1.248819 0.272835
-1.207874 0.272835 -1.207874 0.272835
-1.166929 0.272835 -1.166929 0.272835
-1.125984 0.272835 -1.125984 0.272835
-1.085039 0.272835 -1.085039 0.272835
-1.044094 0.272835 -1.044094 0.272835
-1.003150 0.272835 -1.003150 0.272835
-0.962205 0.272835 -0.962205 0.272835
-0.921260 0.272835 -0.921260 0.272835
-0.880315 0.272835 -0.880315 0.272835
-0.839370 0.272835 -0.839370 0.272835
-0.798425 0.272835 -0.798425 0.272835
-0.757480 0.272835 -0.757480 0.272835
-0.716535 0.272835 -0.716535 0.272835
-0.675591 0.272835 -0.675591 0.272835
-0.634646 0.272835 -0.634646 0.272835
-0.593701 0.272835 -0.593701 0.272835
-0.552756 0.272835 -0.552756 0.272835
-0.511811 0.272835 -0.511811 0.272835
-0.470866 0.272835 -0.470866 0.272835
-0.429921 0.272835 -0.429921 0.272835
-0.388976 0.272835 -0.388976 0.272835
-0.348031 0.272835 -0.348031 0.272835
-0.307087 0.272835 -0.307087 0.272835
-0.266142 0.272835 -0.266142 0.272835
-0.225197 0.272835 -0.225197 0.272835
-0.184252 0.272835 -0.184252 0.272835
-0.143307 0.272835 -0.143307 0.272835
-0.102362 0.272835 -0.102362 0.272835
-0.061417 0.272835 -0.061417 0.272835
-0.020472 0.272835 -0.020472 0.272835
0.020472 0.272835 0.020472 0.272835
0.061417 0.272835 0.061417 0.272835
0.102362 0.272835 0.102362 0.272835
0.143307 0.272835 0.143307 0.272835
0.184252 0.272835 0.184252 0.272835
0.225197 0.272835 0.225197 0.272835
0.266142 0.272835 0.266142 0.272835
0.307087 0.272835 0.307087 0.272835
0.348031 0.272835 0.348031 0.272835
0.388976 0.272835 0.388976 0.272835
0.429921 0.272835 0.429921 0.272835
0.470866 0.272835 0.470866 0.272835
0.511811 0.272835 0.511811 0.272835
0.552756 0.272835 0.552756 0.272835
0.593701 0.272835 0.593701 0.272835
0.634646 0.272835 0.634646 0.272835
0.675591 0.272835 0.675591 0.272835
0.716535 0.272835 0.716535 0.272835
0.757480 0.272835 0.757480 0.272835
0.798425 0.272835 0.798425 0.272835
0.839370 0.272835 0.839370 0.272835
0.880315 0.272835 0.880315 0.272835
0.921260 0.272835 0.921260 0.272835
0.962205 0.272835 0.962205 0.272835
1.003150 0.272835 1.003150 0.272835
1.044094 0.272835 1.044094 0.272835
1.085039 0.272835 1.085039 0.272835
1.125984 0.272835 1.125984 0.272835
1.166929 0.272835 1.166929 0.272835
1.207874 0.272835 1.207874 0.272835
1.248819 0.272835 1.248819 0.272835
1.289764 0.272835 1.289764 0.272835
1.330709 0.272835 1.330709 0.272835
1.371654 0.272835 1.371654 0.272835
1.412598 0.272835 1.412598 0.272835
1.453543 0.272835 1.453543 0.272835
1.494488 0.272835 1.494488 0.272835
1.535433 0.272835 1.535433 0.272835
1.576378 0.272835 1.576378 0.272835
1.617323 0.272835 1.617323 0.272835
1.658268 0.272835 1.658268 0.272835
1.699213 0.272835 1.699213 0.272835
1.740157 0.272835 1.740157 0.272835
1.781102 0.272835 1.781102 0.272835
1.822047 0.272835 1.822047 0.272835
1.862992 0.272835 1.862992 0.272835
1.903937 0.272835 1.903937 0.272835
1.944882 0.272835 1.944882 0.272835
1.985827 0.272835 1.985827 0.272835
2.026772 0.272835 2.026772 0.272835
2.067717 0.272835 2.067717 0.272835
2.108661 0.272835 2.108661 0.272835
2.149606 0.272835 2.149606 0.272835
2.190551 0.272835 2.190551 0.272835
2.231496 0.272835 2.231496 0.272835
2.272441 0.272835 2.272441 0.272835
2.313386 0.272835 2.313386 0.272835
2.354331 0.272835 2.354331 0.272835
2.395276 0.272835 2.395276 0.272835
2.436220 0.272835 2.436220 0.272835
2.477165 0.272835 2.477165 0.272835
2.518110 0.272835 2.518110 0.272835
2.559055 0.272835 2.559055 0.272835
2.600000 0.272835 2.600000 0.272835
-2.600000 0.289370 -2.600000 0.289370
-2.559055 0.289370 -2.559055 0.289370
-2.518110 0.289370 -2.518110 0.289370
-2.477165 0.289370 -2.477165 0.289370
-2.436220 0.289370 -2.436220 0.289370
-2.395276 0.289370 -2.395276 0.289370
-2.354331 0.289370 -2.354331 0.289370
-2.313386 0.289370 -2.313386 0.289370
-2.272441 0.289370 -2.272441 0.289370
-2.231496 0.289370 -2.231496 0.289370
-2.190551 0.289370 -2.190551 0.289370
-2.149606 0.289370 -2.149606 0.289370
-2.108661 0.289370 -2.108661 0.289370
-2.067717 0.289370 -2.067717 0.289370
-2.026772 0.289370 -2.026772 0.289370
-1.985827 0.289370 -1.985827 0.289370
-1.944882 0.289370 -1.944882 0.289370
-1.903937 0.289370 -1.903937 0.289370
-1.862992 0.289370 -1.862992 0.289370
-1.822047 0.289370 -1.822047 0.289370
-1.781102 0.289370 -1.781102 0.289370
-1.740157 0.289370 -1.740157 0.289370
-1.699213 0.289370 -1.699213 0.289370
-1.658268 0.289370 -1.658268 0.289370
-1.617323 0.289370 -1.617323 0.289370
-1.576378 0.289370 -1.576378 0.289370
-1.535433 0.289370 -1.535433 0.289370
-1.494488 0.289370 -1.494488 0.289370
-1.453543 0.289370 -1.453543 0.289370
-1.412598 0.289370 -1.412598 0.289370
-1.371654 0.289370 -1.371654 0.289370
-1.330709 0.289370 -1.330709 0.289370
-1.289764 0.289370 -1.289764 0.289370
-1.248819 0.289370 -1.248819 0.289370
-1.207874 0.289370 -1.207874 0.289370
-1.166929 0.289370 -1.166929 0.289370
-1.125984 0.289370 -1.125984 0.289370
-1.085039 0.289370 -1.085039 0.289370
-1.044094 0.289370 -1.044094 0.289370
-1.003150 0.289370 -1.003150 0.289370
-0.962205 0.289370 -0.962205 0.289370
-0.921260 0.289370 -0.921260 0.289370
-0.880315 0.289370 -0.880315 0.289370
-0.839370 0.289370 -0.839370 0.289370
-0.798425 0.289370 -0.798425 0.289370
-0.757480 0.289370 -0.757480 0.289370
-0.716535 0.289370 -0.716535 0.289370
-0.675591 0.289370 -0.675591 0.289370
-0.634646 0.289370 -0.634646 0.289370
-0.593701 0.289370 -0.593701 0.289370
-0.552756 0.289370 -0.552756 0.289370
-0.511811 0.289370 -0.511811 0.289370
-0.470866 0.289370 -0.470866 0.289370
-0.429921 0.289370 -0.429921 0.289370
-0.388976 0.289370 -0.388976 0.289370
-0.348031 0.289370 -0.348031 0.289370
-0.307087 0.289370 -0.307087 0.289370
-0.266142 0.289370 -0.266142 0.289370
-0.225197 0.289370 -0.225197 0.289370
-0.184252 0.289370 -0.184252 0.289370
-0.143307 0.289370 -0.143307 0.289370
-0.102362 0.289370 -0.102362 0.289370
-0.061417 0.289370 -0.061417 0.289370
-0.020472 0.289370 -0.020472 0.289370
0.020472 0.289370 0.020472 0.289370
0.061417 0.289370 0.061417 0.289370
0.102362 0.289370 0.102362 0.289370
0.143307 0.289370 0.143307 0.289370
0.184252 0.289370 0.184252 0.289370
0.225197 0.289370 0.225197 0.289370
0.266142 0.289370 0.266142 0.289370
0.307087 0.289370 0.307087 0.289370
0.348031 0.289370 0.348031 0.289370
0.388976 0.289370 0.388976 0.289370
0.429921 0.289370 0.429921 0.289370
0.470866 0.289370 0.470866 0.289370
0.511811 0.289370 0.511811 0.289370
0.552756 0.289370 0.552756 0.289370
0.593701 0.289370 0.593701 0.289370
0.634646 0.289370 0.634646 0.289370
0.675591 0.289370 0.675591 0.289370
0.716535 0.289370 0.716535 0.289370
0.757480 0.289370 0.757480 0.289370
0.798425 0.289370 0.798425 0.289370
0.839370 0.289370 0.839370 0.289370
0.880315 0.289370 0.880315 0.289370
0.921260 0.289370 0.921260 0.289370
0.962205 0.289370 0.962205 0.289370
1.003150 0.289370 1.003150 0.289370
1.044094 0.289370 1.044094 0.289370
1.085039 0.289370 1.085039 0.289370
1.125984 0.289370 1.125984 0.289370
1.166929 0.289370 1.166929 0.289370
1.207874 0.289370 1.207874 0.289370
1.248819 0.289370 1.248819 0.289370
1.289764 0.289370 1.289764 0.289370
1.330709 0.289370 1.330709 0.289370
1.371654 0.289370 1.371654 0.289370
1.412598 0.289370 1.412598 0.289370
1.453543 0.289370 1.453543 0.289370
1.494488 0.289370 1.494488 0.289370
1.535433 0.289370 1.535433 0.289370
1.576378 0.289370 1.576378 0.289370
1.617323 0.289370 1.617323 0.289370
1.658268 0.289370 1.658268 0.289370
1.699213 0.289370 1.699213 0.289370
1.740157 0.289370 1.740157 0.289370
1.781102 0.289370 1.781102 0.289370
1.822047 0.289370 1.822047 0.289370
1.862992 0.289370 1.862992 0.289370
1.903937 0.289370 1.903937 0.289370
1.944882 0.289370 1.944882 0.289370
1.985827 0.289370 1.985827 0.289370
2.026772 0.289370 2.026772 0.289370
2.067717 0.289370 2.067717 0.289370
2.108661 0.289370 2.108661 0.289370
2.149606 0.289370 2.149606 0.289370
2.190551 0.289370 2.190551 0.289370
2.231496 0.289370 2.231496 0.289370
2.272441 0.289370 2.272441 0.289370
2.313386 0.289370 2.313386 0.289370
2.354331 0.289370 2.354331 0.289370
2.395276 0.289370 2.395276 0.289370
2.436220 0.289370 2.436220 0.289370
2.477165 0.289370 2.477165 0.289370
2.518110 0.289370 2.518110 0.289370
2.559055 0.289370 2.559055 0.289370
2.600000 0.289370 2.600000 0.289370
-2.600000 0.305906 -2.600000 0.305906
-2.559055 0.305906 -2.559055 0.305906
-2.518110 0.305906 -2.518110 0.305906
-2.477165 0.305906 -2.477165 0.305906
-2.436220 0.305906 -2.436220 0.305906
-2.395276 0.305906 -2.395276 0.305906
-2.354331 0.305906 -2.354331 0.305906
-2.313386 0.305906 -2.313386 0.305906
-2.272441 0.305906 -2.272441 0.305906
-2.231496 0.305906 -2.231496 0.305906
-2.190551 0.305906 -2.190551 0.305906
-2.149606 0.305906 -2.149606 0.305906
-2.108661 0.305906 -2.108661 0.305906
-2.067717 0.305906 -2.067717 0.305906
-2.026772 0.305906 -2.026772 0.305906
-1.985827 0.305906 -1.985827 0.305906
-1.944882 0.305906 -1.944882 0.305906
-1.903937 0.305906 -1.903937 0.305906
-1.862992 0.305906 -1.862992 0.305906
-1.822047 0.305906 -1.822047 0.305906
-1.781102 0.305906 -1.781102 0.305906
-1.740157 0.305906 -1.740157 0.305906
-1.699213 0.305906 -1.699213 0.305906
-1.658268 0.305906 -1.658268 0.305906
-1.617323 0.305906 -1.617323 0.305906
-1.576378 0.305906 -1.576378 0.305906
-1.535433 0.305906 -1.535433 0.305906
-1.494488 0.305906 -1.494488 0.305906
-1.453543 0.305906 -1.453543 0.305906
-1.412598 0.305906 -1.412598 0.305906
-1.371654 0.305906 -1.371654 0.305906
-1.330709 0.305906 -1.330709 0.305906
-1.289764 0.305906 -1.289764 0.305906
-1.248819 0.305906 -1.248819 0.305906
-1.207874 0.305906 -1.207874 0.305906
-1.166929 0.305906 -1.166929 0.305906
-1.125984 0.305906 -1.125984 0.305906
-1.085039 0.305906 -1.085039 0.305906
-1.044094 0.305906 -1.044094 0.305906
-1.003150 0.305906 -1.003150 0.305906
-0.962205 0.305906 -0.962205 0.305906
-0.921260 0.305906 -0.921260 0.305906
-0.880315 0.305906 -0.880315 0.305906
-0.839370 0.305906 -0.839370 0.305906
-0.798425 0.305906 -0.798425 0.305906
-0.757480 0.305906 -0.757480 0.305906
-0.716535 0.305906 -0.716535 0.305906
-0.675591 0.305906 -0.675591 0.305906
-0.634646 0.305906 -0.634646 0.305906
-0.593701 0.305906 -0.593701 0.305906
-0.552756 0.305906 -0.552756 0.305906
-0.511811 0.305906 -0.511811 0.305906
-0.470866 0.305906 -0.470866 0.305906
-0.429921 0.305906 -0.429921 0.305906
-0.388976 0.305906 -0.388976 0.305906
-0.348031 0.305906 -0.348031 0.305906
-0.307087 0.305906 -0.307087 0.305906
-0.266142 0.305906 -0.266142 0.305906
-0.225197 0.305906 -0.225197 0.305906
-0.184252 0.305906 -0.184252 0.305906
-0.143307 0.305906 -0.143307 0.305906
-0.102362 0.305906 -0.102362 0.305906
-0.061417 0.305906 -0.061417 0.305906
-0.020472 0.305906 -0.020472 0.305906
0.020472 0.305906 0.020472 0.305906
0.061417 0.305906 0.061417 0.305906
0.102362 0.305906 0.102362 0.305906
0.143307 0.305906 0.143307 0.305906
0.184252 0.305906 0.184252 0.305906
0.225197 0.305906 0.225197 0.305906
0.266142 0.305906 0.266142 0.305906
0.307087 0.305906 0.307087 0.305906
0.348031 0.305906 0.348031 0.305906
0.388976 0.305906 0.388976 0.305906
0.429921 0.305906 0.429921 0.305906
0.470866 0.305906 0.470866 0.305906
0.511811 0.305906 0.511811 0.305906
0.552756 0.305906 0.552756 0.305906
0.593701 0.305906 0.593701 0.305906
0.634646 0.305906 0.634646 0.305906
0.675591 0.305906 0.675591 0.305906
0.716535 0.305906 0.716535 0.305906
0.757480 0.305906 0.757480 0.305906
0.798425 0.305906 0.798425 0.305906
0.839370 0.305906 0.839370 0.305906
0.880315 0.305906 0.880315 0.305906
0.921260 0.305906 0.921260 0.305906
0.962205 0.305906 0.962205 0.305906
1.003150 0.305906 1.003150 0.305906
1.044094 0.305906 1.044094 0.305906
1.085039 0.305906 1.085039 0.305906
1.125984 0.305906 1.125984 0.305906
1.166929 0.305906 1.166929 0.305906
1.207874 0.305906 1.207874 0.305906
1.248819 0.305906 1.248819 0.305906
1.289764 0.305906 1.289764 0.305906
1.330709 0.305906 1.330709 0.305906
1.371654 0.305906 1.371654 0.305906
1.412598 0.305906 1.412598 0.305906
1.453543 0.305906 1.453543 0.305906
1.494488 0.305906 1.494488 0.305906
1.535433 0.305906 1.535433 0.305906
1.576378 0.305906 1.576378 0.305906
1.617323 0.305906 1.617323 0.305906
1.658268 0.305906 1.658268 0.305906
1.699213 0.305906 1.699213 0.305906
1.740157 0.305906 1.740157 0.305906
1.781102 0.305906 1.781102 0.305906
1.822047 0.305906 1.822047 0.305906
1.862992 0.305906 1.862992 0.305906
1.903937 0.305906 1.903937 0.305906
1.944882 0.305906 1.944882 0.305906
1.985827 0.305906 1.985827 0.305906
2.026772 0.305906 2.026772 0.305906
2.067717 0.305906 2.067717 0.305906
2.108661 0.305906 2.108661 0.305906
2.149606 0.305906 2.149606 0.305906
2.190551 0.305906 2.190551 0.305906
2.231496 0.305906 2.231496 0.305906
2.272441 0.305906 2.272441 0.305906
2.313386 0.305906 2.313386 0.305906
2.354331 0.305906 2.354331 0.305906
2.395276 0.305906 2.395276 0.305906
2.436220 0.305906 2.436220 0.305906
2.477165 0.305906 2.477165 0.305906
2.518110 0.305906 2.518110 0.305906
2.559055 0.305906 2.559055 0.305906
2.600000 0.305906 2.600000 0.305906
-2.600000 0.322441 -2.600000 0.322441
-2.559055 0.322441 -2.559055 0.322441
-2.518110 0.322441 -2.518110 0.322441
-2.477165 0.322441 -2.477165 0.322441
-2.436220 0.322441 -2.436220 0.322441
-2.395276 0.322441 -2.395276 0.322441
-2.354331 0.322441 -2.354331 0.322441
-2.313386 0.322441 -2.313386 0.322441
-2.272441 0.322441 -2.272441 0.322441
-2.231496 0.322441 -2.231496 0.322441
-2.190551 0.322441 -2.190551 0.322441
-2.149606 0.322441 -2.149606 0.322441
-2.108661 0.322441 -2.108661 0.322441
-2.067717 0.322441 -2.067717 0.322441
-2.026772 0.322441 -2.026772 0.322441
-1.985827 0.322441 -1.985827 0.322441
-1.944882 0.322441 -1.944882 0.322441
-1.903937 0.322441 -1.903937 0.322441
-1.862992 0.322441 -1.862992 0.322441
-1.822047 0.322441 -1.822047 0.322441
-1.781102 0.322441 -1.781102 0.322441
-1.740157 0.322441 -1.740157 0.322441
-1.699213 0.322441 -1.699213 0.322441
-1.658268 0.322441 -1.658268 0.322441
-1.617323 0.322441 -1.617323 0.322441
-1.576378 0.322441 -1.576378 0.322441
-1.535433 0.322441 -1.535433 0.322441
-1.494488 0.322441 -1.494488 0.322441
-1.453543 0.322441 -1.453543 0.322441
-1.412598 0.322441 -1.412598 0.322441
-1.371654 0.322441 -1.371654 0.322441
-1.330709 0.322441 -1.330709 0.322441
-1.289764 0.322441 -1.289764 0.322441
-1.248819 0.322441 -1.248819 0.322441
-1.207874 0.322441 -1.207874 0.322441
-1.166929 0.322441 -1.166929 0.322441
-1.125984 0.322441 -1.125984 0.322441
-1.085039 0.322441 -1.085039 0.322441
-1.044094 0.322441 -1.044094 0.322441
-1.003150 0.322441 -1.003150 0.322441
-0.962205 0.322441 -0.962205 0.322441
-0.921260 0.322441 -0.921260 0.322441
-0.880315 0.322441 -0.880315 0.322441
-0.839370 0.322441 -0.839370 0.322441
-0.798425 0.322441 -0.798425 0.322441
-0.757480 0.322441 -0.757480 0.322441
-0.716535 0.322441 -0.716535 0.322441
-0.675591 0.322441 -0.675591 0.322441
-0.634646 0.322441 -0.634646 0.322441
-0.593701 0.322441 -0.593701 0.322441
-0.552756 0.322441 -0.552756 0.322441
-0.511811 0.322441 -0.511811 0.322441
-0.470866 0.322441 -0.470866 0.322441
-0.429921 0.322441 -0.429921 0.322441
-0.388976 0.322441 -0.388976 0.322441
-0.348031 0.322441 -0.348031 0.322441
-0.307087 0.322441 -0.307087 0.322441
-0.266142 0.322441 -0.266142 0.322441
-0.225197 0.322441 -0.225197 0.322441
-0.184252 0.322441 -0.184252 0.322441
-0.143307 0.322441 -0.143307 0.322441
-0.102362 0.322441 -0.102362 0.322441
-0.061417 0.322441 -0.061417 0.322441
-0.020472 0.322441 -0.020472 0.322441
0.020472 0.322441 0.020472 0.322441
0.061417 0.322441 0.061417 0.322441
0.102362 0.322441 0.102362 0.322441
0.143307 0.322441 0.143307 0.322441
0.184252 0.322441 0.184252 0.322441
0.225197 0.322441 0.225197 0.322441
0.266142 0.322441 0.266142 0.322441
0.307087 0.322441 0.307087 0.322441
0.348031 0.322441 0.348031 0.322441
0.388976 0.322441 0.388976 0.322441
0.429921 0.322441 0.429921 0.322441
0.470866 0.322441 0.470866 0.322441
0.511811 0.322441 0.511811 0.322441
0.552756 0.322441 0.552756 0.322441
0.593701 0.322441 0.593701 0.322441
0.634646 0.322441 0.634646 0.322441
0.675591 0.322441 0.675591 0.322441
0.716535 0.322441 0.716535 0.322441
0.757480 0.322441 0.757480 0.322441
0.798425 0.322441 0.798425 0.322441
0.839370 0.322441 0.839370 0.322441
0.880315 0.322441 0.880315 0.322441
0.921260 0.322441 0.921260 0.322441
0.962205 0.322441 0.962205 0.322441
1.003150 0.322441 1.003150 0.322441
1.044094 0.322441 1.044094 0.322441
1.085039 0.322441 1.085039 0.322441
1.125984 0.322441 1.125984 0.322441
1.166929 0.322441 1.166929 0.322441
1.207874 0.322441 1.207874 0.322441
1.248819 0.322441 1.248819 0.322441
1.289764 0.322441 1.289764 0.322441
1.330709 0.322441 1.330709 0.322441
1.371654 0.322441 1.371654 0.322441
1.412598 0.322441 1.412598 0.322441
1.453543 0.322441 1.453543 0.322441
1.494488 0.322441 1.494488 0.322441
1.535433 0.322441 1.535433 0.322441
1.576378 0.322441 1.576378 0.322441
1.617323 0.322441 1.617323 0.322441
1.658268 0.322441 1.658268 0.322441
1.699213 0.322441 1.699213 0.322441
1.740157 0.322441 1.740157 0.322441
1.781102 0.322441 1.781102 0.322441
1.822047 0.322441 1.822047 0.322441
1.862992 0.322441 1.862992 0.322441
1.903937 0.322441 1.903937 0.322441
1.944882 0.322441 1.944882 0.322441
1.985827 0.322441 1.985827 0.322441
2.026772 0.322441 2.026772 0.322441
2.067717 0.322441 2.067717 0.322441
2.108661 0.322441 2.108661 0.322441
2.149606 0.322441 2.149606 0.322441
2.190551 0.322441 2.190551 0.322441
2.231496 0.322441 2.231496 0.322441
2.272441 0.322441 2.272441 0.322441
2.313386 0.322441 2.313386 0.322441
2.354331 0.322441 2.354331 0.322441
2.395276 0.322441 2.395276 0.322441
2.436220 0.322441 2.436220 0.322441
2.477165 0.322441 2.477165 0.322441
2.518110 0.322441 2.518110 0.322441
2.559055 0.322441 2.559055 0.322441
2.600000 0.322441 2.600000 0.322441
-2.600000 0.338976 -2.600000 0.338976
-2.559055 0.338976 -2.559055 0.338976
-2.518110 0.338976 -2.518110 0.338976
-2.477165 0.338976 -2.477165 0.338976
-2.436220 0.338976 -2.436220 0.338976
-2.395276 0.338976 -2.395276 0.338976
-2.354331 0.338976 -2.354331 0.338976
-2.313386 0.338976 -2.313386 0.338976
-2.272441 0.338976 -2.272441 0.338976
-2.231496 0.338976 -2.231496 0.338976
-2.190551 0.338976 -2.190551 0.338976
-2.149606 0.338976 -2.149606 0.338976
-2.108661 0.338976 -2.108661 0.338976
-2.067717 0.338976 -2.067717 0.338976
-2.026772 0.338976 -2.026772 0.338976
-1.985827 0.338976 -1.985827 0.338976
-1.944882 0.338976 -1.944882 0.338976
-1.903937 0.338976 -1.903937 0.338976
-1.862992 0.338976 -1.862992 0.338976
-1.822047 0.338976 -1.822047 0.338976
-1.781102 0.338976 -1.781102 0.338976
-1.740157 0.338976 -1.740157 0.338976
-1.699213 0.338976 -1.699213 0.338976
-1.658268 0.338976 -1.658268 0.338976
-1.617323 0.338976 -1.617323 0.338976
-1.576378 0.338976 -1.576378 0.338976
-1.535433 0.338976 -1.535433 0.338976
-1.494488 0.338976 -1.494488 0.338976
-1.453543 0.338976 -1.453543 0.338976
-1.412598 0.338976 -1.412598 0.338976
-1.371654 0.338976 -1.371654 0.338976
-1.330709 0.338976 -1.330709 0.338976
-1.289764 0.338976 -1.289764 0.338976
-1.248819 0.338976 -1.248819 0.338976
-1.207874 0.338976 -1.207874 0.338976
-1.166929 0.338976 -1.166929 0.338976
-1.125984 0.338976 -1.125984 0.338976
-1.085039 0.338976 -1.085039 0.338976
-1.044094 0.338976 -1.044094 0.338976
-1.003150 0.338976 -1.003150 0.338976
-0.962205 0.338976 -0.962205 0.338976
-0.921260 0.338976 -0.921260 0.338976
-0.880315 0.338976 -0.880315 0.338976
-0.839370 0.338976 -0.839370 0.338976
-0.798425 0.338976 -0.798425 0.338976
-0.757480 0.338976 -0.757480 0.338976
-0.716535 0.338976 -0.716535 0.338976
-0.675591 0.338976 -0.675591 0.338976
-0.634646 0.338976 -0.634646 0.338976
-0.593701 0.338976 -0.593701 0.338976
-0.552756 0.338976 -0.552756 0.338976
-0.511811 0.338976 -0.511811 0.338976
-0.470866 0.338976 -0.470866 0.338976
-0.429921 0.338976 -0.429921 0.338976
-0.388976 0.338976 -0.388976 0.338976
-0.348031 0.338976 -0.348031 0.338976
-0.307087 0.338976 -0.307087 0.338976
-0.266142 0.338976 -0.266142 0.338976
-0.225197 0.338976 -0.225197 0.338976
-0.184252 0.338976 -0.184252 0.338976
-0.143307 0.338976 -0.143307 0.338976
-0.102362 0.338976 -0.102362 0.338976
-0.061417 0.338976 -0.061417 0.338976
-0.020472 0.338976 -0.020472 0.338976
0.020472 0.338976 0.020472 0.338976
0.061417 0.338976 0.061417 0.338976
0.102362 0.338976 0.102362 0.338976
0.143307 0.338976 0.143307 0.338976
0.184252 0.338976 0.184252 0.338976
0.225197 0.338976 0.225197 0.338976
0.266142 0.338976 0.266142 0.338976
0.307087 0.338976 0.307087 0.338976
0.348031 0.338976 0.348031 0.338976
0.388976 0.338976 0.388976 0.338976
0.429921 0.338976 0.429921 0.338976
0.470866 0.338976 0.470866 0.338976
0.511811 0.338976 0.511811 0.338976
0.552756 0.338976 0.552756 0.338976
0.593701 0.338976 0.593701 0.338976
0.634646 0.338976 0.634646 0.338976
0.675591 0.338976 0.675591 0.338976
0.716535 0.338976 0.716535 0.338976
0.757480 0.338976 0.757480 0.338976
0.798425 0.338976 0.798425 0.338976
0.839370 0.338976 0.839370 0.338976
0.880315 0.338976 0.880315 0.338976
0.921260 0.338976 0.921260 0.338976
0.962205 0.338976 0.962205 0.338976
1.003150 0.338976 1.003150 0.338976
1.044094 0.338976 1.044094 0.338976
1.085039 0.338976 1.085039 0.338976
1.125984 0.338976 1.125984 0.338976
1.166929 0.338976 1.166929 0.338976
1.207874 0.338976 1.207874 0.338976
1.248819 0.338976 1.248819 0.338976
1.289764 0.338976 1.289764 0.338976
1.330709 0.338976 1.330709 0.338976
1.371654 0.338976 1.371654 0.338976
1.412598 0.338976 1.412598 0.338976
1.453543 0.338976 1.453543 0.338976
1.494488 0.338976 1.494488 0.338976
1.535433 0.338976 1.535433 0.338976
1.576378 0.338976 1.576378 0.338976
1.617323 0.338976 1.617323 0.338976
1.658268 0.338976 1.658268 0.338976
1.699213 0.338976 1.699213 0.338976
1.740157 0.338976 1.740157 0.338976
1.781102 0.338976 1.781102 0.338976
1.822047 0.338976 1.822047 0.338976
1.862992 0.338976 1.862992 0.338976
1.903937 0.338976 1.903937 0.338976
1.944882 0.338976 1.944882 0.338976
1.985827 0.338976 1.985827 0.338976
2.026772 0.338976 2.026772 0.338976
2.067717 0.338976 2.067717 0.338976
2.108661 0.338976 2.108661 0.338976
2.149606 0.338976 2.149606 0.338976
2.190551 0.338976 2.190551 0.338976
2.231496 0.338976 2.231496 0.338976
2.272441 0.338976 2.272441 0.338976
2.313386 0.338976 2.313386 0.338976
2.354331 0.338976 2.354331 0.338976
2.395276 0.338976 2.395276 0.338976
2.436220 0.338976 2.436220 0.338976
2.477165 0.338976 2.477165 0.338976
2.518110 0.338976 2.518110 0.338976
2.559055 0.338976 2.559055 0.338976
2.600000 0.338976 2.600000 0.338976
-2.600000 0.355512 -2.600000 0.355512
-2.559055 0.355512 -2.559055 0.355512
-2.518110 0.355512 -2.518110 0.355512
-2.477165 0.355512 -2.477165 0.355512
-2.436220 0.355512 -2.436220 0.355512
-2.395276 0.355512 -2.395276 0.355512
-2.354331 0.355512 -2.354331 0.355512
-2.313386 0.355512 -2.313386 0.355512
-2.272441 0.355512 -2.272441 0.355512
-2.231496 0.355512 -2.231496 0.355512
-2.190551 0.355512 -2.190551 0.355512
-2.149606 0.355512 -2.149606 0.355512
-2.108661 0.355512 -2.108661 0.355512
-2.067717 0.355512 -2.067717 0.355512
-2.026772 0.355512 -2.026772 0.355512
-1.985827 0.355512 -1.985827 0.355512
-1.944882 0.355512 -1.944882 0.355512
-1.903937 0.355512 -1.903937 0.355512
-1.862992 0.355512 -1.862992 0.355512
-1.822047 0.355512 -1.822047 0.355512
-1.781102 0.355512 -1.781102 0.355512
-1.740157 0.355512 -1.740157 0.355512
-1.699213 0.355512 -1.699213 0.355512
-1.658268 0.355512 -1.658268 0.355512
-1.617323 0.355512 -1.617323 0.355512
-1.576378 0.355512 -1.576378 0.355512
-1.535433 0.355512 -1.535433 0.355512
-1.494488 0.355512 -1.494488 0.355512
-1.453543 0.355512 -1.453543 0.355512
-1.412598 0.355512 -1.412598 0.355512
-1.371654 0.355512 -1.371654 0.355512
-1.330709 0.355512 -1.330709 0.355512
-1.289764 0.355512 -1.289764 0.355512
-1.248819 0.355512 -1.248819 0.355512
-1.207874 0.355512 -1.207874 0.355512
-1.166929 0.355512 -1.166929 0.355512
-1.125984 0.355512 -1.125984 0.355512
-1.085039 0.355512 -1.085039 0.355512
-1.044094 0.355512 -1.044094 0.355512
-1.003150 0.355512 -1.003150 0.355512
-0.962205 0.355512 -0.962205 0.355512
-0.921260 0.355512 -0.921260 0.355512
-0.880315 0.355512 -0.880315 0.355512
-0.839370 0.355512 -0.839370 0.355512
-0.798425 0.355512 -0.798425 0.355512
-0.757480 0.355512 -0.757480 0.355512
-0.716535 0.355512 -0.716535 0.355512
-0.675591 0.355512 -0.675591 0.355512
-0.634646 0.355512 -0.634646 0.355512
-0.593701 0.355512 -0.593701 0.355512
-0.552756 0.355512 -0.552756 0.355512
-0.511811 0.355512 -0.511811 0.355512
-0.470866 0.355512 -0.470866 0.355512
-0.429921 0.355512 -0.429921 0.355512
-0.388976 0.355512 -0.388976 0.355512
-0.348031 0.355512 -0.348031 0.355512
-0.307087 0.355512 -0.307087 0.355512
-0.266142 0.355512 -0.266142 0.355512
-0.225197 0.355512 -0.225197 0.355512
-0.184252 0.355512 -0.184252 0.355512
-0.143307 0.355512 -0.143307 0.355512
-0.102362 0.355512 -0.102362 0.355512
-0.061417 0.355512 -0.061417 0.355512
-0.020472 0.355512 -0.020472 0.355512
0.020472 0.355512 0.020472 0.355512
0.061417 0.355512 0.061417 0.355512
0.102362 0.355512 0.102362 0.355512
0.143307 0.355512 0.143307 0.355512
0.184252 0.355512 0.184252 0.355512
0.225197 0.355512 0.225197 0.355512
0.266142 0.355512 0.266142 0.355512
0.307087 0.355512 0.307087 0.355512
0.348031 0.355512 0.348031 0.355512
0.388976 0.355512 0.388976 0.355512
0.429921 0.355512 0.429921 0.355512
0.470866 0.355512 0.470866 0.355512
0.511811 0.355512 0.511811 0.355512
0.552756 0.355512 0.552756 0.355512
0.593701 0.355512 0.593701 0.355512
0.634646 0.355512 0.634646 0.355512
0.675591 0.355512 0.675591 0.355512
0.716535 0.355512 0.716535 0.355512
0.757480 0.355512 0.757480 0.355512
0.798425 0.355512 0.798425 0.355512
0.839370 0.355512 0.839370 0.355512
0.880315 0.355512 0.880315 0.355512
0.921260 0.355512 0.921260 0.355512
0.962205 0.355512 0.962205 0.355512
1.003150 0.355512 1.003150 0.355512
1.044094 0.355512 1.044094 0.355512
1.085039 0.355512 1.085039 0.355512
1.125984 0.355512 1.125984 0.355512
1.166929 0.355512 1.166929 0.355512
1.207874 0.355512 1.207874 0.355512
1.248819 0.355512 1.248819 0.355512
1.289764 0.355512 1.289764 0.355512
1.330709 0.355512 1.330709 0.355512
1.371654 0.355512 1.371654 0.355512
1.412598 0.355512 1.412598 0.355512
1.453543 0.355512 1.453543 0.355512
1.494488 0.355512 1.494488 0.355512
1.535433 0.355512 1.535433 0.355512
1.576378 0.355512 1.576378 0.355512
1.617323 0.355512 1.617323 0.355512
1.658268 0.355512 1.658268 0.355512
1.699213 0.355512 1.699213 0.355512
1.740157 0.355512 1.740157 0.355512
1.781102 0.355512 1.781102 0.355512
1.822047 0.355512 1.822047 0.355512
1.862992 0.355512 1.862992 0.355512
1.903937 0.355512 1.903937 0.355512
1.944882 0.355512 1.944882 0.355512
1.985827 0.355512 1.985827 0.355512
2.026772 0.355512 2.026772 0.355512
2.067717 0.355512 2.067717 0.355512
2.108661 0.355512 2.108661 0.355512
2.149606 0.355512 2.149606 0.355512
2.190551 0.355512 2.190551 0.355512
2.231496 0.355512 2.231496 0.355512
2.272441 0.355512 2.272441 0.355512
2.313386 0.355512 2.313386 0.355512
2.354331 0.355512 2.354331 0.355512
2.395276 0.355512 2.395276 0.355512
2.436220 0.355512 2.436220 0.355512
2.477165 0.355512 2.477165 0.355512
2.518110 0.355512 2.518110 0.355512
2.559055 0.355512 2.559055 0.355512
2.600000 0.355512 2.600000 0.355512
-2.600000 0.372047 -2.600000 0.372047
-2.559055 0.372047 -2.559055 0.372047
-2.518110 0.372047 -2.518110 0.372047
-2.477165 0.372047 -2.477165 0.372047
-2.436220 0.372047 -2.436220 0.372047
-2.395276 0.372047 -2.395276 0.372047
-2.354331 0.372047 -2.354331 0.372047
-2.313386 0.372047 -2.313386 0.372047
-2.272441 0.372047 -2.272441 0.372047
-2.231496 0.372047 -2.231496 0.372047
-2.190551 0.372047 -2.190551 0.372047
-2.149606 0.372047 -2.149606 0.372047
-2.108661 0.372047 -2.108661 0.372047
-2.067717 0.372047 -2.067717 0.372047
-2.026772 0.372047 -2.026772 0.372047
-1.985827 0.372047 -1.985827 0.372047
-1.944882 0.372047 -1.944882 0.372047
-1.903937 0.372047 -1.903937 0.372047
-1.862992 0.372047 -1.862992 0.372047
-1.822047 0.372047 -1.822047 0.372047
-1.781102 0.372047 -1.781102 0.372047
-1.740157 0.372047 -1.740157 0.372047
-1.699213 0.372047 -1.699213 0.372047
-1.658268 0.372047 -1.658268 0.372047
-1.617323 0.372047 -1.617323 0.372047
-1.576378 0.372047 -1.576378 0.372047
-1.535433 0.372047 -1.535433 0.372047
-1.494488 0.372047 -1.494488 0.372047
-1.453543 0.372047 -1.453543 0.372047
-1.412598 0.372047 -1.412598 0.372047
-1.371654 0.372047 -1.371654 0.372047
-1.330709 0.372047 -1.330709 0.372047
-1.289764 0.372047 -1.289764 0.372047
-1.248819 0.372047 -1.248819 0.372047
-1.207874 0.372047 -1.207874 0.372047
-1.166929 0.372047 -1.166929 0.372047
-1.125984 0.372047 -1.125984 0.372047
-1.085039 0.372047 -1.085039 0.372047
-1.044094 0.372047 -1.044094 0.372047
-1.003150 0.372047 -1.003150 0.372047
-0.962205 0.372047 -0.962205 0.372047
-0.921260 0.372047 -0.921260 0.372047
-0.880315 0.372047 -0.880315 0.372047
-0.839370 0.372047 -0.839370 0.372047
-0.798425 0.372047 -0.798425 0.372047
-0.757480 0.372047 -0.757480 0.372047
-0.716535 0.372047 -0.716535 0.372047
-0.675591 0.372047 -0.675591 0.372047
-0.634646 0.372047 -0.634646 0.372047
-0.593701 0.372047 -0.593701 0.372047
-0.552756 0.372047 -0.552756 0.372047
-0.511811 0.372047 -0.511811 0.372047
-0.470866 0.372047 -0.470866 0.372047
-0.429921 0.372047 -0.429921 0.372047
-0.388976 0.372047 -0.388976 0.372047
-0.348031 0.372047 -0.348031 0.372047
-0.307087 0.372047 -0.307087 0.372047
-0.266142 0.372047 -0.266142 0.372047
-0.225197 0.372047 -0.225197 0.372047
-0.184252 0.372047 -0.184252 0.372047
-0.143307 0.372047 -0.143307 0.372047
-0.102362 0.372047 -0.102362 0.372047
-0.061417 0.372047 -0.061417 0.372047
-0.020472 0.372047 -0.020472 0.372047
0.020472 0.372047 0.020472 0.372047
0.061417 0.372047 0.061417 0.372047
0.102362 0.372047 0.102362 0.372047
0.143307 0.372047 0.143307 0.372047
0.184252 0.372047 0.184252 0.372047
0.225197 0.372047 0.225197 0.372047
0.266142 0.372047 0.266142 0.372047
0.307087 0.372047 0.307087 0.372047
0.348031 0.372047 0.348031 0.372047
0.388976 0.372047 0.388976 0.372047
0.429921 0.372047 0.429921 0.372047
0.470866 0.372047 0.470866 0.372047
0.511811 0.372047 0.511811 0.372047
0.552756 0.372047 0.552756 0.372047
0.593701 0.372047 0.593701 0.372047
0.634646 0.372047 0.634646 0.372047
0.675591 0.372047 0.675591 0.372047
0.716535 0.372047 0.716535 0.372047
0.757480 0.372047 0.757480 0.372047
0.798425 0.372047 0.798425 0.372047
0.839370 0.372047 0.839370 0.372047
0.880315 0.372047 0.880315 0.372047
0.921260 0.372047 0.921260 0.372047
0.962205 0.372047 0.962205 0.372047
1.003150 0.372047 1.003150 0.372047
1.044094 0.372047 1.044094 0.372047
1.085039 0.372047 1.085039 0.372047
1.125984 0.372047 1.125984 0.372047
1.166929 0.372047 1.166929 0.372047
1.207874 0.372047 1.207874 0.372047
1.248819 0.372047 1.248819 0.372047
1.289764 0.372047 1.289764 0.372047
1.330709 0.372047 1.330709 0.372047
1.371654 0.372047 1.371654 0.372047
1.412598 0.372047 1.412598 0.372047
1.453543 0.372047 1.453543 0.372047
1.494488 0.372047 1.494488 0.372047
1.535433 0.372047 1.535433 0.372047
1.576378 0.372047 1.576378 0.372047
1.617323 0.372047 1.617323 0.372047
1.658268 0.372047 1.658268 0.372047
1.699213 0.372047 1.699213 0.372047
1.740157 0.372047 1.740157 0.372047
1.781102 0.372047 1.781102 0.372047
1.822047 0.372047 1.822047 0.372047
1.862992 0.372047 1.862992 0.372047
1.903937 0.372047 1.903937 0.372047
1.944882 0.372047 1.944882 0.372047
1.985827 0.372047 1.985827 0.372047
2.026772 0.372047 2.026772 0.372047
2.067717 0.372047 2.067717 0.372047
2.108661 0.372047 2.108661 0.372047
2.149606 0.372047 2.149606 0.372047
2.190551 0.372047 2.190551 0.372047
2.231496 0.372047 2.231496 0.372047
2.272441 0.372047 2.272441 0.372047
2.313386 0.372047 2.313386 0.372047
2.354331 0.372047 2.354331 0.372047
2.395276 0.372047 2.395276 0.372047
2.436220 0.372047 2.436220 0.372047
2.477165 0.372047 2.477165 0.372047
2.518110 0.372047 2.518110 0.372047
2.559055 0.372047 2.559055 0.372047
2.600000 0.372047 2.600000 0.372047
-2.600000 0.388583 -2.600000 0.388583
-2.559055 0.388583 -2.559055 0.388583
-2.518110 0.388583 -2.518110 0.388583
-2.477165 0.388583 -2.477165 0.388583
-2.436220 0.388583 -2.436220 0.388583
-2.395276 0.388583 -2.395276 0.388583
-2.354331 0.388583 -2.354331 0.388583
-2.313386 0.388583 -2.313386 0.388583
-2.272441 0.388583 -2.272441 0.388583
-2.231496 0.388583 -2.231496 0.388583
-2.190551 0.388583 -2.190551 0.388583
-2.149606 0.388583 -2.149606 0.388583
-2.108661 0.388583 -2.108661 0.388583
-2.067717 0.388583 -2.067717 0.388583
-2.026772 0.388583 -2.026772 0.388583
-1.985827 0.388583 -1.985827 0.388583
-1.944882 0.388583 -1.944882 0.388583
-1.903937 0.388583 -1.903937 0.388583
-1.862992 0.388583 -1.862992 0.388583
-1.822047 0.388583 -1.822047 0.388583
-1.781102 0.388583 -1.781102 0.388583
-1.740157 0.388583 -1.740157 0.388583
-1.699213 0.388583 -1.699213 0.388583
-1.658268 0.388583 -1.658268 0.388583
-1.617323 0.388583 -1.617323 0.388583
-1.576378 0.388583 -1.576378 0.388583
-1.535433 0.388583 -1.535433 0.388583
-1.494488 0.388583 -1.494488 0.388583
-1.453543 0.388583 -1.453543 0.388583
-1.412598 0.388583 -1.412598 0.388583
-1.371654 0.388583 -1.371654 0.388583
-1.330709 0.388583 -1.330709 0.388583
-1.289764 0.388583 -1.289764 0.388583
-1.248819 0.388583 -1.248819 0.388583
-1.207874 0.388583 -1.207874 0.388583
-1.166929 0.388583 -1.166929 0.388583
-1.125984 0.388583 -1.125984 0.388583
-1.085039 0.388583 -1.085039 0.388583
-1.044094 0.388583 -1.044094 0.388583
-1.003150 0.388583 -1.003150 0.388583
-0.962205 0.388583 -0.962205 0.388583
-0.921260 0.388583 -0.921260 0.388583
-0.880315 0.388583 -0.880315 0.388583
-0.839370 0.388583 -0.839370 0.388583
-0.798425 0.388583 -0.798425 0.388583
-0.757480 0.388583 -0.757480 0.388583
-0.716535 0.388583 -0.716535 0.388583
-0.675591 0.388583 -0.675591 0.388583
-0.634646 0.388583 -0.634646 0.388583
-0.593701 0.388583 -0.593701 0.388583
-0.552756 0.388583 -0.552756 0.388583
-0.511811 0.388583 -0.511811 0.388583
-0.470866 0.388583 -0.470866 0.388583
-0.429921 0.388583 -0.429921 0.388583
-0.388976 0.388583 -0.388976 0.388583
-0.348031 0.388583 -0.348031 0.388583
-0.307087 0.388583 -0.307087 0.388583
-0.266142 0.388583 -0.266142 0.388583
-0.225197 0.388583 -0.225197 0.388583
-0.184252 0.388583 -0.184252 0.388583
-0.143307 0.388583 -0.143307 0.388583
-0.102362 0.388583 -0.102362 0.388583
-0.061417 0.388583 -0.061417 0.388583
-0.020472 0.388583 -0.020472 0.388583
0.020472 0.388583 0.020472 0.388583
0.061417 0.388583 0.061417 0.388583
0.102362 0.388583 0.102362 0.388583
0.143307 0.388583 0.143307 0.388583
0.184252 0.388583 0.184252 0.388583
0.225197 0.388583 0.225197 0.388583
0.266142 0.388583 0.266142 0.388583
0.307087 0.388583 0.307087 0.388583
0.348031 0.388583 0.348031 0.388583
0.388976 0.388583 0.388976 0.388583
0.429921 0.388583 0.429921 0.388583
0.470866 0.388583 0.470866 0.388583
0.511811 0.388583 0.511811 0.388583
0.552756 0.388583 0.552756 0.388583
0.593701 0.388583 0.593701 0.388583
0.634646 0.388583 0.634646 0.388583
0.675591 0.388583 0.675591 0.388583
0.716535 0.388583 0.716535 0.388583
0.757480 0.388583 0.757480 0.388583
0.798425 0.388583 0.798425 0.388583
0.839370 0.388583 0.839370 0.388583
0.880315 0.388583 0.880315 0.388583
0.921260 0.388583 0.921260 0.388583
0.962205 0.388583 0.962205 0.388583
1.003150 0.388583 1.003150 0.388583
1.044094 0.388583 1.044094 0.388583
1.085039 0.388583 1.085039 0.388583
1.125984 0.388583 1.125984 0.388583
1.166929 0.388583 1.166929 0.388583
1.207874 0.388583 1.207874 0.388583
1.248819 0.388583 1.248819 0.388583
1.289764 0.388583 1.289764 0.388583
1.330709 0.388583 1.330709 0.388583
1.371654 0.388583 1.371654 0.388583
1.412598 0.388583 1.412598 0.388583
1.453543 0.388583 1.453543 0.388583
1.494488 0.388583 1.494488 0.388583
1.535433 0.388583 1.535433 0.388583
1.576378 0.388583 1.576378 0.388583
1.617323 0.388583 1.617323 0.388583
1.658268 0.388583 1.658268 0.388583
1.699213 0.388583 1.699213 0.388583
1.740157 0.388583 1.740157 0.388583
1.781102 0.388583 1.781102 0.388583
1.822047 0.388583 1.822047 0.388583
1.862992 0.388583 1.862992 0.388583
1.903937 0.388583 1.903937 0.388583
1.944882 0.388583 1.944882 0.388583
1.985827 0.388583 1.985827 0.388583
2.026772 0.388583 2.026772 0.388583
2.067717 0.388583 2.067717 0.388583
2.108661 0.388583 2.108661 0.388583
2.149606 0.388583 2.149606 0.388583
2.190551 0.388583 2.190551 0.388583
2.231496 0.388583 2.231496 0.388583
2.272441 0.388583 2.272441 0.388583
2.313386 0.388583 2.313386 0.388583
2.354331 0.388583 2.354331 0.388583
2.395276 0.388583 2.395276 0.388583
2.436220 0.388583 2.436220 0.388583
2.477165 0.388583 2.477165 0.388583
2.518110 0.388583 2.518110 0.388583
2.559055 0.388583 2.559055 0.388583
2.600000 0.388583 2.600000 0.388583
-2.600000 0.405118 -2.600000 0.405118
-2.559055 0.405118 -2.559055 0.405118
-2.518110 0.405118 -2.518110 0.405118
-2.477165 0.405118 -2.477165 0.405118
-2.436220 0.405118 -2.436220 0.405118
-2.395276 0.405118 -2.395276 0.405118
-2.354331 0.405118 -2.354331 0.405118
-2.313386 0.405118 -2.313386 0.405118
-2.272441 0.405118 -2.272441 0.405118
-2.231496 0.405118 -2.231496 0.405118
-2.190551 0.405118 -2.190551 0.405118
-2.149606 0.405118 -2.149606 0.405118
-2.108661 0.405118 -2.108661 0.405118
-2.067717 0.405118 -2.067717 0.405118
-2.026772 0.405118 -2.026772 0.405118
-1.985827 0.405118 -1.985827 0.405118
-1.944882 0.405118 -1.944882 0.405118
-1.903937 0.405118 -1.903937 0.405118
-1.862992 0.405118 -1.862992 0.405118
-1.822047 0.405118 -1.822047 0.405118
-1.781102 0.405118 -1.781102 0.405118
-1.740157 0.405118 -1.740157 0.405118
-1.699213 0.405118 -1.699213 0.405118
-1.658268 0.405118 -1.658268 0.405118
-1.617323 0.405118 -1.617323 0.405118
-1.576378 0.405118 -1.576378 0.405118
-1.535433 0.405118 -1.535433 0.405118
-1.494488 0.405118 -1.494488 0.405118
-1.453543 0.405118 -1.453543 0.405118
-1.412598 0.405118 -1.412598 0.405118
-1.371654 0.405118 -1.371654 0.405118
-1.330709 0.405118 -1.330709 0.405118
-1.289764 0.405118 -1.289764 0.405118
-1.248819 0.405118 -1.248819 0.405118
-1.207874 0.405118 -1.207874 0.405118
-1.166929 0.405118 -1.166929 0.405118
-1.125984 0.405118 -1.125984 0.405118
-1.085039 0.405118 -1.085039 0.405118
-1.044094 0.405118 -1.044094 0.405118
-1.003150 0.405118 -1.003150 0.405118
-0.962205 0.405118 -0.962205 0.405118
-0.921260 0.405118 -0.921260 0.405118
-0.880315 0.405118 -0.880315 0.405118
-0.839370 0.405118 -0.839370 0.405118
-0.798425 0.405118 -0.798425 0.405118
-0.757480 0.405118 -0.757480 0.405118
-0.716535 0.405118 -0.716535 0.405118
-0.675591 0.405118 -0.294888 0.405118
-0.634646 0.405118 -0.187984 0.405118
-0.593701 0.405118 -0.253058 0.405118
-0.552756 0.405118 -0.186379 0.405118
-0.511811 0.405118 -0.244749 0.405118
-0.470866 0.405118 -0.192553 0.405118
-0.429921 0.405118 -0.238839 0.405118
-0.388976 0.405118 -0.193219 0.405118
-0.348031 0.405118 -0.147598 0.405118
-0.307087 0.405118 -0.101977 0.405118
-0.266142 0.405118 -0.147294 0.405118
-0.225197 0.405118 -0.104861 0.405118
-0.184252 0.405118 -0.062427 0.405118
-0.143307 0.405118 -0.103252 0.405118
-0.102362 0.405118 -0.062151 0.405118
-0.061417 0.405118 -0.021050 0.405118
-0.020472 0.405118 0.020051 0.405118
0.020472 0.405118 -0.020051 0.405118
0.061417 0.405118 0.021050 0.405118
0.102362 0.405118 0.062151 0.405118
0.143307 0.405118 0.103252 0.405118
0.184252 0.405118 0.062427 0.405118
0.225197 0.405118 0.104861 0.405118
0.266142 0.405118 0.147294 0.405118
0.307087 0.405118 0.101977 0.405118
0.348031 0.405118 0.147598 0.405118
0.388976 0.405118 0.193219 0.405118
0.429921 0.405118 0.238839 0.405118
0.470866 0.405118 0.192553 0.405118
0.511811 0.405118 0.244749 0.405118
0.552756 0.405118 0.186379 0.405118
0.593701 0.405118 0.253058 0.405118
0.634646 0.405118 0.187984 0.405118
0.675591 0.405118 0.294888 0.405118
0.716535 0.405118 0.716535 0.405118
0.757480 0.405118 0.757480 0.405118
0.798425 0.405118 0.798425 0.405118
0.839370 0.405118 0.839370 0.405118
0.880315 0.405118 0.880315 0.405118
0.921260 0.405118 0.921260 0.405118
0.962205 0.405118 0.962205 0.405118
1.003150 0.405118 1.003150 0.405118
1.044094 0.405118 1.044094 0.405118
1.085039 0.405118 1.085039 0.405118
1.125984 0.405118 1.125984 0.405118
1.166929 0.405118 1.166929 0.405118
1.207874 0.405118 1.207874 0.405118
1.248819 0.405118 1.248819 0.405118
1.289764 0.405118 1.289764 0.405118
1.330709 0.405118 1.330709 0.405118
1.371654 0.405118 1.371654 0.405118
1.412598 0.405118 1.412598 0.405118
1.453543 0.405118 1.453543 0.405118
1.494488 0.405118 1.494488 0.405118
1.535433 0.405118 1.535433 0.405118
1.576378 0.405118 1.576378 0.405118
1.617323 0.405118 1.617323 0.405118
1.658268 0.405118 1.658268 0.405118
1.699213 0.405118 1.699213 0.405118
1.740157 0.405118 1.740157 0.405118
1.781102 0.405118 1.781102 0.405118
1.822047 0.405118 1.822047 0.405118
1.862992 0.405118 1.862992 0.405118
1.903937 0.405118 1.903937 0.405118
1.944882 0.405118 1.944882 0.405118
1.985827 0.405118 1.985827 0.405118
2.026772 0.405118 2.026772 0.405118
2.067717 0.405118 2.067717 0.405118
2.108661 0.405118 2.108661 0.405118
2.149606 0.405118 2.149606 0.405118
2.190551 0.405118 2.190551 0.405118
2.231496 0.405118 2.231496 0.405118
2.272441 0.405118 2.272441 0.405118
2.313386 0.405118 2.313386 0.405118
2.354331 0.405118 2.354331 0.405118
2.395276 0.405118 2.395276 0.405118
2.436220 0.405118 2.436220 0.405118
2.477165 0.405118 2.477165 0.405118
2.518110 0.405118 2.518110 0.405118
2.559055 0.405118 2.559055 0.405118
2.600000 0.405118 2.600000 0.405118
-2.600000 0.421654 -2.600000 0.421654
-2.559055 0.421654 -2.559055 0.421654
-2.518110 0.421654 -2.518110 0.421654
-2.477165 0.421654 -2.477165 0.421654
-2.436220 0.421654 -2.436220 0.421654
-2.395276 0.421654 -2.395276 0.421654
-2.354331 0.421654 -2.354331 0.421654
-2.313386 0.421654 -2.313386 0.421654
-2.272441 0.421654 -2.272441 0.421654
-2.231496 0.421654 -2.231496 0.421654
-2.190551 0.421654 -2.190551 0.421654
-2.149606 0.421654 -2.149606 0.421654
-2.108661 0.421654 -2.108661 0.421654
-2.067717 0.421654 -2.067717 0.421654
-2.026772 0.421654 -2.026772 0.421654
-1.985827 0.421654 -1.985827 0.421654
-1.944882 0.421654 -1.944882 0.421654
-1.903937 0.421654 -1.903937 0.421654
-1.862992 0.421654 -1.862992 0.421654
-1.822047 0.421654 -1.822047 0.421654
-1.781102 0.421654 -1.781102 0.421654
-1.740157 0.421654 -1.740157 0.421654
-1.699213 0.421654 -1.699213 0.421654
-1.658268 0.421654 -1.658268 0.421654
-1.617323 0.421654 -1.617323 0.421654
-1.576378 0.421654 -1.576378 0.421654
-1.535433 0.421654 -1.535433 0.421654
-1.494488 0.421654 -1.494488 0.421654
-1.453543 0.421654 -1.453543 0.421654
-1.412598 0.421654 -1.412598 0.421654
-1.371654 0.421654 -1.371654 0.421654
-1.330709 0.421654 -1.330709 0.421654
-1.289764 0.421654 -1.289764 0.421654
-1.248819 0.421654 -1.248819 0.421654
-1.207874 0.421654 -1.207874 0.421654
-1.166929 0.421654 -1.166929 0.421654
-1.125984 0.421654 -1.125984 0.421654
-1.085039 0.421654 -1.085039 0.421654
-1.044094 0.421654 -1.044094 0.421654
-1.003150 0.421654 -1.003150 0.421654
-0.962205 0.421654 -0.962205 0.421654
-0.921260 0.421654 -0.921260 0.421654
-0.880315 0.421654 -0.880315 0.421654
-0.839370 0.421654 -0.839370 0.421654
-0.798425 0.421654 -0.798425 0.421654
-0.757480 0.421654 -0.757480 0.421654
-0.716535 0.421654 -0.716535 0.421654
-0.675591 0.421654 -0.294888 0.421654
-0.634646 0.421654 -0.187984 0.421654
-0.593701 0.421654 -0.253058 0.421654
-0.552756 0.421654 -0.186379 0.421654
-0.511811 0.421654 -0.244749 0.421654
-0.470866 0.421654 -0.192553 0.421654
-0.429921 0.421654 -0.238839 0.421654
-0.388976 0.421654 -0.193219 0.421654
-0.348031 0.421654 -0.147598 0.421654
-0.307087 0.421654 -0.101977 0.421654
-0.266142 0.421654 -0.147294 0.421654
-0.225197 0.421654 -0.104861 0.421654
-0.184252 0.421654 -0.062427 0.421654
-0.143307 0.421654 -0.103252 0.421654
-0.102362 0.421654 -0.062151 0.421654
-0.061417 0.421654 -0.021050 0.421654
-0.020472 0.421654 0.020051 0.421654
0.020472 0.421654 -0.020051 0.421654
0.061417 0.421654 0.021050 0.421654
0.102362 0.421654 0.062151 0.421654
0.143307 0.421654 0.103252 0.421654
0.184252 0.421654 0.062427 0.421654
0.225197 0.421654 0.104861 0.421654
0.266142 0.421654 0.147294 0.421654
0.307087 0.421654 0.101977 0.421654
0.348031 0.421654 0.147598 0.421654
0.388976 0.421654 0.193219 0.421654
0.429921 0.421654 0.238839 0.421654
0.470866 0.421654 0.192553 0.421654
0.511811 0.421654 0.244749 0.421654
0.552756 0.421654 0.186379 0.421654
0.593701 0.421654 0.253058 0.421654
0.634646 0.421654 0.187984 0.421654
0.675591 0.421654 0.294888 0.421654
0.716535 0.421654 0.716535 0.421654
0.757480 0.421654 0.757480 0.421654
0.798425 0.421654 0.798425 0.421654
0.839370 0.421654 0.839370 0.421654
0.880315 0.421654 0.880315 0.421654
0.921260 0.421654 0.921260 0.421654
0.962205 0.421654 0.962205 0.421654
1.003150 0.421654 1.003150 0.421654
1.044094 0.421654 1.044094 0.421654
1.085039 0.421654 1.085039 0.421654
1.125984 0.421654 1.125984 0.421654
1.166929 0.421654 1.166929 0.421654
1.207874 0.421654 1.207874 0.421654
1.248819 0.421654 1.248819 0.421654
1.289764 0.421654 1.289764 0.421654
1.330709 0.421654 1.330709 0.421654
1.371654 0.421654 1.371654 0.421654
1.412598 0.421654 1.412598 0.421654
1.453543 0.421654 1.453543 0.421654
1.494488 0.421654 1.494488 0.421654
1.535433 0.421654 1.535433 0.421654
1.576378 0.421654 1.576378 0.421654
1.617323 0.421654 1.617323 0.421654
1.658268 0.421654 1.658268 0.421654
1.699213 0.421654 1.699213 0.421654
1.740157 0.421654 1.740157 0.421654
1.781102 0.421654 1.781102 0.421654
1.822047 0.421654 1.822047 0.421654
1.862992 0.421654 1.862992 0.421654
1.903937 0.421654 1.903937 0.421654
1.944882 0.421654 1.944882 0.421654
1.985827 0.421654 1.985827 0.421654
2.026772 0.421654 2.026772 0.421654
2.067717 0.421654 2.067717 0.421654
2.108661 0.421654 2.108661 0.421654
2.149606 0.421654 2.149606 0.421654
2.190551 0.421654 2.190551 0.421654
2.231496 0.421654 2.231496 0.421654
2.272441 0.421654 2.272441 0.421654
2.313386 0.421654 2.313386 0.421654
2.354331 0.421654 2.354331 0.421654
2.395276 0.421654 2.395276 0.421654
2.436220 0.421654 2.436220 0.421654
2.477165 0.421654 2.477165 0.421654
2.518110 0.421654 2.518110 0.421654
2.559055 0.421654 2.559055 0.421654
2.600000 0.421654 2.600000 0.421654
-2.600000 0.438189 -2.600000 0.438189
-2.559055 0.438189 -2.559055 0.438189
-2.518110 0.438189 -2.518110 0.438189
-2.477165 0.438189 -2.477165 0.438189
-2.436220 0.438189 -2.436220 0.438189
-2.395276 0.438189 -2.395276 0.438189
-2.354331 0.438189 -2.354331 0.438189
-2.313386 0.438189 -2.313386 0.438189
-2.272441 0.438189 -2.272441 0.438189
-2.231496 0.438189 -2.231496 0.438189
-2.190551 0.438189 -2.190551 0.438189
-2.149606 0.438189 -2.149606 0.438189
-2.108661 0.438189 -2.108661 0.438189
-2.067717 0.438189 -2.067717 0.438189
-2.026772 0.438189 -2.026772 0.438189
-1.985827 0.438189 -1.985827 0.438189
-1.944882 0.438189 -1.944882 0.438189
-1.903937 0.438189 -1.903937 0.438189
-1.862992 0.438189 -1.862992 0.438189
-1.822047 0.438189 -1.822047 0.438189
-1.781102 0.438189 -1.781102 0.438189
-1.740157 0.438189 -1.740157 0.438189
-1.699213 0.438189 -1.699213 0.438189
-1.658268 0.438189 -1.658268 0.438189
-1.617323 0.438189 -1.617323 0.438189
-1.576378 0.438189 -1.576378 0.438189
-1.535433 0.438189 -1.535433 0.438189
-1.494488 0.438189 -1.494488 0.438189
-1.453543 0.438189 -1.453543 0.438189
-1.412598 0.438189 -1.412598 0.438189
-1.371654 0.438189 -1.371654 0.438189
-1.330709 0.438189 -1.330709 0.438189
-1.289764 0.438189 -1.289764 0.438189
-1.248819 0.438189 -1.248819 0.438189
-1.207874 0.438189 -1.207874 0.438189
-1.166929 0.438189 -1.166929 0.438189
-1.125984 0.438189 -1.125984 0.438189
-1.085039 0.438189 -1.085039 0.438189
-1.044094 0.438189 -1.044094 0.438189
-1.003150 0.438189 -1.003150 0.438189
-0.962205 0.438189 -0.962205 0.438189
-0.921260 0.438189 -0.921260 0.438189
-0.880315 0.438189 -0.880315 0.438189
-0.839370 0.438189 -0.839370 0.438189
-0.798425 0.438189 -0.798425 0.438189
-0.757480 0.438189 -0.757480 0.438189
-0.716535 0.438189 -0.716535 0.438189
-0.675591 0.438189 -0.294888 0.438189
-0.634646 0.438189 -0.187984 0.438189
-0.593701 0.438189 -0.253058 0.438189
-0.552756 0.438189 -0.186379 0.438189
-0.511811 0.438189 -0.244749 0.438189
-0.470866 0.438189 -0.192553 0.438189
-0.429921 0.438189 -0.238839 0.438189
-0.388976 0.438189 -0.193219 0.438189
-0.348031 0.438189 -0.147598 0.438189
-0.307087 0.438189 -0.101977 0.438189
-0.266142 0.438189 -0.147294 0.438189
-0.225197 0.438189 -0.104861 0.438189
-0.184252 0.438189 -0.062427 0.438189
-0.143307 0.438189 -0.103252 0.438189
-0.102362 0.438189 -0.062151 0.438189
-0.061417 0.438189 -0.021050 0.438189
-0.020472 0.438189 0.020051 0.438189
0.020472 0.438189 -0.020051 0.438189
0.061417 0.438189 0.021050 0.438189
0.102362 0.438189 0.062151 0.438189
0.143307 0.438189 0.103252 0.438189
0.184252 0.438189 0.062427 0.438189
0.225197 0.438189 0.104861 0.438189
0.266142 0.438189 0.147294 0.438189
0.307087 0.438189 0.101977 0.438189
0.348031 0.438189 0.147598 0.438189
0.388976 0.438189 0.193219 0.438189
0.429921 0.438189 0.238839 0.438189
0.470866 0.438189 0.192553 0.438189
0.511811 0.438189 0.244749 0.438189
0.552756 0.438189 0.186379 0.438189
0.593701 0.438189 0.253058 0.438189
0.634646 0.438189 0.187984 0.438189
0.675591 0.438189 0.294888 0.438189
0.716535 0.438189 0.716535 0.438189
0.757480 0.438189 0.757480 0.438189
0.798425 0.438189 0.798425 0.438189
0.839370 0.438189 0.839370 0.438189
0.880315 0.438189 0.880315 0.438189
0.921260 0.438189 0.921260 0.438189
0.962205 0.438189 0.962205 0.438189
1.003150 0.438189 1.003150 0.438189
1.044094 0.438189 1.044094 0.438189
1.085039 0.438189 1.085039 0.438189
1.125984 0.438189 1.125984 0.438189
1.166929 0.438189 1.166929 0.438189
1.207874 0.438189 1.207874 0.438189
1.248819 0.438189 1.248819 0.438189
1.289764 0.438189 1.289764 0.438189
1.330709 0.438189 1.330709 0.438189
1.371654 0.438189 1.371654 0.438189
1.412598 0.438189 1.412598 0.438189
1.453543 0.438189 1.453543 0.438189
1.494488 0.438189 1.494488 0.438189
1.535433 0.438189 1.535433 0.438189
1.576378 0.438189 1.576378 0.438189
1.617323 0.438189 1.617323 0.438189
1.658268 0.438189 1.658268 0.438189
1.699213 0.438189 1.699213 0.438189
1.740157 0.438189 1.740157 0.438189
1.781102 0.438189 1.781102 0.438189
1.822047 0.438189 1.822047 0.438189
1.862992 0.438189 1.862992 0.438189
1.903937 0.438189 1.903937 0.438189
1.944882 0.438189 1.944882 0.438189
1.985827 0.438189 1.985827 0.438189
2.026772 0.438189 2.026772 0.438189
2.067717 0.438189 2.067717 0.438189
2.108661 0.438189 2.108661 0.438189
2.149606 0.438189 2.149606 0.438189
2.190551 0.438189 2.190551 0.438189
2.231496 0.438189 2.231496 0.438189
2.272441 0.438189 2.272441 0.438189
2.313386 0.438189 2.313386 0.438189
2.354331 0.438189 2.354331 0.438189
2.395276 0.438189 2.395276 0.438189
2.436220 0.438189 2.436220 0.438189
2.477165 0.438189 2.477165 0.438189
2.518110 0.438189 2.518110 0.438189
2.559055 0.438189 2.559055 0.438189
2.600000 0.438189 2.600000 0.438189
-2.600000 0.454724 -2.600000 0.454724
-2.559055 0.454724 -2.559055 0.454724
-2.518110 0.454724 -2.518110 0.454724
-2.477165 0.454724 -2.477165 0.454724
-2.436220 0.454724 -2.436220 0.454724
-2.395276 0.454724 -2.395276 0.454724
-2.354331 0.454724 -2.354331 0.454724
-2.313386 0.454724 -2.313386 0.454724
-2.272441 0.454724 -2.272441 0.454724
-2.231496 0.454724 -2.231496 0.454724
-2.190551 0.454724 -2.190551 0.454724
-2.149606 0.454724 -2.149606 0.454724
-2.108661 0.454724 -2.108661 0.454724
-2.067717 0.454724 -2.067717 0.454724
-2.026772 0.454724 -2.026772 0.454724
-1.985827 0.454724 -1.985827 0.454724
-1.944882 0.454724 -1.944882 0.454724
-1.903937 0.454724 -1.903937 0.454724
-1.862992 0.454724 -1.862992 0.454724
-1.822047 0.454724 -1.822047 0.454724
-1.781102 0.454724 -1.781102 0.454724
-1.740157 0.454724 -1.740157 0.454724
-1.699213 0.454724 -1.699213 0.454724
-1.658268 0.454724 -1.658268 0.454724
-1.617323 0.454724 -1.617323 0.454724
-1.576378 0.454724 -1.576378 0.454724
-1.535433 0.454724 -1.535433 0.454724
-1.494488 0.454724 -1.494488 0.454724
-1.453543 0.454724 -1.453543 0.454724
-1.412598 0.454724 -1.412598 0.454724
-1.371654 0.454724 -1.371654 0.454724
-1.330709 0.454724 -1.330709 0.454724
-1.289764 0.454724 -1.289764 0.454724
-1.248819 0.454724 -1.248819 0.454724
-1.207874 0.454724 -1.207874 0.454724
-1.166929 0.454724 -1.166929 0.454724
-1.125984 0.454724 -1.125984 0.454724
-1.085039 0.454724 -1.085039 0.454724
-1.044094 0.454724 -1.044094 0.454724
-1.003150 0.454724 -1.003150 0.454724
-0.962205 0.454724 -0.962205 0.454724
-0.921260 0.454724 -0.921260 0.454724
-0.880315 0.454724 -0.880315 0.454724
-0.839370 0.454724 -0.839370 0.454724
-0.798425 0.454724 -0.798425 0.454724
-0.757480 0.454724 -0.757480 0.454724
-0.716535 0.454724 -0.716535 0.454724
-0.675591 0.454724 -0.675591 0.454724
-0.634646 0.454724 -0.634646 0.454724
-0.593701 0.454724 -0.593701 0.454724
-0.552756 0.454724 -0.552756 0.454724
-0.511811 0.454724 -0.511811 0.454724
-0.470866 0.454724 -0.470866 0.454724
-0.429921 0.454724 -0.429921 0.454724
-0.388976 0.454724 -0.388976 0.454724
-0.348031 0.454724 -0.348031 0.454724
-0.307087 0.454724 -0.307087 0.454724
-0.266142 0.454724 -0.266142 0.454724
-0.225197 0.454724 -0.225197 0.454724
-0.184252 0.454724 -0.184252 0.454724
-0.143307 0.454724 -0.143307 0.454724
-0.102362 0.454724 -0.102362 0.454724
-0.061417 0.454724 -0.061417 0.454724
-0.020472 0.454724 -0.020472 0.454724
0.020472 0.454724 0.020472 0.454724
0.061417 0.454724 0.061417 0.454724
0.102362 0.454724 0.102362 0.454724
0.143307 0.454724 0.143307 0.454724
0.184252 0.454724 0.184252 0.454724
0.225197 0.454724 0.225197 0.454724
0.266142 0.454724 0.266142 0.454724
0.307087 0.454724 0.307087 0.454724
0.348031 0.454724 0.348031 0.454724
0.388976 0.454724 0.388976 0.454724
0.429921 0.454724 0.429921 0.454724
0.470866 0.454724 0.470866 0.454724
0.511811 0.454724 0.511811 0.454724
0.552756 0.454724 0.552756 0.454724
0.593701 0.454724 0.593701 0.454724
0.634646 0.454724 0.634646 0.454724
0.675591 0.454724 0.675591 0.454724
0.716535 0.454724 0.716535 0.454724
0.757480 0.454724 0.757480 0.454724
0.798425 0.454724 0.798425 0.454724
0.839370 0.454724 0.839370 0.454724
0.880315 0.454724 0.880315 0.454724
0.921260 0.454724 0.921260 0.454724
0.962205 0.454724 0.962205 0.454724
1.003150 0.454724 1.003150 0.454724
1.044094 0.454724 1.044094 0.454724
1.085039 0.454724 1.085039 0.454724
1.125984 0.454724 1.125984 0.454724
1.166929 0.454724 1.166929 0.454724
1.207874 0.454724 1.207874 0.454724
1.248819 0.454724 1.248819 0.454724
1.289764 0.454724 1.289764 0.454724
1.330709 0.454724 1.330709 0.454724
1.371654 0.454724 1.371654 0.454724
1.412598 0.454724 1.412598 0.454724
1.453543 0.454724 1.453543 0.454724
1.494488 0.454724 1.494488 0.454724
1.535433 0.454724 1.535433 0.454724
1.576378 0.454724 1.576378 0.454724
1.617323 0.454724 1.617323 0.454724
1.658268 0.454724 1.658268 0.454724
1.699213 0.454724 1.699213 0.454724
1.740157 0.454724 1.740157 0.454724
1.781102 0.454724 1.781102 0.454724
1.822047 0.454724 1.822047 0.454724
1.862992 0.454724 1.862992 0.454724
1.903937 0.454724 1.903937 0.454724
1.944882 0.454724 1.944882 0.454724
1.985827 0.454724 1.985827 0.454724
2.026772 0.454724 2.026772 0.454724
2.067717 0.454724 2.067717 0.454724
2.108661 0.454724 2.108661 0.454724
2.149606 0.454724 2.149606 0.454724
2.190551 0.454724 2.190551 0.454724
2.231496 0.454724 2.231496 0.454724
2.272441 0.454724 2.272441 0.454724
2.313386 0.454724 2.313386 0.454724
2.354331 0.454724 2.354331 0.454724
2.395276 0.454724 2.395276 0.454724
2.436220 0.454724 2.436220 0.454724
2.477165 0.454724 2.477165 0.454724
2.518110 0.454724 2.518110 0.454724
2.559055 0.454724 2.559055 0.454724
2.600000 0.454724 2.600000 0.454724
-2.600000 0.471260 -2.600000 0.471260
-2.559055 0.471260 -2.559055 0.471260
-2.518110 0.471260 -2.518110 0.471260
-2.477165 0.471260 -2.477165 0.471260
-2.436220 0.471260 -2.436220 0.471260
-2.395276 0.471260 -2.395276 0.471260
-2.354331 0.471260 -2.354331 0.471260
-2.313386 0.471260 -2.313386 0.471260
-2.272441 0.471260 -2.272441 0.471260
-2.231496 0.471260 -2.231496 0.471260
-2.190551 0.471260 -2.190551 0.471260
-2.149606 0.471260 -2.149606 0.471260
-2.108661 0.471260 -2.108661 0.471260
-2.067717 0.471260 -2.067717 0.471260
-2.026772 0.471260 -2.026772 0.471260
-1.985827 0.471260 -1.985827 0.471260
-1.944882 0.471260 -1.944882 0.471260
-1.903937 0.471260 -1.903937 0.471260
-1.862992 0.471260 -1.862992 0.471260
-1.822047 0.471260 -1.822047 0.471260
-1.781102 0.471260 -1.781102 0.471260
-1.740157 0.471260 -1.740157 0.471260
-1.699213 0.471260 -1.699213 0.471260
-1.658268 0.471260 -1.658268 0.471260
-1.617323 0.471260 -1.617323 0.471260
-1.576378 0.471260 -1.576378 0.471260
-1.535433 0.471260 -1.535433 0.471260
-1.494488 0.471260 -1.494488 0.471260
-1.453543 0.471260 -1.453543 0.471260
-1.412598 0.471260 -1.412598 0.471260
-1.371654 0.471260 -1.371654 0.471260
-1.330709 0.471260 -1.330709 0.471260
-1.289764 0.471260 -1.289764 0.471260
-1.248819 0.471260 -1.248819 0.471260
-1.207874 0.471260 -1.207874 0.471260
-1.166929 0.471260 -1.166929 0.471260
-1.125984 0.471260 -1.125984 0.471260
-1.085039 0.471260 -1.085039 0.471260
-1.044094 0.471260 -1.044094 0.471260
-1.003150 0.471260 -1.003150 0.471260
-0.962205 0.471260 -0.962205 0.471260
-0.921260 0.471260 -0.921260 0.471260
-0.880315 0.471260 -0.880315 0.471260
-0.839370 0.471260 -0.839370 0.471260
-0.798425 0.471260 -0.798425 0.471260
-0.757480 0.471260 -0.757480 0.471260
-0.716535 0.471260 -0.716535 0.471260
-0.675591 0.471260 -0.675591 0.471260
-0.634646 0.471260 -0.634646 0.471260
-0.593701 0.471260 -0.593701 0.471260
-0.552756 0.471260 -0.552756 0.471260
-0.511811 0.471260 -0.511811 0.471260
-0.470866 0.471260 -0.470866 0.471260
-0.429921 0.471260 -0.429921 0.471260
-0.388976 0.471260 -0.388976 0.471260
-0.348031 0.471260 -0.348031 0.471260
-0.307087 0.471260 -0.307087 0.471260
-0.266142 0.471260 -0.266142 0.471260
-0.225197 0.471260 -0.225197 0.471260
-0.184252 0.471260 -0.184252 0.471260
-0.143307 0.471260 -0.143307 0.471260
-0.102362 0.471260 -0.102362 0.471260
-0.061417 0.471260 -0.061417 0.471260
-0.020472 0.471260 -0.020472 0.471260
0.020472 0.471260 0.020472 0.471260
0.061417 0.471260 0.061417 0.471260
0.102362 0.471260 0.102362 0.471260
0.143307 0.471260 0.143307 0.471260
0.184252 0.471260 0.184252 0.471260
0.225197 0.471260 0.225197 0.471260
0.266142 0.471260 0.266142 0.471260
0.307087 0.471260 0.307087 0.471260
0.348031 0.471260 0.348031 0.471260
0.388976 0.471260 0.388976 0.471260
0.429921 0.471260 0.429921 0.471260
0.470866 0.471260 0.470866 0.471260
0.511811 0.471260 0.511811 0.471260
0.552756 0.471260 0.552756 0.471260
0.593701 0.471260 0.593701 0.471260
0.634646 0.471260 0.634646 0.471260
0.675591 0.471260 0.675591 0.471260
0.716535 0.471260 0.716535 0.471260
0.757480 0.471260 0.757480 0.471260
0.798425 0.471260 0.798425 0.471260
0.839370 0.471260 0.839370 0.471260
0.880315 0.471260 0.880315 0.471260
0.921260 0.471260 0.921260 0.471260
0.962205 0.471260 0.962205 0.471260
1.003150 0.471260 1.003150 0.471260
1.044094 0.471260 1.044094 0.471260
1.085039 0.471260 1.085039 0.471260
1.125984 0.471260 1.125984 0.471260
1.166929 0.471260 1.166929 0.471260
1.207874 0.471260 1.207874 0.471260
1.248819 0.471260 1.248819 0.471260
1.289764 0.471260 1.289764 0.471260
1.330709 0.471260 1.330709 0.471260
1.371654 0.471260 1.371654 0.471260
1.412598 0.471260 1.412598 0.471260
1.453543 0.471260 1.453543 0.471260
1.494488 0.471260 1.494488 0.471260
1.535433 0.471260 1.535433 0.471260
1.576378 0.471260 1.576378 0.471260
1.617323 0.471260 1.617323 0.471260
1.658268 0.471260 1.658268 0.471260
1.699213 0.471260 1.699213 0.471260
1.740157 0.471260 1.740157 0.471260
1.781102 0.471260 1.781102 0.471260
1.822047 0.471260 1.822047 0.471260
1.862992 0.471260 1.862992 0.471260
1.903937 0.471260 1.903937 0.471260
1.944882 0.471260 1.944882 0.471260
1.985827 0.471260 1.985827 0.471260
2.026772 0.471260 2.026772 0.471260
2.067717 0.471260 2.067717 0.471260
2.108661 0.471260 2.108661 0.471260
2.149606 0.471260 2.149606 0.471260
2.190551 0.471260 2.190551 0.471260
2.231496 0.471260 2.231496 0.471260
2.272441 0.471260 2.272441 0.471260
2.313386 0.471260 2.313386 0.471260
2.354331 0.471260 2.354331 0.471260
2.395276 0.471260 2.395276 0.471260
2.436220 0.471260 2.436220 0.471260
2.477165 0.471260 2.477165 0.471260
2.518110 0.471260 2.518110 0.471260
2.559055 0.471260 2.559055 0.471260
2.600000 0.471260 2.600000 0.471260
-2.600000 0.487795 -2.600000 0.487795
-2.559055 0.487795 -2.559055 0.487795
-2.518110 0.487795 -2.518110 0.487795
-2.477165 0.487795 -2.477165 0.487795
-2.436220 0.487795 -2.436220 0.487795
-2.395276 0.487795 -2.395276 0.487795
-2.354331 0.487795 -2.354331 0.487795
-2.313386 0.487795 -2.313386 0.487795
-2.272441 0.487795 -2.272441 0.487795
-2.231496 0.487795 -2.231496 0.487795
-2.190551 0.487795 -2.190551 0.487795
-2.149606 0.487795 -2.149606 0.487795
-2.108661 0.487795 -2.108661 0.487795
-2.067717 0.487795 -2.067717 0.487795
-2.026772 0.487795 -2.026772 0.487795
-1.985827 0.487795 -1.985827 0.487795
-1.944882 0.487795 -1.944882 0.487795
-1.903937 0.487795 -1.903937 0.487795
-1.862992 0.487795 -1.862992 0.487795
-1.822047 0.487795 -1.822047 0.487795
-1.781102 0.487795 -1.781102 0.487795
-1.740157 0.487795 -1.740157 0.487795
-1.699213 0.487795 -1.699213 0.487795
-1.658268 0.487795 -1.658268 0.487795
-1.617323 0.487795 -1.617323 0.487795
-1.576378 0.487795 -1.576378 0.487795
-1.535433 0.487795 -1.535433 0.487795
-1.494488 0.487795 -1.494488 0.487795
-1.453543 0.487795 -1.453543 0.487795
-1.412598 0.487795 -1.412598 0.487795
-1.371654 0.487795 -1.371654 0.487795
-1.330709 0.487795 -1.330709 0.487795
-1.289764 0.487795 -1.289764 0.487795
-1.248819 0.487795 -1.248819 0.487795
-1.207874 0.487795 -1.207874 0.487795
-1.166929 0.487795 -1.166929 0.487795
-1.125984 0.487795 -1.125984 0.487795
-1.085039 0.487795 -1.085039 0.487795
-1.044094 0.487795 -1.044094 0.487795
-1.003150 0.487795 -1.003150 0.487795
-0.962205 0.487795 -0.962205 0.487795
-0.921260 0.487795 -0.921260 0.487795
-0.880315 0.487795 -0.880315 0.487795
-0.839370 0.487795 -0.839370 0.487795
-0.798425 0.487795 -0.798425 0.487795
-0.757480 0.487795 -0.757480 0.487795
-0.716535 0.487795 -0.716535 0.487795
-0.675591 0.487795 -0.675591 0.487795
-0.634646 0.487795 -0.634646 0.487795
-0.593701 0.487795 -0.593701 0.487795
-0.552756 0.487795 -0.552756 0.487795
-0.511811 0.487795 -0.511811 0.487795
-0.470866 0.487795 -0.470866 0.487795
-0.429921 0.487795 -0.429921 0.487795
-0.388976 0.487795 -0.388976 0.487795
-0.348031 0.487795 -0.348031 0.487795
-0.307087 0.487795 -0.307087 0.487795
-0.266142 0.487795 -0.266142 0.487795
-0.225197 0.487795 -0.225197 0.487795
-0.184252 0.487795 -0.184252 0.487795
-0.143307 0.487795 -0.143307 0.487795
-0.102362 0.487795 -0.102362 0.487795
-0.061417 0.487795 -0.061417 0.487795
-0.020472 0.487795 -0.020472 0.487795
0.020472 0.487795 0.020472 0.487795
0.061417 0.487795 0.061417 0.487795
0.102362 0.487795 0.102362 0.487795
0.143307 0.487795 0.143307 0.487795
0.184252 0.487795 0.184252 0.487795
0.225197 0.487795 0.225197 0.487795
0.266142 0.487795 0.266142 0.487795
0.307087 0.487795 0.307087 0.487795
0.348031 0.487795 0.348031 0.487795
0.388976 0.487795 0.388976 0.487795
0.429921 0.487795 0.429921 0.487795
0.470866 0.487795 0.470866 0.487795
0.511811 0.487795 0.511811 0.487795
0.552756 0.487795 0.552756 0.487795
0.593701 0.487795 0.593701 0.487795
0.634646 0.487795 0.634646 0.487795
0.675591 0.487795 0.675591 0.487795
0.716535 0.487795 0.716535 0.487795
0.757480 0.487795 0.757480 0.487795
0.798425 0.487795 0.798425 0.487795
0.839370 0.487795 0.839370 0.487795
0.880315 0.487795 0.880315 0.487795
0.921260 0.487795 0.921260 0.487795
0.962205 0.487795 0.962205 0.487795
1.003150 0.487795 1.003150 0.487795
1.044094 0.487795 1.044094 0.487795
1.085039 0.487795 1.085039 0.487795
1.125984 0.487795 1.125984 0.487795
1.166929 0.487795 1.166929 0.487795
1.207874 0.487795 1.207874 0.487795
1.248819 0.487795 1.248819 0.487795
1.289764 0.487795 1.289764 0.487795
1.330709 0.487795 1.330709 0.487795
1.371654 0.487795 1.371654 0.487795
1.412598 0.487795 1.412598 0.487795
1.453543 0.487795 1.453543 0.487795
1.494488 0.487795 1.494488 0.487795
1.535433 0.487795 1.535433 0.487795
1.576378 0.487795 1.576378 0.487795
1.617323 0.487795 1.617323 0.487795
1.658268 0.487795 1.658268 0.487795
1.699213 0.487795 1.699213 0.487795
1.740157 0.487795 1.740157 0.487795
1.781102 0.487795 1.781102 0.487795
1.822047 0.487795 1.822047 0.487795
1.862992 0.487795 1.862992 0.487795
1.903937 0.487795 1.903937 0.487795
1.944882 0.487795 1.944882 0.487795
1.985827 0.487795 1.985827 0.487795
2.026772 0.487795 2.026772 0.487795
2.067717 0.487795 2.067717 0.487795
2.108661 0.487795 2.108661 0.487795
2.149606 0.487795 2.149606 0.487795
2.190551 0.487795 2.190551 0.487795
2.231496 0.487795 2.231496 0.487795
2.272441 0.487795 2.272441 0.487795
2.313386 0.487795 2.313386 0.487795
2.354331 0.487795 2.354331 0.487795
2.395276 0.487795 2.395276 0.487795
2.436220 0.487795 2.436220 0.487795
2.477165 0.487795 2.477165 0.487795
2.518110 0.487795 2.518110 0.487795
2.559055 0.487795 2.559055 0.487795
2.600000 0.487795 2.600000 0.487795
-2.600000 0.504331 -2.600000 0.504331
-2.559055 0.504331 -2.559055 0.504331
-2.518110 0.504331 -2.518110 0.504331
-2.477165 0.504331 -2.477165 0.504331
-2.436220 0.504331 -2.436220 0.504331
-2.395276 0.504331 -2.395276 0.504331
-2.354331 0.504331 -2.354331 0.504331
-2.313386 0.504331 -2.313386 0.504331
-2.272441 0.504331 -2.272441 0.504331
-2.231496 0.504331 -2.231496 0.504331
-2.190551 0.504331 -2.190551 0.504331
-2.149606 0.504331 -2.149606 0.504331
-2.108661 0.504331 -2.108661 0.504331
-2.067717 0.504331 -2.067717 0.504331
-2.026772 0.504331 -2.026772 0.504331
-1.985827 0.504331 -1.985827 0.504331
-1.944882 0.504331 -1.944882 0.504331
-1.903937 0.504331 -1.903937 0.504331
-1.862992 0.504331 -1.862992 0.504331
-1.822047 0.504331 -1.822047 0.504331
-1.781102 0.504331 -1.781102 0.504331
-1.740157 0.504331 -1.740157 0.504331
-1.699213 0.504331 -1.699213 0.504331
-1.658268 0.504331 -1.658268 0.504331
-1.617323 0.504331 -1.617323 0.504331
-1.576378 0.504331 -1.576378 0.504331
-1.535433 0.504331 -1.535433 0.504331
-1.494488 0.504331 -1.494488 0.504331
-1.453543 0.504331 -1.453543 0.504331
-1.412598 0.504331 -1.412598 0.504331
-1.371654 0.504331 -1.371654 0.504331
-1.330709 0.504331 -1.330709 0.504331
-1.289764 0.504331 -1.289764 0.504331
-1.248819 0.504331 -1.248819 0.504331
-1.207874 0.504331 -1.207874 0.504331
-1.166929 0.504331 -1.166929 0.504331
-1.125984 0.504331 -1.125984 0.504331
-1.085039 0.504331 -1.085039 0.504331
-1.044094 0.504331 -1.044094 0.504331
-1.003150 0.504331 -1.003150 0.504331
-0.962205 0.504331 -0.962205 0.504331
-0.921260 0.504331 -0.921260 0.504331
-0.880315 0.504331 -0.880315 0.504331
-0.839370 0.504331 -0.839370 0.504331
-0.798425 0.504331 -0.798425 0.504331
-0.757480 0.504331 -0.757480 0.504331
-0.716535 0.504331 -0.716535 0.504331
-0.675591 0.504331 -0.675591 0.504331
-0.634646 0.504331 -0.634646 0.504331
-0.593701 0.504331 -0.593701 0.504331
-0.552756 0.504331 -0.552756 0.504331
-0.511811 0.504331 -0.511811 0.504331
-0.470866 0.504331 -0.470866 0.504331
-0.429921 0.504331 -0.429921 0.504331
-0.388976 0.504331 -0.388976 0.504331
-0.348031 0.504331 -0.348031 0.504331
-0.307087 0.504331 -0.307087 0.504331
-0.266142 0.504331 -0.266142 0.504331
-0.225197 0.504331 -0.225197 0.504331
-0.184252 0.504331 -0.184252 0.504331
-0.143307 0.504331 -0.143307 0.504331
-0.102362 0.504331 -0.102362 0.504331
-0.061417 0.504331 -0.061417 0.504331
-0.020472 0.504331 -0.020472 0.504331
0.020472 0.504331 0.020472 0.504331
0.061417 0.504331 0.061417 0.504331
0.102362 0.504331 0.102362 0.504331
0.143307 0.504331 0.143307 0.504331
0.184252 0.504331 0.184252 0.504331
0.225197 0.504331 0.225197 0.504331
0.266142 0.504331 0.266142 0.504331
0.307087 0.504331 0.307087 0.504331
0.348031 0.504331 0.348031 0.504331
0.388976 0.504331 0.388976 0.504331
0.429921 0.504331 0.429921 0.504331
0.470866 0.504331 0.470866 0.504331
0.511811 0.504331 0.511811 0.504331
0.552756 0.504331 0.552756 0.504331
0.593701 0.504331 0.593701 0.504331
0.634646 0.504331 0.634646 0.504331
0.675591 0.504331 0.675591 0.504331
0.716535 0.504331 0.716535 0.504331
0.757480 0.504331 0.757480 0.504331
0.798425 0.504331 0.798425 0.504331
0.839370 0.504331 0.839370 0.504331
0.880315 0.504331 0.880315 0.504331
0.921260 0.504331 0.921260 0.504331
0.962205 0.504331 0.962205 0.504331
1.003150 0.504331 1.003150 0.504331
1.044094 0.504331 1.044094 0.504331
1.085039 0.504331 1.085039 0.504331
1.125984 0.504331 1.125984 0.504331
1.166929 0.504331 1.166929 0.504331
1.207874 0.504331 1.207874 0.504331
1.248819 0.504331 1.248819 0.504331
1.289764 0.504331 1.289764 0.504331
1.330709 0.504331 1.330709 0.504331
1.371654 0.504331 1.371654 0.504331
1.412598 0.504331 1.412598 0.504331
1.453543 0.504331 1.453543 0.504331
1.494488 0.504331 1.494488 0.504331
1.535433 0.504331 1.535433 0.504331
1.576378 0.504331 1.576378 0.504331
1.617323 0.504331 1.617323 0.504331
1.658268 0.504331 1.658268 0.504331
1.699213 0.504331 1.699213 0.504331
1.740157 0.504331 1.740157 0.504331
1.781102 0.504331 1.781102 0.504331
1.822047 0.504331 1.822047 0.504331
1.862992 0.504331 1.862992 0.504331
1.903937 0.504331 1.903937 0.504331
1.944882 0.504331 1.944882 0.504331
1.985827 0.504331 1.985827 0.504331
2.026772 0.504331 2.026772 0.504331
2.067717 0.504331 2.067717 0.504331
2.108661 0.504331 2.108661 0.504331
2.149606 0.504331 2.149606 0.504331
2.190551 0.504331 2.190551 0.504331
2.231496 0.504331 2.231496 0.504331
2.272441 0.504331 2.272441 0.504331
2.313386 0.504331 2.313386 0.504331
2.354331 0.504331 2.354331 0.504331
2.395276 0.504331 2.395276 0.504331
2.436220 0.504331 2.436220 0.504331
2.477165 0.504331 2.477165 0.504331
2.518110 0.504331 2.518110 0.504331
2.559055 0.504331 2.559055 0.504331
2.600000 0.504331 2.600000 0.504331
-2.600000 0.520866 -2.600000 0.520866
-2.559055 0.520866 -2.559055 0.520866
-2.518110 0.520866 -2.518110 0.520866
-2.477165 0.520866 -2.477165 0.520866
-2.436220 0.520866 -2.436220 0.520866
-2.395276 0.520866 -2.395276 0.520866
-2.354331 0.520866 -2.354331 0.520866
-2.313386 0.520866 -2.313386 0.520866
-2.272441 0.520866 -2.272441 0.520866
-2.231496 0.520866 -2.231496 0.520866
-2.190551 0.520866 -2.190551 0.520866
-2.149606 0.520866 -2.149606 0.520866
-2.108661 0.520866 -2.108661 0.520866
-2.067717 0.520866 -2.067717 0.520866
-2.026772 0.520866 -2.026772 0.520866
-1.985827 0.520866 -1.985827 0.520866
-1.944882 0.520866 -1.944882 0.520866
-1.903937 0.520866 -1.903937 0.520866
-1.862992 0.520866 -1.862992 0.520866
-1.822047 0.520866 -1.822047 0.520866
-1.781102 0.520866 -1.781102 0.520866
-1.740157 0.520866 -1.740157 0.520866
-1.699213 0.520866 -1.699213 0.520866
-1.658268 0.520866 -1.658268 0.520866
-1.617323 0.520866 -1.617323 0.520866
-1.576378 0.520866 -1.576378 0.520866
-1.535433 0.520866 -1.535433 0.520866
-1.494488 0.520866 -1.494488 0.520866
-1.453543 0.520866 -1.453543 0.520866
-1.412598 0.520866 -1.412598 0.520866
-1.371654 0.520866 -1.371654 0.520866
-1.330709 0.520866 -1.330709 0.520866
-1.289764 0.520866 -1.289764 0.520866
-1.248819 0.520866 -1.248819 0.520866
-1.207874 0.520866 -1.207874 0.520866
-1.166929 0.520866 -1.166929 0.520866
-1.125984 0.520866 -1.125984 0.520866
-1.085039 0.520866 -1.085039 0.520866
-1.044094 0.520866 -1.044094 0.520866
-1.003150 0.520866 -1.003150 0.520866
-0.962205 0.520866 -0.962205 0.520866
-0.921260 0.520866 -0.921260 0.520866
-0.880315 0.520866 -0.880315 0.520866
-0.839370 0.520866 -0.839370 0.520866
-0.798425 0.520866 -0.798425 0.520866
-0.757480 0.520866 -0.757480 0.520866
-0.716535 0.520866 -0.716535 0.520866
-0.675591 0.520866 -0.675591 0.520866
-0.634646 0.520866 -0.634646 0.520866
-0.593701 0.520866 -0.593701 0.520866
-0.552756 0.520866 -0.552756 0.520866
-0.511811 0.520866 -0.511811 0.520866
-0.470866 0.520866 -0.470866 0.520866
-0.429921 0.520866 -0.429921 0.520866
-0.388976 0.520866 -0.388976 0.520866
-0.348031 0.520866 -0.348031 0.520866
-0.307087 0.520866 -0.307087 0.520866
-0.266142 0.520866 -0.266142 0.520866
-0.225197 0.520866 -0.225197 0.520866
-0.184252 0.520866 -0.184252 0.520866
-0.143307 0.520866 -0.143307 0.520866
-0.102362 0.520866 -0.102362 0.520866
-0.061417 0.520866 -0.061417 0.520866
-0.020472 0.520866 -0.020472 0.520866
0.020472 0.520866 0.020472 0.520866
0.061417 0.520866 0.061417 0.520866
0.102362 0.520866 0.102362 0.520866
0.143307 0.520866 0.143307 0.520866
0.184252 0.520866 0.184252 0.520866
0.225197 0.520866 0.225197 0.520866
0.266142 0.520866 0.266142 0.520866
0.307087 0.520866 0.307087 0.520866
0.348031 0.520866 0.348031 0.520866
0.388976 0.520866 0.388976 0.520866
0.429921 0.520866 0.429921 0.520866
0.470866 0.520866 0.470866 0.520866
0.511811 0.520866 0.511811 0.520866
0.552756 0.520866 0.552756 0.520866
0.593701 0.520866 0.593701 0.520866
0.634646 0.520866 0.634646 0.520866
0.675591 0.520866 0.675591 0.520866
0.716535 0.520866 0.716535 0.520866
0.757480 0.520866 0.757480 0.520866
0.798425 0.520866 0.798425 0.520866
0.839370 0.520866 0.839370 0.520866
0.880315 0.520866 0.880315 0.520866
0.921260 0.520866 0.921260 0.520866
0.962205 0.520866 0.962205 0.520866
1.003150 0.520866 1.003150 0.520866
1.044094 0.520866 1.044094 0.520866
1.085039 0.520866 1.085039 0.520866
1.125984 0.520866 1.125984 0.520866
1.166929 0.520866 1.166929 0.520866
1.207874 0.520866 1.207874 0.520866
1.248819 0.520866 1.248819 0.520866
1.289764 0.520866 1.289764 0.520866
1.330709 0.520866 1.330709 0.520866
1.371654 0.520866 1.371654 0.520866
1.412598 0.520866 1.412598 0.520866
1.453543 0.520866 1.453543 0.520866
1.494488 0.520866 1.494488 0.520866
1.535433 0.520866 1.535433 0.520866
1.576378 0.520866 1.576378 0.520866
1.617323 0.520866 1.617323 0.520866
1.658268 0.520866 1.658268 0.520866
1.699213 0.520866 1.699213 0.520866
1.740157 0.520866 1.740157 0.520866
1.781102 0.520866 1.781102 0.520866
1.822047 0.520866 1.822047 0.520866
1.862992 0.520866 1.862992 0.520866
1.903937 0.520866 1.903937 0.520866
1.944882 0.520866 1.944882 0.520866
1.985827 0.520866 1.985827 0.520866
2.026772 0.520866 2.026772 0.520866
2.067717 0.520866 2.067717 0.520866
2.108661 0.520866 2.108661 0.520866
2.149606 0.520866 2.149606 0.520866
2.190551 0.520866 2.190551 0.520866
2.231496 0.520866 2.231496 0.520866
2.272441 0.520866 2.272441 0.520866
2.313386 0.520866 2.313386 0.520866
2.354331 0.520866 2.354331 0.520866
2.395276 0.520866 2.395276 0.520866
2.436220 0.520866 2.436220 0.520866
2.477165 0.520866 2.477165 0.520866
2.518110 0.520866 2.518110 0.520866
2.559055 0.520866 2.559055 0.520866
2.600000 0.520866 2.600000 0.520866
-2.600000 0.537402 -2.600000 0.537402
-2.559055 0.537402 -2.559055 0.537402
-2.518110 0.537402 -2.518110 0.537402
-2.477165 0.537402 -2.477165 0.537402
-2.436220 0.537402 -2.436220 0.537402
-2.395276 0.537402 -2.395276 0.537402
-2.354331 0.537402 -2.354331 0.537402
-2.313386 0.537402 -2.313386 0.537402
-2.272441 0.537402 -2.272441 0.537402
-2.231496 0.537402 -2.231496 0.537402
-2.190551 0.537402 -2.190551 0.537402
-2.149606 0.537402 -2.149606 0.537402
-2.108661 0.537402 -2.108661 0.537402
-2.067717 0.537402 -2.067717 0.537402
-2.026772 0.537402 -2.026772 0.537402
-1.985827 0.537402 -1.985827 0.537402
-1.944882 0.537402 -1.944882 0.537402
-1.903937 0.537402 -1.903937 0.537402
-1.862992 0.537402 -1.862992 0.537402
-1.822047 0.537402 -1.822047 0.537402
-1.781102 0.537402 -1.781102 0.537402
-1.740157 0.537402 -1.740157 0.537402
-1.699213 0.537402 -1.699213 0.537402
-1.658268 0.537402 -1.658268 0.537402
-1.617323 0.537402 -1.617323 0.537402
-1.576378 0.537402 -1.576378 0.537402
-1.535433 0.537402 -1.535433 0.537402
-1.494488 0.537402 -1.494488 0.537402
-1.453543 0.537402 -1.453543 0.537402
-1.412598 0.537402 -1.412598 0.537402
-1.371654 0.537402 -1.371654 0.537402
-1.330709 0.537402 -1.330709 0.537402
-1.289764 0.537402 -1.289764 0.537402
-1.248819 0.537402 -1.248819 0.537402
-1.207874 0.537402 -1.207874 0.537402
-1.166929 0.537402 -1.166929 0.537402
-1.125984 0.537402 -1.125984 0.537402
-1.085039 0.537402 -1.085039 0.537402
-1.044094 0.537402 -1.044094 0.537402
-1.003150 0.537402 -1.003150 0.537402
-0.962205 0.537402 -0.962205 0.537402
-0.921260 0.537402 -0.921260 0.537402
-0.880315 0.537402 -0.880315 0.537402
-0.839370 0.537402 -0.839370 0.537402
-0.798425 0.537402 -0.798425 0.537402
-0.757480 0.537402 -0.757480 0.537402
-0.716535 0.537402 -0.716535 0.537402
-0.675591 0.537402 -0.675591 0.537402
-0.634646 0.537402 -0.634646 0.537402
-0.593701 0.537402 -0.593701 0.537402
-0.552756 0.537402 -0.552756 0.537402
-0.511811 0.537402 -0.511811 0.537402
-0.470866 0.537402 -0.470866 0.537402
-0.429921 0.537402 -0.429921 0.537402
-0.388976 0.537402 -0.388976 0.537402
-0.348031 0.537402 -0.348031 0.537402
-0.307087 0.537402 -0.307087 0.537402
-0.266142 0.537402 -0.266142 0.537402
-0.225197 0.537402 -0.225197 0.537402
-0.184252 0.537402 -0.184252 0.537402
-0.143307 0.537402 -0.143307 0.537402
-0.102362 0.537402 -0.102362 0.537402
-0.061417 0.537402 -0.061417 0.537402
-0.020472 0.537402 -0.020472 0.537402
0.020472 0.537402 0.020472 0.537402
0.061417 0.537402 0.061417 0.537402
0.102362 0.537402 0.102362 0.537402
0.143307 0.537402 0.143307 0.537402
0.184252 0.537402 0.184252 0.537402
0.225197 0.537402 0.225197 0.537402
0.266142 0.537402 0.266142 0.537402
0.307087 0.537402 0.307087 0.537402
0.348031 0.537402 0.348031 0.537402
0.388976 0.537402 0.388976 0.537402
0.429921 0.537402 0.429921 0.537402
0.470866 0.537402 0.470866 0.537402
0.511811 0.537402 0.511811 0.537402
0.552756 0.537402 0.552756 0.537402
0.593701 0.537402 0.593701 0.537402
0.634646 0.537402 0.634646 0.537402
0.675591 0.537402 0.675591 0.537402
0.716535 0.537402 0.716535 0.537402
0.757480 0.537402 0.757480 0.537402
0.798425 0.537402 0.798425 0.537402
0.839370 0.537402 0.839370 0.537402
0.880315 0.537402 0.880315 0.537402
0.921260 0.537402 0.921260 0.537402
0.962205 0.537402 0.962205 0.537402
1.003150 0.537402 1.003150 0.537402
1.044094 0.537402 1.044094 0.537402
1.085039 0.537402 1.085039 0.537402
1.125984 0.537402 1.125984 0.537402
1.166929 0.537402 1.166929 0.537402
1.207874 0.537402 1.207874 0.537402
1.248819 0.537402 1.248819 0.537402
1.289764 0.537402 1.289764 0.537402
1.330709 0.537402 1.330709 0.537402
1.371654 0.537402 1.371654 0.537402
1.412598 0.537402 1.412598 0.537402
1.453543 0.537402 1.453543 0.537402
1.494488 0.537402 1.494488 0.537402
1.535433 0.537402 1.535433 0.537402
1.576378 0.537402 1.576378 0.537402
1.617323 0.537402 1.617323 0.537402
1.658268 0.537402 1.658268 0.537402
1.699213 0.537402 1.699213 0.537402
1.740157 0.537402 1.740157 0.537402
1.781102 0.537402 1.781102 0.537402
1.822047 0.537402 1.822047 0.537402
1.862992 0.537402 1.862992 0.537402
1.903937 0.537402 1.903937 0.537402
1.944882 0.537402 1.944882 0.537402
1.985827 0.537402 1.985827 0.537402
2.026772 0.537402 2.026772 0.537402
2.067717 0.537402 2.067717 0.537402
2.108661 0.537402 2.108661 0.537402
2.149606 0.537402 2.149606 0.537402
2.190551 0.537402 2.190551 0.537402
2.231496 0.537402 2.231496 0.537402
2.272441 0.537402 2.272441 0.537402
2.313386 0.537402 2.313386 0.537402
2.354331 0.537402 2.354331 0.537402
2.395276 0.537402 2.395276 0.537402
2.436220 0.537402 2.436220 0.537402
2.477165 0.537402 2.477165 0.537402
2.518110 0.537402 2.518110 0.537402
2.559055 0.537402 2.559055 0.537402
2.600000 0.537402 2.600000 0.537402
-2.600000 0.553937 -2.600000 0.553937
-2.559055 0.553937 -2.559055 0.553937
-2.518110 0.553937 -2.518110 0.553937
-2.477165 0.553937 -2.477165 0.553937
-2.436220 0.553937 -2.436220 0.553937
-2.395276 0.553937 -2.395276 0.553937
-2.354331 0.553937 -2.354331 0.553937
-2.313386 0.553937 -2.313386 0.553937
-2.272441 0.553937 -2.272441 0.553937
-2.231496 0.553937 -2.231496 0.553937
-2.190551 0.553937 -2.190551 0.553937
-2.149606 0.553937 -2.149606 0.553937
-2.108661 0.553937 -2.108661 0.553937
-2.067717 0.553937 -2.067717 0.553937
-2.026772 0.553937 -2.026772 0.553937
-1.985827 0.553937 -1.985827 0.553937
-1.944882 0.553937 -1.944882 0.553937
-1.903937 0.553937 -1.903937 0.553937
-1.862992 0.553937 -1.862992 0.553937
-1.822047 0.553937 -1.822047 0.553937
-1.781102 0.553937 -1.781102 0.553937
-1.740157 0.553937 -1.740157 0.553937
-1.699213 0.553937 -1.699213 0.553937
-1.658268 0.553937 -1.658268 0.553937
-1.617323 0.553937 -1.617323 0.553937
-1.576378 0.553937 -1.576378 0.553937
-1.535433 0.553937 -1.535433 0.553937
-1.494488 0.553937 -1.494488 0.553937
-1.453543 0.553937 -1.453543 0.553937
-1.412598 0.553937 -1.412598 0.553937
-1.371654 0.553937 -1.371654 0.553937
-1.330709 0.553937 -1.330709 0.553937
-1.289764 0.553937 -1.289764 0.553937
-1.248819 0.553937 -1.248819 0.553937
-1.207874 0.553937 -1.207874 0.553937
-1.166929 0.553937 -1.166929 0.553937
-1.125984 0.553937 -1.125984 0.553937
-1.085039 0.553937 -1.085039 0.553937
-1.044094 0.553937 -1.044094 0.553937
-1.003150 0.553937 -1.003150 0.553937
-0.962205 0.553937 -0.962205 0.553937
-0.921260 0.553937 -0.921260 0.553937
-0.880315 0.553937 -0.880315 0.553937
-0.839370 0.553937 -0.839370 0.553937
-0.798425 0.553937 -0.798425 0.553937
-0.757480 0.553937 -0.757480 0.553937
-0.716535 0.553937 -0.716535 0.553937
-0.675591 0.553937 -0.675591 0.553937
-0.634646 0.553937 -0.634646 0.553937
-0.593701 0.553937 -0.593701 0.553937
-0.552756 0.553937 -0.552756 0.553937
-0.511811 0.553937 -0.511811 0.553937
-0.470866 0.553937 -0.470866 0.553937
-0.429921 0.553937 -0.429921 0.553937
-0.388976 0.553937 -0.388976 0.553937
-0.348031 0.553937 -0.348031 0.553937
-0.307087 0.553937 -0.307087 0.553937
-0.266142 0.553937 -0.266142 0.553937
-0.225197 0.553937 -0.225197 0.553937
-0.184252 0.553937 -0.184252 0.553937
-0.143307 0.553937 -0.143307 0.553937
-0.102362 0.553937 -0.102362 0.553937
-0.061417 0.553937 -0.061417 0.553937
-0.020472 0.553937 -0.020472 0.553937
0.020472 0.553937 0.020472 0.553937
0.061417 0.553937 0.061417 0.553937
0.102362 0.553937 0.102362 0.553937
0.143307 0.553937 0.143307 0.553937
0.184252 0.553937 0.184252 0.553937
0.225197 0.553937 0.225197 0.553937
0.266142 0.553937 0.266142 0.553937
0.307087 0.553937 0.307087 0.553937
0.348031 0.553937 0.348031 0.553937
0.388976 0.553937 0.388976 0.553937
0.429921 0.553937 0.429921 0.553937
0.470866 0.553937 0.470866 0.553937
0.511811 0.553937 0.511811 0.553937
0.552756 0.553937 0.552756 0.553937
0.593701 0.553937 0.593701 0.553937
0.634646 0.553937 0.634646 0.553937
0.675591 0.553937 0.675591 0.553937
0.716535 0.553937 0.716535 0.553937
0.757480 0.553937 0.757480 0.553937
0.798425 0.553937 0.798425 0.553937
0.839370 0.553937 0.839370 0.553937
0.880315 0.553937 0.880315 0.553937
0.921260 0.553937 0.921260 0.553937
0.962205 0.553937 0.962205 0.553937
1.003150 0.553937 1.003150 0.553937
1.044094 0.553937 1.044094 0.553937
1.085039 0.553937 1.085039 0.553937
1.125984 0.553937 1.125984 0.553937
1.166929 0.553937 1.166929 0.553937
1.207874 0.553937 1.207874 0.553937
1.248819 0.553937 1.248819 0.553937
1.289764 0.553937 1.289764 0.553937
1.330709 0.553937 1.330709 0.553937
1.371654 0.553937 1.371654 0.553937
1.412598 0.553937 1.412598 0.553937
1.453543 0.553937 1.453543 0.553937
1.494488 0.553937 1.494488 0.553937
1.535433 0.553937 1.535433 0.553937
1.576378 0.553937 1.576378 0.553937
1.617323 0.553937 1.617323 0.553937
1.658268 0.553937 1.658268 0.553937
1.699213 0.553937 1.699213 0.553937
1.740157 0.553937 1.740157 0.553937
1.781102 0.553937 1.781102 0.553937
1.822047 0.553937 1.822047 0.553937
1.862992 0.553937 1.862992 0.553937
1.903937 0.553937 1.903937 0.553937
1.944882 0.553937 1.944882 0.553937
1.985827 0.553937 1.985827 0.553937
2.026772 0.553937 2.026772 0.553937
2.067717 0.553937 2.067717 0.553937
2.108661 0.553937 2.108661 0.553937
2.149606 0.553937 2.149606 0.553937
2.190551 0.553937 2.190551 0.553937
2.231496 0.553937 2.231496 0.553937
2.272441 0.553937 2.272441 0.553937
2.313386 0.553937 2.313386 0.553937
2.354331 0.553937 2.354331 0.553937
2.395276 0.553937 2.395276 0.553937
2.436220 0.553937 2.436220 0.553937
2.477165 0.553937 2.477165 0.553937
2.518110 0.553937 2.518110 0.553937
2.559055 0.553937 2.559055 0.553937
2.600000 0.553937 2.600000 0.553937
-2.600000 0.570472 -2.600000 0.570472
-2.559055 0.570472 -2.559055 0.570472
-2.518110 0.570472 -2.518110 0.570472
-2.477165 0.570472 -2.477165 0.570472
-2.436220 0.570472 -2.436220 0.570472
-2.395276 0.570472 -2.395276 0.570472
-2.354331 0.570472 -2.354331 0.570472
-2.313386 0.570472 -2.313386 0.570472
-2.272441 0.570472 -2.272441 0.570472
-2.231496 0.570472 -2.231496 0.570472
-2.190551 0.570472 -2.190551 0.570472
-2.149606 0.570472 -2.149606 0.570472
-2.108661 0.570472 -2.108661 0.570472
-2.067717 0.570472 -2.067717 0.570472
-2.026772 0.570472 -2.026772 0.570472
-1.985827 0.570472 -1.985827 0.570472
-1.944882 0.570472 -1.944882 0.570472
-1.903937 0.570472 -1.903937 0.570472
-1.862992 0.570472 -1.862992 0.570472
-1.822047 0.570472 -1.822047 0.570472
-1.781102 0.570472 -1.781102 0.570472
-1.740157 0.570472 -1.740157 0.570472
-1.699213 0.570472 -1.699213 0.570472
-1.658268 0.570472 -1.658268 0.570472
-1.617323 0.570472 -1.617323 0.570472
-1.576378 0.570472 -1.576378 0.570472
-1.535433 0.570472 -1.535433 0.570472
-1.494488 0.570472 -1.494488 0.570472
-1.453543 0.570472 -1.453543 0.570472
-1.412598 0.570472 -1.412598 0.570472
-1.371654 0.570472 -1.371654 0.570472
-1.330709 0.570472 -1.330709 0.570472
-1.289764 0.570472 -1.289764 0.570472
-1.248819 0.570472 -1.248819 0.570472
-1.207874 0.570472 -1.207874 0.570472
-1.166929 0.570472 -1.166929 0.570472
-1.125984 0.570472 -1.125984 0.570472
-1.085039 0.570472 -1.085039 0.570472
-1.044094 0.570472 -1.044094 0.570472
-1.003150 0.570472 -1.003150 0.570472
-0.962205 0.570472 -0.962205 0.570472
-0.921260 0.570472 -0.921260 0.570472
-0.880315 0.570472 -0.880315 0.570472
-0.839370 0.570472 -0.839370 0.570472
-0.798425 0.570472 -0.798425 0.570472
-0.757480 0.570472 -0.757480 0.570472
-0.716535 0.570472 -0.716535 0.570472
-0.675591 0.570472 -0.675591 0.570472
-0.634646 0.570472 -0.634646 0.570472
-0.593701 0.570472 -0.593701 0.570472
-0.552756 0.570472 -0.552756 0.570472
-0.511811 0.570472 -0.511811 0.570472
-0.470866 0.570472 -0.470866 0.570472
-0.429921 0.570472 -0.429921 0.570472
-0.388976 0.570472 -0.388976 0.570472
-0.348031 0.570472 -0.348031 0.570472
-0.307087 0.570472 -0.307087 0.570472
-0.266142 0.570472 -0.266142 0.570472
-0.225197 0.570472 -0.225197 0.570472
-0.184252 0.570472 -0.184252 0.570472
-0.143307 0.570472 -0.143307 0.570472
-0.102362 0.570472 -0.102362 0.570472
-0.061417 0.570472 -0.061417 0.570472
-0.020472 0.570472 -0.020472 0.570472
0.020472 0.570472 0.020472 0.570472
0.061417 0.570472 0.061417 0.570472
0.102362 0.570472 0.102362 0.570472
0.143307 0.570472 0.143307 0.570472
0.184252 0.570472 0.184252 0.570472
0.225197 0.570472 0.225197 0.570472
0.266142 0.570472 0.266142 0.570472
0.307087 0.570472 0.307087 0.570472
0.348031 0.570472 0.348031 0.570472
0.388976 0.570472 0.388976 0.570472
0.429921 0.570472 0.429921 0.570472
0.470866 0.570472 0.470866 0.570472
0.511811 0.570472 0.511811 0.570472
0.552756 0.570472 0.552756 0.570472
0.593701 0.570472 0.593701 0.570472
0.634646 0.570472 0.634646 0.570472
0.675591 0.570472 0.675591 0.570472
0.716535 0.570472 0.716535 0.570472
0.757480 0.570472 0.757480 0.570472
0.798425 0.570472 0.798425 0.570472
0.839370 0.570472 0.839370 0.570472
0.880315 0.570472 0.880315 0.570472
0.921260 0.570472 0.921260 0.570472
0.962205 0.570472 0.962205 0.570472
1.003150 0.570472 1.003150 0.570472
1.044094 0.570472 1.044094 0.570472
1.085039 0.570472 1.085039 0.570472
1.125984 0.570472 1.125984 0.570472
1.166929 0.570472 1.166929 0.570472
1.207874 0.570472 1.207874 0.570472
1.248819 0.570472 1.248819 0.570472
1.289764 0.570472 1.289764 0.570472
1.330709 0.570472 1.330709 0.570472
1.371654 0.570472 1.371654 0.570472
1.412598 0.570472 1.412598 0.570472
1.453543 0.570472 1.453543 0.570472
1.494488 0.570472 1.494488 0.570472
1.535433 0.570472 1.535433 0.570472
1.576378 0.570472 1.576378 0.570472
1.617323 0.570472 1.617323 0.570472
1.658268 0.570472 1.658268 0.570472
1.699213 0.570472 1.699213 0.570472
1.740157 0.570472 1.740157 0.570472
1.781102 0.570472 1.781102 0.570472
1.822047 0.570472 1.822047 0.570472
1.862992 0.570472 1.862992 0.570472
1.903937 0.570472 1.903937 0.570472
1.944882 0.570472 1.944882 0.570472
1.985827 0.570472 1.985827 0.570472
2.026772 0.570472 2.026772 0.570472
2.067717 0.570472 2.067717 0.570472
2.108661 0.570472 2.108661 0.570472
2.149606 0.570472 2.149606 0.570472
2.190551 0.570472 2.190551 0.570472
2.231496 0.570472 2.231496 0.570472
2.272441 0.570472 2.272441 0.570472
2.313386 0.570472 2.313386 0.570472
2.354331 0.570472 2.354331 0.570472
2.395276 0.570472 2.395276 0.570472
2.436220 0.570472 2.436220 0.570472
2.477165 0.570472 2.477165 0.570472
2.518110 0.570472 2.518110 0.570472
2.559055 0.570472 2.559055 0.570472
2.600000 0.570472 2.600000 0.570472
-2.600000 0.587008 -2.600000 0.587008
-2.559055 0.587008 -2.559055 0.587008
-2.518110 0.587008 -2.518110 0.587008
-2.477165 0.587008 -2.477165 0.587008
-2.436220 0.587008 -2.436220 0.587008
-2.395276 0.587008 -2.395276 0.587008
-2.354331 0.587008 -2.354331 0.587008
-2.313386 0.587008 -2.313386 0.587008
-2.272441 0.587008 -2.272441 0.587008
-2.231496 0.587008 -2.231496 0.587008
-2.190551 0.587008 -2.190551 0.587008
-2.149606 0.587008 -2.149606 0.587008
-2.108661 0.587008 -2.108661 0.587008
-2.067717 0.587008 -2.067717 0.587008
-2.026772 0.587008 -2.026772 0.587008
-1.985827 0.587008 -1.985827 0.587008
-1.944882 0.587008 -1.944882 0.587008
-1.903937 0.587008 -1.903937 0.587008
-1.862992 0.587008 -1.862992 0.587008
-1.822047 0.587008 -1.822047 0.587008
-1.781102 0.587008 -1.781102 0.587008
-1.740157 0.587008 -1.740157 0.587008
-1.699213 0.587008 -1.699213 0.587008
-1.658268 0.587008 -1.658268 0.587008
-1.617323 0.587008 -1.617323 0.587008
-1.576378 0.587008 -1.576378 0.587008
-1.535433 0.587008 -1.535433 0.587008
-1.494488 0.587008 -1.494488 0.587008
-1.453543 0.587008 -1.453543 0.587008
-1.412598 0.587008 -1.412598 0.587008
-1.371654 0.587008 -1.371654 0.587008
-1.330709 0.587008 -1.330709 0.587008
-1.289764 0.587008 -1.289764 0.587008
-1.248819 0.587008 -1.248819 0.587008
-1.207874 0.587008 -1.207874 0.587008
-1.166929 0.587008 -1.166929 0.587008
-1.125984 0.587008 -1.125984 0.587008
-1.085039 0.587008 -1.085039 0.587008
-1.044094 0.587008 -1.044094 0.587008
-1.003150 0.587008 -1.003150 0.587008
-0.962205 0.587008 -0.962205 0.587008
-0.921260 0.587008 -0.921260 0.587008
-0.880315 0.587008 -0.880315 0.587008
-0.839370 0.587008 -0.839370 0.587008
-0.798425 0.587008 -0.798425 0.587008
-0.757480 0.587008 -0.757480 0.587008
-0.716535 0.587008 -0.716535 0.587008
-0.675591 0.587008 -0.675591 0.587008
-0.634646 0.587008 -0.634646 0.587008
-0.593701 0.587008 -0.593701 0.587008
-0.552756 0.587008 -0.552756 0.587008
-0.511811 0.587008 -0.511811 0.587008
-0.470866 0.587008 -0.470866 0.587008
-0.429921 0.587008 -0.429921 0.587008
-0.388976 0.587008 -0.388976 0.587008
-0.348031 0.587008 -0.348031 0.587008
-0.307087 0.587008 -0.307087 0.587008
-0.266142 0.587008 -0.266142 0.587008
-0.225197 0.587008 -0.225197 0.587008
-0.184252 0.587008 -0.184252 0.587008
-0.143307 0.587008 -0.143307 0.587008
-0.102362 0.587008 -0.102362 0.587008
-0.061417 0.587008 -0.061417 0.587008
-0.020472 0.587008 -0.020472 0.587008
0.020472 0.587008 0.020472 0.587008
0.061417 0.587008 0.061417 0.587008
0.102362 0.587008 0.102362 0.587008
0.143307 0.587008 0.143307 0.587008
0.184252 0.587008 0.184252 0.587008
0.225197 0.587008 0.225197 0.587008
0.266142 0.587008 0.266142 0.587008
0.307087 0.587008 0.307087 0.587008
0.348031 0.587008 0.348031 0.587008
0.388976 0.587008 0.388976 0.587008
0.429921 0.587008 0.429921 0.587008
0.470866 0.587008 0.470866 0.587008
0.511811 0.587008 0.511811 0.587008
0.552756 0.587008 0.552756 0.587008
0.593701 0.587008 0.593701 0.587008
0.634646 0.587008 0.634646 0.587008
0.675591 0.587008 0.675591 0.587008
0.716535 0.587008 0.716535 0.587008
0.757480 0.587008 0.757480 0.587008
0.798425 0.587008 0.798425 0.587008
0.839370 0.587008 0.839370 0.587008
0.880315 0.587008 0.880315 0.587008
0.921260 0.587008 0.921260 0.587008
0.962205 0.587008 0.962205 0.587008
1.003150 0.587008 1.003150 0.587008
1.044094 0.587008 1.044094 0.587008
1.085039 0.587008 1.085039 0.587008
1.125984 0.587008 1.125984 0.587008
1.166929 0.587008 1.166929 0.587008
1.207874 0.587008 1.207874 0.587008
1.248819 0.587008 1.248819 0.587008
1.289764 0.587008 1.289764 0.587008
1.330709 0.587008 1.330709 0.587008
1.371654 0.587008 1.371654 0.587008
1.412598 0.587008 1.412598 0.587008
1.453543 0.587008 1.453543 0.587008
1.494488 0.587008 1.494488 0.587008
1.535433 0.587008 1.535433 0.587008
1.576378 0.587008 1.576378 0.587008
1.617323 0.587008 1.617323 0.587008
1.658268 0.587008 1.658268 0.587008
1.699213 0.587008 1.699213 0.587008
1.740157 0.587008 1.740157 0.587008
1.781102 0.587008 1.781102 0.587008
1.822047 0.587008 1.822047 0.587008
1.862992 0.587008 1.862992 0.587008
1.903937 0.587008 1.903937 0.587008
1.944882 0.587008 1.944882 0.587008
1.985827 0.587008 1.985827 0.587008
2.026772 0.587008 2.026772 0.587008
2.067717 0.587008 2.067717 0.587008
2.108661 0.587008 2.108661 0.587008
2.149606 0.587008 2.149606 0.587008
2.190551 0.587008 2.190551 0.587008
2.231496 0.587008 2.231496 0.587008
2.272441 0.587008 2.272441 0.587008
2.313386 0.587008 2.313386 0.587008
2.354331 0.587008 2.354331 0.587008
2.395276 0.587008 2.395276 0.587008
2.436220 0.587008 2.436220 0.587008
2.477165 0.587008 2.477165 0.587008
2.518110 0.587008 2.518110 0.587008
2.559055 0.587008 2.559055 0.587008
2.600000 0.587008 2.600000 0.587008
-2.600000 0.603543 -2.600000 0.603543
-2.559055 0.603543 -2.559055 0.603543
-2.518110 0.603543 -2.518110 0.603543
-2.477165 0.603543 -2.477165 0.603543
-2.436220 0.603543 -2.436220 0.603543
-2.395276 0.603543 -2.395276 0.603543
-2.354331 0.603543 -2.354331 0.603543
-2.313386 0.603543 -2.313386 0.603543
-2.272441 0.603543 -2.272441 0.603543
-2.231496 0.603543 -2.231496 0.603543
-2.190551 0.603543 -2.190551 0.603543
-2.149606 0.603543 -2.149606 0.603543
-2.108661 0.603543 -2.108661 0.603543
-2.067717 0.603543 -2.067717 0.603543
-2.026772 0.603543 -2.026772 0.603543
-1.985827 0.603543 -1.985827 0.603543
-1.944882 0.603543 -1.944882 0.603543
-1.903937 0.603543 -1.903937 0.603543
-1.862992 0.603543 -1.862992 0.603543
-1.822047 0.603543 -1.822047 0.603543
-1.781102 0.603543 -1.781102 0.603543
-1.740157 0.603543 -1.740157 0.603543
-1.699213 0.603543 -1.699213 0.603543
-1.658268 0.603543 -1.658268 0.603543
-1.617323 0.603543 -1.617323 0.603543
-1.576378 0.603543 -1.576378 0.603543
-1.535433 0.603543 -1.535433 0.603543
-1.494488 0.603543 -1.494488 0.603543
-1.453543 0.603543 -1.453543 0.603543
-1.412598 0.603543 -1.412598 0.603543
-1.371654 0.603543 -1.371654 0.603543
-1.330709 0.603543 -1.330709 0.603543
-1.289764 0.603543 -1.289764 0.603543
-1.248819 0.603543 -1.248819 0.603543
-1.207874 0.603543 -1.207874 0.603543
-1.166929 0.603543 -1.166929 0.603543
-1.125984 0.603543 -1.125984 0.603543
-1.085039 0.603543 -1.085039 0.603543
-1.044094 0.603543 -1.044094 0.603543
-1.003150 0.603543 -1.003150 0.603543
-0.962205 0.603543 -0.962205 0.603543
-0.921260 0.603543 -0.921260 0.603543
-0.880315 0.603543 -0.880315 0.603543
-0.839370 0.603543 -0.839370 0.603543
-0.798425 0.603543 -0.798425 0.603543
-0.757480 0.603543 -0.757480 0.603543
-0.716535 0.603543 -0.716535 0.603543
-0.675591 0.603543 -0.675591 0.603543
-0.634646 0.603543 -0.634646 0.603543
-0.593701 0.603543 -0.593701 0.603543
-0.552756 0.603543 -0.552756 0.603543
-0.511811 0.603543 -0.511811 0.603543
-0.470866 0.603543 -0.470866 0.603543
-0.429921 0.603543 -0.429921 0.603543
-0.388976 0.603543 -0.388976 0.603543
-0.348031 0.603543 -0.348031 0.603543
-0.307087 0.603543 -0.307087 0.603543
-0.266142 0.603543 -0.266142 0.603543
-0.225197 0.603543 -0.225197 0.603543
-0.184252 0.603543 -0.184252 0.603543
-0.143307 0.603543 -0.143307 0.603543
-0.102362 0.603543 -0.102362 0.603543
-0.061417 0.603543 -0.061417 0.603543
-0.020472 0.603543 -0.020472 0.603543
0.020472 0.603543 0.020472 0.603543
0.061417 0.603543 0.061417 0.603543
0.102362 0.603543 0.102362 0.603543
0.143307 0.603543 0.143307 0.603543
0.184252 0.603543 0.184252 0.603543
0.225197 0.603543 0.225197 0.603543
0.266142 0.603543 0.266142 0.603543
0.307087 0.603543 0.307087 0.603543
0.348031 0.603543 0.348031 0.603543
0.388976 0.603543 0.388976 0.603543
0.429921 0.603543 0.429921 0.603543
0.470866 0.603543 0.470866 0.603543
0.511811 0.603543 0.511811 0.603543
0.552756 0.603543 0.552756 0.603543
0.593701 0.603543 0.593701 0.603543
0.634646 0.603543 0.634646 0.603543
0.675591 0.603543 0.675591 0.603543
0.716535 0.603543 0.716535 0.603543
0.757480 0.603543 0.757480 0.603543
0.798425 0.603543 0.798425 0.603543
0.839370 0.603543 0.839370 0.603543
0.880315 0.603543 0.880315 0.603543
0.921260 0.603543 0.921260 0.603543
0.962205 0.603543 0.962205 0.603543
1.003150 0.603543 1.003150 0.603543
1.044094 0.603543 1.044094 0.603543
1.085039 0.603543 1.085039 0.603543
1.125984 0.603543 1.125984 0.603543
1.166929 0.603543 1.166929 0.603543
1.207874 0.603543 1.207874 0.603543
1.248819 0.603543 1.248819 0.603543
1.289764 0.603543 1.289764 0.603543
1.330709 0.603543 1.330709 0.603543
1.371654 0.603543 1.371654 0.603543
1.412598 0.603543 1.412598 0.603543
1.453543 0.603543 1.453543 0.603543
1.494488 0.603543 1.494488 0.603543
1.535433 0.603543 1.535433 0.603543
1.576378 0.603543 1.576378 0.603543
1.617323 0.603543 1.617323 0.603543
1.658268 0.603543 1.658268 0.603543
1.699213 0.603543 1.699213 0.603543
1.740157 0.603543 1.740157 0.603543
1.781102 0.603543 1.781102 0.603543
1.822047 0.603543 1.822047 0.603543
1.862992 0.603543 1.862992 0.603543
1.903937 0.603543 1.903937 0.603543
1.944882 0.603543 1.944882 0.603543
1.985827 0.603543 1.985827 0.603543
2.026772 0.603543 2.026772 0.603543
2.067717 0.603543 2.067717 0.603543
2.108661 0.603543 2.108661 0.603543
2.149606 0.603543 2.149606 0.603543
2.190551 0.603543 2.190551 0.603543
2.231496 0.603543 2.231496 0.603543
2.272441 0.603543 2.272441 0.603543
2.313386 0.603543 2.313386 0.603543
2.354331 0.603543 2.354331 0.603543
2.395276 0.603543 2.395276 0.603543
2.436220 0.603543 2.436220 0.603543
2.477165 0.603543 2.477165 0.603543
2.518110 0.603543 2.518110 0.603543
2.559055 0.603543 2.559055 0.603543
2.600000 0.603543 2.600000 0.603543
-2.600000 0.620079 -2.600000 0.620079
-2.559055 0.620079 -2.559055 0.620079
-2.518110 0.620079 -2.518110 0.620079
-2.477165 0.620079 -2.477165 0.620079
-2.436220 0.620079 -2.436220 0.620079
-2.395276 0.620079 -2.395276 0.620079
-2.354331 0.620079 -2.354331 0.620079
-2.313386 0.620079 -2.313386 0.620079
-2.272441 0.620079 -2.272441 0.620079
-2.231496 0.620079 -2.231496 0.620079
-2.190551 0.620079 -2.190551 0.620079
-2.149606 0.620079 -2.149606 0.620079
-2.108661 0.620079 -2.108661 0.620079
-2.067717 0.620079 -2.067717 0.620079
-2.026772 0.620079 -2.026772 0.620079
-1.985827 0.620079 -1.985827 0.620079
-1.944882 0.620079 -1.944882 0.620079
-1.903937 0.620079 -1.903937 0.620079
-1.862992 0.620079 -1.862992 0.620079
-1.822047 0.620079 -1.822047 0.620079
-1.781102 0.620079 -1.781102 0.620079
-1.740157 0.620079 -1.740157 0.620079
-1.699213 0.620079 -1.699213 0.620079
-1.658268 0.620079 -1.658268 0.620079
-1.617323 0.620079 -1.617323 0.620079
-1.576378 0.620079 -1.576378 0.620079
-1.535433 0.620079 -1.535433 0.620079
-1.494488 0.620079 -1.494488 0.620079
-1.453543 0.620079 -1.453543 0.620079
-1.412598 0.620079 -1.412598 0.620079
-1.371654 0.620079 -1.371654 0.620079
-1.330709 0.620079 -1.330709 0.620079
-1.289764 0.620079 -1.289764 0.620079
-1.248819 0.620079 -1.248819 0.620079
-1.207874 0.620079 -1.207874 0.620079
-1.166929 0.620079 -1.166929 0.620079
-1.125984 0.620079 -1.125984 0.620079
-1.085039 0.620079 -1.085039 0.620079
-1.044094 0.620079 -1.044094 0.620079
-1.003150 0.620079 -1.003150 0.620079
-0.962205 0.620079 -0.962205 0.620079
-0.921260 0.620079 -0.921260 0.620079
-0.880315 0.620079 -0.880315 0.620079
-0.839370 0.620079 -0.839370 0.620079
-0.798425 0.620079 -0.798425 0.620079
-0.757480 0.620079 -0.757480 0.620079
-0.716535 0.620079 -0.716535 0.620079
-0.675591 0.620079 -0.675591 0.620079
-0.634646 0.620079 -0.634646 0.620079
-0.593701 0.620079 -0.593701 0.620079
-0.552756 0.620079 -0.552756 0.620079
-0.511811 0.620079 -0.511811 0.620079
-0.470866 0.620079 -0.470866 0.620079
-0.429921 0.620079 -0.429921 0.620079
-0.388976 0.620079 -0.388976 0.620079
-0.348031 0.620079 -0.348031 0.620079
-0.307087 0.620079 -0.307087 0.620079
-0.266142 0.620079 -0.266142 0.620079
-0.225197 0.620079 -0.225197 0.620079
-0.184252 0.620079 -0.184252 0.620079
-0.143307 0.620079 -0.143307 0.620079
-0.102362 0.620079 -0.102362 0.620079
-0.061417 0.620079 -0.061417 0.620079
-0.020472 0.620079 -0.020472 0.620079
0.020472 0.620079 0.020472 0.620079
0.061417 0.620079 0.061417 0.620079
0.102362 0.620079 0.102362 0.620079
0.143307 0.620079 0.143307 0.620079
0.184252 0.620079 0.184252 0.620079
0.225197 0.620079 0.225197 0.620079
0.266142 0.620079 0.266142 0.620079
0.307087 0.620079 0.307087 0.620079
0.348031 0.620079 0.348031 0.620079
0.388976 0.620079 0.388976 0.620079
0.429921 0.620079 0.429921 0.620079
0.470866 0.620079 0.470866 0.620079
0.511811 0.620079 0.511811 0.620079
0.552756 0.620079 0.552756 0.620079
0.593701 0.620079 0.593701 0.620079
0.634646 0.620079 0.634646 0.620079
0.675591 0.620079 0.675591 0.620079
0.716535 0.620079 0.716535 0.620079
0.757480 0.620079 0.757480 0.620079
0.798425 0.620079 0.798425 0.620079
0.839370 0.620079 0.839370 0.620079
0.880315 0.620079 0.880315 0.620079
0.921260 0.620079 0.921260 0.620079
0.962205 0.620079 0.962205 0.620079
1.003150 0.620079 1.003150 0.620079
1.044094 0.620079 1.044094 0.620079
1.085039 0.620079 1.085039 0.620079
1.125984 0.620079 1.125984 0.620079
1.166929 0.620079 1.166929 0.620079
1.207874 0.620079 1.207874 0.620079
1.248819 0.620079 1.248819 0.620079
1.289764 0.620079 1.289764 0.620079
1.330709 0.620079 1.330709 0.620079
1.371654 0.620079 1.371654 0.620079
1.412598 0.620079 1.412598 0.620079
1.453543 0.620079 1.453543 0.620079
1.494488 0.620079 1.494488 0.620079
1.535433 0.620079 1.535433 0.620079
1.576378 0.620079 1.576378 0.620079
1.617323 0.620079 1.617323 0.620079
1.658268 0.620079 1.658268 0.620079
1.699213 0.620079 1.699213 0.620079
1.740157 0.620079 1.740157 0.620079
1.781102 0.620079 1.781102 0.620079
1.822047 0.620079 1.822047 0.620079
1.862992 0.620079 1.862992 0.620079
1.903937 0.620079 1.903937 0.620079
1.944882 0.620079 1.944882 0.620079
1.985827 0.620079 1.985827 0.620079
2.026772 0.620079 2.026772 0.620079
2.067717 0.620079 2.067717 0.620079
2.108661 0.620079 2.108661 0.620079
2.149606 0.620079 2.149606 0.620079
2.190551 0.620079 2.190551 0.620079
2.231496 0.620079 2.231496 0.620079
2.272441 0.620079 2.272441 0.620079
2.313386 0.620079 2.313386 0.620079
2.354331 0.620079 2.354331 0.620079
2.395276 0.620079 2.395276 0.620079
2.436220 0.620079 2.436220 0.620079
2.477165 0.620079 2.477165 0.620079
2.518110 0.620079 2.518110 0.620079
2.559055 0.620079 2.559055 0.620079
2.600000 0.620079 2.600000 0.620079
-2.600000 0.636614 -2.600000 0.636614
-2.559055 0.636614 -2.559055 0.636614
-2.518110 0.636614 -2.518110 0.636614
-2.477165 0.636614 -2.477165 0.636614
-2.436220 0.636614 -2.436220 0.636614
-2.395276 0.636614 -2.395276 0.636614
-2.354331 0.636614 -2.354331 0.636614
-2.313386 0.636614 -2.313386 0.636614
-2.272441 0.636614 -2.272441 0.636614
-2.231496 0.636614 -2.231496 0.636614
-2.190551 0.636614 -2.190551 0.636614
-2.149606 0.636614 -2.149606 0.636614
-2.108661 0.636614 -2.108661 0.636614
-2.067717 0.636614 -2.067717 0.636614
-2.026772 0.636614 -2.026772 0.636614
-1.985827 0.636614 -1.985827 0.636614
-1.944882 0.636614 -1.944882 0.636614
-1.903937 0.636614 -1.903937 0.636614
-1.862992 0.636614 -1.862992 0.636614
-1.822047 0.636614 -1.822047 0.636614
-1.781102 0.636614 -1.781102 0.636614
-1.740157 0.636614 -1.740157 0.636614
-1.699213 0.636614 -1.699213 0.636614
-1.658268 0.636614 -1.658268 0.636614
-1.617323 0.636614 -1.617323 0.636614
-1.576378 0.636614 -1.576378 0.636614
-1.535433 0.636614 -1.535433 0.636614
-1.494488 0.636614 -1.494488 0.636614
-1.453543 0.636614 -1.453543 0.636614
-1.412598 0.636614 -1.412598 0.636614
-1.371654 0.636614 -1.371654 0.636614
-1.330709 0.636614 -1.330709 0.636614
-1.289764 0.636614 -1.289764 0.636614
-1.248819 0.636614 -1.248819 0.636614
-1.207874 0.636614 -1.207874 0.636614
-1.166929 0.636614 -1.166929 0.636614
-1.125984 0.636614 -1.125984 0.636614
-1.085039 0.636614 -1.085039 0.636614
-1.044094 0.636614 -1.044094 0.636614
-1.003150 0.636614 -1.003150 0.636614
-0.962205 0.636614 -0.962205 0.636614
-0.921260 0.636614 -0.921260 0.636614
-0.880315 0.636614 -0.880315 0.636614
-0.839370 0.636614 -0.839370 0.636614
-0.798425 0.636614 -0.798425 0.636614
-0.757480 0.636614 -0.757480 0.636614
-0.716535 0.636614 -0.716535 0.636614
-0.675591 0.636614 -0.675591 0.636614
-0.634646 0.636614 -0.634646 0.636614
-0.593701 0.636614 -0.593701 0.636614
-0.552756 0.636614 -0.552756 0.636614
-0.511811 0.636614 -0.511811 0.636614
-0.470866 0.636614 -0.470866 0.636614
-0.429921 0.636614 -0.429921 0.636614
-0.388976 0.636614 -0.388976 0.636614
-0.348031 0.636614 -0.348031 0.636614
-0.307087 0.636614 -0.307087 0.636614
-0.266142 0.636614 -0.266142 0.636614
-0.225197 0.636614 -0.225197 0.636614
-0.184252 0.636614 -0.184252 0.636614
-0.143307 0.636614 -0.143307 0.636614
-0.102362 0.636614 -0.102362 0.636614
-0.061417 0.636614 -0.061417 0.636614
-0.020472 0.636614 -0.020472 0.636614
0.020472 0.636614 0.020472 0.636614
0.061417 0.636614 0.061417 0.636614
0.102362 0.636614 0.102362 0.636614
0.143307 0.636614 0.143307 0.636614
0.184252 0.636614 0.184252 0.636614
0.225197 0.636614 0.225197 0.636614
0.266142 0.636614 0.266142 0.636614
0.307087 0.636614 0.307087 0.636614
0.348031 0.636614 0.348031 0.636614
0.388976 0.636614 0.388976 0.636614
0.429921 0.636614 0.429921 0.636614
0.470866 0.636614 0.470866 0.636614
0.511811 0.636614 0.511811 0.636614
0.552756 0.636614 0.552756 0.636614
0.593701 0.636614 0.593701 0.636614
0.634646 0.636614 0.634646 0.636614
0.675591 0.636614 0.675591 0.636614
0.716535 0.636614 0.716535 0.636614
0.757480 0.636614 0.757480 0.636614
0.798425 0.636614 0.798425 0.636614
0.839370 0.636614 0.839370 0.636614
0.880315 0.636614 0.880315 0.636614
0.921260 0.636614 0.921260 0.636614
0.962205 0.636614 0.962205 0.636614
1.003150 0.636614 1.003150 0.636614
1.044094 0.636614 1.044094 0.636614
1.085039 0.636614 1.085039 0.636614
1.125984 0.636614 1.125984 0.636614
1.166929 0.636614 1.166929 0.636614
1.207874 0.636614 1.207874 0.636614
1.248819 0.636614 1.248819 0.636614
1.289764 0.636614 1.289764 0.636614
1.330709 0.636614 1.330709 0.636614
1.371654 0.636614 1.371654 0.636614
1.412598 0.636614 1.412598 0.636614
1.453543 0.636614 1.453543 0.636614
1.494488 0.636614 1.494488 0.636614
1.535433 0.636614 1.535433 0.636614
1.576378 0.636614 1.576378 0.636614
1.617323 0.636614 1.617323 0.636614
1.658268 0.636614 1.658268 0.636614
1.699213 0.636614 1.699213 0.636614
1.740157 0.636614 1.740157 0.636614
1.781102 0.636614 1.781102 0.636614
1.822047 0.636614 1.822047 0.636614
1.862992 0.636614 1.862992 0.636614
1.903937 0.636614 1.903937 0.636614
1.944882 0.636614 1.944882 0.636614
1.985827 0.636614 1.985827 0.636614
2.026772 0.636614 2.026772 0.636614
2.067717 0.636614 2.067717 0.636614
2.108661 0.636614 2.108661 0.636614
2.149606 0.636614 2.149606 0.636614
2.190551 0.636614 2.190551 0.636614
2.231496 0.636614 2.231496 0.636614
2.272441 0.636614 2.272441 0.636614
2.313386 0.636614 2.313386 0.636614
2.354331 0.636614 2.354331 0.636614
2.395276 0.636614 2.395276 0.636614
2.436220 0.636614 2.436220 0.636614
2.477165 0.636614 2.477165 0.636614
2.518110 0.636614 2.518110 0.636614
2.559055 0.636614 2.559055 0.636614
2.600000 0.636614 2.600000 0.636614
-2.600000 0.653150 -2.600000 0.653150
-2.559055 0.653150 -2.559055 0.653150
-2.518110 0.653150 -2.518110 0.653150
-2.477165 0.653150 -2.477165 0.653150
-2.436220 0.653150 -2.436220 0.653150
-2.395276 0.653150 -2.395276 0.653150
-2.354331 0.653150 -2.354331 0.653150
-2.313386 0.653150 -2.313386 0.653150
-2.272441 0.653150 -2.272441 0.653150
-2.231496 0.653150 -2.231496 0.653150
-2.190551 0.653150 -2.190551 0.653150
-2.149606 0.653150 -2.149606 0.653150
-2.108661 0.653150 -2.108661 0.653150
-2.067717 0.653150 -2.067717 0.653150
-2.026772 0.653150 -2.026772 0.653150
-1.985827 0.653150 -1.985827 0.653150
-1.944882 0.653150 -1.944882 0.653150
-1.903937 0.653150 -1.903937 0.653150
-1.862992 0.653150 -1.862992 0.653150
-1.822047 0.653150 -1.822047 0.653150
-1.781102 0.653150 -1.781102 0.653150
-1.740157 0.653150 -1.740157 0.653150
-1.699213 0.653150 -1.699213 0.653150
-1.658268 0.653150 -1.658268 0.653150
-1.617323 0.653150 -1.617323 0.653150
-1.576378 0.653150 -1.576378 0.653150
-1.535433 0.653150 -1.535433 0.653150
-1.494488 0.653150 -1.494488 0.653150
-1.453543 0.653150 -1.453543 0.653150
-1.412598 0.653150 -1.412598 0.653150
-1.371654 0.653150 -1.371654 0.653150
-1.330709 0.653150 -1.330709 0.653150
-1.289764 0.653150 -1.289764 0.653150
-1.248819 0.653150 -1.248819 0.653150
-1.207874 0.653150 -1.207874 0.653150
-1.166929 0.653150 -1.166929 0.653150
-1.125984 0.653150 -1.125984 0.653150
-1.085039 0.653150 -1.085039 0.653150
-1.044094 0.653150 -1.044094 0.653150
-1.003150 0.653150 -1.003150 0.653150
-0.962205 0.653150 -0.962205 0.653150
-0.921260 0.653150 -0.921260 0.653150
-0.880315 0.653150 -0.880315 0.653150
-0.839370 0.653150 -0.839370 0.653150
-0.798425 0.653150 -0.798425 0.653150
-0.757480 0.653150 -0.757480 0.653150
-0.716535 0.653150 -0.716535 0.653150
-0.675591 0.653150 -0.675591 0.653150
-0.634646 0.653150 -0.634646 0.653150
-0.593701 0.653150 -0.593701 0.653150
-0.552756 0.653150 -0.552756 0.653150
-0.511811 0.653150 -0.511811 0.653150
-0.470866 0.653150 -0.470866 0.653150
-0.429921 0.653150 -0.429921 0.653150
-0.388976 0.653150 -0.388976 0.653150
-0.348031 0.653150 -0.348031 0.653150
-0.307087 0.653150 -0.307087 0.653150
-0.266142 0.653150 -0.266142 0.653150
-0.225197 0.653150 -0.225197 0.653150
-0.184252 0.653150 -0.184252 0.653150
-0.143307 0.653150 -0.143307 0.653150
-0.102362 0.653150 -0.102362 0.653150
-0.061417 0.653150 -0.061417 0.653150
-0.020472 0.653150 -0.020472 0.653150
0.020472 0.653150 0.020472 0.653150
0.061417 0.653150 0.061417 0.653150
0.102362 0.653150 0.102362 0.653150
0.143307 0.653150 0.143307 0.653150
0.184252 0.653150 0.184252 0.653150
0.225197 0.653150 0.225197 0.653150
0.266142 0.653150 0.266142 0.653150
0.307087 0.653150 0.307087 0.653150
0.348031 0.653150 0.348031 0.653150
0.388976 0.653150 0.388976 0.653150
0.429921 0.653150 0.429921 0.653150
0.470866 0.653150 0.470866 0.653150
0.511811 0.653150 0.511811 0.653150
0.552756 0.653150 0.552756 0.653150
0.593701 0.653150 0.593701 0.653150
0.634646 0.653150 0.634646 0.653150
0.675591 0.653150 0.675591 0.653150
0.716535 0.653150 0.716535 0.653150
0.757480 0.653150 0.757480 0.653150
0.798425 0.653150 0.798425 0.653150
0.839370 0.653150 0.839370 0.653150
0.880315 0.653150 0.880315 0.653150
0.921260 0.653150 0.921260 0.653150
0.962205 0.653150 0.962205 0.653150
1.003150 0.653150 1.003150 0.653150
1.044094 0.653150 1.044094 0.653150
1.085039 0.653150 1.085039 0.653150
1.125984 0.653150 1.125984 0.653150
1.166929 0.653150 1.166929 0.653150
1.207874 0.653150 1.207874 0.653150
1.248819 0.653150 1.248819 0.653150
1.289764 0.653150 1.289764 0.653150
1.330709 0.653150 1.330709 0.653150
1.371654 0.653150 1.371654 0.653150
1.412598 0.653150 1.412598 0.653150
1.453543 0.653150 1.453543 0.653150
1.494488 0.653150 1.494488 0.653150
1.535433 0.653150 1.535433 0.653150
1.576378 0.653150 1.576378 0.653150
1.617323 0.653150 1.617323 0.653150
1.658268 0.653150 1.658268 0.653150
1.699213 0.653150 1.699213 0.653150
1.740157 0.653150 1.740157 0.653150
1.781102 0.653150 1.781102 0.653150
1.822047 0.653150 1.822047 0.653150
1.862992 0.653150 1.862992 0.653150
1.903937 0.653150 1.903937 0.653150
1.944882 0.653150 1.944882 0.653150
1.985827 0.653150 1.985827 0.653150
2.026772 0.653150 2.026772 0.653150
2.067717 0.653150 2.067717 0.653150
2.108661 0.653150 2.108661 0.653150
2.149606 0.653150 2.149606 0.653150
2.190551 0.653150 2.190551 0.653150
2.231496 0.653150 2.231496 0.653150
2.272441 0.653150 2.272441 0.653150
2.313386 0.653150 2.313386 0.653150
2.354331 0.653150 2.354331 0.653150
2.395276 0.653150 2.395276 0.653150
2.436220 0.653150 2.436220 0.653150
2.477165 0.653150 2.477165 0.653150
2.518110 0.653150 2.518110 0.653150
2.559055 0.653150 2.559055 0.653150
2.600000 0.653150 2.600000 0.653150
-2.600000 0.669685 -2.600000 0.669685
-2.559055 0.669685 -2.559055 0.669685
-2.518110 0.669685 -2.518110 0.669685
-2.477165 0.669685 -2.477165 0.669685
-2.436220 0.669685 -2.436220 0.669685
-2.395276 0.669685 -2.395276 0.669685
-2.354331 0.669685 -2.354331 0.669685
-2.313386 0.669685 -2.313386 0.669685
-2.272441 0.669685 -2.272441 0.669685
-2.231496 0.669685 -2.231496 0.669685
-2.190551 0.669685 -2.190551 0.669685
-2.149606 0.669685 -2.149606 0.669685
-2.108661 0.669685 -2.108661 0.669685
-2.067717 0.669685 -2.067717 0.669685
-2.026772 0.669685 -2.026772 0.669685
-1.985827 0.669685 -1.985827 0.669685
-1.944882 0.669685 -1.944882 0.669685
-1.903937 0.669685 -1.903937 0.669685
-1.862992 0.669685 -1.862992 0.669685
-1.822047 0.669685 -1.822047 0.669685
-1.781102 0.669685 -1.781102 0.669685
-1.740157 0.669685 -1.740157 0.669685
-1.699213 0.669685 -1.699213 0.669685
-1.658268 0.669685 -1.658268 0.669685
-1.617323 0.669685 -1.617323 0.669685
-1.576378 0.669685 -1.576378 0.669685
-1.535433 0.669685 -1.535433 0.669685
-1.494488 0.669685 -1.494488 0.669685
-1.453543 0.669685 -1.453543 0.669685
-1.412598 0.669685 -1.412598 0.669685
-1.371654 0.669685 -1.371654 0.669685
-1.330709 0.669685 -1.330709 0.669685
-1.289764 0.669685 -1.289764 0.669685
-1.248819 0.669685 -1.248819 0.669685
-1.207874 0.669685 -1.207874 0.669685
-1.166929 0.669685 -1.166929 0.669685
-1.125984 0.669685 -1.125984 0.669685
-1.085039 0.669685 -1.085039 0.669685
-1.044094 0.669685 -1.044094 0.669685
-1.003150 0.669685 -1.003150 0.669685
-0.962205 0.669685 -0.962205 0.669685
-0.921260 0.669685 -0.921260 0.669685
-0.880315 0.669685 -0.880315 0.669685
-0.839370 0.669685 -0.839370 0.669685
-0.798425 0.669685 -0.798425 0.669685
-0.757480 0.669685 -0.757480 0.669685
-0.716535 0.669685 -0.716535 0.669685
-0.675591 0.669685 -0.675591 0.669685
-0.634646 0.669685 -0.634646 0.669685
-0.593701 0.669685 -0.593701 0.669685
-0.552756 0.669685 -0.552756 0.669685
-0.511811 0.669685 -0.511811 0.669685
-0.470866 0.669685 -0.470866 0.669685
-0.429921 0.669685 -0.429921 0.669685
-0.388976 0.669685 -0.388976 0.669685
-0.348031 0.669685 -0.348031 0.669685
-0.307087 0.669685 -0.307087 0.669685
-0.266142 0.669685 -0.266142 0.669685
-0.225197 0.669685 -0.225197 0.669685
-0.184252 0.669685 -0.184252 0.669685
-0.143307 0.669685 -0.143307 0.669685
-0.102362 0.669685 -0.102362 0.669685
-0.061417 0.669685 -0.061417 0.669685
-0.020472 0.669685 -0.020472 0.669685
0.020472 0.669685 0.020472 0.669685
0.061417 0.669685 0.061417 0.669685
0.102362 0.669685 0.102362 0.669685
0.143307 0.669685 0.143307 0.669685
0.184252 0.669685 0.184252 0.669685
0.225197 0.669685 0.225197 0.669685
0.266142 0.669685 0.266142 0.669685
0.307087 0.669685 0.307087 0.669685
0.348031 0.669685 0.348031 0.669685
0.388976 0.669685 0.388976 0.669685
0.429921 0.669685 0.429921 0.669685
0.470866 0.669685 0.470866 0.669685
0.511811 0.669685 0.511811 0.669685
0.552756 0.669685 0.552756 0.669685
0.593701 0.669685 0.593701 0.669685
0.634646 0.669685 0.634646 0.669685
0.675591 0.669685 0.675591 0.669685
0.716535 0.669685 0.716535 0.669685
0.757480 0.669685 0.757480 0.669685
0.798425 0.669685 0.798425 0.669685
0.839370 0.669685 0.839370 0.669685
0.880315 0.669685 0.880315 0.669685
0.921260 0.669685 0.921260 0.669685
0.962205 0.669685 0.962205 0.669685
1.003150 0.669685 1.003150 0.669685
1.044094 0.669685 1.044094 0.669685
1.085039 0.669685 1.085039 0.669685
1.125984 0.669685 1.125984 0.669685
1.166929 0.669685 1.166929 0.669685
1.207874 0.669685 1.207874 0.669685
1.248819 0.669685 1.248819 0.669685
1.289764 0.669685 1.289764 0.669685
1.330709 0.669685 1.330709 0.669685
1.371654 0.669685 1.371654 0.669685
1.412598 0.669685 1.412598 0.669685
1.453543 0.669685 1.453543 0.669685
1.494488 0.669685 1.494488 0.669685
1.535433 0.669685 1.535433 0.669685
1.576378 0.669685 1.576378 0.669685
1.617323 0.669685 1.617323 0.669685
1.658268 0.669685 1.658268 0.669685
1.699213 0.669685 1.699213 0.669685
1.740157 0.669685 1.740157 0.669685
1.781102 0.669685 1.781102 0.669685
1.822047 0.669685 1.822047 0.669685
1.862992 0.669685 1.862992 0.669685
1.903937 0.669685 1.903937 0.669685
1.944882 0.669685 1.944882 0.669685
1.985827 0.669685 1.985827 0.669685
2.026772 0.669685 2.026772 0.669685
2.067717 0.669685 2.067717 0.669685
2.108661 0.669685 2.108661 0.669685
2.149606 0.669685 2.149606 0.669685
2.190551 0.669685 2.190551 0.669685
2.231496 0.669685 2.231496 0.669685
2.272441 0.669685 2.272441 0.669685
2.313386 0.669685 2.313386 0.669685
2.354331 0.669685 2.354331 0.669685
2.395276 0.669685 2.395276 0.669685
2.436220 0.669685 2.436220 0.669685
2.477165 0.669685 2.477165 0.669685
2.518110 0.669685 2.518110 0.669685
2.559055 0.669685 2.559055 0.669685
2.600000 0.669685 2.600000 0.669685
-2.600000 0.686220 -2.600000 0.686220
-2.559055 0.686220 -2.559055 0.686220
-2.518110 0.686220 -2.518110 0.686220
-2.477165 0.686220 -2.477165 0.686220
-2.436220 0.686220 -2.436220 0.686220
-2.395276 0.686220 -2.395276 0.686220
-2.354331 0.686220 -2.354331 0.686220
-2.313386 0.686220 -2.313386 0.686220
-2.272441 0.686220 -2.272441 0.686220
-2.231496 0.686220 -2.231496 0.686220
-2.190551 0.686220 -2.190551 0.686220
-2.149606 0.686220 -2.149606 0.686220
-2.108661 0.686220 -2.108661 0.686220
-2.067717 0.686220 -2.067717 0.686220
-2.026772 0.686220 -2.026772 0.686220
-1.985827 0.686220 -1.985827 0.686220
-1.944882 0.686220 -1.944882 0.686220
-1.903937 0.686220 -1.903937 0.686220
-1.862992 0.686220 -1.862992 0.686220
-1.822047 0.686220 -1.822047 0.686220
-1.781102 0.686220 -1.781102 0.686220
-1.740157 0.686220 -1.740157 0.686220
-1.699213 0.686220 -1.699213 0.686220
-1.658268 0.686220 -1.658268 0.686220
-1.617323 0.686220 -1.617323 0.686220
-1.576378 0.686220 -1.576378 0.686220
-1.535433 0.686220 -1.535433 0.686220
-1.494488 0.686220 -1.494488 0.686220
-1.453543 0.686220 -1.453543 0.686220
-1.412598 0.686220 -1.412598 0.686220
-1.371654 0.686220 -1.371654 0.686220
-1.330709 0.686220 -1.330709 0.686220
-1.289764 0.686220 -1.289764 0.686220
-1.248819 0.686220 -1.248819 0.686220
-1.207874 0.686220 -1.207874 0.686220
-1.166929 0.686220 -1.166929 0.686220
-1.125984 0.686220 -1.125984 0.686220
-1.085039 0.686220 -1.085039 0.686220
-1.044094 0.686220 -1.044094 0.686220
-1.003150 0.686220 -1.003150 0.686220
-0.962205 0.686220 -0.962205 0.686220
-0.921260 0.686220 -0.921260 0.686220
-0.880315 0.686220 -0.880315 0.686220
-0.839370 0.686220 -0.839370 0.686220
-0.798425 0.686220 -0.798425 0.686220
-0.757480 0.686220 -0.757480 0.686220
-0.716535 0.686220 -0.716535 0.686220
-0.675591 0.686220 -0.675591 0.686220
-0.634646 0.686220 -0.634646 0.686220
-0.593701 0.686220 -0.593701 0.686220
-0.552756 0.686220 -0.552756 0.686220
-0.511811 0.686220 -0.511811 0.686220
-0.470866 0.686220 -0.470866 0.686220
-0.429921 0.686220 -0.429921 0.686220
-0.388976 0.686220 -0.388976 0.686220
-0.348031 0.686220 -0.348031 0.686220
-0.307087 0.686220 -0.307087 0.686220
-0.266142 0.686220 -0.266142 0.686220
-0.225197 0.686220 -0.225197 0.686220
-0.184252 0.686220 -0.184252 0.686220
-0.143307 0.686220 -0.143307 0.686220
-0.102362 0.686220 -0.102362 0.686220
-0.061417 0.686220 -0.061417 0.686220
-0.020472 0.686220 -0.020472 0.686220
0.020472 0.686220 0.020472 0.686220
0.061417 0.686220 0.061417 0.686220
0.102362 0.686220 0.102362 0.686220
0.143307 0.686220 0.143307 0.686220
0.184252 0.686220 0.184252 0.686220
0.225197 0.686220 0.225197 0.686220
0.266142 0.686220 0.266142 0.686220
0.307087 0.686220 0.307087 0.686220
0.348031 0.686220 0.348031 0.686220
0.388976 0.686220 0.388976 0.686220
0.429921 0.686220 0.429921 0.686220
0.470866 0.686220 0.470866 0.686220
0.511811 0.686220 0.511811 0.686220
0.552756 0.686220 0.552756 0.686220
0.593701 0.686220 0.593701 0.686220
0.634646 0.686220 0.634646 0.686220
0.675591 0.686220 0.675591 0.686220
0.716535 0.686220 0.716535 0.686220
0.757480 0.686220 0.757480 0.686220
0.798425 0.686220 0.798425 0.686220
0.839370 0.686220 0.839370 0.686220
0.880315 0.686220 0.880315 0.686220
0.921260 0.686220 0.921260 0.686220
0.962205 0.686220 0.962205 0.686220
1.003150 0.686220 1.003150 0.686220
1.044094 0.686220 1.044094 0.686220
1.085039 0.686220 1.085039 0.686220
1.125984 0.686220 1.125984 0.686220
1.166929 0.686220 1.166929 0.686220
1.207874 0.686220 1.207874 0.686220
1.248819 0.686220 1.248819 0.686220
1.289764 0.686220 1.289764 0.686220
1.330709 0.686220 1.330709 0.686220
1.371654 0.686220 1.371654 0.686220
1.412598 0.686220 1.412598 0.686220
1.453543 0.686220 1.453543 0.686220
1.494488 0.686220 1.494488 0.686220
1.535433 0.686220 1.535433 0.686220
1.576378 0.686220 1.576378 0.686220
1.617323 0.686220 1.617323 0.686220
1.658268 0.686220 1.658268 0.686220
1.699213 0.686220 1.699213 0.686220
1.740157 0.686220 1.740157 0.686220
1.781102 0.686220 1.781102 0.686220
1.822047 0.686220 1.822047 0.686220
1.862992 0.686220 1.862992 0.686220
1.903937 0.686220 1.903937 0.686220
1.944882 0.686220 1.944882 0.686220
1.985827 0.686220 1.985827 0.686220
2.026772 0.686220 2.026772 0.686220
2.067717 0.686220 2.067717 0.686220
2.108661 0.686220 2.108661 0.686220
2.149606 0.686220 2.149606 0.686220
2.190551 0.686220 2.190551 0.686220
2.231496 0.686220 2.231496 0.686220
2.272441 0.686220 2.272441 0.686220
2.313386 0.686220 2.313386 0.686220
2.354331 0.686220 2.354331 0.686220
2.395276 0.686220 2.395276 0.686220
2.436220 0.686220 2.436220 0.686220
2.477165 0.686220 2.477165 0.686220
2.518110 0.686220 2.518110 0.686220
2.559055 0.686220 2.559055 0.686220
2.600000 0.686220 2.600000 0.686220
-2.600000 0.702756 -2.600000 0.702756
-2.559055 0.702756 -2.559055 0.702756
-2.518110 0.702756 -2.518110 0.702756
-2.477165 0.702756 -2.477165 0.702756
-2.436220 0.702756 -2.436220 0.702756
-2.395276 0.702756 -2.395276 0.702756
-2.354331 0.702756 -2.354331 0.702756
-2.313386 0.702756 -2.313386 0.702756
-2.272441 0.702756 -2.272441 0.702756
-2.231496 0.702756 -2.231496 0.702756
-2.190551 0.702756 -2.190551 0.702756
-2.149606 0.702756 -2.149606 0.702756
-2.108661 0.702756 -2.108661 0.702756
-2.067717 0.702756 -2.067717 0.702756
-2.026772 0.702756 -2.026772 0.702756
-1.985827 0.702756 -1.985827 0.702756
-1.944882 0.702756 -1.944882 0.702756
-1.903937 0.702756 -1.903937 0.702756
-1.862992 0.702756 -1.862992 0.702756
-1.822047 0.702756 -1.822047 0.702756
-1.781102 0.702756 -1.781102 0.702756
-1.740157 0.702756 -1.740157 0.702756
-1.699213 0.702756 -1.699213 0.702756
-1.658268 0.702756 -1.658268 0.702756
-1.617323 0.702756 -1.617323 0.702756
-1.576378 0.702756 -1.576378 0.702756
-1.535433 0.702756 -1.535433 0.702756
-1.494488 0.702756 -1.494488 0.702756
-1.453543 0.702756 -1.453543 0.702756
-1.412598 0.702756 -1.412598 0.702756
-1.371654 0.702756 -1.371654 0.702756
-1.330709 0.702756 -1.330709 0.702756
-1.289764 0.702756 -1.289764 0.702756
-1.248819 0.702756 -1.248819 0.702756
-1.207874 0.702756 -1.207874 0.702756
-1.166929 0.702756 -1.166929 0.702756
-1.125984 0.702756 -1.125984 0.702756
-1.085039 0.702756 -1.085039 0.702756
-1.044094 0.702756 -1.044094 0.702756
-1.003150 0.702756 -1.003150 0.702756
-0.962205 0.702756 -0.962205 0.702756
-0.921260 0.702756 -0.921260 0.702756
-0.880315 0.702756 -0.880315 0.702756
-0.839370 0.702756 -0.839370 0.702756
-0.798425 0.702756 -0.798425 0.702756
-0.757480 0.702756 -0.757480 0.702756
-0.716535 0.702756 -0.716535 0.702756
-0.675591 0.702756 -0.675591 0.702756
-0.634646 0.702756 -0.634646 0.702756
-0.593701 0.702756 -0.593701 0.702756
-0.552756 0.702756 -0.552756 0.702756
-0.511811 0.702756 -0.511811 0.702756
-0.470866 0.702756 -0.470866 0.702756
-0.429921 0.702756 -0.429921 0.702756
-0.388976 0.702756 -0.388976 0.702756
-0.348031 0.702756 -0.348031 0.702756
-0.307087 0.702756 -0.307087 0.702756
-0.266142 0.702756 -0.266142 0.702756
-0.225197 0.702756 -0.225197 0.702756
-0.184252 0.702756 -0.184252 0.702756
-0.143307 0.702756 -0.143307 0.702756
-0.102362 0.702756 -0.102362 0.702756
-0.061417 0.702756 -0.061417 0.702756
-0.020472 0.702756 -0.020472 0.702756
0.020472 0.702756 0.020472 0.702756
0.061417 0.702756 0.061417 0.702756
0.102362 0.702756 0.102362 0.702756
0.143307 0.702756 0.143307 0.702756
0.184252 0.702756 0.184252 0.702756
0.225197 0.702756 0.225197 0.702756
0.266142 0.702756 0.266142 0.702756
0.307087 0.702756 0.307087 0.702756
0.348031 0.702756 0.348031 0.702756
0.388976 0.702756 0.388976 0.702756
0.429921 0.702756 0.429921 0.702756
0.470866 0.702756 0.470866 0.702756
0.511811 0.702756 0.511811 0.702756
0.552756 0.702756 0.552756 0.702756
0.593701 0.702756 0.593701 0.702756
0.634646 0.702756 0.634646 0.702756
0.675591 0.702756 0.675591 0.702756
0.716535 0.702756 0.716535 0.702756
0.757480 0.702756 0.757480 0.702756
0.798425 0.702756 0.798425 0.702756
0.839370 0.702756 0.839370 0.702756
0.880315 0.702756 0.880315 0.702756
0.921260 0.702756 0.921260 0.702756
0.962205 0.702756 0.962205 0.702756
1.003150 0.702756 1.003150 0.702756
1.044094 0.702756 1.044094 0.702756
1.085039 0.702756 1.085039 0.702756
1.125984 0.702756 1.125984 0.702756
1.166929 0.702756 1.166929 0.702756
1.207874 0.702756 1.207874 0.702756
1.248819 0.702756 1.248819 0.702756
1.289764 0.702756 1.289764 0.702756
1.330709 0.702756 1.330709 0.702756
1.371654 0.702756 1.371654 0.702756
1.412598 0.702756 1.412598 0.702756
1.453543 0.702756 1.453543 0.702756
1.494488 0.702756 1.494488 0.702756
1.535433 0.702756 1.535433 0.702756
1.576378 0.702756 1.576378 0.702756
1.617323 0.702756 1.617323 0.702756
1.658268 0.702756 1.658268 0.702756
1.699213 0.702756 1.699213 0.702756
1.740157 0.702756 1.740157 0.702756
1.781102 0.702756 1.781102 0.702756
1.822047 0.702756 1.822047 0.702756
1.862992 0.702756 1.862992 0.702756
1.903937 0.702756 1.903937 0.702756
1.944882 0.702756 1.944882 0.702756
1.985827 0.702756 1.985827 0.702756
2.026772 0.702756 2.026772 0.702756
2.067717 0.702756 2.067717 0.702756
2.108661 0.702756 2.108661 0.702756
2.149606 0.702756 2.149606 0.702756
2.190551 0.702756 2.190551 0.702756
2.231496 0.702756 2.231496 0.702756
2.272441 0.702756 2.272441 0.702756
2.313386 0.702756 2.313386 0.702756
2.354331 0.702756 2.354331 0.702756
2.395276 0.702756 2.395276 0.702756
2.436220 0.702756 2.436220 0.702756
2.477165 0.702756 2.477165 0.702756
2.518110 0.702756 2.518110 0.702756
2.559055 0.702756 2.559055 0.702756
2.600000 0.702756 2.600000 0.702756
-2.600000 0.719291 -2.600000 0.719291
-2.559055 0.719291 -2.559055 0.719291
-2.518110 0.719291 -2.518110 0.719291
-2.477165 0.719291 -2.477165 0.719291
-2.436220 0.719291 -2.436220 0.719291
-2.395276 0.719291 -2.395276 0.719291
-2.354331 0.719291 -2.354331 0.719291
-2.313386 0.719291 -2.313386 0.719291
-2.272441 0.719291 -2.272441 0.719291
-2.231496 0.719291 -2.231496 0.719291
-2.190551 0.719291 -2.190551 0.719291
-2.149606 0.719291 -2.149606 0.719291
-2.108661 0.719291 -2.108661 0.719291
-2.067717 0.719291 -2.067717 0.719291
-2.026772 0.719291 -2.026772 0.719291
-1.985827 0.719291 -1.985827 0.719291
-1.944882 0.719291 -1.944882 0.719291
-1.903937 0.719291 -1.903937 0.719291
-1.862992 0.719291 -1.862992 0.719291
-1.822047 0.719291 -1.822047 0.719291
-1.781102 0.719291 -1.781102 0.719291
-1.740157 0.719291 -1.740157 0.719291
-1.699213 0.719291 -1.699213 0.719291
-1.658268 0.719291 -1.658268 0.719291
-1.617323 0.719291 -1.617323 0.719291
-1.576378 0.719291 -1.576378 0.719291
-1.535433 0.719291 -1.535433 0.719291
-1.494488 0.719291 -1.494488 0.719291
-1.453543 0.719291 -1.453543 0.719291
-1.412598 0.719291 -1.412598 0.719291
-1.371654 0.719291 -1.371654 0.719291
-1.330709 0.719291 -1.330709 0.719291
-1.289764 0.719291 -1.289764 0.719291
-1.248819 0.719291 -1.248819 0.719291
-1.207874 0.719291 -1.207874 0.719291
-1.166929 0.719291 -1.166929 0.719291
-1.125984 0.719291 -1.125984 0.719291
-1.085039 0.719291 -1.085039 0.719291
-1.044094 0.719291 -1.044094 0.719291
-1.003150 0.719291 -1.003150 0.719291
-0.962205 0.719291 -0.962205 0.719291
-0.921260 0.719291 -0.921260 0.719291
-0.880315 0.719291 -0.880315 0.719291
-0.839370 0.719291 -0.839370 0.719291
-0.798425 0.719291 -0.798425 0.719291
-0.757480 0.719291 -0.757480 0.719291
-0.716535 0.719291 -0.716535 0.719291
-0.675591 0.719291 -0.675591 0.719291
-0.634646 0.719291 -0.634646 0.719291
-0.593701 0.719291 -0.593701 0.719291
-0.552756 0.719291 -0.552756 0.719291
-0.511811 0.719291 -0.511811 0.719291
-0.470866 0.719291 -0.470866 0.719291
-0.429921 0.719291 -0.429921 0.719291
-0.388976 0.719291 -0.388976 0.719291
-0.348031 0.719291 -0.348031 0.719291
-0.307087 0.719291 -0.307087 0.719291
-0.266142 0.719291 -0.266142 0.719291
-0.225197 0.719291 -0.225197 0.719291
-0.184252 0.719291 -0.184252 0.719291
-0.143307 0.719291 -0.143307 0.719291
-0.102362 0.719291 -0.102362 0.719291
-0.061417 0.719291 -0.061417 0.719291
-0.020472 0.719291 -0.020472 0.719291
0.020472 0.719291 0.020472 0.719291
0.061417 0.719291 0.061417 0.719291
0.102362 0.719291 0.102362 0.719291
0.143307 0.719291 0.143307 0.719291
0.184252 0.719291 0.184252 0.719291
0.225197 0.719291 0.225197 0.719291
0.266142 0.719291 0.266142 0.719291
0.307087 0.719291 0.307087 0.719291
0.348031 0.719291 0.348031 0.719291
0.388976 0.719291 0.388976 0.719291
0.429921 0.719291 0.429921 0.719291
0.470866 0.719291 0.470866 0.719291
0.511811 0.719291 0.511811 0.719291
0.552756 0.719291 0.552756 0.719291
0.593701 0.719291 0.593701 0.719291
0.634646 0.719291 0.634646 0.719291
0.675591 0.719291 0.675591 0.719291
0.716535 0.719291 0.716535 0.719291
0.757480 0.719291 0.757480 0.719291
0.798425 0.719291 0.798425 0.719291
0.839370 0.719291 0.839370 0.719291
0.880315 0.719291 0.880315 0.719291
0.921260 0.719291 0.921260 0.719291
0.962205 0.719291 0.962205 0.719291
1.003150 0.719291 1.003150 0.719291
1.044094 0.719291 1.044094 0.719291
1.085039 0.719291 1.085039 0.719291
1.125984 0.719291 1.125984 0.719291
1.166929 0.719291 1.166929 0.719291
1.207874 0.719291 1.207874 0.719291
1.248819 0.719291 1.248819 0.719291
1.289764 0.719291 1.289764 0.719291
1.330709 0.719291 1.330709 0.719291
1.371654 0.719291 1.371654 0.719291
1.412598 0.719291 1.412598 0.719291
1.453543 0.719291 1.453543 0.719291
1.494488 0.719291 1.494488 0.719291
1.535433 0.719291 1.535433 0.719291
1.576378 0.719291 1.576378 0.719291
1.617323 0.719291 1.617323 0.719291
1.658268 0.719291 1.658268 0.719291
1.699213 0.719291 1.699213 0.719291
1.740157 0.719291 1.740157 0.719291
1.781102 0.719291 1.781102 0.719291
1.822047 0.719291 1.822047 0.719291
1.862992 0.719291 1.862992 0.719291
1.903937 0.719291 1.903937 0.719291
1.944882 0.719291 1.944882 0.719291
1.985827 0.719291 1.985827 0.719291
2.026772 0.719291 2.026772 0.719291
2.067717 0.719291 2.067717 0.719291
2.108661 0.719291 2.108661 0.719291
2.149606 0.719291 2.149606 0.719291
2.190551 0.719291 2.190551 0.719291
2.231496 0.719291 2.231496 0.719291
2.272441 0.719291 2.272441 0.719291
2.313386 0.719291 2.313386 0.719291
2.354331 0.719291 2.354331 0.719291
2.395276 0.719291 2.395276 0.719291
2.436220 0.719291 2.436220 0.719291
2.477165 0.719291 2.477165 0.719291
2.518110 0.719291 2.518110 0.719291
2.559055 0.719291 2.559055 0.719291
2.600000 0.719291 2.600000 0.719291
-2.600000 0.735827 -2.600000 0.735827
-2.559055 0.735827 -2.559055 0.735827
-2.518110 0.735827 -2.518110 0.735827
-2.477165 0.735827 -2.477165 0.735827
-2.436220 0.735827 -2.436220 0.735827
-2.395276 0.735827 -2.395276 0.735827
-2.354331 0.735827 -2.354331 0.735827
-2.313386 0.735827 -2.313386 0.735827
-2.272441 0.735827 -2.272441 0.735827
-2.231496 0.735827 -2.231496 0.735827
-2.190551 0.735827 -2.190551 0.735827
-2.149606 0.735827 -2.149606 0.735827
-2.108661 0.735827 -2.108661 0.735827
-2.067717 0.735827 -2.067717 0.735827
-2.026772 0.735827 -2.026772 0.735827
-1.985827 0.735827 -1.985827 0.735827
-1.944882 0.735827 -1.944882 0.735827
-1.903937 0.735827 -1.903937 0.735827
-1.862992 0.735827 -1.862992 0.735827
-1.822047 0.735827 -1.822047 0.735827
-1.781102 0.735827 -1.781102 0.735827
-1.740157 0.735827 -1.740157 0.735827
-1.699213 0.735827 -1.699213 0.735827
-1.658268 0.735827 -1.658268 0.735827
-1.617323 0.735827 -1.617323 0.735827
-1.576378 0.735827 -1.576378 0.735827
-1.535433 0.735827 -1.535433 0.735827
-1.494488 0.735827 -1.494488 0.735827
-1.453543 0.735827 -1.453543 0.735827
-1.412598 0.735827 -1.412598 0.735827
-1.371654 0.735827 -1.371654 0.735827
-1.330709 0.735827 -1.330709 0.735827
-1.289764 0.735827 -1.289764 0.735827
-1.248819 0.735827 -1.248819 0.735827
-1.207874 0.735827 -1.207874 0.735827
-1.166929 0.735827 -1.166929 0.735827
-1.125984 0.735827 -1.125984 0.735827
-1.085039 0.735827 -1.085039 0.735827
-1.044094 0.735827 -1.044094 0.735827
-1.003150 0.735827 -1.003150 0.735827
-0.962205 0.735827 -0.962205 0.735827
-0.921260 0.735827 -0.921260 0.735827
-0.880315 0.735827 -0.880315 0.735827
-0.839370 0.735827 -0.839370 0.735827
-0.798425 0.735827 -0.798425 0.735827
-0.757480 0.735827 -0.757480 0.735827
-0.716535 0.735827 -0.716535 0.735827
-0.675591 0.735827 -0.675591 0.735827
-0.634646 0.735827 -0.634646 0.735827
-0.593701 0.735827 -0.593701 0.735827
-0.552756 0.735827 -0.552756 0.735827
-0.511811 0.735827 -0.511811 0.735827
-0.470866 0.735827 -0.470866 0.735827
-0.429921 0.735827 -0.429921 0.735827
-0.388976 0.735827 -0.388976 0.735827
-0.348031 0.735827 -0.348031 0.735827
-0.307087 0.735827 -0.307087 0.735827
-0.266142 0.735827 -0.266142 0.735827
-0.225197 0.735827 -0.225197 0.735827
-0.184252 0.735827 -0.184252 0.735827
-0.143307 0.735827 -0.143307 0.735827
-0.102362 0.735827 -0.102362 0.735827
-0.061417 0.735827 -0.061417 0.735827
-0.020472 0.735827 -0.020472 0.735827
0.020472 0.735827 0.020472 0.735827
0.061417 0.735827 0.061417 0.735827
0.102362 0.735827 0.102362 0.735827
0.143307 0.735827 0.143307 0.735827
0.184252 0.735827 0.184252 0.735827
0.225197 0.735827 0.225197 0.735827
0.266142 0.735827 0.266142 0.735827
0.307087 0.735827 0.307087 0.735827
0.348031 0.735827 0.348031 0.735827
0.388976 0.735827 0.388976 0.735827
0.429921 0.735827 0.429921 0.735827
0.470866 0.735827 0.470866 0.735827
0.511811 0.735827 0.511811 0.735827
0.552756 0.735827 0.552756 0.735827
0.593701 0.735827 0.593701 0.735827
0.634646 0.735827 0.634646 0.735827
0.675591 0.735827 0.675591 0.735827
0.716535 0.735827 0.716535 0.735827
0.757480 0.735827 0.757480 0.735827
0.798425 0.735827 0.798425 0.735827
0.839370 0.735827 0.839370 0.735827
0.880315 0.735827 0.880315 0.735827
0.921260 0.735827 0.921260 0.735827
0.962205 0.735827 0.962205 0.735827
1.003150 0.735827 1.003150 0.735827
1.044094 0.735827 1.044094 0.735827
1.085039 0.735827 1.085039 0.735827
1.125984 0.735827 1.125984 0.735827
1.166929 0.735827 1.166929 0.735827
1.207874 0.735827 1.207874 0.735827
1.248819 0.735827 1.248819 0.735827
1.289764 0.735827 1.289764 0.735827
1.330709 0.735827 1.330709 0.735827
1.371654 0.735827 1.371654 0.735827
1.412598 0.735827 1.412598 0.735827
1.453543 0.735827 1.453543 0.735827
1.494488 0.735827 1.494488 0.735827
1.535433 0.735827 1.535433 0.735827
1.576378 0.735827 1.576378 0.735827
1.617323 0.735827 1.617323 0.735827
1.658268 0.735827 1.658268 0.735827
1.699213 0.735827 1.699213 0.735827
1.740157 0.735827 1.740157 0.735827
1.781102 0.735827 1.781102 0.735827
1.822047 0.735827 1.822047 0.735827
1.862992 0.735827 1.862992 0.735827
1.903937 0.735827 1.903937 0.735827
1.944882 0.735827 1.944882 0.735827
1.985827 0.735827 1.985827 0.735827
2.026772 0.735827 2.026772 0.735827
2.067717 0.735827 2.067717 0.735827
2.108661 0.735827 2.108661 0.735827
2.149606 0.735827 2.149606 0.735827
2.190551 0.735827 2.190551 0.735827
2.231496 0.735827 2.231496 0.735827
2.272441 0.735827 2.272441 0.735827
2.313386 0.735827 2.313386 0.735827
2.354331 0.735827 2.354331 0.735827
2.395276 0.735827 2.395276 0.735827
2.436220 0.735827 2.436220 0.735827
2.477165 0.735827 2.477165 0.735827
2.518110 0.735827 2.518110 0.735827
2.559055 0.735827 2.559055 0.735827
2.600000 0.735827 2.600000 0.735827
-2.600000 0.752362 -2.600000 0.752362
-2.559055 0.752362 -2.559055 0.752362
-2.518110 0.752362 -2.518110 0.752362
-2.477165 0.752362 -2.477165 0.752362
-2.436220 0.752362 -2.436220 0.752362
-2.395276 0.752362 -2.395276 0.752362
-2.354331 0.752362 -2.354331 0.752362
-2.313386 0.752362 -2.313386 0.752362
-2.272441 0.752362 -2.272441 0.752362
-2.231496 0.752362 -2.231496 0.752362
-2.190551 0.752362 -2.190551 0.752362
-2.149606 0.752362 -2.149606 0.752362
-2.108661 0.752362 -2.108661 0.752362
-2.067717 0.752362 -2.067717 0.752362
-2.026772 0.752362 -2.026772 0.752362
-1.985827 0.752362 -1.985827 0.752362
-1.944882 0.752362 -1.944882 0.752362
-1.903937 0.752362 -1.903937 0.752362
-1.862992 0.752362 -1.862992 0.752362
-1.822047 0.752362 -1.822047 0.752362
-1.781102 0.752362 -1.781102 0.752362
-1.740157 0.752362 -1.740157 0.752362
-1.699213 0.752362 -1.699213 0.752362
-1.658268 0.752362 -1.658268 0.752362
-1.617323 0.752362 -1.617323 0.752362
-1.576378 0.752362 -1.576378 0.752362
-1.535433 0.752362 -1.535433 0.752362
-1.494488 0.752362 -1.494488 0.752362
-1.453543 0.752362 -1.453543 0.752362
-1.412598 0.752362 -1.412598 0.752362
-1.371654 0.752362 -1.371654 0.752362
-1.330709 0.752362 -1.330709 0.752362
-1.289764 0.752362 -1.289764 0.752362
-1.248819 0.752362 -1.248819 0.752362
-1.207874 0.752362 -1.207874 0.752362
-1.166929 0.752362 -1.166929 0.752362
-1.125984 0.752362 -1.125984 0.752362
-1.085039 0.752362 -1.085039 0.752362
-1.044094 0.752362 -1.044094 0.752362
-1.003150 0.752362 -1.003150 0.752362
-0.962205 0.752362 -0.962205 0.752362
-0.921260 0.752362 -0.921260 0.752362
-0.880315 0.752362 -0.880315 0.752362
-0.839370 0.752362 -0.839370 0.752362
-0.798425 0.752362 -0.798425 0.752362
-0.757480 0.752362 -0.757480 0.752362
-0.716535 0.752362 -0.716535 0.752362
-0.675591 0.752362 -0.675591 0.752362
-0.634646 0.752362 -0.634646 0.752362
-0.593701 0.752362 -0.593701 0.752362
-0.552756 0.752362 -0.552756 0.752362
-0.511811 0.752362 -0.511811 0.752362
-0.470866 0.752362 -0.470866 0.752362
-0.429921 0.752362 -0.429921 0.752362
-0.388976 0.752362 -0.388976 0.752362
-0.348031 0.752362 -0.348031 0.752362
-0.307087 0.752362 -0.307087 0.752362
-0.266142 0.752362 -0.266142 0.752362
-0.225197 0.752362 -0.225197 0.752362
-0.184252 0.752362 -0.184252 0.752362
-0.143307 0.752362 -0.143307 0.752362
-0.102362 0.752362 -0.102362 0.752362
-0.061417 0.752362 -0.061417 0.752362
-0.020472 0.752362 -0.020472 0.752362
0.020472 0.752362 0.020472 0.752362
0.061417 0.752362 0.061417 0.752362
0.102362 0.752362 0.102362 0.752362
0.143307 0.752362 0.143307 0.752362
0.184252 0.752362 0.184252 0.752362
0.225197 0.752362 0.225197 0.752362
0.266142 0.752362 0.266142 0.752362
0.307087 0.752362 0.307087 0.752362
0.348031 0.752362 0.348031 0.752362
0.388976 0.752362 0.388976 0.752362
0.429921 0.752362 0.429921 0.752362
0.470866 0.752362 0.470866 0.752362
0.511811 0.752362 0.511811 0.752362
0.552756 0.752362 0.552756 0.752362
0.593701 0.752362 0.593701 0.752362
0.634646 0.752362 0.634646 0.752362
0.675591 0.752362 0.675591 0.752362
0.716535 0.752362 0.716535 0.752362
0.757480 0.752362 0.757480 0.752362
0.798425 0.752362 0.798425 0.752362
0.839370 0.752362 0.839370 0.752362
0.880315 0.752362 0.880315 0.752362
0.921260 0.752362 0.921260 0.752362
0.962205 0.752362 0.962205 0.752362
1.003150 0.752362 1.003150 0.752362
1.044094 0.752362 1.044094 0.752362
1.085039 0.752362 1.085039 0.752362
1.125984 0.752362 1.125984 0.752362
1.166929 0.752362 1.166929 0.752362
1.207874 0.752362 1.207874 0.752362
1.248819 0.752362 1.248819 0.752362
1.289764 0.752362 1.289764 0.752362
1.330709 0.752362 1.330709 0.752362
1.371654 0.752362 1.371654 0.752362
1.412598 0.752362 1.412598 0.752362
1.453543 0.752362 1.453543 0.752362
1.494488 0.752362 1.494488 0.752362
1.535433 0.752362 1.535433 0.752362
1.576378 0.752362 1.576378 0.752362
1.617323 0.752362 1.617323 0.752362
1.658268 0.752362 1.658268 0.752362
1.699213 0.752362 1.699213 0.752362
1.740157 0.752362 1.740157 0.752362
1.781102 0.752362 1.781102 0.752362
1.822047 0.752362 1.822047 0.752362
1.862992 0.752362 1.862992 0.752362
1.903937 0.752362 1.903937 0.752362
1.944882 0.752362 1.944882 0.752362
1.985827 0.752362 1.985827 0.752362
2.026772 0.752362 2.026772 0.752362
2.067717 0.752362 2.067717 0.752362
2.108661 0.752362 2.108661 0.752362
2.149606 0.752362 2.149606 0.752362
2.190551 0.752362 2.190551 0.752362
2.231496 0.752362 2.231496 0.752362
2.272441 0.752362 2.272441 0.752362
2.313386 0.752362 2.313386 0.752362
2.354331 0.752362 2.354331 0.752362
2.395276 0.752362 2.395276 0.752362
2.436220 0.752362 2.436220 0.752362
2.477165 0.752362 2.477165 0.752362
2.518110 0.752362 2.518110 0.752362
2.559055 0.752362 2.559055 0.752362
2.600000 0.752362 2.600000 0.752362
-2.600000 0.768898 -2.600000 0.768898
-2.559055 0.768898 -2.559055 0.768898
-2.518110 0.768898 -2.518110 0.768898
-2.477165 0.768898 -2.477165 0.768898
-2.436220 0.768898 -2.436220 0.768898
-2.395276 0.768898 -2.395276 0.768898
-2.354331 0.768898 -2.354331 0.768898
-2.313386 0.768898 -2.313386 0.768898
-2.272441 0.768898 -2.272441 0.768898
-2.231496 0.768898 -2.231496 0.768898
-2.190551 0.768898 -2.190551 0.768898
-2.149606 0.768898 -2.149606 0.768898
-2.108661 0.768898 -2.108661 0.768898
-2.067717 0.768898 -2.067717 0.768898
-2.026772 0.768898 -2.026772 0.768898
-1.985827 0.768898 -1.985827 0.768898
-1.944882 0.768898 -1.944882 0.768898
-1.903937 0.768898 -1.903937 0.768898
-1.862992 0.768898 -1.862992 0.768898
-1.822047 0.768898 -1.822047 0.768898
-1.781102 0.768898 -1.781102 0.768898
-1.740157 0.768898 -1.740157 0.768898
-1.699213 0.768898 -1.699213 0.768898
-1.658268 0.768898 -1.658268 0.768898
-1.617323 0.768898 -1.617323 0.768898
-1.576378 0.768898 -1.576378 0.768898
-1.535433 0.768898 -1.535433 0.768898
-1.494488 0.768898 -1.494488 0.768898
-1.453543 0.768898 -1.453543 0.768898
-1.412598 0.768898 -1.412598 0.768898
-1.371654 0.768898 -1.371654 0.768898
-1.330709 0.768898 -1.330709 0.768898
-1.289764 0.768898 -1.289764 0.768898
-1.248819 0.768898 -1.248819 0.768898
-1.207874 0.768898 -1.207874 0.768898
-1.166929 0.768898 -1.166929 0.768898
-1.125984 0.768898 -1.125984 0.768898
-1.085039 0.768898 -1.085039 0.768898
-1.044094 0.768898 -1.044094 0.768898
-1.003150 0.768898 -1.003150 0.768898
-0.962205 0.768898 -0.962205 0.768898
-0.921260 0.768898 -0.921260 0.768898
-0.880315 0.768898 -0.880315 0.768898
-0.839370 0.768898 -0.839370 0.768898
-0.798425 0.768898 -0.798425 0.768898
-0.757480 0.768898 -0.757480 0.768898
-0.716535 0.768898 -0.716535 0.768898
-0.675591 0.768898 -0.675591 0.768898
-0.634646 0.768898 -0.634646 0.768898
-0.593701 0.768898 -0.593701 0.768898
-0.552756 0.768898 -0.552756 0.768898
-0.511811 0.768898 -0.511811 0.768898
-0.470866 0.768898 -0.470866 0.768898
-0.429921 0.768898 -0.429921 0.768898
-0.388976 0.768898 -0.388976 0.768898
-0.348031 0.768898 -0.348031 0.768898
-0.307087 0.768898 -0.307087 0.768898
-0.266142 0.768898 -0.266142 0.768898
-0.225197 0.768898 -0.225197 0.768898
-0.184252 0.768898 -0.184252 0.768898
-0.143307 0.768898 -0.143307 0.768898
-0.102362 0.768898 -0.102362 0.768898
-0.061417 0.768898 -0.061417 0.768898
-0.020472 0.768898 -0.020472 0.768898
0.020472 0.768898 0.020472 0.768898
0.061417 0.768898 0.061417 0.768898
0.102362 0.768898 0.102362 0.768898
0.143307 0.768898 0.143307 0.768898
0.184252 0.768898 0.184252 0.768898
0.225197 0.768898 0.225197 0.768898
0.266142 0.768898 0.266142 0.768898
0.307087 0.768898 0.307087 0.768898
0.348031 0.768898 0.348031 0.768898
0.388976 0.768898 0.388976 0.768898
0.429921 0.768898 0.429921 0.768898
0.470866 0.768898 0.470866 0.768898
0.511811 0.768898 0.511811 0.768898
0.552756 0.768898 0.552756 0.768898
0.593701 0.768898 0.593701 0.768898
0.634646 0.768898 0.634646 0.768898
0.675591 0.768898 0.675591 0.768898
0.716535 0.768898 0.716535 0.768898
0.757480 0.768898 0.757480 0.768898
0.798425 0.768898 0.798425 0.768898
0.839370 0.768898 0.839370 0.768898
0.880315 0.768898 0.880315 0.768898
0.921260 0.768898 0.921260 0.768898
0.962205 0.768898 0.962205 0.768898
1.003150 0.768898 1.003150 0.768898
1.044094 0.768898 1.044094 0.768898
1.085039 0.768898 1.085039 0.768898
1.125984 0.768898 1.125984 0.768898
1.166929 0.768898 1.166929 0.768898
1.207874 0.768898 1.207874 0.768898
1.248819 0.768898 1.248819 0.768898
1.289764 0.768898 1.289764 0.768898
1.330709 0.768898 1.330709 0.768898
1.371654 0.768898 1.371654 0.768898
1.412598 0.768898 1.412598 0.768898
1.453543 0.768898 1.453543 0.768898
1.494488 0.768898 1.494488 0.768898
1.535433 0.768898 1.535433 0.768898
1.576378 0.768898 1.576378 0.768898
1.617323 0.768898 1.617323 0.768898
1.658268 0.768898 1.658268 0.768898
1.699213 0.768898 1.699213 0.768898
1.740157 0.768898 1.740157 0.768898
1.781102 0.768898 1.781102 0.768898
1.822047 0.768898 1.822047 0.768898
1.862992 0.768898 1.862992 0.768898
1.903937 0.768898 1.903937 0.768898
1.944882 0.768898 1.944882 0.768898
1.985827 0.768898 1.985827 0.768898
2.026772 0.768898 2.026772 0.768898
2.067717 0.768898 2.067717 0.768898
2.108661 0.768898 2.108661 0.768898
2.149606 0.768898 2.149606 0.768898
2.190551 0.768898 2.190551 0.768898
2.231496 0.768898 2.231496 0.768898
2.272441 0.768898 2.272441 0.768898
2.313386 0.768898 2.313386 0.768898
2.354331 0.768898 2.354331 0.768898
2.395276 0.768898 2.395276 0.768898
2.436220 0.768898 2.436220 0.768898
2.477165 0.768898 2.477165 0.768898
2.518110 0.768898 2.518110 0.768898
2.559055 0.768898 2.559055 0.768898
2.600000 0.768898 2.600000 0.768898
-2.600000 0.785433 -2.600000 0.785433
-2.559055 0.785433 -2.559055 0.785433
-2.518110 0.785433 -2.518110 0.785433
-2.477165 0.785433 -2.477165 0.785433
-2.436220 0.785433 -2.436220 0.785433
-2.395276 0.785433 -2.395276 0.785433
-2.354331 0.785433 -2.354331 0.785433
-2.313386 0.785433 -2.313386 0.785433
-2.272441 0.785433 -2.272441 0.785433
-2.231496 0.785433 -2.231496 0.785433
-2.190551 0.785433 -2.190551 0.785433
-2.149606 0.785433 -2.149606 0.785433
-2.108661 0.785433 -2.108661 0.785433
-2.067717 0.785433 -2.067717 0.785433
-2.026772 0.785433 -2.026772 0.785433
-1.985827 0.785433 -1.985827 0.785433
-1.944882 0.785433 -1.944882 0.785433
-1.903937 0.785433 -1.903937 0.785433
-1.862992 0.785433 -1.862992 0.785433
-1.822047 0.785433 -1.822047 0.785433
-1.781102 0.785433 -1.781102 0.785433
-1.740157 0.785433 -1.740157 0.785433
-1.699213 0.785433 -1.699213 0.785433
-1.658268 0.785433 -1.658268 0.785433
-1.617323 0.785433 -1.617323 0.785433
-1.576378 0.785433 -1.576378 0.785433
-1.535433 0.785433 -1.535433 0.785433
-1.494488 0.785433 -1.494488 0.785433
-1.453543 0.785433 -1.453543 0.785433
-1.412598 0.785433 -1.412598 0.785433
-1.371654 0.785433 -1.371654 0.785433
-1.330709 0.785433 -1.330709 0.785433
-1.289764 0.785433 -1.289764 0.785433
-1.248819 0.785433 -1.248819 0.785433
-1.207874 0.785433 -1.207874 0.785433
-1.166929 0.785433 -1.166929 0.785433
-1.125984 0.785433 -1.125984 0.785433
-1.085039 0.785433 -1.085039 0.785433
-1.044094 0.785433 -1.044094 0.785433
-1.003150 0.785433 -1.003150 0.785433
-0.962205 0.785433 -0.962205 0.785433
-0.921260 0.785433 -0.921260 0.785433
-0.880315 0.785433 -0.880315 0.785433
-0.839370 0.785433 -0.839370 0.785433
-0.798425 0.785433 -0.798425 0.785433
-0.757480 0.785433 -0.757480 0.785433
-0.716535 0.785433 -0.716535 0.785433
-0.675591 0.785433 -0.675591 0.785433
-0.634646 0.785433 -0.634646 0.785433
-0.593701 0.785433 -0.593701 0.785433
-0.552756 0.785433 -0.552756 0.785433
-0.511811 0.785433 -0.511811 0.785433
-0.470866 0.785433 -0.470866 0.785433
-0.429921 0.785433 -0.429921 0.785433
-0.388976 0.785433 -0.388976 0.785433
-0.348031 0.785433 -0.348031 0.785433
-0.307087 0.785433 -0.307087 0.785433
-0.266142 0.785433 -0.266142 0.785433
-0.225197 0.785433 -0.225197 0.785433
-0.184252 0.785433 -0.184252 0.785433
-0.143307 0.785433 -0.143307 0.785433
-0.102362 0.785433 -0.102362 0.785433
-0.061417 0.785433 -0.061417 0.785433
-0.020472 0.785433 -0.020472 0.785433
0.020472 0.785433 0.020472 0.785433
0.061417 0.785433 0.061417 0.785433
0.102362 0.785433 0.102362 0.785433
0.143307 0.785433 0.143307 0.785433
0.184252 0.785433 0.184252 0.785433
0.225197 0.785433 0.225197 0.785433
0.266142 0.785433 0.266142 0.785433
0.307087 0.785433 0.307087 0.785433
0.348031 0.785433 0.348031 0.785433
0.388976 0.785433 0.388976 0.785433
0.429921 0.785433 0.429921 0.785433
0.470866 0.785433 0.470866 0.785433
0.511811 0.785433 0.511811 0.785433
0.552756 0.785433 0.552756 0.785433
0.593701 0.785433 0.593701 0.785433
0.634646 0.785433 0.634646 0.785433
0.675591 0.785433 0.675591 0.785433
0.716535 0.785433 0.716535 0.785433
0.757480 0.785433 0.757480 0.785433
0.798425 0.785433 0.798425 0.785433
0.839370 0.785433 0.839370 0.785433
0.880315 0.785433 0.880315 0.785433
0.921260 0.785433 0.921260 0.785433
0.962205 0.785433 0.962205 0.785433
1.003150 0.785433 1.003150 0.785433
1.044094 0.785433 1.044094 0.785433
1.085039 0.785433 1.085039 0.785433
1.125984 0.785433 1.125984 0.785433
1.166929 0.785433 1.166929 0.785433
1.207874 0.785433 1.207874 0.785433
1.248819 0.785433 1.248819 0.785433
1.289764 0.785433 1.289764 0.785433
1.330709 0.785433 1.330709 0.785433
1.371654 0.785433 1.371654 0.785433
1.412598 0.785433 1.412598 0.785433
1.453543 0.785433 1.453543 0.785433
1.494488 0.785433 1.494488 0.785433
1.535433 0.785433 1.535433 0.785433
1.576378 0.785433 1.576378 0.785433
1.617323 0.785433 1.617323 0.785433
1.658268 0.785433 1.658268 0.785433
1.699213 0.785433 1.699213 0.785433
1.740157 0.785433 1.740157 0.785433
1.781102 0.785433 1.781102 0.785433
1.822047 0.785433 1.822047 0.785433
1.862992 0.785433 1.862992 0.785433
1.903937 0.785433 1.903937 0.785433
1.944882 0.785433 1.944882 0.785433
1.985827 0.785433 1.985827 0.785433
2.026772 0.785433 2.026772 0.785433
2.067717 0.785433 2.067717 0.785433
2.108661 0.785433 2.108661 0.785433
2.149606 0.785433 2.149606 0.785433
2.190551 0.785433 2.190551 0.785433
2.231496 0.785433 2.231496 0.785433
2.272441 0.785433 2.272441 0.785433
2.313386 0.785433 2.313386 0.785433
2.354331 0.785433 2.354331 0.785433
2.395276 0.785433 2.395276 0.785433
2.436220 0.785433 2.436220 0.785433
2.477165 0.785433 2.477165 0.785433
2.518110 0.785433 2.518110 0.785433
2.559055 0.785433 2.559055 0.785433
2.600000 0.785433 2.600000 0.785433
-2.600000 0.801969 -2.600000 0.801969
-2.559055 0.801969 -2.559055 0.801969
-2.518110 0.801969 -2.518110 0.801969
-2.477165 0.801969 -2.477165 0.801969
-2.436220 0.801969 -2.436220 0.801969
-2.395276 0.801969 -2.395276 0.801969
-2.354331 0.801969 -2.354331 0.801969
-2.313386 0.801969 -2.313386 0.801969
-2.272441 0.801969 -2.272441 0.801969
-2.231496 0.801969 -2.231496 0.801969
-2.190551 0.801969 -2.190551 0.801969
-2.149606 0.801969 -2.149606 0.801969
-2.108661 0.801969 -2.108661 0.801969
-2.067717 0.801969 -2.067717 0.801969
-2.026772 0.801969 -2.026772 0.801969
-1.985827 0.801969 -1.985827 0.801969
-1.944882 0.801969 -1.944882 0.801969
-1.903937 0.801969 -1.903937 0.801969
-1.862992 0.801969 -1.862992 0.801969
-1.822047 0.801969 -1.822047 0.801969
-1.781102 0.801969 -1.781102 0.801969
-1.740157 0.801969 -1.740157 0.801969
-1.699213 0.801969 -1.699213 0.801969
-1.658268 0.801969 -1.658268 0.801969
-1.617323 0.801969 -1.617323 0.801969
-1.576378 0.801969 -1.576378 0.801969
-1.535433 0.801969 -1.535433 0.801969
-1.494488 0.801969 -1.494488 0.801969
-1.453543 0.801969 -1.453543 0.801969
-1.412598 0.801969 -1.412598 0.801969
-1.371654 0.801969 -1.371654 0.801969
-1.330709 0.801969 -1.330709 0.801969
-1.289764 0.801969 -1.289764 0.801969
-1.248819 0.801969 -1.248819 0.801969
-1.207874 0.801969 -1.207874 0.801969
-1.166929 0.801969 -1.166929 0.801969
-1.125984 0.801969 -1.125984 0.801969
-1.085039 0.801969 -1.085039 0.801969
-1.044094 0.801969 -1.044094 0.801969
-1.003150 0.801969 -1.003150 0.801969
-0.962205 0.801969 -0.962205 0.801969
-0.921260 0.801969 -0.921260 0.801969
-0.880315 0.801969 -0.880315 0.801969
-0.839370 0.801969 -0.839370 0.801969
-0.798425 0.801969 -0.798425 0.801969
-0.757480 0.801969 -0.757480 0.801969
-0.716535 0.801969 -0.716535 0.801969
-0.675591 0.801969 -0.675591 0.801969
-0.634646 0.801969 -0.634646 0.801969
-0.593701 0.801969 -0.593701 0.801969
-0.552756 0.801969 -0.552756 0.801969
-0.511811 0.801969 -0.511811 0.801969
-0.470866 0.801969 -0.470866 0.801969
-0.429921 0.801969 -0.429921 0.801969
-0.388976 0.801969 -0.388976 0.801969
-0.348031 0.801969 -0.348031 0.801969
-0.307087 0.801969 -0.307087 0.801969
-0.266142 0.801969 -0.266142 0.801969
-0.225197 0.801969 -0.225197 0.801969
-0.184252 0.801969 -0.184252 0.801969
-0.143307 0.801969 -0.143307 0.801969
-0.102362 0.801969 -0.102362 0.801969
-0.061417 0.801969 -0.061417 0.801969
-0.020472 0.801969 -0.020472 0.801969
0.020472 0.801969 0.020472 0.801969
0.061417 0.801969 0.061417 0.801969
0.102362 0.801969 0.102362 0.801969
0.143307 0.801969 0.143307 0.801969
0.184252 0.801969 0.184252 0.801969
0.225197 0.801969 0.225197 0.801969
0.266142 0.801969 0.266142 0.801969
0.307087 0.801969 0.307087 0.801969
0.348031 0.801969 0.348031 0.801969
0.388976 0.801969 0.388976 0.801969
0.429921 0.801969 0.429921 0.801969
0.470866 0.801969 0.470866 0.801969
0.511811 0.801969 0.511811 0.801969
0.552756 0.801969 0.552756 0.801969
0.593701 0.801969 0.593701 0.801969
0.634646 0.801969 0.634646 0.801969
0.675591 0.801969 0.675591 0.801969
0.716535 0.801969 0.716535 0.801969
0.757480 0.801969 0.757480 0.801969
0.798425 0.801969 0.798425 0.801969
0.839370 0.801969 0.839370 0.801969
0.880315 0.801969 0.880315 0.801969
0.921260 0.801969 0.921260 0.801969
0.962205 0.801969 0.962205 0.801969
1.003150 0.801969 1.003150 0.801969
1.044094 0.801969 1.044094 0.801969
1.085039 0.801969 1.085039 0.801969
1.125984 0.801969 1.125984 0.801969
1.166929 0.801969 1.166929 0.801969
1.207874 0.801969 1.207874 0.801969
1.248819 0.801969 1.248819 0.801969
1.289764 0.801969 1.289764 0.801969
1.330709 0.801969 1.330709 0.801969
1.371654 0.801969 1.371654 0.801969
1.412598 0.801969 1.412598 0.801969
1.453543 0.801969 1.453543 0.801969
1.494488 0.801969 1.494488 0.801969
1.535433 0.801969 1.535433 0.801969
1.576378 0.801969 1.576378 0.801969
1.617323 0.801969 1.617323 0.801969
1.658268 0.801969 1.658268 0.801969
1.699213 0.801969 1.699213 0.801969
1.740157 0.801969 1.740157 0.801969
1.781102 0.801969 1.781102 0.801969
1.822047 0.801969 1.822047 0.801969
1.862992 0.801969 1.862992 0.801969
1.903937 0.801969 1.903937 0.801969
1.944882 0.801969 1.944882 0.801969
1.985827 0.801969 1.985827 0.801969
2.026772 0.801969 2.026772 0.801969
2.067717 0.801969 2.067717 0.801969
2.108661 0.801969 2.108661 0.801969
2.149606 0.801969 2.149606 0.801969
2.190551 0.801969 2.190551 0.801969
2.231496 0.801969 2.231496 0.801969
2.272441 0.801969 2.272441 0.801969
2.313386 0.801969 2.313386 0.801969
2.354331 0.801969 2.354331 0.801969
2.395276 0.801969 2.395276 0.801969
2.436220 0.801969 2.436220 0.801969
2.477165 0.801969 2.477165 0.801969
2.518110 0.801969 2.518110 0.801969
2.559055 0.801969 2.559055 0.801969
2.600000 0.801969 2.600000 0.801969
-2.600000 0.818504 -2.600000 0.818504
-2.559055 0.818504 -2.559055 0.818504
-2.518110 0.818504 -2.518110 0.818504
-2.477165 0.818504 -2.477165 0.818504
-2.436220 0.818504 -2.436220 0.818504
-2.395276 0.818504 -2.395276 0.818504
-2.354331 0.818504 -2.354331 0.818504
-2.313386 0.818504 -2.313386 0.818504
-2.272441 0.818504 -2.272441 0.818504
-2.231496 0.818504 -2.231496 0.818504
-2.190551 0.818504 -2.190551 0.818504
-2.149606 0.818504 -2.149606 0.818504
-2.108661 0.818504 -2.108661 0.818504
-2.067717 0.818504 -2.067717 0.818504
-2.026772 0.818504 -2.026772 0.818504
-1.985827 0.818504 -1.985827 0.818504
-1.944882 0.818504 -1.944882 0.818504
-1.903937 0.818504 -1.903937 0.818504
-1.862992 0.818504 -1.862992 0.818504
-1.822047 0.818504 -1.822047 0.818504
-1.781102 0.818504 -1.781102 0.818504
-1.740157 0.818504 -1.740157 0.818504
-1.699213 0.818504 -1.699213 0.818504
-1.658268 0.818504 -1.658268 0.818504
-1.617323 0.818504 -1.617323 0.818504
-1.576378 0.818504 -1.576378 0.818504
-1.535433 0.818504 -1.535433 0.818504
-1.494488 0.818504 -1.494488 0.818504
-1.453543 0.818504 -1.453543 0.818504
-1.412598 0.818504 -1.412598 0.818504
-1.371654 0.818504 -1.371654 0.818504
-1.330709 0.818504 -1.330709 0.818504
-1.289764 0.818504 -1.289764 0.818504
-1.248819 0.818504 -1.248819 0.818504
-1.207874 0.818504 -1.207874 0.818504
-1.166929 0.818504 -1.166929 0.818504
-1.125984 0.818504 -1.125984 0.818504
-1.085039 0.818504 -1.085039 0.818504
-1.044094 0.818504 -1.044094 0.818504
-1.003150 0.818504 -1.003150 0.818504
-0.962205 0.818504 -0.962205 0.818504
-0.921260 0.818504 -0.921260 0.818504
-0.880315 0.818504 -0.880315 0.818504
-0.839370 0.818504 -0.839370 0.818504
-0.798425 0.818504 -0.798425 0.818504
-0.757480 0.818504 -0.757480 0.818504
-0.716535 0.818504 -0.716535 0.818504
-0.675591 0.818504 -0.675591 0.818504
-0.634646 0.818504 -0.634646 0.818504
-0.593701 0.818504 -0.593701 0.818504
-0.552756 0.818504 -0.552756 0.818504
-0.511811 0.818504 -0.511811 0.818504
-0.470866 0.818504 -0.470866 0.818504
-0.429921 0.818504 -0.429921 0.818504
-0.388976 0.818504 -0.388976 0.818504
-0.348031 0.818504 -0.348031 0.818504
-0.307087 0.818504 -0.307087 0.818504
-0.266142 0.818504 -0.266142 0.818504
-0.225197 0.818504 -0.225197 0.818504
-0.184252 0.818504 -0.184252 0.818504
-0.143307 0.818504 -0.143307 0.818504
-0.102362 0.818504 -0.102362 0.818504
-0.061417 0.818504 -0.061417 0.818504
-0.020472 0.818504 -0.020472 0.818504
0.020472 0.818504 0.020472 0.818504
0.061417 0.818504 0.061417 0.818504
0.102362 0.818504 0.102362 0.818504
0.143307 0.818504 0.143307 0.818504
0.184252 0.818504 0.184252 0.818504
0.225197 0.818504 0.225197 0.818504
0.266142 0.818504 0.266142 0.818504
0.307087 0.818504 0.307087 0.818504
0.348031 0.818504 0.348031 0.818504
0.388976 0.818504 0.388976 0.818504
0.429921 0.818504 0.429921 0.818504
0.470866 0.818504 0.470866 0.818504
0.511811 0.818504 0.511811 0.818504
0.552756 0.818504 0.552756 0.818504
0.593701 0.818504 0.593701 0.818504
0.634646 0.818504 0.634646 0.818504
0.675591 0.818504 0.675591 0.818504
0.716535 0.818504 0.716535 0.818504
0.757480 0.818504 0.757480 0.818504
0.798425 0.818504 0.798425 0.818504
0.839370 0.818504 0.839370 0.818504
0.880315 0.818504 0.880315 0.818504
0.921260 0.818504 0.921260 0.818504
0.962205 0.818504 0.962205 0.818504
1.003150 0.818504 1.003150 0.818504
1.044094 0.818504 1.044094 0.818504
1.085039 0.818504 1.085039 0.818504
1.125984 0.818504 1.125984 0.818504
1.166929 0.818504 1.166929 0.818504
1.207874 0.818504 1.207874 0.818504
1.248819 0.818504 1.248819 0.818504
1.289764 0.818504 1.289764 0.818504
1.330709 0.818504 1.330709 0.818504
1.371654 0.818504 1.371654 0.818504
1.412598 0.818504 1.412598 0.818504
1.453543 0.818504 1.453543 0.818504
1.494488 0.818504 1.494488 0.818504
1.535433 0.818504 1.535433 0.818504
1.576378 0.818504 1.576378 0.818504
1.617323 0.818504 1.617323 0.818504
1.658268 0.818504 1.658268 0.818504
1.699213 0.818504 1.699213 0.818504
1.740157 0.818504 1.740157 0.818504
1.781102 0.818504 1.781102 0.818504
1.822047 0.818504 1.822047 0.818504
1.862992 0.818504 1.862992 0.818504
1.903937 0.818504 1.903937 0.818504
1.944882 0.818504 1.944882 0.818504
1.985827 0.818504 1.985827 0.818504
2.026772 0.818504 2.026772 0.818504
2.067717 0.818504 2.067717 0.818504
2.108661 0.818504 2.108661 0.818504
2.149606 0.818504 2.149606 0.818504
2.190551 0.818504 2.190551 0.818504
2.231496 0.818504 2.231496 0.818504
2.272441 0.818504 2.272441 0.818504
2.313386 0.818504 2.313386 0.818504
2.354331 0.818504 2.354331 0.818504
2.395276 0.818504 2.395276 0.818504
2.436220 0.818504 2.436220 0.818504
2.477165 0.818504 2.477165 0.818504
2.518110 0.818504 2.518110 0.818504
2.559055 0.818504 2.559055 0.818504
2.600000 0.818504 2.600000 0.818504
-2.600000 0.835039 -2.600000 0.835039
-2.559055 0.835039 -2.559055 0.835039
-2.518110 0.835039 -2.518110 0.835039
-2.477165 0.835039 -2.477165 0.835039
-2.436220 0.835039 -2.436220 0.835039
-2.395276 0.835039 -2.395276 0.835039
-2.354331 0.835039 -2.354331 0.835039
-2.313386 0.835039 -2.313386 0.835039
-2.272441 0.835039 -2.272441 0.835039
-2.231496 0.835039 -2.231496 0.835039
-2.190551 0.835039 -2.190551 0.835039
-2.149606 0.835039 -2.149606 0.835039
-2.108661 0.835039 -2.108661 0.835039
-2.067717 0.835039 -2.067717 0.835039
-2.026772 0.835039 -2.026772 0.835039
-1.985827 0.835039 -1.985827 0.835039
-1.944882 0.835039 -1.944882 0.835039
-1.903937 0.835039 -1.903937 0.835039
-1.862992 0.835039 -1.862992 0.835039
-1.822047 0.835039 -1.822047 0.835039
-1.781102 0.835039 -1.781102 0.835039
-1.740157 0.835039 -1.740157 0.835039
-1.699213 0.835039 -1.699213 0.835039
-1.658268 0.835039 -1.658268 0.835039
-1.617323 0.835039 -1.617323 0.835039
-1.576378 0.835039 -1.576378 0.835039
-1.535433 0.835039 -1.535433 0.835039
-1.494488 0.835039 -1.494488 0.835039
-1.453543 0.835039 -1.453543 0.835039
-1.412598 0.835039 -1.412598 0.835039
-1.371654 0.835039 -1.371654 0.835039
-1.330709 0.835039 -1.330709 0.835039
-1.289764 0.835039 -1.289764 0.835039
-1.248819 0.835039 -1.248819 0.835039
-1.207874 0.835039 -1.207874 0.835039
-1.166929 0.835039 -1.166929 0.835039
-1.125984 0.835039 -1.125984 0.835039
-1.085039 0.835039 -1.085039 0.835039
-1.044094 0.835039 -1.044094 0.835039
-1.003150 0.835039 -1.003150 0.835039
-0.962205 0.835039 -0.962205 0.835039
-0.921260 0.835039 -0.921260 0.835039
-0.880315 0.835039 -0.880315 0.835039
-0.839370 0.835039 -0.839370 0.835039
-0.798425 0.835039 -0.798425 0.835039
-0.757480 0.835039 -0.757480 0.835039
-0.716535 0.835039 -0.716535 0.835039
-0.675591 0.835039 -0.675591 0.835039
-0.634646 0.835039 -0.634646 0.835039
-0.593701 0.835039 -0.593701 0.835039
-0.552756 0.835039 -0.552756 0.835039
-0.511811 0.835039 -0.511811 0.835039
-0.470866 0.835039 -0.470866 0.835039
-0.429921 0.835039 -0.429921 0.835039
-0.388976 0.835039 -0.388976 0.835039
-0.348031 0.835039 -0.348031 0.835039
-0.307087 0.835039 -0.307087 0.835039
-0.266142 0.835039 -0.266142 0.835039
-0.225197 0.835039 -0.225197 0.835039
-0.184252 0.835039 -0.184252 0.835039
-0.143307 0.835039 -0.143307 0.835039
-0.102362 0.835039 -0.102362 0.835039
-0.061417 0.835039 -0.061417 0.835039
-0.020472 0.835039 -0.020472 0.835039
0.020472 0.835039 0.020472 0.835039
0.061417 0.835039 0.061417 0.835039
0.102362 0.835039 0.102362 0.835039
0.143307 0.835039 0.143307 0.835039
0.184252 0.835039 0.184252 0.835039
0.225197 0.835039 0.225197 0.835039
0.266142 0.835039 0.266142 0.835039
0.307087 0.835039 0.307087 0.835039
0.348031 0.835039 0.348031 0.835039
0.388976 0.835039 0.388976 0.835039
0.429921 0.835039 0.429921 0.835039
0.470866 0.835039 0.470866 0.835039
0.511811 0.835039 0.511811 0.835039
0.552756 0.835039 0.552756 0.835039
0.593701 0.835039 0.593701 0.835039
0.634646 0.835039 0.634646 0.835039
0.675591 0.835039 0.675591 0.835039
0.716535 0.835039 0.716535 0.835039
0.757480 0.835039 0.757480 0.835039
0.798425 0.835039 0.798425 0.835039
0.839370 0.835039 0.839370 0.835039
0.880315 0.835039 0.880315 0.835039
0.921260 0.835039 0.921260 0.835039
0.962205 0.835039 0.962205 0.835039
1.003150 0.835039 1.003150 0.835039
1.044094 0.835039 1.044094 0.835039
1.085039 0.835039 1.085039 0.835039
1.125984 0.835039 1.125984 0.835039
1.166929 0.835039 1.166929 0.835039
1.207874 0.835039 1.207874 0.835039
1.248819 0.835039 1.248819 0.835039
1.289764 0.835039 1.289764 0.835039
1.330709 0.835039 1.330709 0.835039
1.371654 0.835039 1.371654 0.835039
1.412598 0.835039 1.412598 0.835039
1.453543 0.835039 1.453543 0.835039
1.494488 0.835039 1.494488 0.835039
1.535433 0.835039 1.535433 0.835039
1.576378 0.835039 1.576378 0.835039
1.617323 0.835039 1.617323 0.835039
1.658268 0.835039 1.658268 0.835039
1.699213 0.835039 1.699213 0.835039
1.740157 0.835039 1.740157 0.835039
1.781102 0.835039 1.781102 0.835039
1.822047 0.835039 1.822047 0.835039
1.862992 0.835039 1.862992 0.835039
1.903937 0.835039 1.903937 0.835039
1.944882 0.835039 1.944882 0.835039
1.985827 0.835039 1.985827 0.835039
2.026772 0.835039 2.026772 0.835039
2.067717 0.835039 2.067717 0.835039
2.108661 0.835039 2.108661 0.835039
2.149606 0.835039 2.149606 0.835039
2.190551 0.835039 2.190551 0.835039
2.231496 0.835039 2.231496 0.835039
2.272441 0.835039 2.272441 0.835039
2.313386 0.835039 2.313386 0.835039
2.354331 0.835039 2.354331 0.835039
2.395276 0.835039 2.395276 0.835039
2.436220 0.835039 2.436220 0.835039
2.477165 0.835039 2.477165 0.835039
2.518110 0.835039 2.518110 0.835039
2.559055 0.835039 2.559055 0.835039
2.600000 0.835039 2.600000 0.835039
-2.600000 0.851575 -2.600000 0.851575
-2.559055 0.851575 -2.559055 0.851575
-2.518110 0.851575 -2.518110 0.851575
-2.477165 0.851575 -2.477165 0.851575
-2.436220 0.851575 -2.436220 0.851575
-2.395276 0.851575 -2.395276 0.851575
-2.354331 0.851575 -2.354331 0.851575
-2.313386 0.851575 -2.313386 0.851575
-2.272441 0.851575 -2.272441 0.851575
-2.231496 0.851575 -2.231496 0.851575
-2.190551 0.851575 -2.190551 0.851575
-2.149606 0.851575 -2.149606 0.851575
-2.108661 0.851575 -2.108661 0.851575
-2.067717 0.851575 -2.067717 0.851575
-2.026772 0.851575 -2.026772 0.851575
-1.985827 0.851575 -1.985827 0.851575
-1.944882 0.851575 -1.944882 0.851575
-1.903937 0.851575 -1.903937 0.851575
-1.862992 0.851575 -1.862992 0.851575
-1.822047 0.851575 -1.822047 0.851575
-1.781102 0.851575 -1.781102 0.851575
-1.740157 0.851575 -1.740157 0.851575
-1.699213 0.851575 -1.699213 0.851575
-1.658268 0.851575 -1.658268 0.851575
-1.617323 0.851575 -1.617323 0.851575
-1.576378 0.851575 -1.576378 0.851575
-1.535433 0.851575 -1.535433 0.851575
-1.494488 0.851575 -1.494488 0.851575
-1.453543 0.851575 -1.453543 0.851575
-1.412598 0.851575 -1.412598 0.851575
-1.371654 0.851575 -1.371654 0.851575
-1.330709 0.851575 -1.330709 0.851575
-1.289764 0.851575 -1.289764 0.851575
-1.248819 0.851575 -1.248819 0.851575
-1.207874 0.851575 -1.207874 0.851575
-1.166929 0.851575 -1.166929 0.851575
-1.125984 0.851575 -1.125984 0.851575
-1.085039 0.851575 -1.085039 0.851575
-1.044094 0.851575 -1.044094 0.851575
-1.003150 0.851575 -1.003150 0.851575
-0.962205 0.851575 -0.962205 0.851575
-0.921260 0.851575 -0.921260 0.851575
-0.880315 0.851575 -0.880315 0.851575
-0.839370 0.851575 -0.839370 0.851575
-0.798425 0.851575 -0.798425 0.851575
-0.757480 0.851575 -0.757480 0.851575
-0.716535 0.851575 -0.716535 0.851575
-0.675591 0.851575 -0.675591 0.851575
-0.634646 0.851575 -0.634646 0.851575
-0.593701 0.851575 -0.593701 0.851575
-0.552756 0.851575 -0.552756 0.851575
-0.511811 0.851575 -0.511811 0.851575
-0.470866 0.851575 -0.470866 0.851575
-0.429921 0.851575 -0.429921 0.851575
-0.388976 0.851575 -0.388976 0.851575
-0.348031 0.851575 -0.348031 0.851575
-0.307087 0.851575 -0.307087 0.851575
-0.266142 0.851575 -0.266142 0.851575
-0.225197 0.851575 -0.225197 0.851575
-0.184252 0.851575 -0.184252 0.851575
-0.143307 0.851575 -0.143307 0.851575
-0.102362 0.851575 -0.102362 0.851575
-0.061417 0.851575 -0.061417 0.851575
-0.020472 0.851575 -0.020472 0.851575
0.020472 0.851575 0.020472 0.851575
0.061417 0.851575 0.061417 0.851575
0.102362 0.851575 0.102362 0.851575
0.143307 0.851575 0.143307 0.851575
0.184252 0.851575 0.184252 0.851575
0.225197 0.851575 0.225197 0.851575
0.266142 0.851575 0.266142 0.851575
0.307087 0.851575 0.307087 0.851575
0.348031 0.851575 0.348031 0.851575
0.388976 0.851575 0.388976 0.851575
0.429921 0.851575 0.429921 0.851575
0.470866 0.851575 0.470866 0.851575
0.511811 0.851575 0.511811 0.851575
0.552756 0.851575 0.552756 0.851575
0.593701 0.851575 0.593701 0.851575
0.634646 0.851575 0.634646 0.851575
0.675591 0.851575 0.675591 0.851575
0.716535 0.851575 0.716535 0.851575
0.757480 0.851575 0.757480 0.851575
0.798425 0.851575 0.798425 0.851575
0.839370 0.851575 0.839370 0.851575
0.880315 0.851575 0.880315 0.851575
0.921260 0.851575 0.921260 0.851575
0.962205 0.851575 0.962205 0.851575
1.003150 0.851575 1.003150 0.851575
1.044094 0.851575 1.044094 0.851575
1.085039 0.851575 1.085039 0.851575
1.125984 0.851575 1.125984 0.851575
1.166929 0.851575 1.166929 0.851575
1.207874 0.851575 1.207874 0.851575
1.248819 0.851575 1.248819 0.851575
1.289764 0.851575 1.289764 0.851575
1.330709 0.851575 1.330709 0.851575
1.371654 0.851575 1.371654 0.851575
1.412598 0.851575 1.412598 0.851575
1.453543 0.851575 1.453543 0.851575
1.494488 0.851575 1.494488 0.851575
1.535433 0.851575 1.535433 0.851575
1.576378 0.851575 1.576378 0.851575
1.617323 0.851575 1.617323 0.851575
1.658268 0.851575 1.658268 0.851575
1.699213 0.851575 1.699213 0.851575
1.740157 0.851575 1.740157 0.851575
1.781102 0.851575 1.781102 0.851575
1.822047 0.851575 1.822047 0.851575
1.862992 0.851575 1.862992 0.851575
1.903937 0.851575 1.903937 0.851575
1.944882 0.851575 1.944882 0.851575
1.985827 0.851575 1.985827 0.851575
2.026772 0.851575 2.026772 0.851575
2.067717 0.851575 2.067717 0.851575
2.108661 0.851575 2.108661 0.851575
2.149606 0.851575 2.149606 0.851575
2.190551 0.851575 2.190551 0.851575
2.231496 0.851575 2.231496 0.851575
2.272441 0.851575 2.272441 0.851575
2.313386 0.851575 2.313386 0.851575
2.354331 0.851575 2.354331 0.851575
2.395276 0.851575 2.395276 0.851575
2.436220 0.851575 2.436220 0.851575
2.477165 0.851575 2.477165 0.851575
2.518110 0.851575 2.518110 0.851575
2.559055 0.851575 2.559055 0.851575
2.600000 0.851575 2.600000 0.851575
-2.600000 0.868110 -2.600000 0.868110
-2.559055 0.868110 -2.559055 0.868110
-2.518110 0.868110 -2.518110 0.868110
-2.477165 0.868110 -2.477165 0.868110
-2.436220 0.868110 -2.436220 0.868110
-2.395276 0.868110 -2.395276 0.868110
-2.354331 0.868110 -2.354331 0.868110
-2.313386 0.868110 -2.313386 0.868110
-2.272441 0.868110 -2.272441 0.868110
-2.231496 0.868110 -2.231496 0.868110
-2.190551 0.868110 -2.190551 0.868110
-2.149606 0.868110 -2.149606 0.868110
-2.108661 0.868110 -2.108661 0.868110
-2.067717 0.868110 -2.067717 0.868110
-2.026772 0.868110 -2.026772 0.868110
-1.985827 0.868110 -1.985827 0.868110
-1.944882 0.868110 -1.944882 0.868110
-1.903937 0.868110 -1.903937 0.868110
-1.862992 0.868110 -1.862992 0.868110
-1.822047 0.868110 -1.822047 0.868110
-1.781102 0.868110 -1.781102 0.868110
-1.740157 0.868110 -1.740157 0.868110
-1.699213 0.868110 -1.699213 0.868110
-1.658268 0.868110 -1.658268 0.868110
-1.617323 0.868110 -1.617323 0.868110
-1.576378 0.868110 -1.576378 0.868110
-1.535433 0.868110 -1.535433 0.868110
-1.494488 0.868110 -1.494488 0.868110
-1.453543 0.868110 -1.453543 0.868110
-1.412598 0.868110 -1.412598 0.868110
-1.371654 0.868110 -1.371654 0.868110
-1.330709 0.868110 -1.330709 0.868110
-1.289764 0.868110 -1.289764 0.868110
-1.248819 0.868110 -1.248819 0.868110
-1.207874 0.868110 -1.207874 0.868110
-1.166929 0.868110 -1.166929 0.868110
-1.125984 0.868110 -1.125984 0.868110
-1.085039 0.868110 -1.085039 0.868110
-1.044094 0.868110 -1.044094 0.868110
-1.003150 0.868110 -1.003150 0.868110
-0.962205 0.868110 -0.962205 0.868110
-0.921260 0.868110 -0.921260 0.868110
-0.880315 0.868110 -0.880315 0.868110
-0.839370 0.868110 -0.839370 0.868110
-0.798425 0.868110 -0.798425 0.868110
-0.757480 0.868110 -0.757480 0.868110
-0.716535 0.868110 -0.716535 0.868110
-0.675591 0.868110 -0.675591 0.868110
-0.634646 0.868110 -0.634646 0.868110
-0.593701 0.868110 -0.593701 0.868110
-0.552756 0.868110 -0.552756 0.868110
-0.511811 0.868110 -0.511811 0.868110
-0.470866 0.868110 -0.470866 0.868110
-0.429921 0.868110 -0.429921 0.868110
-0.388976 0.868110 -0.388976 0.868110
-0.348031 0.868110 -0.348031 0.868110
-0.307087 0.868110 -0.307087 0.868110
-0.266142 0.868110 -0.266142 0.868110
-0.225197 0.868110 -0.225197 0.868110
-0.184252 0.868110 -0.184252 0.868110
-0.143307 0.868110 -0.143307 0.868110
-0.102362 0.868110 -0.102362 0.868110
-0.061417 0.868110 -0.061417 0.868110
-0.020472 0.868110 -0.020472 0.868110
0.020472 0.868110 0.020472 0.868110
0.061417 0.868110 0.061417 0.868110
0.102362 0.868110 0.102362 0.868110
0.143307 0.868110 0.143307 0.868110
0.184252 0.868110 0.184252 0.868110
0.225197 0.868110 0.225197 0.868110
0.266142 0.868110 0.266142 0.868110
0.307087 0.868110 0.307087 0.868110
0.348031 0.868110 0.348031 0.868110
0.388976 0.868110 0.388976 0.868110
0.429921 0.868110 0.429921 0.868110
0.470866 0.868110 0.470866 0.868110
0.511811 0.868110 0.511811 0.868110
0.552756 0.868110 0.552756 0.868110
0.593701 0.868110 0.593701 0.868110
0.634646 0.868110 0.634646 0.868110
0.675591 0.868110 0.675591 0.868110
0.716535 0.868110 0.716535 0.868110
0.757480 0.868110 0.757480 0.868110
0.798425 0.868110 0.798425 0.868110
0.839370 0.868110 0.839370 0.868110
0.880315 0.868110 0.880315 0.868110
0.921260 0.868110 0.921260 0.868110
0.962205 0.868110 0.962205 0.868110
1.003150 0.868110 1.003150 0.868110
1.044094 0.868110 1.044094 0.868110
1.085039 0.868110 1.085039 0.868110
1.125984 0.868110 1.125984 0.868110
1.166929 0.868110 1.166929 0.868110
1.207874 0.868110 1.207874 0.868110
1.248819 0.868110 1.248819 0.868110
1.289764 0.868110 1.289764 0.868110
1.330709 0.868110 1.330709 0.868110
1.371654 0.868110 1.371654 0.868110
1.412598 0.868110 1.412598 0.868110
1.453543 0.868110 1.453543 0.868110
1.494488 0.868110 1.494488 0.868110
1.535433 0.868110 1.535433 0.868110
1.576378 0.868110 1.576378 0.868110
1.617323 0.868110 1.617323 0.868110
1.658268 0.868110 1.658268 0.868110
1.699213 0.868110 1.699213 0.868110
1.740157 0.868110 1.740157 0.868110
1.781102 0.868110 1.781102 0.868110
1.822047 0.868110 1.822047 0.868110
1.862992 0.868110 1.862992 0.868110
1.903937 0.868110 1.903937 0.868110
1.944882 0.868110 1.944882 0.868110
1.985827 0.868110 1.985827 0.868110
2.026772 0.868110 2.026772 0.868110
2.067717 0.868110 2.067717 0.868110
2.108661 0.868110 2.108661 0.868110
2.149606 0.868110 2.149606 0.868110
2.190551 0.868110 2.190551 0.868110
2.231496 0.868110 2.231496 0.868110
2.272441 0.868110 2.272441 0.868110
2.313386 0.868110 2.313386 0.868110
2.354331 0.868110 2.354331 0.868110
2.395276 0.868110 2.395276 0.868110
2.436220 0.868110 2.436220 0.868110
2.477165 0.868110 2.477165 0.868110
2.518110 0.868110 2.518110 0.868110
2.559055 0.868110 2.559055 0.868110
2.600000 0.868110 2.600000 0.868110
-2.600000 0.884646 -2.600000 0.884646
-2.559055 0.884646 -2.559055 0.884646
-2.518110 0.884646 -2.518110 0.884646
-2.477165 0.884646 -2.477165 0.884646
-2.436220 0.884646 -2.436220 0.884646
-2.395276 0.884646 -2.395276 0.884646
-2.354331 0.884646 -2.354331 0.884646
-2.313386 0.884646 -2.313386 0.884646
-2.272441 0.884646 -2.272441 0.884646
-2.231496 0.884646 -2.231496 0.884646
-2.190551 0.884646 -2.190551 0.884646
-2.149606 0.884646 -2.149606 0.884646
-2.108661 0.884646 -2.108661 0.884646
-2.067717 0.884646 -2.067717 0.884646
-2.026772 0.884646 -2.026772 0.884646
-1.985827 0.884646 -1.985827 0.884646
-1.944882 0.884646 -1.944882 0.884646
-1.903937 0.884646 -1.903937 0.884646
-1.862992 0.884646 -1.862992 0.884646
-1.822047 0.884646 -1.822047 0.884646
-1.781102 0.884646 -1.781102 0.884646
-1.740157 0.884646 -1.740157 0.884646
-1.699213 0.884646 -1.699213 0.884646
-1.658268 0.884646 -1.658268 0.884646
-1.617323 0.884646 -1.617323 0.884646
-1.576378 0.884646 -1.576378 0.884646
-1.535433 0.884646 -1.535433 0.884646
-1.494488 0.884646 -1.494488 0.884646
-1.453543 0.884646 -1.453543 0.884646
-1.412598 0.884646 -1.412598 0.884646
-1.371654 0.884646 -1.371654 0.884646
-1.330709 0.884646 -1.330709 0.884646
-1.289764 0.884646 -1.289764 0.884646
-1.248819 0.884646 -1.248819 0.884646
-1.207874 0.884646 -1.207874 0.884646
-1.166929 0.884646 -1.166929 0.884646
-1.125984 0.884646 -1.125984 0.884646
-1.085039 0.884646 -1.085039 0.884646
-1.044094 0.884646 -1.044094 0.884646
-1.003150 0.884646 -1.003150 0.884646
-0.962205 0.884646 -0.962205 0.884646
-0.921260 0.884646 -0.921260 0.884646
-0.880315 0.884646 -0.880315 0.884646
-0.839370 0.884646 -0.839370 0.884646
-0.798425 0.884646 -0.798425 0.884646
-0.757480 0.884646 -0.757480 0.884646
-0.716535 0.884646 -0.716535 0.884646
-0.675591 0.884646 -0.675591 0.884646
-0.634646 0.884646 -0.634646 0.884646
-0.593701 0.884646 -0.593701 0.884646
-0.552756 0.884646 -0.552756 0.884646
-0.511811 0.884646 -0.511811 0.884646
-0.470866 0.884646 -0.470866 0.884646
-0.429921 0.884646 -0.429921 0.884646
-0.388976 0.884646 -0.388976 0.884646
-0.348031 0.884646 -0.348031 0.884646
-0.307087 0.884646 -0.307087 0.884646
-0.266142 0.884646 -0.266142 0.884646
-0.225197 0.884646 -0.225197 0.884646
-0.184252 0.884646 -0.184252 0.884646
-0.143307 0.884646 -0.143307 0.884646
-0.102362 0.884646 -0.102362 0.884646
-0.061417 0.884646 -0.061417 0.884646
-0.020472 0.884646 -0.020472 0.884646
0.020472 0.884646 0.020472 0.884646
0.061417 0.884646 0.061417 0.884646
0.102362 0.884646 0.102362 0.884646
0.143307 0.884646 0.143307 0.884646
0.184252 0.884646 0.184252 0.884646
0.225197 0.884646 0.225197 0.884646
0.266142 0.884646 0.266142 0.884646
0.307087 0.884646 0.307087 0.884646
0.348031 0.884646 0.348031 0.884646
0.388976 0.884646 0.388976 0.884646
0.429921 0.884646 0.429921 0.884646
0.470866 0.884646 0.470866 0.884646
0.511811 0.884646 0.511811 0.884646
0.552756 0.884646 0.552756 0.884646
0.593701 0.884646 0.593701 0.884646
0.634646 0.884646 0.634646 0.884646
0.675591 0.884646 0.675591 0.884646
0.716535 0.884646 0.716535 0.884646
0.757480 0.884646 0.757480 0.884646
0.798425 0.884646 0.798425 0.884646
0.839370 0.884646 0.839370 0.884646
0.880315 0.884646 0.880315 0.884646
0.921260 0.884646 0.921260 0.884646
0.962205 0.884646 0.962205 0.884646
1.003150 0.884646 1.003150 0.884646
1.044094 0.884646 1.044094 0.884646
1.085039 0.884646 1.085039 0.884646
1.125984 0.884646 1.125984 0.884646
1.166929 0.884646 1.166929 0.884646
1.207874 0.884646 1.207874 0.884646
1.248819 0.884646 1.248819 0.884646
1.289764 0.884646 1.289764 0.884646
1.330709 0.884646 1.330709 0.884646
1.371654 0.884646 1.371654 0.884646
1.412598 0.884646 1.412598 0.884646
1.453543 0.884646 1.453543 0.884646
1.494488 0.884646 1.494488 0.884646
1.535433 0.884646 1.535433 0.884646
1.576378 0.884646 1.576378 0.884646
1.617323 0.884646 1.617323 0.884646
1.658268 0.884646 1.658268 0.884646
1.699213 0.884646 1.699213 0.884646
1.740157 0.884646 1.740157 0.884646
1.781102 0.884646 1.781102 0.884646
1.822047 0.884646 1.822047 0.884646
1.862992 0.884646 1.862992 0.884646
1.903937 0.884646 1.903937 0.884646
1.944882 0.884646 1.944882 0.884646
1.985827 0.884646 1.985827 0.884646
2.026772 0.884646 2.026772 0.884646
2.067717 0.884646 2.067717 0.884646
2.108661 0.884646 2.108661 0.884646
2.149606 0.884646 2.149606 0.884646
2.190551 0.884646 2.190551 0.884646
2.231496 0.884646 2.231496 0.884646
2.272441 0.884646 2.272441 0.884646
2.313386 0.884646 2.313386 0.884646
2.354331 0.884646 2.354331 0.884646
2.395276 0.884646 2.395276 0.884646
2.436220 0.884646 2.436220 0.884646
2.477165 0.884646 2.477165 0.884646
2.518110 0.884646 2.518110 0.884646
2.559055 0.884646 2.559055 0.884646
2.600000 0.884646 2.600000 0.884646
-2.600000 0.901181 -2.600000 0.901181
-2.559055 0.901181 -2.559055 0.901181
-2.518110 0.901181 -2.518110 0.901181
-2.477165 0.901181 -2.477165 0.901181
-2.436220 0.901181 -2.436220 0.901181
-2.395276 0.901181 -2.395276 0.901181
-2.354331 0.901181 -2.354331 0.901181
-2.313386 0.901181 -2.313386 0.901181
-2.272441 0.901181 -2.272441 0.901181
-2.231496 0.901181 -2.231496 0.901181
-2.190551 0.901181 -2.190551 0.901181
-2.149606 0.901181 -2.149606 0.901181
-2.108661 0.901181 -2.108661 0.901181
-2.067717 0.901181 -2.067717 0.901181
-2.026772 0.901181 -2.026772 0.901181
-1.985827 0.901181 -1.985827 0.901181
-1.944882 0.901181 -1.944882 0.901181
-1.903937 0.901181 -1.903937 0.901181
-1.862992 0.901181 -1.862992 0.901181
-1.822047 0.901181 -1.822047 0.901181
-1.781102 0.901181 -1.781102 0.901181
-1.740157 0.901181 -1.740157 0.901181
-1.699213 0.901181 -1.699213 0.901181
-1.658268 0.901181 -1.658268 0.901181
-1.617323 0.901181 -1.617323 0.901181
-1.576378 0.901181 -1.576378 0.901181
-1.535433 0.901181 -1.535433 0.901181
-1.494488 0.901181 -1.494488 0.901181
-1.453543 0.901181 -1.453543 0.901181
-1.412598 0.901181 -1.412598 0.901181
-1.371654 0.901181 -1.371654 0.901181
-1.330709 0.901181 -1.330709 0.901181
-1.289764 0.901181 -1.289764 0.901181
-1.248819 0.901181 -1.248819 0.901181
-1.207874 0.901181 -1.207874 0.901181
-1.166929 0.901181 -1.166929 0.901181
-1.125984 0.901181 -1.125984 0.901181
-1.085039 0.901181 -1.085039 0.901181
-1.044094 0.901181 -1.044094 0.901181
-1.003150 0.901181 -1.003150 0.901181
-0.962205 0.901181 -0.962205 0.901181
-0.921260 0.901181 -0.921260 0.901181
-0.880315 0.901181 -0.880315 0.901181
-0.839370 0.901181 -0.839370 0.901181
-0.798425 0.901181 -0.798425 0.901181
-0.757480 0.901181 -0.757480 0.901181
-0.716535 0.901181 -0.716535 0.901181
-0.675591 0.901181 -0.675591 0.901181
-0.634646 0.901181 -0.634646 0.901181
-0.593701 0.901181 -0.593701 0.901181
-0.552756 0.901181 -0.552756 0.901181
-0.511811 0.901181 -0.511811 0.901181
-0.470866 0.901181 -0.470866 0.901181
-0.429921 0.901181 -0.429921 0.901181
-0.388976 0.901181 -0.388976 0.901181
-0.348031 0.901181 -0.348031 0.901181
-0.307087 0.901181 -0.307087 0.901181
-0.266142 0.901181 -0.266142 0.901181
-0.225197 0.901181 -0.225197 0.901181
-0.184252 0.901181 -0.184252 0.901181
-0.143307 0.901181 -0.143307 0.901181
-0.102362 0.901181 -0.102362 0.901181
-0.061417 0.901181 -0.061417 0.901181
-0.020472 0.901181 -0.020472 0.901181
0.020472 0.901181 0.020472 0.901181
0.061417 0.901181 0.061417 0.901181
0.102362 0.901181 0.102362 0.901181
0.143307 0.901181 0.143307 0.901181
0.184252 0.901181 0.184252 0.901181
0.225197 0.901181 0.225197 0.901181
0.266142 0.901181 0.266142 0.901181
0.307087 0.901181 0.307087 0.901181
0.348031 0.901181 0.348031 0.901181
0.388976 0.901181 0.388976 0.901181
0.429921 0.901181 0.429921 0.901181
0.470866 0.901181 0.470866 0.901181
0.511811 0.901181 0.511811 0.901181
0.552756 0.901181 0.552756 0.901181
0.593701 0.901181 0.593701 0.901181
0.634646 0.901181 0.634646 0.901181
0.675591 0.901181 0.675591 0.901181
0.716535 0.901181 0.716535 0.901181
0.757480 0.901181 0.757480 0.901181
0.798425 0.901181 0.798425 0.901181
0.839370 0.901181 0.839370 0.901181
0.880315 0.901181 0.880315 0.901181
0.921260 0.901181 0.921260 0.901181
0.962205 0.901181 0.962205 0.901181
1.003150 0.901181 1.003150 0.901181
1.044094 0.901181 1.044094 0.901181
1.085039 0.901181 1.085039 0.901181
1.125984 0.901181 1.125984 0.901181
1.166929 0.901181 1.166929 0.901181
1.207874 0.901181 1.207874 0.901181
1.248819 0.901181 1.248819 0.901181
1.289764 0.901181 1.289764 0.901181
1.330709 0.901181 1.330709 0.901181
1.371654 0.901181 1.371654 0.901181
1.412598 0.901181 1.412598 0.901181
1.453543 0.901181 1.453543 0.901181
1.494488 0.901181 1.494488 0.901181
1.535433 0.901181 1.535433 0.901181
1.576378 0.901181 1.576378 0.901181
1.617323 0.901181 1.617323 0.901181
1.658268 0.901181 1.658268 0.901181
1.699213 0.901181 1.699213 0.901181
1.740157 0.901181 1.740157 0.901181
1.781102 0.901181 1.781102 0.901181
1.822047 0.901181 1.822047 0.901181
1.862992 0.901181 1.862992 0.901181
1.903937 0.901181 1.903937 0.901181
1.944882 0.901181 1.944882 0.901181
1.985827 0.901181 1.985827 0.901181
2.026772 0.901181 2.026772 0.901181
2.067717 0.901181 2.067717 0.901181
2.108661 0.901181 2.108661 0.901181
2.149606 0.901181 2.149606 0.901181
2.190551 0.901181 2.190551 0.901181
2.231496 0.901181 2.231496 0.901181
2.272441 0.901181 2.272441 0.901181
2.313386 0.901181 2.313386 0.901181
2.354331 0.901181 2.354331 0.901181
2.395276 0.901181 2.395276 0.901181
2.436220 0.901181 2.436220 0.901181
2.477165 0.901181 2.477165 0.901181
2.518110 0.901181 2.518110 0.901181
2.559055 0.901181 2.559055 0.901181
2.600000 0.901181 2.600000 0.901181
-2.600000 0.917717 -2.600000 0.917717
-2.559055 0.917717 -2.559055 0.917717
-2.518110 0.917717 -2.518110 0.917717
-2.477165 0.917717 -2.477165 0.917717
-2.436220 0.917717 -2.436220 0.917717
-2.395276 0.917717 -2.395276 0.917717
-2.354331 0.917717 -2.354331 0.917717
-2.313386 0.917717 -2.313386 0.917717
-2.272441 0.917717 -2.272441 0.917717
-2.231496 0.917717 -2.231496 0.917717
-2.190551 0.917717 -2.190551 0.917717
-2.149606 0.917717 -2.149606 0.917717
-2.108661 0.917717 -2.108661 0.917717
-2.067717 0.917717 -2.067717 0.917717
-2.026772 0.917717 -2.026772 0.917717
-1.985827 0.917717 -1.985827 0.917717
-1.944882 0.917717 -1.944882 0.917717
-1.903937 0.917717 -1.903937 0.917717
-1.862992 0.917717 -1.862992 0.917717
-1.822047 0.917717 -1.822047 0.917717
-1.781102 0.917717 -1.781102 0.917717
-1.740157 0.917717 -1.740157 0.917717
-1.699213 0.917717 -1.699213 0.917717
-1.658268 0.917717 -1.658268 0.917717
-1.617323 0.917717 -1.617323 0.917717
-1.576378 0.917717 -1.576378 0.917717
-1.535433 0.917717 -1.535433 0.917717
-1.494488 0.917717 -1.494488 0.917717
-1.453543 0.917717 -1.453543 0.917717
-1.412598 0.917717 -1.412598 0.917717
-1.371654 0.917717 -1.371654 0.917717
-1.330709 0.917717 -1.330709 0.917717
-1.289764 0.917717 -1.289764 0.917717
-1.248819 0.917717 -1.248819 0.917717
-1.207874 0.917717 -1.207874 0.917717
-1.166929 0.917717 -1.166929 0.917717
-1.125984 0.917717 -1.125984 0.917717
-1.085039 0.917717 -1.085039 0.917717
-1.044094 0.917717 -1.044094 0.917717
-1.003150 0.917717 -1.003150 0.917717
-0.962205 0.917717 -0.962205 0.917717
-0.921260 0.917717 -0.921260 0.917717
-0.880315 0.917717 -0.880315 0.917717
-0.839370 0.917717 -0.839370 0.917717
-0.798425 0.917717 -0.798425 0.917717
-0.757480 0.917717 -0.757480 0.917717
-0.716535 0.917717 -0.716535 0.917717
-0.675591 0.917717 -0.675591 0.917717
-0.634646 0.917717 -0.634646 0.917717
-0.593701 0.917717 -0.593701 0.917717
-0.552756 0.917717 -0.552756 0.917717
-0.511811 0.917717 -0.511811 0.917717
-0.470866 0.917717 -0.470866 0.917717
-0.429921 0.917717 -0.429921 0.917717
-0.388976 0.917717 -0.388976 0.917717
-0.348031 0.917717 -0.348031 0.917717
-0.307087 0.917717 -0.307087 0.917717
-0.266142 0.917717 -0.266142 0.917717
-0.225197 0.917717 -0.225197 0.917717
-0.184252 0.917717 -0.184252 0.917717
-0.143307 0.917717 -0.143307 0.917717
-0.102362 0.917717 -0.102362 0.917717
-0.061417 0.917717 -0.061417 0.917717
-0.020472 0.917717 -0.020472 0.917717
0.020472 0.917717 0.020472 0.917717
0.061417 0.917717 0.061417 0.917717
0.102362 0.917717 0.102362 0.917717
0.143307 0.917717 0.143307 0.917717
0.184252 0.917717 0.184252 0.917717
0.225197 0.917717 0.225197 0.917717
0.266142 0.917717 0.266142 0.917717
0.307087 0.917717 0.307087 0.917717
0.348031 0.917717 0.348031 0.917717
0.388976 0.917717 0.388976 0.917717
0.429921 0.917717 0.429921 0.917717
0.470866 0.917717 0.470866 0.917717
0.511811 0.917717 0.511811 0.917717
0.552756 0.917717 0.552756 0.917717
0.593701 0.917717 0.593701 0.917717
0.634646 0.917717 0.634646 0.917717
0.675591 0.917717 0.675591 0.917717
0.716535 0.917717 0.716535 0.917717
0.757480 0.917717 0.757480 0.917717
0.798425 0.917717 0.798425 0.917717
0.839370 0.917717 0.839370 0.917717
0.880315 0.917717 0.880315 0.917717
0.921260 0.917717 0.921260 0.917717
0.962205 0.917717 0.962205 0.917717
1.003150 0.917717 1.003150 0.917717
1.044094 0.917717 1.044094 0.917717
1.085039 0.917717 1.085039 0.917717
1.125984 0.917717 1.125984 0.917717
1.166929 0.917717 1.166929 0.917717
1.207874 0.917717 1.207874 0.917717
1.248819 0.917717 1.248819 0.917717
1.289764 0.917717 1.289764 0.917717
1.330709 0.917717 1.330709 0.917717
1.371654 0.917717 1.371654 0.917717
1.412598 0.917717 1.412598 0.917717
1.453543 0.917717 1.453543 0.917717
1.494488 0.917717 1.494488 0.917717
1.535433 0.917717 1.535433 0.917717
1.576378 0.917717 1.576378 0.917717
1.617323 0.917717 1.617323 0.917717
1.658268 0.917717 1.658268 0.917717
1.699213 0.917717 1.699213 0.917717
1.740157 0.917717 1.740157 0.917717
1.781102 0.917717 1.781102 0.917717
1.822047 0.917717 1.822047 0.917717
1.862992 0.917717 1.862992 0.917717
1.903937 0.917717 1.903937 0.917717
1.944882 0.917717 1.944882 0.917717
1.985827 0.917717 1.985827 0.917717
2.026772 0.917717 2.026772 0.917717
2.067717 0.917717 2.067717 0.917717
2.108661 0.917717 2.108661 0.917717
2.149606 0.917717 2.149606 0.917717
2.190551 0.917717 2.190551 0.917717
2.231496 0.917717 2.231496 0.917717
2.272441 0.917717 2.272441 0.917717
2.313386 0.917717 2.313386 0.917717
2.354331 0.917717 2.354331 0.917717
2.395276 0.917717 2.395276 0.917717
2.436220 0.917717 2.436220 0.917717
2.477165 0.917717 2.477165 0.917717
2.518110 0.917717 2.518110 0.917717
2.559055 0.917717 2.559055 0.917717
2.600000 0.917717 2.600000 0.917717
-2.600000 0.934252 -2.600000 0.934252
-2.559055 0.934252 -2.559055 0.934252
-2.518110 0.934252 -2.518110 0.934252
-2.477165 0.934252 -2.477165 0.934252
-2.436220 0.934252 -2.436220 0.934252
-2.395276 0.934252 -2.395276 0.934252
-2.354331 0.934252 -2.354331 0.934252
-2.313386 0.934252 -2.313386 0.934252
-2.272441 0.934252 -2.272441 0.934252
-2.231496 0.934252 -2.231496 0.934252
-2.190551 0.934252 -2.190551 0.934252
-2.149606 0.934252 -2.149606 0.934252
-2.108661 0.934252 -2.108661 0.934252
-2.067717 0.934252 -2.067717 0.934252
-2.026772 0.934252 -2.026772 0.934252
-1.985827 0.934252 -1.985827 0.934252
-1.944882 0.934252 -1.944882 0.934252
-1.903937 0.934252 -1.903937 0.934252
-1.862992 0.934252 -1.862992 0.934252
-1.822047 0.934252 -1.822047 0.934252
-1.781102 0.934252 -1.781102 0.934252
-1.740157 0.934252 -1.740157 0.934252
-1.699213 0.934252 -1.699213 0.934252
-1.658268 0.934252 -1.658268 0.934252
-1.617323 0.934252 -1.617323 0.934252
-1.576378 0.934252 -1.576378 0.934252
-1.535433 0.934252 -1.535433 0.934252
-1.494488 0.934252 -1.494488 0.934252
-1.453543 0.934252 -1.453543 0.934252
-1.412598 0.934252 -1.412598 0.934252
-1.371654 0.934252 -1.371654 0.934252
-1.330709 0.934252 -1.330709 0.934252
-1.289764 0.934252 -1.289764 0.934252
-1.248819 0.934252 -1.248819 0.934252
-1.207874 0.934252 -1.207874 0.934252
-1.166929 0.934252 -1.166929 0.934252
-1.125984 0.934252 -1.125984 0.934252
-1.085039 0.934252 -1.085039 0.934252
-1.044094 0.934252 -1.044094 0.934252
-1.003150 0.934252 -1.003150 0.934252
-0.962205 0.934252 -0.962205 0.934252
-0.921260 0.934252 -0.921260 0.934252
-0.880315 0.934252 -0.880315 0.934252
-0.839370 0.934252 -0.839370 0.934252
-0.798425 0.934252 -0.798425 0.934252
-0.757480 0.934252 -0.757480 0.934252
-0.716535 0.934252 -0.716535 0.934252
-0.675591 0.934252 -0.675591 0.934252
-0.634646 0.934252 -0.634646 0.934252
-0.593701 0.934252 -0.593701 0.934252
-0.552756 0.934252 -0.552756 0.934252
-0.511811 0.934252 -0.511811 0.934252
-0.470866 0.934252 -0.470866 0.934252
-0.429921 0.934252 -0.429921 0.934252
-0.388976 0.934252 -0.388976 0.934252
-0.348031 0.934252 -0.348031 0.934252
-0.307087 0.934252 -0.307087 0.934252
-0.266142 0.934252 -0.266142 0.934252
-0.225197 0.934252 -0.225197 0.934252
-0.184252 0.934252 -0.184252 0.934252
-0.143307 0.934252 -0.143307 0.934252
-0.102362 0.934252 -0.102362 0.934252
-0.061417 0.934252 -0.061417 0.934252
-0.020472 0.934252 -0.020472 0.934252
0.020472 0.934252 0.020472 0.934252
0.061417 0.934252 0.061417 0.934252
0.102362 0.934252 0.102362 0.934252
0.143307 0.934252 0.143307 0.934252
0.184252 0.934252 0.184252 0.934252
0.225197 0.934252 0.225197 0.934252
0.266142 0.934252 0.266142 0.934252
0.307087 0.934252 0.307087 0.934252
0.348031 0.934252 0.348031 0.934252
0.388976 0.934252 0.388976 0.934252
0.429921 0.934252 0.429921 0.934252
0.470866 0.934252 0.470866 0.934252
0.511811 0.934252 0.511811 0.934252
0.552756 0.934252 0.552756 0.934252
0.593701 0.934252 0.593701 0.934252
0.634646 0.934252 0.634646 0.934252
0.675591 0.934252 0.675591 0.934252
0.716535 0.934252 0.716535 0.934252
0.757480 0.934252 0.757480 0.934252
0.798425 0.934252 0.798425 0.934252
0.839370 0.934252 0.839370 0.934252
0.880315 0.934252 0.880315 0.934252
0.921260 0.934252 0.921260 0.934252
0.962205 0.934252 0.962205 0.934252
1.003150 0.934252 1.003150 0.934252
1.044094 0.934252 1.044094 0.934252
1.085039 0.934252 1.085039 0.934252
1.125984 0.934252 1.125984 0.934252
1.166929 0.934252 1.166929 0.934252
1.207874 0.934252 1.207874 0.934252
1.248819 0.934252 1.248819 0.934252
1.289764 0.934252 1.289764 0.934252
1.330709 0.934252 1.330709 0.934252
1.371654 0.934252 1.371654 0.934252
1.412598 0.934252 1.412598 0.934252
1.453543 0.934252 1.453543 0.934252
1.494488 0.934252 1.494488 0.934252
1.535433 0.934252 1.535433 0.934252
1.576378 0.934252 1.576378 0.934252
1.617323 0.934252 1.617323 0.934252
1.658268 0.934252 1.658268 0.934252
1.699213 0.934252 1.699213 0.934252
1.740157 0.934252 1.740157 0.934252
1.781102 0.934252 1.781102 0.934252
1.822047 0.934252 1.822047 0.934252
1.862992 0.934252 1.862992 0.934252
1.903937 0.934252 1.903937 0.934252
1.944882 0.934252 1.944882 0.934252
1.985827 0.934252 1.985827 0.934252
2.026772 0.934252 2.026772 0.934252
2.067717 0.934252 2.067717 0.934252
2.108661 0.934252 2.108661 0.934252
2.149606 0.934252 2.149606 0.934252
2.190551 0.934252 2.190551 0.934252
2.231496 0.934252 2.231496 0.934252
2.272441 0.934252 2.272441 0.934252
2.313386 0.934252 2.313386 0.934252
2.354331 0.934252 2.354331 0.934252
2.395276 0.934252 2.395276 0.934252
2.436220 0.934252 2.436220 0.934252
2.477165 0.934252 2.477165 0.934252
2.518110 0.934252 2.518110 0.934252
2.559055 0.934252 2.559055 0.934252
2.600000 0.934252 2.600000 0.934252
-2.600000 0.950787 -2.600000 0.950787
-2.559055 0.950787 -2.559055 0.950787
-2.518110 0.950787 -2.518110 0.950787
-2.477165 0.950787 -2.477165 0.950787
-2.436220 0.950787 -2.436220 0.950787
-2.395276 0.950787 -2.395276 0.950787
-2.354331 0.950787 -2.354331 0.950787
-2.313386 0.950787 -2.313386 0.950787
-2.272441 0.950787 -2.272441 0.950787
-2.231496 0.950787 -2.231496 0.950787
-2.190551 0.950787 -2.190551 0.950787
-2.149606 0.950787 -2.149606 0.950787
-2.108661 0.950787 -2.108661 0.950787
-2.067717 0.950787 -2.067717 0.950787
-2.026772 0.950787 -2.026772 0.950787
-1.985827 0.950787 -1.985827 0.950787
-1.944882 0.950787 -1.944882 0.950787
-1.903937 0.950787 -1.903937 0.950787
-1.862992 0.950787 -1.862992 0.950787
-1.822047 0.950787 -1.822047 0.950787
-1.781102 0.950787 -1.781102 0.950787
-1.740157 0.950787 -1.740157 0.950787
-1.699213 0.950787 -1.699213 0.950787
-1.658268 0.950787 -1.658268 0.950787
-1.617323 0.950787 -1.617323 0.950787
-1.576378 0.950787 -1.576378 0.950787
-1.535433 0.950787 -1.535433 0.950787
-1.494488 0.950787 -1.494488 0.950787
-1.453543 0.950787 -1.453543 0.950787
-1.412598 0.950787 -1.412598 0.950787
-1.371654 0.950787 -1.371654 0.950787
-1.330709 0.950787 -1.330709 0.950787
-1.289764 0.950787 -1.289764 0.950787
-1.248819 0.950787 -1.248819 0.950787
-1.207874 0.950787 -1.207874 0.950787
-1.166929 0.950787 -1.166929 0.950787
-1.125984 0.950787 -1.125984 0.950787
-1.085039 0.950787 -1.085039 0.950787
-1.044094 0.950787 -1.044094 0.950787
-1.003150 0.950787 -1.003150 0.950787
-0.962205 0.950787 -0.962205 0.950787
-0.921260 0.950787 -0.921260 0.950787
-0.880315 0.950787 -0.880315 0.950787
-0.839370 0.950787 -0.839370 0.950787
-0.798425 0.950787 -0.798425 0.950787
-0.757480 0.950787 -0.757480 0.950787
-0.716535 0.950787 -0.716535 0.950787
-0.675591 0.950787 -0.675591 0.950787
-0.634646 0.950787 -0.634646 0.950787
-0.593701 0.950787 -0.593701 0.950787
-0.552756 0.950787 -0.552756 0.950787
-0.511811 0.950787 -0.511811 0.950787
-0.470866 0.950787 -0.470866 0.950787
-0.429921 0.950787 -0.429921 0.950787
-0.388976 0.950787 -0.388976 0.950787
-0.348031 0.950787 -0.348031 0.950787
-0.307087 0.950787 -0.307087 0.950787
-0.266142 0.950787 -0.266142 0.950787
-0.225197 0.950787 -0.225197 0.950787
-0.184252 0.950787 -0.184252 0.950787
-0.143307 0.950787 -0.143307 0.950787
-0.102362 0.950787 -0.102362 0.950787
-0.061417 0.950787 -0.061417 0.950787
-0.020472 0.950787 -0.020472 0.950787
0.020472 0.950787 0.020472 0.950787
0.061417 0.950787 0.061417 0.950787
0.102362 0.950787 0.102362 0.950787
0.143307 0.950787 0.143307 0.950787
0.184252 0.950787 0.184252 0.950787
0.225197 0.950787 0.225197 0.950787
0.266142 0.950787 0.266142 0.950787
0.307087 0.950787 0.307087 0.950787
0.348031 0.950787 0.348031 0.950787
0.388976 0.950787 0.388976 0.950787
0.429921 0.950787 0.429921 0.950787
0.470866 0.950787 0.470866 0.950787
0.511811 0.950787 0.511811 0.950787
0.552756 0.950787 0.552756 0.950787
0.593701 0.950787 0.593701 0.950787
0.634646 0.950787 0.634646 0.950787
0.675591 0.950787 0.675591 0.950787
0.716535 0.950787 0.716535 0.950787
0.757480 0.950787 0.757480 0.950787
0.798425 0.950787 0.798425 0.950787
0.839370 0.950787 0.839370 0.950787
0.880315 0.950787 0.880315 0.950787
0.921260 0.950787 0.921260 0.950787
0.962205 0.950787 0.962205 0.950787
1.003150 0.950787 1.003150 0.950787
1.044094 0.950787 1.044094 0.950787
1.085039 0.950787 1.085039 0.950787
1.125984 0.950787 1.125984 0.950787
1.166929 0.950787 1.166929 0.950787
1.207874 0.950787 1.207874 0.950787
1.248819 0.950787 1.248819 0.950787
1.289764 0.950787 1.289764 0.950787
1.330709 0.950787 1.330709 0.950787
1.371654 0.950787 1.371654 0.950787
1.412598 0.950787 1.412598 0.950787
1.453543 0.950787 1.453543 0.950787
1.494488 0.950787 1.494488 0.950787
1.535433 0.950787 1.535433 0.950787
1.576378 0.950787 1.576378 0.950787
1.617323 0.950787 1.617323 0.950787
1.658268 0.950787 1.658268 0.950787
1.699213 0.950787 1.699213 0.950787
1.740157 0.950787 1.740157 0.950787
1.781102 0.950787 1.781102 0.950787
1.822047 0.950787 1.822047 0.950787
1.862992 0.950787 1.862992 0.950787
1.903937 0.950787 1.903937 0.950787
1.944882 0.950787 1.944882 0.950787
1.985827 0.950787 1.985827 0.950787
2.026772 0.950787 2.026772 0.950787
2.067717 0.950787 2.067717 0.950787
2.108661 0.950787 2.108661 0.950787
2.149606 0.950787 2.149606 0.950787
2.190551 0.950787 2.190551 0.950787
2.231496 0.950787 2.231496 0.950787
2.272441 0.950787 2.272441 0.950787
2.313386 0.950787 2.313386 0.950787
2.354331 0.950787 2.354331 0.950787
2.395276 0.950787 2.395276 0.950787
2.436220 0.950787 2.436220 0.950787
2.477165 0.950787 2.477165 0.950787
2.518110 0.950787 2.518110 0.950787
2.559055 0.950787 2.559055 0.950787
2.600000 0.950787 2.600000 0.950787
-2.600000 0.967323 -2.600000 0.967323
-2.559055 0.967323 -2.559055 0.967323
-2.518110 0.967323 -2.518110 0.967323
-2.477165 0.967323 -2.477165 0.967323
-2.436220 0.967323 -2.436220 0.967323
-2.395276 0.967323 -2.395276 0.967323
-2.354331 0.967323 -2.354331 0.967323
-2.313386 0.967323 -2.313386 0.967323
-2.272441 0.967323 -2.272441 0.967323
-2.231496 0.967323 -2.231496 0.967323
-2.190551 0.967323 -2.190551 0.967323
-2.149606 0.967323 -2.149606 0.967323
-2.108661 0.967323 -2.108661 0.967323
-2.067717 0.967323 -2.067717 0.967323
-2.026772 0.967323 -2.026772 0.967323
-1.985827 0.967323 -1.985827 0.967323
-1.944882 0.967323 -1.944882 0.967323
-1.903937 0.967323 -1.903937 0.967323
-1.862992 0.967323 -1.862992 0.967323
-1.822047 0.967323 -1.822047 0.967323
-1.781102 0.967323 -1.781102 0.967323
-1.740157 0.967323 -1.740157 0.967323
-1.699213 0.967323 -1.699213 0.967323
-1.658268 0.967323 -1.658268 0.967323
-1.617323 0.967323 -1.617323 0.967323
-1.576378 0.967323 -1.576378 0.967323
-1.535433 0.967323 -1.535433 0.967323
-1.494488 0.967323 -1.494488 0.967323
-1.453543 0.967323 -1.453543 0.967323
-1.412598 0.967323 -1.412598 0.967323
-1.371654 0.967323 -1.371654 0.967323
-1.330709 0.967323 -1.330709 0.967323
-1.289764 0.967323 -1.289764 0.967323
-1.248819 0.967323 -1.248819 0.967323
-1.207874 0.967323 -1.207874 0.967323
-1.166929 0.967323 -1.166929 0.967323
-1.125984 0.967323 -1.125984 0.967323
-1.085039 0.967323 -1.085039 0.967323
-1.044094 0.967323 -1.044094 0.967323
-1.003150 0.967323 -1.003150 0.967323
-0.962205 0.967323 -0.962205 0.967323
-0.921260 0.967323 -0.921260 0.967323
-0.880315 0.967323 -0.880315 0.967323
-0.839370 0.967323 -0.839370 0.967323
-0.798425 0.967323 -0.798425 0.967323
-0.757480 0.967323 -0.757480 0.967323
-0.716535 0.967323 -0.716535 0.967323
-0.675591 0.967323 -0.675591 0.967323
-0.634646 0.967323 -0.634646 0.967323
-0.593701 0.967323 -0.593701 0.967323
-0.552756 0.967323 -0.552756 0.967323
-0.511811 0.967323 -0.511811 0.967323
-0.470866 0.967323 -0.470866 0.967323
-0.429921 0.967323 -0.429921 0.967323
-0.388976 0.967323 -0.388976 0.967323
-0.348031 0.967323 -0.348031 0.967323
-0.307087 0.967323 -0.307087 0.967323
-0.266142 0.967323 -0.266142 0.967323
-0.225197 0.967323 -0.225197 0.967323
-0.184252 0.967323 -0.184252 0.967323
-0.143307 0.967323 -0.143307 0.967323
-0.102362 0.967323 -0.102362 0.967323
-0.061417 0.967323 -0.061417 0.967323
-0.020472 0.967323 -0.020472 0.967323
0.020472 0.967323 0.020472 0.967323
0.061417 0.967323 0.061417 0.967323
0.102362 0.967323 0.102362 0.967323
0.143307 0.967323 0.143307 0.967323
0.184252 0.967323 0.184252 0.967323
0.225197 0.967323 0.225197 0.967323
0.266142 0.967323 0.266142 0.967323
0.307087 0.967323 0.307087 0.967323
0.348031 0.967323 0.348031 0.967323
0.388976 0.967323 0.388976 0.967323
0.429921 0.967323 0.429921 0.967323
0.470866 0.967323 0.470866 0.967323
0.511811 0.967323 0.511811 0.967323
0.552756 0.967323 0.552756 0.967323
0.593701 0.967323 0.593701 0.967323
0.634646 0.967323 0.634646 0.967323
0.675591 0.967323 0.675591 0.967323
0.716535 0.967323 0.716535 0.967323
0.757480 0.967323 0.757480 0.967323
0.798425 0.967323 0.798425 0.967323
0.839370 0.967323 0.839370 0.967323
0.880315 0.967323 0.880315 0.967323
0.921260 0.967323 0.921260 0.967323
0.962205 0.967323 0.962205 0.967323
1.003150 0.967323 1.003150 0.967323
1.044094 0.967323 1.044094 0.967323
1.085039 0.967323 1.085039 0.967323
1.125984 0.967323 1.125984 0.967323
1.166929 0.967323 1.166929 0.967323
1.207874 0.967323 1.207874 0.967323
1.248819 0.967323 1.248819 0.967323
1.289764 0.967323 1.289764 0.967323
1.330709 0.967323 1.330709 0.967323
1.371654 0.967323 1.371654 0.967323
1.412598 0.967323 1.412598 0.967323
1.453543 0.967323 1.453543 0.967323
1.494488 0.967323 1.494488 0.967323
1.535433 0.967323 1.535433 0.967323
1.576378 0.967323 1.576378 0.967323
1.617323 0.967323 1.617323 0.967323
1.658268 0.967323 1.658268 0.967323
1.699213 0.967323 1.699213 0.967323
1.740157 0.967323 1.740157 0.967323
1.781102 0.967323 1.781102 0.967323
1.822047 0.967323 1.822047 0.967323
1.862992 0.967323 1.862992 0.967323
1.903937 0.967323 1.903937 0.967323
1.944882 0.967323 1.944882 0.967323
1.985827 0.967323 1.985827 0.967323
2.026772 0.967323 2.026772 0.967323
2.067717 0.967323 2.067717 0.967323
2.108661 0.967323 2.108661 0.967323
2.149606 0.967323 2.149606 0.967323
2.190551 0.967323 2.190551 0.967323
2.231496 0.967323 2.231496 0.967323
2.272441 0.967323 2.272441 0.967323
2.313386 0.967323 2.313386 0.967323
2.354331 0.967323 2.354331 0.967323
2.395276 0.967323 2.395276 0.967323
2.436220 0.967323 2.436220 0.967323
2.477165 0.967323 2.477165 0.967323
2.518110 0.967323 2.518110 0.967323
2.559055 0.967323 2.559055 0.967323
2.600000 0.967323 2.600000 0.967323
-2.600000 0.983858 -2.600000 0.983858
-2.559055 0.983858 -2.559055 0.983858
-2.518110 0.983858 -2.518110 0.983858
-2.477165 0.983858 -2.477165 0.983858
-2.436220 0.983858 -2.436220 0.983858
-2.395276 0.983858 -2.395276 0.983858
-2.354331 0.983858 -2.354331 0.983858
-2.313386 0.983858 -2.313386 0.983858
-2.272441 0.983858 -2.272441 0.983858
-2.231496 0.983858 -2.231496 0.983858
-2.190551 0.983858 -2.190551 0.983858
-2.149606 0.983858 -2.149606 0.983858
-2.108661 0.983858 -2.108661 0.983858
-2.067717 0.983858 -2.067717 0.983858
-2.026772 0.983858 -2.026772 0.983858
-1.985827 0.983858 -1.985827 0.983858
-1.944882 0.983858 -1.944882 0.983858
-1.903937 0.983858 -1.903937 0.983858
-1.862992 0.983858 -1.862992 0.983858
-1.822047 0.983858 -1.822047 0.983858
-1.781102 0.983858 -1.781102 0.983858
-1.740157 0.983858 -1.740157 0.983858
-1.699213 0.983858 -1.699213 0.983858
-1.658268 0.983858 -1.658268 0.983858
-1.617323 0.983858 -1.617323 0.983858
-1.576378 0.983858 -1.576378 0.983858
-1.535433 0.983858 -1.535433 0.983858
-1.494488 0.983858 -1.494488 0.983858
-1.453543 0.983858 -1.453543 0.983858
-1.412598 0.983858 -1.412598 0.983858
-1.371654 0.983858 -1.371654 0.983858
-1.330709 0.983858 -1.330709 0.983858
-1.289764 0.983858 -1.289764 0.983858
-1.248819 0.983858 -1.248819 0.983858
-1.207874 0.983858 -1.207874 0.983858
-1.166929 0.983858 -1.166929 0.983858
-1.125984 0.983858 -1.125984 0.983858
-1.085039 0.983858 -1.085039 0.983858
-1.044094 0.983858 -1.044094 0.983858
-1.003150 0.983858 -1.003150 0.983858
-0.962205 0.983858 -0.962205 0.983858
-0.921260 0.983858 -0.921260 0.983858
-0.880315 0.983858 -0.880315 0.983858
-0.839370 0.983858 -0.839370 0.983858
-0.798425 0.983858 -0.798425 0.983858
-0.757480 0.983858 -0.757480 0.983858
-0.716535 0.983858 -0.716535 0.983858
-0.675591 0.983858 -0.675591 0.983858
-0.634646 0.983858 -0.634646 0.983858
-0.593701 0.983858 -0.593701 0.983858
-0.552756 0.983858 -0.552756 0.983858
-0.511811 0.983858 -0.511811 0.983858
-0.470866 0.983858 -0.470866 0.983858
-0.429921 0.983858 -0.429921 0.983858
-0.388976 0.983858 -0.388976 0.983858
-0.348031 0.983858 -0.348031 0.983858
-0.307087 0.983858 -0.307087 0.983858
-0.266142 0.983858 -0.266142 0.983858
-0.225197 0.983858 -0.225197 0.983858
-0.184252 0.983858 -0.184252 0.983858
-0.143307 0.983858 -0.143307 0.983858
-0.102362 0.983858 -0.102362 0.983858
-0.061417 0.983858 -0.061417 0.983858
-0.020472 0.983858 -0.020472 0.983858
0.020472 0.983858 0.020472 0.983858
0.061417 0.983858 0.061417 0.983858
0.102362 0.983858 0.102362 0.983858
0.143307 0.983858 0.143307 0.983858
0.184252 0.983858 0.184252 0.983858
0.225197 0.983858 0.225197 0.983858
0.266142 0.983858 0.266142 0.983858
0.307087 0.983858 0.307087 0.983858
0.348031 0.983858 0.348031 0.983858
0.388976 0.983858 0.388976 0.983858
0.429921 0.983858 0.429921 0.983858
0.470866 0.983858 0.470866 0.983858
0.511811 0.983858 0.511811 0.983858
0.552756 0.983858 0.552756 0.983858
0.593701 0.983858 0.593701 0.983858
0.634646 0.983858 0.634646 0.983858
0.675591 0.983858 0.675591 0.983858
0.716535 0.983858 0.716535 0.983858
0.757480 0.983858 0.757480 0.983858
0.798425 0.983858 0.798425 0.983858
0.839370 0.983858 0.839370 0.983858
0.880315 0.983858 0.880315 0.983858
0.921260 0.983858 0.921260 0.983858
0.962205 0.983858 0.962205 0.983858
1.003150 0.983858 1.003150 0.983858
1.044094 0.983858 1.044094 0.983858
1.085039 0.983858 1.085039 0.983858
1.125984 0.983858 1.125984 0.983858
1.166929 0.983858 1.166929 0.983858
1.207874 0.983858 1.207874 0.983858
1.248819 0.983858 1.248819 0.983858
1.289764 0.983858 1.289764 0.983858
1.330709 0.983858 1.330709 0.983858
1.371654 0.983858 1.371654 0.983858
1.412598 0.983858 1.412598 0.983858
1.453543 0.983858 1.453543 0.983858
1.494488 0.983858 1.494488 0.983858
1.535433 0.983858 1.535433 0.983858
1.576378 0.983858 1.576378 0.983858
1.617323 0.983858 1.617323 0.983858
1.658268 0.983858 1.658268 0.983858
1.699213 0.983858 1.699213 0.983858
1.740157 0.983858 1.740157 0.983858
1.781102 0.983858 1.781102 0.983858
1.822047 0.983858 1.822047 0.983858
1.862992 0.983858 1.862992 0.983858
1.903937 0.983858 1.903937 0.983858
1.944882 0.983858 1.944882 0.983858
1.985827 0.983858 1.985827 0.983858
2.026772 0.983858 2.026772 0.983858
2.067717 0.983858 2.067717 0.983858
2.108661 0.983858 2.108661 0.983858
2.149606 0.983858 2.149606 0.983858
2.190551 0.983858 2.190551 0.983858
2.231496 0.983858 2.231496 0.983858
2.272441 0.983858 2.272441 0.983858
2.313386 0.983858 2.313386 0.983858
2.354331 0.983858 2.354331 0.983858
2.395276 0.983858 2.395276 0.983858
2.436220 0.983858 2.436220 0.983858
2.477165 0.983858 2.477165 0.983858
2.518110 0.983858 2.518110 0.983858
2.559055 0.983858 2.559055 0.983858
2.600000 0.983858 2.600000 0.983858
-2.600000 1.000394 -2.600000 1.000394
-2.559055 1.000394 -2.559055 1.000394
-2.518110 1.000394 -2.518110 1.000394
-2.477165 1.000394 -2.477165 1.000394
-2.436220 1.000394 -2.436220 1.000394
-2.395276 1.000394 -2.395276 1.000394
-2.354331 1.000394 -2.354331 1.000394
-2.313386 1.000394 -2.313386 1.000394
-2.272441 1.000394 -2.272441 1.000394
-2.231496 1.000394 -2.231496 1.000394
-2.190551 1.000394 -2.190551 1.000394
-2.149606 1.000394 -2.149606 1.000394
-2.108661 1.000394 -2.108661 1.000394
-2.067717 1.000394 -2.067717 1.000394
-2.026772 1.000394 -2.026772 1.000394
-1.985827 1.000394 -1.985827 1.000394
-1.944882 1.000394 -1.944882 1.000394
-1.903937 1.000394 -1.903937 1.000394
-1.862992 1.000394 -1.862992 1.000394
-1.822047 1.000394 -1.822047 1.000394
-1.781102 1.000394 -1.781102 1.000394
-1.740157 1.000394 -1.740157 1.000394
-1.699213 1.000394 -1.699213 1.000394
-1.658268 1.000394 -1.658268 1.000394
-1.617323 1.000394 -1.617323 1.000394
-1.576378 1.000394 -1.576378 1.000394
-1.535433 1.000394 -1.535433 1.000394
-1.494488 1.000394 -1.494488 1.000394
-1.453543 1.000394 -1.453543 1.000394
-1.412598 1.000394 -1.412598 1.000394
-1.371654 1.000394 -1.371654 1.000394
-1.330709 1.000394 -1.330709 1.000394
-1.289764 1.000394 -1.289764 1.000394
-1.248819 1.000394 -1.248819 1.000394
-1.207874 1.000394 -1.207874 1.000394
-1.166929 1.000394 -1.166929 1.000394
-1.125984 1.000394 -1.125984 1.000394
-1.085039 1.000394 -1.085039 1.000394
-1.044094 1.000394 -1.044094 1.000394
-1.003150 1.000394 -1.003150 1.000394
-0.962205 1.000394 -0.962205 1.000394
-0.921260 1.000394 -0.921260 1.000394
-0.880315 1.000394 -0.880315 1.000394
-0.839370 1.000394 -0.839370 1.000394
-0.798425 1.000394 -0.798425 1.000394
-0.757480 1.000394 -0.757480 1.000394
-0.716535 1.000394 -0.716535 1.000394
-0.675591 1.000394 -0.675591 1.000394
-0.634646 1.000394 -0.634646 1.000394
-0.593701 1.000394 -0.593701 1.000394
-0.552756 1.000394 -0.552756 1.000394
-0.511811 1.000394 -0.511811 1.000394
-0.470866 1.000394 -0.470866 1.000394
-0.429921 1.000394 -0.429921 1.000394
-0.388976 1.000394 -0.388976 1.000394
-0.348031 1.000394 -0.348031 1.000394
-0.307087 1.000394 -0.307087 1.000394
-0.266142 1.000394 -0.266142 1.000394
-0.225197 1.000394 -0.225197 1.000394
-0.184252 1.000394 -0.184252 1.000394
-0.143307 1.000394 -0.143307 1.000394
-0.102362 1.000394 -0.102362 1.000394
-0.061417 1.000394 -0.061417 1.000394
-0.020472 1.000394 -0.020472 1.000394
0.020472 1.000394 0.020472 1.000394
0.061417 1.000394 0.061417 1.000394
0.102362 1.000394 0.102362 1.000394
0.143307 1.000394 0.143307 1.000394
0.184252 1.000394 0.184252 1.000394
0.225197 1.000394 0.225197 1.000394
0.266142 1.000394 0.266142 1.000394
0.307087 1.000394 0.307087 1.000394
0.348031 1.000394 0.348031 1.000394
0.388976 1.000394 0.388976 1.000394
0.429921 1.000394 0.429921 1.000394
0.470866 1.000394 0.470866 1.000394
0.511811 1.000394 0.511811 1.000394
0.552756 1.000394 0.552756 1.000394
0.593701 1.000394 0.593701 1.000394
0.634646 1.000394 0.634646 1.000394
0.675591 1.000394 0.675591 1.000394
0.716535 1.000394 0.716535 1.000394
0.757480 1.000394 0.757480 1.000394
0.798425 1.000394 0.798425 1.000394
0.839370 1.000394 0.839370 1.000394
0.880315 1.000394 0.880315 1.000394
0.921260 1.000394 0.921260 1.000394
0.962205 1.000394 0.962205 1.000394
1.003150 1.000394 1.003150 1.000394
1.044094 1.000394 1.044094 1.000394
1.085039 1.000394 1.085039 1.000394
1.125984 1.000394 1.125984 1.000394
1.166929 1.000394 1.166929 1.000394
1.207874 1.000394 1.207874 1.000394
1.248819 1.000394 1.248819 1.000394
1.289764 1.000394 1.289764 1.000394
1.330709 1.000394 1.330709 1.000394
1.371654 1.000394 1.371654 1.000394
1.412598 1.000394 1.412598 1.000394
1.453543 1.000394 1.453543 1.000394
1.494488 1.000394 1.494488 1.000394
1.535433 1.000394 1.535433 1.000394
1.576378 1.000394 1.576378 1.000394
1.617323 1.000394 1.617323 1.000394
1.658268 1.000394 1.658268 1.000394
1.699213 1.000394 1.699213 1.000394
1.740157 1.000394 1.740157 1.000394
1.781102 1.000394 1.781102 1.000394
1.822047 1.000394 1.822047 1.000394
1.862992 1.000394 1.862992 1.000394
1.903937 1.000394 1.903937 1.000394
1.944882 1.000394 1.944882 1.000394
1.985827 1.000394 1.985827 1.000394
2.026772 1.000394 2.026772 1.000394
2.067717 1.000394 2.067717 1.000394
2.108661 1.000394 2.108661 1.000394
2.149606 1.000394 2.149606 1.000394
2.190551 1.000394 2.190551 1.000394
2.231496 1.000394 2.231496 1.000394
2.272441 1.000394 2.272441 1.000394
2.313386 1.000394 2.313386 1.000394
2.354331 1.000394 2.354331 1.000394
2.395276 1.000394 2.395276 1.000394
2.436220 1.000394 2.436220 1.000394
2.477165 1.000394 2.477165 1.000394
2.518110 1.000394 2.518110 1.000394
2.559055 1.000394 2.559055 1.000394
2.600000 1.000394 2.600000 1.000394
-2.600000 1.016929 -2.600000 1.016929
-2.559055 1.016929 -2.559055 1.016929
-2.518110 1.016929 -2.518110 1.016929
-2.477165 1.016929 -2.477165 1.016929
-2.436220 1.016929 -2.436220 1.016929
-2.395276 1.016929 -2.395276 1.016929
-2.354331 1.016929 -2.354331 1.016929
-2.313386 1.016929 -2.313386 1.016929
-2.272441 1.016929 -2.272441 1.016929
-2.231496 1.016929 -2.231496 1.016929
-2.190551 1.016929 -2.190551 1.016929
-2.149606 1.016929 -2.149606 1.016929
-2.108661 1.016929 -2.108661 1.016929
-2.067717 1.016929 -2.067717 1.016929
-2.026772 1.016929 -2.026772 1.016929
-1.985827 1.016929 -1.985827 1.016929
-1.944882 1.016929 -1.944882 1.016929
-1.903937 1.016929 -1.903937 1.016929
-1.862992 1.016929 -1.862992 1.016929
-1.822047 1.016929 -1.822047 1.016929
-1.781102 1.016929 -1.781102 1.016929
-1.740157 1.016929 -1.740157 1.016929
-1.699213 1.016929 -1.699213 1.016929
-1.658268 1.016929 -1.658268 1.016929
-1.617323 1.016929 -1.617323 1.016929
-1.576378 1.016929 -1.576378 1.016929
-1.535433 1.016929 -1.535433 1.016929
-1.494488 1.016929 -1.494488 1.016929
-1.453543 1.016929 -1.453543 1.016929
-1.412598 1.016929 -1.412598 1.016929
-1.371654 1.016929 -1.371654 1.016929
-1.330709 1.016929 -1.330709 1.016929
-1.289764 1.016929 -1.289764 1.016929
-1.248819 1.016929 -1.248819 1.016929
-1.207874 1.016929 -1.207874 1.016929
-1.166929 1.016929 -1.166929 1.016929
-1.125984 1.016929 -1.125984 1.016929
-1.085039 1.016929 -1.085039 1.016929
-1.044094 1.016929 -1.044094 1.016929
-1.003150 1.016929 -1.003150 1.016929
-0.962205 1.016929 -0.962205 1.016929
-0.921260 1.016929 -0.921260 1.016929
-0.880315 1.016929 -0.880315 1.016929
-0.839370 1.016929 -0.839370 1.016929
-0.798425 1.016929 -0.798425 1.016929
-0.757480 1.016929 -0.757480 1.016929
-0.716535 1.016929 -0.716535 1.016929
-0.675591 1.016929 -0.675591 1.016929
-0.634646 1.016929 -0.634646 1.016929
-0.593701 1.016929 -0.593701 1.016929
-0.552756 1.016929 -0.552756 1.016929
-0.511811 1.016929 -0.511811 1.016929
-0.470866 1.016929 -0.470866 1.016929
-0.429921 1.016929 -0.429921 1.016929
-0.388976 1.016929 -0.388976 1.016929
-0.348031 1.016929 -0.348031 1.016929
-0.307087 1.016929 -0.307087 1.016929
-0.266142 1.016929 -0.266142 1.016929
-0.225197 1.016929 -0.225197 1.016929
-0.184252 1.016929 -0.184252 1.016929
-0.143307 1.016929 -0.143307 1.016929
-0.102362 1.016929 -0.102362 1.016929
-0.061417 1.016929 -0.061417 1.016929
-0.020472 1.016929 -0.020472 1.016929
0.020472 1.016929 0.020472 1.016929
0.061417 1.016929 0.061417 1.016929
0.102362 1.016929 0.102362 1.016929
0.143307 1.016929 0.143307 1.016929
0.184252 1.016929 0.184252 1.016929
0.225197 1.016929 0.225197 1.016929
0.266142 1.016929 0.266142 1.016929
0.307087 1.016929 0.307087 1.016929
0.348031 1.016929 0.348031 1.016929
0.388976 1.016929 0.388976 1.016929
0.429921 1.016929 0.429921 1.016929
0.470866 1.016929 0.470866 1.016929
0.511811 1.016929 0.511811 1.016929
0.552756 1.016929 0.552756 1.016929
0.593701 1.016929 0.593701 1.016929
0.634646 1.016929 0.634646 1.016929
0.675591 1.016929 0.675591 1.016929
0.716535 1.016929 0.716535 1.016929
0.757480 1.016929 0.757480 1.016929
0.798425 1.016929 0.798425 1.016929
0.839370 1.016929 0.839370 1.016929
0.880315 1.016929 0.880315 1.016929
0.921260 1.016929 0.921260 1.016929
0.962205 1.016929 0.962205 1.016929
1.003150 1.016929 1.003150 1.016929
1.044094 1.016929 1.044094 1.016929
1.085039 1.016929 1.085039 1.016929
1.125984 1.016929 1.125984 1.016929
1.166929 1.016929 1.166929 1.016929
1.207874 1.016929 1.207874 1.016929
1.248819 1.016929 1.248819 1.016929
1.289764 1.016929 1.289764 1.016929
1.330709 1.016929 1.330709 1.016929
1.371654 1.016929 1.371654 1.016929
1.412598 1.016929 1.412598 1.016929
1.453543 1.016929 1.453543 1.016929
1.494488 1.016929 1.494488 1.016929
1.535433 1.016929 1.535433 1.016929
1.576378 1.016929 1.576378 1.016929
1.617323 1.016929 1.617323 1.016929
1.658268 1.016929 1.658268 1.016929
1.699213 1.016929 1.699213 1.016929
1.740157 1.016929 1.740157 1.016929
1.781102 1.016929 1.781102 1.016929
1.822047 1.016929 1.822047 1.016929
1.862992 1.016929 1.862992 1.016929
1.903937 1.016929 1.903937 1.016929
1.944882 1.016929 1.944882 1.016929
1.985827 1.016929 1.985827 1.016929
2.026772 1.016929 2.026772 1.016929
2.067717 1.016929 2.067717 1.016929
2.108661 1.016929 2.108661 1.016929
2.149606 1.016929 2.149606 1.016929
2.190551 1.016929 2.190551 1.016929
2.231496 1.016929 2.231496 1.016929
2.272441 1.016929 2.272441 1.016929
2.313386 1.016929 2.313386 1.016929
2.354331 1.016929 2.354331 1.016929
2.395276 1.016929 2.395276 1.016929
2.436220 1.016929 2.436220 1.016929
2.477165 1.016929 2.477165 1.016929
2.518110 1.016929 2.518110 1.016929
2.559055 1.016929 2.559055 1.016929
2.600000 1.016929 2.600000 1.016929
-2.600000 1.033465 -2.600000 1.033465
-2.559055 1.033465 -2.559055 1.033465
-2.518110 1.033465 -2.518110 1.033465
-2.477165 1.033465 -2.477165 1.033465
-2.436220 1.033465 -2.436220 1.033465
-2.395276 1.033465 -2.395276 1.033465
-2.354331 1.033465 -2.354331 1.033465
-2.313386 1.033465 -2.313386 1.033465
-2.272441 1.033465 -2.272441 1.033465
-2.231496 1.033465 -2.231496 1.033465
-2.190551 1.033465 -2.190551 1.033465
-2.149606 1.033465 -2.149606 1.033465
-2.108661 1.033465 -2.108661 1.033465
-2.067717 1.033465 -2.067717 1.033465
-2.026772 1.033465 -2.026772 1.033465
-1.985827 1.033465 -1.985827 1.033465
-1.944882 1.033465 -1.944882 1.033465
-1.903937 1.033465 -1.903937 1.033465
-1.862992 1.033465 -1.862992 1.033465
-1.822047 1.033465 -1.822047 1.033465
-1.781102 1.033465 -1.781102 1.033465
-1.740157 1.033465 -1.740157 1.033465
-1.699213 1.033465 -1.699213 1.033465
-1.658268 1.033465 -1.658268 1.033465
-1.617323 1.033465 -1.617323 1.033465
-1.576378 1.033465 -1.576378 1.033465
-1.535433 1.033465 -1.535433 1.033465
-1.494488 1.033465 -1.494488 1.033465
-1.453543 1.033465 -1.453543 1.033465
-1.412598 1.033465 -1.412598 1.033465
-1.371654 1.033465 -1.371654 1.033465
-1.330709 1.033465 -1.330709 1.033465
-1.289764 1.033465 -1.289764 1.033465
-1.248819 1.033465 -1.248819 1.033465
-1.207874 1.033465 -1.207874 1.033465
-1.166929 1.033465 -1.166929 1.033465
-1.125984 1.033465 -1.125984 1.033465
-1.085039 1.033465 -1.085039 1.033465
-1.044094 1.033465 -1.044094 1.033465
-1.003150 1.033465 -1.003150 1.033465
-0.962205 1.033465 -0.962205 1.033465
-0.921260 1.033465 -0.921260 1.033465
-0.880315 1.033465 -0.880315 1.033465
-0.839370 1.033465 -0.839370 1.033465
-0.798425 1.033465 -0.798425 1.033465
-0.757480 1.033465 -0.757480 1.033465
-0.716535 1.033465 -0.716535 1.033465
-0.675591 1.033465 -0.675591 1.033465
-0.634646 1.033465 -0.634646 1.033465
-0.593701 1.033465 -0.593701 1.033465
-0.552756 1.033465 -0.552756 1.033465
-0.511811 1.033465 -0.511811 1.033465
-0.470866 1.033465 -0.470866 1.033465
-0.429921 1.033465 -0.429921 1.033465
-0.388976 1.033465 -0.388976 1.033465
-0.348031 1.033465 -0.348031 1.033465
-0.307087 1.033465 -0.307087 1.033465
-0.266142 1.033465 -0.266142 1.033465
-0.225197 1.033465 -0.225197 1.033465
-0.184252 1.033465 -0.184252 1.033465
-0.143307 1.033465 -0.143307 1.033465
-0.102362 1.033465 -0.102362 1.033465
-0.061417 1.033465 -0.061417 1.033465
-0.020472 1.033465 -0.020472 1.033465
0.020472 1.033465 0.020472 1.033465
0.061417 1.033465 0.061417 1.033465
0.102362 1.033465 0.102362 1.033465
0.143307 1.033465 0.143307 1.033465
0.184252 1.033465 0.184252 1.033465
0.225197 1.033465 0.225197 1.033465
0.266142 1.033465 0.266142 1.033465
0.307087 1.033465 0.307087 1.033465
0.348031 1.033465 0.348031 1.033465
0.388976 1.033465 0.388976 1.033465
0.429921 1.033465 0.429921 1.033465
0.470866 1.033465 0.470866 1.033465
0.511811 1.033465 0.511811 1.033465
0.552756 1.033465 0.552756 1.033465
0.593701 1.033465 0.593701 1.033465
0.634646 1.033465 0.634646 1.033465
0.675591 1.033465 0.675591 1.033465
0.716535 1.033465 0.716535 1.033465
0.757480 1.033465 0.757480 1.033465
0.798425 1.033465 0.798425 1.033465
0.839370 1.033465 0.839370 1.033465
0.880315 1.033465 0.880315 1.033465
0.921260 1.033465 0.921260 1.033465
0.962205 1.033465 0.962205 1.033465
1.003150 1.033465 1.003150 1.033465
1.044094 1.033465 1.044094 1.033465
1.085039 1.033465 1.085039 1.033465
1.125984 1.033465 1.125984 1.033465
1.166929 1.033465 1.166929 1.033465
1.207874 1.033465 1.207874 1.033465
1.248819 1.033465 1.248819 1.033465
1.289764 1.033465 1.289764 1.033465
1.330709 1.033465 1.330709 1.033465
1.371654 1.033465 1.371654 1.033465
1.412598 1.033465 1.412598 1.033465
1.453543 1.033465 1.453543 1.033465
1.494488 1.033465 1.494488 1.033465
1.535433 1.033465 1.535433 1.033465
1.576378 1.033465 1.576378 1.033465
1.617323 1.033465 1.617323 1.033465
1.658268 1.033465 1.658268 1.033465
1.699213 1.033465 1.699213 1.033465
1.740157 1.033465 1.740157 1.033465
1.781102 1.033465 1.781102 1.033465
1.822047 1.033465 1.822047 1.033465
1.862992 1.033465 1.862992 1.033465
1.903937 1.033465 1.903937 1.033465
1.944882 1.033465 1.944882 1.033465
1.985827 1.033465 1.985827 1.033465
2.026772 1.033465 2.026772 1.033465
2.067717 1.033465 2.067717 1.033465
2.108661 1.033465 2.108661 1.033465
2.149606 1.033465 2.149606 1.033465
2.190551 1.033465 2.190551 1.033465
2.231496 1.033465 2.231496 1.033465
2.272441 1.033465 2.272441 1.033465
2.313386 1.033465 2.313386 1.033465
2.354331 1.033465 2.354331 1.033465
2.395276 1.033465 2.395276 1.033465
2.436220 1.033465 2.436220 1.033465
2.477165 1.033465 2.477165 1.033465
2.518110 1.033465 2.518110 1.033465
2.559055 1.033465 2.559055 1.033465
2.600000 1.033465 2.600000 1.033465
-2.600000 1.050000 -2.600000 1.050000
-2.559055 1.050000 -2.559055 1.050000
-2.518110 1.050000 -2.518110 1.050000
-2.477165 1.050000 -2.477165 1.050000
-2.436220 1.050000 -2.436220 1.050000
-2.395276 1.050000 -2.395276 1.050000
-2.354331 1.050000 -2.354331 1.050000
-2.313386 1.050000 -2.313386 1.050000
-2.272441 1.050000 -2.272441 1.050000
-2.231496 1.050000 -2.231496 1.050000
-2.190551 1.050000 -2.190551 1.050000
-2.149606 1.050000 -2.149606 1.050000
-2.108661 1.050000 -2.108661 1.050000
-2.067717 1.050000 -2.067717 1.050000
-2.026772 1.050000 -2.026772 1.050000
-1.985827 1.050000 -1.985827 1.050000
-1.944882 1.050000 -1.944882 1.050000
-1.903937 1.050000 -1.903937 1.050000
-1.862992 1.050000 -1.862992 1.050000
-1.822047 1.050000 -1.822047 1.050000
-1.781102 1.050000 -1.781102 1.050000
-1.740157 1.050000 -1.740157 1.050000
-1.699213 1.050000 -1.699213 1.050000
-1.658268 1.050000 -1.658268 1.050000
-1.617323 1.050000 -1.617323 1.050000
-1.576378 1.050000 -1.576378 1.050000
-1.535433 1.050000 -1.535433 1.050000
-1.494488 1.050000 -1.494488 1.050000
-1.453543 1.050000 -1.453543 1.050000
-1.412598 1.050000 -1.412598 1.050000
-1.371654 1.050000 -1.371654 1.050000
-1.330709 1.050000 -1.330709 1.050000
-1.289764 1.050000 -1.289764 1.050000
-1.248819 1.050000 -1.248819 1.050000
-1.207874 1.050000 -1.207874 1.050000
-1.166929 1.050000 -1.166929 1.050000
-1.125984 1.050000 -1.125984 1.050000
-1.085039 1.050000 -1.085039 1.050000
-1.044094 1.050000 -1.044094 1.050000
-1.003150 1.050000 -1.003150 1.050000
-0.962205 1.050000 -0.962205 1.050000
-0.921260 1.050000 -0.921260 1.050000
-0.880315 1.050000 -0.880315 1.050000
-0.839370 1.050000 -0.839370 1.050000
-0.798425 1.050000 -0.798425 1.050000
-0.757480 1.050000 -0.757480 1.050000
-0.716535 1.050000 -0.716535 1.050000
-0.675591 1.050000 -0.675591 1.050000
-0.634646 1.050000 -0.634646 1.050000
-0.593701 1.050000 -0.593701 1.050000
-0.552756 1.050000 -0.552756 1.050000
-0.511811 1.050000 -0.511811 1.050000
-0.470866 1.050000 -0.470866 1.050000
-0.429921 1.050000 -0.429921 1.050000
-0.388976 1.050000 -0.388976 1.050000
-0.348031 1.050000 -0.348031 1.050000
-0.307087 1.050000 -0.307087 1.050000
-0.266142 1.050000 -0.266142 1.050000
-0.225197 1.050000 -0.225197 1.050000
-0.184252 1.050000 -0.184252 1.050000
-0.143307 1.050000 -0.143307 1.050000
-0.102362 1.050000 -0.102362 1.050000
-0.061417 1.050000 -0.061417 1.050000
-0.020472 1.050000 -0.020472 1.050000
0.020472 1.050000 0.020472 1.050000
0.061417 1.050000 0.061417 1.050000
0.102362 1.050000 0.102362 1.050000
0.143307 1.050000 0.143307 1.050000
0.184252 1.050000 0.184252 1.050000
0.225197 1.050000 0.225197 1.050000
0.266142 1.050000 0.266142 1.050000
0.307087 1.050000 0.307087 1.050000
0.348031 1.050000 0.348031 1.050000
0.388976 1.050000 0.388976 1.050000
0.429921 1.050000 0.429921 1.050000
0.470866 1.050000 0.470866 1.050000
0.511811 1.050000 0.511811 1.050000
0.552756 1.050000 0.552756 1.050000
0.593701 1.050000 0.593701 1.050000
0.634646 1.050000 0.634646 1.050000
0.675591 1.050000 0.675591 1.050000
0.716535 1.050000 0.716535 1.050000
0.757480 1.050000 0.757480 1.050000
0.798425 1.050000 0.798425 1.050000
0.839370 1.050000 0.839370 1.050000
0.880315 1.050000 0.880315 1.050000
0.921260 1.050000 0.921260 1.050000
0.962205 1.050000 0.962205 1.050000
1.003150 1.050000 1.003150 1.050000
1.044094 1.050000 1.044094 1.050000
1.085039 1.050000 1.085039 1.050000
1.125984 1.050000 1.125984 1.050000
1.166929 1.050000 1.166929 1.050000
1.207874 1.050000 1.207874 1.050000
1.248819 1.050000 1.248819 1.050000
1.289764 1.050000 1.289764 1.050000
1.330709 1.050000 1.330709 1.050000
1.371654 1.050000 1.371654 1.050000
1.412598 1.050000 1.412598 1.050000
1.453543 1.050000 1.453543 1.050000
1.494488 1.050000 1.494488 1.050000
1.535433 1.050000 1.535433 1.050000
1.576378 1.050000 1.576378 1.050000
1.617323 1.050000 1.617323 1.050000
1.658268 1.050000 1.658268 1.050000
1.699213 1.050000 1.699213 1.050000
1.740157 1.050000 1.740157 1.050000
1.781102 1.050000 1.781102 1.050000
1.822047 1.050000 1.822047 1.050000
1.862992 1.050000 1.862992 1.050000
1.903937 1.050000 1.903937 1.050000
1.944882 1.050000 1.944882 1.050000
1.985827 1.050000 1.985827 1.050000
2.026772 1.050000 2.026772 1.050000
2.067717 1.050000 2.067717 1.050000
2.108661 1.050000 2.108661 1.050000
2.149606 1.050000 2.149606 1.050000
2.190551 1.050000 2.190551 1.050000
2.231496 1.050000 2.231496 1.050000
2.272441 1.050000 2.272441 1.050000
2.313386 1.050000 2.313386 1.050000
2.354331 1.050000 2.354331 1.050000
2.395276 1.050000 2.395276 1.050000
2.436220 1.050000 2.436220 1.050000
2.477165 1.050000 2.477165 1.050000
2.518110 1.050000 2.518110 1.050000
2.559055 1.050000 2.559055 1.050000
2.600000 1.050000 2.600000 1.050000
